timestamp,commit_hash,pr_number,kind,name,value
2026-08-24T15:54:26Z,7dace2ea9c954e45304ea9674c5ed127c76ef90e,6858,size_in_bytes,bin/generate_cached_generic_functions.exe,71746792
2026-08-24T15:54:26Z,7dace2ea9c954e45304ea9674c5ed127c76ef90e,6858,size_in_bytes,bin/ocamlopt.opt,84805640
2026-08-24T15:54:26Z,7dace2ea9c954e45304ea9674c5ed127c76ef90e,6858,size_in_bytes,bin/dumpobj.opt,9278968
2026-08-24T15:54:26Z,7dace2ea9c954e45304ea9674c5ed127c76ef90e,6858,size_in_bytes,bin/ocamlmktop.opt,37008744
2026-08-24T15:54:26Z,7dace2ea9c954e45304ea9674c5ed127c76ef90e,6858,size_in_bytes,bin/extract_externals.opt,37110928
2026-08-24T15:54:26Z,7dace2ea9c954e45304ea9674c5ed127c76ef90e,6858,size_in_bytes,bin/ocamldoc.opt,50338320
2026-08-24T15:54:26Z,7dace2ea9c954e45304ea9674c5ed127c76ef90e,6858,size_in_bytes,bin/ocamldep.opt,37007680
2026-08-24T15:54:26Z,7dace2ea9c954e45304ea9674c5ed127c76ef90e,6858,size_in_bytes,bin/ocamlmklib.opt,37049072
2026-08-24T15:54:26Z,7dace2ea9c954e45304ea9674c5ed127c76ef90e,6858,size_in_bytes,bin/ocamlc.opt,37798040
2026-08-24T15:54:26Z,7dace2ea9c954e45304ea9674c5ed127c76ef90e,6858,size_in_bytes,bin/ocamlj.opt,74254616
2026-08-24T15:54:26Z,7dace2ea9c954e45304ea9674c5ed127c76ef90e,6858,size_in_bytes,bin/ocamlobjinfo.opt,61122096
2026-08-24T15:54:26Z,7dace2ea9c954e45304ea9674c5ed127c76ef90e,6858,size_in_bytes,bin/ocamllex.opt,4915432
2026-08-24T15:54:26Z,7dace2ea9c954e45304ea9674c5ed127c76ef90e,6858,size_in_bytes,lib/ocaml/libeval_stubs.a,5060
2026-08-24T15:54:26Z,7dace2ea9c954e45304ea9674c5ed127c76ef90e,6858,size_in_bytes,lib/ocaml/libthreadsnat_stubs.a,121268
2026-08-24T15:54:26Z,7dace2ea9c954e45304ea9674c5ed127c76ef90e,6858,size_in_bytes,lib/ocaml/libasmrun.a,5842328
2026-08-24T15:54:26Z,7dace2ea9c954e45304ea9674c5ed127c76ef90e,6858,size_in_bytes,lib/ocaml/libasmruni.a,5843744
2026-08-24T15:54:26Z,7dace2ea9c954e45304ea9674c5ed127c76ef90e,6858,size_in_bytes,lib/ocaml/libcamlruni.a,5854118
2026-08-24T15:54:26Z,7dace2ea9c954e45304ea9674c5ed127c76ef90e,6858,size_in_bytes,lib/ocaml/libasmrund.a,6341572
2026-08-24T15:54:26Z,7dace2ea9c954e45304ea9674c5ed127c76ef90e,6858,size_in_bytes,lib/ocaml/libthreadsnat_stubs_native.a,121268
2026-08-24T15:54:26Z,7dace2ea9c954e45304ea9674c5ed127c76ef90e,6858,size_in_bytes,lib/ocaml/libunix_stubs_native.a,1320428
2026-08-24T15:54:26Z,7dace2ea9c954e45304ea9674c5ed127c76ef90e,6858,size_in_bytes,lib/ocaml/eval.a,49300
2026-08-24T15:54:26Z,7dace2ea9c954e45304ea9674c5ed127c76ef90e,6858,size_in_bytes,lib/ocaml/stdlib.a,5687484
2026-08-24T15:54:26Z,7dace2ea9c954e45304ea9674c5ed127c76ef90e,6858,size_in_bytes,lib/ocaml/libasmrun_pic.a,5401454
2026-08-24T15:54:26Z,7dace2ea9c954e45304ea9674c5ed127c76ef90e,6858,size_in_bytes,lib/ocaml/libstr_stubs_native.a,47218
2026-08-24T15:54:26Z,7dace2ea9c954e45304ea9674c5ed127c76ef90e,6858,size_in_bytes,lib/ocaml/libcamlrun_pic.a,5407998
2026-08-24T15:54:26Z,7dace2ea9c954e45304ea9674c5ed127c76ef90e,6858,size_in_bytes,lib/ocaml/libthreads_stubs.a,122156
2026-08-24T15:54:26Z,7dace2ea9c954e45304ea9674c5ed127c76ef90e,6858,size_in_bytes,lib/ocaml/libruntime_events_stubs_native.a,137632
2026-08-24T15:54:26Z,7dace2ea9c954e45304ea9674c5ed127c76ef90e,6858,size_in_bytes,lib/ocaml/libcamlrun.a,5852884
2026-08-24T15:54:26Z,7dace2ea9c954e45304ea9674c5ed127c76ef90e,6858,size_in_bytes,lib/ocaml/libcamlrund.a,6418332
2026-08-24T15:54:26Z,7dace2ea9c954e45304ea9674c5ed127c76ef90e,6858,size_in_bytes,lib/ocaml/stdlib_stable/stdlib_stable.a,433756
2026-08-24T15:54:26Z,7dace2ea9c954e45304ea9674c5ed127c76ef90e,6858,size_in_bytes,lib/ocaml/ocaml-jit/libjit_stubs.a,43806
2026-08-24T15:54:26Z,7dace2ea9c954e45304ea9674c5ed127c76ef90e,6858,size_in_bytes,lib/ocaml/ocaml-jit/jit.a,277402
2026-08-24T15:54:26Z,7dace2ea9c954e45304ea9674c5ed127c76ef90e,6858,size_in_bytes,lib/ocaml/dynlink/dynlink.a,35655040
2026-08-24T15:54:26Z,7dace2ea9c954e45304ea9674c5ed127c76ef90e,6858,size_in_bytes,lib/ocaml/threads/threads.a,124730
2026-08-24T15:54:26Z,7dace2ea9c954e45304ea9674c5ed127c76ef90e,6858,size_in_bytes,lib/ocaml/runtime_events/runtime_events.a,49688
2026-08-24T15:54:26Z,7dace2ea9c954e45304ea9674c5ed127c76ef90e,6858,size_in_bytes,lib/ocaml/runtime_events/libruntime_events_stubs.a,137632
2026-08-24T15:54:26Z,7dace2ea9c954e45304ea9674c5ed127c76ef90e,6858,size_in_bytes,lib/ocaml/unix/libunix_stubs.a,1320428
2026-08-24T15:54:26Z,7dace2ea9c954e45304ea9674c5ed127c76ef90e,6858,size_in_bytes,lib/ocaml/unix/unix.a,322190
2026-08-24T15:54:26Z,7dace2ea9c954e45304ea9674c5ed127c76ef90e,6858,size_in_bytes,lib/ocaml/str/str.a,175352
2026-08-24T15:54:26Z,7dace2ea9c954e45304ea9674c5ed127c76ef90e,6858,size_in_bytes,lib/ocaml/str/libstr_stubs.a,47218
2026-08-24T15:54:26Z,7dace2ea9c954e45304ea9674c5ed127c76ef90e,6858,size_in_bytes,lib/ocaml/stdlib_beta/stdlib_beta.a,4486
2026-08-24T15:54:26Z,7dace2ea9c954e45304ea9674c5ed127c76ef90e,6858,size_in_bytes,lib/ocaml/compiler-libs/ocamlfrontend.a,34772128
2026-08-24T15:54:26Z,7dace2ea9c954e45304ea9674c5ed127c76ef90e,6858,size_in_bytes,lib/ocaml/compiler-libs/libflambda2_algorithms_stubs_native.a,5546
2026-08-24T15:54:26Z,7dace2ea9c954e45304ea9674c5ed127c76ef90e,6858,size_in_bytes,lib/ocaml/compiler-libs/libflambda2_floats_stubs.a,44246
2026-08-24T15:54:26Z,7dace2ea9c954e45304ea9674c5ed127c76ef90e,6858,size_in_bytes,lib/ocaml/compiler-libs/ocamloptcomp.a,79215534
2026-08-24T15:54:26Z,7dace2ea9c954e45304ea9674c5ed127c76ef90e,6858,size_in_bytes,lib/ocaml/compiler-libs/libflambda2_floats_stubs_native.a,44246
2026-08-24T15:54:26Z,7dace2ea9c954e45304ea9674c5ed127c76ef90e,6858,size_in_bytes,lib/ocaml/compiler-libs/libcompiler_owee_stubs_native.a,16932
2026-08-24T15:54:26Z,7dace2ea9c954e45304ea9674c5ed127c76ef90e,6858,size_in_bytes,lib/ocaml/compiler-libs/libgc_timings_stubs_native.a,22758
2026-08-24T15:54:26Z,7dace2ea9c954e45304ea9674c5ed127c76ef90e,6858,size_in_bytes,lib/ocaml/compiler-libs/libcompiler_owee_stubs.a,16932
2026-08-24T15:54:26Z,7dace2ea9c954e45304ea9674c5ed127c76ef90e,6858,size_in_bytes,lib/ocaml/compiler-libs/libgc_timings_stubs.a,22758
2026-08-24T15:54:26Z,7dace2ea9c954e45304ea9674c5ed127c76ef90e,6858,size_in_bytes,lib/ocaml/compiler-libs/ocamlcommon.a,15287700
2026-08-24T15:54:26Z,7dace2ea9c954e45304ea9674c5ed127c76ef90e,6858,size_in_bytes,lib/ocaml/compiler-libs/ocamlbytecomp.a,1352918
2026-08-24T15:54:26Z,7dace2ea9c954e45304ea9674c5ed127c76ef90e,6858,size_in_bytes,lib/ocaml/compiler-libs/libflambda2_algorithms_stubs.a,5546
2026-08-24T15:54:26Z,7dace2ea9c954e45304ea9674c5ed127c76ef90e,6858,size_in_bytes,lib/ocaml/compiler-libs/ocamlopttoplevel.a,939368
2026-08-24T15:54:26Z,7dace2ea9c954e45304ea9674c5ed127c76ef90e,6858,size_in_bytes,lib/ocaml/stdlib_alpha/stdlib_alpha.a,4502
2026-08-24T15:54:26Z,7dace2ea9c954e45304ea9674c5ed127c76ef90e,6858,size_in_bytes,lib/ocaml/stdlib_upstream_compatible/stdlib_upstream_compatible.a,171294
2026-08-24T15:54:26Z,7dace2ea9c954e45304ea9674c5ed127c76ef90e,6858,size_in_bytes,lib/ocaml/stdlib.cmxa,17822
2026-08-24T15:54:26Z,7dace2ea9c954e45304ea9674c5ed127c76ef90e,6858,size_in_bytes,lib/ocaml/eval.cmxa,12516
2026-08-24T15:54:26Z,7dace2ea9c954e45304ea9674c5ed127c76ef90e,6858,size_in_bytes,lib/ocaml/stdlib_stable/stdlib_stable.cmxa,3958
2026-08-24T15:54:26Z,7dace2ea9c954e45304ea9674c5ed127c76ef90e,6858,size_in_bytes,lib/ocaml/ocaml-jit/jit.cmxa,16851
2026-08-24T15:54:26Z,7dace2ea9c954e45304ea9674c5ed127c76ef90e,6858,size_in_bytes,lib/ocaml/dynlink/dynlink.cmxa,26340
2026-08-24T15:54:26Z,7dace2ea9c954e45304ea9674c5ed127c76ef90e,6858,size_in_bytes,lib/ocaml/threads/threads.cmxa,2223
2026-08-24T15:54:26Z,7dace2ea9c954e45304ea9674c5ed127c76ef90e,6858,size_in_bytes,lib/ocaml/runtime_events/runtime_events.cmxa,1255
2026-08-24T15:54:26Z,7dace2ea9c954e45304ea9674c5ed127c76ef90e,6858,size_in_bytes,lib/ocaml/unix/unix.cmxa,4534
2026-08-24T15:54:26Z,7dace2ea9c954e45304ea9674c5ed127c76ef90e,6858,size_in_bytes,lib/ocaml/str/str.cmxa,1126
2026-08-24T15:54:26Z,7dace2ea9c954e45304ea9674c5ed127c76ef90e,6858,size_in_bytes,lib/ocaml/stdlib_beta/stdlib_beta.cmxa,232
2026-08-24T15:54:26Z,7dace2ea9c954e45304ea9674c5ed127c76ef90e,6858,size_in_bytes,lib/ocaml/compiler-libs/ocamlcommon.cmxa,12414
2026-08-24T15:54:26Z,7dace2ea9c954e45304ea9674c5ed127c76ef90e,6858,size_in_bytes,lib/ocaml/compiler-libs/ocamlopttoplevel.cmxa,20012
2026-08-24T15:54:26Z,7dace2ea9c954e45304ea9674c5ed127c76ef90e,6858,size_in_bytes,lib/ocaml/compiler-libs/ocamlfrontend.cmxa,25233
2026-08-24T15:54:26Z,7dace2ea9c954e45304ea9674c5ed127c76ef90e,6858,size_in_bytes,lib/ocaml/compiler-libs/ocamlbytecomp.cmxa,9247
2026-08-24T15:54:26Z,7dace2ea9c954e45304ea9674c5ed127c76ef90e,6858,size_in_bytes,lib/ocaml/compiler-libs/ocamloptcomp.cmxa,200169
2026-08-24T15:54:26Z,7dace2ea9c954e45304ea9674c5ed127c76ef90e,6858,size_in_bytes,lib/ocaml/stdlib_alpha/stdlib_alpha.cmxa,234
2026-08-24T15:54:26Z,7dace2ea9c954e45304ea9674c5ed127c76ef90e,6858,size_in_bytes,lib/ocaml/stdlib_upstream_compatible/stdlib_upstream_compatible.cmxa,1441
2026-08-24T15:54:26Z,7dace2ea9c954e45304ea9674c5ed127c76ef90e,6858,size_in_bytes,lib/ocaml/stdlib.cma,12089985
2026-08-24T15:54:26Z,7dace2ea9c954e45304ea9674c5ed127c76ef90e,6858,size_in_bytes,lib/ocaml/eval.cma,57263
2026-08-24T15:54:26Z,7dace2ea9c954e45304ea9674c5ed127c76ef90e,6858,size_in_bytes,lib/ocaml/stdlib_stable/stdlib_stable.cma,933662
2026-08-24T15:54:26Z,7dace2ea9c954e45304ea9674c5ed127c76ef90e,6858,size_in_bytes,lib/ocaml/ocaml-jit/jit.cma,758848
2026-08-24T15:54:26Z,7dace2ea9c954e45304ea9674c5ed127c76ef90e,6858,size_in_bytes,lib/ocaml/dynlink/dynlink.cma,67576449
2026-08-24T15:54:26Z,7dace2ea9c954e45304ea9674c5ed127c76ef90e,6858,size_in_bytes,lib/ocaml/threads/threads.cma,180886
2026-08-24T15:54:26Z,7dace2ea9c954e45304ea9674c5ed127c76ef90e,6858,size_in_bytes,lib/ocaml/runtime_events/runtime_events.cma,79487
2026-08-24T15:54:26Z,7dace2ea9c954e45304ea9674c5ed127c76ef90e,6858,size_in_bytes,lib/ocaml/unix/unix.cma,429292
2026-08-24T15:54:26Z,7dace2ea9c954e45304ea9674c5ed127c76ef90e,6858,size_in_bytes,lib/ocaml/str/str.cma,297682
2026-08-24T15:54:26Z,7dace2ea9c954e45304ea9674c5ed127c76ef90e,6858,size_in_bytes,lib/ocaml/stdlib_beta/stdlib_beta.cma,11430
2026-08-24T15:54:26Z,7dace2ea9c954e45304ea9674c5ed127c76ef90e,6858,size_in_bytes,lib/ocaml/compiler-libs/ocamlbytecomp.cma,1625744
2026-08-24T15:54:26Z,7dace2ea9c954e45304ea9674c5ed127c76ef90e,6858,size_in_bytes,lib/ocaml/compiler-libs/ocamltoplevel.cma,1088103
2026-08-24T15:54:26Z,7dace2ea9c954e45304ea9674c5ed127c76ef90e,6858,size_in_bytes,lib/ocaml/compiler-libs/ocamlcommon.cma,42933588
2026-08-24T15:54:26Z,7dace2ea9c954e45304ea9674c5ed127c76ef90e,6858,size_in_bytes,lib/ocaml/compiler-libs/ocamlfrontend.cma,50919039
2026-08-24T15:54:26Z,7dace2ea9c954e45304ea9674c5ed127c76ef90e,6858,size_in_bytes,lib/ocaml/compiler-libs/ocamloptcomp.cma,97014904
2026-08-24T15:54:26Z,7dace2ea9c954e45304ea9674c5ed127c76ef90e,6858,size_in_bytes,lib/ocaml/stdlib_alpha/stdlib_alpha.cma,11438
2026-08-24T15:54:26Z,7dace2ea9c954e45304ea9674c5ed127c76ef90e,6858,size_in_bytes,lib/ocaml/stdlib_upstream_compatible/stdlib_upstream_compatible.cma,265206
2026-08-24T15:54:26Z,7dace2ea9c954e45304ea9674c5ed127c76ef90e,6858,size_in_bytes,lib/ocaml/stdlib__Bytes.cmi,35782
2026-08-24T15:54:26Z,7dace2ea9c954e45304ea9674c5ed127c76ef90e,6858,size_in_bytes,lib/ocaml/stdlib__List.cmi,33994
2026-08-24T15:54:26Z,7dace2ea9c954e45304ea9674c5ed127c76ef90e,6858,size_in_bytes,lib/ocaml/stdlib__Fun.cmi,3093
2026-08-24T15:54:26Z,7dace2ea9c954e45304ea9674c5ed127c76ef90e,6858,size_in_bytes,lib/ocaml/stdlib__Format.cmi,63182
2026-08-24T15:54:26Z,7dace2ea9c954e45304ea9674c5ed127c76ef90e,6858,size_in_bytes,lib/ocaml/stdlib__Weak.cmi,12854
2026-08-24T15:54:26Z,7dace2ea9c954e45304ea9674c5ed127c76ef90e,6858,size_in_bytes,lib/ocaml/stdlib__Buffer.cmi,13430
2026-08-24T15:54:26Z,7dace2ea9c954e45304ea9674c5ed127c76ef90e,6858,size_in_bytes,lib/ocaml/compiler_owee__Owee_elf_notes.cmi,4804
2026-08-24T15:54:26Z,7dace2ea9c954e45304ea9674c5ed127c76ef90e,6858,size_in_bytes,lib/ocaml/stdlib__Bool.cmi,3897
2026-08-24T15:54:26Z,7dace2ea9c954e45304ea9674c5ed127c76ef90e,6858,size_in_bytes,lib/ocaml/stdlib__Digest.cmi,22655
2026-08-24T15:54:26Z,7dace2ea9c954e45304ea9674c5ed127c76ef90e,6858,size_in_bytes,lib/ocaml/stdlib__Sys.cmi,21296
2026-08-24T15:54:26Z,7dace2ea9c954e45304ea9674c5ed127c76ef90e,6858,size_in_bytes,lib/ocaml/camlinternalQuote.cmi,69858
2026-08-24T15:54:26Z,7dace2ea9c954e45304ea9674c5ed127c76ef90e,6858,size_in_bytes,lib/ocaml/stdlib__Bigarray.cmi,59746
2026-08-24T15:54:26Z,7dace2ea9c954e45304ea9674c5ed127c76ef90e,6858,size_in_bytes,lib/ocaml/camlinternalFormat.cmi,14653
2026-08-24T15:54:26Z,7dace2ea9c954e45304ea9674c5ed127c76ef90e,6858,size_in_bytes,lib/ocaml/compiler_owee__Owee_elf.cmi,23657
2026-08-24T15:54:26Z,7dace2ea9c954e45304ea9674c5ed127c76ef90e,6858,size_in_bytes,lib/ocaml/camlinternalComprehension.cmi,2875
2026-08-24T15:54:26Z,7dace2ea9c954e45304ea9674c5ed127c76ef90e,6858,size_in_bytes,lib/ocaml/stdlib__Type.cmi,1961
2026-08-24T15:54:26Z,7dace2ea9c954e45304ea9674c5ed127c76ef90e,6858,size_in_bytes,lib/ocaml/std_exit.cmi,223
2026-08-24T15:54:26Z,7dace2ea9c954e45304ea9674c5ed127c76ef90e,6858,size_in_bytes,lib/ocaml/compiler_owee__Owee_linux_maps.cmi,3079
2026-08-24T15:54:26Z,7dace2ea9c954e45304ea9674c5ed127c76ef90e,6858,size_in_bytes,lib/ocaml/stdlib__Int32.cmi,11538
2026-08-24T15:54:26Z,7dace2ea9c954e45304ea9674c5ed127c76ef90e,6858,size_in_bytes,lib/ocaml/stdlib__Oo.cmi,1586
2026-08-24T15:54:26Z,7dace2ea9c954e45304ea9674c5ed127c76ef90e,6858,size_in_bytes,lib/ocaml/stdlib__Semaphore.cmi,2678
2026-08-24T15:54:26Z,7dace2ea9c954e45304ea9674c5ed127c76ef90e,6858,size_in_bytes,lib/ocaml/opttopdirs.cmi,4176
2026-08-24T15:54:26Z,7dace2ea9c954e45304ea9674c5ed127c76ef90e,6858,size_in_bytes,lib/ocaml/stdlib__Pair.cmi,6033
2026-08-24T15:54:26Z,7dace2ea9c954e45304ea9674c5ed127c76ef90e,6858,size_in_bytes,lib/ocaml/stdlib__Out_channel.cmi,9491
2026-08-24T15:54:26Z,7dace2ea9c954e45304ea9674c5ed127c76ef90e,6858,size_in_bytes,lib/ocaml/stdlib__Lazy.cmi,2842
2026-08-24T15:54:26Z,7dace2ea9c954e45304ea9674c5ed127c76ef90e,6858,size_in_bytes,lib/ocaml/stdlib__Complex.cmi,4328
2026-08-24T15:54:26Z,7dace2ea9c954e45304ea9674c5ed127c76ef90e,6858,size_in_bytes,lib/ocaml/stdlib__Map.cmi,61305
2026-08-24T15:54:26Z,7dace2ea9c954e45304ea9674c5ed127c76ef90e,6858,size_in_bytes,lib/ocaml/stdlib.cmi,71170
2026-08-24T15:54:26Z,7dace2ea9c954e45304ea9674c5ed127c76ef90e,6858,size_in_bytes,lib/ocaml/eval.cmi,527
2026-08-24T15:54:26Z,7dace2ea9c954e45304ea9674c5ed127c76ef90e,6858,size_in_bytes,lib/ocaml/stdlib__Char.cmi,7307
2026-08-24T15:54:26Z,7dace2ea9c954e45304ea9674c5ed127c76ef90e,6858,size_in_bytes,lib/ocaml/stdlib__Callback.cmi,2144
2026-08-24T15:54:26Z,7dace2ea9c954e45304ea9674c5ed127c76ef90e,6858,size_in_bytes,lib/ocaml/stdlib__Ephemeron.cmi,117872
2026-08-24T15:54:26Z,7dace2ea9c954e45304ea9674c5ed127c76ef90e,6858,size_in_bytes,lib/ocaml/stdlib__Hashtbl.cmi,71077
2026-08-24T15:54:26Z,7dace2ea9c954e45304ea9674c5ed127c76ef90e,6858,size_in_bytes,lib/ocaml/camlinternalOO.cmi,16531
2026-08-24T15:54:26Z,7dace2ea9c954e45304ea9674c5ed127c76ef90e,6858,size_in_bytes,lib/ocaml/stdlib__In_channel.cmi,10014
2026-08-24T15:54:26Z,7dace2ea9c954e45304ea9674c5ed127c76ef90e,6858,size_in_bytes,lib/ocaml/gc_timings.cmi,896
2026-08-24T15:54:26Z,7dace2ea9c954e45304ea9674c5ed127c76ef90e,6858,size_in_bytes,lib/ocaml/stdlib__Random.cmi,11614
2026-08-24T15:54:26Z,7dace2ea9c954e45304ea9674c5ed127c76ef90e,6858,size_in_bytes,lib/ocaml/camlinternalMod.cmi,1621
2026-08-24T15:54:26Z,7dace2ea9c954e45304ea9674c5ed127c76ef90e,6858,size_in_bytes,lib/ocaml/stdlib__Domain.cmi,15256
2026-08-24T15:54:26Z,7dace2ea9c954e45304ea9674c5ed127c76ef90e,6858,size_in_bytes,lib/ocaml/compiler_owee__Owee_elf_relocation.cmi,9972
2026-08-24T15:54:26Z,7dace2ea9c954e45304ea9674c5ed127c76ef90e,6858,size_in_bytes,lib/ocaml/stdlib__MoreLabels.cmi,181820
2026-08-24T15:54:26Z,7dace2ea9c954e45304ea9674c5ed127c76ef90e,6858,size_in_bytes,lib/ocaml/compiler_owee__Unix_intf.cmi,6278
2026-08-24T15:54:26Z,7dace2ea9c954e45304ea9674c5ed127c76ef90e,6858,size_in_bytes,lib/ocaml/stdlib__Int.cmi,8056
2026-08-24T15:54:26Z,7dace2ea9c954e45304ea9674c5ed127c76ef90e,6858,size_in_bytes,lib/ocaml/stdlib__Unit.cmi,1222
2026-08-24T15:54:26Z,7dace2ea9c954e45304ea9674c5ed127c76ef90e,6858,size_in_bytes,lib/ocaml/stdlib__Mutex.cmi,1669
2026-08-24T15:54:26Z,7dace2ea9c954e45304ea9674c5ed127c76ef90e,6858,size_in_bytes,lib/ocaml/stdlib__Arg.cmi,10190
2026-08-24T15:54:26Z,7dace2ea9c954e45304ea9674c5ed127c76ef90e,6858,size_in_bytes,lib/ocaml/stdlib__Option.cmi,6773
2026-08-24T15:54:26Z,7dace2ea9c954e45304ea9674c5ed127c76ef90e,6858,size_in_bytes,lib/ocaml/stdlib__Filename.cmi,6478
2026-08-24T15:54:26Z,7dace2ea9c954e45304ea9674c5ed127c76ef90e,6858,size_in_bytes,lib/ocaml/stdlib__Condition.cmi,1376
2026-08-24T15:54:26Z,7dace2ea9c954e45304ea9674c5ed127c76ef90e,6858,size_in_bytes,lib/ocaml/stdlib__Queue.cmi,7183
2026-08-24T15:54:26Z,7dace2ea9c954e45304ea9674c5ed127c76ef90e,6858,size_in_bytes,lib/ocaml/compiler_owee__Owee_traverse.cmi,2479
2026-08-24T15:54:26Z,7dace2ea9c954e45304ea9674c5ed127c76ef90e,6858,size_in_bytes,lib/ocaml/topdirs.cmi,4786
2026-08-24T15:54:26Z,7dace2ea9c954e45304ea9674c5ed127c76ef90e,6858,size_in_bytes,lib/ocaml/compiler_owee__Owee_graph.cmi,44085
2026-08-24T15:54:26Z,7dace2ea9c954e45304ea9674c5ed127c76ef90e,6858,size_in_bytes,lib/ocaml/compiler_owee__Owee_interval_map.cmi,2834
2026-08-24T15:54:26Z,7dace2ea9c954e45304ea9674c5ed127c76ef90e,6858,size_in_bytes,lib/ocaml/stdlib__StringLabels.cmi,25005
2026-08-24T15:54:26Z,7dace2ea9c954e45304ea9674c5ed127c76ef90e,6858,size_in_bytes,lib/ocaml/stdlib__Printexc.cmi,12649
2026-08-24T15:54:26Z,7dace2ea9c954e45304ea9674c5ed127c76ef90e,6858,size_in_bytes,lib/ocaml/stdlib__Scanf.cmi,9811
2026-08-24T15:54:26Z,7dace2ea9c954e45304ea9674c5ed127c76ef90e,6858,size_in_bytes,lib/ocaml/compiler_owee__Owee_location.cmi,2674
2026-08-24T15:54:26Z,7dace2ea9c954e45304ea9674c5ed127c76ef90e,6858,size_in_bytes,lib/ocaml/stdlib__Lexing.cmi,10481
2026-08-24T15:54:26Z,7dace2ea9c954e45304ea9674c5ed127c76ef90e,6858,size_in_bytes,lib/ocaml/stdlib__Seq.cmi,28705
2026-08-24T15:54:26Z,7dace2ea9c954e45304ea9674c5ed127c76ef90e,6858,size_in_bytes,lib/ocaml/stdlib__Dynarray.cmi,24433
2026-08-24T15:54:26Z,7dace2ea9c954e45304ea9674c5ed127c76ef90e,6858,size_in_bytes,lib/ocaml/stdlib__Pqueue.cmi,47861
2026-08-24T15:54:26Z,7dace2ea9c954e45304ea9674c5ed127c76ef90e,6858,size_in_bytes,lib/ocaml/stdlib__Effect.cmi,33900
2026-08-24T15:54:26Z,7dace2ea9c954e45304ea9674c5ed127c76ef90e,6858,size_in_bytes,lib/ocaml/camlinternalLazy.cmi,1423
2026-08-24T15:54:26Z,7dace2ea9c954e45304ea9674c5ed127c76ef90e,6858,size_in_bytes,lib/ocaml/compiler_owee.cmi,2379
2026-08-24T15:54:26Z,7dace2ea9c954e45304ea9674c5ed127c76ef90e,6858,size_in_bytes,lib/ocaml/stdlib__Atomic.cmi,11664
2026-08-24T15:54:26Z,7dace2ea9c954e45304ea9674c5ed127c76ef90e,6858,size_in_bytes,lib/ocaml/stdlib__Printf.cmi,6608
2026-08-24T15:54:26Z,7dace2ea9c954e45304ea9674c5ed127c76ef90e,6858,size_in_bytes,lib/ocaml/stdlib__Marshal.cmi,4370
2026-08-24T15:54:26Z,7dace2ea9c954e45304ea9674c5ed127c76ef90e,6858,size_in_bytes,lib/ocaml/stdlib__Backoff.cmi,1743
2026-08-24T15:54:26Z,7dace2ea9c954e45304ea9674c5ed127c76ef90e,6858,size_in_bytes,lib/ocaml/compiler_owee__Owee_debug_line.cmi,4543
2026-08-24T15:54:26Z,7dace2ea9c954e45304ea9674c5ed127c76ef90e,6858,size_in_bytes,lib/ocaml/stdlib__Int64.cmi,12738
2026-08-24T15:54:26Z,7dace2ea9c954e45304ea9674c5ed127c76ef90e,6858,size_in_bytes,lib/ocaml/stdlib__Result.cmi,12628
2026-08-24T15:54:26Z,7dace2ea9c954e45304ea9674c5ed127c76ef90e,6858,size_in_bytes,lib/ocaml/compiler_owee__Owee_object.cmi,4361
2026-08-24T15:54:26Z,7dace2ea9c954e45304ea9674c5ed127c76ef90e,6858,size_in_bytes,lib/ocaml/camlinternalAtomic.cmi,2914
2026-08-24T15:54:26Z,7dace2ea9c954e45304ea9674c5ed127c76ef90e,6858,size_in_bytes,lib/ocaml/stdlib__Repr.cmi,2032
2026-08-24T15:54:26Z,7dace2ea9c954e45304ea9674c5ed127c76ef90e,6858,size_in_bytes,lib/ocaml/stdlib__BytesLabels.cmi,35999
2026-08-24T15:54:26Z,7dace2ea9c954e45304ea9674c5ed127c76ef90e,6858,size_in_bytes,lib/ocaml/compiler_owee__Owee_macho.cmi,23924
2026-08-24T15:54:26Z,7dace2ea9c954e45304ea9674c5ed127c76ef90e,6858,size_in_bytes,lib/ocaml/stdlib__Stack.cmi,5896
2026-08-24T15:54:26Z,7dace2ea9c954e45304ea9674c5ed127c76ef90e,6858,size_in_bytes,lib/ocaml/stdlib__Dynamic.cmi,1640
2026-08-24T15:54:26Z,7dace2ea9c954e45304ea9674c5ed127c76ef90e,6858,size_in_bytes,lib/ocaml/compiler_owee__Owee_archive.cmi,2977
2026-08-24T15:54:26Z,7dace2ea9c954e45304ea9674c5ed127c76ef90e,6858,size_in_bytes,lib/ocaml/compiler_owee__Owee_buf.cmi,12219
2026-08-24T15:54:26Z,7dace2ea9c954e45304ea9674c5ed127c76ef90e,6858,size_in_bytes,lib/ocaml/stdlib__Either.cmi,8602
2026-08-24T15:54:26Z,7dace2ea9c954e45304ea9674c5ed127c76ef90e,6858,size_in_bytes,lib/ocaml/camlinternalFormatBasics.cmi,40751
2026-08-24T15:54:26Z,7dace2ea9c954e45304ea9674c5ed127c76ef90e,6858,size_in_bytes,lib/ocaml/stdlib__ListLabels.cmi,34160
2026-08-24T15:54:26Z,7dace2ea9c954e45304ea9674c5ed127c76ef90e,6858,size_in_bytes,lib/ocaml/stdlib__Uchar.cmi,6212
2026-08-24T15:54:26Z,7dace2ea9c954e45304ea9674c5ed127c76ef90e,6858,size_in_bytes,lib/ocaml/stdlib__String.cmi,24880
2026-08-24T15:54:26Z,7dace2ea9c954e45304ea9674c5ed127c76ef90e,6858,size_in_bytes,lib/ocaml/stdlib__ArrayLabels.cmi,27950
2026-08-24T15:54:26Z,7dace2ea9c954e45304ea9674c5ed127c76ef90e,6858,size_in_bytes,lib/ocaml/stdlib__Float.cmi,66811
2026-08-24T15:54:26Z,7dace2ea9c954e45304ea9674c5ed127c76ef90e,6858,size_in_bytes,lib/ocaml/stdlib__Parsing.cmi,6412
2026-08-24T15:54:26Z,7dace2ea9c954e45304ea9674c5ed127c76ef90e,6858,size_in_bytes,lib/ocaml/compiler_owee__Owee_marker.cmi,10882
2026-08-24T15:54:26Z,7dace2ea9c954e45304ea9674c5ed127c76ef90e,6858,size_in_bytes,lib/ocaml/stdlib__Set.cmi,43055
2026-08-24T15:54:26Z,7dace2ea9c954e45304ea9674c5ed127c76ef90e,6858,size_in_bytes,lib/ocaml/stdlib__Nativeint.cmi,11570
2026-08-24T15:54:26Z,7dace2ea9c954e45304ea9674c5ed127c76ef90e,6858,size_in_bytes,lib/ocaml/stdlib__Obj.cmi,17594
2026-08-24T15:54:26Z,7dace2ea9c954e45304ea9674c5ed127c76ef90e,6858,size_in_bytes,lib/ocaml/stdlib__StdLabels.cmi,544
2026-08-24T15:54:26Z,7dace2ea9c954e45304ea9674c5ed127c76ef90e,6858,size_in_bytes,lib/ocaml/stdlib__Gc.cmi,18598
2026-08-24T15:54:26Z,7dace2ea9c954e45304ea9674c5ed127c76ef90e,6858,size_in_bytes,lib/ocaml/stdlib__Modes.cmi,3422
2026-08-24T15:54:26Z,7dace2ea9c954e45304ea9674c5ed127c76ef90e,6858,size_in_bytes,lib/ocaml/stdlib__Array.cmi,27764
2026-08-24T15:54:26Z,7dace2ea9c954e45304ea9674c5ed127c76ef90e,6858,size_in_bytes,lib/ocaml/compiler_owee__Owee_form.cmi,2130
2026-08-24T15:54:26Z,7dace2ea9c954e45304ea9674c5ed127c76ef90e,6858,size_in_bytes,lib/ocaml/stdlib__Quote.cmi,3424
2026-08-24T15:54:26Z,7dace2ea9c954e45304ea9674c5ed127c76ef90e,6858,size_in_bytes,lib/ocaml/stdlib__Iarray.cmi,19879
2026-08-24T15:54:26Z,7dace2ea9c954e45304ea9674c5ed127c76ef90e,6858,size_in_bytes,lib/ocaml/compiler_owee__Owee_elf_string_table.cmi,1431
2026-08-24T15:54:26Z,7dace2ea9c954e45304ea9674c5ed127c76ef90e,6858,size_in_bytes,lib/ocaml/stdlib_stable/stdlib_stable__.cmi,2104
2026-08-24T15:54:26Z,7dace2ea9c954e45304ea9674c5ed127c76ef90e,6858,size_in_bytes,lib/ocaml/stdlib_stable/stdlib_stable__Int8.cmi,10558
2026-08-24T15:54:26Z,7dace2ea9c954e45304ea9674c5ed127c76ef90e,6858,size_in_bytes,lib/ocaml/stdlib_stable/stdlib_stable__Idx_mut.cmi,4212
2026-08-24T15:54:26Z,7dace2ea9c954e45304ea9674c5ed127c76ef90e,6858,size_in_bytes,lib/ocaml/stdlib_stable/stdlib_stable__Float32.cmi,46139
2026-08-24T15:54:26Z,7dace2ea9c954e45304ea9674c5ed127c76ef90e,6858,size_in_bytes,lib/ocaml/stdlib_stable/stdlib_stable__IarrayLabels.cmi,45814
2026-08-24T15:54:26Z,7dace2ea9c954e45304ea9674c5ed127c76ef90e,6858,size_in_bytes,lib/ocaml/stdlib_stable/stdlib_stable__Int16_u.cmi,11720
2026-08-24T15:54:26Z,7dace2ea9c954e45304ea9674c5ed127c76ef90e,6858,size_in_bytes,lib/ocaml/stdlib_stable/stdlib_stable__Int8_u.cmi,11646
2026-08-24T15:54:26Z,7dace2ea9c954e45304ea9674c5ed127c76ef90e,6858,size_in_bytes,lib/ocaml/stdlib_stable/stdlib_stable__Char_u.cmi,3524
2026-08-24T15:54:26Z,7dace2ea9c954e45304ea9674c5ed127c76ef90e,6858,size_in_bytes,lib/ocaml/stdlib_stable/stdlib_stable__Or_null.cmi,6910
2026-08-24T15:54:26Z,7dace2ea9c954e45304ea9674c5ed127c76ef90e,6858,size_in_bytes,lib/ocaml/stdlib_stable/stdlib_stable__Float32_u.cmi,33158
2026-08-24T15:54:26Z,7dace2ea9c954e45304ea9674c5ed127c76ef90e,6858,size_in_bytes,lib/ocaml/stdlib_stable/stdlib_stable__Int_u.cmi,10983
2026-08-24T15:54:26Z,7dace2ea9c954e45304ea9674c5ed127c76ef90e,6858,size_in_bytes,lib/ocaml/stdlib_stable/stdlib_stable__Int16.cmi,10624
2026-08-24T15:54:26Z,7dace2ea9c954e45304ea9674c5ed127c76ef90e,6858,size_in_bytes,lib/ocaml/stdlib_stable/stdlib_stable.cmi,1252
2026-08-24T15:54:26Z,7dace2ea9c954e45304ea9674c5ed127c76ef90e,6858,size_in_bytes,lib/ocaml/stdlib_stable/stdlib_stable__Int.cmi,10382
2026-08-24T15:54:26Z,7dace2ea9c954e45304ea9674c5ed127c76ef90e,6858,size_in_bytes,lib/ocaml/stdlib_stable/stdlib_stable__Iarray.cmi,17505
2026-08-24T15:54:26Z,7dace2ea9c954e45304ea9674c5ed127c76ef90e,6858,size_in_bytes,lib/ocaml/stdlib_stable/stdlib_stable__Idx_atomic.cmi,1518
2026-08-24T15:54:26Z,7dace2ea9c954e45304ea9674c5ed127c76ef90e,6858,size_in_bytes,lib/ocaml/stdlib_stable/stdlib_stable__Idx_imm.cmi,3636
2026-08-24T15:54:26Z,7dace2ea9c954e45304ea9674c5ed127c76ef90e,6858,size_in_bytes,lib/ocaml/ocaml-jit/jit.cmi,5349
2026-08-24T15:54:26Z,7dace2ea9c954e45304ea9674c5ed127c76ef90e,6858,size_in_bytes,lib/ocaml/dynlink/dynlink.cmi,5530
2026-08-24T15:54:26Z,7dace2ea9c954e45304ea9674c5ed127c76ef90e,6858,size_in_bytes,lib/ocaml/threads/event.cmi,4179
2026-08-24T15:54:26Z,7dace2ea9c954e45304ea9674c5ed127c76ef90e,6858,size_in_bytes,lib/ocaml/threads/thread.cmi,8412
2026-08-24T15:54:26Z,7dace2ea9c954e45304ea9674c5ed127c76ef90e,6858,size_in_bytes,lib/ocaml/threads/multicore.cmi,2235
2026-08-24T15:54:26Z,7dace2ea9c954e45304ea9674c5ed127c76ef90e,6858,size_in_bytes,lib/ocaml/runtime_events/runtime_events.cmi,17035
2026-08-24T15:54:26Z,7dace2ea9c954e45304ea9674c5ed127c76ef90e,6858,size_in_bytes,lib/ocaml/unix/unixLabels.cmi,93829
2026-08-24T15:54:26Z,7dace2ea9c954e45304ea9674c5ed127c76ef90e,6858,size_in_bytes,lib/ocaml/unix/unix.cmi,91425
2026-08-24T15:54:26Z,7dace2ea9c954e45304ea9674c5ed127c76ef90e,6858,size_in_bytes,lib/ocaml/str/str.cmi,10552
2026-08-24T15:54:26Z,7dace2ea9c954e45304ea9674c5ed127c76ef90e,6858,size_in_bytes,lib/ocaml/stdlib_beta/stdlib_beta.cmi,229
2026-08-24T15:54:26Z,7dace2ea9c954e45304ea9674c5ed127c76ef90e,6858,size_in_bytes,lib/ocaml/compiler-libs/ast_invariants.cmi,2395
2026-08-24T15:54:26Z,7dace2ea9c954e45304ea9674c5ed127c76ef90e,6858,size_in_bytes,lib/ocaml/compiler-libs/flambda2_types__Expand_head.cmi,25980
2026-08-24T15:54:26Z,7dace2ea9c954e45304ea9674c5ed127c76ef90e,6858,size_in_bytes,lib/ocaml/compiler-libs/arrayset.cmi,6981
2026-08-24T15:54:26Z,7dace2ea9c954e45304ea9674c5ed127c76ef90e,6858,size_in_bytes,lib/ocaml/compiler-libs/opt_fuel.cmi,898
2026-08-24T15:54:26Z,7dace2ea9c954e45304ea9674c5ed127c76ef90e,6858,size_in_bytes,lib/ocaml/compiler-libs/flambda2_term_basics__String_info.cmi,56137
2026-08-24T15:54:26Z,7dace2ea9c954e45304ea9674c5ed127c76ef90e,6858,size_in_bytes,lib/ocaml/compiler-libs/oxcaml_flags.cmi,39167
2026-08-24T15:54:26Z,7dace2ea9c954e45304ea9674c5ed127c76ef90e,6858,size_in_bytes,lib/ocaml/compiler-libs/type_shape.cmi,9426
2026-08-24T15:54:26Z,7dace2ea9c954e45304ea9674c5ed127c76ef90e,6858,size_in_bytes,lib/ocaml/compiler-libs/flambda2_terms__Probe.cmi,7365
2026-08-24T15:54:26Z,7dace2ea9c954e45304ea9674c5ed127c76ef90e,6858,size_in_bytes,lib/ocaml/compiler-libs/cmx_format.cmi,20038
2026-08-24T15:54:26Z,7dace2ea9c954e45304ea9674c5ed127c76ef90e,6858,size_in_bytes,lib/ocaml/compiler-libs/relocatable_symbol_name.cmi,875
2026-08-24T15:54:26Z,7dace2ea9c954e45304ea9674c5ed127c76ef90e,6858,size_in_bytes,lib/ocaml/compiler-libs/flambda2_nominal__Contains_ids.cmi,4863
2026-08-24T15:54:26Z,7dace2ea9c954e45304ea9674c5ed127c76ef90e,6858,size_in_bytes,lib/ocaml/compiler-libs/dwarf_low__Dwarf_attribute_values.cmi,19343
2026-08-24T15:54:26Z,7dace2ea9c954e45304ea9674c5ed127c76ef90e,6858,size_in_bytes,lib/ocaml/compiler-libs/label.cmi,54830
2026-08-24T15:54:26Z,7dace2ea9c954e45304ea9674c5ed127c76ef90e,6858,size_in_bytes,lib/ocaml/compiler-libs/import_info.cmi,8687
2026-08-24T15:54:26Z,7dace2ea9c954e45304ea9674c5ed127c76ef90e,6858,size_in_bytes,lib/ocaml/compiler-libs/dwarf_low__Initial_length.cmi,2227
2026-08-24T15:54:26Z,7dace2ea9c954e45304ea9674c5ed127c76ef90e,6858,size_in_bytes,lib/ocaml/compiler-libs/flambda2_bound_identifiers__Bound_parameter.cmi,63732
2026-08-24T15:54:26Z,7dace2ea9c954e45304ea9674c5ed127c76ef90e,6858,size_in_bytes,lib/ocaml/compiler-libs/arm64_binary_emitter__Encode_instruction.cmi,2130
2026-08-24T15:54:26Z,7dace2ea9c954e45304ea9674c5ed127c76ef90e,6858,size_in_bytes,lib/ocaml/compiler-libs/flambda2_bound_identifiers__Bound_for_function.cmi,10500
2026-08-24T15:54:26Z,7dace2ea9c954e45304ea9674c5ed127c76ef90e,6858,size_in_bytes,lib/ocaml/compiler-libs/flambda2_simplify__Continuation_in_env.cmi,11307
2026-08-24T15:54:26Z,7dace2ea9c954e45304ea9674c5ed127c76ef90e,6858,size_in_bytes,lib/ocaml/compiler-libs/predef.cmi,42338
2026-08-24T15:54:26Z,7dace2ea9c954e45304ea9674c5ed127c76ef90e,6858,size_in_bytes,lib/ocaml/compiler-libs/flambda2_term_basics__Or_variable.cmi,8415
2026-08-24T15:54:26Z,7dace2ea9c954e45304ea9674c5ed127c76ef90e,6858,size_in_bytes,lib/ocaml/compiler-libs/flambda2_simplify__One_continuation_use.cmi,12058
2026-08-24T15:54:26Z,7dace2ea9c954e45304ea9674c5ed127c76ef90e,6858,size_in_bytes,lib/ocaml/compiler-libs/arm64_binary_emitter.cmi,3519
2026-08-24T15:54:26Z,7dace2ea9c954e45304ea9674c5ed127c76ef90e,6858,size_in_bytes,lib/ocaml/compiler-libs/dwarf_low__Dwarf_tag.cmi,6582
2026-08-24T15:54:26Z,7dace2ea9c954e45304ea9674c5ed127c76ef90e,6858,size_in_bytes,lib/ocaml/compiler-libs/dwarf_low__Dwarf_format.cmi,1039
2026-08-24T15:54:26Z,7dace2ea9c954e45304ea9674c5ed127c76ef90e,6858,size_in_bytes,lib/ocaml/compiler-libs/available_ranges_vars.cmi,57416
2026-08-24T15:54:26Z,7dace2ea9c954e45304ea9674c5ed127c76ef90e,6858,size_in_bytes,lib/ocaml/compiler-libs/typedecl.cmi,31419
2026-08-24T15:54:26Z,7dace2ea9c954e45304ea9674c5ed127c76ef90e,6858,size_in_bytes,lib/ocaml/compiler-libs/flambda2_numbers__One_bit_fewer.cmi,24434
2026-08-24T15:54:26Z,7dace2ea9c954e45304ea9674c5ed127c76ef90e,6858,size_in_bytes,lib/ocaml/compiler-libs/signature_with_global_bindings.cmi,4825
2026-08-24T15:54:26Z,7dace2ea9c954e45304ea9674c5ed127c76ef90e,6858,size_in_bytes,lib/ocaml/compiler-libs/cfg_colours.cmi,2646
2026-08-24T15:54:26Z,7dace2ea9c954e45304ea9674c5ed127c76ef90e,6858,size_in_bytes,lib/ocaml/compiler-libs/cfg_stack_checks.cmi,10338
2026-08-24T15:54:26Z,7dace2ea9c954e45304ea9674c5ed127c76ef90e,6858,size_in_bytes,lib/ocaml/compiler-libs/dll.cmi,3309
2026-08-24T15:54:26Z,7dace2ea9c954e45304ea9674c5ed127c76ef90e,6858,size_in_bytes,lib/ocaml/compiler-libs/flambda2_parser__Fexpr_to_flambda_commons.cmi,103599
2026-08-24T15:54:26Z,7dace2ea9c954e45304ea9674c5ed127c76ef90e,6858,size_in_bytes,lib/ocaml/compiler-libs/flambda2_types__Binding_time.cmi,59977
2026-08-24T15:54:26Z,7dace2ea9c954e45304ea9674c5ed127c76ef90e,6858,size_in_bytes,lib/ocaml/compiler-libs/flambda2_simplify__Expr_builder.cmi,24614
2026-08-24T15:54:26Z,7dace2ea9c954e45304ea9674c5ed127c76ef90e,6858,size_in_bytes,lib/ocaml/compiler-libs/dwarf_low__Dwarf_4_entry_sorting.cmi,1176
2026-08-24T15:54:26Z,7dace2ea9c954e45304ea9674c5ed127c76ef90e,6858,size_in_bytes,lib/ocaml/compiler-libs/build_igot_and_iplt.cmi,2435
2026-08-24T15:54:26Z,7dace2ea9c954e45304ea9674c5ed127c76ef90e,6858,size_in_bytes,lib/ocaml/compiler-libs/flambda2_simplify__Original_handlers.cmi,12187
2026-08-24T15:54:26Z,7dace2ea9c954e45304ea9674c5ed127c76ef90e,6858,size_in_bytes,lib/ocaml/compiler-libs/flambda2_simplify__Simplify_coercion.cmi,11121
2026-08-24T15:54:26Z,7dace2ea9c954e45304ea9674c5ed127c76ef90e,6858,size_in_bytes,lib/ocaml/compiler-libs/includeclass.cmi,4668
2026-08-24T15:54:26Z,7dace2ea9c954e45304ea9674c5ed127c76ef90e,6858,size_in_bytes,lib/ocaml/compiler-libs/flambda2_types__Traversals.cmi,113626
2026-08-24T15:54:26Z,7dace2ea9c954e45304ea9674c5ed127c76ef90e,6858,size_in_bytes,lib/ocaml/compiler-libs/generic_fns.cmi,27580
2026-08-24T15:54:26Z,7dace2ea9c954e45304ea9674c5ed127c76ef90e,6858,size_in_bytes,lib/ocaml/compiler-libs/static_label.cmi,54723
2026-08-24T15:54:26Z,7dace2ea9c954e45304ea9674c5ed127c76ef90e,6858,size_in_bytes,lib/ocaml/compiler-libs/typedecl_separability.cmi,4214
2026-08-24T15:54:26Z,7dace2ea9c954e45304ea9674c5ed127c76ef90e,6858,size_in_bytes,lib/ocaml/compiler-libs/sub_cfg.cmi,17494
2026-08-24T15:54:26Z,7dace2ea9c954e45304ea9674c5ed127c76ef90e,6858,size_in_bytes,lib/ocaml/compiler-libs/flambda2_simplify__Call_site_inlining_decision.cmi,12515
2026-08-24T15:54:26Z,7dace2ea9c954e45304ea9674c5ed127c76ef90e,6858,size_in_bytes,lib/ocaml/compiler-libs/cmm_helpers.cmi,187027
2026-08-24T15:54:26Z,7dace2ea9c954e45304ea9674c5ed127c76ef90e,6858,size_in_bytes,lib/ocaml/compiler-libs/flambda2_term_basics.cmi,2212
2026-08-24T15:54:26Z,7dace2ea9c954e45304ea9674c5ed127c76ef90e,6858,size_in_bytes,lib/ocaml/compiler-libs/flambda2_ui.cmi,469
2026-08-24T15:54:26Z,7dace2ea9c954e45304ea9674c5ed127c76ef90e,6858,size_in_bytes,lib/ocaml/compiler-libs/cfg_to_linear.cmi,10348
2026-08-24T15:54:26Z,7dace2ea9c954e45304ea9674c5ed127c76ef90e,6858,size_in_bytes,lib/ocaml/compiler-libs/flambda2_simplify__Unboxing_epa.cmi,10967
2026-08-24T15:54:26Z,7dace2ea9c954e45304ea9674c5ed127c76ef90e,6858,size_in_bytes,lib/ocaml/compiler-libs/arm64_binary_emitter__Csel_helpers.cmi,2025
2026-08-24T15:54:26Z,7dace2ea9c954e45304ea9674c5ed127c76ef90e,6858,size_in_bytes,lib/ocaml/compiler-libs/flambda2_nominal__Name_abstraction.cmi,13995
2026-08-24T15:54:26Z,7dace2ea9c954e45304ea9674c5ed127c76ef90e,6858,size_in_bytes,lib/ocaml/compiler-libs/flambda2_terms__Call_kind.cmi,18525
2026-08-24T15:54:26Z,7dace2ea9c954e45304ea9674c5ed127c76ef90e,6858,size_in_bytes,lib/ocaml/compiler-libs/form_rewrite_plan.cmi,12660
2026-08-24T15:54:26Z,7dace2ea9c954e45304ea9674c5ed127c76ef90e,6858,size_in_bytes,lib/ocaml/compiler-libs/trace.cmi,5646
2026-08-24T15:54:26Z,7dace2ea9c954e45304ea9674c5ed127c76ef90e,6858,size_in_bytes,lib/ocaml/compiler-libs/flambda2_algorithms__Patricia_tree.cmi,60526
2026-08-24T15:54:26Z,7dace2ea9c954e45304ea9674c5ed127c76ef90e,6858,size_in_bytes,lib/ocaml/compiler-libs/meta.cmi,4720
2026-08-24T15:54:26Z,7dace2ea9c954e45304ea9674c5ed127c76ef90e,6858,size_in_bytes,lib/ocaml/compiler-libs/flambda2_simplify__Rebuilt_static_const.cmi,31624
2026-08-24T15:54:26Z,7dace2ea9c954e45304ea9674c5ed127c76ef90e,6858,size_in_bytes,lib/ocaml/compiler-libs/flambda2_simplify__Simplify_set_of_closures.cmi,13942
2026-08-24T15:54:26Z,7dace2ea9c954e45304ea9674c5ed127c76ef90e,6858,size_in_bytes,lib/ocaml/compiler-libs/flambda2_simplify_shared__Slot_offsets.cmi,14826
2026-08-24T15:54:26Z,7dace2ea9c954e45304ea9674c5ed127c76ef90e,6858,size_in_bytes,lib/ocaml/compiler-libs/amd64_simd_instrs.cmi,1399676
2026-08-24T15:54:26Z,7dace2ea9c954e45304ea9674c5ed127c76ef90e,6858,size_in_bytes,lib/ocaml/compiler-libs/flambda2_simplify__Loopify_state.cmi,7428
2026-08-24T15:54:26Z,7dace2ea9c954e45304ea9674c5ed127c76ef90e,6858,size_in_bytes,lib/ocaml/compiler-libs/blambda_of_lambda.cmi,3158
2026-08-24T15:54:26Z,7dace2ea9c954e45304ea9674c5ed127c76ef90e,6858,size_in_bytes,lib/ocaml/compiler-libs/transl_comprehension_utils.cmi,20581
2026-08-24T15:54:26Z,7dace2ea9c954e45304ea9674c5ed127c76ef90e,6858,size_in_bytes,lib/ocaml/compiler-libs/flambda2_simplify__Continuation_shortcut.cmi,8397
2026-08-24T15:54:26Z,7dace2ea9c954e45304ea9674c5ed127c76ef90e,6858,size_in_bytes,lib/ocaml/compiler-libs/regalloc_split_state.cmi,12602
2026-08-24T15:54:26Z,7dace2ea9c954e45304ea9674c5ed127c76ef90e,6858,size_in_bytes,lib/ocaml/compiler-libs/flambda2_terms__Regalloc_attribute.cmi,7795
2026-08-24T15:54:26Z,7dace2ea9c954e45304ea9674c5ed127c76ef90e,6858,size_in_bytes,lib/ocaml/compiler-libs/flambda2_reaper__Reaper.cmi,10016
2026-08-24T15:54:26Z,7dace2ea9c954e45304ea9674c5ed127c76ef90e,6858,size_in_bytes,lib/ocaml/compiler-libs/linkenv.cmi,19248
2026-08-24T15:54:26Z,7dace2ea9c954e45304ea9674c5ed127c76ef90e,6858,size_in_bytes,lib/ocaml/compiler-libs/dwarf_low__Counted_location_description.cmi,2433
2026-08-24T15:54:26Z,7dace2ea9c954e45304ea9674c5ed127c76ef90e,6858,size_in_bytes,lib/ocaml/compiler-libs/flambda2_terms__Inlining_history.cmi,15510
2026-08-24T15:54:26Z,7dace2ea9c954e45304ea9674c5ed127c76ef90e,6858,size_in_bytes,lib/ocaml/compiler-libs/flambda2_simplify_shared.cmi,1494
2026-08-24T15:54:26Z,7dace2ea9c954e45304ea9674c5ed127c76ef90e,6858,size_in_bytes,lib/ocaml/compiler-libs/dwarf_low__Location_list_table.cmi,4443
2026-08-24T15:54:26Z,7dace2ea9c954e45304ea9674c5ed127c76ef90e,6858,size_in_bytes,lib/ocaml/compiler-libs/bytegen.cmi,3762
2026-08-24T15:54:26Z,7dace2ea9c954e45304ea9674c5ed127c76ef90e,6858,size_in_bytes,lib/ocaml/compiler-libs/location_tracker_formatter.cmi,5552
2026-08-24T15:54:26Z,7dace2ea9c954e45304ea9674c5ed127c76ef90e,6858,size_in_bytes,lib/ocaml/compiler-libs/regs.cmi,75312
2026-08-24T15:54:26Z,7dace2ea9c954e45304ea9674c5ed127c76ef90e,6858,size_in_bytes,lib/ocaml/compiler-libs/bytelibrarian.cmi,2374
2026-08-24T15:54:26Z,7dace2ea9c954e45304ea9674c5ed127c76ef90e,6858,size_in_bytes,lib/ocaml/compiler-libs/signature_group.cmi,11475
2026-08-24T15:54:26Z,7dace2ea9c954e45304ea9674c5ed127c76ef90e,6858,size_in_bytes,lib/ocaml/compiler-libs/cfg_deadcode.cmi,10513
2026-08-24T15:54:26Z,7dace2ea9c954e45304ea9674c5ed127c76ef90e,6858,size_in_bytes,lib/ocaml/compiler-libs/typedtree.cmi,155546
2026-08-24T15:54:26Z,7dace2ea9c954e45304ea9674c5ed127c76ef90e,6858,size_in_bytes,lib/ocaml/compiler-libs/flambda2_simplify__Simplify_variadic_primitive.cmi,11834
2026-08-24T15:54:26Z,7dace2ea9c954e45304ea9674c5ed127c76ef90e,6858,size_in_bytes,lib/ocaml/compiler-libs/scalar.cmi,38614
2026-08-24T15:54:26Z,7dace2ea9c954e45304ea9674c5ed127c76ef90e,6858,size_in_bytes,lib/ocaml/compiler-libs/bytelink.cmi,20813
2026-08-24T15:54:26Z,7dace2ea9c954e45304ea9674c5ed127c76ef90e,6858,size_in_bytes,lib/ocaml/compiler-libs/flambda2_reaper__Cofield.cmi,61438
2026-08-24T15:54:26Z,7dace2ea9c954e45304ea9674c5ed127c76ef90e,6858,size_in_bytes,lib/ocaml/compiler-libs/flambda2_algorithms__Table_by_int_id.cmi,5113
2026-08-24T15:54:26Z,7dace2ea9c954e45304ea9674c5ed127c76ef90e,6858,size_in_bytes,lib/ocaml/compiler-libs/tast_mapper.cmi,18943
2026-08-24T15:54:26Z,7dace2ea9c954e45304ea9674c5ed127c76ef90e,6858,size_in_bytes,lib/ocaml/compiler-libs/path.cmi,49209
2026-08-24T15:54:26Z,7dace2ea9c954e45304ea9674c5ed127c76ef90e,6858,size_in_bytes,lib/ocaml/compiler-libs/arm64_binary_emitter__Simd_helpers.cmi,9432
2026-08-24T15:54:26Z,7dace2ea9c954e45304ea9674c5ed127c76ef90e,6858,size_in_bytes,lib/ocaml/compiler-libs/stack_check.cmi,10266
2026-08-24T15:54:26Z,7dace2ea9c954e45304ea9674c5ed127c76ef90e,6858,size_in_bytes,lib/ocaml/compiler-libs/vicuna_value_shapes.cmi,3420
2026-08-24T15:54:26Z,7dace2ea9c954e45304ea9674c5ed127c76ef90e,6858,size_in_bytes,lib/ocaml/compiler-libs/value_rec_types.cmi,507
2026-08-24T15:54:26Z,7dace2ea9c954e45304ea9674c5ed127c76ef90e,6858,size_in_bytes,lib/ocaml/compiler-libs/makedepend.cmi,671
2026-08-24T15:54:26Z,7dace2ea9c954e45304ea9674c5ed127c76ef90e,6858,size_in_bytes,lib/ocaml/compiler-libs/afl_instrument.cmi,9830
2026-08-24T15:54:26Z,7dace2ea9c954e45304ea9674c5ed127c76ef90e,6858,size_in_bytes,lib/ocaml/compiler-libs/regalloc_ls.cmi,10776
2026-08-24T15:54:26Z,7dace2ea9c954e45304ea9674c5ed127c76ef90e,6858,size_in_bytes,lib/ocaml/compiler-libs/flambda2_identifiers__Symbol.cmi,8961
2026-08-24T15:54:26Z,7dace2ea9c954e45304ea9674c5ed127c76ef90e,6858,size_in_bytes,lib/ocaml/compiler-libs/linker_script.cmi,1498
2026-08-24T15:54:26Z,7dace2ea9c954e45304ea9674c5ed127c76ef90e,6858,size_in_bytes,lib/ocaml/compiler-libs/switch.cmi,12759
2026-08-24T15:54:26Z,7dace2ea9c954e45304ea9674c5ed127c76ef90e,6858,size_in_bytes,lib/ocaml/compiler-libs/flambda2_reaper__Traverse_acc.cmi,29527
2026-08-24T15:54:26Z,7dace2ea9c954e45304ea9674c5ed127c76ef90e,6858,size_in_bytes,lib/ocaml/compiler-libs/translobj.cmi,6023
2026-08-24T15:54:26Z,7dace2ea9c954e45304ea9674c5ed127c76ef90e,6858,size_in_bytes,lib/ocaml/compiler-libs/slambda.cmi,3435
2026-08-24T15:54:26Z,7dace2ea9c954e45304ea9674c5ed127c76ef90e,6858,size_in_bytes,lib/ocaml/compiler-libs/printinstr.cmi,3417
2026-08-24T15:54:26Z,7dace2ea9c954e45304ea9674c5ed127c76ef90e,6858,size_in_bytes,lib/ocaml/compiler-libs/flambda2_terms__Code_metadata.cmi,43479
2026-08-24T15:54:26Z,7dace2ea9c954e45304ea9674c5ed127c76ef90e,6858,size_in_bytes,lib/ocaml/compiler-libs/flambda2_identifiers__Code_id.cmi,8697
2026-08-24T15:54:26Z,7dace2ea9c954e45304ea9674c5ed127c76ef90e,6858,size_in_bytes,lib/ocaml/compiler-libs/dwarf_low__Unit_type.cmi,2020
2026-08-24T15:54:26Z,7dace2ea9c954e45304ea9674c5ed127c76ef90e,6858,size_in_bytes,lib/ocaml/compiler-libs/flambda2_numbers__Vector_types.cmi,244768
2026-08-24T15:54:26Z,7dace2ea9c954e45304ea9674c5ed127c76ef90e,6858,size_in_bytes,lib/ocaml/compiler-libs/flambda2_simplify__Continuation_uses_env_intf.cmi,12207
2026-08-24T15:54:26Z,7dace2ea9c954e45304ea9674c5ed127c76ef90e,6858,size_in_bytes,lib/ocaml/compiler-libs/flambda2_from_lambda__Lambda_to_flambda_primitives.cmi,11725
2026-08-24T15:54:26Z,7dace2ea9c954e45304ea9674c5ed127c76ef90e,6858,size_in_bytes,lib/ocaml/compiler-libs/flambda2_nominal__Permutation.cmi,3544
2026-08-24T15:54:26Z,7dace2ea9c954e45304ea9674c5ed127c76ef90e,6858,size_in_bytes,lib/ocaml/compiler-libs/dissector_log.cmi,927
2026-08-24T15:54:26Z,7dace2ea9c954e45304ea9674c5ed127c76ef90e,6858,size_in_bytes,lib/ocaml/compiler-libs/dwarf_low__Range_list_table.cmi,4137
2026-08-24T15:54:26Z,7dace2ea9c954e45304ea9674c5ed127c76ef90e,6858,size_in_bytes,lib/ocaml/compiler-libs/jkind.cmi,117577
2026-08-24T15:54:26Z,7dace2ea9c954e45304ea9674c5ed127c76ef90e,6858,size_in_bytes,lib/ocaml/compiler-libs/flambda2_simplify__Simplify_common.cmi,20132
2026-08-24T15:54:26Z,7dace2ea9c954e45304ea9674c5ed127c76ef90e,6858,size_in_bytes,lib/ocaml/compiler-libs/diffing.cmi,9110
2026-08-24T15:54:26Z,7dace2ea9c954e45304ea9674c5ed127c76ef90e,6858,size_in_bytes,lib/ocaml/compiler-libs/arm64_binary_emitter__Mov_helpers.cmi,2131
2026-08-24T15:54:26Z,7dace2ea9c954e45304ea9674c5ed127c76ef90e,6858,size_in_bytes,lib/ocaml/compiler-libs/regalloc_utils.cmi,143023
2026-08-24T15:54:26Z,7dace2ea9c954e45304ea9674c5ed127c76ef90e,6858,size_in_bytes,lib/ocaml/compiler-libs/flambda2_kinds__Tag.cmi,177671
2026-08-24T15:54:26Z,7dace2ea9c954e45304ea9674c5ed127c76ef90e,6858,size_in_bytes,lib/ocaml/compiler-libs/emitaux.cmi,27312
2026-08-24T15:54:26Z,7dace2ea9c954e45304ea9674c5ed127c76ef90e,6858,size_in_bytes,lib/ocaml/compiler-libs/flambda2_identifiers__Reg_width_const.cmi,17909
2026-08-24T15:54:26Z,7dace2ea9c954e45304ea9674c5ed127c76ef90e,6858,size_in_bytes,lib/ocaml/compiler-libs/pparse.cmi,7482
2026-08-24T15:54:26Z,7dace2ea9c954e45304ea9674c5ed127c76ef90e,6858,size_in_bytes,lib/ocaml/compiler-libs/cmj_format.cmi,1809
2026-08-24T15:54:26Z,7dace2ea9c954e45304ea9674c5ed127c76ef90e,6858,size_in_bytes,lib/ocaml/compiler-libs/jit_backend.cmi,21862
2026-08-24T15:54:26Z,7dace2ea9c954e45304ea9674c5ed127c76ef90e,6858,size_in_bytes,lib/ocaml/compiler-libs/dwarf_low__Location_list_entry.cmi,3732
2026-08-24T15:54:26Z,7dace2ea9c954e45304ea9674c5ed127c76ef90e,6858,size_in_bytes,lib/ocaml/compiler-libs/arm64_ast.cmi,415
2026-08-24T15:54:26Z,7dace2ea9c954e45304ea9674c5ed127c76ef90e,6858,size_in_bytes,lib/ocaml/compiler-libs/flambda2_identifiers__Coercion0.cmi,7516
2026-08-24T15:54:26Z,7dace2ea9c954e45304ea9674c5ed127c76ef90e,6858,size_in_bytes,lib/ocaml/compiler-libs/optcomp_intf.cmi,15075
2026-08-24T15:54:26Z,7dace2ea9c954e45304ea9674c5ed127c76ef90e,6858,size_in_bytes,lib/ocaml/compiler-libs/flambda2_terms__Inline_attribute.cmi,8022
2026-08-24T15:54:26Z,7dace2ea9c954e45304ea9674c5ed127c76ef90e,6858,size_in_bytes,lib/ocaml/compiler-libs/dwarf_type.cmi,6199
2026-08-24T15:54:26Z,7dace2ea9c954e45304ea9674c5ed127c76ef90e,6858,size_in_bytes,lib/ocaml/compiler-libs/profile_counters_functions.cmi,3186
2026-08-24T15:54:26Z,7dace2ea9c954e45304ea9674c5ed127c76ef90e,6858,size_in_bytes,lib/ocaml/compiler-libs/flambda2_simplify__Number_adjuncts.cmi,390412
2026-08-24T15:54:26Z,7dace2ea9c954e45304ea9674c5ed127c76ef90e,6858,size_in_bytes,lib/ocaml/compiler-libs/flambda2_types__Provers.cmi,42026
2026-08-24T15:54:26Z,7dace2ea9c954e45304ea9674c5ed127c76ef90e,6858,size_in_bytes,lib/ocaml/compiler-libs/errortrace_report.cmi,6905
2026-08-24T15:54:26Z,7dace2ea9c954e45304ea9674c5ed127c76ef90e,6858,size_in_bytes,lib/ocaml/compiler-libs/cmm.cmi,60894
2026-08-24T15:54:26Z,7dace2ea9c954e45304ea9674c5ed127c76ef90e,6858,size_in_bytes,lib/ocaml/compiler-libs/regalloc_ls_utils.cmi,23866
2026-08-24T15:54:26Z,7dace2ea9c954e45304ea9674c5ed127c76ef90e,6858,size_in_bytes,lib/ocaml/compiler-libs/blambda.cmi,16913
2026-08-24T15:54:26Z,7dace2ea9c954e45304ea9674c5ed127c76ef90e,6858,size_in_bytes,lib/ocaml/compiler-libs/flambda2_terms__Recursive.cmi,7140
2026-08-24T15:54:26Z,7dace2ea9c954e45304ea9674c5ed127c76ef90e,6858,size_in_bytes,lib/ocaml/compiler-libs/dwarf_high__Simple_location_description_lang.cmi,12712
2026-08-24T15:54:26Z,7dace2ea9c954e45304ea9674c5ed127c76ef90e,6858,size_in_bytes,lib/ocaml/compiler-libs/opttoploop.cmi,23999
2026-08-24T15:54:26Z,7dace2ea9c954e45304ea9674c5ed127c76ef90e,6858,size_in_bytes,lib/ocaml/compiler-libs/measure_object_files.cmi,4027
2026-08-24T15:54:26Z,7dace2ea9c954e45304ea9674c5ed127c76ef90e,6858,size_in_bytes,lib/ocaml/compiler-libs/flambda2_identifiers.cmi,2801
2026-08-24T15:54:26Z,7dace2ea9c954e45304ea9674c5ed127c76ef90e,6858,size_in_bytes,lib/ocaml/compiler-libs/flambda2_datalog__.cmi,1695
2026-08-24T15:54:26Z,7dace2ea9c954e45304ea9674c5ed127c76ef90e,6858,size_in_bytes,lib/ocaml/compiler-libs/tast_iterator.cmi,18471
2026-08-24T15:54:26Z,7dace2ea9c954e45304ea9674c5ed127c76ef90e,6858,size_in_bytes,lib/ocaml/compiler-libs/printast_with_mappings.cmi,3526
2026-08-24T15:54:26Z,7dace2ea9c954e45304ea9674c5ed127c76ef90e,6858,size_in_bytes,lib/ocaml/compiler-libs/flambda2_simplify__Upwards_env.cmi,15953
2026-08-24T15:54:26Z,7dace2ea9c954e45304ea9674c5ed127c76ef90e,6858,size_in_bytes,lib/ocaml/compiler-libs/flambda2_identifiers__Name.cmi,65467
2026-08-24T15:54:26Z,7dace2ea9c954e45304ea9674c5ed127c76ef90e,6858,size_in_bytes,lib/ocaml/compiler-libs/flambda2_identifiers__Function_slot.cmi,78706
2026-08-24T15:54:26Z,7dace2ea9c954e45304ea9674c5ed127c76ef90e,6858,size_in_bytes,lib/ocaml/compiler-libs/flambda2_terms__Function_declarations.cmi,11077
2026-08-24T15:54:26Z,7dace2ea9c954e45304ea9674c5ed127c76ef90e,6858,size_in_bytes,lib/ocaml/compiler-libs/flambda2_numbers__Or_infinity.cmi,3265
2026-08-24T15:54:26Z,7dace2ea9c954e45304ea9674c5ed127c76ef90e,6858,size_in_bytes,lib/ocaml/compiler-libs/flambda2_simplify__Join_points.cmi,13262
2026-08-24T15:54:26Z,7dace2ea9c954e45304ea9674c5ed127c76ef90e,6858,size_in_bytes,lib/ocaml/compiler-libs/peephole_optimize.cmi,10362
2026-08-24T15:54:26Z,7dace2ea9c954e45304ea9674c5ed127c76ef90e,6858,size_in_bytes,lib/ocaml/compiler-libs/cfg_polling.cmi,11070
2026-08-24T15:54:26Z,7dace2ea9c954e45304ea9674c5ed127c76ef90e,6858,size_in_bytes,lib/ocaml/compiler-libs/partial_link.cmi,3525
2026-08-24T15:54:26Z,7dace2ea9c954e45304ea9674c5ed127c76ef90e,6858,size_in_bytes,lib/ocaml/compiler-libs/symbol_table.cmi,6516
2026-08-24T15:54:26Z,7dace2ea9c954e45304ea9674c5ed127c76ef90e,6858,size_in_bytes,lib/ocaml/compiler-libs/flambda2_reaper__Global_flow_graph.cmi,23140
2026-08-24T15:54:26Z,7dace2ea9c954e45304ea9674c5ed127c76ef90e,6858,size_in_bytes,lib/ocaml/compiler-libs/compute_ranges_intf.cmi,62914
2026-08-24T15:54:26Z,7dace2ea9c954e45304ea9674c5ed127c76ef90e,6858,size_in_bytes,lib/ocaml/compiler-libs/flambda2_nominal__Contains_names.cmi,5666
2026-08-24T15:54:26Z,7dace2ea9c954e45304ea9674c5ed127c76ef90e,6858,size_in_bytes,lib/ocaml/compiler-libs/flambda2_simplify__Simplify_quaternary_primitive.cmi,17322
2026-08-24T15:54:26Z,7dace2ea9c954e45304ea9674c5ed127c76ef90e,6858,size_in_bytes,lib/ocaml/compiler-libs/cfg_selectgen_target_intf.cmi,20276
2026-08-24T15:54:26Z,7dace2ea9c954e45304ea9674c5ed127c76ef90e,6858,size_in_bytes,lib/ocaml/compiler-libs/flambda2_nominal__Bindable.cmi,7125
2026-08-24T15:54:26Z,7dace2ea9c954e45304ea9674c5ed127c76ef90e,6858,size_in_bytes,lib/ocaml/compiler-libs/translclass.cmi,4267
2026-08-24T15:54:26Z,7dace2ea9c954e45304ea9674c5ed127c76ef90e,6858,size_in_bytes,lib/ocaml/compiler-libs/flambda2_simplify__Non_recursive_handler.cmi,12296
2026-08-24T15:54:26Z,7dace2ea9c954e45304ea9674c5ed127c76ef90e,6858,size_in_bytes,lib/ocaml/compiler-libs/flambda2_simplify__Mutable_unboxing.cmi,12378
2026-08-24T15:54:26Z,7dace2ea9c954e45304ea9674c5ed127c76ef90e,6858,size_in_bytes,lib/ocaml/compiler-libs/arm64_binary_emitter__Data_proc_helpers.cmi,4018
2026-08-24T15:54:26Z,7dace2ea9c954e45304ea9674c5ed127c76ef90e,6858,size_in_bytes,lib/ocaml/compiler-libs/flambda2_datalog__Heterogenous_list.cmi,3427
2026-08-24T15:54:26Z,7dace2ea9c954e45304ea9674c5ed127c76ef90e,6858,size_in_bytes,lib/ocaml/compiler-libs/cmt2annot.cmi,3809
2026-08-24T15:54:26Z,7dace2ea9c954e45304ea9674c5ed127c76ef90e,6858,size_in_bytes,lib/ocaml/compiler-libs/dwarf_low__Single_location_description.cmi,2662
2026-08-24T15:54:26Z,7dace2ea9c954e45304ea9674c5ed127c76ef90e,6858,size_in_bytes,lib/ocaml/compiler-libs/dwarf_low__Location_or_range_list_entry.cmi,8432
2026-08-24T15:54:26Z,7dace2ea9c954e45304ea9674c5ed127c76ef90e,6858,size_in_bytes,lib/ocaml/compiler-libs/flambda2_types__Join_levels_old.cmi,7730
2026-08-24T15:54:26Z,7dace2ea9c954e45304ea9674c5ed127c76ef90e,6858,size_in_bytes,lib/ocaml/compiler-libs/flambda2_reaper.cmi,2260
2026-08-24T15:54:26Z,7dace2ea9c954e45304ea9674c5ed127c76ef90e,6858,size_in_bytes,lib/ocaml/compiler-libs/flambda2_simplify__Continuation_uses.cmi,14918
2026-08-24T15:54:26Z,7dace2ea9c954e45304ea9674c5ed127c76ef90e,6858,size_in_bytes,lib/ocaml/compiler-libs/dwarf_name_laundry.cmi,4088
2026-08-24T15:54:26Z,7dace2ea9c954e45304ea9674c5ed127c76ef90e,6858,size_in_bytes,lib/ocaml/compiler-libs/opttopdirs.cmi,4176
2026-08-24T15:54:26Z,7dace2ea9c954e45304ea9674c5ed127c76ef90e,6858,size_in_bytes,lib/ocaml/compiler-libs/flambda2_types__Cached_level.cmi,11124
2026-08-24T15:54:26Z,7dace2ea9c954e45304ea9674c5ed127c76ef90e,6858,size_in_bytes,lib/ocaml/compiler-libs/flambda2_lattices__Or_unknown.cmi,67367
2026-08-24T15:54:26Z,7dace2ea9c954e45304ea9674c5ed127c76ef90e,6858,size_in_bytes,lib/ocaml/compiler-libs/lambda.cmi,151659
2026-08-24T15:54:26Z,7dace2ea9c954e45304ea9674c5ed127c76ef90e,6858,size_in_bytes,lib/ocaml/compiler-libs/flambda2_numbers.cmi,1046
2026-08-24T15:54:26Z,7dace2ea9c954e45304ea9674c5ed127c76ef90e,6858,size_in_bytes,lib/ocaml/compiler-libs/flambda2_terms__Code0.cmi,24644
2026-08-24T15:54:26Z,7dace2ea9c954e45304ea9674c5ed127c76ef90e,6858,size_in_bytes,lib/ocaml/compiler-libs/runtime_shape.cmi,24392
2026-08-24T15:54:26Z,7dace2ea9c954e45304ea9674c5ed127c76ef90e,6858,size_in_bytes,lib/ocaml/compiler-libs/flambda2_terms__Inlining_state.cmi,9676
2026-08-24T15:54:26Z,7dace2ea9c954e45304ea9674c5ed127c76ef90e,6858,size_in_bytes,lib/ocaml/compiler-libs/flambda2_term_basics__Or_invalid.cmi,2237
2026-08-24T15:54:26Z,7dace2ea9c954e45304ea9674c5ed127c76ef90e,6858,size_in_bytes,lib/ocaml/compiler-libs/depend.cmi,4850
2026-08-24T15:54:26Z,7dace2ea9c954e45304ea9674c5ed127c76ef90e,6858,size_in_bytes,lib/ocaml/compiler-libs/binary_emitter_helpers.cmi,1814
2026-08-24T15:54:26Z,7dace2ea9c954e45304ea9674c5ed127c76ef90e,6858,size_in_bytes,lib/ocaml/compiler-libs/flambda2_datalog__Column.cmi,65139
2026-08-24T15:54:26Z,7dace2ea9c954e45304ea9674c5ed127c76ef90e,6858,size_in_bytes,lib/ocaml/compiler-libs/arm64_binary_emitter__Load_store_helpers.cmi,14544
2026-08-24T15:54:26Z,7dace2ea9c954e45304ea9674c5ed127c76ef90e,6858,size_in_bytes,lib/ocaml/compiler-libs/regalloc_ls_state.cmi,15943
2026-08-24T15:54:26Z,7dace2ea9c954e45304ea9674c5ed127c76ef90e,6858,size_in_bytes,lib/ocaml/compiler-libs/dwarf_low__Dwarf_version.cmi,2346
2026-08-24T15:54:26Z,7dace2ea9c954e45304ea9674c5ed127c76ef90e,6858,size_in_bytes,lib/ocaml/compiler-libs/fdo_info.cmi,3138
2026-08-24T15:54:26Z,7dace2ea9c954e45304ea9674c5ed127c76ef90e,6858,size_in_bytes,lib/ocaml/compiler-libs/typedecl_variance.cmi,10177
2026-08-24T15:54:26Z,7dace2ea9c954e45304ea9674c5ed127c76ef90e,6858,size_in_bytes,lib/ocaml/compiler-libs/compile_common.cmi,10067
2026-08-24T15:54:26Z,7dace2ea9c954e45304ea9674c5ed127c76ef90e,6858,size_in_bytes,lib/ocaml/compiler-libs/dwarf_low__Location_or_range_list_table.cmi,4784
2026-08-24T15:54:26Z,7dace2ea9c954e45304ea9674c5ed127c76ef90e,6858,size_in_bytes,lib/ocaml/compiler-libs/flambda2_numbers__Numeric_types.cmi,819257
2026-08-24T15:54:26Z,7dace2ea9c954e45304ea9674c5ed127c76ef90e,6858,size_in_bytes,lib/ocaml/compiler-libs/cfg_with_layout.cmi,20929
2026-08-24T15:54:26Z,7dace2ea9c954e45304ea9674c5ed127c76ef90e,6858,size_in_bytes,lib/ocaml/compiler-libs/flambda2_term_basics__Scope.cmi,58446
2026-08-24T15:54:26Z,7dace2ea9c954e45304ea9674c5ed127c76ef90e,6858,size_in_bytes,lib/ocaml/compiler-libs/typemod.cmi,19858
2026-08-24T15:54:26Z,7dace2ea9c954e45304ea9674c5ed127c76ef90e,6858,size_in_bytes,lib/ocaml/compiler-libs/flambda2_simplify__Simplify_named_result.cmi,13706
2026-08-24T15:54:26Z,7dace2ea9c954e45304ea9674c5ed127c76ef90e,6858,size_in_bytes,lib/ocaml/compiler-libs/flambda2_parser__Fexpr.cmi,47816
2026-08-24T15:54:26Z,7dace2ea9c954e45304ea9674c5ed127c76ef90e,6858,size_in_bytes,lib/ocaml/compiler-libs/instructionId.cmi,55656
2026-08-24T15:54:26Z,7dace2ea9c954e45304ea9674c5ed127c76ef90e,6858,size_in_bytes,lib/ocaml/compiler-libs/flambda2_to_jsir__To_jsir.cmi,10481
2026-08-24T15:54:26Z,7dace2ea9c954e45304ea9674c5ed127c76ef90e,6858,size_in_bytes,lib/ocaml/compiler-libs/translcore.cmi,9867
2026-08-24T15:54:26Z,7dace2ea9c954e45304ea9674c5ed127c76ef90e,6858,size_in_bytes,lib/ocaml/compiler-libs/flambda2_nominal__Ids_for_export.cmi,10963
2026-08-24T15:54:26Z,7dace2ea9c954e45304ea9674c5ed127c76ef90e,6858,size_in_bytes,lib/ocaml/compiler-libs/flambda2_datalog__Datalog.cmi,11695
2026-08-24T15:54:26Z,7dace2ea9c954e45304ea9674c5ed127c76ef90e,6858,size_in_bytes,lib/ocaml/compiler-libs/data_types.cmi,11223
2026-08-24T15:54:26Z,7dace2ea9c954e45304ea9674c5ed127c76ef90e,6858,size_in_bytes,lib/ocaml/compiler-libs/regalloc_rewrite.cmi,14851
2026-08-24T15:54:26Z,7dace2ea9c954e45304ea9674c5ed127c76ef90e,6858,size_in_bytes,lib/ocaml/compiler-libs/consistbl.cmi,49701
2026-08-24T15:54:26Z,7dace2ea9c954e45304ea9674c5ed127c76ef90e,6858,size_in_bytes,lib/ocaml/compiler-libs/asm_targets__Asm_label.cmi,56242
2026-08-24T15:54:26Z,7dace2ea9c954e45304ea9674c5ed127c76ef90e,6858,size_in_bytes,lib/ocaml/compiler-libs/dwarf_low__Aranges_table.cmi,2394
2026-08-24T15:54:26Z,7dace2ea9c954e45304ea9674c5ed127c76ef90e,6858,size_in_bytes,lib/ocaml/compiler-libs/flambda2_simplify__Reification.cmi,11682
2026-08-24T15:54:26Z,7dace2ea9c954e45304ea9674c5ed127c76ef90e,6858,size_in_bytes,lib/ocaml/compiler-libs/flambda2_simplify__Apply_cont_rewrite.cmi,13114
2026-08-24T15:54:26Z,7dace2ea9c954e45304ea9674c5ed127c76ef90e,6858,size_in_bytes,lib/ocaml/compiler-libs/flambda2_terms__Coeffects.cmi,7647
2026-08-24T15:54:26Z,7dace2ea9c954e45304ea9674c5ed127c76ef90e,6858,size_in_bytes,lib/ocaml/compiler-libs/cfg_format.cmi,12202
2026-08-24T15:54:26Z,7dace2ea9c954e45304ea9674c5ed127c76ef90e,6858,size_in_bytes,lib/ocaml/compiler-libs/dwarf_high__Assign_abbrevs.cmi,3524
2026-08-24T15:54:26Z,7dace2ea9c954e45304ea9674c5ed127c76ef90e,6858,size_in_bytes,lib/ocaml/compiler-libs/outcometree.cmi,27197
2026-08-24T15:54:26Z,7dace2ea9c954e45304ea9674c5ed127c76ef90e,6858,size_in_bytes,lib/ocaml/compiler-libs/flambda2_parser__Flambda_to_fexpr_commons.cmi,76824
2026-08-24T15:54:26Z,7dace2ea9c954e45304ea9674c5ed127c76ef90e,6858,size_in_bytes,lib/ocaml/compiler-libs/dwarf_low__Dwarf_4_range_list.cmi,2792
2026-08-24T15:54:26Z,7dace2ea9c954e45304ea9674c5ed127c76ef90e,6858,size_in_bytes,lib/ocaml/compiler-libs/flambda2_to_jsir__To_jsir_result.cmi,8485
2026-08-24T15:54:26Z,7dace2ea9c954e45304ea9674c5ed127c76ef90e,6858,size_in_bytes,lib/ocaml/compiler-libs/binary_emitter_verify.cmi,4777
2026-08-24T15:54:26Z,7dace2ea9c954e45304ea9674c5ed127c76ef90e,6858,size_in_bytes,lib/ocaml/compiler-libs/flambda2_algorithms__Or_null.cmi,3469
2026-08-24T15:54:26Z,7dace2ea9c954e45304ea9674c5ed127c76ef90e,6858,size_in_bytes,lib/ocaml/compiler-libs/lexer.cmi,7009
2026-08-24T15:54:26Z,7dace2ea9c954e45304ea9674c5ed127c76ef90e,6858,size_in_bytes,lib/ocaml/compiler-libs/flambda2_simplify_shared__Call_site_inlining_decision_type.cmi,11098
2026-08-24T15:54:26Z,7dace2ea9c954e45304ea9674c5ed127c76ef90e,6858,size_in_bytes,lib/ocaml/compiler-libs/typeopt.cmi,11811
2026-08-24T15:54:26Z,7dace2ea9c954e45304ea9674c5ed127c76ef90e,6858,size_in_bytes,lib/ocaml/compiler-libs/flambda2_bound_identifiers.cmi,1876
2026-08-24T15:54:26Z,7dace2ea9c954e45304ea9674c5ed127c76ef90e,6858,size_in_bytes,lib/ocaml/compiler-libs/flambda2_classic_mode_types__Value_approximation.cmi,7977
2026-08-24T15:54:26Z,7dace2ea9c954e45304ea9674c5ed127c76ef90e,6858,size_in_bytes,lib/ocaml/compiler-libs/file_sections.cmi,3563
2026-08-24T15:54:26Z,7dace2ea9c954e45304ea9674c5ed127c76ef90e,6858,size_in_bytes,lib/ocaml/compiler-libs/load_path.cmi,7998
2026-08-24T15:54:26Z,7dace2ea9c954e45304ea9674c5ed127c76ef90e,6858,size_in_bytes,lib/ocaml/compiler-libs/dwarf_low__Simple_location_description.cmi,2532
2026-08-24T15:54:26Z,7dace2ea9c954e45304ea9674c5ed127c76ef90e,6858,size_in_bytes,lib/ocaml/compiler-libs/flambda2_terms__Poll_attribute.cmi,7801
2026-08-24T15:54:26Z,7dace2ea9c954e45304ea9674c5ed127c76ef90e,6858,size_in_bytes,lib/ocaml/compiler-libs/dwarf_low__Address_table.cmi,2966
2026-08-24T15:54:26Z,7dace2ea9c954e45304ea9674c5ed127c76ef90e,6858,size_in_bytes,lib/ocaml/compiler-libs/build_linker_args.cmi,2268
2026-08-24T15:54:26Z,7dace2ea9c954e45304ea9674c5ed127c76ef90e,6858,size_in_bytes,lib/ocaml/compiler-libs/warnings.cmi,21466
2026-08-24T15:54:26Z,7dace2ea9c954e45304ea9674c5ed127c76ef90e,6858,size_in_bytes,lib/ocaml/compiler-libs/domainstate.cmi,5794
2026-08-24T15:54:26Z,7dace2ea9c954e45304ea9674c5ed127c76ef90e,6858,size_in_bytes,lib/ocaml/compiler-libs/asmgen.cmi,16702
2026-08-24T15:54:26Z,7dace2ea9c954e45304ea9674c5ed127c76ef90e,6858,size_in_bytes,lib/ocaml/compiler-libs/flambda2_bound_identifiers__Bound_continuations.cmi,7368
2026-08-24T15:54:26Z,7dace2ea9c954e45304ea9674c5ed127c76ef90e,6858,size_in_bytes,lib/ocaml/compiler-libs/flambda2_terms__Code_size.cmi,12238
2026-08-24T15:54:26Z,7dace2ea9c954e45304ea9674c5ed127c76ef90e,6858,size_in_bytes,lib/ocaml/compiler-libs/flambda2_types__Meet_and_join.cmi,7999
2026-08-24T15:54:26Z,7dace2ea9c954e45304ea9674c5ed127c76ef90e,6858,size_in_bytes,lib/ocaml/compiler-libs/flambda2_ui__Flambda_colours.cmi,5914
2026-08-24T15:54:26Z,7dace2ea9c954e45304ea9674c5ed127c76ef90e,6858,size_in_bytes,lib/ocaml/compiler-libs/flambda2_simplify__Simplify_apply_cont_expr.cmi,11395
2026-08-24T15:54:26Z,7dace2ea9c954e45304ea9674c5ed127c76ef90e,6858,size_in_bytes,lib/ocaml/compiler-libs/dwarf_variables_and_parameters.cmi,13278
2026-08-24T15:54:26Z,7dace2ea9c954e45304ea9674c5ed127c76ef90e,6858,size_in_bytes,lib/ocaml/compiler-libs/flambda2_nominal.cmi,1564
2026-08-24T15:54:26Z,7dace2ea9c954e45304ea9674c5ed127c76ef90e,6858,size_in_bytes,lib/ocaml/compiler-libs/config.cmi,15855
2026-08-24T15:54:26Z,7dace2ea9c954e45304ea9674c5ed127c76ef90e,6858,size_in_bytes,lib/ocaml/compiler-libs/simplif.cmi,4631
2026-08-24T15:54:26Z,7dace2ea9c954e45304ea9674c5ed127c76ef90e,6858,size_in_bytes,lib/ocaml/compiler-libs/cm_bundle.cmi,2474
2026-08-24T15:54:26Z,7dace2ea9c954e45304ea9674c5ed127c76ef90e,6858,size_in_bytes,lib/ocaml/compiler-libs/flambda2_identifiers__Named_rewrite_id.cmi,56337
2026-08-24T15:54:26Z,7dace2ea9c954e45304ea9674c5ed127c76ef90e,6858,size_in_bytes,lib/ocaml/compiler-libs/btype.cmi,172285
2026-08-24T15:54:26Z,7dace2ea9c954e45304ea9674c5ed127c76ef90e,6858,size_in_bytes,lib/ocaml/compiler-libs/diffing_with_keys.cmi,7918
2026-08-24T15:54:26Z,7dace2ea9c954e45304ea9674c5ed127c76ef90e,6858,size_in_bytes,lib/ocaml/compiler-libs/flambda2_simplify__Simplify_let_expr.cmi,11719
2026-08-24T15:54:26Z,7dace2ea9c954e45304ea9674c5ed127c76ef90e,6858,size_in_bytes,lib/ocaml/compiler-libs/dwarf_low__Composite_location_description.cmi,2420
2026-08-24T15:54:26Z,7dace2ea9c954e45304ea9674c5ed127c76ef90e,6858,size_in_bytes,lib/ocaml/compiler-libs/extra_debug.cmi,10304
2026-08-24T15:54:26Z,7dace2ea9c954e45304ea9674c5ed127c76ef90e,6858,size_in_bytes,lib/ocaml/compiler-libs/dwarf_concrete_instances.cmi,13001
2026-08-24T15:54:26Z,7dace2ea9c954e45304ea9674c5ed127c76ef90e,6858,size_in_bytes,lib/ocaml/compiler-libs/dwarf_low__Child_determination.cmi,2159
2026-08-24T15:54:26Z,7dace2ea9c954e45304ea9674c5ed127c76ef90e,6858,size_in_bytes,lib/ocaml/compiler-libs/arm64_binary_emitter__Relocation.cmi,7128
2026-08-24T15:54:26Z,7dace2ea9c954e45304ea9674c5ed127c76ef90e,6858,size_in_bytes,lib/ocaml/compiler-libs/symbol.cmi,55662
2026-08-24T15:54:26Z,7dace2ea9c954e45304ea9674c5ed127c76ef90e,6858,size_in_bytes,lib/ocaml/compiler-libs/flambda2_identifiers__Int_ids.cmi,593358
2026-08-24T15:54:26Z,7dace2ea9c954e45304ea9674c5ed127c76ef90e,6858,size_in_bytes,lib/ocaml/compiler-libs/flambda2_nominal__Num_occurrences.cmi,1283
2026-08-24T15:54:26Z,7dace2ea9c954e45304ea9674c5ed127c76ef90e,6858,size_in_bytes,lib/ocaml/compiler-libs/flambda2_algorithms__Container_types_intf.cmi,355625
2026-08-24T15:54:26Z,7dace2ea9c954e45304ea9674c5ed127c76ef90e,6858,size_in_bytes,lib/ocaml/compiler-libs/ast_iterator.cmi,18496
2026-08-24T15:54:26Z,7dace2ea9c954e45304ea9674c5ed127c76ef90e,6858,size_in_bytes,lib/ocaml/compiler-libs/strongly_connected_components.cmi,10077
2026-08-24T15:54:26Z,7dace2ea9c954e45304ea9674c5ed127c76ef90e,6858,size_in_bytes,lib/ocaml/compiler-libs/oxcaml_args.cmi,222933
2026-08-24T15:54:26Z,7dace2ea9c954e45304ea9674c5ed127c76ef90e,6858,size_in_bytes,lib/ocaml/compiler-libs/flambda2_identifiers__Value_slot.cmi,78700
2026-08-24T15:54:26Z,7dace2ea9c954e45304ea9674c5ed127c76ef90e,6858,size_in_bytes,lib/ocaml/compiler-libs/terminfo.cmi,1903
2026-08-24T15:54:26Z,7dace2ea9c954e45304ea9674c5ed127c76ef90e,6858,size_in_bytes,lib/ocaml/compiler-libs/CSE.cmi,10580
2026-08-24T15:54:26Z,7dace2ea9c954e45304ea9674c5ed127c76ef90e,6858,size_in_bytes,lib/ocaml/compiler-libs/flambda2_simplify__Simplify.cmi,11216
2026-08-24T15:54:26Z,7dace2ea9c954e45304ea9674c5ed127c76ef90e,6858,size_in_bytes,lib/ocaml/compiler-libs/topmain.cmi,456
2026-08-24T15:54:26Z,7dace2ea9c954e45304ea9674c5ed127c76ef90e,6858,size_in_bytes,lib/ocaml/compiler-libs/flambda2_terms__Removed_operations.cmi,9835
2026-08-24T15:54:26Z,7dace2ea9c954e45304ea9674c5ed127c76ef90e,6858,size_in_bytes,lib/ocaml/compiler-libs/debug_event.cmi,9386
2026-08-24T15:54:26Z,7dace2ea9c954e45304ea9674c5ed127c76ef90e,6858,size_in_bytes,lib/ocaml/compiler-libs/flambda2_parser__Parse_flambda.cmi,10043
2026-08-24T15:54:26Z,7dace2ea9c954e45304ea9674c5ed127c76ef90e,6858,size_in_bytes,lib/ocaml/compiler-libs/optmaindriver.cmi,10363
2026-08-24T15:54:26Z,7dace2ea9c954e45304ea9674c5ed127c76ef90e,6858,size_in_bytes,lib/ocaml/compiler-libs/parmatch.cmi,12065
2026-08-24T15:54:26Z,7dace2ea9c954e45304ea9674c5ed127c76ef90e,6858,size_in_bytes,lib/ocaml/compiler-libs/oprint.cmi,4923
2026-08-24T15:54:26Z,7dace2ea9c954e45304ea9674c5ed127c76ef90e,6858,size_in_bytes,lib/ocaml/compiler-libs/x86_binary_emitter.cmi,36914
2026-08-24T15:54:26Z,7dace2ea9c954e45304ea9674c5ed127c76ef90e,6858,size_in_bytes,lib/ocaml/compiler-libs/arm64_binary_emitter__Adr_helpers.cmi,1860
2026-08-24T15:54:26Z,7dace2ea9c954e45304ea9674c5ed127c76ef90e,6858,size_in_bytes,lib/ocaml/compiler-libs/flambda2_simplify_shared__Inlining_report.cmi,41244
2026-08-24T15:54:26Z,7dace2ea9c954e45304ea9674c5ed127c76ef90e,6858,size_in_bytes,lib/ocaml/compiler-libs/ast_helper.cmi,138160
2026-08-24T15:54:26Z,7dace2ea9c954e45304ea9674c5ed127c76ef90e,6858,size_in_bytes,lib/ocaml/compiler-libs/flambda2.cmi,13441
2026-08-24T15:54:26Z,7dace2ea9c954e45304ea9674c5ed127c76ef90e,6858,size_in_bytes,lib/ocaml/compiler-libs/cmmgen_state.cmi,15111
2026-08-24T15:54:26Z,7dace2ea9c954e45304ea9674c5ed127c76ef90e,6858,size_in_bytes,lib/ocaml/compiler-libs/x86_proc.cmi,12973
2026-08-24T15:54:26Z,7dace2ea9c954e45304ea9674c5ed127c76ef90e,6858,size_in_bytes,lib/ocaml/compiler-libs/targetint.cmi,10827
2026-08-24T15:54:26Z,7dace2ea9c954e45304ea9674c5ed127c76ef90e,6858,size_in_bytes,lib/ocaml/compiler-libs/dwarf_flags.cmi,8277
2026-08-24T15:54:26Z,7dace2ea9c954e45304ea9674c5ed127c76ef90e,6858,size_in_bytes,lib/ocaml/compiler-libs/flambda2_identifiers__Slot.cmi,79217
2026-08-24T15:54:26Z,7dace2ea9c954e45304ea9674c5ed127c76ef90e,6858,size_in_bytes,lib/ocaml/compiler-libs/flambda2_datalog__Datalog_imports.cmi,7131
2026-08-24T15:54:26Z,7dace2ea9c954e45304ea9674c5ed127c76ef90e,6858,size_in_bytes,lib/ocaml/compiler-libs/x86_gas.cmi,2119
2026-08-24T15:54:26Z,7dace2ea9c954e45304ea9674c5ed127c76ef90e,6858,size_in_bytes,lib/ocaml/compiler-libs/printast.cmi,5211
2026-08-24T15:54:26Z,7dace2ea9c954e45304ea9674c5ed127c76ef90e,6858,size_in_bytes,lib/ocaml/compiler-libs/cfg_reducibility.cmi,10539
2026-08-24T15:54:26Z,7dace2ea9c954e45304ea9674c5ed127c76ef90e,6858,size_in_bytes,lib/ocaml/compiler-libs/flambda2_simplify__Are_lifting_conts.cmi,12295
2026-08-24T15:54:26Z,7dace2ea9c954e45304ea9674c5ed127c76ef90e,6858,size_in_bytes,lib/ocaml/compiler-libs/dwarf_low__Range_list_entry.cmi,3547
2026-08-24T15:54:26Z,7dace2ea9c954e45304ea9674c5ed127c76ef90e,6858,size_in_bytes,lib/ocaml/compiler-libs/current_unit.cmi,4214
2026-08-24T15:54:26Z,7dace2ea9c954e45304ea9674c5ed127c76ef90e,6858,size_in_bytes,lib/ocaml/compiler-libs/flambda2_to_cmm__To_cmm_primitive.cmi,11013
2026-08-24T15:54:26Z,7dace2ea9c954e45304ea9674c5ed127c76ef90e,6858,size_in_bytes,lib/ocaml/compiler-libs/slambdaeval.cmi,7397
2026-08-24T15:54:26Z,7dace2ea9c954e45304ea9674c5ed127c76ef90e,6858,size_in_bytes,lib/ocaml/compiler-libs/transl_list_comprehension.cmi,3618
2026-08-24T15:54:26Z,7dace2ea9c954e45304ea9674c5ed127c76ef90e,6858,size_in_bytes,lib/ocaml/compiler-libs/arm64_binary_emitter__Section_state.cmi,9219
2026-08-24T15:54:26Z,7dace2ea9c954e45304ea9674c5ed127c76ef90e,6858,size_in_bytes,lib/ocaml/compiler-libs/language_extension.cmi,15276
2026-08-24T15:54:26Z,7dace2ea9c954e45304ea9674c5ed127c76ef90e,6858,size_in_bytes,lib/ocaml/compiler-libs/flambda2_types__More_type_creators.cmi,29507
2026-08-24T15:54:26Z,7dace2ea9c954e45304ea9674c5ed127c76ef90e,6858,size_in_bytes,lib/ocaml/compiler-libs/translattribute.cmi,6550
2026-08-24T15:54:26Z,7dace2ea9c954e45304ea9674c5ed127c76ef90e,6858,size_in_bytes,lib/ocaml/compiler-libs/regalloc_irc.cmi,10812
2026-08-24T15:54:26Z,7dace2ea9c954e45304ea9674c5ed127c76ef90e,6858,size_in_bytes,lib/ocaml/compiler-libs/maindriver.cmi,810
2026-08-24T15:54:26Z,7dace2ea9c954e45304ea9674c5ed127c76ef90e,6858,size_in_bytes,lib/ocaml/compiler-libs/dwarf_low__Location_list.cmi,3255
2026-08-24T15:54:26Z,7dace2ea9c954e45304ea9674c5ed127c76ef90e,6858,size_in_bytes,lib/ocaml/compiler-libs/flambda2_term_basics__Inlined_debuginfo.cmi,6177
2026-08-24T15:54:26Z,7dace2ea9c954e45304ea9674c5ed127c76ef90e,6858,size_in_bytes,lib/ocaml/compiler-libs/dwarf_abstract_instances.cmi,5923
2026-08-24T15:54:26Z,7dace2ea9c954e45304ea9674c5ed127c76ef90e,6858,size_in_bytes,lib/ocaml/compiler-libs/flambda2_parser__Flambda_lex.cmi,8327
2026-08-24T15:54:26Z,7dace2ea9c954e45304ea9674c5ed127c76ef90e,6858,size_in_bytes,lib/ocaml/compiler-libs/lru.cmi,4436
2026-08-24T15:54:26Z,7dace2ea9c954e45304ea9674c5ed127c76ef90e,6858,size_in_bytes,lib/ocaml/compiler-libs/flambda2_reaper__Dot_printer.cmi,12559
2026-08-24T15:54:26Z,7dace2ea9c954e45304ea9674c5ed127c76ef90e,6858,size_in_bytes,lib/ocaml/compiler-libs/flambda2_types__Meet_env.cmi,19640
2026-08-24T15:54:26Z,7dace2ea9c954e45304ea9674c5ed127c76ef90e,6858,size_in_bytes,lib/ocaml/compiler-libs/flambda2_datalog.cmi,171189
2026-08-24T15:54:26Z,7dace2ea9c954e45304ea9674c5ed127c76ef90e,6858,size_in_bytes,lib/ocaml/compiler-libs/cmo_format.cmi,7137
2026-08-24T15:54:26Z,7dace2ea9c954e45304ea9674c5ed127c76ef90e,6858,size_in_bytes,lib/ocaml/compiler-libs/flambda2_simplify__Control_flow_graph.cmi,15315
2026-08-24T15:54:26Z,7dace2ea9c954e45304ea9674c5ed127c76ef90e,6858,size_in_bytes,lib/ocaml/compiler-libs/typecore.cmi,52062
2026-08-24T15:54:26Z,7dace2ea9c954e45304ea9674c5ed127c76ef90e,6858,size_in_bytes,lib/ocaml/compiler-libs/cfg_simplify.cmi,10318
2026-08-24T15:54:26Z,7dace2ea9c954e45304ea9674c5ed127c76ef90e,6858,size_in_bytes,lib/ocaml/compiler-libs/typedecl_properties.cmi,6901
2026-08-24T15:54:26Z,7dace2ea9c954e45304ea9674c5ed127c76ef90e,6858,size_in_bytes,lib/ocaml/compiler-libs/linkdeps.cmi,4363
2026-08-24T15:54:26Z,7dace2ea9c954e45304ea9674c5ed127c76ef90e,6858,size_in_bytes,lib/ocaml/compiler-libs/arm64_binary_emitter__For_jit.cmi,9499
2026-08-24T15:54:26Z,7dace2ea9c954e45304ea9674c5ed127c76ef90e,6858,size_in_bytes,lib/ocaml/compiler-libs/int_replace_polymorphic_compare.cmi,2355
2026-08-24T15:54:26Z,7dace2ea9c954e45304ea9674c5ed127c76ef90e,6858,size_in_bytes,lib/ocaml/compiler-libs/runtimedef.cmi,556
2026-08-24T15:54:26Z,7dace2ea9c954e45304ea9674c5ed127c76ef90e,6858,size_in_bytes,lib/ocaml/compiler-libs/attr_helper.cmi,2643
2026-08-24T15:54:26Z,7dace2ea9c954e45304ea9674c5ed127c76ef90e,6858,size_in_bytes,lib/ocaml/compiler-libs/flambda2_to_jsir__To_jsir_env.cmi,20923
2026-08-24T15:54:26Z,7dace2ea9c954e45304ea9674c5ed127c76ef90e,6858,size_in_bytes,lib/ocaml/compiler-libs/flambda2_types__Join_env.cmi,16388
2026-08-24T15:54:26Z,7dace2ea9c954e45304ea9674c5ed127c76ef90e,6858,size_in_bytes,lib/ocaml/compiler-libs/flambda2_simplify__Simplify_ternary_primitive.cmi,12303
2026-08-24T15:54:26Z,7dace2ea9c954e45304ea9674c5ed127c76ef90e,6858,size_in_bytes,lib/ocaml/compiler-libs/profile.cmi,7884
2026-08-24T15:54:26Z,7dace2ea9c954e45304ea9674c5ed127c76ef90e,6858,size_in_bytes,lib/ocaml/compiler-libs/matching.cmi,11110
2026-08-24T15:54:26Z,7dace2ea9c954e45304ea9674c5ed127c76ef90e,6858,size_in_bytes,lib/ocaml/compiler-libs/flambda2_reaper__Analysis.cmi,13960
2026-08-24T15:54:26Z,7dace2ea9c954e45304ea9674c5ed127c76ef90e,6858,size_in_bytes,lib/ocaml/compiler-libs/flambda2_simplify__Simplified_named.cmi,14495
2026-08-24T15:54:26Z,7dace2ea9c954e45304ea9674c5ed127c76ef90e,6858,size_in_bytes,lib/ocaml/compiler-libs/flambda2_from_lambda__Closure_conversion.cmi,20465
2026-08-24T15:54:26Z,7dace2ea9c954e45304ea9674c5ed127c76ef90e,6858,size_in_bytes,lib/ocaml/compiler-libs/jkind_axis.cmi,22769
2026-08-24T15:54:26Z,7dace2ea9c954e45304ea9674c5ed127c76ef90e,6858,size_in_bytes,lib/ocaml/compiler-libs/flambda2_term_basics__Continuation_use_kind.cmi,1001
2026-08-24T15:54:26Z,7dace2ea9c954e45304ea9674c5ed127c76ef90e,6858,size_in_bytes,lib/ocaml/compiler-libs/regalloc_stack_slots.cmi,13465
2026-08-24T15:54:26Z,7dace2ea9c954e45304ea9674c5ed127c76ef90e,6858,size_in_bytes,lib/ocaml/compiler-libs/cfg_selection.cmi,23564
2026-08-24T15:54:26Z,7dace2ea9c954e45304ea9674c5ed127c76ef90e,6858,size_in_bytes,lib/ocaml/compiler-libs/mixed_block_shape.cmi,8550
2026-08-24T15:54:26Z,7dace2ea9c954e45304ea9674c5ed127c76ef90e,6858,size_in_bytes,lib/ocaml/compiler-libs/typeclass.cmi,19252
2026-08-24T15:54:26Z,7dace2ea9c954e45304ea9674c5ed127c76ef90e,6858,size_in_bytes,lib/ocaml/compiler-libs/flambda2_terms__Effects_and_coeffects.cmi,8414
2026-08-24T15:54:26Z,7dace2ea9c954e45304ea9674c5ed127c76ef90e,6858,size_in_bytes,lib/ocaml/compiler-libs/flambda2_simplify__Simplify_rec_info_expr.cmi,13802
2026-08-24T15:54:26Z,7dace2ea9c954e45304ea9674c5ed127c76ef90e,6858,size_in_bytes,lib/ocaml/compiler-libs/flambda2_simplify__Unboxers.cmi,14312
2026-08-24T15:54:26Z,7dace2ea9c954e45304ea9674c5ed127c76ef90e,6858,size_in_bytes,lib/ocaml/compiler-libs/ldd.cmi,7854
2026-08-24T15:54:26Z,7dace2ea9c954e45304ea9674c5ed127c76ef90e,6858,size_in_bytes,lib/ocaml/compiler-libs/builtin_attributes.cmi,22034
2026-08-24T15:54:26Z,7dace2ea9c954e45304ea9674c5ed127c76ef90e,6858,size_in_bytes,lib/ocaml/compiler-libs/dwarf_low__Dwarf_operator.cmi,18659
2026-08-24T15:54:26Z,7dace2ea9c954e45304ea9674c5ed127c76ef90e,6858,size_in_bytes,lib/ocaml/compiler-libs/dwarf_high__Dwarf_world.cmi,4180
2026-08-24T15:54:26Z,7dace2ea9c954e45304ea9674c5ed127c76ef90e,6858,size_in_bytes,lib/ocaml/compiler-libs/dwarf_high__Operator_builder.cmi,6757
2026-08-24T15:54:26Z,7dace2ea9c954e45304ea9674c5ed127c76ef90e,6858,size_in_bytes,lib/ocaml/compiler-libs/flambda2_datalog__Virtual_machine.cmi,10637
2026-08-24T15:54:26Z,7dace2ea9c954e45304ea9674c5ed127c76ef90e,6858,size_in_bytes,lib/ocaml/compiler-libs/flambda2_datalog__Value.cmi,2593
2026-08-24T15:54:26Z,7dace2ea9c954e45304ea9674c5ed127c76ef90e,6858,size_in_bytes,lib/ocaml/compiler-libs/flambda2_to_jsir__To_jsir_shared.cmi,13865
2026-08-24T15:54:26Z,7dace2ea9c954e45304ea9674c5ed127c76ef90e,6858,size_in_bytes,lib/ocaml/compiler-libs/simd.cmi,1443320
2026-08-24T15:54:26Z,7dace2ea9c954e45304ea9674c5ed127c76ef90e,6858,size_in_bytes,lib/ocaml/compiler-libs/flambda2_simplify__Rebuilt_expr.cmi,21008
2026-08-24T15:54:26Z,7dace2ea9c954e45304ea9674c5ed127c76ef90e,6858,size_in_bytes,lib/ocaml/compiler-libs/flambda2_simplify__Simplify_primitive.cmi,11454
2026-08-24T15:54:26Z,7dace2ea9c954e45304ea9674c5ed127c76ef90e,6858,size_in_bytes,lib/ocaml/compiler-libs/instantiator.cmi,7798
2026-08-24T15:54:26Z,7dace2ea9c954e45304ea9674c5ed127c76ef90e,6858,size_in_bytes,lib/ocaml/compiler-libs/envaux.cmi,3973
2026-08-24T15:54:26Z,7dace2ea9c954e45304ea9674c5ed127c76ef90e,6858,size_in_bytes,lib/ocaml/compiler-libs/flambda2_numbers__Targetint_32_64.cmi,124686
2026-08-24T15:54:26Z,7dace2ea9c954e45304ea9674c5ed127c76ef90e,6858,size_in_bytes,lib/ocaml/compiler-libs/linear_format.cmi,12563
2026-08-24T15:54:26Z,7dace2ea9c954e45304ea9674c5ed127c76ef90e,6858,size_in_bytes,lib/ocaml/compiler-libs/printpat.cmi,4358
2026-08-24T15:54:26Z,7dace2ea9c954e45304ea9674c5ed127c76ef90e,6858,size_in_bytes,lib/ocaml/compiler-libs/value_rec_compiler.cmi,3180
2026-08-24T15:54:26Z,7dace2ea9c954e45304ea9674c5ed127c76ef90e,6858,size_in_bytes,lib/ocaml/compiler-libs/flambda2_simplify__Optimistic_unboxing_decision.cmi,9529
2026-08-24T15:54:26Z,7dace2ea9c954e45304ea9674c5ed127c76ef90e,6858,size_in_bytes,lib/ocaml/compiler-libs/x86_ast.cmi,17412
2026-08-24T15:54:26Z,7dace2ea9c954e45304ea9674c5ed127c76ef90e,6858,size_in_bytes,lib/ocaml/compiler-libs/flambda2_terms__Loopify_attribute.cmi,7789
2026-08-24T15:54:26Z,7dace2ea9c954e45304ea9674c5ed127c76ef90e,6858,size_in_bytes,lib/ocaml/compiler-libs/flambda2_datalog__Trie.cmi,12345
2026-08-24T15:54:26Z,7dace2ea9c954e45304ea9674c5ed127c76ef90e,6858,size_in_bytes,lib/ocaml/compiler-libs/regs_utils.cmi,69328
2026-08-24T15:54:26Z,7dace2ea9c954e45304ea9674c5ed127c76ef90e,6858,size_in_bytes,lib/ocaml/compiler-libs/flambda2_terms__First_complex_local_param.cmi,7266
2026-08-24T15:54:26Z,7dace2ea9c954e45304ea9674c5ed127c76ef90e,6858,size_in_bytes,lib/ocaml/compiler-libs/regalloc_affinity.cmi,12720
2026-08-24T15:54:26Z,7dace2ea9c954e45304ea9674c5ed127c76ef90e,6858,size_in_bytes,lib/ocaml/compiler-libs/arm64_binary_emitter__Bitfield_helpers.cmi,1974
2026-08-24T15:54:26Z,7dace2ea9c954e45304ea9674c5ed127c76ef90e,6858,size_in_bytes,lib/ocaml/compiler-libs/ikind.cmi,14175
2026-08-24T15:54:26Z,7dace2ea9c954e45304ea9674c5ed127c76ef90e,6858,size_in_bytes,lib/ocaml/compiler-libs/flambda2_term_basics__Value_slot_set.cmi,59312
2026-08-24T15:54:26Z,7dace2ea9c954e45304ea9674c5ed127c76ef90e,6858,size_in_bytes,lib/ocaml/compiler-libs/llvm_ir.cmi,125003
2026-08-24T15:54:26Z,7dace2ea9c954e45304ea9674c5ed127c76ef90e,6858,size_in_bytes,lib/ocaml/compiler-libs/flambda2_types__Type_grammar.cmi,229424
2026-08-24T15:54:26Z,7dace2ea9c954e45304ea9674c5ed127c76ef90e,6858,size_in_bytes,lib/ocaml/compiler-libs/cfg_to_linear_desc.cmi,10253
2026-08-24T15:54:26Z,7dace2ea9c954e45304ea9674c5ed127c76ef90e,6858,size_in_bytes,lib/ocaml/compiler-libs/flambda2_parser__Fexpr_prim.cmi,40264
2026-08-24T15:54:26Z,7dace2ea9c954e45304ea9674c5ed127c76ef90e,6858,size_in_bytes,lib/ocaml/compiler-libs/zero_alloc_annotations.cmi,3088
2026-08-24T15:54:26Z,7dace2ea9c954e45304ea9674c5ed127c76ef90e,6858,size_in_bytes,lib/ocaml/compiler-libs/flambda2_to_cmm__To_cmm_result.cmi,15445
2026-08-24T15:54:26Z,7dace2ea9c954e45304ea9674c5ed127c76ef90e,6858,size_in_bytes,lib/ocaml/compiler-libs/shape.cmi,130345
2026-08-24T15:54:26Z,7dace2ea9c954e45304ea9674c5ed127c76ef90e,6858,size_in_bytes,lib/ocaml/compiler-libs/cfg_invariants.cmi,10431
2026-08-24T15:54:26Z,7dace2ea9c954e45304ea9674c5ed127c76ef90e,6858,size_in_bytes,lib/ocaml/compiler-libs/flambda2_to_cmm__To_cmm_shared.cmi,24951
2026-08-24T15:54:26Z,7dace2ea9c954e45304ea9674c5ed127c76ef90e,6858,size_in_bytes,lib/ocaml/compiler-libs/printlambda.cmi,10089
2026-08-24T15:54:26Z,7dace2ea9c954e45304ea9674c5ed127c76ef90e,6858,size_in_bytes,lib/ocaml/compiler-libs/regalloc_stack_operands.cmi,11290
2026-08-24T15:54:26Z,7dace2ea9c954e45304ea9674c5ed127c76ef90e,6858,size_in_bytes,lib/ocaml/compiler-libs/cfg_cse.cmi,10547
2026-08-24T15:54:26Z,7dace2ea9c954e45304ea9674c5ed127c76ef90e,6858,size_in_bytes,lib/ocaml/compiler-libs/x86_masm.cmi,1620
2026-08-24T15:54:26Z,7dace2ea9c954e45304ea9674c5ed127c76ef90e,6858,size_in_bytes,lib/ocaml/compiler-libs/clflags.cmi,62508
2026-08-24T15:54:26Z,7dace2ea9c954e45304ea9674c5ed127c76ef90e,6858,size_in_bytes,lib/ocaml/compiler-libs/dissector.cmi,4357
2026-08-24T15:54:26Z,7dace2ea9c954e45304ea9674c5ed127c76ef90e,6858,size_in_bytes,lib/ocaml/compiler-libs/flambda2_simplify__Simplify_import.cmi,12760
2026-08-24T15:54:26Z,7dace2ea9c954e45304ea9674c5ed127c76ef90e,6858,size_in_bytes,lib/ocaml/compiler-libs/flambda2_lattices.cmi,646
2026-08-24T15:54:26Z,7dace2ea9c954e45304ea9674c5ed127c76ef90e,6858,size_in_bytes,lib/ocaml/compiler-libs/flambda2_simplify__Specialization_cost.cmi,13060
2026-08-24T15:54:26Z,7dace2ea9c954e45304ea9674c5ed127c76ef90e,6858,size_in_bytes,lib/ocaml/compiler-libs/flambda2_kinds.cmi,578
2026-08-24T15:54:26Z,7dace2ea9c954e45304ea9674c5ed127c76ef90e,6858,size_in_bytes,lib/ocaml/compiler-libs/flambda2_simplify__Simplify_static_const.cmi,11943
2026-08-24T15:54:26Z,7dace2ea9c954e45304ea9674c5ed127c76ef90e,6858,size_in_bytes,lib/ocaml/compiler-libs/asttypes.cmi,5153
2026-08-24T15:54:26Z,7dace2ea9c954e45304ea9674c5ed127c76ef90e,6858,size_in_bytes,lib/ocaml/compiler-libs/cfg_dominators.cmi,12829
2026-08-24T15:54:26Z,7dace2ea9c954e45304ea9674c5ed127c76ef90e,6858,size_in_bytes,lib/ocaml/compiler-libs/string_table.cmi,1777
2026-08-24T15:54:26Z,7dace2ea9c954e45304ea9674c5ed127c76ef90e,6858,size_in_bytes,lib/ocaml/compiler-libs/parsetree.cmi,82378
2026-08-24T15:54:26Z,7dace2ea9c954e45304ea9674c5ed127c76ef90e,6858,size_in_bytes,lib/ocaml/compiler-libs/errors.cmi,777
2026-08-24T15:54:26Z,7dace2ea9c954e45304ea9674c5ed127c76ef90e,6858,size_in_bytes,lib/ocaml/compiler-libs/igot.cmi,4594
2026-08-24T15:54:26Z,7dace2ea9c954e45304ea9674c5ed127c76ef90e,6858,size_in_bytes,lib/ocaml/compiler-libs/flambda2_algorithms__Channel.cmi,3202
2026-08-24T15:54:26Z,7dace2ea9c954e45304ea9674c5ed127c76ef90e,6858,size_in_bytes,lib/ocaml/compiler-libs/flambda2_simplify__Comparison_result.cmi,8203
2026-08-24T15:54:26Z,7dace2ea9c954e45304ea9674c5ed127c76ef90e,6858,size_in_bytes,lib/ocaml/compiler-libs/cfg_comballoc.cmi,10325
2026-08-24T15:54:26Z,7dace2ea9c954e45304ea9674c5ed127c76ef90e,6858,size_in_bytes,lib/ocaml/compiler-libs/dwarf_low__Debug_loc_table.cmi,3370
2026-08-24T15:54:26Z,7dace2ea9c954e45304ea9674c5ed127c76ef90e,6858,size_in_bytes,lib/ocaml/compiler-libs/dwarf_compilation_unit.cmi,5114
2026-08-24T15:54:26Z,7dace2ea9c954e45304ea9674c5ed127c76ef90e,6858,size_in_bytes,lib/ocaml/compiler-libs/debuginfo.cmi,18317
2026-08-24T15:54:26Z,7dace2ea9c954e45304ea9674c5ed127c76ef90e,6858,size_in_bytes,lib/ocaml/compiler-libs/flambda2_terms__Exn_continuation.cmi,64529
2026-08-24T15:54:26Z,7dace2ea9c954e45304ea9674c5ed127c76ef90e,6858,size_in_bytes,lib/ocaml/compiler-libs/cfg_loop_infos.cmi,14471
2026-08-24T15:54:26Z,7dace2ea9c954e45304ea9674c5ed127c76ef90e,6858,size_in_bytes,lib/ocaml/compiler-libs/flambda2_simplify__Unboxing_types.cmi,20326
2026-08-24T15:54:26Z,7dace2ea9c954e45304ea9674c5ed127c76ef90e,6858,size_in_bytes,lib/ocaml/compiler-libs/linear.cmi,19233
2026-08-24T15:54:26Z,7dace2ea9c954e45304ea9674c5ed127c76ef90e,6858,size_in_bytes,lib/ocaml/compiler-libs/iplt.cmi,4933
2026-08-24T15:54:26Z,7dace2ea9c954e45304ea9674c5ed127c76ef90e,6858,size_in_bytes,lib/ocaml/compiler-libs/cmm_peephole_engine.cmi,15763
2026-08-24T15:54:26Z,7dace2ea9c954e45304ea9674c5ed127c76ef90e,6858,size_in_bytes,lib/ocaml/compiler-libs/flambda2_from_lambda__Lambda_to_flambda_env.cmi,20649
2026-08-24T15:54:26Z,7dace2ea9c954e45304ea9674c5ed127c76ef90e,6858,size_in_bytes,lib/ocaml/compiler-libs/x86_ast_utils.cmi,4837
2026-08-24T15:54:26Z,7dace2ea9c954e45304ea9674c5ed127c76ef90e,6858,size_in_bytes,lib/ocaml/compiler-libs/flambda2_compare__Compare.cmi,10077
2026-08-24T15:54:26Z,7dace2ea9c954e45304ea9674c5ed127c76ef90e,6858,size_in_bytes,lib/ocaml/compiler-libs/transl_array_comprehension.cmi,3734
2026-08-24T15:54:26Z,7dace2ea9c954e45304ea9674c5ed127c76ef90e,6858,size_in_bytes,lib/ocaml/compiler-libs/flambda2_parser__Fexpr_to_flambda.cmi,9978
2026-08-24T15:54:26Z,7dace2ea9c954e45304ea9674c5ed127c76ef90e,6858,size_in_bytes,lib/ocaml/compiler-libs/emit.cmi,11406
2026-08-24T15:54:26Z,7dace2ea9c954e45304ea9674c5ed127c76ef90e,6858,size_in_bytes,lib/ocaml/compiler-libs/slambdaident.cmi,54323
2026-08-24T15:54:26Z,7dace2ea9c954e45304ea9674c5ed127c76ef90e,6858,size_in_bytes,lib/ocaml/compiler-libs/flambda2_parser__Flambda_to_fexpr.cmi,8928
2026-08-24T15:54:26Z,7dace2ea9c954e45304ea9674c5ed127c76ef90e,6858,size_in_bytes,lib/ocaml/compiler-libs/flambda2_reaper__Rebuilt_expr.cmi,14033
2026-08-24T15:54:26Z,7dace2ea9c954e45304ea9674c5ed127c76ef90e,6858,size_in_bytes,lib/ocaml/compiler-libs/flambda2_to_jsir__To_jsir_primitive.cmi,9156
2026-08-24T15:54:26Z,7dace2ea9c954e45304ea9674c5ed127c76ef90e,6858,size_in_bytes,lib/ocaml/compiler-libs/dwarf_low__Dwarf_4_location_list.cmi,3041
2026-08-24T15:54:26Z,7dace2ea9c954e45304ea9674c5ed127c76ef90e,6858,size_in_bytes,lib/ocaml/compiler-libs/flambda2_simplify_shared__Function_decl_inlining_decision.cmi,8753
2026-08-24T15:54:26Z,7dace2ea9c954e45304ea9674c5ed127c76ef90e,6858,size_in_bytes,lib/ocaml/compiler-libs/flambda2_term_basics__Unit.cmi,60822
2026-08-24T15:54:26Z,7dace2ea9c954e45304ea9674c5ed127c76ef90e,6858,size_in_bytes,lib/ocaml/compiler-libs/flambda2_floats__Float32.cmi,4308
2026-08-24T15:54:26Z,7dace2ea9c954e45304ea9674c5ed127c76ef90e,6858,size_in_bytes,lib/ocaml/compiler-libs/x86_section.cmi,32105
2026-08-24T15:54:26Z,7dace2ea9c954e45304ea9674c5ed127c76ef90e,6858,size_in_bytes,lib/ocaml/compiler-libs/dwarf_reg_locations.cmi,10202
2026-08-24T15:54:26Z,7dace2ea9c954e45304ea9674c5ed127c76ef90e,6858,size_in_bytes,lib/ocaml/compiler-libs/flambda2_simplify__Simplify_extcall.cmi,12206
2026-08-24T15:54:26Z,7dace2ea9c954e45304ea9674c5ed127c76ef90e,6858,size_in_bytes,lib/ocaml/compiler-libs/opcodes.cmi,19771
2026-08-24T15:54:26Z,7dace2ea9c954e45304ea9674c5ed127c76ef90e,6858,size_in_bytes,lib/ocaml/compiler-libs/ident.cmi,64981
2026-08-24T15:54:26Z,7dace2ea9c954e45304ea9674c5ed127c76ef90e,6858,size_in_bytes,lib/ocaml/compiler-libs/regalloc_gi_state.cmi,14528
2026-08-24T15:54:26Z,7dace2ea9c954e45304ea9674c5ed127c76ef90e,6858,size_in_bytes,lib/ocaml/compiler-libs/flambda2_from_lambda__Closure_conversion_aux.cmi,70405
2026-08-24T15:54:26Z,7dace2ea9c954e45304ea9674c5ed127c76ef90e,6858,size_in_bytes,lib/ocaml/compiler-libs/dwarf_low__Abbreviations_table_entry.cmi,3619
2026-08-24T15:54:26Z,7dace2ea9c954e45304ea9674c5ed127c76ef90e,6858,size_in_bytes,lib/ocaml/compiler-libs/flambda2_term_basics__Rec_info_expr.cmi,10412
2026-08-24T15:54:26Z,7dace2ea9c954e45304ea9674c5ed127c76ef90e,6858,size_in_bytes,lib/ocaml/compiler-libs/compiler_hooks.cmi,13792
2026-08-24T15:54:26Z,7dace2ea9c954e45304ea9674c5ed127c76ef90e,6858,size_in_bytes,lib/ocaml/compiler-libs/flambda2_simplify__Flow.cmi,21140
2026-08-24T15:54:26Z,7dace2ea9c954e45304ea9674c5ed127c76ef90e,6858,size_in_bytes,lib/ocaml/compiler-libs/dwarf_low__Abbreviation_code.cmi,2942
2026-08-24T15:54:26Z,7dace2ea9c954e45304ea9674c5ed127c76ef90e,6858,size_in_bytes,lib/ocaml/compiler-libs/flambda2_simplify__Downwards_env.cmi,45794
2026-08-24T15:54:26Z,7dace2ea9c954e45304ea9674c5ed127c76ef90e,6858,size_in_bytes,lib/ocaml/compiler-libs/bytesections.cmi,5091
2026-08-24T15:54:26Z,7dace2ea9c954e45304ea9674c5ed127c76ef90e,6858,size_in_bytes,lib/ocaml/compiler-libs/dwarf_inlined_frames.cmi,12636
2026-08-24T15:54:26Z,7dace2ea9c954e45304ea9674c5ed127c76ef90e,6858,size_in_bytes,lib/ocaml/compiler-libs/topdirs.cmi,4786
2026-08-24T15:54:26Z,7dace2ea9c954e45304ea9674c5ed127c76ef90e,6858,size_in_bytes,lib/ocaml/compiler-libs/flambda2_bound_identifiers__Bound_continuation.cmi,7141
2026-08-24T15:54:26Z,7dace2ea9c954e45304ea9674c5ed127c76ef90e,6858,size_in_bytes,lib/ocaml/compiler-libs/flambda2_simplify__Data_flow_graph.cmi,11894
2026-08-24T15:54:26Z,7dace2ea9c954e45304ea9674c5ed127c76ef90e,6858,size_in_bytes,lib/ocaml/compiler-libs/stack_reg_offset.cmi,1161
2026-08-24T15:54:26Z,7dace2ea9c954e45304ea9674c5ed127c76ef90e,6858,size_in_bytes,lib/ocaml/compiler-libs/instruct.cmi,20550
2026-08-24T15:54:26Z,7dace2ea9c954e45304ea9674c5ed127c76ef90e,6858,size_in_bytes,lib/ocaml/compiler-libs/syntaxerr.cmi,4618
2026-08-24T15:54:26Z,7dace2ea9c954e45304ea9674c5ed127c76ef90e,6858,size_in_bytes,lib/ocaml/compiler-libs/dwarf_high__Proto_die.cmi,8454
2026-08-24T15:54:26Z,7dace2ea9c954e45304ea9674c5ed127c76ef90e,6858,size_in_bytes,lib/ocaml/compiler-libs/printreg.cmi,13162
2026-08-24T15:54:26Z,7dace2ea9c954e45304ea9674c5ed127c76ef90e,6858,size_in_bytes,lib/ocaml/compiler-libs/dwarf_low__Dwarf_4_range_list_entry.cmi,3449
2026-08-24T15:54:26Z,7dace2ea9c954e45304ea9674c5ed127c76ef90e,6858,size_in_bytes,lib/ocaml/compiler-libs/regalloc_irc_state.cmi,36271
2026-08-24T15:54:26Z,7dace2ea9c954e45304ea9674c5ed127c76ef90e,6858,size_in_bytes,lib/ocaml/compiler-libs/mixed_product_bytes.cmi,9406
2026-08-24T15:54:26Z,7dace2ea9c954e45304ea9674c5ed127c76ef90e,6858,size_in_bytes,lib/ocaml/compiler-libs/flambda2_identifiers__Continuation.cmi,72901
2026-08-24T15:54:26Z,7dace2ea9c954e45304ea9674c5ed127c76ef90e,6858,size_in_bytes,lib/ocaml/compiler-libs/regalloc_invariants.cmi,11005
2026-08-24T15:54:26Z,7dace2ea9c954e45304ea9674c5ed127c76ef90e,6858,size_in_bytes,lib/ocaml/compiler-libs/arm64_binary_emitter__Add_sub_helpers.cmi,6664
2026-08-24T15:54:26Z,7dace2ea9c954e45304ea9674c5ed127c76ef90e,6858,size_in_bytes,lib/ocaml/compiler-libs/format_doc.cmi,35077
2026-08-24T15:54:26Z,7dace2ea9c954e45304ea9674c5ed127c76ef90e,6858,size_in_bytes,lib/ocaml/compiler-libs/binutils.cmi,2095
2026-08-24T15:54:26Z,7dace2ea9c954e45304ea9674c5ed127c76ef90e,6858,size_in_bytes,lib/ocaml/compiler-libs/flambda2_compare.cmi,347
2026-08-24T15:54:26Z,7dace2ea9c954e45304ea9674c5ed127c76ef90e,6858,size_in_bytes,lib/ocaml/compiler-libs/cfg_liveness.cmi,16415
2026-08-24T15:54:26Z,7dace2ea9c954e45304ea9674c5ed127c76ef90e,6858,size_in_bytes,lib/ocaml/compiler-libs/flambda2_types__Join_levels.cmi,7970
2026-08-24T15:54:26Z,7dace2ea9c954e45304ea9674c5ed127c76ef90e,6858,size_in_bytes,lib/ocaml/compiler-libs/eh_frame_registration.cmi,658
2026-08-24T15:54:26Z,7dace2ea9c954e45304ea9674c5ed127c76ef90e,6858,size_in_bytes,lib/ocaml/compiler-libs/flambda2_reaper__Traverse.cmi,15475
2026-08-24T15:54:26Z,7dace2ea9c954e45304ea9674c5ed127c76ef90e,6858,size_in_bytes,lib/ocaml/compiler-libs/slambda_fracture.cmi,2899
2026-08-24T15:54:26Z,7dace2ea9c954e45304ea9674c5ed127c76ef90e,6858,size_in_bytes,lib/ocaml/compiler-libs/flambda2_term_basics__Symbol_projection.cmi,10124
2026-08-24T15:54:26Z,7dace2ea9c954e45304ea9674c5ed127c76ef90e,6858,size_in_bytes,lib/ocaml/compiler-libs/flambda2_to_jsir.cmi,1228
2026-08-24T15:54:26Z,7dace2ea9c954e45304ea9674c5ed127c76ef90e,6858,size_in_bytes,lib/ocaml/compiler-libs/ast_mapper.cmi,24944
2026-08-24T15:54:26Z,7dace2ea9c954e45304ea9674c5ed127c76ef90e,6858,size_in_bytes,lib/ocaml/compiler-libs/genprintval.cmi,15005
2026-08-24T15:54:26Z,7dace2ea9c954e45304ea9674c5ed127c76ef90e,6858,size_in_bytes,lib/ocaml/compiler-libs/flambda2_algorithms__Leapfrog.cmi,9923
2026-08-24T15:54:26Z,7dace2ea9c954e45304ea9674c5ed127c76ef90e,6858,size_in_bytes,lib/ocaml/compiler-libs/dwarf_low__Dwarf_attributes.cmi,143001
2026-08-24T15:54:26Z,7dace2ea9c954e45304ea9674c5ed127c76ef90e,6858,size_in_bytes,lib/ocaml/compiler-libs/flambda2_types__With_cached_free_names.cmi,11034
2026-08-24T15:54:26Z,7dace2ea9c954e45304ea9674c5ed127c76ef90e,6858,size_in_bytes,lib/ocaml/compiler-libs/byteinstantiator.cmi,1854
2026-08-24T15:54:26Z,7dace2ea9c954e45304ea9674c5ed127c76ef90e,6858,size_in_bytes,lib/ocaml/compiler-libs/flambda2_bound_identifiers__Bound_pattern.cmi,12370
2026-08-24T15:54:26Z,7dace2ea9c954e45304ea9674c5ed127c76ef90e,6858,size_in_bytes,lib/ocaml/compiler-libs/cfg_quick_hash.cmi,11198
2026-08-24T15:54:26Z,7dace2ea9c954e45304ea9674c5ed127c76ef90e,6858,size_in_bytes,lib/ocaml/compiler-libs/flambda2_simplify__Lifted_constant_state.cmi,13715
2026-08-24T15:54:26Z,7dace2ea9c954e45304ea9674c5ed127c76ef90e,6858,size_in_bytes,lib/ocaml/compiler-libs/cfg_available_regs.cmi,10342
2026-08-24T15:54:26Z,7dace2ea9c954e45304ea9674c5ed127c76ef90e,6858,size_in_bytes,lib/ocaml/compiler-libs/cfg_dataflow.cmi,24929
2026-08-24T15:54:26Z,7dace2ea9c954e45304ea9674c5ed127c76ef90e,6858,size_in_bytes,lib/ocaml/compiler-libs/flambda2_simplify__Simplify_let_cont_expr.cmi,12061
2026-08-24T15:54:26Z,7dace2ea9c954e45304ea9674c5ed127c76ef90e,6858,size_in_bytes,lib/ocaml/compiler-libs/runtimetags.cmi,2469
2026-08-24T15:54:26Z,7dace2ea9c954e45304ea9674c5ed127c76ef90e,6858,size_in_bytes,lib/ocaml/compiler-libs/flambda2_terms__Regalloc_param_attribute.cmi,7837
2026-08-24T15:54:26Z,7dace2ea9c954e45304ea9674c5ed127c76ef90e,6858,size_in_bytes,lib/ocaml/compiler-libs/emitcode.cmi,5496
2026-08-24T15:54:26Z,7dace2ea9c954e45304ea9674c5ed127c76ef90e,6858,size_in_bytes,lib/ocaml/compiler-libs/flambda2_terms__Apply_expr.cmi,74114
2026-08-24T15:54:26Z,7dace2ea9c954e45304ea9674c5ed127c76ef90e,6858,size_in_bytes,lib/ocaml/compiler-libs/env.cmi,143178
2026-08-24T15:54:26Z,7dace2ea9c954e45304ea9674c5ed127c76ef90e,6858,size_in_bytes,lib/ocaml/compiler-libs/x86_peephole_utils.cmi,5585
2026-08-24T15:54:26Z,7dace2ea9c954e45304ea9674c5ed127c76ef90e,6858,size_in_bytes,lib/ocaml/compiler-libs/flambda2_algorithms__Container_types.cmi,138775
2026-08-24T15:54:26Z,7dace2ea9c954e45304ea9674c5ed127c76ef90e,6858,size_in_bytes,lib/ocaml/compiler-libs/primitive.cmi,17004
2026-08-24T15:54:26Z,7dace2ea9c954e45304ea9674c5ed127c76ef90e,6858,size_in_bytes,lib/ocaml/compiler-libs/flambda2_terms__Expr_std.cmi,8381
2026-08-24T15:54:26Z,7dace2ea9c954e45304ea9674c5ed127c76ef90e,6858,size_in_bytes,lib/ocaml/compiler-libs/flambda2_bound_identifiers__Alloc_mode.cmi,17463
2026-08-24T15:54:26Z,7dace2ea9c954e45304ea9674c5ed127c76ef90e,6858,size_in_bytes,lib/ocaml/compiler-libs/regalloc_substitution.cmi,12773
2026-08-24T15:54:26Z,7dace2ea9c954e45304ea9674c5ed127c76ef90e,6858,size_in_bytes,lib/ocaml/compiler-libs/optcompile.cmi,19756
2026-08-24T15:54:26Z,7dace2ea9c954e45304ea9674c5ed127c76ef90e,6858,size_in_bytes,lib/ocaml/compiler-libs/flambda2_ui__Flambda_features.cmi,20765
2026-08-24T15:54:26Z,7dace2ea9c954e45304ea9674c5ed127c76ef90e,6858,size_in_bytes,lib/ocaml/compiler-libs/compenv.cmi,12118
2026-08-24T15:54:26Z,7dace2ea9c954e45304ea9674c5ed127c76ef90e,6858,size_in_bytes,lib/ocaml/compiler-libs/ctype.cmi,105243
2026-08-24T15:54:26Z,7dace2ea9c954e45304ea9674c5ed127c76ef90e,6858,size_in_bytes,lib/ocaml/compiler-libs/asm_targets__Asm_symbol.cmi,60543
2026-08-24T15:54:26Z,7dace2ea9c954e45304ea9674c5ed127c76ef90e,6858,size_in_bytes,lib/ocaml/compiler-libs/docstrings.cmi,16493
2026-08-24T15:54:26Z,7dace2ea9c954e45304ea9674c5ed127c76ef90e,6858,size_in_bytes,lib/ocaml/compiler-libs/flambda2_terms__Code_or_metadata.cmi,15308
2026-08-24T15:54:26Z,7dace2ea9c954e45304ea9674c5ed127c76ef90e,6858,size_in_bytes,lib/ocaml/compiler-libs/printtyped.cmi,3512
2026-08-24T15:54:26Z,7dace2ea9c954e45304ea9674c5ed127c76ef90e,6858,size_in_bytes,lib/ocaml/compiler-libs/llvmize.cmi,12175
2026-08-24T15:54:26Z,7dace2ea9c954e45304ea9674c5ed127c76ef90e,6858,size_in_bytes,lib/ocaml/compiler-libs/translmode.cmi,5671
2026-08-24T15:54:26Z,7dace2ea9c954e45304ea9674c5ed127c76ef90e,6858,size_in_bytes,lib/ocaml/compiler-libs/simplify_terminator.cmi,10529
2026-08-24T15:54:26Z,7dace2ea9c954e45304ea9674c5ed127c76ef90e,6858,size_in_bytes,lib/ocaml/compiler-libs/arm64_binary_emitter__Logical_helpers.cmi,3808
2026-08-24T15:54:26Z,7dace2ea9c954e45304ea9674c5ed127c76ef90e,6858,size_in_bytes,lib/ocaml/compiler-libs/x86_peephole_optimize.cmi,1697
2026-08-24T15:54:26Z,7dace2ea9c954e45304ea9674c5ed127c76ef90e,6858,size_in_bytes,lib/ocaml/compiler-libs/translmod.cmi,7853
2026-08-24T15:54:26Z,7dace2ea9c954e45304ea9674c5ed127c76ef90e,6858,size_in_bytes,lib/ocaml/compiler-libs/flambda2_terms__Apply_cont_expr.cmi,66809
2026-08-24T15:54:26Z,7dace2ea9c954e45304ea9674c5ed127c76ef90e,6858,size_in_bytes,lib/ocaml/compiler-libs/compile.cmi,5880
2026-08-24T15:54:26Z,7dace2ea9c954e45304ea9674c5ed127c76ef90e,6858,size_in_bytes,lib/ocaml/compiler-libs/regalloc_validate.cmi,12153
2026-08-24T15:54:26Z,7dace2ea9c954e45304ea9674c5ed127c76ef90e,6858,size_in_bytes,lib/ocaml/compiler-libs/zero_alloc.cmi,5913
2026-08-24T15:54:26Z,7dace2ea9c954e45304ea9674c5ed127c76ef90e,6858,size_in_bytes,lib/ocaml/compiler-libs/jkind_intf.cmi,35816
2026-08-24T15:54:26Z,7dace2ea9c954e45304ea9674c5ed127c76ef90e,6858,size_in_bytes,lib/ocaml/compiler-libs/flambda2_simplify__Is_unboxing_beneficial.cmi,9185
2026-08-24T15:54:26Z,7dace2ea9c954e45304ea9674c5ed127c76ef90e,6858,size_in_bytes,lib/ocaml/compiler-libs/regalloc_interf_graph.cmi,21142
2026-08-24T15:54:26Z,7dace2ea9c954e45304ea9674c5ed127c76ef90e,6858,size_in_bytes,lib/ocaml/compiler-libs/flambda2_floats.cmi,348
2026-08-24T15:54:26Z,7dace2ea9c954e45304ea9674c5ed127c76ef90e,6858,size_in_bytes,lib/ocaml/compiler-libs/flambda2_simplify_shared__Are_rebuilding_terms.cmi,2105
2026-08-24T15:54:26Z,7dace2ea9c954e45304ea9674c5ed127c76ef90e,6858,size_in_bytes,lib/ocaml/compiler-libs/reg.cmi,113049
2026-08-24T15:54:26Z,7dace2ea9c954e45304ea9674c5ed127c76ef90e,6858,size_in_bytes,lib/ocaml/compiler-libs/flambda2_simplify__Upwards_acc.cmi,23323
2026-08-24T15:54:26Z,7dace2ea9c954e45304ea9674c5ed127c76ef90e,6858,size_in_bytes,lib/ocaml/compiler-libs/asm_targets__Asm_directives_dwarf.cmi,741
2026-08-24T15:54:26Z,7dace2ea9c954e45304ea9674c5ed127c76ef90e,6858,size_in_bytes,lib/ocaml/compiler-libs/priority_queue.cmi,9829
2026-08-24T15:54:26Z,7dace2ea9c954e45304ea9674c5ed127c76ef90e,6858,size_in_bytes,lib/ocaml/compiler-libs/arg_helper.cmi,24593
2026-08-24T15:54:26Z,7dace2ea9c954e45304ea9674c5ed127c76ef90e,6858,size_in_bytes,lib/ocaml/compiler-libs/flambda2_types__Type_descr.cmi,16691
2026-08-24T15:54:26Z,7dace2ea9c954e45304ea9674c5ed127c76ef90e,6858,size_in_bytes,lib/ocaml/compiler-libs/flambda2_terms__Validity.cmi,7503
2026-08-24T15:54:26Z,7dace2ea9c954e45304ea9674c5ed127c76ef90e,6858,size_in_bytes,lib/ocaml/compiler-libs/datarepr.cmi,6429
2026-08-24T15:54:26Z,7dace2ea9c954e45304ea9674c5ed127c76ef90e,6858,size_in_bytes,lib/ocaml/compiler-libs/dwarf_low__Dwarf_arch_sizes.cmi,577
2026-08-24T15:54:26Z,7dace2ea9c954e45304ea9674c5ed127c76ef90e,6858,size_in_bytes,lib/ocaml/compiler-libs/toploop.cmi,23809
2026-08-24T15:54:26Z,7dace2ea9c954e45304ea9674c5ed127c76ef90e,6858,size_in_bytes,lib/ocaml/compiler-libs/flambda2_simplify__Simplify_simple.cmi,12793
2026-08-24T15:54:26Z,7dace2ea9c954e45304ea9674c5ed127c76ef90e,6858,size_in_bytes,lib/ocaml/compiler-libs/dwarf_low__Abbreviations_table.cmi,3213
2026-08-24T15:54:26Z,7dace2ea9c954e45304ea9674c5ed127c76ef90e,6858,size_in_bytes,lib/ocaml/compiler-libs/vectorize_utils.cmi,17201
2026-08-24T15:54:26Z,7dace2ea9c954e45304ea9674c5ed127c76ef90e,6858,size_in_bytes,lib/ocaml/compiler-libs/errortrace.cmi,24011
2026-08-24T15:54:26Z,7dace2ea9c954e45304ea9674c5ed127c76ef90e,6858,size_in_bytes,lib/ocaml/compiler-libs/flambda2_reaper__Types_rewriter.cmi,9874
2026-08-24T15:54:26Z,7dace2ea9c954e45304ea9674c5ed127c76ef90e,6858,size_in_bytes,lib/ocaml/compiler-libs/flambda2_terms__Cost_metrics.cmi,12128
2026-08-24T15:54:26Z,7dace2ea9c954e45304ea9674c5ed127c76ef90e,6858,size_in_bytes,lib/ocaml/compiler-libs/types.cmi,237778
2026-08-24T15:54:26Z,7dace2ea9c954e45304ea9674c5ed127c76ef90e,6858,size_in_bytes,lib/ocaml/compiler-libs/compute_ranges.cmi,16058
2026-08-24T15:54:26Z,7dace2ea9c954e45304ea9674c5ed127c76ef90e,6858,size_in_bytes,lib/ocaml/compiler-libs/cfg.cmi,44777
2026-08-24T15:54:26Z,7dace2ea9c954e45304ea9674c5ed127c76ef90e,6858,size_in_bytes,lib/ocaml/compiler-libs/operation.cmi,25163
2026-08-24T15:54:26Z,7dace2ea9c954e45304ea9674c5ed127c76ef90e,6858,size_in_bytes,lib/ocaml/compiler-libs/flambda2_terms__Static_const.cmi,80533
2026-08-24T15:54:26Z,7dace2ea9c954e45304ea9674c5ed127c76ef90e,6858,size_in_bytes,lib/ocaml/compiler-libs/flambda2_bound_identifiers__Bound_var.cmi,8835
2026-08-24T15:54:26Z,7dace2ea9c954e45304ea9674c5ed127c76ef90e,6858,size_in_bytes,lib/ocaml/compiler-libs/parser_types.cmi,3323
2026-08-24T15:54:26Z,7dace2ea9c954e45304ea9674c5ed127c76ef90e,6858,size_in_bytes,lib/ocaml/compiler-libs/cmxs_format.cmi,2858
2026-08-24T15:54:26Z,7dace2ea9c954e45304ea9674c5ed127c76ef90e,6858,size_in_bytes,lib/ocaml/compiler-libs/flambda2_identifiers__Continuation_callsite_map.cmi,3737
2026-08-24T15:54:26Z,7dace2ea9c954e45304ea9674c5ed127c76ef90e,6858,size_in_bytes,lib/ocaml/compiler-libs/dwarf_low__Range_list.cmi,2955
2026-08-24T15:54:26Z,7dace2ea9c954e45304ea9674c5ed127c76ef90e,6858,size_in_bytes,lib/ocaml/compiler-libs/arch.cmi,25247
2026-08-24T15:54:26Z,7dace2ea9c954e45304ea9674c5ed127c76ef90e,6858,size_in_bytes,lib/ocaml/compiler-libs/arm64_binary_emitter__Encode_directive.cmi,3696
2026-08-24T15:54:26Z,7dace2ea9c954e45304ea9674c5ed127c76ef90e,6858,size_in_bytes,lib/ocaml/compiler-libs/mode.cmi,374018
2026-08-24T15:54:26Z,7dace2ea9c954e45304ea9674c5ed127c76ef90e,6858,size_in_bytes,lib/ocaml/compiler-libs/cfg_merge_blocks.cmi,10618
2026-08-24T15:54:26Z,7dace2ea9c954e45304ea9674c5ed127c76ef90e,6858,size_in_bytes,lib/ocaml/compiler-libs/flambda2_types__Reify.cmi,13231
2026-08-24T15:54:26Z,7dace2ea9c954e45304ea9674c5ed127c76ef90e,6858,size_in_bytes,lib/ocaml/compiler-libs/flambda2_simplify__Flow_acc.cmi,22174
2026-08-24T15:54:26Z,7dace2ea9c954e45304ea9674c5ed127c76ef90e,6858,size_in_bytes,lib/ocaml/compiler-libs/flambda2_cmx.cmi,600
2026-08-24T15:54:26Z,7dace2ea9c954e45304ea9674c5ed127c76ef90e,6858,size_in_bytes,lib/ocaml/compiler-libs/partition_object_files.cmi,2590
2026-08-24T15:54:26Z,7dace2ea9c954e45304ea9674c5ed127c76ef90e,6858,size_in_bytes,lib/ocaml/compiler-libs/flambda2_simplify__Replay_history.cmi,11364
2026-08-24T15:54:26Z,7dace2ea9c954e45304ea9674c5ed127c76ef90e,6858,size_in_bytes,lib/ocaml/compiler-libs/flambda2_simplify__Flow_analysis.cmi,12476
2026-08-24T15:54:26Z,7dace2ea9c954e45304ea9674c5ed127c76ef90e,6858,size_in_bytes,lib/ocaml/compiler-libs/flambda2_from_lambda__Lambda_to_flambda_primitives_helpers.cmi,18650
2026-08-24T15:54:26Z,7dace2ea9c954e45304ea9674c5ed127c76ef90e,6858,size_in_bytes,lib/ocaml/compiler-libs/flambda2_simplify__Simplify_nullary_primitive.cmi,11621
2026-08-24T15:54:26Z,7dace2ea9c954e45304ea9674c5ed127c76ef90e,6858,size_in_bytes,lib/ocaml/compiler-libs/flambda2_simplify__Inlining_transforms.cmi,11556
2026-08-24T15:54:26Z,7dace2ea9c954e45304ea9674c5ed127c76ef90e,6858,size_in_bytes,lib/ocaml/compiler-libs/flambda2_reaper__Traverse_env.cmi,12544
2026-08-24T15:54:26Z,7dace2ea9c954e45304ea9674c5ed127c76ef90e,6858,size_in_bytes,lib/ocaml/compiler-libs/arm64_binary_emitter__Shift_immh_immb_helpers.cmi,2279
2026-08-24T15:54:26Z,7dace2ea9c954e45304ea9674c5ed127c76ef90e,6858,size_in_bytes,lib/ocaml/compiler-libs/axis_lattice.cmi,10053
2026-08-24T15:54:26Z,7dace2ea9c954e45304ea9674c5ed127c76ef90e,6858,size_in_bytes,lib/ocaml/compiler-libs/flambda2_kinds__Flambda_kind.cmi,369167
2026-08-24T15:54:26Z,7dace2ea9c954e45304ea9674c5ed127c76ef90e,6858,size_in_bytes,lib/ocaml/compiler-libs/reg_availability_set.cmi,12973
2026-08-24T15:54:26Z,7dace2ea9c954e45304ea9674c5ed127c76ef90e,6858,size_in_bytes,lib/ocaml/compiler-libs/printcfg.cmi,16425
2026-08-24T15:54:26Z,7dace2ea9c954e45304ea9674c5ed127c76ef90e,6858,size_in_bytes,lib/ocaml/compiler-libs/flambda2_terms__Effects.cmi,7825
2026-08-24T15:54:26Z,7dace2ea9c954e45304ea9674c5ed127c76ef90e,6858,size_in_bytes,lib/ocaml/compiler-libs/compilenv.cmi,17345
2026-08-24T15:54:26Z,7dace2ea9c954e45304ea9674c5ed127c76ef90e,6858,size_in_bytes,lib/ocaml/compiler-libs/flambda2_simplify__Continuation_uses_env.cmi,15013
2026-08-24T15:54:26Z,7dace2ea9c954e45304ea9674c5ed127c76ef90e,6858,size_in_bytes,lib/ocaml/compiler-libs/regalloc_split_utils.cmi,14413
2026-08-24T15:54:26Z,7dace2ea9c954e45304ea9674c5ed127c76ef90e,6858,size_in_bytes,lib/ocaml/compiler-libs/flambda2_from_lambda.cmi,1499
2026-08-24T15:54:26Z,7dace2ea9c954e45304ea9674c5ed127c76ef90e,6858,size_in_bytes,lib/ocaml/compiler-libs/lazy_backtrack.cmi,3534
2026-08-24T15:54:26Z,7dace2ea9c954e45304ea9674c5ed127c76ef90e,6858,size_in_bytes,lib/ocaml/compiler-libs/arm64_binary_emitter__Binary_emitter.cmi,12557
2026-08-24T15:54:26Z,7dace2ea9c954e45304ea9674c5ed127c76ef90e,6858,size_in_bytes,lib/ocaml/compiler-libs/flambda2_cmx__Flambda_cmx.cmi,12851
2026-08-24T15:54:26Z,7dace2ea9c954e45304ea9674c5ed127c76ef90e,6858,size_in_bytes,lib/ocaml/compiler-libs/persistent_env.cmi,33873
2026-08-24T15:54:26Z,7dace2ea9c954e45304ea9674c5ed127c76ef90e,6858,size_in_bytes,lib/ocaml/compiler-libs/flambda2_nominal__Name_mode.cmi,116233
2026-08-24T15:54:26Z,7dace2ea9c954e45304ea9674c5ed127c76ef90e,6858,size_in_bytes,lib/ocaml/compiler-libs/parser.cmi,101841
2026-08-24T15:54:26Z,7dace2ea9c954e45304ea9674c5ed127c76ef90e,6858,size_in_bytes,lib/ocaml/compiler-libs/flambda2_simplify.cmi,12435
2026-08-24T15:54:26Z,7dace2ea9c954e45304ea9674c5ed127c76ef90e,6858,size_in_bytes,lib/ocaml/compiler-libs/x86_dsl.cmi,25407
2026-08-24T15:54:26Z,7dace2ea9c954e45304ea9674c5ed127c76ef90e,6858,size_in_bytes,lib/ocaml/compiler-libs/flambda2_terms__Inlining_arguments.cmi,10422
2026-08-24T15:54:26Z,7dace2ea9c954e45304ea9674c5ed127c76ef90e,6858,size_in_bytes,lib/ocaml/compiler-libs/flambda2_simplify__Unbox_continuation_params.cmi,12856
2026-08-24T15:54:26Z,7dace2ea9c954e45304ea9674c5ed127c76ef90e,6858,size_in_bytes,lib/ocaml/compiler-libs/uniqueness_analysis.cmi,9995
2026-08-24T15:54:26Z,7dace2ea9c954e45304ea9674c5ed127c76ef90e,6858,size_in_bytes,lib/ocaml/compiler-libs/flambda2_parser__Fexpr_prim_descr.cmi,36457
2026-08-24T15:54:26Z,7dace2ea9c954e45304ea9674c5ed127c76ef90e,6858,size_in_bytes,lib/ocaml/compiler-libs/flambda2_simplify__Simplify_expr.cmi,11507
2026-08-24T15:54:26Z,7dace2ea9c954e45304ea9674c5ed127c76ef90e,6858,size_in_bytes,lib/ocaml/compiler-libs/structured_mangling.cmi,4009
2026-08-24T15:54:26Z,7dace2ea9c954e45304ea9674c5ed127c76ef90e,6858,size_in_bytes,lib/ocaml/compiler-libs/flambda2_types__Equal_types_for_debug.cmi,10920
2026-08-24T15:54:26Z,7dace2ea9c954e45304ea9674c5ed127c76ef90e,6858,size_in_bytes,lib/ocaml/compiler-libs/asm_targets__Asm_directives.cmi,40282
2026-08-24T15:54:26Z,7dace2ea9c954e45304ea9674c5ed127c76ef90e,6858,size_in_bytes,lib/ocaml/compiler-libs/dwarf.cmi,15912
2026-08-24T15:54:26Z,7dace2ea9c954e45304ea9674c5ed127c76ef90e,6858,size_in_bytes,lib/ocaml/compiler-libs/dwarf_high.cmi,1028
2026-08-24T15:54:26Z,7dace2ea9c954e45304ea9674c5ed127c76ef90e,6858,size_in_bytes,lib/ocaml/compiler-libs/flambda2_to_cmm.cmi,1425
2026-08-24T15:54:26Z,7dace2ea9c954e45304ea9674c5ed127c76ef90e,6858,size_in_bytes,lib/ocaml/compiler-libs/flambda2_terms__Placement.cmi,7412
2026-08-24T15:54:26Z,7dace2ea9c954e45304ea9674c5ed127c76ef90e,6858,size_in_bytes,lib/ocaml/compiler-libs/flambda2_terms__Trap_action.cmi,10397
2026-08-24T15:54:26Z,7dace2ea9c954e45304ea9674c5ed127c76ef90e,6858,size_in_bytes,lib/ocaml/compiler-libs/backend_var.cmi,22955
2026-08-24T15:54:26Z,7dace2ea9c954e45304ea9674c5ed127c76ef90e,6858,size_in_bytes,lib/ocaml/compiler-libs/optlink.cmi,14713
2026-08-24T15:54:26Z,7dace2ea9c954e45304ea9674c5ed127c76ef90e,6858,size_in_bytes,lib/ocaml/compiler-libs/flambda2_identifiers__Flambda_debug_uid.cmi,57400
2026-08-24T15:54:26Z,7dace2ea9c954e45304ea9674c5ed127c76ef90e,6858,size_in_bytes,lib/ocaml/compiler-libs/flambda2_terms__Flambda.cmi,123168
2026-08-24T15:54:26Z,7dace2ea9c954e45304ea9674c5ed127c76ef90e,6858,size_in_bytes,lib/ocaml/compiler-libs/branch_relaxation_intf.cmi,13175
2026-08-24T15:54:26Z,7dace2ea9c954e45304ea9674c5ed127c76ef90e,6858,size_in_bytes,lib/ocaml/compiler-libs/flambda2_simplify__Simplify_set_of_closures_context.cmi,15868
2026-08-24T15:54:26Z,7dace2ea9c954e45304ea9674c5ed127c76ef90e,6858,size_in_bytes,lib/ocaml/compiler-libs/branch_relaxation.cmi,10730
2026-08-24T15:54:26Z,7dace2ea9c954e45304ea9674c5ed127c76ef90e,6858,size_in_bytes,lib/ocaml/compiler-libs/dwarf_low__Debug_ranges_table.cmi,3118
2026-08-24T15:54:26Z,7dace2ea9c954e45304ea9674c5ed127c76ef90e,6858,size_in_bytes,lib/ocaml/compiler-libs/flambda2_simplify__Simplify_primitive_result.cmi,16896
2026-08-24T15:54:26Z,7dace2ea9c954e45304ea9674c5ed127c76ef90e,6858,size_in_bytes,lib/ocaml/compiler-libs/flambda2_lattices__Or_unknown_or_bottom.cmi,4717
2026-08-24T15:54:26Z,7dace2ea9c954e45304ea9674c5ed127c76ef90e,6858,size_in_bytes,lib/ocaml/compiler-libs/flambda2_simplify_shared__Inlining_helpers.cmi,15155
2026-08-24T15:54:26Z,7dace2ea9c954e45304ea9674c5ed127c76ef90e,6858,size_in_bytes,lib/ocaml/compiler-libs/stack_class_utils.cmi,22829
2026-08-24T15:54:26Z,7dace2ea9c954e45304ea9674c5ed127c76ef90e,6858,size_in_bytes,lib/ocaml/compiler-libs/cmt_format.cmi,12261
2026-08-24T15:54:26Z,7dace2ea9c954e45304ea9674c5ed127c76ef90e,6858,size_in_bytes,lib/ocaml/compiler-libs/numbers.cmi,169393
2026-08-24T15:54:26Z,7dace2ea9c954e45304ea9674c5ed127c76ef90e,6858,size_in_bytes,lib/ocaml/compiler-libs/target_system.cmi,6888
2026-08-24T15:54:26Z,7dace2ea9c954e45304ea9674c5ed127c76ef90e,6858,size_in_bytes,lib/ocaml/compiler-libs/flambda2_nominal__Renaming.cmi,12100
2026-08-24T15:54:26Z,7dace2ea9c954e45304ea9674c5ed127c76ef90e,6858,size_in_bytes,lib/ocaml/compiler-libs/flambda2_simplify__Simplify_apply_expr.cmi,11530
2026-08-24T15:54:26Z,7dace2ea9c954e45304ea9674c5ed127c76ef90e,6858,size_in_bytes,lib/ocaml/compiler-libs/optlibrarian.cmi,17294
2026-08-24T15:54:26Z,7dace2ea9c954e45304ea9674c5ed127c76ef90e,6858,size_in_bytes,lib/ocaml/compiler-libs/flambda2_numbers__Target_ocaml_int.cmi,127523
2026-08-24T15:54:26Z,7dace2ea9c954e45304ea9674c5ed127c76ef90e,6858,size_in_bytes,lib/ocaml/compiler-libs/amd64_simd_defs.cmi,20289
2026-08-24T15:54:26Z,7dace2ea9c954e45304ea9674c5ed127c76ef90e,6858,size_in_bytes,lib/ocaml/compiler-libs/bytepackager.cmi,4139
2026-08-24T15:54:26Z,7dace2ea9c954e45304ea9674c5ed127c76ef90e,6858,size_in_bytes,lib/ocaml/compiler-libs/flambda2_term_basics__Coercion.cmi,9690
2026-08-24T15:54:26Z,7dace2ea9c954e45304ea9674c5ed127c76ef90e,6858,size_in_bytes,lib/ocaml/compiler-libs/internal_assembler.cmi,2385
2026-08-24T15:54:26Z,7dace2ea9c954e45304ea9674c5ed127c76ef90e,6858,size_in_bytes,lib/ocaml/compiler-libs/language_extension_kernel.cmi,2253
2026-08-24T15:54:26Z,7dace2ea9c954e45304ea9674c5ed127c76ef90e,6858,size_in_bytes,lib/ocaml/compiler-libs/flambda2_identifiers__Variable.cmi,9576
2026-08-24T15:54:26Z,7dace2ea9c954e45304ea9674c5ed127c76ef90e,6858,size_in_bytes,lib/ocaml/compiler-libs/flambda2_simplify__Lifted_constant.cmi,20520
2026-08-24T15:54:26Z,7dace2ea9c954e45304ea9674c5ed127c76ef90e,6858,size_in_bytes,lib/ocaml/compiler-libs/shape_reduce.cmi,9992
2026-08-24T15:54:26Z,7dace2ea9c954e45304ea9674c5ed127c76ef90e,6858,size_in_bytes,lib/ocaml/compiler-libs/flambda2_terms__Set_of_closures.cmi,65059
2026-08-24T15:54:26Z,7dace2ea9c954e45304ea9674c5ed127c76ef90e,6858,size_in_bytes,lib/ocaml/compiler-libs/flambda2_term_basics__Simple.cmi,191171
2026-08-24T15:54:26Z,7dace2ea9c954e45304ea9674c5ed127c76ef90e,6858,size_in_bytes,lib/ocaml/compiler-libs/flambda2_nominal__Name_occurrences.cmi,29758
2026-08-24T15:54:26Z,7dace2ea9c954e45304ea9674c5ed127c76ef90e,6858,size_in_bytes,lib/ocaml/compiler-libs/misc.cmi,217509
2026-08-24T15:54:26Z,7dace2ea9c954e45304ea9674c5ed127c76ef90e,6858,size_in_bytes,lib/ocaml/compiler-libs/zero_alloc_info.cmi,2831
2026-08-24T15:54:26Z,7dace2ea9c954e45304ea9674c5ed127c76ef90e,6858,size_in_bytes,lib/ocaml/compiler-libs/flambda2_datalog__Schedule.cmi,4353
2026-08-24T15:54:26Z,7dace2ea9c954e45304ea9674c5ed127c76ef90e,6858,size_in_bytes,lib/ocaml/compiler-libs/partition.cmi,3782
2026-08-24T15:54:26Z,7dace2ea9c954e45304ea9674c5ed127c76ef90e,6858,size_in_bytes,lib/ocaml/compiler-libs/flambda2_term_basics__Empty_array_kind.cmi,5462
2026-08-24T15:54:26Z,7dace2ea9c954e45304ea9674c5ed127c76ef90e,6858,size_in_bytes,lib/ocaml/compiler-libs/solver_intf.cmi,62686
2026-08-24T15:54:26Z,7dace2ea9c954e45304ea9674c5ed127c76ef90e,6858,size_in_bytes,lib/ocaml/compiler-libs/longident.cmi,2981
2026-08-24T15:54:26Z,7dace2ea9c954e45304ea9674c5ed127c76ef90e,6858,size_in_bytes,lib/ocaml/compiler-libs/flambda2_bound_identifiers__Bound_static.cmi,10817
2026-08-24T15:54:26Z,7dace2ea9c954e45304ea9674c5ed127c76ef90e,6858,size_in_bytes,lib/ocaml/compiler-libs/dwarf_low__Address_index.cmi,107657
2026-08-24T15:54:26Z,7dace2ea9c954e45304ea9674c5ed127c76ef90e,6858,size_in_bytes,lib/ocaml/compiler-libs/regalloc_gi.cmi,10776
2026-08-24T15:54:26Z,7dace2ea9c954e45304ea9674c5ed127c76ef90e,6858,size_in_bytes,lib/ocaml/compiler-libs/flambda2_datalog__Cursor.cmi,18228
2026-08-24T15:54:26Z,7dace2ea9c954e45304ea9674c5ed127c76ef90e,6858,size_in_bytes,lib/ocaml/compiler-libs/flambda2_simplify_shared__Exported_offsets.cmi,9764
2026-08-24T15:54:26Z,7dace2ea9c954e45304ea9674c5ed127c76ef90e,6858,size_in_bytes,lib/ocaml/compiler-libs/flambda2_parser.cmi,1907
2026-08-24T15:54:26Z,7dace2ea9c954e45304ea9674c5ed127c76ef90e,6858,size_in_bytes,lib/ocaml/compiler-libs/flambda2_to_jsir__To_jsir_set_of_closures.cmi,9070
2026-08-24T15:54:26Z,7dace2ea9c954e45304ea9674c5ed127c76ef90e,6858,size_in_bytes,lib/ocaml/compiler-libs/flambda2_terms__Zero_alloc_attribute.cmi,8272
2026-08-24T15:54:26Z,7dace2ea9c954e45304ea9674c5ed127c76ef90e,6858,size_in_bytes,lib/ocaml/compiler-libs/printtyp.cmi,14082
2026-08-24T15:54:26Z,7dace2ea9c954e45304ea9674c5ed127c76ef90e,6858,size_in_bytes,lib/ocaml/compiler-libs/cmm_invariants.cmi,9377
2026-08-24T15:54:26Z,7dace2ea9c954e45304ea9674c5ed127c76ef90e,6858,size_in_bytes,lib/ocaml/compiler-libs/dwarf_low.cmi,6322
2026-08-24T15:54:26Z,7dace2ea9c954e45304ea9674c5ed127c76ef90e,6858,size_in_bytes,lib/ocaml/compiler-libs/flambda2_parser__Print_fexpr.cmi,7890
2026-08-24T15:54:26Z,7dace2ea9c954e45304ea9674c5ed127c76ef90e,6858,size_in_bytes,lib/ocaml/compiler-libs/flambda2_types__Typing_env_level.cmi,13247
2026-08-24T15:54:26Z,7dace2ea9c954e45304ea9674c5ed127c76ef90e,6858,size_in_bytes,lib/ocaml/compiler-libs/select_utils.cmi,40514
2026-08-24T15:54:26Z,7dace2ea9c954e45304ea9674c5ed127c76ef90e,6858,size_in_bytes,lib/ocaml/compiler-libs/arm64_binary_emitter__Nop_helpers.cmi,610
2026-08-24T15:54:26Z,7dace2ea9c954e45304ea9674c5ed127c76ef90e,6858,size_in_bytes,lib/ocaml/compiler-libs/flambda2_reaper__Field.cmi,67183
2026-08-24T15:54:26Z,7dace2ea9c954e45304ea9674c5ed127c76ef90e,6858,size_in_bytes,lib/ocaml/compiler-libs/patterns.cmi,20096
2026-08-24T15:54:26Z,7dace2ea9c954e45304ea9674c5ed127c76ef90e,6858,size_in_bytes,lib/ocaml/compiler-libs/allowance.cmi,5738
2026-08-24T15:54:26Z,7dace2ea9c954e45304ea9674c5ed127c76ef90e,6858,size_in_bytes,lib/ocaml/compiler-libs/main_args.cmi,261580
2026-08-24T15:54:26Z,7dace2ea9c954e45304ea9674c5ed127c76ef90e,6858,size_in_bytes,lib/ocaml/compiler-libs/arm64_ast__Logical_immediates.cmi,1341
2026-08-24T15:54:26Z,7dace2ea9c954e45304ea9674c5ed127c76ef90e,6858,size_in_bytes,lib/ocaml/compiler-libs/pprintast.cmi,11811
2026-08-24T15:54:26Z,7dace2ea9c954e45304ea9674c5ed127c76ef90e,6858,size_in_bytes,lib/ocaml/compiler-libs/vicuna_traverse_typed_tree.cmi,2856
2026-08-24T15:54:26Z,7dace2ea9c954e45304ea9674c5ed127c76ef90e,6858,size_in_bytes,lib/ocaml/compiler-libs/mode_hint.cmi,16320
2026-08-24T15:54:26Z,7dace2ea9c954e45304ea9674c5ed127c76ef90e,6858,size_in_bytes,lib/ocaml/compiler-libs/stypes.cmi,4609
2026-08-24T15:54:26Z,7dace2ea9c954e45304ea9674c5ed127c76ef90e,6858,size_in_bytes,lib/ocaml/compiler-libs/hash_consed.cmi,5323
2026-08-24T15:54:26Z,7dace2ea9c954e45304ea9674c5ed127c76ef90e,6858,size_in_bytes,lib/ocaml/compiler-libs/flambda2_bound_identifiers__Bound_parameters.cmi,12758
2026-08-24T15:54:26Z,7dace2ea9c954e45304ea9674c5ed127c76ef90e,6858,size_in_bytes,lib/ocaml/compiler-libs/flambda2_classic_mode_types.cmi,463
2026-08-24T15:54:26Z,7dace2ea9c954e45304ea9674c5ed127c76ef90e,6858,size_in_bytes,lib/ocaml/compiler-libs/debug.cmi,771
2026-08-24T15:54:26Z,7dace2ea9c954e45304ea9674c5ed127c76ef90e,6858,size_in_bytes,lib/ocaml/compiler-libs/rewrite_sections.cmi,2278
2026-08-24T15:54:26Z,7dace2ea9c954e45304ea9674c5ed127c76ef90e,6858,size_in_bytes,lib/ocaml/compiler-libs/cfg_prologue.cmi,10736
2026-08-24T15:54:26Z,7dace2ea9c954e45304ea9674c5ed127c76ef90e,6858,size_in_bytes,lib/ocaml/compiler-libs/dwarf_low__Location_or_range_list.cmi,2964
2026-08-24T15:54:26Z,7dace2ea9c954e45304ea9674c5ed127c76ef90e,6858,size_in_bytes,lib/ocaml/compiler-libs/regalloc_irc_utils.cmi,17094
2026-08-24T15:54:26Z,7dace2ea9c954e45304ea9674c5ed127c76ef90e,6858,size_in_bytes,lib/ocaml/compiler-libs/unit_info.cmi,13339
2026-08-24T15:54:26Z,7dace2ea9c954e45304ea9674c5ed127c76ef90e,6858,size_in_bytes,lib/ocaml/compiler-libs/stack_class.cmi,16839
2026-08-24T15:54:26Z,7dace2ea9c954e45304ea9674c5ed127c76ef90e,6858,size_in_bytes,lib/ocaml/compiler-libs/flambda2_simplify__Simplify_unary_primitive.cmi,11848
2026-08-24T15:54:26Z,7dace2ea9c954e45304ea9674c5ed127c76ef90e,6858,size_in_bytes,lib/ocaml/compiler-libs/compilation_unit.cmi,173879
2026-08-24T15:54:26Z,7dace2ea9c954e45304ea9674c5ed127c76ef90e,6858,size_in_bytes,lib/ocaml/compiler-libs/flambda2_simplify__Downwards_acc.cmi,32065
2026-08-24T15:54:26Z,7dace2ea9c954e45304ea9674c5ed127c76ef90e,6858,size_in_bytes,lib/ocaml/compiler-libs/opterrors.cmi,789
2026-08-24T15:54:26Z,7dace2ea9c954e45304ea9674c5ed127c76ef90e,6858,size_in_bytes,lib/ocaml/compiler-libs/compmisc.cmi,4804
2026-08-24T15:54:26Z,7dace2ea9c954e45304ea9674c5ed127c76ef90e,6858,size_in_bytes,lib/ocaml/compiler-libs/flambda2_simplify__Simplify_named.cmi,12071
2026-08-24T15:54:26Z,7dace2ea9c954e45304ea9674c5ed127c76ef90e,6858,size_in_bytes,lib/ocaml/compiler-libs/ldd_intf.cmi,8424
2026-08-24T15:54:26Z,7dace2ea9c954e45304ea9674c5ed127c76ef90e,6858,size_in_bytes,lib/ocaml/compiler-libs/cmi_format.cmi,8903
2026-08-24T15:54:26Z,7dace2ea9c954e45304ea9674c5ed127c76ef90e,6858,size_in_bytes,lib/ocaml/compiler-libs/arm64_binary_emitter__All_section_states.cmi,9380
2026-08-24T15:54:26Z,7dace2ea9c954e45304ea9674c5ed127c76ef90e,6858,size_in_bytes,lib/ocaml/compiler-libs/cfg_edge.cmi,35195
2026-08-24T15:54:26Z,7dace2ea9c954e45304ea9674c5ed127c76ef90e,6858,size_in_bytes,lib/ocaml/compiler-libs/rawprinttyp.cmi,2949
2026-08-24T15:54:26Z,7dace2ea9c954e45304ea9674c5ed127c76ef90e,6858,size_in_bytes,lib/ocaml/compiler-libs/dwarf_state.cmi,20353
2026-08-24T15:54:26Z,7dace2ea9c954e45304ea9674c5ed127c76ef90e,6858,size_in_bytes,lib/ocaml/compiler-libs/dwarf_low__Dwarf_language.cmi,3316
2026-08-24T15:54:26Z,7dace2ea9c954e45304ea9674c5ed127c76ef90e,6858,size_in_bytes,lib/ocaml/compiler-libs/includecore.cmi,26031
2026-08-24T15:54:26Z,7dace2ea9c954e45304ea9674c5ed127c76ef90e,6858,size_in_bytes,lib/ocaml/compiler-libs/flambda2_to_jsir__To_jsir_static_const.cmi,12182
2026-08-24T15:54:26Z,7dace2ea9c954e45304ea9674c5ed127c76ef90e,6858,size_in_bytes,lib/ocaml/compiler-libs/vectorize.cmi,10424
2026-08-24T15:54:26Z,7dace2ea9c954e45304ea9674c5ed127c76ef90e,6858,size_in_bytes,lib/ocaml/compiler-libs/translprim.cmi,9883
2026-08-24T15:54:26Z,7dace2ea9c954e45304ea9674c5ed127c76ef90e,6858,size_in_bytes,lib/ocaml/compiler-libs/flambda2_reaper__Datalog_helpers.cmi,104029
2026-08-24T15:54:26Z,7dace2ea9c954e45304ea9674c5ed127c76ef90e,6858,size_in_bytes,lib/ocaml/compiler-libs/peephole_rules.cmi,10406
2026-08-24T15:54:26Z,7dace2ea9c954e45304ea9674c5ed127c76ef90e,6858,size_in_bytes,lib/ocaml/compiler-libs/annot.cmi,1645
2026-08-24T15:54:26Z,7dace2ea9c954e45304ea9674c5ed127c76ef90e,6858,size_in_bytes,lib/ocaml/compiler-libs/flambda2_datalog__Table.cmi,11662
2026-08-24T15:54:26Z,7dace2ea9c954e45304ea9674c5ed127c76ef90e,6858,size_in_bytes,lib/ocaml/compiler-libs/flambda2_terms__Function_decl_inlining_decision_type.cmi,10885
2026-08-24T15:54:26Z,7dace2ea9c954e45304ea9674c5ed127c76ef90e,6858,size_in_bytes,lib/ocaml/compiler-libs/zero_alloc_utils.cmi,24477
2026-08-24T15:54:26Z,7dace2ea9c954e45304ea9674c5ed127c76ef90e,6858,size_in_bytes,lib/ocaml/compiler-libs/flambda2_lattices__Or_bottom.cmi,4994
2026-08-24T15:54:26Z,7dace2ea9c954e45304ea9674c5ed127c76ef90e,6858,size_in_bytes,lib/ocaml/compiler-libs/probe_emission.cmi,14218
2026-08-24T15:54:26Z,7dace2ea9c954e45304ea9674c5ed127c76ef90e,6858,size_in_bytes,lib/ocaml/compiler-libs/flambda2_simplify__Simplify_switch_expr.cmi,11371
2026-08-24T15:54:26Z,7dace2ea9c954e45304ea9674c5ed127c76ef90e,6858,size_in_bytes,lib/ocaml/compiler-libs/flambda2_types__Code_age_relation.cmi,9152
2026-08-24T15:54:26Z,7dace2ea9c954e45304ea9674c5ed127c76ef90e,6858,size_in_bytes,lib/ocaml/compiler-libs/flambda2_simplify__Common_subexpression_elimination.cmi,12633
2026-08-24T15:54:26Z,7dace2ea9c954e45304ea9674c5ed127c76ef90e,6858,size_in_bytes,lib/ocaml/compiler-libs/value_rec_check.cmi,3266
2026-08-24T15:54:26Z,7dace2ea9c954e45304ea9674c5ed127c76ef90e,6858,size_in_bytes,lib/ocaml/compiler-libs/flambda2_identifiers__Rec_info_expr0.cmi,12983
2026-08-24T15:54:26Z,7dace2ea9c954e45304ea9674c5ed127c76ef90e,6858,size_in_bytes,lib/ocaml/compiler-libs/flambda2_types__Meet.cmi,7903
2026-08-24T15:54:26Z,7dace2ea9c954e45304ea9674c5ed127c76ef90e,6858,size_in_bytes,lib/ocaml/compiler-libs/printblambda.cmi,5333
2026-08-24T15:54:26Z,7dace2ea9c954e45304ea9674c5ed127c76ef90e,6858,size_in_bytes,lib/ocaml/compiler-libs/expunge.cmi,452
2026-08-24T15:54:26Z,7dace2ea9c954e45304ea9674c5ed127c76ef90e,6858,size_in_bytes,lib/ocaml/compiler-libs/cms_format.cmi,8376
2026-08-24T15:54:26Z,7dace2ea9c954e45304ea9674c5ed127c76ef90e,6858,size_in_bytes,lib/ocaml/compiler-libs/reg_with_debug_info.cmi,51769
2026-08-24T15:54:26Z,7dace2ea9c954e45304ea9674c5ed127c76ef90e,6858,size_in_bytes,lib/ocaml/compiler-libs/flambda2_cmx__Flambda_cmx_format.cmi,12103
2026-08-24T15:54:26Z,7dace2ea9c954e45304ea9674c5ed127c76ef90e,6858,size_in_bytes,lib/ocaml/compiler-libs/out_type.cmi,27860
2026-08-24T15:54:26Z,7dace2ea9c954e45304ea9674c5ed127c76ef90e,6858,size_in_bytes,lib/ocaml/compiler-libs/jkind_types.cmi,28674
2026-08-24T15:54:26Z,7dace2ea9c954e45304ea9674c5ed127c76ef90e,6858,size_in_bytes,lib/ocaml/compiler-libs/regalloc_gi_utils.cmi,26650
2026-08-24T15:54:26Z,7dace2ea9c954e45304ea9674c5ed127c76ef90e,6858,size_in_bytes,lib/ocaml/compiler-libs/flambda2_kinds__Flambda_arity.cmi,11322
2026-08-24T15:54:26Z,7dace2ea9c954e45304ea9674c5ed127c76ef90e,6858,size_in_bytes,lib/ocaml/compiler-libs/cfg_cse_target_intf.cmi,11220
2026-08-24T15:54:26Z,7dace2ea9c954e45304ea9674c5ed127c76ef90e,6858,size_in_bytes,lib/ocaml/compiler-libs/linear_utils.cmi,11529
2026-08-24T15:54:26Z,7dace2ea9c954e45304ea9674c5ed127c76ef90e,6858,size_in_bytes,lib/ocaml/compiler-libs/subst.cmi,45017
2026-08-24T15:54:26Z,7dace2ea9c954e45304ea9674c5ed127c76ef90e,6858,size_in_bytes,lib/ocaml/compiler-libs/arm64_binary_emitter__Condition_helpers.cmi,1734
2026-08-24T15:54:26Z,7dace2ea9c954e45304ea9674c5ed127c76ef90e,6858,size_in_bytes,lib/ocaml/compiler-libs/flambda2_terms__Switch_expr.cmi,10548
2026-08-24T15:54:26Z,7dace2ea9c954e45304ea9674c5ed127c76ef90e,6858,size_in_bytes,lib/ocaml/compiler-libs/vectorize_specific.cmi,10447
2026-08-24T15:54:26Z,7dace2ea9c954e45304ea9674c5ed127c76ef90e,6858,size_in_bytes,lib/ocaml/compiler-libs/dwarf_low__Dwarf_emittable.cmi,2892
2026-08-24T15:54:26Z,7dace2ea9c954e45304ea9674c5ed127c76ef90e,6858,size_in_bytes,lib/ocaml/compiler-libs/camlinternalMenhirLib.cmi,151090
2026-08-24T15:54:26Z,7dace2ea9c954e45304ea9674c5ed127c76ef90e,6858,size_in_bytes,lib/ocaml/compiler-libs/arm64_binary_emitter__Yield_helpers.cmi,620
2026-08-24T15:54:26Z,7dace2ea9c954e45304ea9674c5ed127c76ef90e,6858,size_in_bytes,lib/ocaml/compiler-libs/flambda2_reaper__Rebuild.cmi,12670
2026-08-24T15:54:26Z,7dace2ea9c954e45304ea9674c5ed127c76ef90e,6858,size_in_bytes,lib/ocaml/compiler-libs/flambda2_term_basics__Tag_and_size.cmi,57123
2026-08-24T15:54:26Z,7dace2ea9c954e45304ea9674c5ed127c76ef90e,6858,size_in_bytes,lib/ocaml/compiler-libs/translquote.cmi,3354
2026-08-24T15:54:26Z,7dace2ea9c954e45304ea9674c5ed127c76ef90e,6858,size_in_bytes,lib/ocaml/compiler-libs/section_table.cmi,4698
2026-08-24T15:54:26Z,7dace2ea9c954e45304ea9674c5ed127c76ef90e,6858,size_in_bytes,lib/ocaml/compiler-libs/relocation_entry.cmi,2973
2026-08-24T15:54:26Z,7dace2ea9c954e45304ea9674c5ed127c76ef90e,6858,size_in_bytes,lib/ocaml/compiler-libs/zero_alloc_checker.cmi,15601
2026-08-24T15:54:26Z,7dace2ea9c954e45304ea9674c5ed127c76ef90e,6858,size_in_bytes,lib/ocaml/compiler-libs/asmlink.cmi,12000
2026-08-24T15:54:26Z,7dace2ea9c954e45304ea9674c5ed127c76ef90e,6858,size_in_bytes,lib/ocaml/compiler-libs/flambda2_bound_identifiers__Bound_name.cmi,7046
2026-08-24T15:54:26Z,7dace2ea9c954e45304ea9674c5ed127c76ef90e,6858,size_in_bytes,lib/ocaml/compiler-libs/location.cmi,33325
2026-08-24T15:54:26Z,7dace2ea9c954e45304ea9674c5ed127c76ef90e,6858,size_in_bytes,lib/ocaml/compiler-libs/cfg_intf.cmi,19944
2026-08-24T15:54:26Z,7dace2ea9c954e45304ea9674c5ed127c76ef90e,6858,size_in_bytes,lib/ocaml/compiler-libs/mtype.cmi,12932
2026-08-24T15:54:26Z,7dace2ea9c954e45304ea9674c5ed127c76ef90e,6858,size_in_bytes,lib/ocaml/compiler-libs/includemod.cmi,65691
2026-08-24T15:54:26Z,7dace2ea9c954e45304ea9674c5ed127c76ef90e,6858,size_in_bytes,lib/ocaml/compiler-libs/x86_peephole_rules.cmi,2664
2026-08-24T15:54:26Z,7dace2ea9c954e45304ea9674c5ed127c76ef90e,6858,size_in_bytes,lib/ocaml/compiler-libs/symtable.cmi,116196
2026-08-24T15:54:26Z,7dace2ea9c954e45304ea9674c5ed127c76ef90e,6858,size_in_bytes,lib/ocaml/compiler-libs/flambda2_from_lambda__Lambda_to_lambda_transforms.cmi,8387
2026-08-24T15:54:26Z,7dace2ea9c954e45304ea9674c5ed127c76ef90e,6858,size_in_bytes,lib/ocaml/compiler-libs/solver.cmi,18533
2026-08-24T15:54:26Z,7dace2ea9c954e45304ea9674c5ed127c76ef90e,6858,size_in_bytes,lib/ocaml/compiler-libs/typetexp.cmi,20641
2026-08-24T15:54:26Z,7dace2ea9c954e45304ea9674c5ed127c76ef90e,6858,size_in_bytes,lib/ocaml/compiler-libs/flambda2_simplify__Continuation_extra_params_and_args.cmi,15200
2026-08-24T15:54:26Z,7dace2ea9c954e45304ea9674c5ed127c76ef90e,6858,size_in_bytes,lib/ocaml/compiler-libs/flambda2_identifiers__Apply_cont_rewrite_id.cmi,56377
2026-08-24T15:54:26Z,7dace2ea9c954e45304ea9674c5ed127c76ef90e,6858,size_in_bytes,lib/ocaml/compiler-libs/flambda2_types.cmi,233649
2026-08-24T15:54:26Z,7dace2ea9c954e45304ea9674c5ed127c76ef90e,6858,size_in_bytes,lib/ocaml/compiler-libs/flambda2_terms__Code.cmi,19823
2026-08-24T15:54:26Z,7dace2ea9c954e45304ea9674c5ed127c76ef90e,6858,size_in_bytes,lib/ocaml/compiler-libs/dwarf_low__Debugging_information_entry.cmi,4729
2026-08-24T15:54:26Z,7dace2ea9c954e45304ea9674c5ed127c76ef90e,6858,size_in_bytes,lib/ocaml/compiler-libs/proc.cmi,19108
2026-08-24T15:54:26Z,7dace2ea9c954e45304ea9674c5ed127c76ef90e,6858,size_in_bytes,lib/ocaml/compiler-libs/arm64_binary_emitter__Fp_helpers.cmi,5421
2026-08-24T15:54:26Z,7dace2ea9c954e45304ea9674c5ed127c76ef90e,6858,size_in_bytes,lib/ocaml/compiler-libs/flambda2_terms.cmi,5808
2026-08-24T15:54:26Z,7dace2ea9c954e45304ea9674c5ed127c76ef90e,6858,size_in_bytes,lib/ocaml/compiler-libs/flambda2_types__Typing_env_extension.cmi,20228
2026-08-24T15:54:26Z,7dace2ea9c954e45304ea9674c5ed127c76ef90e,6858,size_in_bytes,lib/ocaml/compiler-libs/flambda2_simplify__Lifted_cont_params.cmi,10824
2026-08-24T15:54:26Z,7dace2ea9c954e45304ea9674c5ed127c76ef90e,6858,size_in_bytes,lib/ocaml/compiler-libs/flambda2_parser__Flambda_parser_messages.cmi,1046
2026-08-24T15:54:26Z,7dace2ea9c954e45304ea9674c5ed127c76ef90e,6858,size_in_bytes,lib/ocaml/compiler-libs/dwarf_low__Debug_info_section.cmi,3387
2026-08-24T15:54:26Z,7dace2ea9c954e45304ea9674c5ed127c76ef90e,6858,size_in_bytes,lib/ocaml/compiler-libs/flambda2_to_cmm__To_cmm_effects.cmi,12253
2026-08-24T15:54:26Z,7dace2ea9c954e45304ea9674c5ed127c76ef90e,6858,size_in_bytes,lib/ocaml/compiler-libs/flambda2_from_lambda__Lambda_to_flambda.cmi,10543
2026-08-24T15:54:26Z,7dace2ea9c954e45304ea9674c5ed127c76ef90e,6858,size_in_bytes,lib/ocaml/compiler-libs/flambda2_parser__Flambda_parser.cmi,27404
2026-08-24T15:54:26Z,7dace2ea9c954e45304ea9674c5ed127c76ef90e,6858,size_in_bytes,lib/ocaml/compiler-libs/includemod_errorprinter.cmi,3555
2026-08-24T15:54:26Z,7dace2ea9c954e45304ea9674c5ed127c76ef90e,6858,size_in_bytes,lib/ocaml/compiler-libs/simd_selection.cmi,31590
2026-08-24T15:54:26Z,7dace2ea9c954e45304ea9674c5ed127c76ef90e,6858,size_in_bytes,lib/ocaml/compiler-libs/dwarf_low__Dwarf_int.cmi,4818
2026-08-24T15:54:26Z,7dace2ea9c954e45304ea9674c5ed127c76ef90e,6858,size_in_bytes,lib/ocaml/compiler-libs/flambda2_types__Meet_and_n_way_join.cmi,7907
2026-08-24T15:54:26Z,7dace2ea9c954e45304ea9674c5ed127c76ef90e,6858,size_in_bytes,lib/ocaml/compiler-libs/flambda2_types__.cmi,3653
2026-08-24T15:54:26Z,7dace2ea9c954e45304ea9674c5ed127c76ef90e,6858,size_in_bytes,lib/ocaml/compiler-libs/parse.cmi,4735
2026-08-24T15:54:26Z,7dace2ea9c954e45304ea9674c5ed127c76ef90e,6858,size_in_bytes,lib/ocaml/compiler-libs/peephole_utils.cmi,14761
2026-08-24T15:54:26Z,7dace2ea9c954e45304ea9674c5ed127c76ef90e,6858,size_in_bytes,lib/ocaml/compiler-libs/is_parameter.cmi,53311
2026-08-24T15:54:26Z,7dace2ea9c954e45304ea9674c5ed127c76ef90e,6858,size_in_bytes,lib/ocaml/compiler-libs/dwarf_high__Dwarf_attribute_helpers.cmi,24048
2026-08-24T15:54:26Z,7dace2ea9c954e45304ea9674c5ed127c76ef90e,6858,size_in_bytes,lib/ocaml/compiler-libs/ccomp.cmi,3279
2026-08-24T15:54:26Z,7dace2ea9c954e45304ea9674c5ed127c76ef90e,6858,size_in_bytes,lib/ocaml/compiler-libs/complex_shape.cmi,7004
2026-08-24T15:54:26Z,7dace2ea9c954e45304ea9674c5ed127c76ef90e,6858,size_in_bytes,lib/ocaml/compiler-libs/flambda2_simplify__Simplify_binary_primitive.cmi,12076
2026-08-24T15:54:26Z,7dace2ea9c954e45304ea9674c5ed127c76ef90e,6858,size_in_bytes,lib/ocaml/compiler-libs/untypeast.cmi,20491
2026-08-24T15:54:26Z,7dace2ea9c954e45304ea9674c5ed127c76ef90e,6858,size_in_bytes,lib/ocaml/compiler-libs/build_path_prefix_map.cmi,3519
2026-08-24T15:54:26Z,7dace2ea9c954e45304ea9674c5ed127c76ef90e,6858,size_in_bytes,lib/ocaml/compiler-libs/binary_emitter_intf.cmi,13872
2026-08-24T15:54:26Z,7dace2ea9c954e45304ea9674c5ed127c76ef90e,6858,size_in_bytes,lib/ocaml/compiler-libs/flambda2_reaper__Rev_expr.cmi,24492
2026-08-24T15:54:26Z,7dace2ea9c954e45304ea9674c5ed127c76ef90e,6858,size_in_bytes,lib/ocaml/compiler-libs/flambda2_simplify__Non_constructed_code.cmi,16767
2026-08-24T15:54:26Z,7dace2ea9c954e45304ea9674c5ed127c76ef90e,6858,size_in_bytes,lib/ocaml/compiler-libs/flambda2_terms__Flambda_primitive.cmi,184067
2026-08-24T15:54:26Z,7dace2ea9c954e45304ea9674c5ed127c76ef90e,6858,size_in_bytes,lib/ocaml/compiler-libs/flambda2_terms__Inlined_attribute.cmi,9224
2026-08-24T15:54:26Z,7dace2ea9c954e45304ea9674c5ed127c76ef90e,6858,size_in_bytes,lib/ocaml/compiler-libs/optpackager.cmi,19555
2026-08-24T15:54:26Z,7dace2ea9c954e45304ea9674c5ed127c76ef90e,6858,size_in_bytes,lib/ocaml/compiler-libs/typemode.cmi,8751
2026-08-24T15:54:26Z,7dace2ea9c954e45304ea9674c5ed127c76ef90e,6858,size_in_bytes,lib/ocaml/compiler-libs/flambda2_to_cmm__To_cmm.cmi,9847
2026-08-24T15:54:26Z,7dace2ea9c954e45304ea9674c5ed127c76ef90e,6858,size_in_bytes,lib/ocaml/compiler-libs/flambda2_simplify__Named_rewrite.cmi,8956
2026-08-24T15:54:26Z,7dace2ea9c954e45304ea9674c5ed127c76ef90e,6858,size_in_bytes,lib/ocaml/compiler-libs/flambda2_types__Typing_env.cmi,31515
2026-08-24T15:54:26Z,7dace2ea9c954e45304ea9674c5ed127c76ef90e,6858,size_in_bytes,lib/ocaml/compiler-libs/printlinear.cmi,12026
2026-08-24T15:54:26Z,7dace2ea9c954e45304ea9674c5ed127c76ef90e,6858,size_in_bytes,lib/ocaml/compiler-libs/flambda2_simplify__Closure_info.cmi,8957
2026-08-24T15:54:26Z,7dace2ea9c954e45304ea9674c5ed127c76ef90e,6858,size_in_bytes,lib/ocaml/compiler-libs/linkage_name.cmi,53431
2026-08-24T15:54:26Z,7dace2ea9c954e45304ea9674c5ed127c76ef90e,6858,size_in_bytes,lib/ocaml/compiler-libs/flambda2_cmx__Exported_code.cmi,15076
2026-08-24T15:54:26Z,7dace2ea9c954e45304ea9674c5ed127c76ef90e,6858,size_in_bytes,lib/ocaml/compiler-libs/flambda2_identifiers__Code_id_or_name.cmi,8600
2026-08-24T15:54:26Z,7dace2ea9c954e45304ea9674c5ed127c76ef90e,6858,size_in_bytes,lib/ocaml/compiler-libs/flambda2_algorithms.cmi,1333
2026-08-24T15:54:26Z,7dace2ea9c954e45304ea9674c5ed127c76ef90e,6858,size_in_bytes,lib/ocaml/compiler-libs/extract_relocations.cmi,4125
2026-08-24T15:54:26Z,7dace2ea9c954e45304ea9674c5ed127c76ef90e,6858,size_in_bytes,lib/ocaml/compiler-libs/flambda2_to_cmm__To_cmm_env.cmi,36243
2026-08-24T15:54:26Z,7dace2ea9c954e45304ea9674c5ed127c76ef90e,6858,size_in_bytes,lib/ocaml/compiler-libs/arm64_binary_emitter__Branch_helpers.cmi,5224
2026-08-24T15:54:26Z,7dace2ea9c954e45304ea9674c5ed127c76ef90e,6858,size_in_bytes,lib/ocaml/compiler-libs/arm64_ast__Ast.cmi,189835
2026-08-24T15:54:26Z,7dace2ea9c954e45304ea9674c5ed127c76ef90e,6858,size_in_bytes,lib/ocaml/compiler-libs/inlined_frame_ranges.cmi,80721
2026-08-24T15:54:26Z,7dace2ea9c954e45304ea9674c5ed127c76ef90e,6858,size_in_bytes,lib/ocaml/compiler-libs/topstart.cmi,223
2026-08-24T15:54:26Z,7dace2ea9c954e45304ea9674c5ed127c76ef90e,6858,size_in_bytes,lib/ocaml/compiler-libs/flambda2_types__Aliases.cmi,13977
2026-08-24T15:54:26Z,7dace2ea9c954e45304ea9674c5ed127c76ef90e,6858,size_in_bytes,lib/ocaml/compiler-libs/flambda2_algorithms__Lmap.cmi,27974
2026-08-24T15:54:26Z,7dace2ea9c954e45304ea9674c5ed127c76ef90e,6858,size_in_bytes,lib/ocaml/compiler-libs/cfg_selectgen.cmi,11092
2026-08-24T15:54:26Z,7dace2ea9c954e45304ea9674c5ed127c76ef90e,6858,size_in_bytes,lib/ocaml/compiler-libs/asm_targets__Asm_section.cmi,14898
2026-08-24T15:54:26Z,7dace2ea9c954e45304ea9674c5ed127c76ef90e,6858,size_in_bytes,lib/ocaml/compiler-libs/dwarf_low__Encoding_attribute.cmi,2248
2026-08-24T15:54:26Z,7dace2ea9c954e45304ea9674c5ed127c76ef90e,6858,size_in_bytes,lib/ocaml/compiler-libs/flambda2_terms__Flambda_unit.cmi,11930
2026-08-24T15:54:26Z,7dace2ea9c954e45304ea9674c5ed127c76ef90e,6858,size_in_bytes,lib/ocaml/compiler-libs/cfg_with_infos.cmi,15240
2026-08-24T15:54:26Z,7dace2ea9c954e45304ea9674c5ed127c76ef90e,6858,size_in_bytes,lib/ocaml/compiler-libs/flambda2_simplify__Flow_types.cmi,38825
2026-08-24T15:54:26Z,7dace2ea9c954e45304ea9674c5ed127c76ef90e,6858,size_in_bytes,lib/ocaml/compiler-libs/flambda2_simplify__Build_unboxing_denv.cmi,10343
2026-08-24T15:54:26Z,7dace2ea9c954e45304ea9674c5ed127c76ef90e,6858,size_in_bytes,lib/ocaml/compiler-libs/dwarf_low__Dwarf_value.cmi,17159
2026-08-24T15:54:26Z,7dace2ea9c954e45304ea9674c5ed127c76ef90e,6858,size_in_bytes,lib/ocaml/compiler-libs/gprinttyp.cmi,14677
2026-08-24T15:54:26Z,7dace2ea9c954e45304ea9674c5ed127c76ef90e,6858,size_in_bytes,lib/ocaml/compiler-libs/dsl_helpers.cmi,229
2026-08-24T15:54:26Z,7dace2ea9c954e45304ea9674c5ed127c76ef90e,6858,size_in_bytes,lib/ocaml/compiler-libs/flambda2_reaper__Points_to_analysis.cmi,30730
2026-08-24T15:54:26Z,7dace2ea9c954e45304ea9674c5ed127c76ef90e,6858,size_in_bytes,lib/ocaml/compiler-libs/asm_targets.cmi,822
2026-08-24T15:54:26Z,7dace2ea9c954e45304ea9674c5ed127c76ef90e,6858,size_in_bytes,lib/ocaml/compiler-libs/identifiable.cmi,164130
2026-08-24T15:54:26Z,7dace2ea9c954e45304ea9674c5ed127c76ef90e,6858,size_in_bytes,lib/ocaml/compiler-libs/global_module.cmi,170470
2026-08-24T15:54:26Z,7dace2ea9c954e45304ea9674c5ed127c76ef90e,6858,size_in_bytes,lib/ocaml/compiler-libs/flambda2_import.cmi,365
2026-08-24T15:54:26Z,7dace2ea9c954e45304ea9674c5ed127c76ef90e,6858,size_in_bytes,lib/ocaml/compiler-libs/mode_intf.cmi,429523
2026-08-24T15:54:26Z,7dace2ea9c954e45304ea9674c5ed127c76ef90e,6858,size_in_bytes,lib/ocaml/compiler-libs/tmc.cmi,2847
2026-08-24T15:54:26Z,7dace2ea9c954e45304ea9674c5ed127c76ef90e,6858,size_in_bytes,lib/ocaml/compiler-libs/regalloc_split.cmi,11559
2026-08-24T15:54:26Z,7dace2ea9c954e45304ea9674c5ed127c76ef90e,6858,size_in_bytes,lib/ocaml/compiler-libs/flambda2_simplify__One_recursive_handler.cmi,10518
2026-08-24T15:54:26Z,7dace2ea9c954e45304ea9674c5ed127c76ef90e,6858,size_in_bytes,lib/ocaml/compiler-libs/printoperation.cmi,12081
2026-08-24T15:54:26Z,7dace2ea9c954e45304ea9674c5ed127c76ef90e,6858,size_in_bytes,lib/ocaml/compiler-libs/dwarf_low__Inline_code.cmi,1793
2026-08-24T15:54:26Z,7dace2ea9c954e45304ea9674c5ed127c76ef90e,6858,size_in_bytes,lib/ocaml/compiler-libs/flambda2_terms__Mutability.cmi,8127
2026-08-24T15:54:26Z,7dace2ea9c954e45304ea9674c5ed127c76ef90e,6858,size_in_bytes,lib/ocaml/compiler-libs/flambda2_to_cmm__To_cmm_set_of_closures.cmi,13504
2026-08-24T15:54:26Z,7dace2ea9c954e45304ea9674c5ed127c76ef90e,6858,size_in_bytes,lib/ocaml/compiler-libs/flambda2_identifiers__Code_id_or_symbol.cmi,7577
2026-08-24T15:54:26Z,7dace2ea9c954e45304ea9674c5ed127c76ef90e,6858,size_in_bytes,lib/ocaml/compiler-libs/cmm_builtins.cmi,11261
2026-08-24T15:54:26Z,7dace2ea9c954e45304ea9674c5ed127c76ef90e,6858,size_in_bytes,lib/ocaml/compiler-libs/doubly_linked_list.cmi,22080
2026-08-24T15:54:26Z,7dace2ea9c954e45304ea9674c5ed127c76ef90e,6858,size_in_bytes,lib/ocaml/compiler-libs/dwarf_low__Dwarf_4_location_list_entry.cmi,3991
2026-08-24T15:54:26Z,7dace2ea9c954e45304ea9674c5ed127c76ef90e,6858,size_in_bytes,lib/ocaml/compiler-libs/local_store.cmi,2140
2026-08-24T15:54:26Z,7dace2ea9c954e45304ea9674c5ed127c76ef90e,6858,size_in_bytes,lib/ocaml/compiler-libs/printcmm.cmi,15377
2026-08-24T15:54:26Z,7dace2ea9c954e45304ea9674c5ed127c76ef90e,6858,size_in_bytes,lib/ocaml/compiler-libs/flambda2_terms__Result_types.cmi,9327
2026-08-24T15:54:26Z,7dace2ea9c954e45304ea9674c5ed127c76ef90e,6858,size_in_bytes,lib/ocaml/compiler-libs/flambda2_to_cmm__To_cmm_expr.cmi,9849
2026-08-24T15:54:26Z,7dace2ea9c954e45304ea9674c5ed127c76ef90e,6858,size_in_bytes,lib/ocaml/compiler-libs/flambda2_simplify__Dominator_graph.cmi,15414
2026-08-24T15:54:26Z,7dace2ea9c954e45304ea9674c5ed127c76ef90e,6858,size_in_bytes,lib/ocaml/compiler-libs/flambda2_types__Set_of_closures_contents.cmi,176005
2026-08-24T15:54:26Z,7dace2ea9c954e45304ea9674c5ed127c76ef90e,6858,size_in_bytes,lib/ocaml/compiler-libs/flambda2_to_cmm__To_cmm_static.cmi,11050
2026-08-24T15:54:26Z,7dace2ea9c954e45304ea9674c5ed127c76ef90e,6858,size_in_bytes,lib/ocaml/compiler-libs/flambda2_reaper__Unboxing_analysis.cmi,16304
2026-08-24T15:54:26Z,7dace2ea9c954e45304ea9674c5ed127c76ef90e,6858,size_in_bytes,lib/ocaml/stdlib_alpha/stdlib_alpha.cmi,231
2026-08-24T15:54:26Z,7dace2ea9c954e45304ea9674c5ed127c76ef90e,6858,size_in_bytes,lib/ocaml/stdlib_upstream_compatible/stdlib_upstream_compatible.cmi,789
2026-08-24T15:54:26Z,7dace2ea9c954e45304ea9674c5ed127c76ef90e,6858,size_in_bytes,lib/ocaml/stdlib_upstream_compatible/stdlib_upstream_compatible__.cmi,1095
2026-08-24T15:54:26Z,7dace2ea9c954e45304ea9674c5ed127c76ef90e,6858,size_in_bytes,lib/ocaml/stdlib_upstream_compatible/stdlib_upstream_compatible__Float_u.cmi,15562
2026-08-24T15:54:26Z,7dace2ea9c954e45304ea9674c5ed127c76ef90e,6858,size_in_bytes,lib/ocaml/stdlib_upstream_compatible/stdlib_upstream_compatible__Nativeint_u.cmi,10134
2026-08-24T15:54:26Z,7dace2ea9c954e45304ea9674c5ed127c76ef90e,6858,size_in_bytes,lib/ocaml/stdlib_upstream_compatible/stdlib_upstream_compatible__Int64_u.cmi,11331
2026-08-24T15:54:26Z,7dace2ea9c954e45304ea9674c5ed127c76ef90e,6858,size_in_bytes,lib/ocaml/stdlib_upstream_compatible/stdlib_upstream_compatible__Int32_u.cmi,9539
2026-08-24T15:54:26Z,7dace2ea9c954e45304ea9674c5ed127c76ef90e,6858,size_in_bytes,lib/ocaml/stdlib__Digest.cmx,211086
2026-08-24T15:54:26Z,7dace2ea9c954e45304ea9674c5ed127c76ef90e,6858,size_in_bytes,lib/ocaml/stdlib__ListLabels.cmx,6720
2026-08-24T15:54:26Z,7dace2ea9c954e45304ea9674c5ed127c76ef90e,6858,size_in_bytes,lib/ocaml/camlinternalOO.cmx,33575
2026-08-24T15:54:26Z,7dace2ea9c954e45304ea9674c5ed127c76ef90e,6858,size_in_bytes,lib/ocaml/stdlib__Quote.cmx,9497
2026-08-24T15:54:26Z,7dace2ea9c954e45304ea9674c5ed127c76ef90e,6858,size_in_bytes,lib/ocaml/stdlib__StringLabels.cmx,6865
2026-08-24T15:54:26Z,7dace2ea9c954e45304ea9674c5ed127c76ef90e,6858,size_in_bytes,lib/ocaml/stdlib__Format.cmx,1064013
2026-08-24T15:54:26Z,7dace2ea9c954e45304ea9674c5ed127c76ef90e,6858,size_in_bytes,lib/ocaml/camlinternalComprehension.cmx,6417
2026-08-24T15:54:26Z,7dace2ea9c954e45304ea9674c5ed127c76ef90e,6858,size_in_bytes,lib/ocaml/compiler_owee__Owee_location.cmx,39036
2026-08-24T15:54:26Z,7dace2ea9c954e45304ea9674c5ed127c76ef90e,6858,size_in_bytes,lib/ocaml/stdlib__Hashtbl.cmx,473291
2026-08-24T15:54:26Z,7dace2ea9c954e45304ea9674c5ed127c76ef90e,6858,size_in_bytes,lib/ocaml/stdlib__Fun.cmx,13656
2026-08-24T15:54:26Z,7dace2ea9c954e45304ea9674c5ed127c76ef90e,6858,size_in_bytes,lib/ocaml/stdlib__StdLabels.cmx,578
2026-08-24T15:54:26Z,7dace2ea9c954e45304ea9674c5ed127c76ef90e,6858,size_in_bytes,lib/ocaml/stdlib__Queue.cmx,53777
2026-08-24T15:54:26Z,7dace2ea9c954e45304ea9674c5ed127c76ef90e,6858,size_in_bytes,lib/ocaml/stdlib__Dynamic.cmx,8064
2026-08-24T15:54:26Z,7dace2ea9c954e45304ea9674c5ed127c76ef90e,6858,size_in_bytes,lib/ocaml/stdlib__Sys.cmx,16154
2026-08-24T15:54:26Z,7dace2ea9c954e45304ea9674c5ed127c76ef90e,6858,size_in_bytes,lib/ocaml/stdlib__Complex.cmx,44759
2026-08-24T15:54:26Z,7dace2ea9c954e45304ea9674c5ed127c76ef90e,6858,size_in_bytes,lib/ocaml/stdlib__Unit.cmx,3732
2026-08-24T15:54:26Z,7dace2ea9c954e45304ea9674c5ed127c76ef90e,6858,size_in_bytes,lib/ocaml/stdlib__Set.cmx,788581
2026-08-24T15:54:26Z,7dace2ea9c954e45304ea9674c5ed127c76ef90e,6858,size_in_bytes,lib/ocaml/stdlib__Seq.cmx,170345
2026-08-24T15:54:26Z,7dace2ea9c954e45304ea9674c5ed127c76ef90e,6858,size_in_bytes,lib/ocaml/camlinternalMod.cmx,3040
2026-08-24T15:54:26Z,7dace2ea9c954e45304ea9674c5ed127c76ef90e,6858,size_in_bytes,lib/ocaml/stdlib__Out_channel.cmx,14567
2026-08-24T15:54:26Z,7dace2ea9c954e45304ea9674c5ed127c76ef90e,6858,size_in_bytes,lib/ocaml/stdlib__BytesLabels.cmx,8821
2026-08-24T15:54:26Z,7dace2ea9c954e45304ea9674c5ed127c76ef90e,6858,size_in_bytes,lib/ocaml/stdlib__List.cmx,202568
2026-08-24T15:54:26Z,7dace2ea9c954e45304ea9674c5ed127c76ef90e,6858,size_in_bytes,lib/ocaml/stdlib__Gc.cmx,44276
2026-08-24T15:54:26Z,7dace2ea9c954e45304ea9674c5ed127c76ef90e,6858,size_in_bytes,lib/ocaml/stdlib__Stack.cmx,36113
2026-08-24T15:54:26Z,7dace2ea9c954e45304ea9674c5ed127c76ef90e,6858,size_in_bytes,lib/ocaml/stdlib__Backoff.cmx,8619
2026-08-24T15:54:26Z,7dace2ea9c954e45304ea9674c5ed127c76ef90e,6858,size_in_bytes,lib/ocaml/compiler_owee__Owee_elf_notes.cmx,120984
2026-08-24T15:54:26Z,7dace2ea9c954e45304ea9674c5ed127c76ef90e,6858,size_in_bytes,lib/ocaml/compiler_owee__Owee_interval_map.cmx,47939
2026-08-24T15:54:26Z,7dace2ea9c954e45304ea9674c5ed127c76ef90e,6858,size_in_bytes,lib/ocaml/std_exit.cmx,638
2026-08-24T15:54:26Z,7dace2ea9c954e45304ea9674c5ed127c76ef90e,6858,size_in_bytes,lib/ocaml/stdlib__In_channel.cmx,19060
2026-08-24T15:54:26Z,7dace2ea9c954e45304ea9674c5ed127c76ef90e,6858,size_in_bytes,lib/ocaml/stdlib__Effect.cmx,48884
2026-08-24T15:54:26Z,7dace2ea9c954e45304ea9674c5ed127c76ef90e,6858,size_in_bytes,lib/ocaml/stdlib__Result.cmx,47906
2026-08-24T15:54:26Z,7dace2ea9c954e45304ea9674c5ed127c76ef90e,6858,size_in_bytes,lib/ocaml/dynlink_compilerlibs__Misc.cmx,2112892
2026-08-24T15:54:26Z,7dace2ea9c954e45304ea9674c5ed127c76ef90e,6858,size_in_bytes,lib/ocaml/stdlib__Domain.cmx,234288
2026-08-24T15:54:26Z,7dace2ea9c954e45304ea9674c5ed127c76ef90e,6858,size_in_bytes,lib/ocaml/compiler_owee.cmx,1016
2026-08-24T15:54:26Z,7dace2ea9c954e45304ea9674c5ed127c76ef90e,6858,size_in_bytes,lib/ocaml/compiler_owee__Owee_elf_relocation.cmx,61117
2026-08-24T15:54:26Z,7dace2ea9c954e45304ea9674c5ed127c76ef90e,6858,size_in_bytes,lib/ocaml/stdlib__Callback.cmx,11633
2026-08-24T15:54:26Z,7dace2ea9c954e45304ea9674c5ed127c76ef90e,6858,size_in_bytes,lib/ocaml/stdlib__Parsing.cmx,65544
2026-08-24T15:54:26Z,7dace2ea9c954e45304ea9674c5ed127c76ef90e,6858,size_in_bytes,lib/ocaml/stdlib__Arg.cmx,181687
2026-08-24T15:54:26Z,7dace2ea9c954e45304ea9674c5ed127c76ef90e,6858,size_in_bytes,lib/ocaml/compiler_owee__Owee_traverse.cmx,87528
2026-08-24T15:54:26Z,7dace2ea9c954e45304ea9674c5ed127c76ef90e,6858,size_in_bytes,lib/ocaml/eval.cmx,36973
2026-08-24T15:54:26Z,7dace2ea9c954e45304ea9674c5ed127c76ef90e,6858,size_in_bytes,lib/ocaml/stdlib__Lexing.cmx,90590
2026-08-24T15:54:26Z,7dace2ea9c954e45304ea9674c5ed127c76ef90e,6858,size_in_bytes,lib/ocaml/compiler_owee__Owee_buf.cmx,124759
2026-08-24T15:54:26Z,7dace2ea9c954e45304ea9674c5ed127c76ef90e,6858,size_in_bytes,lib/ocaml/stdlib__Either.cmx,29137
2026-08-24T15:54:26Z,7dace2ea9c954e45304ea9674c5ed127c76ef90e,6858,size_in_bytes,lib/ocaml/stdlib__Printexc.cmx,196418
2026-08-24T15:54:26Z,7dace2ea9c954e45304ea9674c5ed127c76ef90e,6858,size_in_bytes,lib/ocaml/stdlib__Bool.cmx,15309
2026-08-24T15:54:26Z,7dace2ea9c954e45304ea9674c5ed127c76ef90e,6858,size_in_bytes,lib/ocaml/camlinternalFormatBasics.cmx,11591
2026-08-24T15:54:26Z,7dace2ea9c954e45304ea9674c5ed127c76ef90e,6858,size_in_bytes,lib/ocaml/stdlib__Random.cmx,228171
2026-08-24T15:54:26Z,7dace2ea9c954e45304ea9674c5ed127c76ef90e,6858,size_in_bytes,lib/ocaml/stdlib__Buffer.cmx,236661
2026-08-24T15:54:26Z,7dace2ea9c954e45304ea9674c5ed127c76ef90e,6858,size_in_bytes,lib/ocaml/compiler_owee__Owee_marker.cmx,104995
2026-08-24T15:54:26Z,7dace2ea9c954e45304ea9674c5ed127c76ef90e,6858,size_in_bytes,lib/ocaml/stdlib__Type.cmx,5598
2026-08-24T15:54:26Z,7dace2ea9c954e45304ea9674c5ed127c76ef90e,6858,size_in_bytes,lib/ocaml/camlinternalLazy.cmx,29804
2026-08-24T15:54:26Z,7dace2ea9c954e45304ea9674c5ed127c76ef90e,6858,size_in_bytes,lib/ocaml/stdlib__Iarray.cmx,170029
2026-08-24T15:54:26Z,7dace2ea9c954e45304ea9674c5ed127c76ef90e,6858,size_in_bytes,lib/ocaml/stdlib__Char.cmx,58381
2026-08-24T15:54:26Z,7dace2ea9c954e45304ea9674c5ed127c76ef90e,6858,size_in_bytes,lib/ocaml/stdlib__Scanf.cmx,269499
2026-08-24T15:54:26Z,7dace2ea9c954e45304ea9674c5ed127c76ef90e,6858,size_in_bytes,lib/ocaml/stdlib__Repr.cmx,727
2026-08-24T15:54:26Z,7dace2ea9c954e45304ea9674c5ed127c76ef90e,6858,size_in_bytes,lib/ocaml/stdlib__Filename.cmx,354042
2026-08-24T15:54:26Z,7dace2ea9c954e45304ea9674c5ed127c76ef90e,6858,size_in_bytes,lib/ocaml/compiler_owee__Owee_object.cmx,189459
2026-08-24T15:54:26Z,7dace2ea9c954e45304ea9674c5ed127c76ef90e,6858,size_in_bytes,lib/ocaml/compiler_owee__Owee_elf_string_table.cmx,25496
2026-08-24T15:54:26Z,7dace2ea9c954e45304ea9674c5ed127c76ef90e,6858,size_in_bytes,lib/ocaml/stdlib__Oo.cmx,878
2026-08-24T15:54:26Z,7dace2ea9c954e45304ea9674c5ed127c76ef90e,6858,size_in_bytes,lib/ocaml/compiler_owee__Owee_macho.cmx,104662
2026-08-24T15:54:26Z,7dace2ea9c954e45304ea9674c5ed127c76ef90e,6858,size_in_bytes,lib/ocaml/gc_timings.cmx,5021
2026-08-24T15:54:26Z,7dace2ea9c954e45304ea9674c5ed127c76ef90e,6858,size_in_bytes,lib/ocaml/stdlib__Lazy.cmx,34960
2026-08-24T15:54:26Z,7dace2ea9c954e45304ea9674c5ed127c76ef90e,6858,size_in_bytes,lib/ocaml/camlinternalFormat.cmx,206826
2026-08-24T15:54:26Z,7dace2ea9c954e45304ea9674c5ed127c76ef90e,6858,size_in_bytes,lib/ocaml/stdlib__Option.cmx,29433
2026-08-24T15:54:26Z,7dace2ea9c954e45304ea9674c5ed127c76ef90e,6858,size_in_bytes,lib/ocaml/compiler_owee__Owee_debug_line.cmx,19579
2026-08-24T15:54:26Z,7dace2ea9c954e45304ea9674c5ed127c76ef90e,6858,size_in_bytes,lib/ocaml/stdlib__Int.cmx,13022
2026-08-24T15:54:26Z,7dace2ea9c954e45304ea9674c5ed127c76ef90e,6858,size_in_bytes,lib/ocaml/stdlib__Modes.cmx,835
2026-08-24T15:54:26Z,7dace2ea9c954e45304ea9674c5ed127c76ef90e,6858,size_in_bytes,lib/ocaml/stdlib.cmx,211683
2026-08-24T15:54:26Z,7dace2ea9c954e45304ea9674c5ed127c76ef90e,6858,size_in_bytes,lib/ocaml/stdlib__Atomic.cmx,6354
2026-08-24T15:54:26Z,7dace2ea9c954e45304ea9674c5ed127c76ef90e,6858,size_in_bytes,lib/ocaml/stdlib__Dynarray.cmx,56527
2026-08-24T15:54:26Z,7dace2ea9c954e45304ea9674c5ed127c76ef90e,6858,size_in_bytes,lib/ocaml/stdlib__Pair.cmx,10989
2026-08-24T15:54:26Z,7dace2ea9c954e45304ea9674c5ed127c76ef90e,6858,size_in_bytes,lib/ocaml/stdlib__Nativeint.cmx,35649
2026-08-24T15:54:26Z,7dace2ea9c954e45304ea9674c5ed127c76ef90e,6858,size_in_bytes,lib/ocaml/compiler_owee__Owee_form.cmx,13874
2026-08-24T15:54:26Z,7dace2ea9c954e45304ea9674c5ed127c76ef90e,6858,size_in_bytes,lib/ocaml/stdlib__Printf.cmx,69967
2026-08-24T15:54:26Z,7dace2ea9c954e45304ea9674c5ed127c76ef90e,6858,size_in_bytes,lib/ocaml/stdlib__ArrayLabels.cmx,4618
2026-08-24T15:54:26Z,7dace2ea9c954e45304ea9674c5ed127c76ef90e,6858,size_in_bytes,lib/ocaml/stdlib__MoreLabels.cmx,1089
2026-08-24T15:54:26Z,7dace2ea9c954e45304ea9674c5ed127c76ef90e,6858,size_in_bytes,lib/ocaml/stdlib__Float.cmx,213465
2026-08-24T15:54:26Z,7dace2ea9c954e45304ea9674c5ed127c76ef90e,6858,size_in_bytes,lib/ocaml/stdlib__Bigarray.cmx,137525
2026-08-24T15:54:26Z,7dace2ea9c954e45304ea9674c5ed127c76ef90e,6858,size_in_bytes,lib/ocaml/stdlib__Array.cmx,201242
2026-08-24T15:54:26Z,7dace2ea9c954e45304ea9674c5ed127c76ef90e,6858,size_in_bytes,lib/ocaml/stdlib__Weak.cmx,235696
2026-08-24T15:54:26Z,7dace2ea9c954e45304ea9674c5ed127c76ef90e,6858,size_in_bytes,lib/ocaml/compiler_owee__Owee_elf.cmx,388144
2026-08-24T15:54:26Z,7dace2ea9c954e45304ea9674c5ed127c76ef90e,6858,size_in_bytes,lib/ocaml/stdlib__Mutex.cmx,6912
2026-08-24T15:54:26Z,7dace2ea9c954e45304ea9674c5ed127c76ef90e,6858,size_in_bytes,lib/ocaml/stdlib__Pqueue.cmx,78297
2026-08-24T15:54:26Z,7dace2ea9c954e45304ea9674c5ed127c76ef90e,6858,size_in_bytes,lib/ocaml/stdlib__Int32.cmx,34142
2026-08-24T15:54:26Z,7dace2ea9c954e45304ea9674c5ed127c76ef90e,6858,size_in_bytes,lib/ocaml/dynlink_compilerlibs__Axis_lattice.cmx,207279
2026-08-24T15:54:26Z,7dace2ea9c954e45304ea9674c5ed127c76ef90e,6858,size_in_bytes,lib/ocaml/stdlib__Marshal.cmx,21039
2026-08-24T15:54:26Z,7dace2ea9c954e45304ea9674c5ed127c76ef90e,6858,size_in_bytes,lib/ocaml/stdlib__Condition.cmx,6681
2026-08-24T15:54:26Z,7dace2ea9c954e45304ea9674c5ed127c76ef90e,6858,size_in_bytes,lib/ocaml/stdlib__String.cmx,278685
2026-08-24T15:54:26Z,7dace2ea9c954e45304ea9674c5ed127c76ef90e,6858,size_in_bytes,lib/ocaml/stdlib__Obj.cmx,76112
2026-08-24T15:54:26Z,7dace2ea9c954e45304ea9674c5ed127c76ef90e,6858,size_in_bytes,lib/ocaml/stdlib__Int64.cmx,34470
2026-08-24T15:54:26Z,7dace2ea9c954e45304ea9674c5ed127c76ef90e,6858,size_in_bytes,lib/ocaml/dynlink_compilerlibs__Ldd.cmx,655485
2026-08-24T15:54:26Z,7dace2ea9c954e45304ea9674c5ed127c76ef90e,6858,size_in_bytes,lib/ocaml/compiler_owee__Owee_graph.cmx,167141
2026-08-24T15:54:26Z,7dace2ea9c954e45304ea9674c5ed127c76ef90e,6858,size_in_bytes,lib/ocaml/stdlib__Ephemeron.cmx,930917
2026-08-24T15:54:26Z,7dace2ea9c954e45304ea9674c5ed127c76ef90e,6858,size_in_bytes,lib/ocaml/stdlib__Uchar.cmx,47172
2026-08-24T15:54:26Z,7dace2ea9c954e45304ea9674c5ed127c76ef90e,6858,size_in_bytes,lib/ocaml/camlinternalAtomic.cmx,9864
2026-08-24T15:54:26Z,7dace2ea9c954e45304ea9674c5ed127c76ef90e,6858,size_in_bytes,lib/ocaml/stdlib__Bytes.cmx,366870
2026-08-24T15:54:26Z,7dace2ea9c954e45304ea9674c5ed127c76ef90e,6858,size_in_bytes,lib/ocaml/camlinternalQuote.cmx,437527
2026-08-24T15:54:26Z,7dace2ea9c954e45304ea9674c5ed127c76ef90e,6858,size_in_bytes,lib/ocaml/dynlink_compilerlibs__Ldd_intf.cmx,2303
2026-08-24T15:54:26Z,7dace2ea9c954e45304ea9674c5ed127c76ef90e,6858,size_in_bytes,lib/ocaml/compiler_owee__Owee_archive.cmx,14299
2026-08-24T15:54:26Z,7dace2ea9c954e45304ea9674c5ed127c76ef90e,6858,size_in_bytes,lib/ocaml/compiler_owee__Unix_intf.cmx,749
2026-08-24T15:54:26Z,7dace2ea9c954e45304ea9674c5ed127c76ef90e,6858,size_in_bytes,lib/ocaml/stdlib__Map.cmx,791592
2026-08-24T15:54:26Z,7dace2ea9c954e45304ea9674c5ed127c76ef90e,6858,size_in_bytes,lib/ocaml/stdlib__Semaphore.cmx,8382
2026-08-24T15:54:26Z,7dace2ea9c954e45304ea9674c5ed127c76ef90e,6858,size_in_bytes,lib/ocaml/compiler_owee__Owee_linux_maps.cmx,41291
2026-08-24T15:54:26Z,7dace2ea9c954e45304ea9674c5ed127c76ef90e,6858,size_in_bytes,lib/ocaml/stdlib_stable/stdlib_stable__Char_u.cmx,34040
2026-08-24T15:54:26Z,7dace2ea9c954e45304ea9674c5ed127c76ef90e,6858,size_in_bytes,lib/ocaml/stdlib_stable/stdlib_stable__Idx_mut.cmx,639
2026-08-24T15:54:26Z,7dace2ea9c954e45304ea9674c5ed127c76ef90e,6858,size_in_bytes,lib/ocaml/stdlib_stable/stdlib_stable__Int.cmx,20906
2026-08-24T15:54:26Z,7dace2ea9c954e45304ea9674c5ed127c76ef90e,6858,size_in_bytes,lib/ocaml/stdlib_stable/stdlib_stable__Float32_u.cmx,184373
2026-08-24T15:54:26Z,7dace2ea9c954e45304ea9674c5ed127c76ef90e,6858,size_in_bytes,lib/ocaml/stdlib_stable/stdlib_stable__Or_null.cmx,30191
2026-08-24T15:54:26Z,7dace2ea9c954e45304ea9674c5ed127c76ef90e,6858,size_in_bytes,lib/ocaml/stdlib_stable/stdlib_stable__Int_u.cmx,28525
2026-08-24T15:54:26Z,7dace2ea9c954e45304ea9674c5ed127c76ef90e,6858,size_in_bytes,lib/ocaml/stdlib_stable/stdlib_stable__Int8_u.cmx,21676
2026-08-24T15:54:26Z,7dace2ea9c954e45304ea9674c5ed127c76ef90e,6858,size_in_bytes,lib/ocaml/stdlib_stable/stdlib_stable__Int16_u.cmx,21822
2026-08-24T15:54:26Z,7dace2ea9c954e45304ea9674c5ed127c76ef90e,6858,size_in_bytes,lib/ocaml/stdlib_stable/stdlib_stable__Float32.cmx,59884
2026-08-24T15:54:26Z,7dace2ea9c954e45304ea9674c5ed127c76ef90e,6858,size_in_bytes,lib/ocaml/stdlib_stable/stdlib_stable__.cmx,1039
2026-08-24T15:54:26Z,7dace2ea9c954e45304ea9674c5ed127c76ef90e,6858,size_in_bytes,lib/ocaml/stdlib_stable/stdlib_stable__Idx_imm.cmx,639
2026-08-24T15:54:26Z,7dace2ea9c954e45304ea9674c5ed127c76ef90e,6858,size_in_bytes,lib/ocaml/stdlib_stable/stdlib_stable__Int16.cmx,16418
2026-08-24T15:54:26Z,7dace2ea9c954e45304ea9674c5ed127c76ef90e,6858,size_in_bytes,lib/ocaml/stdlib_stable/stdlib_stable__Iarray.cmx,3794
2026-08-24T15:54:26Z,7dace2ea9c954e45304ea9674c5ed127c76ef90e,6858,size_in_bytes,lib/ocaml/stdlib_stable/stdlib_stable__IarrayLabels.cmx,478067
2026-08-24T15:54:26Z,7dace2ea9c954e45304ea9674c5ed127c76ef90e,6858,size_in_bytes,lib/ocaml/stdlib_stable/stdlib_stable.cmx,593
2026-08-24T15:54:26Z,7dace2ea9c954e45304ea9674c5ed127c76ef90e,6858,size_in_bytes,lib/ocaml/stdlib_stable/stdlib_stable__Idx_atomic.cmx,654
2026-08-24T15:54:26Z,7dace2ea9c954e45304ea9674c5ed127c76ef90e,6858,size_in_bytes,lib/ocaml/stdlib_stable/stdlib_stable__Int8.cmx,16316
2026-08-24T15:54:26Z,7dace2ea9c954e45304ea9674c5ed127c76ef90e,6858,size_in_bytes,lib/ocaml/ocaml-jit/jit.cmx,68722
2026-08-24T15:54:26Z,7dace2ea9c954e45304ea9674c5ed127c76ef90e,6858,size_in_bytes,lib/ocaml/dynlink/dynlink.cmx,105191
2026-08-24T15:54:26Z,7dace2ea9c954e45304ea9674c5ed127c76ef90e,6858,size_in_bytes,lib/ocaml/dynlink/dynlink_platform_intf.cmx,767
2026-08-24T15:54:26Z,7dace2ea9c954e45304ea9674c5ed127c76ef90e,6858,size_in_bytes,lib/ocaml/dynlink/dynlink_common.cmx,460337
2026-08-24T15:54:26Z,7dace2ea9c954e45304ea9674c5ed127c76ef90e,6858,size_in_bytes,lib/ocaml/dynlink/dynlink_internal_native.cmx,388960
2026-08-24T15:54:26Z,7dace2ea9c954e45304ea9674c5ed127c76ef90e,6858,size_in_bytes,lib/ocaml/dynlink/dynlink_types.cmx,2623
2026-08-24T15:54:26Z,7dace2ea9c954e45304ea9674c5ed127c76ef90e,6858,size_in_bytes,lib/ocaml/dynlink/dynlink_internal_byte.cmx,517165
2026-08-24T15:54:26Z,7dace2ea9c954e45304ea9674c5ed127c76ef90e,6858,size_in_bytes,lib/ocaml/threads/multicore.cmx,47159
2026-08-24T15:54:26Z,7dace2ea9c954e45304ea9674c5ed127c76ef90e,6858,size_in_bytes,lib/ocaml/threads/thread.cmx,27728
2026-08-24T15:54:26Z,7dace2ea9c954e45304ea9674c5ed127c76ef90e,6858,size_in_bytes,lib/ocaml/threads/event.cmx,160460
2026-08-24T15:54:26Z,7dace2ea9c954e45304ea9674c5ed127c76ef90e,6858,size_in_bytes,lib/ocaml/runtime_events/runtime_events.cmx,79999
2026-08-24T15:54:26Z,7dace2ea9c954e45304ea9674c5ed127c76ef90e,6858,size_in_bytes,lib/ocaml/unix/unixLabels.cmx,21001
2026-08-24T15:54:26Z,7dace2ea9c954e45304ea9674c5ed127c76ef90e,6858,size_in_bytes,lib/ocaml/unix/unix.cmx,517314
2026-08-24T15:54:26Z,7dace2ea9c954e45304ea9674c5ed127c76ef90e,6858,size_in_bytes,lib/ocaml/str/str.cmx,235300
2026-08-24T15:54:26Z,7dace2ea9c954e45304ea9674c5ed127c76ef90e,6858,size_in_bytes,lib/ocaml/stdlib_beta/stdlib_beta.cmx,548
2026-08-24T15:54:26Z,7dace2ea9c954e45304ea9674c5ed127c76ef90e,6858,size_in_bytes,lib/ocaml/compiler-libs/cfg_simplify.cmx,224283
2026-08-24T15:54:26Z,7dace2ea9c954e45304ea9674c5ed127c76ef90e,6858,size_in_bytes,lib/ocaml/compiler-libs/cfg_format.cmx,28706
2026-08-24T15:54:26Z,7dace2ea9c954e45304ea9674c5ed127c76ef90e,6858,size_in_bytes,lib/ocaml/compiler-libs/x86_binary_emitter.cmx,304512
2026-08-24T15:54:26Z,7dace2ea9c954e45304ea9674c5ed127c76ef90e,6858,size_in_bytes,lib/ocaml/compiler-libs/dwarf_compilation_unit.cmx,84533
2026-08-24T15:54:26Z,7dace2ea9c954e45304ea9674c5ed127c76ef90e,6858,size_in_bytes,lib/ocaml/compiler-libs/arm64_binary_emitter__All_section_states.cmx,119109
2026-08-24T15:54:26Z,7dace2ea9c954e45304ea9674c5ed127c76ef90e,6858,size_in_bytes,lib/ocaml/compiler-libs/axis_lattice.cmx,192965
2026-08-24T15:54:26Z,7dace2ea9c954e45304ea9674c5ed127c76ef90e,6858,size_in_bytes,lib/ocaml/compiler-libs/translmode.cmx,75470
2026-08-24T15:54:26Z,7dace2ea9c954e45304ea9674c5ed127c76ef90e,6858,size_in_bytes,lib/ocaml/compiler-libs/is_parameter.cmx,821257
2026-08-24T15:54:26Z,7dace2ea9c954e45304ea9674c5ed127c76ef90e,6858,size_in_bytes,lib/ocaml/compiler-libs/dwarf_low__Dwarf_attribute_values.cmx,235110
2026-08-24T15:54:26Z,7dace2ea9c954e45304ea9674c5ed127c76ef90e,6858,size_in_bytes,lib/ocaml/compiler-libs/linear_format.cmx,28780
2026-08-24T15:54:26Z,7dace2ea9c954e45304ea9674c5ed127c76ef90e,6858,size_in_bytes,lib/ocaml/compiler-libs/mtype.cmx,167748
2026-08-24T15:54:26Z,7dace2ea9c954e45304ea9674c5ed127c76ef90e,6858,size_in_bytes,lib/ocaml/compiler-libs/regalloc_gi_state.cmx,47827
2026-08-24T15:54:26Z,7dace2ea9c954e45304ea9674c5ed127c76ef90e,6858,size_in_bytes,lib/ocaml/compiler-libs/maindriver.cmx,7571
2026-08-24T15:54:26Z,7dace2ea9c954e45304ea9674c5ed127c76ef90e,6858,size_in_bytes,lib/ocaml/compiler-libs/target_system.cmx,53567
2026-08-24T15:54:26Z,7dace2ea9c954e45304ea9674c5ed127c76ef90e,6858,size_in_bytes,lib/ocaml/compiler-libs/instruct.cmx,3029
2026-08-24T15:54:26Z,7dace2ea9c954e45304ea9674c5ed127c76ef90e,6858,size_in_bytes,lib/ocaml/compiler-libs/x86_dsl.cmx,475965
2026-08-24T15:54:26Z,7dace2ea9c954e45304ea9674c5ed127c76ef90e,6858,size_in_bytes,lib/ocaml/compiler-libs/regalloc_rewrite.cmx,43299
2026-08-24T15:54:26Z,7dace2ea9c954e45304ea9674c5ed127c76ef90e,6858,size_in_bytes,lib/ocaml/compiler-libs/dwarf_high__Dwarf_world.cmx,10645
2026-08-24T15:54:26Z,7dace2ea9c954e45304ea9674c5ed127c76ef90e,6858,size_in_bytes,lib/ocaml/compiler-libs/regalloc_substitution.cmx,64350
2026-08-24T15:54:26Z,7dace2ea9c954e45304ea9674c5ed127c76ef90e,6858,size_in_bytes,lib/ocaml/compiler-libs/dissector.cmx,44908
2026-08-24T15:54:26Z,7dace2ea9c954e45304ea9674c5ed127c76ef90e,6858,size_in_bytes,lib/ocaml/compiler-libs/typedecl_properties.cmx,83405
2026-08-24T15:54:26Z,7dace2ea9c954e45304ea9674c5ed127c76ef90e,6858,size_in_bytes,lib/ocaml/compiler-libs/x86_section.cmx,289206
2026-08-24T15:54:26Z,7dace2ea9c954e45304ea9674c5ed127c76ef90e,6858,size_in_bytes,lib/ocaml/compiler-libs/lazy_backtrack.cmx,24835
2026-08-24T15:54:26Z,7dace2ea9c954e45304ea9674c5ed127c76ef90e,6858,size_in_bytes,lib/ocaml/compiler-libs/dwarf_low__Abbreviations_table_entry.cmx,90986
2026-08-24T15:54:26Z,7dace2ea9c954e45304ea9674c5ed127c76ef90e,6858,size_in_bytes,lib/ocaml/compiler-libs/dwarf_low__Debug_loc_table.cmx,24439
2026-08-24T15:54:26Z,7dace2ea9c954e45304ea9674c5ed127c76ef90e,6858,size_in_bytes,lib/ocaml/compiler-libs/value_rec_compiler.cmx,7984
2026-08-24T15:54:26Z,7dace2ea9c954e45304ea9674c5ed127c76ef90e,6858,size_in_bytes,lib/ocaml/compiler-libs/strongly_connected_components.cmx,158134
2026-08-24T15:54:26Z,7dace2ea9c954e45304ea9674c5ed127c76ef90e,6858,size_in_bytes,lib/ocaml/compiler-libs/load_path.cmx,275184
2026-08-24T15:54:26Z,7dace2ea9c954e45304ea9674c5ed127c76ef90e,6858,size_in_bytes,lib/ocaml/compiler-libs/typedecl_separability.cmx,140179
2026-08-24T15:54:26Z,7dace2ea9c954e45304ea9674c5ed127c76ef90e,6858,size_in_bytes,lib/ocaml/compiler-libs/dwarf_low__Initial_length.cmx,12853
2026-08-24T15:54:26Z,7dace2ea9c954e45304ea9674c5ed127c76ef90e,6858,size_in_bytes,lib/ocaml/compiler-libs/allowance.cmx,8294
2026-08-24T15:54:26Z,7dace2ea9c954e45304ea9674c5ed127c76ef90e,6858,size_in_bytes,lib/ocaml/compiler-libs/regalloc_validate.cmx,1374087
2026-08-24T15:54:26Z,7dace2ea9c954e45304ea9674c5ed127c76ef90e,6858,size_in_bytes,lib/ocaml/compiler-libs/identifiable.cmx,384609
2026-08-24T15:54:26Z,7dace2ea9c954e45304ea9674c5ed127c76ef90e,6858,size_in_bytes,lib/ocaml/compiler-libs/stack_class.cmx,207864
2026-08-24T15:54:26Z,7dace2ea9c954e45304ea9674c5ed127c76ef90e,6858,size_in_bytes,lib/ocaml/compiler-libs/cfg_dataflow.cmx,256079
2026-08-24T15:54:26Z,7dace2ea9c954e45304ea9674c5ed127c76ef90e,6858,size_in_bytes,lib/ocaml/compiler-libs/typecore.cmx,1440046
2026-08-24T15:54:26Z,7dace2ea9c954e45304ea9674c5ed127c76ef90e,6858,size_in_bytes,lib/ocaml/compiler-libs/arm64_ast__Ast.cmx,1199783
2026-08-24T15:54:26Z,7dace2ea9c954e45304ea9674c5ed127c76ef90e,6858,size_in_bytes,lib/ocaml/compiler-libs/structured_mangling.cmx,198405
2026-08-24T15:54:26Z,7dace2ea9c954e45304ea9674c5ed127c76ef90e,6858,size_in_bytes,lib/ocaml/compiler-libs/config.cmx,93951
2026-08-24T15:54:26Z,7dace2ea9c954e45304ea9674c5ed127c76ef90e,6858,size_in_bytes,lib/ocaml/compiler-libs/scalar.cmx,428317
2026-08-24T15:54:26Z,7dace2ea9c954e45304ea9674c5ed127c76ef90e,6858,size_in_bytes,lib/ocaml/compiler-libs/cfg.cmx,261070
2026-08-24T15:54:26Z,7dace2ea9c954e45304ea9674c5ed127c76ef90e,6858,size_in_bytes,lib/ocaml/compiler-libs/misc.cmx,1956232
2026-08-24T15:54:26Z,7dace2ea9c954e45304ea9674c5ed127c76ef90e,6858,size_in_bytes,lib/ocaml/compiler-libs/linkdeps.cmx,117921
2026-08-24T15:54:26Z,7dace2ea9c954e45304ea9674c5ed127c76ef90e,6858,size_in_bytes,lib/ocaml/compiler-libs/arm64_binary_emitter__Load_store_helpers.cmx,88941
2026-08-24T15:54:26Z,7dace2ea9c954e45304ea9674c5ed127c76ef90e,6858,size_in_bytes,lib/ocaml/compiler-libs/typemode.cmx,295713
2026-08-24T15:54:26Z,7dace2ea9c954e45304ea9674c5ed127c76ef90e,6858,size_in_bytes,lib/ocaml/compiler-libs/dwarf_low__Dwarf_language.cmx,13660
2026-08-24T15:54:26Z,7dace2ea9c954e45304ea9674c5ed127c76ef90e,6858,size_in_bytes,lib/ocaml/compiler-libs/peephole_optimize.cmx,31926
2026-08-24T15:54:26Z,7dace2ea9c954e45304ea9674c5ed127c76ef90e,6858,size_in_bytes,lib/ocaml/compiler-libs/runtimetags.cmx,1235
2026-08-24T15:54:26Z,7dace2ea9c954e45304ea9674c5ed127c76ef90e,6858,size_in_bytes,lib/ocaml/compiler-libs/regalloc_gi.cmx,88446
2026-08-24T15:54:26Z,7dace2ea9c954e45304ea9674c5ed127c76ef90e,6858,size_in_bytes,lib/ocaml/compiler-libs/compute_ranges.cmx,371324
2026-08-24T15:54:26Z,7dace2ea9c954e45304ea9674c5ed127c76ef90e,6858,size_in_bytes,lib/ocaml/compiler-libs/dwarf_high__Assign_abbrevs.cmx,45294
2026-08-24T15:54:26Z,7dace2ea9c954e45304ea9674c5ed127c76ef90e,6858,size_in_bytes,lib/ocaml/compiler-libs/dwarf_low__Inline_code.cmx,5244
2026-08-24T15:54:26Z,7dace2ea9c954e45304ea9674c5ed127c76ef90e,6858,size_in_bytes,lib/ocaml/compiler-libs/regalloc_ls.cmx,190679
2026-08-24T15:54:26Z,7dace2ea9c954e45304ea9674c5ed127c76ef90e,6858,size_in_bytes,lib/ocaml/compiler-libs/arm64_binary_emitter__Encode_directive.cmx,87699
2026-08-24T15:54:26Z,7dace2ea9c954e45304ea9674c5ed127c76ef90e,6858,size_in_bytes,lib/ocaml/compiler-libs/asm_targets.cmx,623
2026-08-24T15:54:26Z,7dace2ea9c954e45304ea9674c5ed127c76ef90e,6858,size_in_bytes,lib/ocaml/compiler-libs/dwarf_low__Location_list.cmx,39471
2026-08-24T15:54:26Z,7dace2ea9c954e45304ea9674c5ed127c76ef90e,6858,size_in_bytes,lib/ocaml/compiler-libs/cmm_helpers.cmx,4713547
2026-08-24T15:54:26Z,7dace2ea9c954e45304ea9674c5ed127c76ef90e,6858,size_in_bytes,lib/ocaml/compiler-libs/cmm_invariants.cmx,52922
2026-08-24T15:54:26Z,7dace2ea9c954e45304ea9674c5ed127c76ef90e,6858,size_in_bytes,lib/ocaml/compiler-libs/dwarf_high__Dwarf_attribute_helpers.cmx,396642
2026-08-24T15:54:26Z,7dace2ea9c954e45304ea9674c5ed127c76ef90e,6858,size_in_bytes,lib/ocaml/compiler-libs/igot.cmx,56949
2026-08-24T15:54:26Z,7dace2ea9c954e45304ea9674c5ed127c76ef90e,6858,size_in_bytes,lib/ocaml/compiler-libs/ident.cmx,962636
2026-08-24T15:54:26Z,7dace2ea9c954e45304ea9674c5ed127c76ef90e,6858,size_in_bytes,lib/ocaml/compiler-libs/cfg_intf.cmx,10282
2026-08-24T15:54:26Z,7dace2ea9c954e45304ea9674c5ed127c76ef90e,6858,size_in_bytes,lib/ocaml/compiler-libs/regalloc_split_state.cmx,342541
2026-08-24T15:54:26Z,7dace2ea9c954e45304ea9674c5ed127c76ef90e,6858,size_in_bytes,lib/ocaml/compiler-libs/btype.cmx,1615369
2026-08-24T15:54:26Z,7dace2ea9c954e45304ea9674c5ed127c76ef90e,6858,size_in_bytes,lib/ocaml/compiler-libs/arm64_binary_emitter__Branch_helpers.cmx,84268
2026-08-24T15:54:26Z,7dace2ea9c954e45304ea9674c5ed127c76ef90e,6858,size_in_bytes,lib/ocaml/compiler-libs/x86_ast_utils.cmx,82639
2026-08-24T15:54:26Z,7dace2ea9c954e45304ea9674c5ed127c76ef90e,6858,size_in_bytes,lib/ocaml/compiler-libs/parser_types.cmx,1453
2026-08-24T15:54:26Z,7dace2ea9c954e45304ea9674c5ed127c76ef90e,6858,size_in_bytes,lib/ocaml/compiler-libs/includemod.cmx,959396
2026-08-24T15:54:26Z,7dace2ea9c954e45304ea9674c5ed127c76ef90e,6858,size_in_bytes,lib/ocaml/compiler-libs/translattribute.cmx,665894
2026-08-24T15:54:26Z,7dace2ea9c954e45304ea9674c5ed127c76ef90e,6858,size_in_bytes,lib/ocaml/compiler-libs/cfg_cse_target_intf.cmx,10039
2026-08-24T15:54:26Z,7dace2ea9c954e45304ea9674c5ed127c76ef90e,6858,size_in_bytes,lib/ocaml/compiler-libs/printtyp.cmx,371677
2026-08-24T15:54:26Z,7dace2ea9c954e45304ea9674c5ed127c76ef90e,6858,size_in_bytes,lib/ocaml/compiler-libs/jkind_intf.cmx,1630
2026-08-24T15:54:26Z,7dace2ea9c954e45304ea9674c5ed127c76ef90e,6858,size_in_bytes,lib/ocaml/compiler-libs/cfg_dominators.cmx,91987
2026-08-24T15:54:26Z,7dace2ea9c954e45304ea9674c5ed127c76ef90e,6858,size_in_bytes,lib/ocaml/compiler-libs/blambda.cmx,2978
2026-08-24T15:54:26Z,7dace2ea9c954e45304ea9674c5ed127c76ef90e,6858,size_in_bytes,lib/ocaml/compiler-libs/eh_frame_registration.cmx,23834
2026-08-24T15:54:26Z,7dace2ea9c954e45304ea9674c5ed127c76ef90e,6858,size_in_bytes,lib/ocaml/compiler-libs/arm64_ast.cmx,517
2026-08-24T15:54:26Z,7dace2ea9c954e45304ea9674c5ed127c76ef90e,6858,size_in_bytes,lib/ocaml/compiler-libs/arm64_binary_emitter__For_jit.cmx,105802
2026-08-24T15:54:26Z,7dace2ea9c954e45304ea9674c5ed127c76ef90e,6858,size_in_bytes,lib/ocaml/compiler-libs/targetint.cmx,53652
2026-08-24T15:54:26Z,7dace2ea9c954e45304ea9674c5ed127c76ef90e,6858,size_in_bytes,lib/ocaml/compiler-libs/dwarf_high__Proto_die.cmx,55080
2026-08-24T15:54:26Z,7dace2ea9c954e45304ea9674c5ed127c76ef90e,6858,size_in_bytes,lib/ocaml/compiler-libs/x86_peephole_utils.cmx,81922
2026-08-24T15:54:26Z,7dace2ea9c954e45304ea9674c5ed127c76ef90e,6858,size_in_bytes,lib/ocaml/compiler-libs/compile_common.cmx,263178
2026-08-24T15:54:26Z,7dace2ea9c954e45304ea9674c5ed127c76ef90e,6858,size_in_bytes,lib/ocaml/compiler-libs/dwarf_low__Single_location_description.cmx,48526
2026-08-24T15:54:26Z,7dace2ea9c954e45304ea9674c5ed127c76ef90e,6858,size_in_bytes,lib/ocaml/compiler-libs/dsl_helpers.cmx,548
2026-08-24T15:54:26Z,7dace2ea9c954e45304ea9674c5ed127c76ef90e,6858,size_in_bytes,lib/ocaml/compiler-libs/data_types.cmx,36640
2026-08-24T15:54:26Z,7dace2ea9c954e45304ea9674c5ed127c76ef90e,6858,size_in_bytes,lib/ocaml/compiler-libs/dwarf_high__Operator_builder.cmx,163363
2026-08-24T15:54:26Z,7dace2ea9c954e45304ea9674c5ed127c76ef90e,6858,size_in_bytes,lib/ocaml/compiler-libs/translclass.cmx,35577
2026-08-24T15:54:26Z,7dace2ea9c954e45304ea9674c5ed127c76ef90e,6858,size_in_bytes,lib/ocaml/compiler-libs/x86_proc.cmx,208792
2026-08-24T15:54:26Z,7dace2ea9c954e45304ea9674c5ed127c76ef90e,6858,size_in_bytes,lib/ocaml/compiler-libs/cfg_deadcode.cmx,53416
2026-08-24T15:54:26Z,7dace2ea9c954e45304ea9674c5ed127c76ef90e,6858,size_in_bytes,lib/ocaml/compiler-libs/cfg_polling.cmx,14876
2026-08-24T15:54:26Z,7dace2ea9c954e45304ea9674c5ed127c76ef90e,6858,size_in_bytes,lib/ocaml/compiler-libs/value_rec_check.cmx,159103
2026-08-24T15:54:26Z,7dace2ea9c954e45304ea9674c5ed127c76ef90e,6858,size_in_bytes,lib/ocaml/compiler-libs/printlambda.cmx,174476
2026-08-24T15:54:26Z,7dace2ea9c954e45304ea9674c5ed127c76ef90e,6858,size_in_bytes,lib/ocaml/compiler-libs/cfg_invariants.cmx,158613
2026-08-24T15:54:26Z,7dace2ea9c954e45304ea9674c5ed127c76ef90e,6858,size_in_bytes,lib/ocaml/compiler-libs/cfg_with_layout.cmx,229191
2026-08-24T15:54:26Z,7dace2ea9c954e45304ea9674c5ed127c76ef90e,6858,size_in_bytes,lib/ocaml/compiler-libs/dwarf_low__Encoding_attribute.cmx,10340
2026-08-24T15:54:26Z,7dace2ea9c954e45304ea9674c5ed127c76ef90e,6858,size_in_bytes,lib/ocaml/compiler-libs/regalloc_invariants.cmx,100541
2026-08-24T15:54:26Z,7dace2ea9c954e45304ea9674c5ed127c76ef90e,6858,size_in_bytes,lib/ocaml/compiler-libs/runtimedef.cmx,856
2026-08-24T15:54:26Z,7dace2ea9c954e45304ea9674c5ed127c76ef90e,6858,size_in_bytes,lib/ocaml/compiler-libs/zero_alloc_info.cmx,46000
2026-08-24T15:54:26Z,7dace2ea9c954e45304ea9674c5ed127c76ef90e,6858,size_in_bytes,lib/ocaml/compiler-libs/signature_group.cmx,93579
2026-08-24T15:54:26Z,7dace2ea9c954e45304ea9674c5ed127c76ef90e,6858,size_in_bytes,lib/ocaml/compiler-libs/cfg_available_regs.cmx,159856
2026-08-24T15:54:26Z,7dace2ea9c954e45304ea9674c5ed127c76ef90e,6858,size_in_bytes,lib/ocaml/compiler-libs/dwarf_low__Abbreviations_table.cmx,85761
2026-08-24T15:54:26Z,7dace2ea9c954e45304ea9674c5ed127c76ef90e,6858,size_in_bytes,lib/ocaml/compiler-libs/cfg_cse.cmx,353563
2026-08-24T15:54:26Z,7dace2ea9c954e45304ea9674c5ed127c76ef90e,6858,size_in_bytes,lib/ocaml/compiler-libs/reg_availability_set.cmx,110400
2026-08-24T15:54:26Z,7dace2ea9c954e45304ea9674c5ed127c76ef90e,6858,size_in_bytes,lib/ocaml/compiler-libs/build_path_prefix_map.cmx,135692
2026-08-24T15:54:26Z,7dace2ea9c954e45304ea9674c5ed127c76ef90e,6858,size_in_bytes,lib/ocaml/compiler-libs/cfg_prologue.cmx,566984
2026-08-24T15:54:26Z,7dace2ea9c954e45304ea9674c5ed127c76ef90e,6858,size_in_bytes,lib/ocaml/compiler-libs/complex_shape.cmx,163823
2026-08-24T15:54:26Z,7dace2ea9c954e45304ea9674c5ed127c76ef90e,6858,size_in_bytes,lib/ocaml/compiler-libs/includemod_errorprinter.cmx,390829
2026-08-24T15:54:26Z,7dace2ea9c954e45304ea9674c5ed127c76ef90e,6858,size_in_bytes,lib/ocaml/compiler-libs/byteinstantiator.cmx,45204
2026-08-24T15:54:26Z,7dace2ea9c954e45304ea9674c5ed127c76ef90e,6858,size_in_bytes,lib/ocaml/compiler-libs/cmt_format.cmx,132643
2026-08-24T15:54:26Z,7dace2ea9c954e45304ea9674c5ed127c76ef90e,6858,size_in_bytes,lib/ocaml/compiler-libs/arm64_binary_emitter__Csel_helpers.cmx,11593
2026-08-24T15:54:26Z,7dace2ea9c954e45304ea9674c5ed127c76ef90e,6858,size_in_bytes,lib/ocaml/compiler-libs/arm64_binary_emitter__Adr_helpers.cmx,13912
2026-08-24T15:54:26Z,7dace2ea9c954e45304ea9674c5ed127c76ef90e,6858,size_in_bytes,lib/ocaml/compiler-libs/import_info.cmx,176491
2026-08-24T15:54:26Z,7dace2ea9c954e45304ea9674c5ed127c76ef90e,6858,size_in_bytes,lib/ocaml/compiler-libs/x86_gas.cmx,40655
2026-08-24T15:54:26Z,7dace2ea9c954e45304ea9674c5ed127c76ef90e,6858,size_in_bytes,lib/ocaml/compiler-libs/label.cmx,24047
2026-08-24T15:54:26Z,7dace2ea9c954e45304ea9674c5ed127c76ef90e,6858,size_in_bytes,lib/ocaml/compiler-libs/file_sections.cmx,117731
2026-08-24T15:54:26Z,7dace2ea9c954e45304ea9674c5ed127c76ef90e,6858,size_in_bytes,lib/ocaml/compiler-libs/regalloc_split_utils.cmx,136697
2026-08-24T15:54:26Z,7dace2ea9c954e45304ea9674c5ed127c76ef90e,6858,size_in_bytes,lib/ocaml/compiler-libs/linkage_name.cmx,729227
2026-08-24T15:54:26Z,7dace2ea9c954e45304ea9674c5ed127c76ef90e,6858,size_in_bytes,lib/ocaml/compiler-libs/primitive.cmx,82611
2026-08-24T15:54:26Z,7dace2ea9c954e45304ea9674c5ed127c76ef90e,6858,size_in_bytes,lib/ocaml/compiler-libs/arm64_binary_emitter__Shift_immh_immb_helpers.cmx,12101
2026-08-24T15:54:26Z,7dace2ea9c954e45304ea9674c5ed127c76ef90e,6858,size_in_bytes,lib/ocaml/compiler-libs/oprint.cmx,24875
2026-08-24T15:54:26Z,7dace2ea9c954e45304ea9674c5ed127c76ef90e,6858,size_in_bytes,lib/ocaml/compiler-libs/debuginfo.cmx,530257
2026-08-24T15:54:26Z,7dace2ea9c954e45304ea9674c5ed127c76ef90e,6858,size_in_bytes,lib/ocaml/compiler-libs/cmm.cmx,246250
2026-08-24T15:54:26Z,7dace2ea9c954e45304ea9674c5ed127c76ef90e,6858,size_in_bytes,lib/ocaml/compiler-libs/meta.cmx,2740
2026-08-24T15:54:26Z,7dace2ea9c954e45304ea9674c5ed127c76ef90e,6858,size_in_bytes,lib/ocaml/compiler-libs/errortrace_report.cmx,256536
2026-08-24T15:54:26Z,7dace2ea9c954e45304ea9674c5ed127c76ef90e,6858,size_in_bytes,lib/ocaml/compiler-libs/profile_counters_functions.cmx,5178
2026-08-24T15:54:26Z,7dace2ea9c954e45304ea9674c5ed127c76ef90e,6858,size_in_bytes,lib/ocaml/compiler-libs/type_shape.cmx,614748
2026-08-24T15:54:26Z,7dace2ea9c954e45304ea9674c5ed127c76ef90e,6858,size_in_bytes,lib/ocaml/compiler-libs/mixed_block_shape.cmx,105890
2026-08-24T15:54:26Z,7dace2ea9c954e45304ea9674c5ed127c76ef90e,6858,size_in_bytes,lib/ocaml/compiler-libs/printblambda.cmx,38487
2026-08-24T15:54:26Z,7dace2ea9c954e45304ea9674c5ed127c76ef90e,6858,size_in_bytes,lib/ocaml/compiler-libs/dwarf_low__Dwarf_arch_sizes.cmx,783
2026-08-24T15:54:26Z,7dace2ea9c954e45304ea9674c5ed127c76ef90e,6858,size_in_bytes,lib/ocaml/compiler-libs/binary_emitter_intf.cmx,1115
2026-08-24T15:54:26Z,7dace2ea9c954e45304ea9674c5ed127c76ef90e,6858,size_in_bytes,lib/ocaml/compiler-libs/dwarf_name_laundry.cmx,19734
2026-08-24T15:54:26Z,7dace2ea9c954e45304ea9674c5ed127c76ef90e,6858,size_in_bytes,lib/ocaml/compiler-libs/includeclass.cmx,45628
2026-08-24T15:54:26Z,7dace2ea9c954e45304ea9674c5ed127c76ef90e,6858,size_in_bytes,lib/ocaml/compiler-libs/vectorize_utils.cmx,81085
2026-08-24T15:54:26Z,7dace2ea9c954e45304ea9674c5ed127c76ef90e,6858,size_in_bytes,lib/ocaml/compiler-libs/transl_list_comprehension.cmx,45984
2026-08-24T15:54:26Z,7dace2ea9c954e45304ea9674c5ed127c76ef90e,6858,size_in_bytes,lib/ocaml/compiler-libs/errortrace.cmx,70236
2026-08-24T15:54:26Z,7dace2ea9c954e45304ea9674c5ed127c76ef90e,6858,size_in_bytes,lib/ocaml/compiler-libs/dwarf_low__Composite_location_description.cmx,45106
2026-08-24T15:54:26Z,7dace2ea9c954e45304ea9674c5ed127c76ef90e,6858,size_in_bytes,lib/ocaml/compiler-libs/simplif.cmx,54848
2026-08-24T15:54:26Z,7dace2ea9c954e45304ea9674c5ed127c76ef90e,6858,size_in_bytes,lib/ocaml/compiler-libs/inlined_frame_ranges.cmx,1059445
2026-08-24T15:54:26Z,7dace2ea9c954e45304ea9674c5ed127c76ef90e,6858,size_in_bytes,lib/ocaml/compiler-libs/dwarf_low__Aranges_table.cmx,31887
2026-08-24T15:54:26Z,7dace2ea9c954e45304ea9674c5ed127c76ef90e,6858,size_in_bytes,lib/ocaml/compiler-libs/zero_alloc.cmx,106275
2026-08-24T15:54:26Z,7dace2ea9c954e45304ea9674c5ed127c76ef90e,6858,size_in_bytes,lib/ocaml/compiler-libs/diffing_with_keys.cmx,229478
2026-08-24T15:54:26Z,7dace2ea9c954e45304ea9674c5ed127c76ef90e,6858,size_in_bytes,lib/ocaml/compiler-libs/llvmize.cmx,433595
2026-08-24T15:54:26Z,7dace2ea9c954e45304ea9674c5ed127c76ef90e,6858,size_in_bytes,lib/ocaml/compiler-libs/cfg_colours.cmx,89588
2026-08-24T15:54:26Z,7dace2ea9c954e45304ea9674c5ed127c76ef90e,6858,size_in_bytes,lib/ocaml/compiler-libs/dwarf_inlined_frames.cmx,243725
2026-08-24T15:54:26Z,7dace2ea9c954e45304ea9674c5ed127c76ef90e,6858,size_in_bytes,lib/ocaml/compiler-libs/shape.cmx,1468838
2026-08-24T15:54:26Z,7dace2ea9c954e45304ea9674c5ed127c76ef90e,6858,size_in_bytes,lib/ocaml/compiler-libs/cfg_stack_checks.cmx,136207
2026-08-24T15:54:26Z,7dace2ea9c954e45304ea9674c5ed127c76ef90e,6858,size_in_bytes,lib/ocaml/compiler-libs/unit_info.cmx,227432
2026-08-24T15:54:26Z,7dace2ea9c954e45304ea9674c5ed127c76ef90e,6858,size_in_bytes,lib/ocaml/compiler-libs/arm64_binary_emitter__Condition_helpers.cmx,6995
2026-08-24T15:54:26Z,7dace2ea9c954e45304ea9674c5ed127c76ef90e,6858,size_in_bytes,lib/ocaml/compiler-libs/main_args.cmx,2572713
2026-08-24T15:54:26Z,7dace2ea9c954e45304ea9674c5ed127c76ef90e,6858,size_in_bytes,lib/ocaml/compiler-libs/dwarf_high__Simple_location_description_lang.cmx,260573
2026-08-24T15:54:26Z,7dace2ea9c954e45304ea9674c5ed127c76ef90e,6858,size_in_bytes,lib/ocaml/compiler-libs/dwarf_low__Dwarf_4_entry_sorting.cmx,10184
2026-08-24T15:54:26Z,7dace2ea9c954e45304ea9674c5ed127c76ef90e,6858,size_in_bytes,lib/ocaml/compiler-libs/datarepr.cmx,158682
2026-08-24T15:54:26Z,7dace2ea9c954e45304ea9674c5ed127c76ef90e,6858,size_in_bytes,lib/ocaml/compiler-libs/includecore.cmx,386865
2026-08-24T15:54:26Z,7dace2ea9c954e45304ea9674c5ed127c76ef90e,6858,size_in_bytes,lib/ocaml/compiler-libs/stack_class_utils.cmx,91931
2026-08-24T15:54:26Z,7dace2ea9c954e45304ea9674c5ed127c76ef90e,6858,size_in_bytes,lib/ocaml/compiler-libs/generic_fns.cmx,483883
2026-08-24T15:54:26Z,7dace2ea9c954e45304ea9674c5ed127c76ef90e,6858,size_in_bytes,lib/ocaml/compiler-libs/probe_emission.cmx,140385
2026-08-24T15:54:26Z,7dace2ea9c954e45304ea9674c5ed127c76ef90e,6858,size_in_bytes,lib/ocaml/compiler-libs/emitcode.cmx,58241
2026-08-24T15:54:26Z,7dace2ea9c954e45304ea9674c5ed127c76ef90e,6858,size_in_bytes,lib/ocaml/compiler-libs/build_igot_and_iplt.cmx,17925
2026-08-24T15:54:26Z,7dace2ea9c954e45304ea9674c5ed127c76ef90e,6858,size_in_bytes,lib/ocaml/compiler-libs/arm64_binary_emitter__Simd_helpers.cmx,59442
2026-08-24T15:54:26Z,7dace2ea9c954e45304ea9674c5ed127c76ef90e,6858,size_in_bytes,lib/ocaml/compiler-libs/typedecl.cmx,746712
2026-08-24T15:54:26Z,7dace2ea9c954e45304ea9674c5ed127c76ef90e,6858,size_in_bytes,lib/ocaml/compiler-libs/x86_peephole_rules.cmx,71920
2026-08-24T15:54:26Z,7dace2ea9c954e45304ea9674c5ed127c76ef90e,6858,size_in_bytes,lib/ocaml/compiler-libs/dwarf_low__Child_determination.cmx,12085
2026-08-24T15:54:26Z,7dace2ea9c954e45304ea9674c5ed127c76ef90e,6858,size_in_bytes,lib/ocaml/compiler-libs/cmm_peephole_engine.cmx,94408
2026-08-24T15:54:26Z,7dace2ea9c954e45304ea9674c5ed127c76ef90e,6858,size_in_bytes,lib/ocaml/compiler-libs/translobj.cmx,179470
2026-08-24T15:54:26Z,7dace2ea9c954e45304ea9674c5ed127c76ef90e,6858,size_in_bytes,lib/ocaml/compiler-libs/arm64_ast__Logical_immediates.cmx,44460
2026-08-24T15:54:26Z,7dace2ea9c954e45304ea9674c5ed127c76ef90e,6858,size_in_bytes,lib/ocaml/compiler-libs/arm64_binary_emitter__Data_proc_helpers.cmx,31332
2026-08-24T15:54:26Z,7dace2ea9c954e45304ea9674c5ed127c76ef90e,6858,size_in_bytes,lib/ocaml/compiler-libs/dwarf_low__Simple_location_description.cmx,25871
2026-08-24T15:54:26Z,7dace2ea9c954e45304ea9674c5ed127c76ef90e,6858,size_in_bytes,lib/ocaml/compiler-libs/typeopt.cmx,314339
2026-08-24T15:54:26Z,7dace2ea9c954e45304ea9674c5ed127c76ef90e,6858,size_in_bytes,lib/ocaml/compiler-libs/asm_targets__Asm_section.cmx,159112
2026-08-24T15:54:26Z,7dace2ea9c954e45304ea9674c5ed127c76ef90e,6858,size_in_bytes,lib/ocaml/compiler-libs/global_module.cmx,2268773
2026-08-24T15:54:26Z,7dace2ea9c954e45304ea9674c5ed127c76ef90e,6858,size_in_bytes,lib/ocaml/compiler-libs/translprim.cmx,243734
2026-08-24T15:54:26Z,7dace2ea9c954e45304ea9674c5ed127c76ef90e,6858,size_in_bytes,lib/ocaml/compiler-libs/dwarf_low.cmx,1896
2026-08-24T15:54:26Z,7dace2ea9c954e45304ea9674c5ed127c76ef90e,6858,size_in_bytes,lib/ocaml/compiler-libs/instructionId.cmx,28226
2026-08-24T15:54:26Z,7dace2ea9c954e45304ea9674c5ed127c76ef90e,6858,size_in_bytes,lib/ocaml/compiler-libs/docstrings.cmx,456222
2026-08-24T15:54:26Z,7dace2ea9c954e45304ea9674c5ed127c76ef90e,6858,size_in_bytes,lib/ocaml/compiler-libs/types.cmx,1217935
2026-08-24T15:54:26Z,7dace2ea9c954e45304ea9674c5ed127c76ef90e,6858,size_in_bytes,lib/ocaml/compiler-libs/translmod.cmx,492938
2026-08-24T15:54:26Z,7dace2ea9c954e45304ea9674c5ed127c76ef90e,6858,size_in_bytes,lib/ocaml/compiler-libs/branch_relaxation.cmx,142295
2026-08-24T15:54:26Z,7dace2ea9c954e45304ea9674c5ed127c76ef90e,6858,size_in_bytes,lib/ocaml/compiler-libs/instantiator.cmx,87136
2026-08-24T15:54:26Z,7dace2ea9c954e45304ea9674c5ed127c76ef90e,6858,size_in_bytes,lib/ocaml/compiler-libs/fdo_info.cmx,23481
2026-08-24T15:54:26Z,7dace2ea9c954e45304ea9674c5ed127c76ef90e,6858,size_in_bytes,lib/ocaml/compiler-libs/opt_fuel.cmx,41249
2026-08-24T15:54:26Z,7dace2ea9c954e45304ea9674c5ed127c76ef90e,6858,size_in_bytes,lib/ocaml/compiler-libs/zero_alloc_annotations.cmx,20794
2026-08-24T15:54:26Z,7dace2ea9c954e45304ea9674c5ed127c76ef90e,6858,size_in_bytes,lib/ocaml/compiler-libs/cfg_merge_blocks.cmx,94803
2026-08-24T15:54:26Z,7dace2ea9c954e45304ea9674c5ed127c76ef90e,6858,size_in_bytes,lib/ocaml/compiler-libs/dwarf_low__Location_list_table.cmx,83726
2026-08-24T15:54:26Z,7dace2ea9c954e45304ea9674c5ed127c76ef90e,6858,size_in_bytes,lib/ocaml/compiler-libs/cfg_reducibility.cmx,59216
2026-08-24T15:54:26Z,7dace2ea9c954e45304ea9674c5ed127c76ef90e,6858,size_in_bytes,lib/ocaml/compiler-libs/arm64_binary_emitter__Logical_helpers.cmx,26320
2026-08-24T15:54:26Z,7dace2ea9c954e45304ea9674c5ed127c76ef90e,6858,size_in_bytes,lib/ocaml/compiler-libs/dwarf_low__Dwarf_4_location_list.cmx,69571
2026-08-24T15:54:26Z,7dace2ea9c954e45304ea9674c5ed127c76ef90e,6858,size_in_bytes,lib/ocaml/compiler-libs/dwarf_low__Location_or_range_list_table.cmx,153178
2026-08-24T15:54:26Z,7dace2ea9c954e45304ea9674c5ed127c76ef90e,6858,size_in_bytes,lib/ocaml/compiler-libs/emitaux.cmx,270691
2026-08-24T15:54:26Z,7dace2ea9c954e45304ea9674c5ed127c76ef90e,6858,size_in_bytes,lib/ocaml/compiler-libs/printcfg.cmx,175734
2026-08-24T15:54:26Z,7dace2ea9c954e45304ea9674c5ed127c76ef90e,6858,size_in_bytes,lib/ocaml/compiler-libs/priority_queue.cmx,91029
2026-08-24T15:54:26Z,7dace2ea9c954e45304ea9674c5ed127c76ef90e,6858,size_in_bytes,lib/ocaml/compiler-libs/lexer.cmx,151493
2026-08-24T15:54:26Z,7dace2ea9c954e45304ea9674c5ed127c76ef90e,6858,size_in_bytes,lib/ocaml/compiler-libs/asm_targets__Asm_symbol.cmx,852366
2026-08-24T15:54:26Z,7dace2ea9c954e45304ea9674c5ed127c76ef90e,6858,size_in_bytes,lib/ocaml/compiler-libs/hash_consed.cmx,44166
2026-08-24T15:54:26Z,7dace2ea9c954e45304ea9674c5ed127c76ef90e,6858,size_in_bytes,lib/ocaml/compiler-libs/symbol.cmx,863742
2026-08-24T15:54:26Z,7dace2ea9c954e45304ea9674c5ed127c76ef90e,6858,size_in_bytes,lib/ocaml/compiler-libs/cfg_loop_infos.cmx,107546
2026-08-24T15:54:26Z,7dace2ea9c954e45304ea9674c5ed127c76ef90e,6858,size_in_bytes,lib/ocaml/compiler-libs/attr_helper.cmx,36693
2026-08-24T15:54:26Z,7dace2ea9c954e45304ea9674c5ed127c76ef90e,6858,size_in_bytes,lib/ocaml/compiler-libs/x86_peephole_optimize.cmx,27248
2026-08-24T15:54:26Z,7dace2ea9c954e45304ea9674c5ed127c76ef90e,6858,size_in_bytes,lib/ocaml/compiler-libs/cfg_liveness.cmx,172878
2026-08-24T15:54:26Z,7dace2ea9c954e45304ea9674c5ed127c76ef90e,6858,size_in_bytes,lib/ocaml/compiler-libs/arm64_binary_emitter__Yield_helpers.cmx,2218
2026-08-24T15:54:26Z,7dace2ea9c954e45304ea9674c5ed127c76ef90e,6858,size_in_bytes,lib/ocaml/compiler-libs/peephole_rules.cmx,43339
2026-08-24T15:54:26Z,7dace2ea9c954e45304ea9674c5ed127c76ef90e,6858,size_in_bytes,lib/ocaml/compiler-libs/measure_object_files.cmx,28790
2026-08-24T15:54:26Z,7dace2ea9c954e45304ea9674c5ed127c76ef90e,6858,size_in_bytes,lib/ocaml/compiler-libs/solver.cmx,1010767
2026-08-24T15:54:26Z,7dace2ea9c954e45304ea9674c5ed127c76ef90e,6858,size_in_bytes,lib/ocaml/compiler-libs/zero_alloc_utils.cmx,203363
2026-08-24T15:54:26Z,7dace2ea9c954e45304ea9674c5ed127c76ef90e,6858,size_in_bytes,lib/ocaml/compiler-libs/afl_instrument.cmx,26812
2026-08-24T15:54:26Z,7dace2ea9c954e45304ea9674c5ed127c76ef90e,6858,size_in_bytes,lib/ocaml/compiler-libs/dwarf_low__Dwarf_4_range_list_entry.cmx,66187
2026-08-24T15:54:26Z,7dace2ea9c954e45304ea9674c5ed127c76ef90e,6858,size_in_bytes,lib/ocaml/compiler-libs/regs.cmx,854245
2026-08-24T15:54:26Z,7dace2ea9c954e45304ea9674c5ed127c76ef90e,6858,size_in_bytes,lib/ocaml/compiler-libs/dwarf_low__Address_index.cmx,1410768
2026-08-24T15:54:26Z,7dace2ea9c954e45304ea9674c5ed127c76ef90e,6858,size_in_bytes,lib/ocaml/compiler-libs/printtyped.cmx,846033
2026-08-24T15:54:26Z,7dace2ea9c954e45304ea9674c5ed127c76ef90e,6858,size_in_bytes,lib/ocaml/compiler-libs/domainstate.cmx,1913
2026-08-24T15:54:26Z,7dace2ea9c954e45304ea9674c5ed127c76ef90e,6858,size_in_bytes,lib/ocaml/compiler-libs/jkind_types.cmx,366040
2026-08-24T15:54:26Z,7dace2ea9c954e45304ea9674c5ed127c76ef90e,6858,size_in_bytes,lib/ocaml/compiler-libs/mixed_product_bytes.cmx,79437
2026-08-24T15:54:26Z,7dace2ea9c954e45304ea9674c5ed127c76ef90e,6858,size_in_bytes,lib/ocaml/compiler-libs/arm64_binary_emitter.cmx,1409
2026-08-24T15:54:26Z,7dace2ea9c954e45304ea9674c5ed127c76ef90e,6858,size_in_bytes,lib/ocaml/compiler-libs/printcmm.cmx,268702
2026-08-24T15:54:26Z,7dace2ea9c954e45304ea9674c5ed127c76ef90e,6858,size_in_bytes,lib/ocaml/compiler-libs/stypes.cmx,59447
2026-08-24T15:54:26Z,7dace2ea9c954e45304ea9674c5ed127c76ef90e,6858,size_in_bytes,lib/ocaml/compiler-libs/env.cmx,3542947
2026-08-24T15:54:26Z,7dace2ea9c954e45304ea9674c5ed127c76ef90e,6858,size_in_bytes,lib/ocaml/compiler-libs/arm64_binary_emitter__Nop_helpers.cmx,2174
2026-08-24T15:54:26Z,7dace2ea9c954e45304ea9674c5ed127c76ef90e,6858,size_in_bytes,lib/ocaml/compiler-libs/numbers.cmx,2081800
2026-08-24T15:54:26Z,7dace2ea9c954e45304ea9674c5ed127c76ef90e,6858,size_in_bytes,lib/ocaml/compiler-libs/CSE.cmx,26751
2026-08-24T15:54:26Z,7dace2ea9c954e45304ea9674c5ed127c76ef90e,6858,size_in_bytes,lib/ocaml/compiler-libs/regalloc_affinity.cmx,45447
2026-08-24T15:54:26Z,7dace2ea9c954e45304ea9674c5ed127c76ef90e,6858,size_in_bytes,lib/ocaml/compiler-libs/dwarf_low__Dwarf_format.cmx,5616
2026-08-24T15:54:26Z,7dace2ea9c954e45304ea9674c5ed127c76ef90e,6858,size_in_bytes,lib/ocaml/compiler-libs/cfg_to_linear_desc.cmx,15626
2026-08-24T15:54:26Z,7dace2ea9c954e45304ea9674c5ed127c76ef90e,6858,size_in_bytes,lib/ocaml/compiler-libs/transl_array_comprehension.cmx,329995
2026-08-24T15:54:26Z,7dace2ea9c954e45304ea9674c5ed127c76ef90e,6858,size_in_bytes,lib/ocaml/compiler-libs/peephole_utils.cmx,163085
2026-08-24T15:54:26Z,7dace2ea9c954e45304ea9674c5ed127c76ef90e,6858,size_in_bytes,lib/ocaml/compiler-libs/cfg_comballoc.cmx,78130
2026-08-24T15:54:26Z,7dace2ea9c954e45304ea9674c5ed127c76ef90e,6858,size_in_bytes,lib/ocaml/compiler-libs/cmmgen_state.cmx,57264
2026-08-24T15:54:26Z,7dace2ea9c954e45304ea9674c5ed127c76ef90e,6858,size_in_bytes,lib/ocaml/compiler-libs/cmt2annot.cmx,20773
2026-08-24T15:54:26Z,7dace2ea9c954e45304ea9674c5ed127c76ef90e,6858,size_in_bytes,lib/ocaml/compiler-libs/relocatable_symbol_name.cmx,2891
2026-08-24T15:54:26Z,7dace2ea9c954e45304ea9674c5ed127c76ef90e,6858,size_in_bytes,lib/ocaml/compiler-libs/symbol_table.cmx,107920
2026-08-24T15:54:26Z,7dace2ea9c954e45304ea9674c5ed127c76ef90e,6858,size_in_bytes,lib/ocaml/compiler-libs/amd64_simd_defs.cmx,170049
2026-08-24T15:54:26Z,7dace2ea9c954e45304ea9674c5ed127c76ef90e,6858,size_in_bytes,lib/ocaml/compiler-libs/format_doc.cmx,606323
2026-08-24T15:54:26Z,7dace2ea9c954e45304ea9674c5ed127c76ef90e,6858,size_in_bytes,lib/ocaml/compiler-libs/regalloc_utils.cmx,648071
2026-08-24T15:54:26Z,7dace2ea9c954e45304ea9674c5ed127c76ef90e,6858,size_in_bytes,lib/ocaml/compiler-libs/terminfo.cmx,24092
2026-08-24T15:54:26Z,7dace2ea9c954e45304ea9674c5ed127c76ef90e,6858,size_in_bytes,lib/ocaml/compiler-libs/arm64_binary_emitter__Fp_helpers.cmx,33787
2026-08-24T15:54:26Z,7dace2ea9c954e45304ea9674c5ed127c76ef90e,6858,size_in_bytes,lib/ocaml/compiler-libs/vectorize_specific.cmx,31234
2026-08-24T15:54:26Z,7dace2ea9c954e45304ea9674c5ed127c76ef90e,6858,size_in_bytes,lib/ocaml/compiler-libs/compilation_unit.cmx,2628582
2026-08-24T15:54:26Z,7dace2ea9c954e45304ea9674c5ed127c76ef90e,6858,size_in_bytes,lib/ocaml/compiler-libs/dwarf_flags.cmx,86071
2026-08-24T15:54:26Z,7dace2ea9c954e45304ea9674c5ed127c76ef90e,6858,size_in_bytes,lib/ocaml/compiler-libs/compiler_hooks.cmx,55561
2026-08-24T15:54:26Z,7dace2ea9c954e45304ea9674c5ed127c76ef90e,6858,size_in_bytes,lib/ocaml/compiler-libs/location_tracker_formatter.cmx,100720
2026-08-24T15:54:26Z,7dace2ea9c954e45304ea9674c5ed127c76ef90e,6858,size_in_bytes,lib/ocaml/compiler-libs/ccomp.cmx,98301
2026-08-24T15:54:26Z,7dace2ea9c954e45304ea9674c5ed127c76ef90e,6858,size_in_bytes,lib/ocaml/compiler-libs/blambda_of_lambda.cmx,49099
2026-08-24T15:54:26Z,7dace2ea9c954e45304ea9674c5ed127c76ef90e,6858,size_in_bytes,lib/ocaml/compiler-libs/binutils.cmx,309303
2026-08-24T15:54:26Z,7dace2ea9c954e45304ea9674c5ed127c76ef90e,6858,size_in_bytes,lib/ocaml/compiler-libs/dwarf_low__Range_list_entry.cmx,20476
2026-08-24T15:54:26Z,7dace2ea9c954e45304ea9674c5ed127c76ef90e,6858,size_in_bytes,lib/ocaml/compiler-libs/language_extension_kernel.cmx,4369
2026-08-24T15:54:26Z,7dace2ea9c954e45304ea9674c5ed127c76ef90e,6858,size_in_bytes,lib/ocaml/compiler-libs/optpackager.cmx,381705
2026-08-24T15:54:26Z,7dace2ea9c954e45304ea9674c5ed127c76ef90e,6858,size_in_bytes,lib/ocaml/compiler-libs/operation.cmx,94129
2026-08-24T15:54:26Z,7dace2ea9c954e45304ea9674c5ed127c76ef90e,6858,size_in_bytes,lib/ocaml/compiler-libs/symtable.cmx,788985
2026-08-24T15:54:26Z,7dace2ea9c954e45304ea9674c5ed127c76ef90e,6858,size_in_bytes,lib/ocaml/compiler-libs/zero_alloc_checker.cmx,1485857
2026-08-24T15:54:26Z,7dace2ea9c954e45304ea9674c5ed127c76ef90e,6858,size_in_bytes,lib/ocaml/compiler-libs/dissector_log.cmx,37922
2026-08-24T15:54:26Z,7dace2ea9c954e45304ea9674c5ed127c76ef90e,6858,size_in_bytes,lib/ocaml/compiler-libs/printoperation.cmx,41670
2026-08-24T15:54:26Z,7dace2ea9c954e45304ea9674c5ed127c76ef90e,6858,size_in_bytes,lib/ocaml/compiler-libs/partition.cmx,23244
2026-08-24T15:54:26Z,7dace2ea9c954e45304ea9674c5ed127c76ef90e,6858,size_in_bytes,lib/ocaml/compiler-libs/camlinternalMenhirLib.cmx,945373
2026-08-24T15:54:26Z,7dace2ea9c954e45304ea9674c5ed127c76ef90e,6858,size_in_bytes,lib/ocaml/compiler-libs/local_store.cmx,32480
2026-08-24T15:54:26Z,7dace2ea9c954e45304ea9674c5ed127c76ef90e,6858,size_in_bytes,lib/ocaml/compiler-libs/ast_iterator.cmx,382108
2026-08-24T15:54:26Z,7dace2ea9c954e45304ea9674c5ed127c76ef90e,6858,size_in_bytes,lib/ocaml/compiler-libs/matching.cmx,1132682
2026-08-24T15:54:26Z,7dace2ea9c954e45304ea9674c5ed127c76ef90e,6858,size_in_bytes,lib/ocaml/compiler-libs/arm64_binary_emitter__Bitfield_helpers.cmx,10009
2026-08-24T15:54:26Z,7dace2ea9c954e45304ea9674c5ed127c76ef90e,6858,size_in_bytes,lib/ocaml/compiler-libs/ctype.cmx,3059012
2026-08-24T15:54:26Z,7dace2ea9c954e45304ea9674c5ed127c76ef90e,6858,size_in_bytes,lib/ocaml/compiler-libs/cfg_selectgen_target_intf.cmx,10388
2026-08-24T15:54:26Z,7dace2ea9c954e45304ea9674c5ed127c76ef90e,6858,size_in_bytes,lib/ocaml/compiler-libs/iplt.cmx,70118
2026-08-24T15:54:26Z,7dace2ea9c954e45304ea9674c5ed127c76ef90e,6858,size_in_bytes,lib/ocaml/compiler-libs/dwarf_state.cmx,375504
2026-08-24T15:54:26Z,7dace2ea9c954e45304ea9674c5ed127c76ef90e,6858,size_in_bytes,lib/ocaml/compiler-libs/bytelink.cmx,320520
2026-08-24T15:54:26Z,7dace2ea9c954e45304ea9674c5ed127c76ef90e,6858,size_in_bytes,lib/ocaml/compiler-libs/cfg_with_infos.cmx,99467
2026-08-24T15:54:26Z,7dace2ea9c954e45304ea9674c5ed127c76ef90e,6858,size_in_bytes,lib/ocaml/compiler-libs/dwarf.cmx,116534
2026-08-24T15:54:26Z,7dace2ea9c954e45304ea9674c5ed127c76ef90e,6858,size_in_bytes,lib/ocaml/compiler-libs/out_type.cmx,1475438
2026-08-24T15:54:26Z,7dace2ea9c954e45304ea9674c5ed127c76ef90e,6858,size_in_bytes,lib/ocaml/compiler-libs/ast_invariants.cmx,145096
2026-08-24T15:54:26Z,7dace2ea9c954e45304ea9674c5ed127c76ef90e,6858,size_in_bytes,lib/ocaml/compiler-libs/oxcaml_flags.cmx,65677
2026-08-24T15:54:26Z,7dace2ea9c954e45304ea9674c5ed127c76ef90e,6858,size_in_bytes,lib/ocaml/compiler-libs/compute_ranges_intf.cmx,10240
2026-08-24T15:54:26Z,7dace2ea9c954e45304ea9674c5ed127c76ef90e,6858,size_in_bytes,lib/ocaml/compiler-libs/asmgen.cmx,659583
2026-08-24T15:54:26Z,7dace2ea9c954e45304ea9674c5ed127c76ef90e,6858,size_in_bytes,lib/ocaml/compiler-libs/opcodes.cmx,6573
2026-08-24T15:54:26Z,7dace2ea9c954e45304ea9674c5ed127c76ef90e,6858,size_in_bytes,lib/ocaml/compiler-libs/optlibrarian.cmx,209346
2026-08-24T15:54:26Z,7dace2ea9c954e45304ea9674c5ed127c76ef90e,6858,size_in_bytes,lib/ocaml/compiler-libs/pparse.cmx,204253
2026-08-24T15:54:26Z,7dace2ea9c954e45304ea9674c5ed127c76ef90e,6858,size_in_bytes,lib/ocaml/compiler-libs/errors.cmx,1427
2026-08-24T15:54:26Z,7dace2ea9c954e45304ea9674c5ed127c76ef90e,6858,size_in_bytes,lib/ocaml/compiler-libs/slambda_fracture.cmx,50331
2026-08-24T15:54:26Z,7dace2ea9c954e45304ea9674c5ed127c76ef90e,6858,size_in_bytes,lib/ocaml/compiler-libs/tmc.cmx,39487
2026-08-24T15:54:26Z,7dace2ea9c954e45304ea9674c5ed127c76ef90e,6858,size_in_bytes,lib/ocaml/compiler-libs/regalloc_irc.cmx,19130
2026-08-24T15:54:26Z,7dace2ea9c954e45304ea9674c5ed127c76ef90e,6858,size_in_bytes,lib/ocaml/compiler-libs/dwarf_low__Dwarf_int.cmx,94636
2026-08-24T15:54:26Z,7dace2ea9c954e45304ea9674c5ed127c76ef90e,6858,size_in_bytes,lib/ocaml/compiler-libs/dwarf_low__Dwarf_4_range_list.cmx,57228
2026-08-24T15:54:26Z,7dace2ea9c954e45304ea9674c5ed127c76ef90e,6858,size_in_bytes,lib/ocaml/compiler-libs/section_table.cmx,41818
2026-08-24T15:54:26Z,7dace2ea9c954e45304ea9674c5ed127c76ef90e,6858,size_in_bytes,lib/ocaml/compiler-libs/reg_with_debug_info.cmx,358567
2026-08-24T15:54:26Z,7dace2ea9c954e45304ea9674c5ed127c76ef90e,6858,size_in_bytes,lib/ocaml/compiler-libs/regalloc_stack_slots.cmx,73985
2026-08-24T15:54:26Z,7dace2ea9c954e45304ea9674c5ed127c76ef90e,6858,size_in_bytes,lib/ocaml/compiler-libs/uniqueness_analysis.cmx,651244
2026-08-24T15:54:26Z,7dace2ea9c954e45304ea9674c5ed127c76ef90e,6858,size_in_bytes,lib/ocaml/compiler-libs/bytepackager.cmx,73828
2026-08-24T15:54:26Z,7dace2ea9c954e45304ea9674c5ed127c76ef90e,6858,size_in_bytes,lib/ocaml/compiler-libs/printast_with_mappings.cmx,663857
2026-08-24T15:54:26Z,7dace2ea9c954e45304ea9674c5ed127c76ef90e,6858,size_in_bytes,lib/ocaml/compiler-libs/partial_link.cmx,160045
2026-08-24T15:54:26Z,7dace2ea9c954e45304ea9674c5ed127c76ef90e,6858,size_in_bytes,lib/ocaml/compiler-libs/tast_mapper.cmx,609927
2026-08-24T15:54:26Z,7dace2ea9c954e45304ea9674c5ed127c76ef90e,6858,size_in_bytes,lib/ocaml/compiler-libs/optcompile.cmx,325372
2026-08-24T15:54:26Z,7dace2ea9c954e45304ea9674c5ed127c76ef90e,6858,size_in_bytes,lib/ocaml/compiler-libs/optcomp_intf.cmx,9477
2026-08-24T15:54:26Z,7dace2ea9c954e45304ea9674c5ed127c76ef90e,6858,size_in_bytes,lib/ocaml/compiler-libs/cfg_selectgen.cmx,1662621
2026-08-24T15:54:26Z,7dace2ea9c954e45304ea9674c5ed127c76ef90e,6858,size_in_bytes,lib/ocaml/compiler-libs/transl_comprehension_utils.cmx,325379
2026-08-24T15:54:26Z,7dace2ea9c954e45304ea9674c5ed127c76ef90e,6858,size_in_bytes,lib/ocaml/compiler-libs/llvm_ir.cmx,819083
2026-08-24T15:54:26Z,7dace2ea9c954e45304ea9674c5ed127c76ef90e,6858,size_in_bytes,lib/ocaml/compiler-libs/dwarf_low__Dwarf_4_location_list_entry.cmx,154218
2026-08-24T15:54:26Z,7dace2ea9c954e45304ea9674c5ed127c76ef90e,6858,size_in_bytes,lib/ocaml/compiler-libs/dwarf_low__Dwarf_attributes.cmx,1542571
2026-08-24T15:54:26Z,7dace2ea9c954e45304ea9674c5ed127c76ef90e,6858,size_in_bytes,lib/ocaml/compiler-libs/makedepend.cmx,35542
2026-08-24T15:54:26Z,7dace2ea9c954e45304ea9674c5ed127c76ef90e,6858,size_in_bytes,lib/ocaml/compiler-libs/cfg_selection.cmx,138104
2026-08-24T15:54:26Z,7dace2ea9c954e45304ea9674c5ed127c76ef90e,6858,size_in_bytes,lib/ocaml/compiler-libs/dwarf_reg_locations.cmx,80393
2026-08-24T15:54:26Z,7dace2ea9c954e45304ea9674c5ed127c76ef90e,6858,size_in_bytes,lib/ocaml/compiler-libs/typedtree.cmx,402179
2026-08-24T15:54:26Z,7dace2ea9c954e45304ea9674c5ed127c76ef90e,6858,size_in_bytes,lib/ocaml/compiler-libs/asttypes.cmx,5253
2026-08-24T15:54:26Z,7dace2ea9c954e45304ea9674c5ed127c76ef90e,6858,size_in_bytes,lib/ocaml/compiler-libs/envaux.cmx,39959
2026-08-24T15:54:26Z,7dace2ea9c954e45304ea9674c5ed127c76ef90e,6858,size_in_bytes,lib/ocaml/compiler-libs/dwarf_type.cmx,24905
2026-08-24T15:54:26Z,7dace2ea9c954e45304ea9674c5ed127c76ef90e,6858,size_in_bytes,lib/ocaml/compiler-libs/dwarf_low__Dwarf_emittable.cmx,1318
2026-08-24T15:54:26Z,7dace2ea9c954e45304ea9674c5ed127c76ef90e,6858,size_in_bytes,lib/ocaml/compiler-libs/rawprinttyp.cmx,59464
2026-08-24T15:54:26Z,7dace2ea9c954e45304ea9674c5ed127c76ef90e,6858,size_in_bytes,lib/ocaml/compiler-libs/extra_debug.cmx,38212
2026-08-24T15:54:26Z,7dace2ea9c954e45304ea9674c5ed127c76ef90e,6858,size_in_bytes,lib/ocaml/compiler-libs/linear_utils.cmx,13336
2026-08-24T15:54:26Z,7dace2ea9c954e45304ea9674c5ed127c76ef90e,6858,size_in_bytes,lib/ocaml/compiler-libs/static_label.cmx,16988
2026-08-24T15:54:26Z,7dace2ea9c954e45304ea9674c5ed127c76ef90e,6858,size_in_bytes,lib/ocaml/compiler-libs/cfg_edge.cmx,191162
2026-08-24T15:54:26Z,7dace2ea9c954e45304ea9674c5ed127c76ef90e,6858,size_in_bytes,lib/ocaml/compiler-libs/oxcaml_args.cmx,1791048
2026-08-24T15:54:26Z,7dace2ea9c954e45304ea9674c5ed127c76ef90e,6858,size_in_bytes,lib/ocaml/compiler-libs/asm_targets__Asm_directives_dwarf.cmx,2072
2026-08-24T15:54:26Z,7dace2ea9c954e45304ea9674c5ed127c76ef90e,6858,size_in_bytes,lib/ocaml/compiler-libs/compenv.cmx,236327
2026-08-24T15:54:26Z,7dace2ea9c954e45304ea9674c5ed127c76ef90e,6858,size_in_bytes,lib/ocaml/compiler-libs/reg.cmx,846306
2026-08-24T15:54:26Z,7dace2ea9c954e45304ea9674c5ed127c76ef90e,6858,size_in_bytes,lib/ocaml/compiler-libs/clflags.cmx,540676
2026-08-24T15:54:26Z,7dace2ea9c954e45304ea9674c5ed127c76ef90e,6858,size_in_bytes,lib/ocaml/compiler-libs/lru.cmx,68259
2026-08-24T15:54:26Z,7dace2ea9c954e45304ea9674c5ed127c76ef90e,6858,size_in_bytes,lib/ocaml/compiler-libs/backend_var.cmx,129662
2026-08-24T15:54:26Z,7dace2ea9c954e45304ea9674c5ed127c76ef90e,6858,size_in_bytes,lib/ocaml/compiler-libs/x86_masm.cmx,38636
2026-08-24T15:54:26Z,7dace2ea9c954e45304ea9674c5ed127c76ef90e,6858,size_in_bytes,lib/ocaml/compiler-libs/dwarf_low__Abbreviation_code.cmx,40013
2026-08-24T15:54:26Z,7dace2ea9c954e45304ea9674c5ed127c76ef90e,6858,size_in_bytes,lib/ocaml/compiler-libs/dwarf_low__Address_table.cmx,81851
2026-08-24T15:54:26Z,7dace2ea9c954e45304ea9674c5ed127c76ef90e,6858,size_in_bytes,lib/ocaml/compiler-libs/arm64_binary_emitter__Add_sub_helpers.cmx,61126
2026-08-24T15:54:26Z,7dace2ea9c954e45304ea9674c5ed127c76ef90e,6858,size_in_bytes,lib/ocaml/compiler-libs/lambda.cmx,885120
2026-08-24T15:54:26Z,7dace2ea9c954e45304ea9674c5ed127c76ef90e,6858,size_in_bytes,lib/ocaml/compiler-libs/bytegen.cmx,129420
2026-08-24T15:54:26Z,7dace2ea9c954e45304ea9674c5ed127c76ef90e,6858,size_in_bytes,lib/ocaml/compiler-libs/cmi_format.cmx,130343
2026-08-24T15:54:26Z,7dace2ea9c954e45304ea9674c5ed127c76ef90e,6858,size_in_bytes,lib/ocaml/compiler-libs/signature_with_global_bindings.cmx,72192
2026-08-24T15:54:26Z,7dace2ea9c954e45304ea9674c5ed127c76ef90e,6858,size_in_bytes,lib/ocaml/compiler-libs/untypeast.cmx,595884
2026-08-24T15:54:26Z,7dace2ea9c954e45304ea9674c5ed127c76ef90e,6858,size_in_bytes,lib/ocaml/compiler-libs/select_utils.cmx,342456
2026-08-24T15:54:26Z,7dace2ea9c954e45304ea9674c5ed127c76ef90e,6858,size_in_bytes,lib/ocaml/compiler-libs/sub_cfg.cmx,142900
2026-08-24T15:54:26Z,7dace2ea9c954e45304ea9674c5ed127c76ef90e,6858,size_in_bytes,lib/ocaml/compiler-libs/jkind.cmx,1638617
2026-08-24T15:54:26Z,7dace2ea9c954e45304ea9674c5ed127c76ef90e,6858,size_in_bytes,lib/ocaml/compiler-libs/arm64_binary_emitter__Binary_emitter.cmx,167154
2026-08-24T15:54:26Z,7dace2ea9c954e45304ea9674c5ed127c76ef90e,6858,size_in_bytes,lib/ocaml/compiler-libs/compile.cmx,190226
2026-08-24T15:54:26Z,7dace2ea9c954e45304ea9674c5ed127c76ef90e,6858,size_in_bytes,lib/ocaml/compiler-libs/location.cmx,709191
2026-08-24T15:54:26Z,7dace2ea9c954e45304ea9674c5ed127c76ef90e,6858,size_in_bytes,lib/ocaml/compiler-libs/dwarf_abstract_instances.cmx,124559
2026-08-24T15:54:26Z,7dace2ea9c954e45304ea9674c5ed127c76ef90e,6858,size_in_bytes,lib/ocaml/compiler-libs/parmatch.cmx,538138
2026-08-24T15:54:26Z,7dace2ea9c954e45304ea9674c5ed127c76ef90e,6858,size_in_bytes,lib/ocaml/compiler-libs/extract_relocations.cmx,142583
2026-08-24T15:54:26Z,7dace2ea9c954e45304ea9674c5ed127c76ef90e,6858,size_in_bytes,lib/ocaml/compiler-libs/diffing.cmx,322286
2026-08-24T15:54:26Z,7dace2ea9c954e45304ea9674c5ed127c76ef90e,6858,size_in_bytes,lib/ocaml/compiler-libs/dwarf_low__Range_list.cmx,39058
2026-08-24T15:54:26Z,7dace2ea9c954e45304ea9674c5ed127c76ef90e,6858,size_in_bytes,lib/ocaml/compiler-libs/form_rewrite_plan.cmx,78608
2026-08-24T15:54:26Z,7dace2ea9c954e45304ea9674c5ed127c76ef90e,6858,size_in_bytes,lib/ocaml/compiler-libs/dwarf_low__Location_list_entry.cmx,16757
2026-08-24T15:54:26Z,7dace2ea9c954e45304ea9674c5ed127c76ef90e,6858,size_in_bytes,lib/ocaml/compiler-libs/vicuna_traverse_typed_tree.cmx,89776
2026-08-24T15:54:26Z,7dace2ea9c954e45304ea9674c5ed127c76ef90e,6858,size_in_bytes,lib/ocaml/compiler-libs/regs_utils.cmx,43307
2026-08-24T15:54:26Z,7dace2ea9c954e45304ea9674c5ed127c76ef90e,6858,size_in_bytes,lib/ocaml/compiler-libs/slambdaeval.cmx,128219
2026-08-24T15:54:26Z,7dace2ea9c954e45304ea9674c5ed127c76ef90e,6858,size_in_bytes,lib/ocaml/compiler-libs/asm_targets__Asm_label.cmx,847236
2026-08-24T15:54:26Z,7dace2ea9c954e45304ea9674c5ed127c76ef90e,6858,size_in_bytes,lib/ocaml/compiler-libs/jkind_axis.cmx,400684
2026-08-24T15:54:26Z,7dace2ea9c954e45304ea9674c5ed127c76ef90e,6858,size_in_bytes,lib/ocaml/compiler-libs/predef.cmx,199580
2026-08-24T15:54:26Z,7dace2ea9c954e45304ea9674c5ed127c76ef90e,6858,size_in_bytes,lib/ocaml/compiler-libs/arch.cmx,167488
2026-08-24T15:54:26Z,7dace2ea9c954e45304ea9674c5ed127c76ef90e,6858,size_in_bytes,lib/ocaml/compiler-libs/consistbl.cmx,62530
2026-08-24T15:54:26Z,7dace2ea9c954e45304ea9674c5ed127c76ef90e,6858,size_in_bytes,lib/ocaml/compiler-libs/current_unit.cmx,74079
2026-08-24T15:54:26Z,7dace2ea9c954e45304ea9674c5ed127c76ef90e,6858,size_in_bytes,lib/ocaml/compiler-libs/builtin_attributes.cmx,902127
2026-08-24T15:54:26Z,7dace2ea9c954e45304ea9674c5ed127c76ef90e,6858,size_in_bytes,lib/ocaml/compiler-libs/dwarf_low__Debug_ranges_table.cmx,31133
2026-08-24T15:54:26Z,7dace2ea9c954e45304ea9674c5ed127c76ef90e,6858,size_in_bytes,lib/ocaml/compiler-libs/dwarf_low__Location_or_range_list_entry.cmx,137516
2026-08-24T15:54:26Z,7dace2ea9c954e45304ea9674c5ed127c76ef90e,6858,size_in_bytes,lib/ocaml/compiler-libs/vicuna_value_shapes.cmx,77803
2026-08-24T15:54:26Z,7dace2ea9c954e45304ea9674c5ed127c76ef90e,6858,size_in_bytes,lib/ocaml/compiler-libs/dwarf_low__Debugging_information_entry.cmx,50842
2026-08-24T15:54:26Z,7dace2ea9c954e45304ea9674c5ed127c76ef90e,6858,size_in_bytes,lib/ocaml/compiler-libs/printinstr.cmx,16790
2026-08-24T15:54:26Z,7dace2ea9c954e45304ea9674c5ed127c76ef90e,6858,size_in_bytes,lib/ocaml/compiler-libs/persistent_env.cmx,832243
2026-08-24T15:54:26Z,7dace2ea9c954e45304ea9674c5ed127c76ef90e,6858,size_in_bytes,lib/ocaml/compiler-libs/regalloc_ls_state.cmx,168059
2026-08-24T15:54:26Z,7dace2ea9c954e45304ea9674c5ed127c76ef90e,6858,size_in_bytes,lib/ocaml/compiler-libs/vectorize.cmx,108125
2026-08-24T15:54:26Z,7dace2ea9c954e45304ea9674c5ed127c76ef90e,6858,size_in_bytes,lib/ocaml/compiler-libs/dwarf_high.cmx,670
2026-08-24T15:54:26Z,7dace2ea9c954e45304ea9674c5ed127c76ef90e,6858,size_in_bytes,lib/ocaml/compiler-libs/switch.cmx,536505
2026-08-24T15:54:26Z,7dace2ea9c954e45304ea9674c5ed127c76ef90e,6858,size_in_bytes,lib/ocaml/compiler-libs/printast.cmx,634675
2026-08-24T15:54:26Z,7dace2ea9c954e45304ea9674c5ed127c76ef90e,6858,size_in_bytes,lib/ocaml/compiler-libs/typemod.cmx,540238
2026-08-24T15:54:26Z,7dace2ea9c954e45304ea9674c5ed127c76ef90e,6858,size_in_bytes,lib/ocaml/compiler-libs/asm_targets__Asm_directives.cmx,802416
2026-08-24T15:54:26Z,7dace2ea9c954e45304ea9674c5ed127c76ef90e,6858,size_in_bytes,lib/ocaml/compiler-libs/path.cmx,316359
2026-08-24T15:54:26Z,7dace2ea9c954e45304ea9674c5ed127c76ef90e,6858,size_in_bytes,lib/ocaml/compiler-libs/regalloc_split.cmx,336586
2026-08-24T15:54:26Z,7dace2ea9c954e45304ea9674c5ed127c76ef90e,6858,size_in_bytes,lib/ocaml/compiler-libs/linkenv.cmx,353107
2026-08-24T15:54:26Z,7dace2ea9c954e45304ea9674c5ed127c76ef90e,6858,size_in_bytes,lib/ocaml/compiler-libs/typeclass.cmx,623866
2026-08-24T15:54:26Z,7dace2ea9c954e45304ea9674c5ed127c76ef90e,6858,size_in_bytes,lib/ocaml/compiler-libs/linear.cmx,22227
2026-08-24T15:54:26Z,7dace2ea9c954e45304ea9674c5ed127c76ef90e,6858,size_in_bytes,lib/ocaml/compiler-libs/dwarf_low__Debug_info_section.cmx,83884
2026-08-24T15:54:26Z,7dace2ea9c954e45304ea9674c5ed127c76ef90e,6858,size_in_bytes,lib/ocaml/compiler-libs/shape_reduce.cmx,854425
2026-08-24T15:54:26Z,7dace2ea9c954e45304ea9674c5ed127c76ef90e,6858,size_in_bytes,lib/ocaml/compiler-libs/ikind.cmx,790952
2026-08-24T15:54:26Z,7dace2ea9c954e45304ea9674c5ed127c76ef90e,6858,size_in_bytes,lib/ocaml/compiler-libs/slambda.cmx,31851
2026-08-24T15:54:26Z,7dace2ea9c954e45304ea9674c5ed127c76ef90e,6858,size_in_bytes,lib/ocaml/compiler-libs/debug.cmx,19655
2026-08-24T15:54:26Z,7dace2ea9c954e45304ea9674c5ed127c76ef90e,6858,size_in_bytes,lib/ocaml/compiler-libs/tast_iterator.cmx,435271
2026-08-24T15:54:26Z,7dace2ea9c954e45304ea9674c5ed127c76ef90e,6858,size_in_bytes,lib/ocaml/compiler-libs/ldd_intf.cmx,1702
2026-08-24T15:54:26Z,7dace2ea9c954e45304ea9674c5ed127c76ef90e,6858,size_in_bytes,lib/ocaml/compiler-libs/amd64_simd_instrs.cmx,15255183
2026-08-24T15:54:26Z,7dace2ea9c954e45304ea9674c5ed127c76ef90e,6858,size_in_bytes,lib/ocaml/compiler-libs/linker_script.cmx,7988
2026-08-24T15:54:26Z,7dace2ea9c954e45304ea9674c5ed127c76ef90e,6858,size_in_bytes,lib/ocaml/compiler-libs/cms_format.cmx,104508
2026-08-24T15:54:26Z,7dace2ea9c954e45304ea9674c5ed127c76ef90e,6858,size_in_bytes,lib/ocaml/compiler-libs/ast_helper.cmx,1530879
2026-08-24T15:54:26Z,7dace2ea9c954e45304ea9674c5ed127c76ef90e,6858,size_in_bytes,lib/ocaml/compiler-libs/arm64_binary_emitter__Relocation.cmx,71079
2026-08-24T15:54:26Z,7dace2ea9c954e45304ea9674c5ed127c76ef90e,6858,size_in_bytes,lib/ocaml/compiler-libs/translcore.cmx,485663
2026-08-24T15:54:26Z,7dace2ea9c954e45304ea9674c5ed127c76ef90e,6858,size_in_bytes,lib/ocaml/compiler-libs/patterns.cmx,144101
2026-08-24T15:54:26Z,7dace2ea9c954e45304ea9674c5ed127c76ef90e,6858,size_in_bytes,lib/ocaml/compiler-libs/arm64_binary_emitter__Mov_helpers.cmx,13762
2026-08-24T15:54:26Z,7dace2ea9c954e45304ea9674c5ed127c76ef90e,6858,size_in_bytes,lib/ocaml/compiler-libs/dwarf_low__Range_list_table.cmx,83222
2026-08-24T15:54:26Z,7dace2ea9c954e45304ea9674c5ed127c76ef90e,6858,size_in_bytes,lib/ocaml/compiler-libs/jit_backend.cmx,133962
2026-08-24T15:54:26Z,7dace2ea9c954e45304ea9674c5ed127c76ef90e,6858,size_in_bytes,lib/ocaml/compiler-libs/mode.cmx,9764853
2026-08-24T15:54:26Z,7dace2ea9c954e45304ea9674c5ed127c76ef90e,6858,size_in_bytes,lib/ocaml/compiler-libs/parser.cmx,1493624
2026-08-24T15:54:26Z,7dace2ea9c954e45304ea9674c5ed127c76ef90e,6858,size_in_bytes,lib/ocaml/compiler-libs/language_extension.cmx,239856
2026-08-24T15:54:26Z,7dace2ea9c954e45304ea9674c5ed127c76ef90e,6858,size_in_bytes,lib/ocaml/compiler-libs/gprinttyp.cmx,627005
2026-08-24T15:54:26Z,7dace2ea9c954e45304ea9674c5ed127c76ef90e,6858,size_in_bytes,lib/ocaml/compiler-libs/compmisc.cmx,96603
2026-08-24T15:54:26Z,7dace2ea9c954e45304ea9674c5ed127c76ef90e,6858,size_in_bytes,lib/ocaml/compiler-libs/arm64_binary_emitter__Encode_instruction.cmx,8708
2026-08-24T15:54:26Z,7dace2ea9c954e45304ea9674c5ed127c76ef90e,6858,size_in_bytes,lib/ocaml/compiler-libs/proc.cmx,268218
2026-08-24T15:54:26Z,7dace2ea9c954e45304ea9674c5ed127c76ef90e,6858,size_in_bytes,lib/ocaml/compiler-libs/parse.cmx,30690
2026-08-24T15:54:26Z,7dace2ea9c954e45304ea9674c5ed127c76ef90e,6858,size_in_bytes,lib/ocaml/compiler-libs/cmm_builtins.cmx,38547
2026-08-24T15:54:26Z,7dace2ea9c954e45304ea9674c5ed127c76ef90e,6858,size_in_bytes,lib/ocaml/compiler-libs/dwarf_low__Dwarf_operator.cmx,225049
2026-08-24T15:54:26Z,7dace2ea9c954e45304ea9674c5ed127c76ef90e,6858,size_in_bytes,lib/ocaml/compiler-libs/arrayset.cmx,58441
2026-08-24T15:54:26Z,7dace2ea9c954e45304ea9674c5ed127c76ef90e,6858,size_in_bytes,lib/ocaml/compiler-libs/asmlink.cmx,43812
2026-08-24T15:54:26Z,7dace2ea9c954e45304ea9674c5ed127c76ef90e,6858,size_in_bytes,lib/ocaml/compiler-libs/typedecl_variance.cmx,186013
2026-08-24T15:54:26Z,7dace2ea9c954e45304ea9674c5ed127c76ef90e,6858,size_in_bytes,lib/ocaml/compiler-libs/regalloc_interf_graph.cmx,287820
2026-08-24T15:54:26Z,7dace2ea9c954e45304ea9674c5ed127c76ef90e,6858,size_in_bytes,lib/ocaml/compiler-libs/runtime_shape.cmx,192784
2026-08-24T15:54:26Z,7dace2ea9c954e45304ea9674c5ed127c76ef90e,6858,size_in_bytes,lib/ocaml/compiler-libs/bytelibrarian.cmx,100484
2026-08-24T15:54:26Z,7dace2ea9c954e45304ea9674c5ed127c76ef90e,6858,size_in_bytes,lib/ocaml/compiler-libs/arm64_binary_emitter__Section_state.cmx,97134
2026-08-24T15:54:26Z,7dace2ea9c954e45304ea9674c5ed127c76ef90e,6858,size_in_bytes,lib/ocaml/compiler-libs/simplify_terminator.cmx,23305
2026-08-24T15:54:26Z,7dace2ea9c954e45304ea9674c5ed127c76ef90e,6858,size_in_bytes,lib/ocaml/compiler-libs/cm_bundle.cmx,15913
2026-08-24T15:54:26Z,7dace2ea9c954e45304ea9674c5ed127c76ef90e,6858,size_in_bytes,lib/ocaml/compiler-libs/dll.cmx,77056
2026-08-24T15:54:26Z,7dace2ea9c954e45304ea9674c5ed127c76ef90e,6858,size_in_bytes,lib/ocaml/compiler-libs/warnings.cmx,311764
2026-08-24T15:54:26Z,7dace2ea9c954e45304ea9674c5ed127c76ef90e,6858,size_in_bytes,lib/ocaml/compiler-libs/binary_emitter_verify.cmx,58035
2026-08-24T15:54:26Z,7dace2ea9c954e45304ea9674c5ed127c76ef90e,6858,size_in_bytes,lib/ocaml/compiler-libs/profile.cmx,270063
2026-08-24T15:54:26Z,7dace2ea9c954e45304ea9674c5ed127c76ef90e,6858,size_in_bytes,lib/ocaml/compiler-libs/simd.cmx,646352
2026-08-24T15:54:26Z,7dace2ea9c954e45304ea9674c5ed127c76ef90e,6858,size_in_bytes,lib/ocaml/compiler-libs/subst.cmx,721306
2026-08-24T15:54:26Z,7dace2ea9c954e45304ea9674c5ed127c76ef90e,6858,size_in_bytes,lib/ocaml/compiler-libs/dwarf_low__Dwarf_version.cmx,12751
2026-08-24T15:54:26Z,7dace2ea9c954e45304ea9674c5ed127c76ef90e,6858,size_in_bytes,lib/ocaml/compiler-libs/ast_mapper.cmx,980468
2026-08-24T15:54:26Z,7dace2ea9c954e45304ea9674c5ed127c76ef90e,6858,size_in_bytes,lib/ocaml/compiler-libs/optlink.cmx,299072
2026-08-24T15:54:26Z,7dace2ea9c954e45304ea9674c5ed127c76ef90e,6858,size_in_bytes,lib/ocaml/compiler-libs/relocation_entry.cmx,52181
2026-08-24T15:54:26Z,7dace2ea9c954e45304ea9674c5ed127c76ef90e,6858,size_in_bytes,lib/ocaml/compiler-libs/int_replace_polymorphic_compare.cmx,12749
2026-08-24T15:54:26Z,7dace2ea9c954e45304ea9674c5ed127c76ef90e,6858,size_in_bytes,lib/ocaml/compiler-libs/dwarf_low__Dwarf_value.cmx,119359
2026-08-24T15:54:26Z,7dace2ea9c954e45304ea9674c5ed127c76ef90e,6858,size_in_bytes,lib/ocaml/compiler-libs/typetexp.cmx,798795
2026-08-24T15:54:26Z,7dace2ea9c954e45304ea9674c5ed127c76ef90e,6858,size_in_bytes,lib/ocaml/compiler-libs/opterrors.cmx,1442
2026-08-24T15:54:26Z,7dace2ea9c954e45304ea9674c5ed127c76ef90e,6858,size_in_bytes,lib/ocaml/compiler-libs/printpat.cmx,110971
2026-08-24T15:54:26Z,7dace2ea9c954e45304ea9674c5ed127c76ef90e,6858,size_in_bytes,lib/ocaml/compiler-libs/doubly_linked_list.cmx,209859
2026-08-24T15:54:26Z,7dace2ea9c954e45304ea9674c5ed127c76ef90e,6858,size_in_bytes,lib/ocaml/compiler-libs/simd_selection.cmx,256202
2026-08-24T15:54:26Z,7dace2ea9c954e45304ea9674c5ed127c76ef90e,6858,size_in_bytes,lib/ocaml/compiler-libs/dwarf_concrete_instances.cmx,15517
2026-08-24T15:54:26Z,7dace2ea9c954e45304ea9674c5ed127c76ef90e,6858,size_in_bytes,lib/ocaml/compiler-libs/depend.cmx,257779
2026-08-24T15:54:26Z,7dace2ea9c954e45304ea9674c5ed127c76ef90e,6858,size_in_bytes,lib/ocaml/compiler-libs/arg_helper.cmx,83942
2026-08-24T15:54:26Z,7dace2ea9c954e45304ea9674c5ed127c76ef90e,6858,size_in_bytes,lib/ocaml/compiler-libs/binary_emitter_helpers.cmx,6252
2026-08-24T15:54:26Z,7dace2ea9c954e45304ea9674c5ed127c76ef90e,6858,size_in_bytes,lib/ocaml/compiler-libs/syntaxerr.cmx,7369
2026-08-24T15:54:26Z,7dace2ea9c954e45304ea9674c5ed127c76ef90e,6858,size_in_bytes,lib/ocaml/compiler-libs/stack_reg_offset.cmx,15733
2026-08-24T15:54:26Z,7dace2ea9c954e45304ea9674c5ed127c76ef90e,6858,size_in_bytes,lib/ocaml/compiler-libs/longident.cmx,23462
2026-08-24T15:54:26Z,7dace2ea9c954e45304ea9674c5ed127c76ef90e,6858,size_in_bytes,lib/ocaml/compiler-libs/regalloc_ls_utils.cmx,335472
2026-08-24T15:54:26Z,7dace2ea9c954e45304ea9674c5ed127c76ef90e,6858,size_in_bytes,lib/ocaml/compiler-libs/ldd.cmx,608188
2026-08-24T15:54:26Z,7dace2ea9c954e45304ea9674c5ed127c76ef90e,6858,size_in_bytes,lib/ocaml/compiler-libs/partition_object_files.cmx,82872
2026-08-24T15:54:26Z,7dace2ea9c954e45304ea9674c5ed127c76ef90e,6858,size_in_bytes,lib/ocaml/compiler-libs/slambdaident.cmx,911605
2026-08-24T15:54:26Z,7dace2ea9c954e45304ea9674c5ed127c76ef90e,6858,size_in_bytes,lib/ocaml/compiler-libs/printlinear.cmx,67918
2026-08-24T15:54:26Z,7dace2ea9c954e45304ea9674c5ed127c76ef90e,6858,size_in_bytes,lib/ocaml/compiler-libs/available_ranges_vars.cmx,284880
2026-08-24T15:54:26Z,7dace2ea9c954e45304ea9674c5ed127c76ef90e,6858,size_in_bytes,lib/ocaml/compiler-libs/translquote.cmx,301660
2026-08-24T15:54:26Z,7dace2ea9c954e45304ea9674c5ed127c76ef90e,6858,size_in_bytes,lib/ocaml/compiler-libs/regalloc_irc_state.cmx,836684
2026-08-24T15:54:26Z,7dace2ea9c954e45304ea9674c5ed127c76ef90e,6858,size_in_bytes,lib/ocaml/compiler-libs/bytesections.cmx,76620
2026-08-24T15:54:26Z,7dace2ea9c954e45304ea9674c5ed127c76ef90e,6858,size_in_bytes,lib/ocaml/compiler-libs/cfg_to_linear.cmx,14030
2026-08-24T15:54:26Z,7dace2ea9c954e45304ea9674c5ed127c76ef90e,6858,size_in_bytes,lib/ocaml/compiler-libs/cfg_quick_hash.cmx,37073
2026-08-24T15:54:26Z,7dace2ea9c954e45304ea9674c5ed127c76ef90e,6858,size_in_bytes,lib/ocaml/compiler-libs/string_table.cmx,14569
2026-08-24T15:54:26Z,7dace2ea9c954e45304ea9674c5ed127c76ef90e,6858,size_in_bytes,lib/ocaml/compiler-libs/build_linker_args.cmx,18822
2026-08-24T15:54:26Z,7dace2ea9c954e45304ea9674c5ed127c76ef90e,6858,size_in_bytes,lib/ocaml/compiler-libs/printreg.cmx,117463
2026-08-24T15:54:26Z,7dace2ea9c954e45304ea9674c5ed127c76ef90e,6858,size_in_bytes,lib/ocaml/compiler-libs/internal_assembler.cmx,17281
2026-08-24T15:54:26Z,7dace2ea9c954e45304ea9674c5ed127c76ef90e,6858,size_in_bytes,lib/ocaml/compiler-libs/pprintast.cmx,176122
2026-08-24T15:54:26Z,7dace2ea9c954e45304ea9674c5ed127c76ef90e,6858,size_in_bytes,lib/ocaml/compiler-libs/dwarf_low__Unit_type.cmx,16288
2026-08-24T15:54:26Z,7dace2ea9c954e45304ea9674c5ed127c76ef90e,6858,size_in_bytes,lib/ocaml/compiler-libs/dwarf_low__Counted_location_description.cmx,69772
2026-08-24T15:54:26Z,7dace2ea9c954e45304ea9674c5ed127c76ef90e,6858,size_in_bytes,lib/ocaml/compiler-libs/regalloc_gi_utils.cmx,386708
2026-08-24T15:54:26Z,7dace2ea9c954e45304ea9674c5ed127c76ef90e,6858,size_in_bytes,lib/ocaml/compiler-libs/dwarf_variables_and_parameters.cmx,69620
2026-08-24T15:54:26Z,7dace2ea9c954e45304ea9674c5ed127c76ef90e,6858,size_in_bytes,lib/ocaml/compiler-libs/rewrite_sections.cmx,10514
2026-08-24T15:54:26Z,7dace2ea9c954e45304ea9674c5ed127c76ef90e,6858,size_in_bytes,lib/ocaml/compiler-libs/regalloc_irc_utils.cmx,62282
2026-08-24T15:54:26Z,7dace2ea9c954e45304ea9674c5ed127c76ef90e,6858,size_in_bytes,lib/ocaml/compiler-libs/emit.cmx,66010
2026-08-24T15:54:26Z,7dace2ea9c954e45304ea9674c5ed127c76ef90e,6858,size_in_bytes,lib/ocaml/compiler-libs/regalloc_stack_operands.cmx,21323
2026-08-24T15:54:26Z,7dace2ea9c954e45304ea9674c5ed127c76ef90e,6858,size_in_bytes,lib/ocaml/compiler-libs/dwarf_low__Location_or_range_list.cmx,35323
2026-08-24T15:54:26Z,7dace2ea9c954e45304ea9674c5ed127c76ef90e,6858,size_in_bytes,lib/ocaml/compiler-libs/stack_check.cmx,46593
2026-08-24T15:54:26Z,7dace2ea9c954e45304ea9674c5ed127c76ef90e,6858,size_in_bytes,lib/ocaml/compiler-libs/compilenv.cmx,219978
2026-08-24T15:54:26Z,7dace2ea9c954e45304ea9674c5ed127c76ef90e,6858,size_in_bytes,lib/ocaml/compiler-libs/dwarf_low__Dwarf_tag.cmx,35763
2026-08-24T15:54:26Z,7dace2ea9c954e45304ea9674c5ed127c76ef90e,6858,size_in_bytes,lib/ocaml/stdlib_alpha/stdlib_alpha.cmx,553
2026-08-24T15:54:26Z,7dace2ea9c954e45304ea9674c5ed127c76ef90e,6858,size_in_bytes,lib/ocaml/stdlib_upstream_compatible/stdlib_upstream_compatible__Nativeint_u.cmx,68379
2026-08-24T15:54:26Z,7dace2ea9c954e45304ea9674c5ed127c76ef90e,6858,size_in_bytes,lib/ocaml/stdlib_upstream_compatible/stdlib_upstream_compatible__Int32_u.cmx,63301
2026-08-24T15:54:26Z,7dace2ea9c954e45304ea9674c5ed127c76ef90e,6858,size_in_bytes,lib/ocaml/stdlib_upstream_compatible/stdlib_upstream_compatible__Float_u.cmx,112021
2026-08-24T15:54:26Z,7dace2ea9c954e45304ea9674c5ed127c76ef90e,6858,size_in_bytes,lib/ocaml/stdlib_upstream_compatible/stdlib_upstream_compatible.cmx,709
2026-08-24T15:54:26Z,7dace2ea9c954e45304ea9674c5ed127c76ef90e,6858,size_in_bytes,lib/ocaml/stdlib_upstream_compatible/stdlib_upstream_compatible__.cmx,904
2026-08-24T15:54:26Z,7dace2ea9c954e45304ea9674c5ed127c76ef90e,6858,size_in_bytes,lib/ocaml/stdlib_upstream_compatible/stdlib_upstream_compatible__Int64_u.cmx,75998
2026-08-24T15:54:26Z,7dace2ea9c954e45304ea9674c5ed127c76ef90e,6858,size_in_bytes,lib/ocaml/std_exit.cmo,10269
2026-08-24T15:54:26Z,7dace2ea9c954e45304ea9674c5ed127c76ef90e,6858,size_in_bytes,lib/ocaml/compiler_owee__Owee_elf.cmo,206188
2026-08-24T15:54:26Z,7dace2ea9c954e45304ea9674c5ed127c76ef90e,6858,size_in_bytes,lib/ocaml/compiler_owee__Owee_elf_relocation.cmo,53059
2026-08-24T15:54:26Z,7dace2ea9c954e45304ea9674c5ed127c76ef90e,6858,size_in_bytes,lib/ocaml/compiler_owee__Owee_buf.cmo,93235
2026-08-24T15:54:26Z,7dace2ea9c954e45304ea9674c5ed127c76ef90e,6858,size_in_bytes,lib/ocaml/compiler_owee__Owee_interval_map.cmo,107986
2026-08-24T15:54:26Z,7dace2ea9c954e45304ea9674c5ed127c76ef90e,6858,size_in_bytes,lib/ocaml/compiler_owee__Owee_elf_string_table.cmo,16443
2026-08-24T15:54:26Z,7dace2ea9c954e45304ea9674c5ed127c76ef90e,6858,size_in_bytes,lib/ocaml/compiler_owee.cmo,13906
2026-08-24T15:54:26Z,7dace2ea9c954e45304ea9674c5ed127c76ef90e,6858,size_in_bytes,lib/ocaml/compiler_owee__Owee_traverse.cmo,72302
2026-08-24T15:54:26Z,7dace2ea9c954e45304ea9674c5ed127c76ef90e,6858,size_in_bytes,lib/ocaml/compiler_owee__Unix_intf.cmo,15835
2026-08-24T15:54:26Z,7dace2ea9c954e45304ea9674c5ed127c76ef90e,6858,size_in_bytes,lib/ocaml/compiler_owee__Owee_debug_line.cmo,106226
2026-08-24T15:54:26Z,7dace2ea9c954e45304ea9674c5ed127c76ef90e,6858,size_in_bytes,lib/ocaml/compiler_owee__Owee_macho.cmo,297082
2026-08-24T15:54:26Z,7dace2ea9c954e45304ea9674c5ed127c76ef90e,6858,size_in_bytes,lib/ocaml/compiler_owee__Owee_location.cmo,74739
2026-08-24T15:54:26Z,7dace2ea9c954e45304ea9674c5ed127c76ef90e,6858,size_in_bytes,lib/ocaml/compiler_owee__Owee_marker.cmo,79283
2026-08-24T15:54:26Z,7dace2ea9c954e45304ea9674c5ed127c76ef90e,6858,size_in_bytes,lib/ocaml/compiler_owee__Owee_graph.cmo,93425
2026-08-24T15:54:26Z,7dace2ea9c954e45304ea9674c5ed127c76ef90e,6858,size_in_bytes,lib/ocaml/compiler_owee__Owee_archive.cmo,77237
2026-08-24T15:54:26Z,7dace2ea9c954e45304ea9674c5ed127c76ef90e,6858,size_in_bytes,lib/ocaml/compiler_owee__Owee_elf_notes.cmo,60848
2026-08-24T15:54:26Z,7dace2ea9c954e45304ea9674c5ed127c76ef90e,6858,size_in_bytes,lib/ocaml/compiler_owee__Owee_form.cmo,30388
2026-08-24T15:54:26Z,7dace2ea9c954e45304ea9674c5ed127c76ef90e,6858,size_in_bytes,lib/ocaml/compiler_owee__Owee_object.cmo,75658
2026-08-24T15:54:26Z,7dace2ea9c954e45304ea9674c5ed127c76ef90e,6858,size_in_bytes,lib/ocaml/compiler_owee__Owee_linux_maps.cmo,23082
2026-08-24T15:54:26Z,7dace2ea9c954e45304ea9674c5ed127c76ef90e,6858,size_in_bytes,lib/ocaml/compiler-libs/topstart.cmo,10153
2026-08-24T15:54:26Z,7dace2ea9c954e45304ea9674c5ed127c76ef90e,6858,size_in_bytes,lib/ocaml/stdlib__Atomic.cms,15317
2026-08-24T15:54:26Z,7dace2ea9c954e45304ea9674c5ed127c76ef90e,6858,size_in_bytes,lib/ocaml/stdlib__Backoff.cms,17894
2026-08-24T15:54:26Z,7dace2ea9c954e45304ea9674c5ed127c76ef90e,6858,size_in_bytes,lib/ocaml/stdlib__Pqueue.cms,38688
2026-08-24T15:54:26Z,7dace2ea9c954e45304ea9674c5ed127c76ef90e,6858,size_in_bytes,lib/ocaml/stdlib__Array.cms,66782
2026-08-24T15:54:26Z,7dace2ea9c954e45304ea9674c5ed127c76ef90e,6858,size_in_bytes,lib/ocaml/stdlib__Repr.cms,11904
2026-08-24T15:54:26Z,7dace2ea9c954e45304ea9674c5ed127c76ef90e,6858,size_in_bytes,lib/ocaml/camlinternalOO.cms,88151
2026-08-24T15:54:26Z,7dace2ea9c954e45304ea9674c5ed127c76ef90e,6858,size_in_bytes,lib/ocaml/camlinternalFormatBasics.cms,70352
2026-08-24T15:54:26Z,7dace2ea9c954e45304ea9674c5ed127c76ef90e,6858,size_in_bytes,lib/ocaml/stdlib__Type.cms,13916
2026-08-24T15:54:26Z,7dace2ea9c954e45304ea9674c5ed127c76ef90e,6858,size_in_bytes,lib/ocaml/stdlib__Printexc.cms,46967
2026-08-24T15:54:26Z,7dace2ea9c954e45304ea9674c5ed127c76ef90e,6858,size_in_bytes,lib/ocaml/stdlib__Domain.cms,64799
2026-08-24T15:54:26Z,7dace2ea9c954e45304ea9674c5ed127c76ef90e,6858,size_in_bytes,lib/ocaml/stdlib__Scanf.cms,176810
2026-08-24T15:54:26Z,7dace2ea9c954e45304ea9674c5ed127c76ef90e,6858,size_in_bytes,lib/ocaml/stdlib__Lexing.cms,34103
2026-08-24T15:54:26Z,7dace2ea9c954e45304ea9674c5ed127c76ef90e,6858,size_in_bytes,lib/ocaml/stdlib__Callback.cms,13703
2026-08-24T15:54:26Z,7dace2ea9c954e45304ea9674c5ed127c76ef90e,6858,size_in_bytes,lib/ocaml/stdlib__Buffer.cms,58320
2026-08-24T15:54:26Z,7dace2ea9c954e45304ea9674c5ed127c76ef90e,6858,size_in_bytes,lib/ocaml/stdlib__Oo.cms,12128
2026-08-24T15:54:26Z,7dace2ea9c954e45304ea9674c5ed127c76ef90e,6858,size_in_bytes,lib/ocaml/stdlib__In_channel.cms,30694
2026-08-24T15:54:26Z,7dace2ea9c954e45304ea9674c5ed127c76ef90e,6858,size_in_bytes,lib/ocaml/stdlib__Mutex.cms,12938
2026-08-24T15:54:26Z,7dace2ea9c954e45304ea9674c5ed127c76ef90e,6858,size_in_bytes,lib/ocaml/stdlib__Sys.cms,36236
2026-08-24T15:54:26Z,7dace2ea9c954e45304ea9674c5ed127c76ef90e,6858,size_in_bytes,lib/ocaml/camlinternalComprehension.cms,12958
2026-08-24T15:54:26Z,7dace2ea9c954e45304ea9674c5ed127c76ef90e,6858,size_in_bytes,lib/ocaml/stdlib__Bigarray.cms,60763
2026-08-24T15:54:26Z,7dace2ea9c954e45304ea9674c5ed127c76ef90e,6858,size_in_bytes,lib/ocaml/stdlib__Bytes.cms,113430
2026-08-24T15:54:26Z,7dace2ea9c954e45304ea9674c5ed127c76ef90e,6858,size_in_bytes,lib/ocaml/stdlib__StdLabels.cms,12116
2026-08-24T15:54:26Z,7dace2ea9c954e45304ea9674c5ed127c76ef90e,6858,size_in_bytes,lib/ocaml/camlinternalFormat.cms,423558
2026-08-24T15:54:26Z,7dace2ea9c954e45304ea9674c5ed127c76ef90e,6858,size_in_bytes,lib/ocaml/stdlib__ArrayLabels.cms,13792
2026-08-24T15:54:26Z,7dace2ea9c954e45304ea9674c5ed127c76ef90e,6858,size_in_bytes,lib/ocaml/stdlib__Weak.cms,50550
2026-08-24T15:54:26Z,7dace2ea9c954e45304ea9674c5ed127c76ef90e,6858,size_in_bytes,lib/ocaml/stdlib__Int32.cms,21938
2026-08-24T15:54:26Z,7dace2ea9c954e45304ea9674c5ed127c76ef90e,6858,size_in_bytes,lib/ocaml/stdlib__Pair.cms,13840
2026-08-24T15:54:26Z,7dace2ea9c954e45304ea9674c5ed127c76ef90e,6858,size_in_bytes,lib/ocaml/stdlib__Hashtbl.cms,104179
2026-08-24T15:54:26Z,7dace2ea9c954e45304ea9674c5ed127c76ef90e,6858,size_in_bytes,lib/ocaml/stdlib__Format.cms,188595
2026-08-24T15:54:26Z,7dace2ea9c954e45304ea9674c5ed127c76ef90e,6858,size_in_bytes,lib/ocaml/std_exit.cms,11651
2026-08-24T15:54:26Z,7dace2ea9c954e45304ea9674c5ed127c76ef90e,6858,size_in_bytes,lib/ocaml/stdlib__Out_channel.cms,19056
2026-08-24T15:54:26Z,7dace2ea9c954e45304ea9674c5ed127c76ef90e,6858,size_in_bytes,lib/ocaml/stdlib__Nativeint.cms,21594
2026-08-24T15:54:26Z,7dace2ea9c954e45304ea9674c5ed127c76ef90e,6858,size_in_bytes,lib/ocaml/stdlib__Arg.cms,53837
2026-08-24T15:54:26Z,7dace2ea9c954e45304ea9674c5ed127c76ef90e,6858,size_in_bytes,lib/ocaml/stdlib__Ephemeron.cms,155864
2026-08-24T15:54:26Z,7dace2ea9c954e45304ea9674c5ed127c76ef90e,6858,size_in_bytes,lib/ocaml/camlinternalAtomic.cms,14800
2026-08-24T15:54:26Z,7dace2ea9c954e45304ea9674c5ed127c76ef90e,6858,size_in_bytes,lib/ocaml/stdlib__Int.cms,15499
2026-08-24T15:54:26Z,7dace2ea9c954e45304ea9674c5ed127c76ef90e,6858,size_in_bytes,lib/ocaml/stdlib__Uchar.cms,19928
2026-08-24T15:54:26Z,7dace2ea9c954e45304ea9674c5ed127c76ef90e,6858,size_in_bytes,lib/ocaml/stdlib__Int64.cms,21903
2026-08-24T15:54:26Z,7dace2ea9c954e45304ea9674c5ed127c76ef90e,6858,size_in_bytes,lib/ocaml/stdlib.cms,83355
2026-08-24T15:54:26Z,7dace2ea9c954e45304ea9674c5ed127c76ef90e,6858,size_in_bytes,lib/ocaml/stdlib__Quote.cms,18798
2026-08-24T15:54:26Z,7dace2ea9c954e45304ea9674c5ed127c76ef90e,6858,size_in_bytes,lib/ocaml/stdlib__Obj.cms,34610
2026-08-24T15:54:26Z,7dace2ea9c954e45304ea9674c5ed127c76ef90e,6858,size_in_bytes,lib/ocaml/stdlib__StringLabels.cms,14678
2026-08-24T15:54:26Z,7dace2ea9c954e45304ea9674c5ed127c76ef90e,6858,size_in_bytes,lib/ocaml/stdlib__Either.cms,16186
2026-08-24T15:54:26Z,7dace2ea9c954e45304ea9674c5ed127c76ef90e,6858,size_in_bytes,lib/ocaml/stdlib__Gc.cms,35421
2026-08-24T15:54:26Z,7dace2ea9c954e45304ea9674c5ed127c76ef90e,6858,size_in_bytes,lib/ocaml/stdlib__Parsing.cms,33626
2026-08-24T15:54:26Z,7dace2ea9c954e45304ea9674c5ed127c76ef90e,6858,size_in_bytes,lib/ocaml/stdlib__Iarray.cms,43719
2026-08-24T15:54:26Z,7dace2ea9c954e45304ea9674c5ed127c76ef90e,6858,size_in_bytes,lib/ocaml/stdlib__Digest.cms,31961
2026-08-24T15:54:26Z,7dace2ea9c954e45304ea9674c5ed127c76ef90e,6858,size_in_bytes,lib/ocaml/stdlib__Marshal.cms,16839
2026-08-24T15:54:26Z,7dace2ea9c954e45304ea9674c5ed127c76ef90e,6858,size_in_bytes,lib/ocaml/stdlib__Complex.cms,23147
2026-08-24T15:54:26Z,7dace2ea9c954e45304ea9674c5ed127c76ef90e,6858,size_in_bytes,lib/ocaml/stdlib__Seq.cms,57666
2026-08-24T15:54:26Z,7dace2ea9c954e45304ea9674c5ed127c76ef90e,6858,size_in_bytes,lib/ocaml/stdlib__Result.cms,18432
2026-08-24T15:54:26Z,7dace2ea9c954e45304ea9674c5ed127c76ef90e,6858,size_in_bytes,lib/ocaml/stdlib__Bool.cms,13469
2026-08-24T15:54:26Z,7dace2ea9c954e45304ea9674c5ed127c76ef90e,6858,size_in_bytes,lib/ocaml/stdlib__ListLabels.cms,14496
2026-08-24T15:54:26Z,7dace2ea9c954e45304ea9674c5ed127c76ef90e,6858,size_in_bytes,lib/ocaml/camlinternalQuote.cms,436592
2026-08-24T15:54:26Z,7dace2ea9c954e45304ea9674c5ed127c76ef90e,6858,size_in_bytes,lib/ocaml/stdlib__Condition.cms,12245
2026-08-24T15:54:26Z,7dace2ea9c954e45304ea9674c5ed127c76ef90e,6858,size_in_bytes,lib/ocaml/stdlib__Float.cms,81907
2026-08-24T15:54:26Z,7dace2ea9c954e45304ea9674c5ed127c76ef90e,6858,size_in_bytes,lib/ocaml/stdlib__Printf.cms,15361
2026-08-24T15:54:26Z,7dace2ea9c954e45304ea9674c5ed127c76ef90e,6858,size_in_bytes,lib/ocaml/stdlib__Dynarray.cms,138597
2026-08-24T15:54:26Z,7dace2ea9c954e45304ea9674c5ed127c76ef90e,6858,size_in_bytes,lib/ocaml/stdlib__Set.cms,147782
2026-08-24T15:54:26Z,7dace2ea9c954e45304ea9674c5ed127c76ef90e,6858,size_in_bytes,lib/ocaml/camlinternalMod.cms,19359
2026-08-24T15:54:26Z,7dace2ea9c954e45304ea9674c5ed127c76ef90e,6858,size_in_bytes,lib/ocaml/stdlib__Lazy.cms,16788
2026-08-24T15:54:26Z,7dace2ea9c954e45304ea9674c5ed127c76ef90e,6858,size_in_bytes,lib/ocaml/stdlib__List.cms,79716
2026-08-24T15:54:26Z,7dace2ea9c954e45304ea9674c5ed127c76ef90e,6858,size_in_bytes,lib/ocaml/stdlib__Random.cms,53932
2026-08-24T15:54:26Z,7dace2ea9c954e45304ea9674c5ed127c76ef90e,6858,size_in_bytes,lib/ocaml/stdlib__Fun.cms,13751
2026-08-24T15:54:26Z,7dace2ea9c954e45304ea9674c5ed127c76ef90e,6858,size_in_bytes,lib/ocaml/stdlib__MoreLabels.cms,19714
2026-08-24T15:54:26Z,7dace2ea9c954e45304ea9674c5ed127c76ef90e,6858,size_in_bytes,lib/ocaml/stdlib__Modes.cms,13814
2026-08-24T15:54:26Z,7dace2ea9c954e45304ea9674c5ed127c76ef90e,6858,size_in_bytes,lib/ocaml/stdlib__Semaphore.cms,18688
2026-08-24T15:54:26Z,7dace2ea9c954e45304ea9674c5ed127c76ef90e,6858,size_in_bytes,lib/ocaml/stdlib__Char.cms,19503
2026-08-24T15:54:26Z,7dace2ea9c954e45304ea9674c5ed127c76ef90e,6858,size_in_bytes,lib/ocaml/stdlib__Queue.cms,24315
2026-08-24T15:54:26Z,7dace2ea9c954e45304ea9674c5ed127c76ef90e,6858,size_in_bytes,lib/ocaml/stdlib__Option.cms,15771
2026-08-24T15:54:26Z,7dace2ea9c954e45304ea9674c5ed127c76ef90e,6858,size_in_bytes,lib/ocaml/stdlib__BytesLabels.cms,15989
2026-08-24T15:54:26Z,7dace2ea9c954e45304ea9674c5ed127c76ef90e,6858,size_in_bytes,lib/ocaml/stdlib__Stack.cms,16678
2026-08-24T15:54:26Z,7dace2ea9c954e45304ea9674c5ed127c76ef90e,6858,size_in_bytes,lib/ocaml/stdlib__Unit.cms,12004
2026-08-24T15:54:26Z,7dace2ea9c954e45304ea9674c5ed127c76ef90e,6858,size_in_bytes,lib/ocaml/stdlib__String.cms,59709
2026-08-24T15:54:26Z,7dace2ea9c954e45304ea9674c5ed127c76ef90e,6858,size_in_bytes,lib/ocaml/stdlib__Map.cms,142227
2026-08-24T15:54:26Z,7dace2ea9c954e45304ea9674c5ed127c76ef90e,6858,size_in_bytes,lib/ocaml/camlinternalLazy.cms,21580
2026-08-24T15:54:26Z,7dace2ea9c954e45304ea9674c5ed127c76ef90e,6858,size_in_bytes,lib/ocaml/stdlib__Effect.cms,64268
2026-08-24T15:54:26Z,7dace2ea9c954e45304ea9674c5ed127c76ef90e,6858,size_in_bytes,lib/ocaml/stdlib__Filename.cms,56796
2026-08-24T15:54:26Z,7dace2ea9c954e45304ea9674c5ed127c76ef90e,6858,size_in_bytes,lib/ocaml/stdlib_stable/stdlib_stable__Int8_u.cms,17030
2026-08-24T15:54:26Z,7dace2ea9c954e45304ea9674c5ed127c76ef90e,6858,size_in_bytes,lib/ocaml/stdlib_stable/stdlib_stable__Or_null.cms,14172
2026-08-24T15:54:26Z,7dace2ea9c954e45304ea9674c5ed127c76ef90e,6858,size_in_bytes,lib/ocaml/stdlib_stable/stdlib_stable__Float32.cms,46969
2026-08-24T15:54:26Z,7dace2ea9c954e45304ea9674c5ed127c76ef90e,6858,size_in_bytes,lib/ocaml/stdlib_stable/stdlib_stable__Idx_mut.cms,12627
2026-08-24T15:54:26Z,7dace2ea9c954e45304ea9674c5ed127c76ef90e,6858,size_in_bytes,lib/ocaml/stdlib_stable/stdlib_stable__Int_u.cms,18382
2026-08-24T15:54:26Z,7dace2ea9c954e45304ea9674c5ed127c76ef90e,6858,size_in_bytes,lib/ocaml/stdlib_stable/stdlib_stable__Idx_atomic.cms,11489
2026-08-24T15:54:26Z,7dace2ea9c954e45304ea9674c5ed127c76ef90e,6858,size_in_bytes,lib/ocaml/stdlib_stable/stdlib_stable__.cms,13965
2026-08-24T15:54:26Z,7dace2ea9c954e45304ea9674c5ed127c76ef90e,6858,size_in_bytes,lib/ocaml/stdlib_stable/stdlib_stable__Int.cms,18167
2026-08-24T15:54:26Z,7dace2ea9c954e45304ea9674c5ed127c76ef90e,6858,size_in_bytes,lib/ocaml/stdlib_stable/stdlib_stable__Float32_u.cms,57775
2026-08-24T15:54:26Z,7dace2ea9c954e45304ea9674c5ed127c76ef90e,6858,size_in_bytes,lib/ocaml/stdlib_stable/stdlib_stable__Idx_imm.cms,12500
2026-08-24T15:54:26Z,7dace2ea9c954e45304ea9674c5ed127c76ef90e,6858,size_in_bytes,lib/ocaml/stdlib_stable/stdlib_stable__Iarray.cms,12781
2026-08-24T15:54:26Z,7dace2ea9c954e45304ea9674c5ed127c76ef90e,6858,size_in_bytes,lib/ocaml/stdlib_stable/stdlib_stable__Int16_u.cms,17025
2026-08-24T15:54:26Z,7dace2ea9c954e45304ea9674c5ed127c76ef90e,6858,size_in_bytes,lib/ocaml/stdlib_stable/stdlib_stable__IarrayLabels.cms,88773
2026-08-24T15:54:26Z,7dace2ea9c954e45304ea9674c5ed127c76ef90e,6858,size_in_bytes,lib/ocaml/stdlib_stable/stdlib_stable__Int16.cms,16536
2026-08-24T15:54:26Z,7dace2ea9c954e45304ea9674c5ed127c76ef90e,6858,size_in_bytes,lib/ocaml/stdlib_stable/stdlib_stable.cms,11700
2026-08-24T15:54:26Z,7dace2ea9c954e45304ea9674c5ed127c76ef90e,6858,size_in_bytes,lib/ocaml/stdlib_stable/stdlib_stable__Char_u.cms,14494
2026-08-24T15:54:26Z,7dace2ea9c954e45304ea9674c5ed127c76ef90e,6858,size_in_bytes,lib/ocaml/stdlib_stable/stdlib_stable__Int8.cms,16535
2026-08-24T15:54:26Z,7dace2ea9c954e45304ea9674c5ed127c76ef90e,6858,size_in_bytes,lib/ocaml/stdlib_beta/stdlib_beta.cms,11287
2026-08-24T15:54:26Z,7dace2ea9c954e45304ea9674c5ed127c76ef90e,6858,size_in_bytes,lib/ocaml/compiler-libs/flambda2_simplify__Downwards_acc.cms,54986
2026-08-24T15:54:26Z,7dace2ea9c954e45304ea9674c5ed127c76ef90e,6858,size_in_bytes,lib/ocaml/compiler-libs/flambda2_kinds__Flambda_kind.cms,207864
2026-08-24T15:54:26Z,7dace2ea9c954e45304ea9674c5ed127c76ef90e,6858,size_in_bytes,lib/ocaml/compiler-libs/flambda2_simplify__Simplify_import.cms,19383
2026-08-24T15:54:26Z,7dace2ea9c954e45304ea9674c5ed127c76ef90e,6858,size_in_bytes,lib/ocaml/compiler-libs/flambda2_reaper__Rebuilt_expr.cms,23399
2026-08-24T15:54:26Z,7dace2ea9c954e45304ea9674c5ed127c76ef90e,6858,size_in_bytes,lib/ocaml/compiler-libs/flambda2_parser__Fexpr_to_flambda_commons.cms,42447
2026-08-24T15:54:26Z,7dace2ea9c954e45304ea9674c5ed127c76ef90e,6858,size_in_bytes,lib/ocaml/compiler-libs/flambda2_terms__Recursive.cms,12843
2026-08-24T15:54:26Z,7dace2ea9c954e45304ea9674c5ed127c76ef90e,6858,size_in_bytes,lib/ocaml/compiler-libs/flambda2_to_cmm.cms,12462
2026-08-24T15:54:26Z,7dace2ea9c954e45304ea9674c5ed127c76ef90e,6858,size_in_bytes,lib/ocaml/compiler-libs/flambda2_term_basics__Unit.cms,19020
2026-08-24T15:54:26Z,7dace2ea9c954e45304ea9674c5ed127c76ef90e,6858,size_in_bytes,lib/ocaml/compiler-libs/flambda2_types__.cms,17057
2026-08-24T15:54:26Z,7dace2ea9c954e45304ea9674c5ed127c76ef90e,6858,size_in_bytes,lib/ocaml/compiler-libs/flambda2_types__Join_levels.cms,26049
2026-08-24T15:54:26Z,7dace2ea9c954e45304ea9674c5ed127c76ef90e,6858,size_in_bytes,lib/ocaml/compiler-libs/flambda2_algorithms__Or_null.cms,14355
2026-08-24T15:54:26Z,7dace2ea9c954e45304ea9674c5ed127c76ef90e,6858,size_in_bytes,lib/ocaml/compiler-libs/flambda2_simplify__Upwards_acc.cms,33309
2026-08-24T15:54:26Z,7dace2ea9c954e45304ea9674c5ed127c76ef90e,6858,size_in_bytes,lib/ocaml/compiler-libs/flambda2_nominal__Ids_for_export.cms,24782
2026-08-24T15:54:26Z,7dace2ea9c954e45304ea9674c5ed127c76ef90e,6858,size_in_bytes,lib/ocaml/compiler-libs/flambda2_types__Traversals.cms,212673
2026-08-24T15:54:26Z,7dace2ea9c954e45304ea9674c5ed127c76ef90e,6858,size_in_bytes,lib/ocaml/compiler-libs/flambda2_term_basics__Tag_and_size.cms,12608
2026-08-24T15:54:26Z,7dace2ea9c954e45304ea9674c5ed127c76ef90e,6858,size_in_bytes,lib/ocaml/compiler-libs/flambda2_to_cmm__To_cmm_expr.cms,193448
2026-08-24T15:54:26Z,7dace2ea9c954e45304ea9674c5ed127c76ef90e,6858,size_in_bytes,lib/ocaml/compiler-libs/flambda2_types__Cached_level.cms,24284
2026-08-24T15:54:26Z,7dace2ea9c954e45304ea9674c5ed127c76ef90e,6858,size_in_bytes,lib/ocaml/compiler-libs/flambda2_nominal__Num_occurrences.cms,12856
2026-08-24T15:54:26Z,7dace2ea9c954e45304ea9674c5ed127c76ef90e,6858,size_in_bytes,lib/ocaml/compiler-libs/flambda2_terms__Trap_action.cms,23368
2026-08-24T15:54:26Z,7dace2ea9c954e45304ea9674c5ed127c76ef90e,6858,size_in_bytes,lib/ocaml/compiler-libs/flambda2_kinds__Flambda_arity.cms,34102
2026-08-24T15:54:26Z,7dace2ea9c954e45304ea9674c5ed127c76ef90e,6858,size_in_bytes,lib/ocaml/compiler-libs/flambda2_datalog__Datalog_imports.cms,15371
2026-08-24T15:54:26Z,7dace2ea9c954e45304ea9674c5ed127c76ef90e,6858,size_in_bytes,lib/ocaml/compiler-libs/flambda2_simplify__Simplify_primitive.cms,41951
2026-08-24T15:54:26Z,7dace2ea9c954e45304ea9674c5ed127c76ef90e,6858,size_in_bytes,lib/ocaml/compiler-libs/flambda2_term_basics__Simple.cms,53339
2026-08-24T15:54:26Z,7dace2ea9c954e45304ea9674c5ed127c76ef90e,6858,size_in_bytes,lib/ocaml/compiler-libs/flambda2_identifiers__Apply_cont_rewrite_id.cms,18220
2026-08-24T15:54:26Z,7dace2ea9c954e45304ea9674c5ed127c76ef90e,6858,size_in_bytes,lib/ocaml/compiler-libs/flambda2_identifiers__Continuation_callsite_map.cms,14420
2026-08-24T15:54:26Z,7dace2ea9c954e45304ea9674c5ed127c76ef90e,6858,size_in_bytes,lib/ocaml/compiler-libs/flambda2_types__Meet.cms,16670
2026-08-24T15:54:26Z,7dace2ea9c954e45304ea9674c5ed127c76ef90e,6858,size_in_bytes,lib/ocaml/compiler-libs/flambda2_identifiers__Continuation.cms,35323
2026-08-24T15:54:26Z,7dace2ea9c954e45304ea9674c5ed127c76ef90e,6858,size_in_bytes,lib/ocaml/compiler-libs/flambda2_reaper__Types_rewriter.cms,165501
2026-08-24T15:54:26Z,7dace2ea9c954e45304ea9674c5ed127c76ef90e,6858,size_in_bytes,lib/ocaml/compiler-libs/flambda2_term_basics__String_info.cms,20255
2026-08-24T15:54:26Z,7dace2ea9c954e45304ea9674c5ed127c76ef90e,6858,size_in_bytes,lib/ocaml/compiler-libs/flambda2_terms__Placement.cms,13295
2026-08-24T15:54:26Z,7dace2ea9c954e45304ea9674c5ed127c76ef90e,6858,size_in_bytes,lib/ocaml/compiler-libs/flambda2_simplify__Simplify_let_cont_expr.cms,225256
2026-08-24T15:54:26Z,7dace2ea9c954e45304ea9674c5ed127c76ef90e,6858,size_in_bytes,lib/ocaml/compiler-libs/flambda2_datalog.cms,39479
2026-08-24T15:54:26Z,7dace2ea9c954e45304ea9674c5ed127c76ef90e,6858,size_in_bytes,lib/ocaml/compiler-libs/flambda2_simplify__Build_unboxing_denv.cms,47282
2026-08-24T15:54:26Z,7dace2ea9c954e45304ea9674c5ed127c76ef90e,6858,size_in_bytes,lib/ocaml/compiler-libs/flambda2_simplify__Simplify_set_of_closures.cms,150618
2026-08-24T15:54:26Z,7dace2ea9c954e45304ea9674c5ed127c76ef90e,6858,size_in_bytes,lib/ocaml/compiler-libs/flambda2_types__Meet_and_n_way_join.cms,376568
2026-08-24T15:54:26Z,7dace2ea9c954e45304ea9674c5ed127c76ef90e,6858,size_in_bytes,lib/ocaml/compiler-libs/flambda2_simplify__Continuation_uses.cms,32598
2026-08-24T15:54:26Z,7dace2ea9c954e45304ea9674c5ed127c76ef90e,6858,size_in_bytes,lib/ocaml/compiler-libs/flambda2_terms__Function_decl_inlining_decision_type.cms,48658
2026-08-24T15:54:26Z,7dace2ea9c954e45304ea9674c5ed127c76ef90e,6858,size_in_bytes,lib/ocaml/compiler-libs/flambda2_reaper__Traverse_acc.cms,70842
2026-08-24T15:54:26Z,7dace2ea9c954e45304ea9674c5ed127c76ef90e,6858,size_in_bytes,lib/ocaml/compiler-libs/flambda2_algorithms__Leapfrog.cms,28515
2026-08-24T15:54:26Z,7dace2ea9c954e45304ea9674c5ed127c76ef90e,6858,size_in_bytes,lib/ocaml/compiler-libs/flambda2_terms__Cost_metrics.cms,22313
2026-08-24T15:54:26Z,7dace2ea9c954e45304ea9674c5ed127c76ef90e,6858,size_in_bytes,lib/ocaml/compiler-libs/flambda2_numbers__Or_infinity.cms,13392
2026-08-24T15:54:26Z,7dace2ea9c954e45304ea9674c5ed127c76ef90e,6858,size_in_bytes,lib/ocaml/compiler-libs/flambda2_simplify_shared__Are_rebuilding_terms.cms,12811
2026-08-24T15:54:26Z,7dace2ea9c954e45304ea9674c5ed127c76ef90e,6858,size_in_bytes,lib/ocaml/compiler-libs/flambda2_simplify__Data_flow_graph.cms,62757
2026-08-24T15:54:26Z,7dace2ea9c954e45304ea9674c5ed127c76ef90e,6858,size_in_bytes,lib/ocaml/compiler-libs/flambda2_lattices__Or_bottom.cms,15412
2026-08-24T15:54:26Z,7dace2ea9c954e45304ea9674c5ed127c76ef90e,6858,size_in_bytes,lib/ocaml/compiler-libs/flambda2_simplify__Reification.cms,41527
2026-08-24T15:54:26Z,7dace2ea9c954e45304ea9674c5ed127c76ef90e,6858,size_in_bytes,lib/ocaml/compiler-libs/flambda2_parser__Flambda_to_fexpr_commons.cms,58896
2026-08-24T15:54:26Z,7dace2ea9c954e45304ea9674c5ed127c76ef90e,6858,size_in_bytes,lib/ocaml/compiler-libs/flambda2_reaper__Reaper.cms,18039
2026-08-24T15:54:26Z,7dace2ea9c954e45304ea9674c5ed127c76ef90e,6858,size_in_bytes,lib/ocaml/compiler-libs/flambda2_reaper__Field.cms,38450
2026-08-24T15:54:26Z,7dace2ea9c954e45304ea9674c5ed127c76ef90e,6858,size_in_bytes,lib/ocaml/compiler-libs/flambda2_term_basics__Or_invalid.cms,13442
2026-08-24T15:54:26Z,7dace2ea9c954e45304ea9674c5ed127c76ef90e,6858,size_in_bytes,lib/ocaml/compiler-libs/flambda2_terms__Mutability.cms,15684
2026-08-24T15:54:26Z,7dace2ea9c954e45304ea9674c5ed127c76ef90e,6858,size_in_bytes,lib/ocaml/compiler-libs/flambda2_floats__Float32.cms,15064
2026-08-24T15:54:26Z,7dace2ea9c954e45304ea9674c5ed127c76ef90e,6858,size_in_bytes,lib/ocaml/compiler-libs/flambda2_to_cmm__To_cmm_shared.cms,85203
2026-08-24T15:54:26Z,7dace2ea9c954e45304ea9674c5ed127c76ef90e,6858,size_in_bytes,lib/ocaml/compiler-libs/flambda2_term_basics__Symbol_projection.cms,27952
2026-08-24T15:54:26Z,7dace2ea9c954e45304ea9674c5ed127c76ef90e,6858,size_in_bytes,lib/ocaml/compiler-libs/flambda2_simplify_shared.cms,12308
2026-08-24T15:54:26Z,7dace2ea9c954e45304ea9674c5ed127c76ef90e,6858,size_in_bytes,lib/ocaml/compiler-libs/flambda2_datalog__Column.cms,26636
2026-08-24T15:54:26Z,7dace2ea9c954e45304ea9674c5ed127c76ef90e,6858,size_in_bytes,lib/ocaml/compiler-libs/flambda2_numbers__Numeric_types.cms,87261
2026-08-24T15:54:26Z,7dace2ea9c954e45304ea9674c5ed127c76ef90e,6858,size_in_bytes,lib/ocaml/compiler-libs/flambda2_datalog__Datalog.cms,62368
2026-08-24T15:54:26Z,7dace2ea9c954e45304ea9674c5ed127c76ef90e,6858,size_in_bytes,lib/ocaml/compiler-libs/flambda2_types__With_cached_free_names.cms,17446
2026-08-24T15:54:26Z,7dace2ea9c954e45304ea9674c5ed127c76ef90e,6858,size_in_bytes,lib/ocaml/compiler-libs/flambda2_terms__Code_or_metadata.cms,36452
2026-08-24T15:54:26Z,7dace2ea9c954e45304ea9674c5ed127c76ef90e,6858,size_in_bytes,lib/ocaml/compiler-libs/flambda2_reaper__Unboxing_analysis.cms,102020
2026-08-24T15:54:26Z,7dace2ea9c954e45304ea9674c5ed127c76ef90e,6858,size_in_bytes,lib/ocaml/compiler-libs/flambda2_simplify__Simplify_quaternary_primitive.cms,20022
2026-08-24T15:54:26Z,7dace2ea9c954e45304ea9674c5ed127c76ef90e,6858,size_in_bytes,lib/ocaml/compiler-libs/flambda2_reaper__Points_to_analysis.cms,162797
2026-08-24T15:54:26Z,7dace2ea9c954e45304ea9674c5ed127c76ef90e,6858,size_in_bytes,lib/ocaml/compiler-libs/flambda2_simplify__Simplify_nullary_primitive.cms,21933
2026-08-24T15:54:26Z,7dace2ea9c954e45304ea9674c5ed127c76ef90e,6858,size_in_bytes,lib/ocaml/compiler-libs/flambda2_parser__Print_fexpr.cms,149058
2026-08-24T15:54:26Z,7dace2ea9c954e45304ea9674c5ed127c76ef90e,6858,size_in_bytes,lib/ocaml/compiler-libs/flambda2_reaper__Rev_expr.cms,19386
2026-08-24T15:54:26Z,7dace2ea9c954e45304ea9674c5ed127c76ef90e,6858,size_in_bytes,lib/ocaml/compiler-libs/flambda2_simplify__One_continuation_use.cms,16510
2026-08-24T15:54:26Z,7dace2ea9c954e45304ea9674c5ed127c76ef90e,6858,size_in_bytes,lib/ocaml/compiler-libs/flambda2_simplify__Non_recursive_handler.cms,19911
2026-08-24T15:54:26Z,7dace2ea9c954e45304ea9674c5ed127c76ef90e,6858,size_in_bytes,lib/ocaml/compiler-libs/flambda2_simplify__Are_lifting_conts.cms,19389
2026-08-24T15:54:26Z,7dace2ea9c954e45304ea9674c5ed127c76ef90e,6858,size_in_bytes,lib/ocaml/compiler-libs/flambda2_types__Meet_env.cms,68869
2026-08-24T15:54:26Z,7dace2ea9c954e45304ea9674c5ed127c76ef90e,6858,size_in_bytes,lib/ocaml/compiler-libs/flambda2_simplify__One_recursive_handler.cms,14958
2026-08-24T15:54:26Z,7dace2ea9c954e45304ea9674c5ed127c76ef90e,6858,size_in_bytes,lib/ocaml/compiler-libs/flambda2_simplify__Continuation_uses_env.cms,20928
2026-08-24T15:54:26Z,7dace2ea9c954e45304ea9674c5ed127c76ef90e,6858,size_in_bytes,lib/ocaml/compiler-libs/flambda2_simplify_shared__Function_decl_inlining_decision.cms,18855
2026-08-24T15:54:26Z,7dace2ea9c954e45304ea9674c5ed127c76ef90e,6858,size_in_bytes,lib/ocaml/compiler-libs/flambda2_terms__Code0.cms,25101
2026-08-24T15:54:26Z,7dace2ea9c954e45304ea9674c5ed127c76ef90e,6858,size_in_bytes,lib/ocaml/compiler-libs/flambda2_terms__Validity.cms,14189
2026-08-24T15:54:26Z,7dace2ea9c954e45304ea9674c5ed127c76ef90e,6858,size_in_bytes,lib/ocaml/compiler-libs/flambda2_types__Reify.cms,89817
2026-08-24T15:54:26Z,7dace2ea9c954e45304ea9674c5ed127c76ef90e,6858,size_in_bytes,lib/ocaml/compiler-libs/flambda2_terms__Apply_expr.cms,62610
2026-08-24T15:54:26Z,7dace2ea9c954e45304ea9674c5ed127c76ef90e,6858,size_in_bytes,lib/ocaml/compiler-libs/flambda2_terms__Set_of_closures.cms,32707
2026-08-24T15:54:26Z,7dace2ea9c954e45304ea9674c5ed127c76ef90e,6858,size_in_bytes,lib/ocaml/compiler-libs/flambda2_types__Typing_env_extension.cms,32404
2026-08-24T15:54:26Z,7dace2ea9c954e45304ea9674c5ed127c76ef90e,6858,size_in_bytes,lib/ocaml/compiler-libs/flambda2_terms__Switch_expr.cms,26055
2026-08-24T15:54:26Z,7dace2ea9c954e45304ea9674c5ed127c76ef90e,6858,size_in_bytes,lib/ocaml/compiler-libs/flambda2_identifiers__Flambda_debug_uid.cms,20558
2026-08-24T15:54:26Z,7dace2ea9c954e45304ea9674c5ed127c76ef90e,6858,size_in_bytes,lib/ocaml/compiler-libs/flambda2_simplify__Simplify_static_const.cms,66914
2026-08-24T15:54:26Z,7dace2ea9c954e45304ea9674c5ed127c76ef90e,6858,size_in_bytes,lib/ocaml/compiler-libs/flambda2_simplify__Upwards_env.cms,32440
2026-08-24T15:54:26Z,7dace2ea9c954e45304ea9674c5ed127c76ef90e,6858,size_in_bytes,lib/ocaml/compiler-libs/flambda2_identifiers__Slot.cms,30801
2026-08-24T15:54:26Z,7dace2ea9c954e45304ea9674c5ed127c76ef90e,6858,size_in_bytes,lib/ocaml/compiler-libs/flambda2_datalog__Virtual_machine.cms,33755
2026-08-24T15:54:26Z,7dace2ea9c954e45304ea9674c5ed127c76ef90e,6858,size_in_bytes,lib/ocaml/compiler-libs/flambda2_import.cms,9932
2026-08-24T15:54:26Z,7dace2ea9c954e45304ea9674c5ed127c76ef90e,6858,size_in_bytes,lib/ocaml/compiler-libs/flambda2_nominal__Contains_names.cms,12374
2026-08-24T15:54:26Z,7dace2ea9c954e45304ea9674c5ed127c76ef90e,6858,size_in_bytes,lib/ocaml/compiler-libs/flambda2_cmx__Exported_code.cms,24485
2026-08-24T15:54:26Z,7dace2ea9c954e45304ea9674c5ed127c76ef90e,6858,size_in_bytes,lib/ocaml/compiler-libs/flambda2_from_lambda__Lambda_to_flambda_env.cms,57715
2026-08-24T15:54:26Z,7dace2ea9c954e45304ea9674c5ed127c76ef90e,6858,size_in_bytes,lib/ocaml/compiler-libs/flambda2_simplify__Simplify.cms,22227
2026-08-24T15:54:26Z,7dace2ea9c954e45304ea9674c5ed127c76ef90e,6858,size_in_bytes,lib/ocaml/compiler-libs/flambda2_reaper__Traverse.cms,131000
2026-08-24T15:54:26Z,7dace2ea9c954e45304ea9674c5ed127c76ef90e,6858,size_in_bytes,lib/ocaml/compiler-libs/flambda2_terms__Inline_attribute.cms,16662
2026-08-24T15:54:26Z,7dace2ea9c954e45304ea9674c5ed127c76ef90e,6858,size_in_bytes,lib/ocaml/compiler-libs/flambda2_from_lambda__Closure_conversion.cms,564119
2026-08-24T15:54:26Z,7dace2ea9c954e45304ea9674c5ed127c76ef90e,6858,size_in_bytes,lib/ocaml/compiler-libs/flambda2_floats.cms,10135
2026-08-24T15:54:26Z,7dace2ea9c954e45304ea9674c5ed127c76ef90e,6858,size_in_bytes,lib/ocaml/compiler-libs/flambda2_cmx__Flambda_cmx_format.cms,35929
2026-08-24T15:54:26Z,7dace2ea9c954e45304ea9674c5ed127c76ef90e,6858,size_in_bytes,lib/ocaml/compiler-libs/flambda2_to_cmm__To_cmm_effects.cms,20601
2026-08-24T15:54:26Z,7dace2ea9c954e45304ea9674c5ed127c76ef90e,6858,size_in_bytes,lib/ocaml/compiler-libs/flambda2_terms__Inlining_state.cms,18209
2026-08-24T15:54:26Z,7dace2ea9c954e45304ea9674c5ed127c76ef90e,6858,size_in_bytes,lib/ocaml/compiler-libs/flambda2_simplify__Join_points.cms,50373
2026-08-24T15:54:26Z,7dace2ea9c954e45304ea9674c5ed127c76ef90e,6858,size_in_bytes,lib/ocaml/compiler-libs/flambda2_simplify__Simplify_unary_primitive.cms,146628
2026-08-24T15:54:26Z,7dace2ea9c954e45304ea9674c5ed127c76ef90e,6858,size_in_bytes,lib/ocaml/compiler-libs/flambda2_numbers__Target_ocaml_int.cms,104039
2026-08-24T15:54:26Z,7dace2ea9c954e45304ea9674c5ed127c76ef90e,6858,size_in_bytes,lib/ocaml/compiler-libs/flambda2_algorithms__Channel.cms,14569
2026-08-24T15:54:26Z,7dace2ea9c954e45304ea9674c5ed127c76ef90e,6858,size_in_bytes,lib/ocaml/compiler-libs/flambda2_identifiers__Code_id_or_symbol.cms,11794
2026-08-24T15:54:26Z,7dace2ea9c954e45304ea9674c5ed127c76ef90e,6858,size_in_bytes,lib/ocaml/compiler-libs/flambda2.cms,48188
2026-08-24T15:54:26Z,7dace2ea9c954e45304ea9674c5ed127c76ef90e,6858,size_in_bytes,lib/ocaml/compiler-libs/flambda2_terms__Code.cms,16824
2026-08-24T15:54:26Z,7dace2ea9c954e45304ea9674c5ed127c76ef90e,6858,size_in_bytes,lib/ocaml/compiler-libs/flambda2_to_jsir__To_jsir_env.cms,43884
2026-08-24T15:54:26Z,7dace2ea9c954e45304ea9674c5ed127c76ef90e,6858,size_in_bytes,lib/ocaml/compiler-libs/flambda2_term_basics.cms,14087
2026-08-24T15:54:26Z,7dace2ea9c954e45304ea9674c5ed127c76ef90e,6858,size_in_bytes,lib/ocaml/compiler-libs/flambda2_simplify__Simplify_rec_info_expr.cms,28090
2026-08-24T15:54:26Z,7dace2ea9c954e45304ea9674c5ed127c76ef90e,6858,size_in_bytes,lib/ocaml/compiler-libs/flambda2_parser__Fexpr_prim_descr.cms,76766
2026-08-24T15:54:26Z,7dace2ea9c954e45304ea9674c5ed127c76ef90e,6858,size_in_bytes,lib/ocaml/compiler-libs/flambda2_simplify__Lifted_cont_params.cms,21127
2026-08-24T15:54:26Z,7dace2ea9c954e45304ea9674c5ed127c76ef90e,6858,size_in_bytes,lib/ocaml/compiler-libs/flambda2_terms__Effects.cms,17075
2026-08-24T15:54:26Z,7dace2ea9c954e45304ea9674c5ed127c76ef90e,6858,size_in_bytes,lib/ocaml/compiler-libs/flambda2_datalog__Value.cms,14044
2026-08-24T15:54:26Z,7dace2ea9c954e45304ea9674c5ed127c76ef90e,6858,size_in_bytes,lib/ocaml/compiler-libs/flambda2_simplify_shared__Call_site_inlining_decision_type.cms,49332
2026-08-24T15:54:26Z,7dace2ea9c954e45304ea9674c5ed127c76ef90e,6858,size_in_bytes,lib/ocaml/compiler-libs/flambda2_identifiers__Int_ids.cms,173451
2026-08-24T15:54:26Z,7dace2ea9c954e45304ea9674c5ed127c76ef90e,6858,size_in_bytes,lib/ocaml/compiler-libs/flambda2_simplify__Downwards_env.cms,113624
2026-08-24T15:54:26Z,7dace2ea9c954e45304ea9674c5ed127c76ef90e,6858,size_in_bytes,lib/ocaml/compiler-libs/flambda2_simplify__Continuation_extra_params_and_args.cms,33930
2026-08-24T15:54:26Z,7dace2ea9c954e45304ea9674c5ed127c76ef90e,6858,size_in_bytes,lib/ocaml/compiler-libs/flambda2_bound_identifiers__Bound_static.cms,32286
2026-08-24T15:54:26Z,7dace2ea9c954e45304ea9674c5ed127c76ef90e,6858,size_in_bytes,lib/ocaml/compiler-libs/flambda2_simplify__Unboxing_types.cms,40624
2026-08-24T15:54:26Z,7dace2ea9c954e45304ea9674c5ed127c76ef90e,6858,size_in_bytes,lib/ocaml/compiler-libs/flambda2_reaper__Global_flow_graph.cms,39107
2026-08-24T15:54:26Z,7dace2ea9c954e45304ea9674c5ed127c76ef90e,6858,size_in_bytes,lib/ocaml/compiler-libs/flambda2_simplify__Specialization_cost.cms,32103
2026-08-24T15:54:26Z,7dace2ea9c954e45304ea9674c5ed127c76ef90e,6858,size_in_bytes,lib/ocaml/compiler-libs/flambda2_simplify__Continuation_in_env.cms,22076
2026-08-24T15:54:26Z,7dace2ea9c954e45304ea9674c5ed127c76ef90e,6858,size_in_bytes,lib/ocaml/compiler-libs/flambda2_reaper__Traverse_env.cms,16370
2026-08-24T15:54:26Z,7dace2ea9c954e45304ea9674c5ed127c76ef90e,6858,size_in_bytes,lib/ocaml/compiler-libs/flambda2_from_lambda__Lambda_to_flambda_primitives.cms,537153
2026-08-24T15:54:26Z,7dace2ea9c954e45304ea9674c5ed127c76ef90e,6858,size_in_bytes,lib/ocaml/compiler-libs/flambda2_simplify__Continuation_shortcut.cms,18416
2026-08-24T15:54:26Z,7dace2ea9c954e45304ea9674c5ed127c76ef90e,6858,size_in_bytes,lib/ocaml/compiler-libs/flambda2_simplify.cms,35217
2026-08-24T15:54:26Z,7dace2ea9c954e45304ea9674c5ed127c76ef90e,6858,size_in_bytes,lib/ocaml/compiler-libs/flambda2_simplify__Replay_history.cms,37569
2026-08-24T15:54:26Z,7dace2ea9c954e45304ea9674c5ed127c76ef90e,6858,size_in_bytes,lib/ocaml/compiler-libs/flambda2_lattices__Or_unknown_or_bottom.cms,16838
2026-08-24T15:54:26Z,7dace2ea9c954e45304ea9674c5ed127c76ef90e,6858,size_in_bytes,lib/ocaml/compiler-libs/flambda2_simplify__Apply_cont_rewrite.cms,42953
2026-08-24T15:54:26Z,7dace2ea9c954e45304ea9674c5ed127c76ef90e,6858,size_in_bytes,lib/ocaml/compiler-libs/flambda2_to_jsir__To_jsir_shared.cms,27259
2026-08-24T15:54:26Z,7dace2ea9c954e45304ea9674c5ed127c76ef90e,6858,size_in_bytes,lib/ocaml/compiler-libs/flambda2_identifiers__Function_slot.cms,12315
2026-08-24T15:54:26Z,7dace2ea9c954e45304ea9674c5ed127c76ef90e,6858,size_in_bytes,lib/ocaml/compiler-libs/flambda2_from_lambda__Lambda_to_flambda.cms,244867
2026-08-24T15:54:26Z,7dace2ea9c954e45304ea9674c5ed127c76ef90e,6858,size_in_bytes,lib/ocaml/compiler-libs/flambda2_nominal__Name_mode.cms,33928
2026-08-24T15:54:26Z,7dace2ea9c954e45304ea9674c5ed127c76ef90e,6858,size_in_bytes,lib/ocaml/compiler-libs/flambda2_ui__Flambda_features.cms,53071
2026-08-24T15:54:26Z,7dace2ea9c954e45304ea9674c5ed127c76ef90e,6858,size_in_bytes,lib/ocaml/compiler-libs/flambda2_simplify__Simplify_let_expr.cms,56107
2026-08-24T15:54:26Z,7dace2ea9c954e45304ea9674c5ed127c76ef90e,6858,size_in_bytes,lib/ocaml/compiler-libs/flambda2_simplify__Unbox_continuation_params.cms,30453
2026-08-24T15:54:26Z,7dace2ea9c954e45304ea9674c5ed127c76ef90e,6858,size_in_bytes,lib/ocaml/compiler-libs/flambda2_simplify__Lifted_constant.cms,49924
2026-08-24T15:54:26Z,7dace2ea9c954e45304ea9674c5ed127c76ef90e,6858,size_in_bytes,lib/ocaml/compiler-libs/flambda2_simplify__Simplify_primitive_result.cms,17433
2026-08-24T15:54:26Z,7dace2ea9c954e45304ea9674c5ed127c76ef90e,6858,size_in_bytes,lib/ocaml/compiler-libs/flambda2_simplify__Rebuilt_static_const.cms,69587
2026-08-24T15:54:26Z,7dace2ea9c954e45304ea9674c5ed127c76ef90e,6858,size_in_bytes,lib/ocaml/compiler-libs/flambda2_simplify__Simplify_named_result.cms,15799
2026-08-24T15:54:26Z,7dace2ea9c954e45304ea9674c5ed127c76ef90e,6858,size_in_bytes,lib/ocaml/compiler-libs/flambda2_terms__Static_const.cms,138136
2026-08-24T15:54:26Z,7dace2ea9c954e45304ea9674c5ed127c76ef90e,6858,size_in_bytes,lib/ocaml/compiler-libs/flambda2_algorithms.cms,12220
2026-08-24T15:54:26Z,7dace2ea9c954e45304ea9674c5ed127c76ef90e,6858,size_in_bytes,lib/ocaml/compiler-libs/flambda2_term_basics__Inlined_debuginfo.cms,23335
2026-08-24T15:54:26Z,7dace2ea9c954e45304ea9674c5ed127c76ef90e,6858,size_in_bytes,lib/ocaml/compiler-libs/flambda2_terms__Result_types.cms,32554
2026-08-24T15:54:26Z,7dace2ea9c954e45304ea9674c5ed127c76ef90e,6858,size_in_bytes,lib/ocaml/compiler-libs/flambda2_bound_identifiers__Bound_continuation.cms,13082
2026-08-24T15:54:26Z,7dace2ea9c954e45304ea9674c5ed127c76ef90e,6858,size_in_bytes,lib/ocaml/compiler-libs/flambda2_simplify__Non_constructed_code.cms,14730
2026-08-24T15:54:26Z,7dace2ea9c954e45304ea9674c5ed127c76ef90e,6858,size_in_bytes,lib/ocaml/compiler-libs/flambda2_simplify__Simplify_switch_expr.cms,134195
2026-08-24T15:54:26Z,7dace2ea9c954e45304ea9674c5ed127c76ef90e,6858,size_in_bytes,lib/ocaml/compiler-libs/flambda2_simplify__Simplify_apply_expr.cms,180828
2026-08-24T15:54:26Z,7dace2ea9c954e45304ea9674c5ed127c76ef90e,6858,size_in_bytes,lib/ocaml/compiler-libs/flambda2_reaper__Analysis.cms,19011
2026-08-24T15:54:26Z,7dace2ea9c954e45304ea9674c5ed127c76ef90e,6858,size_in_bytes,lib/ocaml/compiler-libs/flambda2_terms__Code_size.cms,74595
2026-08-24T15:54:26Z,7dace2ea9c954e45304ea9674c5ed127c76ef90e,6858,size_in_bytes,lib/ocaml/compiler-libs/flambda2_identifiers__Variable.cms,14014
2026-08-24T15:54:26Z,7dace2ea9c954e45304ea9674c5ed127c76ef90e,6858,size_in_bytes,lib/ocaml/compiler-libs/flambda2_terms__Apply_cont_expr.cms,36195
2026-08-24T15:54:26Z,7dace2ea9c954e45304ea9674c5ed127c76ef90e,6858,size_in_bytes,lib/ocaml/compiler-libs/flambda2_simplify__Loopify_state.cms,13461
2026-08-24T15:54:26Z,7dace2ea9c954e45304ea9674c5ed127c76ef90e,6858,size_in_bytes,lib/ocaml/compiler-libs/flambda2_algorithms__Container_types.cms,49855
2026-08-24T15:54:26Z,7dace2ea9c954e45304ea9674c5ed127c76ef90e,6858,size_in_bytes,lib/ocaml/compiler-libs/flambda2_simplify__Simplify_named.cms,47208
2026-08-24T15:54:26Z,7dace2ea9c954e45304ea9674c5ed127c76ef90e,6858,size_in_bytes,lib/ocaml/compiler-libs/flambda2_simplify__Simplify_set_of_closures_context.cms,45611
2026-08-24T15:54:26Z,7dace2ea9c954e45304ea9674c5ed127c76ef90e,6858,size_in_bytes,lib/ocaml/compiler-libs/flambda2_simplify__Number_adjuncts.cms,124162
2026-08-24T15:54:26Z,7dace2ea9c954e45304ea9674c5ed127c76ef90e,6858,size_in_bytes,lib/ocaml/compiler-libs/flambda2_types__Set_of_closures_contents.cms,42861
2026-08-24T15:54:26Z,7dace2ea9c954e45304ea9674c5ed127c76ef90e,6858,size_in_bytes,lib/ocaml/compiler-libs/flambda2_identifiers.cms,15334
2026-08-24T15:54:26Z,7dace2ea9c954e45304ea9674c5ed127c76ef90e,6858,size_in_bytes,lib/ocaml/compiler-libs/flambda2_simplify__Unboxers.cms,34784
2026-08-24T15:54:26Z,7dace2ea9c954e45304ea9674c5ed127c76ef90e,6858,size_in_bytes,lib/ocaml/compiler-libs/flambda2_bound_identifiers.cms,13165
2026-08-24T15:54:26Z,7dace2ea9c954e45304ea9674c5ed127c76ef90e,6858,size_in_bytes,lib/ocaml/compiler-libs/flambda2_from_lambda.cms,12320
2026-08-24T15:54:26Z,7dace2ea9c954e45304ea9674c5ed127c76ef90e,6858,size_in_bytes,lib/ocaml/compiler-libs/flambda2_numbers__Vector_types.cms,43565
2026-08-24T15:54:26Z,7dace2ea9c954e45304ea9674c5ed127c76ef90e,6858,size_in_bytes,lib/ocaml/compiler-libs/flambda2_term_basics__Or_variable.cms,15250
2026-08-24T15:54:26Z,7dace2ea9c954e45304ea9674c5ed127c76ef90e,6858,size_in_bytes,lib/ocaml/compiler-libs/flambda2_identifiers__Name.cms,18775
2026-08-24T15:54:26Z,7dace2ea9c954e45304ea9674c5ed127c76ef90e,6858,size_in_bytes,lib/ocaml/compiler-libs/flambda2_to_cmm__To_cmm_static.cms,122496
2026-08-24T15:54:26Z,7dace2ea9c954e45304ea9674c5ed127c76ef90e,6858,size_in_bytes,lib/ocaml/compiler-libs/flambda2_bound_identifiers__Bound_var.cms,18140
2026-08-24T15:54:26Z,7dace2ea9c954e45304ea9674c5ed127c76ef90e,6858,size_in_bytes,lib/ocaml/compiler-libs/flambda2_reaper__Rebuild.cms,340392
2026-08-24T15:54:26Z,7dace2ea9c954e45304ea9674c5ed127c76ef90e,6858,size_in_bytes,lib/ocaml/compiler-libs/flambda2_terms__Flambda_unit.cms,19465
2026-08-24T15:54:26Z,7dace2ea9c954e45304ea9674c5ed127c76ef90e,6858,size_in_bytes,lib/ocaml/compiler-libs/flambda2_types__Typing_env_level.cms,41172
2026-08-24T15:54:26Z,7dace2ea9c954e45304ea9674c5ed127c76ef90e,6858,size_in_bytes,lib/ocaml/compiler-libs/flambda2_terms__Function_declarations.cms,24614
2026-08-24T15:54:26Z,7dace2ea9c954e45304ea9674c5ed127c76ef90e,6858,size_in_bytes,lib/ocaml/compiler-libs/flambda2_numbers.cms,11623
2026-08-24T15:54:26Z,7dace2ea9c954e45304ea9674c5ed127c76ef90e,6858,size_in_bytes,lib/ocaml/compiler-libs/flambda2_term_basics__Continuation_use_kind.cms,11820
2026-08-24T15:54:26Z,7dace2ea9c954e45304ea9674c5ed127c76ef90e,6858,size_in_bytes,lib/ocaml/compiler-libs/flambda2_terms__Removed_operations.cms,24411
2026-08-24T15:54:26Z,7dace2ea9c954e45304ea9674c5ed127c76ef90e,6858,size_in_bytes,lib/ocaml/compiler-libs/flambda2_numbers__Targetint_32_64.cms,73333
2026-08-24T15:54:26Z,7dace2ea9c954e45304ea9674c5ed127c76ef90e,6858,size_in_bytes,lib/ocaml/compiler-libs/flambda2_parser__Fexpr_to_flambda.cms,149150
2026-08-24T15:54:26Z,7dace2ea9c954e45304ea9674c5ed127c76ef90e,6858,size_in_bytes,lib/ocaml/compiler-libs/flambda2_from_lambda__Lambda_to_lambda_transforms.cms,193075
2026-08-24T15:54:26Z,7dace2ea9c954e45304ea9674c5ed127c76ef90e,6858,size_in_bytes,lib/ocaml/compiler-libs/flambda2_bound_identifiers__Bound_parameters.cms,24049
2026-08-24T15:54:26Z,7dace2ea9c954e45304ea9674c5ed127c76ef90e,6858,size_in_bytes,lib/ocaml/compiler-libs/flambda2_parser__Flambda_to_fexpr.cms,132316
2026-08-24T15:54:26Z,7dace2ea9c954e45304ea9674c5ed127c76ef90e,6858,size_in_bytes,lib/ocaml/compiler-libs/flambda2_to_cmm__To_cmm_result.cms,32281
2026-08-24T15:54:26Z,7dace2ea9c954e45304ea9674c5ed127c76ef90e,6858,size_in_bytes,lib/ocaml/compiler-libs/flambda2_algorithms__Patricia_tree.cms,266566
2026-08-24T15:54:26Z,7dace2ea9c954e45304ea9674c5ed127c76ef90e,6858,size_in_bytes,lib/ocaml/compiler-libs/flambda2_terms__Probe.cms,12719
2026-08-24T15:54:26Z,7dace2ea9c954e45304ea9674c5ed127c76ef90e,6858,size_in_bytes,lib/ocaml/compiler-libs/flambda2_nominal__Name_abstraction.cms,21272
2026-08-24T15:54:26Z,7dace2ea9c954e45304ea9674c5ed127c76ef90e,6858,size_in_bytes,lib/ocaml/compiler-libs/flambda2_terms__Regalloc_attribute.cms,13848
2026-08-24T15:54:26Z,7dace2ea9c954e45304ea9674c5ed127c76ef90e,6858,size_in_bytes,lib/ocaml/compiler-libs/flambda2_simplify__Simplify_ternary_primitive.cms,23372
2026-08-24T15:54:26Z,7dace2ea9c954e45304ea9674c5ed127c76ef90e,6858,size_in_bytes,lib/ocaml/compiler-libs/flambda2_types__Meet_and_join.cms,328707
2026-08-24T15:54:26Z,7dace2ea9c954e45304ea9674c5ed127c76ef90e,6858,size_in_bytes,lib/ocaml/compiler-libs/flambda2_terms__Regalloc_param_attribute.cms,14951
2026-08-24T15:54:26Z,7dace2ea9c954e45304ea9674c5ed127c76ef90e,6858,size_in_bytes,lib/ocaml/compiler-libs/flambda2_types__Type_descr.cms,38227
2026-08-24T15:54:26Z,7dace2ea9c954e45304ea9674c5ed127c76ef90e,6858,size_in_bytes,lib/ocaml/compiler-libs/flambda2_simplify__Simplify_apply_cont_expr.cms,31289
2026-08-24T15:54:26Z,7dace2ea9c954e45304ea9674c5ed127c76ef90e,6858,size_in_bytes,lib/ocaml/compiler-libs/flambda2_simplify__Unboxing_epa.cms,77180
2026-08-24T15:54:26Z,7dace2ea9c954e45304ea9674c5ed127c76ef90e,6858,size_in_bytes,lib/ocaml/compiler-libs/flambda2_simplify__Original_handlers.cms,22154
2026-08-24T15:54:26Z,7dace2ea9c954e45304ea9674c5ed127c76ef90e,6858,size_in_bytes,lib/ocaml/compiler-libs/flambda2_types__Provers.cms,204084
2026-08-24T15:54:26Z,7dace2ea9c954e45304ea9674c5ed127c76ef90e,6858,size_in_bytes,lib/ocaml/compiler-libs/flambda2_to_jsir.cms,11965
2026-08-24T15:54:26Z,7dace2ea9c954e45304ea9674c5ed127c76ef90e,6858,size_in_bytes,lib/ocaml/compiler-libs/flambda2_datalog__Schedule.cms,80786
2026-08-24T15:54:26Z,7dace2ea9c954e45304ea9674c5ed127c76ef90e,6858,size_in_bytes,lib/ocaml/compiler-libs/flambda2_terms__Zero_alloc_attribute.cms,17485
2026-08-24T15:54:26Z,7dace2ea9c954e45304ea9674c5ed127c76ef90e,6858,size_in_bytes,lib/ocaml/compiler-libs/flambda2_simplify__Common_subexpression_elimination.cms,65598
2026-08-24T15:54:26Z,7dace2ea9c954e45304ea9674c5ed127c76ef90e,6858,size_in_bytes,lib/ocaml/compiler-libs/flambda2_simplify__Control_flow_graph.cms,65905
2026-08-24T15:54:26Z,7dace2ea9c954e45304ea9674c5ed127c76ef90e,6858,size_in_bytes,lib/ocaml/compiler-libs/flambda2_from_lambda__Closure_conversion_aux.cms,156076
2026-08-24T15:54:26Z,7dace2ea9c954e45304ea9674c5ed127c76ef90e,6858,size_in_bytes,lib/ocaml/compiler-libs/flambda2_to_jsir__To_jsir_set_of_closures.cms,20725
2026-08-24T15:54:26Z,7dace2ea9c954e45304ea9674c5ed127c76ef90e,6858,size_in_bytes,lib/ocaml/compiler-libs/flambda2_types__Join_env.cms,274782
2026-08-24T15:54:26Z,7dace2ea9c954e45304ea9674c5ed127c76ef90e,6858,size_in_bytes,lib/ocaml/compiler-libs/flambda2_terms__Inlining_arguments.cms,55340
2026-08-24T15:54:26Z,7dace2ea9c954e45304ea9674c5ed127c76ef90e,6858,size_in_bytes,lib/ocaml/compiler-libs/flambda2_nominal__Bindable.cms,14331
2026-08-24T15:54:26Z,7dace2ea9c954e45304ea9674c5ed127c76ef90e,6858,size_in_bytes,lib/ocaml/compiler-libs/flambda2_simplify__Comparison_result.cms,20710
2026-08-24T15:54:26Z,7dace2ea9c954e45304ea9674c5ed127c76ef90e,6858,size_in_bytes,lib/ocaml/compiler-libs/flambda2_parser.cms,13447
2026-08-24T15:54:26Z,7dace2ea9c954e45304ea9674c5ed127c76ef90e,6858,size_in_bytes,lib/ocaml/compiler-libs/flambda2_reaper__Datalog_helpers.cms,56282
2026-08-24T15:54:26Z,7dace2ea9c954e45304ea9674c5ed127c76ef90e,6858,size_in_bytes,lib/ocaml/compiler-libs/flambda2_simplify__Simplify_binary_primitive.cms,160449
2026-08-24T15:54:26Z,7dace2ea9c954e45304ea9674c5ed127c76ef90e,6858,size_in_bytes,lib/ocaml/compiler-libs/flambda2_terms__Call_kind.cms,76693
2026-08-24T15:54:26Z,7dace2ea9c954e45304ea9674c5ed127c76ef90e,6858,size_in_bytes,lib/ocaml/compiler-libs/flambda2_types__Equal_types_for_debug.cms,91597
2026-08-24T15:54:26Z,7dace2ea9c954e45304ea9674c5ed127c76ef90e,6858,size_in_bytes,lib/ocaml/compiler-libs/flambda2_bound_identifiers__Bound_continuations.cms,17531
2026-08-24T15:54:26Z,7dace2ea9c954e45304ea9674c5ed127c76ef90e,6858,size_in_bytes,lib/ocaml/compiler-libs/flambda2_bound_identifiers__Bound_name.cms,15622
2026-08-24T15:54:26Z,7dace2ea9c954e45304ea9674c5ed127c76ef90e,6858,size_in_bytes,lib/ocaml/compiler-libs/flambda2_bound_identifiers__Bound_parameter.cms,29253
2026-08-24T15:54:26Z,7dace2ea9c954e45304ea9674c5ed127c76ef90e,6858,size_in_bytes,lib/ocaml/compiler-libs/flambda2_cmx__Flambda_cmx.cms,36312
2026-08-24T15:54:26Z,7dace2ea9c954e45304ea9674c5ed127c76ef90e,6858,size_in_bytes,lib/ocaml/compiler-libs/flambda2_terms__First_complex_local_param.cms,14021
2026-08-24T15:54:26Z,7dace2ea9c954e45304ea9674c5ed127c76ef90e,6858,size_in_bytes,lib/ocaml/compiler-libs/flambda2_nominal__Permutation.cms,25130
2026-08-24T15:54:26Z,7dace2ea9c954e45304ea9674c5ed127c76ef90e,6858,size_in_bytes,lib/ocaml/compiler-libs/flambda2_identifiers__Code_id_or_name.cms,12525
2026-08-24T15:54:26Z,7dace2ea9c954e45304ea9674c5ed127c76ef90e,6858,size_in_bytes,lib/ocaml/compiler-libs/flambda2_simplify__Simplify_expr.cms,29297
2026-08-24T15:54:26Z,7dace2ea9c954e45304ea9674c5ed127c76ef90e,6858,size_in_bytes,lib/ocaml/compiler-libs/flambda2_ui__Flambda_colours.cms,20683
2026-08-24T15:54:26Z,7dace2ea9c954e45304ea9674c5ed127c76ef90e,6858,size_in_bytes,lib/ocaml/compiler-libs/flambda2_parser__Parse_flambda.cms,21039
2026-08-24T15:54:26Z,7dace2ea9c954e45304ea9674c5ed127c76ef90e,6858,size_in_bytes,lib/ocaml/compiler-libs/flambda2_simplify__Call_site_inlining_decision.cms,55228
2026-08-24T15:54:26Z,7dace2ea9c954e45304ea9674c5ed127c76ef90e,6858,size_in_bytes,lib/ocaml/compiler-libs/flambda2_parser__Fexpr.cms,52502
2026-08-24T15:54:26Z,7dace2ea9c954e45304ea9674c5ed127c76ef90e,6858,size_in_bytes,lib/ocaml/compiler-libs/flambda2_parser__Flambda_lex.cms,40611
2026-08-24T15:54:26Z,7dace2ea9c954e45304ea9674c5ed127c76ef90e,6858,size_in_bytes,lib/ocaml/compiler-libs/flambda2_terms.cms,22017
2026-08-24T15:54:26Z,7dace2ea9c954e45304ea9674c5ed127c76ef90e,6858,size_in_bytes,lib/ocaml/compiler-libs/flambda2_simplify__Optimistic_unboxing_decision.cms,38147
2026-08-24T15:54:26Z,7dace2ea9c954e45304ea9674c5ed127c76ef90e,6858,size_in_bytes,lib/ocaml/compiler-libs/flambda2_simplify__Lifted_constant_state.cms,38479
2026-08-24T15:54:26Z,7dace2ea9c954e45304ea9674c5ed127c76ef90e,6858,size_in_bytes,lib/ocaml/compiler-libs/flambda2_term_basics__Rec_info_expr.cms,15790
2026-08-24T15:54:26Z,7dace2ea9c954e45304ea9674c5ed127c76ef90e,6858,size_in_bytes,lib/ocaml/compiler-libs/flambda2_types__Binding_time.cms,24334
2026-08-24T15:54:26Z,7dace2ea9c954e45304ea9674c5ed127c76ef90e,6858,size_in_bytes,lib/ocaml/compiler-libs/flambda2_simplify__Closure_info.cms,18585
2026-08-24T15:54:26Z,7dace2ea9c954e45304ea9674c5ed127c76ef90e,6858,size_in_bytes,lib/ocaml/compiler-libs/flambda2_simplify__Continuation_uses_env_intf.cms,13812
2026-08-24T15:54:26Z,7dace2ea9c954e45304ea9674c5ed127c76ef90e,6858,size_in_bytes,lib/ocaml/compiler-libs/flambda2_term_basics__Value_slot_set.cms,20132
2026-08-24T15:54:26Z,7dace2ea9c954e45304ea9674c5ed127c76ef90e,6858,size_in_bytes,lib/ocaml/compiler-libs/flambda2_terms__Flambda_primitive.cms,504039
2026-08-24T15:54:26Z,7dace2ea9c954e45304ea9674c5ed127c76ef90e,6858,size_in_bytes,lib/ocaml/compiler-libs/flambda2_terms__Loopify_attribute.cms,14960
2026-08-24T15:54:26Z,7dace2ea9c954e45304ea9674c5ed127c76ef90e,6858,size_in_bytes,lib/ocaml/compiler-libs/flambda2_simplify__Expr_builder.cms,96809
2026-08-24T15:54:26Z,7dace2ea9c954e45304ea9674c5ed127c76ef90e,6858,size_in_bytes,lib/ocaml/compiler-libs/flambda2_terms__Expr_std.cms,12520
2026-08-24T15:54:26Z,7dace2ea9c954e45304ea9674c5ed127c76ef90e,6858,size_in_bytes,lib/ocaml/compiler-libs/flambda2_types__Typing_env.cms,172064
2026-08-24T15:54:26Z,7dace2ea9c954e45304ea9674c5ed127c76ef90e,6858,size_in_bytes,lib/ocaml/compiler-libs/flambda2_simplify__Flow_analysis.cms,33532
2026-08-24T15:54:26Z,7dace2ea9c954e45304ea9674c5ed127c76ef90e,6858,size_in_bytes,lib/ocaml/compiler-libs/flambda2_terms__Poll_attribute.cms,13461
2026-08-24T15:54:26Z,7dace2ea9c954e45304ea9674c5ed127c76ef90e,6858,size_in_bytes,lib/ocaml/compiler-libs/flambda2_simplify__Inlining_transforms.cms,30028
2026-08-24T15:54:26Z,7dace2ea9c954e45304ea9674c5ed127c76ef90e,6858,size_in_bytes,lib/ocaml/compiler-libs/flambda2_simplify__Named_rewrite.cms,15384
2026-08-24T15:54:26Z,7dace2ea9c954e45304ea9674c5ed127c76ef90e,6858,size_in_bytes,lib/ocaml/compiler-libs/flambda2_from_lambda__Lambda_to_flambda_primitives_helpers.cms,79783
2026-08-24T15:54:26Z,7dace2ea9c954e45304ea9674c5ed127c76ef90e,6858,size_in_bytes,lib/ocaml/compiler-libs/flambda2_identifiers__Coercion0.cms,22400
2026-08-24T15:54:26Z,7dace2ea9c954e45304ea9674c5ed127c76ef90e,6858,size_in_bytes,lib/ocaml/compiler-libs/flambda2_lattices__Or_unknown.cms,26287
2026-08-24T15:54:26Z,7dace2ea9c954e45304ea9674c5ed127c76ef90e,6858,size_in_bytes,lib/ocaml/compiler-libs/flambda2_algorithms__Table_by_int_id.cms,22513
2026-08-24T15:54:26Z,7dace2ea9c954e45304ea9674c5ed127c76ef90e,6858,size_in_bytes,lib/ocaml/compiler-libs/flambda2_to_jsir__To_jsir_static_const.cms,47890
2026-08-24T15:54:26Z,7dace2ea9c954e45304ea9674c5ed127c76ef90e,6858,size_in_bytes,lib/ocaml/compiler-libs/flambda2_simplify__Mutable_unboxing.cms,96757
2026-08-24T15:54:26Z,7dace2ea9c954e45304ea9674c5ed127c76ef90e,6858,size_in_bytes,lib/ocaml/compiler-libs/flambda2_to_cmm__To_cmm_env.cms,166745
2026-08-24T15:54:26Z,7dace2ea9c954e45304ea9674c5ed127c76ef90e,6858,size_in_bytes,lib/ocaml/compiler-libs/flambda2_to_cmm__To_cmm_set_of_closures.cms,106419
2026-08-24T15:54:26Z,7dace2ea9c954e45304ea9674c5ed127c76ef90e,6858,size_in_bytes,lib/ocaml/compiler-libs/flambda2_terms__Coeffects.cms,14481
2026-08-24T15:54:26Z,7dace2ea9c954e45304ea9674c5ed127c76ef90e,6858,size_in_bytes,lib/ocaml/compiler-libs/flambda2_simplify_shared__Inlining_helpers.cms,26297
2026-08-24T15:54:26Z,7dace2ea9c954e45304ea9674c5ed127c76ef90e,6858,size_in_bytes,lib/ocaml/compiler-libs/flambda2_ui.cms,10420
2026-08-24T15:54:26Z,7dace2ea9c954e45304ea9674c5ed127c76ef90e,6858,size_in_bytes,lib/ocaml/compiler-libs/flambda2_simplify_shared__Slot_offsets.cms,132635
2026-08-24T15:54:26Z,7dace2ea9c954e45304ea9674c5ed127c76ef90e,6858,size_in_bytes,lib/ocaml/compiler-libs/flambda2_simplify__Flow_types.cms,61905
2026-08-24T15:54:26Z,7dace2ea9c954e45304ea9674c5ed127c76ef90e,6858,size_in_bytes,lib/ocaml/compiler-libs/flambda2_simplify__Simplify_coercion.cms,13148
2026-08-24T15:54:26Z,7dace2ea9c954e45304ea9674c5ed127c76ef90e,6858,size_in_bytes,lib/ocaml/compiler-libs/flambda2_bound_identifiers__Alloc_mode.cms,48264
2026-08-24T15:54:26Z,7dace2ea9c954e45304ea9674c5ed127c76ef90e,6858,size_in_bytes,lib/ocaml/compiler-libs/flambda2_identifiers__Rec_info_expr0.cms,34461
2026-08-24T15:54:26Z,7dace2ea9c954e45304ea9674c5ed127c76ef90e,6858,size_in_bytes,lib/ocaml/compiler-libs/flambda2_term_basics__Scope.cms,18823
2026-08-24T15:54:26Z,7dace2ea9c954e45304ea9674c5ed127c76ef90e,6858,size_in_bytes,lib/ocaml/compiler-libs/flambda2_identifiers__Value_slot.cms,12306
2026-08-24T15:54:26Z,7dace2ea9c954e45304ea9674c5ed127c76ef90e,6858,size_in_bytes,lib/ocaml/compiler-libs/flambda2_nominal__Contains_ids.cms,11661
2026-08-24T15:54:26Z,7dace2ea9c954e45304ea9674c5ed127c76ef90e,6858,size_in_bytes,lib/ocaml/compiler-libs/flambda2_identifiers__Named_rewrite_id.cms,18205
2026-08-24T15:54:26Z,7dace2ea9c954e45304ea9674c5ed127c76ef90e,6858,size_in_bytes,lib/ocaml/compiler-libs/flambda2_simplify__Simplify_variadic_primitive.cms,33040
2026-08-24T15:54:26Z,7dace2ea9c954e45304ea9674c5ed127c76ef90e,6858,size_in_bytes,lib/ocaml/compiler-libs/flambda2_types__Type_grammar.cms,664826
2026-08-24T15:54:26Z,7dace2ea9c954e45304ea9674c5ed127c76ef90e,6858,size_in_bytes,lib/ocaml/compiler-libs/flambda2_identifiers__Reg_width_const.cms,38425
2026-08-24T15:54:26Z,7dace2ea9c954e45304ea9674c5ed127c76ef90e,6858,size_in_bytes,lib/ocaml/compiler-libs/flambda2_simplify_shared__Inlining_report.cms,94523
2026-08-24T15:54:26Z,7dace2ea9c954e45304ea9674c5ed127c76ef90e,6858,size_in_bytes,lib/ocaml/compiler-libs/flambda2_simplify__Simplify_common.cms,64396
2026-08-24T15:54:26Z,7dace2ea9c954e45304ea9674c5ed127c76ef90e,6858,size_in_bytes,lib/ocaml/compiler-libs/flambda2_simplify__Is_unboxing_beneficial.cms,21426
2026-08-24T15:54:26Z,7dace2ea9c954e45304ea9674c5ed127c76ef90e,6858,size_in_bytes,lib/ocaml/compiler-libs/flambda2_simplify__Simplify_extcall.cms,44204
2026-08-24T15:54:26Z,7dace2ea9c954e45304ea9674c5ed127c76ef90e,6858,size_in_bytes,lib/ocaml/compiler-libs/flambda2_datalog__Cursor.cms,62512
2026-08-24T15:54:26Z,7dace2ea9c954e45304ea9674c5ed127c76ef90e,6858,size_in_bytes,lib/ocaml/compiler-libs/flambda2_terms__Flambda.cms,231663
2026-08-24T15:54:26Z,7dace2ea9c954e45304ea9674c5ed127c76ef90e,6858,size_in_bytes,lib/ocaml/compiler-libs/flambda2_to_jsir__To_jsir.cms,97564
2026-08-24T15:54:26Z,7dace2ea9c954e45304ea9674c5ed127c76ef90e,6858,size_in_bytes,lib/ocaml/compiler-libs/flambda2_lattices.cms,10749
2026-08-24T15:54:26Z,7dace2ea9c954e45304ea9674c5ed127c76ef90e,6858,size_in_bytes,lib/ocaml/compiler-libs/flambda2_numbers__One_bit_fewer.cms,31247
2026-08-24T15:54:26Z,7dace2ea9c954e45304ea9674c5ed127c76ef90e,6858,size_in_bytes,lib/ocaml/compiler-libs/flambda2_reaper__Dot_printer.cms,19843
2026-08-24T15:54:26Z,7dace2ea9c954e45304ea9674c5ed127c76ef90e,6858,size_in_bytes,lib/ocaml/compiler-libs/flambda2_simplify_shared__Exported_offsets.cms,31515
2026-08-24T15:54:26Z,7dace2ea9c954e45304ea9674c5ed127c76ef90e,6858,size_in_bytes,lib/ocaml/compiler-libs/flambda2_datalog__.cms,12854
2026-08-24T15:54:26Z,7dace2ea9c954e45304ea9674c5ed127c76ef90e,6858,size_in_bytes,lib/ocaml/compiler-libs/flambda2_simplify__Flow_acc.cms,76731
2026-08-24T15:54:26Z,7dace2ea9c954e45304ea9674c5ed127c76ef90e,6858,size_in_bytes,lib/ocaml/compiler-libs/flambda2_identifiers__Symbol.cms,13649
2026-08-24T15:54:26Z,7dace2ea9c954e45304ea9674c5ed127c76ef90e,6858,size_in_bytes,lib/ocaml/compiler-libs/flambda2_algorithms__Lmap.cms,28189
2026-08-24T15:54:26Z,7dace2ea9c954e45304ea9674c5ed127c76ef90e,6858,size_in_bytes,lib/ocaml/compiler-libs/flambda2_classic_mode_types__Value_approximation.cms,20390
2026-08-24T15:54:26Z,7dace2ea9c954e45304ea9674c5ed127c76ef90e,6858,size_in_bytes,lib/ocaml/compiler-libs/flambda2_simplify__Simplify_simple.cms,17470
2026-08-24T15:54:26Z,7dace2ea9c954e45304ea9674c5ed127c76ef90e,6858,size_in_bytes,lib/ocaml/compiler-libs/flambda2_types__Aliases.cms,110589
2026-08-24T15:54:26Z,7dace2ea9c954e45304ea9674c5ed127c76ef90e,6858,size_in_bytes,lib/ocaml/compiler-libs/flambda2_bound_identifiers__Bound_pattern.cms,34307
2026-08-24T15:54:26Z,7dace2ea9c954e45304ea9674c5ed127c76ef90e,6858,size_in_bytes,lib/ocaml/compiler-libs/flambda2_datalog__Heterogenous_list.cms,12894
2026-08-24T15:54:26Z,7dace2ea9c954e45304ea9674c5ed127c76ef90e,6858,size_in_bytes,lib/ocaml/compiler-libs/flambda2_simplify__Rebuilt_expr.cms,26549
2026-08-24T15:54:26Z,7dace2ea9c954e45304ea9674c5ed127c76ef90e,6858,size_in_bytes,lib/ocaml/compiler-libs/flambda2_parser__Flambda_parser_messages.cms,10580
2026-08-24T15:54:26Z,7dace2ea9c954e45304ea9674c5ed127c76ef90e,6858,size_in_bytes,lib/ocaml/compiler-libs/flambda2_types__More_type_creators.cms,88462
2026-08-24T15:54:26Z,7dace2ea9c954e45304ea9674c5ed127c76ef90e,6858,size_in_bytes,lib/ocaml/compiler-libs/flambda2_to_jsir__To_jsir_result.cms,33603
2026-08-24T15:54:26Z,7dace2ea9c954e45304ea9674c5ed127c76ef90e,6858,size_in_bytes,lib/ocaml/compiler-libs/flambda2_bound_identifiers__Bound_for_function.cms,36130
2026-08-24T15:54:26Z,7dace2ea9c954e45304ea9674c5ed127c76ef90e,6858,size_in_bytes,lib/ocaml/compiler-libs/flambda2_simplify__Simplified_named.cms,21347
2026-08-24T15:54:26Z,7dace2ea9c954e45304ea9674c5ed127c76ef90e,6858,size_in_bytes,lib/ocaml/compiler-libs/flambda2_terms__Inlining_history.cms,45494
2026-08-24T15:54:26Z,7dace2ea9c954e45304ea9674c5ed127c76ef90e,6858,size_in_bytes,lib/ocaml/compiler-libs/flambda2_datalog__Table.cms,36192
2026-08-24T15:54:26Z,7dace2ea9c954e45304ea9674c5ed127c76ef90e,6858,size_in_bytes,lib/ocaml/compiler-libs/flambda2_types__Code_age_relation.cms,24070
2026-08-24T15:54:26Z,7dace2ea9c954e45304ea9674c5ed127c76ef90e,6858,size_in_bytes,lib/ocaml/compiler-libs/flambda2_simplify__Flow.cms,12710
2026-08-24T15:54:26Z,7dace2ea9c954e45304ea9674c5ed127c76ef90e,6858,size_in_bytes,lib/ocaml/compiler-libs/flambda2_types__Join_levels_old.cms,43958
2026-08-24T15:54:26Z,7dace2ea9c954e45304ea9674c5ed127c76ef90e,6858,size_in_bytes,lib/ocaml/compiler-libs/flambda2_to_cmm__To_cmm.cms,27057
2026-08-24T15:54:26Z,7dace2ea9c954e45304ea9674c5ed127c76ef90e,6858,size_in_bytes,lib/ocaml/compiler-libs/flambda2_algorithms__Container_types_intf.cms,39522
2026-08-24T15:54:26Z,7dace2ea9c954e45304ea9674c5ed127c76ef90e,6858,size_in_bytes,lib/ocaml/compiler-libs/flambda2_terms__Code_metadata.cms,84510
2026-08-24T15:54:26Z,7dace2ea9c954e45304ea9674c5ed127c76ef90e,6858,size_in_bytes,lib/ocaml/compiler-libs/flambda2_nominal__Renaming.cms,39909
2026-08-24T15:54:26Z,7dace2ea9c954e45304ea9674c5ed127c76ef90e,6858,size_in_bytes,lib/ocaml/compiler-libs/flambda2_to_jsir__To_jsir_primitive.cms,94013
2026-08-24T15:54:26Z,7dace2ea9c954e45304ea9674c5ed127c76ef90e,6858,size_in_bytes,lib/ocaml/compiler-libs/flambda2_kinds__Tag.cms,35845
2026-08-24T15:54:26Z,7dace2ea9c954e45304ea9674c5ed127c76ef90e,6858,size_in_bytes,lib/ocaml/compiler-libs/flambda2_kinds.cms,10667
2026-08-24T15:54:26Z,7dace2ea9c954e45304ea9674c5ed127c76ef90e,6858,size_in_bytes,lib/ocaml/compiler-libs/flambda2_simplify__Dominator_graph.cms,52172
2026-08-24T15:54:26Z,7dace2ea9c954e45304ea9674c5ed127c76ef90e,6858,size_in_bytes,lib/ocaml/compiler-libs/flambda2_types.cms,43059
2026-08-24T15:54:26Z,7dace2ea9c954e45304ea9674c5ed127c76ef90e,6858,size_in_bytes,lib/ocaml/compiler-libs/flambda2_term_basics__Empty_array_kind.cms,21036
2026-08-24T15:54:26Z,7dace2ea9c954e45304ea9674c5ed127c76ef90e,6858,size_in_bytes,lib/ocaml/compiler-libs/flambda2_term_basics__Coercion.cms,16447
2026-08-24T15:54:26Z,7dace2ea9c954e45304ea9674c5ed127c76ef90e,6858,size_in_bytes,lib/ocaml/compiler-libs/flambda2_identifiers__Code_id.cms,12100
2026-08-24T15:54:26Z,7dace2ea9c954e45304ea9674c5ed127c76ef90e,6858,size_in_bytes,lib/ocaml/compiler-libs/flambda2_terms__Exn_continuation.cms,31977
2026-08-24T15:54:26Z,7dace2ea9c954e45304ea9674c5ed127c76ef90e,6858,size_in_bytes,lib/ocaml/compiler-libs/flambda2_datalog__Trie.cms,34266
2026-08-24T15:54:26Z,7dace2ea9c954e45304ea9674c5ed127c76ef90e,6858,size_in_bytes,lib/ocaml/compiler-libs/flambda2_compare.cms,10133
2026-08-24T15:54:26Z,7dace2ea9c954e45304ea9674c5ed127c76ef90e,6858,size_in_bytes,lib/ocaml/compiler-libs/flambda2_parser__Flambda_parser.cms,2270055
2026-08-24T15:54:26Z,7dace2ea9c954e45304ea9674c5ed127c76ef90e,6858,size_in_bytes,lib/ocaml/compiler-libs/flambda2_nominal__Name_occurrences.cms,138007
2026-08-24T15:54:26Z,7dace2ea9c954e45304ea9674c5ed127c76ef90e,6858,size_in_bytes,lib/ocaml/compiler-libs/flambda2_classic_mode_types.cms,10249
2026-08-24T15:54:26Z,7dace2ea9c954e45304ea9674c5ed127c76ef90e,6858,size_in_bytes,lib/ocaml/compiler-libs/flambda2_reaper.cms,14386
2026-08-24T15:54:26Z,7dace2ea9c954e45304ea9674c5ed127c76ef90e,6858,size_in_bytes,lib/ocaml/compiler-libs/flambda2_terms__Effects_and_coeffects.cms,16476
2026-08-24T15:54:26Z,7dace2ea9c954e45304ea9674c5ed127c76ef90e,6858,size_in_bytes,lib/ocaml/compiler-libs/flambda2_nominal.cms,12757
2026-08-24T15:54:26Z,7dace2ea9c954e45304ea9674c5ed127c76ef90e,6858,size_in_bytes,lib/ocaml/compiler-libs/flambda2_to_cmm__To_cmm_primitive.cms,292772
2026-08-24T15:54:26Z,7dace2ea9c954e45304ea9674c5ed127c76ef90e,6858,size_in_bytes,lib/ocaml/compiler-libs/flambda2_terms__Inlined_attribute.cms,19838
2026-08-24T15:54:26Z,7dace2ea9c954e45304ea9674c5ed127c76ef90e,6858,size_in_bytes,lib/ocaml/compiler-libs/flambda2_cmx.cms,10701
2026-08-24T15:54:26Z,7dace2ea9c954e45304ea9674c5ed127c76ef90e,6858,size_in_bytes,lib/ocaml/compiler-libs/flambda2_types__Expand_head.cms,176516
2026-08-24T15:54:26Z,7dace2ea9c954e45304ea9674c5ed127c76ef90e,6858,size_in_bytes,lib/ocaml/compiler-libs/flambda2_parser__Fexpr_prim.cms,173372
2026-08-24T15:54:26Z,7dace2ea9c954e45304ea9674c5ed127c76ef90e,6858,size_in_bytes,lib/ocaml/compiler-libs/flambda2_reaper__Cofield.cms,13158
2026-08-24T15:54:26Z,7dace2ea9c954e45304ea9674c5ed127c76ef90e,6858,size_in_bytes,lib/ocaml/stdlib_alpha/stdlib_alpha.cms,11290
2026-08-24T15:54:26Z,7dace2ea9c954e45304ea9674c5ed127c76ef90e,6858,size_in_bytes,lib/ocaml/stdlib_upstream_compatible/stdlib_upstream_compatible.cms,8427
2026-08-24T15:54:26Z,7dace2ea9c954e45304ea9674c5ed127c76ef90e,6858,size_in_bytes,lib/ocaml/stdlib_upstream_compatible/stdlib_upstream_compatible__.cms,11347
2026-08-24T15:54:26Z,7dace2ea9c954e45304ea9674c5ed127c76ef90e,6858,size_in_bytes,lib/ocaml/stdlib_upstream_compatible/stdlib_upstream_compatible__Float_u.cms,35837
2026-08-24T15:54:26Z,7dace2ea9c954e45304ea9674c5ed127c76ef90e,6858,size_in_bytes,lib/ocaml/stdlib_upstream_compatible/stdlib_upstream_compatible__Int64_u.cms,27125
2026-08-24T15:54:26Z,7dace2ea9c954e45304ea9674c5ed127c76ef90e,6858,size_in_bytes,lib/ocaml/stdlib_upstream_compatible/stdlib_upstream_compatible__Int32_u.cms,23640
2026-08-24T15:54:26Z,7dace2ea9c954e45304ea9674c5ed127c76ef90e,6858,size_in_bytes,lib/ocaml/stdlib_upstream_compatible/stdlib_upstream_compatible__Nativeint_u.cms,25301
2026-08-24T15:54:26Z,7dace2ea9c954e45304ea9674c5ed127c76ef90e,6858,size_in_bytes,lib/ocaml/stdlib__Condition.cmsi,20785
2026-08-24T15:54:26Z,7dace2ea9c954e45304ea9674c5ed127c76ef90e,6858,size_in_bytes,lib/ocaml/stdlib__Int.cmsi,21230
2026-08-24T15:54:26Z,7dace2ea9c954e45304ea9674c5ed127c76ef90e,6858,size_in_bytes,lib/ocaml/camlinternalComprehension.cmsi,14713
2026-08-24T15:54:26Z,7dace2ea9c954e45304ea9674c5ed127c76ef90e,6858,size_in_bytes,lib/ocaml/stdlib__Dynarray.cmsi,58297
2026-08-24T15:54:26Z,7dace2ea9c954e45304ea9674c5ed127c76ef90e,6858,size_in_bytes,lib/ocaml/stdlib__Format.cmsi,128790
2026-08-24T15:54:26Z,7dace2ea9c954e45304ea9674c5ed127c76ef90e,6858,size_in_bytes,lib/ocaml/stdlib__Unit.cmsi,12688
2026-08-24T15:54:26Z,7dace2ea9c954e45304ea9674c5ed127c76ef90e,6858,size_in_bytes,lib/ocaml/stdlib__Hashtbl.cmsi,60482
2026-08-24T15:54:26Z,7dace2ea9c954e45304ea9674c5ed127c76ef90e,6858,size_in_bytes,lib/ocaml/stdlib__Option.cmsi,16492
2026-08-24T15:54:26Z,7dace2ea9c954e45304ea9674c5ed127c76ef90e,6858,size_in_bytes,lib/ocaml/stdlib__Domain.cmsi,35306
2026-08-24T15:54:26Z,7dace2ea9c954e45304ea9674c5ed127c76ef90e,6858,size_in_bytes,lib/ocaml/stdlib__Random.cmsi,32055
2026-08-24T15:54:26Z,7dace2ea9c954e45304ea9674c5ed127c76ef90e,6858,size_in_bytes,lib/ocaml/stdlib__BytesLabels.cmsi,69339
2026-08-24T15:54:26Z,7dace2ea9c954e45304ea9674c5ed127c76ef90e,6858,size_in_bytes,lib/ocaml/stdlib__Float.cmsi,112571
2026-08-24T15:54:26Z,7dace2ea9c954e45304ea9674c5ed127c76ef90e,6858,size_in_bytes,lib/ocaml/stdlib__Set.cmsi,38837
2026-08-24T15:54:26Z,7dace2ea9c954e45304ea9674c5ed127c76ef90e,6858,size_in_bytes,lib/ocaml/camlinternalOO.cmsi,20506
2026-08-24T15:54:26Z,7dace2ea9c954e45304ea9674c5ed127c76ef90e,6858,size_in_bytes,lib/ocaml/stdlib__Complex.cmsi,17160
2026-08-24T15:54:26Z,7dace2ea9c954e45304ea9674c5ed127c76ef90e,6858,size_in_bytes,lib/ocaml/stdlib__Arg.cmsi,34702
2026-08-24T15:54:26Z,7dace2ea9c954e45304ea9674c5ed127c76ef90e,6858,size_in_bytes,lib/ocaml/stdlib__ListLabels.cmsi,50501
2026-08-24T15:54:26Z,7dace2ea9c954e45304ea9674c5ed127c76ef90e,6858,size_in_bytes,lib/ocaml/stdlib__Sys.cmsi,55098
2026-08-24T15:54:26Z,7dace2ea9c954e45304ea9674c5ed127c76ef90e,6858,size_in_bytes,lib/ocaml/stdlib__ArrayLabels.cmsi,43257
2026-08-24T15:54:26Z,7dace2ea9c954e45304ea9674c5ed127c76ef90e,6858,size_in_bytes,lib/ocaml/stdlib__Out_channel.cmsi,28693
2026-08-24T15:54:26Z,7dace2ea9c954e45304ea9674c5ed127c76ef90e,6858,size_in_bytes,lib/ocaml/stdlib__Seq.cmsi,66019
2026-08-24T15:54:26Z,7dace2ea9c954e45304ea9674c5ed127c76ef90e,6858,size_in_bytes,lib/ocaml/stdlib__Int64.cmsi,29729
2026-08-24T15:54:26Z,7dace2ea9c954e45304ea9674c5ed127c76ef90e,6858,size_in_bytes,lib/ocaml/stdlib__Printf.cmsi,29308
2026-08-24T15:54:26Z,7dace2ea9c954e45304ea9674c5ed127c76ef90e,6858,size_in_bytes,lib/ocaml/stdlib__Result.cmsi,21683
2026-08-24T15:54:26Z,7dace2ea9c954e45304ea9674c5ed127c76ef90e,6858,size_in_bytes,lib/ocaml/stdlib__Semaphore.cmsi,18931
2026-08-24T15:54:26Z,7dace2ea9c954e45304ea9674c5ed127c76ef90e,6858,size_in_bytes,lib/ocaml/stdlib__Lexing.cmsi,26927
2026-08-24T15:54:26Z,7dace2ea9c954e45304ea9674c5ed127c76ef90e,6858,size_in_bytes,lib/ocaml/stdlib__Gc.cmsi,76030
2026-08-24T15:54:26Z,7dace2ea9c954e45304ea9674c5ed127c76ef90e,6858,size_in_bytes,lib/ocaml/stdlib__StdLabels.cmsi,12379
2026-08-24T15:54:26Z,7dace2ea9c954e45304ea9674c5ed127c76ef90e,6858,size_in_bytes,lib/ocaml/stdlib__Filename.cmsi,30407
2026-08-24T15:54:26Z,7dace2ea9c954e45304ea9674c5ed127c76ef90e,6858,size_in_bytes,lib/ocaml/stdlib__StringLabels.cmsi,47091
2026-08-24T15:54:26Z,7dace2ea9c954e45304ea9674c5ed127c76ef90e,6858,size_in_bytes,lib/ocaml/stdlib__Parsing.cmsi,18522
2026-08-24T15:54:26Z,7dace2ea9c954e45304ea9674c5ed127c76ef90e,6858,size_in_bytes,lib/ocaml/stdlib__Fun.cmsi,21603
2026-08-24T15:54:26Z,7dace2ea9c954e45304ea9674c5ed127c76ef90e,6858,size_in_bytes,lib/ocaml/camlinternalFormatBasics.cmsi,29178
2026-08-24T15:54:26Z,7dace2ea9c954e45304ea9674c5ed127c76ef90e,6858,size_in_bytes,lib/ocaml/stdlib__Bytes.cmsi,69277
2026-08-24T15:54:26Z,7dace2ea9c954e45304ea9674c5ed127c76ef90e,6858,size_in_bytes,lib/ocaml/stdlib__Atomic.cmsi,24521
2026-08-24T15:54:26Z,7dace2ea9c954e45304ea9674c5ed127c76ef90e,6858,size_in_bytes,lib/ocaml/stdlib__Mutex.cmsi,16186
2026-08-24T15:54:26Z,7dace2ea9c954e45304ea9674c5ed127c76ef90e,6858,size_in_bytes,lib/ocaml/stdlib__Backoff.cmsi,14855
2026-08-24T15:54:26Z,7dace2ea9c954e45304ea9674c5ed127c76ef90e,6858,size_in_bytes,lib/ocaml/stdlib__Lazy.cmsi,21380
2026-08-24T15:54:26Z,7dace2ea9c954e45304ea9674c5ed127c76ef90e,6858,size_in_bytes,lib/ocaml/stdlib__Pair.cmsi,14375
2026-08-24T15:54:26Z,7dace2ea9c954e45304ea9674c5ed127c76ef90e,6858,size_in_bytes,lib/ocaml/stdlib__MoreLabels.cmsi,129753
2026-08-24T15:54:26Z,7dace2ea9c954e45304ea9674c5ed127c76ef90e,6858,size_in_bytes,lib/ocaml/stdlib__In_channel.cmsi,31603
2026-08-24T15:54:26Z,7dace2ea9c954e45304ea9674c5ed127c76ef90e,6858,size_in_bytes,lib/ocaml/stdlib__Repr.cmsi,16619
2026-08-24T15:54:26Z,7dace2ea9c954e45304ea9674c5ed127c76ef90e,6858,size_in_bytes,lib/ocaml/stdlib__Type.cmsi,16894
2026-08-24T15:54:26Z,7dace2ea9c954e45304ea9674c5ed127c76ef90e,6858,size_in_bytes,lib/ocaml/stdlib__Modes.cmsi,14205
2026-08-24T15:54:26Z,7dace2ea9c954e45304ea9674c5ed127c76ef90e,6858,size_in_bytes,lib/ocaml/stdlib__Pqueue.cmsi,33542
2026-08-24T15:54:26Z,7dace2ea9c954e45304ea9674c5ed127c76ef90e,6858,size_in_bytes,lib/ocaml/stdlib__Digest.cmsi,25041
2026-08-24T15:54:26Z,7dace2ea9c954e45304ea9674c5ed127c76ef90e,6858,size_in_bytes,lib/ocaml/camlinternalFormat.cmsi,17812
2026-08-24T15:54:26Z,7dace2ea9c954e45304ea9674c5ed127c76ef90e,6858,size_in_bytes,lib/ocaml/stdlib__Weak.cmsi,27192
2026-08-24T15:54:26Z,7dace2ea9c954e45304ea9674c5ed127c76ef90e,6858,size_in_bytes,lib/ocaml/stdlib__Nativeint.cmsi,28278
2026-08-24T15:54:26Z,7dace2ea9c954e45304ea9674c5ed127c76ef90e,6858,size_in_bytes,lib/ocaml/std_exit.cmsi,11644
2026-08-24T15:54:26Z,7dace2ea9c954e45304ea9674c5ed127c76ef90e,6858,size_in_bytes,lib/ocaml/camlinternalLazy.cmsi,11888
2026-08-24T15:54:26Z,7dace2ea9c954e45304ea9674c5ed127c76ef90e,6858,size_in_bytes,lib/ocaml/stdlib__Buffer.cmsi,33877
2026-08-24T15:54:26Z,7dace2ea9c954e45304ea9674c5ed127c76ef90e,6858,size_in_bytes,lib/ocaml/stdlib__Int32.cmsi,27973
2026-08-24T15:54:26Z,7dace2ea9c954e45304ea9674c5ed127c76ef90e,6858,size_in_bytes,lib/ocaml/stdlib__Bigarray.cmsi,112498
2026-08-24T15:54:26Z,7dace2ea9c954e45304ea9674c5ed127c76ef90e,6858,size_in_bytes,lib/ocaml/stdlib__Uchar.cmsi,23293
2026-08-24T15:54:26Z,7dace2ea9c954e45304ea9674c5ed127c76ef90e,6858,size_in_bytes,lib/ocaml/stdlib__Map.cmsi,43941
2026-08-24T15:54:26Z,7dace2ea9c954e45304ea9674c5ed127c76ef90e,6858,size_in_bytes,lib/ocaml/camlinternalQuote.cmsi,60101
2026-08-24T15:54:26Z,7dace2ea9c954e45304ea9674c5ed127c76ef90e,6858,size_in_bytes,lib/ocaml/stdlib__Oo.cmsi,13781
2026-08-24T15:54:26Z,7dace2ea9c954e45304ea9674c5ed127c76ef90e,6858,size_in_bytes,lib/ocaml/camlinternalMod.cmsi,12444
2026-08-24T15:54:26Z,7dace2ea9c954e45304ea9674c5ed127c76ef90e,6858,size_in_bytes,lib/ocaml/stdlib__Queue.cmsi,21577
2026-08-24T15:54:26Z,7dace2ea9c954e45304ea9674c5ed127c76ef90e,6858,size_in_bytes,lib/ocaml/stdlib.cmsi,138687
2026-08-24T15:54:26Z,7dace2ea9c954e45304ea9674c5ed127c76ef90e,6858,size_in_bytes,lib/ocaml/camlinternalAtomic.cmsi,10699
2026-08-24T15:54:26Z,7dace2ea9c954e45304ea9674c5ed127c76ef90e,6858,size_in_bytes,lib/ocaml/stdlib__Printexc.cmsi,43131
2026-08-24T15:54:26Z,7dace2ea9c954e45304ea9674c5ed127c76ef90e,6858,size_in_bytes,lib/ocaml/stdlib__Array.cmsi,43148
2026-08-24T15:54:26Z,7dace2ea9c954e45304ea9674c5ed127c76ef90e,6858,size_in_bytes,lib/ocaml/stdlib__Stack.cmsi,18002
2026-08-24T15:54:26Z,7dace2ea9c954e45304ea9674c5ed127c76ef90e,6858,size_in_bytes,lib/ocaml/stdlib__Char.cmsi,25640
2026-08-24T15:54:26Z,7dace2ea9c954e45304ea9674c5ed127c76ef90e,6858,size_in_bytes,lib/ocaml/stdlib__Obj.cmsi,23612
2026-08-24T15:54:26Z,7dace2ea9c954e45304ea9674c5ed127c76ef90e,6858,size_in_bytes,lib/ocaml/stdlib__Ephemeron.cmsi,40405
2026-08-24T15:54:26Z,7dace2ea9c954e45304ea9674c5ed127c76ef90e,6858,size_in_bytes,lib/ocaml/stdlib__Scanf.cmsi,47459
2026-08-24T15:54:26Z,7dace2ea9c954e45304ea9674c5ed127c76ef90e,6858,size_in_bytes,lib/ocaml/stdlib__Quote.cmsi,12984
2026-08-24T15:54:26Z,7dace2ea9c954e45304ea9674c5ed127c76ef90e,6858,size_in_bytes,lib/ocaml/stdlib__Either.cmsi,19823
2026-08-24T15:54:26Z,7dace2ea9c954e45304ea9674c5ed127c76ef90e,6858,size_in_bytes,lib/ocaml/stdlib__Effect.cmsi,43674
2026-08-24T15:54:26Z,7dace2ea9c954e45304ea9674c5ed127c76ef90e,6858,size_in_bytes,lib/ocaml/stdlib__Iarray.cmsi,33092
2026-08-24T15:54:26Z,7dace2ea9c954e45304ea9674c5ed127c76ef90e,6858,size_in_bytes,lib/ocaml/stdlib__Marshal.cmsi,27118
2026-08-24T15:54:26Z,7dace2ea9c954e45304ea9674c5ed127c76ef90e,6858,size_in_bytes,lib/ocaml/stdlib__String.cmsi,47058
2026-08-24T15:54:26Z,7dace2ea9c954e45304ea9674c5ed127c76ef90e,6858,size_in_bytes,lib/ocaml/stdlib__Bool.cmsi,16728
2026-08-24T15:54:26Z,7dace2ea9c954e45304ea9674c5ed127c76ef90e,6858,size_in_bytes,lib/ocaml/stdlib__Callback.cmsi,14733
2026-08-24T15:54:26Z,7dace2ea9c954e45304ea9674c5ed127c76ef90e,6858,size_in_bytes,lib/ocaml/stdlib__List.cmsi,50419
2026-08-24T15:54:26Z,7dace2ea9c954e45304ea9674c5ed127c76ef90e,6858,size_in_bytes,lib/ocaml/stdlib_stable/stdlib_stable__Int.cmsi,24271
2026-08-24T15:54:26Z,7dace2ea9c954e45304ea9674c5ed127c76ef90e,6858,size_in_bytes,lib/ocaml/stdlib_stable/stdlib_stable__Idx_mut.cmsi,13782
2026-08-24T15:54:26Z,7dace2ea9c954e45304ea9674c5ed127c76ef90e,6858,size_in_bytes,lib/ocaml/stdlib_stable/stdlib_stable__Char_u.cmsi,14736
2026-08-24T15:54:26Z,7dace2ea9c954e45304ea9674c5ed127c76ef90e,6858,size_in_bytes,lib/ocaml/stdlib_stable/stdlib_stable__Int_u.cmsi,23343
2026-08-24T15:54:26Z,7dace2ea9c954e45304ea9674c5ed127c76ef90e,6858,size_in_bytes,lib/ocaml/stdlib_stable/stdlib_stable__Float32.cmsi,76142
2026-08-24T15:54:26Z,7dace2ea9c954e45304ea9674c5ed127c76ef90e,6858,size_in_bytes,lib/ocaml/stdlib_stable/stdlib_stable__Float32_u.cmsi,63318
2026-08-24T15:54:26Z,7dace2ea9c954e45304ea9674c5ed127c76ef90e,6858,size_in_bytes,lib/ocaml/stdlib_stable/stdlib_stable__Int8.cmsi,23258
2026-08-24T15:54:26Z,7dace2ea9c954e45304ea9674c5ed127c76ef90e,6858,size_in_bytes,lib/ocaml/stdlib_stable/stdlib_stable__Int16_u.cmsi,23716
2026-08-24T15:54:26Z,7dace2ea9c954e45304ea9674c5ed127c76ef90e,6858,size_in_bytes,lib/ocaml/stdlib_stable/stdlib_stable__Int8_u.cmsi,23679
2026-08-24T15:54:26Z,7dace2ea9c954e45304ea9674c5ed127c76ef90e,6858,size_in_bytes,lib/ocaml/stdlib_stable/stdlib_stable.cmsi,11210
2026-08-24T15:54:26Z,7dace2ea9c954e45304ea9674c5ed127c76ef90e,6858,size_in_bytes,lib/ocaml/stdlib_stable/stdlib_stable__Int16.cmsi,23299
2026-08-24T15:54:26Z,7dace2ea9c954e45304ea9674c5ed127c76ef90e,6858,size_in_bytes,lib/ocaml/stdlib_stable/stdlib_stable__Idx_atomic.cmsi,12184
2026-08-24T15:54:26Z,7dace2ea9c954e45304ea9674c5ed127c76ef90e,6858,size_in_bytes,lib/ocaml/stdlib_stable/stdlib_stable__Iarray.cmsi,30593
2026-08-24T15:54:26Z,7dace2ea9c954e45304ea9674c5ed127c76ef90e,6858,size_in_bytes,lib/ocaml/stdlib_stable/stdlib_stable__Idx_imm.cmsi,13154
2026-08-24T15:54:26Z,7dace2ea9c954e45304ea9674c5ed127c76ef90e,6858,size_in_bytes,lib/ocaml/stdlib_stable/stdlib_stable__IarrayLabels.cmsi,45846
2026-08-24T15:54:26Z,7dace2ea9c954e45304ea9674c5ed127c76ef90e,6858,size_in_bytes,lib/ocaml/stdlib_stable/stdlib_stable__Or_null.cmsi,17693
2026-08-24T15:54:26Z,7dace2ea9c954e45304ea9674c5ed127c76ef90e,6858,size_in_bytes,lib/ocaml/stdlib_beta/stdlib_beta.cmsi,11274
2026-08-24T15:54:26Z,7dace2ea9c954e45304ea9674c5ed127c76ef90e,6858,size_in_bytes,lib/ocaml/compiler-libs/flambda2_datalog__Datalog.cmsi,16916
2026-08-24T15:54:26Z,7dace2ea9c954e45304ea9674c5ed127c76ef90e,6858,size_in_bytes,lib/ocaml/compiler-libs/flambda2_simplify__Simplify_set_of_closures_context.cmsi,16502
2026-08-24T15:54:26Z,7dace2ea9c954e45304ea9674c5ed127c76ef90e,6858,size_in_bytes,lib/ocaml/compiler-libs/flambda2_simplify__Optimistic_unboxing_decision.cmsi,13259
2026-08-24T15:54:26Z,7dace2ea9c954e45304ea9674c5ed127c76ef90e,6858,size_in_bytes,lib/ocaml/compiler-libs/flambda2_simplify__Simplify_apply_cont_expr.cmsi,11994
2026-08-24T15:54:26Z,7dace2ea9c954e45304ea9674c5ed127c76ef90e,6858,size_in_bytes,lib/ocaml/compiler-libs/flambda2_simplify__Simplify_primitive.cmsi,12447
2026-08-24T15:54:26Z,7dace2ea9c954e45304ea9674c5ed127c76ef90e,6858,size_in_bytes,lib/ocaml/compiler-libs/flambda2_identifiers__Continuation_callsite_map.cmsi,13733
2026-08-24T15:54:26Z,7dace2ea9c954e45304ea9674c5ed127c76ef90e,6858,size_in_bytes,lib/ocaml/compiler-libs/flambda2_reaper__Rev_expr.cmsi,17962
2026-08-24T15:54:26Z,7dace2ea9c954e45304ea9674c5ed127c76ef90e,6858,size_in_bytes,lib/ocaml/compiler-libs/flambda2_to_cmm__To_cmm_shared.cmsi,31734
2026-08-24T15:54:26Z,7dace2ea9c954e45304ea9674c5ed127c76ef90e,6858,size_in_bytes,lib/ocaml/compiler-libs/flambda2_simplify__Flow.cmsi,23534
2026-08-24T15:54:26Z,7dace2ea9c954e45304ea9674c5ed127c76ef90e,6858,size_in_bytes,lib/ocaml/compiler-libs/flambda2_term_basics__Empty_array_kind.cmsi,13160
2026-08-24T15:54:26Z,7dace2ea9c954e45304ea9674c5ed127c76ef90e,6858,size_in_bytes,lib/ocaml/compiler-libs/flambda2_simplify__Simplify_ternary_primitive.cmsi,13168
2026-08-24T15:54:26Z,7dace2ea9c954e45304ea9674c5ed127c76ef90e,6858,size_in_bytes,lib/ocaml/compiler-libs/flambda2_parser__Parse_flambda.cmsi,11133
2026-08-24T15:54:26Z,7dace2ea9c954e45304ea9674c5ed127c76ef90e,6858,size_in_bytes,lib/ocaml/compiler-libs/flambda2_terms__Function_decl_inlining_decision_type.cmsi,14669
2026-08-24T15:54:26Z,7dace2ea9c954e45304ea9674c5ed127c76ef90e,6858,size_in_bytes,lib/ocaml/compiler-libs/flambda2_simplify__Simplify_common.cmsi,27003
2026-08-24T15:54:26Z,7dace2ea9c954e45304ea9674c5ed127c76ef90e,6858,size_in_bytes,lib/ocaml/compiler-libs/flambda2_lattices__Or_unknown.cmsi,14506
2026-08-24T15:54:26Z,7dace2ea9c954e45304ea9674c5ed127c76ef90e,6858,size_in_bytes,lib/ocaml/compiler-libs/flambda2_simplify__Loopify_state.cmsi,12102
2026-08-24T15:54:26Z,7dace2ea9c954e45304ea9674c5ed127c76ef90e,6858,size_in_bytes,lib/ocaml/compiler-libs/flambda2_to_jsir__To_jsir.cmsi,13181
2026-08-24T15:54:26Z,7dace2ea9c954e45304ea9674c5ed127c76ef90e,6858,size_in_bytes,lib/ocaml/compiler-libs/flambda2_to_cmm__To_cmm_env.cmsi,46753
2026-08-24T15:54:26Z,7dace2ea9c954e45304ea9674c5ed127c76ef90e,6858,size_in_bytes,lib/ocaml/compiler-libs/flambda2_lattices__Or_unknown_or_bottom.cmsi,12598
2026-08-24T15:54:26Z,7dace2ea9c954e45304ea9674c5ed127c76ef90e,6858,size_in_bytes,lib/ocaml/compiler-libs/flambda2_algorithms__Channel.cmsi,14012
2026-08-24T15:54:26Z,7dace2ea9c954e45304ea9674c5ed127c76ef90e,6858,size_in_bytes,lib/ocaml/compiler-libs/flambda2_simplify__Unboxing_types.cmsi,20408
2026-08-24T15:54:26Z,7dace2ea9c954e45304ea9674c5ed127c76ef90e,6858,size_in_bytes,lib/ocaml/compiler-libs/flambda2_terms__Code_size.cmsi,15013
2026-08-24T15:54:26Z,7dace2ea9c954e45304ea9674c5ed127c76ef90e,6858,size_in_bytes,lib/ocaml/compiler-libs/flambda2_simplify__Simplify_named_result.cmsi,13386
2026-08-24T15:54:26Z,7dace2ea9c954e45304ea9674c5ed127c76ef90e,6858,size_in_bytes,lib/ocaml/compiler-libs/flambda2_numbers__Numeric_types.cmsi,21013
2026-08-24T15:54:26Z,7dace2ea9c954e45304ea9674c5ed127c76ef90e,6858,size_in_bytes,lib/ocaml/compiler-libs/flambda2_types__Meet.cmsi,12707
2026-08-24T15:54:26Z,7dace2ea9c954e45304ea9674c5ed127c76ef90e,6858,size_in_bytes,lib/ocaml/compiler-libs/flambda2_simplify__Non_recursive_handler.cmsi,13565
2026-08-24T15:54:26Z,7dace2ea9c954e45304ea9674c5ed127c76ef90e,6858,size_in_bytes,lib/ocaml/compiler-libs/flambda2_term_basics__Tag_and_size.cmsi,12254
2026-08-24T15:54:26Z,7dace2ea9c954e45304ea9674c5ed127c76ef90e,6858,size_in_bytes,lib/ocaml/compiler-libs/flambda2_types__Equal_types_for_debug.cmsi,14923
2026-08-24T15:54:26Z,7dace2ea9c954e45304ea9674c5ed127c76ef90e,6858,size_in_bytes,lib/ocaml/compiler-libs/flambda2_algorithms__Table_by_int_id.cmsi,13319
2026-08-24T15:54:26Z,7dace2ea9c954e45304ea9674c5ed127c76ef90e,6858,size_in_bytes,lib/ocaml/compiler-libs/flambda2_identifiers__Function_slot.cmsi,12556
2026-08-24T15:54:26Z,7dace2ea9c954e45304ea9674c5ed127c76ef90e,6858,size_in_bytes,lib/ocaml/compiler-libs/flambda2_term_basics__Continuation_use_kind.cmsi,11667
2026-08-24T15:54:26Z,7dace2ea9c954e45304ea9674c5ed127c76ef90e,6858,size_in_bytes,lib/ocaml/compiler-libs/flambda2_term_basics__String_info.cmsi,11701
2026-08-24T15:54:26Z,7dace2ea9c954e45304ea9674c5ed127c76ef90e,6858,size_in_bytes,lib/ocaml/compiler-libs/flambda2_simplify_shared__Inlining_report.cmsi,19762
2026-08-24T15:54:26Z,7dace2ea9c954e45304ea9674c5ed127c76ef90e,6858,size_in_bytes,lib/ocaml/compiler-libs/flambda2_simplify_shared__Function_decl_inlining_decision.cmsi,12217
2026-08-24T15:54:26Z,7dace2ea9c954e45304ea9674c5ed127c76ef90e,6858,size_in_bytes,lib/ocaml/compiler-libs/flambda2_datalog__Virtual_machine.cmsi,20150
2026-08-24T15:54:26Z,7dace2ea9c954e45304ea9674c5ed127c76ef90e,6858,size_in_bytes,lib/ocaml/compiler-libs/flambda2_simplify__One_recursive_handler.cmsi,12708
2026-08-24T15:54:26Z,7dace2ea9c954e45304ea9674c5ed127c76ef90e,6858,size_in_bytes,lib/ocaml/compiler-libs/flambda2_identifiers__Variable.cmsi,12714
2026-08-24T15:54:26Z,7dace2ea9c954e45304ea9674c5ed127c76ef90e,6858,size_in_bytes,lib/ocaml/compiler-libs/flambda2_datalog__Cursor.cmsi,26261
2026-08-24T15:54:26Z,7dace2ea9c954e45304ea9674c5ed127c76ef90e,6858,size_in_bytes,lib/ocaml/compiler-libs/flambda2_reaper__Types_rewriter.cmsi,14638
2026-08-24T15:54:26Z,7dace2ea9c954e45304ea9674c5ed127c76ef90e,6858,size_in_bytes,lib/ocaml/compiler-libs/flambda2_simplify__Simplify_rec_info_expr.cmsi,13891
2026-08-24T15:54:26Z,7dace2ea9c954e45304ea9674c5ed127c76ef90e,6858,size_in_bytes,lib/ocaml/compiler-libs/flambda2_simplify__Continuation_extra_params_and_args.cmsi,16734
2026-08-24T15:54:26Z,7dace2ea9c954e45304ea9674c5ed127c76ef90e,6858,size_in_bytes,lib/ocaml/compiler-libs/flambda2_types__Meet_and_join.cmsi,13440
2026-08-24T15:54:26Z,7dace2ea9c954e45304ea9674c5ed127c76ef90e,6858,size_in_bytes,lib/ocaml/compiler-libs/flambda2_term_basics__Simple.cmsi,22026
2026-08-24T15:54:26Z,7dace2ea9c954e45304ea9674c5ed127c76ef90e,6858,size_in_bytes,lib/ocaml/compiler-libs/flambda2_cmx__Flambda_cmx_format.cmsi,14515
2026-08-24T15:54:26Z,7dace2ea9c954e45304ea9674c5ed127c76ef90e,6858,size_in_bytes,lib/ocaml/compiler-libs/flambda2_simplify__Simplify_unary_primitive.cmsi,12824
2026-08-24T15:54:26Z,7dace2ea9c954e45304ea9674c5ed127c76ef90e,6858,size_in_bytes,lib/ocaml/compiler-libs/flambda2_term_basics__Value_slot_set.cmsi,12303
2026-08-24T15:54:26Z,7dace2ea9c954e45304ea9674c5ed127c76ef90e,6858,size_in_bytes,lib/ocaml/compiler-libs/flambda2_terms__Code0.cmsi,15353
2026-08-24T15:54:26Z,7dace2ea9c954e45304ea9674c5ed127c76ef90e,6858,size_in_bytes,lib/ocaml/compiler-libs/flambda2_reaper__Datalog_helpers.cmsi,27668
2026-08-24T15:54:26Z,7dace2ea9c954e45304ea9674c5ed127c76ef90e,6858,size_in_bytes,lib/ocaml/compiler-libs/flambda2_terms__First_complex_local_param.cmsi,13450
2026-08-24T15:54:26Z,7dace2ea9c954e45304ea9674c5ed127c76ef90e,6858,size_in_bytes,lib/ocaml/compiler-libs/flambda2_simplify__Lifted_cont_params.cmsi,18388
2026-08-24T15:54:26Z,7dace2ea9c954e45304ea9674c5ed127c76ef90e,6858,size_in_bytes,lib/ocaml/compiler-libs/flambda2_datalog__Value.cmsi,12727
2026-08-24T15:54:26Z,7dace2ea9c954e45304ea9674c5ed127c76ef90e,6858,size_in_bytes,lib/ocaml/compiler-libs/flambda2_identifiers__Value_slot.cmsi,12212
2026-08-24T15:54:26Z,7dace2ea9c954e45304ea9674c5ed127c76ef90e,6858,size_in_bytes,lib/ocaml/compiler-libs/flambda2_types__Aliases.cmsi,25428
2026-08-24T15:54:26Z,7dace2ea9c954e45304ea9674c5ed127c76ef90e,6858,size_in_bytes,lib/ocaml/compiler-libs/flambda2_simplify__Simplified_named.cmsi,16386
2026-08-24T15:54:26Z,7dace2ea9c954e45304ea9674c5ed127c76ef90e,6858,size_in_bytes,lib/ocaml/compiler-libs/flambda2_terms__Inlining_arguments.cmsi,14246
2026-08-24T15:54:26Z,7dace2ea9c954e45304ea9674c5ed127c76ef90e,6858,size_in_bytes,lib/ocaml/compiler-libs/flambda2_parser__Fexpr_prim_descr.cmsi,34098
2026-08-24T15:54:26Z,7dace2ea9c954e45304ea9674c5ed127c76ef90e,6858,size_in_bytes,lib/ocaml/compiler-libs/flambda2_to_cmm__To_cmm_primitive.cmsi,13736
2026-08-24T15:54:26Z,7dace2ea9c954e45304ea9674c5ed127c76ef90e,6858,size_in_bytes,lib/ocaml/compiler-libs/flambda2_to_jsir__To_jsir_result.cmsi,21280
2026-08-24T15:54:26Z,7dace2ea9c954e45304ea9674c5ed127c76ef90e,6858,size_in_bytes,lib/ocaml/compiler-libs/flambda2_simplify__Simplify_apply_expr.cmsi,12172
2026-08-24T15:54:26Z,7dace2ea9c954e45304ea9674c5ed127c76ef90e,6858,size_in_bytes,lib/ocaml/compiler-libs/flambda2_simplify__Downwards_env.cmsi,37877
2026-08-24T15:54:26Z,7dace2ea9c954e45304ea9674c5ed127c76ef90e,6858,size_in_bytes,lib/ocaml/compiler-libs/flambda2_simplify__Continuation_uses.cmsi,16072
2026-08-24T15:54:26Z,7dace2ea9c954e45304ea9674c5ed127c76ef90e,6858,size_in_bytes,lib/ocaml/compiler-libs/flambda2_types__Join_env.cmsi,17594
2026-08-24T15:54:26Z,7dace2ea9c954e45304ea9674c5ed127c76ef90e,6858,size_in_bytes,lib/ocaml/compiler-libs/flambda2_term_basics__Coercion.cmsi,12344
2026-08-24T15:54:26Z,7dace2ea9c954e45304ea9674c5ed127c76ef90e,6858,size_in_bytes,lib/ocaml/compiler-libs/flambda2_parser__Fexpr_to_flambda.cmsi,10905
2026-08-24T15:54:26Z,7dace2ea9c954e45304ea9674c5ed127c76ef90e,6858,size_in_bytes,lib/ocaml/compiler-libs/flambda2_cmx__Flambda_cmx.cmsi,15686
2026-08-24T15:54:26Z,7dace2ea9c954e45304ea9674c5ed127c76ef90e,6858,size_in_bytes,lib/ocaml/compiler-libs/flambda2_term_basics__Symbol_projection.cmsi,14621
2026-08-24T15:54:26Z,7dace2ea9c954e45304ea9674c5ed127c76ef90e,6858,size_in_bytes,lib/ocaml/compiler-libs/flambda2_terms__Placement.cmsi,13379
2026-08-24T15:54:26Z,7dace2ea9c954e45304ea9674c5ed127c76ef90e,6858,size_in_bytes,lib/ocaml/compiler-libs/flambda2_numbers__One_bit_fewer.cmsi,15580
2026-08-24T15:54:26Z,7dace2ea9c954e45304ea9674c5ed127c76ef90e,6858,size_in_bytes,lib/ocaml/compiler-libs/flambda2_algorithms__Container_types.cmsi,14198
2026-08-24T15:54:26Z,7dace2ea9c954e45304ea9674c5ed127c76ef90e,6858,size_in_bytes,lib/ocaml/compiler-libs/flambda2_simplify__Build_unboxing_denv.cmsi,12456
2026-08-24T15:54:26Z,7dace2ea9c954e45304ea9674c5ed127c76ef90e,6858,size_in_bytes,lib/ocaml/compiler-libs/flambda2_simplify__Flow_analysis.cmsi,15451
2026-08-24T15:54:26Z,7dace2ea9c954e45304ea9674c5ed127c76ef90e,6858,size_in_bytes,lib/ocaml/compiler-libs/flambda2.cmsi,15247
2026-08-24T15:54:26Z,7dace2ea9c954e45304ea9674c5ed127c76ef90e,6858,size_in_bytes,lib/ocaml/compiler-libs/flambda2_simplify__Simplify_nullary_primitive.cmsi,12505
2026-08-24T15:54:26Z,7dace2ea9c954e45304ea9674c5ed127c76ef90e,6858,size_in_bytes,lib/ocaml/compiler-libs/flambda2_terms__Effects.cmsi,16826
2026-08-24T15:54:26Z,7dace2ea9c954e45304ea9674c5ed127c76ef90e,6858,size_in_bytes,lib/ocaml/compiler-libs/flambda2_term_basics__Unit.cmsi,11991
2026-08-24T15:54:26Z,7dace2ea9c954e45304ea9674c5ed127c76ef90e,6858,size_in_bytes,lib/ocaml/compiler-libs/flambda2_bound_identifiers__Bound_continuations.cmsi,12354
2026-08-24T15:54:26Z,7dace2ea9c954e45304ea9674c5ed127c76ef90e,6858,size_in_bytes,lib/ocaml/compiler-libs/flambda2_simplify__Simplify_static_const.cmsi,12812
2026-08-24T15:54:26Z,7dace2ea9c954e45304ea9674c5ed127c76ef90e,6858,size_in_bytes,lib/ocaml/compiler-libs/flambda2_simplify_shared__Exported_offsets.cmsi,18682
2026-08-24T15:54:26Z,7dace2ea9c954e45304ea9674c5ed127c76ef90e,6858,size_in_bytes,lib/ocaml/compiler-libs/flambda2_numbers__Or_infinity.cmsi,11857
2026-08-24T15:54:26Z,7dace2ea9c954e45304ea9674c5ed127c76ef90e,6858,size_in_bytes,lib/ocaml/compiler-libs/flambda2_terms__Call_kind.cmsi,24011
2026-08-24T15:54:26Z,7dace2ea9c954e45304ea9674c5ed127c76ef90e,6858,size_in_bytes,lib/ocaml/compiler-libs/flambda2_lattices__Or_bottom.cmsi,12698
2026-08-24T15:54:26Z,7dace2ea9c954e45304ea9674c5ed127c76ef90e,6858,size_in_bytes,lib/ocaml/compiler-libs/flambda2_simplify__Downwards_acc.cmsi,28131
2026-08-24T15:54:26Z,7dace2ea9c954e45304ea9674c5ed127c76ef90e,6858,size_in_bytes,lib/ocaml/compiler-libs/flambda2_types__Set_of_closures_contents.cmsi,14859
2026-08-24T15:54:26Z,7dace2ea9c954e45304ea9674c5ed127c76ef90e,6858,size_in_bytes,lib/ocaml/compiler-libs/flambda2_identifiers__Code_id_or_name.cmsi,11788
2026-08-24T15:54:26Z,7dace2ea9c954e45304ea9674c5ed127c76ef90e,6858,size_in_bytes,lib/ocaml/compiler-libs/flambda2_simplify__Are_lifting_conts.cmsi,15880
2026-08-24T15:54:26Z,7dace2ea9c954e45304ea9674c5ed127c76ef90e,6858,size_in_bytes,lib/ocaml/compiler-libs/flambda2_parser__Print_fexpr.cmsi,10812
2026-08-24T15:54:26Z,7dace2ea9c954e45304ea9674c5ed127c76ef90e,6858,size_in_bytes,lib/ocaml/compiler-libs/flambda2_types__Type_descr.cmsi,18380
2026-08-24T15:54:26Z,7dace2ea9c954e45304ea9674c5ed127c76ef90e,6858,size_in_bytes,lib/ocaml/compiler-libs/flambda2_kinds__Flambda_arity.cmsi,22142
2026-08-24T15:54:26Z,7dace2ea9c954e45304ea9674c5ed127c76ef90e,6858,size_in_bytes,lib/ocaml/compiler-libs/flambda2_bound_identifiers__Bound_parameters.cmsi,14987
2026-08-24T15:54:26Z,7dace2ea9c954e45304ea9674c5ed127c76ef90e,6858,size_in_bytes,lib/ocaml/compiler-libs/flambda2_terms__Trap_action.cmsi,15793
2026-08-24T15:54:26Z,7dace2ea9c954e45304ea9674c5ed127c76ef90e,6858,size_in_bytes,lib/ocaml/compiler-libs/flambda2_simplify__Simplify_set_of_closures.cmsi,16606
2026-08-24T15:54:26Z,7dace2ea9c954e45304ea9674c5ed127c76ef90e,6858,size_in_bytes,lib/ocaml/compiler-libs/flambda2_simplify__Dominator_graph.cmsi,15518
2026-08-24T15:54:26Z,7dace2ea9c954e45304ea9674c5ed127c76ef90e,6858,size_in_bytes,lib/ocaml/compiler-libs/flambda2_simplify__Simplify_expr.cmsi,15593
2026-08-24T15:54:26Z,7dace2ea9c954e45304ea9674c5ed127c76ef90e,6858,size_in_bytes,lib/ocaml/compiler-libs/flambda2_simplify__Simplify_import.cmsi,17508
2026-08-24T15:54:26Z,7dace2ea9c954e45304ea9674c5ed127c76ef90e,6858,size_in_bytes,lib/ocaml/compiler-libs/flambda2_types__Traversals.cmsi,26147
2026-08-24T15:54:26Z,7dace2ea9c954e45304ea9674c5ed127c76ef90e,6858,size_in_bytes,lib/ocaml/compiler-libs/flambda2_terms__Inline_attribute.cmsi,12705
2026-08-24T15:54:26Z,7dace2ea9c954e45304ea9674c5ed127c76ef90e,6858,size_in_bytes,lib/ocaml/compiler-libs/flambda2_kinds__Flambda_kind.cmsi,36564
2026-08-24T15:54:26Z,7dace2ea9c954e45304ea9674c5ed127c76ef90e,6858,size_in_bytes,lib/ocaml/compiler-libs/flambda2_algorithms__Or_null.cmsi,12890
2026-08-24T15:54:26Z,7dace2ea9c954e45304ea9674c5ed127c76ef90e,6858,size_in_bytes,lib/ocaml/compiler-libs/flambda2_simplify__Simplify_named.cmsi,12904
2026-08-24T15:54:26Z,7dace2ea9c954e45304ea9674c5ed127c76ef90e,6858,size_in_bytes,lib/ocaml/compiler-libs/flambda2_terms__Removed_operations.cmsi,13241
2026-08-24T15:54:26Z,7dace2ea9c954e45304ea9674c5ed127c76ef90e,6858,size_in_bytes,lib/ocaml/compiler-libs/flambda2_simplify__Upwards_acc.cmsi,22720
2026-08-24T15:54:26Z,7dace2ea9c954e45304ea9674c5ed127c76ef90e,6858,size_in_bytes,lib/ocaml/compiler-libs/flambda2_terms__Inlined_attribute.cmsi,13563
2026-08-24T15:54:26Z,7dace2ea9c954e45304ea9674c5ed127c76ef90e,6858,size_in_bytes,lib/ocaml/compiler-libs/flambda2_bound_identifiers__Bound_static.cmsi,17008
2026-08-24T15:54:26Z,7dace2ea9c954e45304ea9674c5ed127c76ef90e,6858,size_in_bytes,lib/ocaml/compiler-libs/flambda2_parser__Flambda_lex.cmsi,11042
2026-08-24T15:54:26Z,7dace2ea9c954e45304ea9674c5ed127c76ef90e,6858,size_in_bytes,lib/ocaml/compiler-libs/flambda2_simplify__Simplify_variadic_primitive.cmsi,12903
2026-08-24T15:54:26Z,7dace2ea9c954e45304ea9674c5ed127c76ef90e,6858,size_in_bytes,lib/ocaml/compiler-libs/flambda2_simplify__Call_site_inlining_decision.cmsi,13104
2026-08-24T15:54:26Z,7dace2ea9c954e45304ea9674c5ed127c76ef90e,6858,size_in_bytes,lib/ocaml/compiler-libs/flambda2_simplify__Unboxing_epa.cmsi,14022
2026-08-24T15:54:26Z,7dace2ea9c954e45304ea9674c5ed127c76ef90e,6858,size_in_bytes,lib/ocaml/compiler-libs/flambda2_from_lambda__Lambda_to_flambda_env.cmsi,28554
2026-08-24T15:54:26Z,7dace2ea9c954e45304ea9674c5ed127c76ef90e,6858,size_in_bytes,lib/ocaml/compiler-libs/flambda2_numbers__Vector_types.cmsi,15289
2026-08-24T15:54:26Z,7dace2ea9c954e45304ea9674c5ed127c76ef90e,6858,size_in_bytes,lib/ocaml/compiler-libs/flambda2_types__Provers.cmsi,45591
2026-08-24T15:54:26Z,7dace2ea9c954e45304ea9674c5ed127c76ef90e,6858,size_in_bytes,lib/ocaml/compiler-libs/flambda2_numbers__Targetint_32_64.cmsi,32468
2026-08-24T15:54:26Z,7dace2ea9c954e45304ea9674c5ed127c76ef90e,6858,size_in_bytes,lib/ocaml/compiler-libs/flambda2_to_jsir__To_jsir_static_const.cmsi,15964
2026-08-24T15:54:26Z,7dace2ea9c954e45304ea9674c5ed127c76ef90e,6858,size_in_bytes,lib/ocaml/compiler-libs/flambda2_reaper__Analysis.cmsi,15301
2026-08-24T15:54:26Z,7dace2ea9c954e45304ea9674c5ed127c76ef90e,6858,size_in_bytes,lib/ocaml/compiler-libs/flambda2_identifiers__Int_ids.cmsi,39789
2026-08-24T15:54:26Z,7dace2ea9c954e45304ea9674c5ed127c76ef90e,6858,size_in_bytes,lib/ocaml/compiler-libs/flambda2_ui__Flambda_features.cmsi,19388
2026-08-24T15:54:26Z,7dace2ea9c954e45304ea9674c5ed127c76ef90e,6858,size_in_bytes,lib/ocaml/compiler-libs/flambda2_terms__Code.cmsi,15948
2026-08-24T15:54:26Z,7dace2ea9c954e45304ea9674c5ed127c76ef90e,6858,size_in_bytes,lib/ocaml/compiler-libs/flambda2_datalog__Table.cmsi,15462
2026-08-24T15:54:26Z,7dace2ea9c954e45304ea9674c5ed127c76ef90e,6858,size_in_bytes,lib/ocaml/compiler-libs/flambda2_simplify__Inlining_transforms.cmsi,12377
2026-08-24T15:54:26Z,7dace2ea9c954e45304ea9674c5ed127c76ef90e,6858,size_in_bytes,lib/ocaml/compiler-libs/flambda2_types__Join_levels_old.cmsi,13046
2026-08-24T15:54:26Z,7dace2ea9c954e45304ea9674c5ed127c76ef90e,6858,size_in_bytes,lib/ocaml/compiler-libs/flambda2_types__Typing_env_extension.cmsi,17534
2026-08-24T15:54:26Z,7dace2ea9c954e45304ea9674c5ed127c76ef90e,6858,size_in_bytes,lib/ocaml/compiler-libs/flambda2_bound_identifiers__Alloc_mode.cmsi,21435
2026-08-24T15:54:26Z,7dace2ea9c954e45304ea9674c5ed127c76ef90e,6858,size_in_bytes,lib/ocaml/compiler-libs/flambda2_parser__Flambda_parser.cmsi,18280
2026-08-24T15:54:26Z,7dace2ea9c954e45304ea9674c5ed127c76ef90e,6858,size_in_bytes,lib/ocaml/compiler-libs/flambda2_identifiers__Code_id.cmsi,11537
2026-08-24T15:54:26Z,7dace2ea9c954e45304ea9674c5ed127c76ef90e,6858,size_in_bytes,lib/ocaml/compiler-libs/flambda2_simplify__Closure_info.cmsi,13641
2026-08-24T15:54:26Z,7dace2ea9c954e45304ea9674c5ed127c76ef90e,6858,size_in_bytes,lib/ocaml/compiler-libs/flambda2_types__Cached_level.cmsi,15926
2026-08-24T15:54:26Z,7dace2ea9c954e45304ea9674c5ed127c76ef90e,6858,size_in_bytes,lib/ocaml/compiler-libs/flambda2_reaper__Traverse_acc.cmsi,37622
2026-08-24T15:54:26Z,7dace2ea9c954e45304ea9674c5ed127c76ef90e,6858,size_in_bytes,lib/ocaml/compiler-libs/flambda2_simplify__Lifted_constant.cmsi,22061
2026-08-24T15:54:26Z,7dace2ea9c954e45304ea9674c5ed127c76ef90e,6858,size_in_bytes,lib/ocaml/compiler-libs/flambda2_types__Binding_time.cmsi,13689
2026-08-24T15:54:26Z,7dace2ea9c954e45304ea9674c5ed127c76ef90e,6858,size_in_bytes,lib/ocaml/compiler-libs/flambda2_terms__Effects_and_coeffects.cmsi,14860
2026-08-24T15:54:26Z,7dace2ea9c954e45304ea9674c5ed127c76ef90e,6858,size_in_bytes,lib/ocaml/compiler-libs/flambda2_datalog__Column.cmsi,15113
2026-08-24T15:54:26Z,7dace2ea9c954e45304ea9674c5ed127c76ef90e,6858,size_in_bytes,lib/ocaml/compiler-libs/flambda2_terms__Apply_expr.cmsi,22852
2026-08-24T15:54:26Z,7dace2ea9c954e45304ea9674c5ed127c76ef90e,6858,size_in_bytes,lib/ocaml/compiler-libs/flambda2_simplify__Simplify_coercion.cmsi,11980
2026-08-24T15:54:26Z,7dace2ea9c954e45304ea9674c5ed127c76ef90e,6858,size_in_bytes,lib/ocaml/compiler-libs/flambda2_terms__Flambda.cmsi,69865
2026-08-24T15:54:26Z,7dace2ea9c954e45304ea9674c5ed127c76ef90e,6858,size_in_bytes,lib/ocaml/compiler-libs/flambda2_types__Reify.cmsi,19498
2026-08-24T15:54:26Z,7dace2ea9c954e45304ea9674c5ed127c76ef90e,6858,size_in_bytes,lib/ocaml/compiler-libs/flambda2_ui__Flambda_colours.cmsi,15955
2026-08-24T15:54:26Z,7dace2ea9c954e45304ea9674c5ed127c76ef90e,6858,size_in_bytes,lib/ocaml/compiler-libs/flambda2_terms__Validity.cmsi,17793
2026-08-24T15:54:26Z,7dace2ea9c954e45304ea9674c5ed127c76ef90e,6858,size_in_bytes,lib/ocaml/compiler-libs/flambda2_identifiers__Flambda_debug_uid.cmsi,13330
2026-08-24T15:54:26Z,7dace2ea9c954e45304ea9674c5ed127c76ef90e,6858,size_in_bytes,lib/ocaml/compiler-libs/flambda2_to_jsir__To_jsir_shared.cmsi,20230
2026-08-24T15:54:26Z,7dace2ea9c954e45304ea9674c5ed127c76ef90e,6858,size_in_bytes,lib/ocaml/compiler-libs/flambda2_terms__Cost_metrics.cmsi,14188
2026-08-24T15:54:26Z,7dace2ea9c954e45304ea9674c5ed127c76ef90e,6858,size_in_bytes,lib/ocaml/compiler-libs/flambda2_simplify__Specialization_cost.cmsi,17284
2026-08-24T15:54:26Z,7dace2ea9c954e45304ea9674c5ed127c76ef90e,6858,size_in_bytes,lib/ocaml/compiler-libs/flambda2_simplify_shared__Are_rebuilding_terms.cmsi,12684
2026-08-24T15:54:26Z,7dace2ea9c954e45304ea9674c5ed127c76ef90e,6858,size_in_bytes,lib/ocaml/compiler-libs/flambda2_simplify__Upwards_env.cmsi,17096
2026-08-24T15:54:26Z,7dace2ea9c954e45304ea9674c5ed127c76ef90e,6858,size_in_bytes,lib/ocaml/compiler-libs/flambda2_simplify__Flow_types.cmsi,29012
2026-08-24T15:54:26Z,7dace2ea9c954e45304ea9674c5ed127c76ef90e,6858,size_in_bytes,lib/ocaml/compiler-libs/flambda2_simplify__Control_flow_graph.cmsi,16016
2026-08-24T15:54:26Z,7dace2ea9c954e45304ea9674c5ed127c76ef90e,6858,size_in_bytes,lib/ocaml/compiler-libs/flambda2_from_lambda__Lambda_to_flambda_primitives.cmsi,13902
2026-08-24T15:54:26Z,7dace2ea9c954e45304ea9674c5ed127c76ef90e,6858,size_in_bytes,lib/ocaml/compiler-libs/flambda2_nominal__Num_occurrences.cmsi,11752
2026-08-24T15:54:26Z,7dace2ea9c954e45304ea9674c5ed127c76ef90e,6858,size_in_bytes,lib/ocaml/compiler-libs/flambda2_terms__Flambda_unit.cmsi,14271
2026-08-24T15:54:26Z,7dace2ea9c954e45304ea9674c5ed127c76ef90e,6858,size_in_bytes,lib/ocaml/compiler-libs/flambda2_types__Join_levels.cmsi,13300
2026-08-24T15:54:26Z,7dace2ea9c954e45304ea9674c5ed127c76ef90e,6858,size_in_bytes,lib/ocaml/compiler-libs/flambda2_simplify__Apply_cont_rewrite.cmsi,16027
2026-08-24T15:54:26Z,7dace2ea9c954e45304ea9674c5ed127c76ef90e,6858,size_in_bytes,lib/ocaml/compiler-libs/flambda2_term_basics__Inlined_debuginfo.cmsi,24616
2026-08-24T15:54:26Z,7dace2ea9c954e45304ea9674c5ed127c76ef90e,6858,size_in_bytes,lib/ocaml/compiler-libs/flambda2_simplify_shared__Slot_offsets.cmsi,21491
2026-08-24T15:54:26Z,7dace2ea9c954e45304ea9674c5ed127c76ef90e,6858,size_in_bytes,lib/ocaml/compiler-libs/flambda2_reaper__Rebuilt_expr.cmsi,15265
2026-08-24T15:54:26Z,7dace2ea9c954e45304ea9674c5ed127c76ef90e,6858,size_in_bytes,lib/ocaml/compiler-libs/flambda2_terms__Zero_alloc_attribute.cmsi,12772
2026-08-24T15:54:26Z,7dace2ea9c954e45304ea9674c5ed127c76ef90e,6858,size_in_bytes,lib/ocaml/compiler-libs/flambda2_from_lambda__Closure_conversion_aux.cmsi,62623
2026-08-24T15:54:26Z,7dace2ea9c954e45304ea9674c5ed127c76ef90e,6858,size_in_bytes,lib/ocaml/compiler-libs/flambda2_datalog.cmsi,54427
2026-08-24T15:54:26Z,7dace2ea9c954e45304ea9674c5ed127c76ef90e,6858,size_in_bytes,lib/ocaml/compiler-libs/flambda2_simplify_shared__Inlining_helpers.cmsi,15507
2026-08-24T15:54:26Z,7dace2ea9c954e45304ea9674c5ed127c76ef90e,6858,size_in_bytes,lib/ocaml/compiler-libs/flambda2_datalog__Trie.cmsi,15818
2026-08-24T15:54:26Z,7dace2ea9c954e45304ea9674c5ed127c76ef90e,6858,size_in_bytes,lib/ocaml/compiler-libs/flambda2_types__Code_age_relation.cmsi,15477
2026-08-24T15:54:26Z,7dace2ea9c954e45304ea9674c5ed127c76ef90e,6858,size_in_bytes,lib/ocaml/compiler-libs/flambda2_simplify__Is_unboxing_beneficial.cmsi,12042
2026-08-24T15:54:26Z,7dace2ea9c954e45304ea9674c5ed127c76ef90e,6858,size_in_bytes,lib/ocaml/compiler-libs/flambda2_nominal__Permutation.cmsi,13117
2026-08-24T15:54:26Z,7dace2ea9c954e45304ea9674c5ed127c76ef90e,6858,size_in_bytes,lib/ocaml/compiler-libs/flambda2_algorithms__Leapfrog.cmsi,19659
2026-08-24T15:54:26Z,7dace2ea9c954e45304ea9674c5ed127c76ef90e,6858,size_in_bytes,lib/ocaml/compiler-libs/flambda2_to_cmm__To_cmm.cmsi,12225
2026-08-24T15:54:26Z,7dace2ea9c954e45304ea9674c5ed127c76ef90e,6858,size_in_bytes,lib/ocaml/compiler-libs/flambda2_term_basics__Or_variable.cmsi,13704
2026-08-24T15:54:26Z,7dace2ea9c954e45304ea9674c5ed127c76ef90e,6858,size_in_bytes,lib/ocaml/compiler-libs/flambda2_simplify__Simplify_primitive_result.cmsi,15492
2026-08-24T15:54:26Z,7dace2ea9c954e45304ea9674c5ed127c76ef90e,6858,size_in_bytes,lib/ocaml/compiler-libs/flambda2_to_cmm__To_cmm_effects.cmsi,18668
2026-08-24T15:54:26Z,7dace2ea9c954e45304ea9674c5ed127c76ef90e,6858,size_in_bytes,lib/ocaml/compiler-libs/flambda2_to_cmm__To_cmm_set_of_closures.cmsi,16171
2026-08-24T15:54:26Z,7dace2ea9c954e45304ea9674c5ed127c76ef90e,6858,size_in_bytes,lib/ocaml/compiler-libs/flambda2_identifiers__Code_id_or_symbol.cmsi,11372
2026-08-24T15:54:26Z,7dace2ea9c954e45304ea9674c5ed127c76ef90e,6858,size_in_bytes,lib/ocaml/compiler-libs/flambda2_bound_identifiers__Bound_name.cmsi,13043
2026-08-24T15:54:26Z,7dace2ea9c954e45304ea9674c5ed127c76ef90e,6858,size_in_bytes,lib/ocaml/compiler-libs/flambda2_terms__Flambda_primitive.cmsi,89979
2026-08-24T15:54:26Z,7dace2ea9c954e45304ea9674c5ed127c76ef90e,6858,size_in_bytes,lib/ocaml/compiler-libs/flambda2_identifiers__Slot.cmsi,13406
2026-08-24T15:54:26Z,7dace2ea9c954e45304ea9674c5ed127c76ef90e,6858,size_in_bytes,lib/ocaml/compiler-libs/flambda2_simplify__Number_adjuncts.cmsi,24964
2026-08-24T15:54:26Z,7dace2ea9c954e45304ea9674c5ed127c76ef90e,6858,size_in_bytes,lib/ocaml/compiler-libs/flambda2_kinds__Tag.cmsi,17194
2026-08-24T15:54:26Z,7dace2ea9c954e45304ea9674c5ed127c76ef90e,6858,size_in_bytes,lib/ocaml/compiler-libs/flambda2_simplify__Continuation_in_env.cmsi,14930
2026-08-24T15:54:26Z,7dace2ea9c954e45304ea9674c5ed127c76ef90e,6858,size_in_bytes,lib/ocaml/compiler-libs/flambda2_from_lambda__Lambda_to_flambda.cmsi,12937
2026-08-24T15:54:26Z,7dace2ea9c954e45304ea9674c5ed127c76ef90e,6858,size_in_bytes,lib/ocaml/compiler-libs/flambda2_simplify__Replay_history.cmsi,21210
2026-08-24T15:54:26Z,7dace2ea9c954e45304ea9674c5ed127c76ef90e,6858,size_in_bytes,lib/ocaml/compiler-libs/flambda2_from_lambda__Lambda_to_lambda_transforms.cmsi,15063
2026-08-24T15:54:26Z,7dace2ea9c954e45304ea9674c5ed127c76ef90e,6858,size_in_bytes,lib/ocaml/compiler-libs/flambda2_terms__Code_metadata.cmsi,24264
2026-08-24T15:54:26Z,7dace2ea9c954e45304ea9674c5ed127c76ef90e,6858,size_in_bytes,lib/ocaml/compiler-libs/flambda2_simplify__Non_constructed_code.cmsi,13436
2026-08-24T15:54:26Z,7dace2ea9c954e45304ea9674c5ed127c76ef90e,6858,size_in_bytes,lib/ocaml/compiler-libs/flambda2_simplify__Continuation_shortcut.cmsi,13296
2026-08-24T15:54:26Z,7dace2ea9c954e45304ea9674c5ed127c76ef90e,6858,size_in_bytes,lib/ocaml/compiler-libs/flambda2_reaper__Points_to_analysis.cmsi,28845
2026-08-24T15:54:26Z,7dace2ea9c954e45304ea9674c5ed127c76ef90e,6858,size_in_bytes,lib/ocaml/compiler-libs/flambda2_algorithms__Lmap.cmsi,20657
2026-08-24T15:54:26Z,7dace2ea9c954e45304ea9674c5ed127c76ef90e,6858,size_in_bytes,lib/ocaml/compiler-libs/flambda2_to_cmm__To_cmm_result.cmsi,19272
2026-08-24T15:54:26Z,7dace2ea9c954e45304ea9674c5ed127c76ef90e,6858,size_in_bytes,lib/ocaml/compiler-libs/flambda2_simplify__Mutable_unboxing.cmsi,13289
2026-08-24T15:54:26Z,7dace2ea9c954e45304ea9674c5ed127c76ef90e,6858,size_in_bytes,lib/ocaml/compiler-libs/flambda2_bound_identifiers__Bound_continuation.cmsi,12173
2026-08-24T15:54:26Z,7dace2ea9c954e45304ea9674c5ed127c76ef90e,6858,size_in_bytes,lib/ocaml/compiler-libs/flambda2_term_basics__Scope.cmsi,12798
2026-08-24T15:54:26Z,7dace2ea9c954e45304ea9674c5ed127c76ef90e,6858,size_in_bytes,lib/ocaml/compiler-libs/flambda2_simplify__Lifted_constant_state.cmsi,13830
2026-08-24T15:54:26Z,7dace2ea9c954e45304ea9674c5ed127c76ef90e,6858,size_in_bytes,lib/ocaml/compiler-libs/flambda2_nominal__Ids_for_export.cmsi,16206
2026-08-24T15:54:26Z,7dace2ea9c954e45304ea9674c5ed127c76ef90e,6858,size_in_bytes,lib/ocaml/compiler-libs/flambda2_bound_identifiers__Bound_for_function.cmsi,14411
2026-08-24T15:54:26Z,7dace2ea9c954e45304ea9674c5ed127c76ef90e,6858,size_in_bytes,lib/ocaml/compiler-libs/flambda2_nominal__Name_mode.cmsi,15898
2026-08-24T15:54:26Z,7dace2ea9c954e45304ea9674c5ed127c76ef90e,6858,size_in_bytes,lib/ocaml/compiler-libs/flambda2_terms__Probe.cmsi,11915
2026-08-24T15:54:26Z,7dace2ea9c954e45304ea9674c5ed127c76ef90e,6858,size_in_bytes,lib/ocaml/compiler-libs/flambda2_nominal__Name_abstraction.cmsi,16758
2026-08-24T15:54:26Z,7dace2ea9c954e45304ea9674c5ed127c76ef90e,6858,size_in_bytes,lib/ocaml/compiler-libs/flambda2_simplify_shared__Call_site_inlining_decision_type.cmsi,14260
2026-08-24T15:54:26Z,7dace2ea9c954e45304ea9674c5ed127c76ef90e,6858,size_in_bytes,lib/ocaml/compiler-libs/flambda2_terms__Regalloc_attribute.cmsi,12449
2026-08-24T15:54:26Z,7dace2ea9c954e45304ea9674c5ed127c76ef90e,6858,size_in_bytes,lib/ocaml/compiler-libs/flambda2_identifiers__Coercion0.cmsi,15208
2026-08-24T15:54:26Z,7dace2ea9c954e45304ea9674c5ed127c76ef90e,6858,size_in_bytes,lib/ocaml/compiler-libs/flambda2_simplify__Simplify_let_expr.cmsi,12281
2026-08-24T15:54:26Z,7dace2ea9c954e45304ea9674c5ed127c76ef90e,6858,size_in_bytes,lib/ocaml/compiler-libs/flambda2_algorithms__Patricia_tree.cmsi,12515
2026-08-24T15:54:26Z,7dace2ea9c954e45304ea9674c5ed127c76ef90e,6858,size_in_bytes,lib/ocaml/compiler-libs/flambda2_from_lambda__Lambda_to_flambda_primitives_helpers.cmsi,20642
2026-08-24T15:54:26Z,7dace2ea9c954e45304ea9674c5ed127c76ef90e,6858,size_in_bytes,lib/ocaml/compiler-libs/flambda2_parser__Flambda_parser_messages.cmsi,10153
2026-08-24T15:54:26Z,7dace2ea9c954e45304ea9674c5ed127c76ef90e,6858,size_in_bytes,lib/ocaml/compiler-libs/flambda2_terms__Mutability.cmsi,13449
2026-08-24T15:54:26Z,7dace2ea9c954e45304ea9674c5ed127c76ef90e,6858,size_in_bytes,lib/ocaml/compiler-libs/flambda2_identifiers__Reg_width_const.cmsi,15984
2026-08-24T15:54:26Z,7dace2ea9c954e45304ea9674c5ed127c76ef90e,6858,size_in_bytes,lib/ocaml/compiler-libs/flambda2_types.cmsi,131062
2026-08-24T15:54:26Z,7dace2ea9c954e45304ea9674c5ed127c76ef90e,6858,size_in_bytes,lib/ocaml/compiler-libs/flambda2_term_basics__Or_invalid.cmsi,12149
2026-08-24T15:54:26Z,7dace2ea9c954e45304ea9674c5ed127c76ef90e,6858,size_in_bytes,lib/ocaml/compiler-libs/flambda2_to_cmm__To_cmm_expr.cmsi,12441
2026-08-24T15:54:26Z,7dace2ea9c954e45304ea9674c5ed127c76ef90e,6858,size_in_bytes,lib/ocaml/compiler-libs/flambda2_identifiers__Named_rewrite_id.cmsi,11741
2026-08-24T15:54:26Z,7dace2ea9c954e45304ea9674c5ed127c76ef90e,6858,size_in_bytes,lib/ocaml/compiler-libs/flambda2_nominal__Name_occurrences.cmsi,30894
2026-08-24T15:54:26Z,7dace2ea9c954e45304ea9674c5ed127c76ef90e,6858,size_in_bytes,lib/ocaml/compiler-libs/flambda2_types__Expand_head.cmsi,28768
2026-08-24T15:54:26Z,7dace2ea9c954e45304ea9674c5ed127c76ef90e,6858,size_in_bytes,lib/ocaml/compiler-libs/flambda2_identifiers__Rec_info_expr0.cmsi,17183
2026-08-24T15:54:26Z,7dace2ea9c954e45304ea9674c5ed127c76ef90e,6858,size_in_bytes,lib/ocaml/compiler-libs/flambda2_bound_identifiers__Bound_var.cmsi,13250
2026-08-24T15:54:26Z,7dace2ea9c954e45304ea9674c5ed127c76ef90e,6858,size_in_bytes,lib/ocaml/compiler-libs/flambda2_simplify__Data_flow_graph.cmsi,13560
2026-08-24T15:54:26Z,7dace2ea9c954e45304ea9674c5ed127c76ef90e,6858,size_in_bytes,lib/ocaml/compiler-libs/flambda2_simplify__Simplify_let_cont_expr.cmsi,12902
2026-08-24T15:54:26Z,7dace2ea9c954e45304ea9674c5ed127c76ef90e,6858,size_in_bytes,lib/ocaml/compiler-libs/flambda2_identifiers__Continuation.cmsi,13976
2026-08-24T15:54:26Z,7dace2ea9c954e45304ea9674c5ed127c76ef90e,6858,size_in_bytes,lib/ocaml/compiler-libs/flambda2_from_lambda__Closure_conversion.cmsi,21519
2026-08-24T15:54:26Z,7dace2ea9c954e45304ea9674c5ed127c76ef90e,6858,size_in_bytes,lib/ocaml/compiler-libs/flambda2_simplify__Flow_acc.cmsi,23381
2026-08-24T15:54:26Z,7dace2ea9c954e45304ea9674c5ed127c76ef90e,6858,size_in_bytes,lib/ocaml/compiler-libs/flambda2_reaper__Reaper.cmsi,12697
2026-08-24T15:54:26Z,7dace2ea9c954e45304ea9674c5ed127c76ef90e,6858,size_in_bytes,lib/ocaml/compiler-libs/flambda2_bound_identifiers__Bound_parameter.cmsi,14992
2026-08-24T15:54:26Z,7dace2ea9c954e45304ea9674c5ed127c76ef90e,6858,size_in_bytes,lib/ocaml/compiler-libs/flambda2_simplify__Reification.cmsi,12731
2026-08-24T15:54:26Z,7dace2ea9c954e45304ea9674c5ed127c76ef90e,6858,size_in_bytes,lib/ocaml/compiler-libs/flambda2_types__With_cached_free_names.cmsi,14528
2026-08-24T15:54:26Z,7dace2ea9c954e45304ea9674c5ed127c76ef90e,6858,size_in_bytes,lib/ocaml/compiler-libs/flambda2_reaper__Traverse.cmsi,13935
2026-08-24T15:54:26Z,7dace2ea9c954e45304ea9674c5ed127c76ef90e,6858,size_in_bytes,lib/ocaml/compiler-libs/flambda2_numbers__Target_ocaml_int.cmsi,31888
2026-08-24T15:54:26Z,7dace2ea9c954e45304ea9674c5ed127c76ef90e,6858,size_in_bytes,lib/ocaml/compiler-libs/flambda2_reaper__Rebuild.cmsi,15628
2026-08-24T15:54:26Z,7dace2ea9c954e45304ea9674c5ed127c76ef90e,6858,size_in_bytes,lib/ocaml/compiler-libs/flambda2_simplify__Common_subexpression_elimination.cmsi,15853
2026-08-24T15:54:26Z,7dace2ea9c954e45304ea9674c5ed127c76ef90e,6858,size_in_bytes,lib/ocaml/compiler-libs/flambda2_nominal__Renaming.cmsi,18967
2026-08-24T15:54:26Z,7dace2ea9c954e45304ea9674c5ed127c76ef90e,6858,size_in_bytes,lib/ocaml/compiler-libs/flambda2_datalog__Schedule.cmsi,13042
2026-08-24T15:54:26Z,7dace2ea9c954e45304ea9674c5ed127c76ef90e,6858,size_in_bytes,lib/ocaml/compiler-libs/flambda2_reaper__Global_flow_graph.cmsi,24535
2026-08-24T15:54:26Z,7dace2ea9c954e45304ea9674c5ed127c76ef90e,6858,size_in_bytes,lib/ocaml/compiler-libs/flambda2_reaper__Cofield.cmsi,12050
2026-08-24T15:54:26Z,7dace2ea9c954e45304ea9674c5ed127c76ef90e,6858,size_in_bytes,lib/ocaml/compiler-libs/flambda2_parser__Flambda_to_fexpr.cmsi,10352
2026-08-24T15:54:26Z,7dace2ea9c954e45304ea9674c5ed127c76ef90e,6858,size_in_bytes,lib/ocaml/compiler-libs/flambda2_term_basics__Rec_info_expr.cmsi,12418
2026-08-24T15:54:26Z,7dace2ea9c954e45304ea9674c5ed127c76ef90e,6858,size_in_bytes,lib/ocaml/compiler-libs/flambda2_terms__Regalloc_param_attribute.cmsi,12479
2026-08-24T15:54:26Z,7dace2ea9c954e45304ea9674c5ed127c76ef90e,6858,size_in_bytes,lib/ocaml/compiler-libs/flambda2_simplify__Simplify.cmsi,13714
2026-08-24T15:54:26Z,7dace2ea9c954e45304ea9674c5ed127c76ef90e,6858,size_in_bytes,lib/ocaml/compiler-libs/flambda2_terms__Loopify_attribute.cmsi,12133
2026-08-24T15:54:26Z,7dace2ea9c954e45304ea9674c5ed127c76ef90e,6858,size_in_bytes,lib/ocaml/compiler-libs/flambda2_terms__Code_or_metadata.cmsi,15863
2026-08-24T15:54:26Z,7dace2ea9c954e45304ea9674c5ed127c76ef90e,6858,size_in_bytes,lib/ocaml/compiler-libs/flambda2_identifiers__Apply_cont_rewrite_id.cmsi,11751
2026-08-24T15:54:26Z,7dace2ea9c954e45304ea9674c5ed127c76ef90e,6858,size_in_bytes,lib/ocaml/compiler-libs/flambda2_cmx__Exported_code.cmsi,16420
2026-08-24T15:54:26Z,7dace2ea9c954e45304ea9674c5ed127c76ef90e,6858,size_in_bytes,lib/ocaml/compiler-libs/flambda2_simplify__Expr_builder.cmsi,25535
2026-08-24T15:54:26Z,7dace2ea9c954e45304ea9674c5ed127c76ef90e,6858,size_in_bytes,lib/ocaml/compiler-libs/flambda2_identifiers__Symbol.cmsi,12497
2026-08-24T15:54:26Z,7dace2ea9c954e45304ea9674c5ed127c76ef90e,6858,size_in_bytes,lib/ocaml/compiler-libs/flambda2_terms__Function_declarations.cmsi,15491
2026-08-24T15:54:26Z,7dace2ea9c954e45304ea9674c5ed127c76ef90e,6858,size_in_bytes,lib/ocaml/compiler-libs/flambda2_terms__Inlining_state.cmsi,13623
2026-08-24T15:54:26Z,7dace2ea9c954e45304ea9674c5ed127c76ef90e,6858,size_in_bytes,lib/ocaml/compiler-libs/flambda2_simplify__Comparison_result.cmsi,12365
2026-08-24T15:54:26Z,7dace2ea9c954e45304ea9674c5ed127c76ef90e,6858,size_in_bytes,lib/ocaml/compiler-libs/flambda2_terms__Recursive.cmsi,11955
2026-08-24T15:54:26Z,7dace2ea9c954e45304ea9674c5ed127c76ef90e,6858,size_in_bytes,lib/ocaml/compiler-libs/flambda2_floats__Float32.cmsi,14630
2026-08-24T15:54:26Z,7dace2ea9c954e45304ea9674c5ed127c76ef90e,6858,size_in_bytes,lib/ocaml/compiler-libs/flambda2_types__Type_grammar.cmsi,114050
2026-08-24T15:54:26Z,7dace2ea9c954e45304ea9674c5ed127c76ef90e,6858,size_in_bytes,lib/ocaml/compiler-libs/flambda2_terms__Static_const.cmsi,36099
2026-08-24T15:54:26Z,7dace2ea9c954e45304ea9674c5ed127c76ef90e,6858,size_in_bytes,lib/ocaml/compiler-libs/flambda2_terms__Set_of_closures.cmsi,14776
2026-08-24T15:54:26Z,7dace2ea9c954e45304ea9674c5ed127c76ef90e,6858,size_in_bytes,lib/ocaml/compiler-libs/flambda2_simplify__Simplify_extcall.cmsi,13103
2026-08-24T15:54:26Z,7dace2ea9c954e45304ea9674c5ed127c76ef90e,6858,size_in_bytes,lib/ocaml/compiler-libs/flambda2_to_cmm__To_cmm_static.cmsi,13444
2026-08-24T15:54:26Z,7dace2ea9c954e45304ea9674c5ed127c76ef90e,6858,size_in_bytes,lib/ocaml/compiler-libs/flambda2_simplify__Continuation_uses_env.cmsi,14448
2026-08-24T15:54:26Z,7dace2ea9c954e45304ea9674c5ed127c76ef90e,6858,size_in_bytes,lib/ocaml/compiler-libs/flambda2_reaper__Traverse_env.cmsi,19146
2026-08-24T15:54:26Z,7dace2ea9c954e45304ea9674c5ed127c76ef90e,6858,size_in_bytes,lib/ocaml/compiler-libs/flambda2_simplify__Join_points.cmsi,13528
2026-08-24T15:54:26Z,7dace2ea9c954e45304ea9674c5ed127c76ef90e,6858,size_in_bytes,lib/ocaml/compiler-libs/flambda2_to_jsir__To_jsir_set_of_closures.cmsi,14256
2026-08-24T15:54:26Z,7dace2ea9c954e45304ea9674c5ed127c76ef90e,6858,size_in_bytes,lib/ocaml/compiler-libs/flambda2_simplify__Unboxers.cmsi,16760
2026-08-24T15:54:26Z,7dace2ea9c954e45304ea9674c5ed127c76ef90e,6858,size_in_bytes,lib/ocaml/compiler-libs/flambda2_identifiers__Name.cmsi,14302
2026-08-24T15:54:26Z,7dace2ea9c954e45304ea9674c5ed127c76ef90e,6858,size_in_bytes,lib/ocaml/compiler-libs/flambda2_terms__Apply_cont_expr.cmsi,15342
2026-08-24T15:54:26Z,7dace2ea9c954e45304ea9674c5ed127c76ef90e,6858,size_in_bytes,lib/ocaml/compiler-libs/flambda2_terms__Poll_attribute.cmsi,12209
2026-08-24T15:54:26Z,7dace2ea9c954e45304ea9674c5ed127c76ef90e,6858,size_in_bytes,lib/ocaml/compiler-libs/flambda2_simplify__One_continuation_use.cmsi,13373
2026-08-24T15:54:26Z,7dace2ea9c954e45304ea9674c5ed127c76ef90e,6858,size_in_bytes,lib/ocaml/compiler-libs/flambda2_simplify__Original_handlers.cmsi,13909
2026-08-24T15:54:26Z,7dace2ea9c954e45304ea9674c5ed127c76ef90e,6858,size_in_bytes,lib/ocaml/compiler-libs/flambda2_terms__Coeffects.cmsi,14109
2026-08-24T15:54:26Z,7dace2ea9c954e45304ea9674c5ed127c76ef90e,6858,size_in_bytes,lib/ocaml/compiler-libs/flambda2_types__Meet_env.cmsi,24987
2026-08-24T15:54:26Z,7dace2ea9c954e45304ea9674c5ed127c76ef90e,6858,size_in_bytes,lib/ocaml/compiler-libs/flambda2_terms__Result_types.cmsi,13259
2026-08-24T15:54:26Z,7dace2ea9c954e45304ea9674c5ed127c76ef90e,6858,size_in_bytes,lib/ocaml/compiler-libs/flambda2_simplify__Unbox_continuation_params.cmsi,13741
2026-08-24T15:54:26Z,7dace2ea9c954e45304ea9674c5ed127c76ef90e,6858,size_in_bytes,lib/ocaml/compiler-libs/flambda2_bound_identifiers__Bound_pattern.cmsi,15784
2026-08-24T15:54:26Z,7dace2ea9c954e45304ea9674c5ed127c76ef90e,6858,size_in_bytes,lib/ocaml/compiler-libs/flambda2_simplify__Simplify_simple.cmsi,13645
2026-08-24T15:54:26Z,7dace2ea9c954e45304ea9674c5ed127c76ef90e,6858,size_in_bytes,lib/ocaml/compiler-libs/flambda2_simplify__Simplify_switch_expr.cmsi,11978
2026-08-24T15:54:26Z,7dace2ea9c954e45304ea9674c5ed127c76ef90e,6858,size_in_bytes,lib/ocaml/compiler-libs/flambda2_simplify__Named_rewrite.cmsi,14149
2026-08-24T15:54:26Z,7dace2ea9c954e45304ea9674c5ed127c76ef90e,6858,size_in_bytes,lib/ocaml/compiler-libs/flambda2_terms__Inlining_history.cmsi,20653
2026-08-24T15:54:26Z,7dace2ea9c954e45304ea9674c5ed127c76ef90e,6858,size_in_bytes,lib/ocaml/compiler-libs/flambda2_reaper__Field.cmsi,17772
2026-08-24T15:54:26Z,7dace2ea9c954e45304ea9674c5ed127c76ef90e,6858,size_in_bytes,lib/ocaml/compiler-libs/flambda2_compare__Compare.cmsi,11542
2026-08-24T15:54:26Z,7dace2ea9c954e45304ea9674c5ed127c76ef90e,6858,size_in_bytes,lib/ocaml/compiler-libs/flambda2_terms__Switch_expr.cmsi,15844
2026-08-24T15:54:26Z,7dace2ea9c954e45304ea9674c5ed127c76ef90e,6858,size_in_bytes,lib/ocaml/compiler-libs/flambda2_to_jsir__To_jsir_primitive.cmsi,14169
2026-08-24T15:54:26Z,7dace2ea9c954e45304ea9674c5ed127c76ef90e,6858,size_in_bytes,lib/ocaml/compiler-libs/flambda2_classic_mode_types__Value_approximation.cmsi,13971
2026-08-24T15:54:26Z,7dace2ea9c954e45304ea9674c5ed127c76ef90e,6858,size_in_bytes,lib/ocaml/compiler-libs/flambda2_simplify__Rebuilt_static_const.cmsi,33902
2026-08-24T15:54:26Z,7dace2ea9c954e45304ea9674c5ed127c76ef90e,6858,size_in_bytes,lib/ocaml/compiler-libs/flambda2_reaper__Unboxing_analysis.cmsi,15896
2026-08-24T15:54:26Z,7dace2ea9c954e45304ea9674c5ed127c76ef90e,6858,size_in_bytes,lib/ocaml/compiler-libs/flambda2_types__More_type_creators.cmsi,36989
2026-08-24T15:54:26Z,7dace2ea9c954e45304ea9674c5ed127c76ef90e,6858,size_in_bytes,lib/ocaml/compiler-libs/flambda2_terms__Exn_continuation.cmsi,15174
2026-08-24T15:54:26Z,7dace2ea9c954e45304ea9674c5ed127c76ef90e,6858,size_in_bytes,lib/ocaml/compiler-libs/flambda2_types__Typing_env_level.cmsi,17505
2026-08-24T15:54:26Z,7dace2ea9c954e45304ea9674c5ed127c76ef90e,6858,size_in_bytes,lib/ocaml/compiler-libs/flambda2_simplify__Rebuilt_expr.cmsi,22011
2026-08-24T15:54:26Z,7dace2ea9c954e45304ea9674c5ed127c76ef90e,6858,size_in_bytes,lib/ocaml/compiler-libs/flambda2_simplify__Simplify_binary_primitive.cmsi,12994
2026-08-24T15:54:26Z,7dace2ea9c954e45304ea9674c5ed127c76ef90e,6858,size_in_bytes,lib/ocaml/compiler-libs/flambda2_types__Typing_env.cmsi,29999
2026-08-24T15:54:26Z,7dace2ea9c954e45304ea9674c5ed127c76ef90e,6858,size_in_bytes,lib/ocaml/compiler-libs/flambda2_to_jsir__To_jsir_env.cmsi,31983
2026-08-24T15:54:26Z,7dace2ea9c954e45304ea9674c5ed127c76ef90e,6858,size_in_bytes,lib/ocaml/compiler-libs/flambda2_types__Meet_and_n_way_join.cmsi,13426
2026-08-24T15:54:26Z,7dace2ea9c954e45304ea9674c5ed127c76ef90e,6858,size_in_bytes,lib/ocaml/stdlib_alpha/stdlib_alpha.cmsi,11277
2026-08-24T15:54:26Z,7dace2ea9c954e45304ea9674c5ed127c76ef90e,6858,size_in_bytes,lib/ocaml/stdlib_upstream_compatible/stdlib_upstream_compatible__Float_u.cmsi,40891
2026-08-24T15:54:26Z,7dace2ea9c954e45304ea9674c5ed127c76ef90e,6858,size_in_bytes,lib/ocaml/stdlib_upstream_compatible/stdlib_upstream_compatible__Int32_u.cmsi,26649
2026-08-24T15:54:26Z,7dace2ea9c954e45304ea9674c5ed127c76ef90e,6858,size_in_bytes,lib/ocaml/stdlib_upstream_compatible/stdlib_upstream_compatible__Int64_u.cmsi,30390
2026-08-24T15:54:26Z,7dace2ea9c954e45304ea9674c5ed127c76ef90e,6858,size_in_bytes,lib/ocaml/stdlib_upstream_compatible/stdlib_upstream_compatible.cmsi,9356
2026-08-24T15:54:26Z,7dace2ea9c954e45304ea9674c5ed127c76ef90e,6858,size_in_bytes,lib/ocaml/stdlib_upstream_compatible/stdlib_upstream_compatible__Nativeint_u.cmsi,28152
2026-08-24T15:54:26Z,7dace2ea9c954e45304ea9674c5ed127c76ef90e,6858,size_in_bytes,lib/ocaml/compiler_owee__Owee_interval_map.cmt,323086
2026-08-24T15:54:26Z,7dace2ea9c954e45304ea9674c5ed127c76ef90e,6858,size_in_bytes,lib/ocaml/stdlib__Int32.cmt,137080
2026-08-24T15:54:26Z,7dace2ea9c954e45304ea9674c5ed127c76ef90e,6858,size_in_bytes,lib/ocaml/stdlib__Lexing.cmt,229059
2026-08-24T15:54:26Z,7dace2ea9c954e45304ea9674c5ed127c76ef90e,6858,size_in_bytes,lib/ocaml/stdlib__Bigarray.cmt,642850
2026-08-24T15:54:26Z,7dace2ea9c954e45304ea9674c5ed127c76ef90e,6858,size_in_bytes,lib/ocaml/compiler_owee__Unix_intf.cmt,31915
2026-08-24T15:54:26Z,7dace2ea9c954e45304ea9674c5ed127c76ef90e,6858,size_in_bytes,lib/ocaml/compiler_owee.cmt,22092
2026-08-24T15:54:26Z,7dace2ea9c954e45304ea9674c5ed127c76ef90e,6858,size_in_bytes,lib/ocaml/stdlib__Fun.cmt,43676
2026-08-24T15:54:26Z,7dace2ea9c954e45304ea9674c5ed127c76ef90e,6858,size_in_bytes,lib/ocaml/camlinternalMod.cmt,106296
2026-08-24T15:54:26Z,7dace2ea9c954e45304ea9674c5ed127c76ef90e,6858,size_in_bytes,lib/ocaml/stdlib__Arg.cmt,587038
2026-08-24T15:54:26Z,7dace2ea9c954e45304ea9674c5ed127c76ef90e,6858,size_in_bytes,lib/ocaml/camlinternalQuote.cmt,4319299
2026-08-24T15:54:26Z,7dace2ea9c954e45304ea9674c5ed127c76ef90e,6858,size_in_bytes,lib/ocaml/stdlib__Queue.cmt,145906
2026-08-24T15:54:26Z,7dace2ea9c954e45304ea9674c5ed127c76ef90e,6858,size_in_bytes,lib/ocaml/stdlib__Backoff.cmt,96348
2026-08-24T15:54:26Z,7dace2ea9c954e45304ea9674c5ed127c76ef90e,6858,size_in_bytes,lib/ocaml/stdlib__Option.cmt,62793
2026-08-24T15:54:26Z,7dace2ea9c954e45304ea9674c5ed127c76ef90e,6858,size_in_bytes,lib/ocaml/camlinternalFormat.cmt,5159720
2026-08-24T15:54:26Z,7dace2ea9c954e45304ea9674c5ed127c76ef90e,6858,size_in_bytes,lib/ocaml/compiler_owee__Owee_elf_relocation.cmt,140081
2026-08-24T15:54:26Z,7dace2ea9c954e45304ea9674c5ed127c76ef90e,6858,size_in_bytes,lib/ocaml/stdlib__Complex.cmt,200901
2026-08-24T15:54:26Z,7dace2ea9c954e45304ea9674c5ed127c76ef90e,6858,size_in_bytes,lib/ocaml/stdlib__Gc.cmt,207741
2026-08-24T15:54:26Z,7dace2ea9c954e45304ea9674c5ed127c76ef90e,6858,size_in_bytes,lib/ocaml/compiler_owee__Owee_traverse.cmt,228651
2026-08-24T15:54:26Z,7dace2ea9c954e45304ea9674c5ed127c76ef90e,6858,size_in_bytes,lib/ocaml/compiler_owee__Owee_archive.cmt,286484
2026-08-24T15:54:26Z,7dace2ea9c954e45304ea9674c5ed127c76ef90e,6858,size_in_bytes,lib/ocaml/stdlib__Marshal.cmt,79678
2026-08-24T15:54:26Z,7dace2ea9c954e45304ea9674c5ed127c76ef90e,6858,size_in_bytes,lib/ocaml/stdlib__Callback.cmt,35390
2026-08-24T15:54:26Z,7dace2ea9c954e45304ea9674c5ed127c76ef90e,6858,size_in_bytes,lib/ocaml/stdlib__Printexc.cmt,391541
2026-08-24T15:54:26Z,7dace2ea9c954e45304ea9674c5ed127c76ef90e,6858,size_in_bytes,lib/ocaml/compiler_owee__Owee_elf.cmt,852933
2026-08-24T15:54:26Z,7dace2ea9c954e45304ea9674c5ed127c76ef90e,6858,size_in_bytes,lib/ocaml/stdlib__StringLabels.cmt,58525
2026-08-24T15:54:26Z,7dace2ea9c954e45304ea9674c5ed127c76ef90e,6858,size_in_bytes,lib/ocaml/std_exit.cmt,13402
2026-08-24T15:54:26Z,7dace2ea9c954e45304ea9674c5ed127c76ef90e,6858,size_in_bytes,lib/ocaml/stdlib__Printf.cmt,71399
2026-08-24T15:54:26Z,7dace2ea9c954e45304ea9674c5ed127c76ef90e,6858,size_in_bytes,lib/ocaml/stdlib__Parsing.cmt,207850
2026-08-24T15:54:26Z,7dace2ea9c954e45304ea9674c5ed127c76ef90e,6858,size_in_bytes,lib/ocaml/stdlib__Int.cmt,64744
2026-08-24T15:54:26Z,7dace2ea9c954e45304ea9674c5ed127c76ef90e,6858,size_in_bytes,lib/ocaml/stdlib__Dynarray.cmt,1442998
2026-08-24T15:54:26Z,7dace2ea9c954e45304ea9674c5ed127c76ef90e,6858,size_in_bytes,lib/ocaml/stdlib__ListLabels.cmt,69790
2026-08-24T15:54:26Z,7dace2ea9c954e45304ea9674c5ed127c76ef90e,6858,size_in_bytes,lib/ocaml/stdlib__Repr.cmt,17145
2026-08-24T15:54:26Z,7dace2ea9c954e45304ea9674c5ed127c76ef90e,6858,size_in_bytes,lib/ocaml/compiler_owee__Owee_elf_notes.cmt,243015
2026-08-24T15:54:26Z,7dace2ea9c954e45304ea9674c5ed127c76ef90e,6858,size_in_bytes,lib/ocaml/stdlib__Obj.cmt,245699
2026-08-24T15:54:26Z,7dace2ea9c954e45304ea9674c5ed127c76ef90e,6858,size_in_bytes,lib/ocaml/stdlib__Hashtbl.cmt,1191929
2026-08-24T15:54:26Z,7dace2ea9c954e45304ea9674c5ed127c76ef90e,6858,size_in_bytes,lib/ocaml/eval.cmt,228686
2026-08-24T15:54:26Z,7dace2ea9c954e45304ea9674c5ed127c76ef90e,6858,size_in_bytes,lib/ocaml/stdlib__Result.cmt,104150
2026-08-24T15:54:26Z,7dace2ea9c954e45304ea9674c5ed127c76ef90e,6858,size_in_bytes,lib/ocaml/stdlib__Filename.cmt,670848
2026-08-24T15:54:26Z,7dace2ea9c954e45304ea9674c5ed127c76ef90e,6858,size_in_bytes,lib/ocaml/stdlib__Quote.cmt,78281
2026-08-24T15:54:26Z,7dace2ea9c954e45304ea9674c5ed127c76ef90e,6858,size_in_bytes,lib/ocaml/stdlib__Domain.cmt,548051
2026-08-24T15:54:26Z,7dace2ea9c954e45304ea9674c5ed127c76ef90e,6858,size_in_bytes,lib/ocaml/stdlib__Pqueue.cmt,289690
2026-08-24T15:54:26Z,7dace2ea9c954e45304ea9674c5ed127c76ef90e,6858,size_in_bytes,lib/ocaml/stdlib__List.cmt,1057502
2026-08-24T15:54:26Z,7dace2ea9c954e45304ea9674c5ed127c76ef90e,6858,size_in_bytes,lib/ocaml/stdlib__Scanf.cmt,1900142
2026-08-24T15:54:26Z,7dace2ea9c954e45304ea9674c5ed127c76ef90e,6858,size_in_bytes,lib/ocaml/compiler_owee__Owee_elf_string_table.cmt,35510
2026-08-24T15:54:26Z,7dace2ea9c954e45304ea9674c5ed127c76ef90e,6858,size_in_bytes,lib/ocaml/stdlib__Float.cmt,1016317
2026-08-24T15:54:26Z,7dace2ea9c954e45304ea9674c5ed127c76ef90e,6858,size_in_bytes,lib/ocaml/stdlib__Out_channel.cmt,77903
2026-08-24T15:54:26Z,7dace2ea9c954e45304ea9674c5ed127c76ef90e,6858,size_in_bytes,lib/ocaml/stdlib__Oo.cmt,16061
2026-08-24T15:54:26Z,7dace2ea9c954e45304ea9674c5ed127c76ef90e,6858,size_in_bytes,lib/ocaml/camlinternalAtomic.cmt,40568
2026-08-24T15:54:26Z,7dace2ea9c954e45304ea9674c5ed127c76ef90e,6858,size_in_bytes,lib/ocaml/stdlib__Random.cmt,532220
2026-08-24T15:54:26Z,7dace2ea9c954e45304ea9674c5ed127c76ef90e,6858,size_in_bytes,lib/ocaml/stdlib__Unit.cmt,17282
2026-08-24T15:54:26Z,7dace2ea9c954e45304ea9674c5ed127c76ef90e,6858,size_in_bytes,lib/ocaml/stdlib__Condition.cmt,16229
2026-08-24T15:54:26Z,7dace2ea9c954e45304ea9674c5ed127c76ef90e,6858,size_in_bytes,lib/ocaml/stdlib__Int64.cmt,131780
2026-08-24T15:54:26Z,7dace2ea9c954e45304ea9674c5ed127c76ef90e,6858,size_in_bytes,lib/ocaml/stdlib__Type.cmt,29357
2026-08-24T15:54:26Z,7dace2ea9c954e45304ea9674c5ed127c76ef90e,6858,size_in_bytes,lib/ocaml/stdlib__Sys.cmt,242888
2026-08-24T15:54:26Z,7dace2ea9c954e45304ea9674c5ed127c76ef90e,6858,size_in_bytes,lib/ocaml/stdlib__Stack.cmt,79417
2026-08-24T15:54:26Z,7dace2ea9c954e45304ea9674c5ed127c76ef90e,6858,size_in_bytes,lib/ocaml/stdlib__Digest.cmt,300068
2026-08-24T15:54:26Z,7dace2ea9c954e45304ea9674c5ed127c76ef90e,6858,size_in_bytes,lib/ocaml/stdlib__Dynamic.cmt,26848
2026-08-24T15:54:26Z,7dace2ea9c954e45304ea9674c5ed127c76ef90e,6858,size_in_bytes,lib/ocaml/stdlib__Buffer.cmt,641874
2026-08-24T15:54:26Z,7dace2ea9c954e45304ea9674c5ed127c76ef90e,6858,size_in_bytes,lib/ocaml/stdlib__Format.cmt,1883441
2026-08-24T15:54:26Z,7dace2ea9c954e45304ea9674c5ed127c76ef90e,6858,size_in_bytes,lib/ocaml/stdlib__Char.cmt,171157
2026-08-24T15:54:26Z,7dace2ea9c954e45304ea9674c5ed127c76ef90e,6858,size_in_bytes,lib/ocaml/compiler_owee__Owee_object.cmt,209696
2026-08-24T15:54:26Z,7dace2ea9c954e45304ea9674c5ed127c76ef90e,6858,size_in_bytes,lib/ocaml/opttopdirs.cmt,221546
2026-08-24T15:54:26Z,7dace2ea9c954e45304ea9674c5ed127c76ef90e,6858,size_in_bytes,lib/ocaml/stdlib__StdLabels.cmt,14210
2026-08-24T15:54:26Z,7dace2ea9c954e45304ea9674c5ed127c76ef90e,6858,size_in_bytes,lib/ocaml/stdlib__Uchar.cmt,146121
2026-08-24T15:54:26Z,7dace2ea9c954e45304ea9674c5ed127c76ef90e,6858,size_in_bytes,lib/ocaml/stdlib__Set.cmt,1766443
2026-08-24T15:54:26Z,7dace2ea9c954e45304ea9674c5ed127c76ef90e,6858,size_in_bytes,lib/ocaml/compiler_owee__Owee_buf.cmt,326376
2026-08-24T15:54:26Z,7dace2ea9c954e45304ea9674c5ed127c76ef90e,6858,size_in_bytes,lib/ocaml/stdlib__BytesLabels.cmt,78135
2026-08-24T15:54:26Z,7dace2ea9c954e45304ea9674c5ed127c76ef90e,6858,size_in_bytes,lib/ocaml/stdlib__Iarray.cmt,515379
2026-08-24T15:54:26Z,7dace2ea9c954e45304ea9674c5ed127c76ef90e,6858,size_in_bytes,lib/ocaml/stdlib__Bytes.cmt,1889724
2026-08-24T15:54:26Z,7dace2ea9c954e45304ea9674c5ed127c76ef90e,6858,size_in_bytes,lib/ocaml/stdlib__In_channel.cmt,235850
2026-08-24T15:54:26Z,7dace2ea9c954e45304ea9674c5ed127c76ef90e,6858,size_in_bytes,lib/ocaml/stdlib__Pair.cmt,58059
2026-08-24T15:54:26Z,7dace2ea9c954e45304ea9674c5ed127c76ef90e,6858,size_in_bytes,lib/ocaml/stdlib__Map.cmt,1835309
2026-08-24T15:54:26Z,7dace2ea9c954e45304ea9674c5ed127c76ef90e,6858,size_in_bytes,lib/ocaml/compiler_owee__Owee_linux_maps.cmt,67766
2026-08-24T15:54:26Z,7dace2ea9c954e45304ea9674c5ed127c76ef90e,6858,size_in_bytes,lib/ocaml/camlinternalFormatBasics.cmt,525470
2026-08-24T15:54:26Z,7dace2ea9c954e45304ea9674c5ed127c76ef90e,6858,size_in_bytes,lib/ocaml/stdlib__Ephemeron.cmt,1873208
2026-08-24T15:54:26Z,7dace2ea9c954e45304ea9674c5ed127c76ef90e,6858,size_in_bytes,lib/ocaml/compiler_owee__Owee_macho.cmt,986120
2026-08-24T15:54:26Z,7dace2ea9c954e45304ea9674c5ed127c76ef90e,6858,size_in_bytes,lib/ocaml/camlinternalOO.cmt,1023315
2026-08-24T15:54:26Z,7dace2ea9c954e45304ea9674c5ed127c76ef90e,6858,size_in_bytes,lib/ocaml/stdlib__Atomic.cmt,50701
2026-08-24T15:54:26Z,7dace2ea9c954e45304ea9674c5ed127c76ef90e,6858,size_in_bytes,lib/ocaml/compiler_owee__Owee_location.cmt,315515
2026-08-24T15:54:26Z,7dace2ea9c954e45304ea9674c5ed127c76ef90e,6858,size_in_bytes,lib/ocaml/stdlib__Array.cmt,1064293
2026-08-24T15:54:26Z,7dace2ea9c954e45304ea9674c5ed127c76ef90e,6858,size_in_bytes,lib/ocaml/stdlib__Semaphore.cmt,78703
2026-08-24T15:54:26Z,7dace2ea9c954e45304ea9674c5ed127c76ef90e,6858,size_in_bytes,lib/ocaml/compiler_owee__Owee_graph.cmt,227640
2026-08-24T15:54:26Z,7dace2ea9c954e45304ea9674c5ed127c76ef90e,6858,size_in_bytes,lib/ocaml/stdlib__Mutex.cmt,23893
2026-08-24T15:54:26Z,7dace2ea9c954e45304ea9674c5ed127c76ef90e,6858,size_in_bytes,lib/ocaml/camlinternalComprehension.cmt,50017
2026-08-24T15:54:26Z,7dace2ea9c954e45304ea9674c5ed127c76ef90e,6858,size_in_bytes,lib/ocaml/stdlib__Bool.cmt,33871
2026-08-24T15:54:26Z,7dace2ea9c954e45304ea9674c5ed127c76ef90e,6858,size_in_bytes,lib/ocaml/stdlib__Nativeint.cmt,135330
2026-08-24T15:54:26Z,7dace2ea9c954e45304ea9674c5ed127c76ef90e,6858,size_in_bytes,lib/ocaml/stdlib__ArrayLabels.cmt,54221
2026-08-24T15:54:26Z,7dace2ea9c954e45304ea9674c5ed127c76ef90e,6858,size_in_bytes,lib/ocaml/stdlib__Seq.cmt,698303
2026-08-24T15:54:26Z,7dace2ea9c954e45304ea9674c5ed127c76ef90e,6858,size_in_bytes,lib/ocaml/stdlib__Lazy.cmt,58292
2026-08-24T15:54:26Z,7dace2ea9c954e45304ea9674c5ed127c76ef90e,6858,size_in_bytes,lib/ocaml/stdlib.cmt,624187
2026-08-24T15:54:26Z,7dace2ea9c954e45304ea9674c5ed127c76ef90e,6858,size_in_bytes,lib/ocaml/stdlib__Effect.cmt,700288
2026-08-24T15:54:26Z,7dace2ea9c954e45304ea9674c5ed127c76ef90e,6858,size_in_bytes,lib/ocaml/topdirs.cmt,696778
2026-08-24T15:54:26Z,7dace2ea9c954e45304ea9674c5ed127c76ef90e,6858,size_in_bytes,lib/ocaml/stdlib__Modes.cmt,23677
2026-08-24T15:54:26Z,7dace2ea9c954e45304ea9674c5ed127c76ef90e,6858,size_in_bytes,lib/ocaml/stdlib__MoreLabels.cmt,21732
2026-08-24T15:54:26Z,7dace2ea9c954e45304ea9674c5ed127c76ef90e,6858,size_in_bytes,lib/ocaml/camlinternalLazy.cmt,87996
2026-08-24T15:54:26Z,7dace2ea9c954e45304ea9674c5ed127c76ef90e,6858,size_in_bytes,lib/ocaml/compiler_owee__Owee_debug_line.cmt,378231
2026-08-24T15:54:26Z,7dace2ea9c954e45304ea9674c5ed127c76ef90e,6858,size_in_bytes,lib/ocaml/stdlib__String.cmt,764790
2026-08-24T15:54:26Z,7dace2ea9c954e45304ea9674c5ed127c76ef90e,6858,size_in_bytes,lib/ocaml/compiler_owee__Owee_marker.cmt,226254
2026-08-24T15:54:26Z,7dace2ea9c954e45304ea9674c5ed127c76ef90e,6858,size_in_bytes,lib/ocaml/stdlib__Either.cmt,72485
2026-08-24T15:54:26Z,7dace2ea9c954e45304ea9674c5ed127c76ef90e,6858,size_in_bytes,lib/ocaml/compiler_owee__Owee_form.cmt,74927
2026-08-24T15:54:26Z,7dace2ea9c954e45304ea9674c5ed127c76ef90e,6858,size_in_bytes,lib/ocaml/stdlib__Weak.cmt,628250
2026-08-24T15:54:26Z,7dace2ea9c954e45304ea9674c5ed127c76ef90e,6858,size_in_bytes,lib/ocaml/stdlib_stable/stdlib_stable__Float32.cmt,254279
2026-08-24T15:54:26Z,7dace2ea9c954e45304ea9674c5ed127c76ef90e,6858,size_in_bytes,lib/ocaml/stdlib_stable/stdlib_stable__.cmt,20941
2026-08-24T15:54:26Z,7dace2ea9c954e45304ea9674c5ed127c76ef90e,6858,size_in_bytes,lib/ocaml/stdlib_stable/stdlib_stable__Char_u.cmt,51355
2026-08-24T15:54:26Z,7dace2ea9c954e45304ea9674c5ed127c76ef90e,6858,size_in_bytes,lib/ocaml/stdlib_stable/stdlib_stable__Int_u.cmt,93876
2026-08-24T15:54:26Z,7dace2ea9c954e45304ea9674c5ed127c76ef90e,6858,size_in_bytes,lib/ocaml/stdlib_stable/stdlib_stable__Float32_u.cmt,532022
2026-08-24T15:54:26Z,7dace2ea9c954e45304ea9674c5ed127c76ef90e,6858,size_in_bytes,lib/ocaml/stdlib_stable/stdlib_stable__Idx_atomic.cmt,15798
2026-08-24T15:54:26Z,7dace2ea9c954e45304ea9674c5ed127c76ef90e,6858,size_in_bytes,lib/ocaml/stdlib_stable/stdlib_stable__Idx_imm.cmt,20911
2026-08-24T15:54:26Z,7dace2ea9c954e45304ea9674c5ed127c76ef90e,6858,size_in_bytes,lib/ocaml/stdlib_stable/stdlib_stable__Int8_u.cmt,78755
2026-08-24T15:54:26Z,7dace2ea9c954e45304ea9674c5ed127c76ef90e,6858,size_in_bytes,lib/ocaml/stdlib_stable/stdlib_stable__IarrayLabels.cmt,1327129
2026-08-24T15:54:26Z,7dace2ea9c954e45304ea9674c5ed127c76ef90e,6858,size_in_bytes,lib/ocaml/stdlib_stable/stdlib_stable__Idx_mut.cmt,22294
2026-08-24T15:54:26Z,7dace2ea9c954e45304ea9674c5ed127c76ef90e,6858,size_in_bytes,lib/ocaml/stdlib_stable/stdlib_stable__Iarray.cmt,45445
2026-08-24T15:54:26Z,7dace2ea9c954e45304ea9674c5ed127c76ef90e,6858,size_in_bytes,lib/ocaml/stdlib_stable/stdlib_stable.cmt,16339
2026-08-24T15:54:26Z,7dace2ea9c954e45304ea9674c5ed127c76ef90e,6858,size_in_bytes,lib/ocaml/stdlib_stable/stdlib_stable__Int16.cmt,69941
2026-08-24T15:54:26Z,7dace2ea9c954e45304ea9674c5ed127c76ef90e,6858,size_in_bytes,lib/ocaml/stdlib_stable/stdlib_stable__Or_null.cmt,65307
2026-08-24T15:54:26Z,7dace2ea9c954e45304ea9674c5ed127c76ef90e,6858,size_in_bytes,lib/ocaml/stdlib_stable/stdlib_stable__Int8.cmt,69854
2026-08-24T15:54:26Z,7dace2ea9c954e45304ea9674c5ed127c76ef90e,6858,size_in_bytes,lib/ocaml/stdlib_stable/stdlib_stable__Int.cmt,82121
2026-08-24T15:54:26Z,7dace2ea9c954e45304ea9674c5ed127c76ef90e,6858,size_in_bytes,lib/ocaml/stdlib_stable/stdlib_stable__Int16_u.cmt,78855
2026-08-24T15:54:26Z,7dace2ea9c954e45304ea9674c5ed127c76ef90e,6858,size_in_bytes,lib/ocaml/ocaml-jit/jit.cmt,773556
2026-08-24T15:54:26Z,7dace2ea9c954e45304ea9674c5ed127c76ef90e,6858,size_in_bytes,lib/ocaml/dynlink/dynlink.cmt,68438
2026-08-24T15:54:26Z,7dace2ea9c954e45304ea9674c5ed127c76ef90e,6858,size_in_bytes,lib/ocaml/runtime_events/runtime_events.cmt,193946
2026-08-24T15:54:26Z,7dace2ea9c954e45304ea9674c5ed127c76ef90e,6858,size_in_bytes,lib/ocaml/unix/unix.cmt,1020473
2026-08-24T15:54:26Z,7dace2ea9c954e45304ea9674c5ed127c76ef90e,6858,size_in_bytes,lib/ocaml/unix/unixLabels.cmt,164152
2026-08-24T15:54:26Z,7dace2ea9c954e45304ea9674c5ed127c76ef90e,6858,size_in_bytes,lib/ocaml/str/str.cmt,1214849
2026-08-24T15:54:26Z,7dace2ea9c954e45304ea9674c5ed127c76ef90e,6858,size_in_bytes,lib/ocaml/stdlib_beta/stdlib_beta.cmt,11992
2026-08-24T15:54:26Z,7dace2ea9c954e45304ea9674c5ed127c76ef90e,6858,size_in_bytes,lib/ocaml/compiler-libs/flambda2_reaper__Reaper.cmt,79571
2026-08-24T15:54:26Z,7dace2ea9c954e45304ea9674c5ed127c76ef90e,6858,size_in_bytes,lib/ocaml/compiler-libs/reg_with_debug_info.cmt,301915
2026-08-24T15:54:26Z,7dace2ea9c954e45304ea9674c5ed127c76ef90e,6858,size_in_bytes,lib/ocaml/compiler-libs/stack_class.cmt,64268
2026-08-24T15:54:26Z,7dace2ea9c954e45304ea9674c5ed127c76ef90e,6858,size_in_bytes,lib/ocaml/compiler-libs/binary_emitter_helpers.cmt,19413
2026-08-24T15:54:26Z,7dace2ea9c954e45304ea9674c5ed127c76ef90e,6858,size_in_bytes,lib/ocaml/compiler-libs/regalloc_stack_operands.cmt,342783
2026-08-24T15:54:26Z,7dace2ea9c954e45304ea9674c5ed127c76ef90e,6858,size_in_bytes,lib/ocaml/compiler-libs/flambda2_types__Type_descr.cmt,255477
2026-08-24T15:54:26Z,7dace2ea9c954e45304ea9674c5ed127c76ef90e,6858,size_in_bytes,lib/ocaml/compiler-libs/flambda2_to_cmm__To_cmm_set_of_closures.cmt,1137341
2026-08-24T15:54:26Z,7dace2ea9c954e45304ea9674c5ed127c76ef90e,6858,size_in_bytes,lib/ocaml/compiler-libs/dwarf_high__Simple_location_description_lang.cmt,141722
2026-08-24T15:54:26Z,7dace2ea9c954e45304ea9674c5ed127c76ef90e,6858,size_in_bytes,lib/ocaml/compiler-libs/flambda2_to_cmm__To_cmm_result.cmt,190710
2026-08-24T15:54:26Z,7dace2ea9c954e45304ea9674c5ed127c76ef90e,6858,size_in_bytes,lib/ocaml/compiler-libs/regalloc_utils.cmt,729974
2026-08-24T15:54:26Z,7dace2ea9c954e45304ea9674c5ed127c76ef90e,6858,size_in_bytes,lib/ocaml/compiler-libs/partition.cmt,51632
2026-08-24T15:54:26Z,7dace2ea9c954e45304ea9674c5ed127c76ef90e,6858,size_in_bytes,lib/ocaml/compiler-libs/optmaindriver.cmt,334098
2026-08-24T15:54:26Z,7dace2ea9c954e45304ea9674c5ed127c76ef90e,6858,size_in_bytes,lib/ocaml/compiler-libs/flambda2_simplify__Simplify_binary_primitive.cmt,3868685
2026-08-24T15:54:26Z,7dace2ea9c954e45304ea9674c5ed127c76ef90e,6858,size_in_bytes,lib/ocaml/compiler-libs/dwarf_low__Aranges_table.cmt,54766
2026-08-24T15:54:26Z,7dace2ea9c954e45304ea9674c5ed127c76ef90e,6858,size_in_bytes,lib/ocaml/compiler-libs/maindriver.cmt,144470
2026-08-24T15:54:26Z,7dace2ea9c954e45304ea9674c5ed127c76ef90e,6858,size_in_bytes,lib/ocaml/compiler-libs/iplt.cmt,132011
2026-08-24T15:54:26Z,7dace2ea9c954e45304ea9674c5ed127c76ef90e,6858,size_in_bytes,lib/ocaml/compiler-libs/includeclass.cmt,182493
2026-08-24T15:54:26Z,7dace2ea9c954e45304ea9674c5ed127c76ef90e,6858,size_in_bytes,lib/ocaml/compiler-libs/flambda2_term_basics__Symbol_projection.cmt,175463
2026-08-24T15:54:26Z,7dace2ea9c954e45304ea9674c5ed127c76ef90e,6858,size_in_bytes,lib/ocaml/compiler-libs/flambda2_simplify_shared__Are_rebuilding_terms.cmt,26220
2026-08-24T15:54:26Z,7dace2ea9c954e45304ea9674c5ed127c76ef90e,6858,size_in_bytes,lib/ocaml/compiler-libs/flambda2_types__Set_of_closures_contents.cmt,504600
2026-08-24T15:54:26Z,7dace2ea9c954e45304ea9674c5ed127c76ef90e,6858,size_in_bytes,lib/ocaml/compiler-libs/bytelink.cmt,1111457
2026-08-24T15:54:26Z,7dace2ea9c954e45304ea9674c5ed127c76ef90e,6858,size_in_bytes,lib/ocaml/compiler-libs/flambda2_datalog__.cmt,18047
2026-08-24T15:54:26Z,7dace2ea9c954e45304ea9674c5ed127c76ef90e,6858,size_in_bytes,lib/ocaml/compiler-libs/flambda2_simplify__One_recursive_handler.cmt,58945
2026-08-24T15:54:26Z,7dace2ea9c954e45304ea9674c5ed127c76ef90e,6858,size_in_bytes,lib/ocaml/compiler-libs/vicuna_value_shapes.cmt,271447
2026-08-24T15:54:26Z,7dace2ea9c954e45304ea9674c5ed127c76ef90e,6858,size_in_bytes,lib/ocaml/compiler-libs/typedecl_variance.cmt,675697
2026-08-24T15:54:26Z,7dace2ea9c954e45304ea9674c5ed127c76ef90e,6858,size_in_bytes,lib/ocaml/compiler-libs/flambda2_simplify__Dominator_graph.cmt,446344
2026-08-24T15:54:26Z,7dace2ea9c954e45304ea9674c5ed127c76ef90e,6858,size_in_bytes,lib/ocaml/compiler-libs/scalar.cmt,682314
2026-08-24T15:54:26Z,7dace2ea9c954e45304ea9674c5ed127c76ef90e,6858,size_in_bytes,lib/ocaml/compiler-libs/vicuna_traverse_typed_tree.cmt,579970
2026-08-24T15:54:26Z,7dace2ea9c954e45304ea9674c5ed127c76ef90e,6858,size_in_bytes,lib/ocaml/compiler-libs/cm_bundle.cmt,134273
2026-08-24T15:54:26Z,7dace2ea9c954e45304ea9674c5ed127c76ef90e,6858,size_in_bytes,lib/ocaml/compiler-libs/dwarf_name_laundry.cmt,40021
2026-08-24T15:54:26Z,7dace2ea9c954e45304ea9674c5ed127c76ef90e,6858,size_in_bytes,lib/ocaml/compiler-libs/flambda2_identifiers__Slot.cmt,335356
2026-08-24T15:54:26Z,7dace2ea9c954e45304ea9674c5ed127c76ef90e,6858,size_in_bytes,lib/ocaml/compiler-libs/flambda2_term_basics.cmt,20582
2026-08-24T15:54:26Z,7dace2ea9c954e45304ea9674c5ed127c76ef90e,6858,size_in_bytes,lib/ocaml/compiler-libs/optpackager.cmt,363741
2026-08-24T15:54:26Z,7dace2ea9c954e45304ea9674c5ed127c76ef90e,6858,size_in_bytes,lib/ocaml/compiler-libs/dwarf_low__Dwarf_4_range_list.cmt,60940
2026-08-24T15:54:26Z,7dace2ea9c954e45304ea9674c5ed127c76ef90e,6858,size_in_bytes,lib/ocaml/compiler-libs/flambda2_identifiers__Apply_cont_rewrite_id.cmt,30559
2026-08-24T15:54:26Z,7dace2ea9c954e45304ea9674c5ed127c76ef90e,6858,size_in_bytes,lib/ocaml/compiler-libs/dwarf_low__Dwarf_arch_sizes.cmt,12239
2026-08-24T15:54:26Z,7dace2ea9c954e45304ea9674c5ed127c76ef90e,6858,size_in_bytes,lib/ocaml/compiler-libs/peephole_optimize.cmt,51726
2026-08-24T15:54:26Z,7dace2ea9c954e45304ea9674c5ed127c76ef90e,6858,size_in_bytes,lib/ocaml/compiler-libs/flambda2_simplify__Downwards_env.cmt,1103119
2026-08-24T15:54:26Z,7dace2ea9c954e45304ea9674c5ed127c76ef90e,6858,size_in_bytes,lib/ocaml/compiler-libs/flambda2_terms__Set_of_closures.cmt,307576
2026-08-24T15:54:26Z,7dace2ea9c954e45304ea9674c5ed127c76ef90e,6858,size_in_bytes,lib/ocaml/compiler-libs/arm64_binary_emitter__Section_state.cmt,223389
2026-08-24T15:54:26Z,7dace2ea9c954e45304ea9674c5ed127c76ef90e,6858,size_in_bytes,lib/ocaml/compiler-libs/flambda2_simplify_shared__Slot_offsets.cmt,1072855
2026-08-24T15:54:26Z,7dace2ea9c954e45304ea9674c5ed127c76ef90e,6858,size_in_bytes,lib/ocaml/compiler-libs/opt_fuel.cmt,161444
2026-08-24T15:54:26Z,7dace2ea9c954e45304ea9674c5ed127c76ef90e,6858,size_in_bytes,lib/ocaml/compiler-libs/flambda2_nominal__Contains_names.cmt,25753
2026-08-24T15:54:26Z,7dace2ea9c954e45304ea9674c5ed127c76ef90e,6858,size_in_bytes,lib/ocaml/compiler-libs/flambda2_simplify__Expr_builder.cmt,733325
2026-08-24T15:54:26Z,7dace2ea9c954e45304ea9674c5ed127c76ef90e,6858,size_in_bytes,lib/ocaml/compiler-libs/regalloc_stack_slots.cmt,453404
2026-08-24T15:54:26Z,7dace2ea9c954e45304ea9674c5ed127c76ef90e,6858,size_in_bytes,lib/ocaml/compiler-libs/flambda2_to_cmm__To_cmm_static.cmt,1391065
2026-08-24T15:54:26Z,7dace2ea9c954e45304ea9674c5ed127c76ef90e,6858,size_in_bytes,lib/ocaml/compiler-libs/dwarf_low__Location_or_range_list_table.cmt,119656
2026-08-24T15:54:26Z,7dace2ea9c954e45304ea9674c5ed127c76ef90e,6858,size_in_bytes,lib/ocaml/compiler-libs/flambda2_nominal__Renaming.cmt,275136
2026-08-24T15:54:26Z,7dace2ea9c954e45304ea9674c5ed127c76ef90e,6858,size_in_bytes,lib/ocaml/compiler-libs/flambda2_simplify__Flow.cmt,25895
2026-08-24T15:54:26Z,7dace2ea9c954e45304ea9674c5ed127c76ef90e,6858,size_in_bytes,lib/ocaml/compiler-libs/flambda2_identifiers__Continuation.cmt,301765
2026-08-24T15:54:26Z,7dace2ea9c954e45304ea9674c5ed127c76ef90e,6858,size_in_bytes,lib/ocaml/compiler-libs/flambda2_parser__Fexpr_to_flambda.cmt,1152654
2026-08-24T15:54:26Z,7dace2ea9c954e45304ea9674c5ed127c76ef90e,6858,size_in_bytes,lib/ocaml/compiler-libs/flambda2_simplify__Simplify.cmt,113625
2026-08-24T15:54:26Z,7dace2ea9c954e45304ea9674c5ed127c76ef90e,6858,size_in_bytes,lib/ocaml/compiler-libs/dwarf_low__Range_list_entry.cmt,32091
2026-08-24T15:54:26Z,7dace2ea9c954e45304ea9674c5ed127c76ef90e,6858,size_in_bytes,lib/ocaml/compiler-libs/flambda2_simplify_shared__Function_decl_inlining_decision.cmt,81261
2026-08-24T15:54:26Z,7dace2ea9c954e45304ea9674c5ed127c76ef90e,6858,size_in_bytes,lib/ocaml/compiler-libs/dwarf_compilation_unit.cmt,71351
2026-08-24T15:54:26Z,7dace2ea9c954e45304ea9674c5ed127c76ef90e,6858,size_in_bytes,lib/ocaml/compiler-libs/includemod_errorprinter.cmt,2181755
2026-08-24T15:54:26Z,7dace2ea9c954e45304ea9674c5ed127c76ef90e,6858,size_in_bytes,lib/ocaml/compiler-libs/x86_peephole_rules.cmt,233475
2026-08-24T15:54:26Z,7dace2ea9c954e45304ea9674c5ed127c76ef90e,6858,size_in_bytes,lib/ocaml/compiler-libs/flambda2_types__Cached_level.cmt,136262
2026-08-24T15:54:26Z,7dace2ea9c954e45304ea9674c5ed127c76ef90e,6858,size_in_bytes,lib/ocaml/compiler-libs/slambda.cmt,32803
2026-08-24T15:54:26Z,7dace2ea9c954e45304ea9674c5ed127c76ef90e,6858,size_in_bytes,lib/ocaml/compiler-libs/flambda2_types__More_type_creators.cmt,584723
2026-08-24T15:54:26Z,7dace2ea9c954e45304ea9674c5ed127c76ef90e,6858,size_in_bytes,lib/ocaml/compiler-libs/ident.cmt,706258
2026-08-24T15:54:26Z,7dace2ea9c954e45304ea9674c5ed127c76ef90e,6858,size_in_bytes,lib/ocaml/compiler-libs/dwarf_low__Dwarf_language.cmt,38656
2026-08-24T15:54:26Z,7dace2ea9c954e45304ea9674c5ed127c76ef90e,6858,size_in_bytes,lib/ocaml/compiler-libs/genprintval.cmt,1222873
2026-08-24T15:54:26Z,7dace2ea9c954e45304ea9674c5ed127c76ef90e,6858,size_in_bytes,lib/ocaml/compiler-libs/flambda2_parser__Fexpr.cmt,178475
2026-08-24T15:54:26Z,7dace2ea9c954e45304ea9674c5ed127c76ef90e,6858,size_in_bytes,lib/ocaml/compiler-libs/flambda2_terms__Inlining_history.cmt,363451
2026-08-24T15:54:26Z,7dace2ea9c954e45304ea9674c5ed127c76ef90e,6858,size_in_bytes,lib/ocaml/compiler-libs/flambda2_simplify__Specialization_cost.cmt,209873
2026-08-24T15:54:26Z,7dace2ea9c954e45304ea9674c5ed127c76ef90e,6858,size_in_bytes,lib/ocaml/compiler-libs/flambda2_simplify__Rebuilt_expr.cmt,165865
2026-08-24T15:54:26Z,7dace2ea9c954e45304ea9674c5ed127c76ef90e,6858,size_in_bytes,lib/ocaml/compiler-libs/flambda2_simplify__Rebuilt_static_const.cmt,493667
2026-08-24T15:54:26Z,7dace2ea9c954e45304ea9674c5ed127c76ef90e,6858,size_in_bytes,lib/ocaml/compiler-libs/flambda2_types__Meet_and_join.cmt,3290898
2026-08-24T15:54:26Z,7dace2ea9c954e45304ea9674c5ed127c76ef90e,6858,size_in_bytes,lib/ocaml/compiler-libs/slambdaident.cmt,205156
2026-08-24T15:54:26Z,7dace2ea9c954e45304ea9674c5ed127c76ef90e,6858,size_in_bytes,lib/ocaml/compiler-libs/cfg_prologue.cmt,553168
2026-08-24T15:54:26Z,7dace2ea9c954e45304ea9674c5ed127c76ef90e,6858,size_in_bytes,lib/ocaml/compiler-libs/flambda2_to_jsir__To_jsir_set_of_closures.cmt,101371
2026-08-24T15:54:26Z,7dace2ea9c954e45304ea9674c5ed127c76ef90e,6858,size_in_bytes,lib/ocaml/compiler-libs/emitcode.cmt,904387
2026-08-24T15:54:26Z,7dace2ea9c954e45304ea9674c5ed127c76ef90e,6858,size_in_bytes,lib/ocaml/compiler-libs/flambda2_algorithms.cmt,16163
2026-08-24T15:54:26Z,7dace2ea9c954e45304ea9674c5ed127c76ef90e,6858,size_in_bytes,lib/ocaml/compiler-libs/flambda2_simplify__Simplify_expr.cmt,198572
2026-08-24T15:54:26Z,7dace2ea9c954e45304ea9674c5ed127c76ef90e,6858,size_in_bytes,lib/ocaml/compiler-libs/arm64_binary_emitter__Encode_instruction.cmt,2069591
2026-08-24T15:54:26Z,7dace2ea9c954e45304ea9674c5ed127c76ef90e,6858,size_in_bytes,lib/ocaml/compiler-libs/regalloc_interf_graph.cmt,425895
2026-08-24T15:54:26Z,7dace2ea9c954e45304ea9674c5ed127c76ef90e,6858,size_in_bytes,lib/ocaml/compiler-libs/cfg_to_linear.cmt,472846
2026-08-24T15:54:26Z,7dace2ea9c954e45304ea9674c5ed127c76ef90e,6858,size_in_bytes,lib/ocaml/compiler-libs/dwarf_high__Assign_abbrevs.cmt,69907
2026-08-24T15:54:26Z,7dace2ea9c954e45304ea9674c5ed127c76ef90e,6858,size_in_bytes,lib/ocaml/compiler-libs/out_type.cmt,3776739
2026-08-24T15:54:26Z,7dace2ea9c954e45304ea9674c5ed127c76ef90e,6858,size_in_bytes,lib/ocaml/compiler-libs/flambda2_reaper__Unboxing_analysis.cmt,983005
2026-08-24T15:54:26Z,7dace2ea9c954e45304ea9674c5ed127c76ef90e,6858,size_in_bytes,lib/ocaml/compiler-libs/language_extension_kernel.cmt,23223
2026-08-24T15:54:26Z,7dace2ea9c954e45304ea9674c5ed127c76ef90e,6858,size_in_bytes,lib/ocaml/compiler-libs/current_unit.cmt,74568
2026-08-24T15:54:26Z,7dace2ea9c954e45304ea9674c5ed127c76ef90e,6858,size_in_bytes,lib/ocaml/compiler-libs/linkage_name.cmt,177689
2026-08-24T15:54:26Z,7dace2ea9c954e45304ea9674c5ed127c76ef90e,6858,size_in_bytes,lib/ocaml/compiler-libs/dwarf_state.cmt,211503
2026-08-24T15:54:26Z,7dace2ea9c954e45304ea9674c5ed127c76ef90e,6858,size_in_bytes,lib/ocaml/compiler-libs/relocatable_symbol_name.cmt,17937
2026-08-24T15:54:26Z,7dace2ea9c954e45304ea9674c5ed127c76ef90e,6858,size_in_bytes,lib/ocaml/compiler-libs/flambda2_numbers__Or_infinity.cmt,37724
2026-08-24T15:54:26Z,7dace2ea9c954e45304ea9674c5ed127c76ef90e,6858,size_in_bytes,lib/ocaml/compiler-libs/flambda2_parser__Flambda_to_fexpr.cmt,1139168
2026-08-24T15:54:26Z,7dace2ea9c954e45304ea9674c5ed127c76ef90e,6858,size_in_bytes,lib/ocaml/compiler-libs/typetexp.cmt,2813532
2026-08-24T15:54:26Z,7dace2ea9c954e45304ea9674c5ed127c76ef90e,6858,size_in_bytes,lib/ocaml/compiler-libs/flambda2_terms__Result_types.cmt,237242
2026-08-24T15:54:26Z,7dace2ea9c954e45304ea9674c5ed127c76ef90e,6858,size_in_bytes,lib/ocaml/compiler-libs/cmi_format.cmt,302348
2026-08-24T15:54:26Z,7dace2ea9c954e45304ea9674c5ed127c76ef90e,6858,size_in_bytes,lib/ocaml/compiler-libs/format_doc.cmt,1115035
2026-08-24T15:54:26Z,7dace2ea9c954e45304ea9674c5ed127c76ef90e,6858,size_in_bytes,lib/ocaml/compiler-libs/flambda2_datalog__Table.cmt,388473
2026-08-24T15:54:26Z,7dace2ea9c954e45304ea9674c5ed127c76ef90e,6858,size_in_bytes,lib/ocaml/compiler-libs/zero_alloc_checker.cmt,3475861
2026-08-24T15:54:26Z,7dace2ea9c954e45304ea9674c5ed127c76ef90e,6858,size_in_bytes,lib/ocaml/compiler-libs/select_utils.cmt,903808
2026-08-24T15:54:26Z,7dace2ea9c954e45304ea9674c5ed127c76ef90e,6858,size_in_bytes,lib/ocaml/compiler-libs/flambda2_simplify__Non_constructed_code.cmt,56029
2026-08-24T15:54:26Z,7dace2ea9c954e45304ea9674c5ed127c76ef90e,6858,size_in_bytes,lib/ocaml/compiler-libs/optcompile.cmt,380507
2026-08-24T15:54:26Z,7dace2ea9c954e45304ea9674c5ed127c76ef90e,6858,size_in_bytes,lib/ocaml/compiler-libs/dwarf.cmt,241699
2026-08-24T15:54:26Z,7dace2ea9c954e45304ea9674c5ed127c76ef90e,6858,size_in_bytes,lib/ocaml/compiler-libs/binary_emitter_intf.cmt,58981
2026-08-24T15:54:26Z,7dace2ea9c954e45304ea9674c5ed127c76ef90e,6858,size_in_bytes,lib/ocaml/compiler-libs/flambda2_terms__Regalloc_attribute.cmt,38519
2026-08-24T15:54:26Z,7dace2ea9c954e45304ea9674c5ed127c76ef90e,6858,size_in_bytes,lib/ocaml/compiler-libs/flambda2_to_cmm.cmt,16761
2026-08-24T15:54:26Z,7dace2ea9c954e45304ea9674c5ed127c76ef90e,6858,size_in_bytes,lib/ocaml/compiler-libs/flambda2_simplify__Mutable_unboxing.cmt,754520
2026-08-24T15:54:26Z,7dace2ea9c954e45304ea9674c5ed127c76ef90e,6858,size_in_bytes,lib/ocaml/compiler-libs/peephole_rules.cmt,293188
2026-08-24T15:54:26Z,7dace2ea9c954e45304ea9674c5ed127c76ef90e,6858,size_in_bytes,lib/ocaml/compiler-libs/flambda2_to_jsir__To_jsir.cmt,806979
2026-08-24T15:54:26Z,7dace2ea9c954e45304ea9674c5ed127c76ef90e,6858,size_in_bytes,lib/ocaml/compiler-libs/simd.cmt,4669312
2026-08-24T15:54:26Z,7dace2ea9c954e45304ea9674c5ed127c76ef90e,6858,size_in_bytes,lib/ocaml/compiler-libs/vectorize_specific.cmt,83906
2026-08-24T15:54:26Z,7dace2ea9c954e45304ea9674c5ed127c76ef90e,6858,size_in_bytes,lib/ocaml/compiler-libs/flambda2_terms__Apply_cont_expr.cmt,347781
2026-08-24T15:54:26Z,7dace2ea9c954e45304ea9674c5ed127c76ef90e,6858,size_in_bytes,lib/ocaml/compiler-libs/flambda2_terms__Cost_metrics.cmt,108656
2026-08-24T15:54:26Z,7dace2ea9c954e45304ea9674c5ed127c76ef90e,6858,size_in_bytes,lib/ocaml/compiler-libs/flambda2_classic_mode_types__Value_approximation.cmt,91357
2026-08-24T15:54:26Z,7dace2ea9c954e45304ea9674c5ed127c76ef90e,6858,size_in_bytes,lib/ocaml/compiler-libs/cfg_liveness.cmt,104053
2026-08-24T15:54:26Z,7dace2ea9c954e45304ea9674c5ed127c76ef90e,6858,size_in_bytes,lib/ocaml/compiler-libs/env.cmt,7951078
2026-08-24T15:54:26Z,7dace2ea9c954e45304ea9674c5ed127c76ef90e,6858,size_in_bytes,lib/ocaml/compiler-libs/flambda2_to_cmm__To_cmm_env.cmt,1412260
2026-08-24T15:54:26Z,7dace2ea9c954e45304ea9674c5ed127c76ef90e,6858,size_in_bytes,lib/ocaml/compiler-libs/flambda2_terms__Code_metadata.cmt,778480
2026-08-24T15:54:26Z,7dace2ea9c954e45304ea9674c5ed127c76ef90e,6858,size_in_bytes,lib/ocaml/compiler-libs/flambda2_simplify__Simplified_named.cmt,100087
2026-08-24T15:54:26Z,7dace2ea9c954e45304ea9674c5ed127c76ef90e,6858,size_in_bytes,lib/ocaml/compiler-libs/flambda2_term_basics__Simple.cmt,660396
2026-08-24T15:54:26Z,7dace2ea9c954e45304ea9674c5ed127c76ef90e,6858,size_in_bytes,lib/ocaml/compiler-libs/asm_targets__Asm_directives.cmt,1774124
2026-08-24T15:54:26Z,7dace2ea9c954e45304ea9674c5ed127c76ef90e,6858,size_in_bytes,lib/ocaml/compiler-libs/flambda2_parser__Flambda_parser.cmt,7684571
2026-08-24T15:54:26Z,7dace2ea9c954e45304ea9674c5ed127c76ef90e,6858,size_in_bytes,lib/ocaml/compiler-libs/dwarf_inlined_frames.cmt,477971
2026-08-24T15:54:26Z,7dace2ea9c954e45304ea9674c5ed127c76ef90e,6858,size_in_bytes,lib/ocaml/compiler-libs/flambda2_datalog__Trie.cmt,391187
2026-08-24T15:54:26Z,7dace2ea9c954e45304ea9674c5ed127c76ef90e,6858,size_in_bytes,lib/ocaml/compiler-libs/x86_gas.cmt,877706
2026-08-24T15:54:26Z,7dace2ea9c954e45304ea9674c5ed127c76ef90e,6858,size_in_bytes,lib/ocaml/compiler-libs/regalloc_gi_utils.cmt,731595
2026-08-24T15:54:26Z,7dace2ea9c954e45304ea9674c5ed127c76ef90e,6858,size_in_bytes,lib/ocaml/compiler-libs/location_tracker_formatter.cmt,171463
2026-08-24T15:54:26Z,7dace2ea9c954e45304ea9674c5ed127c76ef90e,6858,size_in_bytes,lib/ocaml/compiler-libs/arm64_binary_emitter__For_jit.cmt,156851
2026-08-24T15:54:26Z,7dace2ea9c954e45304ea9674c5ed127c76ef90e,6858,size_in_bytes,lib/ocaml/compiler-libs/x86_dsl.cmt,244704
2026-08-24T15:54:26Z,7dace2ea9c954e45304ea9674c5ed127c76ef90e,6858,size_in_bytes,lib/ocaml/compiler-libs/emitaux.cmt,1159807
2026-08-24T15:54:26Z,7dace2ea9c954e45304ea9674c5ed127c76ef90e,6858,size_in_bytes,lib/ocaml/compiler-libs/asm_targets__Asm_symbol.cmt,268718
2026-08-24T15:54:26Z,7dace2ea9c954e45304ea9674c5ed127c76ef90e,6858,size_in_bytes,lib/ocaml/compiler-libs/flambda2_simplify__Simplify_named_result.cmt,62299
2026-08-24T15:54:26Z,7dace2ea9c954e45304ea9674c5ed127c76ef90e,6858,size_in_bytes,lib/ocaml/compiler-libs/asmgen.cmt,1058942
2026-08-24T15:54:26Z,7dace2ea9c954e45304ea9674c5ed127c76ef90e,6858,size_in_bytes,lib/ocaml/compiler-libs/flambda2_algorithms__Patricia_tree.cmt,3284465
2026-08-24T15:54:26Z,7dace2ea9c954e45304ea9674c5ed127c76ef90e,6858,size_in_bytes,lib/ocaml/compiler-libs/dwarf_abstract_instances.cmt,144081
2026-08-24T15:54:26Z,7dace2ea9c954e45304ea9674c5ed127c76ef90e,6858,size_in_bytes,lib/ocaml/compiler-libs/flambda2_terms__Coeffects.cmt,38921
2026-08-24T15:54:26Z,7dace2ea9c954e45304ea9674c5ed127c76ef90e,6858,size_in_bytes,lib/ocaml/compiler-libs/runtimetags.cmt,21781
2026-08-24T15:54:26Z,7dace2ea9c954e45304ea9674c5ed127c76ef90e,6858,size_in_bytes,lib/ocaml/compiler-libs/oxcaml_flags.cmt,473720
2026-08-24T15:54:26Z,7dace2ea9c954e45304ea9674c5ed127c76ef90e,6858,size_in_bytes,lib/ocaml/compiler-libs/arm64_ast.cmt,11652
2026-08-24T15:54:26Z,7dace2ea9c954e45304ea9674c5ed127c76ef90e,6858,size_in_bytes,lib/ocaml/compiler-libs/static_label.cmt,35667
2026-08-24T15:54:26Z,7dace2ea9c954e45304ea9674c5ed127c76ef90e,6858,size_in_bytes,lib/ocaml/compiler-libs/regalloc_ls.cmt,467753
2026-08-24T15:54:26Z,7dace2ea9c954e45304ea9674c5ed127c76ef90e,6858,size_in_bytes,lib/ocaml/compiler-libs/flambda2_simplify__Simplify_variadic_primitive.cmt,220924
2026-08-24T15:54:26Z,7dace2ea9c954e45304ea9674c5ed127c76ef90e,6858,size_in_bytes,lib/ocaml/compiler-libs/flambda2_datalog__Datalog.cmt,558390
2026-08-24T15:54:26Z,7dace2ea9c954e45304ea9674c5ed127c76ef90e,6858,size_in_bytes,lib/ocaml/compiler-libs/generic_fns.cmt,459702
2026-08-24T15:54:26Z,7dace2ea9c954e45304ea9674c5ed127c76ef90e,6858,size_in_bytes,lib/ocaml/compiler-libs/flambda2_types__Reify.cmt,539447
2026-08-24T15:54:26Z,7dace2ea9c954e45304ea9674c5ed127c76ef90e,6858,size_in_bytes,lib/ocaml/compiler-libs/flambda2_terms__Switch_expr.cmt,163994
2026-08-24T15:54:26Z,7dace2ea9c954e45304ea9674c5ed127c76ef90e,6858,size_in_bytes,lib/ocaml/compiler-libs/reg.cmt,577701
2026-08-24T15:54:26Z,7dace2ea9c954e45304ea9674c5ed127c76ef90e,6858,size_in_bytes,lib/ocaml/compiler-libs/import_info.cmt,178096
2026-08-24T15:54:26Z,7dace2ea9c954e45304ea9674c5ed127c76ef90e,6858,size_in_bytes,lib/ocaml/compiler-libs/optlink.cmt,460522
2026-08-24T15:54:26Z,7dace2ea9c954e45304ea9674c5ed127c76ef90e,6858,size_in_bytes,lib/ocaml/compiler-libs/flambda2_identifiers__Rec_info_expr0.cmt,209084
2026-08-24T15:54:26Z,7dace2ea9c954e45304ea9674c5ed127c76ef90e,6858,size_in_bytes,lib/ocaml/compiler-libs/dwarf_low__Single_location_description.cmt,28941
2026-08-24T15:54:26Z,7dace2ea9c954e45304ea9674c5ed127c76ef90e,6858,size_in_bytes,lib/ocaml/compiler-libs/dwarf_high__Operator_builder.cmt,171278
2026-08-24T15:54:26Z,7dace2ea9c954e45304ea9674c5ed127c76ef90e,6858,size_in_bytes,lib/ocaml/compiler-libs/compilation_unit.cmt,1132744
2026-08-24T15:54:26Z,7dace2ea9c954e45304ea9674c5ed127c76ef90e,6858,size_in_bytes,lib/ocaml/compiler-libs/btype.cmt,2635339
2026-08-24T15:54:26Z,7dace2ea9c954e45304ea9674c5ed127c76ef90e,6858,size_in_bytes,lib/ocaml/compiler-libs/flambda2_simplify__Flow_types.cmt,431665
2026-08-24T15:54:26Z,7dace2ea9c954e45304ea9674c5ed127c76ef90e,6858,size_in_bytes,lib/ocaml/compiler-libs/x86_binary_emitter.cmt,3271112
2026-08-24T15:54:26Z,7dace2ea9c954e45304ea9674c5ed127c76ef90e,6858,size_in_bytes,lib/ocaml/compiler-libs/flambda2_kinds__Flambda_arity.cmt,229492
2026-08-24T15:54:26Z,7dace2ea9c954e45304ea9674c5ed127c76ef90e,6858,size_in_bytes,lib/ocaml/compiler-libs/regs_utils.cmt,171858
2026-08-24T15:54:26Z,7dace2ea9c954e45304ea9674c5ed127c76ef90e,6858,size_in_bytes,lib/ocaml/compiler-libs/flambda2_from_lambda__Lambda_to_flambda.cmt,2294181
2026-08-24T15:54:26Z,7dace2ea9c954e45304ea9674c5ed127c76ef90e,6858,size_in_bytes,lib/ocaml/compiler-libs/flambda2_cmx.cmt,12473
2026-08-24T15:54:26Z,7dace2ea9c954e45304ea9674c5ed127c76ef90e,6858,size_in_bytes,lib/ocaml/compiler-libs/unit_info.cmt,218242
2026-08-24T15:54:26Z,7dace2ea9c954e45304ea9674c5ed127c76ef90e,6858,size_in_bytes,lib/ocaml/compiler-libs/datarepr.cmt,360511
2026-08-24T15:54:26Z,7dace2ea9c954e45304ea9674c5ed127c76ef90e,6858,size_in_bytes,lib/ocaml/compiler-libs/parser.cmt,83812590
2026-08-24T15:54:26Z,7dace2ea9c954e45304ea9674c5ed127c76ef90e,6858,size_in_bytes,lib/ocaml/compiler-libs/flambda2_terms__Zero_alloc_attribute.cmt,79569
2026-08-24T15:54:26Z,7dace2ea9c954e45304ea9674c5ed127c76ef90e,6858,size_in_bytes,lib/ocaml/compiler-libs/flambda2_identifiers__Code_id_or_symbol.cmt,23723
2026-08-24T15:54:26Z,7dace2ea9c954e45304ea9674c5ed127c76ef90e,6858,size_in_bytes,lib/ocaml/compiler-libs/doubly_linked_list.cmt,525125
2026-08-24T15:54:26Z,7dace2ea9c954e45304ea9674c5ed127c76ef90e,6858,size_in_bytes,lib/ocaml/compiler-libs/flambda2_reaper__Datalog_helpers.cmt,701481
2026-08-24T15:54:26Z,7dace2ea9c954e45304ea9674c5ed127c76ef90e,6858,size_in_bytes,lib/ocaml/compiler-libs/flambda2_identifiers__Value_slot.cmt,96635
2026-08-24T15:54:26Z,7dace2ea9c954e45304ea9674c5ed127c76ef90e,6858,size_in_bytes,lib/ocaml/compiler-libs/errortrace.cmt,174027
2026-08-24T15:54:26Z,7dace2ea9c954e45304ea9674c5ed127c76ef90e,6858,size_in_bytes,lib/ocaml/compiler-libs/flambda2_types__Code_age_relation.cmt,125167
2026-08-24T15:54:26Z,7dace2ea9c954e45304ea9674c5ed127c76ef90e,6858,size_in_bytes,lib/ocaml/compiler-libs/dissector_log.cmt,34855
2026-08-24T15:54:26Z,7dace2ea9c954e45304ea9674c5ed127c76ef90e,6858,size_in_bytes,lib/ocaml/compiler-libs/ast_iterator.cmt,1450897
2026-08-24T15:54:26Z,7dace2ea9c954e45304ea9674c5ed127c76ef90e,6858,size_in_bytes,lib/ocaml/compiler-libs/flambda2_types__Typing_env_extension.cmt,197816
2026-08-24T15:54:26Z,7dace2ea9c954e45304ea9674c5ed127c76ef90e,6858,size_in_bytes,lib/ocaml/compiler-libs/flambda2_from_lambda__Closure_conversion.cmt,4440455
2026-08-24T15:54:26Z,7dace2ea9c954e45304ea9674c5ed127c76ef90e,6858,size_in_bytes,lib/ocaml/compiler-libs/lambda.cmt,3457411
2026-08-24T15:54:26Z,7dace2ea9c954e45304ea9674c5ed127c76ef90e,6858,size_in_bytes,lib/ocaml/compiler-libs/flambda2_from_lambda.cmt,16154
2026-08-24T15:54:26Z,7dace2ea9c954e45304ea9674c5ed127c76ef90e,6858,size_in_bytes,lib/ocaml/compiler-libs/flambda2_term_basics__Unit.cmt,167525
2026-08-24T15:54:26Z,7dace2ea9c954e45304ea9674c5ed127c76ef90e,6858,size_in_bytes,lib/ocaml/compiler-libs/flambda2_reaper__Rebuild.cmt,2873036
2026-08-24T15:54:26Z,7dace2ea9c954e45304ea9674c5ed127c76ef90e,6858,size_in_bytes,lib/ocaml/compiler-libs/dwarf_low__Range_list.cmt,20318
2026-08-24T15:54:26Z,7dace2ea9c954e45304ea9674c5ed127c76ef90e,6858,size_in_bytes,lib/ocaml/compiler-libs/flambda2_nominal__Num_occurrences.cmt,23723
2026-08-24T15:54:26Z,7dace2ea9c954e45304ea9674c5ed127c76ef90e,6858,size_in_bytes,lib/ocaml/compiler-libs/cfg.cmt,881272
2026-08-24T15:54:26Z,7dace2ea9c954e45304ea9674c5ed127c76ef90e,6858,size_in_bytes,lib/ocaml/compiler-libs/flambda2_nominal.cmt,17480
2026-08-24T15:54:26Z,7dace2ea9c954e45304ea9674c5ed127c76ef90e,6858,size_in_bytes,lib/ocaml/compiler-libs/available_ranges_vars.cmt,204522
2026-08-24T15:54:26Z,7dace2ea9c954e45304ea9674c5ed127c76ef90e,6858,size_in_bytes,lib/ocaml/compiler-libs/primitive.cmt,1244454
2026-08-24T15:54:26Z,7dace2ea9c954e45304ea9674c5ed127c76ef90e,6858,size_in_bytes,lib/ocaml/compiler-libs/flambda2_types.cmt,446578
2026-08-24T15:54:26Z,7dace2ea9c954e45304ea9674c5ed127c76ef90e,6858,size_in_bytes,lib/ocaml/compiler-libs/flambda2_simplify__Original_handlers.cmt,117248
2026-08-24T15:54:26Z,7dace2ea9c954e45304ea9674c5ed127c76ef90e,6858,size_in_bytes,lib/ocaml/compiler-libs/flambda2_simplify__Simplify_primitive.cmt,324374
2026-08-24T15:54:26Z,7dace2ea9c954e45304ea9674c5ed127c76ef90e,6858,size_in_bytes,lib/ocaml/compiler-libs/dwarf_low__Dwarf_4_range_list_entry.cmt,100192
2026-08-24T15:54:26Z,7dace2ea9c954e45304ea9674c5ed127c76ef90e,6858,size_in_bytes,lib/ocaml/compiler-libs/flambda2_simplify__Simplify_unary_primitive.cmt,1172400
2026-08-24T15:54:26Z,7dace2ea9c954e45304ea9674c5ed127c76ef90e,6858,size_in_bytes,lib/ocaml/compiler-libs/attr_helper.cmt,53461
2026-08-24T15:54:26Z,7dace2ea9c954e45304ea9674c5ed127c76ef90e,6858,size_in_bytes,lib/ocaml/compiler-libs/flambda2_identifiers.cmt,23524
2026-08-24T15:54:26Z,7dace2ea9c954e45304ea9674c5ed127c76ef90e,6858,size_in_bytes,lib/ocaml/compiler-libs/flambda2_ui__Flambda_features.cmt,373020
2026-08-24T15:54:26Z,7dace2ea9c954e45304ea9674c5ed127c76ef90e,6858,size_in_bytes,lib/ocaml/compiler-libs/flambda2_simplify__Unboxing_epa.cmt,548288
2026-08-24T15:54:26Z,7dace2ea9c954e45304ea9674c5ed127c76ef90e,6858,size_in_bytes,lib/ocaml/compiler-libs/flambda2_identifiers__Flambda_debug_uid.cmt,203239
2026-08-24T15:54:26Z,7dace2ea9c954e45304ea9674c5ed127c76ef90e,6858,size_in_bytes,lib/ocaml/compiler-libs/dwarf_low__Address_index.cmt,246211
2026-08-24T15:54:26Z,7dace2ea9c954e45304ea9674c5ed127c76ef90e,6858,size_in_bytes,lib/ocaml/compiler-libs/dwarf_low__Location_list.cmt,20523
2026-08-24T15:54:26Z,7dace2ea9c954e45304ea9674c5ed127c76ef90e,6858,size_in_bytes,lib/ocaml/compiler-libs/flambda2_simplify__Simplify_set_of_closures.cmt,1207787
2026-08-24T15:54:26Z,7dace2ea9c954e45304ea9674c5ed127c76ef90e,6858,size_in_bytes,lib/ocaml/compiler-libs/errortrace_report.cmt,1007705
2026-08-24T15:54:26Z,7dace2ea9c954e45304ea9674c5ed127c76ef90e,6858,size_in_bytes,lib/ocaml/compiler-libs/flambda2_terms__Function_declarations.cmt,127633
2026-08-24T15:54:26Z,7dace2ea9c954e45304ea9674c5ed127c76ef90e,6858,size_in_bytes,lib/ocaml/compiler-libs/backend_var.cmt,203546
2026-08-24T15:54:26Z,7dace2ea9c954e45304ea9674c5ed127c76ef90e,6858,size_in_bytes,lib/ocaml/compiler-libs/flambda2_import.cmt,11334
2026-08-24T15:54:26Z,7dace2ea9c954e45304ea9674c5ed127c76ef90e,6858,size_in_bytes,lib/ocaml/compiler-libs/bytepackager.cmt,397969
2026-08-24T15:54:26Z,7dace2ea9c954e45304ea9674c5ed127c76ef90e,6858,size_in_bytes,lib/ocaml/compiler-libs/dwarf_low__Composite_location_description.cmt,38930
2026-08-24T15:54:26Z,7dace2ea9c954e45304ea9674c5ed127c76ef90e,6858,size_in_bytes,lib/ocaml/compiler-libs/arm64_binary_emitter__Logical_helpers.cmt,120219
2026-08-24T15:54:26Z,7dace2ea9c954e45304ea9674c5ed127c76ef90e,6858,size_in_bytes,lib/ocaml/compiler-libs/linkdeps.cmt,209638
2026-08-24T15:54:26Z,7dace2ea9c954e45304ea9674c5ed127c76ef90e,6858,size_in_bytes,lib/ocaml/compiler-libs/arm64_binary_emitter__Nop_helpers.cmt,15696
2026-08-24T15:54:26Z,7dace2ea9c954e45304ea9674c5ed127c76ef90e,6858,size_in_bytes,lib/ocaml/compiler-libs/flambda2_types__With_cached_free_names.cmt,82851
2026-08-24T15:54:26Z,7dace2ea9c954e45304ea9674c5ed127c76ef90e,6858,size_in_bytes,lib/ocaml/compiler-libs/flambda2_to_jsir__To_jsir_static_const.cmt,359201
2026-08-24T15:54:26Z,7dace2ea9c954e45304ea9674c5ed127c76ef90e,6858,size_in_bytes,lib/ocaml/compiler-libs/path.cmt,326896
2026-08-24T15:54:26Z,7dace2ea9c954e45304ea9674c5ed127c76ef90e,6858,size_in_bytes,lib/ocaml/compiler-libs/flambda2_bound_identifiers__Bound_continuation.cmt,38383
2026-08-24T15:54:26Z,7dace2ea9c954e45304ea9674c5ed127c76ef90e,6858,size_in_bytes,lib/ocaml/compiler-libs/flambda2_terms__Static_const.cmt,1240004
2026-08-24T15:54:26Z,7dace2ea9c954e45304ea9674c5ed127c76ef90e,6858,size_in_bytes,lib/ocaml/compiler-libs/cfg_merge_blocks.cmt,175139
2026-08-24T15:54:26Z,7dace2ea9c954e45304ea9674c5ed127c76ef90e,6858,size_in_bytes,lib/ocaml/compiler-libs/optlibrarian.cmt,201339
2026-08-24T15:54:26Z,7dace2ea9c954e45304ea9674c5ed127c76ef90e,6858,size_in_bytes,lib/ocaml/compiler-libs/flambda2_terms__Flambda_unit.cmt,102146
2026-08-24T15:54:26Z,7dace2ea9c954e45304ea9674c5ed127c76ef90e,6858,size_in_bytes,lib/ocaml/compiler-libs/flambda2_terms__Effects_and_coeffects.cmt,62377
2026-08-24T15:54:26Z,7dace2ea9c954e45304ea9674c5ed127c76ef90e,6858,size_in_bytes,lib/ocaml/compiler-libs/llvm_ir.cmt,1638958
2026-08-24T15:54:26Z,7dace2ea9c954e45304ea9674c5ed127c76ef90e,6858,size_in_bytes,lib/ocaml/compiler-libs/flambda2_to_jsir.cmt,15508
2026-08-24T15:54:26Z,7dace2ea9c954e45304ea9674c5ed127c76ef90e,6858,size_in_bytes,lib/ocaml/compiler-libs/measure_object_files.cmt,232865
2026-08-24T15:54:26Z,7dace2ea9c954e45304ea9674c5ed127c76ef90e,6858,size_in_bytes,lib/ocaml/compiler-libs/regalloc_validate.cmt,1720575
2026-08-24T15:54:26Z,7dace2ea9c954e45304ea9674c5ed127c76ef90e,6858,size_in_bytes,lib/ocaml/compiler-libs/binary_emitter_verify.cmt,664161
2026-08-24T15:54:26Z,7dace2ea9c954e45304ea9674c5ed127c76ef90e,6858,size_in_bytes,lib/ocaml/compiler-libs/dwarf_high__Dwarf_attribute_helpers.cmt,495796
2026-08-24T15:54:26Z,7dace2ea9c954e45304ea9674c5ed127c76ef90e,6858,size_in_bytes,lib/ocaml/compiler-libs/flambda2_bound_identifiers__Bound_static.cmt,198957
2026-08-24T15:54:26Z,7dace2ea9c954e45304ea9674c5ed127c76ef90e,6858,size_in_bytes,lib/ocaml/compiler-libs/flambda2_datalog__Schedule.cmt,823835
2026-08-24T15:54:26Z,7dace2ea9c954e45304ea9674c5ed127c76ef90e,6858,size_in_bytes,lib/ocaml/compiler-libs/bytesections.cmt,138623
2026-08-24T15:54:26Z,7dace2ea9c954e45304ea9674c5ed127c76ef90e,6858,size_in_bytes,lib/ocaml/compiler-libs/afl_instrument.cmt,162315
2026-08-24T15:54:26Z,7dace2ea9c954e45304ea9674c5ed127c76ef90e,6858,size_in_bytes,lib/ocaml/compiler-libs/typeclass.cmt,3110643
2026-08-24T15:54:26Z,7dace2ea9c954e45304ea9674c5ed127c76ef90e,6858,size_in_bytes,lib/ocaml/compiler-libs/flambda2_term_basics__Continuation_use_kind.cmt,14876
2026-08-24T15:54:26Z,7dace2ea9c954e45304ea9674c5ed127c76ef90e,6858,size_in_bytes,lib/ocaml/compiler-libs/is_parameter.cmt,156127
2026-08-24T15:54:26Z,7dace2ea9c954e45304ea9674c5ed127c76ef90e,6858,size_in_bytes,lib/ocaml/compiler-libs/ccomp.cmt,268406
2026-08-24T15:54:26Z,7dace2ea9c954e45304ea9674c5ed127c76ef90e,6858,size_in_bytes,lib/ocaml/compiler-libs/typemod.cmt,6333214
2026-08-24T15:54:26Z,7dace2ea9c954e45304ea9674c5ed127c76ef90e,6858,size_in_bytes,lib/ocaml/compiler-libs/diffing.cmt,557794
2026-08-24T15:54:26Z,7dace2ea9c954e45304ea9674c5ed127c76ef90e,6858,size_in_bytes,lib/ocaml/compiler-libs/flambda2_reaper__Points_to_analysis.cmt,1642134
2026-08-24T15:54:26Z,7dace2ea9c954e45304ea9674c5ed127c76ef90e,6858,size_in_bytes,lib/ocaml/compiler-libs/ast_mapper.cmt,2639853
2026-08-24T15:54:26Z,7dace2ea9c954e45304ea9674c5ed127c76ef90e,6858,size_in_bytes,lib/ocaml/compiler-libs/flambda2_bound_identifiers__Bound_parameters.cmt,151912
2026-08-24T15:54:26Z,7dace2ea9c954e45304ea9674c5ed127c76ef90e,6858,size_in_bytes,lib/ocaml/compiler-libs/arm64_binary_emitter__Shift_immh_immb_helpers.cmt,56461
2026-08-24T15:54:26Z,7dace2ea9c954e45304ea9674c5ed127c76ef90e,6858,size_in_bytes,lib/ocaml/compiler-libs/printoperation.cmt,407537
2026-08-24T15:54:26Z,7dace2ea9c954e45304ea9674c5ed127c76ef90e,6858,size_in_bytes,lib/ocaml/compiler-libs/flambda2_bound_identifiers__Bound_name.cmt,57235
2026-08-24T15:54:26Z,7dace2ea9c954e45304ea9674c5ed127c76ef90e,6858,size_in_bytes,lib/ocaml/compiler-libs/flambda2_algorithms__Or_null.cmt,36895
2026-08-24T15:54:26Z,7dace2ea9c954e45304ea9674c5ed127c76ef90e,6858,size_in_bytes,lib/ocaml/compiler-libs/warnings.cmt,2265079
2026-08-24T15:54:26Z,7dace2ea9c954e45304ea9674c5ed127c76ef90e,6858,size_in_bytes,lib/ocaml/compiler-libs/shape_reduce.cmt,971237
2026-08-24T15:54:26Z,7dace2ea9c954e45304ea9674c5ed127c76ef90e,6858,size_in_bytes,lib/ocaml/compiler-libs/flambda2_identifiers__Named_rewrite_id.cmt,30529
2026-08-24T15:54:26Z,7dace2ea9c954e45304ea9674c5ed127c76ef90e,6858,size_in_bytes,lib/ocaml/compiler-libs/signature_with_global_bindings.cmt,89146
2026-08-24T15:54:26Z,7dace2ea9c954e45304ea9674c5ed127c76ef90e,6858,size_in_bytes,lib/ocaml/compiler-libs/toploop.cmt,507756
2026-08-24T15:54:26Z,7dace2ea9c954e45304ea9674c5ed127c76ef90e,6858,size_in_bytes,lib/ocaml/compiler-libs/flambda2_simplify__Simplify_apply_expr.cmt,1445851
2026-08-24T15:54:26Z,7dace2ea9c954e45304ea9674c5ed127c76ef90e,6858,size_in_bytes,lib/ocaml/compiler-libs/flambda2_simplify__Reification.cmt,285388
2026-08-24T15:54:26Z,7dace2ea9c954e45304ea9674c5ed127c76ef90e,6858,size_in_bytes,lib/ocaml/compiler-libs/typedtree.cmt,1078927
2026-08-24T15:54:26Z,7dace2ea9c954e45304ea9674c5ed127c76ef90e,6858,size_in_bytes,lib/ocaml/compiler-libs/numbers.cmt,534783
2026-08-24T15:54:26Z,7dace2ea9c954e45304ea9674c5ed127c76ef90e,6858,size_in_bytes,lib/ocaml/compiler-libs/instantiator.cmt,316507
2026-08-24T15:54:26Z,7dace2ea9c954e45304ea9674c5ed127c76ef90e,6858,size_in_bytes,lib/ocaml/compiler-libs/compiler_hooks.cmt,149478
2026-08-24T15:54:26Z,7dace2ea9c954e45304ea9674c5ed127c76ef90e,6858,size_in_bytes,lib/ocaml/compiler-libs/dwarf_low__Debug_loc_table.cmt,46388
2026-08-24T15:54:26Z,7dace2ea9c954e45304ea9674c5ed127c76ef90e,6858,size_in_bytes,lib/ocaml/compiler-libs/flambda2_simplify__Continuation_shortcut.cmt,89566
2026-08-24T15:54:26Z,7dace2ea9c954e45304ea9674c5ed127c76ef90e,6858,size_in_bytes,lib/ocaml/compiler-libs/value_rec_check.cmt,1283446
2026-08-24T15:54:26Z,7dace2ea9c954e45304ea9674c5ed127c76ef90e,6858,size_in_bytes,lib/ocaml/compiler-libs/makedepend.cmt,1056356
2026-08-24T15:54:26Z,7dace2ea9c954e45304ea9674c5ed127c76ef90e,6858,size_in_bytes,lib/ocaml/compiler-libs/flambda2_types__Traversals.cmt,2125242
2026-08-24T15:54:26Z,7dace2ea9c954e45304ea9674c5ed127c76ef90e,6858,size_in_bytes,lib/ocaml/compiler-libs/ctype.cmt,11793926
2026-08-24T15:54:26Z,7dace2ea9c954e45304ea9674c5ed127c76ef90e,6858,size_in_bytes,lib/ocaml/compiler-libs/translcore.cmt,3615972
2026-08-24T15:54:26Z,7dace2ea9c954e45304ea9674c5ed127c76ef90e,6858,size_in_bytes,lib/ocaml/compiler-libs/cfg_stack_checks.cmt,194089
2026-08-24T15:54:26Z,7dace2ea9c954e45304ea9674c5ed127c76ef90e,6858,size_in_bytes,lib/ocaml/compiler-libs/flambda2_reaper.cmt,21456
2026-08-24T15:54:26Z,7dace2ea9c954e45304ea9674c5ed127c76ef90e,6858,size_in_bytes,lib/ocaml/compiler-libs/flambda2_to_jsir__To_jsir_env.cmt,311359
2026-08-24T15:54:26Z,7dace2ea9c954e45304ea9674c5ed127c76ef90e,6858,size_in_bytes,lib/ocaml/compiler-libs/arrayset.cmt,191176
2026-08-24T15:54:26Z,7dace2ea9c954e45304ea9674c5ed127c76ef90e,6858,size_in_bytes,lib/ocaml/compiler-libs/flambda2_term_basics__String_info.cmt,174200
2026-08-24T15:54:26Z,7dace2ea9c954e45304ea9674c5ed127c76ef90e,6858,size_in_bytes,lib/ocaml/compiler-libs/dwarf_flags.cmt,175483
2026-08-24T15:54:26Z,7dace2ea9c954e45304ea9674c5ed127c76ef90e,6858,size_in_bytes,lib/ocaml/compiler-libs/cmm_peephole_engine.cmt,465103
2026-08-24T15:54:26Z,7dace2ea9c954e45304ea9674c5ed127c76ef90e,6858,size_in_bytes,lib/ocaml/compiler-libs/untypeast.cmt,2032118
2026-08-24T15:54:26Z,7dace2ea9c954e45304ea9674c5ed127c76ef90e,6858,size_in_bytes,lib/ocaml/compiler-libs/flambda2_simplify__Simplify_switch_expr.cmt,1091186
2026-08-24T15:54:26Z,7dace2ea9c954e45304ea9674c5ed127c76ef90e,6858,size_in_bytes,lib/ocaml/compiler-libs/dwarf_low__Debugging_information_entry.cmt,62648
2026-08-24T15:54:26Z,7dace2ea9c954e45304ea9674c5ed127c76ef90e,6858,size_in_bytes,lib/ocaml/compiler-libs/cmm.cmt,670990
2026-08-24T15:54:26Z,7dace2ea9c954e45304ea9674c5ed127c76ef90e,6858,size_in_bytes,lib/ocaml/compiler-libs/flambda2_nominal__Name_occurrences.cmt,1441111
2026-08-24T15:54:26Z,7dace2ea9c954e45304ea9674c5ed127c76ef90e,6858,size_in_bytes,lib/ocaml/compiler-libs/flambda2_types__Join_levels.cmt,163517
2026-08-24T15:54:26Z,7dace2ea9c954e45304ea9674c5ed127c76ef90e,6858,size_in_bytes,lib/ocaml/compiler-libs/targetint.cmt,164713
2026-08-24T15:54:26Z,7dace2ea9c954e45304ea9674c5ed127c76ef90e,6858,size_in_bytes,lib/ocaml/compiler-libs/axis_lattice.cmt,584312
2026-08-24T15:54:26Z,7dace2ea9c954e45304ea9674c5ed127c76ef90e,6858,size_in_bytes,lib/ocaml/compiler-libs/typedecl_properties.cmt,113635
2026-08-24T15:54:26Z,7dace2ea9c954e45304ea9674c5ed127c76ef90e,6858,size_in_bytes,lib/ocaml/compiler-libs/printcfg.cmt,548166
2026-08-24T15:54:26Z,7dace2ea9c954e45304ea9674c5ed127c76ef90e,6858,size_in_bytes,lib/ocaml/compiler-libs/instruct.cmt,51756
2026-08-24T15:54:26Z,7dace2ea9c954e45304ea9674c5ed127c76ef90e,6858,size_in_bytes,lib/ocaml/compiler-libs/regalloc_invariants.cmt,265687
2026-08-24T15:54:26Z,7dace2ea9c954e45304ea9674c5ed127c76ef90e,6858,size_in_bytes,lib/ocaml/compiler-libs/printblambda.cmt,563179
2026-08-24T15:54:26Z,7dace2ea9c954e45304ea9674c5ed127c76ef90e,6858,size_in_bytes,lib/ocaml/compiler-libs/global_module.cmt,949921
2026-08-24T15:54:26Z,7dace2ea9c954e45304ea9674c5ed127c76ef90e,6858,size_in_bytes,lib/ocaml/compiler-libs/int_replace_polymorphic_compare.cmt,29026
2026-08-24T15:54:26Z,7dace2ea9c954e45304ea9674c5ed127c76ef90e,6858,size_in_bytes,lib/ocaml/compiler-libs/flambda2_terms__Recursive.cmt,29349
2026-08-24T15:54:26Z,7dace2ea9c954e45304ea9674c5ed127c76ef90e,6858,size_in_bytes,lib/ocaml/compiler-libs/flambda2_datalog__Column.cmt,200961
2026-08-24T15:54:26Z,7dace2ea9c954e45304ea9674c5ed127c76ef90e,6858,size_in_bytes,lib/ocaml/compiler-libs/typedecl.cmt,6121807
2026-08-24T15:54:26Z,7dace2ea9c954e45304ea9674c5ed127c76ef90e,6858,size_in_bytes,lib/ocaml/compiler-libs/dwarf_low__Abbreviations_table_entry.cmt,63872
2026-08-24T15:54:26Z,7dace2ea9c954e45304ea9674c5ed127c76ef90e,6858,size_in_bytes,lib/ocaml/compiler-libs/flambda2_algorithms__Container_types_intf.cmt,734849
2026-08-24T15:54:26Z,7dace2ea9c954e45304ea9674c5ed127c76ef90e,6858,size_in_bytes,lib/ocaml/compiler-libs/flambda2_term_basics__Or_variable.cmt,57197
2026-08-24T15:54:26Z,7dace2ea9c954e45304ea9674c5ed127c76ef90e,6858,size_in_bytes,lib/ocaml/compiler-libs/dwarf_low__Child_determination.cmt,28250
2026-08-24T15:54:26Z,7dace2ea9c954e45304ea9674c5ed127c76ef90e,6858,size_in_bytes,lib/ocaml/compiler-libs/flambda2_simplify__One_continuation_use.cmt,67829
2026-08-24T15:54:26Z,7dace2ea9c954e45304ea9674c5ed127c76ef90e,6858,size_in_bytes,lib/ocaml/compiler-libs/tast_mapper.cmt,2036216
2026-08-24T15:54:26Z,7dace2ea9c954e45304ea9674c5ed127c76ef90e,6858,size_in_bytes,lib/ocaml/compiler-libs/inlined_frame_ranges.cmt,403014
2026-08-24T15:54:26Z,7dace2ea9c954e45304ea9674c5ed127c76ef90e,6858,size_in_bytes,lib/ocaml/compiler-libs/flambda2_ui.cmt,11792
2026-08-24T15:54:26Z,7dace2ea9c954e45304ea9674c5ed127c76ef90e,6858,size_in_bytes,lib/ocaml/compiler-libs/compile.cmt,181065
2026-08-24T15:54:26Z,7dace2ea9c954e45304ea9674c5ed127c76ef90e,6858,size_in_bytes,lib/ocaml/compiler-libs/compenv.cmt,1106915
2026-08-24T15:54:26Z,7dace2ea9c954e45304ea9674c5ed127c76ef90e,6858,size_in_bytes,lib/ocaml/compiler-libs/flambda2_simplify__Lifted_cont_params.cmt,115593
2026-08-24T15:54:26Z,7dace2ea9c954e45304ea9674c5ed127c76ef90e,6858,size_in_bytes,lib/ocaml/compiler-libs/arm64_binary_emitter__Data_proc_helpers.cmt,147416
2026-08-24T15:54:26Z,7dace2ea9c954e45304ea9674c5ed127c76ef90e,6858,size_in_bytes,lib/ocaml/compiler-libs/linkenv.cmt,490553
2026-08-24T15:54:26Z,7dace2ea9c954e45304ea9674c5ed127c76ef90e,6858,size_in_bytes,lib/ocaml/compiler-libs/symbol_table.cmt,168888
2026-08-24T15:54:26Z,7dace2ea9c954e45304ea9674c5ed127c76ef90e,6858,size_in_bytes,lib/ocaml/compiler-libs/zero_alloc_utils.cmt,258067
2026-08-24T15:54:26Z,7dace2ea9c954e45304ea9674c5ed127c76ef90e,6858,size_in_bytes,lib/ocaml/compiler-libs/x86_section.cmt,109157
2026-08-24T15:54:26Z,7dace2ea9c954e45304ea9674c5ed127c76ef90e,6858,size_in_bytes,lib/ocaml/compiler-libs/flambda2_simplify__Simplify_coercion.cmt,40043
2026-08-24T15:54:26Z,7dace2ea9c954e45304ea9674c5ed127c76ef90e,6858,size_in_bytes,lib/ocaml/compiler-libs/patterns.cmt,325476
2026-08-24T15:54:26Z,7dace2ea9c954e45304ea9674c5ed127c76ef90e,6858,size_in_bytes,lib/ocaml/compiler-libs/printlinear.cmt,296254
2026-08-24T15:54:26Z,7dace2ea9c954e45304ea9674c5ed127c76ef90e,6858,size_in_bytes,lib/ocaml/compiler-libs/dwarf_low__Dwarf_operator.cmt,417672
2026-08-24T15:54:26Z,7dace2ea9c954e45304ea9674c5ed127c76ef90e,6858,size_in_bytes,lib/ocaml/compiler-libs/flambda2_simplify__Number_adjuncts.cmt,1905472
2026-08-24T15:54:26Z,7dace2ea9c954e45304ea9674c5ed127c76ef90e,6858,size_in_bytes,lib/ocaml/compiler-libs/flambda2_reaper__Rev_expr.cmt,50689
2026-08-24T15:54:26Z,7dace2ea9c954e45304ea9674c5ed127c76ef90e,6858,size_in_bytes,lib/ocaml/compiler-libs/flambda2_types__Type_grammar.cmt,6030270
2026-08-24T15:54:26Z,7dace2ea9c954e45304ea9674c5ed127c76ef90e,6858,size_in_bytes,lib/ocaml/compiler-libs/arm64_binary_emitter__Simd_helpers.cmt,492330
2026-08-24T15:54:26Z,7dace2ea9c954e45304ea9674c5ed127c76ef90e,6858,size_in_bytes,lib/ocaml/compiler-libs/compute_ranges_intf.cmt,190236
2026-08-24T15:54:26Z,7dace2ea9c954e45304ea9674c5ed127c76ef90e,6858,size_in_bytes,lib/ocaml/compiler-libs/regalloc_irc.cmt,840398
2026-08-24T15:54:26Z,7dace2ea9c954e45304ea9674c5ed127c76ef90e,6858,size_in_bytes,lib/ocaml/compiler-libs/reg_availability_set.cmt,135614
2026-08-24T15:54:26Z,7dace2ea9c954e45304ea9674c5ed127c76ef90e,6858,size_in_bytes,lib/ocaml/compiler-libs/flambda2_identifiers__Symbol.cmt,42161
2026-08-24T15:54:26Z,7dace2ea9c954e45304ea9674c5ed127c76ef90e,6858,size_in_bytes,lib/ocaml/compiler-libs/section_table.cmt,77967
2026-08-24T15:54:26Z,7dace2ea9c954e45304ea9674c5ed127c76ef90e,6858,size_in_bytes,lib/ocaml/compiler-libs/slambdaeval.cmt,851926
2026-08-24T15:54:26Z,7dace2ea9c954e45304ea9674c5ed127c76ef90e,6858,size_in_bytes,lib/ocaml/compiler-libs/transl_list_comprehension.cmt,186256
2026-08-24T15:54:26Z,7dace2ea9c954e45304ea9674c5ed127c76ef90e,6858,size_in_bytes,lib/ocaml/compiler-libs/flambda2_cmx__Flambda_cmx.cmt,227085
2026-08-24T15:54:26Z,7dace2ea9c954e45304ea9674c5ed127c76ef90e,6858,size_in_bytes,lib/ocaml/compiler-libs/flambda2_simplify__Simplify_extcall.cmt,316788
2026-08-24T15:54:26Z,7dace2ea9c954e45304ea9674c5ed127c76ef90e,6858,size_in_bytes,lib/ocaml/compiler-libs/cfg_dominators.cmt,569794
2026-08-24T15:54:26Z,7dace2ea9c954e45304ea9674c5ed127c76ef90e,6858,size_in_bytes,lib/ocaml/compiler-libs/flambda2_terms.cmt,39573
2026-08-24T15:54:26Z,7dace2ea9c954e45304ea9674c5ed127c76ef90e,6858,size_in_bytes,lib/ocaml/compiler-libs/printast.cmt,3474184
2026-08-24T15:54:26Z,7dace2ea9c954e45304ea9674c5ed127c76ef90e,6858,size_in_bytes,lib/ocaml/compiler-libs/flambda2_term_basics__Value_slot_set.cmt,183446
2026-08-24T15:54:26Z,7dace2ea9c954e45304ea9674c5ed127c76ef90e,6858,size_in_bytes,lib/ocaml/compiler-libs/dsl_helpers.cmt,12284
2026-08-24T15:54:26Z,7dace2ea9c954e45304ea9674c5ed127c76ef90e,6858,size_in_bytes,lib/ocaml/compiler-libs/flambda2_simplify__Simplify_simple.cmt,80601
2026-08-24T15:54:26Z,7dace2ea9c954e45304ea9674c5ed127c76ef90e,6858,size_in_bytes,lib/ocaml/compiler-libs/dwarf_low__Abbreviations_table.cmt,188189
2026-08-24T15:54:26Z,7dace2ea9c954e45304ea9674c5ed127c76ef90e,6858,size_in_bytes,lib/ocaml/compiler-libs/flambda2_terms__Expr_std.cmt,33086
2026-08-24T15:54:26Z,7dace2ea9c954e45304ea9674c5ed127c76ef90e,6858,size_in_bytes,lib/ocaml/compiler-libs/cmt_format.cmt,846244
2026-08-24T15:54:26Z,7dace2ea9c954e45304ea9674c5ed127c76ef90e,6858,size_in_bytes,lib/ocaml/compiler-libs/mode.cmt,13600314
2026-08-24T15:54:26Z,7dace2ea9c954e45304ea9674c5ed127c76ef90e,6858,size_in_bytes,lib/ocaml/compiler-libs/cfg_reducibility.cmt,87789
2026-08-24T15:54:26Z,7dace2ea9c954e45304ea9674c5ed127c76ef90e,6858,size_in_bytes,lib/ocaml/compiler-libs/flambda2_simplify__Common_subexpression_elimination.cmt,704089
2026-08-24T15:54:26Z,7dace2ea9c954e45304ea9674c5ed127c76ef90e,6858,size_in_bytes,lib/ocaml/compiler-libs/flambda2_cmx__Exported_code.cmt,139827
2026-08-24T15:54:26Z,7dace2ea9c954e45304ea9674c5ed127c76ef90e,6858,size_in_bytes,lib/ocaml/compiler-libs/regalloc_affinity.cmt,183963
2026-08-24T15:54:26Z,7dace2ea9c954e45304ea9674c5ed127c76ef90e,6858,size_in_bytes,lib/ocaml/compiler-libs/flambda2_simplify__Build_unboxing_denv.cmt,298524
2026-08-24T15:54:26Z,7dace2ea9c954e45304ea9674c5ed127c76ef90e,6858,size_in_bytes,lib/ocaml/compiler-libs/regalloc_ls_state.cmt,316152
2026-08-24T15:54:26Z,7dace2ea9c954e45304ea9674c5ed127c76ef90e,6858,size_in_bytes,lib/ocaml/compiler-libs/regalloc_ls_utils.cmt,494095
2026-08-24T15:54:26Z,7dace2ea9c954e45304ea9674c5ed127c76ef90e,6858,size_in_bytes,lib/ocaml/compiler-libs/flambda2_simplify__Simplify_import.cmt,43715
2026-08-24T15:54:26Z,7dace2ea9c954e45304ea9674c5ed127c76ef90e,6858,size_in_bytes,lib/ocaml/compiler-libs/flambda2_simplify__Simplify_ternary_primitive.cmt,172993
2026-08-24T15:54:26Z,7dace2ea9c954e45304ea9674c5ed127c76ef90e,6858,size_in_bytes,lib/ocaml/compiler-libs/flambda2_to_cmm__To_cmm.cmt,429559
2026-08-24T15:54:26Z,7dace2ea9c954e45304ea9674c5ed127c76ef90e,6858,size_in_bytes,lib/ocaml/compiler-libs/linear_utils.cmt,39807
2026-08-24T15:54:26Z,7dace2ea9c954e45304ea9674c5ed127c76ef90e,6858,size_in_bytes,lib/ocaml/compiler-libs/cfg_comballoc.cmt,197902
2026-08-24T15:54:26Z,7dace2ea9c954e45304ea9674c5ed127c76ef90e,6858,size_in_bytes,lib/ocaml/compiler-libs/translmode.cmt,53947
2026-08-24T15:54:26Z,7dace2ea9c954e45304ea9674c5ed127c76ef90e,6858,size_in_bytes,lib/ocaml/compiler-libs/flambda2_terms__Trap_action.cmt,120761
2026-08-24T15:54:26Z,7dace2ea9c954e45304ea9674c5ed127c76ef90e,6858,size_in_bytes,lib/ocaml/compiler-libs/binutils.cmt,865849
2026-08-24T15:54:26Z,7dace2ea9c954e45304ea9674c5ed127c76ef90e,6858,size_in_bytes,lib/ocaml/compiler-libs/stack_check.cmt,33805
2026-08-24T15:54:26Z,7dace2ea9c954e45304ea9674c5ed127c76ef90e,6858,size_in_bytes,lib/ocaml/compiler-libs/branch_relaxation.cmt,292453
2026-08-24T15:54:26Z,7dace2ea9c954e45304ea9674c5ed127c76ef90e,6858,size_in_bytes,lib/ocaml/compiler-libs/printast_with_mappings.cmt,3551517
2026-08-24T15:54:26Z,7dace2ea9c954e45304ea9674c5ed127c76ef90e,6858,size_in_bytes,lib/ocaml/compiler-libs/flambda2_to_jsir__To_jsir_shared.cmt,146612
2026-08-24T15:54:26Z,7dace2ea9c954e45304ea9674c5ed127c76ef90e,6858,size_in_bytes,lib/ocaml/compiler-libs/flambda2_simplify__Simplify_common.cmt,394751
2026-08-24T15:54:26Z,7dace2ea9c954e45304ea9674c5ed127c76ef90e,6858,size_in_bytes,lib/ocaml/compiler-libs/cmm_builtins.cmt,2287830
2026-08-24T15:54:26Z,7dace2ea9c954e45304ea9674c5ed127c76ef90e,6858,size_in_bytes,lib/ocaml/compiler-libs/cfg_to_linear_desc.cmt,34157
2026-08-24T15:54:26Z,7dace2ea9c954e45304ea9674c5ed127c76ef90e,6858,size_in_bytes,lib/ocaml/compiler-libs/cfg_simplify.cmt,291031
2026-08-24T15:54:26Z,7dace2ea9c954e45304ea9674c5ed127c76ef90e,6858,size_in_bytes,lib/ocaml/compiler-libs/parmatch.cmt,2969466
2026-08-24T15:54:26Z,7dace2ea9c954e45304ea9674c5ed127c76ef90e,6858,size_in_bytes,lib/ocaml/compiler-libs/proc.cmt,736679
2026-08-24T15:54:26Z,7dace2ea9c954e45304ea9674c5ed127c76ef90e,6858,size_in_bytes,lib/ocaml/compiler-libs/linear.cmt,67889
2026-08-24T15:54:26Z,7dace2ea9c954e45304ea9674c5ed127c76ef90e,6858,size_in_bytes,lib/ocaml/compiler-libs/regalloc_split_state.cmt,833339
2026-08-24T15:54:26Z,7dace2ea9c954e45304ea9674c5ed127c76ef90e,6858,size_in_bytes,lib/ocaml/compiler-libs/flambda2_terms__Removed_operations.cmt,155278
2026-08-24T15:54:26Z,7dace2ea9c954e45304ea9674c5ed127c76ef90e,6858,size_in_bytes,lib/ocaml/compiler-libs/flambda2_datalog__Value.cmt,33681
2026-08-24T15:54:26Z,7dace2ea9c954e45304ea9674c5ed127c76ef90e,6858,size_in_bytes,lib/ocaml/compiler-libs/flambda2_simplify.cmt,69529
2026-08-24T15:54:26Z,7dace2ea9c954e45304ea9674c5ed127c76ef90e,6858,size_in_bytes,lib/ocaml/compiler-libs/flambda2_parser__Fexpr_prim.cmt,1591839
2026-08-24T15:54:26Z,7dace2ea9c954e45304ea9674c5ed127c76ef90e,6858,size_in_bytes,lib/ocaml/compiler-libs/camlinternalMenhirLib.cmt,2289198
2026-08-24T15:54:26Z,7dace2ea9c954e45304ea9674c5ed127c76ef90e,6858,size_in_bytes,lib/ocaml/compiler-libs/debug.cmt,21311
2026-08-24T15:54:26Z,7dace2ea9c954e45304ea9674c5ed127c76ef90e,6858,size_in_bytes,lib/ocaml/compiler-libs/load_path.cmt,640552
2026-08-24T15:54:26Z,7dace2ea9c954e45304ea9674c5ed127c76ef90e,6858,size_in_bytes,lib/ocaml/compiler-libs/location.cmt,1493666
2026-08-24T15:54:26Z,7dace2ea9c954e45304ea9674c5ed127c76ef90e,6858,size_in_bytes,lib/ocaml/compiler-libs/flambda2_algorithms__Channel.cmt,28581
2026-08-24T15:54:26Z,7dace2ea9c954e45304ea9674c5ed127c76ef90e,6858,size_in_bytes,lib/ocaml/compiler-libs/envaux.cmt,167032
2026-08-24T15:54:26Z,7dace2ea9c954e45304ea9674c5ed127c76ef90e,6858,size_in_bytes,lib/ocaml/compiler-libs/dwarf_low__Dwarf_int.cmt,117392
2026-08-24T15:54:26Z,7dace2ea9c954e45304ea9674c5ed127c76ef90e,6858,size_in_bytes,lib/ocaml/compiler-libs/flambda2_identifiers__Name.cmt,242334
2026-08-24T15:54:26Z,7dace2ea9c954e45304ea9674c5ed127c76ef90e,6858,size_in_bytes,lib/ocaml/compiler-libs/flambda2_identifiers__Continuation_callsite_map.cmt,40544
2026-08-24T15:54:26Z,7dace2ea9c954e45304ea9674c5ed127c76ef90e,6858,size_in_bytes,lib/ocaml/compiler-libs/cms_format.cmt,155817
2026-08-24T15:54:26Z,7dace2ea9c954e45304ea9674c5ed127c76ef90e,6858,size_in_bytes,lib/ocaml/compiler-libs/stypes.cmt,219769
2026-08-24T15:54:26Z,7dace2ea9c954e45304ea9674c5ed127c76ef90e,6858,size_in_bytes,lib/ocaml/compiler-libs/flambda2_datalog__Datalog_imports.cmt,56582
2026-08-24T15:54:26Z,7dace2ea9c954e45304ea9674c5ed127c76ef90e,6858,size_in_bytes,lib/ocaml/compiler-libs/bytelibrarian.cmt,178606
2026-08-24T15:54:26Z,7dace2ea9c954e45304ea9674c5ed127c76ef90e,6858,size_in_bytes,lib/ocaml/compiler-libs/value_rec_compiler.cmt,833285
2026-08-24T15:54:26Z,7dace2ea9c954e45304ea9674c5ed127c76ef90e,6858,size_in_bytes,lib/ocaml/compiler-libs/cmm_invariants.cmt,204650
2026-08-24T15:54:26Z,7dace2ea9c954e45304ea9674c5ed127c76ef90e,6858,size_in_bytes,lib/ocaml/compiler-libs/flambda2_ui__Flambda_colours.cmt,101641
2026-08-24T15:54:26Z,7dace2ea9c954e45304ea9674c5ed127c76ef90e,6858,size_in_bytes,lib/ocaml/compiler-libs/CSE.cmt,78440
2026-08-24T15:54:26Z,7dace2ea9c954e45304ea9674c5ed127c76ef90e,6858,size_in_bytes,lib/ocaml/compiler-libs/flambda2_bound_identifiers.cmt,18249
2026-08-24T15:54:26Z,7dace2ea9c954e45304ea9674c5ed127c76ef90e,6858,size_in_bytes,lib/ocaml/compiler-libs/dwarf_low__Dwarf_attributes.cmt,657780
2026-08-24T15:54:26Z,7dace2ea9c954e45304ea9674c5ed127c76ef90e,6858,size_in_bytes,lib/ocaml/compiler-libs/x86_proc.cmt,360024
2026-08-24T15:54:26Z,7dace2ea9c954e45304ea9674c5ed127c76ef90e,6858,size_in_bytes,lib/ocaml/compiler-libs/flambda2_types__Meet.cmt,70443
2026-08-24T15:54:26Z,7dace2ea9c954e45304ea9674c5ed127c76ef90e,6858,size_in_bytes,lib/ocaml/compiler-libs/cfg_colours.cmt,43374
2026-08-24T15:54:26Z,7dace2ea9c954e45304ea9674c5ed127c76ef90e,6858,size_in_bytes,lib/ocaml/compiler-libs/flambda2_simplify__Optimistic_unboxing_decision.cmt,243656
2026-08-24T15:54:26Z,7dace2ea9c954e45304ea9674c5ed127c76ef90e,6858,size_in_bytes,lib/ocaml/compiler-libs/flambda2_nominal__Name_mode.cmt,334184
2026-08-24T15:54:26Z,7dace2ea9c954e45304ea9674c5ed127c76ef90e,6858,size_in_bytes,lib/ocaml/compiler-libs/flambda2_to_cmm__To_cmm_shared.cmt,519108
2026-08-24T15:54:26Z,7dace2ea9c954e45304ea9674c5ed127c76ef90e,6858,size_in_bytes,lib/ocaml/compiler-libs/profile.cmt,659215
2026-08-24T15:54:26Z,7dace2ea9c954e45304ea9674c5ed127c76ef90e,6858,size_in_bytes,lib/ocaml/compiler-libs/operation.cmt,657588
2026-08-24T15:54:26Z,7dace2ea9c954e45304ea9674c5ed127c76ef90e,6858,size_in_bytes,lib/ocaml/compiler-libs/flambda2_simplify__Join_points.cmt,342213
2026-08-24T15:54:26Z,7dace2ea9c954e45304ea9674c5ed127c76ef90e,6858,size_in_bytes,lib/ocaml/compiler-libs/flambda2_term_basics__Scope.cmt,120232
2026-08-24T15:54:26Z,7dace2ea9c954e45304ea9674c5ed127c76ef90e,6858,size_in_bytes,lib/ocaml/compiler-libs/flambda2_simplify__Lifted_constant.cmt,349057
2026-08-24T15:54:26Z,7dace2ea9c954e45304ea9674c5ed127c76ef90e,6858,size_in_bytes,lib/ocaml/compiler-libs/build_igot_and_iplt.cmt,42868
2026-08-24T15:54:26Z,7dace2ea9c954e45304ea9674c5ed127c76ef90e,6858,size_in_bytes,lib/ocaml/compiler-libs/flambda2_types__Provers.cmt,1483614
2026-08-24T15:54:26Z,7dace2ea9c954e45304ea9674c5ed127c76ef90e,6858,size_in_bytes,lib/ocaml/compiler-libs/flambda2_term_basics__Or_invalid.cmt,32360
2026-08-24T15:54:26Z,7dace2ea9c954e45304ea9674c5ed127c76ef90e,6858,size_in_bytes,lib/ocaml/compiler-libs/flambda2_terms__Function_decl_inlining_decision_type.cmt,419732
2026-08-24T15:54:26Z,7dace2ea9c954e45304ea9674c5ed127c76ef90e,6858,size_in_bytes,lib/ocaml/compiler-libs/compilenv.cmt,367279
2026-08-24T15:54:26Z,7dace2ea9c954e45304ea9674c5ed127c76ef90e,6858,size_in_bytes,lib/ocaml/compiler-libs/dwarf_low__Debug_ranges_table.cmt,44937
2026-08-24T15:54:26Z,7dace2ea9c954e45304ea9674c5ed127c76ef90e,6858,size_in_bytes,lib/ocaml/compiler-libs/oxcaml_args.cmt,3109624
2026-08-24T15:54:26Z,7dace2ea9c954e45304ea9674c5ed127c76ef90e,6858,size_in_bytes,lib/ocaml/compiler-libs/flambda2_simplify__Loopify_state.cmt,38025
2026-08-24T15:54:26Z,7dace2ea9c954e45304ea9674c5ed127c76ef90e,6858,size_in_bytes,lib/ocaml/compiler-libs/flambda2_simplify__Upwards_env.cmt,220087
2026-08-24T15:54:26Z,7dace2ea9c954e45304ea9674c5ed127c76ef90e,6858,size_in_bytes,lib/ocaml/compiler-libs/translmod.cmt,1823625
2026-08-24T15:54:26Z,7dace2ea9c954e45304ea9674c5ed127c76ef90e,6858,size_in_bytes,lib/ocaml/compiler-libs/flambda2_numbers__Vector_types.cmt,681583
2026-08-24T15:54:26Z,7dace2ea9c954e45304ea9674c5ed127c76ef90e,6858,size_in_bytes,lib/ocaml/compiler-libs/main_args.cmt,3983800
2026-08-24T15:54:26Z,7dace2ea9c954e45304ea9674c5ed127c76ef90e,6858,size_in_bytes,lib/ocaml/compiler-libs/dwarf_high.cmt,14649
2026-08-24T15:54:26Z,7dace2ea9c954e45304ea9674c5ed127c76ef90e,6858,size_in_bytes,lib/ocaml/compiler-libs/flambda2_terms__Code_or_metadata.cmt,248351
2026-08-24T15:54:26Z,7dace2ea9c954e45304ea9674c5ed127c76ef90e,6858,size_in_bytes,lib/ocaml/compiler-libs/regalloc_gi.cmt,380458
2026-08-24T15:54:26Z,7dace2ea9c954e45304ea9674c5ed127c76ef90e,6858,size_in_bytes,lib/ocaml/compiler-libs/flambda2_simplify__Replay_history.cmt,257065
2026-08-24T15:54:26Z,7dace2ea9c954e45304ea9674c5ed127c76ef90e,6858,size_in_bytes,lib/ocaml/compiler-libs/flambda2_nominal__Bindable.cmt,32381
2026-08-24T15:54:26Z,7dace2ea9c954e45304ea9674c5ed127c76ef90e,6858,size_in_bytes,lib/ocaml/compiler-libs/stack_reg_offset.cmt,34714
2026-08-24T15:54:26Z,7dace2ea9c954e45304ea9674c5ed127c76ef90e,6858,size_in_bytes,lib/ocaml/compiler-libs/topmain.cmt,292632
2026-08-24T15:54:26Z,7dace2ea9c954e45304ea9674c5ed127c76ef90e,6858,size_in_bytes,lib/ocaml/compiler-libs/terminfo.cmt,50587
2026-08-24T15:54:26Z,7dace2ea9c954e45304ea9674c5ed127c76ef90e,6858,size_in_bytes,lib/ocaml/compiler-libs/typemode.cmt,876577
2026-08-24T15:54:26Z,7dace2ea9c954e45304ea9674c5ed127c76ef90e,6858,size_in_bytes,lib/ocaml/compiler-libs/flambda2_simplify__Simplify_nullary_primitive.cmt,103927
2026-08-24T15:54:26Z,7dace2ea9c954e45304ea9674c5ed127c76ef90e,6858,size_in_bytes,lib/ocaml/compiler-libs/topstart.cmt,13610
2026-08-24T15:54:26Z,7dace2ea9c954e45304ea9674c5ed127c76ef90e,6858,size_in_bytes,lib/ocaml/compiler-libs/blambda.cmt,74130
2026-08-24T15:54:26Z,7dace2ea9c954e45304ea9674c5ed127c76ef90e,6858,size_in_bytes,lib/ocaml/compiler-libs/flambda2_nominal__Permutation.cmt,138643
2026-08-24T15:54:26Z,7dace2ea9c954e45304ea9674c5ed127c76ef90e,6858,size_in_bytes,lib/ocaml/compiler-libs/compmisc.cmt,146437
2026-08-24T15:54:26Z,7dace2ea9c954e45304ea9674c5ed127c76ef90e,6858,size_in_bytes,lib/ocaml/compiler-libs/arm64_binary_emitter__Bitfield_helpers.cmt,58248
2026-08-24T15:54:26Z,7dace2ea9c954e45304ea9674c5ed127c76ef90e,6858,size_in_bytes,lib/ocaml/compiler-libs/dwarf_low__Simple_location_description.cmt,22875
2026-08-24T15:54:26Z,7dace2ea9c954e45304ea9674c5ed127c76ef90e,6858,size_in_bytes,lib/ocaml/compiler-libs/flambda2_reaper__Rebuilt_expr.cmt,109817
2026-08-24T15:54:26Z,7dace2ea9c954e45304ea9674c5ed127c76ef90e,6858,size_in_bytes,lib/ocaml/compiler-libs/jkind_intf.cmt,156854
2026-08-24T15:54:26Z,7dace2ea9c954e45304ea9674c5ed127c76ef90e,6858,size_in_bytes,lib/ocaml/compiler-libs/runtimedef.cmt,99287
2026-08-24T15:54:26Z,7dace2ea9c954e45304ea9674c5ed127c76ef90e,6858,size_in_bytes,lib/ocaml/compiler-libs/flambda2_reaper__Global_flow_graph.cmt,338131
2026-08-24T15:54:26Z,7dace2ea9c954e45304ea9674c5ed127c76ef90e,6858,size_in_bytes,lib/ocaml/compiler-libs/x86_peephole_optimize.cmt,35602
2026-08-24T15:54:26Z,7dace2ea9c954e45304ea9674c5ed127c76ef90e,6858,size_in_bytes,lib/ocaml/compiler-libs/zero_alloc_annotations.cmt,49617
2026-08-24T15:54:26Z,7dace2ea9c954e45304ea9674c5ed127c76ef90e,6858,size_in_bytes,lib/ocaml/compiler-libs/cmm_helpers.cmt,7990481
2026-08-24T15:54:26Z,7dace2ea9c954e45304ea9674c5ed127c76ef90e,6858,size_in_bytes,lib/ocaml/compiler-libs/flambda2_simplify__Unbox_continuation_params.cmt,236460
2026-08-24T15:54:26Z,7dace2ea9c954e45304ea9674c5ed127c76ef90e,6858,size_in_bytes,lib/ocaml/compiler-libs/simd_selection.cmt,2516103
2026-08-24T15:54:26Z,7dace2ea9c954e45304ea9674c5ed127c76ef90e,6858,size_in_bytes,lib/ocaml/compiler-libs/flambda2_terms__Inlining_state.cmt,91988
2026-08-24T15:54:26Z,7dace2ea9c954e45304ea9674c5ed127c76ef90e,6858,size_in_bytes,lib/ocaml/compiler-libs/flambda2_simplify__Inlining_transforms.cmt,206056
2026-08-24T15:54:26Z,7dace2ea9c954e45304ea9674c5ed127c76ef90e,6858,size_in_bytes,lib/ocaml/compiler-libs/lazy_backtrack.cmt,87479
2026-08-24T15:54:26Z,7dace2ea9c954e45304ea9674c5ed127c76ef90e,6858,size_in_bytes,lib/ocaml/compiler-libs/arm64_binary_emitter__Binary_emitter.cmt,182085
2026-08-24T15:54:26Z,7dace2ea9c954e45304ea9674c5ed127c76ef90e,6858,size_in_bytes,lib/ocaml/compiler-libs/flambda2_simplify__Non_recursive_handler.cmt,107769
2026-08-24T15:54:26Z,7dace2ea9c954e45304ea9674c5ed127c76ef90e,6858,size_in_bytes,lib/ocaml/compiler-libs/flambda2_lattices__Or_unknown_or_bottom.cmt,71811
2026-08-24T15:54:26Z,7dace2ea9c954e45304ea9674c5ed127c76ef90e,6858,size_in_bytes,lib/ocaml/compiler-libs/signature_group.cmt,180956
2026-08-24T15:54:26Z,7dace2ea9c954e45304ea9674c5ed127c76ef90e,6858,size_in_bytes,lib/ocaml/compiler-libs/mtype.cmt,1132510
2026-08-24T15:54:26Z,7dace2ea9c954e45304ea9674c5ed127c76ef90e,6858,size_in_bytes,lib/ocaml/compiler-libs/opttopdirs.cmt,221546
2026-08-24T15:54:26Z,7dace2ea9c954e45304ea9674c5ed127c76ef90e,6858,size_in_bytes,lib/ocaml/compiler-libs/flambda2_parser__Fexpr_to_flambda_commons.cmt,448190
2026-08-24T15:54:26Z,7dace2ea9c954e45304ea9674c5ed127c76ef90e,6858,size_in_bytes,lib/ocaml/compiler-libs/printpat.cmt,508605
2026-08-24T15:54:26Z,7dace2ea9c954e45304ea9674c5ed127c76ef90e,6858,size_in_bytes,lib/ocaml/compiler-libs/pprintast.cmt,6090571
2026-08-24T15:54:26Z,7dace2ea9c954e45304ea9674c5ed127c76ef90e,6858,size_in_bytes,lib/ocaml/compiler-libs/regalloc_split_utils.cmt,147443
2026-08-24T15:54:26Z,7dace2ea9c954e45304ea9674c5ed127c76ef90e,6858,size_in_bytes,lib/ocaml/compiler-libs/typedecl_separability.cmt,516657
2026-08-24T15:54:26Z,7dace2ea9c954e45304ea9674c5ed127c76ef90e,6858,size_in_bytes,lib/ocaml/compiler-libs/cmmgen_state.cmt,186281
2026-08-24T15:54:26Z,7dace2ea9c954e45304ea9674c5ed127c76ef90e,6858,size_in_bytes,lib/ocaml/compiler-libs/pparse.cmt,330014
2026-08-24T15:54:26Z,7dace2ea9c954e45304ea9674c5ed127c76ef90e,6858,size_in_bytes,lib/ocaml/compiler-libs/dwarf_concrete_instances.cmt,103877
2026-08-24T15:54:26Z,7dace2ea9c954e45304ea9674c5ed127c76ef90e,6858,size_in_bytes,lib/ocaml/compiler-libs/flambda2_simplify__Flow_analysis.cmt,215646
2026-08-24T15:54:26Z,7dace2ea9c954e45304ea9674c5ed127c76ef90e,6858,size_in_bytes,lib/ocaml/compiler-libs/dwarf_low__Dwarf_tag.cmt,87311
2026-08-24T15:54:26Z,7dace2ea9c954e45304ea9674c5ed127c76ef90e,6858,size_in_bytes,lib/ocaml/compiler-libs/dwarf_high__Dwarf_world.cmt,80307
2026-08-24T15:54:26Z,7dace2ea9c954e45304ea9674c5ed127c76ef90e,6858,size_in_bytes,lib/ocaml/compiler-libs/flambda2_simplify__Unboxing_types.cmt,285196
2026-08-24T15:54:26Z,7dace2ea9c954e45304ea9674c5ed127c76ef90e,6858,size_in_bytes,lib/ocaml/compiler-libs/flambda2_simplify__Lifted_constant_state.cmt,251266
2026-08-24T15:54:26Z,7dace2ea9c954e45304ea9674c5ed127c76ef90e,6858,size_in_bytes,lib/ocaml/compiler-libs/flambda2_nominal__Ids_for_export.cmt,134626
2026-08-24T15:54:26Z,7dace2ea9c954e45304ea9674c5ed127c76ef90e,6858,size_in_bytes,lib/ocaml/compiler-libs/flambda2_simplify__Named_rewrite.cmt,49084
2026-08-24T15:54:26Z,7dace2ea9c954e45304ea9674c5ed127c76ef90e,6858,size_in_bytes,lib/ocaml/compiler-libs/lexer.cmt,1787546
2026-08-24T15:54:26Z,7dace2ea9c954e45304ea9674c5ed127c76ef90e,6858,size_in_bytes,lib/ocaml/compiler-libs/cfg_selectgen_target_intf.cmt,70160
2026-08-24T15:54:26Z,7dace2ea9c954e45304ea9674c5ed127c76ef90e,6858,size_in_bytes,lib/ocaml/compiler-libs/zero_alloc.cmt,213305
2026-08-24T15:54:26Z,7dace2ea9c954e45304ea9674c5ed127c76ef90e,6858,size_in_bytes,lib/ocaml/compiler-libs/flambda2_simplify__Upwards_acc.cmt,241043
2026-08-24T15:54:26Z,7dace2ea9c954e45304ea9674c5ed127c76ef90e,6858,size_in_bytes,lib/ocaml/compiler-libs/dwarf_low__Location_list_entry.cmt,28732
2026-08-24T15:54:26Z,7dace2ea9c954e45304ea9674c5ed127c76ef90e,6858,size_in_bytes,lib/ocaml/compiler-libs/flambda2_simplify__Simplify_rec_info_expr.cmt,151427
2026-08-24T15:54:26Z,7dace2ea9c954e45304ea9674c5ed127c76ef90e,6858,size_in_bytes,lib/ocaml/compiler-libs/matching.cmt,5988180
2026-08-24T15:54:26Z,7dace2ea9c954e45304ea9674c5ed127c76ef90e,6858,size_in_bytes,lib/ocaml/compiler-libs/flambda2_numbers__One_bit_fewer.cmt,154688
2026-08-24T15:54:26Z,7dace2ea9c954e45304ea9674c5ed127c76ef90e,6858,size_in_bytes,lib/ocaml/compiler-libs/identifiable.cmt,671385
2026-08-24T15:54:26Z,7dace2ea9c954e45304ea9674c5ed127c76ef90e,6858,size_in_bytes,lib/ocaml/compiler-libs/flambda2_reaper__Traverse_acc.cmt,573277
2026-08-24T15:54:26Z,7dace2ea9c954e45304ea9674c5ed127c76ef90e,6858,size_in_bytes,lib/ocaml/compiler-libs/flambda2_simplify__Simplify_let_expr.cmt,396808
2026-08-24T15:54:26Z,7dace2ea9c954e45304ea9674c5ed127c76ef90e,6858,size_in_bytes,lib/ocaml/compiler-libs/x86_masm.cmt,609101
2026-08-24T15:54:26Z,7dace2ea9c954e45304ea9674c5ed127c76ef90e,6858,size_in_bytes,lib/ocaml/compiler-libs/flambda2_simplify_shared__Inlining_helpers.cmt,147963
2026-08-24T15:54:26Z,7dace2ea9c954e45304ea9674c5ed127c76ef90e,6858,size_in_bytes,lib/ocaml/compiler-libs/flambda2_reaper__Types_rewriter.cmt,1517212
2026-08-24T15:54:26Z,7dace2ea9c954e45304ea9674c5ed127c76ef90e,6858,size_in_bytes,lib/ocaml/compiler-libs/regs.cmt,422934
2026-08-24T15:54:26Z,7dace2ea9c954e45304ea9674c5ed127c76ef90e,6858,size_in_bytes,lib/ocaml/compiler-libs/slambda_fracture.cmt,676308
2026-08-24T15:54:26Z,7dace2ea9c954e45304ea9674c5ed127c76ef90e,6858,size_in_bytes,lib/ocaml/compiler-libs/flambda2_simplify__Unboxers.cmt,161471
2026-08-24T15:54:26Z,7dace2ea9c954e45304ea9674c5ed127c76ef90e,6858,size_in_bytes,lib/ocaml/compiler-libs/flambda2_algorithms__Lmap.cmt,225597
2026-08-24T15:54:26Z,7dace2ea9c954e45304ea9674c5ed127c76ef90e,6858,size_in_bytes,lib/ocaml/compiler-libs/flambda2_types__Aliases.cmt,933538
2026-08-24T15:54:26Z,7dace2ea9c954e45304ea9674c5ed127c76ef90e,6858,size_in_bytes,lib/ocaml/compiler-libs/opterrors.cmt,15651
2026-08-24T15:54:26Z,7dace2ea9c954e45304ea9674c5ed127c76ef90e,6858,size_in_bytes,lib/ocaml/compiler-libs/flambda2_types__Typing_env_level.cmt,296005
2026-08-24T15:54:26Z,7dace2ea9c954e45304ea9674c5ed127c76ef90e,6858,size_in_bytes,lib/ocaml/compiler-libs/flambda2_nominal__Name_abstraction.cmt,140664
2026-08-24T15:54:26Z,7dace2ea9c954e45304ea9674c5ed127c76ef90e,6858,size_in_bytes,lib/ocaml/compiler-libs/igot.cmt,96636
2026-08-24T15:54:26Z,7dace2ea9c954e45304ea9674c5ed127c76ef90e,6858,size_in_bytes,lib/ocaml/compiler-libs/zero_alloc_info.cmt,83237
2026-08-24T15:54:26Z,7dace2ea9c954e45304ea9674c5ed127c76ef90e,6858,size_in_bytes,lib/ocaml/compiler-libs/flambda2_parser.cmt,19066
2026-08-24T15:54:26Z,7dace2ea9c954e45304ea9674c5ed127c76ef90e,6858,size_in_bytes,lib/ocaml/compiler-libs/flambda2_lattices__Or_unknown.cmt,255136
2026-08-24T15:54:26Z,7dace2ea9c954e45304ea9674c5ed127c76ef90e,6858,size_in_bytes,lib/ocaml/compiler-libs/ldd.cmt,1049468
2026-08-24T15:54:26Z,7dace2ea9c954e45304ea9674c5ed127c76ef90e,6858,size_in_bytes,lib/ocaml/compiler-libs/jkind_types.cmt,1195838
2026-08-24T15:54:26Z,7dace2ea9c954e45304ea9674c5ed127c76ef90e,6858,size_in_bytes,lib/ocaml/compiler-libs/flambda2_terms__Code0.cmt,167247
2026-08-24T15:54:26Z,7dace2ea9c954e45304ea9674c5ed127c76ef90e,6858,size_in_bytes,lib/ocaml/compiler-libs/flambda2_datalog.cmt,399219
2026-08-24T15:54:26Z,7dace2ea9c954e45304ea9674c5ed127c76ef90e,6858,size_in_bytes,lib/ocaml/compiler-libs/flambda2_term_basics__Coercion.cmt,69891
2026-08-24T15:54:26Z,7dace2ea9c954e45304ea9674c5ed127c76ef90e,6858,size_in_bytes,lib/ocaml/compiler-libs/opttoploop.cmt,1414245
2026-08-24T15:54:26Z,7dace2ea9c954e45304ea9674c5ed127c76ef90e,6858,size_in_bytes,lib/ocaml/compiler-libs/type_shape.cmt,1253815
2026-08-24T15:54:26Z,7dace2ea9c954e45304ea9674c5ed127c76ef90e,6858,size_in_bytes,lib/ocaml/compiler-libs/x86_ast_utils.cmt,179258
2026-08-24T15:54:26Z,7dace2ea9c954e45304ea9674c5ed127c76ef90e,6858,size_in_bytes,lib/ocaml/compiler-libs/dwarf_low__Location_or_range_list.cmt,35407
2026-08-24T15:54:26Z,7dace2ea9c954e45304ea9674c5ed127c76ef90e,6858,size_in_bytes,lib/ocaml/compiler-libs/dwarf_low__Inline_code.cmt,23056
2026-08-24T15:54:26Z,7dace2ea9c954e45304ea9674c5ed127c76ef90e,6858,size_in_bytes,lib/ocaml/compiler-libs/flambda2_terms__Exn_continuation.cmt,295703
2026-08-24T15:54:26Z,7dace2ea9c954e45304ea9674c5ed127c76ef90e,6858,size_in_bytes,lib/ocaml/compiler-libs/flambda2_bound_identifiers__Bound_parameter.cmt,261032
2026-08-24T15:54:26Z,7dace2ea9c954e45304ea9674c5ed127c76ef90e,6858,size_in_bytes,lib/ocaml/compiler-libs/ast_helper.cmt,1640678
2026-08-24T15:54:26Z,7dace2ea9c954e45304ea9674c5ed127c76ef90e,6858,size_in_bytes,lib/ocaml/compiler-libs/data_types.cmt,68240
2026-08-24T15:54:26Z,7dace2ea9c954e45304ea9674c5ed127c76ef90e,6858,size_in_bytes,lib/ocaml/compiler-libs/clflags.cmt,1128279
2026-08-24T15:54:26Z,7dace2ea9c954e45304ea9674c5ed127c76ef90e,6858,size_in_bytes,lib/ocaml/compiler-libs/flambda2_parser__Print_fexpr.cmt,1793276
2026-08-24T15:54:26Z,7dace2ea9c954e45304ea9674c5ed127c76ef90e,6858,size_in_bytes,lib/ocaml/compiler-libs/llvmize.cmt,3081633
2026-08-24T15:54:26Z,7dace2ea9c954e45304ea9674c5ed127c76ef90e,6858,size_in_bytes,lib/ocaml/compiler-libs/flambda2_simplify__Simplify_static_const.cmt,511602
2026-08-24T15:54:26Z,7dace2ea9c954e45304ea9674c5ed127c76ef90e,6858,size_in_bytes,lib/ocaml/compiler-libs/extract_relocations.cmt,222293
2026-08-24T15:54:26Z,7dace2ea9c954e45304ea9674c5ed127c76ef90e,6858,size_in_bytes,lib/ocaml/compiler-libs/flambda2_types__Typing_env.cmt,1540074
2026-08-24T15:54:26Z,7dace2ea9c954e45304ea9674c5ed127c76ef90e,6858,size_in_bytes,lib/ocaml/compiler-libs/cfg_selectgen.cmt,2278199
2026-08-24T15:54:26Z,7dace2ea9c954e45304ea9674c5ed127c76ef90e,6858,size_in_bytes,lib/ocaml/compiler-libs/dwarf_low__Location_list_table.cmt,22829
2026-08-24T15:54:26Z,7dace2ea9c954e45304ea9674c5ed127c76ef90e,6858,size_in_bytes,lib/ocaml/compiler-libs/build_linker_args.cmt,37479
2026-08-24T15:54:26Z,7dace2ea9c954e45304ea9674c5ed127c76ef90e,6858,size_in_bytes,lib/ocaml/compiler-libs/flambda2_terms__Code.cmt,66373
2026-08-24T15:54:26Z,7dace2ea9c954e45304ea9674c5ed127c76ef90e,6858,size_in_bytes,lib/ocaml/compiler-libs/flambda2_simplify_shared.cmt,16157
2026-08-24T15:54:26Z,7dace2ea9c954e45304ea9674c5ed127c76ef90e,6858,size_in_bytes,lib/ocaml/compiler-libs/cfg_with_infos.cmt,111641
2026-08-24T15:54:26Z,7dace2ea9c954e45304ea9674c5ed127c76ef90e,6858,size_in_bytes,lib/ocaml/compiler-libs/flambda2_identifiers__Function_slot.cmt,96653
2026-08-24T15:54:26Z,7dace2ea9c954e45304ea9674c5ed127c76ef90e,6858,size_in_bytes,lib/ocaml/compiler-libs/flambda2_term_basics__Rec_info_expr.cmt,64440
2026-08-24T15:54:26Z,7dace2ea9c954e45304ea9674c5ed127c76ef90e,6858,size_in_bytes,lib/ocaml/compiler-libs/flambda2_terms__Poll_attribute.cmt,35096
2026-08-24T15:54:26Z,7dace2ea9c954e45304ea9674c5ed127c76ef90e,6858,size_in_bytes,lib/ocaml/compiler-libs/dwarf_low__Dwarf_emittable.cmt,21740
2026-08-24T15:54:26Z,7dace2ea9c954e45304ea9674c5ed127c76ef90e,6858,size_in_bytes,lib/ocaml/compiler-libs/cfg_polling.cmt,413376
2026-08-24T15:54:26Z,7dace2ea9c954e45304ea9674c5ed127c76ef90e,6858,size_in_bytes,lib/ocaml/compiler-libs/mixed_product_bytes.cmt,172779
2026-08-24T15:54:26Z,7dace2ea9c954e45304ea9674c5ed127c76ef90e,6858,size_in_bytes,lib/ocaml/compiler-libs/dwarf_low__Dwarf_attribute_values.cmt,207593
2026-08-24T15:54:26Z,7dace2ea9c954e45304ea9674c5ed127c76ef90e,6858,size_in_bytes,lib/ocaml/compiler-libs/regalloc_irc_state.cmt,976964
2026-08-24T15:54:26Z,7dace2ea9c954e45304ea9674c5ed127c76ef90e,6858,size_in_bytes,lib/ocaml/compiler-libs/flambda2_types__Binding_time.cmt,203302
2026-08-24T15:54:26Z,7dace2ea9c954e45304ea9674c5ed127c76ef90e,6858,size_in_bytes,lib/ocaml/compiler-libs/flambda2_algorithms__Leapfrog.cmt,171608
2026-08-24T15:54:26Z,7dace2ea9c954e45304ea9674c5ed127c76ef90e,6858,size_in_bytes,lib/ocaml/compiler-libs/fdo_info.cmt,35365
2026-08-24T15:54:26Z,7dace2ea9c954e45304ea9674c5ed127c76ef90e,6858,size_in_bytes,lib/ocaml/compiler-libs/instructionId.cmt,50633
2026-08-24T15:54:26Z,7dace2ea9c954e45304ea9674c5ed127c76ef90e,6858,size_in_bytes,lib/ocaml/compiler-libs/translquote.cmt,4859171
2026-08-24T15:54:26Z,7dace2ea9c954e45304ea9674c5ed127c76ef90e,6858,size_in_bytes,lib/ocaml/compiler-libs/flambda2_types__Expand_head.cmt,1474849
2026-08-24T15:54:26Z,7dace2ea9c954e45304ea9674c5ed127c76ef90e,6858,size_in_bytes,lib/ocaml/compiler-libs/relocation_entry.cmt,97964
2026-08-24T15:54:26Z,7dace2ea9c954e45304ea9674c5ed127c76ef90e,6858,size_in_bytes,lib/ocaml/compiler-libs/simplif.cmt,1663670
2026-08-24T15:54:26Z,7dace2ea9c954e45304ea9674c5ed127c76ef90e,6858,size_in_bytes,lib/ocaml/compiler-libs/flambda2_term_basics__Empty_array_kind.cmt,59801
2026-08-24T15:54:26Z,7dace2ea9c954e45304ea9674c5ed127c76ef90e,6858,size_in_bytes,lib/ocaml/compiler-libs/arm64_binary_emitter__Condition_helpers.cmt,29247
2026-08-24T15:54:26Z,7dace2ea9c954e45304ea9674c5ed127c76ef90e,6858,size_in_bytes,lib/ocaml/compiler-libs/cfg_edge.cmt,106034
2026-08-24T15:54:26Z,7dace2ea9c954e45304ea9674c5ed127c76ef90e,6858,size_in_bytes,lib/ocaml/compiler-libs/dwarf_low__Range_list_table.cmt,22514
2026-08-24T15:54:26Z,7dace2ea9c954e45304ea9674c5ed127c76ef90e,6858,size_in_bytes,lib/ocaml/compiler-libs/flambda2_simplify__Continuation_uses_env.cmt,109355
2026-08-24T15:54:26Z,7dace2ea9c954e45304ea9674c5ed127c76ef90e,6858,size_in_bytes,lib/ocaml/compiler-libs/flambda2_terms__Effects.cmt,54913
2026-08-24T15:54:26Z,7dace2ea9c954e45304ea9674c5ed127c76ef90e,6858,size_in_bytes,lib/ocaml/compiler-libs/uniqueness_analysis.cmt,3151563
2026-08-24T15:54:26Z,7dace2ea9c954e45304ea9674c5ed127c76ef90e,6858,size_in_bytes,lib/ocaml/compiler-libs/flambda2_terms__Code_size.cmt,432825
2026-08-24T15:54:26Z,7dace2ea9c954e45304ea9674c5ed127c76ef90e,6858,size_in_bytes,lib/ocaml/compiler-libs/tmc.cmt,1098762
2026-08-24T15:54:26Z,7dace2ea9c954e45304ea9674c5ed127c76ef90e,6858,size_in_bytes,lib/ocaml/compiler-libs/cmt2annot.cmt,252728
2026-08-24T15:54:26Z,7dace2ea9c954e45304ea9674c5ed127c76ef90e,6858,size_in_bytes,lib/ocaml/compiler-libs/flambda2_bound_identifiers__Bound_for_function.cmt,218459
2026-08-24T15:54:26Z,7dace2ea9c954e45304ea9674c5ed127c76ef90e,6858,size_in_bytes,lib/ocaml/compiler-libs/lru.cmt,95173
2026-08-24T15:54:26Z,7dace2ea9c954e45304ea9674c5ed127c76ef90e,6858,size_in_bytes,lib/ocaml/compiler-libs/expunge.cmt,96279
2026-08-24T15:54:26Z,7dace2ea9c954e45304ea9674c5ed127c76ef90e,6858,size_in_bytes,lib/ocaml/compiler-libs/arm64_binary_emitter__Load_store_helpers.cmt,1011316
2026-08-24T15:54:26Z,7dace2ea9c954e45304ea9674c5ed127c76ef90e,6858,size_in_bytes,lib/ocaml/compiler-libs/flambda2_bound_identifiers__Alloc_mode.cmt,324821
2026-08-24T15:54:26Z,7dace2ea9c954e45304ea9674c5ed127c76ef90e,6858,size_in_bytes,lib/ocaml/compiler-libs/arm64_binary_emitter__Relocation.cmt,270252
2026-08-24T15:54:26Z,7dace2ea9c954e45304ea9674c5ed127c76ef90e,6858,size_in_bytes,lib/ocaml/compiler-libs/parser_types.cmt,18265
2026-08-24T15:54:26Z,7dace2ea9c954e45304ea9674c5ed127c76ef90e,6858,size_in_bytes,lib/ocaml/compiler-libs/flambda2_terms__Placement.cmt,35313
2026-08-24T15:54:26Z,7dace2ea9c954e45304ea9674c5ed127c76ef90e,6858,size_in_bytes,lib/ocaml/compiler-libs/flambda2_lattices__Or_bottom.cmt,62444
2026-08-24T15:54:26Z,7dace2ea9c954e45304ea9674c5ed127c76ef90e,6858,size_in_bytes,lib/ocaml/compiler-libs/cfg_intf.cmt,77889
2026-08-24T15:54:26Z,7dace2ea9c954e45304ea9674c5ed127c76ef90e,6858,size_in_bytes,lib/ocaml/compiler-libs/flambda2_simplify__Apply_cont_rewrite.cmt,300017
2026-08-24T15:54:26Z,7dace2ea9c954e45304ea9674c5ed127c76ef90e,6858,size_in_bytes,lib/ocaml/compiler-libs/ast_invariants.cmt,484440
2026-08-24T15:54:26Z,7dace2ea9c954e45304ea9674c5ed127c76ef90e,6858,size_in_bytes,lib/ocaml/compiler-libs/types.cmt,1994113
2026-08-24T15:54:26Z,7dace2ea9c954e45304ea9674c5ed127c76ef90e,6858,size_in_bytes,lib/ocaml/compiler-libs/gprinttyp.cmt,1799073
2026-08-24T15:54:26Z,7dace2ea9c954e45304ea9674c5ed127c76ef90e,6858,size_in_bytes,lib/ocaml/compiler-libs/flambda2_parser__Flambda_lex.cmt,282222
2026-08-24T15:54:26Z,7dace2ea9c954e45304ea9674c5ed127c76ef90e,6858,size_in_bytes,lib/ocaml/compiler-libs/flambda2_simplify__Simplify_let_cont_expr.cmt,1621113
2026-08-24T15:54:26Z,7dace2ea9c954e45304ea9674c5ed127c76ef90e,6858,size_in_bytes,lib/ocaml/compiler-libs/flambda2_terms__Call_kind.cmt,640952
2026-08-24T15:54:26Z,7dace2ea9c954e45304ea9674c5ed127c76ef90e,6858,size_in_bytes,lib/ocaml/compiler-libs/flambda2_simplify__Are_lifting_conts.cmt,95442
2026-08-24T15:54:26Z,7dace2ea9c954e45304ea9674c5ed127c76ef90e,6858,size_in_bytes,lib/ocaml/compiler-libs/allowance.cmt,45825
2026-08-24T15:54:26Z,7dace2ea9c954e45304ea9674c5ed127c76ef90e,6858,size_in_bytes,lib/ocaml/compiler-libs/target_system.cmt,103822
2026-08-24T15:54:26Z,7dace2ea9c954e45304ea9674c5ed127c76ef90e,6858,size_in_bytes,lib/ocaml/compiler-libs/simplify_terminator.cmt,669655
2026-08-24T15:54:26Z,7dace2ea9c954e45304ea9674c5ed127c76ef90e,6858,size_in_bytes,lib/ocaml/compiler-libs/dwarf_low__Dwarf_4_entry_sorting.cmt,29751
2026-08-24T15:54:26Z,7dace2ea9c954e45304ea9674c5ed127c76ef90e,6858,size_in_bytes,lib/ocaml/compiler-libs/flambda2_identifiers__Coercion0.cmt,107003
2026-08-24T15:54:26Z,7dace2ea9c954e45304ea9674c5ed127c76ef90e,6858,size_in_bytes,lib/ocaml/compiler-libs/flambda2_simplify__Simplify_quaternary_primitive.cmt,124431
2026-08-24T15:54:26Z,7dace2ea9c954e45304ea9674c5ed127c76ef90e,6858,size_in_bytes,lib/ocaml/compiler-libs/flambda2_identifiers__Reg_width_const.cmt,213107
2026-08-24T15:54:26Z,7dace2ea9c954e45304ea9674c5ed127c76ef90e,6858,size_in_bytes,lib/ocaml/compiler-libs/rewrite_sections.cmt,422257
2026-08-24T15:54:26Z,7dace2ea9c954e45304ea9674c5ed127c76ef90e,6858,size_in_bytes,lib/ocaml/compiler-libs/flambda2_numbers__Targetint_32_64.cmt,1022953
2026-08-24T15:54:26Z,7dace2ea9c954e45304ea9674c5ed127c76ef90e,6858,size_in_bytes,lib/ocaml/compiler-libs/flambda2_terms__Mutability.cmt,44412
2026-08-24T15:54:26Z,7dace2ea9c954e45304ea9674c5ed127c76ef90e,6858,size_in_bytes,lib/ocaml/compiler-libs/dwarf_low.cmt,41908
2026-08-24T15:54:26Z,7dace2ea9c954e45304ea9674c5ed127c76ef90e,6858,size_in_bytes,lib/ocaml/compiler-libs/asm_targets__Asm_label.cmt,246562
2026-08-24T15:54:26Z,7dace2ea9c954e45304ea9674c5ed127c76ef90e,6858,size_in_bytes,lib/ocaml/compiler-libs/flambda2_simplify_shared__Call_site_inlining_decision_type.cmt,442650
2026-08-24T15:54:26Z,7dace2ea9c954e45304ea9674c5ed127c76ef90e,6858,size_in_bytes,lib/ocaml/compiler-libs/flambda2_floats.cmt,11126
2026-08-24T15:54:26Z,7dace2ea9c954e45304ea9674c5ed127c76ef90e,6858,size_in_bytes,lib/ocaml/compiler-libs/dwarf_low__Counted_location_description.cmt,31076
2026-08-24T15:54:26Z,7dace2ea9c954e45304ea9674c5ed127c76ef90e,6858,size_in_bytes,lib/ocaml/compiler-libs/blambda_of_lambda.cmt,1604530
2026-08-24T15:54:26Z,7dace2ea9c954e45304ea9674c5ed127c76ef90e,6858,size_in_bytes,lib/ocaml/compiler-libs/flambda2_kinds__Tag.cmt,447998
2026-08-24T15:54:26Z,7dace2ea9c954e45304ea9674c5ed127c76ef90e,6858,size_in_bytes,lib/ocaml/compiler-libs/runtime_shape.cmt,727869
2026-08-24T15:54:26Z,7dace2ea9c954e45304ea9674c5ed127c76ef90e,6858,size_in_bytes,lib/ocaml/compiler-libs/flambda2_from_lambda__Lambda_to_lambda_transforms.cmt,1603287
2026-08-24T15:54:26Z,7dace2ea9c954e45304ea9674c5ed127c76ef90e,6858,size_in_bytes,lib/ocaml/compiler-libs/string_table.cmt,36389
2026-08-24T15:54:26Z,7dace2ea9c954e45304ea9674c5ed127c76ef90e,6858,size_in_bytes,lib/ocaml/compiler-libs/flambda2_algorithms__Table_by_int_id.cmt,153923
2026-08-24T15:54:26Z,7dace2ea9c954e45304ea9674c5ed127c76ef90e,6858,size_in_bytes,lib/ocaml/compiler-libs/flambda2_simplify__Simplify_named.cmt,314460
2026-08-24T15:54:26Z,7dace2ea9c954e45304ea9674c5ed127c76ef90e,6858,size_in_bytes,lib/ocaml/compiler-libs/domainstate.cmt,274592
2026-08-24T15:54:26Z,7dace2ea9c954e45304ea9674c5ed127c76ef90e,6858,size_in_bytes,lib/ocaml/compiler-libs/printtyped.cmt,4043916
2026-08-24T15:54:26Z,7dace2ea9c954e45304ea9674c5ed127c76ef90e,6858,size_in_bytes,lib/ocaml/compiler-libs/eh_frame_registration.cmt,37607
2026-08-24T15:54:26Z,7dace2ea9c954e45304ea9674c5ed127c76ef90e,6858,size_in_bytes,lib/ocaml/compiler-libs/dwarf_low__Initial_length.cmt,29496
2026-08-24T15:54:26Z,7dace2ea9c954e45304ea9674c5ed127c76ef90e,6858,size_in_bytes,lib/ocaml/compiler-libs/profile_counters_functions.cmt,138060
2026-08-24T15:54:26Z,7dace2ea9c954e45304ea9674c5ed127c76ef90e,6858,size_in_bytes,lib/ocaml/compiler-libs/dwarf_low__Dwarf_4_location_list_entry.cmt,127163
2026-08-24T15:54:26Z,7dace2ea9c954e45304ea9674c5ed127c76ef90e,6858,size_in_bytes,lib/ocaml/compiler-libs/flambda2_identifiers__Int_ids.cmt,1857648
2026-08-24T15:54:26Z,7dace2ea9c954e45304ea9674c5ed127c76ef90e,6858,size_in_bytes,lib/ocaml/compiler-libs/consistbl.cmt,154704
2026-08-24T15:54:26Z,7dace2ea9c954e45304ea9674c5ed127c76ef90e,6858,size_in_bytes,lib/ocaml/compiler-libs/optcomp_intf.cmt,54771
2026-08-24T15:54:26Z,7dace2ea9c954e45304ea9674c5ed127c76ef90e,6858,size_in_bytes,lib/ocaml/compiler-libs/cfg_dataflow.cmt,472155
2026-08-24T15:54:26Z,7dace2ea9c954e45304ea9674c5ed127c76ef90e,6858,size_in_bytes,lib/ocaml/compiler-libs/label.cmt,55248
2026-08-24T15:54:26Z,7dace2ea9c954e45304ea9674c5ed127c76ef90e,6858,size_in_bytes,lib/ocaml/compiler-libs/flambda2_term_basics__Inlined_debuginfo.cmt,122440
2026-08-24T15:54:26Z,7dace2ea9c954e45304ea9674c5ed127c76ef90e,6858,size_in_bytes,lib/ocaml/compiler-libs/flambda2_simplify__Continuation_uses.cmt,229304
2026-08-24T15:54:26Z,7dace2ea9c954e45304ea9674c5ed127c76ef90e,6858,size_in_bytes,lib/ocaml/compiler-libs/flambda2_bound_identifiers__Bound_continuations.cmt,76661
2026-08-24T15:54:26Z,7dace2ea9c954e45304ea9674c5ed127c76ef90e,6858,size_in_bytes,lib/ocaml/compiler-libs/dwarf_variables_and_parameters.cmt,238481
2026-08-24T15:54:26Z,7dace2ea9c954e45304ea9674c5ed127c76ef90e,6858,size_in_bytes,lib/ocaml/compiler-libs/cfg_invariants.cmt,999147
2026-08-24T15:54:26Z,7dace2ea9c954e45304ea9674c5ed127c76ef90e,6858,size_in_bytes,lib/ocaml/compiler-libs/compile_common.cmt,217282
2026-08-24T15:54:26Z,7dace2ea9c954e45304ea9674c5ed127c76ef90e,6858,size_in_bytes,lib/ocaml/compiler-libs/flambda2_terms__Apply_expr.cmt,604830
2026-08-24T15:54:26Z,7dace2ea9c954e45304ea9674c5ed127c76ef90e,6858,size_in_bytes,lib/ocaml/compiler-libs/mixed_block_shape.cmt,315522
2026-08-24T15:54:26Z,7dace2ea9c954e45304ea9674c5ed127c76ef90e,6858,size_in_bytes,lib/ocaml/compiler-libs/solver.cmt,1812716
2026-08-24T15:54:26Z,7dace2ea9c954e45304ea9674c5ed127c76ef90e,6858,size_in_bytes,lib/ocaml/compiler-libs/flambda2.cmt,337329
2026-08-24T15:54:26Z,7dace2ea9c954e45304ea9674c5ed127c76ef90e,6858,size_in_bytes,lib/ocaml/compiler-libs/ldd_intf.cmt,41153
2026-08-24T15:54:26Z,7dace2ea9c954e45304ea9674c5ed127c76ef90e,6858,size_in_bytes,lib/ocaml/compiler-libs/strongly_connected_components.cmt,266721
2026-08-24T15:54:26Z,7dace2ea9c954e45304ea9674c5ed127c76ef90e,6858,size_in_bytes,lib/ocaml/compiler-libs/jkind_axis.cmt,395455
2026-08-24T15:54:26Z,7dace2ea9c954e45304ea9674c5ed127c76ef90e,6858,size_in_bytes,lib/ocaml/compiler-libs/flambda2_types__.cmt,28073
2026-08-24T15:54:26Z,7dace2ea9c954e45304ea9674c5ed127c76ef90e,6858,size_in_bytes,lib/ocaml/compiler-libs/cfg_deadcode.cmt,72704
2026-08-24T15:54:26Z,7dace2ea9c954e45304ea9674c5ed127c76ef90e,6858,size_in_bytes,lib/ocaml/compiler-libs/flambda2_numbers__Target_ocaml_int.cmt,1052143
2026-08-24T15:54:26Z,7dace2ea9c954e45304ea9674c5ed127c76ef90e,6858,size_in_bytes,lib/ocaml/compiler-libs/flambda2_algorithms__Container_types.cmt,776243
2026-08-24T15:54:26Z,7dace2ea9c954e45304ea9674c5ed127c76ef90e,6858,size_in_bytes,lib/ocaml/compiler-libs/ikind.cmt,2221239
2026-08-24T15:54:26Z,7dace2ea9c954e45304ea9674c5ed127c76ef90e,6858,size_in_bytes,lib/ocaml/compiler-libs/cfg_quick_hash.cmt,90256
2026-08-24T15:54:26Z,7dace2ea9c954e45304ea9674c5ed127c76ef90e,6858,size_in_bytes,lib/ocaml/compiler-libs/switch.cmt,1396277
2026-08-24T15:54:26Z,7dace2ea9c954e45304ea9674c5ed127c76ef90e,6858,size_in_bytes,lib/ocaml/compiler-libs/cfg_cse.cmt,587829
2026-08-24T15:54:26Z,7dace2ea9c954e45304ea9674c5ed127c76ef90e,6858,size_in_bytes,lib/ocaml/compiler-libs/flambda2_from_lambda__Closure_conversion_aux.cmt,1282449
2026-08-24T15:54:26Z,7dace2ea9c954e45304ea9674c5ed127c76ef90e,6858,size_in_bytes,lib/ocaml/compiler-libs/dwarf_low__Encoding_attribute.cmt,26646
2026-08-24T15:54:26Z,7dace2ea9c954e45304ea9674c5ed127c76ef90e,6858,size_in_bytes,lib/ocaml/compiler-libs/arm64_binary_emitter__Branch_helpers.cmt,278011
2026-08-24T15:54:26Z,7dace2ea9c954e45304ea9674c5ed127c76ef90e,6858,size_in_bytes,lib/ocaml/compiler-libs/flambda2_numbers__Numeric_types.cmt,1740051
2026-08-24T15:54:26Z,7dace2ea9c954e45304ea9674c5ed127c76ef90e,6858,size_in_bytes,lib/ocaml/compiler-libs/peephole_utils.cmt,144477
2026-08-24T15:54:26Z,7dace2ea9c954e45304ea9674c5ed127c76ef90e,6858,size_in_bytes,lib/ocaml/compiler-libs/vectorize_utils.cmt,130412
2026-08-24T15:54:26Z,7dace2ea9c954e45304ea9674c5ed127c76ef90e,6858,size_in_bytes,lib/ocaml/compiler-libs/flambda2_simplify__Data_flow_graph.cmt,609047
2026-08-24T15:54:26Z,7dace2ea9c954e45304ea9674c5ed127c76ef90e,6858,size_in_bytes,lib/ocaml/compiler-libs/asttypes.cmt,28066
2026-08-24T15:54:26Z,7dace2ea9c954e45304ea9674c5ed127c76ef90e,6858,size_in_bytes,lib/ocaml/compiler-libs/flambda2_terms__Validity.cmt,41004
2026-08-24T15:54:26Z,7dace2ea9c954e45304ea9674c5ed127c76ef90e,6858,size_in_bytes,lib/ocaml/compiler-libs/probe_emission.cmt,222623
2026-08-24T15:54:26Z,7dace2ea9c954e45304ea9674c5ed127c76ef90e,6858,size_in_bytes,lib/ocaml/compiler-libs/byteinstantiator.cmt,62937
2026-08-24T15:54:26Z,7dace2ea9c954e45304ea9674c5ed127c76ef90e,6858,size_in_bytes,lib/ocaml/compiler-libs/emit.cmt,4654084
2026-08-24T15:54:26Z,7dace2ea9c954e45304ea9674c5ed127c76ef90e,6858,size_in_bytes,lib/ocaml/compiler-libs/dwarf_reg_locations.cmt,86407
2026-08-24T15:54:26Z,7dace2ea9c954e45304ea9674c5ed127c76ef90e,6858,size_in_bytes,lib/ocaml/compiler-libs/dwarf_low__Location_or_range_list_entry.cmt,149502
2026-08-24T15:54:26Z,7dace2ea9c954e45304ea9674c5ed127c76ef90e,6858,size_in_bytes,lib/ocaml/compiler-libs/flambda2_simplify__Continuation_extra_params_and_args.cmt,217343
2026-08-24T15:54:26Z,7dace2ea9c954e45304ea9674c5ed127c76ef90e,6858,size_in_bytes,lib/ocaml/compiler-libs/flambda2_cmx__Flambda_cmx_format.cmt,244176
2026-08-24T15:54:26Z,7dace2ea9c954e45304ea9674c5ed127c76ef90e,6858,size_in_bytes,lib/ocaml/compiler-libs/internal_assembler.cmt,387405
2026-08-24T15:54:26Z,7dace2ea9c954e45304ea9674c5ed127c76ef90e,6858,size_in_bytes,lib/ocaml/compiler-libs/flambda2_simplify__Continuation_uses_env_intf.cmt,42363
2026-08-24T15:54:26Z,7dace2ea9c954e45304ea9674c5ed127c76ef90e,6858,size_in_bytes,lib/ocaml/compiler-libs/tast_iterator.cmt,1610652
2026-08-24T15:54:26Z,7dace2ea9c954e45304ea9674c5ed127c76ef90e,6858,size_in_bytes,lib/ocaml/compiler-libs/flambda2_terms__Inlined_attribute.cmt,83079
2026-08-24T15:54:26Z,7dace2ea9c954e45304ea9674c5ed127c76ef90e,6858,size_in_bytes,lib/ocaml/compiler-libs/errors.cmt,13963
2026-08-24T15:54:26Z,7dace2ea9c954e45304ea9674c5ed127c76ef90e,6858,size_in_bytes,lib/ocaml/compiler-libs/regalloc_substitution.cmt,99280
2026-08-24T15:54:26Z,7dace2ea9c954e45304ea9674c5ed127c76ef90e,6858,size_in_bytes,lib/ocaml/compiler-libs/cfg_loop_infos.cmt,241069
2026-08-24T15:54:26Z,7dace2ea9c954e45304ea9674c5ed127c76ef90e,6858,size_in_bytes,lib/ocaml/compiler-libs/dwarf_low__Dwarf_4_location_list.cmt,61374
2026-08-24T15:54:26Z,7dace2ea9c954e45304ea9674c5ed127c76ef90e,6858,size_in_bytes,lib/ocaml/compiler-libs/flambda2_types__Meet_env.cmt,622998
2026-08-24T15:54:26Z,7dace2ea9c954e45304ea9674c5ed127c76ef90e,6858,size_in_bytes,lib/ocaml/compiler-libs/structured_mangling.cmt,574746
2026-08-24T15:54:26Z,7dace2ea9c954e45304ea9674c5ed127c76ef90e,6858,size_in_bytes,lib/ocaml/compiler-libs/misc.cmt,4134932
2026-08-24T15:54:26Z,7dace2ea9c954e45304ea9674c5ed127c76ef90e,6858,size_in_bytes,lib/ocaml/compiler-libs/arm64_binary_emitter__All_section_states.cmt,165479
2026-08-24T15:54:26Z,7dace2ea9c954e45304ea9674c5ed127c76ef90e,6858,size_in_bytes,lib/ocaml/compiler-libs/flambda2_types__Join_env.cmt,3363949
2026-08-24T15:54:26Z,7dace2ea9c954e45304ea9674c5ed127c76ef90e,6858,size_in_bytes,lib/ocaml/compiler-libs/meta.cmt,20704
2026-08-24T15:54:26Z,7dace2ea9c954e45304ea9674c5ed127c76ef90e,6858,size_in_bytes,lib/ocaml/compiler-libs/sub_cfg.cmt,180241
2026-08-24T15:54:26Z,7dace2ea9c954e45304ea9674c5ed127c76ef90e,6858,size_in_bytes,lib/ocaml/compiler-libs/dwarf_low__Debug_info_section.cmt,89897
2026-08-24T15:54:26Z,7dace2ea9c954e45304ea9674c5ed127c76ef90e,6858,size_in_bytes,lib/ocaml/compiler-libs/flambda2_terms__Flambda.cmt,2285072
2026-08-24T15:54:26Z,7dace2ea9c954e45304ea9674c5ed127c76ef90e,6858,size_in_bytes,lib/ocaml/compiler-libs/extra_debug.cmt,57123
2026-08-24T15:54:26Z,7dace2ea9c954e45304ea9674c5ed127c76ef90e,6858,size_in_bytes,lib/ocaml/compiler-libs/depend.cmt,1285345
2026-08-24T15:54:26Z,7dace2ea9c954e45304ea9674c5ed127c76ef90e,6858,size_in_bytes,lib/ocaml/compiler-libs/flambda2_identifiers__Code_id_or_name.cmt,33117
2026-08-24T15:54:26Z,7dace2ea9c954e45304ea9674c5ed127c76ef90e,6858,size_in_bytes,lib/ocaml/compiler-libs/flambda2_simplify__Simplify_primitive_result.cmt,73447
2026-08-24T15:54:26Z,7dace2ea9c954e45304ea9674c5ed127c76ef90e,6858,size_in_bytes,lib/ocaml/compiler-libs/flambda2_to_cmm__To_cmm_primitive.cmt,2533124
2026-08-24T15:54:26Z,7dace2ea9c954e45304ea9674c5ed127c76ef90e,6858,size_in_bytes,lib/ocaml/compiler-libs/flambda2_reaper__Field.cmt,380353
2026-08-24T15:54:26Z,7dace2ea9c954e45304ea9674c5ed127c76ef90e,6858,size_in_bytes,lib/ocaml/compiler-libs/cfg_selection.cmt,651495
2026-08-24T15:54:26Z,7dace2ea9c954e45304ea9674c5ed127c76ef90e,6858,size_in_bytes,lib/ocaml/compiler-libs/arm64_binary_emitter__Mov_helpers.cmt,65905
2026-08-24T15:54:26Z,7dace2ea9c954e45304ea9674c5ed127c76ef90e,6858,size_in_bytes,lib/ocaml/compiler-libs/flambda2_bound_identifiers__Bound_pattern.cmt,246847
2026-08-24T15:54:26Z,7dace2ea9c954e45304ea9674c5ed127c76ef90e,6858,size_in_bytes,lib/ocaml/compiler-libs/flambda2_reaper__Analysis.cmt,92327
2026-08-24T15:54:26Z,7dace2ea9c954e45304ea9674c5ed127c76ef90e,6858,size_in_bytes,lib/ocaml/compiler-libs/priority_queue.cmt,250353
2026-08-24T15:54:26Z,7dace2ea9c954e45304ea9674c5ed127c76ef90e,6858,size_in_bytes,lib/ocaml/compiler-libs/arg_helper.cmt,143621
2026-08-24T15:54:26Z,7dace2ea9c954e45304ea9674c5ed127c76ef90e,6858,size_in_bytes,lib/ocaml/compiler-libs/arm64_binary_emitter__Adr_helpers.cmt,62185
2026-08-24T15:54:26Z,7dace2ea9c954e45304ea9674c5ed127c76ef90e,6858,size_in_bytes,lib/ocaml/compiler-libs/dwarf_low__Dwarf_version.cmt,32864
2026-08-24T15:54:26Z,7dace2ea9c954e45304ea9674c5ed127c76ef90e,6858,size_in_bytes,lib/ocaml/compiler-libs/opcodes.cmt,95654
2026-08-24T15:54:26Z,7dace2ea9c954e45304ea9674c5ed127c76ef90e,6858,size_in_bytes,lib/ocaml/compiler-libs/flambda2_terms__Inlining_arguments.cmt,409264
2026-08-24T15:54:26Z,7dace2ea9c954e45304ea9674c5ed127c76ef90e,6858,size_in_bytes,lib/ocaml/compiler-libs/flambda2_identifiers__Code_id.cmt,26290
2026-08-24T15:54:26Z,7dace2ea9c954e45304ea9674c5ed127c76ef90e,6858,size_in_bytes,lib/ocaml/compiler-libs/arm64_binary_emitter__Add_sub_helpers.cmt,256841
2026-08-24T15:54:26Z,7dace2ea9c954e45304ea9674c5ed127c76ef90e,6858,size_in_bytes,lib/ocaml/compiler-libs/linker_script.cmt,69345
2026-08-24T15:54:26Z,7dace2ea9c954e45304ea9674c5ed127c76ef90e,6858,size_in_bytes,lib/ocaml/compiler-libs/stack_class_utils.cmt,181919
2026-08-24T15:54:26Z,7dace2ea9c954e45304ea9674c5ed127c76ef90e,6858,size_in_bytes,lib/ocaml/compiler-libs/flambda2_kinds.cmt,12427
2026-08-24T15:54:26Z,7dace2ea9c954e45304ea9674c5ed127c76ef90e,6858,size_in_bytes,lib/ocaml/compiler-libs/printcmm.cmt,1081350
2026-08-24T15:54:26Z,7dace2ea9c954e45304ea9674c5ed127c76ef90e,6858,size_in_bytes,lib/ocaml/compiler-libs/flambda2_term_basics__Tag_and_size.cmt,177773
2026-08-24T15:54:26Z,7dace2ea9c954e45304ea9674c5ed127c76ef90e,6858,size_in_bytes,lib/ocaml/compiler-libs/transl_array_comprehension.cmt,536787
2026-08-24T15:54:26Z,7dace2ea9c954e45304ea9674c5ed127c76ef90e,6858,size_in_bytes,lib/ocaml/compiler-libs/jit_backend.cmt,155112
2026-08-24T15:54:26Z,7dace2ea9c954e45304ea9674c5ed127c76ef90e,6858,size_in_bytes,lib/ocaml/compiler-libs/flambda2_types__Equal_types_for_debug.cmt,836048
2026-08-24T15:54:26Z,7dace2ea9c954e45304ea9674c5ed127c76ef90e,6858,size_in_bytes,lib/ocaml/compiler-libs/compute_ranges.cmt,654718
2026-08-24T15:54:26Z,7dace2ea9c954e45304ea9674c5ed127c76ef90e,6858,size_in_bytes,lib/ocaml/compiler-libs/oprint.cmt,2331526
2026-08-24T15:54:26Z,7dace2ea9c954e45304ea9674c5ed127c76ef90e,6858,size_in_bytes,lib/ocaml/compiler-libs/printtyp.cmt,277511
2026-08-24T15:54:26Z,7dace2ea9c954e45304ea9674c5ed127c76ef90e,6858,size_in_bytes,lib/ocaml/compiler-libs/regalloc_irc_utils.cmt,152828
2026-08-24T15:54:26Z,7dace2ea9c954e45304ea9674c5ed127c76ef90e,6858,size_in_bytes,lib/ocaml/compiler-libs/includemod.cmt,2140409
2026-08-24T15:54:26Z,7dace2ea9c954e45304ea9674c5ed127c76ef90e,6858,size_in_bytes,lib/ocaml/compiler-libs/asm_targets__Asm_directives_dwarf.cmt,13823
2026-08-24T15:54:26Z,7dace2ea9c954e45304ea9674c5ed127c76ef90e,6858,size_in_bytes,lib/ocaml/compiler-libs/flambda2_to_cmm__To_cmm_expr.cmt,1847328
2026-08-24T15:54:26Z,7dace2ea9c954e45304ea9674c5ed127c76ef90e,6858,size_in_bytes,lib/ocaml/compiler-libs/shape.cmt,1847973
2026-08-24T15:54:26Z,7dace2ea9c954e45304ea9674c5ed127c76ef90e,6858,size_in_bytes,lib/ocaml/compiler-libs/dwarf_low__Address_table.cmt,212221
2026-08-24T15:54:26Z,7dace2ea9c954e45304ea9674c5ed127c76ef90e,6858,size_in_bytes,lib/ocaml/compiler-libs/flambda2_simplify__Comparison_result.cmt,95629
2026-08-24T15:54:26Z,7dace2ea9c954e45304ea9674c5ed127c76ef90e,6858,size_in_bytes,lib/ocaml/compiler-libs/cfg_cse_target_intf.cmt,41071
2026-08-24T15:54:26Z,7dace2ea9c954e45304ea9674c5ed127c76ef90e,6858,size_in_bytes,lib/ocaml/compiler-libs/linear_format.cmt,107463
2026-08-24T15:54:26Z,7dace2ea9c954e45304ea9674c5ed127c76ef90e,6858,size_in_bytes,lib/ocaml/compiler-libs/predef.cmt,1319713
2026-08-24T15:54:26Z,7dace2ea9c954e45304ea9674c5ed127c76ef90e,6858,size_in_bytes,lib/ocaml/compiler-libs/dwarf_low__Dwarf_format.cmt,22842
2026-08-24T15:54:26Z,7dace2ea9c954e45304ea9674c5ed127c76ef90e,6858,size_in_bytes,lib/ocaml/compiler-libs/subst.cmt,1974669
2026-08-24T15:54:26Z,7dace2ea9c954e45304ea9674c5ed127c76ef90e,6858,size_in_bytes,lib/ocaml/compiler-libs/symtable.cmt,709826
2026-08-24T15:54:26Z,7dace2ea9c954e45304ea9674c5ed127c76ef90e,6858,size_in_bytes,lib/ocaml/compiler-libs/arm64_binary_emitter__Encode_directive.cmt,530408
2026-08-24T15:54:26Z,7dace2ea9c954e45304ea9674c5ed127c76ef90e,6858,size_in_bytes,lib/ocaml/compiler-libs/flambda2_reaper__Dot_printer.cmt,131282
2026-08-24T15:54:26Z,7dace2ea9c954e45304ea9674c5ed127c76ef90e,6858,size_in_bytes,lib/ocaml/compiler-libs/flambda2_terms__Probe.cmt,32977
2026-08-24T15:54:26Z,7dace2ea9c954e45304ea9674c5ed127c76ef90e,6858,size_in_bytes,lib/ocaml/compiler-libs/flambda2_to_jsir__To_jsir_result.cmt,178800
2026-08-24T15:54:26Z,7dace2ea9c954e45304ea9674c5ed127c76ef90e,6858,size_in_bytes,lib/ocaml/compiler-libs/flambda2_from_lambda__Lambda_to_flambda_primitives_helpers.cmt,706451
2026-08-24T15:54:26Z,7dace2ea9c954e45304ea9674c5ed127c76ef90e,6858,size_in_bytes,lib/ocaml/compiler-libs/printreg.cmt,157493
2026-08-24T15:54:26Z,7dace2ea9c954e45304ea9674c5ed127c76ef90e,6858,size_in_bytes,lib/ocaml/compiler-libs/dissector.cmt,236688
2026-08-24T15:54:26Z,7dace2ea9c954e45304ea9674c5ed127c76ef90e,6858,size_in_bytes,lib/ocaml/compiler-libs/asmlink.cmt,615685
2026-08-24T15:54:26Z,7dace2ea9c954e45304ea9674c5ed127c76ef90e,6858,size_in_bytes,lib/ocaml/compiler-libs/build_path_prefix_map.cmt,162274
2026-08-24T15:54:26Z,7dace2ea9c954e45304ea9674c5ed127c76ef90e,6858,size_in_bytes,lib/ocaml/compiler-libs/flambda2_simplify_shared__Exported_offsets.cmt,202139
2026-08-24T15:54:26Z,7dace2ea9c954e45304ea9674c5ed127c76ef90e,6858,size_in_bytes,lib/ocaml/compiler-libs/flambda2_bound_identifiers__Bound_var.cmt,81943
2026-08-24T15:54:26Z,7dace2ea9c954e45304ea9674c5ed127c76ef90e,6858,size_in_bytes,lib/ocaml/compiler-libs/typeopt.cmt,1548238
2026-08-24T15:54:26Z,7dace2ea9c954e45304ea9674c5ed127c76ef90e,6858,size_in_bytes,lib/ocaml/compiler-libs/flambda2_reaper__Traverse.cmt,1100948
2026-08-24T15:54:26Z,7dace2ea9c954e45304ea9674c5ed127c76ef90e,6858,size_in_bytes,lib/ocaml/compiler-libs/flambda2_datalog__Virtual_machine.cmt,273819
2026-08-24T15:54:26Z,7dace2ea9c954e45304ea9674c5ed127c76ef90e,6858,size_in_bytes,lib/ocaml/compiler-libs/amd64_simd_defs.cmt,366888
2026-08-24T15:54:26Z,7dace2ea9c954e45304ea9674c5ed127c76ef90e,6858,size_in_bytes,lib/ocaml/compiler-libs/topdirs.cmt,696778
2026-08-24T15:54:26Z,7dace2ea9c954e45304ea9674c5ed127c76ef90e,6858,size_in_bytes,lib/ocaml/compiler-libs/flambda2_reaper__Traverse_env.cmt,65395
2026-08-24T15:54:26Z,7dace2ea9c954e45304ea9674c5ed127c76ef90e,6858,size_in_bytes,lib/ocaml/compiler-libs/flambda2_simplify_shared__Inlining_report.cmt,969287
2026-08-24T15:54:26Z,7dace2ea9c954e45304ea9674c5ed127c76ef90e,6858,size_in_bytes,lib/ocaml/compiler-libs/flambda2_terms__First_complex_local_param.cmt,35751
2026-08-24T15:54:26Z,7dace2ea9c954e45304ea9674c5ed127c76ef90e,6858,size_in_bytes,lib/ocaml/compiler-libs/jkind.cmt,4966848
2026-08-24T15:54:26Z,7dace2ea9c954e45304ea9674c5ed127c76ef90e,6858,size_in_bytes,lib/ocaml/compiler-libs/printinstr.cmt,318272
2026-08-24T15:54:26Z,7dace2ea9c954e45304ea9674c5ed127c76ef90e,6858,size_in_bytes,lib/ocaml/compiler-libs/longident.cmt,78802
2026-08-24T15:54:26Z,7dace2ea9c954e45304ea9674c5ed127c76ef90e,6858,size_in_bytes,lib/ocaml/compiler-libs/trace.cmt,228593
2026-08-24T15:54:26Z,7dace2ea9c954e45304ea9674c5ed127c76ef90e,6858,size_in_bytes,lib/ocaml/compiler-libs/flambda2_simplify__Closure_info.cmt,81665
2026-08-24T15:54:26Z,7dace2ea9c954e45304ea9674c5ed127c76ef90e,6858,size_in_bytes,lib/ocaml/compiler-libs/flambda2_nominal__Contains_ids.cmt,23162
2026-08-24T15:54:26Z,7dace2ea9c954e45304ea9674c5ed127c76ef90e,6858,size_in_bytes,lib/ocaml/compiler-libs/translattribute.cmt,512059
2026-08-24T15:54:26Z,7dace2ea9c954e45304ea9674c5ed127c76ef90e,6858,size_in_bytes,lib/ocaml/compiler-libs/translclass.cmt,1716432
2026-08-24T15:54:26Z,7dace2ea9c954e45304ea9674c5ed127c76ef90e,6858,size_in_bytes,lib/ocaml/compiler-libs/dwarf_low__Dwarf_value.cmt,512360
2026-08-24T15:54:26Z,7dace2ea9c954e45304ea9674c5ed127c76ef90e,6858,size_in_bytes,lib/ocaml/compiler-libs/flambda2_terms__Inline_attribute.cmt,58249
2026-08-24T15:54:26Z,7dace2ea9c954e45304ea9674c5ed127c76ef90e,6858,size_in_bytes,lib/ocaml/compiler-libs/flambda2_lattices.cmt,12592
2026-08-24T15:54:26Z,7dace2ea9c954e45304ea9674c5ed127c76ef90e,6858,size_in_bytes,lib/ocaml/compiler-libs/flambda2_identifiers__Variable.cmt,49182
2026-08-24T15:54:26Z,7dace2ea9c954e45304ea9674c5ed127c76ef90e,6858,size_in_bytes,lib/ocaml/compiler-libs/dwarf_low__Abbreviation_code.cmt,48591
2026-08-24T15:54:26Z,7dace2ea9c954e45304ea9674c5ed127c76ef90e,6858,size_in_bytes,lib/ocaml/compiler-libs/x86_peephole_utils.cmt,300798
2026-08-24T15:54:26Z,7dace2ea9c954e45304ea9674c5ed127c76ef90e,6858,size_in_bytes,lib/ocaml/compiler-libs/regalloc_gi_state.cmt,68648
2026-08-24T15:54:26Z,7dace2ea9c954e45304ea9674c5ed127c76ef90e,6858,size_in_bytes,lib/ocaml/compiler-libs/partial_link.cmt,252466
2026-08-24T15:54:26Z,7dace2ea9c954e45304ea9674c5ed127c76ef90e,6858,size_in_bytes,lib/ocaml/compiler-libs/docstrings.cmt,333591
2026-08-24T15:54:26Z,7dace2ea9c954e45304ea9674c5ed127c76ef90e,6858,size_in_bytes,lib/ocaml/compiler-libs/arm64_binary_emitter.cmt,26749
2026-08-24T15:54:26Z,7dace2ea9c954e45304ea9674c5ed127c76ef90e,6858,size_in_bytes,lib/ocaml/compiler-libs/translprim.cmt,3059987
2026-08-24T15:54:26Z,7dace2ea9c954e45304ea9674c5ed127c76ef90e,6858,size_in_bytes,lib/ocaml/compiler-libs/config.cmt,303409
2026-08-24T15:54:26Z,7dace2ea9c954e45304ea9674c5ed127c76ef90e,6858,size_in_bytes,lib/ocaml/compiler-libs/debuginfo.cmt,595803
2026-08-24T15:54:26Z,7dace2ea9c954e45304ea9674c5ed127c76ef90e,6858,size_in_bytes,lib/ocaml/compiler-libs/syntaxerr.cmt,35604
2026-08-24T15:54:26Z,7dace2ea9c954e45304ea9674c5ed127c76ef90e,6858,size_in_bytes,lib/ocaml/compiler-libs/rawprinttyp.cmt,542517
2026-08-24T15:54:26Z,7dace2ea9c954e45304ea9674c5ed127c76ef90e,6858,size_in_bytes,lib/ocaml/compiler-libs/flambda2_compare.cmt,11112
2026-08-24T15:54:26Z,7dace2ea9c954e45304ea9674c5ed127c76ef90e,6858,size_in_bytes,lib/ocaml/compiler-libs/arm64_binary_emitter__Csel_helpers.cmt,63602
2026-08-24T15:54:26Z,7dace2ea9c954e45304ea9674c5ed127c76ef90e,6858,size_in_bytes,lib/ocaml/compiler-libs/flambda2_simplify__Simplify_apply_cont_expr.cmt,179254
2026-08-24T15:54:26Z,7dace2ea9c954e45304ea9674c5ed127c76ef90e,6858,size_in_bytes,lib/ocaml/compiler-libs/flambda2_simplify__Downwards_acc.cmt,505556
2026-08-24T15:54:26Z,7dace2ea9c954e45304ea9674c5ed127c76ef90e,6858,size_in_bytes,lib/ocaml/compiler-libs/flambda2_numbers.cmt,14699
2026-08-24T15:54:26Z,7dace2ea9c954e45304ea9674c5ed127c76ef90e,6858,size_in_bytes,lib/ocaml/compiler-libs/flambda2_terms__Flambda_primitive.cmt,4028679
2026-08-24T15:54:26Z,7dace2ea9c954e45304ea9674c5ed127c76ef90e,6858,size_in_bytes,lib/ocaml/compiler-libs/flambda2_parser__Fexpr_prim_descr.cmt,839458
2026-08-24T15:54:26Z,7dace2ea9c954e45304ea9674c5ed127c76ef90e,6858,size_in_bytes,lib/ocaml/compiler-libs/typecore.cmt,16148379
2026-08-24T15:54:26Z,7dace2ea9c954e45304ea9674c5ed127c76ef90e,6858,size_in_bytes,lib/ocaml/compiler-libs/includecore.cmt,2389561
2026-08-24T15:54:26Z,7dace2ea9c954e45304ea9674c5ed127c76ef90e,6858,size_in_bytes,lib/ocaml/compiler-libs/asm_targets.cmt,13760
2026-08-24T15:54:26Z,7dace2ea9c954e45304ea9674c5ed127c76ef90e,6858,size_in_bytes,lib/ocaml/compiler-libs/transl_comprehension_utils.cmt,216276
2026-08-24T15:54:26Z,7dace2ea9c954e45304ea9674c5ed127c76ef90e,6858,size_in_bytes,lib/ocaml/compiler-libs/flambda2_terms__Loopify_attribute.cmt,42416
2026-08-24T15:54:26Z,7dace2ea9c954e45304ea9674c5ed127c76ef90e,6858,size_in_bytes,lib/ocaml/compiler-libs/flambda2_parser__Parse_flambda.cmt,113741
2026-08-24T15:54:26Z,7dace2ea9c954e45304ea9674c5ed127c76ef90e,6858,size_in_bytes,lib/ocaml/compiler-libs/arch.cmt,845616
2026-08-24T15:54:26Z,7dace2ea9c954e45304ea9674c5ed127c76ef90e,6858,size_in_bytes,lib/ocaml/compiler-libs/arm64_ast__Ast.cmt,3592595
2026-08-24T15:54:26Z,7dace2ea9c954e45304ea9674c5ed127c76ef90e,6858,size_in_bytes,lib/ocaml/compiler-libs/flambda2_simplify__Continuation_in_env.cmt,121066
2026-08-24T15:54:26Z,7dace2ea9c954e45304ea9674c5ed127c76ef90e,6858,size_in_bytes,lib/ocaml/compiler-libs/file_sections.cmt,160049
2026-08-24T15:54:26Z,7dace2ea9c954e45304ea9674c5ed127c76ef90e,6858,size_in_bytes,lib/ocaml/compiler-libs/asm_targets__Asm_section.cmt,241811
2026-08-24T15:54:26Z,7dace2ea9c954e45304ea9674c5ed127c76ef90e,6858,size_in_bytes,lib/ocaml/compiler-libs/parse.cmt,235249
2026-08-24T15:54:26Z,7dace2ea9c954e45304ea9674c5ed127c76ef90e,6858,size_in_bytes,lib/ocaml/compiler-libs/complex_shape.cmt,997098
2026-08-24T15:54:26Z,7dace2ea9c954e45304ea9674c5ed127c76ef90e,6858,size_in_bytes,lib/ocaml/compiler-libs/flambda2_simplify__Is_unboxing_beneficial.cmt,102642
2026-08-24T15:54:26Z,7dace2ea9c954e45304ea9674c5ed127c76ef90e,6858,size_in_bytes,lib/ocaml/compiler-libs/flambda2_from_lambda__Lambda_to_flambda_primitives.cmt,4275818
2026-08-24T15:54:26Z,7dace2ea9c954e45304ea9674c5ed127c76ef90e,6858,size_in_bytes,lib/ocaml/compiler-libs/regalloc_rewrite.cmt,515926
2026-08-24T15:54:26Z,7dace2ea9c954e45304ea9674c5ed127c76ef90e,6858,size_in_bytes,lib/ocaml/compiler-libs/flambda2_types__Meet_and_n_way_join.cmt,3839018
2026-08-24T15:54:26Z,7dace2ea9c954e45304ea9674c5ed127c76ef90e,6858,size_in_bytes,lib/ocaml/compiler-libs/diffing_with_keys.cmt,280107
2026-08-24T15:54:26Z,7dace2ea9c954e45304ea9674c5ed127c76ef90e,6858,size_in_bytes,lib/ocaml/compiler-libs/flambda2_kinds__Flambda_kind.cmt,2084252
2026-08-24T15:54:26Z,7dace2ea9c954e45304ea9674c5ed127c76ef90e,6858,size_in_bytes,lib/ocaml/compiler-libs/cfg_format.cmt,108112
2026-08-24T15:54:26Z,7dace2ea9c954e45304ea9674c5ed127c76ef90e,6858,size_in_bytes,lib/ocaml/compiler-libs/cfg_with_layout.cmt,620681
2026-08-24T15:54:26Z,7dace2ea9c954e45304ea9674c5ed127c76ef90e,6858,size_in_bytes,lib/ocaml/compiler-libs/flambda2_terms__Regalloc_param_attribute.cmt,54322
2026-08-24T15:54:26Z,7dace2ea9c954e45304ea9674c5ed127c76ef90e,6858,size_in_bytes,lib/ocaml/compiler-libs/partition_object_files.cmt,123970
2026-08-24T15:54:26Z,7dace2ea9c954e45304ea9674c5ed127c76ef90e,6858,size_in_bytes,lib/ocaml/compiler-libs/local_store.cmt,77036
2026-08-24T15:54:26Z,7dace2ea9c954e45304ea9674c5ed127c76ef90e,6858,size_in_bytes,lib/ocaml/compiler-libs/form_rewrite_plan.cmt,461789
2026-08-24T15:54:26Z,7dace2ea9c954e45304ea9674c5ed127c76ef90e,6858,size_in_bytes,lib/ocaml/compiler-libs/flambda2_datalog__Heterogenous_list.cmt,26457
2026-08-24T15:54:26Z,7dace2ea9c954e45304ea9674c5ed127c76ef90e,6858,size_in_bytes,lib/ocaml/compiler-libs/dwarf_low__Unit_type.cmt,28060
2026-08-24T15:54:26Z,7dace2ea9c954e45304ea9674c5ed127c76ef90e,6858,size_in_bytes,lib/ocaml/compiler-libs/flambda2_reaper__Cofield.cmt,145199
2026-08-24T15:54:26Z,7dace2ea9c954e45304ea9674c5ed127c76ef90e,6858,size_in_bytes,lib/ocaml/compiler-libs/flambda2_classic_mode_types.cmt,11399
2026-08-24T15:54:26Z,7dace2ea9c954e45304ea9674c5ed127c76ef90e,6858,size_in_bytes,lib/ocaml/compiler-libs/regalloc_split.cmt,602043
2026-08-24T15:54:26Z,7dace2ea9c954e45304ea9674c5ed127c76ef90e,6858,size_in_bytes,lib/ocaml/compiler-libs/flambda2_parser__Flambda_to_fexpr_commons.cmt,721946
2026-08-24T15:54:26Z,7dace2ea9c954e45304ea9674c5ed127c76ef90e,6858,size_in_bytes,lib/ocaml/compiler-libs/flambda2_datalog__Cursor.cmt,501831
2026-08-24T15:54:26Z,7dace2ea9c954e45304ea9674c5ed127c76ef90e,6858,size_in_bytes,lib/ocaml/compiler-libs/flambda2_floats__Float32.cmt,30635
2026-08-24T15:54:26Z,7dace2ea9c954e45304ea9674c5ed127c76ef90e,6858,size_in_bytes,lib/ocaml/compiler-libs/arm64_binary_emitter__Fp_helpers.cmt,299161
2026-08-24T15:54:26Z,7dace2ea9c954e45304ea9674c5ed127c76ef90e,6858,size_in_bytes,lib/ocaml/compiler-libs/arm64_binary_emitter__Yield_helpers.cmt,15712
2026-08-24T15:54:26Z,7dace2ea9c954e45304ea9674c5ed127c76ef90e,6858,size_in_bytes,lib/ocaml/compiler-libs/flambda2_simplify__Control_flow_graph.cmt,540858
2026-08-24T15:54:26Z,7dace2ea9c954e45304ea9674c5ed127c76ef90e,6858,size_in_bytes,lib/ocaml/compiler-libs/symbol.cmt,208598
2026-08-24T15:54:26Z,7dace2ea9c954e45304ea9674c5ed127c76ef90e,6858,size_in_bytes,lib/ocaml/compiler-libs/dll.cmt,181706
2026-08-24T15:54:26Z,7dace2ea9c954e45304ea9674c5ed127c76ef90e,6858,size_in_bytes,lib/ocaml/compiler-libs/dwarf_high__Proto_die.cmt,108856
2026-08-24T15:54:26Z,7dace2ea9c954e45304ea9674c5ed127c76ef90e,6858,size_in_bytes,lib/ocaml/compiler-libs/amd64_simd_instrs.cmt,55114675
2026-08-24T15:54:26Z,7dace2ea9c954e45304ea9674c5ed127c76ef90e,6858,size_in_bytes,lib/ocaml/compiler-libs/translobj.cmt,218724
2026-08-24T15:54:26Z,7dace2ea9c954e45304ea9674c5ed127c76ef90e,6858,size_in_bytes,lib/ocaml/compiler-libs/printlambda.cmt,3306372
2026-08-24T15:54:26Z,7dace2ea9c954e45304ea9674c5ed127c76ef90e,6858,size_in_bytes,lib/ocaml/compiler-libs/flambda2_simplify__Flow_acc.cmt,676603
2026-08-24T15:54:26Z,7dace2ea9c954e45304ea9674c5ed127c76ef90e,6858,size_in_bytes,lib/ocaml/compiler-libs/dwarf_type.cmt,1606985
2026-08-24T15:54:26Z,7dace2ea9c954e45304ea9674c5ed127c76ef90e,6858,size_in_bytes,lib/ocaml/compiler-libs/flambda2_types__Join_levels_old.cmt,304656
2026-08-24T15:54:26Z,7dace2ea9c954e45304ea9674c5ed127c76ef90e,6858,size_in_bytes,lib/ocaml/compiler-libs/cfg_available_regs.cmt,445224
2026-08-24T15:54:26Z,7dace2ea9c954e45304ea9674c5ed127c76ef90e,6858,size_in_bytes,lib/ocaml/compiler-libs/language_extension.cmt,534417
2026-08-24T15:54:26Z,7dace2ea9c954e45304ea9674c5ed127c76ef90e,6858,size_in_bytes,lib/ocaml/compiler-libs/persistent_env.cmt,1541288
2026-08-24T15:54:26Z,7dace2ea9c954e45304ea9674c5ed127c76ef90e,6858,size_in_bytes,lib/ocaml/compiler-libs/builtin_attributes.cmt,1263731
2026-08-24T15:54:26Z,7dace2ea9c954e45304ea9674c5ed127c76ef90e,6858,size_in_bytes,lib/ocaml/compiler-libs/flambda2_simplify__Simplify_set_of_closures_context.cmt,280680
2026-08-24T15:54:26Z,7dace2ea9c954e45304ea9674c5ed127c76ef90e,6858,size_in_bytes,lib/ocaml/compiler-libs/hash_consed.cmt,73278
2026-08-24T15:54:26Z,7dace2ea9c954e45304ea9674c5ed127c76ef90e,6858,size_in_bytes,lib/ocaml/compiler-libs/flambda2_to_cmm__To_cmm_effects.cmt,76135
2026-08-24T15:54:26Z,7dace2ea9c954e45304ea9674c5ed127c76ef90e,6858,size_in_bytes,lib/ocaml/compiler-libs/flambda2_from_lambda__Lambda_to_flambda_env.cmt,639772
2026-08-24T15:54:26Z,7dace2ea9c954e45304ea9674c5ed127c76ef90e,6858,size_in_bytes,lib/ocaml/compiler-libs/flambda2_simplify__Call_site_inlining_decision.cmt,334245
2026-08-24T15:54:26Z,7dace2ea9c954e45304ea9674c5ed127c76ef90e,6858,size_in_bytes,lib/ocaml/compiler-libs/vectorize.cmt,3598596
2026-08-24T15:54:26Z,7dace2ea9c954e45304ea9674c5ed127c76ef90e,6858,size_in_bytes,lib/ocaml/compiler-libs/arm64_ast__Logical_immediates.cmt,208706
2026-08-24T15:54:26Z,7dace2ea9c954e45304ea9674c5ed127c76ef90e,6858,size_in_bytes,lib/ocaml/compiler-libs/flambda2_to_jsir__To_jsir_primitive.cmt,759281
2026-08-24T15:54:26Z,7dace2ea9c954e45304ea9674c5ed127c76ef90e,6858,size_in_bytes,lib/ocaml/compiler-libs/flambda2_parser__Flambda_parser_messages.cmt,74692
2026-08-24T15:54:26Z,7dace2ea9c954e45304ea9674c5ed127c76ef90e,6858,size_in_bytes,lib/ocaml/compiler-libs/bytegen.cmt,1395195
2026-08-24T15:54:26Z,7dace2ea9c954e45304ea9674c5ed127c76ef90e,6858,size_in_bytes,lib/ocaml/stdlib_alpha/stdlib_alpha.cmt,11975
2026-08-24T15:54:26Z,7dace2ea9c954e45304ea9674c5ed127c76ef90e,6858,size_in_bytes,lib/ocaml/stdlib_upstream_compatible/stdlib_upstream_compatible__Nativeint_u.cmt,188354
2026-08-24T15:54:26Z,7dace2ea9c954e45304ea9674c5ed127c76ef90e,6858,size_in_bytes,lib/ocaml/stdlib_upstream_compatible/stdlib_upstream_compatible__Float_u.cmt,296026
2026-08-24T15:54:26Z,7dace2ea9c954e45304ea9674c5ed127c76ef90e,6858,size_in_bytes,lib/ocaml/stdlib_upstream_compatible/stdlib_upstream_compatible__Int64_u.cmt,208732
2026-08-24T15:54:26Z,7dace2ea9c954e45304ea9674c5ed127c76ef90e,6858,size_in_bytes,lib/ocaml/stdlib_upstream_compatible/stdlib_upstream_compatible.cmt,10927
2026-08-24T15:54:26Z,7dace2ea9c954e45304ea9674c5ed127c76ef90e,6858,size_in_bytes,lib/ocaml/stdlib_upstream_compatible/stdlib_upstream_compatible__.cmt,14309
2026-08-24T15:54:26Z,7dace2ea9c954e45304ea9674c5ed127c76ef90e,6858,size_in_bytes,lib/ocaml/stdlib_upstream_compatible/stdlib_upstream_compatible__Int32_u.cmt,178199
2026-08-24T15:54:26Z,7dace2ea9c954e45304ea9674c5ed127c76ef90e,6858,size_in_bytes,lib/ocaml/compiler_owee__Owee_buf.cmti,53962
2026-08-24T15:54:26Z,7dace2ea9c954e45304ea9674c5ed127c76ef90e,6858,size_in_bytes,lib/ocaml/stdlib__ListLabels.cmti,160659
2026-08-24T15:54:26Z,7dace2ea9c954e45304ea9674c5ed127c76ef90e,6858,size_in_bytes,lib/ocaml/compiler_owee__Owee_archive.cmti,27851
2026-08-24T15:54:26Z,7dace2ea9c954e45304ea9674c5ed127c76ef90e,6858,size_in_bytes,lib/ocaml/stdlib__Buffer.cmti,75718
2026-08-24T15:54:26Z,7dace2ea9c954e45304ea9674c5ed127c76ef90e,6858,size_in_bytes,lib/ocaml/stdlib__Modes.cmti,26484
2026-08-24T15:54:26Z,7dace2ea9c954e45304ea9674c5ed127c76ef90e,6858,size_in_bytes,lib/ocaml/compiler_owee__Owee_object.cmti,29170
2026-08-24T15:54:26Z,7dace2ea9c954e45304ea9674c5ed127c76ef90e,6858,size_in_bytes,lib/ocaml/camlinternalFormatBasics.cmti,212177
2026-08-24T15:54:26Z,7dace2ea9c954e45304ea9674c5ed127c76ef90e,6858,size_in_bytes,lib/ocaml/eval.cmti,16994
2026-08-24T15:54:26Z,7dace2ea9c954e45304ea9674c5ed127c76ef90e,6858,size_in_bytes,lib/ocaml/stdlib__Digest.cmti,69744
2026-08-24T15:54:26Z,7dace2ea9c954e45304ea9674c5ed127c76ef90e,6858,size_in_bytes,lib/ocaml/stdlib__Mutex.cmti,21566
2026-08-24T15:54:26Z,7dace2ea9c954e45304ea9674c5ed127c76ef90e,6858,size_in_bytes,lib/ocaml/stdlib__Uchar.cmti,42241
2026-08-24T15:54:26Z,7dace2ea9c954e45304ea9674c5ed127c76ef90e,6858,size_in_bytes,lib/ocaml/compiler_owee__Owee_elf.cmti,98871
2026-08-24T15:54:26Z,7dace2ea9c954e45304ea9674c5ed127c76ef90e,6858,size_in_bytes,lib/ocaml/stdlib__Atomic.cmti,66038
2026-08-24T15:54:26Z,7dace2ea9c954e45304ea9674c5ed127c76ef90e,6858,size_in_bytes,lib/ocaml/stdlib__Seq.cmti,164823
2026-08-24T15:54:26Z,7dace2ea9c954e45304ea9674c5ed127c76ef90e,6858,size_in_bytes,lib/ocaml/stdlib__Hashtbl.cmti,235597
2026-08-24T15:54:26Z,7dace2ea9c954e45304ea9674c5ed127c76ef90e,6858,size_in_bytes,lib/ocaml/stdlib__Scanf.cmti,98509
2026-08-24T15:54:26Z,7dace2ea9c954e45304ea9674c5ed127c76ef90e,6858,size_in_bytes,lib/ocaml/stdlib__Lazy.cmti,30879
2026-08-24T15:54:26Z,7dace2ea9c954e45304ea9674c5ed127c76ef90e,6858,size_in_bytes,lib/ocaml/stdlib__Int.cmti,48842
2026-08-24T15:54:26Z,7dace2ea9c954e45304ea9674c5ed127c76ef90e,6858,size_in_bytes,lib/ocaml/stdlib__Effect.cmti,156337
2026-08-24T15:54:26Z,7dace2ea9c954e45304ea9674c5ed127c76ef90e,6858,size_in_bytes,lib/ocaml/stdlib__In_channel.cmti,62291
2026-08-24T15:54:26Z,7dace2ea9c954e45304ea9674c5ed127c76ef90e,6858,size_in_bytes,lib/ocaml/stdlib__Pair.cmti,34357
2026-08-24T15:54:26Z,7dace2ea9c954e45304ea9674c5ed127c76ef90e,6858,size_in_bytes,lib/ocaml/stdlib__Out_channel.cmti,57848
2026-08-24T15:54:26Z,7dace2ea9c954e45304ea9674c5ed127c76ef90e,6858,size_in_bytes,lib/ocaml/stdlib__StdLabels.cmti,15644
2026-08-24T15:54:26Z,7dace2ea9c954e45304ea9674c5ed127c76ef90e,6858,size_in_bytes,lib/ocaml/stdlib__Fun.cmti,37866
2026-08-24T15:54:26Z,7dace2ea9c954e45304ea9674c5ed127c76ef90e,6858,size_in_bytes,lib/ocaml/stdlib__Nativeint.cmti,66365
2026-08-24T15:54:26Z,7dace2ea9c954e45304ea9674c5ed127c76ef90e,6858,size_in_bytes,lib/ocaml/compiler_owee__Owee_marker.cmti,59696
2026-08-24T15:54:26Z,7dace2ea9c954e45304ea9674c5ed127c76ef90e,6858,size_in_bytes,lib/ocaml/camlinternalMod.cmti,17496
2026-08-24T15:54:26Z,7dace2ea9c954e45304ea9674c5ed127c76ef90e,6858,size_in_bytes,lib/ocaml/stdlib.cmti,370717
2026-08-24T15:54:26Z,7dace2ea9c954e45304ea9674c5ed127c76ef90e,6858,size_in_bytes,lib/ocaml/camlinternalLazy.cmti,16712
2026-08-24T15:54:26Z,7dace2ea9c954e45304ea9674c5ed127c76ef90e,6858,size_in_bytes,lib/ocaml/compiler_owee__Owee_traverse.cmti,18421
2026-08-24T15:54:26Z,7dace2ea9c954e45304ea9674c5ed127c76ef90e,6858,size_in_bytes,lib/ocaml/compiler_owee__Owee_linux_maps.cmti,20283
2026-08-24T15:54:26Z,7dace2ea9c954e45304ea9674c5ed127c76ef90e,6858,size_in_bytes,lib/ocaml/stdlib__Semaphore.cmti,30351
2026-08-24T15:54:26Z,7dace2ea9c954e45304ea9674c5ed127c76ef90e,6858,size_in_bytes,lib/ocaml/stdlib__Filename.cmti,50672
2026-08-24T15:54:26Z,7dace2ea9c954e45304ea9674c5ed127c76ef90e,6858,size_in_bytes,lib/ocaml/stdlib__Repr.cmti,23356
2026-08-24T15:54:26Z,7dace2ea9c954e45304ea9674c5ed127c76ef90e,6858,size_in_bytes,lib/ocaml/stdlib__Iarray.cmti,101400
2026-08-24T15:54:26Z,7dace2ea9c954e45304ea9674c5ed127c76ef90e,6858,size_in_bytes,lib/ocaml/stdlib__Printf.cmti,49964
2026-08-24T15:54:26Z,7dace2ea9c954e45304ea9674c5ed127c76ef90e,6858,size_in_bytes,lib/ocaml/compiler_owee__Owee_location.cmti,20163
2026-08-24T15:54:26Z,7dace2ea9c954e45304ea9674c5ed127c76ef90e,6858,size_in_bytes,lib/ocaml/stdlib__Set.cmti,141344
2026-08-24T15:54:26Z,7dace2ea9c954e45304ea9674c5ed127c76ef90e,6858,size_in_bytes,lib/ocaml/stdlib__Float.cmti,320695
2026-08-24T15:54:26Z,7dace2ea9c954e45304ea9674c5ed127c76ef90e,6858,size_in_bytes,lib/ocaml/stdlib__BytesLabels.cmti,184385
2026-08-24T15:54:26Z,7dace2ea9c954e45304ea9674c5ed127c76ef90e,6858,size_in_bytes,lib/ocaml/stdlib__Marshal.cmti,42895
2026-08-24T15:54:26Z,7dace2ea9c954e45304ea9674c5ed127c76ef90e,6858,size_in_bytes,lib/ocaml/stdlib__Bigarray.cmti,343767
2026-08-24T15:54:26Z,7dace2ea9c954e45304ea9674c5ed127c76ef90e,6858,size_in_bytes,lib/ocaml/stdlib__Type.cmti,25869
2026-08-24T15:54:26Z,7dace2ea9c954e45304ea9674c5ed127c76ef90e,6858,size_in_bytes,lib/ocaml/stdlib__String.cmti,126744
2026-08-24T15:54:26Z,7dace2ea9c954e45304ea9674c5ed127c76ef90e,6858,size_in_bytes,lib/ocaml/stdlib__Domain.cmti,81510
2026-08-24T15:54:26Z,7dace2ea9c954e45304ea9674c5ed127c76ef90e,6858,size_in_bytes,lib/ocaml/stdlib__Ephemeron.cmti,308245
2026-08-24T15:54:26Z,7dace2ea9c954e45304ea9674c5ed127c76ef90e,6858,size_in_bytes,lib/ocaml/stdlib__Bytes.cmti,183727
2026-08-24T15:54:26Z,7dace2ea9c954e45304ea9674c5ed127c76ef90e,6858,size_in_bytes,lib/ocaml/compiler_owee__Owee_form.cmti,17981
2026-08-24T15:54:26Z,7dace2ea9c954e45304ea9674c5ed127c76ef90e,6858,size_in_bytes,lib/ocaml/stdlib__Gc.cmti,132462
2026-08-24T15:54:26Z,7dace2ea9c954e45304ea9674c5ed127c76ef90e,6858,size_in_bytes,lib/ocaml/camlinternalOO.cmti,67189
2026-08-24T15:54:26Z,7dace2ea9c954e45304ea9674c5ed127c76ef90e,6858,size_in_bytes,lib/ocaml/stdlib__Unit.cmti,16940
2026-08-24T15:54:26Z,7dace2ea9c954e45304ea9674c5ed127c76ef90e,6858,size_in_bytes,lib/ocaml/stdlib__Printexc.cmti,81432
2026-08-24T15:54:26Z,7dace2ea9c954e45304ea9674c5ed127c76ef90e,6858,size_in_bytes,lib/ocaml/gc_timings.cmti,12816
2026-08-24T15:54:26Z,7dace2ea9c954e45304ea9674c5ed127c76ef90e,6858,size_in_bytes,lib/ocaml/stdlib__ArrayLabels.cmti,138142
2026-08-24T15:54:26Z,7dace2ea9c954e45304ea9674c5ed127c76ef90e,6858,size_in_bytes,lib/ocaml/stdlib__Result.cmti,65335
2026-08-24T15:54:26Z,7dace2ea9c954e45304ea9674c5ed127c76ef90e,6858,size_in_bytes,lib/ocaml/stdlib__Oo.cmti,18342
2026-08-24T15:54:26Z,7dace2ea9c954e45304ea9674c5ed127c76ef90e,6858,size_in_bytes,lib/ocaml/stdlib__MoreLabels.cmti,575356
2026-08-24T15:54:26Z,7dace2ea9c954e45304ea9674c5ed127c76ef90e,6858,size_in_bytes,lib/ocaml/stdlib__Callback.cmti,21110
2026-08-24T15:54:26Z,7dace2ea9c954e45304ea9674c5ed127c76ef90e,6858,size_in_bytes,lib/ocaml/stdlib__Int64.cmti,70289
2026-08-24T15:54:26Z,7dace2ea9c954e45304ea9674c5ed127c76ef90e,6858,size_in_bytes,lib/ocaml/stdlib__Char.cmti,51302
2026-08-24T15:54:26Z,7dace2ea9c954e45304ea9674c5ed127c76ef90e,6858,size_in_bytes,lib/ocaml/compiler_owee__Owee_macho.cmti,115170
2026-08-24T15:54:26Z,7dace2ea9c954e45304ea9674c5ed127c76ef90e,6858,size_in_bytes,lib/ocaml/stdlib__Format.cmti,333096
2026-08-24T15:54:26Z,7dace2ea9c954e45304ea9674c5ed127c76ef90e,6858,size_in_bytes,lib/ocaml/stdlib__Either.cmti,49640
2026-08-24T15:54:26Z,7dace2ea9c954e45304ea9674c5ed127c76ef90e,6858,size_in_bytes,lib/ocaml/stdlib__Obj.cmti,77931
2026-08-24T15:54:26Z,7dace2ea9c954e45304ea9674c5ed127c76ef90e,6858,size_in_bytes,lib/ocaml/stdlib__StringLabels.cmti,127180
2026-08-24T15:54:26Z,7dace2ea9c954e45304ea9674c5ed127c76ef90e,6858,size_in_bytes,lib/ocaml/compiler_owee__Owee_elf_notes.cmti,29631
2026-08-24T15:54:26Z,7dace2ea9c954e45304ea9674c5ed127c76ef90e,6858,size_in_bytes,lib/ocaml/stdlib__Sys.cmti,117719
2026-08-24T15:54:26Z,7dace2ea9c954e45304ea9674c5ed127c76ef90e,6858,size_in_bytes,lib/ocaml/compiler_owee__Owee_elf_relocation.cmti,55432
2026-08-24T15:54:26Z,7dace2ea9c954e45304ea9674c5ed127c76ef90e,6858,size_in_bytes,lib/ocaml/stdlib__Quote.cmti,24584
2026-08-24T15:54:26Z,7dace2ea9c954e45304ea9674c5ed127c76ef90e,6858,size_in_bytes,lib/ocaml/stdlib__Parsing.cmti,37841
2026-08-24T15:54:26Z,7dace2ea9c954e45304ea9674c5ed127c76ef90e,6858,size_in_bytes,lib/ocaml/stdlib__Option.cmti,39049
2026-08-24T15:54:26Z,7dace2ea9c954e45304ea9674c5ed127c76ef90e,6858,size_in_bytes,lib/ocaml/compiler_owee__Owee_elf_string_table.cmti,18350
2026-08-24T15:54:26Z,7dace2ea9c954e45304ea9674c5ed127c76ef90e,6858,size_in_bytes,lib/ocaml/stdlib__Dynamic.cmti,19584
2026-08-24T15:54:26Z,7dace2ea9c954e45304ea9674c5ed127c76ef90e,6858,size_in_bytes,lib/ocaml/camlinternalFormat.cmti,71981
2026-08-24T15:54:26Z,7dace2ea9c954e45304ea9674c5ed127c76ef90e,6858,size_in_bytes,lib/ocaml/stdlib__Pqueue.cmti,150534
2026-08-24T15:54:26Z,7dace2ea9c954e45304ea9674c5ed127c76ef90e,6858,size_in_bytes,lib/ocaml/stdlib__Condition.cmti,30901
2026-08-24T15:54:26Z,7dace2ea9c954e45304ea9674c5ed127c76ef90e,6858,size_in_bytes,lib/ocaml/stdlib__Arg.cmti,66840
2026-08-24T15:54:26Z,7dace2ea9c954e45304ea9674c5ed127c76ef90e,6858,size_in_bytes,lib/ocaml/stdlib__Bool.cmti,29648
2026-08-24T15:54:26Z,7dace2ea9c954e45304ea9674c5ed127c76ef90e,6858,size_in_bytes,lib/ocaml/stdlib__Backoff.cmti,20135
2026-08-24T15:54:26Z,7dace2ea9c954e45304ea9674c5ed127c76ef90e,6858,size_in_bytes,lib/ocaml/compiler_owee__Owee_interval_map.cmti,20192
2026-08-24T15:54:26Z,7dace2ea9c954e45304ea9674c5ed127c76ef90e,6858,size_in_bytes,lib/ocaml/stdlib__Random.cmti,69869
2026-08-24T15:54:26Z,7dace2ea9c954e45304ea9674c5ed127c76ef90e,6858,size_in_bytes,lib/ocaml/stdlib__Complex.cmti,31085
2026-08-24T15:54:26Z,7dace2ea9c954e45304ea9674c5ed127c76ef90e,6858,size_in_bytes,lib/ocaml/opttopdirs.cmti,26882
2026-08-24T15:54:26Z,7dace2ea9c954e45304ea9674c5ed127c76ef90e,6858,size_in_bytes,lib/ocaml/stdlib__Weak.cmti,62310
2026-08-24T15:54:26Z,7dace2ea9c954e45304ea9674c5ed127c76ef90e,6858,size_in_bytes,lib/ocaml/stdlib__Int32.cmti,65285
2026-08-24T15:54:26Z,7dace2ea9c954e45304ea9674c5ed127c76ef90e,6858,size_in_bytes,lib/ocaml/compiler_owee__Owee_debug_line.cmti,27073
2026-08-24T15:54:26Z,7dace2ea9c954e45304ea9674c5ed127c76ef90e,6858,size_in_bytes,lib/ocaml/stdlib__Dynarray.cmti,138660
2026-08-24T15:54:26Z,7dace2ea9c954e45304ea9674c5ed127c76ef90e,6858,size_in_bytes,lib/ocaml/stdlib__Queue.cmti,47765
2026-08-24T15:54:26Z,7dace2ea9c954e45304ea9674c5ed127c76ef90e,6858,size_in_bytes,lib/ocaml/stdlib__Stack.cmti,37338
2026-08-24T15:54:26Z,7dace2ea9c954e45304ea9674c5ed127c76ef90e,6858,size_in_bytes,lib/ocaml/stdlib__List.cmti,160110
2026-08-24T15:54:26Z,7dace2ea9c954e45304ea9674c5ed127c76ef90e,6858,size_in_bytes,lib/ocaml/stdlib__Array.cmti,137495
2026-08-24T15:54:26Z,7dace2ea9c954e45304ea9674c5ed127c76ef90e,6858,size_in_bytes,lib/ocaml/camlinternalComprehension.cmti,24532
2026-08-24T15:54:26Z,7dace2ea9c954e45304ea9674c5ed127c76ef90e,6858,size_in_bytes,lib/ocaml/topdirs.cmti,26119
2026-08-24T15:54:26Z,7dace2ea9c954e45304ea9674c5ed127c76ef90e,6858,size_in_bytes,lib/ocaml/stdlib__Lexing.cmti,59096
2026-08-24T15:54:26Z,7dace2ea9c954e45304ea9674c5ed127c76ef90e,6858,size_in_bytes,lib/ocaml/camlinternalQuote.cmti,295905
2026-08-24T15:54:26Z,7dace2ea9c954e45304ea9674c5ed127c76ef90e,6858,size_in_bytes,lib/ocaml/stdlib__Map.cmti,182763
2026-08-24T15:54:26Z,7dace2ea9c954e45304ea9674c5ed127c76ef90e,6858,size_in_bytes,lib/ocaml/camlinternalAtomic.cmti,19382
2026-08-24T15:54:26Z,7dace2ea9c954e45304ea9674c5ed127c76ef90e,6858,size_in_bytes,lib/ocaml/stdlib_stable/stdlib_stable__Iarray.cmti,91045
2026-08-24T15:54:26Z,7dace2ea9c954e45304ea9674c5ed127c76ef90e,6858,size_in_bytes,lib/ocaml/stdlib_stable/stdlib_stable__Idx_mut.cmti,26865
2026-08-24T15:54:26Z,7dace2ea9c954e45304ea9674c5ed127c76ef90e,6858,size_in_bytes,lib/ocaml/stdlib_stable/stdlib_stable__Char_u.cmti,25950
2026-08-24T15:54:26Z,7dace2ea9c954e45304ea9674c5ed127c76ef90e,6858,size_in_bytes,lib/ocaml/stdlib_stable/stdlib_stable__Int_u.cmti,57433
2026-08-24T15:54:26Z,7dace2ea9c954e45304ea9674c5ed127c76ef90e,6858,size_in_bytes,lib/ocaml/stdlib_stable/stdlib_stable__Int16.cmti,56133
2026-08-24T15:54:26Z,7dace2ea9c954e45304ea9674c5ed127c76ef90e,6858,size_in_bytes,lib/ocaml/stdlib_stable/stdlib_stable__Idx_imm.cmti,24449
2026-08-24T15:54:26Z,7dace2ea9c954e45304ea9674c5ed127c76ef90e,6858,size_in_bytes,lib/ocaml/stdlib_stable/stdlib_stable__Int8.cmti,55927
2026-08-24T15:54:26Z,7dace2ea9c954e45304ea9674c5ed127c76ef90e,6858,size_in_bytes,lib/ocaml/stdlib_stable/stdlib_stable__Idx_atomic.cmti,17781
2026-08-24T15:54:26Z,7dace2ea9c954e45304ea9674c5ed127c76ef90e,6858,size_in_bytes,lib/ocaml/stdlib_stable/stdlib_stable__Int16_u.cmti,59801
2026-08-24T15:54:26Z,7dace2ea9c954e45304ea9674c5ed127c76ef90e,6858,size_in_bytes,lib/ocaml/stdlib_stable/stdlib_stable__Float32.cmti,203610
2026-08-24T15:54:26Z,7dace2ea9c954e45304ea9674c5ed127c76ef90e,6858,size_in_bytes,lib/ocaml/stdlib_stable/stdlib_stable__Float32_u.cmti,164551
2026-08-24T15:54:26Z,7dace2ea9c954e45304ea9674c5ed127c76ef90e,6858,size_in_bytes,lib/ocaml/stdlib_stable/stdlib_stable__Or_null.cmti,38821
2026-08-24T15:54:26Z,7dace2ea9c954e45304ea9674c5ed127c76ef90e,6858,size_in_bytes,lib/ocaml/stdlib_stable/stdlib_stable__IarrayLabels.cmti,207442
2026-08-24T15:54:26Z,7dace2ea9c954e45304ea9674c5ed127c76ef90e,6858,size_in_bytes,lib/ocaml/stdlib_stable/stdlib_stable__Int8_u.cmti,59585
2026-08-24T15:54:26Z,7dace2ea9c954e45304ea9674c5ed127c76ef90e,6858,size_in_bytes,lib/ocaml/stdlib_stable/stdlib_stable.cmti,16240
2026-08-24T15:54:26Z,7dace2ea9c954e45304ea9674c5ed127c76ef90e,6858,size_in_bytes,lib/ocaml/stdlib_stable/stdlib_stable__Int.cmti,56561
2026-08-24T15:54:26Z,7dace2ea9c954e45304ea9674c5ed127c76ef90e,6858,size_in_bytes,lib/ocaml/ocaml-jit/jit.cmti,36229
2026-08-24T15:54:26Z,7dace2ea9c954e45304ea9674c5ed127c76ef90e,6858,size_in_bytes,lib/ocaml/dynlink/dynlink.cmti,44322
2026-08-24T15:54:26Z,7dace2ea9c954e45304ea9674c5ed127c76ef90e,6858,size_in_bytes,lib/ocaml/threads/thread.cmti,57879
2026-08-24T15:54:26Z,7dace2ea9c954e45304ea9674c5ed127c76ef90e,6858,size_in_bytes,lib/ocaml/threads/multicore.cmti,22773
2026-08-24T15:54:26Z,7dace2ea9c954e45304ea9674c5ed127c76ef90e,6858,size_in_bytes,lib/ocaml/threads/event.cmti,30691
2026-08-24T15:54:26Z,7dace2ea9c954e45304ea9674c5ed127c76ef90e,6858,size_in_bytes,lib/ocaml/runtime_events/runtime_events.cmti,103194
2026-08-24T15:54:26Z,7dace2ea9c954e45304ea9674c5ed127c76ef90e,6858,size_in_bytes,lib/ocaml/unix/unix.cmti,473401
2026-08-24T15:54:26Z,7dace2ea9c954e45304ea9674c5ed127c76ef90e,6858,size_in_bytes,lib/ocaml/unix/unixLabels.cmti,488983
2026-08-24T15:54:26Z,7dace2ea9c954e45304ea9674c5ed127c76ef90e,6858,size_in_bytes,lib/ocaml/str/str.cmti,69043
2026-08-24T15:54:26Z,7dace2ea9c954e45304ea9674c5ed127c76ef90e,6858,size_in_bytes,lib/ocaml/stdlib_beta/stdlib_beta.cmti,12205
2026-08-24T15:54:26Z,7dace2ea9c954e45304ea9674c5ed127c76ef90e,6858,size_in_bytes,lib/ocaml/compiler-libs/linkage_name.cmti,120709
2026-08-24T15:54:26Z,7dace2ea9c954e45304ea9674c5ed127c76ef90e,6858,size_in_bytes,lib/ocaml/compiler-libs/flambda2_terms__Inlining_arguments.cmti,40451
2026-08-24T15:54:26Z,7dace2ea9c954e45304ea9674c5ed127c76ef90e,6858,size_in_bytes,lib/ocaml/compiler-libs/flambda2_simplify__Named_rewrite.cmti,36534
2026-08-24T15:54:26Z,7dace2ea9c954e45304ea9674c5ed127c76ef90e,6858,size_in_bytes,lib/ocaml/compiler-libs/makedepend.cmti,13596
2026-08-24T15:54:26Z,7dace2ea9c954e45304ea9674c5ed127c76ef90e,6858,size_in_bytes,lib/ocaml/compiler-libs/flambda2_terms__Poll_attribute.cmti,30882
2026-08-24T15:54:26Z,7dace2ea9c954e45304ea9674c5ed127c76ef90e,6858,size_in_bytes,lib/ocaml/compiler-libs/flambda2_simplify__Non_constructed_code.cmti,54996
2026-08-24T15:54:26Z,7dace2ea9c954e45304ea9674c5ed127c76ef90e,6858,size_in_bytes,lib/ocaml/compiler-libs/flambda2_terms__Result_types.cmti,36268
2026-08-24T15:54:26Z,7dace2ea9c954e45304ea9674c5ed127c76ef90e,6858,size_in_bytes,lib/ocaml/compiler-libs/annot.cmti,16046
2026-08-24T15:54:26Z,7dace2ea9c954e45304ea9674c5ed127c76ef90e,6858,size_in_bytes,lib/ocaml/compiler-libs/flambda2_parser__Fexpr_to_flambda.cmti,33642
2026-08-24T15:54:26Z,7dace2ea9c954e45304ea9674c5ed127c76ef90e,6858,size_in_bytes,lib/ocaml/compiler-libs/flambda2_simplify__Number_adjuncts.cmti,765136
2026-08-24T15:54:26Z,7dace2ea9c954e45304ea9674c5ed127c76ef90e,6858,size_in_bytes,lib/ocaml/compiler-libs/flambda2_cmx__Flambda_cmx.cmti,45855
2026-08-24T15:54:26Z,7dace2ea9c954e45304ea9674c5ed127c76ef90e,6858,size_in_bytes,lib/ocaml/compiler-libs/priority_queue.cmti,35441
2026-08-24T15:54:26Z,7dace2ea9c954e45304ea9674c5ed127c76ef90e,6858,size_in_bytes,lib/ocaml/compiler-libs/select_utils.cmti,141510
2026-08-24T15:54:26Z,7dace2ea9c954e45304ea9674c5ed127c76ef90e,6858,size_in_bytes,lib/ocaml/compiler-libs/flambda2_types__More_type_creators.cmti,108931
2026-08-24T15:54:26Z,7dace2ea9c954e45304ea9674c5ed127c76ef90e,6858,size_in_bytes,lib/ocaml/compiler-libs/includecore.cmti,102778
2026-08-24T15:54:26Z,7dace2ea9c954e45304ea9674c5ed127c76ef90e,6858,size_in_bytes,lib/ocaml/compiler-libs/flambda2_identifiers__Apply_cont_rewrite_id.cmti,153832
2026-08-24T15:54:26Z,7dace2ea9c954e45304ea9674c5ed127c76ef90e,6858,size_in_bytes,lib/ocaml/compiler-libs/flambda2_simplify__Optimistic_unboxing_decision.cmti,34944
2026-08-24T15:54:26Z,7dace2ea9c954e45304ea9674c5ed127c76ef90e,6858,size_in_bytes,lib/ocaml/compiler-libs/flambda2_terms__Code0.cmti,76744
2026-08-24T15:54:26Z,7dace2ea9c954e45304ea9674c5ed127c76ef90e,6858,size_in_bytes,lib/ocaml/compiler-libs/opttoploop.cmti,96689
2026-08-24T15:54:26Z,7dace2ea9c954e45304ea9674c5ed127c76ef90e,6858,size_in_bytes,lib/ocaml/compiler-libs/linear.cmti,65585
2026-08-24T15:54:26Z,7dace2ea9c954e45304ea9674c5ed127c76ef90e,6858,size_in_bytes,lib/ocaml/compiler-libs/cfg_stack_checks.cmti,35382
2026-08-24T15:54:26Z,7dace2ea9c954e45304ea9674c5ed127c76ef90e,6858,size_in_bytes,lib/ocaml/compiler-libs/static_label.cmti,153078
2026-08-24T15:54:26Z,7dace2ea9c954e45304ea9674c5ed127c76ef90e,6858,size_in_bytes,lib/ocaml/compiler-libs/flambda2_terms__Removed_operations.cmti,37368
2026-08-24T15:54:26Z,7dace2ea9c954e45304ea9674c5ed127c76ef90e,6858,size_in_bytes,lib/ocaml/compiler-libs/flambda2_identifiers__Continuation.cmti,192101
2026-08-24T15:54:26Z,7dace2ea9c954e45304ea9674c5ed127c76ef90e,6858,size_in_bytes,lib/ocaml/compiler-libs/flambda2_simplify__Simplify_apply_expr.cmti,37727
2026-08-24T15:54:26Z,7dace2ea9c954e45304ea9674c5ed127c76ef90e,6858,size_in_bytes,lib/ocaml/compiler-libs/flambda2_simplify__Loopify_state.cmti,29978
2026-08-24T15:54:26Z,7dace2ea9c954e45304ea9674c5ed127c76ef90e,6858,size_in_bytes,lib/ocaml/compiler-libs/regalloc_ls_utils.cmti,79672
2026-08-24T15:54:26Z,7dace2ea9c954e45304ea9674c5ed127c76ef90e,6858,size_in_bytes,lib/ocaml/compiler-libs/flambda2_simplify__Simplify_apply_cont_expr.cmti,37066
2026-08-24T15:54:26Z,7dace2ea9c954e45304ea9674c5ed127c76ef90e,6858,size_in_bytes,lib/ocaml/compiler-libs/zero_alloc_utils.cmti,94329
2026-08-24T15:54:26Z,7dace2ea9c954e45304ea9674c5ed127c76ef90e,6858,size_in_bytes,lib/ocaml/compiler-libs/flambda2_reaper__Cofield.cmti,165402
2026-08-24T15:54:26Z,7dace2ea9c954e45304ea9674c5ed127c76ef90e,6858,size_in_bytes,lib/ocaml/compiler-libs/bytepackager.cmti,22948
2026-08-24T15:54:26Z,7dace2ea9c954e45304ea9674c5ed127c76ef90e,6858,size_in_bytes,lib/ocaml/compiler-libs/flambda2_datalog__Virtual_machine.cmti,52194
2026-08-24T15:54:26Z,7dace2ea9c954e45304ea9674c5ed127c76ef90e,6858,size_in_bytes,lib/ocaml/compiler-libs/flambda2_types__Meet_and_n_way_join.cmti,32002
2026-08-24T15:54:26Z,7dace2ea9c954e45304ea9674c5ed127c76ef90e,6858,size_in_bytes,lib/ocaml/compiler-libs/opt_fuel.cmti,14856
2026-08-24T15:54:26Z,7dace2ea9c954e45304ea9674c5ed127c76ef90e,6858,size_in_bytes,lib/ocaml/compiler-libs/regalloc_interf_graph.cmti,86209
2026-08-24T15:54:26Z,7dace2ea9c954e45304ea9674c5ed127c76ef90e,6858,size_in_bytes,lib/ocaml/compiler-libs/shape_reduce.cmti,46923
2026-08-24T15:54:26Z,7dace2ea9c954e45304ea9674c5ed127c76ef90e,6858,size_in_bytes,lib/ocaml/compiler-libs/flambda2_to_cmm__To_cmm_shared.cmti,94603
2026-08-24T15:54:26Z,7dace2ea9c954e45304ea9674c5ed127c76ef90e,6858,size_in_bytes,lib/ocaml/compiler-libs/oprint.cmti,27546
2026-08-24T15:54:26Z,7dace2ea9c954e45304ea9674c5ed127c76ef90e,6858,size_in_bytes,lib/ocaml/compiler-libs/flambda2_reaper__Traverse_acc.cmti,113025
2026-08-24T15:54:26Z,7dace2ea9c954e45304ea9674c5ed127c76ef90e,6858,size_in_bytes,lib/ocaml/compiler-libs/flambda2_kinds__Flambda_arity.cmti,52636
2026-08-24T15:54:26Z,7dace2ea9c954e45304ea9674c5ed127c76ef90e,6858,size_in_bytes,lib/ocaml/compiler-libs/flambda2_parser__Flambda_to_fexpr.cmti,30458
2026-08-24T15:54:26Z,7dace2ea9c954e45304ea9674c5ed127c76ef90e,6858,size_in_bytes,lib/ocaml/compiler-libs/arm64_binary_emitter__Adr_helpers.cmti,17722
2026-08-24T15:54:26Z,7dace2ea9c954e45304ea9674c5ed127c76ef90e,6858,size_in_bytes,lib/ocaml/compiler-libs/cmi_format.cmti,38116
2026-08-24T15:54:26Z,7dace2ea9c954e45304ea9674c5ed127c76ef90e,6858,size_in_bytes,lib/ocaml/compiler-libs/igot.cmti,34438
2026-08-24T15:54:26Z,7dace2ea9c954e45304ea9674c5ed127c76ef90e,6858,size_in_bytes,lib/ocaml/compiler-libs/flambda2_cmx__Flambda_cmx_format.cmti,43248
2026-08-24T15:54:26Z,7dace2ea9c954e45304ea9674c5ed127c76ef90e,6858,size_in_bytes,lib/ocaml/compiler-libs/flambda2_terms__Mutability.cmti,33060
2026-08-24T15:54:26Z,7dace2ea9c954e45304ea9674c5ed127c76ef90e,6858,size_in_bytes,lib/ocaml/compiler-libs/flambda2_nominal__Permutation.cmti,24169
2026-08-24T15:54:26Z,7dace2ea9c954e45304ea9674c5ed127c76ef90e,6858,size_in_bytes,lib/ocaml/compiler-libs/string_table.cmti,18459
2026-08-24T15:54:26Z,7dace2ea9c954e45304ea9674c5ed127c76ef90e,6858,size_in_bytes,lib/ocaml/compiler-libs/flambda2_term_basics__Simple.cmti,473577
2026-08-24T15:54:26Z,7dace2ea9c954e45304ea9674c5ed127c76ef90e,6858,size_in_bytes,lib/ocaml/compiler-libs/arch.cmti,87966
2026-08-24T15:54:26Z,7dace2ea9c954e45304ea9674c5ed127c76ef90e,6858,size_in_bytes,lib/ocaml/compiler-libs/compiler_hooks.cmti,47757
2026-08-24T15:54:26Z,7dace2ea9c954e45304ea9674c5ed127c76ef90e,6858,size_in_bytes,lib/ocaml/compiler-libs/arm64_binary_emitter__Mov_helpers.cmti,18618
2026-08-24T15:54:26Z,7dace2ea9c954e45304ea9674c5ed127c76ef90e,6858,size_in_bytes,lib/ocaml/compiler-libs/flambda2_nominal__Renaming.cmti,49785
2026-08-24T15:54:26Z,7dace2ea9c954e45304ea9674c5ed127c76ef90e,6858,size_in_bytes,lib/ocaml/compiler-libs/topmain.cmti,12948
2026-08-24T15:54:26Z,7dace2ea9c954e45304ea9674c5ed127c76ef90e,6858,size_in_bytes,lib/ocaml/compiler-libs/cfg_deadcode.cmti,33626
2026-08-24T15:54:26Z,7dace2ea9c954e45304ea9674c5ed127c76ef90e,6858,size_in_bytes,lib/ocaml/compiler-libs/flambda2_bound_identifiers__Bound_for_function.cmti,40204
2026-08-24T15:54:26Z,7dace2ea9c954e45304ea9674c5ed127c76ef90e,6858,size_in_bytes,lib/ocaml/compiler-libs/value_rec_types.cmti,14308
2026-08-24T15:54:26Z,7dace2ea9c954e45304ea9674c5ed127c76ef90e,6858,size_in_bytes,lib/ocaml/compiler-libs/dissector.cmti,34417
2026-08-24T15:54:26Z,7dace2ea9c954e45304ea9674c5ed127c76ef90e,6858,size_in_bytes,lib/ocaml/compiler-libs/x86_masm.cmti,17263
2026-08-24T15:54:26Z,7dace2ea9c954e45304ea9674c5ed127c76ef90e,6858,size_in_bytes,lib/ocaml/compiler-libs/dwarf.cmti,51372
2026-08-24T15:54:26Z,7dace2ea9c954e45304ea9674c5ed127c76ef90e,6858,size_in_bytes,lib/ocaml/compiler-libs/builtin_attributes.cmti,104112
2026-08-24T15:54:26Z,7dace2ea9c954e45304ea9674c5ed127c76ef90e,6858,size_in_bytes,lib/ocaml/compiler-libs/flambda2_simplify__Inlining_transforms.cmti,38388
2026-08-24T15:54:26Z,7dace2ea9c954e45304ea9674c5ed127c76ef90e,6858,size_in_bytes,lib/ocaml/compiler-libs/build_path_prefix_map.cmti,26115
2026-08-24T15:54:26Z,7dace2ea9c954e45304ea9674c5ed127c76ef90e,6858,size_in_bytes,lib/ocaml/compiler-libs/flambda2_identifiers__Flambda_debug_uid.cmti,156700
2026-08-24T15:54:26Z,7dace2ea9c954e45304ea9674c5ed127c76ef90e,6858,size_in_bytes,lib/ocaml/compiler-libs/ikind.cmti,56838
2026-08-24T15:54:26Z,7dace2ea9c954e45304ea9674c5ed127c76ef90e,6858,size_in_bytes,lib/ocaml/compiler-libs/targetint.cmti,60860
2026-08-24T15:54:26Z,7dace2ea9c954e45304ea9674c5ed127c76ef90e,6858,size_in_bytes,lib/ocaml/compiler-libs/flambda2_identifiers__Code_id_or_name.cmti,37834
2026-08-24T15:54:26Z,7dace2ea9c954e45304ea9674c5ed127c76ef90e,6858,size_in_bytes,lib/ocaml/compiler-libs/compmisc.cmti,24604
2026-08-24T15:54:26Z,7dace2ea9c954e45304ea9674c5ed127c76ef90e,6858,size_in_bytes,lib/ocaml/compiler-libs/transl_comprehension_utils.cmti,87578
2026-08-24T15:54:26Z,7dace2ea9c954e45304ea9674c5ed127c76ef90e,6858,size_in_bytes,lib/ocaml/compiler-libs/flambda2_simplify__Simplify_static_const.cmti,39375
2026-08-24T15:54:26Z,7dace2ea9c954e45304ea9674c5ed127c76ef90e,6858,size_in_bytes,lib/ocaml/compiler-libs/flambda2_reaper__Rebuilt_expr.cmti,48634
2026-08-24T15:54:26Z,7dace2ea9c954e45304ea9674c5ed127c76ef90e,6858,size_in_bytes,lib/ocaml/compiler-libs/dwarf_name_laundry.cmti,22958
2026-08-24T15:54:26Z,7dace2ea9c954e45304ea9674c5ed127c76ef90e,6858,size_in_bytes,lib/ocaml/compiler-libs/flambda2_terms__Flambda.cmti,389086
2026-08-24T15:54:26Z,7dace2ea9c954e45304ea9674c5ed127c76ef90e,6858,size_in_bytes,lib/ocaml/compiler-libs/parsetree.cmti,385333
2026-08-24T15:54:26Z,7dace2ea9c954e45304ea9674c5ed127c76ef90e,6858,size_in_bytes,lib/ocaml/compiler-libs/printtyp.cmti,67595
2026-08-24T15:54:26Z,7dace2ea9c954e45304ea9674c5ed127c76ef90e,6858,size_in_bytes,lib/ocaml/compiler-libs/arm64_binary_emitter__Branch_helpers.cmti,28052
2026-08-24T15:54:26Z,7dace2ea9c954e45304ea9674c5ed127c76ef90e,6858,size_in_bytes,lib/ocaml/compiler-libs/cmt2annot.cmti,21094
2026-08-24T15:54:26Z,7dace2ea9c954e45304ea9674c5ed127c76ef90e,6858,size_in_bytes,lib/ocaml/compiler-libs/flambda2_terms__Function_decl_inlining_decision_type.cmti,40540
2026-08-24T15:54:26Z,7dace2ea9c954e45304ea9674c5ed127c76ef90e,6858,size_in_bytes,lib/ocaml/compiler-libs/regs_utils.cmti,196084
2026-08-24T15:54:26Z,7dace2ea9c954e45304ea9674c5ed127c76ef90e,6858,size_in_bytes,lib/ocaml/compiler-libs/cfg_comballoc.cmti,33230
2026-08-24T15:54:26Z,7dace2ea9c954e45304ea9674c5ed127c76ef90e,6858,size_in_bytes,lib/ocaml/compiler-libs/current_unit.cmti,25227
2026-08-24T15:54:26Z,7dace2ea9c954e45304ea9674c5ed127c76ef90e,6858,size_in_bytes,lib/ocaml/compiler-libs/target_system.cmti,32232
2026-08-24T15:54:26Z,7dace2ea9c954e45304ea9674c5ed127c76ef90e,6858,size_in_bytes,lib/ocaml/compiler-libs/language_extension.cmti,71375
2026-08-24T15:54:26Z,7dace2ea9c954e45304ea9674c5ed127c76ef90e,6858,size_in_bytes,lib/ocaml/compiler-libs/cmm_builtins.cmti,38498
2026-08-24T15:54:26Z,7dace2ea9c954e45304ea9674c5ed127c76ef90e,6858,size_in_bytes,lib/ocaml/compiler-libs/binutils.cmti,18071
2026-08-24T15:54:26Z,7dace2ea9c954e45304ea9674c5ed127c76ef90e,6858,size_in_bytes,lib/ocaml/compiler-libs/printtyped.cmti,20117
2026-08-24T15:54:26Z,7dace2ea9c954e45304ea9674c5ed127c76ef90e,6858,size_in_bytes,lib/ocaml/compiler-libs/arg_helper.cmti,74690
2026-08-24T15:54:26Z,7dace2ea9c954e45304ea9674c5ed127c76ef90e,6858,size_in_bytes,lib/ocaml/compiler-libs/flambda2_simplify_shared__Call_site_inlining_decision_type.cmti,40508
2026-08-24T15:54:26Z,7dace2ea9c954e45304ea9674c5ed127c76ef90e,6858,size_in_bytes,lib/ocaml/compiler-libs/flambda2_types__Reify.cmti,51092
2026-08-24T15:54:26Z,7dace2ea9c954e45304ea9674c5ed127c76ef90e,6858,size_in_bytes,lib/ocaml/compiler-libs/flambda2_simplify__Simplify_set_of_closures.cmti,48139
2026-08-24T15:54:26Z,7dace2ea9c954e45304ea9674c5ed127c76ef90e,6858,size_in_bytes,lib/ocaml/compiler-libs/parser.cmti,399889
2026-08-24T15:54:26Z,7dace2ea9c954e45304ea9674c5ed127c76ef90e,6858,size_in_bytes,lib/ocaml/compiler-libs/printpat.cmti,23086
2026-08-24T15:54:26Z,7dace2ea9c954e45304ea9674c5ed127c76ef90e,6858,size_in_bytes,lib/ocaml/compiler-libs/flambda2_identifiers__Name.cmti,187720
2026-08-24T15:54:26Z,7dace2ea9c954e45304ea9674c5ed127c76ef90e,6858,size_in_bytes,lib/ocaml/compiler-libs/flambda2_from_lambda__Lambda_to_flambda_primitives.cmti,41727
2026-08-24T15:54:26Z,7dace2ea9c954e45304ea9674c5ed127c76ef90e,6858,size_in_bytes,lib/ocaml/compiler-libs/complex_shape.cmti,38980
2026-08-24T15:54:26Z,7dace2ea9c954e45304ea9674c5ed127c76ef90e,6858,size_in_bytes,lib/ocaml/compiler-libs/language_extension_kernel.cmti,19966
2026-08-24T15:54:26Z,7dace2ea9c954e45304ea9674c5ed127c76ef90e,6858,size_in_bytes,lib/ocaml/compiler-libs/cfg_with_infos.cmti,51036
2026-08-24T15:54:26Z,7dace2ea9c954e45304ea9674c5ed127c76ef90e,6858,size_in_bytes,lib/ocaml/compiler-libs/predef.cmti,156986
2026-08-24T15:54:26Z,7dace2ea9c954e45304ea9674c5ed127c76ef90e,6858,size_in_bytes,lib/ocaml/compiler-libs/flambda2_terms__Inlining_history.cmti,61503
2026-08-24T15:54:26Z,7dace2ea9c954e45304ea9674c5ed127c76ef90e,6858,size_in_bytes,lib/ocaml/compiler-libs/flambda2_nominal__Num_occurrences.cmti,16025
2026-08-24T15:54:26Z,7dace2ea9c954e45304ea9674c5ed127c76ef90e,6858,size_in_bytes,lib/ocaml/compiler-libs/flambda2_simplify__Call_site_inlining_decision.cmti,41105
2026-08-24T15:54:26Z,7dace2ea9c954e45304ea9674c5ed127c76ef90e,6858,size_in_bytes,lib/ocaml/compiler-libs/cfg_simplify.cmti,33298
2026-08-24T15:54:26Z,7dace2ea9c954e45304ea9674c5ed127c76ef90e,6858,size_in_bytes,lib/ocaml/compiler-libs/flambda2_to_cmm__To_cmm.cmti,34788
2026-08-24T15:54:26Z,7dace2ea9c954e45304ea9674c5ed127c76ef90e,6858,size_in_bytes,lib/ocaml/compiler-libs/flambda2_simplify__Continuation_uses.cmti,51681
2026-08-24T15:54:26Z,7dace2ea9c954e45304ea9674c5ed127c76ef90e,6858,size_in_bytes,lib/ocaml/compiler-libs/docstrings.cmti,78655
2026-08-24T15:54:26Z,7dace2ea9c954e45304ea9674c5ed127c76ef90e,6858,size_in_bytes,lib/ocaml/compiler-libs/solver.cmti,47955
2026-08-24T15:54:26Z,7dace2ea9c954e45304ea9674c5ed127c76ef90e,6858,size_in_bytes,lib/ocaml/compiler-libs/flambda2_types__Code_age_relation.cmti,38593
2026-08-24T15:54:26Z,7dace2ea9c954e45304ea9674c5ed127c76ef90e,6858,size_in_bytes,lib/ocaml/compiler-libs/flambda2_types__Traversals.cmti,262828
2026-08-24T15:54:26Z,7dace2ea9c954e45304ea9674c5ed127c76ef90e,6858,size_in_bytes,lib/ocaml/compiler-libs/flambda2_simplify__Simplify_let_cont_expr.cmti,39719
2026-08-24T15:54:26Z,7dace2ea9c954e45304ea9674c5ed127c76ef90e,6858,size_in_bytes,lib/ocaml/compiler-libs/flambda2_simplify__Apply_cont_rewrite.cmti,46972
2026-08-24T15:54:26Z,7dace2ea9c954e45304ea9674c5ed127c76ef90e,6858,size_in_bytes,lib/ocaml/compiler-libs/cfg.cmti,154149
2026-08-24T15:54:26Z,7dace2ea9c954e45304ea9674c5ed127c76ef90e,6858,size_in_bytes,lib/ocaml/compiler-libs/peephole_rules.cmti,33949
2026-08-24T15:54:26Z,7dace2ea9c954e45304ea9674c5ed127c76ef90e,6858,size_in_bytes,lib/ocaml/compiler-libs/arm64_binary_emitter__Add_sub_helpers.cmti,33808
2026-08-24T15:54:26Z,7dace2ea9c954e45304ea9674c5ed127c76ef90e,6858,size_in_bytes,lib/ocaml/compiler-libs/cmm_invariants.cmti,34048
2026-08-24T15:54:26Z,7dace2ea9c954e45304ea9674c5ed127c76ef90e,6858,size_in_bytes,lib/ocaml/compiler-libs/flambda2_identifiers__Continuation_callsite_map.cmti,24601
2026-08-24T15:54:26Z,7dace2ea9c954e45304ea9674c5ed127c76ef90e,6858,size_in_bytes,lib/ocaml/compiler-libs/flambda2_terms__Coeffects.cmti,32594
2026-08-24T15:54:26Z,7dace2ea9c954e45304ea9674c5ed127c76ef90e,6858,size_in_bytes,lib/ocaml/compiler-libs/flambda2_terms__First_complex_local_param.cmti,30771
2026-08-24T15:54:26Z,7dace2ea9c954e45304ea9674c5ed127c76ef90e,6858,size_in_bytes,lib/ocaml/compiler-libs/flambda2_terms__Apply_expr.cmti,214517
2026-08-24T15:54:26Z,7dace2ea9c954e45304ea9674c5ed127c76ef90e,6858,size_in_bytes,lib/ocaml/compiler-libs/iplt.cmti,36733
2026-08-24T15:54:26Z,7dace2ea9c954e45304ea9674c5ed127c76ef90e,6858,size_in_bytes,lib/ocaml/compiler-libs/jkind_axis.cmti,79004
2026-08-24T15:54:26Z,7dace2ea9c954e45304ea9674c5ed127c76ef90e,6858,size_in_bytes,lib/ocaml/compiler-libs/flambda2_terms__Function_declarations.cmti,43268
2026-08-24T15:54:26Z,7dace2ea9c954e45304ea9674c5ed127c76ef90e,6858,size_in_bytes,lib/ocaml/compiler-libs/regs.cmti,230518
2026-08-24T15:54:26Z,7dace2ea9c954e45304ea9674c5ed127c76ef90e,6858,size_in_bytes,lib/ocaml/compiler-libs/flambda2_to_cmm__To_cmm_result.cmti,57318
2026-08-24T15:54:26Z,7dace2ea9c954e45304ea9674c5ed127c76ef90e,6858,size_in_bytes,lib/ocaml/compiler-libs/arm64_binary_emitter__Load_store_helpers.cmti,57797
2026-08-24T15:54:26Z,7dace2ea9c954e45304ea9674c5ed127c76ef90e,6858,size_in_bytes,lib/ocaml/compiler-libs/flambda2_numbers__Numeric_types.cmti,1660076
2026-08-24T15:54:26Z,7dace2ea9c954e45304ea9674c5ed127c76ef90e,6858,size_in_bytes,lib/ocaml/compiler-libs/flambda2_reaper__Datalog_helpers.cmti,296358
2026-08-24T15:54:26Z,7dace2ea9c954e45304ea9674c5ed127c76ef90e,6858,size_in_bytes,lib/ocaml/compiler-libs/peephole_utils.cmti,49405
2026-08-24T15:54:26Z,7dace2ea9c954e45304ea9674c5ed127c76ef90e,6858,size_in_bytes,lib/ocaml/compiler-libs/flambda2_reaper__Analysis.cmti,48960
2026-08-24T15:54:26Z,7dace2ea9c954e45304ea9674c5ed127c76ef90e,6858,size_in_bytes,lib/ocaml/compiler-libs/flambda2_simplify__Upwards_acc.cmti,79262
2026-08-24T15:54:26Z,7dace2ea9c954e45304ea9674c5ed127c76ef90e,6858,size_in_bytes,lib/ocaml/compiler-libs/build_igot_and_iplt.cmti,25022
2026-08-24T15:54:26Z,7dace2ea9c954e45304ea9674c5ed127c76ef90e,6858,size_in_bytes,lib/ocaml/compiler-libs/tast_iterator.cmti,68256
2026-08-24T15:54:26Z,7dace2ea9c954e45304ea9674c5ed127c76ef90e,6858,size_in_bytes,lib/ocaml/compiler-libs/flambda2_simplify__Simplify_let_expr.cmti,38284
2026-08-24T15:54:26Z,7dace2ea9c954e45304ea9674c5ed127c76ef90e,6858,size_in_bytes,lib/ocaml/compiler-libs/cfg_available_regs.cmti,33160
2026-08-24T15:54:26Z,7dace2ea9c954e45304ea9674c5ed127c76ef90e,6858,size_in_bytes,lib/ocaml/compiler-libs/cfg_cse.cmti,35798
2026-08-24T15:54:26Z,7dace2ea9c954e45304ea9674c5ed127c76ef90e,6858,size_in_bytes,lib/ocaml/compiler-libs/flambda2_to_cmm__To_cmm_effects.cmti,47390
2026-08-24T15:54:26Z,7dace2ea9c954e45304ea9674c5ed127c76ef90e,6858,size_in_bytes,lib/ocaml/compiler-libs/translprim.cmti,43391
2026-08-24T15:54:26Z,7dace2ea9c954e45304ea9674c5ed127c76ef90e,6858,size_in_bytes,lib/ocaml/compiler-libs/gprinttyp.cmti,74125
2026-08-24T15:54:26Z,7dace2ea9c954e45304ea9674c5ed127c76ef90e,6858,size_in_bytes,lib/ocaml/compiler-libs/signature_with_global_bindings.cmti,25965
2026-08-24T15:54:26Z,7dace2ea9c954e45304ea9674c5ed127c76ef90e,6858,size_in_bytes,lib/ocaml/compiler-libs/flambda2_algorithms__Leapfrog.cmti,44693
2026-08-24T15:54:26Z,7dace2ea9c954e45304ea9674c5ed127c76ef90e,6858,size_in_bytes,lib/ocaml/compiler-libs/optmaindriver.cmti,36170
2026-08-24T15:54:26Z,7dace2ea9c954e45304ea9674c5ed127c76ef90e,6858,size_in_bytes,lib/ocaml/compiler-libs/printlambda.cmti,40185
2026-08-24T15:54:26Z,7dace2ea9c954e45304ea9674c5ed127c76ef90e,6858,size_in_bytes,lib/ocaml/compiler-libs/flambda2_identifiers__Variable.cmti,42903
2026-08-24T15:54:26Z,7dace2ea9c954e45304ea9674c5ed127c76ef90e,6858,size_in_bytes,lib/ocaml/compiler-libs/envaux.cmti,23397
2026-08-24T15:54:26Z,7dace2ea9c954e45304ea9674c5ed127c76ef90e,6858,size_in_bytes,lib/ocaml/compiler-libs/flambda2_simplify__One_continuation_use.cmti,41483
2026-08-24T15:54:26Z,7dace2ea9c954e45304ea9674c5ed127c76ef90e,6858,size_in_bytes,lib/ocaml/compiler-libs/flambda2_reaper__Unboxing_analysis.cmti,58721
2026-08-24T15:54:26Z,7dace2ea9c954e45304ea9674c5ed127c76ef90e,6858,size_in_bytes,lib/ocaml/compiler-libs/printinstr.cmti,19647
2026-08-24T15:54:26Z,7dace2ea9c954e45304ea9674c5ed127c76ef90e,6858,size_in_bytes,lib/ocaml/compiler-libs/regalloc_irc.cmti,34696
2026-08-24T15:54:26Z,7dace2ea9c954e45304ea9674c5ed127c76ef90e,6858,size_in_bytes,lib/ocaml/compiler-libs/flambda2_nominal__Name_mode.cmti,289908
2026-08-24T15:54:26Z,7dace2ea9c954e45304ea9674c5ed127c76ef90e,6858,size_in_bytes,lib/ocaml/compiler-libs/linkenv.cmti,74482
2026-08-24T15:54:26Z,7dace2ea9c954e45304ea9674c5ed127c76ef90e,6858,size_in_bytes,lib/ocaml/compiler-libs/flambda2_to_cmm__To_cmm_env.cmti,144558
2026-08-24T15:54:26Z,7dace2ea9c954e45304ea9674c5ed127c76ef90e,6858,size_in_bytes,lib/ocaml/compiler-libs/cms_format.cmti,38413
2026-08-24T15:54:26Z,7dace2ea9c954e45304ea9674c5ed127c76ef90e,6858,size_in_bytes,lib/ocaml/compiler-libs/ldd.cmti,33153
2026-08-24T15:54:26Z,7dace2ea9c954e45304ea9674c5ed127c76ef90e,6858,size_in_bytes,lib/ocaml/compiler-libs/asm_targets__Asm_directives.cmti,173629
2026-08-24T15:54:26Z,7dace2ea9c954e45304ea9674c5ed127c76ef90e,6858,size_in_bytes,lib/ocaml/compiler-libs/rawprinttyp.cmti,19483
2026-08-24T15:54:26Z,7dace2ea9c954e45304ea9674c5ed127c76ef90e,6858,size_in_bytes,lib/ocaml/compiler-libs/cfg_with_layout.cmti,72485
2026-08-24T15:54:26Z,7dace2ea9c954e45304ea9674c5ed127c76ef90e,6858,size_in_bytes,lib/ocaml/compiler-libs/flambda2_to_jsir__To_jsir_set_of_closures.cmti,35764
2026-08-24T15:54:26Z,7dace2ea9c954e45304ea9674c5ed127c76ef90e,6858,size_in_bytes,lib/ocaml/compiler-libs/asm_targets__Asm_symbol.cmti,148833
2026-08-24T15:54:26Z,7dace2ea9c954e45304ea9674c5ed127c76ef90e,6858,size_in_bytes,lib/ocaml/compiler-libs/flambda2_terms__Inlining_state.cmti,37597
2026-08-24T15:54:26Z,7dace2ea9c954e45304ea9674c5ed127c76ef90e,6858,size_in_bytes,lib/ocaml/compiler-libs/cmm_helpers.cmti,684814
2026-08-24T15:54:26Z,7dace2ea9c954e45304ea9674c5ed127c76ef90e,6858,size_in_bytes,lib/ocaml/compiler-libs/printcmm.cmti,53035
2026-08-24T15:54:26Z,7dace2ea9c954e45304ea9674c5ed127c76ef90e,6858,size_in_bytes,lib/ocaml/compiler-libs/flambda2_terms__Validity.cmti,35811
2026-08-24T15:54:26Z,7dace2ea9c954e45304ea9674c5ed127c76ef90e,6858,size_in_bytes,lib/ocaml/compiler-libs/regalloc_stack_operands.cmti,36486
2026-08-24T15:54:26Z,7dace2ea9c954e45304ea9674c5ed127c76ef90e,6858,size_in_bytes,lib/ocaml/compiler-libs/symbol_table.cmti,32949
2026-08-24T15:54:26Z,7dace2ea9c954e45304ea9674c5ed127c76ef90e,6858,size_in_bytes,lib/ocaml/compiler-libs/flambda2_identifiers__Int_ids.cmti,1422045
2026-08-24T15:54:26Z,7dace2ea9c954e45304ea9674c5ed127c76ef90e,6858,size_in_bytes,lib/ocaml/compiler-libs/slambda.cmti,21936
2026-08-24T15:54:26Z,7dace2ea9c954e45304ea9674c5ed127c76ef90e,6858,size_in_bytes,lib/ocaml/compiler-libs/dissector_log.cmti,17382
2026-08-24T15:54:26Z,7dace2ea9c954e45304ea9674c5ed127c76ef90e,6858,size_in_bytes,lib/ocaml/compiler-libs/translmode.cmti,27535
2026-08-24T15:54:26Z,7dace2ea9c954e45304ea9674c5ed127c76ef90e,6858,size_in_bytes,lib/ocaml/compiler-libs/maindriver.cmti,14065
2026-08-24T15:54:26Z,7dace2ea9c954e45304ea9674c5ed127c76ef90e,6858,size_in_bytes,lib/ocaml/compiler-libs/is_parameter.cmti,147414
2026-08-24T15:54:26Z,7dace2ea9c954e45304ea9674c5ed127c76ef90e,6858,size_in_bytes,lib/ocaml/compiler-libs/compute_ranges.cmti,64215
2026-08-24T15:54:26Z,7dace2ea9c954e45304ea9674c5ed127c76ef90e,6858,size_in_bytes,lib/ocaml/compiler-libs/arm64_binary_emitter__Bitfield_helpers.cmti,18154
2026-08-24T15:54:26Z,7dace2ea9c954e45304ea9674c5ed127c76ef90e,6858,size_in_bytes,lib/ocaml/compiler-libs/linear_format.cmti,41532
2026-08-24T15:54:26Z,7dace2ea9c954e45304ea9674c5ed127c76ef90e,6858,size_in_bytes,lib/ocaml/compiler-libs/solver_intf.cmti,223342
2026-08-24T15:54:26Z,7dace2ea9c954e45304ea9674c5ed127c76ef90e,6858,size_in_bytes,lib/ocaml/compiler-libs/flambda2_terms__Flambda_primitive.cmti,531665
2026-08-24T15:54:26Z,7dace2ea9c954e45304ea9674c5ed127c76ef90e,6858,size_in_bytes,lib/ocaml/compiler-libs/arm64_binary_emitter__Data_proc_helpers.cmti,25252
2026-08-24T15:54:26Z,7dace2ea9c954e45304ea9674c5ed127c76ef90e,6858,size_in_bytes,lib/ocaml/compiler-libs/flambda2_simplify_shared__Are_rebuilding_terms.cmti,19712
2026-08-24T15:54:26Z,7dace2ea9c954e45304ea9674c5ed127c76ef90e,6858,size_in_bytes,lib/ocaml/compiler-libs/ast_helper.cmti,448271
2026-08-24T15:54:26Z,7dace2ea9c954e45304ea9674c5ed127c76ef90e,6858,size_in_bytes,lib/ocaml/compiler-libs/flambda2_to_jsir__To_jsir_static_const.cmti,44517
2026-08-24T15:54:26Z,7dace2ea9c954e45304ea9674c5ed127c76ef90e,6858,size_in_bytes,lib/ocaml/compiler-libs/flambda2_simplify__Lifted_constant.cmti,71928
2026-08-24T15:54:26Z,7dace2ea9c954e45304ea9674c5ed127c76ef90e,6858,size_in_bytes,lib/ocaml/compiler-libs/x86_gas.cmti,19096
2026-08-24T15:54:26Z,7dace2ea9c954e45304ea9674c5ed127c76ef90e,6858,size_in_bytes,lib/ocaml/compiler-libs/flambda2_simplify__Specialization_cost.cmti,49218
2026-08-24T15:54:26Z,7dace2ea9c954e45304ea9674c5ed127c76ef90e,6858,size_in_bytes,lib/ocaml/compiler-libs/attr_helper.cmti,20193
2026-08-24T15:54:26Z,7dace2ea9c954e45304ea9674c5ed127c76ef90e,6858,size_in_bytes,lib/ocaml/compiler-libs/warnings.cmti,87041
2026-08-24T15:54:26Z,7dace2ea9c954e45304ea9674c5ed127c76ef90e,6858,size_in_bytes,lib/ocaml/compiler-libs/partition.cmti,30547
2026-08-24T15:54:26Z,7dace2ea9c954e45304ea9674c5ed127c76ef90e,6858,size_in_bytes,lib/ocaml/compiler-libs/flambda2_simplify__Reification.cmti,38909
2026-08-24T15:54:26Z,7dace2ea9c954e45304ea9674c5ed127c76ef90e,6858,size_in_bytes,lib/ocaml/compiler-libs/cfg_prologue.cmti,34318
2026-08-24T15:54:26Z,7dace2ea9c954e45304ea9674c5ed127c76ef90e,6858,size_in_bytes,lib/ocaml/compiler-libs/printast_with_mappings.cmti,23511
2026-08-24T15:54:26Z,7dace2ea9c954e45304ea9674c5ed127c76ef90e,6858,size_in_bytes,lib/ocaml/compiler-libs/flambda2_classic_mode_types__Value_approximation.cmti,33536
2026-08-24T15:54:26Z,7dace2ea9c954e45304ea9674c5ed127c76ef90e,6858,size_in_bytes,lib/ocaml/compiler-libs/flambda2_identifiers__Named_rewrite_id.cmti,153777
2026-08-24T15:54:26Z,7dace2ea9c954e45304ea9674c5ed127c76ef90e,6858,size_in_bytes,lib/ocaml/compiler-libs/flambda2_terms__Code.cmti,65014
2026-08-24T15:54:26Z,7dace2ea9c954e45304ea9674c5ed127c76ef90e,6858,size_in_bytes,lib/ocaml/compiler-libs/slambdaeval.cmti,33381
2026-08-24T15:54:26Z,7dace2ea9c954e45304ea9674c5ed127c76ef90e,6858,size_in_bytes,lib/ocaml/compiler-libs/flambda2_term_basics__Tag_and_size.cmti,156517
2026-08-24T15:54:26Z,7dace2ea9c954e45304ea9674c5ed127c76ef90e,6858,size_in_bytes,lib/ocaml/compiler-libs/flambda2_simplify_shared__Slot_offsets.cmti,58549
2026-08-24T15:54:26Z,7dace2ea9c954e45304ea9674c5ed127c76ef90e,6858,size_in_bytes,lib/ocaml/compiler-libs/llvm_ir.cmti,372836
2026-08-24T15:54:26Z,7dace2ea9c954e45304ea9674c5ed127c76ef90e,6858,size_in_bytes,lib/ocaml/compiler-libs/cfg_edge.cmti,85266
2026-08-24T15:54:26Z,7dace2ea9c954e45304ea9674c5ed127c76ef90e,6858,size_in_bytes,lib/ocaml/compiler-libs/slambda_fracture.cmti,19627
2026-08-24T15:54:26Z,7dace2ea9c954e45304ea9674c5ed127c76ef90e,6858,size_in_bytes,lib/ocaml/compiler-libs/flambda2_from_lambda__Lambda_to_flambda_primitives_helpers.cmti,65111
2026-08-24T15:54:26Z,7dace2ea9c954e45304ea9674c5ed127c76ef90e,6858,size_in_bytes,lib/ocaml/compiler-libs/flambda2_from_lambda__Lambda_to_flambda_env.cmti,85737
2026-08-24T15:54:26Z,7dace2ea9c954e45304ea9674c5ed127c76ef90e,6858,size_in_bytes,lib/ocaml/compiler-libs/flambda2_parser__Flambda_lex.cmti,31216
2026-08-24T15:54:26Z,7dace2ea9c954e45304ea9674c5ed127c76ef90e,6858,size_in_bytes,lib/ocaml/compiler-libs/flambda2_to_jsir__To_jsir_env.cmti,86756
2026-08-24T15:54:26Z,7dace2ea9c954e45304ea9674c5ed127c76ef90e,6858,size_in_bytes,lib/ocaml/compiler-libs/flambda2_terms__Code_size.cmti,45399
2026-08-24T15:54:26Z,7dace2ea9c954e45304ea9674c5ed127c76ef90e,6858,size_in_bytes,lib/ocaml/compiler-libs/cmo_format.cmti,34195
2026-08-24T15:54:26Z,7dace2ea9c954e45304ea9674c5ed127c76ef90e,6858,size_in_bytes,lib/ocaml/compiler-libs/arm64_binary_emitter__Section_state.cmti,45170
2026-08-24T15:54:26Z,7dace2ea9c954e45304ea9674c5ed127c76ef90e,6858,size_in_bytes,lib/ocaml/compiler-libs/arm64_binary_emitter__Csel_helpers.cmti,18483
2026-08-24T15:54:26Z,7dace2ea9c954e45304ea9674c5ed127c76ef90e,6858,size_in_bytes,lib/ocaml/compiler-libs/dwarf_compilation_unit.cmti,25594
2026-08-24T15:54:26Z,7dace2ea9c954e45304ea9674c5ed127c76ef90e,6858,size_in_bytes,lib/ocaml/compiler-libs/flambda2_terms__Exn_continuation.cmti,176513
2026-08-24T15:54:26Z,7dace2ea9c954e45304ea9674c5ed127c76ef90e,6858,size_in_bytes,lib/ocaml/compiler-libs/instantiator.cmti,39059
2026-08-24T15:54:26Z,7dace2ea9c954e45304ea9674c5ed127c76ef90e,6858,size_in_bytes,lib/ocaml/compiler-libs/flambda2_simplify__Simplify_expr.cmti,41036
2026-08-24T15:54:26Z,7dace2ea9c954e45304ea9674c5ed127c76ef90e,6858,size_in_bytes,lib/ocaml/compiler-libs/flambda2_simplify__Build_unboxing_denv.cmti,35715
2026-08-24T15:54:26Z,7dace2ea9c954e45304ea9674c5ed127c76ef90e,6858,size_in_bytes,lib/ocaml/compiler-libs/cmmgen_state.cmti,53523
2026-08-24T15:54:26Z,7dace2ea9c954e45304ea9674c5ed127c76ef90e,6858,size_in_bytes,lib/ocaml/compiler-libs/flambda2_to_jsir__To_jsir_primitive.cmti,35984
2026-08-24T15:54:26Z,7dace2ea9c954e45304ea9674c5ed127c76ef90e,6858,size_in_bytes,lib/ocaml/compiler-libs/camlinternalMenhirLib.cmti,500847
2026-08-24T15:54:26Z,7dace2ea9c954e45304ea9674c5ed127c76ef90e,6858,size_in_bytes,lib/ocaml/compiler-libs/asm_targets__Asm_label.cmti,161071
2026-08-24T15:54:26Z,7dace2ea9c954e45304ea9674c5ed127c76ef90e,6858,size_in_bytes,lib/ocaml/compiler-libs/available_ranges_vars.cmti,157587
2026-08-24T15:54:26Z,7dace2ea9c954e45304ea9674c5ed127c76ef90e,6858,size_in_bytes,lib/ocaml/compiler-libs/ast_iterator.cmti,70834
2026-08-24T15:54:26Z,7dace2ea9c954e45304ea9674c5ed127c76ef90e,6858,size_in_bytes,lib/ocaml/compiler-libs/binary_emitter_verify.cmti,32755
2026-08-24T15:54:26Z,7dace2ea9c954e45304ea9674c5ed127c76ef90e,6858,size_in_bytes,lib/ocaml/compiler-libs/flambda2_simplify__Are_lifting_conts.cmti,45182
2026-08-24T15:54:26Z,7dace2ea9c954e45304ea9674c5ed127c76ef90e,6858,size_in_bytes,lib/ocaml/compiler-libs/flambda2_simplify__Downwards_acc.cmti,107174
2026-08-24T15:54:26Z,7dace2ea9c954e45304ea9674c5ed127c76ef90e,6858,size_in_bytes,lib/ocaml/compiler-libs/arm64_binary_emitter__Logical_helpers.cmti,24109
2026-08-24T15:54:26Z,7dace2ea9c954e45304ea9674c5ed127c76ef90e,6858,size_in_bytes,lib/ocaml/compiler-libs/mode.cmti,763673
2026-08-24T15:54:26Z,7dace2ea9c954e45304ea9674c5ed127c76ef90e,6858,size_in_bytes,lib/ocaml/compiler-libs/stack_check.cmti,34695
2026-08-24T15:54:26Z,7dace2ea9c954e45304ea9674c5ed127c76ef90e,6858,size_in_bytes,lib/ocaml/compiler-libs/includemod_errorprinter.cmti,20195
2026-08-24T15:54:26Z,7dace2ea9c954e45304ea9674c5ed127c76ef90e,6858,size_in_bytes,lib/ocaml/compiler-libs/flambda2_types__Meet_and_join.cmti,32272
2026-08-24T15:54:26Z,7dace2ea9c954e45304ea9674c5ed127c76ef90e,6858,size_in_bytes,lib/ocaml/compiler-libs/mixed_product_bytes.cmti,45839
2026-08-24T15:54:26Z,7dace2ea9c954e45304ea9674c5ed127c76ef90e,6858,size_in_bytes,lib/ocaml/compiler-libs/translclass.cmti,23333
2026-08-24T15:54:26Z,7dace2ea9c954e45304ea9674c5ed127c76ef90e,6858,size_in_bytes,lib/ocaml/compiler-libs/flambda2_bound_identifiers__Bound_parameters.cmti,47307
2026-08-24T15:54:26Z,7dace2ea9c954e45304ea9674c5ed127c76ef90e,6858,size_in_bytes,lib/ocaml/compiler-libs/flambda2_simplify__Data_flow_graph.cmti,40771
2026-08-24T15:54:26Z,7dace2ea9c954e45304ea9674c5ed127c76ef90e,6858,size_in_bytes,lib/ocaml/compiler-libs/flambda2_simplify__Control_flow_graph.cmti,52693
2026-08-24T15:54:26Z,7dace2ea9c954e45304ea9674c5ed127c76ef90e,6858,size_in_bytes,lib/ocaml/compiler-libs/arm64_binary_emitter__Nop_helpers.cmti,14210
2026-08-24T15:54:26Z,7dace2ea9c954e45304ea9674c5ed127c76ef90e,6858,size_in_bytes,lib/ocaml/compiler-libs/zero_alloc_checker.cmti,57110
2026-08-24T15:54:26Z,7dace2ea9c954e45304ea9674c5ed127c76ef90e,6858,size_in_bytes,lib/ocaml/compiler-libs/flambda2_identifiers__Rec_info_expr0.cmti,48547
2026-08-24T15:54:26Z,7dace2ea9c954e45304ea9674c5ed127c76ef90e,6858,size_in_bytes,lib/ocaml/compiler-libs/translattribute.cmti,30840
2026-08-24T15:54:26Z,7dace2ea9c954e45304ea9674c5ed127c76ef90e,6858,size_in_bytes,lib/ocaml/compiler-libs/flambda2_term_basics__Or_invalid.cmti,19617
2026-08-24T15:54:26Z,7dace2ea9c954e45304ea9674c5ed127c76ef90e,6858,size_in_bytes,lib/ocaml/compiler-libs/axis_lattice.cmti,47705
2026-08-24T15:54:26Z,7dace2ea9c954e45304ea9674c5ed127c76ef90e,6858,size_in_bytes,lib/ocaml/compiler-libs/flambda2_bound_identifiers__Bound_continuation.cmti,29525
2026-08-24T15:54:26Z,7dace2ea9c954e45304ea9674c5ed127c76ef90e,6858,size_in_bytes,lib/ocaml/compiler-libs/flambda2_simplify__Common_subexpression_elimination.cmti,46586
2026-08-24T15:54:26Z,7dace2ea9c954e45304ea9674c5ed127c76ef90e,6858,size_in_bytes,lib/ocaml/compiler-libs/zero_alloc_annotations.cmti,22374
2026-08-24T15:54:26Z,7dace2ea9c954e45304ea9674c5ed127c76ef90e,6858,size_in_bytes,lib/ocaml/compiler-libs/asm_targets__Asm_section.cmti,52076
2026-08-24T15:54:26Z,7dace2ea9c954e45304ea9674c5ed127c76ef90e,6858,size_in_bytes,lib/ocaml/compiler-libs/flambda2_simplify__Join_points.cmti,43558
2026-08-24T15:54:26Z,7dace2ea9c954e45304ea9674c5ed127c76ef90e,6858,size_in_bytes,lib/ocaml/compiler-libs/printlinear.cmti,40378
2026-08-24T15:54:26Z,7dace2ea9c954e45304ea9674c5ed127c76ef90e,6858,size_in_bytes,lib/ocaml/compiler-libs/flambda2_parser__Flambda_parser_messages.cmti,14517
2026-08-24T15:54:26Z,7dace2ea9c954e45304ea9674c5ed127c76ef90e,6858,size_in_bytes,lib/ocaml/compiler-libs/flambda2_kinds__Tag.cmti,395132
2026-08-24T15:54:26Z,7dace2ea9c954e45304ea9674c5ed127c76ef90e,6858,size_in_bytes,lib/ocaml/compiler-libs/branch_relaxation.cmti,37448
2026-08-24T15:54:26Z,7dace2ea9c954e45304ea9674c5ed127c76ef90e,6858,size_in_bytes,lib/ocaml/compiler-libs/arm64_binary_emitter__Fp_helpers.cmti,28907
2026-08-24T15:54:26Z,7dace2ea9c954e45304ea9674c5ed127c76ef90e,6858,size_in_bytes,lib/ocaml/compiler-libs/flambda2_simplify__Continuation_in_env.cmti,41397
2026-08-24T15:54:26Z,7dace2ea9c954e45304ea9674c5ed127c76ef90e,6858,size_in_bytes,lib/ocaml/compiler-libs/dsl_helpers.cmti,12519
2026-08-24T15:54:26Z,7dace2ea9c954e45304ea9674c5ed127c76ef90e,6858,size_in_bytes,lib/ocaml/compiler-libs/flambda2_to_cmm__To_cmm_expr.cmti,35013
2026-08-24T15:54:26Z,7dace2ea9c954e45304ea9674c5ed127c76ef90e,6858,size_in_bytes,lib/ocaml/compiler-libs/flambda2_reaper__Types_rewriter.cmti,38195
2026-08-24T15:54:26Z,7dace2ea9c954e45304ea9674c5ed127c76ef90e,6858,size_in_bytes,lib/ocaml/compiler-libs/translcore.cmti,40960
2026-08-24T15:54:26Z,7dace2ea9c954e45304ea9674c5ed127c76ef90e,6858,size_in_bytes,lib/ocaml/compiler-libs/toploop.cmti,103080
2026-08-24T15:54:26Z,7dace2ea9c954e45304ea9674c5ed127c76ef90e,6858,size_in_bytes,lib/ocaml/compiler-libs/errortrace.cmti,94808
2026-08-24T15:54:26Z,7dace2ea9c954e45304ea9674c5ed127c76ef90e,6858,size_in_bytes,lib/ocaml/compiler-libs/branch_relaxation_intf.cmti,45731
2026-08-24T15:54:26Z,7dace2ea9c954e45304ea9674c5ed127c76ef90e,6858,size_in_bytes,lib/ocaml/compiler-libs/identifiable.cmti,351110
2026-08-24T15:54:26Z,7dace2ea9c954e45304ea9674c5ed127c76ef90e,6858,size_in_bytes,lib/ocaml/compiler-libs/printast.cmti,26865
2026-08-24T15:54:26Z,7dace2ea9c954e45304ea9674c5ed127c76ef90e,6858,size_in_bytes,lib/ocaml/compiler-libs/flambda2_from_lambda__Lambda_to_flambda.cmti,36997
2026-08-24T15:54:26Z,7dace2ea9c954e45304ea9674c5ed127c76ef90e,6858,size_in_bytes,lib/ocaml/compiler-libs/flambda2_terms__Trap_action.cmti,42364
2026-08-24T15:54:26Z,7dace2ea9c954e45304ea9674c5ed127c76ef90e,6858,size_in_bytes,lib/ocaml/compiler-libs/dwarf_type.cmti,27370
2026-08-24T15:54:26Z,7dace2ea9c954e45304ea9674c5ed127c76ef90e,6858,size_in_bytes,lib/ocaml/compiler-libs/regalloc_validate.cmti,39251
2026-08-24T15:54:26Z,7dace2ea9c954e45304ea9674c5ed127c76ef90e,6858,size_in_bytes,lib/ocaml/compiler-libs/flambda2_types__Typing_env_extension.cmti,66603
2026-08-24T15:54:26Z,7dace2ea9c954e45304ea9674c5ed127c76ef90e,6858,size_in_bytes,lib/ocaml/compiler-libs/flambda2_parser__Fexpr_prim_descr.cmti,142966
2026-08-24T15:54:26Z,7dace2ea9c954e45304ea9674c5ed127c76ef90e,6858,size_in_bytes,lib/ocaml/compiler-libs/operation.cmti,87064
2026-08-24T15:54:26Z,7dace2ea9c954e45304ea9674c5ed127c76ef90e,6858,size_in_bytes,lib/ocaml/compiler-libs/lru.cmti,24995
2026-08-24T15:54:26Z,7dace2ea9c954e45304ea9674c5ed127c76ef90e,6858,size_in_bytes,lib/ocaml/compiler-libs/fdo_info.cmti,24656
2026-08-24T15:54:26Z,7dace2ea9c954e45304ea9674c5ed127c76ef90e,6858,size_in_bytes,lib/ocaml/compiler-libs/transl_array_comprehension.cmti,21753
2026-08-24T15:54:26Z,7dace2ea9c954e45304ea9674c5ed127c76ef90e,6858,size_in_bytes,lib/ocaml/compiler-libs/diffing.cmti,46774
2026-08-24T15:54:26Z,7dace2ea9c954e45304ea9674c5ed127c76ef90e,6858,size_in_bytes,lib/ocaml/compiler-libs/flambda2_parser__Flambda_parser.cmti,83261
2026-08-24T15:54:26Z,7dace2ea9c954e45304ea9674c5ed127c76ef90e,6858,size_in_bytes,lib/ocaml/compiler-libs/matching.cmti,45782
2026-08-24T15:54:26Z,7dace2ea9c954e45304ea9674c5ed127c76ef90e,6858,size_in_bytes,lib/ocaml/compiler-libs/shape.cmti,395645
2026-08-24T15:54:26Z,7dace2ea9c954e45304ea9674c5ed127c76ef90e,6858,size_in_bytes,lib/ocaml/compiler-libs/flambda2_terms__Flambda_unit.cmti,42304
2026-08-24T15:54:26Z,7dace2ea9c954e45304ea9674c5ed127c76ef90e,6858,size_in_bytes,lib/ocaml/compiler-libs/uniqueness_analysis.cmti,31974
2026-08-24T15:54:26Z,7dace2ea9c954e45304ea9674c5ed127c76ef90e,6858,size_in_bytes,lib/ocaml/compiler-libs/arm64_binary_emitter__Yield_helpers.cmti,14228
2026-08-24T15:54:26Z,7dace2ea9c954e45304ea9674c5ed127c76ef90e,6858,size_in_bytes,lib/ocaml/compiler-libs/flambda2_simplify__Simplify_simple.cmti,42759
2026-08-24T15:54:26Z,7dace2ea9c954e45304ea9674c5ed127c76ef90e,6858,size_in_bytes,lib/ocaml/compiler-libs/flambda2_term_basics__Scope.cmti,160850
2026-08-24T15:54:26Z,7dace2ea9c954e45304ea9674c5ed127c76ef90e,6858,size_in_bytes,lib/ocaml/compiler-libs/switch.cmti,58747
2026-08-24T15:54:26Z,7dace2ea9c954e45304ea9674c5ed127c76ef90e,6858,size_in_bytes,lib/ocaml/compiler-libs/regalloc_affinity.cmti,43677
2026-08-24T15:54:26Z,7dace2ea9c954e45304ea9674c5ed127c76ef90e,6858,size_in_bytes,lib/ocaml/compiler-libs/flambda2_reaper__Traverse_env.cmti,49379
2026-08-24T15:54:26Z,7dace2ea9c954e45304ea9674c5ed127c76ef90e,6858,size_in_bytes,lib/ocaml/compiler-libs/pparse.cmti,35633
2026-08-24T15:54:26Z,7dace2ea9c954e45304ea9674c5ed127c76ef90e,6858,size_in_bytes,lib/ocaml/compiler-libs/flambda2_types__Binding_time.cmti,166914
2026-08-24T15:54:26Z,7dace2ea9c954e45304ea9674c5ed127c76ef90e,6858,size_in_bytes,lib/ocaml/compiler-libs/flambda2_numbers__Or_infinity.cmti,21975
2026-08-24T15:54:26Z,7dace2ea9c954e45304ea9674c5ed127c76ef90e,6858,size_in_bytes,lib/ocaml/compiler-libs/longident.cmti,22827
2026-08-24T15:54:26Z,7dace2ea9c954e45304ea9674c5ed127c76ef90e,6858,size_in_bytes,lib/ocaml/compiler-libs/flambda2_simplify__Flow.cmti,76008
2026-08-24T15:54:26Z,7dace2ea9c954e45304ea9674c5ed127c76ef90e,6858,size_in_bytes,lib/ocaml/compiler-libs/cfg_dominators.cmti,45448
2026-08-24T15:54:26Z,7dace2ea9c954e45304ea9674c5ed127c76ef90e,6858,size_in_bytes,lib/ocaml/compiler-libs/trace.cmti,28505
2026-08-24T15:54:26Z,7dace2ea9c954e45304ea9674c5ed127c76ef90e,6858,size_in_bytes,lib/ocaml/compiler-libs/flambda2_simplify__Simplify.cmti,39489
2026-08-24T15:54:26Z,7dace2ea9c954e45304ea9674c5ed127c76ef90e,6858,size_in_bytes,lib/ocaml/compiler-libs/flambda2_term_basics__Symbol_projection.cmti,40361
2026-08-24T15:54:26Z,7dace2ea9c954e45304ea9674c5ed127c76ef90e,6858,size_in_bytes,lib/ocaml/compiler-libs/stack_reg_offset.cmti,16552
2026-08-24T15:54:26Z,7dace2ea9c954e45304ea9674c5ed127c76ef90e,6858,size_in_bytes,lib/ocaml/compiler-libs/flambda2_term_basics__String_info.cmti,153624
2026-08-24T15:54:26Z,7dace2ea9c954e45304ea9674c5ed127c76ef90e,6858,size_in_bytes,lib/ocaml/compiler-libs/flambda2_types__Type_grammar.cmti,670219
2026-08-24T15:54:26Z,7dace2ea9c954e45304ea9674c5ed127c76ef90e,6858,size_in_bytes,lib/ocaml/compiler-libs/flambda2_bound_identifiers__Bound_parameter.cmti,174468
2026-08-24T15:54:26Z,7dace2ea9c954e45304ea9674c5ed127c76ef90e,6858,size_in_bytes,lib/ocaml/compiler-libs/translquote.cmti,20814
2026-08-24T15:54:26Z,7dace2ea9c954e45304ea9674c5ed127c76ef90e,6858,size_in_bytes,lib/ocaml/compiler-libs/flambda2_simplify__Simplify_primitive.cmti,37904
2026-08-24T15:54:26Z,7dace2ea9c954e45304ea9674c5ed127c76ef90e,6858,size_in_bytes,lib/ocaml/compiler-libs/flambda2_simplify__Comparison_result.cmti,31851
2026-08-24T15:54:26Z,7dace2ea9c954e45304ea9674c5ed127c76ef90e,6858,size_in_bytes,lib/ocaml/compiler-libs/flambda2_simplify__Lifted_cont_params.cmti,44746
2026-08-24T15:54:26Z,7dace2ea9c954e45304ea9674c5ed127c76ef90e,6858,size_in_bytes,lib/ocaml/compiler-libs/typemod.cmti,79543
2026-08-24T15:54:26Z,7dace2ea9c954e45304ea9674c5ed127c76ef90e,6858,size_in_bytes,lib/ocaml/compiler-libs/import_info.cmti,49351
2026-08-24T15:54:26Z,7dace2ea9c954e45304ea9674c5ed127c76ef90e,6858,size_in_bytes,lib/ocaml/compiler-libs/flambda2_simplify__Simplified_named.cmti,50651
2026-08-24T15:54:26Z,7dace2ea9c954e45304ea9674c5ed127c76ef90e,6858,size_in_bytes,lib/ocaml/compiler-libs/flambda2_datalog__Column.cmti,180281
2026-08-24T15:54:26Z,7dace2ea9c954e45304ea9674c5ed127c76ef90e,6858,size_in_bytes,lib/ocaml/compiler-libs/flambda2_bound_identifiers__Alloc_mode.cmti,70285
2026-08-24T15:54:26Z,7dace2ea9c954e45304ea9674c5ed127c76ef90e,6858,size_in_bytes,lib/ocaml/compiler-libs/data_types.cmti,47887
2026-08-24T15:54:26Z,7dace2ea9c954e45304ea9674c5ed127c76ef90e,6858,size_in_bytes,lib/ocaml/compiler-libs/flambda2_simplify__Lifted_constant_state.cmti,46773
2026-08-24T15:54:26Z,7dace2ea9c954e45304ea9674c5ed127c76ef90e,6858,size_in_bytes,lib/ocaml/compiler-libs/flambda2_simplify__Replay_history.cmti,49191
2026-08-24T15:54:26Z,7dace2ea9c954e45304ea9674c5ed127c76ef90e,6858,size_in_bytes,lib/ocaml/compiler-libs/regalloc_gi_state.cmti,46431
2026-08-24T15:54:26Z,7dace2ea9c954e45304ea9674c5ed127c76ef90e,6858,size_in_bytes,lib/ocaml/compiler-libs/syntaxerr.cmti,26156
2026-08-24T15:54:26Z,7dace2ea9c954e45304ea9674c5ed127c76ef90e,6858,size_in_bytes,lib/ocaml/compiler-libs/llvmize.cmti,41361
2026-08-24T15:54:26Z,7dace2ea9c954e45304ea9674c5ed127c76ef90e,6858,size_in_bytes,lib/ocaml/compiler-libs/flambda2_terms__Code_metadata.cmti,125682
2026-08-24T15:54:26Z,7dace2ea9c954e45304ea9674c5ed127c76ef90e,6858,size_in_bytes,lib/ocaml/compiler-libs/flambda2_types__Equal_types_for_debug.cmti,41085
2026-08-24T15:54:26Z,7dace2ea9c954e45304ea9674c5ed127c76ef90e,6858,size_in_bytes,lib/ocaml/compiler-libs/vectorize.cmti,33702
2026-08-24T15:54:26Z,7dace2ea9c954e45304ea9674c5ed127c76ef90e,6858,size_in_bytes,lib/ocaml/compiler-libs/flambda2_reaper__Points_to_analysis.cmti,103665
2026-08-24T15:54:26Z,7dace2ea9c954e45304ea9674c5ed127c76ef90e,6858,size_in_bytes,lib/ocaml/compiler-libs/flambda2_datalog__Schedule.cmti,24922
2026-08-24T15:54:26Z,7dace2ea9c954e45304ea9674c5ed127c76ef90e,6858,size_in_bytes,lib/ocaml/compiler-libs/flambda2_floats__Float32.cmti,27313
2026-08-24T15:54:26Z,7dace2ea9c954e45304ea9674c5ed127c76ef90e,6858,size_in_bytes,lib/ocaml/compiler-libs/cfg_to_linear.cmti,35553
2026-08-24T15:54:26Z,7dace2ea9c954e45304ea9674c5ed127c76ef90e,6858,size_in_bytes,lib/ocaml/compiler-libs/flambda2_algorithms__Container_types.cmti,329011
2026-08-24T15:54:26Z,7dace2ea9c954e45304ea9674c5ed127c76ef90e,6858,size_in_bytes,lib/ocaml/compiler-libs/dwarf_state.cmti,80281
2026-08-24T15:54:26Z,7dace2ea9c954e45304ea9674c5ed127c76ef90e,6858,size_in_bytes,lib/ocaml/compiler-libs/flambda2_identifiers__Function_slot.cmti,173004
2026-08-24T15:54:26Z,7dace2ea9c954e45304ea9674c5ed127c76ef90e,6858,size_in_bytes,lib/ocaml/compiler-libs/flambda2_terms__Recursive.cmti,28817
2026-08-24T15:54:26Z,7dace2ea9c954e45304ea9674c5ed127c76ef90e,6858,size_in_bytes,lib/ocaml/compiler-libs/flambda2_bound_identifiers__Bound_static.cmti,44878
2026-08-24T15:54:26Z,7dace2ea9c954e45304ea9674c5ed127c76ef90e,6858,size_in_bytes,lib/ocaml/compiler-libs/strongly_connected_components.cmti,44798
2026-08-24T15:54:26Z,7dace2ea9c954e45304ea9674c5ed127c76ef90e,6858,size_in_bytes,lib/ocaml/compiler-libs/subst.cmti,147488
2026-08-24T15:54:26Z,7dace2ea9c954e45304ea9674c5ed127c76ef90e,6858,size_in_bytes,lib/ocaml/compiler-libs/flambda2_simplify__Simplify_extcall.cmti,40570
2026-08-24T15:54:26Z,7dace2ea9c954e45304ea9674c5ed127c76ef90e,6858,size_in_bytes,lib/ocaml/compiler-libs/flambda2_simplify__Flow_acc.cmti,76206
2026-08-24T15:54:26Z,7dace2ea9c954e45304ea9674c5ed127c76ef90e,6858,size_in_bytes,lib/ocaml/compiler-libs/mode_hint.cmti,81050
2026-08-24T15:54:26Z,7dace2ea9c954e45304ea9674c5ed127c76ef90e,6858,size_in_bytes,lib/ocaml/compiler-libs/flambda2_datalog__Cursor.cmti,78320
2026-08-24T15:54:26Z,7dace2ea9c954e45304ea9674c5ed127c76ef90e,6858,size_in_bytes,lib/ocaml/compiler-libs/path.cmti,123413
2026-08-24T15:54:26Z,7dace2ea9c954e45304ea9674c5ed127c76ef90e,6858,size_in_bytes,lib/ocaml/compiler-libs/arrayset.cmti,28903
2026-08-24T15:54:26Z,7dace2ea9c954e45304ea9674c5ed127c76ef90e,6858,size_in_bytes,lib/ocaml/compiler-libs/partial_link.cmti,29162
2026-08-24T15:54:26Z,7dace2ea9c954e45304ea9674c5ed127c76ef90e,6858,size_in_bytes,lib/ocaml/compiler-libs/relocatable_symbol_name.cmti,17818
2026-08-24T15:54:26Z,7dace2ea9c954e45304ea9674c5ed127c76ef90e,6858,size_in_bytes,lib/ocaml/compiler-libs/compile.cmti,29072
2026-08-24T15:54:26Z,7dace2ea9c954e45304ea9674c5ed127c76ef90e,6858,size_in_bytes,lib/ocaml/compiler-libs/parse.cmti,33064
2026-08-24T15:54:26Z,7dace2ea9c954e45304ea9674c5ed127c76ef90e,6858,size_in_bytes,lib/ocaml/compiler-libs/flambda2_types.cmti,690626
2026-08-24T15:54:26Z,7dace2ea9c954e45304ea9674c5ed127c76ef90e,6858,size_in_bytes,lib/ocaml/compiler-libs/symtable.cmti,240420
2026-08-24T15:54:26Z,7dace2ea9c954e45304ea9674c5ed127c76ef90e,6858,size_in_bytes,lib/ocaml/compiler-libs/flambda2_lattices__Or_unknown_or_bottom.cmti,27410
2026-08-24T15:54:26Z,7dace2ea9c954e45304ea9674c5ed127c76ef90e,6858,size_in_bytes,lib/ocaml/compiler-libs/bytelibrarian.cmti,18858
2026-08-24T15:54:26Z,7dace2ea9c954e45304ea9674c5ed127c76ef90e,6858,size_in_bytes,lib/ocaml/compiler-libs/form_rewrite_plan.cmti,67271
2026-08-24T15:54:26Z,7dace2ea9c954e45304ea9674c5ed127c76ef90e,6858,size_in_bytes,lib/ocaml/compiler-libs/regalloc_stack_slots.cmti,43952
2026-08-24T15:54:26Z,7dace2ea9c954e45304ea9674c5ed127c76ef90e,6858,size_in_bytes,lib/ocaml/compiler-libs/dwarf_abstract_instances.cmti,29801
2026-08-24T15:54:26Z,7dace2ea9c954e45304ea9674c5ed127c76ef90e,6858,size_in_bytes,lib/ocaml/compiler-libs/type_shape.cmti,48388
2026-08-24T15:54:26Z,7dace2ea9c954e45304ea9674c5ed127c76ef90e,6858,size_in_bytes,lib/ocaml/compiler-libs/flambda2_types__Join_levels_old.cmti,30995
2026-08-24T15:54:26Z,7dace2ea9c954e45304ea9674c5ed127c76ef90e,6858,size_in_bytes,lib/ocaml/compiler-libs/typedtree.cmti,596661
2026-08-24T15:54:26Z,7dace2ea9c954e45304ea9674c5ed127c76ef90e,6858,size_in_bytes,lib/ocaml/compiler-libs/jit_backend.cmti,69634
2026-08-24T15:54:26Z,7dace2ea9c954e45304ea9674c5ed127c76ef90e,6858,size_in_bytes,lib/ocaml/compiler-libs/flambda2_lattices__Or_bottom.cmti,28604
2026-08-24T15:54:26Z,7dace2ea9c954e45304ea9674c5ed127c76ef90e,6858,size_in_bytes,lib/ocaml/compiler-libs/cm_bundle.cmti,21856
2026-08-24T15:54:26Z,7dace2ea9c954e45304ea9674c5ed127c76ef90e,6858,size_in_bytes,lib/ocaml/compiler-libs/x86_ast_utils.cmti,27057
2026-08-24T15:54:26Z,7dace2ea9c954e45304ea9674c5ed127c76ef90e,6858,size_in_bytes,lib/ocaml/compiler-libs/dwarf_reg_locations.cmti,34766
2026-08-24T15:54:26Z,7dace2ea9c954e45304ea9674c5ed127c76ef90e,6858,size_in_bytes,lib/ocaml/compiler-libs/sub_cfg.cmti,61686
2026-08-24T15:54:26Z,7dace2ea9c954e45304ea9674c5ed127c76ef90e,6858,size_in_bytes,lib/ocaml/compiler-libs/unit_info.cmti,71922
2026-08-24T15:54:26Z,7dace2ea9c954e45304ea9674c5ed127c76ef90e,6858,size_in_bytes,lib/ocaml/compiler-libs/flambda2_simplify__Downwards_env.cmti,153052
2026-08-24T15:54:26Z,7dace2ea9c954e45304ea9674c5ed127c76ef90e,6858,size_in_bytes,lib/ocaml/compiler-libs/flambda2_types__Join_env.cmti,60814
2026-08-24T15:54:26Z,7dace2ea9c954e45304ea9674c5ed127c76ef90e,6858,size_in_bytes,lib/ocaml/compiler-libs/slambdaident.cmti,149389
2026-08-24T15:54:26Z,7dace2ea9c954e45304ea9674c5ed127c76ef90e,6858,size_in_bytes,lib/ocaml/compiler-libs/emitaux.cmti,93229
2026-08-24T15:54:26Z,7dace2ea9c954e45304ea9674c5ed127c76ef90e,6858,size_in_bytes,lib/ocaml/compiler-libs/out_type.cmti,114904
2026-08-24T15:54:26Z,7dace2ea9c954e45304ea9674c5ed127c76ef90e,6858,size_in_bytes,lib/ocaml/compiler-libs/flambda2_terms__Switch_expr.cmti,42175
2026-08-24T15:54:26Z,7dace2ea9c954e45304ea9674c5ed127c76ef90e,6858,size_in_bytes,lib/ocaml/compiler-libs/value_rec_compiler.cmti,21474
2026-08-24T15:54:26Z,7dace2ea9c954e45304ea9674c5ed127c76ef90e,6858,size_in_bytes,lib/ocaml/compiler-libs/flambda2_algorithms__Patricia_tree.cmti,193989
2026-08-24T15:54:26Z,7dace2ea9c954e45304ea9674c5ed127c76ef90e,6858,size_in_bytes,lib/ocaml/compiler-libs/arm64_binary_emitter__Encode_instruction.cmti,18245
2026-08-24T15:54:26Z,7dace2ea9c954e45304ea9674c5ed127c76ef90e,6858,size_in_bytes,lib/ocaml/compiler-libs/flambda2_term_basics__Or_variable.cmti,35154
2026-08-24T15:54:26Z,7dace2ea9c954e45304ea9674c5ed127c76ef90e,6858,size_in_bytes,lib/ocaml/compiler-libs/flambda2_terms__Placement.cmti,31248
2026-08-24T15:54:26Z,7dace2ea9c954e45304ea9674c5ed127c76ef90e,6858,size_in_bytes,lib/ocaml/compiler-libs/flambda2_simplify__Upwards_env.cmti,55113
2026-08-24T15:54:26Z,7dace2ea9c954e45304ea9674c5ed127c76ef90e,6858,size_in_bytes,lib/ocaml/compiler-libs/numbers.cmti,380061
2026-08-24T15:54:26Z,7dace2ea9c954e45304ea9674c5ed127c76ef90e,6858,size_in_bytes,lib/ocaml/compiler-libs/flambda2_numbers__Vector_types.cmti,470787
2026-08-24T15:54:26Z,7dace2ea9c954e45304ea9674c5ed127c76ef90e,6858,size_in_bytes,lib/ocaml/compiler-libs/flambda2_simplify__Simplify_rec_info_expr.cmti,45591
2026-08-24T15:54:26Z,7dace2ea9c954e45304ea9674c5ed127c76ef90e,6858,size_in_bytes,lib/ocaml/compiler-libs/flambda2_algorithms__Lmap.cmti,84799
2026-08-24T15:54:26Z,7dace2ea9c954e45304ea9674c5ed127c76ef90e,6858,size_in_bytes,lib/ocaml/compiler-libs/cfg_quick_hash.cmti,37328
2026-08-24T15:54:26Z,7dace2ea9c954e45304ea9674c5ed127c76ef90e,6858,size_in_bytes,lib/ocaml/compiler-libs/simplif.cmti,24193
2026-08-24T15:54:26Z,7dace2ea9c954e45304ea9674c5ed127c76ef90e,6858,size_in_bytes,lib/ocaml/compiler-libs/flambda2_bound_identifiers__Bound_continuations.cmti,30174
2026-08-24T15:54:26Z,7dace2ea9c954e45304ea9674c5ed127c76ef90e,6858,size_in_bytes,lib/ocaml/compiler-libs/backend_var.cmti,93295
2026-08-24T15:54:26Z,7dace2ea9c954e45304ea9674c5ed127c76ef90e,6858,size_in_bytes,lib/ocaml/compiler-libs/flambda2_parser__Parse_flambda.cmti,34398
2026-08-24T15:54:26Z,7dace2ea9c954e45304ea9674c5ed127c76ef90e,6858,size_in_bytes,lib/ocaml/compiler-libs/flambda2_terms__Zero_alloc_attribute.cmti,33015
2026-08-24T15:54:26Z,7dace2ea9c954e45304ea9674c5ed127c76ef90e,6858,size_in_bytes,lib/ocaml/compiler-libs/flambda2_to_jsir__To_jsir_shared.cmti,54231
2026-08-24T15:54:26Z,7dace2ea9c954e45304ea9674c5ed127c76ef90e,6858,size_in_bytes,lib/ocaml/compiler-libs/runtimedef.cmti,13255
2026-08-24T15:54:26Z,7dace2ea9c954e45304ea9674c5ed127c76ef90e,6858,size_in_bytes,lib/ocaml/compiler-libs/flambda2_terms__Cost_metrics.cmti,43752
2026-08-24T15:54:26Z,7dace2ea9c954e45304ea9674c5ed127c76ef90e,6858,size_in_bytes,lib/ocaml/compiler-libs/flambda2_from_lambda__Lambda_to_lambda_transforms.cmti,36341
2026-08-24T15:54:26Z,7dace2ea9c954e45304ea9674c5ed127c76ef90e,6858,size_in_bytes,lib/ocaml/compiler-libs/flambda2_simplify__Unboxing_types.cmti,66513
2026-08-24T15:54:26Z,7dace2ea9c954e45304ea9674c5ed127c76ef90e,6858,size_in_bytes,lib/ocaml/compiler-libs/regalloc_rewrite.cmti,49446
2026-08-24T15:54:26Z,7dace2ea9c954e45304ea9674c5ed127c76ef90e,6858,size_in_bytes,lib/ocaml/compiler-libs/jkind.cmti,486714
2026-08-24T15:54:26Z,7dace2ea9c954e45304ea9674c5ed127c76ef90e,6858,size_in_bytes,lib/ocaml/compiler-libs/linker_script.cmti,19369
2026-08-24T15:54:26Z,7dace2ea9c954e45304ea9674c5ed127c76ef90e,6858,size_in_bytes,lib/ocaml/compiler-libs/includeclass.cmti,24409
2026-08-24T15:54:26Z,7dace2ea9c954e45304ea9674c5ed127c76ef90e,6858,size_in_bytes,lib/ocaml/compiler-libs/consistbl.cmti,132573
2026-08-24T15:54:26Z,7dace2ea9c954e45304ea9674c5ed127c76ef90e,6858,size_in_bytes,lib/ocaml/compiler-libs/flambda2_simplify_shared__Inlining_helpers.cmti,52718
2026-08-24T15:54:26Z,7dace2ea9c954e45304ea9674c5ed127c76ef90e,6858,size_in_bytes,lib/ocaml/compiler-libs/file_sections.cmti,24130
2026-08-24T15:54:26Z,7dace2ea9c954e45304ea9674c5ed127c76ef90e,6858,size_in_bytes,lib/ocaml/compiler-libs/transl_list_comprehension.cmti,20302
2026-08-24T15:54:26Z,7dace2ea9c954e45304ea9674c5ed127c76ef90e,6858,size_in_bytes,lib/ocaml/compiler-libs/partition_object_files.cmti,24280
2026-08-24T15:54:26Z,7dace2ea9c954e45304ea9674c5ed127c76ef90e,6858,size_in_bytes,lib/ocaml/compiler-libs/persistent_env.cmti,177417
2026-08-24T15:54:26Z,7dace2ea9c954e45304ea9674c5ed127c76ef90e,6858,size_in_bytes,lib/ocaml/compiler-libs/flambda2_simplify__Expr_builder.cmti,83912
2026-08-24T15:54:26Z,7dace2ea9c954e45304ea9674c5ed127c76ef90e,6858,size_in_bytes,lib/ocaml/compiler-libs/lazy_backtrack.cmti,23743
2026-08-24T15:54:26Z,7dace2ea9c954e45304ea9674c5ed127c76ef90e,6858,size_in_bytes,lib/ocaml/compiler-libs/flambda2_simplify__Simplify_variadic_primitive.cmti,39287
2026-08-24T15:54:26Z,7dace2ea9c954e45304ea9674c5ed127c76ef90e,6858,size_in_bytes,lib/ocaml/compiler-libs/typeopt.cmti,52971
2026-08-24T15:54:26Z,7dace2ea9c954e45304ea9674c5ed127c76ef90e,6858,size_in_bytes,lib/ocaml/compiler-libs/doubly_linked_list.cmti,80259
2026-08-24T15:54:26Z,7dace2ea9c954e45304ea9674c5ed127c76ef90e,6858,size_in_bytes,lib/ocaml/compiler-libs/opcodes.cmti,74181
2026-08-24T15:54:26Z,7dace2ea9c954e45304ea9674c5ed127c76ef90e,6858,size_in_bytes,lib/ocaml/compiler-libs/flambda2_types__Aliases.cmti,61987
2026-08-24T15:54:26Z,7dace2ea9c954e45304ea9674c5ed127c76ef90e,6858,size_in_bytes,lib/ocaml/compiler-libs/flambda2_reaper__Traverse.cmti,48514
2026-08-24T15:54:26Z,7dace2ea9c954e45304ea9674c5ed127c76ef90e,6858,size_in_bytes,lib/ocaml/compiler-libs/reg_with_debug_info.cmti,142429
2026-08-24T15:54:26Z,7dace2ea9c954e45304ea9674c5ed127c76ef90e,6858,size_in_bytes,lib/ocaml/compiler-libs/symbol.cmti,153796
2026-08-24T15:54:26Z,7dace2ea9c954e45304ea9674c5ed127c76ef90e,6858,size_in_bytes,lib/ocaml/compiler-libs/typedecl.cmti,119934
2026-08-24T15:54:26Z,7dace2ea9c954e45304ea9674c5ed127c76ef90e,6858,size_in_bytes,lib/ocaml/compiler-libs/flambda2_term_basics__Empty_array_kind.cmti,26569
2026-08-24T15:54:26Z,7dace2ea9c954e45304ea9674c5ed127c76ef90e,6858,size_in_bytes,lib/ocaml/compiler-libs/profile.cmti,38874
2026-08-24T15:54:26Z,7dace2ea9c954e45304ea9674c5ed127c76ef90e,6858,size_in_bytes,lib/ocaml/compiler-libs/flambda2_nominal__Name_occurrences.cmti,107088
2026-08-24T15:54:26Z,7dace2ea9c954e45304ea9674c5ed127c76ef90e,6858,size_in_bytes,lib/ocaml/compiler-libs/arm64_ast__Ast.cmti,849735
2026-08-24T15:54:26Z,7dace2ea9c954e45304ea9674c5ed127c76ef90e,6858,size_in_bytes,lib/ocaml/compiler-libs/byteinstantiator.cmti,17748
2026-08-24T15:54:26Z,7dace2ea9c954e45304ea9674c5ed127c76ef90e,6858,size_in_bytes,lib/ocaml/compiler-libs/x86_dsl.cmti,95459
2026-08-24T15:54:26Z,7dace2ea9c954e45304ea9674c5ed127c76ef90e,6858,size_in_bytes,lib/ocaml/compiler-libs/x86_peephole_utils.cmti,30251
2026-08-24T15:54:26Z,7dace2ea9c954e45304ea9674c5ed127c76ef90e,6858,size_in_bytes,lib/ocaml/compiler-libs/internal_assembler.cmti,19552
2026-08-24T15:54:26Z,7dace2ea9c954e45304ea9674c5ed127c76ef90e,6858,size_in_bytes,lib/ocaml/compiler-libs/flambda2_datalog__Table.cmti,54115
2026-08-24T15:54:26Z,7dace2ea9c954e45304ea9674c5ed127c76ef90e,6858,size_in_bytes,lib/ocaml/compiler-libs/flambda2_nominal__Name_abstraction.cmti,61211
2026-08-24T15:54:26Z,7dace2ea9c954e45304ea9674c5ed127c76ef90e,6858,size_in_bytes,lib/ocaml/compiler-libs/regalloc_ls_state.cmti,51679
2026-08-24T15:54:26Z,7dace2ea9c954e45304ea9674c5ed127c76ef90e,6858,size_in_bytes,lib/ocaml/compiler-libs/arm64_binary_emitter__For_jit.cmti,36905
2026-08-24T15:54:26Z,7dace2ea9c954e45304ea9674c5ed127c76ef90e,6858,size_in_bytes,lib/ocaml/compiler-libs/asmlink.cmti,42042
2026-08-24T15:54:26Z,7dace2ea9c954e45304ea9674c5ed127c76ef90e,6858,size_in_bytes,lib/ocaml/compiler-libs/flambda2_simplify__Continuation_shortcut.cmti,33554
2026-08-24T15:54:26Z,7dace2ea9c954e45304ea9674c5ed127c76ef90e,6858,size_in_bytes,lib/ocaml/compiler-libs/parmatch.cmti,59281
2026-08-24T15:54:26Z,7dace2ea9c954e45304ea9674c5ed127c76ef90e,6858,size_in_bytes,lib/ocaml/compiler-libs/eh_frame_registration.cmti,17930
2026-08-24T15:54:26Z,7dace2ea9c954e45304ea9674c5ed127c76ef90e,6858,size_in_bytes,lib/ocaml/compiler-libs/flambda2_to_jsir__To_jsir.cmti,37120
2026-08-24T15:54:26Z,7dace2ea9c954e45304ea9674c5ed127c76ef90e,6858,size_in_bytes,lib/ocaml/compiler-libs/flambda2_types__Provers.cmti,148865
2026-08-24T15:54:26Z,7dace2ea9c954e45304ea9674c5ed127c76ef90e,6858,size_in_bytes,lib/ocaml/compiler-libs/stack_class.cmti,46748
2026-08-24T15:54:26Z,7dace2ea9c954e45304ea9674c5ed127c76ef90e,6858,size_in_bytes,lib/ocaml/compiler-libs/regalloc_split.cmti,38549
2026-08-24T15:54:26Z,7dace2ea9c954e45304ea9674c5ed127c76ef90e,6858,size_in_bytes,lib/ocaml/compiler-libs/binary_emitter_helpers.cmti,20063
2026-08-24T15:54:26Z,7dace2ea9c954e45304ea9674c5ed127c76ef90e,6858,size_in_bytes,lib/ocaml/compiler-libs/x86_ast.cmti,71118
2026-08-24T15:54:26Z,7dace2ea9c954e45304ea9674c5ed127c76ef90e,6858,size_in_bytes,lib/ocaml/compiler-libs/stypes.cmti,24349
2026-08-24T15:54:26Z,7dace2ea9c954e45304ea9674c5ed127c76ef90e,6858,size_in_bytes,lib/ocaml/compiler-libs/pprintast.cmti,52848
2026-08-24T15:54:26Z,7dace2ea9c954e45304ea9674c5ed127c76ef90e,6858,size_in_bytes,lib/ocaml/compiler-libs/flambda2_bound_identifiers__Bound_var.cmti,34974
2026-08-24T15:54:26Z,7dace2ea9c954e45304ea9674c5ed127c76ef90e,6858,size_in_bytes,lib/ocaml/compiler-libs/ast_invariants.cmti,18748
2026-08-24T15:54:26Z,7dace2ea9c954e45304ea9674c5ed127c76ef90e,6858,size_in_bytes,lib/ocaml/compiler-libs/x86_proc.cmti,56421
2026-08-24T15:54:26Z,7dace2ea9c954e45304ea9674c5ed127c76ef90e,6858,size_in_bytes,lib/ocaml/compiler-libs/lambda.cmti,621312
2026-08-24T15:54:26Z,7dace2ea9c954e45304ea9674c5ed127c76ef90e,6858,size_in_bytes,lib/ocaml/compiler-libs/flambda2_simplify__One_recursive_handler.cmti,37304
2026-08-24T15:54:26Z,7dace2ea9c954e45304ea9674c5ed127c76ef90e,6858,size_in_bytes,lib/ocaml/compiler-libs/cfg_merge_blocks.cmti,34550
2026-08-24T15:54:26Z,7dace2ea9c954e45304ea9674c5ed127c76ef90e,6858,size_in_bytes,lib/ocaml/compiler-libs/flambda2_types__Meet.cmti,31313
2026-08-24T15:54:26Z,7dace2ea9c954e45304ea9674c5ed127c76ef90e,6858,size_in_bytes,lib/ocaml/compiler-libs/cfg_loop_infos.cmti,49229
2026-08-24T15:54:26Z,7dace2ea9c954e45304ea9674c5ed127c76ef90e,6858,size_in_bytes,lib/ocaml/compiler-libs/jkind_types.cmti,107208
2026-08-24T15:54:26Z,7dace2ea9c954e45304ea9674c5ed127c76ef90e,6858,size_in_bytes,lib/ocaml/compiler-libs/flambda2_identifiers__Code_id_or_symbol.cmti,35202
2026-08-24T15:54:26Z,7dace2ea9c954e45304ea9674c5ed127c76ef90e,6858,size_in_bytes,lib/ocaml/compiler-libs/x86_section.cmti,85637
2026-08-24T15:54:26Z,7dace2ea9c954e45304ea9674c5ed127c76ef90e,6858,size_in_bytes,lib/ocaml/compiler-libs/structured_mangling.cmti,31952
2026-08-24T15:54:26Z,7dace2ea9c954e45304ea9674c5ed127c76ef90e,6858,size_in_bytes,lib/ocaml/compiler-libs/dll.cmti,24174
2026-08-24T15:54:26Z,7dace2ea9c954e45304ea9674c5ed127c76ef90e,6858,size_in_bytes,lib/ocaml/compiler-libs/regalloc_ls.cmti,34459
2026-08-24T15:54:26Z,7dace2ea9c954e45304ea9674c5ed127c76ef90e,6858,size_in_bytes,lib/ocaml/compiler-libs/flambda2_datalog__Value.cmti,20788
2026-08-24T15:54:26Z,7dace2ea9c954e45304ea9674c5ed127c76ef90e,6858,size_in_bytes,lib/ocaml/compiler-libs/flambda2_terms__Probe.cmti,29796
2026-08-24T15:54:26Z,7dace2ea9c954e45304ea9674c5ed127c76ef90e,6858,size_in_bytes,lib/ocaml/compiler-libs/flambda2_kinds__Flambda_kind.cmti,876730
2026-08-24T15:54:26Z,7dace2ea9c954e45304ea9674c5ed127c76ef90e,6858,size_in_bytes,lib/ocaml/compiler-libs/flambda2_simplify__Simplify_named_result.cmti,44713
2026-08-24T15:54:26Z,7dace2ea9c954e45304ea9674c5ed127c76ef90e,6858,size_in_bytes,lib/ocaml/compiler-libs/bytegen.cmti,21022
2026-08-24T15:54:26Z,7dace2ea9c954e45304ea9674c5ed127c76ef90e,6858,size_in_bytes,lib/ocaml/compiler-libs/printoperation.cmti,40587
2026-08-24T15:54:26Z,7dace2ea9c954e45304ea9674c5ed127c76ef90e,6858,size_in_bytes,lib/ocaml/compiler-libs/cfg_selectgen.cmti,38409
2026-08-24T15:54:26Z,7dace2ea9c954e45304ea9674c5ed127c76ef90e,6858,size_in_bytes,lib/ocaml/compiler-libs/flambda2_identifiers__Code_id.cmti,40269
2026-08-24T15:54:26Z,7dace2ea9c954e45304ea9674c5ed127c76ef90e,6858,size_in_bytes,lib/ocaml/compiler-libs/flambda2_term_basics__Continuation_use_kind.cmti,15580
2026-08-24T15:54:26Z,7dace2ea9c954e45304ea9674c5ed127c76ef90e,6858,size_in_bytes,lib/ocaml/compiler-libs/cfg_reducibility.cmti,33496
2026-08-24T15:54:26Z,7dace2ea9c954e45304ea9674c5ed127c76ef90e,6858,size_in_bytes,lib/ocaml/compiler-libs/flambda2_simplify__Flow_types.cmti,114941
2026-08-24T15:54:26Z,7dace2ea9c954e45304ea9674c5ed127c76ef90e,6858,size_in_bytes,lib/ocaml/compiler-libs/vectorize_utils.cmti,59956
2026-08-24T15:54:26Z,7dace2ea9c954e45304ea9674c5ed127c76ef90e,6858,size_in_bytes,lib/ocaml/compiler-libs/flambda2_datalog__Datalog.cmti,51390
2026-08-24T15:54:26Z,7dace2ea9c954e45304ea9674c5ed127c76ef90e,6858,size_in_bytes,lib/ocaml/compiler-libs/cmt_format.cmti,54573
2026-08-24T15:54:26Z,7dace2ea9c954e45304ea9674c5ed127c76ef90e,6858,size_in_bytes,lib/ocaml/compiler-libs/oxcaml_args.cmti,517754
2026-08-24T15:54:26Z,7dace2ea9c954e45304ea9674c5ed127c76ef90e,6858,size_in_bytes,lib/ocaml/compiler-libs/ast_mapper.cmti,101660
2026-08-24T15:54:26Z,7dace2ea9c954e45304ea9674c5ed127c76ef90e,6858,size_in_bytes,lib/ocaml/compiler-libs/errortrace_report.cmti,32404
2026-08-24T15:54:26Z,7dace2ea9c954e45304ea9674c5ed127c76ef90e,6858,size_in_bytes,lib/ocaml/compiler-libs/flambda2_terms__Regalloc_attribute.cmti,31260
2026-08-24T15:54:26Z,7dace2ea9c954e45304ea9674c5ed127c76ef90e,6858,size_in_bytes,lib/ocaml/compiler-libs/flambda2_simplify__Simplify_ternary_primitive.cmti,40805
2026-08-24T15:54:26Z,7dace2ea9c954e45304ea9674c5ed127c76ef90e,6858,size_in_bytes,lib/ocaml/compiler-libs/flambda2_to_cmm__To_cmm_primitive.cmti,39320
2026-08-24T15:54:26Z,7dace2ea9c954e45304ea9674c5ed127c76ef90e,6858,size_in_bytes,lib/ocaml/compiler-libs/untypeast.cmti,76774
2026-08-24T15:54:26Z,7dace2ea9c954e45304ea9674c5ed127c76ef90e,6858,size_in_bytes,lib/ocaml/compiler-libs/x86_peephole_rules.cmti,19690
2026-08-24T15:54:26Z,7dace2ea9c954e45304ea9674c5ed127c76ef90e,6858,size_in_bytes,lib/ocaml/compiler-libs/measure_object_files.cmti,31971
2026-08-24T15:54:26Z,7dace2ea9c954e45304ea9674c5ed127c76ef90e,6858,size_in_bytes,lib/ocaml/compiler-libs/flambda2_simplify__Simplify_unary_primitive.cmti,39245
2026-08-24T15:54:26Z,7dace2ea9c954e45304ea9674c5ed127c76ef90e,6858,size_in_bytes,lib/ocaml/compiler-libs/instructionId.cmti,153804
2026-08-24T15:54:26Z,7dace2ea9c954e45304ea9674c5ed127c76ef90e,6858,size_in_bytes,lib/ocaml/compiler-libs/cfg_liveness.cmti,48016
2026-08-24T15:54:26Z,7dace2ea9c954e45304ea9674c5ed127c76ef90e,6858,size_in_bytes,lib/ocaml/compiler-libs/regalloc_split_utils.cmti,46673
2026-08-24T15:54:26Z,7dace2ea9c954e45304ea9674c5ed127c76ef90e,6858,size_in_bytes,lib/ocaml/compiler-libs/typedecl_variance.cmti,43637
2026-08-24T15:54:26Z,7dace2ea9c954e45304ea9674c5ed127c76ef90e,6858,size_in_bytes,lib/ocaml/compiler-libs/compile_common.cmti,44963
2026-08-24T15:54:26Z,7dace2ea9c954e45304ea9674c5ed127c76ef90e,6858,size_in_bytes,lib/ocaml/compiler-libs/simplify_terminator.cmti,36495
2026-08-24T15:54:26Z,7dace2ea9c954e45304ea9674c5ed127c76ef90e,6858,size_in_bytes,lib/ocaml/compiler-libs/flambda2_terms__Loopify_attribute.cmti,30562
2026-08-24T15:54:26Z,7dace2ea9c954e45304ea9674c5ed127c76ef90e,6858,size_in_bytes,lib/ocaml/compiler-libs/scalar.cmti,171653
2026-08-24T15:54:26Z,7dace2ea9c954e45304ea9674c5ed127c76ef90e,6858,size_in_bytes,lib/ocaml/compiler-libs/flambda2_simplify__Simplify_import.cmti,51879
2026-08-24T15:54:26Z,7dace2ea9c954e45304ea9674c5ed127c76ef90e,6858,size_in_bytes,lib/ocaml/compiler-libs/flambda2_simplify__Rebuilt_expr.cmti,73460
2026-08-24T15:54:26Z,7dace2ea9c954e45304ea9674c5ed127c76ef90e,6858,size_in_bytes,lib/ocaml/compiler-libs/datarepr.cmti,30684
2026-08-24T15:54:26Z,7dace2ea9c954e45304ea9674c5ed127c76ef90e,6858,size_in_bytes,lib/ocaml/compiler-libs/blambda_of_lambda.cmti,18928
2026-08-24T15:54:26Z,7dace2ea9c954e45304ea9674c5ed127c76ef90e,6858,size_in_bytes,lib/ocaml/compiler-libs/flambda2_identifiers__Reg_width_const.cmti,74164
2026-08-24T15:54:26Z,7dace2ea9c954e45304ea9674c5ed127c76ef90e,6858,size_in_bytes,lib/ocaml/compiler-libs/flambda2_simplify__Simplify_primitive_result.cmti,54377
2026-08-24T15:54:26Z,7dace2ea9c954e45304ea9674c5ed127c76ef90e,6858,size_in_bytes,lib/ocaml/compiler-libs/mtype.cmti,54947
2026-08-24T15:54:26Z,7dace2ea9c954e45304ea9674c5ed127c76ef90e,6858,size_in_bytes,lib/ocaml/compiler-libs/flambda2_identifiers__Coercion0.cmti,34045
2026-08-24T15:54:26Z,7dace2ea9c954e45304ea9674c5ed127c76ef90e,6858,size_in_bytes,lib/ocaml/compiler-libs/relocation_entry.cmti,20717
2026-08-24T15:54:26Z,7dace2ea9c954e45304ea9674c5ed127c76ef90e,6858,size_in_bytes,lib/ocaml/compiler-libs/terminfo.cmti,17548
2026-08-24T15:54:26Z,7dace2ea9c954e45304ea9674c5ed127c76ef90e,6858,size_in_bytes,lib/ocaml/compiler-libs/regalloc_gi_utils.cmti,88327
2026-08-24T15:54:26Z,7dace2ea9c954e45304ea9674c5ed127c76ef90e,6858,size_in_bytes,lib/ocaml/compiler-libs/bytesections.cmti,33163
2026-08-24T15:54:26Z,7dace2ea9c954e45304ea9674c5ed127c76ef90e,6858,size_in_bytes,lib/ocaml/compiler-libs/asttypes.cmti,29006
2026-08-24T15:54:26Z,7dace2ea9c954e45304ea9674c5ed127c76ef90e,6858,size_in_bytes,lib/ocaml/compiler-libs/proc.cmti,69662
2026-08-24T15:54:26Z,7dace2ea9c954e45304ea9674c5ed127c76ef90e,6858,size_in_bytes,lib/ocaml/compiler-libs/flambda2_simplify_shared__Exported_offsets.cmti,44981
2026-08-24T15:54:26Z,7dace2ea9c954e45304ea9674c5ed127c76ef90e,6858,size_in_bytes,lib/ocaml/compiler-libs/parser_types.cmti,20909
2026-08-24T15:54:26Z,7dace2ea9c954e45304ea9674c5ed127c76ef90e,6858,size_in_bytes,lib/ocaml/compiler-libs/location_tracker_formatter.cmti,30722
2026-08-24T15:54:26Z,7dace2ea9c954e45304ea9674c5ed127c76ef90e,6858,size_in_bytes,lib/ocaml/compiler-libs/compilenv.cmti,62562
2026-08-24T15:54:26Z,7dace2ea9c954e45304ea9674c5ed127c76ef90e,6858,size_in_bytes,lib/ocaml/compiler-libs/typedecl_separability.cmti,34829
2026-08-24T15:54:26Z,7dace2ea9c954e45304ea9674c5ed127c76ef90e,6858,size_in_bytes,lib/ocaml/compiler-libs/vicuna_value_shapes.cmti,29629
2026-08-24T15:54:26Z,7dace2ea9c954e45304ea9674c5ed127c76ef90e,6858,size_in_bytes,lib/ocaml/compiler-libs/arm64_ast__Logical_immediates.cmti,17273
2026-08-24T15:54:26Z,7dace2ea9c954e45304ea9674c5ed127c76ef90e,6858,size_in_bytes,lib/ocaml/compiler-libs/tast_mapper.cmti,69739
2026-08-24T15:54:26Z,7dace2ea9c954e45304ea9674c5ed127c76ef90e,6858,size_in_bytes,lib/ocaml/compiler-libs/flambda2_simplify__Rebuilt_static_const.cmti,111688
2026-08-24T15:54:26Z,7dace2ea9c954e45304ea9674c5ed127c76ef90e,6858,size_in_bytes,lib/ocaml/compiler-libs/regalloc_gi.cmti,34459
2026-08-24T15:54:26Z,7dace2ea9c954e45304ea9674c5ed127c76ef90e,6858,size_in_bytes,lib/ocaml/compiler-libs/flambda2_bound_identifiers__Bound_name.cmti,29957
2026-08-24T15:54:26Z,7dace2ea9c954e45304ea9674c5ed127c76ef90e,6858,size_in_bytes,lib/ocaml/compiler-libs/arm64_binary_emitter__Shift_immh_immb_helpers.cmti,19578
2026-08-24T15:54:26Z,7dace2ea9c954e45304ea9674c5ed127c76ef90e,6858,size_in_bytes,lib/ocaml/compiler-libs/flambda2_terms__Set_of_closures.cmti,177754
2026-08-24T15:54:26Z,7dace2ea9c954e45304ea9674c5ed127c76ef90e,6858,size_in_bytes,lib/ocaml/compiler-libs/location.cmti,145142
2026-08-24T15:54:26Z,7dace2ea9c954e45304ea9674c5ed127c76ef90e,6858,size_in_bytes,lib/ocaml/compiler-libs/ident.cmti,190399
2026-08-24T15:54:26Z,7dace2ea9c954e45304ea9674c5ed127c76ef90e,6858,size_in_bytes,lib/ocaml/compiler-libs/flambda2_types__Expand_head.cmti,91212
2026-08-24T15:54:26Z,7dace2ea9c954e45304ea9674c5ed127c76ef90e,6858,size_in_bytes,lib/ocaml/compiler-libs/flambda2_terms__Inline_attribute.cmti,32026
2026-08-24T15:54:26Z,7dace2ea9c954e45304ea9674c5ed127c76ef90e,6858,size_in_bytes,lib/ocaml/compiler-libs/flambda2_types__Meet_env.cmti,74354
2026-08-24T15:54:26Z,7dace2ea9c954e45304ea9674c5ed127c76ef90e,6858,size_in_bytes,lib/ocaml/compiler-libs/zero_alloc_info.cmti,22018
2026-08-24T15:54:26Z,7dace2ea9c954e45304ea9674c5ed127c76ef90e,6858,size_in_bytes,lib/ocaml/compiler-libs/reg.cmti,251475
2026-08-24T15:54:26Z,7dace2ea9c954e45304ea9674c5ed127c76ef90e,6858,size_in_bytes,lib/ocaml/compiler-libs/regalloc_irc_state.cmti,118446
2026-08-24T15:54:26Z,7dace2ea9c954e45304ea9674c5ed127c76ef90e,6858,size_in_bytes,lib/ocaml/compiler-libs/flambda2_simplify__Simplify_coercion.cmti,36660
2026-08-24T15:54:26Z,7dace2ea9c954e45304ea9674c5ed127c76ef90e,6858,size_in_bytes,lib/ocaml/compiler-libs/generic_fns.cmti,79718
2026-08-24T15:54:26Z,7dace2ea9c954e45304ea9674c5ed127c76ef90e,6858,size_in_bytes,lib/ocaml/compiler-libs/runtime_shape.cmti,103462
2026-08-24T15:54:26Z,7dace2ea9c954e45304ea9674c5ed127c76ef90e,6858,size_in_bytes,lib/ocaml/compiler-libs/flambda2_simplify__Unboxing_epa.cmti,39265
2026-08-24T15:54:26Z,7dace2ea9c954e45304ea9674c5ed127c76ef90e,6858,size_in_bytes,lib/ocaml/compiler-libs/regalloc_irc_utils.cmti,56498
2026-08-24T15:54:26Z,7dace2ea9c954e45304ea9674c5ed127c76ef90e,6858,size_in_bytes,lib/ocaml/compiler-libs/types.cmti,689039
2026-08-24T15:54:26Z,7dace2ea9c954e45304ea9674c5ed127c76ef90e,6858,size_in_bytes,lib/ocaml/compiler-libs/cmm_peephole_engine.cmti,64362
2026-08-24T15:54:26Z,7dace2ea9c954e45304ea9674c5ed127c76ef90e,6858,size_in_bytes,lib/ocaml/compiler-libs/errors.cmti,13793
2026-08-24T15:54:26Z,7dace2ea9c954e45304ea9674c5ed127c76ef90e,6858,size_in_bytes,lib/ocaml/compiler-libs/flambda2_simplify__Unbox_continuation_params.cmti,43308
2026-08-24T15:54:26Z,7dace2ea9c954e45304ea9674c5ed127c76ef90e,6858,size_in_bytes,lib/ocaml/compiler-libs/emit.cmti,39361
2026-08-24T15:54:26Z,7dace2ea9c954e45304ea9674c5ed127c76ef90e,6858,size_in_bytes,lib/ocaml/compiler-libs/cfg_polling.cmti,36171
2026-08-24T15:54:26Z,7dace2ea9c954e45304ea9674c5ed127c76ef90e,6858,size_in_bytes,lib/ocaml/compiler-libs/misc.cmti,735261
2026-08-24T15:54:26Z,7dace2ea9c954e45304ea9674c5ed127c76ef90e,6858,size_in_bytes,lib/ocaml/compiler-libs/flambda2_datalog__Trie.cmti,52144
2026-08-24T15:54:26Z,7dace2ea9c954e45304ea9674c5ed127c76ef90e,6858,size_in_bytes,lib/ocaml/compiler-libs/flambda2_term_basics__Value_slot_set.cmti,160913
2026-08-24T15:54:26Z,7dace2ea9c954e45304ea9674c5ed127c76ef90e,6858,size_in_bytes,lib/ocaml/compiler-libs/flambda2_types__Cached_level.cmti,43294
2026-08-24T15:54:26Z,7dace2ea9c954e45304ea9674c5ed127c76ef90e,6858,size_in_bytes,lib/ocaml/compiler-libs/flambda2_types__Typing_env_level.cmti,50544
2026-08-24T15:54:26Z,7dace2ea9c954e45304ea9674c5ed127c76ef90e,6858,size_in_bytes,lib/ocaml/compiler-libs/dwarf_variables_and_parameters.cmti,42656
2026-08-24T15:54:26Z,7dace2ea9c954e45304ea9674c5ed127c76ef90e,6858,size_in_bytes,lib/ocaml/compiler-libs/genprintval.cmti,52144
2026-08-24T15:54:26Z,7dace2ea9c954e45304ea9674c5ed127c76ef90e,6858,size_in_bytes,lib/ocaml/compiler-libs/flambda2_types__With_cached_free_names.cmti,42898
2026-08-24T15:54:26Z,7dace2ea9c954e45304ea9674c5ed127c76ef90e,6858,size_in_bytes,lib/ocaml/compiler-libs/cfg_to_linear_desc.cmti,33136
2026-08-24T15:54:26Z,7dace2ea9c954e45304ea9674c5ed127c76ef90e,6858,size_in_bytes,lib/ocaml/compiler-libs/typetexp.cmti,85717
2026-08-24T15:54:26Z,7dace2ea9c954e45304ea9674c5ed127c76ef90e,6858,size_in_bytes,lib/ocaml/compiler-libs/asmgen.cmti,57789
2026-08-24T15:54:26Z,7dace2ea9c954e45304ea9674c5ed127c76ef90e,6858,size_in_bytes,lib/ocaml/compiler-libs/flambda2_simplify__Simplify_set_of_closures_context.cmti,52864
2026-08-24T15:54:26Z,7dace2ea9c954e45304ea9674c5ed127c76ef90e,6858,size_in_bytes,lib/ocaml/compiler-libs/flambda2_simplify__Simplify_switch_expr.cmti,37022
2026-08-24T15:54:26Z,7dace2ea9c954e45304ea9674c5ed127c76ef90e,6858,size_in_bytes,lib/ocaml/compiler-libs/flambda2_terms__Effects.cmti,35839
2026-08-24T15:54:26Z,7dace2ea9c954e45304ea9674c5ed127c76ef90e,6858,size_in_bytes,lib/ocaml/compiler-libs/opterrors.cmti,15414
2026-08-24T15:54:26Z,7dace2ea9c954e45304ea9674c5ed127c76ef90e,6858,size_in_bytes,lib/ocaml/compiler-libs/patterns.cmti,73225
2026-08-24T15:54:26Z,7dace2ea9c954e45304ea9674c5ed127c76ef90e,6858,size_in_bytes,lib/ocaml/compiler-libs/local_store.cmti,21946
2026-08-24T15:54:26Z,7dace2ea9c954e45304ea9674c5ed127c76ef90e,6858,size_in_bytes,lib/ocaml/compiler-libs/cfg_invariants.cmti,35794
2026-08-24T15:54:26Z,7dace2ea9c954e45304ea9674c5ed127c76ef90e,6858,size_in_bytes,lib/ocaml/compiler-libs/ccomp.cmti,23404
2026-08-24T15:54:26Z,7dace2ea9c954e45304ea9674c5ed127c76ef90e,6858,size_in_bytes,lib/ocaml/compiler-libs/x86_binary_emitter.cmti,98051
2026-08-24T15:54:26Z,7dace2ea9c954e45304ea9674c5ed127c76ef90e,6858,size_in_bytes,lib/ocaml/compiler-libs/reg_availability_set.cmti,46491
2026-08-24T15:54:26Z,7dace2ea9c954e45304ea9674c5ed127c76ef90e,6858,size_in_bytes,lib/ocaml/compiler-libs/debuginfo.cmti,74291
2026-08-24T15:54:26Z,7dace2ea9c954e45304ea9674c5ed127c76ef90e,6858,size_in_bytes,lib/ocaml/compiler-libs/flambda2_simplify__Non_recursive_handler.cmti,42669
2026-08-24T15:54:26Z,7dace2ea9c954e45304ea9674c5ed127c76ef90e,6858,size_in_bytes,lib/ocaml/compiler-libs/flambda2_identifiers__Slot.cmti,183669
2026-08-24T15:54:26Z,7dace2ea9c954e45304ea9674c5ed127c76ef90e,6858,size_in_bytes,lib/ocaml/compiler-libs/flambda2_term_basics__Unit.cmti,164162
2026-08-24T15:54:26Z,7dace2ea9c954e45304ea9674c5ed127c76ef90e,6858,size_in_bytes,lib/ocaml/compiler-libs/flambda2_numbers__One_bit_fewer.cmti,72408
2026-08-24T15:54:26Z,7dace2ea9c954e45304ea9674c5ed127c76ef90e,6858,size_in_bytes,lib/ocaml/compiler-libs/cmx_format.cmti,79416
2026-08-24T15:54:26Z,7dace2ea9c954e45304ea9674c5ed127c76ef90e,6858,size_in_bytes,lib/ocaml/compiler-libs/arm64_binary_emitter__All_section_states.cmti,44657
2026-08-24T15:54:26Z,7dace2ea9c954e45304ea9674c5ed127c76ef90e,6858,size_in_bytes,lib/ocaml/compiler-libs/flambda2_simplify__Simplify_named.cmti,39687
2026-08-24T15:54:26Z,7dace2ea9c954e45304ea9674c5ed127c76ef90e,6858,size_in_bytes,lib/ocaml/compiler-libs/meta.cmti,24691
2026-08-24T15:54:26Z,7dace2ea9c954e45304ea9674c5ed127c76ef90e,6858,size_in_bytes,lib/ocaml/compiler-libs/flambda2_to_jsir__To_jsir_result.cmti,45538
2026-08-24T15:54:26Z,7dace2ea9c954e45304ea9674c5ed127c76ef90e,6858,size_in_bytes,lib/ocaml/compiler-libs/cmxs_format.cmti,22197
2026-08-24T15:54:26Z,7dace2ea9c954e45304ea9674c5ed127c76ef90e,6858,size_in_bytes,lib/ocaml/compiler-libs/flambda2_nominal__Ids_for_export.cmti,43894
2026-08-24T15:54:26Z,7dace2ea9c954e45304ea9674c5ed127c76ef90e,6858,size_in_bytes,lib/ocaml/compiler-libs/cfg_colours.cmti,23676
2026-08-24T15:54:26Z,7dace2ea9c954e45304ea9674c5ed127c76ef90e,6858,size_in_bytes,lib/ocaml/compiler-libs/flambda2_terms__Inlined_attribute.cmti,36023
2026-08-24T15:54:26Z,7dace2ea9c954e45304ea9674c5ed127c76ef90e,6858,size_in_bytes,lib/ocaml/compiler-libs/label.cmti,153674
2026-08-24T15:54:26Z,7dace2ea9c954e45304ea9674c5ed127c76ef90e,6858,size_in_bytes,lib/ocaml/compiler-libs/lexer.cmti,34374
2026-08-24T15:54:26Z,7dace2ea9c954e45304ea9674c5ed127c76ef90e,6858,size_in_bytes,lib/ocaml/compiler-libs/bytelink.cmti,60129
2026-08-24T15:54:26Z,7dace2ea9c954e45304ea9674c5ed127c76ef90e,6858,size_in_bytes,lib/ocaml/compiler-libs/flambda2_simplify__Simplify_common.cmti,77227
2026-08-24T15:54:26Z,7dace2ea9c954e45304ea9674c5ed127c76ef90e,6858,size_in_bytes,lib/ocaml/compiler-libs/regalloc_substitution.cmti,42346
2026-08-24T15:54:26Z,7dace2ea9c954e45304ea9674c5ed127c76ef90e,6858,size_in_bytes,lib/ocaml/compiler-libs/flambda2_identifiers__Symbol.cmti,41133
2026-08-24T15:54:26Z,7dace2ea9c954e45304ea9674c5ed127c76ef90e,6858,size_in_bytes,lib/ocaml/compiler-libs/arm64_binary_emitter__Simd_helpers.cmti,41666
2026-08-24T15:54:26Z,7dace2ea9c954e45304ea9674c5ed127c76ef90e,6858,size_in_bytes,lib/ocaml/compiler-libs/flambda2_reaper__Rebuild.cmti,45069
2026-08-24T15:54:26Z,7dace2ea9c954e45304ea9674c5ed127c76ef90e,6858,size_in_bytes,lib/ocaml/compiler-libs/domainstate.cmti,26333
2026-08-24T15:54:26Z,7dace2ea9c954e45304ea9674c5ed127c76ef90e,6858,size_in_bytes,lib/ocaml/compiler-libs/flambda2_parser__Print_fexpr.cmti,29428
2026-08-24T15:54:26Z,7dace2ea9c954e45304ea9674c5ed127c76ef90e,6858,size_in_bytes,lib/ocaml/compiler-libs/primitive.cmti,68523
2026-08-24T15:54:26Z,7dace2ea9c954e45304ea9674c5ed127c76ef90e,6858,size_in_bytes,lib/ocaml/compiler-libs/compilation_unit.cmti,443341
2026-08-24T15:54:26Z,7dace2ea9c954e45304ea9674c5ed127c76ef90e,6858,size_in_bytes,lib/ocaml/compiler-libs/flambda2_term_basics__Rec_info_expr.cmti,44534
2026-08-24T15:54:26Z,7dace2ea9c954e45304ea9674c5ed127c76ef90e,6858,size_in_bytes,lib/ocaml/compiler-libs/printreg.cmti,45836
2026-08-24T15:54:26Z,7dace2ea9c954e45304ea9674c5ed127c76ef90e,6858,size_in_bytes,lib/ocaml/compiler-libs/flambda2_algorithms__Table_by_int_id.cmti,28695
2026-08-24T15:54:26Z,7dace2ea9c954e45304ea9674c5ed127c76ef90e,6858,size_in_bytes,lib/ocaml/compiler-libs/printcfg.cmti,60616
2026-08-24T15:54:26Z,7dace2ea9c954e45304ea9674c5ed127c76ef90e,6858,size_in_bytes,lib/ocaml/compiler-libs/extra_debug.cmti,36353
2026-08-24T15:54:26Z,7dace2ea9c954e45304ea9674c5ed127c76ef90e,6858,size_in_bytes,lib/ocaml/compiler-libs/flambda2_algorithms__Channel.cmti,24336
2026-08-24T15:54:26Z,7dace2ea9c954e45304ea9674c5ed127c76ef90e,6858,size_in_bytes,lib/ocaml/compiler-libs/flambda2_reaper__Global_flow_graph.cmti,81421
2026-08-24T15:54:26Z,7dace2ea9c954e45304ea9674c5ed127c76ef90e,6858,size_in_bytes,lib/ocaml/compiler-libs/flambda2_reaper__Field.cmti,186203
2026-08-24T15:54:26Z,7dace2ea9c954e45304ea9674c5ed127c76ef90e,6858,size_in_bytes,lib/ocaml/compiler-libs/int_replace_polymorphic_compare.cmti,17224
2026-08-24T15:54:26Z,7dace2ea9c954e45304ea9674c5ed127c76ef90e,6858,size_in_bytes,lib/ocaml/compiler-libs/flambda2_algorithms__Or_null.cmti,23146
2026-08-24T15:54:26Z,7dace2ea9c954e45304ea9674c5ed127c76ef90e,6858,size_in_bytes,lib/ocaml/compiler-libs/regalloc_invariants.cmti,35079
2026-08-24T15:54:26Z,7dace2ea9c954e45304ea9674c5ed127c76ef90e,6858,size_in_bytes,lib/ocaml/compiler-libs/diffing_with_keys.cmti,43921
2026-08-24T15:54:26Z,7dace2ea9c954e45304ea9674c5ed127c76ef90e,6858,size_in_bytes,lib/ocaml/compiler-libs/depend.cmti,27673
2026-08-24T15:54:26Z,7dace2ea9c954e45304ea9674c5ed127c76ef90e,6858,size_in_bytes,lib/ocaml/compiler-libs/flambda2_compare__Compare.cmti,35074
2026-08-24T15:54:26Z,7dace2ea9c954e45304ea9674c5ed127c76ef90e,6858,size_in_bytes,lib/ocaml/compiler-libs/flambda2_lattices__Or_unknown.cmti,190169
2026-08-24T15:54:26Z,7dace2ea9c954e45304ea9674c5ed127c76ef90e,6858,size_in_bytes,lib/ocaml/compiler-libs/linear_utils.cmti,38756
2026-08-24T15:54:26Z,7dace2ea9c954e45304ea9674c5ed127c76ef90e,6858,size_in_bytes,lib/ocaml/compiler-libs/flambda2_identifiers__Value_slot.cmti,172651
2026-08-24T15:54:26Z,7dace2ea9c954e45304ea9674c5ed127c76ef90e,6858,size_in_bytes,lib/ocaml/compiler-libs/flambda2_numbers__Target_ocaml_int.cmti,334890
2026-08-24T15:54:26Z,7dace2ea9c954e45304ea9674c5ed127c76ef90e,6858,size_in_bytes,lib/ocaml/compiler-libs/flambda2_simplify__Dominator_graph.cmti,51150
2026-08-24T15:54:26Z,7dace2ea9c954e45304ea9674c5ed127c76ef90e,6858,size_in_bytes,lib/ocaml/compiler-libs/flambda2_reaper__Rev_expr.cmti,73755
2026-08-24T15:54:26Z,7dace2ea9c954e45304ea9674c5ed127c76ef90e,6858,size_in_bytes,lib/ocaml/compiler-libs/flambda2_numbers__Targetint_32_64.cmti,328867
2026-08-24T15:54:26Z,7dace2ea9c954e45304ea9674c5ed127c76ef90e,6858,size_in_bytes,lib/ocaml/compiler-libs/flambda2_simplify__Flow_analysis.cmti,44060
2026-08-24T15:54:26Z,7dace2ea9c954e45304ea9674c5ed127c76ef90e,6858,size_in_bytes,lib/ocaml/compiler-libs/vicuna_traverse_typed_tree.cmti,17856
2026-08-24T15:54:26Z,7dace2ea9c954e45304ea9674c5ed127c76ef90e,6858,size_in_bytes,lib/ocaml/compiler-libs/env.cmti,473596
2026-08-24T15:54:26Z,7dace2ea9c954e45304ea9674c5ed127c76ef90e,6858,size_in_bytes,lib/ocaml/compiler-libs/arm64_binary_emitter__Encode_directive.cmti,26053
2026-08-24T15:54:26Z,7dace2ea9c954e45304ea9674c5ed127c76ef90e,6858,size_in_bytes,lib/ocaml/compiler-libs/opttopdirs.cmti,26882
2026-08-24T15:54:26Z,7dace2ea9c954e45304ea9674c5ed127c76ef90e,6858,size_in_bytes,lib/ocaml/compiler-libs/flambda2_to_cmm__To_cmm_static.cmti,39208
2026-08-24T15:54:26Z,7dace2ea9c954e45304ea9674c5ed127c76ef90e,6858,size_in_bytes,lib/ocaml/compiler-libs/profile_counters_functions.cmti,17785
2026-08-24T15:54:26Z,7dace2ea9c954e45304ea9674c5ed127c76ef90e,6858,size_in_bytes,lib/ocaml/compiler-libs/load_path.cmti,43392
2026-08-24T15:54:26Z,7dace2ea9c954e45304ea9674c5ed127c76ef90e,6858,size_in_bytes,lib/ocaml/compiler-libs/flambda2_terms__Code_or_metadata.cmti,54075
2026-08-24T15:54:26Z,7dace2ea9c954e45304ea9674c5ed127c76ef90e,6858,size_in_bytes,lib/ocaml/compiler-libs/flambda2_simplify__Is_unboxing_beneficial.cmti,32735
2026-08-24T15:54:26Z,7dace2ea9c954e45304ea9674c5ed127c76ef90e,6858,size_in_bytes,lib/ocaml/compiler-libs/instruct.cmti,71479
2026-08-24T15:54:26Z,7dace2ea9c954e45304ea9674c5ed127c76ef90e,6858,size_in_bytes,lib/ocaml/compiler-libs/debug.cmti,14014
2026-08-24T15:54:26Z,7dace2ea9c954e45304ea9674c5ed127c76ef90e,6858,size_in_bytes,lib/ocaml/compiler-libs/dwarf_inlined_frames.cmti,41458
2026-08-24T15:54:26Z,7dace2ea9c954e45304ea9674c5ed127c76ef90e,6858,size_in_bytes,lib/ocaml/compiler-libs/flambda2_bound_identifiers__Bound_pattern.cmti,46990
2026-08-24T15:54:26Z,7dace2ea9c954e45304ea9674c5ed127c76ef90e,6858,size_in_bytes,lib/ocaml/compiler-libs/mode_intf.cmti,1536630
2026-08-24T15:54:26Z,7dace2ea9c954e45304ea9674c5ed127c76ef90e,6858,size_in_bytes,lib/ocaml/compiler-libs/stack_class_utils.cmti,67792
2026-08-24T15:54:26Z,7dace2ea9c954e45304ea9674c5ed127c76ef90e,6858,size_in_bytes,lib/ocaml/compiler-libs/value_rec_check.cmti,19350
2026-08-24T15:54:26Z,7dace2ea9c954e45304ea9674c5ed127c76ef90e,6858,size_in_bytes,lib/ocaml/compiler-libs/flambda2_simplify__Simplify_nullary_primitive.cmti,38318
2026-08-24T15:54:26Z,7dace2ea9c954e45304ea9674c5ed127c76ef90e,6858,size_in_bytes,lib/ocaml/compiler-libs/arm64_binary_emitter__Condition_helpers.cmti,17399
2026-08-24T15:54:26Z,7dace2ea9c954e45304ea9674c5ed127c76ef90e,6858,size_in_bytes,lib/ocaml/compiler-libs/peephole_optimize.cmti,33207
2026-08-24T15:54:26Z,7dace2ea9c954e45304ea9674c5ed127c76ef90e,6858,size_in_bytes,lib/ocaml/compiler-libs/outcometree.cmti,108245
2026-08-24T15:54:26Z,7dace2ea9c954e45304ea9674c5ed127c76ef90e,6858,size_in_bytes,lib/ocaml/compiler-libs/cfg_format.cmti,41581
2026-08-24T15:54:26Z,7dace2ea9c954e45304ea9674c5ed127c76ef90e,6858,size_in_bytes,lib/ocaml/compiler-libs/build_linker_args.cmti,24261
2026-08-24T15:54:26Z,7dace2ea9c954e45304ea9674c5ed127c76ef90e,6858,size_in_bytes,lib/ocaml/compiler-libs/section_table.cmti,27053
2026-08-24T15:54:26Z,7dace2ea9c954e45304ea9674c5ed127c76ef90e,6858,size_in_bytes,lib/ocaml/compiler-libs/typecore.cmti,187661
2026-08-24T15:54:26Z,7dace2ea9c954e45304ea9674c5ed127c76ef90e,6858,size_in_bytes,lib/ocaml/compiler-libs/flambda2_simplify__Continuation_extra_params_and_args.cmti,52674
2026-08-24T15:54:26Z,7dace2ea9c954e45304ea9674c5ed127c76ef90e,6858,size_in_bytes,lib/ocaml/compiler-libs/linkdeps.cmti,28315
2026-08-24T15:54:26Z,7dace2ea9c954e45304ea9674c5ed127c76ef90e,6858,size_in_bytes,lib/ocaml/compiler-libs/dwarf_concrete_instances.cmti,40923
2026-08-24T15:54:26Z,7dace2ea9c954e45304ea9674c5ed127c76ef90e,6858,size_in_bytes,lib/ocaml/compiler-libs/flambda2_types__Join_levels.cmti,31869
2026-08-24T15:54:26Z,7dace2ea9c954e45304ea9674c5ed127c76ef90e,6858,size_in_bytes,lib/ocaml/compiler-libs/typeclass.cmti,69112
2026-08-24T15:54:26Z,7dace2ea9c954e45304ea9674c5ed127c76ef90e,6858,size_in_bytes,lib/ocaml/compiler-libs/btype.cmti,515981
2026-08-24T15:54:26Z,7dace2ea9c954e45304ea9674c5ed127c76ef90e,6858,size_in_bytes,lib/ocaml/compiler-libs/config.cmti,87299
2026-08-24T15:54:26Z,7dace2ea9c954e45304ea9674c5ed127c76ef90e,6858,size_in_bytes,lib/ocaml/compiler-libs/afl_instrument.cmti,34430
2026-08-24T15:54:26Z,7dace2ea9c954e45304ea9674c5ed127c76ef90e,6858,size_in_bytes,lib/ocaml/compiler-libs/hash_consed.cmti,31623
2026-08-24T15:54:26Z,7dace2ea9c954e45304ea9674c5ed127c76ef90e,6858,size_in_bytes,lib/ocaml/compiler-libs/flambda2.cmti,47628
2026-08-24T15:54:26Z,7dace2ea9c954e45304ea9674c5ed127c76ef90e,6858,size_in_bytes,lib/ocaml/compiler-libs/format_doc.cmti,140675
2026-08-24T15:54:26Z,7dace2ea9c954e45304ea9674c5ed127c76ef90e,6858,size_in_bytes,lib/ocaml/compiler-libs/flambda2_simplify_shared__Function_decl_inlining_decision.cmti,32247
2026-08-24T15:54:26Z,7dace2ea9c954e45304ea9674c5ed127c76ef90e,6858,size_in_bytes,lib/ocaml/compiler-libs/compenv.cmti,50683
2026-08-24T15:54:26Z,7dace2ea9c954e45304ea9674c5ed127c76ef90e,6858,size_in_bytes,lib/ocaml/compiler-libs/arm64_binary_emitter__Binary_emitter.cmti,44286
2026-08-24T15:54:26Z,7dace2ea9c954e45304ea9674c5ed127c76ef90e,6858,size_in_bytes,lib/ocaml/compiler-libs/oxcaml_flags.cmti,148986
2026-08-24T15:54:26Z,7dace2ea9c954e45304ea9674c5ed127c76ef90e,6858,size_in_bytes,lib/ocaml/compiler-libs/flambda2_simplify__Unboxers.cmti,52559
2026-08-24T15:54:26Z,7dace2ea9c954e45304ea9674c5ed127c76ef90e,6858,size_in_bytes,lib/ocaml/compiler-libs/flambda2_types__Typing_env.cmti,110709
2026-08-24T15:54:26Z,7dace2ea9c954e45304ea9674c5ed127c76ef90e,6858,size_in_bytes,lib/ocaml/compiler-libs/flambda2_cmx__Exported_code.cmti,53659
2026-08-24T15:54:26Z,7dace2ea9c954e45304ea9674c5ed127c76ef90e,6858,size_in_bytes,lib/ocaml/compiler-libs/cmj_format.cmti,17457
2026-08-24T15:54:26Z,7dace2ea9c954e45304ea9674c5ed127c76ef90e,6858,size_in_bytes,lib/ocaml/compiler-libs/probe_emission.cmti,49718
2026-08-24T15:54:26Z,7dace2ea9c954e45304ea9674c5ed127c76ef90e,6858,size_in_bytes,lib/ocaml/compiler-libs/x86_peephole_optimize.cmti,16515
2026-08-24T15:54:26Z,7dace2ea9c954e45304ea9674c5ed127c76ef90e,6858,size_in_bytes,lib/ocaml/compiler-libs/runtimetags.cmti,19301
2026-08-24T15:54:26Z,7dace2ea9c954e45304ea9674c5ed127c76ef90e,6858,size_in_bytes,lib/ocaml/compiler-libs/debug_event.cmti,38759
2026-08-24T15:54:26Z,7dace2ea9c954e45304ea9674c5ed127c76ef90e,6858,size_in_bytes,lib/ocaml/compiler-libs/flambda2_term_basics__Coercion.cmti,41086
2026-08-24T15:54:26Z,7dace2ea9c954e45304ea9674c5ed127c76ef90e,6858,size_in_bytes,lib/ocaml/compiler-libs/flambda2_simplify_shared__Inlining_report.cmti,114131
2026-08-24T15:54:26Z,7dace2ea9c954e45304ea9674c5ed127c76ef90e,6858,size_in_bytes,lib/ocaml/compiler-libs/flambda2_from_lambda__Closure_conversion_aux.cmti,247894
2026-08-24T15:54:26Z,7dace2ea9c954e45304ea9674c5ed127c76ef90e,6858,size_in_bytes,lib/ocaml/compiler-libs/flambda2_term_basics__Inlined_debuginfo.cmti,40239
2026-08-24T15:54:26Z,7dace2ea9c954e45304ea9674c5ed127c76ef90e,6858,size_in_bytes,lib/ocaml/compiler-libs/includemod.cmti,192801
2026-08-24T15:54:26Z,7dace2ea9c954e45304ea9674c5ed127c76ef90e,6858,size_in_bytes,lib/ocaml/compiler-libs/global_module.cmti,419699
2026-08-24T15:54:26Z,7dace2ea9c954e45304ea9674c5ed127c76ef90e,6858,size_in_bytes,lib/ocaml/compiler-libs/asm_targets__Asm_directives_dwarf.cmti,13508
2026-08-24T15:54:26Z,7dace2ea9c954e45304ea9674c5ed127c76ef90e,6858,size_in_bytes,lib/ocaml/compiler-libs/flambda2_terms__Apply_cont_expr.cmti,182919
2026-08-24T15:54:26Z,7dace2ea9c954e45304ea9674c5ed127c76ef90e,6858,size_in_bytes,lib/ocaml/compiler-libs/tmc.cmti,22462
2026-08-24T15:54:26Z,7dace2ea9c954e45304ea9674c5ed127c76ef90e,6858,size_in_bytes,lib/ocaml/compiler-libs/cmm.cmti,218714
2026-08-24T15:54:26Z,7dace2ea9c954e45304ea9674c5ed127c76ef90e,6858,size_in_bytes,lib/ocaml/compiler-libs/flambda2_terms__Regalloc_param_attribute.cmti,31338
2026-08-24T15:54:26Z,7dace2ea9c954e45304ea9674c5ed127c76ef90e,6858,size_in_bytes,lib/ocaml/compiler-libs/flambda2_terms__Call_kind.cmti,72408
2026-08-24T15:54:26Z,7dace2ea9c954e45304ea9674c5ed127c76ef90e,6858,size_in_bytes,lib/ocaml/compiler-libs/flambda2_datalog.cmti,455990
2026-08-24T15:54:26Z,7dace2ea9c954e45304ea9674c5ed127c76ef90e,6858,size_in_bytes,lib/ocaml/compiler-libs/flambda2_simplify__Original_handlers.cmti,42360
2026-08-24T15:54:26Z,7dace2ea9c954e45304ea9674c5ed127c76ef90e,6858,size_in_bytes,lib/ocaml/compiler-libs/regalloc_utils.cmti,334732
2026-08-24T15:54:26Z,7dace2ea9c954e45304ea9674c5ed127c76ef90e,6858,size_in_bytes,lib/ocaml/compiler-libs/signature_group.cmti,45720
2026-08-24T15:54:26Z,7dace2ea9c954e45304ea9674c5ed127c76ef90e,6858,size_in_bytes,lib/ocaml/compiler-libs/flambda2_simplify__Mutable_unboxing.cmti,41562
2026-08-24T15:54:26Z,7dace2ea9c954e45304ea9674c5ed127c76ef90e,6858,size_in_bytes,lib/ocaml/compiler-libs/flambda2_to_cmm__To_cmm_set_of_closures.cmti,48352
2026-08-24T15:54:26Z,7dace2ea9c954e45304ea9674c5ed127c76ef90e,6858,size_in_bytes,lib/ocaml/compiler-libs/cfg_dataflow.cmti,78595
2026-08-24T15:54:26Z,7dace2ea9c954e45304ea9674c5ed127c76ef90e,6858,size_in_bytes,lib/ocaml/compiler-libs/typedecl_properties.cmti,34394
2026-08-24T15:54:26Z,7dace2ea9c954e45304ea9674c5ed127c76ef90e,6858,size_in_bytes,lib/ocaml/compiler-libs/mixed_block_shape.cmti,37715
2026-08-24T15:54:26Z,7dace2ea9c954e45304ea9674c5ed127c76ef90e,6858,size_in_bytes,lib/ocaml/compiler-libs/ctype.cmti,378487
2026-08-24T15:54:26Z,7dace2ea9c954e45304ea9674c5ed127c76ef90e,6858,size_in_bytes,lib/ocaml/compiler-libs/rewrite_sections.cmti,23527
2026-08-24T15:54:26Z,7dace2ea9c954e45304ea9674c5ed127c76ef90e,6858,size_in_bytes,lib/ocaml/compiler-libs/flambda2_terms__Static_const.cmti,236551
2026-08-24T15:54:26Z,7dace2ea9c954e45304ea9674c5ed127c76ef90e,6858,size_in_bytes,lib/ocaml/compiler-libs/flambda2_from_lambda__Closure_conversion.cmti,72676
2026-08-24T15:54:26Z,7dace2ea9c954e45304ea9674c5ed127c76ef90e,6858,size_in_bytes,lib/ocaml/compiler-libs/topdirs.cmti,26119
2026-08-24T15:54:26Z,7dace2ea9c954e45304ea9674c5ed127c76ef90e,6858,size_in_bytes,lib/ocaml/compiler-libs/main_args.cmti,583176
2026-08-24T15:54:26Z,7dace2ea9c954e45304ea9674c5ed127c76ef90e,6858,size_in_bytes,lib/ocaml/compiler-libs/flambda2_ui__Flambda_features.cmti,79376
2026-08-24T15:54:26Z,7dace2ea9c954e45304ea9674c5ed127c76ef90e,6858,size_in_bytes,lib/ocaml/compiler-libs/emitcode.cmti,28151
2026-08-24T15:54:26Z,7dace2ea9c954e45304ea9674c5ed127c76ef90e,6858,size_in_bytes,lib/ocaml/compiler-libs/regalloc_split_state.cmti,42979
2026-08-24T15:54:26Z,7dace2ea9c954e45304ea9674c5ed127c76ef90e,6858,size_in_bytes,lib/ocaml/compiler-libs/typemode.cmti,44851
2026-08-24T15:54:26Z,7dace2ea9c954e45304ea9674c5ed127c76ef90e,6858,size_in_bytes,lib/ocaml/compiler-libs/allowance.cmti,34784
2026-08-24T15:54:26Z,7dace2ea9c954e45304ea9674c5ed127c76ef90e,6858,size_in_bytes,lib/ocaml/compiler-libs/flambda2_terms__Effects_and_coeffects.cmti,35667
2026-08-24T15:54:26Z,7dace2ea9c954e45304ea9674c5ed127c76ef90e,6858,size_in_bytes,lib/ocaml/compiler-libs/flambda2_simplify__Closure_info.cmti,35376
2026-08-24T15:54:26Z,7dace2ea9c954e45304ea9674c5ed127c76ef90e,6858,size_in_bytes,lib/ocaml/compiler-libs/flambda2_simplify__Simplify_binary_primitive.cmti,40026
2026-08-24T15:54:26Z,7dace2ea9c954e45304ea9674c5ed127c76ef90e,6858,size_in_bytes,lib/ocaml/compiler-libs/flambda2_reaper__Reaper.cmti,35677
2026-08-24T15:54:26Z,7dace2ea9c954e45304ea9674c5ed127c76ef90e,6858,size_in_bytes,lib/ocaml/compiler-libs/clflags.cmti,219855
2026-08-24T15:54:26Z,7dace2ea9c954e45304ea9674c5ed127c76ef90e,6858,size_in_bytes,lib/ocaml/compiler-libs/translmod.cmti,36478
2026-08-24T15:54:26Z,7dace2ea9c954e45304ea9674c5ed127c76ef90e,6858,size_in_bytes,lib/ocaml/compiler-libs/translobj.cmti,28333
2026-08-24T15:54:26Z,7dace2ea9c954e45304ea9674c5ed127c76ef90e,6858,size_in_bytes,lib/ocaml/compiler-libs/flambda2_simplify__Continuation_uses_env.cmti,50131
2026-08-24T15:54:26Z,7dace2ea9c954e45304ea9674c5ed127c76ef90e,6858,size_in_bytes,lib/ocaml/compiler-libs/extract_relocations.cmti,32713
2026-08-24T15:54:26Z,7dace2ea9c954e45304ea9674c5ed127c76ef90e,6858,size_in_bytes,lib/ocaml/compiler-libs/flambda2_ui__Flambda_colours.cmti,32095
2026-08-24T15:54:26Z,7dace2ea9c954e45304ea9674c5ed127c76ef90e,6858,size_in_bytes,lib/ocaml/compiler-libs/flambda2_types__Set_of_closures_contents.cmti,413425
2026-08-24T15:54:26Z,7dace2ea9c954e45304ea9674c5ed127c76ef90e,6858,size_in_bytes,lib/ocaml/compiler-libs/flambda2_types__Type_descr.cmti,62274
2026-08-24T15:54:26Z,7dace2ea9c954e45304ea9674c5ed127c76ef90e,6858,size_in_bytes,lib/ocaml/compiler-libs/zero_alloc.cmti,30489
2026-08-24T15:54:26Z,7dace2ea9c954e45304ea9674c5ed127c76ef90e,6858,size_in_bytes,lib/ocaml/compiler-libs/dwarf_flags.cmti,40171
2026-08-24T15:54:26Z,7dace2ea9c954e45304ea9674c5ed127c76ef90e,6858,size_in_bytes,lib/ocaml/compiler-libs/arm64_binary_emitter__Relocation.cmti,37485
2026-08-24T15:54:26Z,7dace2ea9c954e45304ea9674c5ed127c76ef90e,6858,size_in_bytes,lib/ocaml/stdlib_alpha/stdlib_alpha.cmti,12186
2026-08-24T15:54:26Z,7dace2ea9c954e45304ea9674c5ed127c76ef90e,6858,size_in_bytes,lib/ocaml/stdlib_upstream_compatible/stdlib_upstream_compatible__Nativeint_u.cmti,58704
2026-08-24T15:54:26Z,7dace2ea9c954e45304ea9674c5ed127c76ef90e,6858,size_in_bytes,lib/ocaml/stdlib_upstream_compatible/stdlib_upstream_compatible.cmti,12038
2026-08-24T15:54:26Z,7dace2ea9c954e45304ea9674c5ed127c76ef90e,6858,size_in_bytes,lib/ocaml/stdlib_upstream_compatible/stdlib_upstream_compatible__Float_u.cmti,87646
2026-08-24T15:54:26Z,7dace2ea9c954e45304ea9674c5ed127c76ef90e,6858,size_in_bytes,lib/ocaml/stdlib_upstream_compatible/stdlib_upstream_compatible__Int64_u.cmti,64338
2026-08-24T15:54:26Z,7dace2ea9c954e45304ea9674c5ed127c76ef90e,6858,size_in_bytes,lib/ocaml/stdlib_upstream_compatible/stdlib_upstream_compatible__Int32_u.cmti,55382
2026-08-24T15:54:26Z,7dace2ea9c954e45304ea9674c5ed127c76ef90e,6858,size_in_bytes,lib/ocaml/std_exit.o,4888
