timestamp,commit_hash,pr_number,kind,name,value
2026-09-05T05:55:59Z,822b65f405d1f87e722ec0c7e5cfc5fb35d1e9a2,7090,size_in_bytes,bin/generate_cached_generic_functions.exe,72811800
2026-09-05T05:55:59Z,822b65f405d1f87e722ec0c7e5cfc5fb35d1e9a2,7090,size_in_bytes,bin/ocamlc.opt,38748168
2026-09-05T05:55:59Z,822b65f405d1f87e722ec0c7e5cfc5fb35d1e9a2,7090,size_in_bytes,bin/ocamldep.opt,37934936
2026-09-05T05:55:59Z,822b65f405d1f87e722ec0c7e5cfc5fb35d1e9a2,7090,size_in_bytes,bin/dumpobj.opt,9386544
2026-09-05T05:55:59Z,822b65f405d1f87e722ec0c7e5cfc5fb35d1e9a2,7090,size_in_bytes,bin/ocamldoc.opt,52235296
2026-09-05T05:55:59Z,822b65f405d1f87e722ec0c7e5cfc5fb35d1e9a2,7090,size_in_bytes,bin/ocamlmktop.opt,37940080
2026-09-05T05:55:59Z,822b65f405d1f87e722ec0c7e5cfc5fb35d1e9a2,7090,size_in_bytes,bin/ocamlopt.opt,85938880
2026-09-05T05:55:59Z,822b65f405d1f87e722ec0c7e5cfc5fb35d1e9a2,7090,size_in_bytes,bin/ocamlobjinfo.opt,62081408
2026-09-05T05:55:59Z,822b65f405d1f87e722ec0c7e5cfc5fb35d1e9a2,7090,size_in_bytes,bin/ocamlj.opt,75284784
2026-09-05T05:55:59Z,822b65f405d1f87e722ec0c7e5cfc5fb35d1e9a2,7090,size_in_bytes,bin/ocamlmklib.opt,37980424
2026-09-05T05:55:59Z,822b65f405d1f87e722ec0c7e5cfc5fb35d1e9a2,7090,size_in_bytes,bin/extract_externals.opt,38029080
2026-09-05T05:55:59Z,822b65f405d1f87e722ec0c7e5cfc5fb35d1e9a2,7090,size_in_bytes,bin/ocamllex.opt,4944088
2026-09-05T05:55:59Z,822b65f405d1f87e722ec0c7e5cfc5fb35d1e9a2,7090,size_in_bytes,lib/ocaml/libasmrun_pic.a,5437958
2026-09-05T05:55:59Z,822b65f405d1f87e722ec0c7e5cfc5fb35d1e9a2,7090,size_in_bytes,lib/ocaml/libruntime_events_stubs_native.a,137472
2026-09-05T05:55:59Z,822b65f405d1f87e722ec0c7e5cfc5fb35d1e9a2,7090,size_in_bytes,lib/ocaml/libcamlruni.a,5913254
2026-09-05T05:55:59Z,822b65f405d1f87e722ec0c7e5cfc5fb35d1e9a2,7090,size_in_bytes,lib/ocaml/libthreads_stubs.a,121788
2026-09-05T05:55:59Z,822b65f405d1f87e722ec0c7e5cfc5fb35d1e9a2,7090,size_in_bytes,lib/ocaml/libcamlrun.a,5912580
2026-09-05T05:55:59Z,822b65f405d1f87e722ec0c7e5cfc5fb35d1e9a2,7090,size_in_bytes,lib/ocaml/libcamlrund.a,6476932
2026-09-05T05:55:59Z,822b65f405d1f87e722ec0c7e5cfc5fb35d1e9a2,7090,size_in_bytes,lib/ocaml/libasmrun.a,5899344
2026-09-05T05:55:59Z,822b65f405d1f87e722ec0c7e5cfc5fb35d1e9a2,7090,size_in_bytes,lib/ocaml/libasmrund.a,6398036
2026-09-05T05:55:59Z,822b65f405d1f87e722ec0c7e5cfc5fb35d1e9a2,7090,size_in_bytes,lib/ocaml/libthreadsnat_stubs_native.a,120900
2026-09-05T05:55:59Z,822b65f405d1f87e722ec0c7e5cfc5fb35d1e9a2,7090,size_in_bytes,lib/ocaml/libunix_stubs_native.a,1318212
2026-09-05T05:55:59Z,822b65f405d1f87e722ec0c7e5cfc5fb35d1e9a2,7090,size_in_bytes,lib/ocaml/libasmruni.a,5900160
2026-09-05T05:55:59Z,822b65f405d1f87e722ec0c7e5cfc5fb35d1e9a2,7090,size_in_bytes,lib/ocaml/libcamlrun_pic.a,5447510
2026-09-05T05:55:59Z,822b65f405d1f87e722ec0c7e5cfc5fb35d1e9a2,7090,size_in_bytes,lib/ocaml/stdlib.a,5689568
2026-09-05T05:55:59Z,822b65f405d1f87e722ec0c7e5cfc5fb35d1e9a2,7090,size_in_bytes,lib/ocaml/libthreadsnat_stubs.a,120900
2026-09-05T05:55:59Z,822b65f405d1f87e722ec0c7e5cfc5fb35d1e9a2,7090,size_in_bytes,lib/ocaml/eval.a,49444
2026-09-05T05:55:59Z,822b65f405d1f87e722ec0c7e5cfc5fb35d1e9a2,7090,size_in_bytes,lib/ocaml/libeval_stubs.a,5060
2026-09-05T05:55:59Z,822b65f405d1f87e722ec0c7e5cfc5fb35d1e9a2,7090,size_in_bytes,lib/ocaml/libstr_stubs_native.a,47218
2026-09-05T05:55:59Z,822b65f405d1f87e722ec0c7e5cfc5fb35d1e9a2,7090,size_in_bytes,lib/ocaml/stdlib_upstream_compatible/stdlib_upstream_compatible.a,171342
2026-09-05T05:55:59Z,822b65f405d1f87e722ec0c7e5cfc5fb35d1e9a2,7090,size_in_bytes,lib/ocaml/stdlib_beta/stdlib_beta.a,4486
2026-09-05T05:55:59Z,822b65f405d1f87e722ec0c7e5cfc5fb35d1e9a2,7090,size_in_bytes,lib/ocaml/dynlink/dynlink.a,37765614
2026-09-05T05:55:59Z,822b65f405d1f87e722ec0c7e5cfc5fb35d1e9a2,7090,size_in_bytes,lib/ocaml/compiler-libs/ocamloptcomp.a,79503678
2026-09-05T05:55:59Z,822b65f405d1f87e722ec0c7e5cfc5fb35d1e9a2,7090,size_in_bytes,lib/ocaml/compiler-libs/ocamlfrontend.a,37246888
2026-09-05T05:55:59Z,822b65f405d1f87e722ec0c7e5cfc5fb35d1e9a2,7090,size_in_bytes,lib/ocaml/compiler-libs/ocamlcommon.a,15319654
2026-09-05T05:55:59Z,822b65f405d1f87e722ec0c7e5cfc5fb35d1e9a2,7090,size_in_bytes,lib/ocaml/compiler-libs/libflambda2_floats_stubs.a,44238
2026-09-05T05:55:59Z,822b65f405d1f87e722ec0c7e5cfc5fb35d1e9a2,7090,size_in_bytes,lib/ocaml/compiler-libs/ocamlopttoplevel.a,940952
2026-09-05T05:55:59Z,822b65f405d1f87e722ec0c7e5cfc5fb35d1e9a2,7090,size_in_bytes,lib/ocaml/compiler-libs/libflambda2_algorithms_stubs.a,5546
2026-09-05T05:55:59Z,822b65f405d1f87e722ec0c7e5cfc5fb35d1e9a2,7090,size_in_bytes,lib/ocaml/compiler-libs/ocamlbytecomp.a,1387818
2026-09-05T05:55:59Z,822b65f405d1f87e722ec0c7e5cfc5fb35d1e9a2,7090,size_in_bytes,lib/ocaml/compiler-libs/libflambda2_algorithms_stubs_native.a,5546
2026-09-05T05:55:59Z,822b65f405d1f87e722ec0c7e5cfc5fb35d1e9a2,7090,size_in_bytes,lib/ocaml/compiler-libs/libgc_timings_stubs_native.a,22758
2026-09-05T05:55:59Z,822b65f405d1f87e722ec0c7e5cfc5fb35d1e9a2,7090,size_in_bytes,lib/ocaml/compiler-libs/libcompiler_owee_stubs_native.a,16932
2026-09-05T05:55:59Z,822b65f405d1f87e722ec0c7e5cfc5fb35d1e9a2,7090,size_in_bytes,lib/ocaml/compiler-libs/libgc_timings_stubs.a,22758
2026-09-05T05:55:59Z,822b65f405d1f87e722ec0c7e5cfc5fb35d1e9a2,7090,size_in_bytes,lib/ocaml/compiler-libs/libflambda2_floats_stubs_native.a,44238
2026-09-05T05:55:59Z,822b65f405d1f87e722ec0c7e5cfc5fb35d1e9a2,7090,size_in_bytes,lib/ocaml/compiler-libs/libcompiler_owee_stubs.a,16932
2026-09-05T05:55:59Z,822b65f405d1f87e722ec0c7e5cfc5fb35d1e9a2,7090,size_in_bytes,lib/ocaml/str/libstr_stubs.a,47218
2026-09-05T05:55:59Z,822b65f405d1f87e722ec0c7e5cfc5fb35d1e9a2,7090,size_in_bytes,lib/ocaml/str/str.a,175384
2026-09-05T05:55:59Z,822b65f405d1f87e722ec0c7e5cfc5fb35d1e9a2,7090,size_in_bytes,lib/ocaml/ocaml-jit/jit.a,277722
2026-09-05T05:55:59Z,822b65f405d1f87e722ec0c7e5cfc5fb35d1e9a2,7090,size_in_bytes,lib/ocaml/ocaml-jit/libjit_stubs.a,43646
2026-09-05T05:55:59Z,822b65f405d1f87e722ec0c7e5cfc5fb35d1e9a2,7090,size_in_bytes,lib/ocaml/stdlib_alpha/stdlib_alpha.a,4502
2026-09-05T05:55:59Z,822b65f405d1f87e722ec0c7e5cfc5fb35d1e9a2,7090,size_in_bytes,lib/ocaml/runtime_events/runtime_events.a,49720
2026-09-05T05:55:59Z,822b65f405d1f87e722ec0c7e5cfc5fb35d1e9a2,7090,size_in_bytes,lib/ocaml/runtime_events/libruntime_events_stubs.a,137472
2026-09-05T05:55:59Z,822b65f405d1f87e722ec0c7e5cfc5fb35d1e9a2,7090,size_in_bytes,lib/ocaml/threads/threads.a,124826
2026-09-05T05:55:59Z,822b65f405d1f87e722ec0c7e5cfc5fb35d1e9a2,7090,size_in_bytes,lib/ocaml/stdlib_stable/stdlib_stable.a,435390
2026-09-05T05:55:59Z,822b65f405d1f87e722ec0c7e5cfc5fb35d1e9a2,7090,size_in_bytes,lib/ocaml/unix/libunix_stubs.a,1318212
2026-09-05T05:55:59Z,822b65f405d1f87e722ec0c7e5cfc5fb35d1e9a2,7090,size_in_bytes,lib/ocaml/unix/unix.a,322238
2026-09-05T05:55:59Z,822b65f405d1f87e722ec0c7e5cfc5fb35d1e9a2,7090,size_in_bytes,lib/ocaml/stdlib.cmxa,17822
2026-09-05T05:55:59Z,822b65f405d1f87e722ec0c7e5cfc5fb35d1e9a2,7090,size_in_bytes,lib/ocaml/eval.cmxa,12534
2026-09-05T05:55:59Z,822b65f405d1f87e722ec0c7e5cfc5fb35d1e9a2,7090,size_in_bytes,lib/ocaml/stdlib_upstream_compatible/stdlib_upstream_compatible.cmxa,1441
2026-09-05T05:55:59Z,822b65f405d1f87e722ec0c7e5cfc5fb35d1e9a2,7090,size_in_bytes,lib/ocaml/stdlib_beta/stdlib_beta.cmxa,232
2026-09-05T05:55:59Z,822b65f405d1f87e722ec0c7e5cfc5fb35d1e9a2,7090,size_in_bytes,lib/ocaml/dynlink/dynlink.cmxa,26303
2026-09-05T05:55:59Z,822b65f405d1f87e722ec0c7e5cfc5fb35d1e9a2,7090,size_in_bytes,lib/ocaml/compiler-libs/ocamloptcomp.cmxa,200869
2026-09-05T05:55:59Z,822b65f405d1f87e722ec0c7e5cfc5fb35d1e9a2,7090,size_in_bytes,lib/ocaml/compiler-libs/ocamlopttoplevel.cmxa,20121
2026-09-05T05:55:59Z,822b65f405d1f87e722ec0c7e5cfc5fb35d1e9a2,7090,size_in_bytes,lib/ocaml/compiler-libs/ocamlbytecomp.cmxa,9554
2026-09-05T05:55:59Z,822b65f405d1f87e722ec0c7e5cfc5fb35d1e9a2,7090,size_in_bytes,lib/ocaml/compiler-libs/ocamlcommon.cmxa,12414
2026-09-05T05:55:59Z,822b65f405d1f87e722ec0c7e5cfc5fb35d1e9a2,7090,size_in_bytes,lib/ocaml/compiler-libs/ocamlfrontend.cmxa,25353
2026-09-05T05:55:59Z,822b65f405d1f87e722ec0c7e5cfc5fb35d1e9a2,7090,size_in_bytes,lib/ocaml/str/str.cmxa,1126
2026-09-05T05:55:59Z,822b65f405d1f87e722ec0c7e5cfc5fb35d1e9a2,7090,size_in_bytes,lib/ocaml/ocaml-jit/jit.cmxa,16864
2026-09-05T05:55:59Z,822b65f405d1f87e722ec0c7e5cfc5fb35d1e9a2,7090,size_in_bytes,lib/ocaml/stdlib_alpha/stdlib_alpha.cmxa,234
2026-09-05T05:55:59Z,822b65f405d1f87e722ec0c7e5cfc5fb35d1e9a2,7090,size_in_bytes,lib/ocaml/runtime_events/runtime_events.cmxa,1255
2026-09-05T05:55:59Z,822b65f405d1f87e722ec0c7e5cfc5fb35d1e9a2,7090,size_in_bytes,lib/ocaml/threads/threads.cmxa,2223
2026-09-05T05:55:59Z,822b65f405d1f87e722ec0c7e5cfc5fb35d1e9a2,7090,size_in_bytes,lib/ocaml/stdlib_stable/stdlib_stable.cmxa,3971
2026-09-05T05:55:59Z,822b65f405d1f87e722ec0c7e5cfc5fb35d1e9a2,7090,size_in_bytes,lib/ocaml/unix/unix.cmxa,4534
2026-09-05T05:55:59Z,822b65f405d1f87e722ec0c7e5cfc5fb35d1e9a2,7090,size_in_bytes,lib/ocaml/stdlib.cma,14456635
2026-09-05T05:55:59Z,822b65f405d1f87e722ec0c7e5cfc5fb35d1e9a2,7090,size_in_bytes,lib/ocaml/eval.cma,61810
2026-09-05T05:55:59Z,822b65f405d1f87e722ec0c7e5cfc5fb35d1e9a2,7090,size_in_bytes,lib/ocaml/stdlib_upstream_compatible/stdlib_upstream_compatible.cma,299035
2026-09-05T05:55:59Z,822b65f405d1f87e722ec0c7e5cfc5fb35d1e9a2,7090,size_in_bytes,lib/ocaml/stdlib_beta/stdlib_beta.cma,11102
2026-09-05T05:55:59Z,822b65f405d1f87e722ec0c7e5cfc5fb35d1e9a2,7090,size_in_bytes,lib/ocaml/dynlink/dynlink.cma,78731556
2026-09-05T05:55:59Z,822b65f405d1f87e722ec0c7e5cfc5fb35d1e9a2,7090,size_in_bytes,lib/ocaml/compiler-libs/ocamlfrontend.cma,62969685
2026-09-05T05:55:59Z,822b65f405d1f87e722ec0c7e5cfc5fb35d1e9a2,7090,size_in_bytes,lib/ocaml/compiler-libs/ocamlbytecomp.cma,1892290
2026-09-05T05:55:59Z,822b65f405d1f87e722ec0c7e5cfc5fb35d1e9a2,7090,size_in_bytes,lib/ocaml/compiler-libs/ocamltoplevel.cma,1280652
2026-09-05T05:55:59Z,822b65f405d1f87e722ec0c7e5cfc5fb35d1e9a2,7090,size_in_bytes,lib/ocaml/compiler-libs/ocamlcommon.cma,47225724
2026-09-05T05:55:59Z,822b65f405d1f87e722ec0c7e5cfc5fb35d1e9a2,7090,size_in_bytes,lib/ocaml/compiler-libs/ocamloptcomp.cma,110390838
2026-09-05T05:55:59Z,822b65f405d1f87e722ec0c7e5cfc5fb35d1e9a2,7090,size_in_bytes,lib/ocaml/str/str.cma,347617
2026-09-05T05:55:59Z,822b65f405d1f87e722ec0c7e5cfc5fb35d1e9a2,7090,size_in_bytes,lib/ocaml/ocaml-jit/jit.cma,823015
2026-09-05T05:55:59Z,822b65f405d1f87e722ec0c7e5cfc5fb35d1e9a2,7090,size_in_bytes,lib/ocaml/stdlib_alpha/stdlib_alpha.cma,11110
2026-09-05T05:55:59Z,822b65f405d1f87e722ec0c7e5cfc5fb35d1e9a2,7090,size_in_bytes,lib/ocaml/runtime_events/runtime_events.cma,88212
2026-09-05T05:55:59Z,822b65f405d1f87e722ec0c7e5cfc5fb35d1e9a2,7090,size_in_bytes,lib/ocaml/threads/threads.cma,213914
2026-09-05T05:55:59Z,822b65f405d1f87e722ec0c7e5cfc5fb35d1e9a2,7090,size_in_bytes,lib/ocaml/stdlib_stable/stdlib_stable.cma,1110298
2026-09-05T05:55:59Z,822b65f405d1f87e722ec0c7e5cfc5fb35d1e9a2,7090,size_in_bytes,lib/ocaml/unix/unix.cma,473284
2026-09-05T05:55:59Z,822b65f405d1f87e722ec0c7e5cfc5fb35d1e9a2,7090,size_in_bytes,lib/ocaml/stdlib__Unit.cmi,1222
2026-09-05T05:55:59Z,822b65f405d1f87e722ec0c7e5cfc5fb35d1e9a2,7090,size_in_bytes,lib/ocaml/stdlib__Condition.cmi,1376
2026-09-05T05:55:59Z,822b65f405d1f87e722ec0c7e5cfc5fb35d1e9a2,7090,size_in_bytes,lib/ocaml/stdlib__Lexing.cmi,10480
2026-09-05T05:55:59Z,822b65f405d1f87e722ec0c7e5cfc5fb35d1e9a2,7090,size_in_bytes,lib/ocaml/stdlib__List.cmi,33998
2026-09-05T05:55:59Z,822b65f405d1f87e722ec0c7e5cfc5fb35d1e9a2,7090,size_in_bytes,lib/ocaml/topdirs.cmi,4786
2026-09-05T05:55:59Z,822b65f405d1f87e722ec0c7e5cfc5fb35d1e9a2,7090,size_in_bytes,lib/ocaml/eval.cmi,527
2026-09-05T05:55:59Z,822b65f405d1f87e722ec0c7e5cfc5fb35d1e9a2,7090,size_in_bytes,lib/ocaml/stdlib__Printf.cmi,6608
2026-09-05T05:55:59Z,822b65f405d1f87e722ec0c7e5cfc5fb35d1e9a2,7090,size_in_bytes,lib/ocaml/stdlib__Bytes.cmi,35784
2026-09-05T05:55:59Z,822b65f405d1f87e722ec0c7e5cfc5fb35d1e9a2,7090,size_in_bytes,lib/ocaml/stdlib__Dynarray.cmi,24433
2026-09-05T05:55:59Z,822b65f405d1f87e722ec0c7e5cfc5fb35d1e9a2,7090,size_in_bytes,lib/ocaml/stdlib__Array.cmi,27766
2026-09-05T05:55:59Z,822b65f405d1f87e722ec0c7e5cfc5fb35d1e9a2,7090,size_in_bytes,lib/ocaml/stdlib__Quote.cmi,3424
2026-09-05T05:55:59Z,822b65f405d1f87e722ec0c7e5cfc5fb35d1e9a2,7090,size_in_bytes,lib/ocaml/compiler_owee__Owee_object.cmi,4356
2026-09-05T05:55:59Z,822b65f405d1f87e722ec0c7e5cfc5fb35d1e9a2,7090,size_in_bytes,lib/ocaml/compiler_owee__Owee_linux_maps.cmi,3078
2026-09-05T05:55:59Z,822b65f405d1f87e722ec0c7e5cfc5fb35d1e9a2,7090,size_in_bytes,lib/ocaml/compiler_owee__Owee_debug_line.cmi,4543
2026-09-05T05:55:59Z,822b65f405d1f87e722ec0c7e5cfc5fb35d1e9a2,7090,size_in_bytes,lib/ocaml/stdlib__Int.cmi,8056
2026-09-05T05:55:59Z,822b65f405d1f87e722ec0c7e5cfc5fb35d1e9a2,7090,size_in_bytes,lib/ocaml/stdlib__StdLabels.cmi,544
2026-09-05T05:55:59Z,822b65f405d1f87e722ec0c7e5cfc5fb35d1e9a2,7090,size_in_bytes,lib/ocaml/compiler_owee__Owee_interval_map.cmi,2836
2026-09-05T05:55:59Z,822b65f405d1f87e722ec0c7e5cfc5fb35d1e9a2,7090,size_in_bytes,lib/ocaml/stdlib__Arg.cmi,10189
2026-09-05T05:55:59Z,822b65f405d1f87e722ec0c7e5cfc5fb35d1e9a2,7090,size_in_bytes,lib/ocaml/stdlib__Set.cmi,43055
2026-09-05T05:55:59Z,822b65f405d1f87e722ec0c7e5cfc5fb35d1e9a2,7090,size_in_bytes,lib/ocaml/compiler_owee__Unix_intf.cmi,6278
2026-09-05T05:55:59Z,822b65f405d1f87e722ec0c7e5cfc5fb35d1e9a2,7090,size_in_bytes,lib/ocaml/stdlib__Fun.cmi,3099
2026-09-05T05:55:59Z,822b65f405d1f87e722ec0c7e5cfc5fb35d1e9a2,7090,size_in_bytes,lib/ocaml/stdlib__Uchar.cmi,6212
2026-09-05T05:55:59Z,822b65f405d1f87e722ec0c7e5cfc5fb35d1e9a2,7090,size_in_bytes,lib/ocaml/stdlib__Iarray.cmi,19883
2026-09-05T05:55:59Z,822b65f405d1f87e722ec0c7e5cfc5fb35d1e9a2,7090,size_in_bytes,lib/ocaml/compiler_owee__Owee_marker.cmi,10882
2026-09-05T05:55:59Z,822b65f405d1f87e722ec0c7e5cfc5fb35d1e9a2,7090,size_in_bytes,lib/ocaml/stdlib__Int64.cmi,12738
2026-09-05T05:55:59Z,822b65f405d1f87e722ec0c7e5cfc5fb35d1e9a2,7090,size_in_bytes,lib/ocaml/compiler_owee__Owee_buf.cmi,12221
2026-09-05T05:55:59Z,822b65f405d1f87e722ec0c7e5cfc5fb35d1e9a2,7090,size_in_bytes,lib/ocaml/compiler_owee__Owee_traverse.cmi,2479
2026-09-05T05:55:59Z,822b65f405d1f87e722ec0c7e5cfc5fb35d1e9a2,7090,size_in_bytes,lib/ocaml/stdlib__Pair.cmi,6037
2026-09-05T05:55:59Z,822b65f405d1f87e722ec0c7e5cfc5fb35d1e9a2,7090,size_in_bytes,lib/ocaml/stdlib__Lazy.cmi,2842
2026-09-05T05:55:59Z,822b65f405d1f87e722ec0c7e5cfc5fb35d1e9a2,7090,size_in_bytes,lib/ocaml/stdlib__Scanf.cmi,9816
2026-09-05T05:55:59Z,822b65f405d1f87e722ec0c7e5cfc5fb35d1e9a2,7090,size_in_bytes,lib/ocaml/stdlib__Format.cmi,63182
2026-09-05T05:55:59Z,822b65f405d1f87e722ec0c7e5cfc5fb35d1e9a2,7090,size_in_bytes,lib/ocaml/stdlib__Option.cmi,6774
2026-09-05T05:55:59Z,822b65f405d1f87e722ec0c7e5cfc5fb35d1e9a2,7090,size_in_bytes,lib/ocaml/stdlib__Type.cmi,1963
2026-09-05T05:55:59Z,822b65f405d1f87e722ec0c7e5cfc5fb35d1e9a2,7090,size_in_bytes,lib/ocaml/opttopdirs.cmi,4176
2026-09-05T05:55:59Z,822b65f405d1f87e722ec0c7e5cfc5fb35d1e9a2,7090,size_in_bytes,lib/ocaml/camlinternalFormat.cmi,14657
2026-09-05T05:55:59Z,822b65f405d1f87e722ec0c7e5cfc5fb35d1e9a2,7090,size_in_bytes,lib/ocaml/stdlib__In_channel.cmi,10014
2026-09-05T05:55:59Z,822b65f405d1f87e722ec0c7e5cfc5fb35d1e9a2,7090,size_in_bytes,lib/ocaml/stdlib__Pqueue.cmi,47861
2026-09-05T05:55:59Z,822b65f405d1f87e722ec0c7e5cfc5fb35d1e9a2,7090,size_in_bytes,lib/ocaml/stdlib__Nativeint.cmi,11570
2026-09-05T05:55:59Z,822b65f405d1f87e722ec0c7e5cfc5fb35d1e9a2,7090,size_in_bytes,lib/ocaml/compiler_owee__Owee_elf.cmi,23660
2026-09-05T05:55:59Z,822b65f405d1f87e722ec0c7e5cfc5fb35d1e9a2,7090,size_in_bytes,lib/ocaml/stdlib__ArrayLabels.cmi,27952
2026-09-05T05:55:59Z,822b65f405d1f87e722ec0c7e5cfc5fb35d1e9a2,7090,size_in_bytes,lib/ocaml/stdlib__Marshal.cmi,4377
2026-09-05T05:55:59Z,822b65f405d1f87e722ec0c7e5cfc5fb35d1e9a2,7090,size_in_bytes,lib/ocaml/stdlib__Modes.cmi,3418
2026-09-05T05:55:59Z,822b65f405d1f87e722ec0c7e5cfc5fb35d1e9a2,7090,size_in_bytes,lib/ocaml/stdlib__Backoff.cmi,1743
2026-09-05T05:55:59Z,822b65f405d1f87e722ec0c7e5cfc5fb35d1e9a2,7090,size_in_bytes,lib/ocaml/stdlib__Stack.cmi,5897
2026-09-05T05:55:59Z,822b65f405d1f87e722ec0c7e5cfc5fb35d1e9a2,7090,size_in_bytes,lib/ocaml/stdlib__MoreLabels.cmi,181860
2026-09-05T05:55:59Z,822b65f405d1f87e722ec0c7e5cfc5fb35d1e9a2,7090,size_in_bytes,lib/ocaml/compiler_owee__Owee_elf_notes.cmi,4802
2026-09-05T05:55:59Z,822b65f405d1f87e722ec0c7e5cfc5fb35d1e9a2,7090,size_in_bytes,lib/ocaml/camlinternalFormatBasics.cmi,40834
2026-09-05T05:55:59Z,822b65f405d1f87e722ec0c7e5cfc5fb35d1e9a2,7090,size_in_bytes,lib/ocaml/compiler_owee__Owee_elf_string_table.cmi,1431
2026-09-05T05:55:59Z,822b65f405d1f87e722ec0c7e5cfc5fb35d1e9a2,7090,size_in_bytes,lib/ocaml/gc_timings.cmi,896
2026-09-05T05:55:59Z,822b65f405d1f87e722ec0c7e5cfc5fb35d1e9a2,7090,size_in_bytes,lib/ocaml/stdlib__Complex.cmi,4328
2026-09-05T05:55:59Z,822b65f405d1f87e722ec0c7e5cfc5fb35d1e9a2,7090,size_in_bytes,lib/ocaml/stdlib__Map.cmi,61305
2026-09-05T05:55:59Z,822b65f405d1f87e722ec0c7e5cfc5fb35d1e9a2,7090,size_in_bytes,lib/ocaml/camlinternalLazy.cmi,1423
2026-09-05T05:55:59Z,822b65f405d1f87e722ec0c7e5cfc5fb35d1e9a2,7090,size_in_bytes,lib/ocaml/compiler_owee__Owee_form.cmi,2130
2026-09-05T05:55:59Z,822b65f405d1f87e722ec0c7e5cfc5fb35d1e9a2,7090,size_in_bytes,lib/ocaml/stdlib__Filename.cmi,6478
2026-09-05T05:55:59Z,822b65f405d1f87e722ec0c7e5cfc5fb35d1e9a2,7090,size_in_bytes,lib/ocaml/stdlib__Atomic.cmi,11666
2026-09-05T05:55:59Z,822b65f405d1f87e722ec0c7e5cfc5fb35d1e9a2,7090,size_in_bytes,lib/ocaml/stdlib__Out_channel.cmi,9491
2026-09-05T05:55:59Z,822b65f405d1f87e722ec0c7e5cfc5fb35d1e9a2,7090,size_in_bytes,lib/ocaml/stdlib__Bool.cmi,3897
2026-09-05T05:55:59Z,822b65f405d1f87e722ec0c7e5cfc5fb35d1e9a2,7090,size_in_bytes,lib/ocaml/stdlib__String.cmi,24882
2026-09-05T05:55:59Z,822b65f405d1f87e722ec0c7e5cfc5fb35d1e9a2,7090,size_in_bytes,lib/ocaml/stdlib__Repr.cmi,2037
2026-09-05T05:55:59Z,822b65f405d1f87e722ec0c7e5cfc5fb35d1e9a2,7090,size_in_bytes,lib/ocaml/stdlib__Parsing.cmi,6412
2026-09-05T05:55:59Z,822b65f405d1f87e722ec0c7e5cfc5fb35d1e9a2,7090,size_in_bytes,lib/ocaml/stdlib__Random.cmi,11614
2026-09-05T05:55:59Z,822b65f405d1f87e722ec0c7e5cfc5fb35d1e9a2,7090,size_in_bytes,lib/ocaml/camlinternalOO.cmi,16530
2026-09-05T05:55:59Z,822b65f405d1f87e722ec0c7e5cfc5fb35d1e9a2,7090,size_in_bytes,lib/ocaml/camlinternalAtomic.cmi,2916
2026-09-05T05:55:59Z,822b65f405d1f87e722ec0c7e5cfc5fb35d1e9a2,7090,size_in_bytes,lib/ocaml/stdlib__Semaphore.cmi,2678
2026-09-05T05:55:59Z,822b65f405d1f87e722ec0c7e5cfc5fb35d1e9a2,7090,size_in_bytes,lib/ocaml/stdlib__Bigarray.cmi,59878
2026-09-05T05:55:59Z,822b65f405d1f87e722ec0c7e5cfc5fb35d1e9a2,7090,size_in_bytes,lib/ocaml/compiler_owee.cmi,2379
2026-09-05T05:55:59Z,822b65f405d1f87e722ec0c7e5cfc5fb35d1e9a2,7090,size_in_bytes,lib/ocaml/stdlib__Domain.cmi,15259
2026-09-05T05:55:59Z,822b65f405d1f87e722ec0c7e5cfc5fb35d1e9a2,7090,size_in_bytes,lib/ocaml/stdlib__StringLabels.cmi,25007
2026-09-05T05:55:59Z,822b65f405d1f87e722ec0c7e5cfc5fb35d1e9a2,7090,size_in_bytes,lib/ocaml/stdlib__Char.cmi,7307
2026-09-05T05:55:59Z,822b65f405d1f87e722ec0c7e5cfc5fb35d1e9a2,7090,size_in_bytes,lib/ocaml/stdlib__Int32.cmi,11538
2026-09-05T05:55:59Z,822b65f405d1f87e722ec0c7e5cfc5fb35d1e9a2,7090,size_in_bytes,lib/ocaml/stdlib__Result.cmi,12629
2026-09-05T05:55:59Z,822b65f405d1f87e722ec0c7e5cfc5fb35d1e9a2,7090,size_in_bytes,lib/ocaml/stdlib__Callback.cmi,2144
2026-09-05T05:55:59Z,822b65f405d1f87e722ec0c7e5cfc5fb35d1e9a2,7090,size_in_bytes,lib/ocaml/compiler_owee__Owee_graph.cmi,44085
2026-09-05T05:55:59Z,822b65f405d1f87e722ec0c7e5cfc5fb35d1e9a2,7090,size_in_bytes,lib/ocaml/stdlib__Queue.cmi,7184
2026-09-05T05:55:59Z,822b65f405d1f87e722ec0c7e5cfc5fb35d1e9a2,7090,size_in_bytes,lib/ocaml/stdlib__Buffer.cmi,13430
2026-09-05T05:55:59Z,822b65f405d1f87e722ec0c7e5cfc5fb35d1e9a2,7090,size_in_bytes,lib/ocaml/stdlib__Printexc.cmi,12654
2026-09-05T05:55:59Z,822b65f405d1f87e722ec0c7e5cfc5fb35d1e9a2,7090,size_in_bytes,lib/ocaml/stdlib__Oo.cmi,1586
2026-09-05T05:55:59Z,822b65f405d1f87e722ec0c7e5cfc5fb35d1e9a2,7090,size_in_bytes,lib/ocaml/stdlib__ListLabels.cmi,34164
2026-09-05T05:55:59Z,822b65f405d1f87e722ec0c7e5cfc5fb35d1e9a2,7090,size_in_bytes,lib/ocaml/stdlib__Float.cmi,66811
2026-09-05T05:55:59Z,822b65f405d1f87e722ec0c7e5cfc5fb35d1e9a2,7090,size_in_bytes,lib/ocaml/stdlib__Mutex.cmi,1670
2026-09-05T05:55:59Z,822b65f405d1f87e722ec0c7e5cfc5fb35d1e9a2,7090,size_in_bytes,lib/ocaml/stdlib__Sys.cmi,21303
2026-09-05T05:55:59Z,822b65f405d1f87e722ec0c7e5cfc5fb35d1e9a2,7090,size_in_bytes,lib/ocaml/compiler_owee__Owee_elf_relocation.cmi,9972
2026-09-05T05:55:59Z,822b65f405d1f87e722ec0c7e5cfc5fb35d1e9a2,7090,size_in_bytes,lib/ocaml/stdlib__Digest.cmi,22655
2026-09-05T05:55:59Z,822b65f405d1f87e722ec0c7e5cfc5fb35d1e9a2,7090,size_in_bytes,lib/ocaml/stdlib__Seq.cmi,28708
2026-09-05T05:55:59Z,822b65f405d1f87e722ec0c7e5cfc5fb35d1e9a2,7090,size_in_bytes,lib/ocaml/camlinternalComprehension.cmi,2875
2026-09-05T05:55:59Z,822b65f405d1f87e722ec0c7e5cfc5fb35d1e9a2,7090,size_in_bytes,lib/ocaml/stdlib__Effect.cmi,33900
2026-09-05T05:55:59Z,822b65f405d1f87e722ec0c7e5cfc5fb35d1e9a2,7090,size_in_bytes,lib/ocaml/camlinternalMod.cmi,1621
2026-09-05T05:55:59Z,822b65f405d1f87e722ec0c7e5cfc5fb35d1e9a2,7090,size_in_bytes,lib/ocaml/std_exit.cmi,223
2026-09-05T05:55:59Z,822b65f405d1f87e722ec0c7e5cfc5fb35d1e9a2,7090,size_in_bytes,lib/ocaml/stdlib__Gc.cmi,18607
2026-09-05T05:55:59Z,822b65f405d1f87e722ec0c7e5cfc5fb35d1e9a2,7090,size_in_bytes,lib/ocaml/stdlib__Ephemeron.cmi,117964
2026-09-05T05:55:59Z,822b65f405d1f87e722ec0c7e5cfc5fb35d1e9a2,7090,size_in_bytes,lib/ocaml/stdlib__Dynamic.cmi,1643
2026-09-05T05:55:59Z,822b65f405d1f87e722ec0c7e5cfc5fb35d1e9a2,7090,size_in_bytes,lib/ocaml/stdlib.cmi,71192
2026-09-05T05:55:59Z,822b65f405d1f87e722ec0c7e5cfc5fb35d1e9a2,7090,size_in_bytes,lib/ocaml/camlinternalQuote.cmi,69858
2026-09-05T05:55:59Z,822b65f405d1f87e722ec0c7e5cfc5fb35d1e9a2,7090,size_in_bytes,lib/ocaml/stdlib__BytesLabels.cmi,36001
2026-09-05T05:55:59Z,822b65f405d1f87e722ec0c7e5cfc5fb35d1e9a2,7090,size_in_bytes,lib/ocaml/stdlib__Hashtbl.cmi,71077
2026-09-05T05:55:59Z,822b65f405d1f87e722ec0c7e5cfc5fb35d1e9a2,7090,size_in_bytes,lib/ocaml/compiler_owee__Owee_archive.cmi,2976
2026-09-05T05:55:59Z,822b65f405d1f87e722ec0c7e5cfc5fb35d1e9a2,7090,size_in_bytes,lib/ocaml/stdlib__Either.cmi,8603
2026-09-05T05:55:59Z,822b65f405d1f87e722ec0c7e5cfc5fb35d1e9a2,7090,size_in_bytes,lib/ocaml/compiler_owee__Owee_macho.cmi,23946
2026-09-05T05:55:59Z,822b65f405d1f87e722ec0c7e5cfc5fb35d1e9a2,7090,size_in_bytes,lib/ocaml/stdlib__Weak.cmi,12854
2026-09-05T05:55:59Z,822b65f405d1f87e722ec0c7e5cfc5fb35d1e9a2,7090,size_in_bytes,lib/ocaml/compiler_owee__Owee_location.cmi,2674
2026-09-05T05:55:59Z,822b65f405d1f87e722ec0c7e5cfc5fb35d1e9a2,7090,size_in_bytes,lib/ocaml/stdlib__Obj.cmi,17821
2026-09-05T05:55:59Z,822b65f405d1f87e722ec0c7e5cfc5fb35d1e9a2,7090,size_in_bytes,lib/ocaml/stdlib_upstream_compatible/stdlib_upstream_compatible__Float_u.cmi,15562
2026-09-05T05:55:59Z,822b65f405d1f87e722ec0c7e5cfc5fb35d1e9a2,7090,size_in_bytes,lib/ocaml/stdlib_upstream_compatible/stdlib_upstream_compatible__Nativeint_u.cmi,10134
2026-09-05T05:55:59Z,822b65f405d1f87e722ec0c7e5cfc5fb35d1e9a2,7090,size_in_bytes,lib/ocaml/stdlib_upstream_compatible/stdlib_upstream_compatible__Int32_u.cmi,9539
2026-09-05T05:55:59Z,822b65f405d1f87e722ec0c7e5cfc5fb35d1e9a2,7090,size_in_bytes,lib/ocaml/stdlib_upstream_compatible/stdlib_upstream_compatible__Int64_u.cmi,11331
2026-09-05T05:55:59Z,822b65f405d1f87e722ec0c7e5cfc5fb35d1e9a2,7090,size_in_bytes,lib/ocaml/stdlib_upstream_compatible/stdlib_upstream_compatible.cmi,789
2026-09-05T05:55:59Z,822b65f405d1f87e722ec0c7e5cfc5fb35d1e9a2,7090,size_in_bytes,lib/ocaml/stdlib_upstream_compatible/stdlib_upstream_compatible__.cmi,1095
2026-09-05T05:55:59Z,822b65f405d1f87e722ec0c7e5cfc5fb35d1e9a2,7090,size_in_bytes,lib/ocaml/stdlib_beta/stdlib_beta.cmi,229
2026-09-05T05:55:59Z,822b65f405d1f87e722ec0c7e5cfc5fb35d1e9a2,7090,size_in_bytes,lib/ocaml/dynlink/dynlink.cmi,5530
2026-09-05T05:55:59Z,822b65f405d1f87e722ec0c7e5cfc5fb35d1e9a2,7090,size_in_bytes,lib/ocaml/compiler-libs/flambda2_reaper__Points_to_analysis.cmi,30743
2026-09-05T05:55:59Z,822b65f405d1f87e722ec0c7e5cfc5fb35d1e9a2,7090,size_in_bytes,lib/ocaml/compiler-libs/errors.cmi,777
2026-09-05T05:55:59Z,822b65f405d1f87e722ec0c7e5cfc5fb35d1e9a2,7090,size_in_bytes,lib/ocaml/compiler-libs/bytelink.cmi,20826
2026-09-05T05:55:59Z,822b65f405d1f87e722ec0c7e5cfc5fb35d1e9a2,7090,size_in_bytes,lib/ocaml/compiler-libs/cmm.cmi,60911
2026-09-05T05:55:59Z,822b65f405d1f87e722ec0c7e5cfc5fb35d1e9a2,7090,size_in_bytes,lib/ocaml/compiler-libs/translattribute.cmi,6563
2026-09-05T05:55:59Z,822b65f405d1f87e722ec0c7e5cfc5fb35d1e9a2,7090,size_in_bytes,lib/ocaml/compiler-libs/runtime_shape.cmi,26053
2026-09-05T05:55:59Z,822b65f405d1f87e722ec0c7e5cfc5fb35d1e9a2,7090,size_in_bytes,lib/ocaml/compiler-libs/dwarf_low__Debug_loc_table.cmi,3370
2026-09-05T05:55:59Z,822b65f405d1f87e722ec0c7e5cfc5fb35d1e9a2,7090,size_in_bytes,lib/ocaml/compiler-libs/optlink.cmi,15388
2026-09-05T05:55:59Z,822b65f405d1f87e722ec0c7e5cfc5fb35d1e9a2,7090,size_in_bytes,lib/ocaml/compiler-libs/dwarf_type.cmi,6510
2026-09-05T05:55:59Z,822b65f405d1f87e722ec0c7e5cfc5fb35d1e9a2,7090,size_in_bytes,lib/ocaml/compiler-libs/reg_availability_set.cmi,12986
2026-09-05T05:55:59Z,822b65f405d1f87e722ec0c7e5cfc5fb35d1e9a2,7090,size_in_bytes,lib/ocaml/compiler-libs/inlined_frame_ranges.cmi,80734
2026-09-05T05:55:59Z,822b65f405d1f87e722ec0c7e5cfc5fb35d1e9a2,7090,size_in_bytes,lib/ocaml/compiler-libs/flambda2_simplify__Are_lifting_conts.cmi,12308
2026-09-05T05:55:59Z,822b65f405d1f87e722ec0c7e5cfc5fb35d1e9a2,7090,size_in_bytes,lib/ocaml/compiler-libs/byteinstantiator.cmi,713
2026-09-05T05:55:59Z,822b65f405d1f87e722ec0c7e5cfc5fb35d1e9a2,7090,size_in_bytes,lib/ocaml/compiler-libs/topdirs.cmi,4786
2026-09-05T05:55:59Z,822b65f405d1f87e722ec0c7e5cfc5fb35d1e9a2,7090,size_in_bytes,lib/ocaml/compiler-libs/flambda2_types__Equal_types_for_debug.cmi,10933
2026-09-05T05:55:59Z,822b65f405d1f87e722ec0c7e5cfc5fb35d1e9a2,7090,size_in_bytes,lib/ocaml/compiler-libs/linker_script.cmi,1498
2026-09-05T05:55:59Z,822b65f405d1f87e722ec0c7e5cfc5fb35d1e9a2,7090,size_in_bytes,lib/ocaml/compiler-libs/flambda2_simplify__Simplify_variadic_primitive.cmi,11847
2026-09-05T05:55:59Z,822b65f405d1f87e722ec0c7e5cfc5fb35d1e9a2,7090,size_in_bytes,lib/ocaml/compiler-libs/dwarf_low__Child_determination.cmi,2159
2026-09-05T05:55:59Z,822b65f405d1f87e722ec0c7e5cfc5fb35d1e9a2,7090,size_in_bytes,lib/ocaml/compiler-libs/compile.cmi,6231
2026-09-05T05:55:59Z,822b65f405d1f87e722ec0c7e5cfc5fb35d1e9a2,7090,size_in_bytes,lib/ocaml/compiler-libs/flambda2_terms__Function_decl_inlining_decision_type.cmi,10898
2026-09-05T05:55:59Z,822b65f405d1f87e722ec0c7e5cfc5fb35d1e9a2,7090,size_in_bytes,lib/ocaml/compiler-libs/flambda2_algorithms__Patricia_tree.cmi,61162
2026-09-05T05:55:59Z,822b65f405d1f87e722ec0c7e5cfc5fb35d1e9a2,7090,size_in_bytes,lib/ocaml/compiler-libs/cfg_block_layout.cmi,10338
2026-09-05T05:55:59Z,822b65f405d1f87e722ec0c7e5cfc5fb35d1e9a2,7090,size_in_bytes,lib/ocaml/compiler-libs/slambda_fracture.cmi,2912
2026-09-05T05:55:59Z,822b65f405d1f87e722ec0c7e5cfc5fb35d1e9a2,7090,size_in_bytes,lib/ocaml/compiler-libs/diffing.cmi,9112
2026-09-05T05:55:59Z,822b65f405d1f87e722ec0c7e5cfc5fb35d1e9a2,7090,size_in_bytes,lib/ocaml/compiler-libs/flambda2_types__Typing_env.cmi,31530
2026-09-05T05:55:59Z,822b65f405d1f87e722ec0c7e5cfc5fb35d1e9a2,7090,size_in_bytes,lib/ocaml/compiler-libs/cfg_invariants.cmi,10444
2026-09-05T05:55:59Z,822b65f405d1f87e722ec0c7e5cfc5fb35d1e9a2,7090,size_in_bytes,lib/ocaml/compiler-libs/dwarf_low__Dwarf_attribute_values.cmi,18542
2026-09-05T05:55:59Z,822b65f405d1f87e722ec0c7e5cfc5fb35d1e9a2,7090,size_in_bytes,lib/ocaml/compiler-libs/binutils.cmi,2095
2026-09-05T05:55:59Z,822b65f405d1f87e722ec0c7e5cfc5fb35d1e9a2,7090,size_in_bytes,lib/ocaml/compiler-libs/flambda2_types__.cmi,3653
2026-09-05T05:55:59Z,822b65f405d1f87e722ec0c7e5cfc5fb35d1e9a2,7090,size_in_bytes,lib/ocaml/compiler-libs/oxcaml_flags.cmi,39329
2026-09-05T05:55:59Z,822b65f405d1f87e722ec0c7e5cfc5fb35d1e9a2,7090,size_in_bytes,lib/ocaml/compiler-libs/flambda2_parser__Flambda_to_fexpr_commons.cmi,78559
2026-09-05T05:55:59Z,822b65f405d1f87e722ec0c7e5cfc5fb35d1e9a2,7090,size_in_bytes,lib/ocaml/compiler-libs/partition_object_files.cmi,2590
2026-09-05T05:55:59Z,822b65f405d1f87e722ec0c7e5cfc5fb35d1e9a2,7090,size_in_bytes,lib/ocaml/compiler-libs/flambda2_reaper__Rebuild.cmi,12693
2026-09-05T05:55:59Z,822b65f405d1f87e722ec0c7e5cfc5fb35d1e9a2,7090,size_in_bytes,lib/ocaml/compiler-libs/dissector_log.cmi,927
2026-09-05T05:55:59Z,822b65f405d1f87e722ec0c7e5cfc5fb35d1e9a2,7090,size_in_bytes,lib/ocaml/compiler-libs/dwarf_low__Location_or_range_list_entry.cmi,8432
2026-09-05T05:55:59Z,822b65f405d1f87e722ec0c7e5cfc5fb35d1e9a2,7090,size_in_bytes,lib/ocaml/compiler-libs/regalloc_utils.cmi,143173
2026-09-05T05:55:59Z,822b65f405d1f87e722ec0c7e5cfc5fb35d1e9a2,7090,size_in_bytes,lib/ocaml/compiler-libs/asm_targets__Asm_directives.cmi,41667
2026-09-05T05:55:59Z,822b65f405d1f87e722ec0c7e5cfc5fb35d1e9a2,7090,size_in_bytes,lib/ocaml/compiler-libs/flambda2_parser__Fexpr_prim_descr.cmi,36470
2026-09-05T05:55:59Z,822b65f405d1f87e722ec0c7e5cfc5fb35d1e9a2,7090,size_in_bytes,lib/ocaml/compiler-libs/import_info.cmi,8691
2026-09-05T05:55:59Z,822b65f405d1f87e722ec0c7e5cfc5fb35d1e9a2,7090,size_in_bytes,lib/ocaml/compiler-libs/dwarf_variables_and_parameters.cmi,13291
2026-09-05T05:55:59Z,822b65f405d1f87e722ec0c7e5cfc5fb35d1e9a2,7090,size_in_bytes,lib/ocaml/compiler-libs/rewrite_sections.cmi,2278
2026-09-05T05:55:59Z,822b65f405d1f87e722ec0c7e5cfc5fb35d1e9a2,7090,size_in_bytes,lib/ocaml/compiler-libs/flambda2_types__Meet_env.cmi,19653
2026-09-05T05:55:59Z,822b65f405d1f87e722ec0c7e5cfc5fb35d1e9a2,7090,size_in_bytes,lib/ocaml/compiler-libs/flambda2_parser__Fexpr_prim.cmi,40738
2026-09-05T05:55:59Z,822b65f405d1f87e722ec0c7e5cfc5fb35d1e9a2,7090,size_in_bytes,lib/ocaml/compiler-libs/cmt2annot.cmi,3822
2026-09-05T05:55:59Z,822b65f405d1f87e722ec0c7e5cfc5fb35d1e9a2,7090,size_in_bytes,lib/ocaml/compiler-libs/flambda2_simplify__Rebuilt_static_const.cmi,31637
2026-09-05T05:55:59Z,822b65f405d1f87e722ec0c7e5cfc5fb35d1e9a2,7090,size_in_bytes,lib/ocaml/compiler-libs/arm64_binary_emitter__Mov_helpers.cmi,2131
2026-09-05T05:55:59Z,822b65f405d1f87e722ec0c7e5cfc5fb35d1e9a2,7090,size_in_bytes,lib/ocaml/compiler-libs/cmt_format.cmi,12337
2026-09-05T05:55:59Z,822b65f405d1f87e722ec0c7e5cfc5fb35d1e9a2,7090,size_in_bytes,lib/ocaml/compiler-libs/flambda2_classic_mode_types__Value_approximation.cmi,7990
2026-09-05T05:55:59Z,822b65f405d1f87e722ec0c7e5cfc5fb35d1e9a2,7090,size_in_bytes,lib/ocaml/compiler-libs/flambda2_to_jsir__To_jsir_primitive.cmi,9169
2026-09-05T05:55:59Z,822b65f405d1f87e722ec0c7e5cfc5fb35d1e9a2,7090,size_in_bytes,lib/ocaml/compiler-libs/path.cmi,49208
2026-09-05T05:55:59Z,822b65f405d1f87e722ec0c7e5cfc5fb35d1e9a2,7090,size_in_bytes,lib/ocaml/compiler-libs/data_types.cmi,11194
2026-09-05T05:55:59Z,822b65f405d1f87e722ec0c7e5cfc5fb35d1e9a2,7090,size_in_bytes,lib/ocaml/compiler-libs/functorizer.cmi,4547
2026-09-05T05:55:59Z,822b65f405d1f87e722ec0c7e5cfc5fb35d1e9a2,7090,size_in_bytes,lib/ocaml/compiler-libs/dwarf_low__Initial_length.cmi,2227
2026-09-05T05:55:59Z,822b65f405d1f87e722ec0c7e5cfc5fb35d1e9a2,7090,size_in_bytes,lib/ocaml/compiler-libs/arm64_ast__Logical_immediates.cmi,1341
2026-09-05T05:55:59Z,822b65f405d1f87e722ec0c7e5cfc5fb35d1e9a2,7090,size_in_bytes,lib/ocaml/compiler-libs/flambda2_identifiers.cmi,2801
2026-09-05T05:55:59Z,822b65f405d1f87e722ec0c7e5cfc5fb35d1e9a2,7090,size_in_bytes,lib/ocaml/compiler-libs/flambda2_terms__Inlined_attribute.cmi,9237
2026-09-05T05:55:59Z,822b65f405d1f87e722ec0c7e5cfc5fb35d1e9a2,7090,size_in_bytes,lib/ocaml/compiler-libs/dwarf_high__Proto_die.cmi,8426
2026-09-05T05:55:59Z,822b65f405d1f87e722ec0c7e5cfc5fb35d1e9a2,7090,size_in_bytes,lib/ocaml/compiler-libs/slambda.cmi,3448
2026-09-05T05:55:59Z,822b65f405d1f87e722ec0c7e5cfc5fb35d1e9a2,7090,size_in_bytes,lib/ocaml/compiler-libs/patterns.cmi,20191
2026-09-05T05:55:59Z,822b65f405d1f87e722ec0c7e5cfc5fb35d1e9a2,7090,size_in_bytes,lib/ocaml/compiler-libs/flambda2_simplify.cmi,12435
2026-09-05T05:55:59Z,822b65f405d1f87e722ec0c7e5cfc5fb35d1e9a2,7090,size_in_bytes,lib/ocaml/compiler-libs/toploop.cmi,23824
2026-09-05T05:55:59Z,822b65f405d1f87e722ec0c7e5cfc5fb35d1e9a2,7090,size_in_bytes,lib/ocaml/compiler-libs/flambda2_simplify__Simplify_let_expr.cmi,11732
2026-09-05T05:55:59Z,822b65f405d1f87e722ec0c7e5cfc5fb35d1e9a2,7090,size_in_bytes,lib/ocaml/compiler-libs/debug_event.cmi,9397
2026-09-05T05:55:59Z,822b65f405d1f87e722ec0c7e5cfc5fb35d1e9a2,7090,size_in_bytes,lib/ocaml/compiler-libs/flambda2_simplify__Unboxing_epa.cmi,10980
2026-09-05T05:55:59Z,822b65f405d1f87e722ec0c7e5cfc5fb35d1e9a2,7090,size_in_bytes,lib/ocaml/compiler-libs/ast_helper.cmi,138160
2026-09-05T05:55:59Z,822b65f405d1f87e722ec0c7e5cfc5fb35d1e9a2,7090,size_in_bytes,lib/ocaml/compiler-libs/dwarf_low__Composite_location_description.cmi,2420
2026-09-05T05:55:59Z,822b65f405d1f87e722ec0c7e5cfc5fb35d1e9a2,7090,size_in_bytes,lib/ocaml/compiler-libs/doubly_linked_list.cmi,22887
2026-09-05T05:55:59Z,822b65f405d1f87e722ec0c7e5cfc5fb35d1e9a2,7090,size_in_bytes,lib/ocaml/compiler-libs/flambda2_simplify__Original_handlers.cmi,12200
2026-09-05T05:55:59Z,822b65f405d1f87e722ec0c7e5cfc5fb35d1e9a2,7090,size_in_bytes,lib/ocaml/compiler-libs/tast_iterator.cmi,18485
2026-09-05T05:55:59Z,822b65f405d1f87e722ec0c7e5cfc5fb35d1e9a2,7090,size_in_bytes,lib/ocaml/compiler-libs/regalloc_substitution.cmi,12786
2026-09-05T05:55:59Z,822b65f405d1f87e722ec0c7e5cfc5fb35d1e9a2,7090,size_in_bytes,lib/ocaml/compiler-libs/flambda2_terms__Regalloc_param_attribute.cmi,7850
2026-09-05T05:55:59Z,822b65f405d1f87e722ec0c7e5cfc5fb35d1e9a2,7090,size_in_bytes,lib/ocaml/compiler-libs/flambda2_simplify__Simplify_let_cont_expr.cmi,12074
2026-09-05T05:55:59Z,822b65f405d1f87e722ec0c7e5cfc5fb35d1e9a2,7090,size_in_bytes,lib/ocaml/compiler-libs/dwarf_low__Dwarf_arch_sizes.cmi,577
2026-09-05T05:55:59Z,822b65f405d1f87e722ec0c7e5cfc5fb35d1e9a2,7090,size_in_bytes,lib/ocaml/compiler-libs/flambda2_identifiers__Continuation.cmi,72901
2026-09-05T05:55:59Z,822b65f405d1f87e722ec0c7e5cfc5fb35d1e9a2,7090,size_in_bytes,lib/ocaml/compiler-libs/flambda2_to_cmm__To_cmm_expr.cmi,9862
2026-09-05T05:55:59Z,822b65f405d1f87e722ec0c7e5cfc5fb35d1e9a2,7090,size_in_bytes,lib/ocaml/compiler-libs/load_path.cmi,7999
2026-09-05T05:55:59Z,822b65f405d1f87e722ec0c7e5cfc5fb35d1e9a2,7090,size_in_bytes,lib/ocaml/compiler-libs/flambda2_terms__Apply_cont_expr.cmi,66822
2026-09-05T05:55:59Z,822b65f405d1f87e722ec0c7e5cfc5fb35d1e9a2,7090,size_in_bytes,lib/ocaml/compiler-libs/flambda2_simplify__Upwards_acc.cmi,23336
2026-09-05T05:55:59Z,822b65f405d1f87e722ec0c7e5cfc5fb35d1e9a2,7090,size_in_bytes,lib/ocaml/compiler-libs/target_system.cmi,6888
2026-09-05T05:55:59Z,822b65f405d1f87e722ec0c7e5cfc5fb35d1e9a2,7090,size_in_bytes,lib/ocaml/compiler-libs/arm64_binary_emitter__Adr_helpers.cmi,1860
2026-09-05T05:55:59Z,822b65f405d1f87e722ec0c7e5cfc5fb35d1e9a2,7090,size_in_bytes,lib/ocaml/compiler-libs/arm64_binary_emitter__Logical_helpers.cmi,3808
2026-09-05T05:55:59Z,822b65f405d1f87e722ec0c7e5cfc5fb35d1e9a2,7090,size_in_bytes,lib/ocaml/compiler-libs/bytesections.cmi,5090
2026-09-05T05:55:59Z,822b65f405d1f87e722ec0c7e5cfc5fb35d1e9a2,7090,size_in_bytes,lib/ocaml/compiler-libs/dwarf_low__Abbreviation_code.cmi,2942
2026-09-05T05:55:59Z,822b65f405d1f87e722ec0c7e5cfc5fb35d1e9a2,7090,size_in_bytes,lib/ocaml/compiler-libs/simplify_terminator.cmi,10232
2026-09-05T05:55:59Z,822b65f405d1f87e722ec0c7e5cfc5fb35d1e9a2,7090,size_in_bytes,lib/ocaml/compiler-libs/includemod_errorprinter.cmi,3568
2026-09-05T05:55:59Z,822b65f405d1f87e722ec0c7e5cfc5fb35d1e9a2,7090,size_in_bytes,lib/ocaml/compiler-libs/predef.cmi,41133
2026-09-05T05:55:59Z,822b65f405d1f87e722ec0c7e5cfc5fb35d1e9a2,7090,size_in_bytes,lib/ocaml/compiler-libs/translquote.cmi,3367
2026-09-05T05:55:59Z,822b65f405d1f87e722ec0c7e5cfc5fb35d1e9a2,7090,size_in_bytes,lib/ocaml/compiler-libs/cfg_to_linear.cmi,10361
2026-09-05T05:55:59Z,822b65f405d1f87e722ec0c7e5cfc5fb35d1e9a2,7090,size_in_bytes,lib/ocaml/compiler-libs/branch_relaxation.cmi,10743
2026-09-05T05:55:59Z,822b65f405d1f87e722ec0c7e5cfc5fb35d1e9a2,7090,size_in_bytes,lib/ocaml/compiler-libs/flambda2_simplify__Simplify_nullary_primitive.cmi,11634
2026-09-05T05:55:59Z,822b65f405d1f87e722ec0c7e5cfc5fb35d1e9a2,7090,size_in_bytes,lib/ocaml/compiler-libs/domainstate.cmi,5794
2026-09-05T05:55:59Z,822b65f405d1f87e722ec0c7e5cfc5fb35d1e9a2,7090,size_in_bytes,lib/ocaml/compiler-libs/flambda2_to_cmm__To_cmm_shared.cmi,24966
2026-09-05T05:55:59Z,822b65f405d1f87e722ec0c7e5cfc5fb35d1e9a2,7090,size_in_bytes,lib/ocaml/compiler-libs/depend.cmi,4850
2026-09-05T05:55:59Z,822b65f405d1f87e722ec0c7e5cfc5fb35d1e9a2,7090,size_in_bytes,lib/ocaml/compiler-libs/expunge.cmi,452
2026-09-05T05:55:59Z,822b65f405d1f87e722ec0c7e5cfc5fb35d1e9a2,7090,size_in_bytes,lib/ocaml/compiler-libs/regalloc_split_state.cmi,12615
2026-09-05T05:55:59Z,822b65f405d1f87e722ec0c7e5cfc5fb35d1e9a2,7090,size_in_bytes,lib/ocaml/compiler-libs/flambda2_terms__First_complex_local_param.cmi,7279
2026-09-05T05:55:59Z,822b65f405d1f87e722ec0c7e5cfc5fb35d1e9a2,7090,size_in_bytes,lib/ocaml/compiler-libs/slambdaeval.cmi,7524
2026-09-05T05:55:59Z,822b65f405d1f87e722ec0c7e5cfc5fb35d1e9a2,7090,size_in_bytes,lib/ocaml/compiler-libs/dwarf_low__Aranges_table.cmi,2394
2026-09-05T05:55:59Z,822b65f405d1f87e722ec0c7e5cfc5fb35d1e9a2,7090,size_in_bytes,lib/ocaml/compiler-libs/flambda2_terms__Validity.cmi,7516
2026-09-05T05:55:59Z,822b65f405d1f87e722ec0c7e5cfc5fb35d1e9a2,7090,size_in_bytes,lib/ocaml/compiler-libs/translclass.cmi,4280
2026-09-05T05:55:59Z,822b65f405d1f87e722ec0c7e5cfc5fb35d1e9a2,7090,size_in_bytes,lib/ocaml/compiler-libs/translmod.cmi,8960
2026-09-05T05:55:59Z,822b65f405d1f87e722ec0c7e5cfc5fb35d1e9a2,7090,size_in_bytes,lib/ocaml/compiler-libs/flambda2_terms__Removed_operations.cmi,9848
2026-09-05T05:55:59Z,822b65f405d1f87e722ec0c7e5cfc5fb35d1e9a2,7090,size_in_bytes,lib/ocaml/compiler-libs/asmlink.cmi,12013
2026-09-05T05:55:59Z,822b65f405d1f87e722ec0c7e5cfc5fb35d1e9a2,7090,size_in_bytes,lib/ocaml/compiler-libs/bytefunctorizer.cmi,1264
2026-09-05T05:55:59Z,822b65f405d1f87e722ec0c7e5cfc5fb35d1e9a2,7090,size_in_bytes,lib/ocaml/compiler-libs/mixed_product_bytes.cmi,9423
2026-09-05T05:55:59Z,822b65f405d1f87e722ec0c7e5cfc5fb35d1e9a2,7090,size_in_bytes,lib/ocaml/compiler-libs/type_shape.cmi,9389
2026-09-05T05:55:59Z,822b65f405d1f87e722ec0c7e5cfc5fb35d1e9a2,7090,size_in_bytes,lib/ocaml/compiler-libs/flambda2_terms__Function_declarations.cmi,11090
2026-09-05T05:55:59Z,822b65f405d1f87e722ec0c7e5cfc5fb35d1e9a2,7090,size_in_bytes,lib/ocaml/compiler-libs/printlinear.cmi,12039
2026-09-05T05:55:59Z,822b65f405d1f87e722ec0c7e5cfc5fb35d1e9a2,7090,size_in_bytes,lib/ocaml/compiler-libs/regalloc_validate.cmi,12166
2026-09-05T05:55:59Z,822b65f405d1f87e722ec0c7e5cfc5fb35d1e9a2,7090,size_in_bytes,lib/ocaml/compiler-libs/regalloc_gi_utils.cmi,26668
2026-09-05T05:55:59Z,822b65f405d1f87e722ec0c7e5cfc5fb35d1e9a2,7090,size_in_bytes,lib/ocaml/compiler-libs/flambda2_nominal__Contains_names.cmi,5679
2026-09-05T05:55:59Z,822b65f405d1f87e722ec0c7e5cfc5fb35d1e9a2,7090,size_in_bytes,lib/ocaml/compiler-libs/regalloc_split_utils.cmi,14426
2026-09-05T05:55:59Z,822b65f405d1f87e722ec0c7e5cfc5fb35d1e9a2,7090,size_in_bytes,lib/ocaml/compiler-libs/linkage_name.cmi,53431
2026-09-05T05:55:59Z,822b65f405d1f87e722ec0c7e5cfc5fb35d1e9a2,7090,size_in_bytes,lib/ocaml/compiler-libs/mode_hint.cmi,17066
2026-09-05T05:55:59Z,822b65f405d1f87e722ec0c7e5cfc5fb35d1e9a2,7090,size_in_bytes,lib/ocaml/compiler-libs/flambda2_simplify__Continuation_shortcut.cmi,8410
2026-09-05T05:55:59Z,822b65f405d1f87e722ec0c7e5cfc5fb35d1e9a2,7090,size_in_bytes,lib/ocaml/compiler-libs/flambda2_terms__Result_types.cmi,9340
2026-09-05T05:55:59Z,822b65f405d1f87e722ec0c7e5cfc5fb35d1e9a2,7090,size_in_bytes,lib/ocaml/compiler-libs/misc.cmi,217528
2026-09-05T05:55:59Z,822b65f405d1f87e722ec0c7e5cfc5fb35d1e9a2,7090,size_in_bytes,lib/ocaml/compiler-libs/flambda2_bound_identifiers__Bound_continuation.cmi,7154
2026-09-05T05:55:59Z,822b65f405d1f87e722ec0c7e5cfc5fb35d1e9a2,7090,size_in_bytes,lib/ocaml/compiler-libs/typeclass.cmi,19311
2026-09-05T05:55:59Z,822b65f405d1f87e722ec0c7e5cfc5fb35d1e9a2,7090,size_in_bytes,lib/ocaml/compiler-libs/cmi_format.cmi,8866
2026-09-05T05:55:59Z,822b65f405d1f87e722ec0c7e5cfc5fb35d1e9a2,7090,size_in_bytes,lib/ocaml/compiler-libs/flambda2_terms__Zero_alloc_attribute.cmi,8289
2026-09-05T05:55:59Z,822b65f405d1f87e722ec0c7e5cfc5fb35d1e9a2,7090,size_in_bytes,lib/ocaml/compiler-libs/flambda2_cmx__Exported_code.cmi,15089
2026-09-05T05:55:59Z,822b65f405d1f87e722ec0c7e5cfc5fb35d1e9a2,7090,size_in_bytes,lib/ocaml/compiler-libs/dwarf_low__Debug_info_section.cmi,3387
2026-09-05T05:55:59Z,822b65f405d1f87e722ec0c7e5cfc5fb35d1e9a2,7090,size_in_bytes,lib/ocaml/compiler-libs/mixed_block_shape.cmi,8563
2026-09-05T05:55:59Z,822b65f405d1f87e722ec0c7e5cfc5fb35d1e9a2,7090,size_in_bytes,lib/ocaml/compiler-libs/flambda2_types__Typing_env_level.cmi,13260
2026-09-05T05:55:59Z,822b65f405d1f87e722ec0c7e5cfc5fb35d1e9a2,7090,size_in_bytes,lib/ocaml/compiler-libs/ctype.cmi,108070
2026-09-05T05:55:59Z,822b65f405d1f87e722ec0c7e5cfc5fb35d1e9a2,7090,size_in_bytes,lib/ocaml/compiler-libs/flambda2_bound_identifiers__Bound_parameters.cmi,12771
2026-09-05T05:55:59Z,822b65f405d1f87e722ec0c7e5cfc5fb35d1e9a2,7090,size_in_bytes,lib/ocaml/compiler-libs/dwarf_low__Abbreviations_table_entry.cmi,3619
2026-09-05T05:55:59Z,822b65f405d1f87e722ec0c7e5cfc5fb35d1e9a2,7090,size_in_bytes,lib/ocaml/compiler-libs/dwarf_concrete_instances.cmi,13014
2026-09-05T05:55:59Z,822b65f405d1f87e722ec0c7e5cfc5fb35d1e9a2,7090,size_in_bytes,lib/ocaml/compiler-libs/flambda2_simplify__Continuation_uses_env_intf.cmi,12220
2026-09-05T05:55:59Z,822b65f405d1f87e722ec0c7e5cfc5fb35d1e9a2,7090,size_in_bytes,lib/ocaml/compiler-libs/flambda2_simplify__Simplify_apply_cont_expr.cmi,11408
2026-09-05T05:55:59Z,822b65f405d1f87e722ec0c7e5cfc5fb35d1e9a2,7090,size_in_bytes,lib/ocaml/compiler-libs/regalloc_invariants.cmi,11018
2026-09-05T05:55:59Z,822b65f405d1f87e722ec0c7e5cfc5fb35d1e9a2,7090,size_in_bytes,lib/ocaml/compiler-libs/flambda2_datalog__Column.cmi,65714
2026-09-05T05:55:59Z,822b65f405d1f87e722ec0c7e5cfc5fb35d1e9a2,7090,size_in_bytes,lib/ocaml/compiler-libs/flambda2_datalog__Trie.cmi,12349
2026-09-05T05:55:59Z,822b65f405d1f87e722ec0c7e5cfc5fb35d1e9a2,7090,size_in_bytes,lib/ocaml/compiler-libs/flambda2_bound_identifiers.cmi,1876
2026-09-05T05:55:59Z,822b65f405d1f87e722ec0c7e5cfc5fb35d1e9a2,7090,size_in_bytes,lib/ocaml/compiler-libs/docstrings.cmi,16497
2026-09-05T05:55:59Z,822b65f405d1f87e722ec0c7e5cfc5fb35d1e9a2,7090,size_in_bytes,lib/ocaml/compiler-libs/compilation_unit.cmi,173883
2026-09-05T05:55:59Z,822b65f405d1f87e722ec0c7e5cfc5fb35d1e9a2,7090,size_in_bytes,lib/ocaml/compiler-libs/flambda2_simplify__One_continuation_use.cmi,12071
2026-09-05T05:55:59Z,822b65f405d1f87e722ec0c7e5cfc5fb35d1e9a2,7090,size_in_bytes,lib/ocaml/compiler-libs/flambda2_to_jsir__To_jsir_env.cmi,20936
2026-09-05T05:55:59Z,822b65f405d1f87e722ec0c7e5cfc5fb35d1e9a2,7090,size_in_bytes,lib/ocaml/compiler-libs/debuginfo.cmi,18809
2026-09-05T05:55:59Z,822b65f405d1f87e722ec0c7e5cfc5fb35d1e9a2,7090,size_in_bytes,lib/ocaml/compiler-libs/arm64_binary_emitter__For_jit.cmi,9499
2026-09-05T05:55:59Z,822b65f405d1f87e722ec0c7e5cfc5fb35d1e9a2,7090,size_in_bytes,lib/ocaml/compiler-libs/sub_cfg.cmi,18478
2026-09-05T05:55:59Z,822b65f405d1f87e722ec0c7e5cfc5fb35d1e9a2,7090,size_in_bytes,lib/ocaml/compiler-libs/shape.cmi,130479
2026-09-05T05:55:59Z,822b65f405d1f87e722ec0c7e5cfc5fb35d1e9a2,7090,size_in_bytes,lib/ocaml/compiler-libs/flambda2_simplify__Lifted_cont_params.cmi,10837
2026-09-05T05:55:59Z,822b65f405d1f87e722ec0c7e5cfc5fb35d1e9a2,7090,size_in_bytes,lib/ocaml/compiler-libs/cmo_io.cmi,3575
2026-09-05T05:55:59Z,822b65f405d1f87e722ec0c7e5cfc5fb35d1e9a2,7090,size_in_bytes,lib/ocaml/compiler-libs/dwarf_low__Unit_type.cmi,2020
2026-09-05T05:55:59Z,822b65f405d1f87e722ec0c7e5cfc5fb35d1e9a2,7090,size_in_bytes,lib/ocaml/compiler-libs/partition.cmi,3782
2026-09-05T05:55:59Z,822b65f405d1f87e722ec0c7e5cfc5fb35d1e9a2,7090,size_in_bytes,lib/ocaml/compiler-libs/flambda2_term_basics__Unit.cmi,60835
2026-09-05T05:55:59Z,822b65f405d1f87e722ec0c7e5cfc5fb35d1e9a2,7090,size_in_bytes,lib/ocaml/compiler-libs/asm_targets__Asm_section.cmi,14897
2026-09-05T05:55:59Z,822b65f405d1f87e722ec0c7e5cfc5fb35d1e9a2,7090,size_in_bytes,lib/ocaml/compiler-libs/flambda2_terms__Recursive.cmi,7153
2026-09-05T05:55:59Z,822b65f405d1f87e722ec0c7e5cfc5fb35d1e9a2,7090,size_in_bytes,lib/ocaml/compiler-libs/flambda2_term_basics__Value_slot_set.cmi,59325
2026-09-05T05:55:59Z,822b65f405d1f87e722ec0c7e5cfc5fb35d1e9a2,7090,size_in_bytes,lib/ocaml/compiler-libs/primitive.cmi,16972
2026-09-05T05:55:59Z,822b65f405d1f87e722ec0c7e5cfc5fb35d1e9a2,7090,size_in_bytes,lib/ocaml/compiler-libs/flambda2_simplify__Non_recursive_handler.cmi,12315
2026-09-05T05:55:59Z,822b65f405d1f87e722ec0c7e5cfc5fb35d1e9a2,7090,size_in_bytes,lib/ocaml/compiler-libs/current_unit.cmi,4214
2026-09-05T05:55:59Z,822b65f405d1f87e722ec0c7e5cfc5fb35d1e9a2,7090,size_in_bytes,lib/ocaml/compiler-libs/cfg_with_layout.cmi,20942
2026-09-05T05:55:59Z,822b65f405d1f87e722ec0c7e5cfc5fb35d1e9a2,7090,size_in_bytes,lib/ocaml/compiler-libs/cfg_colours.cmi,2646
2026-09-05T05:55:59Z,822b65f405d1f87e722ec0c7e5cfc5fb35d1e9a2,7090,size_in_bytes,lib/ocaml/compiler-libs/flambda2_terms__Inlining_history.cmi,15523
2026-09-05T05:55:59Z,822b65f405d1f87e722ec0c7e5cfc5fb35d1e9a2,7090,size_in_bytes,lib/ocaml/compiler-libs/flambda2_datalog__.cmi,1695
2026-09-05T05:55:59Z,822b65f405d1f87e722ec0c7e5cfc5fb35d1e9a2,7090,size_in_bytes,lib/ocaml/compiler-libs/printtyped.cmi,3525
2026-09-05T05:55:59Z,822b65f405d1f87e722ec0c7e5cfc5fb35d1e9a2,7090,size_in_bytes,lib/ocaml/compiler-libs/cfg.cmi,48919
2026-09-05T05:55:59Z,822b65f405d1f87e722ec0c7e5cfc5fb35d1e9a2,7090,size_in_bytes,lib/ocaml/compiler-libs/flambda2_simplify_shared.cmi,1494
2026-09-05T05:55:59Z,822b65f405d1f87e722ec0c7e5cfc5fb35d1e9a2,7090,size_in_bytes,lib/ocaml/compiler-libs/flambda2_nominal__Name_occurrences.cmi,29771
2026-09-05T05:55:59Z,822b65f405d1f87e722ec0c7e5cfc5fb35d1e9a2,7090,size_in_bytes,lib/ocaml/compiler-libs/cfg_edge.cmi,35201
2026-09-05T05:55:59Z,822b65f405d1f87e722ec0c7e5cfc5fb35d1e9a2,7090,size_in_bytes,lib/ocaml/compiler-libs/mtype.cmi,12945
2026-09-05T05:55:59Z,822b65f405d1f87e722ec0c7e5cfc5fb35d1e9a2,7090,size_in_bytes,lib/ocaml/compiler-libs/flambda2_identifiers__Slot.cmi,79230
2026-09-05T05:55:59Z,822b65f405d1f87e722ec0c7e5cfc5fb35d1e9a2,7090,size_in_bytes,lib/ocaml/compiler-libs/flambda2_types__Meet_and_join.cmi,8012
2026-09-05T05:55:59Z,822b65f405d1f87e722ec0c7e5cfc5fb35d1e9a2,7090,size_in_bytes,lib/ocaml/compiler-libs/flambda2_classic_mode_types.cmi,463
2026-09-05T05:55:59Z,822b65f405d1f87e722ec0c7e5cfc5fb35d1e9a2,7090,size_in_bytes,lib/ocaml/compiler-libs/ast_iterator.cmi,18496
2026-09-05T05:55:59Z,822b65f405d1f87e722ec0c7e5cfc5fb35d1e9a2,7090,size_in_bytes,lib/ocaml/compiler-libs/flambda2_reaper__Dot_printer.cmi,12572
2026-09-05T05:55:59Z,822b65f405d1f87e722ec0c7e5cfc5fb35d1e9a2,7090,size_in_bytes,lib/ocaml/compiler-libs/flambda2_nominal__Permutation.cmi,3544
2026-09-05T05:55:59Z,822b65f405d1f87e722ec0c7e5cfc5fb35d1e9a2,7090,size_in_bytes,lib/ocaml/compiler-libs/dwarf_low__Address_index.cmi,107657
2026-09-05T05:55:59Z,822b65f405d1f87e722ec0c7e5cfc5fb35d1e9a2,7090,size_in_bytes,lib/ocaml/compiler-libs/flambda2_reaper__Traverse_env.cmi,12557
2026-09-05T05:55:59Z,822b65f405d1f87e722ec0c7e5cfc5fb35d1e9a2,7090,size_in_bytes,lib/ocaml/compiler-libs/syntaxerr.cmi,4618
2026-09-05T05:55:59Z,822b65f405d1f87e722ec0c7e5cfc5fb35d1e9a2,7090,size_in_bytes,lib/ocaml/compiler-libs/llvm_ir.cmi,125021
2026-09-05T05:55:59Z,822b65f405d1f87e722ec0c7e5cfc5fb35d1e9a2,7090,size_in_bytes,lib/ocaml/compiler-libs/flambda2_algorithms__Or_null.cmi,3471
2026-09-05T05:55:59Z,822b65f405d1f87e722ec0c7e5cfc5fb35d1e9a2,7090,size_in_bytes,lib/ocaml/compiler-libs/flambda2_simplify__Reification.cmi,11695
2026-09-05T05:55:59Z,822b65f405d1f87e722ec0c7e5cfc5fb35d1e9a2,7090,size_in_bytes,lib/ocaml/compiler-libs/language_extension.cmi,15479
2026-09-05T05:55:59Z,822b65f405d1f87e722ec0c7e5cfc5fb35d1e9a2,7090,size_in_bytes,lib/ocaml/compiler-libs/measure_object_files.cmi,4026
2026-09-05T05:55:59Z,822b65f405d1f87e722ec0c7e5cfc5fb35d1e9a2,7090,size_in_bytes,lib/ocaml/compiler-libs/flambda2_simplify__Flow_analysis.cmi,12489
2026-09-05T05:55:59Z,822b65f405d1f87e722ec0c7e5cfc5fb35d1e9a2,7090,size_in_bytes,lib/ocaml/compiler-libs/dwarf_high__Dwarf_world.cmi,4180
2026-09-05T05:55:59Z,822b65f405d1f87e722ec0c7e5cfc5fb35d1e9a2,7090,size_in_bytes,lib/ocaml/compiler-libs/opttopdirs.cmi,4176
2026-09-05T05:55:59Z,822b65f405d1f87e722ec0c7e5cfc5fb35d1e9a2,7090,size_in_bytes,lib/ocaml/compiler-libs/flambda2_simplify__Loopify_state.cmi,7441
2026-09-05T05:55:59Z,822b65f405d1f87e722ec0c7e5cfc5fb35d1e9a2,7090,size_in_bytes,lib/ocaml/compiler-libs/flambda2_simplify__Named_rewrite.cmi,8969
2026-09-05T05:55:59Z,822b65f405d1f87e722ec0c7e5cfc5fb35d1e9a2,7090,size_in_bytes,lib/ocaml/compiler-libs/regalloc_affinity.cmi,12733
2026-09-05T05:55:59Z,822b65f405d1f87e722ec0c7e5cfc5fb35d1e9a2,7090,size_in_bytes,lib/ocaml/compiler-libs/flambda2_numbers__One_bit_fewer.cmi,24434
2026-09-05T05:55:59Z,822b65f405d1f87e722ec0c7e5cfc5fb35d1e9a2,7090,size_in_bytes,lib/ocaml/compiler-libs/stack_class.cmi,16852
2026-09-05T05:55:59Z,822b65f405d1f87e722ec0c7e5cfc5fb35d1e9a2,7090,size_in_bytes,lib/ocaml/compiler-libs/scalar.cmi,38614
2026-09-05T05:55:59Z,822b65f405d1f87e722ec0c7e5cfc5fb35d1e9a2,7090,size_in_bytes,lib/ocaml/compiler-libs/compmisc.cmi,4817
2026-09-05T05:55:59Z,822b65f405d1f87e722ec0c7e5cfc5fb35d1e9a2,7090,size_in_bytes,lib/ocaml/compiler-libs/flambda2_types.cmi,233714
2026-09-05T05:55:59Z,822b65f405d1f87e722ec0c7e5cfc5fb35d1e9a2,7090,size_in_bytes,lib/ocaml/compiler-libs/flambda2_term_basics__Tag_and_size.cmi,57127
2026-09-05T05:55:59Z,822b65f405d1f87e722ec0c7e5cfc5fb35d1e9a2,7090,size_in_bytes,lib/ocaml/compiler-libs/reg_with_debug_info.cmi,51782
2026-09-05T05:55:59Z,822b65f405d1f87e722ec0c7e5cfc5fb35d1e9a2,7090,size_in_bytes,lib/ocaml/compiler-libs/extract_relocations.cmi,4125
2026-09-05T05:55:59Z,822b65f405d1f87e722ec0c7e5cfc5fb35d1e9a2,7090,size_in_bytes,lib/ocaml/compiler-libs/linear.cmi,24236
2026-09-05T05:55:59Z,822b65f405d1f87e722ec0c7e5cfc5fb35d1e9a2,7090,size_in_bytes,lib/ocaml/compiler-libs/dwarf_low__Dwarf_4_range_list_entry.cmi,3449
2026-09-05T05:55:59Z,822b65f405d1f87e722ec0c7e5cfc5fb35d1e9a2,7090,size_in_bytes,lib/ocaml/compiler-libs/form_rewrite_plan.cmi,12660
2026-09-05T05:55:59Z,822b65f405d1f87e722ec0c7e5cfc5fb35d1e9a2,7090,size_in_bytes,lib/ocaml/compiler-libs/optmaindriver.cmi,10376
2026-09-05T05:55:59Z,822b65f405d1f87e722ec0c7e5cfc5fb35d1e9a2,7090,size_in_bytes,lib/ocaml/compiler-libs/dwarf_low__Location_list_entry.cmi,3732
2026-09-05T05:55:59Z,822b65f405d1f87e722ec0c7e5cfc5fb35d1e9a2,7090,size_in_bytes,lib/ocaml/compiler-libs/flambda2_nominal__Name_mode.cmi,116233
2026-09-05T05:55:59Z,822b65f405d1f87e722ec0c7e5cfc5fb35d1e9a2,7090,size_in_bytes,lib/ocaml/compiler-libs/profile_counters_functions.cmi,3199
2026-09-05T05:55:59Z,822b65f405d1f87e722ec0c7e5cfc5fb35d1e9a2,7090,size_in_bytes,lib/ocaml/compiler-libs/flambda2_simplify__Simplify_switch_expr.cmi,11384
2026-09-05T05:55:59Z,822b65f405d1f87e722ec0c7e5cfc5fb35d1e9a2,7090,size_in_bytes,lib/ocaml/compiler-libs/flambda2_compare__Compare.cmi,10090
2026-09-05T05:55:59Z,822b65f405d1f87e722ec0c7e5cfc5fb35d1e9a2,7090,size_in_bytes,lib/ocaml/compiler-libs/arm64_binary_emitter__Encode_directive.cmi,3696
2026-09-05T05:55:59Z,822b65f405d1f87e722ec0c7e5cfc5fb35d1e9a2,7090,size_in_bytes,lib/ocaml/compiler-libs/dwarf_low__Debug_ranges_table.cmi,3118
2026-09-05T05:55:59Z,822b65f405d1f87e722ec0c7e5cfc5fb35d1e9a2,7090,size_in_bytes,lib/ocaml/compiler-libs/flambda2_to_jsir__To_jsir_static_const.cmi,12195
2026-09-05T05:55:59Z,822b65f405d1f87e722ec0c7e5cfc5fb35d1e9a2,7090,size_in_bytes,lib/ocaml/compiler-libs/meta.cmi,4733
2026-09-05T05:55:59Z,822b65f405d1f87e722ec0c7e5cfc5fb35d1e9a2,7090,size_in_bytes,lib/ocaml/compiler-libs/symtable.cmi,116219
2026-09-05T05:55:59Z,822b65f405d1f87e722ec0c7e5cfc5fb35d1e9a2,7090,size_in_bytes,lib/ocaml/compiler-libs/arrayset.cmi,6981
2026-09-05T05:55:59Z,822b65f405d1f87e722ec0c7e5cfc5fb35d1e9a2,7090,size_in_bytes,lib/ocaml/compiler-libs/flambda2_reaper__Cofield.cmi,62047
2026-09-05T05:55:59Z,822b65f405d1f87e722ec0c7e5cfc5fb35d1e9a2,7090,size_in_bytes,lib/ocaml/compiler-libs/flambda2_simplify__Lifted_constant.cmi,20533
2026-09-05T05:55:59Z,822b65f405d1f87e722ec0c7e5cfc5fb35d1e9a2,7090,size_in_bytes,lib/ocaml/compiler-libs/flambda2_simplify__Apply_cont_rewrite.cmi,13127
2026-09-05T05:55:59Z,822b65f405d1f87e722ec0c7e5cfc5fb35d1e9a2,7090,size_in_bytes,lib/ocaml/compiler-libs/flambda2_datalog__Datalog.cmi,11703
2026-09-05T05:55:59Z,822b65f405d1f87e722ec0c7e5cfc5fb35d1e9a2,7090,size_in_bytes,lib/ocaml/compiler-libs/dwarf_low__Dwarf_attributes.cmi,143239
2026-09-05T05:55:59Z,822b65f405d1f87e722ec0c7e5cfc5fb35d1e9a2,7090,size_in_bytes,lib/ocaml/compiler-libs/oxcaml_args.cmi,224550
2026-09-05T05:55:59Z,822b65f405d1f87e722ec0c7e5cfc5fb35d1e9a2,7090,size_in_bytes,lib/ocaml/compiler-libs/x86_peephole_utils.cmi,5585
2026-09-05T05:55:59Z,822b65f405d1f87e722ec0c7e5cfc5fb35d1e9a2,7090,size_in_bytes,lib/ocaml/compiler-libs/flambda2_terms__Placement.cmi,7425
2026-09-05T05:55:59Z,822b65f405d1f87e722ec0c7e5cfc5fb35d1e9a2,7090,size_in_bytes,lib/ocaml/compiler-libs/flambda2_to_jsir__To_jsir_set_of_closures.cmi,9083
2026-09-05T05:55:59Z,822b65f405d1f87e722ec0c7e5cfc5fb35d1e9a2,7090,size_in_bytes,lib/ocaml/compiler-libs/flambda2_reaper__Types_rewriter.cmi,9887
2026-09-05T05:55:59Z,822b65f405d1f87e722ec0c7e5cfc5fb35d1e9a2,7090,size_in_bytes,lib/ocaml/compiler-libs/flambda2_nominal__Num_occurrences.cmi,1283
2026-09-05T05:55:59Z,822b65f405d1f87e722ec0c7e5cfc5fb35d1e9a2,7090,size_in_bytes,lib/ocaml/compiler-libs/flambda2_term_basics__Continuation_use_kind.cmi,1001
2026-09-05T05:55:59Z,822b65f405d1f87e722ec0c7e5cfc5fb35d1e9a2,7090,size_in_bytes,lib/ocaml/compiler-libs/flambda2_lattices__Or_unknown.cmi,67380
2026-09-05T05:55:59Z,822b65f405d1f87e722ec0c7e5cfc5fb35d1e9a2,7090,size_in_bytes,lib/ocaml/compiler-libs/flambda2_from_lambda__Lambda_to_flambda_primitives_helpers.cmi,18663
2026-09-05T05:55:59Z,822b65f405d1f87e722ec0c7e5cfc5fb35d1e9a2,7090,size_in_bytes,lib/ocaml/compiler-libs/string_table.cmi,1777
2026-09-05T05:55:59Z,822b65f405d1f87e722ec0c7e5cfc5fb35d1e9a2,7090,size_in_bytes,lib/ocaml/compiler-libs/flambda2_from_lambda__Lambda_to_flambda.cmi,10556
2026-09-05T05:55:59Z,822b65f405d1f87e722ec0c7e5cfc5fb35d1e9a2,7090,size_in_bytes,lib/ocaml/compiler-libs/oprint.cmi,4886
2026-09-05T05:55:59Z,822b65f405d1f87e722ec0c7e5cfc5fb35d1e9a2,7090,size_in_bytes,lib/ocaml/compiler-libs/flambda2_algorithms.cmi,1333
2026-09-05T05:55:59Z,822b65f405d1f87e722ec0c7e5cfc5fb35d1e9a2,7090,size_in_bytes,lib/ocaml/compiler-libs/cfg_to_linear_desc.cmi,10266
2026-09-05T05:55:59Z,822b65f405d1f87e722ec0c7e5cfc5fb35d1e9a2,7090,size_in_bytes,lib/ocaml/compiler-libs/dwarf_low__Dwarf_emittable.cmi,2892
2026-09-05T05:55:59Z,822b65f405d1f87e722ec0c7e5cfc5fb35d1e9a2,7090,size_in_bytes,lib/ocaml/compiler-libs/flambda2_term_basics__String_info.cmi,56137
2026-09-05T05:55:59Z,822b65f405d1f87e722ec0c7e5cfc5fb35d1e9a2,7090,size_in_bytes,lib/ocaml/compiler-libs/flambda2_reaper__Traverse.cmi,15488
2026-09-05T05:55:59Z,822b65f405d1f87e722ec0c7e5cfc5fb35d1e9a2,7090,size_in_bytes,lib/ocaml/compiler-libs/flambda2.cmi,13462
2026-09-05T05:55:59Z,822b65f405d1f87e722ec0c7e5cfc5fb35d1e9a2,7090,size_in_bytes,lib/ocaml/compiler-libs/flambda2_simplify__Join_points.cmi,13275
2026-09-05T05:55:59Z,822b65f405d1f87e722ec0c7e5cfc5fb35d1e9a2,7090,size_in_bytes,lib/ocaml/compiler-libs/flambda2_identifiers__Int_ids.cmi,596378
2026-09-05T05:55:59Z,822b65f405d1f87e722ec0c7e5cfc5fb35d1e9a2,7090,size_in_bytes,lib/ocaml/compiler-libs/flambda2_datalog__Schedule.cmi,4357
2026-09-05T05:55:59Z,822b65f405d1f87e722ec0c7e5cfc5fb35d1e9a2,7090,size_in_bytes,lib/ocaml/compiler-libs/dwarf_low__Single_location_description.cmi,2662
2026-09-05T05:55:59Z,822b65f405d1f87e722ec0c7e5cfc5fb35d1e9a2,7090,size_in_bytes,lib/ocaml/compiler-libs/x86_masm.cmi,1620
2026-09-05T05:55:59Z,822b65f405d1f87e722ec0c7e5cfc5fb35d1e9a2,7090,size_in_bytes,lib/ocaml/compiler-libs/flambda2_simplify__Optimistic_unboxing_decision.cmi,9542
2026-09-05T05:55:59Z,822b65f405d1f87e722ec0c7e5cfc5fb35d1e9a2,7090,size_in_bytes,lib/ocaml/compiler-libs/vectorize_specific.cmi,10460
2026-09-05T05:55:59Z,822b65f405d1f87e722ec0c7e5cfc5fb35d1e9a2,7090,size_in_bytes,lib/ocaml/compiler-libs/opcodes.cmi,19771
2026-09-05T05:55:59Z,822b65f405d1f87e722ec0c7e5cfc5fb35d1e9a2,7090,size_in_bytes,lib/ocaml/compiler-libs/strongly_connected_components.cmi,10077
2026-09-05T05:55:59Z,822b65f405d1f87e722ec0c7e5cfc5fb35d1e9a2,7090,size_in_bytes,lib/ocaml/compiler-libs/cfg_selection.cmi,23577
2026-09-05T05:55:59Z,822b65f405d1f87e722ec0c7e5cfc5fb35d1e9a2,7090,size_in_bytes,lib/ocaml/compiler-libs/flambda2_to_jsir__To_jsir_result.cmi,8487
2026-09-05T05:55:59Z,822b65f405d1f87e722ec0c7e5cfc5fb35d1e9a2,7090,size_in_bytes,lib/ocaml/compiler-libs/flambda2_simplify__Simplify_rec_info_expr.cmi,13814
2026-09-05T05:55:59Z,822b65f405d1f87e722ec0c7e5cfc5fb35d1e9a2,7090,size_in_bytes,lib/ocaml/compiler-libs/instruct.cmi,20568
2026-09-05T05:55:59Z,822b65f405d1f87e722ec0c7e5cfc5fb35d1e9a2,7090,size_in_bytes,lib/ocaml/compiler-libs/flambda2_simplify__Specialization_cost.cmi,13073
2026-09-05T05:55:59Z,822b65f405d1f87e722ec0c7e5cfc5fb35d1e9a2,7090,size_in_bytes,lib/ocaml/compiler-libs/mode_intf.cmi,550112
2026-09-05T05:55:59Z,822b65f405d1f87e722ec0c7e5cfc5fb35d1e9a2,7090,size_in_bytes,lib/ocaml/compiler-libs/arm64_binary_emitter__Binary_emitter.cmi,12557
2026-09-05T05:55:59Z,822b65f405d1f87e722ec0c7e5cfc5fb35d1e9a2,7090,size_in_bytes,lib/ocaml/compiler-libs/blambda_of_lambda.cmi,3171
2026-09-05T05:55:59Z,822b65f405d1f87e722ec0c7e5cfc5fb35d1e9a2,7090,size_in_bytes,lib/ocaml/compiler-libs/flambda2_bound_identifiers__Bound_name.cmi,7059
2026-09-05T05:55:59Z,822b65f405d1f87e722ec0c7e5cfc5fb35d1e9a2,7090,size_in_bytes,lib/ocaml/compiler-libs/format_doc.cmi,35077
2026-09-05T05:55:59Z,822b65f405d1f87e722ec0c7e5cfc5fb35d1e9a2,7090,size_in_bytes,lib/ocaml/compiler-libs/x86_section.cmi,32105
2026-09-05T05:55:59Z,822b65f405d1f87e722ec0c7e5cfc5fb35d1e9a2,7090,size_in_bytes,lib/ocaml/compiler-libs/flambda2_numbers__Numeric_types.cmi,818937
2026-09-05T05:55:59Z,822b65f405d1f87e722ec0c7e5cfc5fb35d1e9a2,7090,size_in_bytes,lib/ocaml/compiler-libs/section_table.cmi,4698
2026-09-05T05:55:59Z,822b65f405d1f87e722ec0c7e5cfc5fb35d1e9a2,7090,size_in_bytes,lib/ocaml/compiler-libs/flambda2_simplify__Unboxers.cmi,14325
2026-09-05T05:55:59Z,822b65f405d1f87e722ec0c7e5cfc5fb35d1e9a2,7090,size_in_bytes,lib/ocaml/compiler-libs/flambda2_terms__Probe.cmi,7379
2026-09-05T05:55:59Z,822b65f405d1f87e722ec0c7e5cfc5fb35d1e9a2,7090,size_in_bytes,lib/ocaml/compiler-libs/slambdaident.cmi,54532
2026-09-05T05:55:59Z,822b65f405d1f87e722ec0c7e5cfc5fb35d1e9a2,7090,size_in_bytes,lib/ocaml/compiler-libs/flambda2_numbers__Vector_types.cmi,244765
2026-09-05T05:55:59Z,822b65f405d1f87e722ec0c7e5cfc5fb35d1e9a2,7090,size_in_bytes,lib/ocaml/compiler-libs/cfg_merge_blocks.cmi,10631
2026-09-05T05:55:59Z,822b65f405d1f87e722ec0c7e5cfc5fb35d1e9a2,7090,size_in_bytes,lib/ocaml/compiler-libs/binary_emitter_intf.cmi,13872
2026-09-05T05:55:59Z,822b65f405d1f87e722ec0c7e5cfc5fb35d1e9a2,7090,size_in_bytes,lib/ocaml/compiler-libs/linear_format.cmi,13252
2026-09-05T05:55:59Z,822b65f405d1f87e722ec0c7e5cfc5fb35d1e9a2,7090,size_in_bytes,lib/ocaml/compiler-libs/eh_frame_registration.cmi,658
2026-09-05T05:55:59Z,822b65f405d1f87e722ec0c7e5cfc5fb35d1e9a2,7090,size_in_bytes,lib/ocaml/compiler-libs/asttypes.cmi,5156
2026-09-05T05:55:59Z,822b65f405d1f87e722ec0c7e5cfc5fb35d1e9a2,7090,size_in_bytes,lib/ocaml/compiler-libs/cfg_with_infos.cmi,15253
2026-09-05T05:55:59Z,822b65f405d1f87e722ec0c7e5cfc5fb35d1e9a2,7090,size_in_bytes,lib/ocaml/compiler-libs/datarepr.cmi,6392
2026-09-05T05:55:59Z,822b65f405d1f87e722ec0c7e5cfc5fb35d1e9a2,7090,size_in_bytes,lib/ocaml/compiler-libs/cm_bundle.cmi,2474
2026-09-05T05:55:59Z,822b65f405d1f87e722ec0c7e5cfc5fb35d1e9a2,7090,size_in_bytes,lib/ocaml/compiler-libs/language_extension_kernel.cmi,2446
2026-09-05T05:55:59Z,822b65f405d1f87e722ec0c7e5cfc5fb35d1e9a2,7090,size_in_bytes,lib/ocaml/compiler-libs/typedtree.cmi,159493
2026-09-05T05:55:59Z,822b65f405d1f87e722ec0c7e5cfc5fb35d1e9a2,7090,size_in_bytes,lib/ocaml/compiler-libs/cfg_dataflow.cmi,24951
2026-09-05T05:55:59Z,822b65f405d1f87e722ec0c7e5cfc5fb35d1e9a2,7090,size_in_bytes,lib/ocaml/compiler-libs/flambda2_identifiers__Name.cmi,65482
2026-09-05T05:55:59Z,822b65f405d1f87e722ec0c7e5cfc5fb35d1e9a2,7090,size_in_bytes,lib/ocaml/compiler-libs/topmain.cmi,456
2026-09-05T05:55:59Z,822b65f405d1f87e722ec0c7e5cfc5fb35d1e9a2,7090,size_in_bytes,lib/ocaml/compiler-libs/flambda2_datalog__Heterogenous_list.cmi,3543
2026-09-05T05:55:59Z,822b65f405d1f87e722ec0c7e5cfc5fb35d1e9a2,7090,size_in_bytes,lib/ocaml/compiler-libs/arm64_binary_emitter__Data_proc_helpers.cmi,4018
2026-09-05T05:55:59Z,822b65f405d1f87e722ec0c7e5cfc5fb35d1e9a2,7090,size_in_bytes,lib/ocaml/compiler-libs/flambda2_simplify_shared__Inlining_helpers.cmi,15168
2026-09-05T05:55:59Z,822b65f405d1f87e722ec0c7e5cfc5fb35d1e9a2,7090,size_in_bytes,lib/ocaml/compiler-libs/flambda2_types__Type_grammar.cmi,229539
2026-09-05T05:55:59Z,822b65f405d1f87e722ec0c7e5cfc5fb35d1e9a2,7090,size_in_bytes,lib/ocaml/compiler-libs/flambda2_cmx__Flambda_cmx_format.cmi,12116
2026-09-05T05:55:59Z,822b65f405d1f87e722ec0c7e5cfc5fb35d1e9a2,7090,size_in_bytes,lib/ocaml/compiler-libs/flambda2_reaper__Analysis.cmi,13973
2026-09-05T05:55:59Z,822b65f405d1f87e722ec0c7e5cfc5fb35d1e9a2,7090,size_in_bytes,lib/ocaml/compiler-libs/flambda2_kinds__Flambda_kind.cmi,369180
2026-09-05T05:55:59Z,822b65f405d1f87e722ec0c7e5cfc5fb35d1e9a2,7090,size_in_bytes,lib/ocaml/compiler-libs/flambda2_numbers__Targetint_32_64.cmi,124688
2026-09-05T05:55:59Z,822b65f405d1f87e722ec0c7e5cfc5fb35d1e9a2,7090,size_in_bytes,lib/ocaml/compiler-libs/cmm_builtins.cmi,11274
2026-09-05T05:55:59Z,822b65f405d1f87e722ec0c7e5cfc5fb35d1e9a2,7090,size_in_bytes,lib/ocaml/compiler-libs/optcompile.cmi,26768
2026-09-05T05:55:59Z,822b65f405d1f87e722ec0c7e5cfc5fb35d1e9a2,7090,size_in_bytes,lib/ocaml/compiler-libs/regalloc_irc_utils.cmi,17109
2026-09-05T05:55:59Z,822b65f405d1f87e722ec0c7e5cfc5fb35d1e9a2,7090,size_in_bytes,lib/ocaml/compiler-libs/flambda2_simplify__Expr_builder.cmi,24633
2026-09-05T05:55:59Z,822b65f405d1f87e722ec0c7e5cfc5fb35d1e9a2,7090,size_in_bytes,lib/ocaml/compiler-libs/label.cmi,54830
2026-09-05T05:55:59Z,822b65f405d1f87e722ec0c7e5cfc5fb35d1e9a2,7090,size_in_bytes,lib/ocaml/compiler-libs/axis_lattice.cmi,10421
2026-09-05T05:55:59Z,822b65f405d1f87e722ec0c7e5cfc5fb35d1e9a2,7090,size_in_bytes,lib/ocaml/compiler-libs/asm_targets.cmi,822
2026-09-05T05:55:59Z,822b65f405d1f87e722ec0c7e5cfc5fb35d1e9a2,7090,size_in_bytes,lib/ocaml/compiler-libs/flambda2_simplify__Closure_info.cmi,8970
2026-09-05T05:55:59Z,822b65f405d1f87e722ec0c7e5cfc5fb35d1e9a2,7090,size_in_bytes,lib/ocaml/compiler-libs/flambda2_parser__Parse_flambda.cmi,10056
2026-09-05T05:55:59Z,822b65f405d1f87e722ec0c7e5cfc5fb35d1e9a2,7090,size_in_bytes,lib/ocaml/compiler-libs/flambda2_reaper__Reaper.cmi,10029
2026-09-05T05:55:59Z,822b65f405d1f87e722ec0c7e5cfc5fb35d1e9a2,7090,size_in_bytes,lib/ocaml/compiler-libs/jkind_axis.cmi,22769
2026-09-05T05:55:59Z,822b65f405d1f87e722ec0c7e5cfc5fb35d1e9a2,7090,size_in_bytes,lib/ocaml/compiler-libs/jkind_types.cmi,34439
2026-09-05T05:55:59Z,822b65f405d1f87e722ec0c7e5cfc5fb35d1e9a2,7090,size_in_bytes,lib/ocaml/compiler-libs/flambda2_reaper__Datalog_helpers.cmi,104688
2026-09-05T05:55:59Z,822b65f405d1f87e722ec0c7e5cfc5fb35d1e9a2,7090,size_in_bytes,lib/ocaml/compiler-libs/flambda2_bound_identifiers__Bound_var.cmi,8848
2026-09-05T05:55:59Z,822b65f405d1f87e722ec0c7e5cfc5fb35d1e9a2,7090,size_in_bytes,lib/ocaml/compiler-libs/typedecl.cmi,31294
2026-09-05T05:55:59Z,822b65f405d1f87e722ec0c7e5cfc5fb35d1e9a2,7090,size_in_bytes,lib/ocaml/compiler-libs/x86_binary_emitter.cmi,36914
2026-09-05T05:55:59Z,822b65f405d1f87e722ec0c7e5cfc5fb35d1e9a2,7090,size_in_bytes,lib/ocaml/compiler-libs/stack_class_utils.cmi,22842
2026-09-05T05:55:59Z,822b65f405d1f87e722ec0c7e5cfc5fb35d1e9a2,7090,size_in_bytes,lib/ocaml/compiler-libs/switch.cmi,12759
2026-09-05T05:55:59Z,822b65f405d1f87e722ec0c7e5cfc5fb35d1e9a2,7090,size_in_bytes,lib/ocaml/compiler-libs/regalloc_split.cmi,11572
2026-09-05T05:55:59Z,822b65f405d1f87e722ec0c7e5cfc5fb35d1e9a2,7090,size_in_bytes,lib/ocaml/compiler-libs/value_rec_types.cmi,507
2026-09-05T05:55:59Z,822b65f405d1f87e722ec0c7e5cfc5fb35d1e9a2,7090,size_in_bytes,lib/ocaml/compiler-libs/jkind.cmi,120560
2026-09-05T05:55:59Z,822b65f405d1f87e722ec0c7e5cfc5fb35d1e9a2,7090,size_in_bytes,lib/ocaml/compiler-libs/flambda2_identifiers__Rec_info_expr0.cmi,12983
2026-09-05T05:55:59Z,822b65f405d1f87e722ec0c7e5cfc5fb35d1e9a2,7090,size_in_bytes,lib/ocaml/compiler-libs/flambda2_datalog__Value.cmi,2593
2026-09-05T05:55:59Z,822b65f405d1f87e722ec0c7e5cfc5fb35d1e9a2,7090,size_in_bytes,lib/ocaml/compiler-libs/printinstr.cmi,3430
2026-09-05T05:55:59Z,822b65f405d1f87e722ec0c7e5cfc5fb35d1e9a2,7090,size_in_bytes,lib/ocaml/compiler-libs/flambda2_numbers.cmi,1046
2026-09-05T05:55:59Z,822b65f405d1f87e722ec0c7e5cfc5fb35d1e9a2,7090,size_in_bytes,lib/ocaml/compiler-libs/regalloc_interf_graph.cmi,21155
2026-09-05T05:55:59Z,822b65f405d1f87e722ec0c7e5cfc5fb35d1e9a2,7090,size_in_bytes,lib/ocaml/compiler-libs/flambda2_simplify__Data_flow_graph.cmi,11907
2026-09-05T05:55:59Z,822b65f405d1f87e722ec0c7e5cfc5fb35d1e9a2,7090,size_in_bytes,lib/ocaml/compiler-libs/regalloc_ls.cmi,10789
2026-09-05T05:55:59Z,822b65f405d1f87e722ec0c7e5cfc5fb35d1e9a2,7090,size_in_bytes,lib/ocaml/compiler-libs/envaux.cmi,3986
2026-09-05T05:55:59Z,822b65f405d1f87e722ec0c7e5cfc5fb35d1e9a2,7090,size_in_bytes,lib/ocaml/compiler-libs/flambda2_types__Meet_and_n_way_join.cmi,7920
2026-09-05T05:55:59Z,822b65f405d1f87e722ec0c7e5cfc5fb35d1e9a2,7090,size_in_bytes,lib/ocaml/compiler-libs/dwarf_low__Counted_location_description.cmi,2433
2026-09-05T05:55:59Z,822b65f405d1f87e722ec0c7e5cfc5fb35d1e9a2,7090,size_in_bytes,lib/ocaml/compiler-libs/dwarf_reg_locations.cmi,10215
2026-09-05T05:55:59Z,822b65f405d1f87e722ec0c7e5cfc5fb35d1e9a2,7090,size_in_bytes,lib/ocaml/compiler-libs/lambda.cmi,154453
2026-09-05T05:55:59Z,822b65f405d1f87e722ec0c7e5cfc5fb35d1e9a2,7090,size_in_bytes,lib/ocaml/compiler-libs/cfg_comballoc.cmi,10338
2026-09-05T05:55:59Z,822b65f405d1f87e722ec0c7e5cfc5fb35d1e9a2,7090,size_in_bytes,lib/ocaml/compiler-libs/binary_emitter_verify.cmi,4776
2026-09-05T05:55:59Z,822b65f405d1f87e722ec0c7e5cfc5fb35d1e9a2,7090,size_in_bytes,lib/ocaml/compiler-libs/flambda2_cmx__Flambda_cmx.cmi,12864
2026-09-05T05:55:59Z,822b65f405d1f87e722ec0c7e5cfc5fb35d1e9a2,7090,size_in_bytes,lib/ocaml/compiler-libs/flambda2_simplify__Simplify_simple.cmi,12806
2026-09-05T05:55:59Z,822b65f405d1f87e722ec0c7e5cfc5fb35d1e9a2,7090,size_in_bytes,lib/ocaml/compiler-libs/flambda2_simplify__Simplify_quaternary_primitive.cmi,17617
2026-09-05T05:55:59Z,822b65f405d1f87e722ec0c7e5cfc5fb35d1e9a2,7090,size_in_bytes,lib/ocaml/compiler-libs/flambda2_to_jsir.cmi,1228
2026-09-05T05:55:59Z,822b65f405d1f87e722ec0c7e5cfc5fb35d1e9a2,7090,size_in_bytes,lib/ocaml/compiler-libs/regalloc_irc.cmi,10825
2026-09-05T05:55:59Z,822b65f405d1f87e722ec0c7e5cfc5fb35d1e9a2,7090,size_in_bytes,lib/ocaml/compiler-libs/cfg_prologue.cmi,10749
2026-09-05T05:55:59Z,822b65f405d1f87e722ec0c7e5cfc5fb35d1e9a2,7090,size_in_bytes,lib/ocaml/compiler-libs/flambda2_to_cmm__To_cmm_primitive.cmi,11026
2026-09-05T05:55:59Z,822b65f405d1f87e722ec0c7e5cfc5fb35d1e9a2,7090,size_in_bytes,lib/ocaml/compiler-libs/dwarf_state.cmi,20955
2026-09-05T05:55:59Z,822b65f405d1f87e722ec0c7e5cfc5fb35d1e9a2,7090,size_in_bytes,lib/ocaml/compiler-libs/flambda2_nominal__Contains_ids.cmi,4876
2026-09-05T05:55:59Z,822b65f405d1f87e722ec0c7e5cfc5fb35d1e9a2,7090,size_in_bytes,lib/ocaml/compiler-libs/cfg_quick_hash.cmi,11211
2026-09-05T05:55:59Z,822b65f405d1f87e722ec0c7e5cfc5fb35d1e9a2,7090,size_in_bytes,lib/ocaml/compiler-libs/value_rec_check.cmi,3279
2026-09-05T05:55:59Z,822b65f405d1f87e722ec0c7e5cfc5fb35d1e9a2,7090,size_in_bytes,lib/ocaml/compiler-libs/arm64_binary_emitter__All_section_states.cmi,9380
2026-09-05T05:55:59Z,822b65f405d1f87e722ec0c7e5cfc5fb35d1e9a2,7090,size_in_bytes,lib/ocaml/compiler-libs/flambda2_simplify__Dominator_graph.cmi,15435
2026-09-05T05:55:59Z,822b65f405d1f87e722ec0c7e5cfc5fb35d1e9a2,7090,size_in_bytes,lib/ocaml/compiler-libs/flambda2_simplify__Simplify_named_result.cmi,13719
2026-09-05T05:55:59Z,822b65f405d1f87e722ec0c7e5cfc5fb35d1e9a2,7090,size_in_bytes,lib/ocaml/compiler-libs/flambda2_simplify__Simplified_named.cmi,14508
2026-09-05T05:55:59Z,822b65f405d1f87e722ec0c7e5cfc5fb35d1e9a2,7090,size_in_bytes,lib/ocaml/compiler-libs/dwarf_inlined_frames.cmi,12649
2026-09-05T05:55:59Z,822b65f405d1f87e722ec0c7e5cfc5fb35d1e9a2,7090,size_in_bytes,lib/ocaml/compiler-libs/flambda2_identifiers__Code_id_or_symbol.cmi,7590
2026-09-05T05:55:59Z,822b65f405d1f87e722ec0c7e5cfc5fb35d1e9a2,7090,size_in_bytes,lib/ocaml/compiler-libs/flambda2_simplify__Lifted_constant_state.cmi,13728
2026-09-05T05:55:59Z,822b65f405d1f87e722ec0c7e5cfc5fb35d1e9a2,7090,size_in_bytes,lib/ocaml/compiler-libs/flambda2_to_cmm__To_cmm_env.cmi,36266
2026-09-05T05:55:59Z,822b65f405d1f87e722ec0c7e5cfc5fb35d1e9a2,7090,size_in_bytes,lib/ocaml/compiler-libs/relocation_entry.cmi,2973
2026-09-05T05:55:59Z,822b65f405d1f87e722ec0c7e5cfc5fb35d1e9a2,7090,size_in_bytes,lib/ocaml/compiler-libs/CSE.cmi,10593
2026-09-05T05:55:59Z,822b65f405d1f87e722ec0c7e5cfc5fb35d1e9a2,7090,size_in_bytes,lib/ocaml/compiler-libs/signature_with_global_bindings.cmi,4788
2026-09-05T05:55:59Z,822b65f405d1f87e722ec0c7e5cfc5fb35d1e9a2,7090,size_in_bytes,lib/ocaml/compiler-libs/static_label.cmi,54723
2026-09-05T05:55:59Z,822b65f405d1f87e722ec0c7e5cfc5fb35d1e9a2,7090,size_in_bytes,lib/ocaml/compiler-libs/flambda2_terms__Loopify_attribute.cmi,7802
2026-09-05T05:55:59Z,822b65f405d1f87e722ec0c7e5cfc5fb35d1e9a2,7090,size_in_bytes,lib/ocaml/compiler-libs/flambda2_bound_identifiers__Bound_static.cmi,10830
2026-09-05T05:55:59Z,822b65f405d1f87e722ec0c7e5cfc5fb35d1e9a2,7090,size_in_bytes,lib/ocaml/compiler-libs/flambda2_ui__Flambda_colours.cmi,5914
2026-09-05T05:55:59Z,822b65f405d1f87e722ec0c7e5cfc5fb35d1e9a2,7090,size_in_bytes,lib/ocaml/compiler-libs/flambda2_to_cmm__To_cmm_static.cmi,11063
2026-09-05T05:55:59Z,822b65f405d1f87e722ec0c7e5cfc5fb35d1e9a2,7090,size_in_bytes,lib/ocaml/compiler-libs/signature_group.cmi,11438
2026-09-05T05:55:59Z,822b65f405d1f87e722ec0c7e5cfc5fb35d1e9a2,7090,size_in_bytes,lib/ocaml/compiler-libs/cfg_cse_target_intf.cmi,11233
2026-09-05T05:55:59Z,822b65f405d1f87e722ec0c7e5cfc5fb35d1e9a2,7090,size_in_bytes,lib/ocaml/compiler-libs/annot.cmi,1645
2026-09-05T05:55:59Z,822b65f405d1f87e722ec0c7e5cfc5fb35d1e9a2,7090,size_in_bytes,lib/ocaml/compiler-libs/flambda2_term_basics__Scope.cmi,58446
2026-09-05T05:55:59Z,822b65f405d1f87e722ec0c7e5cfc5fb35d1e9a2,7090,size_in_bytes,lib/ocaml/compiler-libs/flambda2_parser__Flambda_lex.cmi,8341
2026-09-05T05:55:59Z,822b65f405d1f87e722ec0c7e5cfc5fb35d1e9a2,7090,size_in_bytes,lib/ocaml/compiler-libs/solver_intf.cmi,94295
2026-09-05T05:55:59Z,822b65f405d1f87e722ec0c7e5cfc5fb35d1e9a2,7090,size_in_bytes,lib/ocaml/compiler-libs/flambda2_parser__Fexpr.cmi,47921
2026-09-05T05:55:59Z,822b65f405d1f87e722ec0c7e5cfc5fb35d1e9a2,7090,size_in_bytes,lib/ocaml/compiler-libs/flambda2_simplify__Flow_acc.cmi,22187
2026-09-05T05:55:59Z,822b65f405d1f87e722ec0c7e5cfc5fb35d1e9a2,7090,size_in_bytes,lib/ocaml/compiler-libs/flambda2_simplify_shared__Call_site_inlining_decision_type.cmi,11110
2026-09-05T05:55:59Z,822b65f405d1f87e722ec0c7e5cfc5fb35d1e9a2,7090,size_in_bytes,lib/ocaml/compiler-libs/flambda2_kinds__Tag.cmi,177671
2026-09-05T05:55:59Z,822b65f405d1f87e722ec0c7e5cfc5fb35d1e9a2,7090,size_in_bytes,lib/ocaml/compiler-libs/dwarf_high__Dwarf_attribute_helpers.cmi,23443
2026-09-05T05:55:59Z,822b65f405d1f87e722ec0c7e5cfc5fb35d1e9a2,7090,size_in_bytes,lib/ocaml/compiler-libs/flambda2_simplify__Control_flow_graph.cmi,15332
2026-09-05T05:55:59Z,822b65f405d1f87e722ec0c7e5cfc5fb35d1e9a2,7090,size_in_bytes,lib/ocaml/compiler-libs/flambda2_bound_identifiers__Bound_for_function.cmi,10513
2026-09-05T05:55:59Z,822b65f405d1f87e722ec0c7e5cfc5fb35d1e9a2,7090,size_in_bytes,lib/ocaml/compiler-libs/compute_ranges_intf.cmi,62931
2026-09-05T05:55:59Z,822b65f405d1f87e722ec0c7e5cfc5fb35d1e9a2,7090,size_in_bytes,lib/ocaml/compiler-libs/is_parameter.cmi,53311
2026-09-05T05:55:59Z,822b65f405d1f87e722ec0c7e5cfc5fb35d1e9a2,7090,size_in_bytes,lib/ocaml/compiler-libs/runtimedef.cmi,556
2026-09-05T05:55:59Z,822b65f405d1f87e722ec0c7e5cfc5fb35d1e9a2,7090,size_in_bytes,lib/ocaml/compiler-libs/flambda2_datalog__Cursor.cmi,18228
2026-09-05T05:55:59Z,822b65f405d1f87e722ec0c7e5cfc5fb35d1e9a2,7090,size_in_bytes,lib/ocaml/compiler-libs/flambda2_types__Provers.cmi,42039
2026-09-05T05:55:59Z,822b65f405d1f87e722ec0c7e5cfc5fb35d1e9a2,7090,size_in_bytes,lib/ocaml/compiler-libs/arm64_binary_emitter__Shift_immh_immb_helpers.cmi,2279
2026-09-05T05:55:59Z,822b65f405d1f87e722ec0c7e5cfc5fb35d1e9a2,7090,size_in_bytes,lib/ocaml/compiler-libs/flambda2_simplify__Simplify_coercion.cmi,11134
2026-09-05T05:55:59Z,822b65f405d1f87e722ec0c7e5cfc5fb35d1e9a2,7090,size_in_bytes,lib/ocaml/compiler-libs/consistbl.cmi,49701
2026-09-05T05:55:59Z,822b65f405d1f87e722ec0c7e5cfc5fb35d1e9a2,7090,size_in_bytes,lib/ocaml/compiler-libs/llvmize.cmi,12188
2026-09-05T05:55:59Z,822b65f405d1f87e722ec0c7e5cfc5fb35d1e9a2,7090,size_in_bytes,lib/ocaml/compiler-libs/flambda2_simplify__Simplify_binary_primitive.cmi,12089
2026-09-05T05:55:59Z,822b65f405d1f87e722ec0c7e5cfc5fb35d1e9a2,7090,size_in_bytes,lib/ocaml/compiler-libs/shape_reduce.cmi,10005
2026-09-05T05:55:59Z,822b65f405d1f87e722ec0c7e5cfc5fb35d1e9a2,7090,size_in_bytes,lib/ocaml/compiler-libs/cfg_format.cmi,12215
2026-09-05T05:55:59Z,822b65f405d1f87e722ec0c7e5cfc5fb35d1e9a2,7090,size_in_bytes,lib/ocaml/compiler-libs/flambda2_reaper__Field.cmi,67785
2026-09-05T05:55:59Z,822b65f405d1f87e722ec0c7e5cfc5fb35d1e9a2,7090,size_in_bytes,lib/ocaml/compiler-libs/peephole_optimize.cmi,10375
2026-09-05T05:55:59Z,822b65f405d1f87e722ec0c7e5cfc5fb35d1e9a2,7090,size_in_bytes,lib/ocaml/compiler-libs/flambda2_algorithms__Container_types.cmi,138775
2026-09-05T05:55:59Z,822b65f405d1f87e722ec0c7e5cfc5fb35d1e9a2,7090,size_in_bytes,lib/ocaml/compiler-libs/regalloc_gi.cmi,10789
2026-09-05T05:55:59Z,822b65f405d1f87e722ec0c7e5cfc5fb35d1e9a2,7090,size_in_bytes,lib/ocaml/compiler-libs/flambda2_ui__Flambda_features.cmi,20765
2026-09-05T05:55:59Z,822b65f405d1f87e722ec0c7e5cfc5fb35d1e9a2,7090,size_in_bytes,lib/ocaml/compiler-libs/lru.cmi,4436
2026-09-05T05:55:59Z,822b65f405d1f87e722ec0c7e5cfc5fb35d1e9a2,7090,size_in_bytes,lib/ocaml/compiler-libs/flambda2_terms__Code.cmi,19837
2026-09-05T05:55:59Z,822b65f405d1f87e722ec0c7e5cfc5fb35d1e9a2,7090,size_in_bytes,lib/ocaml/compiler-libs/flambda2_types__Reify.cmi,13296
2026-09-05T05:55:59Z,822b65f405d1f87e722ec0c7e5cfc5fb35d1e9a2,7090,size_in_bytes,lib/ocaml/compiler-libs/flambda2_simplify_shared__Function_decl_inlining_decision.cmi,8766
2026-09-05T05:55:59Z,822b65f405d1f87e722ec0c7e5cfc5fb35d1e9a2,7090,size_in_bytes,lib/ocaml/compiler-libs/flambda2_terms__Call_kind.cmi,18548
2026-09-05T05:55:59Z,822b65f405d1f87e722ec0c7e5cfc5fb35d1e9a2,7090,size_in_bytes,lib/ocaml/compiler-libs/flambda2_nominal__Bindable.cmi,7138
2026-09-05T05:55:59Z,822b65f405d1f87e722ec0c7e5cfc5fb35d1e9a2,7090,size_in_bytes,lib/ocaml/compiler-libs/optlibrarian.cmi,17524
2026-09-05T05:55:59Z,822b65f405d1f87e722ec0c7e5cfc5fb35d1e9a2,7090,size_in_bytes,lib/ocaml/compiler-libs/flambda2_identifiers__Reg_width_const.cmi,17922
2026-09-05T05:55:59Z,822b65f405d1f87e722ec0c7e5cfc5fb35d1e9a2,7090,size_in_bytes,lib/ocaml/compiler-libs/parmatch.cmi,12081
2026-09-05T05:55:59Z,822b65f405d1f87e722ec0c7e5cfc5fb35d1e9a2,7090,size_in_bytes,lib/ocaml/compiler-libs/flambda2_to_cmm.cmi,1425
2026-09-05T05:55:59Z,822b65f405d1f87e722ec0c7e5cfc5fb35d1e9a2,7090,size_in_bytes,lib/ocaml/compiler-libs/zero_alloc_utils.cmi,24481
2026-09-05T05:55:59Z,822b65f405d1f87e722ec0c7e5cfc5fb35d1e9a2,7090,size_in_bytes,lib/ocaml/compiler-libs/compile_common.cmi,10122
2026-09-05T05:55:59Z,822b65f405d1f87e722ec0c7e5cfc5fb35d1e9a2,7090,size_in_bytes,lib/ocaml/compiler-libs/longident.cmi,2981
2026-09-05T05:55:59Z,822b65f405d1f87e722ec0c7e5cfc5fb35d1e9a2,7090,size_in_bytes,lib/ocaml/compiler-libs/flambda2_term_basics.cmi,2212
2026-09-05T05:55:59Z,822b65f405d1f87e722ec0c7e5cfc5fb35d1e9a2,7090,size_in_bytes,lib/ocaml/compiler-libs/includeclass.cmi,4681
2026-09-05T05:55:59Z,822b65f405d1f87e722ec0c7e5cfc5fb35d1e9a2,7090,size_in_bytes,lib/ocaml/compiler-libs/arm64_binary_emitter__Section_state.cmi,9219
2026-09-05T05:55:59Z,822b65f405d1f87e722ec0c7e5cfc5fb35d1e9a2,7090,size_in_bytes,lib/ocaml/compiler-libs/reg.cmi,113061
2026-09-05T05:55:59Z,822b65f405d1f87e722ec0c7e5cfc5fb35d1e9a2,7090,size_in_bytes,lib/ocaml/compiler-libs/emitcode.cmi,5509
2026-09-05T05:55:59Z,822b65f405d1f87e722ec0c7e5cfc5fb35d1e9a2,7090,size_in_bytes,lib/ocaml/compiler-libs/flambda2_types__Typing_env_extension.cmi,20245
2026-09-05T05:55:59Z,822b65f405d1f87e722ec0c7e5cfc5fb35d1e9a2,7090,size_in_bytes,lib/ocaml/compiler-libs/arch.cmi,25260
2026-09-05T05:55:59Z,822b65f405d1f87e722ec0c7e5cfc5fb35d1e9a2,7090,size_in_bytes,lib/ocaml/compiler-libs/flambda2_nominal__Ids_for_export.cmi,10988
2026-09-05T05:55:59Z,822b65f405d1f87e722ec0c7e5cfc5fb35d1e9a2,7090,size_in_bytes,lib/ocaml/compiler-libs/flambda2_term_basics__Or_invalid.cmi,2237
2026-09-05T05:55:59Z,822b65f405d1f87e722ec0c7e5cfc5fb35d1e9a2,7090,size_in_bytes,lib/ocaml/compiler-libs/flambda2_simplify__One_recursive_handler.cmi,10535
2026-09-05T05:55:59Z,822b65f405d1f87e722ec0c7e5cfc5fb35d1e9a2,7090,size_in_bytes,lib/ocaml/compiler-libs/flambda2_terms__Flambda.cmi,123330
2026-09-05T05:55:59Z,822b65f405d1f87e722ec0c7e5cfc5fb35d1e9a2,7090,size_in_bytes,lib/ocaml/compiler-libs/gprinttyp.cmi,14640
2026-09-05T05:55:59Z,822b65f405d1f87e722ec0c7e5cfc5fb35d1e9a2,7090,size_in_bytes,lib/ocaml/compiler-libs/cfg_selectgen_target_intf.cmi,20295
2026-09-05T05:55:59Z,822b65f405d1f87e722ec0c7e5cfc5fb35d1e9a2,7090,size_in_bytes,lib/ocaml/compiler-libs/typecore.cmi,52245
2026-09-05T05:55:59Z,822b65f405d1f87e722ec0c7e5cfc5fb35d1e9a2,7090,size_in_bytes,lib/ocaml/compiler-libs/flambda2_reaper__Global_flow_graph.cmi,23153
2026-09-05T05:55:59Z,822b65f405d1f87e722ec0c7e5cfc5fb35d1e9a2,7090,size_in_bytes,lib/ocaml/compiler-libs/flambda2_types__Code_age_relation.cmi,9165
2026-09-05T05:55:59Z,822b65f405d1f87e722ec0c7e5cfc5fb35d1e9a2,7090,size_in_bytes,lib/ocaml/compiler-libs/dwarf_low__Dwarf_format.cmi,1039
2026-09-05T05:55:59Z,822b65f405d1f87e722ec0c7e5cfc5fb35d1e9a2,7090,size_in_bytes,lib/ocaml/compiler-libs/flambda2_simplify__Flow.cmi,21153
2026-09-05T05:55:59Z,822b65f405d1f87e722ec0c7e5cfc5fb35d1e9a2,7090,size_in_bytes,lib/ocaml/compiler-libs/flambda2_kinds__Flambda_arity.cmi,11339
2026-09-05T05:55:59Z,822b65f405d1f87e722ec0c7e5cfc5fb35d1e9a2,7090,size_in_bytes,lib/ocaml/compiler-libs/cfg_available_regs.cmi,10355
2026-09-05T05:55:59Z,822b65f405d1f87e722ec0c7e5cfc5fb35d1e9a2,7090,size_in_bytes,lib/ocaml/compiler-libs/warnings.cmi,21464
2026-09-05T05:55:59Z,822b65f405d1f87e722ec0c7e5cfc5fb35d1e9a2,7090,size_in_bytes,lib/ocaml/compiler-libs/ccomp.cmi,3279
2026-09-05T05:55:59Z,822b65f405d1f87e722ec0c7e5cfc5fb35d1e9a2,7090,size_in_bytes,lib/ocaml/compiler-libs/flambda2_reaper.cmi,2260
2026-09-05T05:55:59Z,822b65f405d1f87e722ec0c7e5cfc5fb35d1e9a2,7090,size_in_bytes,lib/ocaml/compiler-libs/flambda2_algorithms__Leapfrog.cmi,9923
2026-09-05T05:55:59Z,822b65f405d1f87e722ec0c7e5cfc5fb35d1e9a2,7090,size_in_bytes,lib/ocaml/compiler-libs/flambda2_term_basics__Inlined_debuginfo.cmi,6190
2026-09-05T05:55:59Z,822b65f405d1f87e722ec0c7e5cfc5fb35d1e9a2,7090,size_in_bytes,lib/ocaml/compiler-libs/typedecl_separability.cmi,4228
2026-09-05T05:55:59Z,822b65f405d1f87e722ec0c7e5cfc5fb35d1e9a2,7090,size_in_bytes,lib/ocaml/compiler-libs/flambda2_identifiers__Code_id.cmi,8710
2026-09-05T05:55:59Z,822b65f405d1f87e722ec0c7e5cfc5fb35d1e9a2,7090,size_in_bytes,lib/ocaml/compiler-libs/dissector.cmi,4357
2026-09-05T05:55:59Z,822b65f405d1f87e722ec0c7e5cfc5fb35d1e9a2,7090,size_in_bytes,lib/ocaml/compiler-libs/bytegen.cmi,3775
2026-09-05T05:55:59Z,822b65f405d1f87e722ec0c7e5cfc5fb35d1e9a2,7090,size_in_bytes,lib/ocaml/compiler-libs/flambda2_algorithms__Lmap.cmi,27974
2026-09-05T05:55:59Z,822b65f405d1f87e722ec0c7e5cfc5fb35d1e9a2,7090,size_in_bytes,lib/ocaml/compiler-libs/regalloc_stack_operands.cmi,11303
2026-09-05T05:55:59Z,822b65f405d1f87e722ec0c7e5cfc5fb35d1e9a2,7090,size_in_bytes,lib/ocaml/compiler-libs/arm64_ast.cmi,415
2026-09-05T05:55:59Z,822b65f405d1f87e722ec0c7e5cfc5fb35d1e9a2,7090,size_in_bytes,lib/ocaml/compiler-libs/file_sections.cmi,3563
2026-09-05T05:55:59Z,822b65f405d1f87e722ec0c7e5cfc5fb35d1e9a2,7090,size_in_bytes,lib/ocaml/compiler-libs/flambda2_nominal__Renaming.cmi,12113
2026-09-05T05:55:59Z,822b65f405d1f87e722ec0c7e5cfc5fb35d1e9a2,7090,size_in_bytes,lib/ocaml/compiler-libs/dwarf_low__Dwarf_4_location_list.cmi,3041
2026-09-05T05:55:59Z,822b65f405d1f87e722ec0c7e5cfc5fb35d1e9a2,7090,size_in_bytes,lib/ocaml/compiler-libs/flambda2_simplify__Simplify_import.cmi,12773
2026-09-05T05:55:59Z,822b65f405d1f87e722ec0c7e5cfc5fb35d1e9a2,7090,size_in_bytes,lib/ocaml/compiler-libs/transl_array_comprehension.cmi,3747
2026-09-05T05:55:59Z,822b65f405d1f87e722ec0c7e5cfc5fb35d1e9a2,7090,size_in_bytes,lib/ocaml/compiler-libs/flambda2_terms__Code_metadata.cmi,43495
2026-09-05T05:55:59Z,822b65f405d1f87e722ec0c7e5cfc5fb35d1e9a2,7090,size_in_bytes,lib/ocaml/compiler-libs/dwarf_low__Dwarf_4_location_list_entry.cmi,3991
2026-09-05T05:55:59Z,822b65f405d1f87e722ec0c7e5cfc5fb35d1e9a2,7090,size_in_bytes,lib/ocaml/compiler-libs/flambda2_simplify__Continuation_uses_env.cmi,15026
2026-09-05T05:55:59Z,822b65f405d1f87e722ec0c7e5cfc5fb35d1e9a2,7090,size_in_bytes,lib/ocaml/compiler-libs/cfg_dominators.cmi,12842
2026-09-05T05:55:59Z,822b65f405d1f87e722ec0c7e5cfc5fb35d1e9a2,7090,size_in_bytes,lib/ocaml/compiler-libs/blambda.cmi,16926
2026-09-05T05:55:59Z,822b65f405d1f87e722ec0c7e5cfc5fb35d1e9a2,7090,size_in_bytes,lib/ocaml/compiler-libs/dwarf_name_laundry.cmi,4101
2026-09-05T05:55:59Z,822b65f405d1f87e722ec0c7e5cfc5fb35d1e9a2,7090,size_in_bytes,lib/ocaml/compiler-libs/arm64_binary_emitter__Add_sub_helpers.cmi,6664
2026-09-05T05:55:59Z,822b65f405d1f87e722ec0c7e5cfc5fb35d1e9a2,7090,size_in_bytes,lib/ocaml/compiler-libs/flambda2_datalog__Virtual_machine.cmi,10641
2026-09-05T05:55:59Z,822b65f405d1f87e722ec0c7e5cfc5fb35d1e9a2,7090,size_in_bytes,lib/ocaml/compiler-libs/typedecl_variance.cmi,10196
2026-09-05T05:55:59Z,822b65f405d1f87e722ec0c7e5cfc5fb35d1e9a2,7090,size_in_bytes,lib/ocaml/compiler-libs/amd64_simd_instrs.cmi,1399676
2026-09-05T05:55:59Z,822b65f405d1f87e722ec0c7e5cfc5fb35d1e9a2,7090,size_in_bytes,lib/ocaml/compiler-libs/linear_utils.cmi,11697
2026-09-05T05:55:59Z,822b65f405d1f87e722ec0c7e5cfc5fb35d1e9a2,7090,size_in_bytes,lib/ocaml/compiler-libs/lazy_backtrack.cmi,3534
2026-09-05T05:55:59Z,822b65f405d1f87e722ec0c7e5cfc5fb35d1e9a2,7090,size_in_bytes,lib/ocaml/compiler-libs/flambda2_simplify__Simplify_ternary_primitive.cmi,12316
2026-09-05T05:55:59Z,822b65f405d1f87e722ec0c7e5cfc5fb35d1e9a2,7090,size_in_bytes,lib/ocaml/compiler-libs/arm64_binary_emitter__Yield_helpers.cmi,620
2026-09-05T05:55:59Z,822b65f405d1f87e722ec0c7e5cfc5fb35d1e9a2,7090,size_in_bytes,lib/ocaml/compiler-libs/flambda2_nominal__Name_abstraction.cmi,14008
2026-09-05T05:55:59Z,822b65f405d1f87e722ec0c7e5cfc5fb35d1e9a2,7090,size_in_bytes,lib/ocaml/compiler-libs/bytelibrarian.cmi,2374
2026-09-05T05:55:59Z,822b65f405d1f87e722ec0c7e5cfc5fb35d1e9a2,7090,size_in_bytes,lib/ocaml/compiler-libs/dwarf_low__Location_or_range_list_table.cmi,4784
2026-09-05T05:55:59Z,822b65f405d1f87e722ec0c7e5cfc5fb35d1e9a2,7090,size_in_bytes,lib/ocaml/compiler-libs/vectorize_utils.cmi,17213
2026-09-05T05:55:59Z,822b65f405d1f87e722ec0c7e5cfc5fb35d1e9a2,7090,size_in_bytes,lib/ocaml/compiler-libs/pparse.cmi,7485
2026-09-05T05:55:59Z,822b65f405d1f87e722ec0c7e5cfc5fb35d1e9a2,7090,size_in_bytes,lib/ocaml/compiler-libs/relocatable_symbol_name.cmi,875
2026-09-05T05:55:59Z,822b65f405d1f87e722ec0c7e5cfc5fb35d1e9a2,7090,size_in_bytes,lib/ocaml/compiler-libs/build_linker_args.cmi,2268
2026-09-05T05:55:59Z,822b65f405d1f87e722ec0c7e5cfc5fb35d1e9a2,7090,size_in_bytes,lib/ocaml/compiler-libs/simd.cmi,1443318
2026-09-05T05:55:59Z,822b65f405d1f87e722ec0c7e5cfc5fb35d1e9a2,7090,size_in_bytes,lib/ocaml/compiler-libs/flambda2_reaper__Unboxing_analysis.cmi,16323
2026-09-05T05:55:59Z,822b65f405d1f87e722ec0c7e5cfc5fb35d1e9a2,7090,size_in_bytes,lib/ocaml/compiler-libs/flambda2_from_lambda__Lambda_to_flambda_env.cmi,20662
2026-09-05T05:55:59Z,822b65f405d1f87e722ec0c7e5cfc5fb35d1e9a2,7090,size_in_bytes,lib/ocaml/compiler-libs/dwarf_low__Dwarf_version.cmi,2346
2026-09-05T05:55:59Z,822b65f405d1f87e722ec0c7e5cfc5fb35d1e9a2,7090,size_in_bytes,lib/ocaml/compiler-libs/flambda2_simplify__Comparison_result.cmi,8216
2026-09-05T05:55:59Z,822b65f405d1f87e722ec0c7e5cfc5fb35d1e9a2,7090,size_in_bytes,lib/ocaml/compiler-libs/location_tracker_formatter.cmi,5554
2026-09-05T05:55:59Z,822b65f405d1f87e722ec0c7e5cfc5fb35d1e9a2,7090,size_in_bytes,lib/ocaml/compiler-libs/dwarf_low__Location_list_table.cmi,4443
2026-09-05T05:55:59Z,822b65f405d1f87e722ec0c7e5cfc5fb35d1e9a2,7090,size_in_bytes,lib/ocaml/compiler-libs/flambda2_identifiers__Coercion0.cmi,7516
2026-09-05T05:55:59Z,822b65f405d1f87e722ec0c7e5cfc5fb35d1e9a2,7090,size_in_bytes,lib/ocaml/compiler-libs/opttoploop.cmi,24015
2026-09-05T05:55:59Z,822b65f405d1f87e722ec0c7e5cfc5fb35d1e9a2,7090,size_in_bytes,lib/ocaml/compiler-libs/translmode.cmi,5120
2026-09-05T05:55:59Z,822b65f405d1f87e722ec0c7e5cfc5fb35d1e9a2,7090,size_in_bytes,lib/ocaml/compiler-libs/stack_reg_offset.cmi,1161
2026-09-05T05:55:59Z,822b65f405d1f87e722ec0c7e5cfc5fb35d1e9a2,7090,size_in_bytes,lib/ocaml/compiler-libs/structured_mangling.cmi,4011
2026-09-05T05:55:59Z,822b65f405d1f87e722ec0c7e5cfc5fb35d1e9a2,7090,size_in_bytes,lib/ocaml/compiler-libs/regalloc_stack_slots.cmi,13478
2026-09-05T05:55:59Z,822b65f405d1f87e722ec0c7e5cfc5fb35d1e9a2,7090,size_in_bytes,lib/ocaml/compiler-libs/flambda2_reaper__Rev_expr.cmi,24509
2026-09-05T05:55:59Z,822b65f405d1f87e722ec0c7e5cfc5fb35d1e9a2,7090,size_in_bytes,lib/ocaml/compiler-libs/regalloc_gi_state.cmi,14541
2026-09-05T05:55:59Z,822b65f405d1f87e722ec0c7e5cfc5fb35d1e9a2,7090,size_in_bytes,lib/ocaml/compiler-libs/flambda2_parser__Flambda_parser.cmi,27417
2026-09-05T05:55:59Z,822b65f405d1f87e722ec0c7e5cfc5fb35d1e9a2,7090,size_in_bytes,lib/ocaml/compiler-libs/dwarf_high__Operator_builder.cmi,6757
2026-09-05T05:55:59Z,822b65f405d1f87e722ec0c7e5cfc5fb35d1e9a2,7090,size_in_bytes,lib/ocaml/compiler-libs/opt_fuel.cmi,898
2026-09-05T05:55:59Z,822b65f405d1f87e722ec0c7e5cfc5fb35d1e9a2,7090,size_in_bytes,lib/ocaml/compiler-libs/dwarf_low__Dwarf_operator.cmi,18659
2026-09-05T05:55:59Z,822b65f405d1f87e722ec0c7e5cfc5fb35d1e9a2,7090,size_in_bytes,lib/ocaml/compiler-libs/printpat.cmi,4371
2026-09-05T05:55:59Z,822b65f405d1f87e722ec0c7e5cfc5fb35d1e9a2,7090,size_in_bytes,lib/ocaml/compiler-libs/generic_fns.cmi,27612
2026-09-05T05:55:59Z,822b65f405d1f87e722ec0c7e5cfc5fb35d1e9a2,7090,size_in_bytes,lib/ocaml/compiler-libs/transl_comprehension_utils.cmi,20607
2026-09-05T05:55:59Z,822b65f405d1f87e722ec0c7e5cfc5fb35d1e9a2,7090,size_in_bytes,lib/ocaml/compiler-libs/uniqueness_analysis.cmi,10008
2026-09-05T05:55:59Z,822b65f405d1f87e722ec0c7e5cfc5fb35d1e9a2,7090,size_in_bytes,lib/ocaml/compiler-libs/flambda2_parser__Fexpr_to_flambda.cmi,9995
2026-09-05T05:55:59Z,822b65f405d1f87e722ec0c7e5cfc5fb35d1e9a2,7090,size_in_bytes,lib/ocaml/compiler-libs/iplt.cmi,4933
2026-09-05T05:55:59Z,822b65f405d1f87e722ec0c7e5cfc5fb35d1e9a2,7090,size_in_bytes,lib/ocaml/compiler-libs/flambda2_to_cmm__To_cmm_set_of_closures.cmi,13517
2026-09-05T05:55:59Z,822b65f405d1f87e722ec0c7e5cfc5fb35d1e9a2,7090,size_in_bytes,lib/ocaml/compiler-libs/flambda2_simplify__Simplify_set_of_closures_context.cmi,15881
2026-09-05T05:55:59Z,822b65f405d1f87e722ec0c7e5cfc5fb35d1e9a2,7090,size_in_bytes,lib/ocaml/compiler-libs/x86_proc.cmi,12973
2026-09-05T05:55:59Z,822b65f405d1f87e722ec0c7e5cfc5fb35d1e9a2,7090,size_in_bytes,lib/ocaml/compiler-libs/bytepackager.cmi,4152
2026-09-05T05:55:59Z,822b65f405d1f87e722ec0c7e5cfc5fb35d1e9a2,7090,size_in_bytes,lib/ocaml/compiler-libs/flambda2_types__Join_levels_old.cmi,7743
2026-09-05T05:55:59Z,822b65f405d1f87e722ec0c7e5cfc5fb35d1e9a2,7090,size_in_bytes,lib/ocaml/compiler-libs/flambda2_terms__Flambda_unit.cmi,11943
2026-09-05T05:55:59Z,822b65f405d1f87e722ec0c7e5cfc5fb35d1e9a2,7090,size_in_bytes,lib/ocaml/compiler-libs/probe_emission.cmi,14391
2026-09-05T05:55:59Z,822b65f405d1f87e722ec0c7e5cfc5fb35d1e9a2,7090,size_in_bytes,lib/ocaml/compiler-libs/emit.cmi,11419
2026-09-05T05:55:59Z,822b65f405d1f87e722ec0c7e5cfc5fb35d1e9a2,7090,size_in_bytes,lib/ocaml/compiler-libs/flambda2_terms__Flambda_primitive.cmi,184624
2026-09-05T05:55:59Z,822b65f405d1f87e722ec0c7e5cfc5fb35d1e9a2,7090,size_in_bytes,lib/ocaml/compiler-libs/vectorize.cmi,10437
2026-09-05T05:55:59Z,822b65f405d1f87e722ec0c7e5cfc5fb35d1e9a2,7090,size_in_bytes,lib/ocaml/compiler-libs/flambda2_from_lambda__Lambda_to_lambda_transforms.cmi,8400
2026-09-05T05:55:59Z,822b65f405d1f87e722ec0c7e5cfc5fb35d1e9a2,7090,size_in_bytes,lib/ocaml/compiler-libs/instantiator.cmi,7811
2026-09-05T05:55:59Z,822b65f405d1f87e722ec0c7e5cfc5fb35d1e9a2,7090,size_in_bytes,lib/ocaml/compiler-libs/printblambda.cmi,5346
2026-09-05T05:55:59Z,822b65f405d1f87e722ec0c7e5cfc5fb35d1e9a2,7090,size_in_bytes,lib/ocaml/compiler-libs/regs_utils.cmi,69341
2026-09-05T05:55:59Z,822b65f405d1f87e722ec0c7e5cfc5fb35d1e9a2,7090,size_in_bytes,lib/ocaml/compiler-libs/debug.cmi,771
2026-09-05T05:55:59Z,822b65f405d1f87e722ec0c7e5cfc5fb35d1e9a2,7090,size_in_bytes,lib/ocaml/compiler-libs/flambda2_terms__Inlining_state.cmi,9689
2026-09-05T05:55:59Z,822b65f405d1f87e722ec0c7e5cfc5fb35d1e9a2,7090,size_in_bytes,lib/ocaml/compiler-libs/zero_alloc_annotations.cmi,3088
2026-09-05T05:55:59Z,822b65f405d1f87e722ec0c7e5cfc5fb35d1e9a2,7090,size_in_bytes,lib/ocaml/compiler-libs/printast.cmi,5211
2026-09-05T05:55:59Z,822b65f405d1f87e722ec0c7e5cfc5fb35d1e9a2,7090,size_in_bytes,lib/ocaml/compiler-libs/flambda2_ui.cmi,469
2026-09-05T05:55:59Z,822b65f405d1f87e722ec0c7e5cfc5fb35d1e9a2,7090,size_in_bytes,lib/ocaml/compiler-libs/flambda2_terms__Effects_and_coeffects.cmi,8435
2026-09-05T05:55:59Z,822b65f405d1f87e722ec0c7e5cfc5fb35d1e9a2,7090,size_in_bytes,lib/ocaml/compiler-libs/trace.cmi,5659
2026-09-05T05:55:59Z,822b65f405d1f87e722ec0c7e5cfc5fb35d1e9a2,7090,size_in_bytes,lib/ocaml/compiler-libs/amd64_simd_defs.cmi,20290
2026-09-05T05:55:59Z,822b65f405d1f87e722ec0c7e5cfc5fb35d1e9a2,7090,size_in_bytes,lib/ocaml/compiler-libs/flambda2_simplify__Mutable_unboxing.cmi,12391
2026-09-05T05:55:59Z,822b65f405d1f87e722ec0c7e5cfc5fb35d1e9a2,7090,size_in_bytes,lib/ocaml/compiler-libs/compilenv.cmi,17366
2026-09-05T05:55:59Z,822b65f405d1f87e722ec0c7e5cfc5fb35d1e9a2,7090,size_in_bytes,lib/ocaml/compiler-libs/flambda2_simplify__Continuation_extra_params_and_args.cmi,15215
2026-09-05T05:55:59Z,822b65f405d1f87e722ec0c7e5cfc5fb35d1e9a2,7090,size_in_bytes,lib/ocaml/compiler-libs/flambda2_term_basics__Coercion.cmi,9703
2026-09-05T05:55:59Z,822b65f405d1f87e722ec0c7e5cfc5fb35d1e9a2,7090,size_in_bytes,lib/ocaml/compiler-libs/builtin_attributes.cmi,22038
2026-09-05T05:55:59Z,822b65f405d1f87e722ec0c7e5cfc5fb35d1e9a2,7090,size_in_bytes,lib/ocaml/compiler-libs/flambda2_identifiers__Flambda_debug_uid.cmi,57413
2026-09-05T05:55:59Z,822b65f405d1f87e722ec0c7e5cfc5fb35d1e9a2,7090,size_in_bytes,lib/ocaml/compiler-libs/numbers.cmi,169393
2026-09-05T05:55:59Z,822b65f405d1f87e722ec0c7e5cfc5fb35d1e9a2,7090,size_in_bytes,lib/ocaml/compiler-libs/arg_helper.cmi,24593
2026-09-05T05:55:59Z,822b65f405d1f87e722ec0c7e5cfc5fb35d1e9a2,7090,size_in_bytes,lib/ocaml/compiler-libs/cms_format.cmi,8389
2026-09-05T05:55:59Z,822b65f405d1f87e722ec0c7e5cfc5fb35d1e9a2,7090,size_in_bytes,lib/ocaml/compiler-libs/opterrors.cmi,789
2026-09-05T05:55:59Z,822b65f405d1f87e722ec0c7e5cfc5fb35d1e9a2,7090,size_in_bytes,lib/ocaml/compiler-libs/linkdeps.cmi,4365
2026-09-05T05:55:59Z,822b65f405d1f87e722ec0c7e5cfc5fb35d1e9a2,7090,size_in_bytes,lib/ocaml/compiler-libs/x86_gas.cmi,2119
2026-09-05T05:55:59Z,822b65f405d1f87e722ec0c7e5cfc5fb35d1e9a2,7090,size_in_bytes,lib/ocaml/compiler-libs/proc.cmi,19121
2026-09-05T05:55:59Z,822b65f405d1f87e722ec0c7e5cfc5fb35d1e9a2,7090,size_in_bytes,lib/ocaml/compiler-libs/flambda2_term_basics__Empty_array_kind.cmi,5475
2026-09-05T05:55:59Z,822b65f405d1f87e722ec0c7e5cfc5fb35d1e9a2,7090,size_in_bytes,lib/ocaml/compiler-libs/flambda2_types__Aliases.cmi,13992
2026-09-05T05:55:59Z,822b65f405d1f87e722ec0c7e5cfc5fb35d1e9a2,7090,size_in_bytes,lib/ocaml/compiler-libs/cmo_format.cmi,7148
2026-09-05T05:55:59Z,822b65f405d1f87e722ec0c7e5cfc5fb35d1e9a2,7090,size_in_bytes,lib/ocaml/compiler-libs/flambda2_floats__Float32.cmi,4308
2026-09-05T05:55:59Z,822b65f405d1f87e722ec0c7e5cfc5fb35d1e9a2,7090,size_in_bytes,lib/ocaml/compiler-libs/flambda2_from_lambda__Closure_conversion_aux.cmi,70433
2026-09-05T05:55:59Z,822b65f405d1f87e722ec0c7e5cfc5fb35d1e9a2,7090,size_in_bytes,lib/ocaml/compiler-libs/flambda2_simplify__Non_constructed_code.cmi,16781
2026-09-05T05:55:59Z,822b65f405d1f87e722ec0c7e5cfc5fb35d1e9a2,7090,size_in_bytes,lib/ocaml/compiler-libs/dwarf_low__Location_list.cmi,3255
2026-09-05T05:55:59Z,822b65f405d1f87e722ec0c7e5cfc5fb35d1e9a2,7090,size_in_bytes,lib/ocaml/compiler-libs/dwarf_low__Dwarf_int.cmi,4818
2026-09-05T05:55:59Z,822b65f405d1f87e722ec0c7e5cfc5fb35d1e9a2,7090,size_in_bytes,lib/ocaml/compiler-libs/flambda2_terms__Poll_attribute.cmi,7814
2026-09-05T05:55:59Z,822b65f405d1f87e722ec0c7e5cfc5fb35d1e9a2,7090,size_in_bytes,lib/ocaml/compiler-libs/cmm_invariants.cmi,9390
2026-09-05T05:55:59Z,822b65f405d1f87e722ec0c7e5cfc5fb35d1e9a2,7090,size_in_bytes,lib/ocaml/compiler-libs/flambda2_terms__Code0.cmi,24658
2026-09-05T05:55:59Z,822b65f405d1f87e722ec0c7e5cfc5fb35d1e9a2,7090,size_in_bytes,lib/ocaml/compiler-libs/cfg_stack_checks.cmi,10351
2026-09-05T05:55:59Z,822b65f405d1f87e722ec0c7e5cfc5fb35d1e9a2,7090,size_in_bytes,lib/ocaml/compiler-libs/ident.cmi,64981
2026-09-05T05:55:59Z,822b65f405d1f87e722ec0c7e5cfc5fb35d1e9a2,7090,size_in_bytes,lib/ocaml/compiler-libs/peephole_utils.cmi,14774
2026-09-05T05:55:59Z,822b65f405d1f87e722ec0c7e5cfc5fb35d1e9a2,7090,size_in_bytes,lib/ocaml/compiler-libs/cfg_polling.cmi,11083
2026-09-05T05:55:59Z,822b65f405d1f87e722ec0c7e5cfc5fb35d1e9a2,7090,size_in_bytes,lib/ocaml/compiler-libs/flambda2_terms__Code_or_metadata.cmi,15321
2026-09-05T05:55:59Z,822b65f405d1f87e722ec0c7e5cfc5fb35d1e9a2,7090,size_in_bytes,lib/ocaml/compiler-libs/flambda2_terms__Code_size.cmi,12251
2026-09-05T05:55:59Z,822b65f405d1f87e722ec0c7e5cfc5fb35d1e9a2,7090,size_in_bytes,lib/ocaml/compiler-libs/compiler_hooks.cmi,14202
2026-09-05T05:55:59Z,822b65f405d1f87e722ec0c7e5cfc5fb35d1e9a2,7090,size_in_bytes,lib/ocaml/compiler-libs/arm64_binary_emitter__Encode_instruction.cmi,2130
2026-09-05T05:55:59Z,822b65f405d1f87e722ec0c7e5cfc5fb35d1e9a2,7090,size_in_bytes,lib/ocaml/compiler-libs/symbol_table.cmi,6516
2026-09-05T05:55:59Z,822b65f405d1f87e722ec0c7e5cfc5fb35d1e9a2,7090,size_in_bytes,lib/ocaml/compiler-libs/dwarf_high__Assign_abbrevs.cmi,3524
2026-09-05T05:55:59Z,822b65f405d1f87e722ec0c7e5cfc5fb35d1e9a2,7090,size_in_bytes,lib/ocaml/compiler-libs/includecore.cmi,26364
2026-09-05T05:55:59Z,822b65f405d1f87e722ec0c7e5cfc5fb35d1e9a2,7090,size_in_bytes,lib/ocaml/compiler-libs/cmx_format.cmi,20062
2026-09-05T05:55:59Z,822b65f405d1f87e722ec0c7e5cfc5fb35d1e9a2,7090,size_in_bytes,lib/ocaml/compiler-libs/instructionId.cmi,55656
2026-09-05T05:55:59Z,822b65f405d1f87e722ec0c7e5cfc5fb35d1e9a2,7090,size_in_bytes,lib/ocaml/compiler-libs/flambda2_lattices__Or_unknown_or_bottom.cmi,4717
2026-09-05T05:55:59Z,822b65f405d1f87e722ec0c7e5cfc5fb35d1e9a2,7090,size_in_bytes,lib/ocaml/compiler-libs/dwarf_low__Dwarf_4_range_list.cmi,2792
2026-09-05T05:55:59Z,822b65f405d1f87e722ec0c7e5cfc5fb35d1e9a2,7090,size_in_bytes,lib/ocaml/compiler-libs/flambda2_terms__Exn_continuation.cmi,64542
2026-09-05T05:55:59Z,822b65f405d1f87e722ec0c7e5cfc5fb35d1e9a2,7090,size_in_bytes,lib/ocaml/compiler-libs/flambda2_simplify__Upwards_env.cmi,15966
2026-09-05T05:55:59Z,822b65f405d1f87e722ec0c7e5cfc5fb35d1e9a2,7090,size_in_bytes,lib/ocaml/compiler-libs/attr_helper.cmi,2643
2026-09-05T05:55:59Z,822b65f405d1f87e722ec0c7e5cfc5fb35d1e9a2,7090,size_in_bytes,lib/ocaml/compiler-libs/dwarf_low__Simple_location_description.cmi,2534
2026-09-05T05:55:59Z,822b65f405d1f87e722ec0c7e5cfc5fb35d1e9a2,7090,size_in_bytes,lib/ocaml/compiler-libs/flambda2_parser__Flambda_parser_messages.cmi,1046
2026-09-05T05:55:59Z,822b65f405d1f87e722ec0c7e5cfc5fb35d1e9a2,7090,size_in_bytes,lib/ocaml/compiler-libs/flambda2_datalog__Datalog_imports.cmi,7143
2026-09-05T05:55:59Z,822b65f405d1f87e722ec0c7e5cfc5fb35d1e9a2,7090,size_in_bytes,lib/ocaml/compiler-libs/flambda2_parser__Flambda_to_fexpr.cmi,8941
2026-09-05T05:55:59Z,822b65f405d1f87e722ec0c7e5cfc5fb35d1e9a2,7090,size_in_bytes,lib/ocaml/compiler-libs/flambda2_datalog__Table.cmi,11662
2026-09-05T05:55:59Z,822b65f405d1f87e722ec0c7e5cfc5fb35d1e9a2,7090,size_in_bytes,lib/ocaml/compiler-libs/ldd.cmi,7854
2026-09-05T05:55:59Z,822b65f405d1f87e722ec0c7e5cfc5fb35d1e9a2,7090,size_in_bytes,lib/ocaml/compiler-libs/flambda2_types__Cached_level.cmi,11137
2026-09-05T05:55:59Z,822b65f405d1f87e722ec0c7e5cfc5fb35d1e9a2,7090,size_in_bytes,lib/ocaml/compiler-libs/terminfo.cmi,1903
2026-09-05T05:55:59Z,822b65f405d1f87e722ec0c7e5cfc5fb35d1e9a2,7090,size_in_bytes,lib/ocaml/compiler-libs/x86_ast_utils.cmi,4837
2026-09-05T05:55:59Z,822b65f405d1f87e722ec0c7e5cfc5fb35d1e9a2,7090,size_in_bytes,lib/ocaml/compiler-libs/flambda2_terms__Switch_expr.cmi,10561
2026-09-05T05:55:59Z,822b65f405d1f87e722ec0c7e5cfc5fb35d1e9a2,7090,size_in_bytes,lib/ocaml/compiler-libs/dwarf_low__Location_or_range_list.cmi,2964
2026-09-05T05:55:59Z,822b65f405d1f87e722ec0c7e5cfc5fb35d1e9a2,7090,size_in_bytes,lib/ocaml/compiler-libs/regalloc_ls_state.cmi,15956
2026-09-05T05:55:59Z,822b65f405d1f87e722ec0c7e5cfc5fb35d1e9a2,7090,size_in_bytes,lib/ocaml/compiler-libs/complex_shape.cmi,6966
2026-09-05T05:55:59Z,822b65f405d1f87e722ec0c7e5cfc5fb35d1e9a2,7090,size_in_bytes,lib/ocaml/compiler-libs/flambda2_nominal.cmi,1564
2026-09-05T05:55:59Z,822b65f405d1f87e722ec0c7e5cfc5fb35d1e9a2,7090,size_in_bytes,lib/ocaml/compiler-libs/dll.cmi,3309
2026-09-05T05:55:59Z,822b65f405d1f87e722ec0c7e5cfc5fb35d1e9a2,7090,size_in_bytes,lib/ocaml/compiler-libs/matching.cmi,11123
2026-09-05T05:55:59Z,822b65f405d1f87e722ec0c7e5cfc5fb35d1e9a2,7090,size_in_bytes,lib/ocaml/compiler-libs/dwarf_abstract_instances.cmi,5886
2026-09-05T05:55:59Z,822b65f405d1f87e722ec0c7e5cfc5fb35d1e9a2,7090,size_in_bytes,lib/ocaml/compiler-libs/cmm_helpers.cmi,188240
2026-09-05T05:55:59Z,822b65f405d1f87e722ec0c7e5cfc5fb35d1e9a2,7090,size_in_bytes,lib/ocaml/compiler-libs/flambda2_parser__Fexpr_to_flambda_commons.cmi,103628
2026-09-05T05:55:59Z,822b65f405d1f87e722ec0c7e5cfc5fb35d1e9a2,7090,size_in_bytes,lib/ocaml/compiler-libs/flambda2_simplify__Rebuilt_expr.cmi,21021
2026-09-05T05:55:59Z,822b65f405d1f87e722ec0c7e5cfc5fb35d1e9a2,7090,size_in_bytes,lib/ocaml/compiler-libs/asm_targets__Asm_symbol.cmi,60543
2026-09-05T05:55:59Z,822b65f405d1f87e722ec0c7e5cfc5fb35d1e9a2,7090,size_in_bytes,lib/ocaml/compiler-libs/flambda2_term_basics__Rec_info_expr.cmi,10425
2026-09-05T05:55:59Z,822b65f405d1f87e722ec0c7e5cfc5fb35d1e9a2,7090,size_in_bytes,lib/ocaml/compiler-libs/flambda2_term_basics__Symbol_projection.cmi,10137
2026-09-05T05:55:59Z,822b65f405d1f87e722ec0c7e5cfc5fb35d1e9a2,7090,size_in_bytes,lib/ocaml/compiler-libs/typetexp.cmi,20656
2026-09-05T05:55:59Z,822b65f405d1f87e722ec0c7e5cfc5fb35d1e9a2,7090,size_in_bytes,lib/ocaml/compiler-libs/flambda2_simplify__Simplify_named.cmi,12084
2026-09-05T05:55:59Z,822b65f405d1f87e722ec0c7e5cfc5fb35d1e9a2,7090,size_in_bytes,lib/ocaml/compiler-libs/simplif.cmi,4644
2026-09-05T05:55:59Z,822b65f405d1f87e722ec0c7e5cfc5fb35d1e9a2,7090,size_in_bytes,lib/ocaml/compiler-libs/fdo_info.cmi,3142
2026-09-05T05:55:59Z,822b65f405d1f87e722ec0c7e5cfc5fb35d1e9a2,7090,size_in_bytes,lib/ocaml/compiler-libs/backend_var.cmi,22968
2026-09-05T05:55:59Z,822b65f405d1f87e722ec0c7e5cfc5fb35d1e9a2,7090,size_in_bytes,lib/ocaml/compiler-libs/flambda2_types__Expand_head.cmi,26023
2026-09-05T05:55:59Z,822b65f405d1f87e722ec0c7e5cfc5fb35d1e9a2,7090,size_in_bytes,lib/ocaml/compiler-libs/flambda2_import.cmi,365
2026-09-05T05:55:59Z,822b65f405d1f87e722ec0c7e5cfc5fb35d1e9a2,7090,size_in_bytes,lib/ocaml/compiler-libs/flambda2_terms__Regalloc_attribute.cmi,7808
2026-09-05T05:55:59Z,822b65f405d1f87e722ec0c7e5cfc5fb35d1e9a2,7090,size_in_bytes,lib/ocaml/compiler-libs/arm64_binary_emitter__Csel_helpers.cmi,2025
2026-09-05T05:55:59Z,822b65f405d1f87e722ec0c7e5cfc5fb35d1e9a2,7090,size_in_bytes,lib/ocaml/compiler-libs/flambda2_simplify__Flow_types.cmi,38853
2026-09-05T05:55:59Z,822b65f405d1f87e722ec0c7e5cfc5fb35d1e9a2,7090,size_in_bytes,lib/ocaml/compiler-libs/mode.cmi,484071
2026-09-05T05:55:59Z,822b65f405d1f87e722ec0c7e5cfc5fb35d1e9a2,7090,size_in_bytes,lib/ocaml/compiler-libs/flambda2_reaper__Traverse_acc.cmi,29540
2026-09-05T05:55:59Z,822b65f405d1f87e722ec0c7e5cfc5fb35d1e9a2,7090,size_in_bytes,lib/ocaml/compiler-libs/afl_instrument.cmi,9843
2026-09-05T05:55:59Z,822b65f405d1f87e722ec0c7e5cfc5fb35d1e9a2,7090,size_in_bytes,lib/ocaml/compiler-libs/regalloc_irc_state.cmi,36284
2026-09-05T05:55:59Z,822b65f405d1f87e722ec0c7e5cfc5fb35d1e9a2,7090,size_in_bytes,lib/ocaml/compiler-libs/flambda2_from_lambda.cmi,1499
2026-09-05T05:55:59Z,822b65f405d1f87e722ec0c7e5cfc5fb35d1e9a2,7090,size_in_bytes,lib/ocaml/compiler-libs/flambda2_identifiers__Function_slot.cmi,78719
2026-09-05T05:55:59Z,822b65f405d1f87e722ec0c7e5cfc5fb35d1e9a2,7090,size_in_bytes,lib/ocaml/compiler-libs/cmj_format.cmi,1811
2026-09-05T05:55:59Z,822b65f405d1f87e722ec0c7e5cfc5fb35d1e9a2,7090,size_in_bytes,lib/ocaml/compiler-libs/flambda2_numbers__Or_infinity.cmi,3265
2026-09-05T05:55:59Z,822b65f405d1f87e722ec0c7e5cfc5fb35d1e9a2,7090,size_in_bytes,lib/ocaml/compiler-libs/flambda2_terms__Coeffects.cmi,7660
2026-09-05T05:55:59Z,822b65f405d1f87e722ec0c7e5cfc5fb35d1e9a2,7090,size_in_bytes,lib/ocaml/compiler-libs/flambda2_to_cmm__To_cmm_effects.cmi,12266
2026-09-05T05:55:59Z,822b65f405d1f87e722ec0c7e5cfc5fb35d1e9a2,7090,size_in_bytes,lib/ocaml/compiler-libs/dwarf_low__Dwarf_value.cmi,18512
2026-09-05T05:55:59Z,822b65f405d1f87e722ec0c7e5cfc5fb35d1e9a2,7090,size_in_bytes,lib/ocaml/compiler-libs/flambda2_numbers__Target_ocaml_int.cmi,127525
2026-09-05T05:55:59Z,822b65f405d1f87e722ec0c7e5cfc5fb35d1e9a2,7090,size_in_bytes,lib/ocaml/compiler-libs/flambda2_terms__Mutability.cmi,8140
2026-09-05T05:55:59Z,822b65f405d1f87e722ec0c7e5cfc5fb35d1e9a2,7090,size_in_bytes,lib/ocaml/compiler-libs/flambda2_bound_identifiers__Bound_continuations.cmi,7381
2026-09-05T05:55:59Z,822b65f405d1f87e722ec0c7e5cfc5fb35d1e9a2,7090,size_in_bytes,lib/ocaml/compiler-libs/flambda2_terms__Effects.cmi,7838
2026-09-05T05:55:59Z,822b65f405d1f87e722ec0c7e5cfc5fb35d1e9a2,7090,size_in_bytes,lib/ocaml/compiler-libs/cmm_peephole_engine.cmi,15776
2026-09-05T05:55:59Z,822b65f405d1f87e722ec0c7e5cfc5fb35d1e9a2,7090,size_in_bytes,lib/ocaml/compiler-libs/typedecl_properties.cmi,6918
2026-09-05T05:55:59Z,822b65f405d1f87e722ec0c7e5cfc5fb35d1e9a2,7090,size_in_bytes,lib/ocaml/compiler-libs/flambda2_simplify__Unboxing_types.cmi,20339
2026-09-05T05:55:59Z,822b65f405d1f87e722ec0c7e5cfc5fb35d1e9a2,7090,size_in_bytes,lib/ocaml/compiler-libs/translobj.cmi,6036
2026-09-05T05:55:59Z,822b65f405d1f87e722ec0c7e5cfc5fb35d1e9a2,7090,size_in_bytes,lib/ocaml/compiler-libs/dwarf_low__Encoding_attribute.cmi,2248
2026-09-05T05:55:59Z,822b65f405d1f87e722ec0c7e5cfc5fb35d1e9a2,7090,size_in_bytes,lib/ocaml/compiler-libs/clflags.cmi,62668
2026-09-05T05:55:59Z,822b65f405d1f87e722ec0c7e5cfc5fb35d1e9a2,7090,size_in_bytes,lib/ocaml/compiler-libs/binary_emitter_helpers.cmi,1814
2026-09-05T05:55:59Z,822b65f405d1f87e722ec0c7e5cfc5fb35d1e9a2,7090,size_in_bytes,lib/ocaml/compiler-libs/x86_peephole_optimize.cmi,1697
2026-09-05T05:55:59Z,822b65f405d1f87e722ec0c7e5cfc5fb35d1e9a2,7090,size_in_bytes,lib/ocaml/compiler-libs/value_rec_compiler.cmi,3193
2026-09-05T05:55:59Z,822b65f405d1f87e722ec0c7e5cfc5fb35d1e9a2,7090,size_in_bytes,lib/ocaml/compiler-libs/flambda2_lattices__Or_bottom.cmi,4994
2026-09-05T05:55:59Z,822b65f405d1f87e722ec0c7e5cfc5fb35d1e9a2,7090,size_in_bytes,lib/ocaml/compiler-libs/flambda2_types__Set_of_closures_contents.cmi,176026
2026-09-05T05:55:59Z,822b65f405d1f87e722ec0c7e5cfc5fb35d1e9a2,7090,size_in_bytes,lib/ocaml/compiler-libs/flambda2_term_basics__Or_variable.cmi,8428
2026-09-05T05:55:59Z,822b65f405d1f87e722ec0c7e5cfc5fb35d1e9a2,7090,size_in_bytes,lib/ocaml/compiler-libs/vicuna_value_shapes.cmi,3419
2026-09-05T05:55:59Z,822b65f405d1f87e722ec0c7e5cfc5fb35d1e9a2,7090,size_in_bytes,lib/ocaml/compiler-libs/dwarf_low__Inline_code.cmi,1793
2026-09-05T05:55:59Z,822b65f405d1f87e722ec0c7e5cfc5fb35d1e9a2,7090,size_in_bytes,lib/ocaml/compiler-libs/cmmgen_state.cmi,15124
2026-09-05T05:55:59Z,822b65f405d1f87e722ec0c7e5cfc5fb35d1e9a2,7090,size_in_bytes,lib/ocaml/compiler-libs/cfg_cse.cmi,10560
2026-09-05T05:55:59Z,822b65f405d1f87e722ec0c7e5cfc5fb35d1e9a2,7090,size_in_bytes,lib/ocaml/compiler-libs/flambda2_terms__Cost_metrics.cmi,12149
2026-09-05T05:55:59Z,822b65f405d1f87e722ec0c7e5cfc5fb35d1e9a2,7090,size_in_bytes,lib/ocaml/compiler-libs/arm64_binary_emitter__Condition_helpers.cmi,1734
2026-09-05T05:55:59Z,822b65f405d1f87e722ec0c7e5cfc5fb35d1e9a2,7090,size_in_bytes,lib/ocaml/compiler-libs/flambda2_simplify__Simplify_static_const.cmi,11956
2026-09-05T05:55:59Z,822b65f405d1f87e722ec0c7e5cfc5fb35d1e9a2,7090,size_in_bytes,lib/ocaml/compiler-libs/flambda2_algorithms__Container_types_intf.cmi,356873
2026-09-05T05:55:59Z,822b65f405d1f87e722ec0c7e5cfc5fb35d1e9a2,7090,size_in_bytes,lib/ocaml/compiler-libs/flambda2_simplify__Common_subexpression_elimination.cmi,12648
2026-09-05T05:55:59Z,822b65f405d1f87e722ec0c7e5cfc5fb35d1e9a2,7090,size_in_bytes,lib/ocaml/compiler-libs/flambda2_kinds.cmi,578
2026-09-05T05:55:59Z,822b65f405d1f87e722ec0c7e5cfc5fb35d1e9a2,7090,size_in_bytes,lib/ocaml/compiler-libs/flambda2_identifiers__Code_id_or_name.cmi,8613
2026-09-05T05:55:59Z,822b65f405d1f87e722ec0c7e5cfc5fb35d1e9a2,7090,size_in_bytes,lib/ocaml/compiler-libs/dwarf_low__Address_table.cmi,2966
2026-09-05T05:55:59Z,822b65f405d1f87e722ec0c7e5cfc5fb35d1e9a2,7090,size_in_bytes,lib/ocaml/compiler-libs/parse.cmi,4735
2026-09-05T05:55:59Z,822b65f405d1f87e722ec0c7e5cfc5fb35d1e9a2,7090,size_in_bytes,lib/ocaml/compiler-libs/zero_alloc_checker.cmi,15616
2026-09-05T05:55:59Z,822b65f405d1f87e722ec0c7e5cfc5fb35d1e9a2,7090,size_in_bytes,lib/ocaml/compiler-libs/flambda2_simplify__Simplify_expr.cmi,11520
2026-09-05T05:55:59Z,822b65f405d1f87e722ec0c7e5cfc5fb35d1e9a2,7090,size_in_bytes,lib/ocaml/compiler-libs/flambda2_simplify__Simplify_common.cmi,20145
2026-09-05T05:55:59Z,822b65f405d1f87e722ec0c7e5cfc5fb35d1e9a2,7090,size_in_bytes,lib/ocaml/compiler-libs/cfg_intf.cmi,20259
2026-09-05T05:55:59Z,822b65f405d1f87e722ec0c7e5cfc5fb35d1e9a2,7090,size_in_bytes,lib/ocaml/compiler-libs/x86_dsl.cmi,25407
2026-09-05T05:55:59Z,822b65f405d1f87e722ec0c7e5cfc5fb35d1e9a2,7090,size_in_bytes,lib/ocaml/compiler-libs/flambda2_simplify__Simplify_apply_expr.cmi,11543
2026-09-05T05:55:59Z,822b65f405d1f87e722ec0c7e5cfc5fb35d1e9a2,7090,size_in_bytes,lib/ocaml/compiler-libs/printcfg.cmi,16438
2026-09-05T05:55:59Z,822b65f405d1f87e722ec0c7e5cfc5fb35d1e9a2,7090,size_in_bytes,lib/ocaml/compiler-libs/flambda2_simplify__Simplify_extcall.cmi,12219
2026-09-05T05:55:59Z,822b65f405d1f87e722ec0c7e5cfc5fb35d1e9a2,7090,size_in_bytes,lib/ocaml/compiler-libs/flambda2_simplify__Downwards_env.cmi,45807
2026-09-05T05:55:59Z,822b65f405d1f87e722ec0c7e5cfc5fb35d1e9a2,7090,size_in_bytes,lib/ocaml/compiler-libs/flambda2_identifiers__Symbol.cmi,8974
2026-09-05T05:55:59Z,822b65f405d1f87e722ec0c7e5cfc5fb35d1e9a2,7090,size_in_bytes,lib/ocaml/compiler-libs/dwarf_high__Simple_location_description_lang.cmi,12712
2026-09-05T05:55:59Z,822b65f405d1f87e722ec0c7e5cfc5fb35d1e9a2,7090,size_in_bytes,lib/ocaml/compiler-libs/flambda2_identifiers__Continuation_callsite_map.cmi,3737
2026-09-05T05:55:59Z,822b65f405d1f87e722ec0c7e5cfc5fb35d1e9a2,7090,size_in_bytes,lib/ocaml/compiler-libs/printast_with_mappings.cmi,3526
2026-09-05T05:55:59Z,822b65f405d1f87e722ec0c7e5cfc5fb35d1e9a2,7090,size_in_bytes,lib/ocaml/compiler-libs/flambda2_bound_identifiers__Bound_parameter.cmi,63745
2026-09-05T05:55:59Z,822b65f405d1f87e722ec0c7e5cfc5fb35d1e9a2,7090,size_in_bytes,lib/ocaml/compiler-libs/linkenv.cmi,19261
2026-09-05T05:55:59Z,822b65f405d1f87e722ec0c7e5cfc5fb35d1e9a2,7090,size_in_bytes,lib/ocaml/compiler-libs/flambda2_parser.cmi,1907
2026-09-05T05:55:59Z,822b65f405d1f87e722ec0c7e5cfc5fb35d1e9a2,7090,size_in_bytes,lib/ocaml/compiler-libs/dwarf_low__Abbreviations_table.cmi,3213
2026-09-05T05:55:59Z,822b65f405d1f87e722ec0c7e5cfc5fb35d1e9a2,7090,size_in_bytes,lib/ocaml/compiler-libs/flambda2_types__More_type_creators.cmi,29520
2026-09-05T05:55:59Z,822b65f405d1f87e722ec0c7e5cfc5fb35d1e9a2,7090,size_in_bytes,lib/ocaml/compiler-libs/flambda2_identifiers__Value_slot.cmi,78713
2026-09-05T05:55:59Z,822b65f405d1f87e722ec0c7e5cfc5fb35d1e9a2,7090,size_in_bytes,lib/ocaml/compiler-libs/available_ranges_vars.cmi,57429
2026-09-05T05:55:59Z,822b65f405d1f87e722ec0c7e5cfc5fb35d1e9a2,7090,size_in_bytes,lib/ocaml/compiler-libs/flambda2_types__Join_env.cmi,16405
2026-09-05T05:55:59Z,822b65f405d1f87e722ec0c7e5cfc5fb35d1e9a2,7090,size_in_bytes,lib/ocaml/compiler-libs/flambda2_reaper__Rebuilt_expr.cmi,14064
2026-09-05T05:55:59Z,822b65f405d1f87e722ec0c7e5cfc5fb35d1e9a2,7090,size_in_bytes,lib/ocaml/compiler-libs/tast_mapper.cmi,18957
2026-09-05T05:55:59Z,822b65f405d1f87e722ec0c7e5cfc5fb35d1e9a2,7090,size_in_bytes,lib/ocaml/compiler-libs/arm64_binary_emitter__Fp_helpers.cmi,5421
2026-09-05T05:55:59Z,822b65f405d1f87e722ec0c7e5cfc5fb35d1e9a2,7090,size_in_bytes,lib/ocaml/compiler-libs/priority_queue.cmi,9837
2026-09-05T05:55:59Z,822b65f405d1f87e722ec0c7e5cfc5fb35d1e9a2,7090,size_in_bytes,lib/ocaml/compiler-libs/flambda2_lattices.cmi,646
2026-09-05T05:55:59Z,822b65f405d1f87e722ec0c7e5cfc5fb35d1e9a2,7090,size_in_bytes,lib/ocaml/compiler-libs/flambda2_identifiers__Variable.cmi,9589
2026-09-05T05:55:59Z,822b65f405d1f87e722ec0c7e5cfc5fb35d1e9a2,7090,size_in_bytes,lib/ocaml/compiler-libs/simd_selection.cmi,31603
2026-09-05T05:55:59Z,822b65f405d1f87e722ec0c7e5cfc5fb35d1e9a2,7090,size_in_bytes,lib/ocaml/compiler-libs/arm64_binary_emitter.cmi,3519
2026-09-05T05:55:59Z,822b65f405d1f87e722ec0c7e5cfc5fb35d1e9a2,7090,size_in_bytes,lib/ocaml/compiler-libs/flambda2_simplify_shared__Exported_offsets.cmi,9777
2026-09-05T05:55:59Z,822b65f405d1f87e722ec0c7e5cfc5fb35d1e9a2,7090,size_in_bytes,lib/ocaml/compiler-libs/genprintval.cmi,15018
2026-09-05T05:55:59Z,822b65f405d1f87e722ec0c7e5cfc5fb35d1e9a2,7090,size_in_bytes,lib/ocaml/compiler-libs/dwarf_low__Range_list_table.cmi,4137
2026-09-05T05:55:59Z,822b65f405d1f87e722ec0c7e5cfc5fb35d1e9a2,7090,size_in_bytes,lib/ocaml/compiler-libs/regalloc_rewrite.cmi,14864
2026-09-05T05:55:59Z,822b65f405d1f87e722ec0c7e5cfc5fb35d1e9a2,7090,size_in_bytes,lib/ocaml/compiler-libs/printlambda.cmi,10102
2026-09-05T05:55:59Z,822b65f405d1f87e722ec0c7e5cfc5fb35d1e9a2,7090,size_in_bytes,lib/ocaml/compiler-libs/flambda2_parser__Print_fexpr.cmi,7903
2026-09-05T05:55:59Z,822b65f405d1f87e722ec0c7e5cfc5fb35d1e9a2,7090,size_in_bytes,lib/ocaml/compiler-libs/errortrace.cmi,24042
2026-09-05T05:55:59Z,822b65f405d1f87e722ec0c7e5cfc5fb35d1e9a2,7090,size_in_bytes,lib/ocaml/compiler-libs/outcometree.cmi,27222
2026-09-05T05:55:59Z,822b65f405d1f87e722ec0c7e5cfc5fb35d1e9a2,7090,size_in_bytes,lib/ocaml/compiler-libs/asm_targets__Asm_label.cmi,56242
2026-09-05T05:55:59Z,822b65f405d1f87e722ec0c7e5cfc5fb35d1e9a2,7090,size_in_bytes,lib/ocaml/compiler-libs/errortrace_report.cmi,6918
2026-09-05T05:55:59Z,822b65f405d1f87e722ec0c7e5cfc5fb35d1e9a2,7090,size_in_bytes,lib/ocaml/compiler-libs/flambda2_types__Traversals.cmi,113639
2026-09-05T05:55:59Z,822b65f405d1f87e722ec0c7e5cfc5fb35d1e9a2,7090,size_in_bytes,lib/ocaml/compiler-libs/operation.cmi,25178
2026-09-05T05:55:59Z,822b65f405d1f87e722ec0c7e5cfc5fb35d1e9a2,7090,size_in_bytes,lib/ocaml/compiler-libs/flambda2_simplify__Simplify_primitive_result.cmi,16911
2026-09-05T05:55:59Z,822b65f405d1f87e722ec0c7e5cfc5fb35d1e9a2,7090,size_in_bytes,lib/ocaml/compiler-libs/ast_invariants.cmi,2395
2026-09-05T05:55:59Z,822b65f405d1f87e722ec0c7e5cfc5fb35d1e9a2,7090,size_in_bytes,lib/ocaml/compiler-libs/topstart.cmi,223
2026-09-05T05:55:59Z,822b65f405d1f87e722ec0c7e5cfc5fb35d1e9a2,7090,size_in_bytes,lib/ocaml/compiler-libs/build_path_prefix_map.cmi,3520
2026-09-05T05:55:59Z,822b65f405d1f87e722ec0c7e5cfc5fb35d1e9a2,7090,size_in_bytes,lib/ocaml/compiler-libs/out_type.cmi,27874
2026-09-05T05:55:59Z,822b65f405d1f87e722ec0c7e5cfc5fb35d1e9a2,7090,size_in_bytes,lib/ocaml/compiler-libs/flambda2_simplify__Build_unboxing_denv.cmi,10356
2026-09-05T05:55:59Z,822b65f405d1f87e722ec0c7e5cfc5fb35d1e9a2,7090,size_in_bytes,lib/ocaml/compiler-libs/printcmm.cmi,15390
2026-09-05T05:55:59Z,822b65f405d1f87e722ec0c7e5cfc5fb35d1e9a2,7090,size_in_bytes,lib/ocaml/compiler-libs/flambda2_terms__Inlining_arguments.cmi,10435
2026-09-05T05:55:59Z,822b65f405d1f87e722ec0c7e5cfc5fb35d1e9a2,7090,size_in_bytes,lib/ocaml/compiler-libs/flambda2_term_basics__Simple.cmi,191190
2026-09-05T05:55:59Z,822b65f405d1f87e722ec0c7e5cfc5fb35d1e9a2,7090,size_in_bytes,lib/ocaml/compiler-libs/dwarf_low__Dwarf_4_entry_sorting.cmi,1176
2026-09-05T05:55:59Z,822b65f405d1f87e722ec0c7e5cfc5fb35d1e9a2,7090,size_in_bytes,lib/ocaml/compiler-libs/flambda2_types__Join_levels.cmi,7983
2026-09-05T05:55:59Z,822b65f405d1f87e722ec0c7e5cfc5fb35d1e9a2,7090,size_in_bytes,lib/ocaml/compiler-libs/flambda2_simplify__Inlining_transforms.cmi,11569
2026-09-05T05:55:59Z,822b65f405d1f87e722ec0c7e5cfc5fb35d1e9a2,7090,size_in_bytes,lib/ocaml/compiler-libs/flambda2_simplify__Simplify_unary_primitive.cmi,11861
2026-09-05T05:55:59Z,822b65f405d1f87e722ec0c7e5cfc5fb35d1e9a2,7090,size_in_bytes,lib/ocaml/compiler-libs/stypes.cmi,4622
2026-09-05T05:55:59Z,822b65f405d1f87e722ec0c7e5cfc5fb35d1e9a2,7090,size_in_bytes,lib/ocaml/compiler-libs/transl_list_comprehension.cmi,3631
2026-09-05T05:55:59Z,822b65f405d1f87e722ec0c7e5cfc5fb35d1e9a2,7090,size_in_bytes,lib/ocaml/compiler-libs/flambda2_identifiers__Apply_cont_rewrite_id.cmi,56377
2026-09-05T05:55:59Z,822b65f405d1f87e722ec0c7e5cfc5fb35d1e9a2,7090,size_in_bytes,lib/ocaml/compiler-libs/flambda2_algorithms__Channel.cmi,3202
2026-09-05T05:55:59Z,822b65f405d1f87e722ec0c7e5cfc5fb35d1e9a2,7090,size_in_bytes,lib/ocaml/compiler-libs/translprim.cmi,9906
2026-09-05T05:55:59Z,822b65f405d1f87e722ec0c7e5cfc5fb35d1e9a2,7090,size_in_bytes,lib/ocaml/compiler-libs/flambda2_compare.cmi,347
2026-09-05T05:55:59Z,822b65f405d1f87e722ec0c7e5cfc5fb35d1e9a2,7090,size_in_bytes,lib/ocaml/compiler-libs/flambda2_from_lambda__Closure_conversion.cmi,20478
2026-09-05T05:55:59Z,822b65f405d1f87e722ec0c7e5cfc5fb35d1e9a2,7090,size_in_bytes,lib/ocaml/compiler-libs/flambda2_simplify_shared__Slot_offsets.cmi,14847
2026-09-05T05:55:59Z,822b65f405d1f87e722ec0c7e5cfc5fb35d1e9a2,7090,size_in_bytes,lib/ocaml/compiler-libs/symbol.cmi,55662
2026-09-05T05:55:59Z,822b65f405d1f87e722ec0c7e5cfc5fb35d1e9a2,7090,size_in_bytes,lib/ocaml/compiler-libs/int_replace_polymorphic_compare.cmi,2355
2026-09-05T05:55:59Z,822b65f405d1f87e722ec0c7e5cfc5fb35d1e9a2,7090,size_in_bytes,lib/ocaml/compiler-libs/typeopt.cmi,11835
2026-09-05T05:55:59Z,822b65f405d1f87e722ec0c7e5cfc5fb35d1e9a2,7090,size_in_bytes,lib/ocaml/compiler-libs/local_store.cmi,2140
2026-09-05T05:55:59Z,822b65f405d1f87e722ec0c7e5cfc5fb35d1e9a2,7090,size_in_bytes,lib/ocaml/compiler-libs/lexer.cmi,7009
2026-09-05T05:55:59Z,822b65f405d1f87e722ec0c7e5cfc5fb35d1e9a2,7090,size_in_bytes,lib/ocaml/compiler-libs/ikind.cmi,14188
2026-09-05T05:55:59Z,822b65f405d1f87e722ec0c7e5cfc5fb35d1e9a2,7090,size_in_bytes,lib/ocaml/compiler-libs/flambda2_terms__Trap_action.cmi,10417
2026-09-05T05:55:59Z,822b65f405d1f87e722ec0c7e5cfc5fb35d1e9a2,7090,size_in_bytes,lib/ocaml/compiler-libs/ldd_intf.cmi,8424
2026-09-05T05:55:59Z,822b65f405d1f87e722ec0c7e5cfc5fb35d1e9a2,7090,size_in_bytes,lib/ocaml/compiler-libs/subst.cmi,44984
2026-09-05T05:55:59Z,822b65f405d1f87e722ec0c7e5cfc5fb35d1e9a2,7090,size_in_bytes,lib/ocaml/compiler-libs/optcomp_intf.cmi,15088
2026-09-05T05:55:59Z,822b65f405d1f87e722ec0c7e5cfc5fb35d1e9a2,7090,size_in_bytes,lib/ocaml/compiler-libs/cfg_deadcode.cmi,10526
2026-09-05T05:55:59Z,822b65f405d1f87e722ec0c7e5cfc5fb35d1e9a2,7090,size_in_bytes,lib/ocaml/compiler-libs/peephole_rules.cmi,10419
2026-09-05T05:55:59Z,822b65f405d1f87e722ec0c7e5cfc5fb35d1e9a2,7090,size_in_bytes,lib/ocaml/compiler-libs/dwarf_low__Range_list.cmi,2955
2026-09-05T05:55:59Z,822b65f405d1f87e722ec0c7e5cfc5fb35d1e9a2,7090,size_in_bytes,lib/ocaml/compiler-libs/dwarf_compilation_unit.cmi,5077
2026-09-05T05:55:59Z,822b65f405d1f87e722ec0c7e5cfc5fb35d1e9a2,7090,size_in_bytes,lib/ocaml/compiler-libs/partial_link.cmi,3525
2026-09-05T05:55:59Z,822b65f405d1f87e722ec0c7e5cfc5fb35d1e9a2,7090,size_in_bytes,lib/ocaml/compiler-libs/flambda2_bound_identifiers__Bound_pattern.cmi,12383
2026-09-05T05:55:59Z,822b65f405d1f87e722ec0c7e5cfc5fb35d1e9a2,7090,size_in_bytes,lib/ocaml/compiler-libs/arm64_binary_emitter__Nop_helpers.cmi,610
2026-09-05T05:55:59Z,822b65f405d1f87e722ec0c7e5cfc5fb35d1e9a2,7090,size_in_bytes,lib/ocaml/compiler-libs/includemod.cmi,65828
2026-09-05T05:55:59Z,822b65f405d1f87e722ec0c7e5cfc5fb35d1e9a2,7090,size_in_bytes,lib/ocaml/compiler-libs/select_utils.cmi,42344
2026-09-05T05:55:59Z,822b65f405d1f87e722ec0c7e5cfc5fb35d1e9a2,7090,size_in_bytes,lib/ocaml/compiler-libs/dwarf_low__Dwarf_tag.cmi,6582
2026-09-05T05:55:59Z,822b65f405d1f87e722ec0c7e5cfc5fb35d1e9a2,7090,size_in_bytes,lib/ocaml/compiler-libs/typemod.cmi,21726
2026-09-05T05:55:59Z,822b65f405d1f87e722ec0c7e5cfc5fb35d1e9a2,7090,size_in_bytes,lib/ocaml/compiler-libs/zero_alloc_info.cmi,2831
2026-09-05T05:55:59Z,822b65f405d1f87e722ec0c7e5cfc5fb35d1e9a2,7090,size_in_bytes,lib/ocaml/compiler-libs/cfg_simplify.cmi,10331
2026-09-05T05:55:59Z,822b65f405d1f87e722ec0c7e5cfc5fb35d1e9a2,7090,size_in_bytes,lib/ocaml/compiler-libs/typemode.cmi,8993
2026-09-05T05:55:59Z,822b65f405d1f87e722ec0c7e5cfc5fb35d1e9a2,7090,size_in_bytes,lib/ocaml/compiler-libs/flambda2_terms.cmi,5808
2026-09-05T05:55:59Z,822b65f405d1f87e722ec0c7e5cfc5fb35d1e9a2,7090,size_in_bytes,lib/ocaml/compiler-libs/printtyp.cmi,14095
2026-09-05T05:55:59Z,822b65f405d1f87e722ec0c7e5cfc5fb35d1e9a2,7090,size_in_bytes,lib/ocaml/compiler-libs/asm_targets__Asm_directives_dwarf.cmi,741
2026-09-05T05:55:59Z,822b65f405d1f87e722ec0c7e5cfc5fb35d1e9a2,7090,size_in_bytes,lib/ocaml/compiler-libs/parser.cmi,101845
2026-09-05T05:55:59Z,822b65f405d1f87e722ec0c7e5cfc5fb35d1e9a2,7090,size_in_bytes,lib/ocaml/compiler-libs/dsl_helpers.cmi,229
2026-09-05T05:55:59Z,822b65f405d1f87e722ec0c7e5cfc5fb35d1e9a2,7090,size_in_bytes,lib/ocaml/compiler-libs/arm64_binary_emitter__Simd_helpers.cmi,9432
2026-09-05T05:55:59Z,822b65f405d1f87e722ec0c7e5cfc5fb35d1e9a2,7090,size_in_bytes,lib/ocaml/compiler-libs/identifiable.cmi,164130
2026-09-05T05:55:59Z,822b65f405d1f87e722ec0c7e5cfc5fb35d1e9a2,7090,size_in_bytes,lib/ocaml/compiler-libs/flambda2_simplify__Replay_history.cmi,11377
2026-09-05T05:55:59Z,822b65f405d1f87e722ec0c7e5cfc5fb35d1e9a2,7090,size_in_bytes,lib/ocaml/compiler-libs/x86_peephole_rules.cmi,2664
2026-09-05T05:55:59Z,822b65f405d1f87e722ec0c7e5cfc5fb35d1e9a2,7090,size_in_bytes,lib/ocaml/compiler-libs/btype.cmi,175337
2026-09-05T05:55:59Z,822b65f405d1f87e722ec0c7e5cfc5fb35d1e9a2,7090,size_in_bytes,lib/ocaml/compiler-libs/flambda2_types__With_cached_free_names.cmi,11049
2026-09-05T05:55:59Z,822b65f405d1f87e722ec0c7e5cfc5fb35d1e9a2,7090,size_in_bytes,lib/ocaml/compiler-libs/tmc.cmi,2860
2026-09-05T05:55:59Z,822b65f405d1f87e722ec0c7e5cfc5fb35d1e9a2,7090,size_in_bytes,lib/ocaml/compiler-libs/regs.cmi,75325
2026-09-05T05:55:59Z,822b65f405d1f87e722ec0c7e5cfc5fb35d1e9a2,7090,size_in_bytes,lib/ocaml/compiler-libs/translcore.cmi,9885
2026-09-05T05:55:59Z,822b65f405d1f87e722ec0c7e5cfc5fb35d1e9a2,7090,size_in_bytes,lib/ocaml/compiler-libs/arm64_binary_emitter__Load_store_helpers.cmi,14544
2026-09-05T05:55:59Z,822b65f405d1f87e722ec0c7e5cfc5fb35d1e9a2,7090,size_in_bytes,lib/ocaml/compiler-libs/location.cmi,33326
2026-09-05T05:55:59Z,822b65f405d1f87e722ec0c7e5cfc5fb35d1e9a2,7090,size_in_bytes,lib/ocaml/compiler-libs/maindriver.cmi,810
2026-09-05T05:55:59Z,822b65f405d1f87e722ec0c7e5cfc5fb35d1e9a2,7090,size_in_bytes,lib/ocaml/compiler-libs/dwarf_flags.cmi,8277
2026-09-05T05:55:59Z,822b65f405d1f87e722ec0c7e5cfc5fb35d1e9a2,7090,size_in_bytes,lib/ocaml/compiler-libs/flambda2_simplify__Number_adjuncts.cmi,390431
2026-09-05T05:55:59Z,822b65f405d1f87e722ec0c7e5cfc5fb35d1e9a2,7090,size_in_bytes,lib/ocaml/compiler-libs/parsetree.cmi,82590
2026-09-05T05:55:59Z,822b65f405d1f87e722ec0c7e5cfc5fb35d1e9a2,7090,size_in_bytes,lib/ocaml/compiler-libs/dwarf_low__Dwarf_language.cmi,3316
2026-09-05T05:55:59Z,822b65f405d1f87e722ec0c7e5cfc5fb35d1e9a2,7090,size_in_bytes,lib/ocaml/compiler-libs/flambda2_simplify_shared__Are_rebuilding_terms.cmi,2105
2026-09-05T05:55:59Z,822b65f405d1f87e722ec0c7e5cfc5fb35d1e9a2,7090,size_in_bytes,lib/ocaml/compiler-libs/config.cmi,15855
2026-09-05T05:55:59Z,822b65f405d1f87e722ec0c7e5cfc5fb35d1e9a2,7090,size_in_bytes,lib/ocaml/compiler-libs/printreg.cmi,13175
2026-09-05T05:55:59Z,822b65f405d1f87e722ec0c7e5cfc5fb35d1e9a2,7090,size_in_bytes,lib/ocaml/compiler-libs/flambda2_to_cmm__To_cmm.cmi,9860
2026-09-05T05:55:59Z,822b65f405d1f87e722ec0c7e5cfc5fb35d1e9a2,7090,size_in_bytes,lib/ocaml/compiler-libs/extra_debug.cmi,10317
2026-09-05T05:55:59Z,822b65f405d1f87e722ec0c7e5cfc5fb35d1e9a2,7090,size_in_bytes,lib/ocaml/compiler-libs/flambda2_types__Type_descr.cmi,16704
2026-09-05T05:55:59Z,822b65f405d1f87e722ec0c7e5cfc5fb35d1e9a2,7090,size_in_bytes,lib/ocaml/compiler-libs/arm64_ast__Ast.cmi,189881
2026-09-05T05:55:59Z,822b65f405d1f87e722ec0c7e5cfc5fb35d1e9a2,7090,size_in_bytes,lib/ocaml/compiler-libs/cfg_reducibility.cmi,10552
2026-09-05T05:55:59Z,822b65f405d1f87e722ec0c7e5cfc5fb35d1e9a2,7090,size_in_bytes,lib/ocaml/compiler-libs/flambda2_terms__Apply_expr.cmi,74127
2026-09-05T05:55:59Z,822b65f405d1f87e722ec0c7e5cfc5fb35d1e9a2,7090,size_in_bytes,lib/ocaml/compiler-libs/arm64_binary_emitter__Bitfield_helpers.cmi,1974
2026-09-05T05:55:59Z,822b65f405d1f87e722ec0c7e5cfc5fb35d1e9a2,7090,size_in_bytes,lib/ocaml/compiler-libs/ir_config_fingerprint.cmi,2475
2026-09-05T05:55:59Z,822b65f405d1f87e722ec0c7e5cfc5fb35d1e9a2,7090,size_in_bytes,lib/ocaml/compiler-libs/flambda2_terms__Static_const.cmi,80602
2026-09-05T05:55:59Z,822b65f405d1f87e722ec0c7e5cfc5fb35d1e9a2,7090,size_in_bytes,lib/ocaml/compiler-libs/arm64_binary_emitter__Branch_helpers.cmi,5224
2026-09-05T05:55:59Z,822b65f405d1f87e722ec0c7e5cfc5fb35d1e9a2,7090,size_in_bytes,lib/ocaml/compiler-libs/flambda2_terms__Set_of_closures.cmi,65072
2026-09-05T05:55:59Z,822b65f405d1f87e722ec0c7e5cfc5fb35d1e9a2,7090,size_in_bytes,lib/ocaml/compiler-libs/cmxs_format.cmi,2858
2026-09-05T05:55:59Z,822b65f405d1f87e722ec0c7e5cfc5fb35d1e9a2,7090,size_in_bytes,lib/ocaml/compiler-libs/flambda2_datalog.cmi,172490
2026-09-05T05:55:59Z,822b65f405d1f87e722ec0c7e5cfc5fb35d1e9a2,7090,size_in_bytes,lib/ocaml/compiler-libs/flambda2_terms__Inline_attribute.cmi,8035
2026-09-05T05:55:59Z,822b65f405d1f87e722ec0c7e5cfc5fb35d1e9a2,7090,size_in_bytes,lib/ocaml/compiler-libs/flambda2_identifiers__Named_rewrite_id.cmi,56337
2026-09-05T05:55:59Z,822b65f405d1f87e722ec0c7e5cfc5fb35d1e9a2,7090,size_in_bytes,lib/ocaml/compiler-libs/rawprinttyp.cmi,2912
2026-09-05T05:55:59Z,822b65f405d1f87e722ec0c7e5cfc5fb35d1e9a2,7090,size_in_bytes,lib/ocaml/compiler-libs/diffing_with_keys.cmi,7922
2026-09-05T05:55:59Z,822b65f405d1f87e722ec0c7e5cfc5fb35d1e9a2,7090,size_in_bytes,lib/ocaml/compiler-libs/profile.cmi,7884
2026-09-05T05:55:59Z,822b65f405d1f87e722ec0c7e5cfc5fb35d1e9a2,7090,size_in_bytes,lib/ocaml/compiler-libs/asmgen.cmi,16715
2026-09-05T05:55:59Z,822b65f405d1f87e722ec0c7e5cfc5fb35d1e9a2,7090,size_in_bytes,lib/ocaml/compiler-libs/flambda2_simplify__Simplify_primitive.cmi,11467
2026-09-05T05:55:59Z,822b65f405d1f87e722ec0c7e5cfc5fb35d1e9a2,7090,size_in_bytes,lib/ocaml/compiler-libs/targetint.cmi,10827
2026-09-05T05:55:59Z,822b65f405d1f87e722ec0c7e5cfc5fb35d1e9a2,7090,size_in_bytes,lib/ocaml/compiler-libs/solver.cmi,33708
2026-09-05T05:55:59Z,822b65f405d1f87e722ec0c7e5cfc5fb35d1e9a2,7090,size_in_bytes,lib/ocaml/compiler-libs/zero_alloc.cmi,5912
2026-09-05T05:55:59Z,822b65f405d1f87e722ec0c7e5cfc5fb35d1e9a2,7090,size_in_bytes,lib/ocaml/compiler-libs/flambda2_simplify__Simplify.cmi,11229
2026-09-05T05:55:59Z,822b65f405d1f87e722ec0c7e5cfc5fb35d1e9a2,7090,size_in_bytes,lib/ocaml/compiler-libs/dwarf_low__Debugging_information_entry.cmi,4729
2026-09-05T05:55:59Z,822b65f405d1f87e722ec0c7e5cfc5fb35d1e9a2,7090,size_in_bytes,lib/ocaml/compiler-libs/allowance.cmi,5758
2026-09-05T05:55:59Z,822b65f405d1f87e722ec0c7e5cfc5fb35d1e9a2,7090,size_in_bytes,lib/ocaml/compiler-libs/flambda2_simplify__Continuation_in_env.cmi,11320
2026-09-05T05:55:59Z,822b65f405d1f87e722ec0c7e5cfc5fb35d1e9a2,7090,size_in_bytes,lib/ocaml/compiler-libs/makedepend.cmi,671
2026-09-05T05:55:59Z,822b65f405d1f87e722ec0c7e5cfc5fb35d1e9a2,7090,size_in_bytes,lib/ocaml/compiler-libs/flambda2_from_lambda__Lambda_to_flambda_primitives.cmi,11738
2026-09-05T05:55:59Z,822b65f405d1f87e722ec0c7e5cfc5fb35d1e9a2,7090,size_in_bytes,lib/ocaml/compiler-libs/flambda2_to_jsir__To_jsir.cmi,10494
2026-09-05T05:55:59Z,822b65f405d1f87e722ec0c7e5cfc5fb35d1e9a2,7090,size_in_bytes,lib/ocaml/compiler-libs/flambda2_to_jsir__To_jsir_shared.cmi,13878
2026-09-05T05:55:59Z,822b65f405d1f87e722ec0c7e5cfc5fb35d1e9a2,7090,size_in_bytes,lib/ocaml/compiler-libs/flambda2_floats.cmi,348
2026-09-05T05:55:59Z,822b65f405d1f87e722ec0c7e5cfc5fb35d1e9a2,7090,size_in_bytes,lib/ocaml/compiler-libs/ast_mapper.cmi,24944
2026-09-05T05:55:59Z,822b65f405d1f87e722ec0c7e5cfc5fb35d1e9a2,7090,size_in_bytes,lib/ocaml/compiler-libs/flambda2_simplify__Downwards_acc.cmi,32078
2026-09-05T05:55:59Z,822b65f405d1f87e722ec0c7e5cfc5fb35d1e9a2,7090,size_in_bytes,lib/ocaml/compiler-libs/dwarf_high.cmi,1028
2026-09-05T05:55:59Z,822b65f405d1f87e722ec0c7e5cfc5fb35d1e9a2,7090,size_in_bytes,lib/ocaml/compiler-libs/igot.cmi,4594
2026-09-05T05:55:59Z,822b65f405d1f87e722ec0c7e5cfc5fb35d1e9a2,7090,size_in_bytes,lib/ocaml/compiler-libs/flambda2_cmx.cmi,600
2026-09-05T05:55:59Z,822b65f405d1f87e722ec0c7e5cfc5fb35d1e9a2,7090,size_in_bytes,lib/ocaml/compiler-libs/flambda2_simplify_shared__Inlining_report.cmi,41263
2026-09-05T05:55:59Z,822b65f405d1f87e722ec0c7e5cfc5fb35d1e9a2,7090,size_in_bytes,lib/ocaml/compiler-libs/compute_ranges.cmi,16071
2026-09-05T05:55:59Z,822b65f405d1f87e722ec0c7e5cfc5fb35d1e9a2,7090,size_in_bytes,lib/ocaml/compiler-libs/internal_assembler.cmi,2385
2026-09-05T05:55:59Z,822b65f405d1f87e722ec0c7e5cfc5fb35d1e9a2,7090,size_in_bytes,lib/ocaml/compiler-libs/global_module.cmi,170478
2026-09-05T05:55:59Z,822b65f405d1f87e722ec0c7e5cfc5fb35d1e9a2,7090,size_in_bytes,lib/ocaml/compiler-libs/hash_consed.cmi,5323
2026-09-05T05:55:59Z,822b65f405d1f87e722ec0c7e5cfc5fb35d1e9a2,7090,size_in_bytes,lib/ocaml/compiler-libs/main_args.cmi,262484
2026-09-05T05:55:59Z,822b65f405d1f87e722ec0c7e5cfc5fb35d1e9a2,7090,size_in_bytes,lib/ocaml/compiler-libs/flambda2_types__Binding_time.cmi,59977
2026-09-05T05:55:59Z,822b65f405d1f87e722ec0c7e5cfc5fb35d1e9a2,7090,size_in_bytes,lib/ocaml/compiler-libs/flambda2_to_cmm__To_cmm_result.cmi,15458
2026-09-05T05:55:59Z,822b65f405d1f87e722ec0c7e5cfc5fb35d1e9a2,7090,size_in_bytes,lib/ocaml/compiler-libs/branch_relaxation_intf.cmi,13187
2026-09-05T05:55:59Z,822b65f405d1f87e722ec0c7e5cfc5fb35d1e9a2,7090,size_in_bytes,lib/ocaml/compiler-libs/parser_types.cmi,3323
2026-09-05T05:55:59Z,822b65f405d1f87e722ec0c7e5cfc5fb35d1e9a2,7090,size_in_bytes,lib/ocaml/compiler-libs/build_igot_and_iplt.cmi,2435
2026-09-05T05:55:59Z,822b65f405d1f87e722ec0c7e5cfc5fb35d1e9a2,7090,size_in_bytes,lib/ocaml/compiler-libs/camlinternalMenhirLib.cmi,151119
2026-09-05T05:55:59Z,822b65f405d1f87e722ec0c7e5cfc5fb35d1e9a2,7090,size_in_bytes,lib/ocaml/compiler-libs/emitaux.cmi,27325
2026-09-05T05:55:59Z,822b65f405d1f87e722ec0c7e5cfc5fb35d1e9a2,7090,size_in_bytes,lib/ocaml/compiler-libs/jkind_intf.cmi,37295
2026-09-05T05:55:59Z,822b65f405d1f87e722ec0c7e5cfc5fb35d1e9a2,7090,size_in_bytes,lib/ocaml/compiler-libs/flambda2_simplify__Continuation_uses.cmi,14937
2026-09-05T05:55:59Z,822b65f405d1f87e722ec0c7e5cfc5fb35d1e9a2,7090,size_in_bytes,lib/ocaml/compiler-libs/flambda2_types__Meet.cmi,7916
2026-09-05T05:55:59Z,822b65f405d1f87e722ec0c7e5cfc5fb35d1e9a2,7090,size_in_bytes,lib/ocaml/compiler-libs/flambda2_algorithms__Table_by_int_id.cmi,5113
2026-09-05T05:55:59Z,822b65f405d1f87e722ec0c7e5cfc5fb35d1e9a2,7090,size_in_bytes,lib/ocaml/compiler-libs/env.cmi,144145
2026-09-05T05:55:59Z,822b65f405d1f87e722ec0c7e5cfc5fb35d1e9a2,7090,size_in_bytes,lib/ocaml/compiler-libs/untypeast.cmi,20504
2026-09-05T05:55:59Z,822b65f405d1f87e722ec0c7e5cfc5fb35d1e9a2,7090,size_in_bytes,lib/ocaml/compiler-libs/flambda2_bound_identifiers__Alloc_mode.cmi,17483
2026-09-05T05:55:59Z,822b65f405d1f87e722ec0c7e5cfc5fb35d1e9a2,7090,size_in_bytes,lib/ocaml/compiler-libs/types.cmi,237830
2026-09-05T05:55:59Z,822b65f405d1f87e722ec0c7e5cfc5fb35d1e9a2,7090,size_in_bytes,lib/ocaml/compiler-libs/printoperation.cmi,12094
2026-09-05T05:55:59Z,822b65f405d1f87e722ec0c7e5cfc5fb35d1e9a2,7090,size_in_bytes,lib/ocaml/compiler-libs/vicuna_traverse_typed_tree.cmi,2869
2026-09-05T05:55:59Z,822b65f405d1f87e722ec0c7e5cfc5fb35d1e9a2,7090,size_in_bytes,lib/ocaml/compiler-libs/regalloc_ls_utils.cmi,23881
2026-09-05T05:55:59Z,822b65f405d1f87e722ec0c7e5cfc5fb35d1e9a2,7090,size_in_bytes,lib/ocaml/compiler-libs/arm64_binary_emitter__Relocation.cmi,7128
2026-09-05T05:55:59Z,822b65f405d1f87e722ec0c7e5cfc5fb35d1e9a2,7090,size_in_bytes,lib/ocaml/compiler-libs/jit_backend.cmi,21862
2026-09-05T05:55:59Z,822b65f405d1f87e722ec0c7e5cfc5fb35d1e9a2,7090,size_in_bytes,lib/ocaml/compiler-libs/flambda2_terms__Expr_std.cmi,8394
2026-09-05T05:55:59Z,822b65f405d1f87e722ec0c7e5cfc5fb35d1e9a2,7090,size_in_bytes,lib/ocaml/compiler-libs/cfg_loop_infos.cmi,14492
2026-09-05T05:55:59Z,822b65f405d1f87e722ec0c7e5cfc5fb35d1e9a2,7090,size_in_bytes,lib/ocaml/compiler-libs/cfg_selectgen.cmi,11105
2026-09-05T05:55:59Z,822b65f405d1f87e722ec0c7e5cfc5fb35d1e9a2,7090,size_in_bytes,lib/ocaml/compiler-libs/unit_info.cmi,13339
2026-09-05T05:55:59Z,822b65f405d1f87e722ec0c7e5cfc5fb35d1e9a2,7090,size_in_bytes,lib/ocaml/compiler-libs/flambda2_simplify__Call_site_inlining_decision.cmi,12528
2026-09-05T05:55:59Z,822b65f405d1f87e722ec0c7e5cfc5fb35d1e9a2,7090,size_in_bytes,lib/ocaml/compiler-libs/pprintast.cmi,11811
2026-09-05T05:55:59Z,822b65f405d1f87e722ec0c7e5cfc5fb35d1e9a2,7090,size_in_bytes,lib/ocaml/compiler-libs/dwarf_low.cmi,6322
2026-09-05T05:55:59Z,822b65f405d1f87e722ec0c7e5cfc5fb35d1e9a2,7090,size_in_bytes,lib/ocaml/compiler-libs/x86_ast.cmi,17417
2026-09-05T05:55:59Z,822b65f405d1f87e722ec0c7e5cfc5fb35d1e9a2,7090,size_in_bytes,lib/ocaml/compiler-libs/dwarf_low__Range_list_entry.cmi,3547
2026-09-05T05:55:59Z,822b65f405d1f87e722ec0c7e5cfc5fb35d1e9a2,7090,size_in_bytes,lib/ocaml/compiler-libs/stack_check.cmi,10279
2026-09-05T05:55:59Z,822b65f405d1f87e722ec0c7e5cfc5fb35d1e9a2,7090,size_in_bytes,lib/ocaml/compiler-libs/flambda2_simplify__Is_unboxing_beneficial.cmi,9198
2026-09-05T05:55:59Z,822b65f405d1f87e722ec0c7e5cfc5fb35d1e9a2,7090,size_in_bytes,lib/ocaml/compiler-libs/persistent_env.cmi,34488
2026-09-05T05:55:59Z,822b65f405d1f87e722ec0c7e5cfc5fb35d1e9a2,7090,size_in_bytes,lib/ocaml/compiler-libs/optpackager.cmi,20382
2026-09-05T05:55:59Z,822b65f405d1f87e722ec0c7e5cfc5fb35d1e9a2,7090,size_in_bytes,lib/ocaml/compiler-libs/compenv.cmi,12118
2026-09-05T05:55:59Z,822b65f405d1f87e722ec0c7e5cfc5fb35d1e9a2,7090,size_in_bytes,lib/ocaml/compiler-libs/flambda2_simplify__Unbox_continuation_params.cmi,12869
2026-09-05T05:55:59Z,822b65f405d1f87e722ec0c7e5cfc5fb35d1e9a2,7090,size_in_bytes,lib/ocaml/compiler-libs/dwarf.cmi,16559
2026-09-05T05:55:59Z,822b65f405d1f87e722ec0c7e5cfc5fb35d1e9a2,7090,size_in_bytes,lib/ocaml/compiler-libs/cfg_liveness.cmi,16436
2026-09-05T05:55:59Z,822b65f405d1f87e722ec0c7e5cfc5fb35d1e9a2,7090,size_in_bytes,lib/ocaml/compiler-libs/flambda2_simplify__Simplify_set_of_closures.cmi,13955
2026-09-05T05:55:59Z,822b65f405d1f87e722ec0c7e5cfc5fb35d1e9a2,7090,size_in_bytes,lib/ocaml/compiler-libs/runtimetags.cmi,2469
2026-09-05T05:55:59Z,822b65f405d1f87e722ec0c7e5cfc5fb35d1e9a2,7090,size_in_bytes,lib/ocaml/str/str.cmi,10552
2026-09-05T05:55:59Z,822b65f405d1f87e722ec0c7e5cfc5fb35d1e9a2,7090,size_in_bytes,lib/ocaml/ocaml-jit/jit.cmi,5362
2026-09-05T05:55:59Z,822b65f405d1f87e722ec0c7e5cfc5fb35d1e9a2,7090,size_in_bytes,lib/ocaml/stdlib_alpha/stdlib_alpha.cmi,231
2026-09-05T05:55:59Z,822b65f405d1f87e722ec0c7e5cfc5fb35d1e9a2,7090,size_in_bytes,lib/ocaml/runtime_events/runtime_events.cmi,17035
2026-09-05T05:55:59Z,822b65f405d1f87e722ec0c7e5cfc5fb35d1e9a2,7090,size_in_bytes,lib/ocaml/threads/thread.cmi,8412
2026-09-05T05:55:59Z,822b65f405d1f87e722ec0c7e5cfc5fb35d1e9a2,7090,size_in_bytes,lib/ocaml/threads/multicore.cmi,2235
2026-09-05T05:55:59Z,822b65f405d1f87e722ec0c7e5cfc5fb35d1e9a2,7090,size_in_bytes,lib/ocaml/threads/event.cmi,4179
2026-09-05T05:55:59Z,822b65f405d1f87e722ec0c7e5cfc5fb35d1e9a2,7090,size_in_bytes,lib/ocaml/stdlib_stable/stdlib_stable__Int16.cmi,10624
2026-09-05T05:55:59Z,822b65f405d1f87e722ec0c7e5cfc5fb35d1e9a2,7090,size_in_bytes,lib/ocaml/stdlib_stable/stdlib_stable__Idx_imm.cmi,3638
2026-09-05T05:55:59Z,822b65f405d1f87e722ec0c7e5cfc5fb35d1e9a2,7090,size_in_bytes,lib/ocaml/stdlib_stable/stdlib_stable__Float32_u.cmi,33158
2026-09-05T05:55:59Z,822b65f405d1f87e722ec0c7e5cfc5fb35d1e9a2,7090,size_in_bytes,lib/ocaml/stdlib_stable/stdlib_stable__.cmi,2104
2026-09-05T05:55:59Z,822b65f405d1f87e722ec0c7e5cfc5fb35d1e9a2,7090,size_in_bytes,lib/ocaml/stdlib_stable/stdlib_stable__Idx_atomic.cmi,7259
2026-09-05T05:55:59Z,822b65f405d1f87e722ec0c7e5cfc5fb35d1e9a2,7090,size_in_bytes,lib/ocaml/stdlib_stable/stdlib_stable__Char_u.cmi,3524
2026-09-05T05:55:59Z,822b65f405d1f87e722ec0c7e5cfc5fb35d1e9a2,7090,size_in_bytes,lib/ocaml/stdlib_stable/stdlib_stable__IarrayLabels.cmi,45824
2026-09-05T05:55:59Z,822b65f405d1f87e722ec0c7e5cfc5fb35d1e9a2,7090,size_in_bytes,lib/ocaml/stdlib_stable/stdlib_stable__Iarray.cmi,17509
2026-09-05T05:55:59Z,822b65f405d1f87e722ec0c7e5cfc5fb35d1e9a2,7090,size_in_bytes,lib/ocaml/stdlib_stable/stdlib_stable__Int8.cmi,10558
2026-09-05T05:55:59Z,822b65f405d1f87e722ec0c7e5cfc5fb35d1e9a2,7090,size_in_bytes,lib/ocaml/stdlib_stable/stdlib_stable__Int8_u.cmi,11646
2026-09-05T05:55:59Z,822b65f405d1f87e722ec0c7e5cfc5fb35d1e9a2,7090,size_in_bytes,lib/ocaml/stdlib_stable/stdlib_stable__Or_null.cmi,6912
2026-09-05T05:55:59Z,822b65f405d1f87e722ec0c7e5cfc5fb35d1e9a2,7090,size_in_bytes,lib/ocaml/stdlib_stable/stdlib_stable__Int_u.cmi,10983
2026-09-05T05:55:59Z,822b65f405d1f87e722ec0c7e5cfc5fb35d1e9a2,7090,size_in_bytes,lib/ocaml/stdlib_stable/stdlib_stable.cmi,1252
2026-09-05T05:55:59Z,822b65f405d1f87e722ec0c7e5cfc5fb35d1e9a2,7090,size_in_bytes,lib/ocaml/stdlib_stable/stdlib_stable__Int.cmi,10382
2026-09-05T05:55:59Z,822b65f405d1f87e722ec0c7e5cfc5fb35d1e9a2,7090,size_in_bytes,lib/ocaml/stdlib_stable/stdlib_stable__Int16_u.cmi,11720
2026-09-05T05:55:59Z,822b65f405d1f87e722ec0c7e5cfc5fb35d1e9a2,7090,size_in_bytes,lib/ocaml/stdlib_stable/stdlib_stable__Idx_mut.cmi,4215
2026-09-05T05:55:59Z,822b65f405d1f87e722ec0c7e5cfc5fb35d1e9a2,7090,size_in_bytes,lib/ocaml/stdlib_stable/stdlib_stable__Float32.cmi,46139
2026-09-05T05:55:59Z,822b65f405d1f87e722ec0c7e5cfc5fb35d1e9a2,7090,size_in_bytes,lib/ocaml/unix/unixLabels.cmi,93843
2026-09-05T05:55:59Z,822b65f405d1f87e722ec0c7e5cfc5fb35d1e9a2,7090,size_in_bytes,lib/ocaml/unix/unix.cmi,91439
2026-09-05T05:55:59Z,822b65f405d1f87e722ec0c7e5cfc5fb35d1e9a2,7090,size_in_bytes,lib/ocaml/compiler_owee.cmx,1042
2026-09-05T05:55:59Z,822b65f405d1f87e722ec0c7e5cfc5fb35d1e9a2,7090,size_in_bytes,lib/ocaml/stdlib__Unit.cmx,3758
2026-09-05T05:55:59Z,822b65f405d1f87e722ec0c7e5cfc5fb35d1e9a2,7090,size_in_bytes,lib/ocaml/compiler_owee__Owee_graph.cmx,167171
2026-09-05T05:55:59Z,822b65f405d1f87e722ec0c7e5cfc5fb35d1e9a2,7090,size_in_bytes,lib/ocaml/stdlib__Char.cmx,58388
2026-09-05T05:55:59Z,822b65f405d1f87e722ec0c7e5cfc5fb35d1e9a2,7090,size_in_bytes,lib/ocaml/stdlib__BytesLabels.cmx,8847
2026-09-05T05:55:59Z,822b65f405d1f87e722ec0c7e5cfc5fb35d1e9a2,7090,size_in_bytes,lib/ocaml/stdlib__Bytes.cmx,366920
2026-09-05T05:55:59Z,822b65f405d1f87e722ec0c7e5cfc5fb35d1e9a2,7090,size_in_bytes,lib/ocaml/compiler_owee__Owee_marker.cmx,105010
2026-09-05T05:55:59Z,822b65f405d1f87e722ec0c7e5cfc5fb35d1e9a2,7090,size_in_bytes,lib/ocaml/compiler_owee__Owee_elf.cmx,388377
2026-09-05T05:55:59Z,822b65f405d1f87e722ec0c7e5cfc5fb35d1e9a2,7090,size_in_bytes,lib/ocaml/camlinternalMod.cmx,3066
2026-09-05T05:55:59Z,822b65f405d1f87e722ec0c7e5cfc5fb35d1e9a2,7090,size_in_bytes,lib/ocaml/stdlib__Stack.cmx,36139
2026-09-05T05:55:59Z,822b65f405d1f87e722ec0c7e5cfc5fb35d1e9a2,7090,size_in_bytes,lib/ocaml/compiler_owee__Owee_macho.cmx,104676
2026-09-05T05:55:59Z,822b65f405d1f87e722ec0c7e5cfc5fb35d1e9a2,7090,size_in_bytes,lib/ocaml/stdlib__In_channel.cmx,19086
2026-09-05T05:55:59Z,822b65f405d1f87e722ec0c7e5cfc5fb35d1e9a2,7090,size_in_bytes,lib/ocaml/stdlib__Printf.cmx,72533
2026-09-05T05:55:59Z,822b65f405d1f87e722ec0c7e5cfc5fb35d1e9a2,7090,size_in_bytes,lib/ocaml/stdlib__Filename.cmx,354248
2026-09-05T05:55:59Z,822b65f405d1f87e722ec0c7e5cfc5fb35d1e9a2,7090,size_in_bytes,lib/ocaml/stdlib__Atomic.cmx,6384
2026-09-05T05:55:59Z,822b65f405d1f87e722ec0c7e5cfc5fb35d1e9a2,7090,size_in_bytes,lib/ocaml/stdlib__Ephemeron.cmx,930936
2026-09-05T05:55:59Z,822b65f405d1f87e722ec0c7e5cfc5fb35d1e9a2,7090,size_in_bytes,lib/ocaml/stdlib__Modes.cmx,861
2026-09-05T05:55:59Z,822b65f405d1f87e722ec0c7e5cfc5fb35d1e9a2,7090,size_in_bytes,lib/ocaml/stdlib__Fun.cmx,13682
2026-09-05T05:55:59Z,822b65f405d1f87e722ec0c7e5cfc5fb35d1e9a2,7090,size_in_bytes,lib/ocaml/camlinternalOO.cmx,33599
2026-09-05T05:55:59Z,822b65f405d1f87e722ec0c7e5cfc5fb35d1e9a2,7090,size_in_bytes,lib/ocaml/stdlib__Uchar.cmx,47203
2026-09-05T05:55:59Z,822b65f405d1f87e722ec0c7e5cfc5fb35d1e9a2,7090,size_in_bytes,lib/ocaml/stdlib__Type.cmx,5624
2026-09-05T05:55:59Z,822b65f405d1f87e722ec0c7e5cfc5fb35d1e9a2,7090,size_in_bytes,lib/ocaml/compiler_owee__Owee_location.cmx,39058
2026-09-05T05:55:59Z,822b65f405d1f87e722ec0c7e5cfc5fb35d1e9a2,7090,size_in_bytes,lib/ocaml/stdlib__Int64.cmx,34499
2026-09-05T05:55:59Z,822b65f405d1f87e722ec0c7e5cfc5fb35d1e9a2,7090,size_in_bytes,lib/ocaml/dynlink_compilerlibs__Ldd_intf.cmx,2329
2026-09-05T05:55:59Z,822b65f405d1f87e722ec0c7e5cfc5fb35d1e9a2,7090,size_in_bytes,lib/ocaml/compiler_owee__Owee_debug_line.cmx,19605
2026-09-05T05:55:59Z,822b65f405d1f87e722ec0c7e5cfc5fb35d1e9a2,7090,size_in_bytes,lib/ocaml/compiler_owee__Owee_elf_relocation.cmx,61340
2026-09-05T05:55:59Z,822b65f405d1f87e722ec0c7e5cfc5fb35d1e9a2,7090,size_in_bytes,lib/ocaml/stdlib__Callback.cmx,11660
2026-09-05T05:55:59Z,822b65f405d1f87e722ec0c7e5cfc5fb35d1e9a2,7090,size_in_bytes,lib/ocaml/dynlink_compilerlibs__Misc.cmx,2113928
2026-09-05T05:55:59Z,822b65f405d1f87e722ec0c7e5cfc5fb35d1e9a2,7090,size_in_bytes,lib/ocaml/stdlib__Condition.cmx,6707
2026-09-05T05:55:59Z,822b65f405d1f87e722ec0c7e5cfc5fb35d1e9a2,7090,size_in_bytes,lib/ocaml/stdlib__String.cmx,278717
2026-09-05T05:55:59Z,822b65f405d1f87e722ec0c7e5cfc5fb35d1e9a2,7090,size_in_bytes,lib/ocaml/dynlink_compilerlibs__Ldd.cmx,655691
2026-09-05T05:55:59Z,822b65f405d1f87e722ec0c7e5cfc5fb35d1e9a2,7090,size_in_bytes,lib/ocaml/stdlib__ListLabels.cmx,6746
2026-09-05T05:55:59Z,822b65f405d1f87e722ec0c7e5cfc5fb35d1e9a2,7090,size_in_bytes,lib/ocaml/stdlib__Seq.cmx,170361
2026-09-05T05:55:59Z,822b65f405d1f87e722ec0c7e5cfc5fb35d1e9a2,7090,size_in_bytes,lib/ocaml/stdlib__Int32.cmx,34168
2026-09-05T05:55:59Z,822b65f405d1f87e722ec0c7e5cfc5fb35d1e9a2,7090,size_in_bytes,lib/ocaml/camlinternalLazy.cmx,29831
2026-09-05T05:55:59Z,822b65f405d1f87e722ec0c7e5cfc5fb35d1e9a2,7090,size_in_bytes,lib/ocaml/camlinternalQuote.cmx,437542
2026-09-05T05:55:59Z,822b65f405d1f87e722ec0c7e5cfc5fb35d1e9a2,7090,size_in_bytes,lib/ocaml/stdlib__Int.cmx,13049
2026-09-05T05:55:59Z,822b65f405d1f87e722ec0c7e5cfc5fb35d1e9a2,7090,size_in_bytes,lib/ocaml/stdlib__Gc.cmx,44298
2026-09-05T05:55:59Z,822b65f405d1f87e722ec0c7e5cfc5fb35d1e9a2,7090,size_in_bytes,lib/ocaml/compiler_owee__Owee_elf_notes.cmx,121203
2026-09-05T05:55:59Z,822b65f405d1f87e722ec0c7e5cfc5fb35d1e9a2,7090,size_in_bytes,lib/ocaml/gc_timings.cmx,5047
2026-09-05T05:55:59Z,822b65f405d1f87e722ec0c7e5cfc5fb35d1e9a2,7090,size_in_bytes,lib/ocaml/stdlib__Weak.cmx,235717
2026-09-05T05:55:59Z,822b65f405d1f87e722ec0c7e5cfc5fb35d1e9a2,7090,size_in_bytes,lib/ocaml/eval.cmx,37011
2026-09-05T05:55:59Z,822b65f405d1f87e722ec0c7e5cfc5fb35d1e9a2,7090,size_in_bytes,lib/ocaml/stdlib__Pqueue.cmx,78320
2026-09-05T05:55:59Z,822b65f405d1f87e722ec0c7e5cfc5fb35d1e9a2,7090,size_in_bytes,lib/ocaml/stdlib__Float.cmx,213460
2026-09-05T05:55:59Z,822b65f405d1f87e722ec0c7e5cfc5fb35d1e9a2,7090,size_in_bytes,lib/ocaml/stdlib__Pair.cmx,11016
2026-09-05T05:55:59Z,822b65f405d1f87e722ec0c7e5cfc5fb35d1e9a2,7090,size_in_bytes,lib/ocaml/stdlib__Parsing.cmx,65576
2026-09-05T05:55:59Z,822b65f405d1f87e722ec0c7e5cfc5fb35d1e9a2,7090,size_in_bytes,lib/ocaml/compiler_owee__Unix_intf.cmx,775
2026-09-05T05:55:59Z,822b65f405d1f87e722ec0c7e5cfc5fb35d1e9a2,7090,size_in_bytes,lib/ocaml/stdlib__Option.cmx,29460
2026-09-05T05:55:59Z,822b65f405d1f87e722ec0c7e5cfc5fb35d1e9a2,7090,size_in_bytes,lib/ocaml/compiler_owee__Owee_traverse.cmx,88739
2026-09-05T05:55:59Z,822b65f405d1f87e722ec0c7e5cfc5fb35d1e9a2,7090,size_in_bytes,lib/ocaml/stdlib__Dynamic.cmx,8090
2026-09-05T05:55:59Z,822b65f405d1f87e722ec0c7e5cfc5fb35d1e9a2,7090,size_in_bytes,lib/ocaml/stdlib__Semaphore.cmx,8409
2026-09-05T05:55:59Z,822b65f405d1f87e722ec0c7e5cfc5fb35d1e9a2,7090,size_in_bytes,lib/ocaml/stdlib__Either.cmx,29163
2026-09-05T05:55:59Z,822b65f405d1f87e722ec0c7e5cfc5fb35d1e9a2,7090,size_in_bytes,lib/ocaml/camlinternalComprehension.cmx,6442
2026-09-05T05:55:59Z,822b65f405d1f87e722ec0c7e5cfc5fb35d1e9a2,7090,size_in_bytes,lib/ocaml/stdlib__Oo.cmx,904
2026-09-05T05:55:59Z,822b65f405d1f87e722ec0c7e5cfc5fb35d1e9a2,7090,size_in_bytes,lib/ocaml/stdlib__StdLabels.cmx,604
2026-09-05T05:55:59Z,822b65f405d1f87e722ec0c7e5cfc5fb35d1e9a2,7090,size_in_bytes,lib/ocaml/camlinternalFormatBasics.cmx,11617
2026-09-05T05:55:59Z,822b65f405d1f87e722ec0c7e5cfc5fb35d1e9a2,7090,size_in_bytes,lib/ocaml/compiler_owee__Owee_linux_maps.cmx,41999
2026-09-05T05:55:59Z,822b65f405d1f87e722ec0c7e5cfc5fb35d1e9a2,7090,size_in_bytes,lib/ocaml/stdlib__Mutex.cmx,6939
2026-09-05T05:55:59Z,822b65f405d1f87e722ec0c7e5cfc5fb35d1e9a2,7090,size_in_bytes,lib/ocaml/stdlib__Backoff.cmx,8646
2026-09-05T05:55:59Z,822b65f405d1f87e722ec0c7e5cfc5fb35d1e9a2,7090,size_in_bytes,lib/ocaml/stdlib__Digest.cmx,211128
2026-09-05T05:55:59Z,822b65f405d1f87e722ec0c7e5cfc5fb35d1e9a2,7090,size_in_bytes,lib/ocaml/stdlib__Lexing.cmx,90630
2026-09-05T05:55:59Z,822b65f405d1f87e722ec0c7e5cfc5fb35d1e9a2,7090,size_in_bytes,lib/ocaml/stdlib__Result.cmx,47933
2026-09-05T05:55:59Z,822b65f405d1f87e722ec0c7e5cfc5fb35d1e9a2,7090,size_in_bytes,lib/ocaml/stdlib.cmx,211686
2026-09-05T05:55:59Z,822b65f405d1f87e722ec0c7e5cfc5fb35d1e9a2,7090,size_in_bytes,lib/ocaml/stdlib__Out_channel.cmx,14593
2026-09-05T05:55:59Z,822b65f405d1f87e722ec0c7e5cfc5fb35d1e9a2,7090,size_in_bytes,lib/ocaml/stdlib__Set.cmx,788629
2026-09-05T05:55:59Z,822b65f405d1f87e722ec0c7e5cfc5fb35d1e9a2,7090,size_in_bytes,lib/ocaml/stdlib__Nativeint.cmx,35684
2026-09-05T05:55:59Z,822b65f405d1f87e722ec0c7e5cfc5fb35d1e9a2,7090,size_in_bytes,lib/ocaml/compiler_owee__Owee_elf_string_table.cmx,25523
2026-09-05T05:55:59Z,822b65f405d1f87e722ec0c7e5cfc5fb35d1e9a2,7090,size_in_bytes,lib/ocaml/dynlink_compilerlibs__Axis_lattice.cmx,192754
2026-09-05T05:55:59Z,822b65f405d1f87e722ec0c7e5cfc5fb35d1e9a2,7090,size_in_bytes,lib/ocaml/stdlib__ArrayLabels.cmx,4644
2026-09-05T05:55:59Z,822b65f405d1f87e722ec0c7e5cfc5fb35d1e9a2,7090,size_in_bytes,lib/ocaml/stdlib__Map.cmx,791609
2026-09-05T05:55:59Z,822b65f405d1f87e722ec0c7e5cfc5fb35d1e9a2,7090,size_in_bytes,lib/ocaml/compiler_owee__Owee_object.cmx,189510
2026-09-05T05:55:59Z,822b65f405d1f87e722ec0c7e5cfc5fb35d1e9a2,7090,size_in_bytes,lib/ocaml/stdlib__Hashtbl.cmx,473343
2026-09-05T05:55:59Z,822b65f405d1f87e722ec0c7e5cfc5fb35d1e9a2,7090,size_in_bytes,lib/ocaml/stdlib__Array.cmx,201281
2026-09-05T05:55:59Z,822b65f405d1f87e722ec0c7e5cfc5fb35d1e9a2,7090,size_in_bytes,lib/ocaml/stdlib__StringLabels.cmx,6891
2026-09-05T05:55:59Z,822b65f405d1f87e722ec0c7e5cfc5fb35d1e9a2,7090,size_in_bytes,lib/ocaml/stdlib__Repr.cmx,753
2026-09-05T05:55:59Z,822b65f405d1f87e722ec0c7e5cfc5fb35d1e9a2,7090,size_in_bytes,lib/ocaml/stdlib__List.cmx,202572
2026-09-05T05:55:59Z,822b65f405d1f87e722ec0c7e5cfc5fb35d1e9a2,7090,size_in_bytes,lib/ocaml/stdlib__Queue.cmx,53790
2026-09-05T05:55:59Z,822b65f405d1f87e722ec0c7e5cfc5fb35d1e9a2,7090,size_in_bytes,lib/ocaml/stdlib__Quote.cmx,9525
2026-09-05T05:55:59Z,822b65f405d1f87e722ec0c7e5cfc5fb35d1e9a2,7090,size_in_bytes,lib/ocaml/stdlib__Dynarray.cmx,56548
2026-09-05T05:55:59Z,822b65f405d1f87e722ec0c7e5cfc5fb35d1e9a2,7090,size_in_bytes,lib/ocaml/stdlib__Domain.cmx,234330
2026-09-05T05:55:59Z,822b65f405d1f87e722ec0c7e5cfc5fb35d1e9a2,7090,size_in_bytes,lib/ocaml/stdlib__Scanf.cmx,269733
2026-09-05T05:55:59Z,822b65f405d1f87e722ec0c7e5cfc5fb35d1e9a2,7090,size_in_bytes,lib/ocaml/stdlib__MoreLabels.cmx,1115
2026-09-05T05:55:59Z,822b65f405d1f87e722ec0c7e5cfc5fb35d1e9a2,7090,size_in_bytes,lib/ocaml/stdlib__Bigarray.cmx,137565
2026-09-05T05:55:59Z,822b65f405d1f87e722ec0c7e5cfc5fb35d1e9a2,7090,size_in_bytes,lib/ocaml/stdlib__Buffer.cmx,236694
2026-09-05T05:55:59Z,822b65f405d1f87e722ec0c7e5cfc5fb35d1e9a2,7090,size_in_bytes,lib/ocaml/stdlib__Lazy.cmx,34986
2026-09-05T05:55:59Z,822b65f405d1f87e722ec0c7e5cfc5fb35d1e9a2,7090,size_in_bytes,lib/ocaml/stdlib__Arg.cmx,183235
2026-09-05T05:55:59Z,822b65f405d1f87e722ec0c7e5cfc5fb35d1e9a2,7090,size_in_bytes,lib/ocaml/stdlib__Sys.cmx,16180
2026-09-05T05:55:59Z,822b65f405d1f87e722ec0c7e5cfc5fb35d1e9a2,7090,size_in_bytes,lib/ocaml/stdlib__Obj.cmx,80836
2026-09-05T05:55:59Z,822b65f405d1f87e722ec0c7e5cfc5fb35d1e9a2,7090,size_in_bytes,lib/ocaml/compiler_owee__Owee_buf.cmx,125488
2026-09-05T05:55:59Z,822b65f405d1f87e722ec0c7e5cfc5fb35d1e9a2,7090,size_in_bytes,lib/ocaml/camlinternalAtomic.cmx,9891
2026-09-05T05:55:59Z,822b65f405d1f87e722ec0c7e5cfc5fb35d1e9a2,7090,size_in_bytes,lib/ocaml/stdlib__Iarray.cmx,170055
2026-09-05T05:55:59Z,822b65f405d1f87e722ec0c7e5cfc5fb35d1e9a2,7090,size_in_bytes,lib/ocaml/compiler_owee__Owee_archive.cmx,14325
2026-09-05T05:55:59Z,822b65f405d1f87e722ec0c7e5cfc5fb35d1e9a2,7090,size_in_bytes,lib/ocaml/stdlib__Format.cmx,1067091
2026-09-05T05:55:59Z,822b65f405d1f87e722ec0c7e5cfc5fb35d1e9a2,7090,size_in_bytes,lib/ocaml/compiler_owee__Owee_interval_map.cmx,47959
2026-09-05T05:55:59Z,822b65f405d1f87e722ec0c7e5cfc5fb35d1e9a2,7090,size_in_bytes,lib/ocaml/stdlib__Printexc.cmx,198133
2026-09-05T05:55:59Z,822b65f405d1f87e722ec0c7e5cfc5fb35d1e9a2,7090,size_in_bytes,lib/ocaml/stdlib__Effect.cmx,48906
2026-09-05T05:55:59Z,822b65f405d1f87e722ec0c7e5cfc5fb35d1e9a2,7090,size_in_bytes,lib/ocaml/camlinternalFormat.cmx,209246
2026-09-05T05:55:59Z,822b65f405d1f87e722ec0c7e5cfc5fb35d1e9a2,7090,size_in_bytes,lib/ocaml/stdlib__Complex.cmx,44771
2026-09-05T05:55:59Z,822b65f405d1f87e722ec0c7e5cfc5fb35d1e9a2,7090,size_in_bytes,lib/ocaml/compiler_owee__Owee_form.cmx,13900
2026-09-05T05:55:59Z,822b65f405d1f87e722ec0c7e5cfc5fb35d1e9a2,7090,size_in_bytes,lib/ocaml/stdlib__Bool.cmx,15336
2026-09-05T05:55:59Z,822b65f405d1f87e722ec0c7e5cfc5fb35d1e9a2,7090,size_in_bytes,lib/ocaml/std_exit.cmx,664
2026-09-05T05:55:59Z,822b65f405d1f87e722ec0c7e5cfc5fb35d1e9a2,7090,size_in_bytes,lib/ocaml/stdlib__Random.cmx,228164
2026-09-05T05:55:59Z,822b65f405d1f87e722ec0c7e5cfc5fb35d1e9a2,7090,size_in_bytes,lib/ocaml/stdlib__Marshal.cmx,21065
2026-09-05T05:55:59Z,822b65f405d1f87e722ec0c7e5cfc5fb35d1e9a2,7090,size_in_bytes,lib/ocaml/stdlib_upstream_compatible/stdlib_upstream_compatible__Nativeint_u.cmx,68403
2026-09-05T05:55:59Z,822b65f405d1f87e722ec0c7e5cfc5fb35d1e9a2,7090,size_in_bytes,lib/ocaml/stdlib_upstream_compatible/stdlib_upstream_compatible__.cmx,930
2026-09-05T05:55:59Z,822b65f405d1f87e722ec0c7e5cfc5fb35d1e9a2,7090,size_in_bytes,lib/ocaml/stdlib_upstream_compatible/stdlib_upstream_compatible.cmx,735
2026-09-05T05:55:59Z,822b65f405d1f87e722ec0c7e5cfc5fb35d1e9a2,7090,size_in_bytes,lib/ocaml/stdlib_upstream_compatible/stdlib_upstream_compatible__Int32_u.cmx,63326
2026-09-05T05:55:59Z,822b65f405d1f87e722ec0c7e5cfc5fb35d1e9a2,7090,size_in_bytes,lib/ocaml/stdlib_upstream_compatible/stdlib_upstream_compatible__Float_u.cmx,112058
2026-09-05T05:55:59Z,822b65f405d1f87e722ec0c7e5cfc5fb35d1e9a2,7090,size_in_bytes,lib/ocaml/stdlib_upstream_compatible/stdlib_upstream_compatible__Int64_u.cmx,76030
2026-09-05T05:55:59Z,822b65f405d1f87e722ec0c7e5cfc5fb35d1e9a2,7090,size_in_bytes,lib/ocaml/stdlib_beta/stdlib_beta.cmx,574
2026-09-05T05:55:59Z,822b65f405d1f87e722ec0c7e5cfc5fb35d1e9a2,7090,size_in_bytes,lib/ocaml/dynlink/dynlink_types.cmx,2649
2026-09-05T05:55:59Z,822b65f405d1f87e722ec0c7e5cfc5fb35d1e9a2,7090,size_in_bytes,lib/ocaml/dynlink/dynlink_internal_native.cmx,389152
2026-09-05T05:55:59Z,822b65f405d1f87e722ec0c7e5cfc5fb35d1e9a2,7090,size_in_bytes,lib/ocaml/dynlink/dynlink_platform_intf.cmx,793
2026-09-05T05:55:59Z,822b65f405d1f87e722ec0c7e5cfc5fb35d1e9a2,7090,size_in_bytes,lib/ocaml/dynlink/dynlink_internal_byte.cmx,517369
2026-09-05T05:55:59Z,822b65f405d1f87e722ec0c7e5cfc5fb35d1e9a2,7090,size_in_bytes,lib/ocaml/dynlink/dynlink_common.cmx,461015
2026-09-05T05:55:59Z,822b65f405d1f87e722ec0c7e5cfc5fb35d1e9a2,7090,size_in_bytes,lib/ocaml/dynlink/dynlink.cmx,105268
2026-09-05T05:55:59Z,822b65f405d1f87e722ec0c7e5cfc5fb35d1e9a2,7090,size_in_bytes,lib/ocaml/compiler-libs/dwarf_low__Dwarf_arch_sizes.cmx,809
2026-09-05T05:55:59Z,822b65f405d1f87e722ec0c7e5cfc5fb35d1e9a2,7090,size_in_bytes,lib/ocaml/compiler-libs/linear_format.cmx,31576
2026-09-05T05:55:59Z,822b65f405d1f87e722ec0c7e5cfc5fb35d1e9a2,7090,size_in_bytes,lib/ocaml/compiler-libs/extra_debug.cmx,38250
2026-09-05T05:55:59Z,822b65f405d1f87e722ec0c7e5cfc5fb35d1e9a2,7090,size_in_bytes,lib/ocaml/compiler-libs/ident.cmx,966678
2026-09-05T05:55:59Z,822b65f405d1f87e722ec0c7e5cfc5fb35d1e9a2,7090,size_in_bytes,lib/ocaml/compiler-libs/arm64_binary_emitter__Yield_helpers.cmx,2244
2026-09-05T05:55:59Z,822b65f405d1f87e722ec0c7e5cfc5fb35d1e9a2,7090,size_in_bytes,lib/ocaml/compiler-libs/runtimedef.cmx,882
2026-09-05T05:55:59Z,822b65f405d1f87e722ec0c7e5cfc5fb35d1e9a2,7090,size_in_bytes,lib/ocaml/compiler-libs/regalloc_rewrite.cmx,43339
2026-09-05T05:55:59Z,822b65f405d1f87e722ec0c7e5cfc5fb35d1e9a2,7090,size_in_bytes,lib/ocaml/compiler-libs/vicuna_value_shapes.cmx,81032
2026-09-05T05:55:59Z,822b65f405d1f87e722ec0c7e5cfc5fb35d1e9a2,7090,size_in_bytes,lib/ocaml/compiler-libs/x86_section.cmx,289244
2026-09-05T05:55:59Z,822b65f405d1f87e722ec0c7e5cfc5fb35d1e9a2,7090,size_in_bytes,lib/ocaml/compiler-libs/regalloc_gi_state.cmx,47866
2026-09-05T05:55:59Z,822b65f405d1f87e722ec0c7e5cfc5fb35d1e9a2,7090,size_in_bytes,lib/ocaml/compiler-libs/typetexp.cmx,771519
2026-09-05T05:55:59Z,822b65f405d1f87e722ec0c7e5cfc5fb35d1e9a2,7090,size_in_bytes,lib/ocaml/compiler-libs/compute_ranges.cmx,376443
2026-09-05T05:55:59Z,822b65f405d1f87e722ec0c7e5cfc5fb35d1e9a2,7090,size_in_bytes,lib/ocaml/compiler-libs/lazy_backtrack.cmx,24861
2026-09-05T05:55:59Z,822b65f405d1f87e722ec0c7e5cfc5fb35d1e9a2,7090,size_in_bytes,lib/ocaml/compiler-libs/printreg.cmx,120521
2026-09-05T05:55:59Z,822b65f405d1f87e722ec0c7e5cfc5fb35d1e9a2,7090,size_in_bytes,lib/ocaml/compiler-libs/regs.cmx,856998
2026-09-05T05:55:59Z,822b65f405d1f87e722ec0c7e5cfc5fb35d1e9a2,7090,size_in_bytes,lib/ocaml/compiler-libs/cfg_liveness.cmx,172957
2026-09-05T05:55:59Z,822b65f405d1f87e722ec0c7e5cfc5fb35d1e9a2,7090,size_in_bytes,lib/ocaml/compiler-libs/dwarf_state.cmx,405046
2026-09-05T05:55:59Z,822b65f405d1f87e722ec0c7e5cfc5fb35d1e9a2,7090,size_in_bytes,lib/ocaml/compiler-libs/opcodes.cmx,6599
2026-09-05T05:55:59Z,822b65f405d1f87e722ec0c7e5cfc5fb35d1e9a2,7090,size_in_bytes,lib/ocaml/compiler-libs/arm64_binary_emitter__Condition_helpers.cmx,7021
2026-09-05T05:55:59Z,822b65f405d1f87e722ec0c7e5cfc5fb35d1e9a2,7090,size_in_bytes,lib/ocaml/compiler-libs/regalloc_interf_graph.cmx,288019
2026-09-05T05:55:59Z,822b65f405d1f87e722ec0c7e5cfc5fb35d1e9a2,7090,size_in_bytes,lib/ocaml/compiler-libs/probe_emission.cmx,141702
2026-09-05T05:55:59Z,822b65f405d1f87e722ec0c7e5cfc5fb35d1e9a2,7090,size_in_bytes,lib/ocaml/compiler-libs/vectorize_utils.cmx,81963
2026-09-05T05:55:59Z,822b65f405d1f87e722ec0c7e5cfc5fb35d1e9a2,7090,size_in_bytes,lib/ocaml/compiler-libs/diffing_with_keys.cmx,230687
2026-09-05T05:55:59Z,822b65f405d1f87e722ec0c7e5cfc5fb35d1e9a2,7090,size_in_bytes,lib/ocaml/compiler-libs/dwarf_type.cmx,72132
2026-09-05T05:55:59Z,822b65f405d1f87e722ec0c7e5cfc5fb35d1e9a2,7090,size_in_bytes,lib/ocaml/compiler-libs/dwarf_low__Dwarf_emittable.cmx,1344
2026-09-05T05:55:59Z,822b65f405d1f87e722ec0c7e5cfc5fb35d1e9a2,7090,size_in_bytes,lib/ocaml/compiler-libs/local_store.cmx,32506
2026-09-05T05:55:59Z,822b65f405d1f87e722ec0c7e5cfc5fb35d1e9a2,7090,size_in_bytes,lib/ocaml/compiler-libs/static_label.cmx,17696
2026-09-05T05:55:59Z,822b65f405d1f87e722ec0c7e5cfc5fb35d1e9a2,7090,size_in_bytes,lib/ocaml/compiler-libs/asmgen.cmx,664215
2026-09-05T05:55:59Z,822b65f405d1f87e722ec0c7e5cfc5fb35d1e9a2,7090,size_in_bytes,lib/ocaml/compiler-libs/dwarf_low__Dwarf_format.cmx,5642
2026-09-05T05:55:59Z,822b65f405d1f87e722ec0c7e5cfc5fb35d1e9a2,7090,size_in_bytes,lib/ocaml/compiler-libs/regalloc_split_utils.cmx,136753
2026-09-05T05:55:59Z,822b65f405d1f87e722ec0c7e5cfc5fb35d1e9a2,7090,size_in_bytes,lib/ocaml/compiler-libs/slambdaident.cmx,918193
2026-09-05T05:55:59Z,822b65f405d1f87e722ec0c7e5cfc5fb35d1e9a2,7090,size_in_bytes,lib/ocaml/compiler-libs/label.cmx,24751
2026-09-05T05:55:59Z,822b65f405d1f87e722ec0c7e5cfc5fb35d1e9a2,7090,size_in_bytes,lib/ocaml/compiler-libs/regalloc_stack_slots.cmx,74022
2026-09-05T05:55:59Z,822b65f405d1f87e722ec0c7e5cfc5fb35d1e9a2,7090,size_in_bytes,lib/ocaml/compiler-libs/errortrace_report.cmx,249764
2026-09-05T05:55:59Z,822b65f405d1f87e722ec0c7e5cfc5fb35d1e9a2,7090,size_in_bytes,lib/ocaml/compiler-libs/regalloc_split.cmx,338157
2026-09-05T05:55:59Z,822b65f405d1f87e722ec0c7e5cfc5fb35d1e9a2,7090,size_in_bytes,lib/ocaml/compiler-libs/igot.cmx,56971
2026-09-05T05:55:59Z,822b65f405d1f87e722ec0c7e5cfc5fb35d1e9a2,7090,size_in_bytes,lib/ocaml/compiler-libs/allowance.cmx,8320
2026-09-05T05:55:59Z,822b65f405d1f87e722ec0c7e5cfc5fb35d1e9a2,7090,size_in_bytes,lib/ocaml/compiler-libs/binary_emitter_verify.cmx,59757
2026-09-05T05:55:59Z,822b65f405d1f87e722ec0c7e5cfc5fb35d1e9a2,7090,size_in_bytes,lib/ocaml/compiler-libs/x86_peephole_rules.cmx,71934
2026-09-05T05:55:59Z,822b65f405d1f87e722ec0c7e5cfc5fb35d1e9a2,7090,size_in_bytes,lib/ocaml/compiler-libs/maindriver.cmx,7776
2026-09-05T05:55:59Z,822b65f405d1f87e722ec0c7e5cfc5fb35d1e9a2,7090,size_in_bytes,lib/ocaml/compiler-libs/cfg_dataflow.cmx,256147
2026-09-05T05:55:59Z,822b65f405d1f87e722ec0c7e5cfc5fb35d1e9a2,7090,size_in_bytes,lib/ocaml/compiler-libs/amd64_simd_defs.cmx,170072
2026-09-05T05:55:59Z,822b65f405d1f87e722ec0c7e5cfc5fb35d1e9a2,7090,size_in_bytes,lib/ocaml/compiler-libs/zero_alloc_utils.cmx,205924
2026-09-05T05:55:59Z,822b65f405d1f87e722ec0c7e5cfc5fb35d1e9a2,7090,size_in_bytes,lib/ocaml/compiler-libs/primitive.cmx,85910
2026-09-05T05:55:59Z,822b65f405d1f87e722ec0c7e5cfc5fb35d1e9a2,7090,size_in_bytes,lib/ocaml/compiler-libs/debug.cmx,19852
2026-09-05T05:55:59Z,822b65f405d1f87e722ec0c7e5cfc5fb35d1e9a2,7090,size_in_bytes,lib/ocaml/compiler-libs/bytefunctorizer.cmx,11153
2026-09-05T05:55:59Z,822b65f405d1f87e722ec0c7e5cfc5fb35d1e9a2,7090,size_in_bytes,lib/ocaml/compiler-libs/ldd.cmx,608383
2026-09-05T05:55:59Z,822b65f405d1f87e722ec0c7e5cfc5fb35d1e9a2,7090,size_in_bytes,lib/ocaml/compiler-libs/diffing.cmx,323713
2026-09-05T05:55:59Z,822b65f405d1f87e722ec0c7e5cfc5fb35d1e9a2,7090,size_in_bytes,lib/ocaml/compiler-libs/measure_object_files.cmx,29662
2026-09-05T05:55:59Z,822b65f405d1f87e722ec0c7e5cfc5fb35d1e9a2,7090,size_in_bytes,lib/ocaml/compiler-libs/signature_with_global_bindings.cmx,72186
2026-09-05T05:55:59Z,822b65f405d1f87e722ec0c7e5cfc5fb35d1e9a2,7090,size_in_bytes,lib/ocaml/compiler-libs/cfg_stack_checks.cmx,136292
2026-09-05T05:55:59Z,822b65f405d1f87e722ec0c7e5cfc5fb35d1e9a2,7090,size_in_bytes,lib/ocaml/compiler-libs/cfg_selectgen_target_intf.cmx,10427
2026-09-05T05:55:59Z,822b65f405d1f87e722ec0c7e5cfc5fb35d1e9a2,7090,size_in_bytes,lib/ocaml/compiler-libs/compile.cmx,198079
2026-09-05T05:55:59Z,822b65f405d1f87e722ec0c7e5cfc5fb35d1e9a2,7090,size_in_bytes,lib/ocaml/compiler-libs/cfg_with_layout.cmx,230337
2026-09-05T05:55:59Z,822b65f405d1f87e722ec0c7e5cfc5fb35d1e9a2,7090,size_in_bytes,lib/ocaml/compiler-libs/arm64_binary_emitter__Encode_instruction.cmx,8734
2026-09-05T05:55:59Z,822b65f405d1f87e722ec0c7e5cfc5fb35d1e9a2,7090,size_in_bytes,lib/ocaml/compiler-libs/cfg_colours.cmx,90461
2026-09-05T05:55:59Z,822b65f405d1f87e722ec0c7e5cfc5fb35d1e9a2,7090,size_in_bytes,lib/ocaml/compiler-libs/untypeast.cmx,596768
2026-09-05T05:55:59Z,822b65f405d1f87e722ec0c7e5cfc5fb35d1e9a2,7090,size_in_bytes,lib/ocaml/compiler-libs/linker_script.cmx,8014
2026-09-05T05:55:59Z,822b65f405d1f87e722ec0c7e5cfc5fb35d1e9a2,7090,size_in_bytes,lib/ocaml/compiler-libs/dwarf_concrete_instances.cmx,15561
2026-09-05T05:55:59Z,822b65f405d1f87e722ec0c7e5cfc5fb35d1e9a2,7090,size_in_bytes,lib/ocaml/compiler-libs/dwarf_low__Encoding_attribute.cmx,10407
2026-09-05T05:55:59Z,822b65f405d1f87e722ec0c7e5cfc5fb35d1e9a2,7090,size_in_bytes,lib/ocaml/compiler-libs/translobj.cmx,180276
2026-09-05T05:55:59Z,822b65f405d1f87e722ec0c7e5cfc5fb35d1e9a2,7090,size_in_bytes,lib/ocaml/compiler-libs/zero_alloc.cmx,108815
2026-09-05T05:55:59Z,822b65f405d1f87e722ec0c7e5cfc5fb35d1e9a2,7090,size_in_bytes,lib/ocaml/compiler-libs/typedecl_variance.cmx,187641
2026-09-05T05:55:59Z,822b65f405d1f87e722ec0c7e5cfc5fb35d1e9a2,7090,size_in_bytes,lib/ocaml/compiler-libs/typedecl_separability.cmx,141192
2026-09-05T05:55:59Z,822b65f405d1f87e722ec0c7e5cfc5fb35d1e9a2,7090,size_in_bytes,lib/ocaml/compiler-libs/simd_selection.cmx,256241
2026-09-05T05:55:59Z,822b65f405d1f87e722ec0c7e5cfc5fb35d1e9a2,7090,size_in_bytes,lib/ocaml/compiler-libs/shape_reduce.cmx,855570
2026-09-05T05:55:59Z,822b65f405d1f87e722ec0c7e5cfc5fb35d1e9a2,7090,size_in_bytes,lib/ocaml/compiler-libs/dwarf_high__Simple_location_description_lang.cmx,262288
2026-09-05T05:55:59Z,822b65f405d1f87e722ec0c7e5cfc5fb35d1e9a2,7090,size_in_bytes,lib/ocaml/compiler-libs/runtimetags.cmx,1261
2026-09-05T05:55:59Z,822b65f405d1f87e722ec0c7e5cfc5fb35d1e9a2,7090,size_in_bytes,lib/ocaml/compiler-libs/partial_link.cmx,161426
2026-09-05T05:55:59Z,822b65f405d1f87e722ec0c7e5cfc5fb35d1e9a2,7090,size_in_bytes,lib/ocaml/compiler-libs/misc.cmx,1957130
2026-09-05T05:55:59Z,822b65f405d1f87e722ec0c7e5cfc5fb35d1e9a2,7090,size_in_bytes,lib/ocaml/compiler-libs/dwarf_low__Dwarf_4_range_list_entry.cmx,66713
2026-09-05T05:55:59Z,822b65f405d1f87e722ec0c7e5cfc5fb35d1e9a2,7090,size_in_bytes,lib/ocaml/compiler-libs/printcmm.cmx,276959
2026-09-05T05:55:59Z,822b65f405d1f87e722ec0c7e5cfc5fb35d1e9a2,7090,size_in_bytes,lib/ocaml/compiler-libs/shape.cmx,1475174
2026-09-05T05:55:59Z,822b65f405d1f87e722ec0c7e5cfc5fb35d1e9a2,7090,size_in_bytes,lib/ocaml/compiler-libs/build_path_prefix_map.cmx,136421
2026-09-05T05:55:59Z,822b65f405d1f87e722ec0c7e5cfc5fb35d1e9a2,7090,size_in_bytes,lib/ocaml/compiler-libs/parser_types.cmx,1479
2026-09-05T05:55:59Z,822b65f405d1f87e722ec0c7e5cfc5fb35d1e9a2,7090,size_in_bytes,lib/ocaml/compiler-libs/arm64_binary_emitter__Binary_emitter.cmx,168727
2026-09-05T05:55:59Z,822b65f405d1f87e722ec0c7e5cfc5fb35d1e9a2,7090,size_in_bytes,lib/ocaml/compiler-libs/clflags.cmx,542113
2026-09-05T05:55:59Z,822b65f405d1f87e722ec0c7e5cfc5fb35d1e9a2,7090,size_in_bytes,lib/ocaml/compiler-libs/partition.cmx,23448
2026-09-05T05:55:59Z,822b65f405d1f87e722ec0c7e5cfc5fb35d1e9a2,7090,size_in_bytes,lib/ocaml/compiler-libs/datarepr.cmx,163534
2026-09-05T05:55:59Z,822b65f405d1f87e722ec0c7e5cfc5fb35d1e9a2,7090,size_in_bytes,lib/ocaml/compiler-libs/cmm_builtins.cmx,38906
2026-09-05T05:55:59Z,822b65f405d1f87e722ec0c7e5cfc5fb35d1e9a2,7090,size_in_bytes,lib/ocaml/compiler-libs/bytepackager.cmx,75709
2026-09-05T05:55:59Z,822b65f405d1f87e722ec0c7e5cfc5fb35d1e9a2,7090,size_in_bytes,lib/ocaml/compiler-libs/targetint.cmx,54341
2026-09-05T05:55:59Z,822b65f405d1f87e722ec0c7e5cfc5fb35d1e9a2,7090,size_in_bytes,lib/ocaml/compiler-libs/profile.cmx,271089
2026-09-05T05:55:59Z,822b65f405d1f87e722ec0c7e5cfc5fb35d1e9a2,7090,size_in_bytes,lib/ocaml/compiler-libs/printinstr.cmx,17508
2026-09-05T05:55:59Z,822b65f405d1f87e722ec0c7e5cfc5fb35d1e9a2,7090,size_in_bytes,lib/ocaml/compiler-libs/mtype.cmx,167981
2026-09-05T05:55:59Z,822b65f405d1f87e722ec0c7e5cfc5fb35d1e9a2,7090,size_in_bytes,lib/ocaml/compiler-libs/oprint.cmx,24824
2026-09-05T05:55:59Z,822b65f405d1f87e722ec0c7e5cfc5fb35d1e9a2,7090,size_in_bytes,lib/ocaml/compiler-libs/arm64_binary_emitter__All_section_states.cmx,119398
2026-09-05T05:55:59Z,822b65f405d1f87e722ec0c7e5cfc5fb35d1e9a2,7090,size_in_bytes,lib/ocaml/compiler-libs/arm64_binary_emitter__Load_store_helpers.cmx,88969
2026-09-05T05:55:59Z,822b65f405d1f87e722ec0c7e5cfc5fb35d1e9a2,7090,size_in_bytes,lib/ocaml/compiler-libs/reg_availability_set.cmx,111468
2026-09-05T05:55:59Z,822b65f405d1f87e722ec0c7e5cfc5fb35d1e9a2,7090,size_in_bytes,lib/ocaml/compiler-libs/x86_peephole_utils.cmx,81939
2026-09-05T05:55:59Z,822b65f405d1f87e722ec0c7e5cfc5fb35d1e9a2,7090,size_in_bytes,lib/ocaml/compiler-libs/translattribute.cmx,666944
2026-09-05T05:55:59Z,822b65f405d1f87e722ec0c7e5cfc5fb35d1e9a2,7090,size_in_bytes,lib/ocaml/compiler-libs/includemod.cmx,925618
2026-09-05T05:55:59Z,822b65f405d1f87e722ec0c7e5cfc5fb35d1e9a2,7090,size_in_bytes,lib/ocaml/compiler-libs/regalloc_validate.cmx,1379994
2026-09-05T05:55:59Z,822b65f405d1f87e722ec0c7e5cfc5fb35d1e9a2,7090,size_in_bytes,lib/ocaml/compiler-libs/arm64_ast__Ast.cmx,1209720
2026-09-05T05:55:59Z,822b65f405d1f87e722ec0c7e5cfc5fb35d1e9a2,7090,size_in_bytes,lib/ocaml/compiler-libs/eh_frame_registration.cmx,23860
2026-09-05T05:55:59Z,822b65f405d1f87e722ec0c7e5cfc5fb35d1e9a2,7090,size_in_bytes,lib/ocaml/compiler-libs/opterrors.cmx,1468
2026-09-05T05:55:59Z,822b65f405d1f87e722ec0c7e5cfc5fb35d1e9a2,7090,size_in_bytes,lib/ocaml/compiler-libs/btype.cmx,1561973
2026-09-05T05:55:59Z,822b65f405d1f87e722ec0c7e5cfc5fb35d1e9a2,7090,size_in_bytes,lib/ocaml/compiler-libs/typemod.cmx,717194
2026-09-05T05:55:59Z,822b65f405d1f87e722ec0c7e5cfc5fb35d1e9a2,7090,size_in_bytes,lib/ocaml/compiler-libs/cms_format.cmx,97439
2026-09-05T05:55:59Z,822b65f405d1f87e722ec0c7e5cfc5fb35d1e9a2,7090,size_in_bytes,lib/ocaml/compiler-libs/config.cmx,95163
2026-09-05T05:55:59Z,822b65f405d1f87e722ec0c7e5cfc5fb35d1e9a2,7090,size_in_bytes,lib/ocaml/compiler-libs/regalloc_ls_utils.cmx,337167
2026-09-05T05:55:59Z,822b65f405d1f87e722ec0c7e5cfc5fb35d1e9a2,7090,size_in_bytes,lib/ocaml/compiler-libs/reg_with_debug_info.cmx,360443
2026-09-05T05:55:59Z,822b65f405d1f87e722ec0c7e5cfc5fb35d1e9a2,7090,size_in_bytes,lib/ocaml/compiler-libs/regalloc_ls.cmx,190877
2026-09-05T05:55:59Z,822b65f405d1f87e722ec0c7e5cfc5fb35d1e9a2,7090,size_in_bytes,lib/ocaml/compiler-libs/format_doc.cmx,611304
2026-09-05T05:55:59Z,822b65f405d1f87e722ec0c7e5cfc5fb35d1e9a2,7090,size_in_bytes,lib/ocaml/compiler-libs/typemode.cmx,294375
2026-09-05T05:55:59Z,822b65f405d1f87e722ec0c7e5cfc5fb35d1e9a2,7090,size_in_bytes,lib/ocaml/compiler-libs/symbol_table.cmx,107942
2026-09-05T05:55:59Z,822b65f405d1f87e722ec0c7e5cfc5fb35d1e9a2,7090,size_in_bytes,lib/ocaml/compiler-libs/llvm_ir.cmx,838973
2026-09-05T05:55:59Z,822b65f405d1f87e722ec0c7e5cfc5fb35d1e9a2,7090,size_in_bytes,lib/ocaml/compiler-libs/dwarf_low__Composite_location_description.cmx,45390
2026-09-05T05:55:59Z,822b65f405d1f87e722ec0c7e5cfc5fb35d1e9a2,7090,size_in_bytes,lib/ocaml/compiler-libs/dwarf_low__Child_determination.cmx,12195
2026-09-05T05:55:59Z,822b65f405d1f87e722ec0c7e5cfc5fb35d1e9a2,7090,size_in_bytes,lib/ocaml/compiler-libs/jkind.cmx,1981349
2026-09-05T05:55:59Z,822b65f405d1f87e722ec0c7e5cfc5fb35d1e9a2,7090,size_in_bytes,lib/ocaml/compiler-libs/dwarf_low__Location_or_range_list_table.cmx,154717
2026-09-05T05:55:59Z,822b65f405d1f87e722ec0c7e5cfc5fb35d1e9a2,7090,size_in_bytes,lib/ocaml/compiler-libs/vicuna_traverse_typed_tree.cmx,94902
2026-09-05T05:55:59Z,822b65f405d1f87e722ec0c7e5cfc5fb35d1e9a2,7090,size_in_bytes,lib/ocaml/compiler-libs/simplif.cmx,54833
2026-09-05T05:55:59Z,822b65f405d1f87e722ec0c7e5cfc5fb35d1e9a2,7090,size_in_bytes,lib/ocaml/compiler-libs/main_args.cmx,2582222
2026-09-05T05:55:59Z,822b65f405d1f87e722ec0c7e5cfc5fb35d1e9a2,7090,size_in_bytes,lib/ocaml/compiler-libs/x86_peephole_optimize.cmx,27273
2026-09-05T05:55:59Z,822b65f405d1f87e722ec0c7e5cfc5fb35d1e9a2,7090,size_in_bytes,lib/ocaml/compiler-libs/dwarf_low__Dwarf_attribute_values.cmx,235788
2026-09-05T05:55:59Z,822b65f405d1f87e722ec0c7e5cfc5fb35d1e9a2,7090,size_in_bytes,lib/ocaml/compiler-libs/runtime_shape.cmx,236383
2026-09-05T05:55:59Z,822b65f405d1f87e722ec0c7e5cfc5fb35d1e9a2,7090,size_in_bytes,lib/ocaml/compiler-libs/internal_assembler.cmx,17320
2026-09-05T05:55:59Z,822b65f405d1f87e722ec0c7e5cfc5fb35d1e9a2,7090,size_in_bytes,lib/ocaml/compiler-libs/location_tracker_formatter.cmx,101404
2026-09-05T05:55:59Z,822b65f405d1f87e722ec0c7e5cfc5fb35d1e9a2,7090,size_in_bytes,lib/ocaml/compiler-libs/peephole_optimize.cmx,31964
2026-09-05T05:55:59Z,822b65f405d1f87e722ec0c7e5cfc5fb35d1e9a2,7090,size_in_bytes,lib/ocaml/compiler-libs/arm64_binary_emitter__Fp_helpers.cmx,33807
2026-09-05T05:55:59Z,822b65f405d1f87e722ec0c7e5cfc5fb35d1e9a2,7090,size_in_bytes,lib/ocaml/compiler-libs/dwarf_low__Dwarf_4_location_list_entry.cmx,155821
2026-09-05T05:55:59Z,822b65f405d1f87e722ec0c7e5cfc5fb35d1e9a2,7090,size_in_bytes,lib/ocaml/compiler-libs/depend.cmx,257806
2026-09-05T05:55:59Z,822b65f405d1f87e722ec0c7e5cfc5fb35d1e9a2,7090,size_in_bytes,lib/ocaml/compiler-libs/axis_lattice.cmx,179253
2026-09-05T05:55:59Z,822b65f405d1f87e722ec0c7e5cfc5fb35d1e9a2,7090,size_in_bytes,lib/ocaml/compiler-libs/byteinstantiator.cmx,22931
2026-09-05T05:55:59Z,822b65f405d1f87e722ec0c7e5cfc5fb35d1e9a2,7090,size_in_bytes,lib/ocaml/compiler-libs/dwarf_high__Operator_builder.cmx,164672
2026-09-05T05:55:59Z,822b65f405d1f87e722ec0c7e5cfc5fb35d1e9a2,7090,size_in_bytes,lib/ocaml/compiler-libs/camlinternalMenhirLib.cmx,947056
2026-09-05T05:55:59Z,822b65f405d1f87e722ec0c7e5cfc5fb35d1e9a2,7090,size_in_bytes,lib/ocaml/compiler-libs/printtyped.cmx,870697
2026-09-05T05:55:59Z,822b65f405d1f87e722ec0c7e5cfc5fb35d1e9a2,7090,size_in_bytes,lib/ocaml/compiler-libs/warnings.cmx,313567
2026-09-05T05:55:59Z,822b65f405d1f87e722ec0c7e5cfc5fb35d1e9a2,7090,size_in_bytes,lib/ocaml/compiler-libs/arm64_binary_emitter__Adr_helpers.cmx,13938
2026-09-05T05:55:59Z,822b65f405d1f87e722ec0c7e5cfc5fb35d1e9a2,7090,size_in_bytes,lib/ocaml/compiler-libs/jkind_axis.cmx,403069
2026-09-05T05:55:59Z,822b65f405d1f87e722ec0c7e5cfc5fb35d1e9a2,7090,size_in_bytes,lib/ocaml/compiler-libs/arm64_binary_emitter__Shift_immh_immb_helpers.cmx,12127
2026-09-05T05:55:59Z,822b65f405d1f87e722ec0c7e5cfc5fb35d1e9a2,7090,size_in_bytes,lib/ocaml/compiler-libs/zero_alloc_annotations.cmx,20820
2026-09-05T05:55:59Z,822b65f405d1f87e722ec0c7e5cfc5fb35d1e9a2,7090,size_in_bytes,lib/ocaml/compiler-libs/dwarf_inlined_frames.cmx,245396
2026-09-05T05:55:59Z,822b65f405d1f87e722ec0c7e5cfc5fb35d1e9a2,7090,size_in_bytes,lib/ocaml/compiler-libs/arm64_binary_emitter__Relocation.cmx,71267
2026-09-05T05:55:59Z,822b65f405d1f87e722ec0c7e5cfc5fb35d1e9a2,7090,size_in_bytes,lib/ocaml/compiler-libs/translprim.cmx,253258
2026-09-05T05:55:59Z,822b65f405d1f87e722ec0c7e5cfc5fb35d1e9a2,7090,size_in_bytes,lib/ocaml/compiler-libs/regalloc_stack_operands.cmx,21362
2026-09-05T05:55:59Z,822b65f405d1f87e722ec0c7e5cfc5fb35d1e9a2,7090,size_in_bytes,lib/ocaml/compiler-libs/errors.cmx,1453
2026-09-05T05:55:59Z,822b65f405d1f87e722ec0c7e5cfc5fb35d1e9a2,7090,size_in_bytes,lib/ocaml/compiler-libs/global_module.cmx,2276310
2026-09-05T05:55:59Z,822b65f405d1f87e722ec0c7e5cfc5fb35d1e9a2,7090,size_in_bytes,lib/ocaml/compiler-libs/asm_targets__Asm_section.cmx,159315
2026-09-05T05:55:59Z,822b65f405d1f87e722ec0c7e5cfc5fb35d1e9a2,7090,size_in_bytes,lib/ocaml/compiler-libs/binary_emitter_helpers.cmx,6278
2026-09-05T05:55:59Z,822b65f405d1f87e722ec0c7e5cfc5fb35d1e9a2,7090,size_in_bytes,lib/ocaml/compiler-libs/dwarf_low__Abbreviations_table_entry.cmx,91221
2026-09-05T05:55:59Z,822b65f405d1f87e722ec0c7e5cfc5fb35d1e9a2,7090,size_in_bytes,lib/ocaml/compiler-libs/transl_list_comprehension.cmx,46789
2026-09-05T05:55:59Z,822b65f405d1f87e722ec0c7e5cfc5fb35d1e9a2,7090,size_in_bytes,lib/ocaml/compiler-libs/file_sections.cmx,117753
2026-09-05T05:55:59Z,822b65f405d1f87e722ec0c7e5cfc5fb35d1e9a2,7090,size_in_bytes,lib/ocaml/compiler-libs/cfg_with_infos.cmx,99500
2026-09-05T05:55:59Z,822b65f405d1f87e722ec0c7e5cfc5fb35d1e9a2,7090,size_in_bytes,lib/ocaml/compiler-libs/regalloc_affinity.cmx,45491
2026-09-05T05:55:59Z,822b65f405d1f87e722ec0c7e5cfc5fb35d1e9a2,7090,size_in_bytes,lib/ocaml/compiler-libs/import_info.cmx,178035
2026-09-05T05:55:59Z,822b65f405d1f87e722ec0c7e5cfc5fb35d1e9a2,7090,size_in_bytes,lib/ocaml/compiler-libs/cmmgen_state.cmx,57303
2026-09-05T05:55:59Z,822b65f405d1f87e722ec0c7e5cfc5fb35d1e9a2,7090,size_in_bytes,lib/ocaml/compiler-libs/optlibrarian.cmx,209254
2026-09-05T05:55:59Z,822b65f405d1f87e722ec0c7e5cfc5fb35d1e9a2,7090,size_in_bytes,lib/ocaml/compiler-libs/longident.cmx,23488
2026-09-05T05:55:59Z,822b65f405d1f87e722ec0c7e5cfc5fb35d1e9a2,7090,size_in_bytes,lib/ocaml/compiler-libs/unit_info.cmx,227492
2026-09-05T05:55:59Z,822b65f405d1f87e722ec0c7e5cfc5fb35d1e9a2,7090,size_in_bytes,lib/ocaml/compiler-libs/slambda.cmx,43814
2026-09-05T05:55:59Z,822b65f405d1f87e722ec0c7e5cfc5fb35d1e9a2,7090,size_in_bytes,lib/ocaml/compiler-libs/regalloc_irc.cmx,19169
2026-09-05T05:55:59Z,822b65f405d1f87e722ec0c7e5cfc5fb35d1e9a2,7090,size_in_bytes,lib/ocaml/compiler-libs/typecore.cmx,1100250
2026-09-05T05:55:59Z,822b65f405d1f87e722ec0c7e5cfc5fb35d1e9a2,7090,size_in_bytes,lib/ocaml/compiler-libs/build_linker_args.cmx,19023
2026-09-05T05:55:59Z,822b65f405d1f87e722ec0c7e5cfc5fb35d1e9a2,7090,size_in_bytes,lib/ocaml/compiler-libs/llvmize.cmx,438047
2026-09-05T05:55:59Z,822b65f405d1f87e722ec0c7e5cfc5fb35d1e9a2,7090,size_in_bytes,lib/ocaml/compiler-libs/optcomp_intf.cmx,9516
2026-09-05T05:55:59Z,822b65f405d1f87e722ec0c7e5cfc5fb35d1e9a2,7090,size_in_bytes,lib/ocaml/compiler-libs/cfg_edge.cmx,191213
2026-09-05T05:55:59Z,822b65f405d1f87e722ec0c7e5cfc5fb35d1e9a2,7090,size_in_bytes,lib/ocaml/compiler-libs/builtin_attributes.cmx,903058
2026-09-05T05:55:59Z,822b65f405d1f87e722ec0c7e5cfc5fb35d1e9a2,7090,size_in_bytes,lib/ocaml/compiler-libs/extract_relocations.cmx,142799
2026-09-05T05:55:59Z,822b65f405d1f87e722ec0c7e5cfc5fb35d1e9a2,7090,size_in_bytes,lib/ocaml/compiler-libs/printoperation.cmx,42556
2026-09-05T05:55:59Z,822b65f405d1f87e722ec0c7e5cfc5fb35d1e9a2,7090,size_in_bytes,lib/ocaml/compiler-libs/regalloc_substitution.cmx,64389
2026-09-05T05:55:59Z,822b65f405d1f87e722ec0c7e5cfc5fb35d1e9a2,7090,size_in_bytes,lib/ocaml/compiler-libs/arm64_binary_emitter__Simd_helpers.cmx,59477
2026-09-05T05:55:59Z,822b65f405d1f87e722ec0c7e5cfc5fb35d1e9a2,7090,size_in_bytes,lib/ocaml/compiler-libs/makedepend.cmx,35745
2026-09-05T05:55:59Z,822b65f405d1f87e722ec0c7e5cfc5fb35d1e9a2,7090,size_in_bytes,lib/ocaml/compiler-libs/numbers.cmx,2088441
2026-09-05T05:55:59Z,822b65f405d1f87e722ec0c7e5cfc5fb35d1e9a2,7090,size_in_bytes,lib/ocaml/compiler-libs/cfg_merge_blocks.cmx,94849
2026-09-05T05:55:59Z,822b65f405d1f87e722ec0c7e5cfc5fb35d1e9a2,7090,size_in_bytes,lib/ocaml/compiler-libs/env.cmx,3568624
2026-09-05T05:55:59Z,822b65f405d1f87e722ec0c7e5cfc5fb35d1e9a2,7090,size_in_bytes,lib/ocaml/compiler-libs/arm64_binary_emitter__Bitfield_helpers.cmx,10034
2026-09-05T05:55:59Z,822b65f405d1f87e722ec0c7e5cfc5fb35d1e9a2,7090,size_in_bytes,lib/ocaml/compiler-libs/linear_utils.cmx,13376
2026-09-05T05:55:59Z,822b65f405d1f87e722ec0c7e5cfc5fb35d1e9a2,7090,size_in_bytes,lib/ocaml/compiler-libs/cfg_dominators.cmx,92020
2026-09-05T05:55:59Z,822b65f405d1f87e722ec0c7e5cfc5fb35d1e9a2,7090,size_in_bytes,lib/ocaml/compiler-libs/optlink.cmx,299072
2026-09-05T05:55:59Z,822b65f405d1f87e722ec0c7e5cfc5fb35d1e9a2,7090,size_in_bytes,lib/ocaml/compiler-libs/operation.cmx,94847
2026-09-05T05:55:59Z,822b65f405d1f87e722ec0c7e5cfc5fb35d1e9a2,7090,size_in_bytes,lib/ocaml/compiler-libs/ir_config_fingerprint.cmx,49965
2026-09-05T05:55:59Z,822b65f405d1f87e722ec0c7e5cfc5fb35d1e9a2,7090,size_in_bytes,lib/ocaml/compiler-libs/build_igot_and_iplt.cmx,17952
2026-09-05T05:55:59Z,822b65f405d1f87e722ec0c7e5cfc5fb35d1e9a2,7090,size_in_bytes,lib/ocaml/compiler-libs/parmatch.cmx,540130
2026-09-05T05:55:59Z,822b65f405d1f87e722ec0c7e5cfc5fb35d1e9a2,7090,size_in_bytes,lib/ocaml/compiler-libs/printlinear.cmx,69879
2026-09-05T05:55:59Z,822b65f405d1f87e722ec0c7e5cfc5fb35d1e9a2,7090,size_in_bytes,lib/ocaml/compiler-libs/language_extension.cmx,217789
2026-09-05T05:55:59Z,822b65f405d1f87e722ec0c7e5cfc5fb35d1e9a2,7090,size_in_bytes,lib/ocaml/compiler-libs/backend_var.cmx,131722
2026-09-05T05:55:59Z,822b65f405d1f87e722ec0c7e5cfc5fb35d1e9a2,7090,size_in_bytes,lib/ocaml/compiler-libs/dwarf_low__Range_list.cmx,39331
2026-09-05T05:55:59Z,822b65f405d1f87e722ec0c7e5cfc5fb35d1e9a2,7090,size_in_bytes,lib/ocaml/compiler-libs/oxcaml_args.cmx,1806148
2026-09-05T05:55:59Z,822b65f405d1f87e722ec0c7e5cfc5fb35d1e9a2,7090,size_in_bytes,lib/ocaml/compiler-libs/cfg_reducibility.cmx,59256
2026-09-05T05:55:59Z,822b65f405d1f87e722ec0c7e5cfc5fb35d1e9a2,7090,size_in_bytes,lib/ocaml/compiler-libs/arm64_binary_emitter__For_jit.cmx,105996
2026-09-05T05:55:59Z,822b65f405d1f87e722ec0c7e5cfc5fb35d1e9a2,7090,size_in_bytes,lib/ocaml/compiler-libs/matching.cmx,1146898
2026-09-05T05:55:59Z,822b65f405d1f87e722ec0c7e5cfc5fb35d1e9a2,7090,size_in_bytes,lib/ocaml/compiler-libs/cfg_cse.cmx,337121
2026-09-05T05:55:59Z,822b65f405d1f87e722ec0c7e5cfc5fb35d1e9a2,7090,size_in_bytes,lib/ocaml/compiler-libs/dwarf_low__Abbreviation_code.cmx,40381
2026-09-05T05:55:59Z,822b65f405d1f87e722ec0c7e5cfc5fb35d1e9a2,7090,size_in_bytes,lib/ocaml/compiler-libs/cmm_peephole_engine.cmx,95072
2026-09-05T05:55:59Z,822b65f405d1f87e722ec0c7e5cfc5fb35d1e9a2,7090,size_in_bytes,lib/ocaml/compiler-libs/dwarf_low__Location_or_range_list.cmx,35595
2026-09-05T05:55:59Z,822b65f405d1f87e722ec0c7e5cfc5fb35d1e9a2,7090,size_in_bytes,lib/ocaml/compiler-libs/compmisc.cmx,96869
2026-09-05T05:55:59Z,822b65f405d1f87e722ec0c7e5cfc5fb35d1e9a2,7090,size_in_bytes,lib/ocaml/compiler-libs/asmlink.cmx,43853
2026-09-05T05:55:59Z,822b65f405d1f87e722ec0c7e5cfc5fb35d1e9a2,7090,size_in_bytes,lib/ocaml/compiler-libs/peephole_rules.cmx,43378
2026-09-05T05:55:59Z,822b65f405d1f87e722ec0c7e5cfc5fb35d1e9a2,7090,size_in_bytes,lib/ocaml/compiler-libs/compute_ranges_intf.cmx,10279
2026-09-05T05:55:59Z,822b65f405d1f87e722ec0c7e5cfc5fb35d1e9a2,7090,size_in_bytes,lib/ocaml/compiler-libs/bytelink.cmx,323906
2026-09-05T05:55:59Z,822b65f405d1f87e722ec0c7e5cfc5fb35d1e9a2,7090,size_in_bytes,lib/ocaml/compiler-libs/domainstate.cmx,1939
2026-09-05T05:55:59Z,822b65f405d1f87e722ec0c7e5cfc5fb35d1e9a2,7090,size_in_bytes,lib/ocaml/compiler-libs/stack_check.cmx,15218
2026-09-05T05:55:59Z,822b65f405d1f87e722ec0c7e5cfc5fb35d1e9a2,7090,size_in_bytes,lib/ocaml/compiler-libs/typedtree.cmx,500090
2026-09-05T05:55:59Z,822b65f405d1f87e722ec0c7e5cfc5fb35d1e9a2,7090,size_in_bytes,lib/ocaml/compiler-libs/debuginfo.cmx,545808
2026-09-05T05:55:59Z,822b65f405d1f87e722ec0c7e5cfc5fb35d1e9a2,7090,size_in_bytes,lib/ocaml/compiler-libs/instructionId.cmx,29105
2026-09-05T05:55:59Z,822b65f405d1f87e722ec0c7e5cfc5fb35d1e9a2,7090,size_in_bytes,lib/ocaml/compiler-libs/predef.cmx,199126
2026-09-05T05:55:59Z,822b65f405d1f87e722ec0c7e5cfc5fb35d1e9a2,7090,size_in_bytes,lib/ocaml/compiler-libs/dwarf_low__Aranges_table.cmx,32122
2026-09-05T05:55:59Z,822b65f405d1f87e722ec0c7e5cfc5fb35d1e9a2,7090,size_in_bytes,lib/ocaml/compiler-libs/ikind.cmx,791002
2026-09-05T05:55:59Z,822b65f405d1f87e722ec0c7e5cfc5fb35d1e9a2,7090,size_in_bytes,lib/ocaml/compiler-libs/value_rec_compiler.cmx,8050
2026-09-05T05:55:59Z,822b65f405d1f87e722ec0c7e5cfc5fb35d1e9a2,7090,size_in_bytes,lib/ocaml/compiler-libs/regalloc_gi.cmx,88675
2026-09-05T05:55:59Z,822b65f405d1f87e722ec0c7e5cfc5fb35d1e9a2,7090,size_in_bytes,lib/ocaml/compiler-libs/cmt_format.cmx,133284
2026-09-05T05:55:59Z,822b65f405d1f87e722ec0c7e5cfc5fb35d1e9a2,7090,size_in_bytes,lib/ocaml/compiler-libs/includecore.cmx,405897
2026-09-05T05:55:59Z,822b65f405d1f87e722ec0c7e5cfc5fb35d1e9a2,7090,size_in_bytes,lib/ocaml/compiler-libs/target_system.cmx,54624
2026-09-05T05:55:59Z,822b65f405d1f87e722ec0c7e5cfc5fb35d1e9a2,7090,size_in_bytes,lib/ocaml/compiler-libs/persistent_env.cmx,840209
2026-09-05T05:55:59Z,822b65f405d1f87e722ec0c7e5cfc5fb35d1e9a2,7090,size_in_bytes,lib/ocaml/compiler-libs/linkdeps.cmx,119795
2026-09-05T05:55:59Z,822b65f405d1f87e722ec0c7e5cfc5fb35d1e9a2,7090,size_in_bytes,lib/ocaml/compiler-libs/ldd_intf.cmx,1728
2026-09-05T05:55:59Z,822b65f405d1f87e722ec0c7e5cfc5fb35d1e9a2,7090,size_in_bytes,lib/ocaml/compiler-libs/peephole_utils.cmx,163138
2026-09-05T05:55:59Z,822b65f405d1f87e722ec0c7e5cfc5fb35d1e9a2,7090,size_in_bytes,lib/ocaml/compiler-libs/dwarf_high__Assign_abbrevs.cmx,50586
2026-09-05T05:55:59Z,822b65f405d1f87e722ec0c7e5cfc5fb35d1e9a2,7090,size_in_bytes,lib/ocaml/compiler-libs/oxcaml_flags.cmx,66446
2026-09-05T05:55:59Z,822b65f405d1f87e722ec0c7e5cfc5fb35d1e9a2,7090,size_in_bytes,lib/ocaml/compiler-libs/emitaux.cmx,274999
2026-09-05T05:55:59Z,822b65f405d1f87e722ec0c7e5cfc5fb35d1e9a2,7090,size_in_bytes,lib/ocaml/compiler-libs/stack_class_utils.cmx,91987
2026-09-05T05:55:59Z,822b65f405d1f87e722ec0c7e5cfc5fb35d1e9a2,7090,size_in_bytes,lib/ocaml/compiler-libs/language_extension_kernel.cmx,4723
2026-09-05T05:55:59Z,822b65f405d1f87e722ec0c7e5cfc5fb35d1e9a2,7090,size_in_bytes,lib/ocaml/compiler-libs/linkage_name.cmx,733444
2026-09-05T05:55:59Z,822b65f405d1f87e722ec0c7e5cfc5fb35d1e9a2,7090,size_in_bytes,lib/ocaml/compiler-libs/bytegen.cmx,129452
2026-09-05T05:55:59Z,822b65f405d1f87e722ec0c7e5cfc5fb35d1e9a2,7090,size_in_bytes,lib/ocaml/compiler-libs/instantiator.cmx,88867
2026-09-05T05:55:59Z,822b65f405d1f87e722ec0c7e5cfc5fb35d1e9a2,7090,size_in_bytes,lib/ocaml/compiler-libs/relocatable_symbol_name.cmx,2917
2026-09-05T05:55:59Z,822b65f405d1f87e722ec0c7e5cfc5fb35d1e9a2,7090,size_in_bytes,lib/ocaml/compiler-libs/pparse.cmx,205191
2026-09-05T05:55:59Z,822b65f405d1f87e722ec0c7e5cfc5fb35d1e9a2,7090,size_in_bytes,lib/ocaml/compiler-libs/includeclass.cmx,46510
2026-09-05T05:55:59Z,822b65f405d1f87e722ec0c7e5cfc5fb35d1e9a2,7090,size_in_bytes,lib/ocaml/compiler-libs/translquote.cmx,301879
2026-09-05T05:55:59Z,822b65f405d1f87e722ec0c7e5cfc5fb35d1e9a2,7090,size_in_bytes,lib/ocaml/compiler-libs/cfg_available_regs.cmx,160105
2026-09-05T05:55:59Z,822b65f405d1f87e722ec0c7e5cfc5fb35d1e9a2,7090,size_in_bytes,lib/ocaml/compiler-libs/arm64_binary_emitter__Nop_helpers.cmx,2200
2026-09-05T05:55:59Z,822b65f405d1f87e722ec0c7e5cfc5fb35d1e9a2,7090,size_in_bytes,lib/ocaml/compiler-libs/simplify_terminator.cmx,23314
2026-09-05T05:55:59Z,822b65f405d1f87e722ec0c7e5cfc5fb35d1e9a2,7090,size_in_bytes,lib/ocaml/compiler-libs/cfg_simplify.cmx,193349
2026-09-05T05:55:59Z,822b65f405d1f87e722ec0c7e5cfc5fb35d1e9a2,7090,size_in_bytes,lib/ocaml/compiler-libs/path.cmx,316370
2026-09-05T05:55:59Z,822b65f405d1f87e722ec0c7e5cfc5fb35d1e9a2,7090,size_in_bytes,lib/ocaml/compiler-libs/simd.cmx,647730
2026-09-05T05:55:59Z,822b65f405d1f87e722ec0c7e5cfc5fb35d1e9a2,7090,size_in_bytes,lib/ocaml/compiler-libs/cfg_to_linear.cmx,14206
2026-09-05T05:55:59Z,822b65f405d1f87e722ec0c7e5cfc5fb35d1e9a2,7090,size_in_bytes,lib/ocaml/compiler-libs/x86_masm.cmx,39146
2026-09-05T05:55:59Z,822b65f405d1f87e722ec0c7e5cfc5fb35d1e9a2,7090,size_in_bytes,lib/ocaml/compiler-libs/stack_reg_offset.cmx,16609
2026-09-05T05:55:59Z,822b65f405d1f87e722ec0c7e5cfc5fb35d1e9a2,7090,size_in_bytes,lib/ocaml/compiler-libs/instruct.cmx,3068
2026-09-05T05:55:59Z,822b65f405d1f87e722ec0c7e5cfc5fb35d1e9a2,7090,size_in_bytes,lib/ocaml/compiler-libs/data_types.cmx,36791
2026-09-05T05:55:59Z,822b65f405d1f87e722ec0c7e5cfc5fb35d1e9a2,7090,size_in_bytes,lib/ocaml/compiler-libs/dwarf_low__Unit_type.cmx,16481
2026-09-05T05:55:59Z,822b65f405d1f87e722ec0c7e5cfc5fb35d1e9a2,7090,size_in_bytes,lib/ocaml/compiler-libs/printast_with_mappings.cmx,671318
2026-09-05T05:55:59Z,822b65f405d1f87e722ec0c7e5cfc5fb35d1e9a2,7090,size_in_bytes,lib/ocaml/compiler-libs/afl_instrument.cmx,27171
2026-09-05T05:55:59Z,822b65f405d1f87e722ec0c7e5cfc5fb35d1e9a2,7090,size_in_bytes,lib/ocaml/compiler-libs/identifiable.cmx,387002
2026-09-05T05:55:59Z,822b65f405d1f87e722ec0c7e5cfc5fb35d1e9a2,7090,size_in_bytes,lib/ocaml/compiler-libs/dwarf_high.cmx,696
2026-09-05T05:55:59Z,822b65f405d1f87e722ec0c7e5cfc5fb35d1e9a2,7090,size_in_bytes,lib/ocaml/compiler-libs/doubly_linked_list.cmx,216373
2026-09-05T05:55:59Z,822b65f405d1f87e722ec0c7e5cfc5fb35d1e9a2,7090,size_in_bytes,lib/ocaml/compiler-libs/dwarf_compilation_unit.cmx,87568
2026-09-05T05:55:59Z,822b65f405d1f87e722ec0c7e5cfc5fb35d1e9a2,7090,size_in_bytes,lib/ocaml/compiler-libs/compilenv.cmx,221052
2026-09-05T05:55:59Z,822b65f405d1f87e722ec0c7e5cfc5fb35d1e9a2,7090,size_in_bytes,lib/ocaml/compiler-libs/compile_common.cmx,254521
2026-09-05T05:55:59Z,822b65f405d1f87e722ec0c7e5cfc5fb35d1e9a2,7090,size_in_bytes,lib/ocaml/compiler-libs/typedecl.cmx,779566
2026-09-05T05:55:59Z,822b65f405d1f87e722ec0c7e5cfc5fb35d1e9a2,7090,size_in_bytes,lib/ocaml/compiler-libs/compenv.cmx,236601
2026-09-05T05:55:59Z,822b65f405d1f87e722ec0c7e5cfc5fb35d1e9a2,7090,size_in_bytes,lib/ocaml/compiler-libs/type_shape.cmx,616720
2026-09-05T05:55:59Z,822b65f405d1f87e722ec0c7e5cfc5fb35d1e9a2,7090,size_in_bytes,lib/ocaml/compiler-libs/typeclass.cmx,615183
2026-09-05T05:55:59Z,822b65f405d1f87e722ec0c7e5cfc5fb35d1e9a2,7090,size_in_bytes,lib/ocaml/compiler-libs/cfg_quick_hash.cmx,37111
2026-09-05T05:55:59Z,822b65f405d1f87e722ec0c7e5cfc5fb35d1e9a2,7090,size_in_bytes,lib/ocaml/compiler-libs/arm64_ast__Logical_immediates.cmx,44489
2026-09-05T05:55:59Z,822b65f405d1f87e722ec0c7e5cfc5fb35d1e9a2,7090,size_in_bytes,lib/ocaml/compiler-libs/compilation_unit.cmx,2635688
2026-09-05T05:55:59Z,822b65f405d1f87e722ec0c7e5cfc5fb35d1e9a2,7090,size_in_bytes,lib/ocaml/compiler-libs/zero_alloc_checker.cmx,1495649
2026-09-05T05:55:59Z,822b65f405d1f87e722ec0c7e5cfc5fb35d1e9a2,7090,size_in_bytes,lib/ocaml/compiler-libs/ast_mapper.cmx,984217
2026-09-05T05:55:59Z,822b65f405d1f87e722ec0c7e5cfc5fb35d1e9a2,7090,size_in_bytes,lib/ocaml/compiler-libs/dwarf_high__Dwarf_attribute_helpers.cmx,405388
2026-09-05T05:55:59Z,822b65f405d1f87e722ec0c7e5cfc5fb35d1e9a2,7090,size_in_bytes,lib/ocaml/compiler-libs/generic_fns.cmx,483901
2026-09-05T05:55:59Z,822b65f405d1f87e722ec0c7e5cfc5fb35d1e9a2,7090,size_in_bytes,lib/ocaml/compiler-libs/dwarf_low__Dwarf_4_range_list.cmx,57589
2026-09-05T05:55:59Z,822b65f405d1f87e722ec0c7e5cfc5fb35d1e9a2,7090,size_in_bytes,lib/ocaml/compiler-libs/regalloc_utils.cmx,648463
2026-09-05T05:55:59Z,822b65f405d1f87e722ec0c7e5cfc5fb35d1e9a2,7090,size_in_bytes,lib/ocaml/compiler-libs/structured_mangling.cmx,199450
2026-09-05T05:55:59Z,822b65f405d1f87e722ec0c7e5cfc5fb35d1e9a2,7090,size_in_bytes,lib/ocaml/compiler-libs/asttypes.cmx,5280
2026-09-05T05:55:59Z,822b65f405d1f87e722ec0c7e5cfc5fb35d1e9a2,7090,size_in_bytes,lib/ocaml/compiler-libs/subst.cmx,612554
2026-09-05T05:55:59Z,822b65f405d1f87e722ec0c7e5cfc5fb35d1e9a2,7090,size_in_bytes,lib/ocaml/compiler-libs/jkind_intf.cmx,1656
2026-09-05T05:55:59Z,822b65f405d1f87e722ec0c7e5cfc5fb35d1e9a2,7090,size_in_bytes,lib/ocaml/compiler-libs/envaux.cmx,41220
2026-09-05T05:55:59Z,822b65f405d1f87e722ec0c7e5cfc5fb35d1e9a2,7090,size_in_bytes,lib/ocaml/compiler-libs/dwarf_flags.cmx,86102
2026-09-05T05:55:59Z,822b65f405d1f87e722ec0c7e5cfc5fb35d1e9a2,7090,size_in_bytes,lib/ocaml/compiler-libs/dwarf_high__Proto_die.cmx,57810
2026-09-05T05:55:59Z,822b65f405d1f87e722ec0c7e5cfc5fb35d1e9a2,7090,size_in_bytes,lib/ocaml/compiler-libs/arm64_binary_emitter__Data_proc_helpers.cmx,31369
2026-09-05T05:55:59Z,822b65f405d1f87e722ec0c7e5cfc5fb35d1e9a2,7090,size_in_bytes,lib/ocaml/compiler-libs/partition_object_files.cmx,83581
2026-09-05T05:55:59Z,822b65f405d1f87e722ec0c7e5cfc5fb35d1e9a2,7090,size_in_bytes,lib/ocaml/compiler-libs/gprinttyp.cmx,636016
2026-09-05T05:55:59Z,822b65f405d1f87e722ec0c7e5cfc5fb35d1e9a2,7090,size_in_bytes,lib/ocaml/compiler-libs/dissector.cmx,46785
2026-09-05T05:55:59Z,822b65f405d1f87e722ec0c7e5cfc5fb35d1e9a2,7090,size_in_bytes,lib/ocaml/compiler-libs/compiler_hooks.cmx,56560
2026-09-05T05:55:59Z,822b65f405d1f87e722ec0c7e5cfc5fb35d1e9a2,7090,size_in_bytes,lib/ocaml/compiler-libs/strongly_connected_components.cmx,158177
2026-09-05T05:55:59Z,822b65f405d1f87e722ec0c7e5cfc5fb35d1e9a2,7090,size_in_bytes,lib/ocaml/compiler-libs/printblambda.cmx,39207
2026-09-05T05:55:59Z,822b65f405d1f87e722ec0c7e5cfc5fb35d1e9a2,7090,size_in_bytes,lib/ocaml/compiler-libs/cfg_comballoc.cmx,78656
2026-09-05T05:55:59Z,822b65f405d1f87e722ec0c7e5cfc5fb35d1e9a2,7090,size_in_bytes,lib/ocaml/compiler-libs/lru.cmx,68285
2026-09-05T05:55:59Z,822b65f405d1f87e722ec0c7e5cfc5fb35d1e9a2,7090,size_in_bytes,lib/ocaml/compiler-libs/dwarf_low__Range_list_entry.cmx,20501
2026-09-05T05:55:59Z,822b65f405d1f87e722ec0c7e5cfc5fb35d1e9a2,7090,size_in_bytes,lib/ocaml/compiler-libs/dwarf_low__Address_table.cmx,82643
2026-09-05T05:55:59Z,822b65f405d1f87e722ec0c7e5cfc5fb35d1e9a2,7090,size_in_bytes,lib/ocaml/compiler-libs/asm_targets__Asm_label.cmx,850273
2026-09-05T05:55:59Z,822b65f405d1f87e722ec0c7e5cfc5fb35d1e9a2,7090,size_in_bytes,lib/ocaml/compiler-libs/section_table.cmx,41839
2026-09-05T05:55:59Z,822b65f405d1f87e722ec0c7e5cfc5fb35d1e9a2,7090,size_in_bytes,lib/ocaml/compiler-libs/fdo_info.cmx,23507
2026-09-05T05:55:59Z,822b65f405d1f87e722ec0c7e5cfc5fb35d1e9a2,7090,size_in_bytes,lib/ocaml/compiler-libs/dwarf_low__Initial_length.cmx,12918
2026-09-05T05:55:59Z,822b65f405d1f87e722ec0c7e5cfc5fb35d1e9a2,7090,size_in_bytes,lib/ocaml/compiler-libs/is_parameter.cmx,823987
2026-09-05T05:55:59Z,822b65f405d1f87e722ec0c7e5cfc5fb35d1e9a2,7090,size_in_bytes,lib/ocaml/compiler-libs/dwarf_low__Location_list_table.cmx,83750
2026-09-05T05:55:59Z,822b65f405d1f87e722ec0c7e5cfc5fb35d1e9a2,7090,size_in_bytes,lib/ocaml/compiler-libs/emitcode.cmx,58378
2026-09-05T05:55:59Z,822b65f405d1f87e722ec0c7e5cfc5fb35d1e9a2,7090,size_in_bytes,lib/ocaml/compiler-libs/dwarf_low__Counted_location_description.cmx,70222
2026-09-05T05:55:59Z,822b65f405d1f87e722ec0c7e5cfc5fb35d1e9a2,7090,size_in_bytes,lib/ocaml/compiler-libs/solver.cmx,1935303
2026-09-05T05:55:59Z,822b65f405d1f87e722ec0c7e5cfc5fb35d1e9a2,7090,size_in_bytes,lib/ocaml/compiler-libs/cmt2annot.cmx,21038
2026-09-05T05:55:59Z,822b65f405d1f87e722ec0c7e5cfc5fb35d1e9a2,7090,size_in_bytes,lib/ocaml/compiler-libs/cfg_intf.cmx,10321
2026-09-05T05:55:59Z,822b65f405d1f87e722ec0c7e5cfc5fb35d1e9a2,7090,size_in_bytes,lib/ocaml/compiler-libs/load_path.cmx,408755
2026-09-05T05:55:59Z,822b65f405d1f87e722ec0c7e5cfc5fb35d1e9a2,7090,size_in_bytes,lib/ocaml/compiler-libs/arm64_binary_emitter__Mov_helpers.cmx,13788
2026-09-05T05:55:59Z,822b65f405d1f87e722ec0c7e5cfc5fb35d1e9a2,7090,size_in_bytes,lib/ocaml/compiler-libs/dwarf_high__Dwarf_world.cmx,10671
2026-09-05T05:55:59Z,822b65f405d1f87e722ec0c7e5cfc5fb35d1e9a2,7090,size_in_bytes,lib/ocaml/compiler-libs/syntaxerr.cmx,7395
2026-09-05T05:55:59Z,822b65f405d1f87e722ec0c7e5cfc5fb35d1e9a2,7090,size_in_bytes,lib/ocaml/compiler-libs/x86_proc.cmx,209832
2026-09-05T05:55:59Z,822b65f405d1f87e722ec0c7e5cfc5fb35d1e9a2,7090,size_in_bytes,lib/ocaml/compiler-libs/translmode.cmx,84492
2026-09-05T05:55:59Z,822b65f405d1f87e722ec0c7e5cfc5fb35d1e9a2,7090,size_in_bytes,lib/ocaml/compiler-libs/dwarf_low__Dwarf_value.cmx,129459
2026-09-05T05:55:59Z,822b65f405d1f87e722ec0c7e5cfc5fb35d1e9a2,7090,size_in_bytes,lib/ocaml/compiler-libs/string_table.cmx,14595
2026-09-05T05:55:59Z,822b65f405d1f87e722ec0c7e5cfc5fb35d1e9a2,7090,size_in_bytes,lib/ocaml/compiler-libs/dwarf_low__Location_or_range_list_entry.cmx,139852
2026-09-05T05:55:59Z,822b65f405d1f87e722ec0c7e5cfc5fb35d1e9a2,7090,size_in_bytes,lib/ocaml/compiler-libs/arm64_binary_emitter__Add_sub_helpers.cmx,61174
2026-09-05T05:55:59Z,822b65f405d1f87e722ec0c7e5cfc5fb35d1e9a2,7090,size_in_bytes,lib/ocaml/compiler-libs/cfg_polling.cmx,14915
2026-09-05T05:55:59Z,822b65f405d1f87e722ec0c7e5cfc5fb35d1e9a2,7090,size_in_bytes,lib/ocaml/compiler-libs/dwarf_low__Dwarf_operator.cmx,226698
2026-09-05T05:55:59Z,822b65f405d1f87e722ec0c7e5cfc5fb35d1e9a2,7090,size_in_bytes,lib/ocaml/compiler-libs/dsl_helpers.cmx,574
2026-09-05T05:55:59Z,822b65f405d1f87e722ec0c7e5cfc5fb35d1e9a2,7090,size_in_bytes,lib/ocaml/compiler-libs/inlined_frame_ranges.cmx,1063558
2026-09-05T05:55:59Z,822b65f405d1f87e722ec0c7e5cfc5fb35d1e9a2,7090,size_in_bytes,lib/ocaml/compiler-libs/vectorize.cmx,108016
2026-09-05T05:55:59Z,822b65f405d1f87e722ec0c7e5cfc5fb35d1e9a2,7090,size_in_bytes,lib/ocaml/compiler-libs/slambda_fracture.cmx,52716
2026-09-05T05:55:59Z,822b65f405d1f87e722ec0c7e5cfc5fb35d1e9a2,7090,size_in_bytes,lib/ocaml/compiler-libs/linkenv.cmx,353804
2026-09-05T05:55:59Z,822b65f405d1f87e722ec0c7e5cfc5fb35d1e9a2,7090,size_in_bytes,lib/ocaml/compiler-libs/parse.cmx,30716
2026-09-05T05:55:59Z,822b65f405d1f87e722ec0c7e5cfc5fb35d1e9a2,7090,size_in_bytes,lib/ocaml/compiler-libs/cfg_deadcode.cmx,53450
2026-09-05T05:55:59Z,822b65f405d1f87e722ec0c7e5cfc5fb35d1e9a2,7090,size_in_bytes,lib/ocaml/compiler-libs/switch.cmx,536513
2026-09-05T05:55:59Z,822b65f405d1f87e722ec0c7e5cfc5fb35d1e9a2,7090,size_in_bytes,lib/ocaml/compiler-libs/jkind_types.cmx,449008
2026-09-05T05:55:59Z,822b65f405d1f87e722ec0c7e5cfc5fb35d1e9a2,7090,size_in_bytes,lib/ocaml/compiler-libs/dwarf_low__Debug_ranges_table.cmx,31238
2026-09-05T05:55:59Z,822b65f405d1f87e722ec0c7e5cfc5fb35d1e9a2,7090,size_in_bytes,lib/ocaml/compiler-libs/lexer.cmx,152379
2026-09-05T05:55:59Z,822b65f405d1f87e722ec0c7e5cfc5fb35d1e9a2,7090,size_in_bytes,lib/ocaml/compiler-libs/dwarf_reg_locations.cmx,80956
2026-09-05T05:55:59Z,822b65f405d1f87e722ec0c7e5cfc5fb35d1e9a2,7090,size_in_bytes,lib/ocaml/compiler-libs/cmo_io.cmx,29076
2026-09-05T05:55:59Z,822b65f405d1f87e722ec0c7e5cfc5fb35d1e9a2,7090,size_in_bytes,lib/ocaml/compiler-libs/cfg_prologue.cmx,575273
2026-09-05T05:55:59Z,822b65f405d1f87e722ec0c7e5cfc5fb35d1e9a2,7090,size_in_bytes,lib/ocaml/compiler-libs/location.cmx,715433
2026-09-05T05:55:59Z,822b65f405d1f87e722ec0c7e5cfc5fb35d1e9a2,7090,size_in_bytes,lib/ocaml/compiler-libs/cmm_helpers.cmx,4829837
2026-09-05T05:55:59Z,822b65f405d1f87e722ec0c7e5cfc5fb35d1e9a2,7090,size_in_bytes,lib/ocaml/compiler-libs/regs_utils.cmx,43346
2026-09-05T05:55:59Z,822b65f405d1f87e722ec0c7e5cfc5fb35d1e9a2,7090,size_in_bytes,lib/ocaml/compiler-libs/select_utils.cmx,372276
2026-09-05T05:55:59Z,822b65f405d1f87e722ec0c7e5cfc5fb35d1e9a2,7090,size_in_bytes,lib/ocaml/compiler-libs/x86_gas.cmx,41165
2026-09-05T05:55:59Z,822b65f405d1f87e722ec0c7e5cfc5fb35d1e9a2,7090,size_in_bytes,lib/ocaml/compiler-libs/transl_array_comprehension.cmx,345121
2026-09-05T05:55:59Z,822b65f405d1f87e722ec0c7e5cfc5fb35d1e9a2,7090,size_in_bytes,lib/ocaml/compiler-libs/tast_iterator.cmx,435909
2026-09-05T05:55:59Z,822b65f405d1f87e722ec0c7e5cfc5fb35d1e9a2,7090,size_in_bytes,lib/ocaml/compiler-libs/translclass.cmx,36307
2026-09-05T05:55:59Z,822b65f405d1f87e722ec0c7e5cfc5fb35d1e9a2,7090,size_in_bytes,lib/ocaml/compiler-libs/cfg_format.cmx,31507
2026-09-05T05:55:59Z,822b65f405d1f87e722ec0c7e5cfc5fb35d1e9a2,7090,size_in_bytes,lib/ocaml/compiler-libs/cmm.cmx,247137
2026-09-05T05:55:59Z,822b65f405d1f87e722ec0c7e5cfc5fb35d1e9a2,7090,size_in_bytes,lib/ocaml/compiler-libs/value_rec_check.cmx,158894
2026-09-05T05:55:59Z,822b65f405d1f87e722ec0c7e5cfc5fb35d1e9a2,7090,size_in_bytes,lib/ocaml/compiler-libs/dwarf_low__Inline_code.cmx,5312
2026-09-05T05:55:59Z,822b65f405d1f87e722ec0c7e5cfc5fb35d1e9a2,7090,size_in_bytes,lib/ocaml/compiler-libs/branch_relaxation.cmx,142482
2026-09-05T05:55:59Z,822b65f405d1f87e722ec0c7e5cfc5fb35d1e9a2,7090,size_in_bytes,lib/ocaml/compiler-libs/dwarf_low__Dwarf_tag.cmx,35874
2026-09-05T05:55:59Z,822b65f405d1f87e722ec0c7e5cfc5fb35d1e9a2,7090,size_in_bytes,lib/ocaml/compiler-libs/printpat.cmx,113046
2026-09-05T05:55:59Z,822b65f405d1f87e722ec0c7e5cfc5fb35d1e9a2,7090,size_in_bytes,lib/ocaml/compiler-libs/rawprinttyp.cmx,60999
2026-09-05T05:55:59Z,822b65f405d1f87e722ec0c7e5cfc5fb35d1e9a2,7090,size_in_bytes,lib/ocaml/compiler-libs/regalloc_irc_utils.cmx,62497
2026-09-05T05:55:59Z,822b65f405d1f87e722ec0c7e5cfc5fb35d1e9a2,7090,size_in_bytes,lib/ocaml/compiler-libs/dwarf_low__Debugging_information_entry.cmx,51034
2026-09-05T05:55:59Z,822b65f405d1f87e722ec0c7e5cfc5fb35d1e9a2,7090,size_in_bytes,lib/ocaml/compiler-libs/relocation_entry.cmx,52382
2026-09-05T05:55:59Z,822b65f405d1f87e722ec0c7e5cfc5fb35d1e9a2,7090,size_in_bytes,lib/ocaml/compiler-libs/arch.cmx,167525
2026-09-05T05:55:59Z,822b65f405d1f87e722ec0c7e5cfc5fb35d1e9a2,7090,size_in_bytes,lib/ocaml/compiler-libs/arm64_binary_emitter.cmx,1435
2026-09-05T05:55:59Z,822b65f405d1f87e722ec0c7e5cfc5fb35d1e9a2,7090,size_in_bytes,lib/ocaml/compiler-libs/functorizer.cmx,301396
2026-09-05T05:55:59Z,822b65f405d1f87e722ec0c7e5cfc5fb35d1e9a2,7090,size_in_bytes,lib/ocaml/compiler-libs/meta.cmx,2779
2026-09-05T05:55:59Z,822b65f405d1f87e722ec0c7e5cfc5fb35d1e9a2,7090,size_in_bytes,lib/ocaml/compiler-libs/slambdaeval.cmx,441582
2026-09-05T05:55:59Z,822b65f405d1f87e722ec0c7e5cfc5fb35d1e9a2,7090,size_in_bytes,lib/ocaml/compiler-libs/tmc.cmx,39527
2026-09-05T05:55:59Z,822b65f405d1f87e722ec0c7e5cfc5fb35d1e9a2,7090,size_in_bytes,lib/ocaml/compiler-libs/proc.cmx,268919
2026-09-05T05:55:59Z,822b65f405d1f87e722ec0c7e5cfc5fb35d1e9a2,7090,size_in_bytes,lib/ocaml/compiler-libs/x86_binary_emitter.cmx,305536
2026-09-05T05:55:59Z,822b65f405d1f87e722ec0c7e5cfc5fb35d1e9a2,7090,size_in_bytes,lib/ocaml/compiler-libs/CSE.cmx,26792
2026-09-05T05:55:59Z,822b65f405d1f87e722ec0c7e5cfc5fb35d1e9a2,7090,size_in_bytes,lib/ocaml/compiler-libs/rewrite_sections.cmx,10571
2026-09-05T05:55:59Z,822b65f405d1f87e722ec0c7e5cfc5fb35d1e9a2,7090,size_in_bytes,lib/ocaml/compiler-libs/pprintast.cmx,177512
2026-09-05T05:55:59Z,822b65f405d1f87e722ec0c7e5cfc5fb35d1e9a2,7090,size_in_bytes,lib/ocaml/compiler-libs/current_unit.cmx,74103
2026-09-05T05:55:59Z,822b65f405d1f87e722ec0c7e5cfc5fb35d1e9a2,7090,size_in_bytes,lib/ocaml/compiler-libs/typeopt.cmx,292138
2026-09-05T05:55:59Z,822b65f405d1f87e722ec0c7e5cfc5fb35d1e9a2,7090,size_in_bytes,lib/ocaml/compiler-libs/arm64_binary_emitter__Section_state.cmx,97157
2026-09-05T05:55:59Z,822b65f405d1f87e722ec0c7e5cfc5fb35d1e9a2,7090,size_in_bytes,lib/ocaml/compiler-libs/arm64_binary_emitter__Branch_helpers.cmx,84298
2026-09-05T05:55:59Z,822b65f405d1f87e722ec0c7e5cfc5fb35d1e9a2,7090,size_in_bytes,lib/ocaml/compiler-libs/mode.cmx,14326803
2026-09-05T05:55:59Z,822b65f405d1f87e722ec0c7e5cfc5fb35d1e9a2,7090,size_in_bytes,lib/ocaml/compiler-libs/iplt.cmx,70139
2026-09-05T05:55:59Z,822b65f405d1f87e722ec0c7e5cfc5fb35d1e9a2,7090,size_in_bytes,lib/ocaml/compiler-libs/dwarf_low__Dwarf_4_location_list.cmx,69972
2026-09-05T05:55:59Z,822b65f405d1f87e722ec0c7e5cfc5fb35d1e9a2,7090,size_in_bytes,lib/ocaml/compiler-libs/dwarf_name_laundry.cmx,19948
2026-09-05T05:55:59Z,822b65f405d1f87e722ec0c7e5cfc5fb35d1e9a2,7090,size_in_bytes,lib/ocaml/compiler-libs/dissector_log.cmx,38118
2026-09-05T05:55:59Z,822b65f405d1f87e722ec0c7e5cfc5fb35d1e9a2,7090,size_in_bytes,lib/ocaml/compiler-libs/priority_queue.cmx,91045
2026-09-05T05:55:59Z,822b65f405d1f87e722ec0c7e5cfc5fb35d1e9a2,7090,size_in_bytes,lib/ocaml/compiler-libs/stypes.cmx,58969
2026-09-05T05:55:59Z,822b65f405d1f87e722ec0c7e5cfc5fb35d1e9a2,7090,size_in_bytes,lib/ocaml/compiler-libs/docstrings.cmx,456539
2026-09-05T05:55:59Z,822b65f405d1f87e722ec0c7e5cfc5fb35d1e9a2,7090,size_in_bytes,lib/ocaml/compiler-libs/uniqueness_analysis.cmx,658783
2026-09-05T05:55:59Z,822b65f405d1f87e722ec0c7e5cfc5fb35d1e9a2,7090,size_in_bytes,lib/ocaml/compiler-libs/x86_ast_utils.cmx,82659
2026-09-05T05:55:59Z,822b65f405d1f87e722ec0c7e5cfc5fb35d1e9a2,7090,size_in_bytes,lib/ocaml/compiler-libs/ast_helper.cmx,1534781
2026-09-05T05:55:59Z,822b65f405d1f87e722ec0c7e5cfc5fb35d1e9a2,7090,size_in_bytes,lib/ocaml/compiler-libs/printcfg.cmx,180382
2026-09-05T05:55:59Z,822b65f405d1f87e722ec0c7e5cfc5fb35d1e9a2,7090,size_in_bytes,lib/ocaml/compiler-libs/asm_targets__Asm_directives_dwarf.cmx,2098
2026-09-05T05:55:59Z,822b65f405d1f87e722ec0c7e5cfc5fb35d1e9a2,7090,size_in_bytes,lib/ocaml/compiler-libs/profile_counters_functions.cmx,5217
2026-09-05T05:55:59Z,822b65f405d1f87e722ec0c7e5cfc5fb35d1e9a2,7090,size_in_bytes,lib/ocaml/compiler-libs/available_ranges_vars.cmx,288276
2026-09-05T05:55:59Z,822b65f405d1f87e722ec0c7e5cfc5fb35d1e9a2,7090,size_in_bytes,lib/ocaml/compiler-libs/printtyp.cmx,325416
2026-09-05T05:55:59Z,822b65f405d1f87e722ec0c7e5cfc5fb35d1e9a2,7090,size_in_bytes,lib/ocaml/compiler-libs/cfg_loop_infos.cmx,107582
2026-09-05T05:55:59Z,822b65f405d1f87e722ec0c7e5cfc5fb35d1e9a2,7090,size_in_bytes,lib/ocaml/compiler-libs/ccomp.cmx,98996
2026-09-05T05:55:59Z,822b65f405d1f87e722ec0c7e5cfc5fb35d1e9a2,7090,size_in_bytes,lib/ocaml/compiler-libs/sub_cfg.cmx,144790
2026-09-05T05:55:59Z,822b65f405d1f87e722ec0c7e5cfc5fb35d1e9a2,7090,size_in_bytes,lib/ocaml/compiler-libs/hash_consed.cmx,44187
2026-09-05T05:55:59Z,822b65f405d1f87e722ec0c7e5cfc5fb35d1e9a2,7090,size_in_bytes,lib/ocaml/compiler-libs/transl_comprehension_utils.cmx,333356
2026-09-05T05:55:59Z,822b65f405d1f87e722ec0c7e5cfc5fb35d1e9a2,7090,size_in_bytes,lib/ocaml/compiler-libs/errortrace.cmx,71311
2026-09-05T05:55:59Z,822b65f405d1f87e722ec0c7e5cfc5fb35d1e9a2,7090,size_in_bytes,lib/ocaml/compiler-libs/ctype.cmx,2943555
2026-09-05T05:55:59Z,822b65f405d1f87e722ec0c7e5cfc5fb35d1e9a2,7090,size_in_bytes,lib/ocaml/compiler-libs/cfg_selection.cmx,142361
2026-09-05T05:55:59Z,822b65f405d1f87e722ec0c7e5cfc5fb35d1e9a2,7090,size_in_bytes,lib/ocaml/compiler-libs/translmod.cmx,636504
2026-09-05T05:55:59Z,822b65f405d1f87e722ec0c7e5cfc5fb35d1e9a2,7090,size_in_bytes,lib/ocaml/compiler-libs/dwarf_low__Location_list.cmx,39744
2026-09-05T05:55:59Z,822b65f405d1f87e722ec0c7e5cfc5fb35d1e9a2,7090,size_in_bytes,lib/ocaml/compiler-libs/dwarf_low__Simple_location_description.cmx,26070
2026-09-05T05:55:59Z,822b65f405d1f87e722ec0c7e5cfc5fb35d1e9a2,7090,size_in_bytes,lib/ocaml/compiler-libs/dwarf_abstract_instances.cmx,127016
2026-09-05T05:55:59Z,822b65f405d1f87e722ec0c7e5cfc5fb35d1e9a2,7090,size_in_bytes,lib/ocaml/compiler-libs/symbol.cmx,869063
2026-09-05T05:55:59Z,822b65f405d1f87e722ec0c7e5cfc5fb35d1e9a2,7090,size_in_bytes,lib/ocaml/compiler-libs/arg_helper.cmx,84147
2026-09-05T05:55:59Z,822b65f405d1f87e722ec0c7e5cfc5fb35d1e9a2,7090,size_in_bytes,lib/ocaml/compiler-libs/jit_backend.cmx,133987
2026-09-05T05:55:59Z,822b65f405d1f87e722ec0c7e5cfc5fb35d1e9a2,7090,size_in_bytes,lib/ocaml/compiler-libs/stack_class.cmx,208582
2026-09-05T05:55:59Z,822b65f405d1f87e722ec0c7e5cfc5fb35d1e9a2,7090,size_in_bytes,lib/ocaml/compiler-libs/dwarf_low__Single_location_description.cmx,48811
2026-09-05T05:55:59Z,822b65f405d1f87e722ec0c7e5cfc5fb35d1e9a2,7090,size_in_bytes,lib/ocaml/compiler-libs/symtable.cmx,791861
2026-09-05T05:55:59Z,822b65f405d1f87e722ec0c7e5cfc5fb35d1e9a2,7090,size_in_bytes,lib/ocaml/compiler-libs/mixed_block_shape.cmx,108954
2026-09-05T05:55:59Z,822b65f405d1f87e722ec0c7e5cfc5fb35d1e9a2,7090,size_in_bytes,lib/ocaml/compiler-libs/bytesections.cmx,76630
2026-09-05T05:55:59Z,822b65f405d1f87e722ec0c7e5cfc5fb35d1e9a2,7090,size_in_bytes,lib/ocaml/compiler-libs/attr_helper.cmx,37566
2026-09-05T05:55:59Z,822b65f405d1f87e722ec0c7e5cfc5fb35d1e9a2,7090,size_in_bytes,lib/ocaml/compiler-libs/x86_dsl.cmx,476051
2026-09-05T05:55:59Z,822b65f405d1f87e722ec0c7e5cfc5fb35d1e9a2,7090,size_in_bytes,lib/ocaml/compiler-libs/ast_iterator.cmx,382227
2026-09-05T05:55:59Z,822b65f405d1f87e722ec0c7e5cfc5fb35d1e9a2,7090,size_in_bytes,lib/ocaml/compiler-libs/bytelibrarian.cmx,102538
2026-09-05T05:55:59Z,822b65f405d1f87e722ec0c7e5cfc5fb35d1e9a2,7090,size_in_bytes,lib/ocaml/compiler-libs/cfg_invariants.cmx,183514
2026-09-05T05:55:59Z,822b65f405d1f87e722ec0c7e5cfc5fb35d1e9a2,7090,size_in_bytes,lib/ocaml/compiler-libs/zero_alloc_info.cmx,46200
2026-09-05T05:55:59Z,822b65f405d1f87e722ec0c7e5cfc5fb35d1e9a2,7090,size_in_bytes,lib/ocaml/compiler-libs/regalloc_ls_state.cmx,168109
2026-09-05T05:55:59Z,822b65f405d1f87e722ec0c7e5cfc5fb35d1e9a2,7090,size_in_bytes,lib/ocaml/compiler-libs/dwarf_low__Abbreviations_table.cmx,85995
2026-09-05T05:55:59Z,822b65f405d1f87e722ec0c7e5cfc5fb35d1e9a2,7090,size_in_bytes,lib/ocaml/compiler-libs/dwarf_low__Dwarf_4_entry_sorting.cmx,10210
2026-09-05T05:55:59Z,822b65f405d1f87e722ec0c7e5cfc5fb35d1e9a2,7090,size_in_bytes,lib/ocaml/compiler-libs/dwarf_low__Dwarf_int.cmx,96669
2026-09-05T05:55:59Z,822b65f405d1f87e722ec0c7e5cfc5fb35d1e9a2,7090,size_in_bytes,lib/ocaml/compiler-libs/typedecl_properties.cmx,84177
2026-09-05T05:55:59Z,822b65f405d1f87e722ec0c7e5cfc5fb35d1e9a2,7090,size_in_bytes,lib/ocaml/compiler-libs/dwarf_low.cmx,1922
2026-09-05T05:55:59Z,822b65f405d1f87e722ec0c7e5cfc5fb35d1e9a2,7090,size_in_bytes,lib/ocaml/compiler-libs/blambda.cmx,3017
2026-09-05T05:55:59Z,822b65f405d1f87e722ec0c7e5cfc5fb35d1e9a2,7090,size_in_bytes,lib/ocaml/compiler-libs/opt_fuel.cmx,41277
2026-09-05T05:55:59Z,822b65f405d1f87e722ec0c7e5cfc5fb35d1e9a2,7090,size_in_bytes,lib/ocaml/compiler-libs/printlambda.cmx,179171
2026-09-05T05:55:59Z,822b65f405d1f87e722ec0c7e5cfc5fb35d1e9a2,7090,size_in_bytes,lib/ocaml/compiler-libs/ast_invariants.cmx,145219
2026-09-05T05:55:59Z,822b65f405d1f87e722ec0c7e5cfc5fb35d1e9a2,7090,size_in_bytes,lib/ocaml/compiler-libs/cmm_invariants.cmx,54484
2026-09-05T05:55:59Z,822b65f405d1f87e722ec0c7e5cfc5fb35d1e9a2,7090,size_in_bytes,lib/ocaml/compiler-libs/translcore.cmx,490400
2026-09-05T05:55:59Z,822b65f405d1f87e722ec0c7e5cfc5fb35d1e9a2,7090,size_in_bytes,lib/ocaml/compiler-libs/dwarf_low__Dwarf_language.cmx,13727
2026-09-05T05:55:59Z,822b65f405d1f87e722ec0c7e5cfc5fb35d1e9a2,7090,size_in_bytes,lib/ocaml/compiler-libs/emit.cmx,66416
2026-09-05T05:55:59Z,822b65f405d1f87e722ec0c7e5cfc5fb35d1e9a2,7090,size_in_bytes,lib/ocaml/compiler-libs/cfg.cmx,265276
2026-09-05T05:55:59Z,822b65f405d1f87e722ec0c7e5cfc5fb35d1e9a2,7090,size_in_bytes,lib/ocaml/compiler-libs/asm_targets.cmx,649
2026-09-05T05:55:59Z,822b65f405d1f87e722ec0c7e5cfc5fb35d1e9a2,7090,size_in_bytes,lib/ocaml/compiler-libs/terminfo.cmx,24966
2026-09-05T05:55:59Z,822b65f405d1f87e722ec0c7e5cfc5fb35d1e9a2,7090,size_in_bytes,lib/ocaml/compiler-libs/regalloc_invariants.cmx,100575
2026-09-05T05:55:59Z,822b65f405d1f87e722ec0c7e5cfc5fb35d1e9a2,7090,size_in_bytes,lib/ocaml/compiler-libs/binutils.cmx,309539
2026-09-05T05:55:59Z,822b65f405d1f87e722ec0c7e5cfc5fb35d1e9a2,7090,size_in_bytes,lib/ocaml/compiler-libs/int_replace_polymorphic_compare.cmx,12775
2026-09-05T05:55:59Z,822b65f405d1f87e722ec0c7e5cfc5fb35d1e9a2,7090,size_in_bytes,lib/ocaml/compiler-libs/arm64_binary_emitter__Encode_directive.cmx,88972
2026-09-05T05:55:59Z,822b65f405d1f87e722ec0c7e5cfc5fb35d1e9a2,7090,size_in_bytes,lib/ocaml/compiler-libs/arm64_binary_emitter__Logical_helpers.cmx,26342
2026-09-05T05:55:59Z,822b65f405d1f87e722ec0c7e5cfc5fb35d1e9a2,7090,size_in_bytes,lib/ocaml/compiler-libs/asm_targets__Asm_directives.cmx,876394
2026-09-05T05:55:59Z,822b65f405d1f87e722ec0c7e5cfc5fb35d1e9a2,7090,size_in_bytes,lib/ocaml/compiler-libs/regalloc_irc_state.cmx,836893
2026-09-05T05:55:59Z,822b65f405d1f87e722ec0c7e5cfc5fb35d1e9a2,7090,size_in_bytes,lib/ocaml/compiler-libs/dwarf_low__Dwarf_attributes.cmx,1560047
2026-09-05T05:55:59Z,822b65f405d1f87e722ec0c7e5cfc5fb35d1e9a2,7090,size_in_bytes,lib/ocaml/compiler-libs/out_type.cmx,2073286
2026-09-05T05:55:59Z,822b65f405d1f87e722ec0c7e5cfc5fb35d1e9a2,7090,size_in_bytes,lib/ocaml/compiler-libs/arm64_binary_emitter__Csel_helpers.cmx,11618
2026-09-05T05:55:59Z,822b65f405d1f87e722ec0c7e5cfc5fb35d1e9a2,7090,size_in_bytes,lib/ocaml/compiler-libs/signature_group.cmx,93593
2026-09-05T05:55:59Z,822b65f405d1f87e722ec0c7e5cfc5fb35d1e9a2,7090,size_in_bytes,lib/ocaml/compiler-libs/parser.cmx,1493951
2026-09-05T05:55:59Z,822b65f405d1f87e722ec0c7e5cfc5fb35d1e9a2,7090,size_in_bytes,lib/ocaml/compiler-libs/cmi_format.cmx,131388
2026-09-05T05:55:59Z,822b65f405d1f87e722ec0c7e5cfc5fb35d1e9a2,7090,size_in_bytes,lib/ocaml/compiler-libs/types.cmx,1198825
2026-09-05T05:55:59Z,822b65f405d1f87e722ec0c7e5cfc5fb35d1e9a2,7090,size_in_bytes,lib/ocaml/compiler-libs/dll.cmx,77075
2026-09-05T05:55:59Z,822b65f405d1f87e722ec0c7e5cfc5fb35d1e9a2,7090,size_in_bytes,lib/ocaml/compiler-libs/dwarf_variables_and_parameters.cmx,69703
2026-09-05T05:55:59Z,822b65f405d1f87e722ec0c7e5cfc5fb35d1e9a2,7090,size_in_bytes,lib/ocaml/compiler-libs/cfg_cse_target_intf.cmx,10078
2026-09-05T05:55:59Z,822b65f405d1f87e722ec0c7e5cfc5fb35d1e9a2,7090,size_in_bytes,lib/ocaml/compiler-libs/regalloc_gi_utils.cmx,388449
2026-09-05T05:55:59Z,822b65f405d1f87e722ec0c7e5cfc5fb35d1e9a2,7090,size_in_bytes,lib/ocaml/compiler-libs/dwarf_low__Dwarf_version.cmx,12947
2026-09-05T05:55:59Z,822b65f405d1f87e722ec0c7e5cfc5fb35d1e9a2,7090,size_in_bytes,lib/ocaml/compiler-libs/form_rewrite_plan.cmx,80237
2026-09-05T05:55:59Z,822b65f405d1f87e722ec0c7e5cfc5fb35d1e9a2,7090,size_in_bytes,lib/ocaml/compiler-libs/dwarf_low__Address_index.cmx,1415372
2026-09-05T05:55:59Z,822b65f405d1f87e722ec0c7e5cfc5fb35d1e9a2,7090,size_in_bytes,lib/ocaml/compiler-libs/consistbl.cmx,62549
2026-09-05T05:55:59Z,822b65f405d1f87e722ec0c7e5cfc5fb35d1e9a2,7090,size_in_bytes,lib/ocaml/compiler-libs/linear.cmx,43781
2026-09-05T05:55:59Z,822b65f405d1f87e722ec0c7e5cfc5fb35d1e9a2,7090,size_in_bytes,lib/ocaml/compiler-libs/cm_bundle.cmx,15952
2026-09-05T05:55:59Z,822b65f405d1f87e722ec0c7e5cfc5fb35d1e9a2,7090,size_in_bytes,lib/ocaml/compiler-libs/arrayset.cmx,58467
2026-09-05T05:55:59Z,822b65f405d1f87e722ec0c7e5cfc5fb35d1e9a2,7090,size_in_bytes,lib/ocaml/compiler-libs/lambda.cmx,901929
2026-09-05T05:55:59Z,822b65f405d1f87e722ec0c7e5cfc5fb35d1e9a2,7090,size_in_bytes,lib/ocaml/compiler-libs/regalloc_split_state.cmx,342565
2026-09-05T05:55:59Z,822b65f405d1f87e722ec0c7e5cfc5fb35d1e9a2,7090,size_in_bytes,lib/ocaml/compiler-libs/dwarf_low__Range_list_table.cmx,83249
2026-09-05T05:55:59Z,822b65f405d1f87e722ec0c7e5cfc5fb35d1e9a2,7090,size_in_bytes,lib/ocaml/compiler-libs/patterns.cmx,145591
2026-09-05T05:55:59Z,822b65f405d1f87e722ec0c7e5cfc5fb35d1e9a2,7090,size_in_bytes,lib/ocaml/compiler-libs/cfg_to_linear_desc.cmx,15665
2026-09-05T05:55:59Z,822b65f405d1f87e722ec0c7e5cfc5fb35d1e9a2,7090,size_in_bytes,lib/ocaml/compiler-libs/binary_emitter_intf.cmx,1141
2026-09-05T05:55:59Z,822b65f405d1f87e722ec0c7e5cfc5fb35d1e9a2,7090,size_in_bytes,lib/ocaml/compiler-libs/optcompile.cmx,336746
2026-09-05T05:55:59Z,822b65f405d1f87e722ec0c7e5cfc5fb35d1e9a2,7090,size_in_bytes,lib/ocaml/compiler-libs/scalar.cmx,432710
2026-09-05T05:55:59Z,822b65f405d1f87e722ec0c7e5cfc5fb35d1e9a2,7090,size_in_bytes,lib/ocaml/compiler-libs/blambda_of_lambda.cmx,49135
2026-09-05T05:55:59Z,822b65f405d1f87e722ec0c7e5cfc5fb35d1e9a2,7090,size_in_bytes,lib/ocaml/compiler-libs/dwarf_low__Debug_info_section.cmx,84435
2026-09-05T05:55:59Z,822b65f405d1f87e722ec0c7e5cfc5fb35d1e9a2,7090,size_in_bytes,lib/ocaml/compiler-libs/dwarf.cmx,126818
2026-09-05T05:55:59Z,822b65f405d1f87e722ec0c7e5cfc5fb35d1e9a2,7090,size_in_bytes,lib/ocaml/compiler-libs/dwarf_low__Location_list_entry.cmx,16783
2026-09-05T05:55:59Z,822b65f405d1f87e722ec0c7e5cfc5fb35d1e9a2,7090,size_in_bytes,lib/ocaml/compiler-libs/printast.cmx,641146
2026-09-05T05:55:59Z,822b65f405d1f87e722ec0c7e5cfc5fb35d1e9a2,7090,size_in_bytes,lib/ocaml/compiler-libs/optpackager.cmx,389924
2026-09-05T05:55:59Z,822b65f405d1f87e722ec0c7e5cfc5fb35d1e9a2,7090,size_in_bytes,lib/ocaml/compiler-libs/mixed_product_bytes.cmx,72312
2026-09-05T05:55:59Z,822b65f405d1f87e722ec0c7e5cfc5fb35d1e9a2,7090,size_in_bytes,lib/ocaml/compiler-libs/reg.cmx,848190
2026-09-05T05:55:59Z,822b65f405d1f87e722ec0c7e5cfc5fb35d1e9a2,7090,size_in_bytes,lib/ocaml/compiler-libs/includemod_errorprinter.cmx,396728
2026-09-05T05:55:59Z,822b65f405d1f87e722ec0c7e5cfc5fb35d1e9a2,7090,size_in_bytes,lib/ocaml/compiler-libs/arm64_ast.cmx,543
2026-09-05T05:55:59Z,822b65f405d1f87e722ec0c7e5cfc5fb35d1e9a2,7090,size_in_bytes,lib/ocaml/compiler-libs/asm_targets__Asm_symbol.cmx,855580
2026-09-05T05:55:59Z,822b65f405d1f87e722ec0c7e5cfc5fb35d1e9a2,7090,size_in_bytes,lib/ocaml/compiler-libs/amd64_simd_instrs.cmx,15255126
2026-09-05T05:55:59Z,822b65f405d1f87e722ec0c7e5cfc5fb35d1e9a2,7090,size_in_bytes,lib/ocaml/compiler-libs/cfg_selectgen.cmx,1748984
2026-09-05T05:55:59Z,822b65f405d1f87e722ec0c7e5cfc5fb35d1e9a2,7090,size_in_bytes,lib/ocaml/compiler-libs/vectorize_specific.cmx,31273
2026-09-05T05:55:59Z,822b65f405d1f87e722ec0c7e5cfc5fb35d1e9a2,7090,size_in_bytes,lib/ocaml/compiler-libs/cfg_block_layout.cmx,29348
2026-09-05T05:55:59Z,822b65f405d1f87e722ec0c7e5cfc5fb35d1e9a2,7090,size_in_bytes,lib/ocaml/compiler-libs/complex_shape.cmx,166131
2026-09-05T05:55:59Z,822b65f405d1f87e722ec0c7e5cfc5fb35d1e9a2,7090,size_in_bytes,lib/ocaml/compiler-libs/dwarf_low__Debug_loc_table.cmx,24510
2026-09-05T05:55:59Z,822b65f405d1f87e722ec0c7e5cfc5fb35d1e9a2,7090,size_in_bytes,lib/ocaml/compiler-libs/tast_mapper.cmx,615744
2026-09-05T05:55:59Z,822b65f405d1f87e722ec0c7e5cfc5fb35d1e9a2,7090,size_in_bytes,lib/ocaml/str/str.cmx,235325
2026-09-05T05:55:59Z,822b65f405d1f87e722ec0c7e5cfc5fb35d1e9a2,7090,size_in_bytes,lib/ocaml/ocaml-jit/jit.cmx,68766
2026-09-05T05:55:59Z,822b65f405d1f87e722ec0c7e5cfc5fb35d1e9a2,7090,size_in_bytes,lib/ocaml/stdlib_alpha/stdlib_alpha.cmx,579
2026-09-05T05:55:59Z,822b65f405d1f87e722ec0c7e5cfc5fb35d1e9a2,7090,size_in_bytes,lib/ocaml/runtime_events/runtime_events.cmx,80028
2026-09-05T05:55:59Z,822b65f405d1f87e722ec0c7e5cfc5fb35d1e9a2,7090,size_in_bytes,lib/ocaml/threads/event.cmx,160460
2026-09-05T05:55:59Z,822b65f405d1f87e722ec0c7e5cfc5fb35d1e9a2,7090,size_in_bytes,lib/ocaml/threads/multicore.cmx,47200
2026-09-05T05:55:59Z,822b65f405d1f87e722ec0c7e5cfc5fb35d1e9a2,7090,size_in_bytes,lib/ocaml/threads/thread.cmx,27755
2026-09-05T05:55:59Z,822b65f405d1f87e722ec0c7e5cfc5fb35d1e9a2,7090,size_in_bytes,lib/ocaml/stdlib_stable/stdlib_stable__Int8.cmx,16342
2026-09-05T05:55:59Z,822b65f405d1f87e722ec0c7e5cfc5fb35d1e9a2,7090,size_in_bytes,lib/ocaml/stdlib_stable/stdlib_stable__Int_u.cmx,28551
2026-09-05T05:55:59Z,822b65f405d1f87e722ec0c7e5cfc5fb35d1e9a2,7090,size_in_bytes,lib/ocaml/stdlib_stable/stdlib_stable__Iarray.cmx,3820
2026-09-05T05:55:59Z,822b65f405d1f87e722ec0c7e5cfc5fb35d1e9a2,7090,size_in_bytes,lib/ocaml/stdlib_stable/stdlib_stable__Int16_u.cmx,21848
2026-09-05T05:55:59Z,822b65f405d1f87e722ec0c7e5cfc5fb35d1e9a2,7090,size_in_bytes,lib/ocaml/stdlib_stable/stdlib_stable__Int.cmx,20933
2026-09-05T05:55:59Z,822b65f405d1f87e722ec0c7e5cfc5fb35d1e9a2,7090,size_in_bytes,lib/ocaml/stdlib_stable/stdlib_stable__.cmx,1065
2026-09-05T05:55:59Z,822b65f405d1f87e722ec0c7e5cfc5fb35d1e9a2,7090,size_in_bytes,lib/ocaml/stdlib_stable/stdlib_stable__Float32_u.cmx,184407
2026-09-05T05:55:59Z,822b65f405d1f87e722ec0c7e5cfc5fb35d1e9a2,7090,size_in_bytes,lib/ocaml/stdlib_stable/stdlib_stable__Or_null.cmx,30217
2026-09-05T05:55:59Z,822b65f405d1f87e722ec0c7e5cfc5fb35d1e9a2,7090,size_in_bytes,lib/ocaml/stdlib_stable/stdlib_stable__Float32.cmx,59910
2026-09-05T05:55:59Z,822b65f405d1f87e722ec0c7e5cfc5fb35d1e9a2,7090,size_in_bytes,lib/ocaml/stdlib_stable/stdlib_stable__Idx_atomic.cmx,3684
2026-09-05T05:55:59Z,822b65f405d1f87e722ec0c7e5cfc5fb35d1e9a2,7090,size_in_bytes,lib/ocaml/stdlib_stable/stdlib_stable__Int8_u.cmx,21702
2026-09-05T05:55:59Z,822b65f405d1f87e722ec0c7e5cfc5fb35d1e9a2,7090,size_in_bytes,lib/ocaml/stdlib_stable/stdlib_stable__IarrayLabels.cmx,478056
2026-09-05T05:55:59Z,822b65f405d1f87e722ec0c7e5cfc5fb35d1e9a2,7090,size_in_bytes,lib/ocaml/stdlib_stable/stdlib_stable__Idx_imm.cmx,665
2026-09-05T05:55:59Z,822b65f405d1f87e722ec0c7e5cfc5fb35d1e9a2,7090,size_in_bytes,lib/ocaml/stdlib_stable/stdlib_stable__Idx_mut.cmx,665
2026-09-05T05:55:59Z,822b65f405d1f87e722ec0c7e5cfc5fb35d1e9a2,7090,size_in_bytes,lib/ocaml/stdlib_stable/stdlib_stable__Int16.cmx,16444
2026-09-05T05:55:59Z,822b65f405d1f87e722ec0c7e5cfc5fb35d1e9a2,7090,size_in_bytes,lib/ocaml/stdlib_stable/stdlib_stable__Char_u.cmx,34066
2026-09-05T05:55:59Z,822b65f405d1f87e722ec0c7e5cfc5fb35d1e9a2,7090,size_in_bytes,lib/ocaml/stdlib_stable/stdlib_stable.cmx,619
2026-09-05T05:55:59Z,822b65f405d1f87e722ec0c7e5cfc5fb35d1e9a2,7090,size_in_bytes,lib/ocaml/unix/unixLabels.cmx,21027
2026-09-05T05:55:59Z,822b65f405d1f87e722ec0c7e5cfc5fb35d1e9a2,7090,size_in_bytes,lib/ocaml/unix/unix.cmx,517367
2026-09-05T05:55:59Z,822b65f405d1f87e722ec0c7e5cfc5fb35d1e9a2,7090,size_in_bytes,lib/ocaml/compiler_owee__Owee_object.cmo,86527
2026-09-05T05:55:59Z,822b65f405d1f87e722ec0c7e5cfc5fb35d1e9a2,7090,size_in_bytes,lib/ocaml/compiler_owee.cmo,13578
2026-09-05T05:55:59Z,822b65f405d1f87e722ec0c7e5cfc5fb35d1e9a2,7090,size_in_bytes,lib/ocaml/compiler_owee__Owee_buf.cmo,113656
2026-09-05T05:55:59Z,822b65f405d1f87e722ec0c7e5cfc5fb35d1e9a2,7090,size_in_bytes,lib/ocaml/std_exit.cmo,9941
2026-09-05T05:55:59Z,822b65f405d1f87e722ec0c7e5cfc5fb35d1e9a2,7090,size_in_bytes,lib/ocaml/compiler_owee__Owee_traverse.cmo,85040
2026-09-05T05:55:59Z,822b65f405d1f87e722ec0c7e5cfc5fb35d1e9a2,7090,size_in_bytes,lib/ocaml/compiler_owee__Owee_form.cmo,32397
2026-09-05T05:55:59Z,822b65f405d1f87e722ec0c7e5cfc5fb35d1e9a2,7090,size_in_bytes,lib/ocaml/compiler_owee__Owee_elf_string_table.cmo,17461
2026-09-05T05:55:59Z,822b65f405d1f87e722ec0c7e5cfc5fb35d1e9a2,7090,size_in_bytes,lib/ocaml/compiler_owee__Unix_intf.cmo,15507
2026-09-05T05:55:59Z,822b65f405d1f87e722ec0c7e5cfc5fb35d1e9a2,7090,size_in_bytes,lib/ocaml/compiler_owee__Owee_linux_maps.cmo,26675
2026-09-05T05:55:59Z,822b65f405d1f87e722ec0c7e5cfc5fb35d1e9a2,7090,size_in_bytes,lib/ocaml/compiler_owee__Owee_location.cmo,86929
2026-09-05T05:55:59Z,822b65f405d1f87e722ec0c7e5cfc5fb35d1e9a2,7090,size_in_bytes,lib/ocaml/compiler_owee__Owee_archive.cmo,85857
2026-09-05T05:55:59Z,822b65f405d1f87e722ec0c7e5cfc5fb35d1e9a2,7090,size_in_bytes,lib/ocaml/compiler_owee__Owee_elf_relocation.cmo,57928
2026-09-05T05:55:59Z,822b65f405d1f87e722ec0c7e5cfc5fb35d1e9a2,7090,size_in_bytes,lib/ocaml/compiler_owee__Owee_elf.cmo,244885
2026-09-05T05:55:59Z,822b65f405d1f87e722ec0c7e5cfc5fb35d1e9a2,7090,size_in_bytes,lib/ocaml/compiler_owee__Owee_macho.cmo,337398
2026-09-05T05:55:59Z,822b65f405d1f87e722ec0c7e5cfc5fb35d1e9a2,7090,size_in_bytes,lib/ocaml/compiler_owee__Owee_marker.cmo,93723
2026-09-05T05:55:59Z,822b65f405d1f87e722ec0c7e5cfc5fb35d1e9a2,7090,size_in_bytes,lib/ocaml/compiler_owee__Owee_interval_map.cmo,131682
2026-09-05T05:55:59Z,822b65f405d1f87e722ec0c7e5cfc5fb35d1e9a2,7090,size_in_bytes,lib/ocaml/compiler_owee__Owee_elf_notes.cmo,69808
2026-09-05T05:55:59Z,822b65f405d1f87e722ec0c7e5cfc5fb35d1e9a2,7090,size_in_bytes,lib/ocaml/compiler_owee__Owee_graph.cmo,99039
2026-09-05T05:55:59Z,822b65f405d1f87e722ec0c7e5cfc5fb35d1e9a2,7090,size_in_bytes,lib/ocaml/compiler_owee__Owee_debug_line.cmo,126835
2026-09-05T05:55:59Z,822b65f405d1f87e722ec0c7e5cfc5fb35d1e9a2,7090,size_in_bytes,lib/ocaml/compiler-libs/topstart.cmo,9825
2026-09-05T05:55:59Z,822b65f405d1f87e722ec0c7e5cfc5fb35d1e9a2,7090,size_in_bytes,lib/ocaml/stdlib__Type.cms,13590
2026-09-05T05:55:59Z,822b65f405d1f87e722ec0c7e5cfc5fb35d1e9a2,7090,size_in_bytes,lib/ocaml/stdlib__Uchar.cms,19600
2026-09-05T05:55:59Z,822b65f405d1f87e722ec0c7e5cfc5fb35d1e9a2,7090,size_in_bytes,lib/ocaml/stdlib__Marshal.cms,16514
2026-09-05T05:55:59Z,822b65f405d1f87e722ec0c7e5cfc5fb35d1e9a2,7090,size_in_bytes,lib/ocaml/stdlib__Gc.cms,35099
2026-09-05T05:55:59Z,822b65f405d1f87e722ec0c7e5cfc5fb35d1e9a2,7090,size_in_bytes,lib/ocaml/stdlib__Complex.cms,22819
2026-09-05T05:55:59Z,822b65f405d1f87e722ec0c7e5cfc5fb35d1e9a2,7090,size_in_bytes,lib/ocaml/stdlib__Stack.cms,16352
2026-09-05T05:55:59Z,822b65f405d1f87e722ec0c7e5cfc5fb35d1e9a2,7090,size_in_bytes,lib/ocaml/stdlib__Either.cms,15860
2026-09-05T05:55:59Z,822b65f405d1f87e722ec0c7e5cfc5fb35d1e9a2,7090,size_in_bytes,lib/ocaml/camlinternalMod.cms,19036
2026-09-05T05:55:59Z,822b65f405d1f87e722ec0c7e5cfc5fb35d1e9a2,7090,size_in_bytes,lib/ocaml/stdlib__Set.cms,147458
2026-09-05T05:55:59Z,822b65f405d1f87e722ec0c7e5cfc5fb35d1e9a2,7090,size_in_bytes,lib/ocaml/stdlib__Sys.cms,35922
2026-09-05T05:55:59Z,822b65f405d1f87e722ec0c7e5cfc5fb35d1e9a2,7090,size_in_bytes,lib/ocaml/stdlib__Condition.cms,11917
2026-09-05T05:55:59Z,822b65f405d1f87e722ec0c7e5cfc5fb35d1e9a2,7090,size_in_bytes,lib/ocaml/stdlib__Int.cms,15171
2026-09-05T05:55:59Z,822b65f405d1f87e722ec0c7e5cfc5fb35d1e9a2,7090,size_in_bytes,lib/ocaml/stdlib__Array.cms,66454
2026-09-05T05:55:59Z,822b65f405d1f87e722ec0c7e5cfc5fb35d1e9a2,7090,size_in_bytes,lib/ocaml/stdlib__Printf.cms,15033
2026-09-05T05:55:59Z,822b65f405d1f87e722ec0c7e5cfc5fb35d1e9a2,7090,size_in_bytes,lib/ocaml/stdlib__Bool.cms,13143
2026-09-05T05:55:59Z,822b65f405d1f87e722ec0c7e5cfc5fb35d1e9a2,7090,size_in_bytes,lib/ocaml/stdlib__Pair.cms,13512
2026-09-05T05:55:59Z,822b65f405d1f87e722ec0c7e5cfc5fb35d1e9a2,7090,size_in_bytes,lib/ocaml/stdlib__Semaphore.cms,18360
2026-09-05T05:55:59Z,822b65f405d1f87e722ec0c7e5cfc5fb35d1e9a2,7090,size_in_bytes,lib/ocaml/stdlib__Option.cms,15445
2026-09-05T05:55:59Z,822b65f405d1f87e722ec0c7e5cfc5fb35d1e9a2,7090,size_in_bytes,lib/ocaml/stdlib__Filename.cms,56468
2026-09-05T05:55:59Z,822b65f405d1f87e722ec0c7e5cfc5fb35d1e9a2,7090,size_in_bytes,lib/ocaml/stdlib__Modes.cms,13486
2026-09-05T05:55:59Z,822b65f405d1f87e722ec0c7e5cfc5fb35d1e9a2,7090,size_in_bytes,lib/ocaml/stdlib__Nativeint.cms,21266
2026-09-05T05:55:59Z,822b65f405d1f87e722ec0c7e5cfc5fb35d1e9a2,7090,size_in_bytes,lib/ocaml/camlinternalQuote.cms,436545
2026-09-05T05:55:59Z,822b65f405d1f87e722ec0c7e5cfc5fb35d1e9a2,7090,size_in_bytes,lib/ocaml/stdlib__Int64.cms,21575
2026-09-05T05:55:59Z,822b65f405d1f87e722ec0c7e5cfc5fb35d1e9a2,7090,size_in_bytes,lib/ocaml/camlinternalFormatBasics.cms,70174
2026-09-05T05:55:59Z,822b65f405d1f87e722ec0c7e5cfc5fb35d1e9a2,7090,size_in_bytes,lib/ocaml/stdlib__StringLabels.cms,14350
2026-09-05T05:55:59Z,822b65f405d1f87e722ec0c7e5cfc5fb35d1e9a2,7090,size_in_bytes,lib/ocaml/stdlib__Char.cms,19175
2026-09-05T05:55:59Z,822b65f405d1f87e722ec0c7e5cfc5fb35d1e9a2,7090,size_in_bytes,lib/ocaml/stdlib__Buffer.cms,57992
2026-09-05T05:55:59Z,822b65f405d1f87e722ec0c7e5cfc5fb35d1e9a2,7090,size_in_bytes,lib/ocaml/stdlib__Format.cms,188290
2026-09-05T05:55:59Z,822b65f405d1f87e722ec0c7e5cfc5fb35d1e9a2,7090,size_in_bytes,lib/ocaml/stdlib__Obj.cms,35947
2026-09-05T05:55:59Z,822b65f405d1f87e722ec0c7e5cfc5fb35d1e9a2,7090,size_in_bytes,lib/ocaml/camlinternalComprehension.cms,12632
2026-09-05T05:55:59Z,822b65f405d1f87e722ec0c7e5cfc5fb35d1e9a2,7090,size_in_bytes,lib/ocaml/stdlib__Quote.cms,18470
2026-09-05T05:55:59Z,822b65f405d1f87e722ec0c7e5cfc5fb35d1e9a2,7090,size_in_bytes,lib/ocaml/stdlib__Callback.cms,13375
2026-09-05T05:55:59Z,822b65f405d1f87e722ec0c7e5cfc5fb35d1e9a2,7090,size_in_bytes,lib/ocaml/std_exit.cms,11323
2026-09-05T05:55:59Z,822b65f405d1f87e722ec0c7e5cfc5fb35d1e9a2,7090,size_in_bytes,lib/ocaml/stdlib__Mutex.cms,12610
2026-09-05T05:55:59Z,822b65f405d1f87e722ec0c7e5cfc5fb35d1e9a2,7090,size_in_bytes,lib/ocaml/stdlib__Oo.cms,11800
2026-09-05T05:55:59Z,822b65f405d1f87e722ec0c7e5cfc5fb35d1e9a2,7090,size_in_bytes,lib/ocaml/stdlib__ListLabels.cms,14168
2026-09-05T05:55:59Z,822b65f405d1f87e722ec0c7e5cfc5fb35d1e9a2,7090,size_in_bytes,lib/ocaml/stdlib__Printexc.cms,46645
2026-09-05T05:55:59Z,822b65f405d1f87e722ec0c7e5cfc5fb35d1e9a2,7090,size_in_bytes,lib/ocaml/stdlib__Float.cms,81579
2026-09-05T05:55:59Z,822b65f405d1f87e722ec0c7e5cfc5fb35d1e9a2,7090,size_in_bytes,lib/ocaml/stdlib__Out_channel.cms,18728
2026-09-05T05:55:59Z,822b65f405d1f87e722ec0c7e5cfc5fb35d1e9a2,7090,size_in_bytes,lib/ocaml/stdlib__Bigarray.cms,60466
2026-09-05T05:55:59Z,822b65f405d1f87e722ec0c7e5cfc5fb35d1e9a2,7090,size_in_bytes,lib/ocaml/stdlib__Map.cms,141903
2026-09-05T05:55:59Z,822b65f405d1f87e722ec0c7e5cfc5fb35d1e9a2,7090,size_in_bytes,lib/ocaml/stdlib__Domain.cms,64476
2026-09-05T05:55:59Z,822b65f405d1f87e722ec0c7e5cfc5fb35d1e9a2,7090,size_in_bytes,lib/ocaml/stdlib__In_channel.cms,30366
2026-09-05T05:55:59Z,822b65f405d1f87e722ec0c7e5cfc5fb35d1e9a2,7090,size_in_bytes,lib/ocaml/stdlib__Hashtbl.cms,103861
2026-09-05T05:55:59Z,822b65f405d1f87e722ec0c7e5cfc5fb35d1e9a2,7090,size_in_bytes,lib/ocaml/stdlib__List.cms,79390
2026-09-05T05:55:59Z,822b65f405d1f87e722ec0c7e5cfc5fb35d1e9a2,7090,size_in_bytes,lib/ocaml/camlinternalOO.cms,87866
2026-09-05T05:55:59Z,822b65f405d1f87e722ec0c7e5cfc5fb35d1e9a2,7090,size_in_bytes,lib/ocaml/stdlib__Arg.cms,53528
2026-09-05T05:55:59Z,822b65f405d1f87e722ec0c7e5cfc5fb35d1e9a2,7090,size_in_bytes,lib/ocaml/stdlib__Backoff.cms,17566
2026-09-05T05:55:59Z,822b65f405d1f87e722ec0c7e5cfc5fb35d1e9a2,7090,size_in_bytes,lib/ocaml/stdlib__Ephemeron.cms,155566
2026-09-05T05:55:59Z,822b65f405d1f87e722ec0c7e5cfc5fb35d1e9a2,7090,size_in_bytes,lib/ocaml/stdlib__Scanf.cms,176488
2026-09-05T05:55:59Z,822b65f405d1f87e722ec0c7e5cfc5fb35d1e9a2,7090,size_in_bytes,lib/ocaml/stdlib__Bytes.cms,113102
2026-09-05T05:55:59Z,822b65f405d1f87e722ec0c7e5cfc5fb35d1e9a2,7090,size_in_bytes,lib/ocaml/stdlib.cms,83043
2026-09-05T05:55:59Z,822b65f405d1f87e722ec0c7e5cfc5fb35d1e9a2,7090,size_in_bytes,lib/ocaml/stdlib__Fun.cms,13423
2026-09-05T05:55:59Z,822b65f405d1f87e722ec0c7e5cfc5fb35d1e9a2,7090,size_in_bytes,lib/ocaml/stdlib__Pqueue.cms,38360
2026-09-05T05:55:59Z,822b65f405d1f87e722ec0c7e5cfc5fb35d1e9a2,7090,size_in_bytes,lib/ocaml/stdlib__Digest.cms,31633
2026-09-05T05:55:59Z,822b65f405d1f87e722ec0c7e5cfc5fb35d1e9a2,7090,size_in_bytes,lib/ocaml/stdlib__Seq.cms,57340
2026-09-05T05:55:59Z,822b65f405d1f87e722ec0c7e5cfc5fb35d1e9a2,7090,size_in_bytes,lib/ocaml/stdlib__ArrayLabels.cms,13464
2026-09-05T05:55:59Z,822b65f405d1f87e722ec0c7e5cfc5fb35d1e9a2,7090,size_in_bytes,lib/ocaml/stdlib__Random.cms,53604
2026-09-05T05:55:59Z,822b65f405d1f87e722ec0c7e5cfc5fb35d1e9a2,7090,size_in_bytes,lib/ocaml/stdlib__Lexing.cms,33777
2026-09-05T05:55:59Z,822b65f405d1f87e722ec0c7e5cfc5fb35d1e9a2,7090,size_in_bytes,lib/ocaml/stdlib__Int32.cms,21610
2026-09-05T05:55:59Z,822b65f405d1f87e722ec0c7e5cfc5fb35d1e9a2,7090,size_in_bytes,lib/ocaml/stdlib__Iarray.cms,43391
2026-09-05T05:55:59Z,822b65f405d1f87e722ec0c7e5cfc5fb35d1e9a2,7090,size_in_bytes,lib/ocaml/stdlib__Queue.cms,23989
2026-09-05T05:55:59Z,822b65f405d1f87e722ec0c7e5cfc5fb35d1e9a2,7090,size_in_bytes,lib/ocaml/stdlib__MoreLabels.cms,19386
2026-09-05T05:55:59Z,822b65f405d1f87e722ec0c7e5cfc5fb35d1e9a2,7090,size_in_bytes,lib/ocaml/stdlib__Weak.cms,50222
2026-09-05T05:55:59Z,822b65f405d1f87e722ec0c7e5cfc5fb35d1e9a2,7090,size_in_bytes,lib/ocaml/stdlib__Result.cms,18104
2026-09-05T05:55:59Z,822b65f405d1f87e722ec0c7e5cfc5fb35d1e9a2,7090,size_in_bytes,lib/ocaml/stdlib__Repr.cms,11576
2026-09-05T05:55:59Z,822b65f405d1f87e722ec0c7e5cfc5fb35d1e9a2,7090,size_in_bytes,lib/ocaml/stdlib__StdLabels.cms,11788
2026-09-05T05:55:59Z,822b65f405d1f87e722ec0c7e5cfc5fb35d1e9a2,7090,size_in_bytes,lib/ocaml/stdlib__Dynarray.cms,138269
2026-09-05T05:55:59Z,822b65f405d1f87e722ec0c7e5cfc5fb35d1e9a2,7090,size_in_bytes,lib/ocaml/camlinternalAtomic.cms,14472
2026-09-05T05:55:59Z,822b65f405d1f87e722ec0c7e5cfc5fb35d1e9a2,7090,size_in_bytes,lib/ocaml/stdlib__Atomic.cms,14989
2026-09-05T05:55:59Z,822b65f405d1f87e722ec0c7e5cfc5fb35d1e9a2,7090,size_in_bytes,lib/ocaml/stdlib__Parsing.cms,33298
2026-09-05T05:55:59Z,822b65f405d1f87e722ec0c7e5cfc5fb35d1e9a2,7090,size_in_bytes,lib/ocaml/camlinternalFormat.cms,423202
2026-09-05T05:55:59Z,822b65f405d1f87e722ec0c7e5cfc5fb35d1e9a2,7090,size_in_bytes,lib/ocaml/stdlib__BytesLabels.cms,15661
2026-09-05T05:55:59Z,822b65f405d1f87e722ec0c7e5cfc5fb35d1e9a2,7090,size_in_bytes,lib/ocaml/stdlib__Effect.cms,64687
2026-09-05T05:55:59Z,822b65f405d1f87e722ec0c7e5cfc5fb35d1e9a2,7090,size_in_bytes,lib/ocaml/stdlib__Lazy.cms,16460
2026-09-05T05:55:59Z,822b65f405d1f87e722ec0c7e5cfc5fb35d1e9a2,7090,size_in_bytes,lib/ocaml/camlinternalLazy.cms,21252
2026-09-05T05:55:59Z,822b65f405d1f87e722ec0c7e5cfc5fb35d1e9a2,7090,size_in_bytes,lib/ocaml/stdlib__Unit.cms,11677
2026-09-05T05:55:59Z,822b65f405d1f87e722ec0c7e5cfc5fb35d1e9a2,7090,size_in_bytes,lib/ocaml/stdlib__String.cms,59381
2026-09-05T05:55:59Z,822b65f405d1f87e722ec0c7e5cfc5fb35d1e9a2,7090,size_in_bytes,lib/ocaml/stdlib_upstream_compatible/stdlib_upstream_compatible__Nativeint_u.cms,24973
2026-09-05T05:55:59Z,822b65f405d1f87e722ec0c7e5cfc5fb35d1e9a2,7090,size_in_bytes,lib/ocaml/stdlib_upstream_compatible/stdlib_upstream_compatible__Float_u.cms,35509
2026-09-05T05:55:59Z,822b65f405d1f87e722ec0c7e5cfc5fb35d1e9a2,7090,size_in_bytes,lib/ocaml/stdlib_upstream_compatible/stdlib_upstream_compatible__Int32_u.cms,23312
2026-09-05T05:55:59Z,822b65f405d1f87e722ec0c7e5cfc5fb35d1e9a2,7090,size_in_bytes,lib/ocaml/stdlib_upstream_compatible/stdlib_upstream_compatible__.cms,11019
2026-09-05T05:55:59Z,822b65f405d1f87e722ec0c7e5cfc5fb35d1e9a2,7090,size_in_bytes,lib/ocaml/stdlib_upstream_compatible/stdlib_upstream_compatible.cms,8099
2026-09-05T05:55:59Z,822b65f405d1f87e722ec0c7e5cfc5fb35d1e9a2,7090,size_in_bytes,lib/ocaml/stdlib_upstream_compatible/stdlib_upstream_compatible__Int64_u.cms,26797
2026-09-05T05:55:59Z,822b65f405d1f87e722ec0c7e5cfc5fb35d1e9a2,7090,size_in_bytes,lib/ocaml/stdlib_beta/stdlib_beta.cms,10959
2026-09-05T05:55:59Z,822b65f405d1f87e722ec0c7e5cfc5fb35d1e9a2,7090,size_in_bytes,lib/ocaml/compiler-libs/flambda2_simplify__Mutable_unboxing.cms,96431
2026-09-05T05:55:59Z,822b65f405d1f87e722ec0c7e5cfc5fb35d1e9a2,7090,size_in_bytes,lib/ocaml/compiler-libs/flambda2_terms__Code.cms,16499
2026-09-05T05:55:59Z,822b65f405d1f87e722ec0c7e5cfc5fb35d1e9a2,7090,size_in_bytes,lib/ocaml/compiler-libs/flambda2_identifiers__Coercion0.cms,22074
2026-09-05T05:55:59Z,822b65f405d1f87e722ec0c7e5cfc5fb35d1e9a2,7090,size_in_bytes,lib/ocaml/compiler-libs/flambda2_simplify__Rebuilt_static_const.cms,69152
2026-09-05T05:55:59Z,822b65f405d1f87e722ec0c7e5cfc5fb35d1e9a2,7090,size_in_bytes,lib/ocaml/compiler-libs/flambda2_simplify__Continuation_in_env.cms,21753
2026-09-05T05:55:59Z,822b65f405d1f87e722ec0c7e5cfc5fb35d1e9a2,7090,size_in_bytes,lib/ocaml/compiler-libs/flambda2_reaper__Unboxing_analysis.cms,101928
2026-09-05T05:55:59Z,822b65f405d1f87e722ec0c7e5cfc5fb35d1e9a2,7090,size_in_bytes,lib/ocaml/compiler-libs/flambda2_simplify__Loopify_state.cms,13135
2026-09-05T05:55:59Z,822b65f405d1f87e722ec0c7e5cfc5fb35d1e9a2,7090,size_in_bytes,lib/ocaml/compiler-libs/flambda2_simplify_shared.cms,11980
2026-09-05T05:55:59Z,822b65f405d1f87e722ec0c7e5cfc5fb35d1e9a2,7090,size_in_bytes,lib/ocaml/compiler-libs/flambda2_types__Join_levels_old.cms,43630
2026-09-05T05:55:59Z,822b65f405d1f87e722ec0c7e5cfc5fb35d1e9a2,7090,size_in_bytes,lib/ocaml/compiler-libs/flambda2_terms__Flambda.cms,232579
2026-09-05T05:55:59Z,822b65f405d1f87e722ec0c7e5cfc5fb35d1e9a2,7090,size_in_bytes,lib/ocaml/compiler-libs/flambda2_types__More_type_creators.cms,88134
2026-09-05T05:55:59Z,822b65f405d1f87e722ec0c7e5cfc5fb35d1e9a2,7090,size_in_bytes,lib/ocaml/compiler-libs/flambda2_term_basics__Value_slot_set.cms,19804
2026-09-05T05:55:59Z,822b65f405d1f87e722ec0c7e5cfc5fb35d1e9a2,7090,size_in_bytes,lib/ocaml/compiler-libs/flambda2_types__Code_age_relation.cms,23742
2026-09-05T05:55:59Z,822b65f405d1f87e722ec0c7e5cfc5fb35d1e9a2,7090,size_in_bytes,lib/ocaml/compiler-libs/flambda2_simplify__Upwards_acc.cms,32983
2026-09-05T05:55:59Z,822b65f405d1f87e722ec0c7e5cfc5fb35d1e9a2,7090,size_in_bytes,lib/ocaml/compiler-libs/flambda2_to_cmm__To_cmm_expr.cms,193128
2026-09-05T05:55:59Z,822b65f405d1f87e722ec0c7e5cfc5fb35d1e9a2,7090,size_in_bytes,lib/ocaml/compiler-libs/flambda2_from_lambda__Lambda_to_flambda.cms,244548
2026-09-05T05:55:59Z,822b65f405d1f87e722ec0c7e5cfc5fb35d1e9a2,7090,size_in_bytes,lib/ocaml/compiler-libs/flambda2_identifiers__Slot.cms,30475
2026-09-05T05:55:59Z,822b65f405d1f87e722ec0c7e5cfc5fb35d1e9a2,7090,size_in_bytes,lib/ocaml/compiler-libs/flambda2_term_basics__Coercion.cms,16119
2026-09-05T05:55:59Z,822b65f405d1f87e722ec0c7e5cfc5fb35d1e9a2,7090,size_in_bytes,lib/ocaml/compiler-libs/flambda2_terms__Flambda_primitive.cms,509280
2026-09-05T05:55:59Z,822b65f405d1f87e722ec0c7e5cfc5fb35d1e9a2,7090,size_in_bytes,lib/ocaml/compiler-libs/flambda2_parser.cms,13119
2026-09-05T05:55:59Z,822b65f405d1f87e722ec0c7e5cfc5fb35d1e9a2,7090,size_in_bytes,lib/ocaml/compiler-libs/flambda2_bound_identifiers__Bound_continuations.cms,17205
2026-09-05T05:55:59Z,822b65f405d1f87e722ec0c7e5cfc5fb35d1e9a2,7090,size_in_bytes,lib/ocaml/compiler-libs/flambda2_reaper.cms,14058
2026-09-05T05:55:59Z,822b65f405d1f87e722ec0c7e5cfc5fb35d1e9a2,7090,size_in_bytes,lib/ocaml/compiler-libs/flambda2_simplify__Continuation_uses_env.cms,20600
2026-09-05T05:55:59Z,822b65f405d1f87e722ec0c7e5cfc5fb35d1e9a2,7090,size_in_bytes,lib/ocaml/compiler-libs/flambda2_identifiers__Value_slot.cms,11978
2026-09-05T05:55:59Z,822b65f405d1f87e722ec0c7e5cfc5fb35d1e9a2,7090,size_in_bytes,lib/ocaml/compiler-libs/flambda2_simplify__Upwards_env.cms,32112
2026-09-05T05:55:59Z,822b65f405d1f87e722ec0c7e5cfc5fb35d1e9a2,7090,size_in_bytes,lib/ocaml/compiler-libs/flambda2_simplify__Is_unboxing_beneficial.cms,21098
2026-09-05T05:55:59Z,822b65f405d1f87e722ec0c7e5cfc5fb35d1e9a2,7090,size_in_bytes,lib/ocaml/compiler-libs/flambda2_terms__Apply_cont_expr.cms,35869
2026-09-05T05:55:59Z,822b65f405d1f87e722ec0c7e5cfc5fb35d1e9a2,7090,size_in_bytes,lib/ocaml/compiler-libs/flambda2_simplify__Lifted_constant.cms,49603
2026-09-05T05:55:59Z,822b65f405d1f87e722ec0c7e5cfc5fb35d1e9a2,7090,size_in_bytes,lib/ocaml/compiler-libs/flambda2_simplify__Downwards_acc.cms,54660
2026-09-05T05:55:59Z,822b65f405d1f87e722ec0c7e5cfc5fb35d1e9a2,7090,size_in_bytes,lib/ocaml/compiler-libs/flambda2_simplify__Apply_cont_rewrite.cms,42632
2026-09-05T05:55:59Z,822b65f405d1f87e722ec0c7e5cfc5fb35d1e9a2,7090,size_in_bytes,lib/ocaml/compiler-libs/flambda2_datalog__Column.cms,26266
2026-09-05T05:55:59Z,822b65f405d1f87e722ec0c7e5cfc5fb35d1e9a2,7090,size_in_bytes,lib/ocaml/compiler-libs/flambda2_from_lambda__Closure_conversion_aux.cms,155675
2026-09-05T05:55:59Z,822b65f405d1f87e722ec0c7e5cfc5fb35d1e9a2,7090,size_in_bytes,lib/ocaml/compiler-libs/flambda2_identifiers__Flambda_debug_uid.cms,20243
2026-09-05T05:55:59Z,822b65f405d1f87e722ec0c7e5cfc5fb35d1e9a2,7090,size_in_bytes,lib/ocaml/compiler-libs/flambda2_types__Traversals.cms,212548
2026-09-05T05:55:59Z,822b65f405d1f87e722ec0c7e5cfc5fb35d1e9a2,7090,size_in_bytes,lib/ocaml/compiler-libs/flambda2_simplify__Non_recursive_handler.cms,19585
2026-09-05T05:55:59Z,822b65f405d1f87e722ec0c7e5cfc5fb35d1e9a2,7090,size_in_bytes,lib/ocaml/compiler-libs/flambda2_floats__Float32.cms,14736
2026-09-05T05:55:59Z,822b65f405d1f87e722ec0c7e5cfc5fb35d1e9a2,7090,size_in_bytes,lib/ocaml/compiler-libs/flambda2_nominal__Name_occurrences.cms,137679
2026-09-05T05:55:59Z,822b65f405d1f87e722ec0c7e5cfc5fb35d1e9a2,7090,size_in_bytes,lib/ocaml/compiler-libs/flambda2_terms__Trap_action.cms,23060
2026-09-05T05:55:59Z,822b65f405d1f87e722ec0c7e5cfc5fb35d1e9a2,7090,size_in_bytes,lib/ocaml/compiler-libs/flambda2_simplify__Simplify_named.cms,46880
2026-09-05T05:55:59Z,822b65f405d1f87e722ec0c7e5cfc5fb35d1e9a2,7090,size_in_bytes,lib/ocaml/compiler-libs/flambda2_kinds__Flambda_kind.cms,207677
2026-09-05T05:55:59Z,822b65f405d1f87e722ec0c7e5cfc5fb35d1e9a2,7090,size_in_bytes,lib/ocaml/compiler-libs/flambda2_simplify__Simplify_import.cms,19055
2026-09-05T05:55:59Z,822b65f405d1f87e722ec0c7e5cfc5fb35d1e9a2,7090,size_in_bytes,lib/ocaml/compiler-libs/flambda2_datalog__Datalog_imports.cms,15045
2026-09-05T05:55:59Z,822b65f405d1f87e722ec0c7e5cfc5fb35d1e9a2,7090,size_in_bytes,lib/ocaml/compiler-libs/flambda2_terms__Code0.cms,24775
2026-09-05T05:55:59Z,822b65f405d1f87e722ec0c7e5cfc5fb35d1e9a2,7090,size_in_bytes,lib/ocaml/compiler-libs/flambda2_simplify__Flow_types.cms,61593
2026-09-05T05:55:59Z,822b65f405d1f87e722ec0c7e5cfc5fb35d1e9a2,7090,size_in_bytes,lib/ocaml/compiler-libs/flambda2_terms__Inlining_history.cms,45173
2026-09-05T05:55:59Z,822b65f405d1f87e722ec0c7e5cfc5fb35d1e9a2,7090,size_in_bytes,lib/ocaml/compiler-libs/flambda2_to_jsir__To_jsir.cms,97236
2026-09-05T05:55:59Z,822b65f405d1f87e722ec0c7e5cfc5fb35d1e9a2,7090,size_in_bytes,lib/ocaml/compiler-libs/flambda2_algorithms__Container_types_intf.cms,39370
2026-09-05T05:55:59Z,822b65f405d1f87e722ec0c7e5cfc5fb35d1e9a2,7090,size_in_bytes,lib/ocaml/compiler-libs/flambda2_simplify__One_continuation_use.cms,16184
2026-09-05T05:55:59Z,822b65f405d1f87e722ec0c7e5cfc5fb35d1e9a2,7090,size_in_bytes,lib/ocaml/compiler-libs/flambda2_terms__First_complex_local_param.cms,13695
2026-09-05T05:55:59Z,822b65f405d1f87e722ec0c7e5cfc5fb35d1e9a2,7090,size_in_bytes,lib/ocaml/compiler-libs/flambda2_simplify__Unbox_continuation_params.cms,30127
2026-09-05T05:55:59Z,822b65f405d1f87e722ec0c7e5cfc5fb35d1e9a2,7090,size_in_bytes,lib/ocaml/compiler-libs/flambda2_simplify__Join_points.cms,50047
2026-09-05T05:55:59Z,822b65f405d1f87e722ec0c7e5cfc5fb35d1e9a2,7090,size_in_bytes,lib/ocaml/compiler-libs/flambda2_simplify__Simplify_set_of_closures_context.cms,45285
2026-09-05T05:55:59Z,822b65f405d1f87e722ec0c7e5cfc5fb35d1e9a2,7090,size_in_bytes,lib/ocaml/compiler-libs/flambda2_nominal__Renaming.cms,39583
2026-09-05T05:55:59Z,822b65f405d1f87e722ec0c7e5cfc5fb35d1e9a2,7090,size_in_bytes,lib/ocaml/compiler-libs/flambda2_reaper__Field.cms,38144
2026-09-05T05:55:59Z,822b65f405d1f87e722ec0c7e5cfc5fb35d1e9a2,7090,size_in_bytes,lib/ocaml/compiler-libs/flambda2_terms__Code_or_metadata.cms,36132
2026-09-05T05:55:59Z,822b65f405d1f87e722ec0c7e5cfc5fb35d1e9a2,7090,size_in_bytes,lib/ocaml/compiler-libs/flambda2_simplify__One_recursive_handler.cms,14632
2026-09-05T05:55:59Z,822b65f405d1f87e722ec0c7e5cfc5fb35d1e9a2,7090,size_in_bytes,lib/ocaml/compiler-libs/flambda2_algorithms__Leapfrog.cms,28325
2026-09-05T05:55:59Z,822b65f405d1f87e722ec0c7e5cfc5fb35d1e9a2,7090,size_in_bytes,lib/ocaml/compiler-libs/flambda2_simplify__Simplified_named.cms,21025
2026-09-05T05:55:59Z,822b65f405d1f87e722ec0c7e5cfc5fb35d1e9a2,7090,size_in_bytes,lib/ocaml/compiler-libs/flambda2_algorithms__Channel.cms,14241
2026-09-05T05:55:59Z,822b65f405d1f87e722ec0c7e5cfc5fb35d1e9a2,7090,size_in_bytes,lib/ocaml/compiler-libs/flambda2_from_lambda__Lambda_to_flambda_primitives.cms,563208
2026-09-05T05:55:59Z,822b65f405d1f87e722ec0c7e5cfc5fb35d1e9a2,7090,size_in_bytes,lib/ocaml/compiler-libs/flambda2_types__Reify.cms,89521
2026-09-05T05:55:59Z,822b65f405d1f87e722ec0c7e5cfc5fb35d1e9a2,7090,size_in_bytes,lib/ocaml/compiler-libs/flambda2_simplify__Simplify_rec_info_expr.cms,27762
2026-09-05T05:55:59Z,822b65f405d1f87e722ec0c7e5cfc5fb35d1e9a2,7090,size_in_bytes,lib/ocaml/compiler-libs/flambda2_to_jsir__To_jsir_static_const.cms,47561
2026-09-05T05:55:59Z,822b65f405d1f87e722ec0c7e5cfc5fb35d1e9a2,7090,size_in_bytes,lib/ocaml/compiler-libs/flambda2_numbers__Target_ocaml_int.cms,103717
2026-09-05T05:55:59Z,822b65f405d1f87e722ec0c7e5cfc5fb35d1e9a2,7090,size_in_bytes,lib/ocaml/compiler-libs/flambda2_parser__Print_fexpr.cms,148728
2026-09-05T05:55:59Z,822b65f405d1f87e722ec0c7e5cfc5fb35d1e9a2,7090,size_in_bytes,lib/ocaml/compiler-libs/flambda2_terms__Loopify_attribute.cms,14637
2026-09-05T05:55:59Z,822b65f405d1f87e722ec0c7e5cfc5fb35d1e9a2,7090,size_in_bytes,lib/ocaml/compiler-libs/flambda2_reaper__Traverse_env.cms,16050
2026-09-05T05:55:59Z,822b65f405d1f87e722ec0c7e5cfc5fb35d1e9a2,7090,size_in_bytes,lib/ocaml/compiler-libs/flambda2_simplify_shared__Function_decl_inlining_decision.cms,18527
2026-09-05T05:55:59Z,822b65f405d1f87e722ec0c7e5cfc5fb35d1e9a2,7090,size_in_bytes,lib/ocaml/compiler-libs/flambda2_to_cmm__To_cmm_result.cms,31964
2026-09-05T05:55:59Z,822b65f405d1f87e722ec0c7e5cfc5fb35d1e9a2,7090,size_in_bytes,lib/ocaml/compiler-libs/flambda2_bound_identifiers.cms,12837
2026-09-05T05:55:59Z,822b65f405d1f87e722ec0c7e5cfc5fb35d1e9a2,7090,size_in_bytes,lib/ocaml/compiler-libs/flambda2_terms__Switch_expr.cms,25727
2026-09-05T05:55:59Z,822b65f405d1f87e722ec0c7e5cfc5fb35d1e9a2,7090,size_in_bytes,lib/ocaml/compiler-libs/flambda2_simplify__Expr_builder.cms,96491
2026-09-05T05:55:59Z,822b65f405d1f87e722ec0c7e5cfc5fb35d1e9a2,7090,size_in_bytes,lib/ocaml/compiler-libs/flambda2_terms__Placement.cms,12969
2026-09-05T05:55:59Z,822b65f405d1f87e722ec0c7e5cfc5fb35d1e9a2,7090,size_in_bytes,lib/ocaml/compiler-libs/flambda2_identifiers__Named_rewrite_id.cms,17877
2026-09-05T05:55:59Z,822b65f405d1f87e722ec0c7e5cfc5fb35d1e9a2,7090,size_in_bytes,lib/ocaml/compiler-libs/flambda2_simplify__Simplify_let_cont_expr.cms,224932
2026-09-05T05:55:59Z,822b65f405d1f87e722ec0c7e5cfc5fb35d1e9a2,7090,size_in_bytes,lib/ocaml/compiler-libs/flambda2_terms__Inline_attribute.cms,16339
2026-09-05T05:55:59Z,822b65f405d1f87e722ec0c7e5cfc5fb35d1e9a2,7090,size_in_bytes,lib/ocaml/compiler-libs/flambda2_nominal__Bindable.cms,14003
2026-09-05T05:55:59Z,822b65f405d1f87e722ec0c7e5cfc5fb35d1e9a2,7090,size_in_bytes,lib/ocaml/compiler-libs/flambda2_simplify__Simplify_primitive.cms,41623
2026-09-05T05:55:59Z,822b65f405d1f87e722ec0c7e5cfc5fb35d1e9a2,7090,size_in_bytes,lib/ocaml/compiler-libs/flambda2_simplify__Unboxers.cms,34456
2026-09-05T05:55:59Z,822b65f405d1f87e722ec0c7e5cfc5fb35d1e9a2,7090,size_in_bytes,lib/ocaml/compiler-libs/flambda2_terms__Call_kind.cms,76394
2026-09-05T05:55:59Z,822b65f405d1f87e722ec0c7e5cfc5fb35d1e9a2,7090,size_in_bytes,lib/ocaml/compiler-libs/flambda2_types__Meet.cms,16342
2026-09-05T05:55:59Z,822b65f405d1f87e722ec0c7e5cfc5fb35d1e9a2,7090,size_in_bytes,lib/ocaml/compiler-libs/flambda2_simplify__Simplify_apply_cont_expr.cms,30961
2026-09-05T05:55:59Z,822b65f405d1f87e722ec0c7e5cfc5fb35d1e9a2,7090,size_in_bytes,lib/ocaml/compiler-libs/flambda2_terms__Flambda_unit.cms,19137
2026-09-05T05:55:59Z,822b65f405d1f87e722ec0c7e5cfc5fb35d1e9a2,7090,size_in_bytes,lib/ocaml/compiler-libs/flambda2_reaper__Global_flow_graph.cms,38779
2026-09-05T05:55:59Z,822b65f405d1f87e722ec0c7e5cfc5fb35d1e9a2,7090,size_in_bytes,lib/ocaml/compiler-libs/flambda2_identifiers__Code_id.cms,11772
2026-09-05T05:55:59Z,822b65f405d1f87e722ec0c7e5cfc5fb35d1e9a2,7090,size_in_bytes,lib/ocaml/compiler-libs/flambda2_reaper__Cofield.cms,12831
2026-09-05T05:55:59Z,822b65f405d1f87e722ec0c7e5cfc5fb35d1e9a2,7090,size_in_bytes,lib/ocaml/compiler-libs/flambda2_kinds.cms,10339
2026-09-05T05:55:59Z,822b65f405d1f87e722ec0c7e5cfc5fb35d1e9a2,7090,size_in_bytes,lib/ocaml/compiler-libs/flambda2_datalog__Heterogenous_list.cms,12571
2026-09-05T05:55:59Z,822b65f405d1f87e722ec0c7e5cfc5fb35d1e9a2,7090,size_in_bytes,lib/ocaml/compiler-libs/flambda2_simplify__Non_constructed_code.cms,14403
2026-09-05T05:55:59Z,822b65f405d1f87e722ec0c7e5cfc5fb35d1e9a2,7090,size_in_bytes,lib/ocaml/compiler-libs/flambda2_simplify__Reification.cms,41199
2026-09-05T05:55:59Z,822b65f405d1f87e722ec0c7e5cfc5fb35d1e9a2,7090,size_in_bytes,lib/ocaml/compiler-libs/flambda2_bound_identifiers__Alloc_mode.cms,47953
2026-09-05T05:55:59Z,822b65f405d1f87e722ec0c7e5cfc5fb35d1e9a2,7090,size_in_bytes,lib/ocaml/compiler-libs/flambda2_simplify__Flow_analysis.cms,33204
2026-09-05T05:55:59Z,822b65f405d1f87e722ec0c7e5cfc5fb35d1e9a2,7090,size_in_bytes,lib/ocaml/compiler-libs/flambda2_algorithms__Container_types.cms,49527
2026-09-05T05:55:59Z,822b65f405d1f87e722ec0c7e5cfc5fb35d1e9a2,7090,size_in_bytes,lib/ocaml/compiler-libs/flambda2_simplify__Control_flow_graph.cms,65577
2026-09-05T05:55:59Z,822b65f405d1f87e722ec0c7e5cfc5fb35d1e9a2,7090,size_in_bytes,lib/ocaml/compiler-libs/flambda2_simplify__Simplify_unary_primitive.cms,146300
2026-09-05T05:55:59Z,822b65f405d1f87e722ec0c7e5cfc5fb35d1e9a2,7090,size_in_bytes,lib/ocaml/compiler-libs/flambda2_simplify__Simplify_variadic_primitive.cms,32712
2026-09-05T05:55:59Z,822b65f405d1f87e722ec0c7e5cfc5fb35d1e9a2,7090,size_in_bytes,lib/ocaml/compiler-libs/flambda2_terms__Static_const.cms,137864
2026-09-05T05:55:59Z,822b65f405d1f87e722ec0c7e5cfc5fb35d1e9a2,7090,size_in_bytes,lib/ocaml/compiler-libs/flambda2_compare.cms,9805
2026-09-05T05:55:59Z,822b65f405d1f87e722ec0c7e5cfc5fb35d1e9a2,7090,size_in_bytes,lib/ocaml/compiler-libs/flambda2_datalog__.cms,12526
2026-09-05T05:55:59Z,822b65f405d1f87e722ec0c7e5cfc5fb35d1e9a2,7090,size_in_bytes,lib/ocaml/compiler-libs/flambda2_simplify__Rebuilt_expr.cms,26221
2026-09-05T05:55:59Z,822b65f405d1f87e722ec0c7e5cfc5fb35d1e9a2,7090,size_in_bytes,lib/ocaml/compiler-libs/flambda2_datalog.cms,39158
2026-09-05T05:55:59Z,822b65f405d1f87e722ec0c7e5cfc5fb35d1e9a2,7090,size_in_bytes,lib/ocaml/compiler-libs/flambda2_parser__Flambda_to_fexpr.cms,131988
2026-09-05T05:55:59Z,822b65f405d1f87e722ec0c7e5cfc5fb35d1e9a2,7090,size_in_bytes,lib/ocaml/compiler-libs/flambda2_lattices__Or_unknown.cms,25965
2026-09-05T05:55:59Z,822b65f405d1f87e722ec0c7e5cfc5fb35d1e9a2,7090,size_in_bytes,lib/ocaml/compiler-libs/flambda2_simplify__Downwards_env.cms,113306
2026-09-05T05:55:59Z,822b65f405d1f87e722ec0c7e5cfc5fb35d1e9a2,7090,size_in_bytes,lib/ocaml/compiler-libs/flambda2_types.cms,42731
2026-09-05T05:55:59Z,822b65f405d1f87e722ec0c7e5cfc5fb35d1e9a2,7090,size_in_bytes,lib/ocaml/compiler-libs/flambda2_bound_identifiers__Bound_parameters.cms,23723
2026-09-05T05:55:59Z,822b65f405d1f87e722ec0c7e5cfc5fb35d1e9a2,7090,size_in_bytes,lib/ocaml/compiler-libs/flambda2_parser__Flambda_to_fexpr_commons.cms,58574
2026-09-05T05:55:59Z,822b65f405d1f87e722ec0c7e5cfc5fb35d1e9a2,7090,size_in_bytes,lib/ocaml/compiler-libs/flambda2_identifiers__Function_slot.cms,11987
2026-09-05T05:55:59Z,822b65f405d1f87e722ec0c7e5cfc5fb35d1e9a2,7090,size_in_bytes,lib/ocaml/compiler-libs/flambda2_types__Meet_and_join.cms,328379
2026-09-05T05:55:59Z,822b65f405d1f87e722ec0c7e5cfc5fb35d1e9a2,7090,size_in_bytes,lib/ocaml/compiler-libs/flambda2_numbers__Targetint_32_64.cms,73013
2026-09-05T05:55:59Z,822b65f405d1f87e722ec0c7e5cfc5fb35d1e9a2,7090,size_in_bytes,lib/ocaml/compiler-libs/flambda2_term_basics__Continuation_use_kind.cms,11496
2026-09-05T05:55:59Z,822b65f405d1f87e722ec0c7e5cfc5fb35d1e9a2,7090,size_in_bytes,lib/ocaml/compiler-libs/flambda2_types__Expand_head.cms,176220
2026-09-05T05:55:59Z,822b65f405d1f87e722ec0c7e5cfc5fb35d1e9a2,7090,size_in_bytes,lib/ocaml/compiler-libs/flambda2_reaper__Traverse_acc.cms,72666
2026-09-05T05:55:59Z,822b65f405d1f87e722ec0c7e5cfc5fb35d1e9a2,7090,size_in_bytes,lib/ocaml/compiler-libs/flambda2_simplify__Comparison_result.cms,20384
2026-09-05T05:55:59Z,822b65f405d1f87e722ec0c7e5cfc5fb35d1e9a2,7090,size_in_bytes,lib/ocaml/compiler-libs/flambda2_identifiers__Symbol.cms,13321
2026-09-05T05:55:59Z,822b65f405d1f87e722ec0c7e5cfc5fb35d1e9a2,7090,size_in_bytes,lib/ocaml/compiler-libs/flambda2_lattices__Or_bottom.cms,15086
2026-09-05T05:55:59Z,822b65f405d1f87e722ec0c7e5cfc5fb35d1e9a2,7090,size_in_bytes,lib/ocaml/compiler-libs/flambda2_simplify__Simplify_named_result.cms,15475
2026-09-05T05:55:59Z,822b65f405d1f87e722ec0c7e5cfc5fb35d1e9a2,7090,size_in_bytes,lib/ocaml/compiler-libs/flambda2_to_jsir__To_jsir_env.cms,43560
2026-09-05T05:55:59Z,822b65f405d1f87e722ec0c7e5cfc5fb35d1e9a2,7090,size_in_bytes,lib/ocaml/compiler-libs/flambda2_parser__Fexpr_prim_descr.cms,76452
2026-09-05T05:55:59Z,822b65f405d1f87e722ec0c7e5cfc5fb35d1e9a2,7090,size_in_bytes,lib/ocaml/compiler-libs/flambda2_types__Set_of_closures_contents.cms,42533
2026-09-05T05:55:59Z,822b65f405d1f87e722ec0c7e5cfc5fb35d1e9a2,7090,size_in_bytes,lib/ocaml/compiler-libs/flambda2_terms__Poll_attribute.cms,13135
2026-09-05T05:55:59Z,822b65f405d1f87e722ec0c7e5cfc5fb35d1e9a2,7090,size_in_bytes,lib/ocaml/compiler-libs/flambda2_nominal__Contains_names.cms,12046
2026-09-05T05:55:59Z,822b65f405d1f87e722ec0c7e5cfc5fb35d1e9a2,7090,size_in_bytes,lib/ocaml/compiler-libs/flambda2_simplify__Inlining_transforms.cms,29701
2026-09-05T05:55:59Z,822b65f405d1f87e722ec0c7e5cfc5fb35d1e9a2,7090,size_in_bytes,lib/ocaml/compiler-libs/flambda2_types__Join_env.cms,274461
2026-09-05T05:55:59Z,822b65f405d1f87e722ec0c7e5cfc5fb35d1e9a2,7090,size_in_bytes,lib/ocaml/compiler-libs/flambda2_simplify__Simplify_ternary_primitive.cms,22972
2026-09-05T05:55:59Z,822b65f405d1f87e722ec0c7e5cfc5fb35d1e9a2,7090,size_in_bytes,lib/ocaml/compiler-libs/flambda2_parser__Fexpr_to_flambda_commons.cms,42116
2026-09-05T05:55:59Z,822b65f405d1f87e722ec0c7e5cfc5fb35d1e9a2,7090,size_in_bytes,lib/ocaml/compiler-libs/flambda2_bound_identifiers__Bound_continuation.cms,12754
2026-09-05T05:55:59Z,822b65f405d1f87e722ec0c7e5cfc5fb35d1e9a2,7090,size_in_bytes,lib/ocaml/compiler-libs/flambda2_terms__Mutability.cms,15359
2026-09-05T05:55:59Z,822b65f405d1f87e722ec0c7e5cfc5fb35d1e9a2,7090,size_in_bytes,lib/ocaml/compiler-libs/flambda2_terms__Function_decl_inlining_decision_type.cms,48342
2026-09-05T05:55:59Z,822b65f405d1f87e722ec0c7e5cfc5fb35d1e9a2,7090,size_in_bytes,lib/ocaml/compiler-libs/flambda2_simplify_shared__Slot_offsets.cms,132325
2026-09-05T05:55:59Z,822b65f405d1f87e722ec0c7e5cfc5fb35d1e9a2,7090,size_in_bytes,lib/ocaml/compiler-libs/flambda2_types__.cms,16729
2026-09-05T05:55:59Z,822b65f405d1f87e722ec0c7e5cfc5fb35d1e9a2,7090,size_in_bytes,lib/ocaml/compiler-libs/flambda2_terms__Regalloc_param_attribute.cms,14623
2026-09-05T05:55:59Z,822b65f405d1f87e722ec0c7e5cfc5fb35d1e9a2,7090,size_in_bytes,lib/ocaml/compiler-libs/flambda2_terms__Inlining_state.cms,17881
2026-09-05T05:55:59Z,822b65f405d1f87e722ec0c7e5cfc5fb35d1e9a2,7090,size_in_bytes,lib/ocaml/compiler-libs/flambda2_types__Binding_time.cms,24006
2026-09-05T05:55:59Z,822b65f405d1f87e722ec0c7e5cfc5fb35d1e9a2,7090,size_in_bytes,lib/ocaml/compiler-libs/flambda2_terms__Recursive.cms,12517
2026-09-05T05:55:59Z,822b65f405d1f87e722ec0c7e5cfc5fb35d1e9a2,7090,size_in_bytes,lib/ocaml/compiler-libs/flambda2_simplify__Optimistic_unboxing_decision.cms,37819
2026-09-05T05:55:59Z,822b65f405d1f87e722ec0c7e5cfc5fb35d1e9a2,7090,size_in_bytes,lib/ocaml/compiler-libs/flambda2_nominal__Name_abstraction.cms,20944
2026-09-05T05:55:59Z,822b65f405d1f87e722ec0c7e5cfc5fb35d1e9a2,7090,size_in_bytes,lib/ocaml/compiler-libs/flambda2_algorithms__Or_null.cms,14027
2026-09-05T05:55:59Z,822b65f405d1f87e722ec0c7e5cfc5fb35d1e9a2,7090,size_in_bytes,lib/ocaml/compiler-libs/flambda2_types__Aliases.cms,110263
2026-09-05T05:55:59Z,822b65f405d1f87e722ec0c7e5cfc5fb35d1e9a2,7090,size_in_bytes,lib/ocaml/compiler-libs/flambda2_terms__Effects.cms,16750
2026-09-05T05:55:59Z,822b65f405d1f87e722ec0c7e5cfc5fb35d1e9a2,7090,size_in_bytes,lib/ocaml/compiler-libs/flambda2_to_cmm__To_cmm_primitive.cms,293806
2026-09-05T05:55:59Z,822b65f405d1f87e722ec0c7e5cfc5fb35d1e9a2,7090,size_in_bytes,lib/ocaml/compiler-libs/flambda2_terms__Zero_alloc_attribute.cms,17169
2026-09-05T05:55:59Z,822b65f405d1f87e722ec0c7e5cfc5fb35d1e9a2,7090,size_in_bytes,lib/ocaml/compiler-libs/flambda2_simplify__Lifted_cont_params.cms,20799
2026-09-05T05:55:59Z,822b65f405d1f87e722ec0c7e5cfc5fb35d1e9a2,7090,size_in_bytes,lib/ocaml/compiler-libs/flambda2_reaper__Points_to_analysis.cms,162481
2026-09-05T05:55:59Z,822b65f405d1f87e722ec0c7e5cfc5fb35d1e9a2,7090,size_in_bytes,lib/ocaml/compiler-libs/flambda2_kinds__Flambda_arity.cms,33787
2026-09-05T05:55:59Z,822b65f405d1f87e722ec0c7e5cfc5fb35d1e9a2,7090,size_in_bytes,lib/ocaml/compiler-libs/flambda2_simplify__Replay_history.cms,37252
2026-09-05T05:55:59Z,822b65f405d1f87e722ec0c7e5cfc5fb35d1e9a2,7090,size_in_bytes,lib/ocaml/compiler-libs/flambda2_simplify__Flow_acc.cms,76403
2026-09-05T05:55:59Z,822b65f405d1f87e722ec0c7e5cfc5fb35d1e9a2,7090,size_in_bytes,lib/ocaml/compiler-libs/flambda2_algorithms__Patricia_tree.cms,275562
2026-09-05T05:55:59Z,822b65f405d1f87e722ec0c7e5cfc5fb35d1e9a2,7090,size_in_bytes,lib/ocaml/compiler-libs/flambda2_terms__Inlined_attribute.cms,19527
2026-09-05T05:55:59Z,822b65f405d1f87e722ec0c7e5cfc5fb35d1e9a2,7090,size_in_bytes,lib/ocaml/compiler-libs/flambda2_nominal__Num_occurrences.cms,12531
2026-09-05T05:55:59Z,822b65f405d1f87e722ec0c7e5cfc5fb35d1e9a2,7090,size_in_bytes,lib/ocaml/compiler-libs/flambda2_datalog__Value.cms,13717
2026-09-05T05:55:59Z,822b65f405d1f87e722ec0c7e5cfc5fb35d1e9a2,7090,size_in_bytes,lib/ocaml/compiler-libs/flambda2_term_basics__Unit.cms,18694
2026-09-05T05:55:59Z,822b65f405d1f87e722ec0c7e5cfc5fb35d1e9a2,7090,size_in_bytes,lib/ocaml/compiler-libs/flambda2_nominal__Permutation.cms,24802
2026-09-05T05:55:59Z,822b65f405d1f87e722ec0c7e5cfc5fb35d1e9a2,7090,size_in_bytes,lib/ocaml/compiler-libs/flambda2_simplify__Simplify_extcall.cms,43881
2026-09-05T05:55:59Z,822b65f405d1f87e722ec0c7e5cfc5fb35d1e9a2,7090,size_in_bytes,lib/ocaml/compiler-libs/flambda2_simplify__Simplify_quaternary_primitive.cms,19932
2026-09-05T05:55:59Z,822b65f405d1f87e722ec0c7e5cfc5fb35d1e9a2,7090,size_in_bytes,lib/ocaml/compiler-libs/flambda2_to_jsir__To_jsir_primitive.cms,94777
2026-09-05T05:55:59Z,822b65f405d1f87e722ec0c7e5cfc5fb35d1e9a2,7090,size_in_bytes,lib/ocaml/compiler-libs/flambda2_types__Type_grammar.cms,664648
2026-09-05T05:55:59Z,822b65f405d1f87e722ec0c7e5cfc5fb35d1e9a2,7090,size_in_bytes,lib/ocaml/compiler-libs/flambda2_term_basics__Rec_info_expr.cms,15462
2026-09-05T05:55:59Z,822b65f405d1f87e722ec0c7e5cfc5fb35d1e9a2,7090,size_in_bytes,lib/ocaml/compiler-libs/flambda2_reaper__Types_rewriter.cms,165185
2026-09-05T05:55:59Z,822b65f405d1f87e722ec0c7e5cfc5fb35d1e9a2,7090,size_in_bytes,lib/ocaml/compiler-libs/flambda2_reaper__Datalog_helpers.cms,55969
2026-09-05T05:55:59Z,822b65f405d1f87e722ec0c7e5cfc5fb35d1e9a2,7090,size_in_bytes,lib/ocaml/compiler-libs/flambda2_datalog__Trie.cms,33943
2026-09-05T05:55:59Z,822b65f405d1f87e722ec0c7e5cfc5fb35d1e9a2,7090,size_in_bytes,lib/ocaml/compiler-libs/flambda2_simplify__Unboxing_epa.cms,76856
2026-09-05T05:55:59Z,822b65f405d1f87e722ec0c7e5cfc5fb35d1e9a2,7090,size_in_bytes,lib/ocaml/compiler-libs/flambda2_nominal__Name_mode.cms,33613
2026-09-05T05:55:59Z,822b65f405d1f87e722ec0c7e5cfc5fb35d1e9a2,7090,size_in_bytes,lib/ocaml/compiler-libs/flambda2_parser__Fexpr.cms,52396
2026-09-05T05:55:59Z,822b65f405d1f87e722ec0c7e5cfc5fb35d1e9a2,7090,size_in_bytes,lib/ocaml/compiler-libs/flambda2_simplify_shared__Are_rebuilding_terms.cms,12485
2026-09-05T05:55:59Z,822b65f405d1f87e722ec0c7e5cfc5fb35d1e9a2,7090,size_in_bytes,lib/ocaml/compiler-libs/flambda2_bound_identifiers__Bound_var.cms,17812
2026-09-05T05:55:59Z,822b65f405d1f87e722ec0c7e5cfc5fb35d1e9a2,7090,size_in_bytes,lib/ocaml/compiler-libs/flambda2_types__Typing_env_extension.cms,32076
2026-09-05T05:55:59Z,822b65f405d1f87e722ec0c7e5cfc5fb35d1e9a2,7090,size_in_bytes,lib/ocaml/compiler-libs/flambda2_to_cmm__To_cmm_effects.cms,20284
2026-09-05T05:55:59Z,822b65f405d1f87e722ec0c7e5cfc5fb35d1e9a2,7090,size_in_bytes,lib/ocaml/compiler-libs/flambda2_reaper__Dot_printer.cms,19515
2026-09-05T05:55:59Z,822b65f405d1f87e722ec0c7e5cfc5fb35d1e9a2,7090,size_in_bytes,lib/ocaml/compiler-libs/flambda2_types__Join_levels.cms,25721
2026-09-05T05:55:59Z,822b65f405d1f87e722ec0c7e5cfc5fb35d1e9a2,7090,size_in_bytes,lib/ocaml/compiler-libs/flambda2_bound_identifiers__Bound_pattern.cms,33984
2026-09-05T05:55:59Z,822b65f405d1f87e722ec0c7e5cfc5fb35d1e9a2,7090,size_in_bytes,lib/ocaml/compiler-libs/flambda2_to_cmm__To_cmm_env.cms,166460
2026-09-05T05:55:59Z,822b65f405d1f87e722ec0c7e5cfc5fb35d1e9a2,7090,size_in_bytes,lib/ocaml/compiler-libs/flambda2_reaper__Traverse.cms,130568
2026-09-05T05:55:59Z,822b65f405d1f87e722ec0c7e5cfc5fb35d1e9a2,7090,size_in_bytes,lib/ocaml/compiler-libs/flambda2_parser__Flambda_parser_messages.cms,10252
2026-09-05T05:55:59Z,822b65f405d1f87e722ec0c7e5cfc5fb35d1e9a2,7090,size_in_bytes,lib/ocaml/compiler-libs/flambda2_terms__Validity.cms,13864
2026-09-05T05:55:59Z,822b65f405d1f87e722ec0c7e5cfc5fb35d1e9a2,7090,size_in_bytes,lib/ocaml/compiler-libs/flambda2_datalog__Schedule.cms,80469
2026-09-05T05:55:59Z,822b65f405d1f87e722ec0c7e5cfc5fb35d1e9a2,7090,size_in_bytes,lib/ocaml/compiler-libs/flambda2_terms__Effects_and_coeffects.cms,16148
2026-09-05T05:55:59Z,822b65f405d1f87e722ec0c7e5cfc5fb35d1e9a2,7090,size_in_bytes,lib/ocaml/compiler-libs/flambda2_simplify__Build_unboxing_denv.cms,46954
2026-09-05T05:55:59Z,822b65f405d1f87e722ec0c7e5cfc5fb35d1e9a2,7090,size_in_bytes,lib/ocaml/compiler-libs/flambda2_numbers.cms,11295
2026-09-05T05:55:59Z,822b65f405d1f87e722ec0c7e5cfc5fb35d1e9a2,7090,size_in_bytes,lib/ocaml/compiler-libs/flambda2_bound_identifiers__Bound_name.cms,15294
2026-09-05T05:55:59Z,822b65f405d1f87e722ec0c7e5cfc5fb35d1e9a2,7090,size_in_bytes,lib/ocaml/compiler-libs/flambda2_terms__Set_of_closures.cms,32379
2026-09-05T05:55:59Z,822b65f405d1f87e722ec0c7e5cfc5fb35d1e9a2,7090,size_in_bytes,lib/ocaml/compiler-libs/flambda2_types__Type_descr.cms,37903
2026-09-05T05:55:59Z,822b65f405d1f87e722ec0c7e5cfc5fb35d1e9a2,7090,size_in_bytes,lib/ocaml/compiler-libs/flambda2_simplify__Original_handlers.cms,21830
2026-09-05T05:55:59Z,822b65f405d1f87e722ec0c7e5cfc5fb35d1e9a2,7090,size_in_bytes,lib/ocaml/compiler-libs/flambda2_classic_mode_types.cms,9921
2026-09-05T05:55:59Z,822b65f405d1f87e722ec0c7e5cfc5fb35d1e9a2,7090,size_in_bytes,lib/ocaml/compiler-libs/flambda2_simplify__Simplify_expr.cms,28969
2026-09-05T05:55:59Z,822b65f405d1f87e722ec0c7e5cfc5fb35d1e9a2,7090,size_in_bytes,lib/ocaml/compiler-libs/flambda2_bound_identifiers__Bound_static.cms,31963
2026-09-05T05:55:59Z,822b65f405d1f87e722ec0c7e5cfc5fb35d1e9a2,7090,size_in_bytes,lib/ocaml/compiler-libs/flambda2_simplify__Simplify_set_of_closures.cms,150162
2026-09-05T05:55:59Z,822b65f405d1f87e722ec0c7e5cfc5fb35d1e9a2,7090,size_in_bytes,lib/ocaml/compiler-libs/flambda2_algorithms__Table_by_int_id.cms,22755
2026-09-05T05:55:59Z,822b65f405d1f87e722ec0c7e5cfc5fb35d1e9a2,7090,size_in_bytes,lib/ocaml/compiler-libs/flambda2_types__Meet_env.cms,68560
2026-09-05T05:55:59Z,822b65f405d1f87e722ec0c7e5cfc5fb35d1e9a2,7090,size_in_bytes,lib/ocaml/compiler-libs/flambda2_to_cmm.cms,12134
2026-09-05T05:55:59Z,822b65f405d1f87e722ec0c7e5cfc5fb35d1e9a2,7090,size_in_bytes,lib/ocaml/compiler-libs/flambda2_simplify__Number_adjuncts.cms,123834
2026-09-05T05:55:59Z,822b65f405d1f87e722ec0c7e5cfc5fb35d1e9a2,7090,size_in_bytes,lib/ocaml/compiler-libs/flambda2_term_basics.cms,13759
2026-09-05T05:55:59Z,822b65f405d1f87e722ec0c7e5cfc5fb35d1e9a2,7090,size_in_bytes,lib/ocaml/compiler-libs/flambda2_terms__Expr_std.cms,12192
2026-09-05T05:55:59Z,822b65f405d1f87e722ec0c7e5cfc5fb35d1e9a2,7090,size_in_bytes,lib/ocaml/compiler-libs/flambda2_to_cmm__To_cmm_shared.cms,84893
2026-09-05T05:55:59Z,822b65f405d1f87e722ec0c7e5cfc5fb35d1e9a2,7090,size_in_bytes,lib/ocaml/compiler-libs/flambda2_reaper__Reaper.cms,17711
2026-09-05T05:55:59Z,822b65f405d1f87e722ec0c7e5cfc5fb35d1e9a2,7090,size_in_bytes,lib/ocaml/compiler-libs/flambda2_lattices__Or_unknown_or_bottom.cms,16513
2026-09-05T05:55:59Z,822b65f405d1f87e722ec0c7e5cfc5fb35d1e9a2,7090,size_in_bytes,lib/ocaml/compiler-libs/flambda2_terms__Result_types.cms,32228
2026-09-05T05:55:59Z,822b65f405d1f87e722ec0c7e5cfc5fb35d1e9a2,7090,size_in_bytes,lib/ocaml/compiler-libs/flambda2_simplify__Named_rewrite.cms,15060
2026-09-05T05:55:59Z,822b65f405d1f87e722ec0c7e5cfc5fb35d1e9a2,7090,size_in_bytes,lib/ocaml/compiler-libs/flambda2_simplify__Call_site_inlining_decision.cms,54900
2026-09-05T05:55:59Z,822b65f405d1f87e722ec0c7e5cfc5fb35d1e9a2,7090,size_in_bytes,lib/ocaml/compiler-libs/flambda2_parser__Parse_flambda.cms,20713
2026-09-05T05:55:59Z,822b65f405d1f87e722ec0c7e5cfc5fb35d1e9a2,7090,size_in_bytes,lib/ocaml/compiler-libs/flambda2_reaper__Rebuild.cms,339956
2026-09-05T05:55:59Z,822b65f405d1f87e722ec0c7e5cfc5fb35d1e9a2,7090,size_in_bytes,lib/ocaml/compiler-libs/flambda2_simplify__Unboxing_types.cms,40315
2026-09-05T05:55:59Z,822b65f405d1f87e722ec0c7e5cfc5fb35d1e9a2,7090,size_in_bytes,lib/ocaml/compiler-libs/flambda2_algorithms.cms,11892
2026-09-05T05:55:59Z,822b65f405d1f87e722ec0c7e5cfc5fb35d1e9a2,7090,size_in_bytes,lib/ocaml/compiler-libs/flambda2_simplify__Lifted_constant_state.cms,38155
2026-09-05T05:55:59Z,822b65f405d1f87e722ec0c7e5cfc5fb35d1e9a2,7090,size_in_bytes,lib/ocaml/compiler-libs/flambda2_simplify_shared__Exported_offsets.cms,31193
2026-09-05T05:55:59Z,822b65f405d1f87e722ec0c7e5cfc5fb35d1e9a2,7090,size_in_bytes,lib/ocaml/compiler-libs/flambda2_floats.cms,9807
2026-09-05T05:55:59Z,822b65f405d1f87e722ec0c7e5cfc5fb35d1e9a2,7090,size_in_bytes,lib/ocaml/compiler-libs/flambda2_simplify__Simplify_common.cms,64070
2026-09-05T05:55:59Z,822b65f405d1f87e722ec0c7e5cfc5fb35d1e9a2,7090,size_in_bytes,lib/ocaml/compiler-libs/flambda2_simplify_shared__Call_site_inlining_decision_type.cms,49027
2026-09-05T05:55:59Z,822b65f405d1f87e722ec0c7e5cfc5fb35d1e9a2,7090,size_in_bytes,lib/ocaml/compiler-libs/flambda2_from_lambda__Lambda_to_lambda_transforms.cms,193009
2026-09-05T05:55:59Z,822b65f405d1f87e722ec0c7e5cfc5fb35d1e9a2,7090,size_in_bytes,lib/ocaml/compiler-libs/flambda2_simplify__Simplify_coercion.cms,12820
2026-09-05T05:55:59Z,822b65f405d1f87e722ec0c7e5cfc5fb35d1e9a2,7090,size_in_bytes,lib/ocaml/compiler-libs/flambda2_parser__Flambda_lex.cms,40285
2026-09-05T05:55:59Z,822b65f405d1f87e722ec0c7e5cfc5fb35d1e9a2,7090,size_in_bytes,lib/ocaml/compiler-libs/flambda2_terms__Code_size.cms,74295
2026-09-05T05:55:59Z,822b65f405d1f87e722ec0c7e5cfc5fb35d1e9a2,7090,size_in_bytes,lib/ocaml/compiler-libs/flambda2_identifiers__Variable.cms,13686
2026-09-05T05:55:59Z,822b65f405d1f87e722ec0c7e5cfc5fb35d1e9a2,7090,size_in_bytes,lib/ocaml/compiler-libs/flambda2_types__Typing_env_level.cms,40844
2026-09-05T05:55:59Z,822b65f405d1f87e722ec0c7e5cfc5fb35d1e9a2,7090,size_in_bytes,lib/ocaml/compiler-libs/flambda2_simplify__Closure_info.cms,18262
2026-09-05T05:55:59Z,822b65f405d1f87e722ec0c7e5cfc5fb35d1e9a2,7090,size_in_bytes,lib/ocaml/compiler-libs/flambda2_simplify_shared__Inlining_report.cms,94220
2026-09-05T05:55:59Z,822b65f405d1f87e722ec0c7e5cfc5fb35d1e9a2,7090,size_in_bytes,lib/ocaml/compiler-libs/flambda2_reaper__Rebuilt_expr.cms,23071
2026-09-05T05:55:59Z,822b65f405d1f87e722ec0c7e5cfc5fb35d1e9a2,7090,size_in_bytes,lib/ocaml/compiler-libs/flambda2_term_basics__Or_invalid.cms,13116
2026-09-05T05:55:59Z,822b65f405d1f87e722ec0c7e5cfc5fb35d1e9a2,7090,size_in_bytes,lib/ocaml/compiler-libs/flambda2_identifiers__Reg_width_const.cms,38097
2026-09-05T05:55:59Z,822b65f405d1f87e722ec0c7e5cfc5fb35d1e9a2,7090,size_in_bytes,lib/ocaml/compiler-libs/flambda2_parser__Fexpr_prim.cms,174734
2026-09-05T05:55:59Z,822b65f405d1f87e722ec0c7e5cfc5fb35d1e9a2,7090,size_in_bytes,lib/ocaml/compiler-libs/flambda2_simplify__Simplify_primitive_result.cms,17107
2026-09-05T05:55:59Z,822b65f405d1f87e722ec0c7e5cfc5fb35d1e9a2,7090,size_in_bytes,lib/ocaml/compiler-libs/flambda2_simplify__Dominator_graph.cms,51844
2026-09-05T05:55:59Z,822b65f405d1f87e722ec0c7e5cfc5fb35d1e9a2,7090,size_in_bytes,lib/ocaml/compiler-libs/flambda2_term_basics__Simple.cms,53013
2026-09-05T05:55:59Z,822b65f405d1f87e722ec0c7e5cfc5fb35d1e9a2,7090,size_in_bytes,lib/ocaml/compiler-libs/flambda2_terms__Code_metadata.cms,84194
2026-09-05T05:55:59Z,822b65f405d1f87e722ec0c7e5cfc5fb35d1e9a2,7090,size_in_bytes,lib/ocaml/compiler-libs/flambda2_nominal__Ids_for_export.cms,24454
2026-09-05T05:55:59Z,822b65f405d1f87e722ec0c7e5cfc5fb35d1e9a2,7090,size_in_bytes,lib/ocaml/compiler-libs/flambda2_kinds__Tag.cms,35517
2026-09-05T05:55:59Z,822b65f405d1f87e722ec0c7e5cfc5fb35d1e9a2,7090,size_in_bytes,lib/ocaml/compiler-libs/flambda2_simplify__Data_flow_graph.cms,62431
2026-09-05T05:55:59Z,822b65f405d1f87e722ec0c7e5cfc5fb35d1e9a2,7090,size_in_bytes,lib/ocaml/compiler-libs/flambda2_simplify__Specialization_cost.cms,31783
2026-09-05T05:55:59Z,822b65f405d1f87e722ec0c7e5cfc5fb35d1e9a2,7090,size_in_bytes,lib/ocaml/compiler-libs/flambda2_simplify__Simplify.cms,21901
2026-09-05T05:55:59Z,822b65f405d1f87e722ec0c7e5cfc5fb35d1e9a2,7090,size_in_bytes,lib/ocaml/compiler-libs/flambda2_types__Provers.cms,203763
2026-09-05T05:55:59Z,822b65f405d1f87e722ec0c7e5cfc5fb35d1e9a2,7090,size_in_bytes,lib/ocaml/compiler-libs/flambda2_terms__Coeffects.cms,14155
2026-09-05T05:55:59Z,822b65f405d1f87e722ec0c7e5cfc5fb35d1e9a2,7090,size_in_bytes,lib/ocaml/compiler-libs/flambda2_terms__Inlining_arguments.cms,55012
2026-09-05T05:55:59Z,822b65f405d1f87e722ec0c7e5cfc5fb35d1e9a2,7090,size_in_bytes,lib/ocaml/compiler-libs/flambda2_datalog__Table.cms,35870
2026-09-05T05:55:59Z,822b65f405d1f87e722ec0c7e5cfc5fb35d1e9a2,7090,size_in_bytes,lib/ocaml/compiler-libs/flambda2_term_basics__Symbol_projection.cms,27626
2026-09-05T05:55:59Z,822b65f405d1f87e722ec0c7e5cfc5fb35d1e9a2,7090,size_in_bytes,lib/ocaml/compiler-libs/flambda2_terms__Function_declarations.cms,24290
2026-09-05T05:55:59Z,822b65f405d1f87e722ec0c7e5cfc5fb35d1e9a2,7090,size_in_bytes,lib/ocaml/compiler-libs/flambda2_simplify__Flow.cms,12382
2026-09-05T05:55:59Z,822b65f405d1f87e722ec0c7e5cfc5fb35d1e9a2,7090,size_in_bytes,lib/ocaml/compiler-libs/flambda2_cmx__Flambda_cmx.cms,35989
2026-09-05T05:55:59Z,822b65f405d1f87e722ec0c7e5cfc5fb35d1e9a2,7090,size_in_bytes,lib/ocaml/compiler-libs/flambda2_terms__Removed_operations.cms,24083
2026-09-05T05:55:59Z,822b65f405d1f87e722ec0c7e5cfc5fb35d1e9a2,7090,size_in_bytes,lib/ocaml/compiler-libs/flambda2_simplify__Are_lifting_conts.cms,19071
2026-09-05T05:55:59Z,822b65f405d1f87e722ec0c7e5cfc5fb35d1e9a2,7090,size_in_bytes,lib/ocaml/compiler-libs/flambda2_identifiers__Rec_info_expr0.cms,34140
2026-09-05T05:55:59Z,822b65f405d1f87e722ec0c7e5cfc5fb35d1e9a2,7090,size_in_bytes,lib/ocaml/compiler-libs/flambda2_terms__Probe.cms,12395
2026-09-05T05:55:59Z,822b65f405d1f87e722ec0c7e5cfc5fb35d1e9a2,7090,size_in_bytes,lib/ocaml/compiler-libs/flambda2_lattices.cms,10421
2026-09-05T05:55:59Z,822b65f405d1f87e722ec0c7e5cfc5fb35d1e9a2,7090,size_in_bytes,lib/ocaml/compiler-libs/flambda2_bound_identifiers__Bound_parameter.cms,28925
2026-09-05T05:55:59Z,822b65f405d1f87e722ec0c7e5cfc5fb35d1e9a2,7090,size_in_bytes,lib/ocaml/compiler-libs/flambda2_term_basics__String_info.cms,19927
2026-09-05T05:55:59Z,822b65f405d1f87e722ec0c7e5cfc5fb35d1e9a2,7090,size_in_bytes,lib/ocaml/compiler-libs/flambda2_simplify_shared__Inlining_helpers.cms,25971
2026-09-05T05:55:59Z,822b65f405d1f87e722ec0c7e5cfc5fb35d1e9a2,7090,size_in_bytes,lib/ocaml/compiler-libs/flambda2_simplify__Continuation_shortcut.cms,18090
2026-09-05T05:55:59Z,822b65f405d1f87e722ec0c7e5cfc5fb35d1e9a2,7090,size_in_bytes,lib/ocaml/compiler-libs/flambda2_ui.cms,10092
2026-09-05T05:55:59Z,822b65f405d1f87e722ec0c7e5cfc5fb35d1e9a2,7090,size_in_bytes,lib/ocaml/compiler-libs/flambda2_numbers__One_bit_fewer.cms,30919
2026-09-05T05:55:59Z,822b65f405d1f87e722ec0c7e5cfc5fb35d1e9a2,7090,size_in_bytes,lib/ocaml/compiler-libs/flambda2_cmx__Exported_code.cms,24157
2026-09-05T05:55:59Z,822b65f405d1f87e722ec0c7e5cfc5fb35d1e9a2,7090,size_in_bytes,lib/ocaml/compiler-libs/flambda2_ui__Flambda_colours.cms,20355
2026-09-05T05:55:59Z,822b65f405d1f87e722ec0c7e5cfc5fb35d1e9a2,7090,size_in_bytes,lib/ocaml/compiler-libs/flambda2_simplify__Simplify_static_const.cms,66586
2026-09-05T05:55:59Z,822b65f405d1f87e722ec0c7e5cfc5fb35d1e9a2,7090,size_in_bytes,lib/ocaml/compiler-libs/flambda2_classic_mode_types__Value_approximation.cms,20069
2026-09-05T05:55:59Z,822b65f405d1f87e722ec0c7e5cfc5fb35d1e9a2,7090,size_in_bytes,lib/ocaml/compiler-libs/flambda2_from_lambda.cms,11992
2026-09-05T05:55:59Z,822b65f405d1f87e722ec0c7e5cfc5fb35d1e9a2,7090,size_in_bytes,lib/ocaml/compiler-libs/flambda2_parser__Fexpr_to_flambda.cms,148822
2026-09-05T05:55:59Z,822b65f405d1f87e722ec0c7e5cfc5fb35d1e9a2,7090,size_in_bytes,lib/ocaml/compiler-libs/flambda2_simplify__Simplify_nullary_primitive.cms,21605
2026-09-05T05:55:59Z,822b65f405d1f87e722ec0c7e5cfc5fb35d1e9a2,7090,size_in_bytes,lib/ocaml/compiler-libs/flambda2_from_lambda__Lambda_to_flambda_primitives_helpers.cms,79473
2026-09-05T05:55:59Z,822b65f405d1f87e722ec0c7e5cfc5fb35d1e9a2,7090,size_in_bytes,lib/ocaml/compiler-libs/flambda2_identifiers__Name.cms,18447
2026-09-05T05:55:59Z,822b65f405d1f87e722ec0c7e5cfc5fb35d1e9a2,7090,size_in_bytes,lib/ocaml/compiler-libs/flambda2_numbers__Or_infinity.cms,13066
2026-09-05T05:55:59Z,822b65f405d1f87e722ec0c7e5cfc5fb35d1e9a2,7090,size_in_bytes,lib/ocaml/compiler-libs/flambda2_term_basics__Scope.cms,18495
2026-09-05T05:55:59Z,822b65f405d1f87e722ec0c7e5cfc5fb35d1e9a2,7090,size_in_bytes,lib/ocaml/compiler-libs/flambda2_identifiers__Code_id_or_name.cms,12197
2026-09-05T05:55:59Z,822b65f405d1f87e722ec0c7e5cfc5fb35d1e9a2,7090,size_in_bytes,lib/ocaml/compiler-libs/flambda2_simplify__Continuation_uses.cms,32272
2026-09-05T05:55:59Z,822b65f405d1f87e722ec0c7e5cfc5fb35d1e9a2,7090,size_in_bytes,lib/ocaml/compiler-libs/flambda2_simplify__Simplify_simple.cms,17144
2026-09-05T05:55:59Z,822b65f405d1f87e722ec0c7e5cfc5fb35d1e9a2,7090,size_in_bytes,lib/ocaml/compiler-libs/flambda2_to_cmm__To_cmm_set_of_closures.cms,106101
2026-09-05T05:55:59Z,822b65f405d1f87e722ec0c7e5cfc5fb35d1e9a2,7090,size_in_bytes,lib/ocaml/compiler-libs/flambda2_from_lambda__Closure_conversion.cms,571012
2026-09-05T05:55:59Z,822b65f405d1f87e722ec0c7e5cfc5fb35d1e9a2,7090,size_in_bytes,lib/ocaml/compiler-libs/flambda2_term_basics__Empty_array_kind.cms,20721
2026-09-05T05:55:59Z,822b65f405d1f87e722ec0c7e5cfc5fb35d1e9a2,7090,size_in_bytes,lib/ocaml/compiler-libs/flambda2_terms__Exn_continuation.cms,31651
2026-09-05T05:55:59Z,822b65f405d1f87e722ec0c7e5cfc5fb35d1e9a2,7090,size_in_bytes,lib/ocaml/compiler-libs/flambda2_parser__Flambda_parser.cms,2269354
2026-09-05T05:55:59Z,822b65f405d1f87e722ec0c7e5cfc5fb35d1e9a2,7090,size_in_bytes,lib/ocaml/compiler-libs/flambda2_types__Cached_level.cms,23956
2026-09-05T05:55:59Z,822b65f405d1f87e722ec0c7e5cfc5fb35d1e9a2,7090,size_in_bytes,lib/ocaml/compiler-libs/flambda2_terms.cms,21689
2026-09-05T05:55:59Z,822b65f405d1f87e722ec0c7e5cfc5fb35d1e9a2,7090,size_in_bytes,lib/ocaml/compiler-libs/flambda2_to_jsir.cms,11637
2026-09-05T05:55:59Z,822b65f405d1f87e722ec0c7e5cfc5fb35d1e9a2,7090,size_in_bytes,lib/ocaml/compiler-libs/flambda2_to_jsir__To_jsir_set_of_closures.cms,20397
2026-09-05T05:55:59Z,822b65f405d1f87e722ec0c7e5cfc5fb35d1e9a2,7090,size_in_bytes,lib/ocaml/compiler-libs/flambda2_simplify__Simplify_binary_primitive.cms,160095
2026-09-05T05:55:59Z,822b65f405d1f87e722ec0c7e5cfc5fb35d1e9a2,7090,size_in_bytes,lib/ocaml/compiler-libs/flambda2_simplify__Continuation_uses_env_intf.cms,13484
2026-09-05T05:55:59Z,822b65f405d1f87e722ec0c7e5cfc5fb35d1e9a2,7090,size_in_bytes,lib/ocaml/compiler-libs/flambda2_terms__Apply_expr.cms,62292
2026-09-05T05:55:59Z,822b65f405d1f87e722ec0c7e5cfc5fb35d1e9a2,7090,size_in_bytes,lib/ocaml/compiler-libs/flambda2_identifiers__Code_id_or_symbol.cms,11466
2026-09-05T05:55:59Z,822b65f405d1f87e722ec0c7e5cfc5fb35d1e9a2,7090,size_in_bytes,lib/ocaml/compiler-libs/flambda2_term_basics__Tag_and_size.cms,12280
2026-09-05T05:55:59Z,822b65f405d1f87e722ec0c7e5cfc5fb35d1e9a2,7090,size_in_bytes,lib/ocaml/compiler-libs/flambda2_types__Meet_and_n_way_join.cms,376240
2026-09-05T05:55:59Z,822b65f405d1f87e722ec0c7e5cfc5fb35d1e9a2,7090,size_in_bytes,lib/ocaml/compiler-libs/flambda2_terms__Cost_metrics.cms,22179
2026-09-05T05:55:59Z,822b65f405d1f87e722ec0c7e5cfc5fb35d1e9a2,7090,size_in_bytes,lib/ocaml/compiler-libs/flambda2_to_jsir__To_jsir_shared.cms,26931
2026-09-05T05:55:59Z,822b65f405d1f87e722ec0c7e5cfc5fb35d1e9a2,7090,size_in_bytes,lib/ocaml/compiler-libs/flambda2_simplify.cms,34889
2026-09-05T05:55:59Z,822b65f405d1f87e722ec0c7e5cfc5fb35d1e9a2,7090,size_in_bytes,lib/ocaml/compiler-libs/flambda2_cmx.cms,10373
2026-09-05T05:55:59Z,822b65f405d1f87e722ec0c7e5cfc5fb35d1e9a2,7090,size_in_bytes,lib/ocaml/compiler-libs/flambda2_to_jsir__To_jsir_result.cms,33281
2026-09-05T05:55:59Z,822b65f405d1f87e722ec0c7e5cfc5fb35d1e9a2,7090,size_in_bytes,lib/ocaml/compiler-libs/flambda2.cms,47860
2026-09-05T05:55:59Z,822b65f405d1f87e722ec0c7e5cfc5fb35d1e9a2,7090,size_in_bytes,lib/ocaml/compiler-libs/flambda2_cmx__Flambda_cmx_format.cms,35604
2026-09-05T05:55:59Z,822b65f405d1f87e722ec0c7e5cfc5fb35d1e9a2,7090,size_in_bytes,lib/ocaml/compiler-libs/flambda2_simplify__Simplify_switch_expr.cms,133867
2026-09-05T05:55:59Z,822b65f405d1f87e722ec0c7e5cfc5fb35d1e9a2,7090,size_in_bytes,lib/ocaml/compiler-libs/flambda2_to_cmm__To_cmm.cms,26734
2026-09-05T05:55:59Z,822b65f405d1f87e722ec0c7e5cfc5fb35d1e9a2,7090,size_in_bytes,lib/ocaml/compiler-libs/flambda2_identifiers__Continuation_callsite_map.cms,14092
2026-09-05T05:55:59Z,822b65f405d1f87e722ec0c7e5cfc5fb35d1e9a2,7090,size_in_bytes,lib/ocaml/compiler-libs/flambda2_datalog__Cursor.cms,62231
2026-09-05T05:55:59Z,822b65f405d1f87e722ec0c7e5cfc5fb35d1e9a2,7090,size_in_bytes,lib/ocaml/compiler-libs/flambda2_nominal__Contains_ids.cms,11333
2026-09-05T05:55:59Z,822b65f405d1f87e722ec0c7e5cfc5fb35d1e9a2,7090,size_in_bytes,lib/ocaml/compiler-libs/flambda2_identifiers__Apply_cont_rewrite_id.cms,17892
2026-09-05T05:55:59Z,822b65f405d1f87e722ec0c7e5cfc5fb35d1e9a2,7090,size_in_bytes,lib/ocaml/compiler-libs/flambda2_identifiers.cms,15006
2026-09-05T05:55:59Z,822b65f405d1f87e722ec0c7e5cfc5fb35d1e9a2,7090,size_in_bytes,lib/ocaml/compiler-libs/flambda2_bound_identifiers__Bound_for_function.cms,35802
2026-09-05T05:55:59Z,822b65f405d1f87e722ec0c7e5cfc5fb35d1e9a2,7090,size_in_bytes,lib/ocaml/compiler-libs/flambda2_numbers__Numeric_types.cms,86933
2026-09-05T05:55:59Z,822b65f405d1f87e722ec0c7e5cfc5fb35d1e9a2,7090,size_in_bytes,lib/ocaml/compiler-libs/flambda2_term_basics__Or_variable.cms,14924
2026-09-05T05:55:59Z,822b65f405d1f87e722ec0c7e5cfc5fb35d1e9a2,7090,size_in_bytes,lib/ocaml/compiler-libs/flambda2_algorithms__Lmap.cms,27863
2026-09-05T05:55:59Z,822b65f405d1f87e722ec0c7e5cfc5fb35d1e9a2,7090,size_in_bytes,lib/ocaml/compiler-libs/flambda2_datalog__Virtual_machine.cms,33440
2026-09-05T05:55:59Z,822b65f405d1f87e722ec0c7e5cfc5fb35d1e9a2,7090,size_in_bytes,lib/ocaml/compiler-libs/flambda2_from_lambda__Lambda_to_flambda_env.cms,57391
2026-09-05T05:55:59Z,822b65f405d1f87e722ec0c7e5cfc5fb35d1e9a2,7090,size_in_bytes,lib/ocaml/compiler-libs/flambda2_simplify__Simplify_let_expr.cms,55779
2026-09-05T05:55:59Z,822b65f405d1f87e722ec0c7e5cfc5fb35d1e9a2,7090,size_in_bytes,lib/ocaml/compiler-libs/flambda2_types__Typing_env.cms,171742
2026-09-05T05:55:59Z,822b65f405d1f87e722ec0c7e5cfc5fb35d1e9a2,7090,size_in_bytes,lib/ocaml/compiler-libs/flambda2_numbers__Vector_types.cms,43240
2026-09-05T05:55:59Z,822b65f405d1f87e722ec0c7e5cfc5fb35d1e9a2,7090,size_in_bytes,lib/ocaml/compiler-libs/flambda2_types__With_cached_free_names.cms,17120
2026-09-05T05:55:59Z,822b65f405d1f87e722ec0c7e5cfc5fb35d1e9a2,7090,size_in_bytes,lib/ocaml/compiler-libs/flambda2_datalog__Datalog.cms,62720
2026-09-05T05:55:59Z,822b65f405d1f87e722ec0c7e5cfc5fb35d1e9a2,7090,size_in_bytes,lib/ocaml/compiler-libs/flambda2_term_basics__Inlined_debuginfo.cms,23009
2026-09-05T05:55:59Z,822b65f405d1f87e722ec0c7e5cfc5fb35d1e9a2,7090,size_in_bytes,lib/ocaml/compiler-libs/flambda2_identifiers__Int_ids.cms,172870
2026-09-05T05:55:59Z,822b65f405d1f87e722ec0c7e5cfc5fb35d1e9a2,7090,size_in_bytes,lib/ocaml/compiler-libs/flambda2_reaper__Rev_expr.cms,19078
2026-09-05T05:55:59Z,822b65f405d1f87e722ec0c7e5cfc5fb35d1e9a2,7090,size_in_bytes,lib/ocaml/compiler-libs/flambda2_terms__Regalloc_attribute.cms,13520
2026-09-05T05:55:59Z,822b65f405d1f87e722ec0c7e5cfc5fb35d1e9a2,7090,size_in_bytes,lib/ocaml/compiler-libs/flambda2_simplify__Continuation_extra_params_and_args.cms,33609
2026-09-05T05:55:59Z,822b65f405d1f87e722ec0c7e5cfc5fb35d1e9a2,7090,size_in_bytes,lib/ocaml/compiler-libs/flambda2_ui__Flambda_features.cms,52748
2026-09-05T05:55:59Z,822b65f405d1f87e722ec0c7e5cfc5fb35d1e9a2,7090,size_in_bytes,lib/ocaml/compiler-libs/flambda2_nominal.cms,12429
2026-09-05T05:55:59Z,822b65f405d1f87e722ec0c7e5cfc5fb35d1e9a2,7090,size_in_bytes,lib/ocaml/compiler-libs/flambda2_simplify__Common_subexpression_elimination.cms,65272
2026-09-05T05:55:59Z,822b65f405d1f87e722ec0c7e5cfc5fb35d1e9a2,7090,size_in_bytes,lib/ocaml/compiler-libs/flambda2_identifiers__Continuation.cms,34999
2026-09-05T05:55:59Z,822b65f405d1f87e722ec0c7e5cfc5fb35d1e9a2,7090,size_in_bytes,lib/ocaml/compiler-libs/flambda2_types__Equal_types_for_debug.cms,91271
2026-09-05T05:55:59Z,822b65f405d1f87e722ec0c7e5cfc5fb35d1e9a2,7090,size_in_bytes,lib/ocaml/compiler-libs/flambda2_simplify__Simplify_apply_expr.cms,181406
2026-09-05T05:55:59Z,822b65f405d1f87e722ec0c7e5cfc5fb35d1e9a2,7090,size_in_bytes,lib/ocaml/compiler-libs/flambda2_import.cms,9604
2026-09-05T05:55:59Z,822b65f405d1f87e722ec0c7e5cfc5fb35d1e9a2,7090,size_in_bytes,lib/ocaml/compiler-libs/flambda2_reaper__Analysis.cms,18683
2026-09-05T05:55:59Z,822b65f405d1f87e722ec0c7e5cfc5fb35d1e9a2,7090,size_in_bytes,lib/ocaml/compiler-libs/flambda2_to_cmm__To_cmm_static.cms,122175
2026-09-05T05:55:59Z,822b65f405d1f87e722ec0c7e5cfc5fb35d1e9a2,7090,size_in_bytes,lib/ocaml/stdlib_alpha/stdlib_alpha.cms,10962
2026-09-05T05:55:59Z,822b65f405d1f87e722ec0c7e5cfc5fb35d1e9a2,7090,size_in_bytes,lib/ocaml/stdlib_stable/stdlib_stable__Float32.cms,46641
2026-09-05T05:55:59Z,822b65f405d1f87e722ec0c7e5cfc5fb35d1e9a2,7090,size_in_bytes,lib/ocaml/stdlib_stable/stdlib_stable__Int_u.cms,18054
2026-09-05T05:55:59Z,822b65f405d1f87e722ec0c7e5cfc5fb35d1e9a2,7090,size_in_bytes,lib/ocaml/stdlib_stable/stdlib_stable__Idx_atomic.cms,12559
2026-09-05T05:55:59Z,822b65f405d1f87e722ec0c7e5cfc5fb35d1e9a2,7090,size_in_bytes,lib/ocaml/stdlib_stable/stdlib_stable__Or_null.cms,13844
2026-09-05T05:55:59Z,822b65f405d1f87e722ec0c7e5cfc5fb35d1e9a2,7090,size_in_bytes,lib/ocaml/stdlib_stable/stdlib_stable__Idx_imm.cms,12172
2026-09-05T05:55:59Z,822b65f405d1f87e722ec0c7e5cfc5fb35d1e9a2,7090,size_in_bytes,lib/ocaml/stdlib_stable/stdlib_stable__Int16.cms,16208
2026-09-05T05:55:59Z,822b65f405d1f87e722ec0c7e5cfc5fb35d1e9a2,7090,size_in_bytes,lib/ocaml/stdlib_stable/stdlib_stable__Int16_u.cms,16697
2026-09-05T05:55:59Z,822b65f405d1f87e722ec0c7e5cfc5fb35d1e9a2,7090,size_in_bytes,lib/ocaml/stdlib_stable/stdlib_stable__Idx_mut.cms,12299
2026-09-05T05:55:59Z,822b65f405d1f87e722ec0c7e5cfc5fb35d1e9a2,7090,size_in_bytes,lib/ocaml/stdlib_stable/stdlib_stable__Char_u.cms,14166
2026-09-05T05:55:59Z,822b65f405d1f87e722ec0c7e5cfc5fb35d1e9a2,7090,size_in_bytes,lib/ocaml/stdlib_stable/stdlib_stable__IarrayLabels.cms,88445
2026-09-05T05:55:59Z,822b65f405d1f87e722ec0c7e5cfc5fb35d1e9a2,7090,size_in_bytes,lib/ocaml/stdlib_stable/stdlib_stable__.cms,13637
2026-09-05T05:55:59Z,822b65f405d1f87e722ec0c7e5cfc5fb35d1e9a2,7090,size_in_bytes,lib/ocaml/stdlib_stable/stdlib_stable__Float32_u.cms,57447
2026-09-05T05:55:59Z,822b65f405d1f87e722ec0c7e5cfc5fb35d1e9a2,7090,size_in_bytes,lib/ocaml/stdlib_stable/stdlib_stable__Int8_u.cms,16702
2026-09-05T05:55:59Z,822b65f405d1f87e722ec0c7e5cfc5fb35d1e9a2,7090,size_in_bytes,lib/ocaml/stdlib_stable/stdlib_stable__Int8.cms,16207
2026-09-05T05:55:59Z,822b65f405d1f87e722ec0c7e5cfc5fb35d1e9a2,7090,size_in_bytes,lib/ocaml/stdlib_stable/stdlib_stable.cms,11372
2026-09-05T05:55:59Z,822b65f405d1f87e722ec0c7e5cfc5fb35d1e9a2,7090,size_in_bytes,lib/ocaml/stdlib_stable/stdlib_stable__Iarray.cms,12453
2026-09-05T05:55:59Z,822b65f405d1f87e722ec0c7e5cfc5fb35d1e9a2,7090,size_in_bytes,lib/ocaml/stdlib_stable/stdlib_stable__Int.cms,17839
2026-09-05T05:55:59Z,822b65f405d1f87e722ec0c7e5cfc5fb35d1e9a2,7090,size_in_bytes,lib/ocaml/stdlib__Int64.cmsi,29401
2026-09-05T05:55:59Z,822b65f405d1f87e722ec0c7e5cfc5fb35d1e9a2,7090,size_in_bytes,lib/ocaml/stdlib__Oo.cmsi,13453
2026-09-05T05:55:59Z,822b65f405d1f87e722ec0c7e5cfc5fb35d1e9a2,7090,size_in_bytes,lib/ocaml/stdlib__Filename.cmsi,30079
2026-09-05T05:55:59Z,822b65f405d1f87e722ec0c7e5cfc5fb35d1e9a2,7090,size_in_bytes,lib/ocaml/std_exit.cmsi,11316
2026-09-05T05:55:59Z,822b65f405d1f87e722ec0c7e5cfc5fb35d1e9a2,7090,size_in_bytes,lib/ocaml/stdlib__Bool.cmsi,16400
2026-09-05T05:55:59Z,822b65f405d1f87e722ec0c7e5cfc5fb35d1e9a2,7090,size_in_bytes,lib/ocaml/stdlib__Unit.cmsi,12360
2026-09-05T05:55:59Z,822b65f405d1f87e722ec0c7e5cfc5fb35d1e9a2,7090,size_in_bytes,lib/ocaml/stdlib__Char.cmsi,25312
2026-09-05T05:55:59Z,822b65f405d1f87e722ec0c7e5cfc5fb35d1e9a2,7090,size_in_bytes,lib/ocaml/camlinternalMod.cmsi,12116
2026-09-05T05:55:59Z,822b65f405d1f87e722ec0c7e5cfc5fb35d1e9a2,7090,size_in_bytes,lib/ocaml/stdlib__Lazy.cmsi,21052
2026-09-05T05:55:59Z,822b65f405d1f87e722ec0c7e5cfc5fb35d1e9a2,7090,size_in_bytes,lib/ocaml/stdlib__Bytes.cmsi,68949
2026-09-05T05:55:59Z,822b65f405d1f87e722ec0c7e5cfc5fb35d1e9a2,7090,size_in_bytes,lib/ocaml/stdlib__Domain.cmsi,34978
2026-09-05T05:55:59Z,822b65f405d1f87e722ec0c7e5cfc5fb35d1e9a2,7090,size_in_bytes,lib/ocaml/stdlib__Bigarray.cmsi,112170
2026-09-05T05:55:59Z,822b65f405d1f87e722ec0c7e5cfc5fb35d1e9a2,7090,size_in_bytes,lib/ocaml/camlinternalAtomic.cmsi,10371
2026-09-05T05:55:59Z,822b65f405d1f87e722ec0c7e5cfc5fb35d1e9a2,7090,size_in_bytes,lib/ocaml/stdlib__Ephemeron.cmsi,40077
2026-09-05T05:55:59Z,822b65f405d1f87e722ec0c7e5cfc5fb35d1e9a2,7090,size_in_bytes,lib/ocaml/stdlib__Seq.cmsi,65691
2026-09-05T05:55:59Z,822b65f405d1f87e722ec0c7e5cfc5fb35d1e9a2,7090,size_in_bytes,lib/ocaml/stdlib__Int32.cmsi,27645
2026-09-05T05:55:59Z,822b65f405d1f87e722ec0c7e5cfc5fb35d1e9a2,7090,size_in_bytes,lib/ocaml/stdlib__MoreLabels.cmsi,129425
2026-09-05T05:55:59Z,822b65f405d1f87e722ec0c7e5cfc5fb35d1e9a2,7090,size_in_bytes,lib/ocaml/stdlib__List.cmsi,50091
2026-09-05T05:55:59Z,822b65f405d1f87e722ec0c7e5cfc5fb35d1e9a2,7090,size_in_bytes,lib/ocaml/stdlib__Condition.cmsi,20457
2026-09-05T05:55:59Z,822b65f405d1f87e722ec0c7e5cfc5fb35d1e9a2,7090,size_in_bytes,lib/ocaml/stdlib__ListLabels.cmsi,50173
2026-09-05T05:55:59Z,822b65f405d1f87e722ec0c7e5cfc5fb35d1e9a2,7090,size_in_bytes,lib/ocaml/stdlib__Dynarray.cmsi,57969
2026-09-05T05:55:59Z,822b65f405d1f87e722ec0c7e5cfc5fb35d1e9a2,7090,size_in_bytes,lib/ocaml/stdlib__Printexc.cmsi,42803
2026-09-05T05:55:59Z,822b65f405d1f87e722ec0c7e5cfc5fb35d1e9a2,7090,size_in_bytes,lib/ocaml/stdlib__Digest.cmsi,24713
2026-09-05T05:55:59Z,822b65f405d1f87e722ec0c7e5cfc5fb35d1e9a2,7090,size_in_bytes,lib/ocaml/stdlib__Type.cmsi,16566
2026-09-05T05:55:59Z,822b65f405d1f87e722ec0c7e5cfc5fb35d1e9a2,7090,size_in_bytes,lib/ocaml/stdlib__Repr.cmsi,16291
2026-09-05T05:55:59Z,822b65f405d1f87e722ec0c7e5cfc5fb35d1e9a2,7090,size_in_bytes,lib/ocaml/stdlib__Set.cmsi,38509
2026-09-05T05:55:59Z,822b65f405d1f87e722ec0c7e5cfc5fb35d1e9a2,7090,size_in_bytes,lib/ocaml/stdlib__Parsing.cmsi,18194
2026-09-05T05:55:59Z,822b65f405d1f87e722ec0c7e5cfc5fb35d1e9a2,7090,size_in_bytes,lib/ocaml/stdlib__Mutex.cmsi,15858
2026-09-05T05:55:59Z,822b65f405d1f87e722ec0c7e5cfc5fb35d1e9a2,7090,size_in_bytes,lib/ocaml/stdlib__Quote.cmsi,12656
2026-09-05T05:55:59Z,822b65f405d1f87e722ec0c7e5cfc5fb35d1e9a2,7090,size_in_bytes,lib/ocaml/stdlib__Either.cmsi,19495
2026-09-05T05:55:59Z,822b65f405d1f87e722ec0c7e5cfc5fb35d1e9a2,7090,size_in_bytes,lib/ocaml/stdlib__Printf.cmsi,28980
2026-09-05T05:55:59Z,822b65f405d1f87e722ec0c7e5cfc5fb35d1e9a2,7090,size_in_bytes,lib/ocaml/camlinternalFormat.cmsi,17484
2026-09-05T05:55:59Z,822b65f405d1f87e722ec0c7e5cfc5fb35d1e9a2,7090,size_in_bytes,lib/ocaml/stdlib__Nativeint.cmsi,27950
2026-09-05T05:55:59Z,822b65f405d1f87e722ec0c7e5cfc5fb35d1e9a2,7090,size_in_bytes,lib/ocaml/stdlib__Atomic.cmsi,24193
2026-09-05T05:55:59Z,822b65f405d1f87e722ec0c7e5cfc5fb35d1e9a2,7090,size_in_bytes,lib/ocaml/stdlib__Obj.cmsi,23380
2026-09-05T05:55:59Z,822b65f405d1f87e722ec0c7e5cfc5fb35d1e9a2,7090,size_in_bytes,lib/ocaml/camlinternalLazy.cmsi,11560
2026-09-05T05:55:59Z,822b65f405d1f87e722ec0c7e5cfc5fb35d1e9a2,7090,size_in_bytes,lib/ocaml/stdlib__Int.cmsi,20902
2026-09-05T05:55:59Z,822b65f405d1f87e722ec0c7e5cfc5fb35d1e9a2,7090,size_in_bytes,lib/ocaml/stdlib__String.cmsi,46730
2026-09-05T05:55:59Z,822b65f405d1f87e722ec0c7e5cfc5fb35d1e9a2,7090,size_in_bytes,lib/ocaml/stdlib__Result.cmsi,21355
2026-09-05T05:55:59Z,822b65f405d1f87e722ec0c7e5cfc5fb35d1e9a2,7090,size_in_bytes,lib/ocaml/stdlib__Marshal.cmsi,26790
2026-09-05T05:55:59Z,822b65f405d1f87e722ec0c7e5cfc5fb35d1e9a2,7090,size_in_bytes,lib/ocaml/stdlib__Lexing.cmsi,26599
2026-09-05T05:55:59Z,822b65f405d1f87e722ec0c7e5cfc5fb35d1e9a2,7090,size_in_bytes,lib/ocaml/stdlib__Map.cmsi,43613
2026-09-05T05:55:59Z,822b65f405d1f87e722ec0c7e5cfc5fb35d1e9a2,7090,size_in_bytes,lib/ocaml/stdlib__Buffer.cmsi,33549
2026-09-05T05:55:59Z,822b65f405d1f87e722ec0c7e5cfc5fb35d1e9a2,7090,size_in_bytes,lib/ocaml/stdlib__Format.cmsi,128462
2026-09-05T05:55:59Z,822b65f405d1f87e722ec0c7e5cfc5fb35d1e9a2,7090,size_in_bytes,lib/ocaml/stdlib__Hashtbl.cmsi,60154
2026-09-05T05:55:59Z,822b65f405d1f87e722ec0c7e5cfc5fb35d1e9a2,7090,size_in_bytes,lib/ocaml/stdlib__Float.cmsi,112243
2026-09-05T05:55:59Z,822b65f405d1f87e722ec0c7e5cfc5fb35d1e9a2,7090,size_in_bytes,lib/ocaml/stdlib__Fun.cmsi,21275
2026-09-05T05:55:59Z,822b65f405d1f87e722ec0c7e5cfc5fb35d1e9a2,7090,size_in_bytes,lib/ocaml/stdlib__Random.cmsi,31727
2026-09-05T05:55:59Z,822b65f405d1f87e722ec0c7e5cfc5fb35d1e9a2,7090,size_in_bytes,lib/ocaml/stdlib__Arg.cmsi,34374
2026-09-05T05:55:59Z,822b65f405d1f87e722ec0c7e5cfc5fb35d1e9a2,7090,size_in_bytes,lib/ocaml/camlinternalComprehension.cmsi,14385
2026-09-05T05:55:59Z,822b65f405d1f87e722ec0c7e5cfc5fb35d1e9a2,7090,size_in_bytes,lib/ocaml/stdlib.cmsi,138359
2026-09-05T05:55:59Z,822b65f405d1f87e722ec0c7e5cfc5fb35d1e9a2,7090,size_in_bytes,lib/ocaml/camlinternalQuote.cmsi,59773
2026-09-05T05:55:59Z,822b65f405d1f87e722ec0c7e5cfc5fb35d1e9a2,7090,size_in_bytes,lib/ocaml/stdlib__Weak.cmsi,26864
2026-09-05T05:55:59Z,822b65f405d1f87e722ec0c7e5cfc5fb35d1e9a2,7090,size_in_bytes,lib/ocaml/stdlib__Complex.cmsi,16832
2026-09-05T05:55:59Z,822b65f405d1f87e722ec0c7e5cfc5fb35d1e9a2,7090,size_in_bytes,lib/ocaml/stdlib__Uchar.cmsi,22965
2026-09-05T05:55:59Z,822b65f405d1f87e722ec0c7e5cfc5fb35d1e9a2,7090,size_in_bytes,lib/ocaml/stdlib__ArrayLabels.cmsi,42929
2026-09-05T05:55:59Z,822b65f405d1f87e722ec0c7e5cfc5fb35d1e9a2,7090,size_in_bytes,lib/ocaml/stdlib__Stack.cmsi,17674
2026-09-05T05:55:59Z,822b65f405d1f87e722ec0c7e5cfc5fb35d1e9a2,7090,size_in_bytes,lib/ocaml/stdlib__In_channel.cmsi,31275
2026-09-05T05:55:59Z,822b65f405d1f87e722ec0c7e5cfc5fb35d1e9a2,7090,size_in_bytes,lib/ocaml/stdlib__Backoff.cmsi,14527
2026-09-05T05:55:59Z,822b65f405d1f87e722ec0c7e5cfc5fb35d1e9a2,7090,size_in_bytes,lib/ocaml/stdlib__Effect.cmsi,43346
2026-09-05T05:55:59Z,822b65f405d1f87e722ec0c7e5cfc5fb35d1e9a2,7090,size_in_bytes,lib/ocaml/stdlib__Pair.cmsi,14047
2026-09-05T05:55:59Z,822b65f405d1f87e722ec0c7e5cfc5fb35d1e9a2,7090,size_in_bytes,lib/ocaml/stdlib__Gc.cmsi,75702
2026-09-05T05:55:59Z,822b65f405d1f87e722ec0c7e5cfc5fb35d1e9a2,7090,size_in_bytes,lib/ocaml/stdlib__StringLabels.cmsi,46763
2026-09-05T05:55:59Z,822b65f405d1f87e722ec0c7e5cfc5fb35d1e9a2,7090,size_in_bytes,lib/ocaml/stdlib__Option.cmsi,16164
2026-09-05T05:55:59Z,822b65f405d1f87e722ec0c7e5cfc5fb35d1e9a2,7090,size_in_bytes,lib/ocaml/stdlib__Pqueue.cmsi,33214
2026-09-05T05:55:59Z,822b65f405d1f87e722ec0c7e5cfc5fb35d1e9a2,7090,size_in_bytes,lib/ocaml/stdlib__BytesLabels.cmsi,69011
2026-09-05T05:55:59Z,822b65f405d1f87e722ec0c7e5cfc5fb35d1e9a2,7090,size_in_bytes,lib/ocaml/stdlib__Callback.cmsi,14405
2026-09-05T05:55:59Z,822b65f405d1f87e722ec0c7e5cfc5fb35d1e9a2,7090,size_in_bytes,lib/ocaml/stdlib__Modes.cmsi,13877
2026-09-05T05:55:59Z,822b65f405d1f87e722ec0c7e5cfc5fb35d1e9a2,7090,size_in_bytes,lib/ocaml/stdlib__Queue.cmsi,21249
2026-09-05T05:55:59Z,822b65f405d1f87e722ec0c7e5cfc5fb35d1e9a2,7090,size_in_bytes,lib/ocaml/stdlib__Sys.cmsi,54778
2026-09-05T05:55:59Z,822b65f405d1f87e722ec0c7e5cfc5fb35d1e9a2,7090,size_in_bytes,lib/ocaml/stdlib__Out_channel.cmsi,28365
2026-09-05T05:55:59Z,822b65f405d1f87e722ec0c7e5cfc5fb35d1e9a2,7090,size_in_bytes,lib/ocaml/stdlib__StdLabels.cmsi,12051
2026-09-05T05:55:59Z,822b65f405d1f87e722ec0c7e5cfc5fb35d1e9a2,7090,size_in_bytes,lib/ocaml/stdlib__Array.cmsi,42820
2026-09-05T05:55:59Z,822b65f405d1f87e722ec0c7e5cfc5fb35d1e9a2,7090,size_in_bytes,lib/ocaml/stdlib__Semaphore.cmsi,18603
2026-09-05T05:55:59Z,822b65f405d1f87e722ec0c7e5cfc5fb35d1e9a2,7090,size_in_bytes,lib/ocaml/camlinternalOO.cmsi,20178
2026-09-05T05:55:59Z,822b65f405d1f87e722ec0c7e5cfc5fb35d1e9a2,7090,size_in_bytes,lib/ocaml/stdlib__Scanf.cmsi,47131
2026-09-05T05:55:59Z,822b65f405d1f87e722ec0c7e5cfc5fb35d1e9a2,7090,size_in_bytes,lib/ocaml/stdlib__Iarray.cmsi,32764
2026-09-05T05:55:59Z,822b65f405d1f87e722ec0c7e5cfc5fb35d1e9a2,7090,size_in_bytes,lib/ocaml/camlinternalFormatBasics.cmsi,28850
2026-09-05T05:55:59Z,822b65f405d1f87e722ec0c7e5cfc5fb35d1e9a2,7090,size_in_bytes,lib/ocaml/stdlib_upstream_compatible/stdlib_upstream_compatible__Int64_u.cmsi,30091
2026-09-05T05:55:59Z,822b65f405d1f87e722ec0c7e5cfc5fb35d1e9a2,7090,size_in_bytes,lib/ocaml/stdlib_upstream_compatible/stdlib_upstream_compatible__Int32_u.cmsi,26342
2026-09-05T05:55:59Z,822b65f405d1f87e722ec0c7e5cfc5fb35d1e9a2,7090,size_in_bytes,lib/ocaml/stdlib_upstream_compatible/stdlib_upstream_compatible__Float_u.cmsi,40563
2026-09-05T05:55:59Z,822b65f405d1f87e722ec0c7e5cfc5fb35d1e9a2,7090,size_in_bytes,lib/ocaml/stdlib_upstream_compatible/stdlib_upstream_compatible.cmsi,9028
2026-09-05T05:55:59Z,822b65f405d1f87e722ec0c7e5cfc5fb35d1e9a2,7090,size_in_bytes,lib/ocaml/stdlib_upstream_compatible/stdlib_upstream_compatible__Nativeint_u.cmsi,27842
2026-09-05T05:55:59Z,822b65f405d1f87e722ec0c7e5cfc5fb35d1e9a2,7090,size_in_bytes,lib/ocaml/stdlib_beta/stdlib_beta.cmsi,10946
2026-09-05T05:55:59Z,822b65f405d1f87e722ec0c7e5cfc5fb35d1e9a2,7090,size_in_bytes,lib/ocaml/compiler-libs/flambda2_terms__Apply_cont_expr.cmsi,15014
2026-09-05T05:55:59Z,822b65f405d1f87e722ec0c7e5cfc5fb35d1e9a2,7090,size_in_bytes,lib/ocaml/compiler-libs/flambda2_simplify__Call_site_inlining_decision.cmsi,12776
2026-09-05T05:55:59Z,822b65f405d1f87e722ec0c7e5cfc5fb35d1e9a2,7090,size_in_bytes,lib/ocaml/compiler-libs/flambda2_terms__Poll_attribute.cmsi,11881
2026-09-05T05:55:59Z,822b65f405d1f87e722ec0c7e5cfc5fb35d1e9a2,7090,size_in_bytes,lib/ocaml/compiler-libs/flambda2_to_cmm__To_cmm_set_of_closures.cmsi,15843
2026-09-05T05:55:59Z,822b65f405d1f87e722ec0c7e5cfc5fb35d1e9a2,7090,size_in_bytes,lib/ocaml/compiler-libs/flambda2_terms__Apply_expr.cmsi,22524
2026-09-05T05:55:59Z,822b65f405d1f87e722ec0c7e5cfc5fb35d1e9a2,7090,size_in_bytes,lib/ocaml/compiler-libs/flambda2_identifiers__Rec_info_expr0.cmsi,16855
2026-09-05T05:55:59Z,822b65f405d1f87e722ec0c7e5cfc5fb35d1e9a2,7090,size_in_bytes,lib/ocaml/compiler-libs/flambda2_simplify__Simplify_set_of_closures_context.cmsi,16174
2026-09-05T05:55:59Z,822b65f405d1f87e722ec0c7e5cfc5fb35d1e9a2,7090,size_in_bytes,lib/ocaml/compiler-libs/flambda2_simplify_shared__Inlining_report.cmsi,19434
2026-09-05T05:55:59Z,822b65f405d1f87e722ec0c7e5cfc5fb35d1e9a2,7090,size_in_bytes,lib/ocaml/compiler-libs/flambda2_types__Traversals.cmsi,25819
2026-09-05T05:55:59Z,822b65f405d1f87e722ec0c7e5cfc5fb35d1e9a2,7090,size_in_bytes,lib/ocaml/compiler-libs/flambda2_simplify__Lifted_constant.cmsi,21733
2026-09-05T05:55:59Z,822b65f405d1f87e722ec0c7e5cfc5fb35d1e9a2,7090,size_in_bytes,lib/ocaml/compiler-libs/flambda2_simplify__Simplified_named.cmsi,16058
2026-09-05T05:55:59Z,822b65f405d1f87e722ec0c7e5cfc5fb35d1e9a2,7090,size_in_bytes,lib/ocaml/compiler-libs/flambda2_terms__Switch_expr.cmsi,15516
2026-09-05T05:55:59Z,822b65f405d1f87e722ec0c7e5cfc5fb35d1e9a2,7090,size_in_bytes,lib/ocaml/compiler-libs/flambda2_simplify__Upwards_env.cmsi,16768
2026-09-05T05:55:59Z,822b65f405d1f87e722ec0c7e5cfc5fb35d1e9a2,7090,size_in_bytes,lib/ocaml/compiler-libs/flambda2_terms__Function_decl_inlining_decision_type.cmsi,14341
2026-09-05T05:55:59Z,822b65f405d1f87e722ec0c7e5cfc5fb35d1e9a2,7090,size_in_bytes,lib/ocaml/compiler-libs/flambda2.cmsi,14919
2026-09-05T05:55:59Z,822b65f405d1f87e722ec0c7e5cfc5fb35d1e9a2,7090,size_in_bytes,lib/ocaml/compiler-libs/flambda2_types__Binding_time.cmsi,13361
2026-09-05T05:55:59Z,822b65f405d1f87e722ec0c7e5cfc5fb35d1e9a2,7090,size_in_bytes,lib/ocaml/compiler-libs/flambda2_simplify__Flow_acc.cmsi,23053
2026-09-05T05:55:59Z,822b65f405d1f87e722ec0c7e5cfc5fb35d1e9a2,7090,size_in_bytes,lib/ocaml/compiler-libs/flambda2_reaper__Field.cmsi,17444
2026-09-05T05:55:59Z,822b65f405d1f87e722ec0c7e5cfc5fb35d1e9a2,7090,size_in_bytes,lib/ocaml/compiler-libs/flambda2_nominal__Name_occurrences.cmsi,30566
2026-09-05T05:55:59Z,822b65f405d1f87e722ec0c7e5cfc5fb35d1e9a2,7090,size_in_bytes,lib/ocaml/compiler-libs/flambda2_term_basics__Rec_info_expr.cmsi,12090
2026-09-05T05:55:59Z,822b65f405d1f87e722ec0c7e5cfc5fb35d1e9a2,7090,size_in_bytes,lib/ocaml/compiler-libs/flambda2_from_lambda__Closure_conversion_aux.cmsi,62298
2026-09-05T05:55:59Z,822b65f405d1f87e722ec0c7e5cfc5fb35d1e9a2,7090,size_in_bytes,lib/ocaml/compiler-libs/flambda2_simplify__One_recursive_handler.cmsi,12380
2026-09-05T05:55:59Z,822b65f405d1f87e722ec0c7e5cfc5fb35d1e9a2,7090,size_in_bytes,lib/ocaml/compiler-libs/flambda2_bound_identifiers__Alloc_mode.cmsi,21106
2026-09-05T05:55:59Z,822b65f405d1f87e722ec0c7e5cfc5fb35d1e9a2,7090,size_in_bytes,lib/ocaml/compiler-libs/flambda2_simplify__Is_unboxing_beneficial.cmsi,11714
2026-09-05T05:55:59Z,822b65f405d1f87e722ec0c7e5cfc5fb35d1e9a2,7090,size_in_bytes,lib/ocaml/compiler-libs/flambda2_simplify__Simplify_primitive_result.cmsi,15166
2026-09-05T05:55:59Z,822b65f405d1f87e722ec0c7e5cfc5fb35d1e9a2,7090,size_in_bytes,lib/ocaml/compiler-libs/flambda2_bound_identifiers__Bound_for_function.cmsi,14083
2026-09-05T05:55:59Z,822b65f405d1f87e722ec0c7e5cfc5fb35d1e9a2,7090,size_in_bytes,lib/ocaml/compiler-libs/flambda2_simplify__Flow_analysis.cmsi,15123
2026-09-05T05:55:59Z,822b65f405d1f87e722ec0c7e5cfc5fb35d1e9a2,7090,size_in_bytes,lib/ocaml/compiler-libs/flambda2_simplify__Rebuilt_expr.cmsi,21683
2026-09-05T05:55:59Z,822b65f405d1f87e722ec0c7e5cfc5fb35d1e9a2,7090,size_in_bytes,lib/ocaml/compiler-libs/flambda2_simplify__Simplify_named_result.cmsi,13058
2026-09-05T05:55:59Z,822b65f405d1f87e722ec0c7e5cfc5fb35d1e9a2,7090,size_in_bytes,lib/ocaml/compiler-libs/flambda2_simplify__Simplify_import.cmsi,17180
2026-09-05T05:55:59Z,822b65f405d1f87e722ec0c7e5cfc5fb35d1e9a2,7090,size_in_bytes,lib/ocaml/compiler-libs/flambda2_to_jsir__To_jsir_set_of_closures.cmsi,13928
2026-09-05T05:55:59Z,822b65f405d1f87e722ec0c7e5cfc5fb35d1e9a2,7090,size_in_bytes,lib/ocaml/compiler-libs/flambda2_floats__Float32.cmsi,14302
2026-09-05T05:55:59Z,822b65f405d1f87e722ec0c7e5cfc5fb35d1e9a2,7090,size_in_bytes,lib/ocaml/compiler-libs/flambda2_term_basics__Coercion.cmsi,12016
2026-09-05T05:55:59Z,822b65f405d1f87e722ec0c7e5cfc5fb35d1e9a2,7090,size_in_bytes,lib/ocaml/compiler-libs/flambda2_types__Meet.cmsi,12379
2026-09-05T05:55:59Z,822b65f405d1f87e722ec0c7e5cfc5fb35d1e9a2,7090,size_in_bytes,lib/ocaml/compiler-libs/flambda2_simplify__Expr_builder.cmsi,25207
2026-09-05T05:55:59Z,822b65f405d1f87e722ec0c7e5cfc5fb35d1e9a2,7090,size_in_bytes,lib/ocaml/compiler-libs/flambda2_simplify__Simplify_apply_expr.cmsi,11844
2026-09-05T05:55:59Z,822b65f405d1f87e722ec0c7e5cfc5fb35d1e9a2,7090,size_in_bytes,lib/ocaml/compiler-libs/flambda2_identifiers__Int_ids.cmsi,39461
2026-09-05T05:55:59Z,822b65f405d1f87e722ec0c7e5cfc5fb35d1e9a2,7090,size_in_bytes,lib/ocaml/compiler-libs/flambda2_parser__Flambda_to_fexpr.cmsi,10024
2026-09-05T05:55:59Z,822b65f405d1f87e722ec0c7e5cfc5fb35d1e9a2,7090,size_in_bytes,lib/ocaml/compiler-libs/flambda2_lattices__Or_bottom.cmsi,12370
2026-09-05T05:55:59Z,822b65f405d1f87e722ec0c7e5cfc5fb35d1e9a2,7090,size_in_bytes,lib/ocaml/compiler-libs/flambda2_simplify_shared__Call_site_inlining_decision_type.cmsi,13932
2026-09-05T05:55:59Z,822b65f405d1f87e722ec0c7e5cfc5fb35d1e9a2,7090,size_in_bytes,lib/ocaml/compiler-libs/flambda2_identifiers__Code_id_or_name.cmsi,11460
2026-09-05T05:55:59Z,822b65f405d1f87e722ec0c7e5cfc5fb35d1e9a2,7090,size_in_bytes,lib/ocaml/compiler-libs/flambda2_identifiers__Function_slot.cmsi,12228
2026-09-05T05:55:59Z,822b65f405d1f87e722ec0c7e5cfc5fb35d1e9a2,7090,size_in_bytes,lib/ocaml/compiler-libs/flambda2_to_cmm__To_cmm_shared.cmsi,31408
2026-09-05T05:55:59Z,822b65f405d1f87e722ec0c7e5cfc5fb35d1e9a2,7090,size_in_bytes,lib/ocaml/compiler-libs/flambda2_numbers__Vector_types.cmsi,14961
2026-09-05T05:55:59Z,822b65f405d1f87e722ec0c7e5cfc5fb35d1e9a2,7090,size_in_bytes,lib/ocaml/compiler-libs/flambda2_terms__Probe.cmsi,11587
2026-09-05T05:55:59Z,822b65f405d1f87e722ec0c7e5cfc5fb35d1e9a2,7090,size_in_bytes,lib/ocaml/compiler-libs/flambda2_terms__Result_types.cmsi,12931
2026-09-05T05:55:59Z,822b65f405d1f87e722ec0c7e5cfc5fb35d1e9a2,7090,size_in_bytes,lib/ocaml/compiler-libs/flambda2_datalog__Datalog.cmsi,16588
2026-09-05T05:55:59Z,822b65f405d1f87e722ec0c7e5cfc5fb35d1e9a2,7090,size_in_bytes,lib/ocaml/compiler-libs/flambda2_simplify__Simplify_let_expr.cmsi,11953
2026-09-05T05:55:59Z,822b65f405d1f87e722ec0c7e5cfc5fb35d1e9a2,7090,size_in_bytes,lib/ocaml/compiler-libs/flambda2_identifiers__Name.cmsi,13974
2026-09-05T05:55:59Z,822b65f405d1f87e722ec0c7e5cfc5fb35d1e9a2,7090,size_in_bytes,lib/ocaml/compiler-libs/flambda2_reaper__Points_to_analysis.cmsi,28517
2026-09-05T05:55:59Z,822b65f405d1f87e722ec0c7e5cfc5fb35d1e9a2,7090,size_in_bytes,lib/ocaml/compiler-libs/flambda2_simplify__Original_handlers.cmsi,13581
2026-09-05T05:55:59Z,822b65f405d1f87e722ec0c7e5cfc5fb35d1e9a2,7090,size_in_bytes,lib/ocaml/compiler-libs/flambda2_simplify__Simplify_switch_expr.cmsi,11650
2026-09-05T05:55:59Z,822b65f405d1f87e722ec0c7e5cfc5fb35d1e9a2,7090,size_in_bytes,lib/ocaml/compiler-libs/flambda2_types__Equal_types_for_debug.cmsi,14595
2026-09-05T05:55:59Z,822b65f405d1f87e722ec0c7e5cfc5fb35d1e9a2,7090,size_in_bytes,lib/ocaml/compiler-libs/flambda2_identifiers__Continuation.cmsi,13648
2026-09-05T05:55:59Z,822b65f405d1f87e722ec0c7e5cfc5fb35d1e9a2,7090,size_in_bytes,lib/ocaml/compiler-libs/flambda2_terms__Effects.cmsi,16498
2026-09-05T05:55:59Z,822b65f405d1f87e722ec0c7e5cfc5fb35d1e9a2,7090,size_in_bytes,lib/ocaml/compiler-libs/flambda2_term_basics__Symbol_projection.cmsi,14293
2026-09-05T05:55:59Z,822b65f405d1f87e722ec0c7e5cfc5fb35d1e9a2,7090,size_in_bytes,lib/ocaml/compiler-libs/flambda2_term_basics__Unit.cmsi,11663
2026-09-05T05:55:59Z,822b65f405d1f87e722ec0c7e5cfc5fb35d1e9a2,7090,size_in_bytes,lib/ocaml/compiler-libs/flambda2_simplify__Simplify_primitive.cmsi,12119
2026-09-05T05:55:59Z,822b65f405d1f87e722ec0c7e5cfc5fb35d1e9a2,7090,size_in_bytes,lib/ocaml/compiler-libs/flambda2_kinds__Tag.cmsi,16866
2026-09-05T05:55:59Z,822b65f405d1f87e722ec0c7e5cfc5fb35d1e9a2,7090,size_in_bytes,lib/ocaml/compiler-libs/flambda2_types__With_cached_free_names.cmsi,14200
2026-09-05T05:55:59Z,822b65f405d1f87e722ec0c7e5cfc5fb35d1e9a2,7090,size_in_bytes,lib/ocaml/compiler-libs/flambda2_terms__Flambda.cmsi,69713
2026-09-05T05:55:59Z,822b65f405d1f87e722ec0c7e5cfc5fb35d1e9a2,7090,size_in_bytes,lib/ocaml/compiler-libs/flambda2_simplify__Data_flow_graph.cmsi,13232
2026-09-05T05:55:59Z,822b65f405d1f87e722ec0c7e5cfc5fb35d1e9a2,7090,size_in_bytes,lib/ocaml/compiler-libs/flambda2_simplify__Simplify_nullary_primitive.cmsi,12177
2026-09-05T05:55:59Z,822b65f405d1f87e722ec0c7e5cfc5fb35d1e9a2,7090,size_in_bytes,lib/ocaml/compiler-libs/flambda2_nominal__Name_mode.cmsi,15570
2026-09-05T05:55:59Z,822b65f405d1f87e722ec0c7e5cfc5fb35d1e9a2,7090,size_in_bytes,lib/ocaml/compiler-libs/flambda2_simplify__Simplify.cmsi,13386
2026-09-05T05:55:59Z,822b65f405d1f87e722ec0c7e5cfc5fb35d1e9a2,7090,size_in_bytes,lib/ocaml/compiler-libs/flambda2_reaper__Cofield.cmsi,11722
2026-09-05T05:55:59Z,822b65f405d1f87e722ec0c7e5cfc5fb35d1e9a2,7090,size_in_bytes,lib/ocaml/compiler-libs/flambda2_nominal__Permutation.cmsi,12789
2026-09-05T05:55:59Z,822b65f405d1f87e722ec0c7e5cfc5fb35d1e9a2,7090,size_in_bytes,lib/ocaml/compiler-libs/flambda2_bound_identifiers__Bound_static.cmsi,16680
2026-09-05T05:55:59Z,822b65f405d1f87e722ec0c7e5cfc5fb35d1e9a2,7090,size_in_bytes,lib/ocaml/compiler-libs/flambda2_types__More_type_creators.cmsi,36661
2026-09-05T05:55:59Z,822b65f405d1f87e722ec0c7e5cfc5fb35d1e9a2,7090,size_in_bytes,lib/ocaml/compiler-libs/flambda2_terms__Loopify_attribute.cmsi,11805
2026-09-05T05:55:59Z,822b65f405d1f87e722ec0c7e5cfc5fb35d1e9a2,7090,size_in_bytes,lib/ocaml/compiler-libs/flambda2_to_cmm__To_cmm_primitive.cmsi,13408
2026-09-05T05:55:59Z,822b65f405d1f87e722ec0c7e5cfc5fb35d1e9a2,7090,size_in_bytes,lib/ocaml/compiler-libs/flambda2_identifiers__Variable.cmsi,12386
2026-09-05T05:55:59Z,822b65f405d1f87e722ec0c7e5cfc5fb35d1e9a2,7090,size_in_bytes,lib/ocaml/compiler-libs/flambda2_numbers__Numeric_types.cmsi,20685
2026-09-05T05:55:59Z,822b65f405d1f87e722ec0c7e5cfc5fb35d1e9a2,7090,size_in_bytes,lib/ocaml/compiler-libs/flambda2_lattices__Or_unknown.cmsi,14178
2026-09-05T05:55:59Z,822b65f405d1f87e722ec0c7e5cfc5fb35d1e9a2,7090,size_in_bytes,lib/ocaml/compiler-libs/flambda2_simplify_shared__Are_rebuilding_terms.cmsi,12356
2026-09-05T05:55:59Z,822b65f405d1f87e722ec0c7e5cfc5fb35d1e9a2,7090,size_in_bytes,lib/ocaml/compiler-libs/flambda2_kinds__Flambda_kind.cmsi,36236
2026-09-05T05:55:59Z,822b65f405d1f87e722ec0c7e5cfc5fb35d1e9a2,7090,size_in_bytes,lib/ocaml/compiler-libs/flambda2_types__Provers.cmsi,45263
2026-09-05T05:55:59Z,822b65f405d1f87e722ec0c7e5cfc5fb35d1e9a2,7090,size_in_bytes,lib/ocaml/compiler-libs/flambda2_from_lambda__Lambda_to_flambda_env.cmsi,28226
2026-09-05T05:55:59Z,822b65f405d1f87e722ec0c7e5cfc5fb35d1e9a2,7090,size_in_bytes,lib/ocaml/compiler-libs/flambda2_types__Set_of_closures_contents.cmsi,14531
2026-09-05T05:55:59Z,822b65f405d1f87e722ec0c7e5cfc5fb35d1e9a2,7090,size_in_bytes,lib/ocaml/compiler-libs/flambda2_to_cmm__To_cmm.cmsi,11897
2026-09-05T05:55:59Z,822b65f405d1f87e722ec0c7e5cfc5fb35d1e9a2,7090,size_in_bytes,lib/ocaml/compiler-libs/flambda2_reaper__Reaper.cmsi,12369
2026-09-05T05:55:59Z,822b65f405d1f87e722ec0c7e5cfc5fb35d1e9a2,7090,size_in_bytes,lib/ocaml/compiler-libs/flambda2_reaper__Unboxing_analysis.cmsi,15568
2026-09-05T05:55:59Z,822b65f405d1f87e722ec0c7e5cfc5fb35d1e9a2,7090,size_in_bytes,lib/ocaml/compiler-libs/flambda2_terms__Inlining_history.cmsi,20325
2026-09-05T05:55:59Z,822b65f405d1f87e722ec0c7e5cfc5fb35d1e9a2,7090,size_in_bytes,lib/ocaml/compiler-libs/flambda2_simplify__Downwards_acc.cmsi,27803
2026-09-05T05:55:59Z,822b65f405d1f87e722ec0c7e5cfc5fb35d1e9a2,7090,size_in_bytes,lib/ocaml/compiler-libs/flambda2_simplify__Flow_types.cmsi,28684
2026-09-05T05:55:59Z,822b65f405d1f87e722ec0c7e5cfc5fb35d1e9a2,7090,size_in_bytes,lib/ocaml/compiler-libs/flambda2_algorithms__Lmap.cmsi,20329
2026-09-05T05:55:59Z,822b65f405d1f87e722ec0c7e5cfc5fb35d1e9a2,7090,size_in_bytes,lib/ocaml/compiler-libs/flambda2_terms__Static_const.cmsi,35771
2026-09-05T05:55:59Z,822b65f405d1f87e722ec0c7e5cfc5fb35d1e9a2,7090,size_in_bytes,lib/ocaml/compiler-libs/flambda2_terms__Inlining_arguments.cmsi,13918
2026-09-05T05:55:59Z,822b65f405d1f87e722ec0c7e5cfc5fb35d1e9a2,7090,size_in_bytes,lib/ocaml/compiler-libs/flambda2_reaper__Rebuilt_expr.cmsi,14937
2026-09-05T05:55:59Z,822b65f405d1f87e722ec0c7e5cfc5fb35d1e9a2,7090,size_in_bytes,lib/ocaml/compiler-libs/flambda2_datalog__Table.cmsi,15134
2026-09-05T05:55:59Z,822b65f405d1f87e722ec0c7e5cfc5fb35d1e9a2,7090,size_in_bytes,lib/ocaml/compiler-libs/flambda2_types__Meet_and_n_way_join.cmsi,13098
2026-09-05T05:55:59Z,822b65f405d1f87e722ec0c7e5cfc5fb35d1e9a2,7090,size_in_bytes,lib/ocaml/compiler-libs/flambda2_to_jsir__To_jsir.cmsi,12853
2026-09-05T05:55:59Z,822b65f405d1f87e722ec0c7e5cfc5fb35d1e9a2,7090,size_in_bytes,lib/ocaml/compiler-libs/flambda2_terms__Code.cmsi,15620
2026-09-05T05:55:59Z,822b65f405d1f87e722ec0c7e5cfc5fb35d1e9a2,7090,size_in_bytes,lib/ocaml/compiler-libs/flambda2_bound_identifiers__Bound_var.cmsi,12922
2026-09-05T05:55:59Z,822b65f405d1f87e722ec0c7e5cfc5fb35d1e9a2,7090,size_in_bytes,lib/ocaml/compiler-libs/flambda2_simplify__Continuation_extra_params_and_args.cmsi,16406
2026-09-05T05:55:59Z,822b65f405d1f87e722ec0c7e5cfc5fb35d1e9a2,7090,size_in_bytes,lib/ocaml/compiler-libs/flambda2_parser__Flambda_parser_messages.cmsi,9825
2026-09-05T05:55:59Z,822b65f405d1f87e722ec0c7e5cfc5fb35d1e9a2,7090,size_in_bytes,lib/ocaml/compiler-libs/flambda2_algorithms__Or_null.cmsi,12562
2026-09-05T05:55:59Z,822b65f405d1f87e722ec0c7e5cfc5fb35d1e9a2,7090,size_in_bytes,lib/ocaml/compiler-libs/flambda2_types__Aliases.cmsi,25100
2026-09-05T05:55:59Z,822b65f405d1f87e722ec0c7e5cfc5fb35d1e9a2,7090,size_in_bytes,lib/ocaml/compiler-libs/flambda2_from_lambda__Lambda_to_lambda_transforms.cmsi,14735
2026-09-05T05:55:59Z,822b65f405d1f87e722ec0c7e5cfc5fb35d1e9a2,7090,size_in_bytes,lib/ocaml/compiler-libs/flambda2_identifiers__Named_rewrite_id.cmsi,11413
2026-09-05T05:55:59Z,822b65f405d1f87e722ec0c7e5cfc5fb35d1e9a2,7090,size_in_bytes,lib/ocaml/compiler-libs/flambda2_simplify__Unboxers.cmsi,16432
2026-09-05T05:55:59Z,822b65f405d1f87e722ec0c7e5cfc5fb35d1e9a2,7090,size_in_bytes,lib/ocaml/compiler-libs/flambda2_simplify_shared__Slot_offsets.cmsi,21163
2026-09-05T05:55:59Z,822b65f405d1f87e722ec0c7e5cfc5fb35d1e9a2,7090,size_in_bytes,lib/ocaml/compiler-libs/flambda2_from_lambda__Lambda_to_flambda_primitives.cmsi,13574
2026-09-05T05:55:59Z,822b65f405d1f87e722ec0c7e5cfc5fb35d1e9a2,7090,size_in_bytes,lib/ocaml/compiler-libs/flambda2_simplify__Replay_history.cmsi,20882
2026-09-05T05:55:59Z,822b65f405d1f87e722ec0c7e5cfc5fb35d1e9a2,7090,size_in_bytes,lib/ocaml/compiler-libs/flambda2_ui__Flambda_features.cmsi,19060
2026-09-05T05:55:59Z,822b65f405d1f87e722ec0c7e5cfc5fb35d1e9a2,7090,size_in_bytes,lib/ocaml/compiler-libs/flambda2_term_basics__Empty_array_kind.cmsi,12832
2026-09-05T05:55:59Z,822b65f405d1f87e722ec0c7e5cfc5fb35d1e9a2,7090,size_in_bytes,lib/ocaml/compiler-libs/flambda2_types__Typing_env.cmsi,29671
2026-09-05T05:55:59Z,822b65f405d1f87e722ec0c7e5cfc5fb35d1e9a2,7090,size_in_bytes,lib/ocaml/compiler-libs/flambda2_datalog__Trie.cmsi,15490
2026-09-05T05:55:59Z,822b65f405d1f87e722ec0c7e5cfc5fb35d1e9a2,7090,size_in_bytes,lib/ocaml/compiler-libs/flambda2_simplify__Inlining_transforms.cmsi,12049
2026-09-05T05:55:59Z,822b65f405d1f87e722ec0c7e5cfc5fb35d1e9a2,7090,size_in_bytes,lib/ocaml/compiler-libs/flambda2_simplify__Simplify_named.cmsi,12576
2026-09-05T05:55:59Z,822b65f405d1f87e722ec0c7e5cfc5fb35d1e9a2,7090,size_in_bytes,lib/ocaml/compiler-libs/flambda2_simplify__Upwards_acc.cmsi,22392
2026-09-05T05:55:59Z,822b65f405d1f87e722ec0c7e5cfc5fb35d1e9a2,7090,size_in_bytes,lib/ocaml/compiler-libs/flambda2_identifiers__Reg_width_const.cmsi,15656
2026-09-05T05:55:59Z,822b65f405d1f87e722ec0c7e5cfc5fb35d1e9a2,7090,size_in_bytes,lib/ocaml/compiler-libs/flambda2_simplify__Simplify_expr.cmsi,15265
2026-09-05T05:55:59Z,822b65f405d1f87e722ec0c7e5cfc5fb35d1e9a2,7090,size_in_bytes,lib/ocaml/compiler-libs/flambda2_nominal__Renaming.cmsi,18639
2026-09-05T05:55:59Z,822b65f405d1f87e722ec0c7e5cfc5fb35d1e9a2,7090,size_in_bytes,lib/ocaml/compiler-libs/flambda2_simplify__Simplify_variadic_primitive.cmsi,12575
2026-09-05T05:55:59Z,822b65f405d1f87e722ec0c7e5cfc5fb35d1e9a2,7090,size_in_bytes,lib/ocaml/compiler-libs/flambda2_from_lambda__Closure_conversion.cmsi,21191
2026-09-05T05:55:59Z,822b65f405d1f87e722ec0c7e5cfc5fb35d1e9a2,7090,size_in_bytes,lib/ocaml/compiler-libs/flambda2_numbers__Target_ocaml_int.cmsi,31560
2026-09-05T05:55:59Z,822b65f405d1f87e722ec0c7e5cfc5fb35d1e9a2,7090,size_in_bytes,lib/ocaml/compiler-libs/flambda2_parser__Flambda_parser.cmsi,17952
2026-09-05T05:55:59Z,822b65f405d1f87e722ec0c7e5cfc5fb35d1e9a2,7090,size_in_bytes,lib/ocaml/compiler-libs/flambda2_simplify__Simplify_extcall.cmsi,12775
2026-09-05T05:55:59Z,822b65f405d1f87e722ec0c7e5cfc5fb35d1e9a2,7090,size_in_bytes,lib/ocaml/compiler-libs/flambda2_datalog__Schedule.cmsi,12714
2026-09-05T05:55:59Z,822b65f405d1f87e722ec0c7e5cfc5fb35d1e9a2,7090,size_in_bytes,lib/ocaml/compiler-libs/flambda2_terms__Regalloc_param_attribute.cmsi,12151
2026-09-05T05:55:59Z,822b65f405d1f87e722ec0c7e5cfc5fb35d1e9a2,7090,size_in_bytes,lib/ocaml/compiler-libs/flambda2_numbers__Targetint_32_64.cmsi,32140
2026-09-05T05:55:59Z,822b65f405d1f87e722ec0c7e5cfc5fb35d1e9a2,7090,size_in_bytes,lib/ocaml/compiler-libs/flambda2_reaper__Rev_expr.cmsi,17634
2026-09-05T05:55:59Z,822b65f405d1f87e722ec0c7e5cfc5fb35d1e9a2,7090,size_in_bytes,lib/ocaml/compiler-libs/flambda2_cmx__Flambda_cmx_format.cmsi,14187
2026-09-05T05:55:59Z,822b65f405d1f87e722ec0c7e5cfc5fb35d1e9a2,7090,size_in_bytes,lib/ocaml/compiler-libs/flambda2_to_jsir__To_jsir_primitive.cmsi,13841
2026-09-05T05:55:59Z,822b65f405d1f87e722ec0c7e5cfc5fb35d1e9a2,7090,size_in_bytes,lib/ocaml/compiler-libs/flambda2_to_jsir__To_jsir_env.cmsi,31655
2026-09-05T05:55:59Z,822b65f405d1f87e722ec0c7e5cfc5fb35d1e9a2,7090,size_in_bytes,lib/ocaml/compiler-libs/flambda2_types__Typing_env_level.cmsi,17177
2026-09-05T05:55:59Z,822b65f405d1f87e722ec0c7e5cfc5fb35d1e9a2,7090,size_in_bytes,lib/ocaml/compiler-libs/flambda2_datalog.cmsi,54099
2026-09-05T05:55:59Z,822b65f405d1f87e722ec0c7e5cfc5fb35d1e9a2,7090,size_in_bytes,lib/ocaml/compiler-libs/flambda2_types__Expand_head.cmsi,28440
2026-09-05T05:55:59Z,822b65f405d1f87e722ec0c7e5cfc5fb35d1e9a2,7090,size_in_bytes,lib/ocaml/compiler-libs/flambda2_simplify_shared__Inlining_helpers.cmsi,15179
2026-09-05T05:55:59Z,822b65f405d1f87e722ec0c7e5cfc5fb35d1e9a2,7090,size_in_bytes,lib/ocaml/compiler-libs/flambda2_simplify__Loopify_state.cmsi,11774
2026-09-05T05:55:59Z,822b65f405d1f87e722ec0c7e5cfc5fb35d1e9a2,7090,size_in_bytes,lib/ocaml/compiler-libs/flambda2_simplify__Optimistic_unboxing_decision.cmsi,12931
2026-09-05T05:55:59Z,822b65f405d1f87e722ec0c7e5cfc5fb35d1e9a2,7090,size_in_bytes,lib/ocaml/compiler-libs/flambda2_nominal__Num_occurrences.cmsi,11424
2026-09-05T05:55:59Z,822b65f405d1f87e722ec0c7e5cfc5fb35d1e9a2,7090,size_in_bytes,lib/ocaml/compiler-libs/flambda2_reaper__Traverse_acc.cmsi,37294
2026-09-05T05:55:59Z,822b65f405d1f87e722ec0c7e5cfc5fb35d1e9a2,7090,size_in_bytes,lib/ocaml/compiler-libs/flambda2_simplify__Simplify_coercion.cmsi,11652
2026-09-05T05:55:59Z,822b65f405d1f87e722ec0c7e5cfc5fb35d1e9a2,7090,size_in_bytes,lib/ocaml/compiler-libs/flambda2_to_cmm__To_cmm_static.cmsi,13116
2026-09-05T05:55:59Z,822b65f405d1f87e722ec0c7e5cfc5fb35d1e9a2,7090,size_in_bytes,lib/ocaml/compiler-libs/flambda2_simplify__Non_constructed_code.cmsi,13109
2026-09-05T05:55:59Z,822b65f405d1f87e722ec0c7e5cfc5fb35d1e9a2,7090,size_in_bytes,lib/ocaml/compiler-libs/flambda2_types__Meet_and_join.cmsi,13112
2026-09-05T05:55:59Z,822b65f405d1f87e722ec0c7e5cfc5fb35d1e9a2,7090,size_in_bytes,lib/ocaml/compiler-libs/flambda2_simplify__Number_adjuncts.cmsi,24636
2026-09-05T05:55:59Z,822b65f405d1f87e722ec0c7e5cfc5fb35d1e9a2,7090,size_in_bytes,lib/ocaml/compiler-libs/flambda2_simplify__Lifted_constant_state.cmsi,13502
2026-09-05T05:55:59Z,822b65f405d1f87e722ec0c7e5cfc5fb35d1e9a2,7090,size_in_bytes,lib/ocaml/compiler-libs/flambda2_term_basics__Simple.cmsi,21698
2026-09-05T05:55:59Z,822b65f405d1f87e722ec0c7e5cfc5fb35d1e9a2,7090,size_in_bytes,lib/ocaml/compiler-libs/flambda2_terms__Exn_continuation.cmsi,14846
2026-09-05T05:55:59Z,822b65f405d1f87e722ec0c7e5cfc5fb35d1e9a2,7090,size_in_bytes,lib/ocaml/compiler-libs/flambda2_datalog__Value.cmsi,12399
2026-09-05T05:55:59Z,822b65f405d1f87e722ec0c7e5cfc5fb35d1e9a2,7090,size_in_bytes,lib/ocaml/compiler-libs/flambda2_cmx__Flambda_cmx.cmsi,15358
2026-09-05T05:55:59Z,822b65f405d1f87e722ec0c7e5cfc5fb35d1e9a2,7090,size_in_bytes,lib/ocaml/compiler-libs/flambda2_reaper__Rebuild.cmsi,15300
2026-09-05T05:55:59Z,822b65f405d1f87e722ec0c7e5cfc5fb35d1e9a2,7090,size_in_bytes,lib/ocaml/compiler-libs/flambda2_identifiers__Flambda_debug_uid.cmsi,13002
2026-09-05T05:55:59Z,822b65f405d1f87e722ec0c7e5cfc5fb35d1e9a2,7090,size_in_bytes,lib/ocaml/compiler-libs/flambda2_term_basics__Inlined_debuginfo.cmsi,24288
2026-09-05T05:55:59Z,822b65f405d1f87e722ec0c7e5cfc5fb35d1e9a2,7090,size_in_bytes,lib/ocaml/compiler-libs/flambda2_terms__Flambda_primitive.cmsi,90179
2026-09-05T05:55:59Z,822b65f405d1f87e722ec0c7e5cfc5fb35d1e9a2,7090,size_in_bytes,lib/ocaml/compiler-libs/flambda2_terms__Effects_and_coeffects.cmsi,14532
2026-09-05T05:55:59Z,822b65f405d1f87e722ec0c7e5cfc5fb35d1e9a2,7090,size_in_bytes,lib/ocaml/compiler-libs/flambda2_types__Join_env.cmsi,17266
2026-09-05T05:55:59Z,822b65f405d1f87e722ec0c7e5cfc5fb35d1e9a2,7090,size_in_bytes,lib/ocaml/compiler-libs/flambda2_algorithms__Channel.cmsi,13684
2026-09-05T05:55:59Z,822b65f405d1f87e722ec0c7e5cfc5fb35d1e9a2,7090,size_in_bytes,lib/ocaml/compiler-libs/flambda2_terms__Placement.cmsi,13051
2026-09-05T05:55:59Z,822b65f405d1f87e722ec0c7e5cfc5fb35d1e9a2,7090,size_in_bytes,lib/ocaml/compiler-libs/flambda2_simplify__Reification.cmsi,12403
2026-09-05T05:55:59Z,822b65f405d1f87e722ec0c7e5cfc5fb35d1e9a2,7090,size_in_bytes,lib/ocaml/compiler-libs/flambda2_simplify__Simplify_set_of_closures.cmsi,16278
2026-09-05T05:55:59Z,822b65f405d1f87e722ec0c7e5cfc5fb35d1e9a2,7090,size_in_bytes,lib/ocaml/compiler-libs/flambda2_types__Cached_level.cmsi,15598
2026-09-05T05:55:59Z,822b65f405d1f87e722ec0c7e5cfc5fb35d1e9a2,7090,size_in_bytes,lib/ocaml/compiler-libs/flambda2_types__Join_levels_old.cmsi,12718
2026-09-05T05:55:59Z,822b65f405d1f87e722ec0c7e5cfc5fb35d1e9a2,7090,size_in_bytes,lib/ocaml/compiler-libs/flambda2_compare__Compare.cmsi,11214
2026-09-05T05:55:59Z,822b65f405d1f87e722ec0c7e5cfc5fb35d1e9a2,7090,size_in_bytes,lib/ocaml/compiler-libs/flambda2_term_basics__Or_variable.cmsi,13376
2026-09-05T05:55:59Z,822b65f405d1f87e722ec0c7e5cfc5fb35d1e9a2,7090,size_in_bytes,lib/ocaml/compiler-libs/flambda2_types__Type_descr.cmsi,18052
2026-09-05T05:55:59Z,822b65f405d1f87e722ec0c7e5cfc5fb35d1e9a2,7090,size_in_bytes,lib/ocaml/compiler-libs/flambda2_terms__Removed_operations.cmsi,12913
2026-09-05T05:55:59Z,822b65f405d1f87e722ec0c7e5cfc5fb35d1e9a2,7090,size_in_bytes,lib/ocaml/compiler-libs/flambda2_simplify__Common_subexpression_elimination.cmsi,15525
2026-09-05T05:55:59Z,822b65f405d1f87e722ec0c7e5cfc5fb35d1e9a2,7090,size_in_bytes,lib/ocaml/compiler-libs/flambda2_terms__Cost_metrics.cmsi,13866
2026-09-05T05:55:59Z,822b65f405d1f87e722ec0c7e5cfc5fb35d1e9a2,7090,size_in_bytes,lib/ocaml/compiler-libs/flambda2_reaper__Datalog_helpers.cmsi,27340
2026-09-05T05:55:59Z,822b65f405d1f87e722ec0c7e5cfc5fb35d1e9a2,7090,size_in_bytes,lib/ocaml/compiler-libs/flambda2_datalog__Column.cmsi,14785
2026-09-05T05:55:59Z,822b65f405d1f87e722ec0c7e5cfc5fb35d1e9a2,7090,size_in_bytes,lib/ocaml/compiler-libs/flambda2_terms__Regalloc_attribute.cmsi,12121
2026-09-05T05:55:59Z,822b65f405d1f87e722ec0c7e5cfc5fb35d1e9a2,7090,size_in_bytes,lib/ocaml/compiler-libs/flambda2_simplify__Simplify_apply_cont_expr.cmsi,11666
2026-09-05T05:55:59Z,822b65f405d1f87e722ec0c7e5cfc5fb35d1e9a2,7090,size_in_bytes,lib/ocaml/compiler-libs/flambda2_simplify__Unbox_continuation_params.cmsi,13413
2026-09-05T05:55:59Z,822b65f405d1f87e722ec0c7e5cfc5fb35d1e9a2,7090,size_in_bytes,lib/ocaml/compiler-libs/flambda2_reaper__Global_flow_graph.cmsi,24207
2026-09-05T05:55:59Z,822b65f405d1f87e722ec0c7e5cfc5fb35d1e9a2,7090,size_in_bytes,lib/ocaml/compiler-libs/flambda2_bound_identifiers__Bound_pattern.cmsi,15456
2026-09-05T05:55:59Z,822b65f405d1f87e722ec0c7e5cfc5fb35d1e9a2,7090,size_in_bytes,lib/ocaml/compiler-libs/flambda2_to_cmm__To_cmm_expr.cmsi,12113
2026-09-05T05:55:59Z,822b65f405d1f87e722ec0c7e5cfc5fb35d1e9a2,7090,size_in_bytes,lib/ocaml/compiler-libs/flambda2_to_jsir__To_jsir_result.cmsi,20952
2026-09-05T05:55:59Z,822b65f405d1f87e722ec0c7e5cfc5fb35d1e9a2,7090,size_in_bytes,lib/ocaml/compiler-libs/flambda2_term_basics__Tag_and_size.cmsi,11926
2026-09-05T05:55:59Z,822b65f405d1f87e722ec0c7e5cfc5fb35d1e9a2,7090,size_in_bytes,lib/ocaml/compiler-libs/flambda2_datalog__Virtual_machine.cmsi,19822
2026-09-05T05:55:59Z,822b65f405d1f87e722ec0c7e5cfc5fb35d1e9a2,7090,size_in_bytes,lib/ocaml/compiler-libs/flambda2_bound_identifiers__Bound_parameter.cmsi,14664
2026-09-05T05:55:59Z,822b65f405d1f87e722ec0c7e5cfc5fb35d1e9a2,7090,size_in_bytes,lib/ocaml/compiler-libs/flambda2_simplify__Comparison_result.cmsi,12037
2026-09-05T05:55:59Z,822b65f405d1f87e722ec0c7e5cfc5fb35d1e9a2,7090,size_in_bytes,lib/ocaml/compiler-libs/flambda2_to_cmm__To_cmm_effects.cmsi,18340
2026-09-05T05:55:59Z,822b65f405d1f87e722ec0c7e5cfc5fb35d1e9a2,7090,size_in_bytes,lib/ocaml/compiler-libs/flambda2_simplify__Simplify_simple.cmsi,13317
2026-09-05T05:55:59Z,822b65f405d1f87e722ec0c7e5cfc5fb35d1e9a2,7090,size_in_bytes,lib/ocaml/compiler-libs/flambda2_bound_identifiers__Bound_continuations.cmsi,12026
2026-09-05T05:55:59Z,822b65f405d1f87e722ec0c7e5cfc5fb35d1e9a2,7090,size_in_bytes,lib/ocaml/compiler-libs/flambda2_terms__Coeffects.cmsi,13781
2026-09-05T05:55:59Z,822b65f405d1f87e722ec0c7e5cfc5fb35d1e9a2,7090,size_in_bytes,lib/ocaml/compiler-libs/flambda2_identifiers__Code_id.cmsi,11209
2026-09-05T05:55:59Z,822b65f405d1f87e722ec0c7e5cfc5fb35d1e9a2,7090,size_in_bytes,lib/ocaml/compiler-libs/flambda2_types__Code_age_relation.cmsi,15149
2026-09-05T05:55:59Z,822b65f405d1f87e722ec0c7e5cfc5fb35d1e9a2,7090,size_in_bytes,lib/ocaml/compiler-libs/flambda2_simplify_shared__Function_decl_inlining_decision.cmsi,11889
2026-09-05T05:55:59Z,822b65f405d1f87e722ec0c7e5cfc5fb35d1e9a2,7090,size_in_bytes,lib/ocaml/compiler-libs/flambda2_lattices__Or_unknown_or_bottom.cmsi,12270
2026-09-05T05:55:59Z,822b65f405d1f87e722ec0c7e5cfc5fb35d1e9a2,7090,size_in_bytes,lib/ocaml/compiler-libs/flambda2_simplify__Continuation_shortcut.cmsi,12968
2026-09-05T05:55:59Z,822b65f405d1f87e722ec0c7e5cfc5fb35d1e9a2,7090,size_in_bytes,lib/ocaml/compiler-libs/flambda2_identifiers__Continuation_callsite_map.cmsi,13405
2026-09-05T05:55:59Z,822b65f405d1f87e722ec0c7e5cfc5fb35d1e9a2,7090,size_in_bytes,lib/ocaml/compiler-libs/flambda2_simplify__Simplify_unary_primitive.cmsi,12496
2026-09-05T05:55:59Z,822b65f405d1f87e722ec0c7e5cfc5fb35d1e9a2,7090,size_in_bytes,lib/ocaml/compiler-libs/flambda2_parser__Flambda_lex.cmsi,10714
2026-09-05T05:55:59Z,822b65f405d1f87e722ec0c7e5cfc5fb35d1e9a2,7090,size_in_bytes,lib/ocaml/compiler-libs/flambda2_types__Reify.cmsi,19170
2026-09-05T05:55:59Z,822b65f405d1f87e722ec0c7e5cfc5fb35d1e9a2,7090,size_in_bytes,lib/ocaml/compiler-libs/flambda2_algorithms__Table_by_int_id.cmsi,12991
2026-09-05T05:55:59Z,822b65f405d1f87e722ec0c7e5cfc5fb35d1e9a2,7090,size_in_bytes,lib/ocaml/compiler-libs/flambda2_algorithms__Container_types.cmsi,13870
2026-09-05T05:55:59Z,822b65f405d1f87e722ec0c7e5cfc5fb35d1e9a2,7090,size_in_bytes,lib/ocaml/compiler-libs/flambda2_simplify__Flow.cmsi,23206
2026-09-05T05:55:59Z,822b65f405d1f87e722ec0c7e5cfc5fb35d1e9a2,7090,size_in_bytes,lib/ocaml/compiler-libs/flambda2_simplify__Simplify_static_const.cmsi,12484
2026-09-05T05:55:59Z,822b65f405d1f87e722ec0c7e5cfc5fb35d1e9a2,7090,size_in_bytes,lib/ocaml/compiler-libs/flambda2_parser__Print_fexpr.cmsi,10484
2026-09-05T05:55:59Z,822b65f405d1f87e722ec0c7e5cfc5fb35d1e9a2,7090,size_in_bytes,lib/ocaml/compiler-libs/flambda2_terms__Code_size.cmsi,14685
2026-09-05T05:55:59Z,822b65f405d1f87e722ec0c7e5cfc5fb35d1e9a2,7090,size_in_bytes,lib/ocaml/compiler-libs/flambda2_kinds__Flambda_arity.cmsi,21814
2026-09-05T05:55:59Z,822b65f405d1f87e722ec0c7e5cfc5fb35d1e9a2,7090,size_in_bytes,lib/ocaml/compiler-libs/flambda2_simplify__Unboxing_types.cmsi,20080
2026-09-05T05:55:59Z,822b65f405d1f87e722ec0c7e5cfc5fb35d1e9a2,7090,size_in_bytes,lib/ocaml/compiler-libs/flambda2_types__Typing_env_extension.cmsi,17206
2026-09-05T05:55:59Z,822b65f405d1f87e722ec0c7e5cfc5fb35d1e9a2,7090,size_in_bytes,lib/ocaml/compiler-libs/flambda2_identifiers__Coercion0.cmsi,14880
2026-09-05T05:55:59Z,822b65f405d1f87e722ec0c7e5cfc5fb35d1e9a2,7090,size_in_bytes,lib/ocaml/compiler-libs/flambda2_bound_identifiers__Bound_parameters.cmsi,14659
2026-09-05T05:55:59Z,822b65f405d1f87e722ec0c7e5cfc5fb35d1e9a2,7090,size_in_bytes,lib/ocaml/compiler-libs/flambda2_types__Type_grammar.cmsi,113722
2026-09-05T05:55:59Z,822b65f405d1f87e722ec0c7e5cfc5fb35d1e9a2,7090,size_in_bytes,lib/ocaml/compiler-libs/flambda2_parser__Parse_flambda.cmsi,10805
2026-09-05T05:55:59Z,822b65f405d1f87e722ec0c7e5cfc5fb35d1e9a2,7090,size_in_bytes,lib/ocaml/compiler-libs/flambda2_terms__Flambda_unit.cmsi,13943
2026-09-05T05:55:59Z,822b65f405d1f87e722ec0c7e5cfc5fb35d1e9a2,7090,size_in_bytes,lib/ocaml/compiler-libs/flambda2_simplify__Simplify_binary_primitive.cmsi,12666
2026-09-05T05:55:59Z,822b65f405d1f87e722ec0c7e5cfc5fb35d1e9a2,7090,size_in_bytes,lib/ocaml/compiler-libs/flambda2_terms__Mutability.cmsi,13121
2026-09-05T05:55:59Z,822b65f405d1f87e722ec0c7e5cfc5fb35d1e9a2,7090,size_in_bytes,lib/ocaml/compiler-libs/flambda2_simplify__Apply_cont_rewrite.cmsi,15699
2026-09-05T05:55:59Z,822b65f405d1f87e722ec0c7e5cfc5fb35d1e9a2,7090,size_in_bytes,lib/ocaml/compiler-libs/flambda2_terms__Call_kind.cmsi,23691
2026-09-05T05:55:59Z,822b65f405d1f87e722ec0c7e5cfc5fb35d1e9a2,7090,size_in_bytes,lib/ocaml/compiler-libs/flambda2_term_basics__Value_slot_set.cmsi,11975
2026-09-05T05:55:59Z,822b65f405d1f87e722ec0c7e5cfc5fb35d1e9a2,7090,size_in_bytes,lib/ocaml/compiler-libs/flambda2_types__Meet_env.cmsi,24659
2026-09-05T05:55:59Z,822b65f405d1f87e722ec0c7e5cfc5fb35d1e9a2,7090,size_in_bytes,lib/ocaml/compiler-libs/flambda2_simplify_shared__Exported_offsets.cmsi,18354
2026-09-05T05:55:59Z,822b65f405d1f87e722ec0c7e5cfc5fb35d1e9a2,7090,size_in_bytes,lib/ocaml/compiler-libs/flambda2_numbers__One_bit_fewer.cmsi,15252
2026-09-05T05:55:59Z,822b65f405d1f87e722ec0c7e5cfc5fb35d1e9a2,7090,size_in_bytes,lib/ocaml/compiler-libs/flambda2_identifiers__Value_slot.cmsi,11884
2026-09-05T05:55:59Z,822b65f405d1f87e722ec0c7e5cfc5fb35d1e9a2,7090,size_in_bytes,lib/ocaml/compiler-libs/flambda2_numbers__Or_infinity.cmsi,11529
2026-09-05T05:55:59Z,822b65f405d1f87e722ec0c7e5cfc5fb35d1e9a2,7090,size_in_bytes,lib/ocaml/compiler-libs/flambda2_nominal__Name_abstraction.cmsi,16430
2026-09-05T05:55:59Z,822b65f405d1f87e722ec0c7e5cfc5fb35d1e9a2,7090,size_in_bytes,lib/ocaml/compiler-libs/flambda2_from_lambda__Lambda_to_flambda_primitives_helpers.cmsi,20314
2026-09-05T05:55:59Z,822b65f405d1f87e722ec0c7e5cfc5fb35d1e9a2,7090,size_in_bytes,lib/ocaml/compiler-libs/flambda2_term_basics__Or_invalid.cmsi,11821
2026-09-05T05:55:59Z,822b65f405d1f87e722ec0c7e5cfc5fb35d1e9a2,7090,size_in_bytes,lib/ocaml/compiler-libs/flambda2_simplify__Downwards_env.cmsi,37549
2026-09-05T05:55:59Z,822b65f405d1f87e722ec0c7e5cfc5fb35d1e9a2,7090,size_in_bytes,lib/ocaml/compiler-libs/flambda2_terms__Code_metadata.cmsi,23937
2026-09-05T05:55:59Z,822b65f405d1f87e722ec0c7e5cfc5fb35d1e9a2,7090,size_in_bytes,lib/ocaml/compiler-libs/flambda2_simplify__Dominator_graph.cmsi,15190
2026-09-05T05:55:59Z,822b65f405d1f87e722ec0c7e5cfc5fb35d1e9a2,7090,size_in_bytes,lib/ocaml/compiler-libs/flambda2_term_basics__Scope.cmsi,12470
2026-09-05T05:55:59Z,822b65f405d1f87e722ec0c7e5cfc5fb35d1e9a2,7090,size_in_bytes,lib/ocaml/compiler-libs/flambda2_terms__Validity.cmsi,17465
2026-09-05T05:55:59Z,822b65f405d1f87e722ec0c7e5cfc5fb35d1e9a2,7090,size_in_bytes,lib/ocaml/compiler-libs/flambda2_to_jsir__To_jsir_shared.cmsi,19902
2026-09-05T05:55:59Z,822b65f405d1f87e722ec0c7e5cfc5fb35d1e9a2,7090,size_in_bytes,lib/ocaml/compiler-libs/flambda2_simplify__Simplify_common.cmsi,26675
2026-09-05T05:55:59Z,822b65f405d1f87e722ec0c7e5cfc5fb35d1e9a2,7090,size_in_bytes,lib/ocaml/compiler-libs/flambda2_terms__Code0.cmsi,15025
2026-09-05T05:55:59Z,822b65f405d1f87e722ec0c7e5cfc5fb35d1e9a2,7090,size_in_bytes,lib/ocaml/compiler-libs/flambda2_parser__Fexpr_to_flambda.cmsi,10577
2026-09-05T05:55:59Z,822b65f405d1f87e722ec0c7e5cfc5fb35d1e9a2,7090,size_in_bytes,lib/ocaml/compiler-libs/flambda2_simplify__Mutable_unboxing.cmsi,12961
2026-09-05T05:55:59Z,822b65f405d1f87e722ec0c7e5cfc5fb35d1e9a2,7090,size_in_bytes,lib/ocaml/compiler-libs/flambda2_simplify__Simplify_let_cont_expr.cmsi,12574
2026-09-05T05:55:59Z,822b65f405d1f87e722ec0c7e5cfc5fb35d1e9a2,7090,size_in_bytes,lib/ocaml/compiler-libs/flambda2_simplify__Control_flow_graph.cmsi,15688
2026-09-05T05:55:59Z,822b65f405d1f87e722ec0c7e5cfc5fb35d1e9a2,7090,size_in_bytes,lib/ocaml/compiler-libs/flambda2_identifiers__Apply_cont_rewrite_id.cmsi,11423
2026-09-05T05:55:59Z,822b65f405d1f87e722ec0c7e5cfc5fb35d1e9a2,7090,size_in_bytes,lib/ocaml/compiler-libs/flambda2_simplify__Continuation_uses_env.cmsi,14120
2026-09-05T05:55:59Z,822b65f405d1f87e722ec0c7e5cfc5fb35d1e9a2,7090,size_in_bytes,lib/ocaml/compiler-libs/flambda2_terms__First_complex_local_param.cmsi,13122
2026-09-05T05:55:59Z,822b65f405d1f87e722ec0c7e5cfc5fb35d1e9a2,7090,size_in_bytes,lib/ocaml/compiler-libs/flambda2_bound_identifiers__Bound_name.cmsi,12715
2026-09-05T05:55:59Z,822b65f405d1f87e722ec0c7e5cfc5fb35d1e9a2,7090,size_in_bytes,lib/ocaml/compiler-libs/flambda2_simplify__Simplify_rec_info_expr.cmsi,13563
2026-09-05T05:55:59Z,822b65f405d1f87e722ec0c7e5cfc5fb35d1e9a2,7090,size_in_bytes,lib/ocaml/compiler-libs/flambda2_simplify__Continuation_in_env.cmsi,14602
2026-09-05T05:55:59Z,822b65f405d1f87e722ec0c7e5cfc5fb35d1e9a2,7090,size_in_bytes,lib/ocaml/compiler-libs/flambda2_algorithms__Patricia_tree.cmsi,12187
2026-09-05T05:55:59Z,822b65f405d1f87e722ec0c7e5cfc5fb35d1e9a2,7090,size_in_bytes,lib/ocaml/compiler-libs/flambda2_terms__Inlining_state.cmsi,13295
2026-09-05T05:55:59Z,822b65f405d1f87e722ec0c7e5cfc5fb35d1e9a2,7090,size_in_bytes,lib/ocaml/compiler-libs/flambda2_parser__Fexpr_prim_descr.cmsi,33770
2026-09-05T05:55:59Z,822b65f405d1f87e722ec0c7e5cfc5fb35d1e9a2,7090,size_in_bytes,lib/ocaml/compiler-libs/flambda2_terms__Zero_alloc_attribute.cmsi,12448
2026-09-05T05:55:59Z,822b65f405d1f87e722ec0c7e5cfc5fb35d1e9a2,7090,size_in_bytes,lib/ocaml/compiler-libs/flambda2_to_cmm__To_cmm_env.cmsi,46424
2026-09-05T05:55:59Z,822b65f405d1f87e722ec0c7e5cfc5fb35d1e9a2,7090,size_in_bytes,lib/ocaml/compiler-libs/flambda2_algorithms__Leapfrog.cmsi,19331
2026-09-05T05:55:59Z,822b65f405d1f87e722ec0c7e5cfc5fb35d1e9a2,7090,size_in_bytes,lib/ocaml/compiler-libs/flambda2_reaper__Analysis.cmsi,14973
2026-09-05T05:55:59Z,822b65f405d1f87e722ec0c7e5cfc5fb35d1e9a2,7090,size_in_bytes,lib/ocaml/compiler-libs/flambda2_terms__Recursive.cmsi,11627
2026-09-05T05:55:59Z,822b65f405d1f87e722ec0c7e5cfc5fb35d1e9a2,7090,size_in_bytes,lib/ocaml/compiler-libs/flambda2_ui__Flambda_colours.cmsi,15627
2026-09-05T05:55:59Z,822b65f405d1f87e722ec0c7e5cfc5fb35d1e9a2,7090,size_in_bytes,lib/ocaml/compiler-libs/flambda2_terms__Trap_action.cmsi,15473
2026-09-05T05:55:59Z,822b65f405d1f87e722ec0c7e5cfc5fb35d1e9a2,7090,size_in_bytes,lib/ocaml/compiler-libs/flambda2_terms__Function_declarations.cmsi,15163
2026-09-05T05:55:59Z,822b65f405d1f87e722ec0c7e5cfc5fb35d1e9a2,7090,size_in_bytes,lib/ocaml/compiler-libs/flambda2_classic_mode_types__Value_approximation.cmsi,13643
2026-09-05T05:55:59Z,822b65f405d1f87e722ec0c7e5cfc5fb35d1e9a2,7090,size_in_bytes,lib/ocaml/compiler-libs/flambda2_identifiers__Slot.cmsi,13078
2026-09-05T05:55:59Z,822b65f405d1f87e722ec0c7e5cfc5fb35d1e9a2,7090,size_in_bytes,lib/ocaml/compiler-libs/flambda2_simplify__Closure_info.cmsi,13313
2026-09-05T05:55:59Z,822b65f405d1f87e722ec0c7e5cfc5fb35d1e9a2,7090,size_in_bytes,lib/ocaml/compiler-libs/flambda2_terms__Inline_attribute.cmsi,12377
2026-09-05T05:55:59Z,822b65f405d1f87e722ec0c7e5cfc5fb35d1e9a2,7090,size_in_bytes,lib/ocaml/compiler-libs/flambda2_cmx__Exported_code.cmsi,16092
2026-09-05T05:55:59Z,822b65f405d1f87e722ec0c7e5cfc5fb35d1e9a2,7090,size_in_bytes,lib/ocaml/compiler-libs/flambda2_simplify__Specialization_cost.cmsi,16956
2026-09-05T05:55:59Z,822b65f405d1f87e722ec0c7e5cfc5fb35d1e9a2,7090,size_in_bytes,lib/ocaml/compiler-libs/flambda2_from_lambda__Lambda_to_flambda.cmsi,12609
2026-09-05T05:55:59Z,822b65f405d1f87e722ec0c7e5cfc5fb35d1e9a2,7090,size_in_bytes,lib/ocaml/compiler-libs/flambda2_simplify__One_continuation_use.cmsi,13045
2026-09-05T05:55:59Z,822b65f405d1f87e722ec0c7e5cfc5fb35d1e9a2,7090,size_in_bytes,lib/ocaml/compiler-libs/flambda2_simplify__Are_lifting_conts.cmsi,15552
2026-09-05T05:55:59Z,822b65f405d1f87e722ec0c7e5cfc5fb35d1e9a2,7090,size_in_bytes,lib/ocaml/compiler-libs/flambda2_bound_identifiers__Bound_continuation.cmsi,11845
2026-09-05T05:55:59Z,822b65f405d1f87e722ec0c7e5cfc5fb35d1e9a2,7090,size_in_bytes,lib/ocaml/compiler-libs/flambda2_nominal__Ids_for_export.cmsi,15878
2026-09-05T05:55:59Z,822b65f405d1f87e722ec0c7e5cfc5fb35d1e9a2,7090,size_in_bytes,lib/ocaml/compiler-libs/flambda2_term_basics__String_info.cmsi,11373
2026-09-05T05:55:59Z,822b65f405d1f87e722ec0c7e5cfc5fb35d1e9a2,7090,size_in_bytes,lib/ocaml/compiler-libs/flambda2_datalog__Cursor.cmsi,25933
2026-09-05T05:55:59Z,822b65f405d1f87e722ec0c7e5cfc5fb35d1e9a2,7090,size_in_bytes,lib/ocaml/compiler-libs/flambda2_terms__Inlined_attribute.cmsi,13233
2026-09-05T05:55:59Z,822b65f405d1f87e722ec0c7e5cfc5fb35d1e9a2,7090,size_in_bytes,lib/ocaml/compiler-libs/flambda2_to_cmm__To_cmm_result.cmsi,18944
2026-09-05T05:55:59Z,822b65f405d1f87e722ec0c7e5cfc5fb35d1e9a2,7090,size_in_bytes,lib/ocaml/compiler-libs/flambda2_term_basics__Continuation_use_kind.cmsi,11339
2026-09-05T05:55:59Z,822b65f405d1f87e722ec0c7e5cfc5fb35d1e9a2,7090,size_in_bytes,lib/ocaml/compiler-libs/flambda2_reaper__Traverse_env.cmsi,18818
2026-09-05T05:55:59Z,822b65f405d1f87e722ec0c7e5cfc5fb35d1e9a2,7090,size_in_bytes,lib/ocaml/compiler-libs/flambda2_terms__Code_or_metadata.cmsi,15535
2026-09-05T05:55:59Z,822b65f405d1f87e722ec0c7e5cfc5fb35d1e9a2,7090,size_in_bytes,lib/ocaml/compiler-libs/flambda2_types__Join_levels.cmsi,12972
2026-09-05T05:55:59Z,822b65f405d1f87e722ec0c7e5cfc5fb35d1e9a2,7090,size_in_bytes,lib/ocaml/compiler-libs/flambda2_simplify__Simplify_ternary_primitive.cmsi,12840
2026-09-05T05:55:59Z,822b65f405d1f87e722ec0c7e5cfc5fb35d1e9a2,7090,size_in_bytes,lib/ocaml/compiler-libs/flambda2_simplify__Join_points.cmsi,13200
2026-09-05T05:55:59Z,822b65f405d1f87e722ec0c7e5cfc5fb35d1e9a2,7090,size_in_bytes,lib/ocaml/compiler-libs/flambda2_simplify__Unboxing_epa.cmsi,13694
2026-09-05T05:55:59Z,822b65f405d1f87e722ec0c7e5cfc5fb35d1e9a2,7090,size_in_bytes,lib/ocaml/compiler-libs/flambda2_reaper__Traverse.cmsi,13607
2026-09-05T05:55:59Z,822b65f405d1f87e722ec0c7e5cfc5fb35d1e9a2,7090,size_in_bytes,lib/ocaml/compiler-libs/flambda2_terms__Set_of_closures.cmsi,14448
2026-09-05T05:55:59Z,822b65f405d1f87e722ec0c7e5cfc5fb35d1e9a2,7090,size_in_bytes,lib/ocaml/compiler-libs/flambda2_simplify__Non_recursive_handler.cmsi,13237
2026-09-05T05:55:59Z,822b65f405d1f87e722ec0c7e5cfc5fb35d1e9a2,7090,size_in_bytes,lib/ocaml/compiler-libs/flambda2_simplify__Rebuilt_static_const.cmsi,33574
2026-09-05T05:55:59Z,822b65f405d1f87e722ec0c7e5cfc5fb35d1e9a2,7090,size_in_bytes,lib/ocaml/compiler-libs/flambda2_to_jsir__To_jsir_static_const.cmsi,15636
2026-09-05T05:55:59Z,822b65f405d1f87e722ec0c7e5cfc5fb35d1e9a2,7090,size_in_bytes,lib/ocaml/compiler-libs/flambda2_identifiers__Symbol.cmsi,12169
2026-09-05T05:55:59Z,822b65f405d1f87e722ec0c7e5cfc5fb35d1e9a2,7090,size_in_bytes,lib/ocaml/compiler-libs/flambda2_types.cmsi,130734
2026-09-05T05:55:59Z,822b65f405d1f87e722ec0c7e5cfc5fb35d1e9a2,7090,size_in_bytes,lib/ocaml/compiler-libs/flambda2_simplify__Build_unboxing_denv.cmsi,12128
2026-09-05T05:55:59Z,822b65f405d1f87e722ec0c7e5cfc5fb35d1e9a2,7090,size_in_bytes,lib/ocaml/compiler-libs/flambda2_simplify__Continuation_uses.cmsi,15744
2026-09-05T05:55:59Z,822b65f405d1f87e722ec0c7e5cfc5fb35d1e9a2,7090,size_in_bytes,lib/ocaml/compiler-libs/flambda2_identifiers__Code_id_or_symbol.cmsi,11044
2026-09-05T05:55:59Z,822b65f405d1f87e722ec0c7e5cfc5fb35d1e9a2,7090,size_in_bytes,lib/ocaml/compiler-libs/flambda2_simplify__Named_rewrite.cmsi,13821
2026-09-05T05:55:59Z,822b65f405d1f87e722ec0c7e5cfc5fb35d1e9a2,7090,size_in_bytes,lib/ocaml/compiler-libs/flambda2_reaper__Types_rewriter.cmsi,14310
2026-09-05T05:55:59Z,822b65f405d1f87e722ec0c7e5cfc5fb35d1e9a2,7090,size_in_bytes,lib/ocaml/compiler-libs/flambda2_simplify__Lifted_cont_params.cmsi,18060
2026-09-05T05:55:59Z,822b65f405d1f87e722ec0c7e5cfc5fb35d1e9a2,7090,size_in_bytes,lib/ocaml/stdlib_alpha/stdlib_alpha.cmsi,10949
2026-09-05T05:55:59Z,822b65f405d1f87e722ec0c7e5cfc5fb35d1e9a2,7090,size_in_bytes,lib/ocaml/stdlib_stable/stdlib_stable__Iarray.cmsi,30265
2026-09-05T05:55:59Z,822b65f405d1f87e722ec0c7e5cfc5fb35d1e9a2,7090,size_in_bytes,lib/ocaml/stdlib_stable/stdlib_stable__Or_null.cmsi,17365
2026-09-05T05:55:59Z,822b65f405d1f87e722ec0c7e5cfc5fb35d1e9a2,7090,size_in_bytes,lib/ocaml/stdlib_stable/stdlib_stable__Int8_u.cmsi,23351
2026-09-05T05:55:59Z,822b65f405d1f87e722ec0c7e5cfc5fb35d1e9a2,7090,size_in_bytes,lib/ocaml/stdlib_stable/stdlib_stable__Int16.cmsi,22971
2026-09-05T05:55:59Z,822b65f405d1f87e722ec0c7e5cfc5fb35d1e9a2,7090,size_in_bytes,lib/ocaml/stdlib_stable/stdlib_stable__Int16_u.cmsi,23388
2026-09-05T05:55:59Z,822b65f405d1f87e722ec0c7e5cfc5fb35d1e9a2,7090,size_in_bytes,lib/ocaml/stdlib_stable/stdlib_stable.cmsi,10882
2026-09-05T05:55:59Z,822b65f405d1f87e722ec0c7e5cfc5fb35d1e9a2,7090,size_in_bytes,lib/ocaml/stdlib_stable/stdlib_stable__Float32.cmsi,75814
2026-09-05T05:55:59Z,822b65f405d1f87e722ec0c7e5cfc5fb35d1e9a2,7090,size_in_bytes,lib/ocaml/stdlib_stable/stdlib_stable__Float32_u.cmsi,63021
2026-09-05T05:55:59Z,822b65f405d1f87e722ec0c7e5cfc5fb35d1e9a2,7090,size_in_bytes,lib/ocaml/stdlib_stable/stdlib_stable__Idx_atomic.cmsi,16407
2026-09-05T05:55:59Z,822b65f405d1f87e722ec0c7e5cfc5fb35d1e9a2,7090,size_in_bytes,lib/ocaml/stdlib_stable/stdlib_stable__IarrayLabels.cmsi,45518
2026-09-05T05:55:59Z,822b65f405d1f87e722ec0c7e5cfc5fb35d1e9a2,7090,size_in_bytes,lib/ocaml/stdlib_stable/stdlib_stable__Idx_imm.cmsi,12826
2026-09-05T05:55:59Z,822b65f405d1f87e722ec0c7e5cfc5fb35d1e9a2,7090,size_in_bytes,lib/ocaml/stdlib_stable/stdlib_stable__Int_u.cmsi,23015
2026-09-05T05:55:59Z,822b65f405d1f87e722ec0c7e5cfc5fb35d1e9a2,7090,size_in_bytes,lib/ocaml/stdlib_stable/stdlib_stable__Int8.cmsi,22930
2026-09-05T05:55:59Z,822b65f405d1f87e722ec0c7e5cfc5fb35d1e9a2,7090,size_in_bytes,lib/ocaml/stdlib_stable/stdlib_stable__Int.cmsi,23943
2026-09-05T05:55:59Z,822b65f405d1f87e722ec0c7e5cfc5fb35d1e9a2,7090,size_in_bytes,lib/ocaml/stdlib_stable/stdlib_stable__Idx_mut.cmsi,13454
2026-09-05T05:55:59Z,822b65f405d1f87e722ec0c7e5cfc5fb35d1e9a2,7090,size_in_bytes,lib/ocaml/stdlib_stable/stdlib_stable__Char_u.cmsi,14408
2026-09-05T05:55:59Z,822b65f405d1f87e722ec0c7e5cfc5fb35d1e9a2,7090,size_in_bytes,lib/ocaml/camlinternalOO.cmt,1088172
2026-09-05T05:55:59Z,822b65f405d1f87e722ec0c7e5cfc5fb35d1e9a2,7090,size_in_bytes,lib/ocaml/compiler_owee__Owee_form.cmt,77347
2026-09-05T05:55:59Z,822b65f405d1f87e722ec0c7e5cfc5fb35d1e9a2,7090,size_in_bytes,lib/ocaml/stdlib__ArrayLabels.cmt,55781
2026-09-05T05:55:59Z,822b65f405d1f87e722ec0c7e5cfc5fb35d1e9a2,7090,size_in_bytes,lib/ocaml/stdlib.cmt,660033
2026-09-05T05:55:59Z,822b65f405d1f87e722ec0c7e5cfc5fb35d1e9a2,7090,size_in_bytes,lib/ocaml/stdlib__Filename.cmt,709825
2026-09-05T05:55:59Z,822b65f405d1f87e722ec0c7e5cfc5fb35d1e9a2,7090,size_in_bytes,lib/ocaml/compiler_owee__Owee_traverse.cmt,239708
2026-09-05T05:55:59Z,822b65f405d1f87e722ec0c7e5cfc5fb35d1e9a2,7090,size_in_bytes,lib/ocaml/stdlib__Int32.cmt,145793
2026-09-05T05:55:59Z,822b65f405d1f87e722ec0c7e5cfc5fb35d1e9a2,7090,size_in_bytes,lib/ocaml/stdlib__Ephemeron.cmt,1988520
2026-09-05T05:55:59Z,822b65f405d1f87e722ec0c7e5cfc5fb35d1e9a2,7090,size_in_bytes,lib/ocaml/compiler_owee__Owee_graph.cmt,233284
2026-09-05T05:55:59Z,822b65f405d1f87e722ec0c7e5cfc5fb35d1e9a2,7090,size_in_bytes,lib/ocaml/stdlib__Repr.cmt,17013
2026-09-05T05:55:59Z,822b65f405d1f87e722ec0c7e5cfc5fb35d1e9a2,7090,size_in_bytes,lib/ocaml/stdlib__In_channel.cmt,250768
2026-09-05T05:55:59Z,822b65f405d1f87e722ec0c7e5cfc5fb35d1e9a2,7090,size_in_bytes,lib/ocaml/camlinternalLazy.cmt,92072
2026-09-05T05:55:59Z,822b65f405d1f87e722ec0c7e5cfc5fb35d1e9a2,7090,size_in_bytes,lib/ocaml/stdlib__Digest.cmt,318061
2026-09-05T05:55:59Z,822b65f405d1f87e722ec0c7e5cfc5fb35d1e9a2,7090,size_in_bytes,lib/ocaml/stdlib__Oo.cmt,15898
2026-09-05T05:55:59Z,822b65f405d1f87e722ec0c7e5cfc5fb35d1e9a2,7090,size_in_bytes,lib/ocaml/stdlib__Arg.cmt,613476
2026-09-05T05:55:59Z,822b65f405d1f87e722ec0c7e5cfc5fb35d1e9a2,7090,size_in_bytes,lib/ocaml/compiler_owee__Owee_marker.cmt,240730
2026-09-05T05:55:59Z,822b65f405d1f87e722ec0c7e5cfc5fb35d1e9a2,7090,size_in_bytes,lib/ocaml/stdlib__Int64.cmt,140167
2026-09-05T05:55:59Z,822b65f405d1f87e722ec0c7e5cfc5fb35d1e9a2,7090,size_in_bytes,lib/ocaml/compiler_owee__Owee_linux_maps.cmt,68627
2026-09-05T05:55:59Z,822b65f405d1f87e722ec0c7e5cfc5fb35d1e9a2,7090,size_in_bytes,lib/ocaml/stdlib__Lexing.cmt,244620
2026-09-05T05:55:59Z,822b65f405d1f87e722ec0c7e5cfc5fb35d1e9a2,7090,size_in_bytes,lib/ocaml/stdlib__Set.cmt,1889858
2026-09-05T05:55:59Z,822b65f405d1f87e722ec0c7e5cfc5fb35d1e9a2,7090,size_in_bytes,lib/ocaml/stdlib__Map.cmt,1966647
2026-09-05T05:55:59Z,822b65f405d1f87e722ec0c7e5cfc5fb35d1e9a2,7090,size_in_bytes,lib/ocaml/std_exit.cmt,13090
2026-09-05T05:55:59Z,822b65f405d1f87e722ec0c7e5cfc5fb35d1e9a2,7090,size_in_bytes,lib/ocaml/stdlib__Format.cmt,2030471
2026-09-05T05:55:59Z,822b65f405d1f87e722ec0c7e5cfc5fb35d1e9a2,7090,size_in_bytes,lib/ocaml/stdlib__Result.cmt,111935
2026-09-05T05:55:59Z,822b65f405d1f87e722ec0c7e5cfc5fb35d1e9a2,7090,size_in_bytes,lib/ocaml/stdlib__Printf.cmt,76997
2026-09-05T05:55:59Z,822b65f405d1f87e722ec0c7e5cfc5fb35d1e9a2,7090,size_in_bytes,lib/ocaml/stdlib__Pqueue.cmt,304146
2026-09-05T05:55:59Z,822b65f405d1f87e722ec0c7e5cfc5fb35d1e9a2,7090,size_in_bytes,lib/ocaml/stdlib__Obj.cmt,296015
2026-09-05T05:55:59Z,822b65f405d1f87e722ec0c7e5cfc5fb35d1e9a2,7090,size_in_bytes,lib/ocaml/stdlib__Effect.cmt,763169
2026-09-05T05:55:59Z,822b65f405d1f87e722ec0c7e5cfc5fb35d1e9a2,7090,size_in_bytes,lib/ocaml/stdlib__Dynarray.cmt,1530980
2026-09-05T05:55:59Z,822b65f405d1f87e722ec0c7e5cfc5fb35d1e9a2,7090,size_in_bytes,lib/ocaml/compiler_owee__Owee_elf_string_table.cmt,36293
2026-09-05T05:55:59Z,822b65f405d1f87e722ec0c7e5cfc5fb35d1e9a2,7090,size_in_bytes,lib/ocaml/stdlib__Random.cmt,573900
2026-09-05T05:55:59Z,822b65f405d1f87e722ec0c7e5cfc5fb35d1e9a2,7090,size_in_bytes,lib/ocaml/stdlib__Modes.cmt,23605
2026-09-05T05:55:59Z,822b65f405d1f87e722ec0c7e5cfc5fb35d1e9a2,7090,size_in_bytes,lib/ocaml/stdlib__StdLabels.cmt,14025
2026-09-05T05:55:59Z,822b65f405d1f87e722ec0c7e5cfc5fb35d1e9a2,7090,size_in_bytes,lib/ocaml/stdlib__Semaphore.cmt,82231
2026-09-05T05:55:59Z,822b65f405d1f87e722ec0c7e5cfc5fb35d1e9a2,7090,size_in_bytes,lib/ocaml/stdlib__Scanf.cmt,1990818
2026-09-05T05:55:59Z,822b65f405d1f87e722ec0c7e5cfc5fb35d1e9a2,7090,size_in_bytes,lib/ocaml/stdlib__Float.cmt,1077090
2026-09-05T05:55:59Z,822b65f405d1f87e722ec0c7e5cfc5fb35d1e9a2,7090,size_in_bytes,lib/ocaml/stdlib__Nativeint.cmt,144105
2026-09-05T05:55:59Z,822b65f405d1f87e722ec0c7e5cfc5fb35d1e9a2,7090,size_in_bytes,lib/ocaml/stdlib__Parsing.cmt,218917
2026-09-05T05:55:59Z,822b65f405d1f87e722ec0c7e5cfc5fb35d1e9a2,7090,size_in_bytes,lib/ocaml/stdlib__Sys.cmt,255722
2026-09-05T05:55:59Z,822b65f405d1f87e722ec0c7e5cfc5fb35d1e9a2,7090,size_in_bytes,lib/ocaml/stdlib__Complex.cmt,214799
2026-09-05T05:55:59Z,822b65f405d1f87e722ec0c7e5cfc5fb35d1e9a2,7090,size_in_bytes,lib/ocaml/stdlib__ListLabels.cmt,70598
2026-09-05T05:55:59Z,822b65f405d1f87e722ec0c7e5cfc5fb35d1e9a2,7090,size_in_bytes,lib/ocaml/stdlib__Printexc.cmt,403331
2026-09-05T05:55:59Z,822b65f405d1f87e722ec0c7e5cfc5fb35d1e9a2,7090,size_in_bytes,lib/ocaml/stdlib__Seq.cmt,760389
2026-09-05T05:55:59Z,822b65f405d1f87e722ec0c7e5cfc5fb35d1e9a2,7090,size_in_bytes,lib/ocaml/opttopdirs.cmt,228051
2026-09-05T05:55:59Z,822b65f405d1f87e722ec0c7e5cfc5fb35d1e9a2,7090,size_in_bytes,lib/ocaml/stdlib__Queue.cmt,154203
2026-09-05T05:55:59Z,822b65f405d1f87e722ec0c7e5cfc5fb35d1e9a2,7090,size_in_bytes,lib/ocaml/stdlib__Array.cmt,1142255
2026-09-05T05:55:59Z,822b65f405d1f87e722ec0c7e5cfc5fb35d1e9a2,7090,size_in_bytes,lib/ocaml/stdlib__Gc.cmt,208998
2026-09-05T05:55:59Z,822b65f405d1f87e722ec0c7e5cfc5fb35d1e9a2,7090,size_in_bytes,lib/ocaml/stdlib__Fun.cmt,45952
2026-09-05T05:55:59Z,822b65f405d1f87e722ec0c7e5cfc5fb35d1e9a2,7090,size_in_bytes,lib/ocaml/stdlib__Lazy.cmt,61190
2026-09-05T05:55:59Z,822b65f405d1f87e722ec0c7e5cfc5fb35d1e9a2,7090,size_in_bytes,lib/ocaml/stdlib__String.cmt,818679
2026-09-05T05:55:59Z,822b65f405d1f87e722ec0c7e5cfc5fb35d1e9a2,7090,size_in_bytes,lib/ocaml/topdirs.cmt,723587
2026-09-05T05:55:59Z,822b65f405d1f87e722ec0c7e5cfc5fb35d1e9a2,7090,size_in_bytes,lib/ocaml/camlinternalMod.cmt,112358
2026-09-05T05:55:59Z,822b65f405d1f87e722ec0c7e5cfc5fb35d1e9a2,7090,size_in_bytes,lib/ocaml/stdlib__Buffer.cmt,686124
2026-09-05T05:55:59Z,822b65f405d1f87e722ec0c7e5cfc5fb35d1e9a2,7090,size_in_bytes,lib/ocaml/stdlib__Iarray.cmt,565347
2026-09-05T05:55:59Z,822b65f405d1f87e722ec0c7e5cfc5fb35d1e9a2,7090,size_in_bytes,lib/ocaml/stdlib__Bool.cmt,35483
2026-09-05T05:55:59Z,822b65f405d1f87e722ec0c7e5cfc5fb35d1e9a2,7090,size_in_bytes,lib/ocaml/stdlib__Bigarray.cmt,681709
2026-09-05T05:55:59Z,822b65f405d1f87e722ec0c7e5cfc5fb35d1e9a2,7090,size_in_bytes,lib/ocaml/stdlib__Stack.cmt,83684
2026-09-05T05:55:59Z,822b65f405d1f87e722ec0c7e5cfc5fb35d1e9a2,7090,size_in_bytes,lib/ocaml/stdlib__Domain.cmt,583137
2026-09-05T05:55:59Z,822b65f405d1f87e722ec0c7e5cfc5fb35d1e9a2,7090,size_in_bytes,lib/ocaml/camlinternalQuote.cmt,4396566
2026-09-05T05:55:59Z,822b65f405d1f87e722ec0c7e5cfc5fb35d1e9a2,7090,size_in_bytes,lib/ocaml/stdlib__Char.cmt,178294
2026-09-05T05:55:59Z,822b65f405d1f87e722ec0c7e5cfc5fb35d1e9a2,7090,size_in_bytes,lib/ocaml/stdlib__List.cmt,1129157
2026-09-05T05:55:59Z,822b65f405d1f87e722ec0c7e5cfc5fb35d1e9a2,7090,size_in_bytes,lib/ocaml/stdlib__BytesLabels.cmt,79373
2026-09-05T05:55:59Z,822b65f405d1f87e722ec0c7e5cfc5fb35d1e9a2,7090,size_in_bytes,lib/ocaml/compiler_owee__Owee_object.cmt,221228
2026-09-05T05:55:59Z,822b65f405d1f87e722ec0c7e5cfc5fb35d1e9a2,7090,size_in_bytes,lib/ocaml/stdlib__StringLabels.cmt,59331
2026-09-05T05:55:59Z,822b65f405d1f87e722ec0c7e5cfc5fb35d1e9a2,7090,size_in_bytes,lib/ocaml/stdlib__Uchar.cmt,154082
2026-09-05T05:55:59Z,822b65f405d1f87e722ec0c7e5cfc5fb35d1e9a2,7090,size_in_bytes,lib/ocaml/camlinternalAtomic.cmt,43110
2026-09-05T05:55:59Z,822b65f405d1f87e722ec0c7e5cfc5fb35d1e9a2,7090,size_in_bytes,lib/ocaml/eval.cmt,236159
2026-09-05T05:55:59Z,822b65f405d1f87e722ec0c7e5cfc5fb35d1e9a2,7090,size_in_bytes,lib/ocaml/compiler_owee__Owee_elf_notes.cmt,251923
2026-09-05T05:55:59Z,822b65f405d1f87e722ec0c7e5cfc5fb35d1e9a2,7090,size_in_bytes,lib/ocaml/stdlib__Condition.cmt,15977
2026-09-05T05:55:59Z,822b65f405d1f87e722ec0c7e5cfc5fb35d1e9a2,7090,size_in_bytes,lib/ocaml/compiler_owee__Owee_elf.cmt,897139
2026-09-05T05:55:59Z,822b65f405d1f87e722ec0c7e5cfc5fb35d1e9a2,7090,size_in_bytes,lib/ocaml/stdlib__Option.cmt,67568
2026-09-05T05:55:59Z,822b65f405d1f87e722ec0c7e5cfc5fb35d1e9a2,7090,size_in_bytes,lib/ocaml/stdlib__Callback.cmt,37075
2026-09-05T05:55:59Z,822b65f405d1f87e722ec0c7e5cfc5fb35d1e9a2,7090,size_in_bytes,lib/ocaml/compiler_owee__Owee_debug_line.cmt,401428
2026-09-05T05:55:59Z,822b65f405d1f87e722ec0c7e5cfc5fb35d1e9a2,7090,size_in_bytes,lib/ocaml/compiler_owee__Owee_archive.cmt,298632
2026-09-05T05:55:59Z,822b65f405d1f87e722ec0c7e5cfc5fb35d1e9a2,7090,size_in_bytes,lib/ocaml/stdlib__Unit.cmt,17510
2026-09-05T05:55:59Z,822b65f405d1f87e722ec0c7e5cfc5fb35d1e9a2,7090,size_in_bytes,lib/ocaml/compiler_owee__Owee_elf_relocation.cmt,145748
2026-09-05T05:55:59Z,822b65f405d1f87e722ec0c7e5cfc5fb35d1e9a2,7090,size_in_bytes,lib/ocaml/stdlib__MoreLabels.cmt,21512
2026-09-05T05:55:59Z,822b65f405d1f87e722ec0c7e5cfc5fb35d1e9a2,7090,size_in_bytes,lib/ocaml/camlinternalFormat.cmt,5301477
2026-09-05T05:55:59Z,822b65f405d1f87e722ec0c7e5cfc5fb35d1e9a2,7090,size_in_bytes,lib/ocaml/stdlib__Weak.cmt,676989
2026-09-05T05:55:59Z,822b65f405d1f87e722ec0c7e5cfc5fb35d1e9a2,7090,size_in_bytes,lib/ocaml/stdlib__Pair.cmt,62882
2026-09-05T05:55:59Z,822b65f405d1f87e722ec0c7e5cfc5fb35d1e9a2,7090,size_in_bytes,lib/ocaml/stdlib__Marshal.cmt,85040
2026-09-05T05:55:59Z,822b65f405d1f87e722ec0c7e5cfc5fb35d1e9a2,7090,size_in_bytes,lib/ocaml/stdlib__Either.cmt,77555
2026-09-05T05:55:59Z,822b65f405d1f87e722ec0c7e5cfc5fb35d1e9a2,7090,size_in_bytes,lib/ocaml/stdlib__Bytes.cmt,2010294
2026-09-05T05:55:59Z,822b65f405d1f87e722ec0c7e5cfc5fb35d1e9a2,7090,size_in_bytes,lib/ocaml/stdlib__Dynamic.cmt,27167
2026-09-05T05:55:59Z,822b65f405d1f87e722ec0c7e5cfc5fb35d1e9a2,7090,size_in_bytes,lib/ocaml/stdlib__Quote.cmt,81440
2026-09-05T05:55:59Z,822b65f405d1f87e722ec0c7e5cfc5fb35d1e9a2,7090,size_in_bytes,lib/ocaml/stdlib__Hashtbl.cmt,1266547
2026-09-05T05:55:59Z,822b65f405d1f87e722ec0c7e5cfc5fb35d1e9a2,7090,size_in_bytes,lib/ocaml/compiler_owee.cmt,22410
2026-09-05T05:55:59Z,822b65f405d1f87e722ec0c7e5cfc5fb35d1e9a2,7090,size_in_bytes,lib/ocaml/camlinternalFormatBasics.cmt,528345
2026-09-05T05:55:59Z,822b65f405d1f87e722ec0c7e5cfc5fb35d1e9a2,7090,size_in_bytes,lib/ocaml/stdlib__Out_channel.cmt,82671
2026-09-05T05:55:59Z,822b65f405d1f87e722ec0c7e5cfc5fb35d1e9a2,7090,size_in_bytes,lib/ocaml/camlinternalComprehension.cmt,54081
2026-09-05T05:55:59Z,822b65f405d1f87e722ec0c7e5cfc5fb35d1e9a2,7090,size_in_bytes,lib/ocaml/stdlib__Backoff.cmt,101736
2026-09-05T05:55:59Z,822b65f405d1f87e722ec0c7e5cfc5fb35d1e9a2,7090,size_in_bytes,lib/ocaml/compiler_owee__Unix_intf.cmt,31587
2026-09-05T05:55:59Z,822b65f405d1f87e722ec0c7e5cfc5fb35d1e9a2,7090,size_in_bytes,lib/ocaml/compiler_owee__Owee_macho.cmt,1023657
2026-09-05T05:55:59Z,822b65f405d1f87e722ec0c7e5cfc5fb35d1e9a2,7090,size_in_bytes,lib/ocaml/stdlib__Type.cmt,29483
2026-09-05T05:55:59Z,822b65f405d1f87e722ec0c7e5cfc5fb35d1e9a2,7090,size_in_bytes,lib/ocaml/compiler_owee__Owee_buf.cmt,348171
2026-09-05T05:55:59Z,822b65f405d1f87e722ec0c7e5cfc5fb35d1e9a2,7090,size_in_bytes,lib/ocaml/compiler_owee__Owee_location.cmt,333799
2026-09-05T05:55:59Z,822b65f405d1f87e722ec0c7e5cfc5fb35d1e9a2,7090,size_in_bytes,lib/ocaml/stdlib__Int.cmt,68343
2026-09-05T05:55:59Z,822b65f405d1f87e722ec0c7e5cfc5fb35d1e9a2,7090,size_in_bytes,lib/ocaml/stdlib__Atomic.cmt,51374
2026-09-05T05:55:59Z,822b65f405d1f87e722ec0c7e5cfc5fb35d1e9a2,7090,size_in_bytes,lib/ocaml/compiler_owee__Owee_interval_map.cmt,347137
2026-09-05T05:55:59Z,822b65f405d1f87e722ec0c7e5cfc5fb35d1e9a2,7090,size_in_bytes,lib/ocaml/stdlib__Mutex.cmt,24124
2026-09-05T05:55:59Z,822b65f405d1f87e722ec0c7e5cfc5fb35d1e9a2,7090,size_in_bytes,lib/ocaml/stdlib_upstream_compatible/stdlib_upstream_compatible.cmt,10798
2026-09-05T05:55:59Z,822b65f405d1f87e722ec0c7e5cfc5fb35d1e9a2,7090,size_in_bytes,lib/ocaml/stdlib_upstream_compatible/stdlib_upstream_compatible__.cmt,14205
2026-09-05T05:55:59Z,822b65f405d1f87e722ec0c7e5cfc5fb35d1e9a2,7090,size_in_bytes,lib/ocaml/stdlib_upstream_compatible/stdlib_upstream_compatible__Int64_u.cmt,223224
2026-09-05T05:55:59Z,822b65f405d1f87e722ec0c7e5cfc5fb35d1e9a2,7090,size_in_bytes,lib/ocaml/stdlib_upstream_compatible/stdlib_upstream_compatible__Int32_u.cmt,190842
2026-09-05T05:55:59Z,822b65f405d1f87e722ec0c7e5cfc5fb35d1e9a2,7090,size_in_bytes,lib/ocaml/stdlib_upstream_compatible/stdlib_upstream_compatible__Nativeint_u.cmt,201566
2026-09-05T05:55:59Z,822b65f405d1f87e722ec0c7e5cfc5fb35d1e9a2,7090,size_in_bytes,lib/ocaml/stdlib_upstream_compatible/stdlib_upstream_compatible__Float_u.cmt,315239
2026-09-05T05:55:59Z,822b65f405d1f87e722ec0c7e5cfc5fb35d1e9a2,7090,size_in_bytes,lib/ocaml/stdlib_beta/stdlib_beta.cmt,11664
2026-09-05T05:55:59Z,822b65f405d1f87e722ec0c7e5cfc5fb35d1e9a2,7090,size_in_bytes,lib/ocaml/dynlink/dynlink.cmt,70216
2026-09-05T05:55:59Z,822b65f405d1f87e722ec0c7e5cfc5fb35d1e9a2,7090,size_in_bytes,lib/ocaml/compiler-libs/flambda2_simplify__Continuation_uses.cmt,229439
2026-09-05T05:55:59Z,822b65f405d1f87e722ec0c7e5cfc5fb35d1e9a2,7090,size_in_bytes,lib/ocaml/compiler-libs/flambda2_simplify__Apply_cont_rewrite.cmt,304913
2026-09-05T05:55:59Z,822b65f405d1f87e722ec0c7e5cfc5fb35d1e9a2,7090,size_in_bytes,lib/ocaml/compiler-libs/afl_instrument.cmt,164992
2026-09-05T05:55:59Z,822b65f405d1f87e722ec0c7e5cfc5fb35d1e9a2,7090,size_in_bytes,lib/ocaml/compiler-libs/flambda2_floats__Float32.cmt,31048
2026-09-05T05:55:59Z,822b65f405d1f87e722ec0c7e5cfc5fb35d1e9a2,7090,size_in_bytes,lib/ocaml/compiler-libs/flambda2_nominal__Name_abstraction.cmt,153738
2026-09-05T05:55:59Z,822b65f405d1f87e722ec0c7e5cfc5fb35d1e9a2,7090,size_in_bytes,lib/ocaml/compiler-libs/flambda2_simplify__Lifted_constant.cmt,359597
2026-09-05T05:55:59Z,822b65f405d1f87e722ec0c7e5cfc5fb35d1e9a2,7090,size_in_bytes,lib/ocaml/compiler-libs/includemod.cmt,2266202
2026-09-05T05:55:59Z,822b65f405d1f87e722ec0c7e5cfc5fb35d1e9a2,7090,size_in_bytes,lib/ocaml/compiler-libs/flambda2_cmx__Flambda_cmx.cmt,239224
2026-09-05T05:55:59Z,822b65f405d1f87e722ec0c7e5cfc5fb35d1e9a2,7090,size_in_bytes,lib/ocaml/compiler-libs/flambda2_datalog__Cursor.cmt,527794
2026-09-05T05:55:59Z,822b65f405d1f87e722ec0c7e5cfc5fb35d1e9a2,7090,size_in_bytes,lib/ocaml/compiler-libs/dwarf_low__Counted_location_description.cmt,31792
2026-09-05T05:55:59Z,822b65f405d1f87e722ec0c7e5cfc5fb35d1e9a2,7090,size_in_bytes,lib/ocaml/compiler-libs/flambda2_to_cmm__To_cmm_env.cmt,1460441
2026-09-05T05:55:59Z,822b65f405d1f87e722ec0c7e5cfc5fb35d1e9a2,7090,size_in_bytes,lib/ocaml/compiler-libs/btype.cmt,2753691
2026-09-05T05:55:59Z,822b65f405d1f87e722ec0c7e5cfc5fb35d1e9a2,7090,size_in_bytes,lib/ocaml/compiler-libs/flambda2_simplify__Original_handlers.cmt,115132
2026-09-05T05:55:59Z,822b65f405d1f87e722ec0c7e5cfc5fb35d1e9a2,7090,size_in_bytes,lib/ocaml/compiler-libs/flambda2_types__Provers.cmt,1559109
2026-09-05T05:55:59Z,822b65f405d1f87e722ec0c7e5cfc5fb35d1e9a2,7090,size_in_bytes,lib/ocaml/compiler-libs/asm_targets__Asm_directives_dwarf.cmt,13601
2026-09-05T05:55:59Z,822b65f405d1f87e722ec0c7e5cfc5fb35d1e9a2,7090,size_in_bytes,lib/ocaml/compiler-libs/sub_cfg.cmt,204282
2026-09-05T05:55:59Z,822b65f405d1f87e722ec0c7e5cfc5fb35d1e9a2,7090,size_in_bytes,lib/ocaml/compiler-libs/signature_group.cmt,189337
2026-09-05T05:55:59Z,822b65f405d1f87e722ec0c7e5cfc5fb35d1e9a2,7090,size_in_bytes,lib/ocaml/compiler-libs/flambda2_reaper__Rev_expr.cmt,50398
2026-09-05T05:55:59Z,822b65f405d1f87e722ec0c7e5cfc5fb35d1e9a2,7090,size_in_bytes,lib/ocaml/compiler-libs/flambda2_simplify__Simplify_simple.cmt,82214
2026-09-05T05:55:59Z,822b65f405d1f87e722ec0c7e5cfc5fb35d1e9a2,7090,size_in_bytes,lib/ocaml/compiler-libs/flambda2_numbers__Numeric_types.cmt,1765887
2026-09-05T05:55:59Z,822b65f405d1f87e722ec0c7e5cfc5fb35d1e9a2,7090,size_in_bytes,lib/ocaml/compiler-libs/flambda2_simplify__Simplify_primitive.cmt,335402
2026-09-05T05:55:59Z,822b65f405d1f87e722ec0c7e5cfc5fb35d1e9a2,7090,size_in_bytes,lib/ocaml/compiler-libs/flambda2_bound_identifiers.cmt,18296
2026-09-05T05:55:59Z,822b65f405d1f87e722ec0c7e5cfc5fb35d1e9a2,7090,size_in_bytes,lib/ocaml/compiler-libs/tmc.cmt,1124619
2026-09-05T05:55:59Z,822b65f405d1f87e722ec0c7e5cfc5fb35d1e9a2,7090,size_in_bytes,lib/ocaml/compiler-libs/flambda2_identifiers__Value_slot.cmt,97034
2026-09-05T05:55:59Z,822b65f405d1f87e722ec0c7e5cfc5fb35d1e9a2,7090,size_in_bytes,lib/ocaml/compiler-libs/amd64_simd_defs.cmt,397289
2026-09-05T05:55:59Z,822b65f405d1f87e722ec0c7e5cfc5fb35d1e9a2,7090,size_in_bytes,lib/ocaml/compiler-libs/translcore.cmt,3756152
2026-09-05T05:55:59Z,822b65f405d1f87e722ec0c7e5cfc5fb35d1e9a2,7090,size_in_bytes,lib/ocaml/compiler-libs/cfg_intf.cmt,78744
2026-09-05T05:55:59Z,822b65f405d1f87e722ec0c7e5cfc5fb35d1e9a2,7090,size_in_bytes,lib/ocaml/compiler-libs/flambda2_simplify__Rebuilt_static_const.cmt,520652
2026-09-05T05:55:59Z,822b65f405d1f87e722ec0c7e5cfc5fb35d1e9a2,7090,size_in_bytes,lib/ocaml/compiler-libs/cmm_helpers.cmt,8507848
2026-09-05T05:55:59Z,822b65f405d1f87e722ec0c7e5cfc5fb35d1e9a2,7090,size_in_bytes,lib/ocaml/compiler-libs/flambda2_types.cmt,473520
2026-09-05T05:55:59Z,822b65f405d1f87e722ec0c7e5cfc5fb35d1e9a2,7090,size_in_bytes,lib/ocaml/compiler-libs/relocatable_symbol_name.cmt,17772
2026-09-05T05:55:59Z,822b65f405d1f87e722ec0c7e5cfc5fb35d1e9a2,7090,size_in_bytes,lib/ocaml/compiler-libs/flambda2_identifiers__Function_slot.cmt,97052
2026-09-05T05:55:59Z,822b65f405d1f87e722ec0c7e5cfc5fb35d1e9a2,7090,size_in_bytes,lib/ocaml/compiler-libs/shape.cmt,1922011
2026-09-05T05:55:59Z,822b65f405d1f87e722ec0c7e5cfc5fb35d1e9a2,7090,size_in_bytes,lib/ocaml/compiler-libs/build_igot_and_iplt.cmt,44295
2026-09-05T05:55:59Z,822b65f405d1f87e722ec0c7e5cfc5fb35d1e9a2,7090,size_in_bytes,lib/ocaml/compiler-libs/flambda2_simplify__Simplify_expr.cmt,208055
2026-09-05T05:55:59Z,822b65f405d1f87e722ec0c7e5cfc5fb35d1e9a2,7090,size_in_bytes,lib/ocaml/compiler-libs/flambda2_from_lambda__Lambda_to_flambda_primitives.cmt,4635702
2026-09-05T05:55:59Z,822b65f405d1f87e722ec0c7e5cfc5fb35d1e9a2,7090,size_in_bytes,lib/ocaml/compiler-libs/functorizer.cmt,383520
2026-09-05T05:55:59Z,822b65f405d1f87e722ec0c7e5cfc5fb35d1e9a2,7090,size_in_bytes,lib/ocaml/compiler-libs/printtyped.cmt,4154685
2026-09-05T05:55:59Z,822b65f405d1f87e722ec0c7e5cfc5fb35d1e9a2,7090,size_in_bytes,lib/ocaml/compiler-libs/clflags.cmt,1200374
2026-09-05T05:55:59Z,822b65f405d1f87e722ec0c7e5cfc5fb35d1e9a2,7090,size_in_bytes,lib/ocaml/compiler-libs/regs_utils.cmt,173011
2026-09-05T05:55:59Z,822b65f405d1f87e722ec0c7e5cfc5fb35d1e9a2,7090,size_in_bytes,lib/ocaml/compiler-libs/dwarf_low__Dwarf_4_location_list_entry.cmt,134156
2026-09-05T05:55:59Z,822b65f405d1f87e722ec0c7e5cfc5fb35d1e9a2,7090,size_in_bytes,lib/ocaml/compiler-libs/reg_availability_set.cmt,141562
2026-09-05T05:55:59Z,822b65f405d1f87e722ec0c7e5cfc5fb35d1e9a2,7090,size_in_bytes,lib/ocaml/compiler-libs/flambda2_identifiers__Coercion0.cmt,110503
2026-09-05T05:55:59Z,822b65f405d1f87e722ec0c7e5cfc5fb35d1e9a2,7090,size_in_bytes,lib/ocaml/compiler-libs/flambda2_simplify_shared__Call_site_inlining_decision_type.cmt,376482
2026-09-05T05:55:59Z,822b65f405d1f87e722ec0c7e5cfc5fb35d1e9a2,7090,size_in_bytes,lib/ocaml/compiler-libs/backend_var.cmt,208338
2026-09-05T05:55:59Z,822b65f405d1f87e722ec0c7e5cfc5fb35d1e9a2,7090,size_in_bytes,lib/ocaml/compiler-libs/simplif.cmt,1739265
2026-09-05T05:55:59Z,822b65f405d1f87e722ec0c7e5cfc5fb35d1e9a2,7090,size_in_bytes,lib/ocaml/compiler-libs/flambda2_identifiers__Continuation.cmt,306780
2026-09-05T05:55:59Z,822b65f405d1f87e722ec0c7e5cfc5fb35d1e9a2,7090,size_in_bytes,lib/ocaml/compiler-libs/regalloc_interf_graph.cmt,450643
2026-09-05T05:55:59Z,822b65f405d1f87e722ec0c7e5cfc5fb35d1e9a2,7090,size_in_bytes,lib/ocaml/compiler-libs/flambda2_datalog__Trie.cmt,403367
2026-09-05T05:55:59Z,822b65f405d1f87e722ec0c7e5cfc5fb35d1e9a2,7090,size_in_bytes,lib/ocaml/compiler-libs/jkind_types.cmt,1464569
2026-09-05T05:55:59Z,822b65f405d1f87e722ec0c7e5cfc5fb35d1e9a2,7090,size_in_bytes,lib/ocaml/compiler-libs/typeclass.cmt,3192008
2026-09-05T05:55:59Z,822b65f405d1f87e722ec0c7e5cfc5fb35d1e9a2,7090,size_in_bytes,lib/ocaml/compiler-libs/translclass.cmt,1778492
2026-09-05T05:55:59Z,822b65f405d1f87e722ec0c7e5cfc5fb35d1e9a2,7090,size_in_bytes,lib/ocaml/compiler-libs/cfg_deadcode.cmt,75176
2026-09-05T05:55:59Z,822b65f405d1f87e722ec0c7e5cfc5fb35d1e9a2,7090,size_in_bytes,lib/ocaml/compiler-libs/flambda2_reaper__Unboxing_analysis.cmt,996423
2026-09-05T05:55:59Z,822b65f405d1f87e722ec0c7e5cfc5fb35d1e9a2,7090,size_in_bytes,lib/ocaml/compiler-libs/cfg_comballoc.cmt,204188
2026-09-05T05:55:59Z,822b65f405d1f87e722ec0c7e5cfc5fb35d1e9a2,7090,size_in_bytes,lib/ocaml/compiler-libs/flambda2_simplify__Simplify_rec_info_expr.cmt,156812
2026-09-05T05:55:59Z,822b65f405d1f87e722ec0c7e5cfc5fb35d1e9a2,7090,size_in_bytes,lib/ocaml/compiler-libs/flambda2_terms__Effects.cmt,55776
2026-09-05T05:55:59Z,822b65f405d1f87e722ec0c7e5cfc5fb35d1e9a2,7090,size_in_bytes,lib/ocaml/compiler-libs/flambda2_identifiers__Named_rewrite_id.cmt,31062
2026-09-05T05:55:59Z,822b65f405d1f87e722ec0c7e5cfc5fb35d1e9a2,7090,size_in_bytes,lib/ocaml/compiler-libs/flambda2_to_jsir__To_jsir_env.cmt,335196
2026-09-05T05:55:59Z,822b65f405d1f87e722ec0c7e5cfc5fb35d1e9a2,7090,size_in_bytes,lib/ocaml/compiler-libs/flambda2_identifiers__Slot.cmt,339845
2026-09-05T05:55:59Z,822b65f405d1f87e722ec0c7e5cfc5fb35d1e9a2,7090,size_in_bytes,lib/ocaml/compiler-libs/dwarf_low__Location_or_range_list_table.cmt,124434
2026-09-05T05:55:59Z,822b65f405d1f87e722ec0c7e5cfc5fb35d1e9a2,7090,size_in_bytes,lib/ocaml/compiler-libs/dwarf_low__Location_list.cmt,20389
2026-09-05T05:55:59Z,822b65f405d1f87e722ec0c7e5cfc5fb35d1e9a2,7090,size_in_bytes,lib/ocaml/compiler-libs/gprinttyp.cmt,1856034
2026-09-05T05:55:59Z,822b65f405d1f87e722ec0c7e5cfc5fb35d1e9a2,7090,size_in_bytes,lib/ocaml/compiler-libs/flambda2_identifiers__Code_id.cmt,26678
2026-09-05T05:55:59Z,822b65f405d1f87e722ec0c7e5cfc5fb35d1e9a2,7090,size_in_bytes,lib/ocaml/compiler-libs/flambda2_terms__Poll_attribute.cmt,35780
2026-09-05T05:55:59Z,822b65f405d1f87e722ec0c7e5cfc5fb35d1e9a2,7090,size_in_bytes,lib/ocaml/compiler-libs/arm64_binary_emitter__Fp_helpers.cmt,325501
2026-09-05T05:55:59Z,822b65f405d1f87e722ec0c7e5cfc5fb35d1e9a2,7090,size_in_bytes,lib/ocaml/compiler-libs/arch.cmt,868473
2026-09-05T05:55:59Z,822b65f405d1f87e722ec0c7e5cfc5fb35d1e9a2,7090,size_in_bytes,lib/ocaml/compiler-libs/linker_script.cmt,69649
2026-09-05T05:55:59Z,822b65f405d1f87e722ec0c7e5cfc5fb35d1e9a2,7090,size_in_bytes,lib/ocaml/compiler-libs/flambda2_terms__Inline_attribute.cmt,58105
2026-09-05T05:55:59Z,822b65f405d1f87e722ec0c7e5cfc5fb35d1e9a2,7090,size_in_bytes,lib/ocaml/compiler-libs/cmi_format.cmt,313340
2026-09-05T05:55:59Z,822b65f405d1f87e722ec0c7e5cfc5fb35d1e9a2,7090,size_in_bytes,lib/ocaml/compiler-libs/flambda2_simplify__Simplified_named.cmt,101122
2026-09-05T05:55:59Z,822b65f405d1f87e722ec0c7e5cfc5fb35d1e9a2,7090,size_in_bytes,lib/ocaml/compiler-libs/flambda2_simplify__Downwards_env.cmt,1124200
2026-09-05T05:55:59Z,822b65f405d1f87e722ec0c7e5cfc5fb35d1e9a2,7090,size_in_bytes,lib/ocaml/compiler-libs/flambda2_numbers.cmt,14599
2026-09-05T05:55:59Z,822b65f405d1f87e722ec0c7e5cfc5fb35d1e9a2,7090,size_in_bytes,lib/ocaml/compiler-libs/flambda2_bound_identifiers__Bound_static.cmt,203737
2026-09-05T05:55:59Z,822b65f405d1f87e722ec0c7e5cfc5fb35d1e9a2,7090,size_in_bytes,lib/ocaml/compiler-libs/printcmm.cmt,1057927
2026-09-05T05:55:59Z,822b65f405d1f87e722ec0c7e5cfc5fb35d1e9a2,7090,size_in_bytes,lib/ocaml/compiler-libs/extract_relocations.cmt,228563
2026-09-05T05:55:59Z,822b65f405d1f87e722ec0c7e5cfc5fb35d1e9a2,7090,size_in_bytes,lib/ocaml/compiler-libs/flambda2_types__Join_env.cmt,3458730
2026-09-05T05:55:59Z,822b65f405d1f87e722ec0c7e5cfc5fb35d1e9a2,7090,size_in_bytes,lib/ocaml/compiler-libs/flambda2_to_cmm__To_cmm_result.cmt,199301
2026-09-05T05:55:59Z,822b65f405d1f87e722ec0c7e5cfc5fb35d1e9a2,7090,size_in_bytes,lib/ocaml/compiler-libs/dwarf_low__Inline_code.cmt,23179
2026-09-05T05:55:59Z,822b65f405d1f87e722ec0c7e5cfc5fb35d1e9a2,7090,size_in_bytes,lib/ocaml/compiler-libs/flambda2_nominal__Contains_names.cmt,25451
2026-09-05T05:55:59Z,822b65f405d1f87e722ec0c7e5cfc5fb35d1e9a2,7090,size_in_bytes,lib/ocaml/compiler-libs/dwarf_high__Assign_abbrevs.cmt,79788
2026-09-05T05:55:59Z,822b65f405d1f87e722ec0c7e5cfc5fb35d1e9a2,7090,size_in_bytes,lib/ocaml/compiler-libs/dwarf_low__Dwarf_attributes.cmt,672448
2026-09-05T05:55:59Z,822b65f405d1f87e722ec0c7e5cfc5fb35d1e9a2,7090,size_in_bytes,lib/ocaml/compiler-libs/x86_section.cmt,111940
2026-09-05T05:55:59Z,822b65f405d1f87e722ec0c7e5cfc5fb35d1e9a2,7090,size_in_bytes,lib/ocaml/compiler-libs/flambda2_to_cmm__To_cmm_set_of_closures.cmt,1186205
2026-09-05T05:55:59Z,822b65f405d1f87e722ec0c7e5cfc5fb35d1e9a2,7090,size_in_bytes,lib/ocaml/compiler-libs/shape_reduce.cmt,1011444
2026-09-05T05:55:59Z,822b65f405d1f87e722ec0c7e5cfc5fb35d1e9a2,7090,size_in_bytes,lib/ocaml/compiler-libs/flambda2_simplify__Simplify_set_of_closures.cmt,1245673
2026-09-05T05:55:59Z,822b65f405d1f87e722ec0c7e5cfc5fb35d1e9a2,7090,size_in_bytes,lib/ocaml/compiler-libs/out_type.cmt,5477348
2026-09-05T05:55:59Z,822b65f405d1f87e722ec0c7e5cfc5fb35d1e9a2,7090,size_in_bytes,lib/ocaml/compiler-libs/printast_with_mappings.cmt,3643192
2026-09-05T05:55:59Z,822b65f405d1f87e722ec0c7e5cfc5fb35d1e9a2,7090,size_in_bytes,lib/ocaml/compiler-libs/x86_proc.cmt,375139
2026-09-05T05:55:59Z,822b65f405d1f87e722ec0c7e5cfc5fb35d1e9a2,7090,size_in_bytes,lib/ocaml/compiler-libs/dwarf_low__Dwarf_int.cmt,121502
2026-09-05T05:55:59Z,822b65f405d1f87e722ec0c7e5cfc5fb35d1e9a2,7090,size_in_bytes,lib/ocaml/compiler-libs/opttoploop.cmt,1475825
2026-09-05T05:55:59Z,822b65f405d1f87e722ec0c7e5cfc5fb35d1e9a2,7090,size_in_bytes,lib/ocaml/compiler-libs/attr_helper.cmt,54178
2026-09-05T05:55:59Z,822b65f405d1f87e722ec0c7e5cfc5fb35d1e9a2,7090,size_in_bytes,lib/ocaml/compiler-libs/flambda2_kinds__Flambda_kind.cmt,2112462
2026-09-05T05:55:59Z,822b65f405d1f87e722ec0c7e5cfc5fb35d1e9a2,7090,size_in_bytes,lib/ocaml/compiler-libs/stack_reg_offset.cmt,32984
2026-09-05T05:55:59Z,822b65f405d1f87e722ec0c7e5cfc5fb35d1e9a2,7090,size_in_bytes,lib/ocaml/compiler-libs/flambda2_simplify__One_continuation_use.cmt,67058
2026-09-05T05:55:59Z,822b65f405d1f87e722ec0c7e5cfc5fb35d1e9a2,7090,size_in_bytes,lib/ocaml/compiler-libs/flambda2_kinds__Tag.cmt,453845
2026-09-05T05:55:59Z,822b65f405d1f87e722ec0c7e5cfc5fb35d1e9a2,7090,size_in_bytes,lib/ocaml/compiler-libs/ident.cmt,746255
2026-09-05T05:55:59Z,822b65f405d1f87e722ec0c7e5cfc5fb35d1e9a2,7090,size_in_bytes,lib/ocaml/compiler-libs/asmlink.cmt,637000
2026-09-05T05:55:59Z,822b65f405d1f87e722ec0c7e5cfc5fb35d1e9a2,7090,size_in_bytes,lib/ocaml/compiler-libs/arm64_binary_emitter__All_section_states.cmt,176234
2026-09-05T05:55:59Z,822b65f405d1f87e722ec0c7e5cfc5fb35d1e9a2,7090,size_in_bytes,lib/ocaml/compiler-libs/flambda2_terms__Apply_cont_expr.cmt,356685
2026-09-05T05:55:59Z,822b65f405d1f87e722ec0c7e5cfc5fb35d1e9a2,7090,size_in_bytes,lib/ocaml/compiler-libs/flambda2_bound_identifiers__Bound_for_function.cmt,220309
2026-09-05T05:55:59Z,822b65f405d1f87e722ec0c7e5cfc5fb35d1e9a2,7090,size_in_bytes,lib/ocaml/compiler-libs/flambda2_terms__Set_of_closures.cmt,308605
2026-09-05T05:55:59Z,822b65f405d1f87e722ec0c7e5cfc5fb35d1e9a2,7090,size_in_bytes,lib/ocaml/compiler-libs/asmgen.cmt,1122272
2026-09-05T05:55:59Z,822b65f405d1f87e722ec0c7e5cfc5fb35d1e9a2,7090,size_in_bytes,lib/ocaml/compiler-libs/flambda2_terms__Inlining_state.cmt,94718
2026-09-05T05:55:59Z,822b65f405d1f87e722ec0c7e5cfc5fb35d1e9a2,7090,size_in_bytes,lib/ocaml/compiler-libs/flambda2_simplify__Unboxers.cmt,170216
2026-09-05T05:55:59Z,822b65f405d1f87e722ec0c7e5cfc5fb35d1e9a2,7090,size_in_bytes,lib/ocaml/compiler-libs/flambda2_terms__Function_declarations.cmt,132363
2026-09-05T05:55:59Z,822b65f405d1f87e722ec0c7e5cfc5fb35d1e9a2,7090,size_in_bytes,lib/ocaml/compiler-libs/flambda2_term_basics__Symbol_projection.cmt,174136
2026-09-05T05:55:59Z,822b65f405d1f87e722ec0c7e5cfc5fb35d1e9a2,7090,size_in_bytes,lib/ocaml/compiler-libs/flambda2_identifiers__Variable.cmt,51335
2026-09-05T05:55:59Z,822b65f405d1f87e722ec0c7e5cfc5fb35d1e9a2,7090,size_in_bytes,lib/ocaml/compiler-libs/flambda2_nominal__Renaming.cmt,292194
2026-09-05T05:55:59Z,822b65f405d1f87e722ec0c7e5cfc5fb35d1e9a2,7090,size_in_bytes,lib/ocaml/compiler-libs/partition_object_files.cmt,126078
2026-09-05T05:55:59Z,822b65f405d1f87e722ec0c7e5cfc5fb35d1e9a2,7090,size_in_bytes,lib/ocaml/compiler-libs/proc.cmt,765474
2026-09-05T05:55:59Z,822b65f405d1f87e722ec0c7e5cfc5fb35d1e9a2,7090,size_in_bytes,lib/ocaml/compiler-libs/translmod.cmt,2183254
2026-09-05T05:55:59Z,822b65f405d1f87e722ec0c7e5cfc5fb35d1e9a2,7090,size_in_bytes,lib/ocaml/compiler-libs/flambda2_terms__Removed_operations.cmt,158935
2026-09-05T05:55:59Z,822b65f405d1f87e722ec0c7e5cfc5fb35d1e9a2,7090,size_in_bytes,lib/ocaml/compiler-libs/binutils.cmt,900333
2026-09-05T05:55:59Z,822b65f405d1f87e722ec0c7e5cfc5fb35d1e9a2,7090,size_in_bytes,lib/ocaml/compiler-libs/flambda2_terms__Effects_and_coeffects.cmt,63387
2026-09-05T05:55:59Z,822b65f405d1f87e722ec0c7e5cfc5fb35d1e9a2,7090,size_in_bytes,lib/ocaml/compiler-libs/dwarf_low__Debugging_information_entry.cmt,65848
2026-09-05T05:55:59Z,822b65f405d1f87e722ec0c7e5cfc5fb35d1e9a2,7090,size_in_bytes,lib/ocaml/compiler-libs/flambda2_parser__Fexpr_prim_descr.cmt,880955
2026-09-05T05:55:59Z,822b65f405d1f87e722ec0c7e5cfc5fb35d1e9a2,7090,size_in_bytes,lib/ocaml/compiler-libs/flambda2_simplify__Unboxing_types.cmt,264847
2026-09-05T05:55:59Z,822b65f405d1f87e722ec0c7e5cfc5fb35d1e9a2,7090,size_in_bytes,lib/ocaml/compiler-libs/flambda2_terms__Recursive.cmt,29720
2026-09-05T05:55:59Z,822b65f405d1f87e722ec0c7e5cfc5fb35d1e9a2,7090,size_in_bytes,lib/ocaml/compiler-libs/includeclass.cmt,179742
2026-09-05T05:55:59Z,822b65f405d1f87e722ec0c7e5cfc5fb35d1e9a2,7090,size_in_bytes,lib/ocaml/compiler-libs/translprim.cmt,3196968
2026-09-05T05:55:59Z,822b65f405d1f87e722ec0c7e5cfc5fb35d1e9a2,7090,size_in_bytes,lib/ocaml/compiler-libs/flambda2_identifiers__Flambda_debug_uid.cmt,202940
2026-09-05T05:55:59Z,822b65f405d1f87e722ec0c7e5cfc5fb35d1e9a2,7090,size_in_bytes,lib/ocaml/compiler-libs/regalloc_split.cmt,620913
2026-09-05T05:55:59Z,822b65f405d1f87e722ec0c7e5cfc5fb35d1e9a2,7090,size_in_bytes,lib/ocaml/compiler-libs/internal_assembler.cmt,408518
2026-09-05T05:55:59Z,822b65f405d1f87e722ec0c7e5cfc5fb35d1e9a2,7090,size_in_bytes,lib/ocaml/compiler-libs/flambda2_types__Reify.cmt,552230
2026-09-05T05:55:59Z,822b65f405d1f87e722ec0c7e5cfc5fb35d1e9a2,7090,size_in_bytes,lib/ocaml/compiler-libs/cmo_io.cmt,46403
2026-09-05T05:55:59Z,822b65f405d1f87e722ec0c7e5cfc5fb35d1e9a2,7090,size_in_bytes,lib/ocaml/compiler-libs/reg.cmt,604737
2026-09-05T05:55:59Z,822b65f405d1f87e722ec0c7e5cfc5fb35d1e9a2,7090,size_in_bytes,lib/ocaml/compiler-libs/printinstr.cmt,304512
2026-09-05T05:55:59Z,822b65f405d1f87e722ec0c7e5cfc5fb35d1e9a2,7090,size_in_bytes,lib/ocaml/compiler-libs/dwarf_low__Address_index.cmt,251996
2026-09-05T05:55:59Z,822b65f405d1f87e722ec0c7e5cfc5fb35d1e9a2,7090,size_in_bytes,lib/ocaml/compiler-libs/flambda2_terms__Placement.cmt,35693
2026-09-05T05:55:59Z,822b65f405d1f87e722ec0c7e5cfc5fb35d1e9a2,7090,size_in_bytes,lib/ocaml/compiler-libs/flambda2_bound_identifiers__Bound_pattern.cmt,254789
2026-09-05T05:55:59Z,822b65f405d1f87e722ec0c7e5cfc5fb35d1e9a2,7090,size_in_bytes,lib/ocaml/compiler-libs/flambda2_terms__First_complex_local_param.cmt,35972
2026-09-05T05:55:59Z,822b65f405d1f87e722ec0c7e5cfc5fb35d1e9a2,7090,size_in_bytes,lib/ocaml/compiler-libs/printoperation.cmt,409501
2026-09-05T05:55:59Z,822b65f405d1f87e722ec0c7e5cfc5fb35d1e9a2,7090,size_in_bytes,lib/ocaml/compiler-libs/flambda2_bound_identifiers__Bound_name.cmt,55791
2026-09-05T05:55:59Z,822b65f405d1f87e722ec0c7e5cfc5fb35d1e9a2,7090,size_in_bytes,lib/ocaml/compiler-libs/flambda2_terms__Code_size.cmt,452136
2026-09-05T05:55:59Z,822b65f405d1f87e722ec0c7e5cfc5fb35d1e9a2,7090,size_in_bytes,lib/ocaml/compiler-libs/numbers.cmt,547319
2026-09-05T05:55:59Z,822b65f405d1f87e722ec0c7e5cfc5fb35d1e9a2,7090,size_in_bytes,lib/ocaml/compiler-libs/hash_consed.cmt,77049
2026-09-05T05:55:59Z,822b65f405d1f87e722ec0c7e5cfc5fb35d1e9a2,7090,size_in_bytes,lib/ocaml/compiler-libs/import_info.cmt,185825
2026-09-05T05:55:59Z,822b65f405d1f87e722ec0c7e5cfc5fb35d1e9a2,7090,size_in_bytes,lib/ocaml/compiler-libs/flambda2_parser__Print_fexpr.cmt,1812479
2026-09-05T05:55:59Z,822b65f405d1f87e722ec0c7e5cfc5fb35d1e9a2,7090,size_in_bytes,lib/ocaml/compiler-libs/translquote.cmt,5100781
2026-09-05T05:55:59Z,822b65f405d1f87e722ec0c7e5cfc5fb35d1e9a2,7090,size_in_bytes,lib/ocaml/compiler-libs/zero_alloc_info.cmt,86200
2026-09-05T05:55:59Z,822b65f405d1f87e722ec0c7e5cfc5fb35d1e9a2,7090,size_in_bytes,lib/ocaml/compiler-libs/flambda2_simplify__Flow_types.cmt,404830
2026-09-05T05:55:59Z,822b65f405d1f87e722ec0c7e5cfc5fb35d1e9a2,7090,size_in_bytes,lib/ocaml/compiler-libs/flambda2_cmx__Exported_code.cmt,147022
2026-09-05T05:55:59Z,822b65f405d1f87e722ec0c7e5cfc5fb35d1e9a2,7090,size_in_bytes,lib/ocaml/compiler-libs/emitcode.cmt,948363
2026-09-05T05:55:59Z,822b65f405d1f87e722ec0c7e5cfc5fb35d1e9a2,7090,size_in_bytes,lib/ocaml/compiler-libs/flambda2_numbers__Targetint_32_64.cmt,1045040
2026-09-05T05:55:59Z,822b65f405d1f87e722ec0c7e5cfc5fb35d1e9a2,7090,size_in_bytes,lib/ocaml/compiler-libs/flambda2_numbers__Vector_types.cmt,689976
2026-09-05T05:55:59Z,822b65f405d1f87e722ec0c7e5cfc5fb35d1e9a2,7090,size_in_bytes,lib/ocaml/compiler-libs/flambda2_types__Meet_and_n_way_join.cmt,3994358
2026-09-05T05:55:59Z,822b65f405d1f87e722ec0c7e5cfc5fb35d1e9a2,7090,size_in_bytes,lib/ocaml/compiler-libs/flambda2_from_lambda__Lambda_to_flambda.cmt,2390118
2026-09-05T05:55:59Z,822b65f405d1f87e722ec0c7e5cfc5fb35d1e9a2,7090,size_in_bytes,lib/ocaml/compiler-libs/zero_alloc_utils.cmt,272816
2026-09-05T05:55:59Z,822b65f405d1f87e722ec0c7e5cfc5fb35d1e9a2,7090,size_in_bytes,lib/ocaml/compiler-libs/location.cmt,1563929
2026-09-05T05:55:59Z,822b65f405d1f87e722ec0c7e5cfc5fb35d1e9a2,7090,size_in_bytes,lib/ocaml/compiler-libs/persistent_env.cmt,1580149
2026-09-05T05:55:59Z,822b65f405d1f87e722ec0c7e5cfc5fb35d1e9a2,7090,size_in_bytes,lib/ocaml/compiler-libs/regalloc_gi.cmt,385473
2026-09-05T05:55:59Z,822b65f405d1f87e722ec0c7e5cfc5fb35d1e9a2,7090,size_in_bytes,lib/ocaml/compiler-libs/flambda2_datalog__Datalog.cmt,580817
2026-09-05T05:55:59Z,822b65f405d1f87e722ec0c7e5cfc5fb35d1e9a2,7090,size_in_bytes,lib/ocaml/compiler-libs/arm64_ast.cmt,11406
2026-09-05T05:55:59Z,822b65f405d1f87e722ec0c7e5cfc5fb35d1e9a2,7090,size_in_bytes,lib/ocaml/compiler-libs/dwarf_low__Initial_length.cmt,30169
2026-09-05T05:55:59Z,822b65f405d1f87e722ec0c7e5cfc5fb35d1e9a2,7090,size_in_bytes,lib/ocaml/compiler-libs/flambda2_simplify__Downwards_acc.cmt,512215
2026-09-05T05:55:59Z,822b65f405d1f87e722ec0c7e5cfc5fb35d1e9a2,7090,size_in_bytes,lib/ocaml/compiler-libs/arm64_binary_emitter__Condition_helpers.cmt,29394
2026-09-05T05:55:59Z,822b65f405d1f87e722ec0c7e5cfc5fb35d1e9a2,7090,size_in_bytes,lib/ocaml/compiler-libs/global_module.cmt,978631
2026-09-05T05:55:59Z,822b65f405d1f87e722ec0c7e5cfc5fb35d1e9a2,7090,size_in_bytes,lib/ocaml/compiler-libs/flambda2_term_basics__Rec_info_expr.cmt,67057
2026-09-05T05:55:59Z,822b65f405d1f87e722ec0c7e5cfc5fb35d1e9a2,7090,size_in_bytes,lib/ocaml/compiler-libs/flambda2_simplify.cmt,72096
2026-09-05T05:55:59Z,822b65f405d1f87e722ec0c7e5cfc5fb35d1e9a2,7090,size_in_bytes,lib/ocaml/compiler-libs/available_ranges_vars.cmt,210307
2026-09-05T05:55:59Z,822b65f405d1f87e722ec0c7e5cfc5fb35d1e9a2,7090,size_in_bytes,lib/ocaml/compiler-libs/flambda2_from_lambda__Closure_conversion_aux.cmt,1358519
2026-09-05T05:55:59Z,822b65f405d1f87e722ec0c7e5cfc5fb35d1e9a2,7090,size_in_bytes,lib/ocaml/compiler-libs/dwarf_compilation_unit.cmt,72790
2026-09-05T05:55:59Z,822b65f405d1f87e722ec0c7e5cfc5fb35d1e9a2,7090,size_in_bytes,lib/ocaml/compiler-libs/flambda2_terms__Inlining_arguments.cmt,404899
2026-09-05T05:55:59Z,822b65f405d1f87e722ec0c7e5cfc5fb35d1e9a2,7090,size_in_bytes,lib/ocaml/compiler-libs/linear_format.cmt,117746
2026-09-05T05:55:59Z,822b65f405d1f87e722ec0c7e5cfc5fb35d1e9a2,7090,size_in_bytes,lib/ocaml/compiler-libs/dwarf_low__Dwarf_emittable.cmt,21412
2026-09-05T05:55:59Z,822b65f405d1f87e722ec0c7e5cfc5fb35d1e9a2,7090,size_in_bytes,lib/ocaml/compiler-libs/debuginfo.cmt,663219
2026-09-05T05:55:59Z,822b65f405d1f87e722ec0c7e5cfc5fb35d1e9a2,7090,size_in_bytes,lib/ocaml/compiler-libs/flambda2_reaper__Dot_printer.cmt,140473
2026-09-05T05:55:59Z,822b65f405d1f87e722ec0c7e5cfc5fb35d1e9a2,7090,size_in_bytes,lib/ocaml/compiler-libs/bytepackager.cmt,410941
2026-09-05T05:55:59Z,822b65f405d1f87e722ec0c7e5cfc5fb35d1e9a2,7090,size_in_bytes,lib/ocaml/compiler-libs/translattribute.cmt,529855
2026-09-05T05:55:59Z,822b65f405d1f87e722ec0c7e5cfc5fb35d1e9a2,7090,size_in_bytes,lib/ocaml/compiler-libs/flambda2_simplify__Lifted_constant_state.cmt,261037
2026-09-05T05:55:59Z,822b65f405d1f87e722ec0c7e5cfc5fb35d1e9a2,7090,size_in_bytes,lib/ocaml/compiler-libs/flambda2_simplify__Simplify_binary_primitive.cmt,3945467
2026-09-05T05:55:59Z,822b65f405d1f87e722ec0c7e5cfc5fb35d1e9a2,7090,size_in_bytes,lib/ocaml/compiler-libs/flambda2_cmx.cmt,12269
2026-09-05T05:55:59Z,822b65f405d1f87e722ec0c7e5cfc5fb35d1e9a2,7090,size_in_bytes,lib/ocaml/compiler-libs/flambda2_identifiers__Rec_info_expr0.cmt,212135
2026-09-05T05:55:59Z,822b65f405d1f87e722ec0c7e5cfc5fb35d1e9a2,7090,size_in_bytes,lib/ocaml/compiler-libs/arm64_binary_emitter__Section_state.cmt,239835
2026-09-05T05:55:59Z,822b65f405d1f87e722ec0c7e5cfc5fb35d1e9a2,7090,size_in_bytes,lib/ocaml/compiler-libs/dwarf_low__Dwarf_operator.cmt,431899
2026-09-05T05:55:59Z,822b65f405d1f87e722ec0c7e5cfc5fb35d1e9a2,7090,size_in_bytes,lib/ocaml/compiler-libs/flambda2_terms__Expr_std.cmt,32784
2026-09-05T05:55:59Z,822b65f405d1f87e722ec0c7e5cfc5fb35d1e9a2,7090,size_in_bytes,lib/ocaml/compiler-libs/makedepend.cmt,1093830
2026-09-05T05:55:59Z,822b65f405d1f87e722ec0c7e5cfc5fb35d1e9a2,7090,size_in_bytes,lib/ocaml/compiler-libs/flambda2_nominal__Name_mode.cmt,339802
2026-09-05T05:55:59Z,822b65f405d1f87e722ec0c7e5cfc5fb35d1e9a2,7090,size_in_bytes,lib/ocaml/compiler-libs/flambda2_types__More_type_creators.cmt,614644
2026-09-05T05:55:59Z,822b65f405d1f87e722ec0c7e5cfc5fb35d1e9a2,7090,size_in_bytes,lib/ocaml/compiler-libs/fdo_info.cmt,36712
2026-09-05T05:55:59Z,822b65f405d1f87e722ec0c7e5cfc5fb35d1e9a2,7090,size_in_bytes,lib/ocaml/compiler-libs/slambdaident.cmt,212478
2026-09-05T05:55:59Z,822b65f405d1f87e722ec0c7e5cfc5fb35d1e9a2,7090,size_in_bytes,lib/ocaml/compiler-libs/flambda2_simplify__Continuation_uses_env_intf.cmt,42061
2026-09-05T05:55:59Z,822b65f405d1f87e722ec0c7e5cfc5fb35d1e9a2,7090,size_in_bytes,lib/ocaml/compiler-libs/typemod.cmt,6762925
2026-09-05T05:55:59Z,822b65f405d1f87e722ec0c7e5cfc5fb35d1e9a2,7090,size_in_bytes,lib/ocaml/compiler-libs/regs.cmt,435575
2026-09-05T05:55:59Z,822b65f405d1f87e722ec0c7e5cfc5fb35d1e9a2,7090,size_in_bytes,lib/ocaml/compiler-libs/warnings.cmt,2117122
2026-09-05T05:55:59Z,822b65f405d1f87e722ec0c7e5cfc5fb35d1e9a2,7090,size_in_bytes,lib/ocaml/compiler-libs/flambda2_terms__Regalloc_attribute.cmt,39382
2026-09-05T05:55:59Z,822b65f405d1f87e722ec0c7e5cfc5fb35d1e9a2,7090,size_in_bytes,lib/ocaml/compiler-libs/flambda2_nominal__Name_occurrences.cmt,1510446
2026-09-05T05:55:59Z,822b65f405d1f87e722ec0c7e5cfc5fb35d1e9a2,7090,size_in_bytes,lib/ocaml/compiler-libs/flambda2_simplify__Simplify_import.cmt,45201
2026-09-05T05:55:59Z,822b65f405d1f87e722ec0c7e5cfc5fb35d1e9a2,7090,size_in_bytes,lib/ocaml/compiler-libs/ir_config_fingerprint.cmt,78520
2026-09-05T05:55:59Z,822b65f405d1f87e722ec0c7e5cfc5fb35d1e9a2,7090,size_in_bytes,lib/ocaml/compiler-libs/cmm_peephole_engine.cmt,489797
2026-09-05T05:55:59Z,822b65f405d1f87e722ec0c7e5cfc5fb35d1e9a2,7090,size_in_bytes,lib/ocaml/compiler-libs/flambda2_simplify__Comparison_result.cmt,92583
2026-09-05T05:55:59Z,822b65f405d1f87e722ec0c7e5cfc5fb35d1e9a2,7090,size_in_bytes,lib/ocaml/compiler-libs/flambda2_bound_identifiers__Bound_continuations.cmt,78458
2026-09-05T05:55:59Z,822b65f405d1f87e722ec0c7e5cfc5fb35d1e9a2,7090,size_in_bytes,lib/ocaml/compiler-libs/amd64_simd_instrs.cmt,48791642
2026-09-05T05:55:59Z,822b65f405d1f87e722ec0c7e5cfc5fb35d1e9a2,7090,size_in_bytes,lib/ocaml/compiler-libs/flambda2_simplify__Simplify.cmt,115671
2026-09-05T05:55:59Z,822b65f405d1f87e722ec0c7e5cfc5fb35d1e9a2,7090,size_in_bytes,lib/ocaml/compiler-libs/string_table.cmt,37698
2026-09-05T05:55:59Z,822b65f405d1f87e722ec0c7e5cfc5fb35d1e9a2,7090,size_in_bytes,lib/ocaml/compiler-libs/runtimetags.cmt,21997
2026-09-05T05:55:59Z,822b65f405d1f87e722ec0c7e5cfc5fb35d1e9a2,7090,size_in_bytes,lib/ocaml/compiler-libs/flambda2_to_cmm.cmt,16776
2026-09-05T05:55:59Z,822b65f405d1f87e722ec0c7e5cfc5fb35d1e9a2,7090,size_in_bytes,lib/ocaml/compiler-libs/compilenv.cmt,383518
2026-09-05T05:55:59Z,822b65f405d1f87e722ec0c7e5cfc5fb35d1e9a2,7090,size_in_bytes,lib/ocaml/compiler-libs/printblambda.cmt,542640
2026-09-05T05:55:59Z,822b65f405d1f87e722ec0c7e5cfc5fb35d1e9a2,7090,size_in_bytes,lib/ocaml/compiler-libs/flambda2_to_jsir__To_jsir_set_of_closures.cmt,105954
2026-09-05T05:55:59Z,822b65f405d1f87e722ec0c7e5cfc5fb35d1e9a2,7090,size_in_bytes,lib/ocaml/compiler-libs/priority_queue.cmt,264382
2026-09-05T05:55:59Z,822b65f405d1f87e722ec0c7e5cfc5fb35d1e9a2,7090,size_in_bytes,lib/ocaml/compiler-libs/cfg_to_linear.cmt,517393
2026-09-05T05:55:59Z,822b65f405d1f87e722ec0c7e5cfc5fb35d1e9a2,7090,size_in_bytes,lib/ocaml/compiler-libs/flambda2_to_cmm__To_cmm.cmt,449503
2026-09-05T05:55:59Z,822b65f405d1f87e722ec0c7e5cfc5fb35d1e9a2,7090,size_in_bytes,lib/ocaml/compiler-libs/flambda2_to_jsir__To_jsir.cmt,824264
2026-09-05T05:55:59Z,822b65f405d1f87e722ec0c7e5cfc5fb35d1e9a2,7090,size_in_bytes,lib/ocaml/compiler-libs/flambda2_simplify__Flow.cmt,25658
2026-09-05T05:55:59Z,822b65f405d1f87e722ec0c7e5cfc5fb35d1e9a2,7090,size_in_bytes,lib/ocaml/compiler-libs/flambda2_nominal.cmt,17527
2026-09-05T05:55:59Z,822b65f405d1f87e722ec0c7e5cfc5fb35d1e9a2,7090,size_in_bytes,lib/ocaml/compiler-libs/cfg.cmt,968190
2026-09-05T05:55:59Z,822b65f405d1f87e722ec0c7e5cfc5fb35d1e9a2,7090,size_in_bytes,lib/ocaml/compiler-libs/cfg_quick_hash.cmt,92737
2026-09-05T05:55:59Z,822b65f405d1f87e722ec0c7e5cfc5fb35d1e9a2,7090,size_in_bytes,lib/ocaml/compiler-libs/flambda2_types__Join_levels.cmt,163802
2026-09-05T05:55:59Z,822b65f405d1f87e722ec0c7e5cfc5fb35d1e9a2,7090,size_in_bytes,lib/ocaml/compiler-libs/flambda2_datalog__Virtual_machine.cmt,280599
2026-09-05T05:55:59Z,822b65f405d1f87e722ec0c7e5cfc5fb35d1e9a2,7090,size_in_bytes,lib/ocaml/compiler-libs/genprintval.cmt,1294108
2026-09-05T05:55:59Z,822b65f405d1f87e722ec0c7e5cfc5fb35d1e9a2,7090,size_in_bytes,lib/ocaml/compiler-libs/complex_shape.cmt,1055555
2026-09-05T05:55:59Z,822b65f405d1f87e722ec0c7e5cfc5fb35d1e9a2,7090,size_in_bytes,lib/ocaml/compiler-libs/dwarf_high__Operator_builder.cmt,173572
2026-09-05T05:55:59Z,822b65f405d1f87e722ec0c7e5cfc5fb35d1e9a2,7090,size_in_bytes,lib/ocaml/compiler-libs/env.cmt,8489747
2026-09-05T05:55:59Z,822b65f405d1f87e722ec0c7e5cfc5fb35d1e9a2,7090,size_in_bytes,lib/ocaml/compiler-libs/vectorize.cmt,3747621
2026-09-05T05:55:59Z,822b65f405d1f87e722ec0c7e5cfc5fb35d1e9a2,7090,size_in_bytes,lib/ocaml/compiler-libs/doubly_linked_list.cmt,589904
2026-09-05T05:55:59Z,822b65f405d1f87e722ec0c7e5cfc5fb35d1e9a2,7090,size_in_bytes,lib/ocaml/compiler-libs/flambda2_algorithms__Channel.cmt,28709
2026-09-05T05:55:59Z,822b65f405d1f87e722ec0c7e5cfc5fb35d1e9a2,7090,size_in_bytes,lib/ocaml/compiler-libs/regalloc_irc_utils.cmt,158171
2026-09-05T05:55:59Z,822b65f405d1f87e722ec0c7e5cfc5fb35d1e9a2,7090,size_in_bytes,lib/ocaml/compiler-libs/instruct.cmt,51600
2026-09-05T05:55:59Z,822b65f405d1f87e722ec0c7e5cfc5fb35d1e9a2,7090,size_in_bytes,lib/ocaml/compiler-libs/flambda2_simplify__Simplify_variadic_primitive.cmt,227863
2026-09-05T05:55:59Z,822b65f405d1f87e722ec0c7e5cfc5fb35d1e9a2,7090,size_in_bytes,lib/ocaml/compiler-libs/flambda2_datalog__Heterogenous_list.cmt,26489
2026-09-05T05:55:59Z,822b65f405d1f87e722ec0c7e5cfc5fb35d1e9a2,7090,size_in_bytes,lib/ocaml/compiler-libs/arm64_binary_emitter__Nop_helpers.cmt,15522
2026-09-05T05:55:59Z,822b65f405d1f87e722ec0c7e5cfc5fb35d1e9a2,7090,size_in_bytes,lib/ocaml/compiler-libs/flambda2_types__Aliases.cmt,961921
2026-09-05T05:55:59Z,822b65f405d1f87e722ec0c7e5cfc5fb35d1e9a2,7090,size_in_bytes,lib/ocaml/compiler-libs/peephole_optimize.cmt,53082
2026-09-05T05:55:59Z,822b65f405d1f87e722ec0c7e5cfc5fb35d1e9a2,7090,size_in_bytes,lib/ocaml/compiler-libs/flambda2_parser__Flambda_parser_messages.cmt,74334
2026-09-05T05:55:59Z,822b65f405d1f87e722ec0c7e5cfc5fb35d1e9a2,7090,size_in_bytes,lib/ocaml/compiler-libs/value_rec_check.cmt,1282436
2026-09-05T05:55:59Z,822b65f405d1f87e722ec0c7e5cfc5fb35d1e9a2,7090,size_in_bytes,lib/ocaml/compiler-libs/flambda2_algorithms__Leapfrog.cmt,178546
2026-09-05T05:55:59Z,822b65f405d1f87e722ec0c7e5cfc5fb35d1e9a2,7090,size_in_bytes,lib/ocaml/compiler-libs/flambda2_types__Set_of_closures_contents.cmt,510241
2026-09-05T05:55:59Z,822b65f405d1f87e722ec0c7e5cfc5fb35d1e9a2,7090,size_in_bytes,lib/ocaml/compiler-libs/transl_array_comprehension.cmt,559104
2026-09-05T05:55:59Z,822b65f405d1f87e722ec0c7e5cfc5fb35d1e9a2,7090,size_in_bytes,lib/ocaml/compiler-libs/printpat.cmt,495624
2026-09-05T05:55:59Z,822b65f405d1f87e722ec0c7e5cfc5fb35d1e9a2,7090,size_in_bytes,lib/ocaml/compiler-libs/typemode.cmt,895162
2026-09-05T05:55:59Z,822b65f405d1f87e722ec0c7e5cfc5fb35d1e9a2,7090,size_in_bytes,lib/ocaml/compiler-libs/zero_alloc_checker.cmt,3639938
2026-09-05T05:55:59Z,822b65f405d1f87e722ec0c7e5cfc5fb35d1e9a2,7090,size_in_bytes,lib/ocaml/compiler-libs/arm64_binary_emitter__Yield_helpers.cmt,15538
2026-09-05T05:55:59Z,822b65f405d1f87e722ec0c7e5cfc5fb35d1e9a2,7090,size_in_bytes,lib/ocaml/compiler-libs/dwarf_variables_and_parameters.cmt,249972
2026-09-05T05:55:59Z,822b65f405d1f87e722ec0c7e5cfc5fb35d1e9a2,7090,size_in_bytes,lib/ocaml/compiler-libs/dwarf_low__Location_or_range_list_entry.cmt,154760
2026-09-05T05:55:59Z,822b65f405d1f87e722ec0c7e5cfc5fb35d1e9a2,7090,size_in_bytes,lib/ocaml/compiler-libs/flambda2_terms__Result_types.cmt,239170
2026-09-05T05:55:59Z,822b65f405d1f87e722ec0c7e5cfc5fb35d1e9a2,7090,size_in_bytes,lib/ocaml/compiler-libs/cfg_with_layout.cmt,645434
2026-09-05T05:55:59Z,822b65f405d1f87e722ec0c7e5cfc5fb35d1e9a2,7090,size_in_bytes,lib/ocaml/compiler-libs/target_system.cmt,106641
2026-09-05T05:55:59Z,822b65f405d1f87e722ec0c7e5cfc5fb35d1e9a2,7090,size_in_bytes,lib/ocaml/compiler-libs/flambda2_numbers__Target_ocaml_int.cmt,1097045
2026-09-05T05:55:59Z,822b65f405d1f87e722ec0c7e5cfc5fb35d1e9a2,7090,size_in_bytes,lib/ocaml/compiler-libs/flambda2_bound_identifiers__Bound_parameters.cmt,158239
2026-09-05T05:55:59Z,822b65f405d1f87e722ec0c7e5cfc5fb35d1e9a2,7090,size_in_bytes,lib/ocaml/compiler-libs/flambda2_algorithms__Or_null.cmt,38681
2026-09-05T05:55:59Z,822b65f405d1f87e722ec0c7e5cfc5fb35d1e9a2,7090,size_in_bytes,lib/ocaml/compiler-libs/blambda.cmt,73899
2026-09-05T05:55:59Z,822b65f405d1f87e722ec0c7e5cfc5fb35d1e9a2,7090,size_in_bytes,lib/ocaml/compiler-libs/binary_emitter_helpers.cmt,19421
2026-09-05T05:55:59Z,822b65f405d1f87e722ec0c7e5cfc5fb35d1e9a2,7090,size_in_bytes,lib/ocaml/compiler-libs/flambda2_to_cmm__To_cmm_shared.cmt,541448
2026-09-05T05:55:59Z,822b65f405d1f87e722ec0c7e5cfc5fb35d1e9a2,7090,size_in_bytes,lib/ocaml/compiler-libs/linear_utils.cmt,40247
2026-09-05T05:55:59Z,822b65f405d1f87e722ec0c7e5cfc5fb35d1e9a2,7090,size_in_bytes,lib/ocaml/compiler-libs/flambda2_simplify__Expr_builder.cmt,767066
2026-09-05T05:55:59Z,822b65f405d1f87e722ec0c7e5cfc5fb35d1e9a2,7090,size_in_bytes,lib/ocaml/compiler-libs/flambda2_reaper__Traverse_env.cmt,68220
2026-09-05T05:55:59Z,822b65f405d1f87e722ec0c7e5cfc5fb35d1e9a2,7090,size_in_bytes,lib/ocaml/compiler-libs/flambda2_from_lambda__Lambda_to_flambda_primitives_helpers.cmt,740243
2026-09-05T05:55:59Z,822b65f405d1f87e722ec0c7e5cfc5fb35d1e9a2,7090,size_in_bytes,lib/ocaml/compiler-libs/flambda2_simplify__Named_rewrite.cmt,49552
2026-09-05T05:55:59Z,822b65f405d1f87e722ec0c7e5cfc5fb35d1e9a2,7090,size_in_bytes,lib/ocaml/compiler-libs/dwarf_low__Abbreviations_table_entry.cmt,66919
2026-09-05T05:55:59Z,822b65f405d1f87e722ec0c7e5cfc5fb35d1e9a2,7090,size_in_bytes,lib/ocaml/compiler-libs/bytefunctorizer.cmt,28085
2026-09-05T05:55:59Z,822b65f405d1f87e722ec0c7e5cfc5fb35d1e9a2,7090,size_in_bytes,lib/ocaml/compiler-libs/location_tracker_formatter.cmt,181459
2026-09-05T05:55:59Z,822b65f405d1f87e722ec0c7e5cfc5fb35d1e9a2,7090,size_in_bytes,lib/ocaml/compiler-libs/ast_invariants.cmt,511644
2026-09-05T05:55:59Z,822b65f405d1f87e722ec0c7e5cfc5fb35d1e9a2,7090,size_in_bytes,lib/ocaml/compiler-libs/file_sections.cmt,167801
2026-09-05T05:55:59Z,822b65f405d1f87e722ec0c7e5cfc5fb35d1e9a2,7090,size_in_bytes,lib/ocaml/compiler-libs/inlined_frame_ranges.cmt,418421
2026-09-05T05:55:59Z,822b65f405d1f87e722ec0c7e5cfc5fb35d1e9a2,7090,size_in_bytes,lib/ocaml/compiler-libs/cmm_builtins.cmt,2378435
2026-09-05T05:55:59Z,822b65f405d1f87e722ec0c7e5cfc5fb35d1e9a2,7090,size_in_bytes,lib/ocaml/compiler-libs/byteinstantiator.cmt,32924
2026-09-05T05:55:59Z,822b65f405d1f87e722ec0c7e5cfc5fb35d1e9a2,7090,size_in_bytes,lib/ocaml/compiler-libs/symbol.cmt,215503
2026-09-05T05:55:59Z,822b65f405d1f87e722ec0c7e5cfc5fb35d1e9a2,7090,size_in_bytes,lib/ocaml/compiler-libs/translmode.cmt,47704
2026-09-05T05:55:59Z,822b65f405d1f87e722ec0c7e5cfc5fb35d1e9a2,7090,size_in_bytes,lib/ocaml/compiler-libs/flambda2_simplify__Specialization_cost.cmt,212593
2026-09-05T05:55:59Z,822b65f405d1f87e722ec0c7e5cfc5fb35d1e9a2,7090,size_in_bytes,lib/ocaml/compiler-libs/regalloc_split_state.cmt,856285
2026-09-05T05:55:59Z,822b65f405d1f87e722ec0c7e5cfc5fb35d1e9a2,7090,size_in_bytes,lib/ocaml/compiler-libs/vectorize_utils.cmt,133613
2026-09-05T05:55:59Z,822b65f405d1f87e722ec0c7e5cfc5fb35d1e9a2,7090,size_in_bytes,lib/ocaml/compiler-libs/label.cmt,57078
2026-09-05T05:55:59Z,822b65f405d1f87e722ec0c7e5cfc5fb35d1e9a2,7090,size_in_bytes,lib/ocaml/compiler-libs/arrayset.cmt,204046
2026-09-05T05:55:59Z,822b65f405d1f87e722ec0c7e5cfc5fb35d1e9a2,7090,size_in_bytes,lib/ocaml/compiler-libs/strongly_connected_components.cmt,278994
2026-09-05T05:55:59Z,822b65f405d1f87e722ec0c7e5cfc5fb35d1e9a2,7090,size_in_bytes,lib/ocaml/compiler-libs/bytelink.cmt,1145568
2026-09-05T05:55:59Z,822b65f405d1f87e722ec0c7e5cfc5fb35d1e9a2,7090,size_in_bytes,lib/ocaml/compiler-libs/dwarf_low__Dwarf_value.cmt,570346
2026-09-05T05:55:59Z,822b65f405d1f87e722ec0c7e5cfc5fb35d1e9a2,7090,size_in_bytes,lib/ocaml/compiler-libs/flambda2_simplify__Join_points.cmt,356423
2026-09-05T05:55:59Z,822b65f405d1f87e722ec0c7e5cfc5fb35d1e9a2,7090,size_in_bytes,lib/ocaml/compiler-libs/igot.cmt,99481
2026-09-05T05:55:59Z,822b65f405d1f87e722ec0c7e5cfc5fb35d1e9a2,7090,size_in_bytes,lib/ocaml/compiler-libs/flambda2_simplify__Simplify_primitive_result.cmt,77113
2026-09-05T05:55:59Z,822b65f405d1f87e722ec0c7e5cfc5fb35d1e9a2,7090,size_in_bytes,lib/ocaml/compiler-libs/dwarf_low__Debug_ranges_table.cmt,46306
2026-09-05T05:55:59Z,822b65f405d1f87e722ec0c7e5cfc5fb35d1e9a2,7090,size_in_bytes,lib/ocaml/compiler-libs/dwarf_name_laundry.cmt,39743
2026-09-05T05:55:59Z,822b65f405d1f87e722ec0c7e5cfc5fb35d1e9a2,7090,size_in_bytes,lib/ocaml/compiler-libs/flambda2_ui__Flambda_features.cmt,393917
2026-09-05T05:55:59Z,822b65f405d1f87e722ec0c7e5cfc5fb35d1e9a2,7090,size_in_bytes,lib/ocaml/compiler-libs/flambda2_terms__Validity.cmt,41489
2026-09-05T05:55:59Z,822b65f405d1f87e722ec0c7e5cfc5fb35d1e9a2,7090,size_in_bytes,lib/ocaml/compiler-libs/flambda2_lattices__Or_unknown_or_bottom.cmt,74990
2026-09-05T05:55:59Z,822b65f405d1f87e722ec0c7e5cfc5fb35d1e9a2,7090,size_in_bytes,lib/ocaml/compiler-libs/arm64_binary_emitter__Shift_immh_immb_helpers.cmt,57724
2026-09-05T05:55:59Z,822b65f405d1f87e722ec0c7e5cfc5fb35d1e9a2,7090,size_in_bytes,lib/ocaml/compiler-libs/signature_with_global_bindings.cmt,92522
2026-09-05T05:55:59Z,822b65f405d1f87e722ec0c7e5cfc5fb35d1e9a2,7090,size_in_bytes,lib/ocaml/compiler-libs/flambda2_simplify__Simplify_named_result.cmt,64027
2026-09-05T05:55:59Z,822b65f405d1f87e722ec0c7e5cfc5fb35d1e9a2,7090,size_in_bytes,lib/ocaml/compiler-libs/flambda2_term_basics__Or_variable.cmt,60359
2026-09-05T05:55:59Z,822b65f405d1f87e722ec0c7e5cfc5fb35d1e9a2,7090,size_in_bytes,lib/ocaml/compiler-libs/rawprinttyp.cmt,514811
2026-09-05T05:55:59Z,822b65f405d1f87e722ec0c7e5cfc5fb35d1e9a2,7090,size_in_bytes,lib/ocaml/compiler-libs/flambda2_terms__Static_const.cmt,1237600
2026-09-05T05:55:59Z,822b65f405d1f87e722ec0c7e5cfc5fb35d1e9a2,7090,size_in_bytes,lib/ocaml/compiler-libs/flambda2_term_basics.cmt,20784
2026-09-05T05:55:59Z,822b65f405d1f87e722ec0c7e5cfc5fb35d1e9a2,7090,size_in_bytes,lib/ocaml/compiler-libs/flambda2_identifiers__Symbol.cmt,43476
2026-09-05T05:55:59Z,822b65f405d1f87e722ec0c7e5cfc5fb35d1e9a2,7090,size_in_bytes,lib/ocaml/compiler-libs/builtin_attributes.cmt,1303283
2026-09-05T05:55:59Z,822b65f405d1f87e722ec0c7e5cfc5fb35d1e9a2,7090,size_in_bytes,lib/ocaml/compiler-libs/ast_iterator.cmt,1506386
2026-09-05T05:55:59Z,822b65f405d1f87e722ec0c7e5cfc5fb35d1e9a2,7090,size_in_bytes,lib/ocaml/compiler-libs/dwarf_low__Abbreviations_table.cmt,193076
2026-09-05T05:55:59Z,822b65f405d1f87e722ec0c7e5cfc5fb35d1e9a2,7090,size_in_bytes,lib/ocaml/compiler-libs/flambda2_terms__Zero_alloc_attribute.cmt,80564
2026-09-05T05:55:59Z,822b65f405d1f87e722ec0c7e5cfc5fb35d1e9a2,7090,size_in_bytes,lib/ocaml/compiler-libs/arm64_binary_emitter__Csel_helpers.cmt,68565
2026-09-05T05:55:59Z,822b65f405d1f87e722ec0c7e5cfc5fb35d1e9a2,7090,size_in_bytes,lib/ocaml/compiler-libs/compenv.cmt,1158780
2026-09-05T05:55:59Z,822b65f405d1f87e722ec0c7e5cfc5fb35d1e9a2,7090,size_in_bytes,lib/ocaml/compiler-libs/flambda2_reaper__Types_rewriter.cmt,1564292
2026-09-05T05:55:59Z,822b65f405d1f87e722ec0c7e5cfc5fb35d1e9a2,7090,size_in_bytes,lib/ocaml/compiler-libs/opttopdirs.cmt,228051
2026-09-05T05:55:59Z,822b65f405d1f87e722ec0c7e5cfc5fb35d1e9a2,7090,size_in_bytes,lib/ocaml/compiler-libs/flambda2_types__Cached_level.cmt,143398
2026-09-05T05:55:59Z,822b65f405d1f87e722ec0c7e5cfc5fb35d1e9a2,7090,size_in_bytes,lib/ocaml/compiler-libs/typedecl_properties.cmt,118603
2026-09-05T05:55:59Z,822b65f405d1f87e722ec0c7e5cfc5fb35d1e9a2,7090,size_in_bytes,lib/ocaml/compiler-libs/cmt_format.cmt,879672
2026-09-05T05:55:59Z,822b65f405d1f87e722ec0c7e5cfc5fb35d1e9a2,7090,size_in_bytes,lib/ocaml/compiler-libs/stypes.cmt,231554
2026-09-05T05:55:59Z,822b65f405d1f87e722ec0c7e5cfc5fb35d1e9a2,7090,size_in_bytes,lib/ocaml/compiler-libs/flambda2_simplify_shared__Function_decl_inlining_decision.cmt,84140
2026-09-05T05:55:59Z,822b65f405d1f87e722ec0c7e5cfc5fb35d1e9a2,7090,size_in_bytes,lib/ocaml/compiler-libs/dwarf.cmt,255769
2026-09-05T05:55:59Z,822b65f405d1f87e722ec0c7e5cfc5fb35d1e9a2,7090,size_in_bytes,lib/ocaml/compiler-libs/diffing.cmt,588176
2026-09-05T05:55:59Z,822b65f405d1f87e722ec0c7e5cfc5fb35d1e9a2,7090,size_in_bytes,lib/ocaml/compiler-libs/flambda2_types__Expand_head.cmt,1520281
2026-09-05T05:55:59Z,822b65f405d1f87e722ec0c7e5cfc5fb35d1e9a2,7090,size_in_bytes,lib/ocaml/compiler-libs/flambda2_simplify__Call_site_inlining_decision.cmt,345944
2026-09-05T05:55:59Z,822b65f405d1f87e722ec0c7e5cfc5fb35d1e9a2,7090,size_in_bytes,lib/ocaml/compiler-libs/predef.cmt,1354668
2026-09-05T05:55:59Z,822b65f405d1f87e722ec0c7e5cfc5fb35d1e9a2,7090,size_in_bytes,lib/ocaml/compiler-libs/typedtree.cmt,1157602
2026-09-05T05:55:59Z,822b65f405d1f87e722ec0c7e5cfc5fb35d1e9a2,7090,size_in_bytes,lib/ocaml/compiler-libs/cfg_cse.cmt,611504
2026-09-05T05:55:59Z,822b65f405d1f87e722ec0c7e5cfc5fb35d1e9a2,7090,size_in_bytes,lib/ocaml/compiler-libs/longident.cmt,81669
2026-09-05T05:55:59Z,822b65f405d1f87e722ec0c7e5cfc5fb35d1e9a2,7090,size_in_bytes,lib/ocaml/compiler-libs/flambda2_to_cmm__To_cmm_primitive.cmt,2692046
2026-09-05T05:55:59Z,822b65f405d1f87e722ec0c7e5cfc5fb35d1e9a2,7090,size_in_bytes,lib/ocaml/compiler-libs/type_shape.cmt,1328479
2026-09-05T05:55:59Z,822b65f405d1f87e722ec0c7e5cfc5fb35d1e9a2,7090,size_in_bytes,lib/ocaml/compiler-libs/ast_mapper.cmt,2724898
2026-09-05T05:55:59Z,822b65f405d1f87e722ec0c7e5cfc5fb35d1e9a2,7090,size_in_bytes,lib/ocaml/compiler-libs/flambda2_ui.cmt,11546
2026-09-05T05:55:59Z,822b65f405d1f87e722ec0c7e5cfc5fb35d1e9a2,7090,size_in_bytes,lib/ocaml/compiler-libs/blambda_of_lambda.cmt,1657462
2026-09-05T05:55:59Z,822b65f405d1f87e722ec0c7e5cfc5fb35d1e9a2,7090,size_in_bytes,lib/ocaml/compiler-libs/lru.cmt,101229
2026-09-05T05:55:59Z,822b65f405d1f87e722ec0c7e5cfc5fb35d1e9a2,7090,size_in_bytes,lib/ocaml/compiler-libs/regalloc_substitution.cmt,103354
2026-09-05T05:55:59Z,822b65f405d1f87e722ec0c7e5cfc5fb35d1e9a2,7090,size_in_bytes,lib/ocaml/compiler-libs/cmmgen_state.cmt,193378
2026-09-05T05:55:59Z,822b65f405d1f87e722ec0c7e5cfc5fb35d1e9a2,7090,size_in_bytes,lib/ocaml/compiler-libs/stack_check.cmt,33909
2026-09-05T05:55:59Z,822b65f405d1f87e722ec0c7e5cfc5fb35d1e9a2,7090,size_in_bytes,lib/ocaml/compiler-libs/flambda2_terms__Inlined_attribute.cmt,83774
2026-09-05T05:55:59Z,822b65f405d1f87e722ec0c7e5cfc5fb35d1e9a2,7090,size_in_bytes,lib/ocaml/compiler-libs/bytegen.cmt,1461428
2026-09-05T05:55:59Z,822b65f405d1f87e722ec0c7e5cfc5fb35d1e9a2,7090,size_in_bytes,lib/ocaml/compiler-libs/linkenv.cmt,492723
2026-09-05T05:55:59Z,822b65f405d1f87e722ec0c7e5cfc5fb35d1e9a2,7090,size_in_bytes,lib/ocaml/compiler-libs/flambda2_lattices__Or_unknown.cmt,264799
2026-09-05T05:55:59Z,822b65f405d1f87e722ec0c7e5cfc5fb35d1e9a2,7090,size_in_bytes,lib/ocaml/compiler-libs/flambda2_ui__Flambda_colours.cmt,106705
2026-09-05T05:55:59Z,822b65f405d1f87e722ec0c7e5cfc5fb35d1e9a2,7090,size_in_bytes,lib/ocaml/compiler-libs/instantiator.cmt,300336
2026-09-05T05:55:59Z,822b65f405d1f87e722ec0c7e5cfc5fb35d1e9a2,7090,size_in_bytes,lib/ocaml/compiler-libs/dwarf_low__Dwarf_4_location_list.cmt,63847
2026-09-05T05:55:59Z,822b65f405d1f87e722ec0c7e5cfc5fb35d1e9a2,7090,size_in_bytes,lib/ocaml/compiler-libs/cmm_invariants.cmt,211303
2026-09-05T05:55:59Z,822b65f405d1f87e722ec0c7e5cfc5fb35d1e9a2,7090,size_in_bytes,lib/ocaml/compiler-libs/rewrite_sections.cmt,439454
2026-09-05T05:55:59Z,822b65f405d1f87e722ec0c7e5cfc5fb35d1e9a2,7090,size_in_bytes,lib/ocaml/compiler-libs/flambda2_simplify__Simplify_common.cmt,405920
2026-09-05T05:55:59Z,822b65f405d1f87e722ec0c7e5cfc5fb35d1e9a2,7090,size_in_bytes,lib/ocaml/compiler-libs/flambda2_term_basics__Simple.cmt,675933
2026-09-05T05:55:59Z,822b65f405d1f87e722ec0c7e5cfc5fb35d1e9a2,7090,size_in_bytes,lib/ocaml/compiler-libs/emit.cmt,4887474
2026-09-05T05:55:59Z,822b65f405d1f87e722ec0c7e5cfc5fb35d1e9a2,7090,size_in_bytes,lib/ocaml/compiler-libs/flambda2_term_basics__String_info.cmt,175110
2026-09-05T05:55:59Z,822b65f405d1f87e722ec0c7e5cfc5fb35d1e9a2,7090,size_in_bytes,lib/ocaml/compiler-libs/local_store.cmt,80689
2026-09-05T05:55:59Z,822b65f405d1f87e722ec0c7e5cfc5fb35d1e9a2,7090,size_in_bytes,lib/ocaml/compiler-libs/flambda2_terms__Flambda_unit.cmt,97862
2026-09-05T05:55:59Z,822b65f405d1f87e722ec0c7e5cfc5fb35d1e9a2,7090,size_in_bytes,lib/ocaml/compiler-libs/asm_targets__Asm_symbol.cmt,275797
2026-09-05T05:55:59Z,822b65f405d1f87e722ec0c7e5cfc5fb35d1e9a2,7090,size_in_bytes,lib/ocaml/compiler-libs/maindriver.cmt,157845
2026-09-05T05:55:59Z,822b65f405d1f87e722ec0c7e5cfc5fb35d1e9a2,7090,size_in_bytes,lib/ocaml/compiler-libs/flambda2_terms__Loopify_attribute.cmt,42574
2026-09-05T05:55:59Z,822b65f405d1f87e722ec0c7e5cfc5fb35d1e9a2,7090,size_in_bytes,lib/ocaml/compiler-libs/topdirs.cmt,723587
2026-09-05T05:55:59Z,822b65f405d1f87e722ec0c7e5cfc5fb35d1e9a2,7090,size_in_bytes,lib/ocaml/compiler-libs/cfg_selectgen_target_intf.cmt,69894
2026-09-05T05:55:59Z,822b65f405d1f87e722ec0c7e5cfc5fb35d1e9a2,7090,size_in_bytes,lib/ocaml/compiler-libs/arm64_binary_emitter.cmt,27273
2026-09-05T05:55:59Z,822b65f405d1f87e722ec0c7e5cfc5fb35d1e9a2,7090,size_in_bytes,lib/ocaml/compiler-libs/dissector_log.cmt,34388
2026-09-05T05:55:59Z,822b65f405d1f87e722ec0c7e5cfc5fb35d1e9a2,7090,size_in_bytes,lib/ocaml/compiler-libs/dissector.cmt,239141
2026-09-05T05:55:59Z,822b65f405d1f87e722ec0c7e5cfc5fb35d1e9a2,7090,size_in_bytes,lib/ocaml/compiler-libs/flambda2_terms__Apply_expr.cmt,604947
2026-09-05T05:55:59Z,822b65f405d1f87e722ec0c7e5cfc5fb35d1e9a2,7090,size_in_bytes,lib/ocaml/compiler-libs/dwarf_low.cmt,43240
2026-09-05T05:55:59Z,822b65f405d1f87e722ec0c7e5cfc5fb35d1e9a2,7090,size_in_bytes,lib/ocaml/compiler-libs/parmatch.cmt,3118567
2026-09-05T05:55:59Z,822b65f405d1f87e722ec0c7e5cfc5fb35d1e9a2,7090,size_in_bytes,lib/ocaml/compiler-libs/cfg_cse_target_intf.cmt,40779
2026-09-05T05:55:59Z,822b65f405d1f87e722ec0c7e5cfc5fb35d1e9a2,7090,size_in_bytes,lib/ocaml/compiler-libs/cfg_colours.cmt,44717
2026-09-05T05:55:59Z,822b65f405d1f87e722ec0c7e5cfc5fb35d1e9a2,7090,size_in_bytes,lib/ocaml/compiler-libs/dwarf_low__Dwarf_version.cmt,33889
2026-09-05T05:55:59Z,822b65f405d1f87e722ec0c7e5cfc5fb35d1e9a2,7090,size_in_bytes,lib/ocaml/compiler-libs/flambda2_identifiers__Int_ids.cmt,1899566
2026-09-05T05:55:59Z,822b65f405d1f87e722ec0c7e5cfc5fb35d1e9a2,7090,size_in_bytes,lib/ocaml/compiler-libs/flambda2_simplify_shared__Slot_offsets.cmt,1104101
2026-09-05T05:55:59Z,822b65f405d1f87e722ec0c7e5cfc5fb35d1e9a2,7090,size_in_bytes,lib/ocaml/compiler-libs/pprintast.cmt,6025398
2026-09-05T05:55:59Z,822b65f405d1f87e722ec0c7e5cfc5fb35d1e9a2,7090,size_in_bytes,lib/ocaml/compiler-libs/flambda2_simplify__Closure_info.cmt,77145
2026-09-05T05:55:59Z,822b65f405d1f87e722ec0c7e5cfc5fb35d1e9a2,7090,size_in_bytes,lib/ocaml/compiler-libs/oprint.cmt,2332690
2026-09-05T05:55:59Z,822b65f405d1f87e722ec0c7e5cfc5fb35d1e9a2,7090,size_in_bytes,lib/ocaml/compiler-libs/flambda2_simplify__Common_subexpression_elimination.cmt,718286
2026-09-05T05:55:59Z,822b65f405d1f87e722ec0c7e5cfc5fb35d1e9a2,7090,size_in_bytes,lib/ocaml/compiler-libs/flambda2_parser__Flambda_lex.cmt,274942
2026-09-05T05:55:59Z,822b65f405d1f87e722ec0c7e5cfc5fb35d1e9a2,7090,size_in_bytes,lib/ocaml/compiler-libs/flambda2_bound_identifiers__Bound_var.cmt,85288
2026-09-05T05:55:59Z,822b65f405d1f87e722ec0c7e5cfc5fb35d1e9a2,7090,size_in_bytes,lib/ocaml/compiler-libs/generic_fns.cmt,478425
2026-09-05T05:55:59Z,822b65f405d1f87e722ec0c7e5cfc5fb35d1e9a2,7090,size_in_bytes,lib/ocaml/compiler-libs/peephole_utils.cmt,153993
2026-09-05T05:55:59Z,822b65f405d1f87e722ec0c7e5cfc5fb35d1e9a2,7090,size_in_bytes,lib/ocaml/compiler-libs/flambda2_simplify__Flow_acc.cmt,708795
2026-09-05T05:55:59Z,822b65f405d1f87e722ec0c7e5cfc5fb35d1e9a2,7090,size_in_bytes,lib/ocaml/compiler-libs/flambda2_simplify__Simplify_switch_expr.cmt,1132077
2026-09-05T05:55:59Z,822b65f405d1f87e722ec0c7e5cfc5fb35d1e9a2,7090,size_in_bytes,lib/ocaml/compiler-libs/dwarf_low__Range_list.cmt,20184
2026-09-05T05:55:59Z,822b65f405d1f87e722ec0c7e5cfc5fb35d1e9a2,7090,size_in_bytes,lib/ocaml/compiler-libs/cfg_available_regs.cmt,452159
2026-09-05T05:55:59Z,822b65f405d1f87e722ec0c7e5cfc5fb35d1e9a2,7090,size_in_bytes,lib/ocaml/compiler-libs/meta.cmt,20535
2026-09-05T05:55:59Z,822b65f405d1f87e722ec0c7e5cfc5fb35d1e9a2,7090,size_in_bytes,lib/ocaml/compiler-libs/flambda2_datalog__Table.cmt,401085
2026-09-05T05:55:59Z,822b65f405d1f87e722ec0c7e5cfc5fb35d1e9a2,7090,size_in_bytes,lib/ocaml/compiler-libs/flambda2_term_basics__Continuation_use_kind.cmt,14552
2026-09-05T05:55:59Z,822b65f405d1f87e722ec0c7e5cfc5fb35d1e9a2,7090,size_in_bytes,lib/ocaml/compiler-libs/flambda2_reaper__Traverse_acc.cmt,622011
2026-09-05T05:55:59Z,822b65f405d1f87e722ec0c7e5cfc5fb35d1e9a2,7090,size_in_bytes,lib/ocaml/compiler-libs/arm64_binary_emitter__Branch_helpers.cmt,292574
2026-09-05T05:55:59Z,822b65f405d1f87e722ec0c7e5cfc5fb35d1e9a2,7090,size_in_bytes,lib/ocaml/compiler-libs/dwarf_high__Proto_die.cmt,121353
2026-09-05T05:55:59Z,822b65f405d1f87e722ec0c7e5cfc5fb35d1e9a2,7090,size_in_bytes,lib/ocaml/compiler-libs/x86_peephole_optimize.cmt,36174
2026-09-05T05:55:59Z,822b65f405d1f87e722ec0c7e5cfc5fb35d1e9a2,7090,size_in_bytes,lib/ocaml/compiler-libs/flambda2_datalog__Datalog_imports.cmt,58393
2026-09-05T05:55:59Z,822b65f405d1f87e722ec0c7e5cfc5fb35d1e9a2,7090,size_in_bytes,lib/ocaml/compiler-libs/cfg_invariants.cmt,1040366
2026-09-05T05:55:59Z,822b65f405d1f87e722ec0c7e5cfc5fb35d1e9a2,7090,size_in_bytes,lib/ocaml/compiler-libs/select_utils.cmt,1009164
2026-09-05T05:55:59Z,822b65f405d1f87e722ec0c7e5cfc5fb35d1e9a2,7090,size_in_bytes,lib/ocaml/compiler-libs/slambda_fracture.cmt,717012
2026-09-05T05:55:59Z,822b65f405d1f87e722ec0c7e5cfc5fb35d1e9a2,7090,size_in_bytes,lib/ocaml/compiler-libs/dwarf_low__Child_determination.cmt,29054
2026-09-05T05:55:59Z,822b65f405d1f87e722ec0c7e5cfc5fb35d1e9a2,7090,size_in_bytes,lib/ocaml/compiler-libs/flambda2_term_basics__Value_slot_set.cmt,184535
2026-09-05T05:55:59Z,822b65f405d1f87e722ec0c7e5cfc5fb35d1e9a2,7090,size_in_bytes,lib/ocaml/compiler-libs/profile_counters_functions.cmt,141963
2026-09-05T05:55:59Z,822b65f405d1f87e722ec0c7e5cfc5fb35d1e9a2,7090,size_in_bytes,lib/ocaml/compiler-libs/extra_debug.cmt,59625
2026-09-05T05:55:59Z,822b65f405d1f87e722ec0c7e5cfc5fb35d1e9a2,7090,size_in_bytes,lib/ocaml/compiler-libs/probe_emission.cmt,232831
2026-09-05T05:55:59Z,822b65f405d1f87e722ec0c7e5cfc5fb35d1e9a2,7090,size_in_bytes,lib/ocaml/compiler-libs/arm64_binary_emitter__Mov_helpers.cmt,69713
2026-09-05T05:55:59Z,822b65f405d1f87e722ec0c7e5cfc5fb35d1e9a2,7090,size_in_bytes,lib/ocaml/compiler-libs/measure_object_files.cmt,235449
2026-09-05T05:55:59Z,822b65f405d1f87e722ec0c7e5cfc5fb35d1e9a2,7090,size_in_bytes,lib/ocaml/compiler-libs/flambda2_algorithms__Patricia_tree.cmt,3559095
2026-09-05T05:55:59Z,822b65f405d1f87e722ec0c7e5cfc5fb35d1e9a2,7090,size_in_bytes,lib/ocaml/compiler-libs/errortrace.cmt,181367
2026-09-05T05:55:59Z,822b65f405d1f87e722ec0c7e5cfc5fb35d1e9a2,7090,size_in_bytes,lib/ocaml/compiler-libs/structured_mangling.cmt,599254
2026-09-05T05:55:59Z,822b65f405d1f87e722ec0c7e5cfc5fb35d1e9a2,7090,size_in_bytes,lib/ocaml/compiler-libs/debug.cmt,21114
2026-09-05T05:55:59Z,822b65f405d1f87e722ec0c7e5cfc5fb35d1e9a2,7090,size_in_bytes,lib/ocaml/compiler-libs/flambda2_terms__Coeffects.cmt,39409
2026-09-05T05:55:59Z,822b65f405d1f87e722ec0c7e5cfc5fb35d1e9a2,7090,size_in_bytes,lib/ocaml/compiler-libs/dwarf_inlined_frames.cmt,485195
2026-09-05T05:55:59Z,822b65f405d1f87e722ec0c7e5cfc5fb35d1e9a2,7090,size_in_bytes,lib/ocaml/compiler-libs/flambda2_nominal__Permutation.cmt,146543
2026-09-05T05:55:59Z,822b65f405d1f87e722ec0c7e5cfc5fb35d1e9a2,7090,size_in_bytes,lib/ocaml/compiler-libs/regalloc_irc.cmt,865366
2026-09-05T05:55:59Z,822b65f405d1f87e722ec0c7e5cfc5fb35d1e9a2,7090,size_in_bytes,lib/ocaml/compiler-libs/CSE.cmt,78502
2026-09-05T05:55:59Z,822b65f405d1f87e722ec0c7e5cfc5fb35d1e9a2,7090,size_in_bytes,lib/ocaml/compiler-libs/flambda2_terms__Call_kind.cmt,629033
2026-09-05T05:55:59Z,822b65f405d1f87e722ec0c7e5cfc5fb35d1e9a2,7090,size_in_bytes,lib/ocaml/compiler-libs/ast_helper.cmt,1807371
2026-09-05T05:55:59Z,822b65f405d1f87e722ec0c7e5cfc5fb35d1e9a2,7090,size_in_bytes,lib/ocaml/compiler-libs/flambda2_types__Meet_and_join.cmt,3446447
2026-09-05T05:55:59Z,822b65f405d1f87e722ec0c7e5cfc5fb35d1e9a2,7090,size_in_bytes,lib/ocaml/compiler-libs/flambda2_simplify__Upwards_env.cmt,226290
2026-09-05T05:55:59Z,822b65f405d1f87e722ec0c7e5cfc5fb35d1e9a2,7090,size_in_bytes,lib/ocaml/compiler-libs/flambda2_types__Typing_env_level.cmt,300205
2026-09-05T05:55:59Z,822b65f405d1f87e722ec0c7e5cfc5fb35d1e9a2,7090,size_in_bytes,lib/ocaml/compiler-libs/flambda2_datalog.cmt,424473
2026-09-05T05:55:59Z,822b65f405d1f87e722ec0c7e5cfc5fb35d1e9a2,7090,size_in_bytes,lib/ocaml/compiler-libs/flambda2_reaper__Datalog_helpers.cmt,737713
2026-09-05T05:55:59Z,822b65f405d1f87e722ec0c7e5cfc5fb35d1e9a2,7090,size_in_bytes,lib/ocaml/compiler-libs/arm64_binary_emitter__Add_sub_helpers.cmt,279196
2026-09-05T05:55:59Z,822b65f405d1f87e722ec0c7e5cfc5fb35d1e9a2,7090,size_in_bytes,lib/ocaml/compiler-libs/dwarf_low__Dwarf_language.cmt,39424
2026-09-05T05:55:59Z,822b65f405d1f87e722ec0c7e5cfc5fb35d1e9a2,7090,size_in_bytes,lib/ocaml/compiler-libs/flambda2_terms__Regalloc_param_attribute.cmt,55056
2026-09-05T05:55:59Z,822b65f405d1f87e722ec0c7e5cfc5fb35d1e9a2,7090,size_in_bytes,lib/ocaml/compiler-libs/flambda2_identifiers__Reg_width_const.cmt,220787
2026-09-05T05:55:59Z,822b65f405d1f87e722ec0c7e5cfc5fb35d1e9a2,7090,size_in_bytes,lib/ocaml/compiler-libs/flambda2_simplify__Simplify_apply_expr.cmt,1511397
2026-09-05T05:55:59Z,822b65f405d1f87e722ec0c7e5cfc5fb35d1e9a2,7090,size_in_bytes,lib/ocaml/compiler-libs/branch_relaxation.cmt,306136
2026-09-05T05:55:59Z,822b65f405d1f87e722ec0c7e5cfc5fb35d1e9a2,7090,size_in_bytes,lib/ocaml/compiler-libs/transl_comprehension_utils.cmt,229392
2026-09-05T05:55:59Z,822b65f405d1f87e722ec0c7e5cfc5fb35d1e9a2,7090,size_in_bytes,lib/ocaml/compiler-libs/flambda2_simplify__Simplify_quaternary_primitive.cmt,149968
2026-09-05T05:55:59Z,822b65f405d1f87e722ec0c7e5cfc5fb35d1e9a2,7090,size_in_bytes,lib/ocaml/compiler-libs/cms_format.cmt,161151
2026-09-05T05:55:59Z,822b65f405d1f87e722ec0c7e5cfc5fb35d1e9a2,7090,size_in_bytes,lib/ocaml/compiler-libs/tast_iterator.cmt,1690452
2026-09-05T05:55:59Z,822b65f405d1f87e722ec0c7e5cfc5fb35d1e9a2,7090,size_in_bytes,lib/ocaml/compiler-libs/x86_gas.cmt,907636
2026-09-05T05:55:59Z,822b65f405d1f87e722ec0c7e5cfc5fb35d1e9a2,7090,size_in_bytes,lib/ocaml/compiler-libs/printtyp.cmt,300132
2026-09-05T05:55:59Z,822b65f405d1f87e722ec0c7e5cfc5fb35d1e9a2,7090,size_in_bytes,lib/ocaml/compiler-libs/flambda2_algorithms__Container_types_intf.cmt,737430
2026-09-05T05:55:59Z,822b65f405d1f87e722ec0c7e5cfc5fb35d1e9a2,7090,size_in_bytes,lib/ocaml/compiler-libs/stack_class_utils.cmt,188173
2026-09-05T05:55:59Z,822b65f405d1f87e722ec0c7e5cfc5fb35d1e9a2,7090,size_in_bytes,lib/ocaml/compiler-libs/flambda2_terms__Trap_action.cmt,124255
2026-09-05T05:55:59Z,822b65f405d1f87e722ec0c7e5cfc5fb35d1e9a2,7090,size_in_bytes,lib/ocaml/compiler-libs/int_replace_polymorphic_compare.cmt,32456
2026-09-05T05:55:59Z,822b65f405d1f87e722ec0c7e5cfc5fb35d1e9a2,7090,size_in_bytes,lib/ocaml/compiler-libs/oxcaml_args.cmt,3251525
2026-09-05T05:55:59Z,822b65f405d1f87e722ec0c7e5cfc5fb35d1e9a2,7090,size_in_bytes,lib/ocaml/compiler-libs/includemod_errorprinter.cmt,2202926
2026-09-05T05:55:59Z,822b65f405d1f87e722ec0c7e5cfc5fb35d1e9a2,7090,size_in_bytes,lib/ocaml/compiler-libs/expunge.cmt,99316
2026-09-05T05:55:59Z,822b65f405d1f87e722ec0c7e5cfc5fb35d1e9a2,7090,size_in_bytes,lib/ocaml/compiler-libs/stack_class.cmt,65073
2026-09-05T05:55:59Z,822b65f405d1f87e722ec0c7e5cfc5fb35d1e9a2,7090,size_in_bytes,lib/ocaml/compiler-libs/envaux.cmt,174639
2026-09-05T05:55:59Z,822b65f405d1f87e722ec0c7e5cfc5fb35d1e9a2,7090,size_in_bytes,lib/ocaml/compiler-libs/topmain.cmt,301937
2026-09-05T05:55:59Z,822b65f405d1f87e722ec0c7e5cfc5fb35d1e9a2,7090,size_in_bytes,lib/ocaml/compiler-libs/dwarf_low__Range_list_entry.cmt,32604
2026-09-05T05:55:59Z,822b65f405d1f87e722ec0c7e5cfc5fb35d1e9a2,7090,size_in_bytes,lib/ocaml/compiler-libs/flambda2_floats.cmt,10845
2026-09-05T05:55:59Z,822b65f405d1f87e722ec0c7e5cfc5fb35d1e9a2,7090,size_in_bytes,lib/ocaml/compiler-libs/flambda2_simplify__Number_adjuncts.cmt,2013313
2026-09-05T05:55:59Z,822b65f405d1f87e722ec0c7e5cfc5fb35d1e9a2,7090,size_in_bytes,lib/ocaml/compiler-libs/symbol_table.cmt,179439
2026-09-05T05:55:59Z,822b65f405d1f87e722ec0c7e5cfc5fb35d1e9a2,7090,size_in_bytes,lib/ocaml/compiler-libs/flambda2_from_lambda__Lambda_to_flambda_env.cmt,659914
2026-09-05T05:55:59Z,822b65f405d1f87e722ec0c7e5cfc5fb35d1e9a2,7090,size_in_bytes,lib/ocaml/compiler-libs/parser_types.cmt,17945
2026-09-05T05:55:59Z,822b65f405d1f87e722ec0c7e5cfc5fb35d1e9a2,7090,size_in_bytes,lib/ocaml/compiler-libs/flambda2_algorithms.cmt,16141
2026-09-05T05:55:59Z,822b65f405d1f87e722ec0c7e5cfc5fb35d1e9a2,7090,size_in_bytes,lib/ocaml/compiler-libs/flambda2_datalog__Column.cmt,204479
2026-09-05T05:55:59Z,822b65f405d1f87e722ec0c7e5cfc5fb35d1e9a2,7090,size_in_bytes,lib/ocaml/compiler-libs/cfg_stack_checks.cmt,201667
2026-09-05T05:55:59Z,822b65f405d1f87e722ec0c7e5cfc5fb35d1e9a2,7090,size_in_bytes,lib/ocaml/compiler-libs/path.cmt,343309
2026-09-05T05:55:59Z,822b65f405d1f87e722ec0c7e5cfc5fb35d1e9a2,7090,size_in_bytes,lib/ocaml/compiler-libs/emitaux.cmt,1220959
2026-09-05T05:55:59Z,822b65f405d1f87e722ec0c7e5cfc5fb35d1e9a2,7090,size_in_bytes,lib/ocaml/compiler-libs/vicuna_traverse_typed_tree.cmt,592706
2026-09-05T05:55:59Z,822b65f405d1f87e722ec0c7e5cfc5fb35d1e9a2,7090,size_in_bytes,lib/ocaml/compiler-libs/flambda2_classic_mode_types__Value_approximation.cmt,92105
2026-09-05T05:55:59Z,822b65f405d1f87e722ec0c7e5cfc5fb35d1e9a2,7090,size_in_bytes,lib/ocaml/compiler-libs/flambda2_types__Type_grammar.cmt,6248949
2026-09-05T05:55:59Z,822b65f405d1f87e722ec0c7e5cfc5fb35d1e9a2,7090,size_in_bytes,lib/ocaml/compiler-libs/flambda2_datalog__Schedule.cmt,850135
2026-09-05T05:55:59Z,822b65f405d1f87e722ec0c7e5cfc5fb35d1e9a2,7090,size_in_bytes,lib/ocaml/compiler-libs/flambda2_simplify__Replay_history.cmt,252491
2026-09-05T05:55:59Z,822b65f405d1f87e722ec0c7e5cfc5fb35d1e9a2,7090,size_in_bytes,lib/ocaml/compiler-libs/flambda2_bound_identifiers__Bound_continuation.cmt,39784
2026-09-05T05:55:59Z,822b65f405d1f87e722ec0c7e5cfc5fb35d1e9a2,7090,size_in_bytes,lib/ocaml/compiler-libs/arm64_binary_emitter__Data_proc_helpers.cmt,161453
2026-09-05T05:55:59Z,822b65f405d1f87e722ec0c7e5cfc5fb35d1e9a2,7090,size_in_bytes,lib/ocaml/compiler-libs/cmm.cmt,699446
2026-09-05T05:55:59Z,822b65f405d1f87e722ec0c7e5cfc5fb35d1e9a2,7090,size_in_bytes,lib/ocaml/compiler-libs/unit_info.cmt,229783
2026-09-05T05:55:59Z,822b65f405d1f87e722ec0c7e5cfc5fb35d1e9a2,7090,size_in_bytes,lib/ocaml/compiler-libs/cfg_block_layout.cmt,185703
2026-09-05T05:55:59Z,822b65f405d1f87e722ec0c7e5cfc5fb35d1e9a2,7090,size_in_bytes,lib/ocaml/compiler-libs/dwarf_type.cmt,1683395
2026-09-05T05:55:59Z,822b65f405d1f87e722ec0c7e5cfc5fb35d1e9a2,7090,size_in_bytes,lib/ocaml/compiler-libs/x86_masm.cmt,628945
2026-09-05T05:55:59Z,822b65f405d1f87e722ec0c7e5cfc5fb35d1e9a2,7090,size_in_bytes,lib/ocaml/compiler-libs/errortrace_report.cmt,1007884
2026-09-05T05:55:59Z,822b65f405d1f87e722ec0c7e5cfc5fb35d1e9a2,7090,size_in_bytes,lib/ocaml/compiler-libs/compile_common.cmt,230410
2026-09-05T05:55:59Z,822b65f405d1f87e722ec0c7e5cfc5fb35d1e9a2,7090,size_in_bytes,lib/ocaml/compiler-libs/arm64_binary_emitter__Load_store_helpers.cmt,1066189
2026-09-05T05:55:59Z,822b65f405d1f87e722ec0c7e5cfc5fb35d1e9a2,7090,size_in_bytes,lib/ocaml/compiler-libs/regalloc_ls_utils.cmt,515753
2026-09-05T05:55:59Z,822b65f405d1f87e722ec0c7e5cfc5fb35d1e9a2,7090,size_in_bytes,lib/ocaml/compiler-libs/dwarf_low__Location_list_entry.cmt,28782
2026-09-05T05:55:59Z,822b65f405d1f87e722ec0c7e5cfc5fb35d1e9a2,7090,size_in_bytes,lib/ocaml/compiler-libs/typedecl.cmt,6325540
2026-09-05T05:55:59Z,822b65f405d1f87e722ec0c7e5cfc5fb35d1e9a2,7090,size_in_bytes,lib/ocaml/compiler-libs/flambda2_nominal__Bindable.cmt,32079
2026-09-05T05:55:59Z,822b65f405d1f87e722ec0c7e5cfc5fb35d1e9a2,7090,size_in_bytes,lib/ocaml/compiler-libs/dwarf_low__Dwarf_4_range_list.cmt,63413
2026-09-05T05:55:59Z,822b65f405d1f87e722ec0c7e5cfc5fb35d1e9a2,7090,size_in_bytes,lib/ocaml/compiler-libs/dwarf_low__Dwarf_tag.cmt,90463
2026-09-05T05:55:59Z,822b65f405d1f87e722ec0c7e5cfc5fb35d1e9a2,7090,size_in_bytes,lib/ocaml/compiler-libs/flambda2_to_jsir__To_jsir_static_const.cmt,374265
2026-09-05T05:55:59Z,822b65f405d1f87e722ec0c7e5cfc5fb35d1e9a2,7090,size_in_bytes,lib/ocaml/compiler-libs/flambda2_simplify__Simplify_let_expr.cmt,412688
2026-09-05T05:55:59Z,822b65f405d1f87e722ec0c7e5cfc5fb35d1e9a2,7090,size_in_bytes,lib/ocaml/compiler-libs/flambda2_types__Code_age_relation.cmt,131636
2026-09-05T05:55:59Z,822b65f405d1f87e722ec0c7e5cfc5fb35d1e9a2,7090,size_in_bytes,lib/ocaml/compiler-libs/flambda2_simplify__Dominator_graph.cmt,463353
2026-09-05T05:55:59Z,822b65f405d1f87e722ec0c7e5cfc5fb35d1e9a2,7090,size_in_bytes,lib/ocaml/compiler-libs/flambda2_to_jsir__To_jsir_primitive.cmt,783913
2026-09-05T05:55:59Z,822b65f405d1f87e722ec0c7e5cfc5fb35d1e9a2,7090,size_in_bytes,lib/ocaml/compiler-libs/flambda2_identifiers__Name.cmt,245292
2026-09-05T05:55:59Z,822b65f405d1f87e722ec0c7e5cfc5fb35d1e9a2,7090,size_in_bytes,lib/ocaml/compiler-libs/linkdeps.cmt,215792
2026-09-05T05:55:59Z,822b65f405d1f87e722ec0c7e5cfc5fb35d1e9a2,7090,size_in_bytes,lib/ocaml/compiler-libs/types.cmt,2078010
2026-09-05T05:55:59Z,822b65f405d1f87e722ec0c7e5cfc5fb35d1e9a2,7090,size_in_bytes,lib/ocaml/compiler-libs/regalloc_ls.cmt,481236
2026-09-05T05:55:59Z,822b65f405d1f87e722ec0c7e5cfc5fb35d1e9a2,7090,size_in_bytes,lib/ocaml/compiler-libs/opterrors.cmt,15399
2026-09-05T05:55:59Z,822b65f405d1f87e722ec0c7e5cfc5fb35d1e9a2,7090,size_in_bytes,lib/ocaml/compiler-libs/flambda2_types__Meet_env.cmt,663621
2026-09-05T05:55:59Z,822b65f405d1f87e722ec0c7e5cfc5fb35d1e9a2,7090,size_in_bytes,lib/ocaml/compiler-libs/flambda2_numbers__One_bit_fewer.cmt,163329
2026-09-05T05:55:59Z,822b65f405d1f87e722ec0c7e5cfc5fb35d1e9a2,7090,size_in_bytes,lib/ocaml/compiler-libs/simplify_terminator.cmt,699532
2026-09-05T05:55:59Z,822b65f405d1f87e722ec0c7e5cfc5fb35d1e9a2,7090,size_in_bytes,lib/ocaml/compiler-libs/flambda2_types__.cmt,28737
2026-09-05T05:55:59Z,822b65f405d1f87e722ec0c7e5cfc5fb35d1e9a2,7090,size_in_bytes,lib/ocaml/compiler-libs/mixed_product_bytes.cmt,182283
2026-09-05T05:55:59Z,822b65f405d1f87e722ec0c7e5cfc5fb35d1e9a2,7090,size_in_bytes,lib/ocaml/compiler-libs/flambda2_kinds.cmt,12223
2026-09-05T05:55:59Z,822b65f405d1f87e722ec0c7e5cfc5fb35d1e9a2,7090,size_in_bytes,lib/ocaml/compiler-libs/arg_helper.cmt,149696
2026-09-05T05:55:59Z,822b65f405d1f87e722ec0c7e5cfc5fb35d1e9a2,7090,size_in_bytes,lib/ocaml/compiler-libs/uniqueness_analysis.cmt,3272221
2026-09-05T05:55:59Z,822b65f405d1f87e722ec0c7e5cfc5fb35d1e9a2,7090,size_in_bytes,lib/ocaml/compiler-libs/x86_peephole_utils.cmt,313580
2026-09-05T05:55:59Z,822b65f405d1f87e722ec0c7e5cfc5fb35d1e9a2,7090,size_in_bytes,lib/ocaml/compiler-libs/subst.cmt,2133815
2026-09-05T05:55:59Z,822b65f405d1f87e722ec0c7e5cfc5fb35d1e9a2,7090,size_in_bytes,lib/ocaml/compiler-libs/flambda2_term_basics__Inlined_debuginfo.cmt,124300
2026-09-05T05:55:59Z,822b65f405d1f87e722ec0c7e5cfc5fb35d1e9a2,7090,size_in_bytes,lib/ocaml/compiler-libs/arm64_binary_emitter__Bitfield_helpers.cmt,62772
2026-09-05T05:55:59Z,822b65f405d1f87e722ec0c7e5cfc5fb35d1e9a2,7090,size_in_bytes,lib/ocaml/compiler-libs/flambda2_simplify__Non_constructed_code.cmt,57532
2026-09-05T05:55:59Z,822b65f405d1f87e722ec0c7e5cfc5fb35d1e9a2,7090,size_in_bytes,lib/ocaml/compiler-libs/arm64_ast__Logical_immediates.cmt,219514
2026-09-05T05:55:59Z,822b65f405d1f87e722ec0c7e5cfc5fb35d1e9a2,7090,size_in_bytes,lib/ocaml/compiler-libs/flambda2_reaper__Cofield.cmt,146304
2026-09-05T05:55:59Z,822b65f405d1f87e722ec0c7e5cfc5fb35d1e9a2,7090,size_in_bytes,lib/ocaml/compiler-libs/peephole_rules.cmt,308168
2026-09-05T05:55:59Z,822b65f405d1f87e722ec0c7e5cfc5fb35d1e9a2,7090,size_in_bytes,lib/ocaml/compiler-libs/flambda2_simplify__Simplify_coercion.cmt,40622
2026-09-05T05:55:59Z,822b65f405d1f87e722ec0c7e5cfc5fb35d1e9a2,7090,size_in_bytes,lib/ocaml/compiler-libs/regalloc_stack_slots.cmt,466689
2026-09-05T05:55:59Z,822b65f405d1f87e722ec0c7e5cfc5fb35d1e9a2,7090,size_in_bytes,lib/ocaml/compiler-libs/flambda2_classic_mode_types.cmt,11118
2026-09-05T05:55:59Z,822b65f405d1f87e722ec0c7e5cfc5fb35d1e9a2,7090,size_in_bytes,lib/ocaml/compiler-libs/instructionId.cmt,51759
2026-09-05T05:55:59Z,822b65f405d1f87e722ec0c7e5cfc5fb35d1e9a2,7090,size_in_bytes,lib/ocaml/compiler-libs/arm64_binary_emitter__Encode_directive.cmt,549349
2026-09-05T05:55:59Z,822b65f405d1f87e722ec0c7e5cfc5fb35d1e9a2,7090,size_in_bytes,lib/ocaml/compiler-libs/domainstate.cmt,285286
2026-09-05T05:55:59Z,822b65f405d1f87e722ec0c7e5cfc5fb35d1e9a2,7090,size_in_bytes,lib/ocaml/compiler-libs/axis_lattice.cmt,645576
2026-09-05T05:55:59Z,822b65f405d1f87e722ec0c7e5cfc5fb35d1e9a2,7090,size_in_bytes,lib/ocaml/compiler-libs/flambda2_types__Typing_env_extension.cmt,204395
2026-09-05T05:55:59Z,822b65f405d1f87e722ec0c7e5cfc5fb35d1e9a2,7090,size_in_bytes,lib/ocaml/compiler-libs/cfg_selectgen.cmt,2424945
2026-09-05T05:55:59Z,822b65f405d1f87e722ec0c7e5cfc5fb35d1e9a2,7090,size_in_bytes,lib/ocaml/compiler-libs/flambda2_reaper__Analysis.cmt,98463
2026-09-05T05:55:59Z,822b65f405d1f87e722ec0c7e5cfc5fb35d1e9a2,7090,size_in_bytes,lib/ocaml/compiler-libs/typecore.cmt,16891565
2026-09-05T05:55:59Z,822b65f405d1f87e722ec0c7e5cfc5fb35d1e9a2,7090,size_in_bytes,lib/ocaml/compiler-libs/mode.cmt,16291137
2026-09-05T05:55:59Z,822b65f405d1f87e722ec0c7e5cfc5fb35d1e9a2,7090,size_in_bytes,lib/ocaml/compiler-libs/cfg_liveness.cmt,107881
2026-09-05T05:55:59Z,822b65f405d1f87e722ec0c7e5cfc5fb35d1e9a2,7090,size_in_bytes,lib/ocaml/compiler-libs/flambda2_to_cmm__To_cmm_effects.cmt,78649
2026-09-05T05:55:59Z,822b65f405d1f87e722ec0c7e5cfc5fb35d1e9a2,7090,size_in_bytes,lib/ocaml/compiler-libs/flambda2_from_lambda__Lambda_to_lambda_transforms.cmt,1649795
2026-09-05T05:55:59Z,822b65f405d1f87e722ec0c7e5cfc5fb35d1e9a2,7090,size_in_bytes,lib/ocaml/compiler-libs/patterns.cmt,331753
2026-09-05T05:55:59Z,822b65f405d1f87e722ec0c7e5cfc5fb35d1e9a2,7090,size_in_bytes,lib/ocaml/compiler-libs/compile.cmt,200001
2026-09-05T05:55:59Z,822b65f405d1f87e722ec0c7e5cfc5fb35d1e9a2,7090,size_in_bytes,lib/ocaml/compiler-libs/ccomp.cmt,275164
2026-09-05T05:55:59Z,822b65f405d1f87e722ec0c7e5cfc5fb35d1e9a2,7090,size_in_bytes,lib/ocaml/compiler-libs/iplt.cmt,135335
2026-09-05T05:55:59Z,822b65f405d1f87e722ec0c7e5cfc5fb35d1e9a2,7090,size_in_bytes,lib/ocaml/compiler-libs/language_extension.cmt,571706
2026-09-05T05:55:59Z,822b65f405d1f87e722ec0c7e5cfc5fb35d1e9a2,7090,size_in_bytes,lib/ocaml/compiler-libs/flambda2_simplify__Flow_analysis.cmt,220967
2026-09-05T05:55:59Z,822b65f405d1f87e722ec0c7e5cfc5fb35d1e9a2,7090,size_in_bytes,lib/ocaml/compiler-libs/dwarf_low__Dwarf_4_entry_sorting.cmt,30878
2026-09-05T05:55:59Z,822b65f405d1f87e722ec0c7e5cfc5fb35d1e9a2,7090,size_in_bytes,lib/ocaml/compiler-libs/lexer.cmt,1858654
2026-09-05T05:55:59Z,822b65f405d1f87e722ec0c7e5cfc5fb35d1e9a2,7090,size_in_bytes,lib/ocaml/compiler-libs/flambda2_parser__Fexpr_to_flambda.cmt,1199420
2026-09-05T05:55:59Z,822b65f405d1f87e722ec0c7e5cfc5fb35d1e9a2,7090,size_in_bytes,lib/ocaml/compiler-libs/flambda2_simplify__Simplify_extcall.cmt,324493
2026-09-05T05:55:59Z,822b65f405d1f87e722ec0c7e5cfc5fb35d1e9a2,7090,size_in_bytes,lib/ocaml/compiler-libs/current_unit.cmt,78896
2026-09-05T05:55:59Z,822b65f405d1f87e722ec0c7e5cfc5fb35d1e9a2,7090,size_in_bytes,lib/ocaml/compiler-libs/flambda2_simplify__Continuation_shortcut.cmt,87949
2026-09-05T05:55:59Z,822b65f405d1f87e722ec0c7e5cfc5fb35d1e9a2,7090,size_in_bytes,lib/ocaml/compiler-libs/dwarf_low__Simple_location_description.cmt,23113
2026-09-05T05:55:59Z,822b65f405d1f87e722ec0c7e5cfc5fb35d1e9a2,7090,size_in_bytes,lib/ocaml/compiler-libs/printast.cmt,3564925
2026-09-05T05:55:59Z,822b65f405d1f87e722ec0c7e5cfc5fb35d1e9a2,7090,size_in_bytes,lib/ocaml/compiler-libs/flambda2_types__Equal_types_for_debug.cmt,900716
2026-09-05T05:55:59Z,822b65f405d1f87e722ec0c7e5cfc5fb35d1e9a2,7090,size_in_bytes,lib/ocaml/compiler-libs/misc.cmt,4306456
2026-09-05T05:55:59Z,822b65f405d1f87e722ec0c7e5cfc5fb35d1e9a2,7090,size_in_bytes,lib/ocaml/compiler-libs/flambda2_parser__Fexpr_to_flambda_commons.cmt,478502
2026-09-05T05:55:59Z,822b65f405d1f87e722ec0c7e5cfc5fb35d1e9a2,7090,size_in_bytes,lib/ocaml/compiler-libs/printlambda.cmt,3300038
2026-09-05T05:55:59Z,822b65f405d1f87e722ec0c7e5cfc5fb35d1e9a2,7090,size_in_bytes,lib/ocaml/compiler-libs/flambda2_parser__Parse_flambda.cmt,116748
2026-09-05T05:55:59Z,822b65f405d1f87e722ec0c7e5cfc5fb35d1e9a2,7090,size_in_bytes,lib/ocaml/compiler-libs/slambda.cmt,33726
2026-09-05T05:55:59Z,822b65f405d1f87e722ec0c7e5cfc5fb35d1e9a2,7090,size_in_bytes,lib/ocaml/compiler-libs/regalloc_validate.cmt,1779775
2026-09-05T05:55:59Z,822b65f405d1f87e722ec0c7e5cfc5fb35d1e9a2,7090,size_in_bytes,lib/ocaml/compiler-libs/flambda2_terms__Switch_expr.cmt,167552
2026-09-05T05:55:59Z,822b65f405d1f87e722ec0c7e5cfc5fb35d1e9a2,7090,size_in_bytes,lib/ocaml/compiler-libs/llvm_ir.cmt,1684869
2026-09-05T05:55:59Z,822b65f405d1f87e722ec0c7e5cfc5fb35d1e9a2,7090,size_in_bytes,lib/ocaml/compiler-libs/flambda2_nominal__Ids_for_export.cmt,143637
2026-09-05T05:55:59Z,822b65f405d1f87e722ec0c7e5cfc5fb35d1e9a2,7090,size_in_bytes,lib/ocaml/compiler-libs/regalloc_split_utils.cmt,151265
2026-09-05T05:55:59Z,822b65f405d1f87e722ec0c7e5cfc5fb35d1e9a2,7090,size_in_bytes,lib/ocaml/compiler-libs/flambda2_term_basics__Or_invalid.cmt,32499
2026-09-05T05:55:59Z,822b65f405d1f87e722ec0c7e5cfc5fb35d1e9a2,7090,size_in_bytes,lib/ocaml/compiler-libs/cfg_merge_blocks.cmt,182708
2026-09-05T05:55:59Z,822b65f405d1f87e722ec0c7e5cfc5fb35d1e9a2,7090,size_in_bytes,lib/ocaml/compiler-libs/flambda2_simplify__Simplify_nullary_primitive.cmt,107362
2026-09-05T05:55:59Z,822b65f405d1f87e722ec0c7e5cfc5fb35d1e9a2,7090,size_in_bytes,lib/ocaml/compiler-libs/simd_selection.cmt,2755559
2026-09-05T05:55:59Z,822b65f405d1f87e722ec0c7e5cfc5fb35d1e9a2,7090,size_in_bytes,lib/ocaml/compiler-libs/flambda2_import.cmt,11053
2026-09-05T05:55:59Z,822b65f405d1f87e722ec0c7e5cfc5fb35d1e9a2,7090,size_in_bytes,lib/ocaml/compiler-libs/flambda2_parser__Fexpr.cmt,178565
2026-09-05T05:55:59Z,822b65f405d1f87e722ec0c7e5cfc5fb35d1e9a2,7090,size_in_bytes,lib/ocaml/compiler-libs/cm_bundle.cmt,138460
2026-09-05T05:55:59Z,822b65f405d1f87e722ec0c7e5cfc5fb35d1e9a2,7090,size_in_bytes,lib/ocaml/compiler-libs/regalloc_invariants.cmt,272169
2026-09-05T05:55:59Z,822b65f405d1f87e722ec0c7e5cfc5fb35d1e9a2,7090,size_in_bytes,lib/ocaml/compiler-libs/printreg.cmt,162767
2026-09-05T05:55:59Z,822b65f405d1f87e722ec0c7e5cfc5fb35d1e9a2,7090,size_in_bytes,lib/ocaml/compiler-libs/flambda2_simplify_shared__Are_rebuilding_terms.cmt,26305
2026-09-05T05:55:59Z,822b65f405d1f87e722ec0c7e5cfc5fb35d1e9a2,7090,size_in_bytes,lib/ocaml/compiler-libs/vectorize_specific.cmt,83604
2026-09-05T05:55:59Z,822b65f405d1f87e722ec0c7e5cfc5fb35d1e9a2,7090,size_in_bytes,lib/ocaml/compiler-libs/x86_binary_emitter.cmt,3395215
2026-09-05T05:55:59Z,822b65f405d1f87e722ec0c7e5cfc5fb35d1e9a2,7090,size_in_bytes,lib/ocaml/compiler-libs/build_path_prefix_map.cmt,166195
2026-09-05T05:55:59Z,822b65f405d1f87e722ec0c7e5cfc5fb35d1e9a2,7090,size_in_bytes,lib/ocaml/compiler-libs/load_path.cmt,781095
2026-09-05T05:55:59Z,822b65f405d1f87e722ec0c7e5cfc5fb35d1e9a2,7090,size_in_bytes,lib/ocaml/compiler-libs/flambda2_identifiers__Continuation_callsite_map.cmt,41823
2026-09-05T05:55:59Z,822b65f405d1f87e722ec0c7e5cfc5fb35d1e9a2,7090,size_in_bytes,lib/ocaml/compiler-libs/build_linker_args.cmt,37650
2026-09-05T05:55:59Z,822b65f405d1f87e722ec0c7e5cfc5fb35d1e9a2,7090,size_in_bytes,lib/ocaml/compiler-libs/opcodes.cmt,99818
2026-09-05T05:55:59Z,822b65f405d1f87e722ec0c7e5cfc5fb35d1e9a2,7090,size_in_bytes,lib/ocaml/compiler-libs/vicuna_value_shapes.cmt,254359
2026-09-05T05:55:59Z,822b65f405d1f87e722ec0c7e5cfc5fb35d1e9a2,7090,size_in_bytes,lib/ocaml/compiler-libs/flambda2_simplify__Mutable_unboxing.cmt,782536
2026-09-05T05:55:59Z,822b65f405d1f87e722ec0c7e5cfc5fb35d1e9a2,7090,size_in_bytes,lib/ocaml/compiler-libs/flambda2_from_lambda.cmt,16092
2026-09-05T05:55:59Z,822b65f405d1f87e722ec0c7e5cfc5fb35d1e9a2,7090,size_in_bytes,lib/ocaml/compiler-libs/config.cmt,305422
2026-09-05T05:55:59Z,822b65f405d1f87e722ec0c7e5cfc5fb35d1e9a2,7090,size_in_bytes,lib/ocaml/compiler-libs/includecore.cmt,2508078
2026-09-05T05:55:59Z,822b65f405d1f87e722ec0c7e5cfc5fb35d1e9a2,7090,size_in_bytes,lib/ocaml/compiler-libs/flambda2_terms__Flambda_primitive.cmt,4108144
2026-09-05T05:55:59Z,822b65f405d1f87e722ec0c7e5cfc5fb35d1e9a2,7090,size_in_bytes,lib/ocaml/compiler-libs/is_parameter.cmt,156782
2026-09-05T05:55:59Z,822b65f405d1f87e722ec0c7e5cfc5fb35d1e9a2,7090,size_in_bytes,lib/ocaml/compiler-libs/cfg_dataflow.cmt,494108
2026-09-05T05:55:59Z,822b65f405d1f87e722ec0c7e5cfc5fb35d1e9a2,7090,size_in_bytes,lib/ocaml/compiler-libs/flambda2_simplify_shared__Inlining_report.cmt,957410
2026-09-05T05:55:59Z,822b65f405d1f87e722ec0c7e5cfc5fb35d1e9a2,7090,size_in_bytes,lib/ocaml/compiler-libs/cfg_edge.cmt,106481
2026-09-05T05:55:59Z,822b65f405d1f87e722ec0c7e5cfc5fb35d1e9a2,7090,size_in_bytes,lib/ocaml/compiler-libs/parser.cmt,85581583
2026-09-05T05:55:59Z,822b65f405d1f87e722ec0c7e5cfc5fb35d1e9a2,7090,size_in_bytes,lib/ocaml/compiler-libs/toploop.cmt,527460
2026-09-05T05:55:59Z,822b65f405d1f87e722ec0c7e5cfc5fb35d1e9a2,7090,size_in_bytes,lib/ocaml/compiler-libs/simd.cmt,4862006
2026-09-05T05:55:59Z,822b65f405d1f87e722ec0c7e5cfc5fb35d1e9a2,7090,size_in_bytes,lib/ocaml/compiler-libs/binary_emitter_verify.cmt,665435
2026-09-05T05:55:59Z,822b65f405d1f87e722ec0c7e5cfc5fb35d1e9a2,7090,size_in_bytes,lib/ocaml/compiler-libs/dwarf_reg_locations.cmt,87172
2026-09-05T05:55:59Z,822b65f405d1f87e722ec0c7e5cfc5fb35d1e9a2,7090,size_in_bytes,lib/ocaml/compiler-libs/flambda2_simplify__Simplify_named.cmt,320774
2026-09-05T05:55:59Z,822b65f405d1f87e722ec0c7e5cfc5fb35d1e9a2,7090,size_in_bytes,lib/ocaml/compiler-libs/dwarf_low__Single_location_description.cmt,29477
2026-09-05T05:55:59Z,822b65f405d1f87e722ec0c7e5cfc5fb35d1e9a2,7090,size_in_bytes,lib/ocaml/compiler-libs/format_doc.cmt,1200868
2026-09-05T05:55:59Z,822b65f405d1f87e722ec0c7e5cfc5fb35d1e9a2,7090,size_in_bytes,lib/ocaml/compiler-libs/arm64_binary_emitter__Binary_emitter.cmt,188794
2026-09-05T05:55:59Z,822b65f405d1f87e722ec0c7e5cfc5fb35d1e9a2,7090,size_in_bytes,lib/ocaml/compiler-libs/symtable.cmt,737559
2026-09-05T05:55:59Z,822b65f405d1f87e722ec0c7e5cfc5fb35d1e9a2,7090,size_in_bytes,lib/ocaml/compiler-libs/cfg_prologue.cmt,583940
2026-09-05T05:55:59Z,822b65f405d1f87e722ec0c7e5cfc5fb35d1e9a2,7090,size_in_bytes,lib/ocaml/compiler-libs/zero_alloc_annotations.cmt,50619
2026-09-05T05:55:59Z,822b65f405d1f87e722ec0c7e5cfc5fb35d1e9a2,7090,size_in_bytes,lib/ocaml/compiler-libs/cfg_selection.cmt,686600
2026-09-05T05:55:59Z,822b65f405d1f87e722ec0c7e5cfc5fb35d1e9a2,7090,size_in_bytes,lib/ocaml/compiler-libs/dwarf_flags.cmt,183533
2026-09-05T05:55:59Z,822b65f405d1f87e722ec0c7e5cfc5fb35d1e9a2,7090,size_in_bytes,lib/ocaml/compiler-libs/cfg_polling.cmt,428628
2026-09-05T05:55:59Z,822b65f405d1f87e722ec0c7e5cfc5fb35d1e9a2,7090,size_in_bytes,lib/ocaml/compiler-libs/dwarf_high__Simple_location_description_lang.cmt,151519
2026-09-05T05:55:59Z,822b65f405d1f87e722ec0c7e5cfc5fb35d1e9a2,7090,size_in_bytes,lib/ocaml/compiler-libs/topstart.cmt,13314
2026-09-05T05:55:59Z,822b65f405d1f87e722ec0c7e5cfc5fb35d1e9a2,7090,size_in_bytes,lib/ocaml/compiler-libs/mixed_block_shape.cmt,322270
2026-09-05T05:55:59Z,822b65f405d1f87e722ec0c7e5cfc5fb35d1e9a2,7090,size_in_bytes,lib/ocaml/compiler-libs/flambda2_terms__Probe.cmt,33117
2026-09-05T05:55:59Z,822b65f405d1f87e722ec0c7e5cfc5fb35d1e9a2,7090,size_in_bytes,lib/ocaml/compiler-libs/linear.cmt,114195
2026-09-05T05:55:59Z,822b65f405d1f87e722ec0c7e5cfc5fb35d1e9a2,7090,size_in_bytes,lib/ocaml/compiler-libs/flambda2_simplify__Data_flow_graph.cmt,620764
2026-09-05T05:55:59Z,822b65f405d1f87e722ec0c7e5cfc5fb35d1e9a2,7090,size_in_bytes,lib/ocaml/compiler-libs/flambda2_lattices.cmt,12388
2026-09-05T05:55:59Z,822b65f405d1f87e722ec0c7e5cfc5fb35d1e9a2,7090,size_in_bytes,lib/ocaml/compiler-libs/mtype.cmt,1206733
2026-09-05T05:55:59Z,822b65f405d1f87e722ec0c7e5cfc5fb35d1e9a2,7090,size_in_bytes,lib/ocaml/compiler-libs/data_types.cmt,70698
2026-09-05T05:55:59Z,822b65f405d1f87e722ec0c7e5cfc5fb35d1e9a2,7090,size_in_bytes,lib/ocaml/compiler-libs/x86_peephole_rules.cmt,242904
2026-09-05T05:55:59Z,822b65f405d1f87e722ec0c7e5cfc5fb35d1e9a2,7090,size_in_bytes,lib/ocaml/compiler-libs/arm64_binary_emitter__Adr_helpers.cmt,65129
2026-09-05T05:55:59Z,822b65f405d1f87e722ec0c7e5cfc5fb35d1e9a2,7090,size_in_bytes,lib/ocaml/compiler-libs/arm64_binary_emitter__Encode_instruction.cmt,2096669
2026-09-05T05:55:59Z,822b65f405d1f87e722ec0c7e5cfc5fb35d1e9a2,7090,size_in_bytes,lib/ocaml/compiler-libs/flambda2_datalog__.cmt,18172
2026-09-05T05:55:59Z,822b65f405d1f87e722ec0c7e5cfc5fb35d1e9a2,7090,size_in_bytes,lib/ocaml/compiler-libs/trace.cmt,234822
2026-09-05T05:55:59Z,822b65f405d1f87e722ec0c7e5cfc5fb35d1e9a2,7090,size_in_bytes,lib/ocaml/compiler-libs/flambda2_simplify_shared__Inlining_helpers.cmt,158218
2026-09-05T05:55:59Z,822b65f405d1f87e722ec0c7e5cfc5fb35d1e9a2,7090,size_in_bytes,lib/ocaml/compiler-libs/flambda2_terms__Mutability.cmt,45685
2026-09-05T05:55:59Z,822b65f405d1f87e722ec0c7e5cfc5fb35d1e9a2,7090,size_in_bytes,lib/ocaml/compiler-libs/optmaindriver.cmt,351060
2026-09-05T05:55:59Z,822b65f405d1f87e722ec0c7e5cfc5fb35d1e9a2,7090,size_in_bytes,lib/ocaml/compiler-libs/optcompile.cmt,434822
2026-09-05T05:55:59Z,822b65f405d1f87e722ec0c7e5cfc5fb35d1e9a2,7090,size_in_bytes,lib/ocaml/compiler-libs/regalloc_utils.cmt,756882
2026-09-05T05:55:59Z,822b65f405d1f87e722ec0c7e5cfc5fb35d1e9a2,7090,size_in_bytes,lib/ocaml/compiler-libs/dwarf_high__Dwarf_attribute_helpers.cmt,485758
2026-09-05T05:55:59Z,822b65f405d1f87e722ec0c7e5cfc5fb35d1e9a2,7090,size_in_bytes,lib/ocaml/compiler-libs/printlinear.cmt,306421
2026-09-05T05:55:59Z,822b65f405d1f87e722ec0c7e5cfc5fb35d1e9a2,7090,size_in_bytes,lib/ocaml/compiler-libs/flambda2_reaper__Field.cmt,389556
2026-09-05T05:55:59Z,822b65f405d1f87e722ec0c7e5cfc5fb35d1e9a2,7090,size_in_bytes,lib/ocaml/compiler-libs/main_args.cmt,4226902
2026-09-05T05:55:59Z,822b65f405d1f87e722ec0c7e5cfc5fb35d1e9a2,7090,size_in_bytes,lib/ocaml/compiler-libs/switch.cmt,1474763
2026-09-05T05:55:59Z,822b65f405d1f87e722ec0c7e5cfc5fb35d1e9a2,7090,size_in_bytes,lib/ocaml/compiler-libs/flambda2_types__Binding_time.cmt,209799
2026-09-05T05:55:59Z,822b65f405d1f87e722ec0c7e5cfc5fb35d1e9a2,7090,size_in_bytes,lib/ocaml/compiler-libs/dwarf_low__Unit_type.cmt,28662
2026-09-05T05:55:59Z,822b65f405d1f87e722ec0c7e5cfc5fb35d1e9a2,7090,size_in_bytes,lib/ocaml/compiler-libs/flambda2_types__Join_levels_old.cmt,316012
2026-09-05T05:55:59Z,822b65f405d1f87e722ec0c7e5cfc5fb35d1e9a2,7090,size_in_bytes,lib/ocaml/compiler-libs/flambda2_parser__Fexpr_prim.cmt,1634379
2026-09-05T05:55:59Z,822b65f405d1f87e722ec0c7e5cfc5fb35d1e9a2,7090,size_in_bytes,lib/ocaml/compiler-libs/flambda2_reaper__Global_flow_graph.cmt,358075
2026-09-05T05:55:59Z,822b65f405d1f87e722ec0c7e5cfc5fb35d1e9a2,7090,size_in_bytes,lib/ocaml/compiler-libs/ldd_intf.cmt,40825
2026-09-05T05:55:59Z,822b65f405d1f87e722ec0c7e5cfc5fb35d1e9a2,7090,size_in_bytes,lib/ocaml/compiler-libs/form_rewrite_plan.cmt,479804
2026-09-05T05:55:59Z,822b65f405d1f87e722ec0c7e5cfc5fb35d1e9a2,7090,size_in_bytes,lib/ocaml/compiler-libs/cfg_simplify.cmt,308573
2026-09-05T05:55:59Z,822b65f405d1f87e722ec0c7e5cfc5fb35d1e9a2,7090,size_in_bytes,lib/ocaml/compiler-libs/value_rec_compiler.cmt,870121
2026-09-05T05:55:59Z,822b65f405d1f87e722ec0c7e5cfc5fb35d1e9a2,7090,size_in_bytes,lib/ocaml/compiler-libs/flambda2_term_basics__Empty_array_kind.cmt,61636
2026-09-05T05:55:59Z,822b65f405d1f87e722ec0c7e5cfc5fb35d1e9a2,7090,size_in_bytes,lib/ocaml/compiler-libs/language_extension_kernel.cmt,24432
2026-09-05T05:55:59Z,822b65f405d1f87e722ec0c7e5cfc5fb35d1e9a2,7090,size_in_bytes,lib/ocaml/compiler-libs/flambda2_reaper__Traverse.cmt,1139922
2026-09-05T05:55:59Z,822b65f405d1f87e722ec0c7e5cfc5fb35d1e9a2,7090,size_in_bytes,lib/ocaml/compiler-libs/flambda2_types__With_cached_free_names.cmt,89786
2026-09-05T05:55:59Z,822b65f405d1f87e722ec0c7e5cfc5fb35d1e9a2,7090,size_in_bytes,lib/ocaml/compiler-libs/bytelibrarian.cmt,186375
2026-09-05T05:55:59Z,822b65f405d1f87e722ec0c7e5cfc5fb35d1e9a2,7090,size_in_bytes,lib/ocaml/compiler-libs/linkage_name.cmt,180340
2026-09-05T05:55:59Z,822b65f405d1f87e722ec0c7e5cfc5fb35d1e9a2,7090,size_in_bytes,lib/ocaml/compiler-libs/parse.cmt,232965
2026-09-05T05:55:59Z,822b65f405d1f87e722ec0c7e5cfc5fb35d1e9a2,7090,size_in_bytes,lib/ocaml/compiler-libs/flambda2_to_jsir__To_jsir_result.cmt,186132
2026-09-05T05:55:59Z,822b65f405d1f87e722ec0c7e5cfc5fb35d1e9a2,7090,size_in_bytes,lib/ocaml/compiler-libs/dwarf_low__Dwarf_arch_sizes.cmt,11979
2026-09-05T05:55:59Z,822b65f405d1f87e722ec0c7e5cfc5fb35d1e9a2,7090,size_in_bytes,lib/ocaml/compiler-libs/asm_targets__Asm_directives.cmt,1869439
2026-09-05T05:55:59Z,822b65f405d1f87e722ec0c7e5cfc5fb35d1e9a2,7090,size_in_bytes,lib/ocaml/compiler-libs/dwarf_state.cmt,276266
2026-09-05T05:55:59Z,822b65f405d1f87e722ec0c7e5cfc5fb35d1e9a2,7090,size_in_bytes,lib/ocaml/compiler-libs/flambda2_reaper.cmt,21735
2026-09-05T05:55:59Z,822b65f405d1f87e722ec0c7e5cfc5fb35d1e9a2,7090,size_in_bytes,lib/ocaml/compiler-libs/flambda2_datalog__Value.cmt,33853
2026-09-05T05:55:59Z,822b65f405d1f87e722ec0c7e5cfc5fb35d1e9a2,7090,size_in_bytes,lib/ocaml/compiler-libs/flambda2_from_lambda__Closure_conversion.cmt,4639817
2026-09-05T05:55:59Z,822b65f405d1f87e722ec0c7e5cfc5fb35d1e9a2,7090,size_in_bytes,lib/ocaml/compiler-libs/asm_targets__Asm_section.cmt,235287
2026-09-05T05:55:59Z,822b65f405d1f87e722ec0c7e5cfc5fb35d1e9a2,7090,size_in_bytes,lib/ocaml/compiler-libs/flambda2_simplify__Rebuilt_expr.cmt,181300
2026-09-05T05:55:59Z,822b65f405d1f87e722ec0c7e5cfc5fb35d1e9a2,7090,size_in_bytes,lib/ocaml/compiler-libs/flambda2_terms__Code_or_metadata.cmt,252585
2026-09-05T05:55:59Z,822b65f405d1f87e722ec0c7e5cfc5fb35d1e9a2,7090,size_in_bytes,lib/ocaml/compiler-libs/flambda2_bound_identifiers__Alloc_mode.cmt,332418
2026-09-05T05:55:59Z,822b65f405d1f87e722ec0c7e5cfc5fb35d1e9a2,7090,size_in_bytes,lib/ocaml/compiler-libs/consistbl.cmt,162032
2026-09-05T05:55:59Z,822b65f405d1f87e722ec0c7e5cfc5fb35d1e9a2,7090,size_in_bytes,lib/ocaml/compiler-libs/allowance.cmt,45842
2026-09-05T05:55:59Z,822b65f405d1f87e722ec0c7e5cfc5fb35d1e9a2,7090,size_in_bytes,lib/ocaml/compiler-libs/flambda2_simplify__Simplify_apply_cont_expr.cmt,184081
2026-09-05T05:55:59Z,822b65f405d1f87e722ec0c7e5cfc5fb35d1e9a2,7090,size_in_bytes,lib/ocaml/compiler-libs/flambda2_to_cmm__To_cmm_static.cmt,1454409
2026-09-05T05:55:59Z,822b65f405d1f87e722ec0c7e5cfc5fb35d1e9a2,7090,size_in_bytes,lib/ocaml/compiler-libs/opt_fuel.cmt,166751
2026-09-05T05:55:59Z,822b65f405d1f87e722ec0c7e5cfc5fb35d1e9a2,7090,size_in_bytes,lib/ocaml/compiler-libs/cfg_dominators.cmt,593833
2026-09-05T05:55:59Z,822b65f405d1f87e722ec0c7e5cfc5fb35d1e9a2,7090,size_in_bytes,lib/ocaml/compiler-libs/x86_ast_utils.cmt,187558
2026-09-05T05:55:59Z,822b65f405d1f87e722ec0c7e5cfc5fb35d1e9a2,7090,size_in_bytes,lib/ocaml/compiler-libs/flambda2_simplify__Simplify_unary_primitive.cmt,1242535
2026-09-05T05:55:59Z,822b65f405d1f87e722ec0c7e5cfc5fb35d1e9a2,7090,size_in_bytes,lib/ocaml/compiler-libs/dwarf_high__Dwarf_world.cmt,84173
2026-09-05T05:55:59Z,822b65f405d1f87e722ec0c7e5cfc5fb35d1e9a2,7090,size_in_bytes,lib/ocaml/compiler-libs/depend.cmt,1347279
2026-09-05T05:55:59Z,822b65f405d1f87e722ec0c7e5cfc5fb35d1e9a2,7090,size_in_bytes,lib/ocaml/compiler-libs/llvmize.cmt,3227675
2026-09-05T05:55:59Z,822b65f405d1f87e722ec0c7e5cfc5fb35d1e9a2,7090,size_in_bytes,lib/ocaml/compiler-libs/arm64_binary_emitter__For_jit.cmt,163403
2026-09-05T05:55:59Z,822b65f405d1f87e722ec0c7e5cfc5fb35d1e9a2,7090,size_in_bytes,lib/ocaml/compiler-libs/oxcaml_flags.cmt,509872
2026-09-05T05:55:59Z,822b65f405d1f87e722ec0c7e5cfc5fb35d1e9a2,7090,size_in_bytes,lib/ocaml/compiler-libs/flambda2_simplify__Simplify_let_cont_expr.cmt,1703316
2026-09-05T05:55:59Z,822b65f405d1f87e722ec0c7e5cfc5fb35d1e9a2,7090,size_in_bytes,lib/ocaml/compiler-libs/cfg_to_linear_desc.cmt,33821
2026-09-05T05:55:59Z,822b65f405d1f87e722ec0c7e5cfc5fb35d1e9a2,7090,size_in_bytes,lib/ocaml/compiler-libs/flambda2_identifiers__Code_id_or_symbol.cmt,23922
2026-09-05T05:55:59Z,822b65f405d1f87e722ec0c7e5cfc5fb35d1e9a2,7090,size_in_bytes,lib/ocaml/compiler-libs/ctype.cmt,12736152
2026-09-05T05:55:59Z,822b65f405d1f87e722ec0c7e5cfc5fb35d1e9a2,7090,size_in_bytes,lib/ocaml/compiler-libs/flambda2_simplify__Lifted_cont_params.cmt,119388
2026-09-05T05:55:59Z,822b65f405d1f87e722ec0c7e5cfc5fb35d1e9a2,7090,size_in_bytes,lib/ocaml/compiler-libs/flambda2_reaper__Reaper.cmt,80888
2026-09-05T05:55:59Z,822b65f405d1f87e722ec0c7e5cfc5fb35d1e9a2,7090,size_in_bytes,lib/ocaml/compiler-libs/arm64_binary_emitter__Logical_helpers.cmt,130972
2026-09-05T05:55:59Z,822b65f405d1f87e722ec0c7e5cfc5fb35d1e9a2,7090,size_in_bytes,lib/ocaml/compiler-libs/flambda2_terms__Cost_metrics.cmt,115226
2026-09-05T05:55:59Z,822b65f405d1f87e722ec0c7e5cfc5fb35d1e9a2,7090,size_in_bytes,lib/ocaml/compiler-libs/regalloc_stack_operands.cmt,360044
2026-09-05T05:55:59Z,822b65f405d1f87e722ec0c7e5cfc5fb35d1e9a2,7090,size_in_bytes,lib/ocaml/compiler-libs/compute_ranges_intf.cmt,189993
2026-09-05T05:55:59Z,822b65f405d1f87e722ec0c7e5cfc5fb35d1e9a2,7090,size_in_bytes,lib/ocaml/compiler-libs/flambda2_reaper__Rebuild.cmt,2947100
2026-09-05T05:55:59Z,822b65f405d1f87e722ec0c7e5cfc5fb35d1e9a2,7090,size_in_bytes,lib/ocaml/compiler-libs/flambda2_compare.cmt,10831
2026-09-05T05:55:59Z,822b65f405d1f87e722ec0c7e5cfc5fb35d1e9a2,7090,size_in_bytes,lib/ocaml/compiler-libs/scalar.cmt,709116
2026-09-05T05:55:59Z,822b65f405d1f87e722ec0c7e5cfc5fb35d1e9a2,7090,size_in_bytes,lib/ocaml/compiler-libs/tast_mapper.cmt,2121217
2026-09-05T05:55:59Z,822b65f405d1f87e722ec0c7e5cfc5fb35d1e9a2,7090,size_in_bytes,lib/ocaml/compiler-libs/flambda2_simplify__Unbox_continuation_params.cmt,246188
2026-09-05T05:55:59Z,822b65f405d1f87e722ec0c7e5cfc5fb35d1e9a2,7090,size_in_bytes,lib/ocaml/compiler-libs/compilation_unit.cmt,1169736
2026-09-05T05:55:59Z,822b65f405d1f87e722ec0c7e5cfc5fb35d1e9a2,7090,size_in_bytes,lib/ocaml/compiler-libs/dwarf_low__Dwarf_attribute_values.cmt,209283
2026-09-05T05:55:59Z,822b65f405d1f87e722ec0c7e5cfc5fb35d1e9a2,7090,size_in_bytes,lib/ocaml/compiler-libs/relocation_entry.cmt,102373
2026-09-05T05:55:59Z,822b65f405d1f87e722ec0c7e5cfc5fb35d1e9a2,7090,size_in_bytes,lib/ocaml/compiler-libs/optpackager.cmt,372637
2026-09-05T05:55:59Z,822b65f405d1f87e722ec0c7e5cfc5fb35d1e9a2,7090,size_in_bytes,lib/ocaml/compiler-libs/transl_list_comprehension.cmt,195140
2026-09-05T05:55:59Z,822b65f405d1f87e722ec0c7e5cfc5fb35d1e9a2,7090,size_in_bytes,lib/ocaml/compiler-libs/flambda2_terms__Inlining_history.cmt,380156
2026-09-05T05:55:59Z,822b65f405d1f87e722ec0c7e5cfc5fb35d1e9a2,7090,size_in_bytes,lib/ocaml/compiler-libs/asttypes.cmt,27880
2026-09-05T05:55:59Z,822b65f405d1f87e722ec0c7e5cfc5fb35d1e9a2,7090,size_in_bytes,lib/ocaml/compiler-libs/flambda2_term_basics__Scope.cmt,123324
2026-09-05T05:55:59Z,822b65f405d1f87e722ec0c7e5cfc5fb35d1e9a2,7090,size_in_bytes,lib/ocaml/compiler-libs/dwarf_concrete_instances.cmt,108041
2026-09-05T05:55:59Z,822b65f405d1f87e722ec0c7e5cfc5fb35d1e9a2,7090,size_in_bytes,lib/ocaml/compiler-libs/translobj.cmt,230501
2026-09-05T05:55:59Z,822b65f405d1f87e722ec0c7e5cfc5fb35d1e9a2,7090,size_in_bytes,lib/ocaml/compiler-libs/jit_backend.cmt,157865
2026-09-05T05:55:59Z,822b65f405d1f87e722ec0c7e5cfc5fb35d1e9a2,7090,size_in_bytes,lib/ocaml/compiler-libs/flambda2_terms__Code_metadata.cmt,783074
2026-09-05T05:55:59Z,822b65f405d1f87e722ec0c7e5cfc5fb35d1e9a2,7090,size_in_bytes,lib/ocaml/compiler-libs/targetint.cmt,183446
2026-09-05T05:55:59Z,822b65f405d1f87e722ec0c7e5cfc5fb35d1e9a2,7090,size_in_bytes,lib/ocaml/compiler-libs/flambda2_nominal__Contains_ids.cmt,22860
2026-09-05T05:55:59Z,822b65f405d1f87e722ec0c7e5cfc5fb35d1e9a2,7090,size_in_bytes,lib/ocaml/compiler-libs/reg_with_debug_info.cmt,316899
2026-09-05T05:55:59Z,822b65f405d1f87e722ec0c7e5cfc5fb35d1e9a2,7090,size_in_bytes,lib/ocaml/compiler-libs/errors.cmt,13711
2026-09-05T05:55:59Z,822b65f405d1f87e722ec0c7e5cfc5fb35d1e9a2,7090,size_in_bytes,lib/ocaml/compiler-libs/flambda2_algorithms__Container_types.cmt,820150
2026-09-05T05:55:59Z,822b65f405d1f87e722ec0c7e5cfc5fb35d1e9a2,7090,size_in_bytes,lib/ocaml/compiler-libs/flambda2_term_basics__Unit.cmt,169006
2026-09-05T05:55:59Z,822b65f405d1f87e722ec0c7e5cfc5fb35d1e9a2,7090,size_in_bytes,lib/ocaml/compiler-libs/regalloc_irc_state.cmt,1033670
2026-09-05T05:55:59Z,822b65f405d1f87e722ec0c7e5cfc5fb35d1e9a2,7090,size_in_bytes,lib/ocaml/compiler-libs/dwarf_low__Encoding_attribute.cmt,27128
2026-09-05T05:55:59Z,822b65f405d1f87e722ec0c7e5cfc5fb35d1e9a2,7090,size_in_bytes,lib/ocaml/compiler-libs/arm64_binary_emitter__Relocation.cmt,282657
2026-09-05T05:55:59Z,822b65f405d1f87e722ec0c7e5cfc5fb35d1e9a2,7090,size_in_bytes,lib/ocaml/compiler-libs/dwarf_low__Dwarf_4_range_list_entry.cmt,105615
2026-09-05T05:55:59Z,822b65f405d1f87e722ec0c7e5cfc5fb35d1e9a2,7090,size_in_bytes,lib/ocaml/compiler-libs/asm_targets__Asm_label.cmt,252737
2026-09-05T05:55:59Z,822b65f405d1f87e722ec0c7e5cfc5fb35d1e9a2,7090,size_in_bytes,lib/ocaml/compiler-libs/flambda2_simplify__Optimistic_unboxing_decision.cmt,251354
2026-09-05T05:55:59Z,822b65f405d1f87e722ec0c7e5cfc5fb35d1e9a2,7090,size_in_bytes,lib/ocaml/compiler-libs/optcomp_intf.cmt,54469
2026-09-05T05:55:59Z,822b65f405d1f87e722ec0c7e5cfc5fb35d1e9a2,7090,size_in_bytes,lib/ocaml/compiler-libs/flambda2_identifiers__Apply_cont_rewrite_id.cmt,31092
2026-09-05T05:55:59Z,822b65f405d1f87e722ec0c7e5cfc5fb35d1e9a2,7090,size_in_bytes,lib/ocaml/compiler-libs/flambda2_simplify__Continuation_in_env.cmt,111661
2026-09-05T05:55:59Z,822b65f405d1f87e722ec0c7e5cfc5fb35d1e9a2,7090,size_in_bytes,lib/ocaml/compiler-libs/cmt2annot.cmt,267131
2026-09-05T05:55:59Z,822b65f405d1f87e722ec0c7e5cfc5fb35d1e9a2,7090,size_in_bytes,lib/ocaml/compiler-libs/camlinternalMenhirLib.cmt,2408591
2026-09-05T05:55:59Z,822b65f405d1f87e722ec0c7e5cfc5fb35d1e9a2,7090,size_in_bytes,lib/ocaml/compiler-libs/flambda2_terms__Code0.cmt,175471
2026-09-05T05:55:59Z,822b65f405d1f87e722ec0c7e5cfc5fb35d1e9a2,7090,size_in_bytes,lib/ocaml/compiler-libs/slambdaeval.cmt,1296743
2026-09-05T05:55:59Z,822b65f405d1f87e722ec0c7e5cfc5fb35d1e9a2,7090,size_in_bytes,lib/ocaml/compiler-libs/cfg_reducibility.cmt,90231
2026-09-05T05:55:59Z,822b65f405d1f87e722ec0c7e5cfc5fb35d1e9a2,7090,size_in_bytes,lib/ocaml/compiler-libs/flambda2_simplify__Non_recursive_handler.cmt,103259
2026-09-05T05:55:59Z,822b65f405d1f87e722ec0c7e5cfc5fb35d1e9a2,7090,size_in_bytes,lib/ocaml/compiler-libs/flambda2_types__Type_descr.cmt,270383
2026-09-05T05:55:59Z,822b65f405d1f87e722ec0c7e5cfc5fb35d1e9a2,7090,size_in_bytes,lib/ocaml/compiler-libs/section_table.cmt,81963
2026-09-05T05:55:59Z,822b65f405d1f87e722ec0c7e5cfc5fb35d1e9a2,7090,size_in_bytes,lib/ocaml/compiler-libs/flambda2_to_cmm__To_cmm_expr.cmt,1920010
2026-09-05T05:55:59Z,822b65f405d1f87e722ec0c7e5cfc5fb35d1e9a2,7090,size_in_bytes,lib/ocaml/compiler-libs/flambda2_simplify__Upwards_acc.cmt,247978
2026-09-05T05:55:59Z,822b65f405d1f87e722ec0c7e5cfc5fb35d1e9a2,7090,size_in_bytes,lib/ocaml/compiler-libs/flambda2_simplify_shared.cmt,16095
2026-09-05T05:55:59Z,822b65f405d1f87e722ec0c7e5cfc5fb35d1e9a2,7090,size_in_bytes,lib/ocaml/compiler-libs/flambda2_simplify__Inlining_transforms.cmt,219371
2026-09-05T05:55:59Z,822b65f405d1f87e722ec0c7e5cfc5fb35d1e9a2,7090,size_in_bytes,lib/ocaml/compiler-libs/eh_frame_registration.cmt,37498
2026-09-05T05:55:59Z,822b65f405d1f87e722ec0c7e5cfc5fb35d1e9a2,7090,size_in_bytes,lib/ocaml/compiler-libs/static_label.cmt,36635
2026-09-05T05:55:59Z,822b65f405d1f87e722ec0c7e5cfc5fb35d1e9a2,7090,size_in_bytes,lib/ocaml/compiler-libs/flambda2_simplify__Control_flow_graph.cmt,563480
2026-09-05T05:55:59Z,822b65f405d1f87e722ec0c7e5cfc5fb35d1e9a2,7090,size_in_bytes,lib/ocaml/compiler-libs/dwarf_high.cmt,14549
2026-09-05T05:55:59Z,822b65f405d1f87e722ec0c7e5cfc5fb35d1e9a2,7090,size_in_bytes,lib/ocaml/compiler-libs/runtimedef.cmt,101449
2026-09-05T05:55:59Z,822b65f405d1f87e722ec0c7e5cfc5fb35d1e9a2,7090,size_in_bytes,lib/ocaml/compiler-libs/typedecl_variance.cmt,715526
2026-09-05T05:55:59Z,822b65f405d1f87e722ec0c7e5cfc5fb35d1e9a2,7090,size_in_bytes,lib/ocaml/compiler-libs/flambda2_simplify_shared__Exported_offsets.cmt,208709
2026-09-05T05:55:59Z,822b65f405d1f87e722ec0c7e5cfc5fb35d1e9a2,7090,size_in_bytes,lib/ocaml/compiler-libs/flambda2_simplify__Simplify_ternary_primitive.cmt,189190
2026-09-05T05:55:59Z,822b65f405d1f87e722ec0c7e5cfc5fb35d1e9a2,7090,size_in_bytes,lib/ocaml/compiler-libs/typeopt.cmt,1569446
2026-09-05T05:55:59Z,822b65f405d1f87e722ec0c7e5cfc5fb35d1e9a2,7090,size_in_bytes,lib/ocaml/compiler-libs/dll.cmt,190686
2026-09-05T05:55:59Z,822b65f405d1f87e722ec0c7e5cfc5fb35d1e9a2,7090,size_in_bytes,lib/ocaml/compiler-libs/flambda2_parser.cmt,19185
2026-09-05T05:55:59Z,822b65f405d1f87e722ec0c7e5cfc5fb35d1e9a2,7090,size_in_bytes,lib/ocaml/compiler-libs/untypeast.cmt,2104228
2026-09-05T05:55:59Z,822b65f405d1f87e722ec0c7e5cfc5fb35d1e9a2,7090,size_in_bytes,lib/ocaml/compiler-libs/flambda2_identifiers__Code_id_or_name.cmt,34109
2026-09-05T05:55:59Z,822b65f405d1f87e722ec0c7e5cfc5fb35d1e9a2,7090,size_in_bytes,lib/ocaml/compiler-libs/flambda2_types__Meet.cmt,69067
2026-09-05T05:55:59Z,822b65f405d1f87e722ec0c7e5cfc5fb35d1e9a2,7090,size_in_bytes,lib/ocaml/compiler-libs/flambda2_algorithms__Table_by_int_id.cmt,169828
2026-09-05T05:55:59Z,822b65f405d1f87e722ec0c7e5cfc5fb35d1e9a2,7090,size_in_bytes,lib/ocaml/compiler-libs/flambda2_parser__Flambda_to_fexpr.cmt,1182176
2026-09-05T05:55:59Z,822b65f405d1f87e722ec0c7e5cfc5fb35d1e9a2,7090,size_in_bytes,lib/ocaml/compiler-libs/datarepr.cmt,369872
2026-09-05T05:55:59Z,822b65f405d1f87e722ec0c7e5cfc5fb35d1e9a2,7090,size_in_bytes,lib/ocaml/compiler-libs/flambda2_term_basics__Tag_and_size.cmt,178004
2026-09-05T05:55:59Z,822b65f405d1f87e722ec0c7e5cfc5fb35d1e9a2,7090,size_in_bytes,lib/ocaml/compiler-libs/flambda2_terms__Exn_continuation.cmt,298267
2026-09-05T05:55:59Z,822b65f405d1f87e722ec0c7e5cfc5fb35d1e9a2,7090,size_in_bytes,lib/ocaml/compiler-libs/dwarf_low__Dwarf_format.cmt,23221
2026-09-05T05:55:59Z,822b65f405d1f87e722ec0c7e5cfc5fb35d1e9a2,7090,size_in_bytes,lib/ocaml/compiler-libs/flambda2_parser__Flambda_to_fexpr_commons.cmt,745159
2026-09-05T05:55:59Z,822b65f405d1f87e722ec0c7e5cfc5fb35d1e9a2,7090,size_in_bytes,lib/ocaml/compiler-libs/flambda2_reaper__Points_to_analysis.cmt,1655303
2026-09-05T05:55:59Z,822b65f405d1f87e722ec0c7e5cfc5fb35d1e9a2,7090,size_in_bytes,lib/ocaml/compiler-libs/dwarf_low__Debug_info_section.cmt,94020
2026-09-05T05:55:59Z,822b65f405d1f87e722ec0c7e5cfc5fb35d1e9a2,7090,size_in_bytes,lib/ocaml/compiler-libs/flambda2_simplify__Unboxing_epa.cmt,569366
2026-09-05T05:55:59Z,822b65f405d1f87e722ec0c7e5cfc5fb35d1e9a2,7090,size_in_bytes,lib/ocaml/compiler-libs/diffing_with_keys.cmt,288046
2026-09-05T05:55:59Z,822b65f405d1f87e722ec0c7e5cfc5fb35d1e9a2,7090,size_in_bytes,lib/ocaml/compiler-libs/compmisc.cmt,152594
2026-09-05T05:55:59Z,822b65f405d1f87e722ec0c7e5cfc5fb35d1e9a2,7090,size_in_bytes,lib/ocaml/compiler-libs/jkind_axis.cmt,404646
2026-09-05T05:55:59Z,822b65f405d1f87e722ec0c7e5cfc5fb35d1e9a2,7090,size_in_bytes,lib/ocaml/compiler-libs/identifiable.cmt,690071
2026-09-05T05:55:59Z,822b65f405d1f87e722ec0c7e5cfc5fb35d1e9a2,7090,size_in_bytes,lib/ocaml/compiler-libs/dsl_helpers.cmt,11956
2026-09-05T05:55:59Z,822b65f405d1f87e722ec0c7e5cfc5fb35d1e9a2,7090,size_in_bytes,lib/ocaml/compiler-libs/bytesections.cmt,143531
2026-09-05T05:55:59Z,822b65f405d1f87e722ec0c7e5cfc5fb35d1e9a2,7090,size_in_bytes,lib/ocaml/compiler-libs/terminfo.cmt,51408
2026-09-05T05:55:59Z,822b65f405d1f87e722ec0c7e5cfc5fb35d1e9a2,7090,size_in_bytes,lib/ocaml/compiler-libs/pparse.cmt,345933
2026-09-05T05:55:59Z,822b65f405d1f87e722ec0c7e5cfc5fb35d1e9a2,7090,size_in_bytes,lib/ocaml/compiler-libs/solver.cmt,3960188
2026-09-05T05:55:59Z,822b65f405d1f87e722ec0c7e5cfc5fb35d1e9a2,7090,size_in_bytes,lib/ocaml/compiler-libs/flambda2_lattices__Or_bottom.cmt,66143
2026-09-05T05:55:59Z,822b65f405d1f87e722ec0c7e5cfc5fb35d1e9a2,7090,size_in_bytes,lib/ocaml/compiler-libs/flambda2_simplify__Continuation_uses_env.cmt,114304
2026-09-05T05:55:59Z,822b65f405d1f87e722ec0c7e5cfc5fb35d1e9a2,7090,size_in_bytes,lib/ocaml/compiler-libs/profile.cmt,698427
2026-09-05T05:55:59Z,822b65f405d1f87e722ec0c7e5cfc5fb35d1e9a2,7090,size_in_bytes,lib/ocaml/compiler-libs/dwarf_low__Debug_loc_table.cmt,47795
2026-09-05T05:55:59Z,822b65f405d1f87e722ec0c7e5cfc5fb35d1e9a2,7090,size_in_bytes,lib/ocaml/compiler-libs/lazy_backtrack.cmt,91268
2026-09-05T05:55:59Z,822b65f405d1f87e722ec0c7e5cfc5fb35d1e9a2,7090,size_in_bytes,lib/ocaml/compiler-libs/ldd.cmt,1112129
2026-09-05T05:55:59Z,822b65f405d1f87e722ec0c7e5cfc5fb35d1e9a2,7090,size_in_bytes,lib/ocaml/compiler-libs/jkind.cmt,5553482
2026-09-05T05:55:59Z,822b65f405d1f87e722ec0c7e5cfc5fb35d1e9a2,7090,size_in_bytes,lib/ocaml/compiler-libs/partial_link.cmt,259951
2026-09-05T05:55:59Z,822b65f405d1f87e722ec0c7e5cfc5fb35d1e9a2,7090,size_in_bytes,lib/ocaml/compiler-libs/dwarf_low__Composite_location_description.cmt,39477
2026-09-05T05:55:59Z,822b65f405d1f87e722ec0c7e5cfc5fb35d1e9a2,7090,size_in_bytes,lib/ocaml/compiler-libs/flambda2_identifiers.cmt,23882
2026-09-05T05:55:59Z,822b65f405d1f87e722ec0c7e5cfc5fb35d1e9a2,7090,size_in_bytes,lib/ocaml/compiler-libs/cfg_format.cmt,117705
2026-09-05T05:55:59Z,822b65f405d1f87e722ec0c7e5cfc5fb35d1e9a2,7090,size_in_bytes,lib/ocaml/compiler-libs/flambda2_types__Typing_env.cmt,1582211
2026-09-05T05:55:59Z,822b65f405d1f87e722ec0c7e5cfc5fb35d1e9a2,7090,size_in_bytes,lib/ocaml/compiler-libs/ikind.cmt,2300726
2026-09-05T05:55:59Z,822b65f405d1f87e722ec0c7e5cfc5fb35d1e9a2,7090,size_in_bytes,lib/ocaml/compiler-libs/operation.cmt,671483
2026-09-05T05:55:59Z,822b65f405d1f87e722ec0c7e5cfc5fb35d1e9a2,7090,size_in_bytes,lib/ocaml/compiler-libs/asm_targets.cmt,13628
2026-09-05T05:55:59Z,822b65f405d1f87e722ec0c7e5cfc5fb35d1e9a2,7090,size_in_bytes,lib/ocaml/compiler-libs/zero_alloc.cmt,216839
2026-09-05T05:55:59Z,822b65f405d1f87e722ec0c7e5cfc5fb35d1e9a2,7090,size_in_bytes,lib/ocaml/compiler-libs/regalloc_gi_state.cmt,72976
2026-09-05T05:55:59Z,822b65f405d1f87e722ec0c7e5cfc5fb35d1e9a2,7090,size_in_bytes,lib/ocaml/compiler-libs/flambda2_to_jsir.cmt,15446
2026-09-05T05:55:59Z,822b65f405d1f87e722ec0c7e5cfc5fb35d1e9a2,7090,size_in_bytes,lib/ocaml/compiler-libs/flambda2_terms__Flambda.cmt,2337413
2026-09-05T05:55:59Z,822b65f405d1f87e722ec0c7e5cfc5fb35d1e9a2,7090,size_in_bytes,lib/ocaml/compiler-libs/flambda2_simplify__Simplify_static_const.cmt,532114
2026-09-05T05:55:59Z,822b65f405d1f87e722ec0c7e5cfc5fb35d1e9a2,7090,size_in_bytes,lib/ocaml/compiler-libs/regalloc_gi_utils.cmt,757758
2026-09-05T05:55:59Z,822b65f405d1f87e722ec0c7e5cfc5fb35d1e9a2,7090,size_in_bytes,lib/ocaml/compiler-libs/typetexp.cmt,2897166
2026-09-05T05:55:59Z,822b65f405d1f87e722ec0c7e5cfc5fb35d1e9a2,7090,size_in_bytes,lib/ocaml/compiler-libs/flambda2_simplify__Loopify_state.cmt,37280
2026-09-05T05:55:59Z,822b65f405d1f87e722ec0c7e5cfc5fb35d1e9a2,7090,size_in_bytes,lib/ocaml/compiler-libs/regalloc_affinity.cmt,190814
2026-09-05T05:55:59Z,822b65f405d1f87e722ec0c7e5cfc5fb35d1e9a2,7090,size_in_bytes,lib/ocaml/compiler-libs/flambda2_bound_identifiers__Bound_parameter.cmt,265823
2026-09-05T05:55:59Z,822b65f405d1f87e722ec0c7e5cfc5fb35d1e9a2,7090,size_in_bytes,lib/ocaml/compiler-libs/jkind_intf.cmt,163401
2026-09-05T05:55:59Z,822b65f405d1f87e722ec0c7e5cfc5fb35d1e9a2,7090,size_in_bytes,lib/ocaml/compiler-libs/printcfg.cmt,585929
2026-09-05T05:55:59Z,822b65f405d1f87e722ec0c7e5cfc5fb35d1e9a2,7090,size_in_bytes,lib/ocaml/compiler-libs/flambda2_terms__Code.cmt,68515
2026-09-05T05:55:59Z,822b65f405d1f87e722ec0c7e5cfc5fb35d1e9a2,7090,size_in_bytes,lib/ocaml/compiler-libs/typedecl_separability.cmt,544139
2026-09-05T05:55:59Z,822b65f405d1f87e722ec0c7e5cfc5fb35d1e9a2,7090,size_in_bytes,lib/ocaml/compiler-libs/runtime_shape.cmt,819949
2026-09-05T05:55:59Z,822b65f405d1f87e722ec0c7e5cfc5fb35d1e9a2,7090,size_in_bytes,lib/ocaml/compiler-libs/dwarf_low__Location_or_range_list.cmt,36344
2026-09-05T05:55:59Z,822b65f405d1f87e722ec0c7e5cfc5fb35d1e9a2,7090,size_in_bytes,lib/ocaml/compiler-libs/dwarf_low__Aranges_table.cmt,55342
2026-09-05T05:55:59Z,822b65f405d1f87e722ec0c7e5cfc5fb35d1e9a2,7090,size_in_bytes,lib/ocaml/compiler-libs/optlink.cmt,475752
2026-09-05T05:55:59Z,822b65f405d1f87e722ec0c7e5cfc5fb35d1e9a2,7090,size_in_bytes,lib/ocaml/compiler-libs/flambda2_terms.cmt,40794
2026-09-05T05:55:59Z,822b65f405d1f87e722ec0c7e5cfc5fb35d1e9a2,7090,size_in_bytes,lib/ocaml/compiler-libs/regalloc_rewrite.cmt,532530
2026-09-05T05:55:59Z,822b65f405d1f87e722ec0c7e5cfc5fb35d1e9a2,7090,size_in_bytes,lib/ocaml/compiler-libs/dwarf_low__Range_list_table.cmt,22415
2026-09-05T05:55:59Z,822b65f405d1f87e722ec0c7e5cfc5fb35d1e9a2,7090,size_in_bytes,lib/ocaml/compiler-libs/syntaxerr.cmt,35569
2026-09-05T05:55:59Z,822b65f405d1f87e722ec0c7e5cfc5fb35d1e9a2,7090,size_in_bytes,lib/ocaml/compiler-libs/cfg_with_infos.cmt,118254
2026-09-05T05:55:59Z,822b65f405d1f87e722ec0c7e5cfc5fb35d1e9a2,7090,size_in_bytes,lib/ocaml/compiler-libs/flambda2_simplify__One_recursive_handler.cmt,56629
2026-09-05T05:55:59Z,822b65f405d1f87e722ec0c7e5cfc5fb35d1e9a2,7090,size_in_bytes,lib/ocaml/compiler-libs/x86_dsl.cmt,262278
2026-09-05T05:55:59Z,822b65f405d1f87e722ec0c7e5cfc5fb35d1e9a2,7090,size_in_bytes,lib/ocaml/compiler-libs/dwarf_low__Abbreviation_code.cmt,49835
2026-09-05T05:55:59Z,822b65f405d1f87e722ec0c7e5cfc5fb35d1e9a2,7090,size_in_bytes,lib/ocaml/compiler-libs/flambda2_terms__Function_decl_inlining_decision_type.cmt,374385
2026-09-05T05:55:59Z,822b65f405d1f87e722ec0c7e5cfc5fb35d1e9a2,7090,size_in_bytes,lib/ocaml/compiler-libs/dwarf_abstract_instances.cmt,146593
2026-09-05T05:55:59Z,822b65f405d1f87e722ec0c7e5cfc5fb35d1e9a2,7090,size_in_bytes,lib/ocaml/compiler-libs/regalloc_ls_state.cmt,330676
2026-09-05T05:55:59Z,822b65f405d1f87e722ec0c7e5cfc5fb35d1e9a2,7090,size_in_bytes,lib/ocaml/compiler-libs/flambda2_simplify__Simplify_set_of_closures_context.cmt,292750
2026-09-05T05:55:59Z,822b65f405d1f87e722ec0c7e5cfc5fb35d1e9a2,7090,size_in_bytes,lib/ocaml/compiler-libs/flambda2_simplify__Build_unboxing_denv.cmt,308645
2026-09-05T05:55:59Z,822b65f405d1f87e722ec0c7e5cfc5fb35d1e9a2,7090,size_in_bytes,lib/ocaml/compiler-libs/binary_emitter_intf.cmt,58659
2026-09-05T05:55:59Z,822b65f405d1f87e722ec0c7e5cfc5fb35d1e9a2,7090,size_in_bytes,lib/ocaml/compiler-libs/flambda2_term_basics__Coercion.cmt,71514
2026-09-05T05:55:59Z,822b65f405d1f87e722ec0c7e5cfc5fb35d1e9a2,7090,size_in_bytes,lib/ocaml/compiler-libs/flambda2_kinds__Flambda_arity.cmt,235623
2026-09-05T05:55:59Z,822b65f405d1f87e722ec0c7e5cfc5fb35d1e9a2,7090,size_in_bytes,lib/ocaml/compiler-libs/flambda2_reaper__Rebuilt_expr.cmt,115897
2026-09-05T05:55:59Z,822b65f405d1f87e722ec0c7e5cfc5fb35d1e9a2,7090,size_in_bytes,lib/ocaml/compiler-libs/flambda2_simplify__Continuation_extra_params_and_args.cmt,217689
2026-09-05T05:55:59Z,822b65f405d1f87e722ec0c7e5cfc5fb35d1e9a2,7090,size_in_bytes,lib/ocaml/compiler-libs/arm64_binary_emitter__Simd_helpers.cmt,532912
2026-09-05T05:55:59Z,822b65f405d1f87e722ec0c7e5cfc5fb35d1e9a2,7090,size_in_bytes,lib/ocaml/compiler-libs/matching.cmt,6256510
2026-09-05T05:55:59Z,822b65f405d1f87e722ec0c7e5cfc5fb35d1e9a2,7090,size_in_bytes,lib/ocaml/compiler-libs/flambda2_to_jsir__To_jsir_shared.cmt,154367
2026-09-05T05:55:59Z,822b65f405d1f87e722ec0c7e5cfc5fb35d1e9a2,7090,size_in_bytes,lib/ocaml/compiler-libs/flambda2_cmx__Flambda_cmx_format.cmt,251426
2026-09-05T05:55:59Z,822b65f405d1f87e722ec0c7e5cfc5fb35d1e9a2,7090,size_in_bytes,lib/ocaml/compiler-libs/flambda2_numbers__Or_infinity.cmt,39961
2026-09-05T05:55:59Z,822b65f405d1f87e722ec0c7e5cfc5fb35d1e9a2,7090,size_in_bytes,lib/ocaml/compiler-libs/cfg_loop_infos.cmt,249006
2026-09-05T05:55:59Z,822b65f405d1f87e722ec0c7e5cfc5fb35d1e9a2,7090,size_in_bytes,lib/ocaml/compiler-libs/flambda2_algorithms__Lmap.cmt,236265
2026-09-05T05:55:59Z,822b65f405d1f87e722ec0c7e5cfc5fb35d1e9a2,7090,size_in_bytes,lib/ocaml/compiler-libs/flambda2_simplify__Reification.cmt,291674
2026-09-05T05:55:59Z,822b65f405d1f87e722ec0c7e5cfc5fb35d1e9a2,7090,size_in_bytes,lib/ocaml/compiler-libs/flambda2.cmt,354194
2026-09-05T05:55:59Z,822b65f405d1f87e722ec0c7e5cfc5fb35d1e9a2,7090,size_in_bytes,lib/ocaml/compiler-libs/compiler_hooks.cmt,169680
2026-09-05T05:55:59Z,822b65f405d1f87e722ec0c7e5cfc5fb35d1e9a2,7090,size_in_bytes,lib/ocaml/compiler-libs/flambda2_parser__Flambda_parser.cmt,7858634
2026-09-05T05:55:59Z,822b65f405d1f87e722ec0c7e5cfc5fb35d1e9a2,7090,size_in_bytes,lib/ocaml/compiler-libs/optlibrarian.cmt,206231
2026-09-05T05:55:59Z,822b65f405d1f87e722ec0c7e5cfc5fb35d1e9a2,7090,size_in_bytes,lib/ocaml/compiler-libs/flambda2_types__Traversals.cmt,2184774
2026-09-05T05:55:59Z,822b65f405d1f87e722ec0c7e5cfc5fb35d1e9a2,7090,size_in_bytes,lib/ocaml/compiler-libs/flambda2_simplify__Is_unboxing_beneficial.cmt,104381
2026-09-05T05:55:59Z,822b65f405d1f87e722ec0c7e5cfc5fb35d1e9a2,7090,size_in_bytes,lib/ocaml/compiler-libs/lambda.cmt,3662998
2026-09-05T05:55:59Z,822b65f405d1f87e722ec0c7e5cfc5fb35d1e9a2,7090,size_in_bytes,lib/ocaml/compiler-libs/partition.cmt,52715
2026-09-05T05:55:59Z,822b65f405d1f87e722ec0c7e5cfc5fb35d1e9a2,7090,size_in_bytes,lib/ocaml/compiler-libs/dwarf_low__Location_list_table.cmt,22730
2026-09-05T05:55:59Z,822b65f405d1f87e722ec0c7e5cfc5fb35d1e9a2,7090,size_in_bytes,lib/ocaml/compiler-libs/dwarf_low__Address_table.cmt,218787
2026-09-05T05:55:59Z,822b65f405d1f87e722ec0c7e5cfc5fb35d1e9a2,7090,size_in_bytes,lib/ocaml/compiler-libs/compute_ranges.cmt,668584
2026-09-05T05:55:59Z,822b65f405d1f87e722ec0c7e5cfc5fb35d1e9a2,7090,size_in_bytes,lib/ocaml/compiler-libs/docstrings.cmt,353652
2026-09-05T05:55:59Z,822b65f405d1f87e722ec0c7e5cfc5fb35d1e9a2,7090,size_in_bytes,lib/ocaml/compiler-libs/flambda2_simplify__Are_lifting_conts.cmt,89993
2026-09-05T05:55:59Z,822b65f405d1f87e722ec0c7e5cfc5fb35d1e9a2,7090,size_in_bytes,lib/ocaml/compiler-libs/flambda2_nominal__Num_occurrences.cmt,23367
2026-09-05T05:55:59Z,822b65f405d1f87e722ec0c7e5cfc5fb35d1e9a2,7090,size_in_bytes,lib/ocaml/compiler-libs/arm64_ast__Ast.cmt,3633664
2026-09-05T05:55:59Z,822b65f405d1f87e722ec0c7e5cfc5fb35d1e9a2,7090,size_in_bytes,lib/ocaml/compiler-libs/primitive.cmt,1349270
2026-09-05T05:55:59Z,822b65f405d1f87e722ec0c7e5cfc5fb35d1e9a2,7090,size_in_bytes,lib/ocaml/str/str.cmt,1275281
2026-09-05T05:55:59Z,822b65f405d1f87e722ec0c7e5cfc5fb35d1e9a2,7090,size_in_bytes,lib/ocaml/ocaml-jit/jit.cmt,794900
2026-09-05T05:55:59Z,822b65f405d1f87e722ec0c7e5cfc5fb35d1e9a2,7090,size_in_bytes,lib/ocaml/stdlib_alpha/stdlib_alpha.cmt,11647
2026-09-05T05:55:59Z,822b65f405d1f87e722ec0c7e5cfc5fb35d1e9a2,7090,size_in_bytes,lib/ocaml/runtime_events/runtime_events.cmt,202698
2026-09-05T05:55:59Z,822b65f405d1f87e722ec0c7e5cfc5fb35d1e9a2,7090,size_in_bytes,lib/ocaml/stdlib_stable/stdlib_stable__Int16.cmt,72105
2026-09-05T05:55:59Z,822b65f405d1f87e722ec0c7e5cfc5fb35d1e9a2,7090,size_in_bytes,lib/ocaml/stdlib_stable/stdlib_stable__Idx_mut.cmt,22196
2026-09-05T05:55:59Z,822b65f405d1f87e722ec0c7e5cfc5fb35d1e9a2,7090,size_in_bytes,lib/ocaml/stdlib_stable/stdlib_stable__Iarray.cmt,45775
2026-09-05T05:55:59Z,822b65f405d1f87e722ec0c7e5cfc5fb35d1e9a2,7090,size_in_bytes,lib/ocaml/stdlib_stable/stdlib_stable__Idx_atomic.cmt,34492
2026-09-05T05:55:59Z,822b65f405d1f87e722ec0c7e5cfc5fb35d1e9a2,7090,size_in_bytes,lib/ocaml/stdlib_stable/stdlib_stable__IarrayLabels.cmt,1434892
2026-09-05T05:55:59Z,822b65f405d1f87e722ec0c7e5cfc5fb35d1e9a2,7090,size_in_bytes,lib/ocaml/stdlib_stable/stdlib_stable__Int8_u.cmt,81679
2026-09-05T05:55:59Z,822b65f405d1f87e722ec0c7e5cfc5fb35d1e9a2,7090,size_in_bytes,lib/ocaml/stdlib_stable/stdlib_stable__Int.cmt,84797
2026-09-05T05:55:59Z,822b65f405d1f87e722ec0c7e5cfc5fb35d1e9a2,7090,size_in_bytes,lib/ocaml/stdlib_stable/stdlib_stable__Char_u.cmt,53256
2026-09-05T05:55:59Z,822b65f405d1f87e722ec0c7e5cfc5fb35d1e9a2,7090,size_in_bytes,lib/ocaml/stdlib_stable/stdlib_stable__Float32_u.cmt,571301
2026-09-05T05:55:59Z,822b65f405d1f87e722ec0c7e5cfc5fb35d1e9a2,7090,size_in_bytes,lib/ocaml/stdlib_stable/stdlib_stable__Or_null.cmt,70290
2026-09-05T05:55:59Z,822b65f405d1f87e722ec0c7e5cfc5fb35d1e9a2,7090,size_in_bytes,lib/ocaml/stdlib_stable/stdlib_stable__Int_u.cmt,97571
2026-09-05T05:55:59Z,822b65f405d1f87e722ec0c7e5cfc5fb35d1e9a2,7090,size_in_bytes,lib/ocaml/stdlib_stable/stdlib_stable__Idx_imm.cmt,20792
2026-09-05T05:55:59Z,822b65f405d1f87e722ec0c7e5cfc5fb35d1e9a2,7090,size_in_bytes,lib/ocaml/stdlib_stable/stdlib_stable__.cmt,21251
2026-09-05T05:55:59Z,822b65f405d1f87e722ec0c7e5cfc5fb35d1e9a2,7090,size_in_bytes,lib/ocaml/stdlib_stable/stdlib_stable__Int8.cmt,72019
2026-09-05T05:55:59Z,822b65f405d1f87e722ec0c7e5cfc5fb35d1e9a2,7090,size_in_bytes,lib/ocaml/stdlib_stable/stdlib_stable.cmt,16544
2026-09-05T05:55:59Z,822b65f405d1f87e722ec0c7e5cfc5fb35d1e9a2,7090,size_in_bytes,lib/ocaml/stdlib_stable/stdlib_stable__Int16_u.cmt,81779
2026-09-05T05:55:59Z,822b65f405d1f87e722ec0c7e5cfc5fb35d1e9a2,7090,size_in_bytes,lib/ocaml/stdlib_stable/stdlib_stable__Float32.cmt,263320
2026-09-05T05:55:59Z,822b65f405d1f87e722ec0c7e5cfc5fb35d1e9a2,7090,size_in_bytes,lib/ocaml/unix/unixLabels.cmt,170593
2026-09-05T05:55:59Z,822b65f405d1f87e722ec0c7e5cfc5fb35d1e9a2,7090,size_in_bytes,lib/ocaml/unix/unix.cmt,1073865
2026-09-05T05:55:59Z,822b65f405d1f87e722ec0c7e5cfc5fb35d1e9a2,7090,size_in_bytes,lib/ocaml/stdlib__List.cmti,159791
2026-09-05T05:55:59Z,822b65f405d1f87e722ec0c7e5cfc5fb35d1e9a2,7090,size_in_bytes,lib/ocaml/stdlib__Either.cmti,49316
2026-09-05T05:55:59Z,822b65f405d1f87e722ec0c7e5cfc5fb35d1e9a2,7090,size_in_bytes,lib/ocaml/camlinternalFormat.cmti,71665
2026-09-05T05:55:59Z,822b65f405d1f87e722ec0c7e5cfc5fb35d1e9a2,7090,size_in_bytes,lib/ocaml/camlinternalOO.cmti,66860
2026-09-05T05:55:59Z,822b65f405d1f87e722ec0c7e5cfc5fb35d1e9a2,7090,size_in_bytes,lib/ocaml/stdlib__Gc.cmti,132159
2026-09-05T05:55:59Z,822b65f405d1f87e722ec0c7e5cfc5fb35d1e9a2,7090,size_in_bytes,lib/ocaml/stdlib__Seq.cmti,164503
2026-09-05T05:55:59Z,822b65f405d1f87e722ec0c7e5cfc5fb35d1e9a2,7090,size_in_bytes,lib/ocaml/topdirs.cmti,25791
2026-09-05T05:55:59Z,822b65f405d1f87e722ec0c7e5cfc5fb35d1e9a2,7090,size_in_bytes,lib/ocaml/stdlib__ListLabels.cmti,160340
2026-09-05T05:55:59Z,822b65f405d1f87e722ec0c7e5cfc5fb35d1e9a2,7090,size_in_bytes,lib/ocaml/compiler_owee__Owee_elf_string_table.cmti,18022
2026-09-05T05:55:59Z,822b65f405d1f87e722ec0c7e5cfc5fb35d1e9a2,7090,size_in_bytes,lib/ocaml/stdlib__Lexing.cmti,58767
2026-09-05T05:55:59Z,822b65f405d1f87e722ec0c7e5cfc5fb35d1e9a2,7090,size_in_bytes,lib/ocaml/stdlib__Int64.cmti,69961
2026-09-05T05:55:59Z,822b65f405d1f87e722ec0c7e5cfc5fb35d1e9a2,7090,size_in_bytes,lib/ocaml/stdlib__Weak.cmti,61982
2026-09-05T05:55:59Z,822b65f405d1f87e722ec0c7e5cfc5fb35d1e9a2,7090,size_in_bytes,lib/ocaml/compiler_owee__Owee_elf_relocation.cmti,55104
2026-09-05T05:55:59Z,822b65f405d1f87e722ec0c7e5cfc5fb35d1e9a2,7090,size_in_bytes,lib/ocaml/stdlib__StdLabels.cmti,15316
2026-09-05T05:55:59Z,822b65f405d1f87e722ec0c7e5cfc5fb35d1e9a2,7090,size_in_bytes,lib/ocaml/stdlib__Int.cmti,48514
2026-09-05T05:55:59Z,822b65f405d1f87e722ec0c7e5cfc5fb35d1e9a2,7090,size_in_bytes,lib/ocaml/camlinternalMod.cmti,17168
2026-09-05T05:55:59Z,822b65f405d1f87e722ec0c7e5cfc5fb35d1e9a2,7090,size_in_bytes,lib/ocaml/stdlib__Lazy.cmti,30551
2026-09-05T05:55:59Z,822b65f405d1f87e722ec0c7e5cfc5fb35d1e9a2,7090,size_in_bytes,lib/ocaml/compiler_owee__Owee_macho.cmti,114886
2026-09-05T05:55:59Z,822b65f405d1f87e722ec0c7e5cfc5fb35d1e9a2,7090,size_in_bytes,lib/ocaml/stdlib__Array.cmti,137183
2026-09-05T05:55:59Z,822b65f405d1f87e722ec0c7e5cfc5fb35d1e9a2,7090,size_in_bytes,lib/ocaml/compiler_owee__Owee_elf_notes.cmti,29301
2026-09-05T05:55:59Z,822b65f405d1f87e722ec0c7e5cfc5fb35d1e9a2,7090,size_in_bytes,lib/ocaml/stdlib__Printf.cmti,49636
2026-09-05T05:55:59Z,822b65f405d1f87e722ec0c7e5cfc5fb35d1e9a2,7090,size_in_bytes,lib/ocaml/stdlib__Nativeint.cmti,66037
2026-09-05T05:55:59Z,822b65f405d1f87e722ec0c7e5cfc5fb35d1e9a2,7090,size_in_bytes,lib/ocaml/compiler_owee__Owee_object.cmti,28837
2026-09-05T05:55:59Z,822b65f405d1f87e722ec0c7e5cfc5fb35d1e9a2,7090,size_in_bytes,lib/ocaml/stdlib__Int32.cmti,64957
2026-09-05T05:55:59Z,822b65f405d1f87e722ec0c7e5cfc5fb35d1e9a2,7090,size_in_bytes,lib/ocaml/stdlib__Complex.cmti,30757
2026-09-05T05:55:59Z,822b65f405d1f87e722ec0c7e5cfc5fb35d1e9a2,7090,size_in_bytes,lib/ocaml/stdlib__Digest.cmti,69416
2026-09-05T05:55:59Z,822b65f405d1f87e722ec0c7e5cfc5fb35d1e9a2,7090,size_in_bytes,lib/ocaml/stdlib__Unit.cmti,16612
2026-09-05T05:55:59Z,822b65f405d1f87e722ec0c7e5cfc5fb35d1e9a2,7090,size_in_bytes,lib/ocaml/gc_timings.cmti,12488
2026-09-05T05:55:59Z,822b65f405d1f87e722ec0c7e5cfc5fb35d1e9a2,7090,size_in_bytes,lib/ocaml/stdlib__Oo.cmti,18014
2026-09-05T05:55:59Z,822b65f405d1f87e722ec0c7e5cfc5fb35d1e9a2,7090,size_in_bytes,lib/ocaml/stdlib__Uchar.cmti,41913
2026-09-05T05:55:59Z,822b65f405d1f87e722ec0c7e5cfc5fb35d1e9a2,7090,size_in_bytes,lib/ocaml/stdlib__Parsing.cmti,37513
2026-09-05T05:55:59Z,822b65f405d1f87e722ec0c7e5cfc5fb35d1e9a2,7090,size_in_bytes,lib/ocaml/compiler_owee__Owee_form.cmti,17653
2026-09-05T05:55:59Z,822b65f405d1f87e722ec0c7e5cfc5fb35d1e9a2,7090,size_in_bytes,lib/ocaml/stdlib__Iarray.cmti,101092
2026-09-05T05:55:59Z,822b65f405d1f87e722ec0c7e5cfc5fb35d1e9a2,7090,size_in_bytes,lib/ocaml/stdlib__Type.cmti,25562
2026-09-05T05:55:59Z,822b65f405d1f87e722ec0c7e5cfc5fb35d1e9a2,7090,size_in_bytes,lib/ocaml/compiler_owee__Owee_interval_map.cmti,19868
2026-09-05T05:55:59Z,822b65f405d1f87e722ec0c7e5cfc5fb35d1e9a2,7090,size_in_bytes,lib/ocaml/stdlib__Dynamic.cmti,19262
2026-09-05T05:55:59Z,822b65f405d1f87e722ec0c7e5cfc5fb35d1e9a2,7090,size_in_bytes,lib/ocaml/stdlib__Format.cmti,332768
2026-09-05T05:55:59Z,822b65f405d1f87e722ec0c7e5cfc5fb35d1e9a2,7090,size_in_bytes,lib/ocaml/stdlib__Pair.cmti,34037
2026-09-05T05:55:59Z,822b65f405d1f87e722ec0c7e5cfc5fb35d1e9a2,7090,size_in_bytes,lib/ocaml/stdlib__Random.cmti,69553
2026-09-05T05:55:59Z,822b65f405d1f87e722ec0c7e5cfc5fb35d1e9a2,7090,size_in_bytes,lib/ocaml/compiler_owee__Owee_location.cmti,19835
2026-09-05T05:55:59Z,822b65f405d1f87e722ec0c7e5cfc5fb35d1e9a2,7090,size_in_bytes,lib/ocaml/camlinternalLazy.cmti,16384
2026-09-05T05:55:59Z,822b65f405d1f87e722ec0c7e5cfc5fb35d1e9a2,7090,size_in_bytes,lib/ocaml/stdlib__Filename.cmti,50344
2026-09-05T05:55:59Z,822b65f405d1f87e722ec0c7e5cfc5fb35d1e9a2,7090,size_in_bytes,lib/ocaml/eval.cmti,16666
2026-09-05T05:55:59Z,822b65f405d1f87e722ec0c7e5cfc5fb35d1e9a2,7090,size_in_bytes,lib/ocaml/stdlib__Printexc.cmti,81147
2026-09-05T05:55:59Z,822b65f405d1f87e722ec0c7e5cfc5fb35d1e9a2,7090,size_in_bytes,lib/ocaml/compiler_owee__Owee_debug_line.cmti,26745
2026-09-05T05:55:59Z,822b65f405d1f87e722ec0c7e5cfc5fb35d1e9a2,7090,size_in_bytes,lib/ocaml/compiler_owee__Owee_marker.cmti,59368
2026-09-05T05:55:59Z,822b65f405d1f87e722ec0c7e5cfc5fb35d1e9a2,7090,size_in_bytes,lib/ocaml/stdlib__Result.cmti,65011
2026-09-05T05:55:59Z,822b65f405d1f87e722ec0c7e5cfc5fb35d1e9a2,7090,size_in_bytes,lib/ocaml/compiler_owee__Owee_traverse.cmti,18093
2026-09-05T05:55:59Z,822b65f405d1f87e722ec0c7e5cfc5fb35d1e9a2,7090,size_in_bytes,lib/ocaml/stdlib__Mutex.cmti,21252
2026-09-05T05:55:59Z,822b65f405d1f87e722ec0c7e5cfc5fb35d1e9a2,7090,size_in_bytes,lib/ocaml/stdlib__Sys.cmti,117424
2026-09-05T05:55:59Z,822b65f405d1f87e722ec0c7e5cfc5fb35d1e9a2,7090,size_in_bytes,lib/ocaml/stdlib__Float.cmti,320367
2026-09-05T05:55:59Z,822b65f405d1f87e722ec0c7e5cfc5fb35d1e9a2,7090,size_in_bytes,lib/ocaml/stdlib__Quote.cmti,24256
2026-09-05T05:55:59Z,822b65f405d1f87e722ec0c7e5cfc5fb35d1e9a2,7090,size_in_bytes,lib/ocaml/stdlib__Domain.cmti,81190
2026-09-05T05:55:59Z,822b65f405d1f87e722ec0c7e5cfc5fb35d1e9a2,7090,size_in_bytes,lib/ocaml/stdlib__ArrayLabels.cmti,137830
2026-09-05T05:55:59Z,822b65f405d1f87e722ec0c7e5cfc5fb35d1e9a2,7090,size_in_bytes,lib/ocaml/stdlib__Map.cmti,182434
2026-09-05T05:55:59Z,822b65f405d1f87e722ec0c7e5cfc5fb35d1e9a2,7090,size_in_bytes,lib/ocaml/stdlib__Out_channel.cmti,57520
2026-09-05T05:55:59Z,822b65f405d1f87e722ec0c7e5cfc5fb35d1e9a2,7090,size_in_bytes,lib/ocaml/camlinternalComprehension.cmti,24204
2026-09-05T05:55:59Z,822b65f405d1f87e722ec0c7e5cfc5fb35d1e9a2,7090,size_in_bytes,lib/ocaml/stdlib__Condition.cmti,30573
2026-09-05T05:55:59Z,822b65f405d1f87e722ec0c7e5cfc5fb35d1e9a2,7090,size_in_bytes,lib/ocaml/stdlib__Ephemeron.cmti,308186
2026-09-05T05:55:59Z,822b65f405d1f87e722ec0c7e5cfc5fb35d1e9a2,7090,size_in_bytes,lib/ocaml/stdlib__Repr.cmti,23038
2026-09-05T05:55:59Z,822b65f405d1f87e722ec0c7e5cfc5fb35d1e9a2,7090,size_in_bytes,lib/ocaml/stdlib__StringLabels.cmti,126856
2026-09-05T05:55:59Z,822b65f405d1f87e722ec0c7e5cfc5fb35d1e9a2,7090,size_in_bytes,lib/ocaml/stdlib__Modes.cmti,26173
2026-09-05T05:55:59Z,822b65f405d1f87e722ec0c7e5cfc5fb35d1e9a2,7090,size_in_bytes,lib/ocaml/stdlib__BytesLabels.cmti,184061
2026-09-05T05:55:59Z,822b65f405d1f87e722ec0c7e5cfc5fb35d1e9a2,7090,size_in_bytes,lib/ocaml/stdlib__MoreLabels.cmti,575176
2026-09-05T05:55:59Z,822b65f405d1f87e722ec0c7e5cfc5fb35d1e9a2,7090,size_in_bytes,lib/ocaml/stdlib__Stack.cmti,37013
2026-09-05T05:55:59Z,822b65f405d1f87e722ec0c7e5cfc5fb35d1e9a2,7090,size_in_bytes,lib/ocaml/stdlib__Scanf.cmti,98194
2026-09-05T05:55:59Z,822b65f405d1f87e722ec0c7e5cfc5fb35d1e9a2,7090,size_in_bytes,lib/ocaml/stdlib__Hashtbl.cmti,235269
2026-09-05T05:55:59Z,822b65f405d1f87e722ec0c7e5cfc5fb35d1e9a2,7090,size_in_bytes,lib/ocaml/compiler_owee__Owee_archive.cmti,27522
2026-09-05T05:55:59Z,822b65f405d1f87e722ec0c7e5cfc5fb35d1e9a2,7090,size_in_bytes,lib/ocaml/stdlib__Bigarray.cmti,343951
2026-09-05T05:55:59Z,822b65f405d1f87e722ec0c7e5cfc5fb35d1e9a2,7090,size_in_bytes,lib/ocaml/stdlib__Arg.cmti,66511
2026-09-05T05:55:59Z,822b65f405d1f87e722ec0c7e5cfc5fb35d1e9a2,7090,size_in_bytes,lib/ocaml/stdlib__Dynarray.cmti,138332
2026-09-05T05:55:59Z,822b65f405d1f87e722ec0c7e5cfc5fb35d1e9a2,7090,size_in_bytes,lib/ocaml/stdlib__In_channel.cmti,61963
2026-09-05T05:55:59Z,822b65f405d1f87e722ec0c7e5cfc5fb35d1e9a2,7090,size_in_bytes,lib/ocaml/stdlib__Fun.cmti,37555
2026-09-05T05:55:59Z,822b65f405d1f87e722ec0c7e5cfc5fb35d1e9a2,7090,size_in_bytes,lib/ocaml/stdlib__Atomic.cmti,65716
2026-09-05T05:55:59Z,822b65f405d1f87e722ec0c7e5cfc5fb35d1e9a2,7090,size_in_bytes,lib/ocaml/stdlib__Effect.cmti,156009
2026-09-05T05:55:59Z,822b65f405d1f87e722ec0c7e5cfc5fb35d1e9a2,7090,size_in_bytes,lib/ocaml/stdlib__Buffer.cmti,75402
2026-09-05T05:55:59Z,822b65f405d1f87e722ec0c7e5cfc5fb35d1e9a2,7090,size_in_bytes,lib/ocaml/stdlib__Callback.cmti,20782
2026-09-05T05:55:59Z,822b65f405d1f87e722ec0c7e5cfc5fb35d1e9a2,7090,size_in_bytes,lib/ocaml/stdlib__String.cmti,126420
2026-09-05T05:55:59Z,822b65f405d1f87e722ec0c7e5cfc5fb35d1e9a2,7090,size_in_bytes,lib/ocaml/opttopdirs.cmti,26554
2026-09-05T05:55:59Z,822b65f405d1f87e722ec0c7e5cfc5fb35d1e9a2,7090,size_in_bytes,lib/ocaml/stdlib__Queue.cmti,47440
2026-09-05T05:55:59Z,822b65f405d1f87e722ec0c7e5cfc5fb35d1e9a2,7090,size_in_bytes,lib/ocaml/stdlib__Bytes.cmti,183403
2026-09-05T05:55:59Z,822b65f405d1f87e722ec0c7e5cfc5fb35d1e9a2,7090,size_in_bytes,lib/ocaml/stdlib__Option.cmti,38724
2026-09-05T05:55:59Z,822b65f405d1f87e722ec0c7e5cfc5fb35d1e9a2,7090,size_in_bytes,lib/ocaml/compiler_owee__Owee_buf.cmti,53638
2026-09-05T05:55:59Z,822b65f405d1f87e722ec0c7e5cfc5fb35d1e9a2,7090,size_in_bytes,lib/ocaml/stdlib__Pqueue.cmti,150206
2026-09-05T05:55:59Z,822b65f405d1f87e722ec0c7e5cfc5fb35d1e9a2,7090,size_in_bytes,lib/ocaml/stdlib__Marshal.cmti,42581
2026-09-05T05:55:59Z,822b65f405d1f87e722ec0c7e5cfc5fb35d1e9a2,7090,size_in_bytes,lib/ocaml/stdlib__Obj.cmti,78347
2026-09-05T05:55:59Z,822b65f405d1f87e722ec0c7e5cfc5fb35d1e9a2,7090,size_in_bytes,lib/ocaml/compiler_owee__Owee_linux_maps.cmti,19953
2026-09-05T05:55:59Z,822b65f405d1f87e722ec0c7e5cfc5fb35d1e9a2,7090,size_in_bytes,lib/ocaml/camlinternalFormatBasics.cmti,212058
2026-09-05T05:55:59Z,822b65f405d1f87e722ec0c7e5cfc5fb35d1e9a2,7090,size_in_bytes,lib/ocaml/stdlib__Set.cmti,141015
2026-09-05T05:55:59Z,822b65f405d1f87e722ec0c7e5cfc5fb35d1e9a2,7090,size_in_bytes,lib/ocaml/stdlib__Semaphore.cmti,30023
2026-09-05T05:55:59Z,822b65f405d1f87e722ec0c7e5cfc5fb35d1e9a2,7090,size_in_bytes,lib/ocaml/stdlib__Bool.cmti,29320
2026-09-05T05:55:59Z,822b65f405d1f87e722ec0c7e5cfc5fb35d1e9a2,7090,size_in_bytes,lib/ocaml/stdlib.cmti,370437
2026-09-05T05:55:59Z,822b65f405d1f87e722ec0c7e5cfc5fb35d1e9a2,7090,size_in_bytes,lib/ocaml/stdlib__Backoff.cmti,19807
2026-09-05T05:55:59Z,822b65f405d1f87e722ec0c7e5cfc5fb35d1e9a2,7090,size_in_bytes,lib/ocaml/camlinternalAtomic.cmti,19056
2026-09-05T05:55:59Z,822b65f405d1f87e722ec0c7e5cfc5fb35d1e9a2,7090,size_in_bytes,lib/ocaml/camlinternalQuote.cmti,295577
2026-09-05T05:55:59Z,822b65f405d1f87e722ec0c7e5cfc5fb35d1e9a2,7090,size_in_bytes,lib/ocaml/compiler_owee__Owee_elf.cmti,98546
2026-09-05T05:55:59Z,822b65f405d1f87e722ec0c7e5cfc5fb35d1e9a2,7090,size_in_bytes,lib/ocaml/stdlib__Char.cmti,50974
2026-09-05T05:55:59Z,822b65f405d1f87e722ec0c7e5cfc5fb35d1e9a2,7090,size_in_bytes,lib/ocaml/stdlib_upstream_compatible/stdlib_upstream_compatible.cmti,11710
2026-09-05T05:55:59Z,822b65f405d1f87e722ec0c7e5cfc5fb35d1e9a2,7090,size_in_bytes,lib/ocaml/stdlib_upstream_compatible/stdlib_upstream_compatible__Nativeint_u.cmti,58394
2026-09-05T05:55:59Z,822b65f405d1f87e722ec0c7e5cfc5fb35d1e9a2,7090,size_in_bytes,lib/ocaml/stdlib_upstream_compatible/stdlib_upstream_compatible__Int32_u.cmti,55078
2026-09-05T05:55:59Z,822b65f405d1f87e722ec0c7e5cfc5fb35d1e9a2,7090,size_in_bytes,lib/ocaml/stdlib_upstream_compatible/stdlib_upstream_compatible__Float_u.cmti,87318
2026-09-05T05:55:59Z,822b65f405d1f87e722ec0c7e5cfc5fb35d1e9a2,7090,size_in_bytes,lib/ocaml/stdlib_upstream_compatible/stdlib_upstream_compatible__Int64_u.cmti,64038
2026-09-05T05:55:59Z,822b65f405d1f87e722ec0c7e5cfc5fb35d1e9a2,7090,size_in_bytes,lib/ocaml/stdlib_beta/stdlib_beta.cmti,11877
2026-09-05T05:55:59Z,822b65f405d1f87e722ec0c7e5cfc5fb35d1e9a2,7090,size_in_bytes,lib/ocaml/dynlink/dynlink.cmti,43994
2026-09-05T05:55:59Z,822b65f405d1f87e722ec0c7e5cfc5fb35d1e9a2,7090,size_in_bytes,lib/ocaml/compiler-libs/ident.cmti,190071
2026-09-05T05:55:59Z,822b65f405d1f87e722ec0c7e5cfc5fb35d1e9a2,7090,size_in_bytes,lib/ocaml/compiler-libs/flambda2_simplify__Simplify_static_const.cmti,39073
2026-09-05T05:55:59Z,822b65f405d1f87e722ec0c7e5cfc5fb35d1e9a2,7090,size_in_bytes,lib/ocaml/compiler-libs/value_rec_types.cmti,13980
2026-09-05T05:55:59Z,822b65f405d1f87e722ec0c7e5cfc5fb35d1e9a2,7090,size_in_bytes,lib/ocaml/compiler-libs/flambda2_terms__Zero_alloc_attribute.cmti,32721
2026-09-05T05:55:59Z,822b65f405d1f87e722ec0c7e5cfc5fb35d1e9a2,7090,size_in_bytes,lib/ocaml/compiler-libs/regalloc_gi_utils.cmti,88034
2026-09-05T05:55:59Z,822b65f405d1f87e722ec0c7e5cfc5fb35d1e9a2,7090,size_in_bytes,lib/ocaml/compiler-libs/opttoploop.cmti,96391
2026-09-05T05:55:59Z,822b65f405d1f87e722ec0c7e5cfc5fb35d1e9a2,7090,size_in_bytes,lib/ocaml/compiler-libs/arm64_binary_emitter__Csel_helpers.cmti,18155
2026-09-05T05:55:59Z,822b65f405d1f87e722ec0c7e5cfc5fb35d1e9a2,7090,size_in_bytes,lib/ocaml/compiler-libs/flambda2_datalog__Virtual_machine.cmti,51878
2026-09-05T05:55:59Z,822b65f405d1f87e722ec0c7e5cfc5fb35d1e9a2,7090,size_in_bytes,lib/ocaml/compiler-libs/diffing.cmti,46450
2026-09-05T05:55:59Z,822b65f405d1f87e722ec0c7e5cfc5fb35d1e9a2,7090,size_in_bytes,lib/ocaml/compiler-libs/flambda2_simplify__Simplify_import.cmti,51577
2026-09-05T05:55:59Z,822b65f405d1f87e722ec0c7e5cfc5fb35d1e9a2,7090,size_in_bytes,lib/ocaml/compiler-libs/cfg_to_linear_desc.cmti,32834
2026-09-05T05:55:59Z,822b65f405d1f87e722ec0c7e5cfc5fb35d1e9a2,7090,size_in_bytes,lib/ocaml/compiler-libs/config.cmti,86971
2026-09-05T05:55:59Z,822b65f405d1f87e722ec0c7e5cfc5fb35d1e9a2,7090,size_in_bytes,lib/ocaml/compiler-libs/flambda2_bound_identifiers__Bound_continuations.cmti,29872
2026-09-05T05:55:59Z,822b65f405d1f87e722ec0c7e5cfc5fb35d1e9a2,7090,size_in_bytes,lib/ocaml/compiler-libs/typedecl_separability.cmti,34530
2026-09-05T05:55:59Z,822b65f405d1f87e722ec0c7e5cfc5fb35d1e9a2,7090,size_in_bytes,lib/ocaml/compiler-libs/mode_intf.cmti,1970058
2026-09-05T05:55:59Z,822b65f405d1f87e722ec0c7e5cfc5fb35d1e9a2,7090,size_in_bytes,lib/ocaml/compiler-libs/meta.cmti,24389
2026-09-05T05:55:59Z,822b65f405d1f87e722ec0c7e5cfc5fb35d1e9a2,7090,size_in_bytes,lib/ocaml/compiler-libs/misc.cmti,735204
2026-09-05T05:55:59Z,822b65f405d1f87e722ec0c7e5cfc5fb35d1e9a2,7090,size_in_bytes,lib/ocaml/compiler-libs/ldd.cmti,32825
2026-09-05T05:55:59Z,822b65f405d1f87e722ec0c7e5cfc5fb35d1e9a2,7090,size_in_bytes,lib/ocaml/compiler-libs/current_unit.cmti,24899
2026-09-05T05:55:59Z,822b65f405d1f87e722ec0c7e5cfc5fb35d1e9a2,7090,size_in_bytes,lib/ocaml/compiler-libs/data_types.cmti,47677
2026-09-05T05:55:59Z,822b65f405d1f87e722ec0c7e5cfc5fb35d1e9a2,7090,size_in_bytes,lib/ocaml/compiler-libs/mtype.cmti,54645
2026-09-05T05:55:59Z,822b65f405d1f87e722ec0c7e5cfc5fb35d1e9a2,7090,size_in_bytes,lib/ocaml/compiler-libs/flambda2_terms__Code_or_metadata.cmti,53773
2026-09-05T05:55:59Z,822b65f405d1f87e722ec0c7e5cfc5fb35d1e9a2,7090,size_in_bytes,lib/ocaml/compiler-libs/regalloc_rewrite.cmti,49144
2026-09-05T05:55:59Z,822b65f405d1f87e722ec0c7e5cfc5fb35d1e9a2,7090,size_in_bytes,lib/ocaml/compiler-libs/flambda2_identifiers__Flambda_debug_uid.cmti,156398
2026-09-05T05:55:59Z,822b65f405d1f87e722ec0c7e5cfc5fb35d1e9a2,7090,size_in_bytes,lib/ocaml/compiler-libs/flambda2_simplify__Flow_acc.cmti,75904
2026-09-05T05:55:59Z,822b65f405d1f87e722ec0c7e5cfc5fb35d1e9a2,7090,size_in_bytes,lib/ocaml/compiler-libs/x86_dsl.cmti,95131
2026-09-05T05:55:59Z,822b65f405d1f87e722ec0c7e5cfc5fb35d1e9a2,7090,size_in_bytes,lib/ocaml/compiler-libs/flambda2_parser__Flambda_parser_messages.cmti,14189
2026-09-05T05:55:59Z,822b65f405d1f87e722ec0c7e5cfc5fb35d1e9a2,7090,size_in_bytes,lib/ocaml/compiler-libs/flambda2_terms__Set_of_closures.cmti,177452
2026-09-05T05:55:59Z,822b65f405d1f87e722ec0c7e5cfc5fb35d1e9a2,7090,size_in_bytes,lib/ocaml/compiler-libs/int_replace_polymorphic_compare.cmti,16896
2026-09-05T05:55:59Z,822b65f405d1f87e722ec0c7e5cfc5fb35d1e9a2,7090,size_in_bytes,lib/ocaml/compiler-libs/flambda2_terms__Cost_metrics.cmti,43466
2026-09-05T05:55:59Z,822b65f405d1f87e722ec0c7e5cfc5fb35d1e9a2,7090,size_in_bytes,lib/ocaml/compiler-libs/flambda2_simplify__Simplify_named_result.cmti,44411
2026-09-05T05:55:59Z,822b65f405d1f87e722ec0c7e5cfc5fb35d1e9a2,7090,size_in_bytes,lib/ocaml/compiler-libs/peephole_rules.cmti,33647
2026-09-05T05:55:59Z,822b65f405d1f87e722ec0c7e5cfc5fb35d1e9a2,7090,size_in_bytes,lib/ocaml/compiler-libs/arm64_binary_emitter__Binary_emitter.cmti,43958
2026-09-05T05:55:59Z,822b65f405d1f87e722ec0c7e5cfc5fb35d1e9a2,7090,size_in_bytes,lib/ocaml/compiler-libs/regalloc_interf_graph.cmti,85907
2026-09-05T05:55:59Z,822b65f405d1f87e722ec0c7e5cfc5fb35d1e9a2,7090,size_in_bytes,lib/ocaml/compiler-libs/flambda2_types__Cached_level.cmti,42992
2026-09-05T05:55:59Z,822b65f405d1f87e722ec0c7e5cfc5fb35d1e9a2,7090,size_in_bytes,lib/ocaml/compiler-libs/extract_relocations.cmti,32385
2026-09-05T05:55:59Z,822b65f405d1f87e722ec0c7e5cfc5fb35d1e9a2,7090,size_in_bytes,lib/ocaml/compiler-libs/compile_common.cmti,44873
2026-09-05T05:55:59Z,822b65f405d1f87e722ec0c7e5cfc5fb35d1e9a2,7090,size_in_bytes,lib/ocaml/compiler-libs/flambda2_identifiers__Int_ids.cmti,1427706
2026-09-05T05:55:59Z,822b65f405d1f87e722ec0c7e5cfc5fb35d1e9a2,7090,size_in_bytes,lib/ocaml/compiler-libs/flambda2_identifiers__Symbol.cmti,41691
2026-09-05T05:55:59Z,822b65f405d1f87e722ec0c7e5cfc5fb35d1e9a2,7090,size_in_bytes,lib/ocaml/compiler-libs/x86_peephole_utils.cmti,29923
2026-09-05T05:55:59Z,822b65f405d1f87e722ec0c7e5cfc5fb35d1e9a2,7090,size_in_bytes,lib/ocaml/compiler-libs/cmm.cmti,218420
2026-09-05T05:55:59Z,822b65f405d1f87e722ec0c7e5cfc5fb35d1e9a2,7090,size_in_bytes,lib/ocaml/compiler-libs/regalloc_split_utils.cmti,46371
2026-09-05T05:55:59Z,822b65f405d1f87e722ec0c7e5cfc5fb35d1e9a2,7090,size_in_bytes,lib/ocaml/compiler-libs/flambda2_to_cmm__To_cmm_effects.cmti,47088
2026-09-05T05:55:59Z,822b65f405d1f87e722ec0c7e5cfc5fb35d1e9a2,7090,size_in_bytes,lib/ocaml/compiler-libs/warnings.cmti,86711
2026-09-05T05:55:59Z,822b65f405d1f87e722ec0c7e5cfc5fb35d1e9a2,7090,size_in_bytes,lib/ocaml/compiler-libs/printtyp.cmti,67293
2026-09-05T05:55:59Z,822b65f405d1f87e722ec0c7e5cfc5fb35d1e9a2,7090,size_in_bytes,lib/ocaml/compiler-libs/flambda2_simplify__Downwards_acc.cmti,106872
2026-09-05T05:55:59Z,822b65f405d1f87e722ec0c7e5cfc5fb35d1e9a2,7090,size_in_bytes,lib/ocaml/compiler-libs/flambda2_nominal__Num_occurrences.cmti,15697
2026-09-05T05:55:59Z,822b65f405d1f87e722ec0c7e5cfc5fb35d1e9a2,7090,size_in_bytes,lib/ocaml/compiler-libs/flambda2_simplify__Upwards_acc.cmti,78960
2026-09-05T05:55:59Z,822b65f405d1f87e722ec0c7e5cfc5fb35d1e9a2,7090,size_in_bytes,lib/ocaml/compiler-libs/vectorize_utils.cmti,59653
2026-09-05T05:55:59Z,822b65f405d1f87e722ec0c7e5cfc5fb35d1e9a2,7090,size_in_bytes,lib/ocaml/compiler-libs/flambda2_simplify__Call_site_inlining_decision.cmti,40803
2026-09-05T05:55:59Z,822b65f405d1f87e722ec0c7e5cfc5fb35d1e9a2,7090,size_in_bytes,lib/ocaml/compiler-libs/flambda2_identifiers__Coercion0.cmti,33717
2026-09-05T05:55:59Z,822b65f405d1f87e722ec0c7e5cfc5fb35d1e9a2,7090,size_in_bytes,lib/ocaml/compiler-libs/flambda2_simplify__Simplify_variadic_primitive.cmti,38985
2026-09-05T05:55:59Z,822b65f405d1f87e722ec0c7e5cfc5fb35d1e9a2,7090,size_in_bytes,lib/ocaml/compiler-libs/flambda2_identifiers__Code_id.cmti,40931
2026-09-05T05:55:59Z,822b65f405d1f87e722ec0c7e5cfc5fb35d1e9a2,7090,size_in_bytes,lib/ocaml/compiler-libs/flambda2_simplify_shared__Call_site_inlining_decision_type.cmti,40205
2026-09-05T05:55:59Z,822b65f405d1f87e722ec0c7e5cfc5fb35d1e9a2,7090,size_in_bytes,lib/ocaml/compiler-libs/asm_targets__Asm_directives.cmti,178549
2026-09-05T05:55:59Z,822b65f405d1f87e722ec0c7e5cfc5fb35d1e9a2,7090,size_in_bytes,lib/ocaml/compiler-libs/generic_fns.cmti,79454
2026-09-05T05:55:59Z,822b65f405d1f87e722ec0c7e5cfc5fb35d1e9a2,7090,size_in_bytes,lib/ocaml/compiler-libs/flambda2_identifiers__Reg_width_const.cmti,75700
2026-09-05T05:55:59Z,822b65f405d1f87e722ec0c7e5cfc5fb35d1e9a2,7090,size_in_bytes,lib/ocaml/compiler-libs/flambda2_identifiers__Variable.cmti,43413
2026-09-05T05:55:59Z,822b65f405d1f87e722ec0c7e5cfc5fb35d1e9a2,7090,size_in_bytes,lib/ocaml/compiler-libs/slambdaeval.cmti,33402
2026-09-05T05:55:59Z,822b65f405d1f87e722ec0c7e5cfc5fb35d1e9a2,7090,size_in_bytes,lib/ocaml/compiler-libs/x86_peephole_optimize.cmti,16187
2026-09-05T05:55:59Z,822b65f405d1f87e722ec0c7e5cfc5fb35d1e9a2,7090,size_in_bytes,lib/ocaml/compiler-libs/symbol_table.cmti,32621
2026-09-05T05:55:59Z,822b65f405d1f87e722ec0c7e5cfc5fb35d1e9a2,7090,size_in_bytes,lib/ocaml/compiler-libs/flambda2_term_basics__Coercion.cmti,41250
2026-09-05T05:55:59Z,822b65f405d1f87e722ec0c7e5cfc5fb35d1e9a2,7090,size_in_bytes,lib/ocaml/compiler-libs/cmo_format.cmti,33891
2026-09-05T05:55:59Z,822b65f405d1f87e722ec0c7e5cfc5fb35d1e9a2,7090,size_in_bytes,lib/ocaml/compiler-libs/flambda2_terms__Code0.cmti,76444
2026-09-05T05:55:59Z,822b65f405d1f87e722ec0c7e5cfc5fb35d1e9a2,7090,size_in_bytes,lib/ocaml/compiler-libs/flambda2_terms__Inlined_attribute.cmti,35721
2026-09-05T05:55:59Z,822b65f405d1f87e722ec0c7e5cfc5fb35d1e9a2,7090,size_in_bytes,lib/ocaml/compiler-libs/flambda2_numbers__Target_ocaml_int.cmti,334566
2026-09-05T05:55:59Z,822b65f405d1f87e722ec0c7e5cfc5fb35d1e9a2,7090,size_in_bytes,lib/ocaml/compiler-libs/arm64_binary_emitter__Branch_helpers.cmti,27724
2026-09-05T05:55:59Z,822b65f405d1f87e722ec0c7e5cfc5fb35d1e9a2,7090,size_in_bytes,lib/ocaml/compiler-libs/topdirs.cmti,25791
2026-09-05T05:55:59Z,822b65f405d1f87e722ec0c7e5cfc5fb35d1e9a2,7090,size_in_bytes,lib/ocaml/compiler-libs/maindriver.cmti,13737
2026-09-05T05:55:59Z,822b65f405d1f87e722ec0c7e5cfc5fb35d1e9a2,7090,size_in_bytes,lib/ocaml/compiler-libs/flambda2_simplify__Unboxers.cmti,52257
2026-09-05T05:55:59Z,822b65f405d1f87e722ec0c7e5cfc5fb35d1e9a2,7090,size_in_bytes,lib/ocaml/compiler-libs/flambda2_simplify__Unboxing_types.cmti,66211
2026-09-05T05:55:59Z,822b65f405d1f87e722ec0c7e5cfc5fb35d1e9a2,7090,size_in_bytes,lib/ocaml/compiler-libs/dll.cmti,23846
2026-09-05T05:55:59Z,822b65f405d1f87e722ec0c7e5cfc5fb35d1e9a2,7090,size_in_bytes,lib/ocaml/compiler-libs/regalloc_irc_state.cmti,118144
2026-09-05T05:55:59Z,822b65f405d1f87e722ec0c7e5cfc5fb35d1e9a2,7090,size_in_bytes,lib/ocaml/compiler-libs/cfg_with_layout.cmti,72183
2026-09-05T05:55:59Z,822b65f405d1f87e722ec0c7e5cfc5fb35d1e9a2,7090,size_in_bytes,lib/ocaml/compiler-libs/arm64_binary_emitter__Add_sub_helpers.cmti,33480
2026-09-05T05:55:59Z,822b65f405d1f87e722ec0c7e5cfc5fb35d1e9a2,7090,size_in_bytes,lib/ocaml/compiler-libs/regalloc_stack_operands.cmti,36184
2026-09-05T05:55:59Z,822b65f405d1f87e722ec0c7e5cfc5fb35d1e9a2,7090,size_in_bytes,lib/ocaml/compiler-libs/flambda2_simplify__Rebuilt_static_const.cmti,111386
2026-09-05T05:55:59Z,822b65f405d1f87e722ec0c7e5cfc5fb35d1e9a2,7090,size_in_bytes,lib/ocaml/compiler-libs/dwarf_compilation_unit.cmti,25192
2026-09-05T05:55:59Z,822b65f405d1f87e722ec0c7e5cfc5fb35d1e9a2,7090,size_in_bytes,lib/ocaml/compiler-libs/flambda2_nominal__Permutation.cmti,23841
2026-09-05T05:55:59Z,822b65f405d1f87e722ec0c7e5cfc5fb35d1e9a2,7090,size_in_bytes,lib/ocaml/compiler-libs/identifiable.cmti,350782
2026-09-05T05:55:59Z,822b65f405d1f87e722ec0c7e5cfc5fb35d1e9a2,7090,size_in_bytes,lib/ocaml/compiler-libs/zero_alloc_checker.cmti,56812
2026-09-05T05:55:59Z,822b65f405d1f87e722ec0c7e5cfc5fb35d1e9a2,7090,size_in_bytes,lib/ocaml/compiler-libs/includemod.cmti,192851
2026-09-05T05:55:59Z,822b65f405d1f87e722ec0c7e5cfc5fb35d1e9a2,7090,size_in_bytes,lib/ocaml/compiler-libs/flambda2_simplify__Original_handlers.cmti,42058
2026-09-05T05:55:59Z,822b65f405d1f87e722ec0c7e5cfc5fb35d1e9a2,7090,size_in_bytes,lib/ocaml/compiler-libs/regalloc_affinity.cmti,43375
2026-09-05T05:55:59Z,822b65f405d1f87e722ec0c7e5cfc5fb35d1e9a2,7090,size_in_bytes,lib/ocaml/compiler-libs/cfg_colours.cmti,23348
2026-09-05T05:55:59Z,822b65f405d1f87e722ec0c7e5cfc5fb35d1e9a2,7090,size_in_bytes,lib/ocaml/compiler-libs/emitaux.cmti,92927
2026-09-05T05:55:59Z,822b65f405d1f87e722ec0c7e5cfc5fb35d1e9a2,7090,size_in_bytes,lib/ocaml/compiler-libs/flambda2_simplify__Simplify_named.cmti,39385
2026-09-05T05:55:59Z,822b65f405d1f87e722ec0c7e5cfc5fb35d1e9a2,7090,size_in_bytes,lib/ocaml/compiler-libs/ast_helper.cmti,447947
2026-09-05T05:55:59Z,822b65f405d1f87e722ec0c7e5cfc5fb35d1e9a2,7090,size_in_bytes,lib/ocaml/compiler-libs/flambda2_simplify__Closure_info.cmti,35074
2026-09-05T05:55:59Z,822b65f405d1f87e722ec0c7e5cfc5fb35d1e9a2,7090,size_in_bytes,lib/ocaml/compiler-libs/typetexp.cmti,85419
2026-09-05T05:55:59Z,822b65f405d1f87e722ec0c7e5cfc5fb35d1e9a2,7090,size_in_bytes,lib/ocaml/compiler-libs/mixed_product_bytes.cmti,45547
2026-09-05T05:55:59Z,822b65f405d1f87e722ec0c7e5cfc5fb35d1e9a2,7090,size_in_bytes,lib/ocaml/compiler-libs/toploop.cmti,102780
2026-09-05T05:55:59Z,822b65f405d1f87e722ec0c7e5cfc5fb35d1e9a2,7090,size_in_bytes,lib/ocaml/compiler-libs/cfg_prologue.cmti,34016
2026-09-05T05:55:59Z,822b65f405d1f87e722ec0c7e5cfc5fb35d1e9a2,7090,size_in_bytes,lib/ocaml/compiler-libs/flambda2_terms__Effects.cmti,35537
2026-09-05T05:55:59Z,822b65f405d1f87e722ec0c7e5cfc5fb35d1e9a2,7090,size_in_bytes,lib/ocaml/compiler-libs/internal_assembler.cmti,19224
2026-09-05T05:55:59Z,822b65f405d1f87e722ec0c7e5cfc5fb35d1e9a2,7090,size_in_bytes,lib/ocaml/compiler-libs/proc.cmti,69360
2026-09-05T05:55:59Z,822b65f405d1f87e722ec0c7e5cfc5fb35d1e9a2,7090,size_in_bytes,lib/ocaml/compiler-libs/flambda2_terms__Inlining_state.cmti,37295
2026-09-05T05:55:59Z,822b65f405d1f87e722ec0c7e5cfc5fb35d1e9a2,7090,size_in_bytes,lib/ocaml/compiler-libs/cfg_available_regs.cmti,32858
2026-09-05T05:55:59Z,822b65f405d1f87e722ec0c7e5cfc5fb35d1e9a2,7090,size_in_bytes,lib/ocaml/compiler-libs/main_args.cmti,584786
2026-09-05T05:55:59Z,822b65f405d1f87e722ec0c7e5cfc5fb35d1e9a2,7090,size_in_bytes,lib/ocaml/compiler-libs/linkdeps.cmti,27991
2026-09-05T05:55:59Z,822b65f405d1f87e722ec0c7e5cfc5fb35d1e9a2,7090,size_in_bytes,lib/ocaml/compiler-libs/flambda2_types__Binding_time.cmti,166586
2026-09-05T05:55:59Z,822b65f405d1f87e722ec0c7e5cfc5fb35d1e9a2,7090,size_in_bytes,lib/ocaml/compiler-libs/flambda2_terms__Code.cmti,64714
2026-09-05T05:55:59Z,822b65f405d1f87e722ec0c7e5cfc5fb35d1e9a2,7090,size_in_bytes,lib/ocaml/compiler-libs/flambda2_to_jsir__To_jsir.cmti,36818
2026-09-05T05:55:59Z,822b65f405d1f87e722ec0c7e5cfc5fb35d1e9a2,7090,size_in_bytes,lib/ocaml/compiler-libs/tmc.cmti,22160
2026-09-05T05:55:59Z,822b65f405d1f87e722ec0c7e5cfc5fb35d1e9a2,7090,size_in_bytes,lib/ocaml/compiler-libs/flambda2_terms__Probe.cmti,29497
2026-09-05T05:55:59Z,822b65f405d1f87e722ec0c7e5cfc5fb35d1e9a2,7090,size_in_bytes,lib/ocaml/compiler-libs/cfg_cse.cmti,35496
2026-09-05T05:55:59Z,822b65f405d1f87e722ec0c7e5cfc5fb35d1e9a2,7090,size_in_bytes,lib/ocaml/compiler-libs/flambda2_reaper__Traverse_acc.cmti,112723
2026-09-05T05:55:59Z,822b65f405d1f87e722ec0c7e5cfc5fb35d1e9a2,7090,size_in_bytes,lib/ocaml/compiler-libs/asmlink.cmti,41740
2026-09-05T05:55:59Z,822b65f405d1f87e722ec0c7e5cfc5fb35d1e9a2,7090,size_in_bytes,lib/ocaml/compiler-libs/flambda2_types__Typing_env_level.cmti,50242
2026-09-05T05:55:59Z,822b65f405d1f87e722ec0c7e5cfc5fb35d1e9a2,7090,size_in_bytes,lib/ocaml/compiler-libs/flambda2_lattices__Or_unknown_or_bottom.cmti,27082
2026-09-05T05:55:59Z,822b65f405d1f87e722ec0c7e5cfc5fb35d1e9a2,7090,size_in_bytes,lib/ocaml/compiler-libs/flambda2_terms__Coeffects.cmti,32292
2026-09-05T05:55:59Z,822b65f405d1f87e722ec0c7e5cfc5fb35d1e9a2,7090,size_in_bytes,lib/ocaml/compiler-libs/flambda2_identifiers__Continuation_callsite_map.cmti,24273
2026-09-05T05:55:59Z,822b65f405d1f87e722ec0c7e5cfc5fb35d1e9a2,7090,size_in_bytes,lib/ocaml/compiler-libs/flambda2_term_basics__Scope.cmti,160522
2026-09-05T05:55:59Z,822b65f405d1f87e722ec0c7e5cfc5fb35d1e9a2,7090,size_in_bytes,lib/ocaml/compiler-libs/cfg_with_infos.cmti,50734
2026-09-05T05:55:59Z,822b65f405d1f87e722ec0c7e5cfc5fb35d1e9a2,7090,size_in_bytes,lib/ocaml/compiler-libs/docstrings.cmti,78335
2026-09-05T05:55:59Z,822b65f405d1f87e722ec0c7e5cfc5fb35d1e9a2,7090,size_in_bytes,lib/ocaml/compiler-libs/flambda2_types__More_type_creators.cmti,108629
2026-09-05T05:55:59Z,822b65f405d1f87e722ec0c7e5cfc5fb35d1e9a2,7090,size_in_bytes,lib/ocaml/compiler-libs/ast_mapper.cmti,101332
2026-09-05T05:55:59Z,822b65f405d1f87e722ec0c7e5cfc5fb35d1e9a2,7090,size_in_bytes,lib/ocaml/compiler-libs/pprintast.cmti,52520
2026-09-05T05:55:59Z,822b65f405d1f87e722ec0c7e5cfc5fb35d1e9a2,7090,size_in_bytes,lib/ocaml/compiler-libs/flambda2_reaper__Rebuilt_expr.cmti,48368
2026-09-05T05:55:59Z,822b65f405d1f87e722ec0c7e5cfc5fb35d1e9a2,7090,size_in_bytes,lib/ocaml/compiler-libs/flambda2_simplify__Lifted_cont_params.cmti,44444
2026-09-05T05:55:59Z,822b65f405d1f87e722ec0c7e5cfc5fb35d1e9a2,7090,size_in_bytes,lib/ocaml/compiler-libs/typedtree.cmti,609228
2026-09-05T05:55:59Z,822b65f405d1f87e722ec0c7e5cfc5fb35d1e9a2,7090,size_in_bytes,lib/ocaml/compiler-libs/compute_ranges.cmti,63913
2026-09-05T05:55:59Z,822b65f405d1f87e722ec0c7e5cfc5fb35d1e9a2,7090,size_in_bytes,lib/ocaml/compiler-libs/arm64_binary_emitter__Load_store_helpers.cmti,57469
2026-09-05T05:55:59Z,822b65f405d1f87e722ec0c7e5cfc5fb35d1e9a2,7090,size_in_bytes,lib/ocaml/compiler-libs/vicuna_traverse_typed_tree.cmti,17554
2026-09-05T05:55:59Z,822b65f405d1f87e722ec0c7e5cfc5fb35d1e9a2,7090,size_in_bytes,lib/ocaml/compiler-libs/flambda2_algorithms__Lmap.cmti,84471
2026-09-05T05:55:59Z,822b65f405d1f87e722ec0c7e5cfc5fb35d1e9a2,7090,size_in_bytes,lib/ocaml/compiler-libs/flambda2_terms__Code_metadata.cmti,125384
2026-09-05T05:55:59Z,822b65f405d1f87e722ec0c7e5cfc5fb35d1e9a2,7090,size_in_bytes,lib/ocaml/compiler-libs/arm64_binary_emitter__Data_proc_helpers.cmti,24924
2026-09-05T05:55:59Z,822b65f405d1f87e722ec0c7e5cfc5fb35d1e9a2,7090,size_in_bytes,lib/ocaml/compiler-libs/linkage_name.cmti,120381
2026-09-05T05:55:59Z,822b65f405d1f87e722ec0c7e5cfc5fb35d1e9a2,7090,size_in_bytes,lib/ocaml/compiler-libs/flambda2_datalog.cmti,458275
2026-09-05T05:55:59Z,822b65f405d1f87e722ec0c7e5cfc5fb35d1e9a2,7090,size_in_bytes,lib/ocaml/compiler-libs/targetint.cmti,60532
2026-09-05T05:55:59Z,822b65f405d1f87e722ec0c7e5cfc5fb35d1e9a2,7090,size_in_bytes,lib/ocaml/compiler-libs/translclass.cmti,23031
2026-09-05T05:55:59Z,822b65f405d1f87e722ec0c7e5cfc5fb35d1e9a2,7090,size_in_bytes,lib/ocaml/compiler-libs/string_table.cmti,18131
2026-09-05T05:55:59Z,822b65f405d1f87e722ec0c7e5cfc5fb35d1e9a2,7090,size_in_bytes,lib/ocaml/compiler-libs/flambda2_datalog__Datalog.cmti,51082
2026-09-05T05:55:59Z,822b65f405d1f87e722ec0c7e5cfc5fb35d1e9a2,7090,size_in_bytes,lib/ocaml/compiler-libs/transl_list_comprehension.cmti,20000
2026-09-05T05:55:59Z,822b65f405d1f87e722ec0c7e5cfc5fb35d1e9a2,7090,size_in_bytes,lib/ocaml/compiler-libs/flambda2_bound_identifiers__Bound_parameters.cmti,47005
2026-09-05T05:55:59Z,822b65f405d1f87e722ec0c7e5cfc5fb35d1e9a2,7090,size_in_bytes,lib/ocaml/compiler-libs/regalloc_split_state.cmti,42677
2026-09-05T05:55:59Z,822b65f405d1f87e722ec0c7e5cfc5fb35d1e9a2,7090,size_in_bytes,lib/ocaml/compiler-libs/flambda2_algorithms__Channel.cmti,24008
2026-09-05T05:55:59Z,822b65f405d1f87e722ec0c7e5cfc5fb35d1e9a2,7090,size_in_bytes,lib/ocaml/compiler-libs/runtimetags.cmti,18973
2026-09-05T05:55:59Z,822b65f405d1f87e722ec0c7e5cfc5fb35d1e9a2,7090,size_in_bytes,lib/ocaml/compiler-libs/flambda2_term_basics__Empty_array_kind.cmti,26267
2026-09-05T05:55:59Z,822b65f405d1f87e722ec0c7e5cfc5fb35d1e9a2,7090,size_in_bytes,lib/ocaml/compiler-libs/vectorize.cmti,33400
2026-09-05T05:55:59Z,822b65f405d1f87e722ec0c7e5cfc5fb35d1e9a2,7090,size_in_bytes,lib/ocaml/compiler-libs/flambda2_bound_identifiers__Bound_continuation.cmti,29223
2026-09-05T05:55:59Z,822b65f405d1f87e722ec0c7e5cfc5fb35d1e9a2,7090,size_in_bytes,lib/ocaml/compiler-libs/flambda2_simplify__Lifted_constant_state.cmti,46471
2026-09-05T05:55:59Z,822b65f405d1f87e722ec0c7e5cfc5fb35d1e9a2,7090,size_in_bytes,lib/ocaml/compiler-libs/cmmgen_state.cmti,53221
2026-09-05T05:55:59Z,822b65f405d1f87e722ec0c7e5cfc5fb35d1e9a2,7090,size_in_bytes,lib/ocaml/compiler-libs/axis_lattice.cmti,48922
2026-09-05T05:55:59Z,822b65f405d1f87e722ec0c7e5cfc5fb35d1e9a2,7090,size_in_bytes,lib/ocaml/compiler-libs/patterns.cmti,73107
2026-09-05T05:55:59Z,822b65f405d1f87e722ec0c7e5cfc5fb35d1e9a2,7090,size_in_bytes,lib/ocaml/compiler-libs/flambda2_simplify__Loopify_state.cmti,29676
2026-09-05T05:55:59Z,822b65f405d1f87e722ec0c7e5cfc5fb35d1e9a2,7090,size_in_bytes,lib/ocaml/compiler-libs/longident.cmti,22499
2026-09-05T05:55:59Z,822b65f405d1f87e722ec0c7e5cfc5fb35d1e9a2,7090,size_in_bytes,lib/ocaml/compiler-libs/flambda2_identifiers__Code_id_or_name.cmti,38192
2026-09-05T05:55:59Z,822b65f405d1f87e722ec0c7e5cfc5fb35d1e9a2,7090,size_in_bytes,lib/ocaml/compiler-libs/regalloc_gi.cmti,34157
2026-09-05T05:55:59Z,822b65f405d1f87e722ec0c7e5cfc5fb35d1e9a2,7090,size_in_bytes,lib/ocaml/compiler-libs/partition_object_files.cmti,23952
2026-09-05T05:55:59Z,822b65f405d1f87e722ec0c7e5cfc5fb35d1e9a2,7090,size_in_bytes,lib/ocaml/compiler-libs/sub_cfg.cmti,64984
2026-09-05T05:55:59Z,822b65f405d1f87e722ec0c7e5cfc5fb35d1e9a2,7090,size_in_bytes,lib/ocaml/compiler-libs/arm64_binary_emitter__Bitfield_helpers.cmti,17826
2026-09-05T05:55:59Z,822b65f405d1f87e722ec0c7e5cfc5fb35d1e9a2,7090,size_in_bytes,lib/ocaml/compiler-libs/cmm_builtins.cmti,38196
2026-09-05T05:55:59Z,822b65f405d1f87e722ec0c7e5cfc5fb35d1e9a2,7090,size_in_bytes,lib/ocaml/compiler-libs/flambda2_numbers__Numeric_types.cmti,1665144
2026-09-05T05:55:59Z,822b65f405d1f87e722ec0c7e5cfc5fb35d1e9a2,7090,size_in_bytes,lib/ocaml/compiler-libs/opterrors.cmti,15086
2026-09-05T05:55:59Z,822b65f405d1f87e722ec0c7e5cfc5fb35d1e9a2,7090,size_in_bytes,lib/ocaml/compiler-libs/flambda2_types__With_cached_free_names.cmti,42600
2026-09-05T05:55:59Z,822b65f405d1f87e722ec0c7e5cfc5fb35d1e9a2,7090,size_in_bytes,lib/ocaml/compiler-libs/rawprinttyp.cmti,19081
2026-09-05T05:55:59Z,822b65f405d1f87e722ec0c7e5cfc5fb35d1e9a2,7090,size_in_bytes,lib/ocaml/compiler-libs/form_rewrite_plan.cmti,66943
2026-09-05T05:55:59Z,822b65f405d1f87e722ec0c7e5cfc5fb35d1e9a2,7090,size_in_bytes,lib/ocaml/compiler-libs/flambda2_parser__Fexpr_to_flambda.cmti,33348
2026-09-05T05:55:59Z,822b65f405d1f87e722ec0c7e5cfc5fb35d1e9a2,7090,size_in_bytes,lib/ocaml/compiler-libs/flambda2_simplify__Continuation_uses.cmti,51391
2026-09-05T05:55:59Z,822b65f405d1f87e722ec0c7e5cfc5fb35d1e9a2,7090,size_in_bytes,lib/ocaml/compiler-libs/regalloc_irc_utils.cmti,56200
2026-09-05T05:55:59Z,822b65f405d1f87e722ec0c7e5cfc5fb35d1e9a2,7090,size_in_bytes,lib/ocaml/compiler-libs/flambda2_bound_identifiers__Alloc_mode.cmti,69997
2026-09-05T05:55:59Z,822b65f405d1f87e722ec0c7e5cfc5fb35d1e9a2,7090,size_in_bytes,lib/ocaml/compiler-libs/translcore.cmti,40668
2026-09-05T05:55:59Z,822b65f405d1f87e722ec0c7e5cfc5fb35d1e9a2,7090,size_in_bytes,lib/ocaml/compiler-libs/cfg_merge_blocks.cmti,34248
2026-09-05T05:55:59Z,822b65f405d1f87e722ec0c7e5cfc5fb35d1e9a2,7090,size_in_bytes,lib/ocaml/compiler-libs/debug_event.cmti,38455
2026-09-05T05:55:59Z,822b65f405d1f87e722ec0c7e5cfc5fb35d1e9a2,7090,size_in_bytes,lib/ocaml/compiler-libs/flambda2_datalog__Value.cmti,20460
2026-09-05T05:55:59Z,822b65f405d1f87e722ec0c7e5cfc5fb35d1e9a2,7090,size_in_bytes,lib/ocaml/compiler-libs/flambda2_simplify__Simplify_apply_expr.cmti,37425
2026-09-05T05:55:59Z,822b65f405d1f87e722ec0c7e5cfc5fb35d1e9a2,7090,size_in_bytes,lib/ocaml/compiler-libs/datarepr.cmti,30282
2026-09-05T05:55:59Z,822b65f405d1f87e722ec0c7e5cfc5fb35d1e9a2,7090,size_in_bytes,lib/ocaml/compiler-libs/oprint.cmti,27144
2026-09-05T05:55:59Z,822b65f405d1f87e722ec0c7e5cfc5fb35d1e9a2,7090,size_in_bytes,lib/ocaml/compiler-libs/printlinear.cmti,40076
2026-09-05T05:55:59Z,822b65f405d1f87e722ec0c7e5cfc5fb35d1e9a2,7090,size_in_bytes,lib/ocaml/compiler-libs/flambda2_simplify__Named_rewrite.cmti,36232
2026-09-05T05:55:59Z,822b65f405d1f87e722ec0c7e5cfc5fb35d1e9a2,7090,size_in_bytes,lib/ocaml/compiler-libs/flambda2_identifiers__Rec_info_expr0.cmti,48219
2026-09-05T05:55:59Z,822b65f405d1f87e722ec0c7e5cfc5fb35d1e9a2,7090,size_in_bytes,lib/ocaml/compiler-libs/backend_var.cmti,95511
2026-09-05T05:55:59Z,822b65f405d1f87e722ec0c7e5cfc5fb35d1e9a2,7090,size_in_bytes,lib/ocaml/compiler-libs/dwarf_inlined_frames.cmti,41156
2026-09-05T05:55:59Z,822b65f405d1f87e722ec0c7e5cfc5fb35d1e9a2,7090,size_in_bytes,lib/ocaml/compiler-libs/flambda2_simplify__Flow_analysis.cmti,43758
2026-09-05T05:55:59Z,822b65f405d1f87e722ec0c7e5cfc5fb35d1e9a2,7090,size_in_bytes,lib/ocaml/compiler-libs/flambda2_to_jsir__To_jsir_env.cmti,86454
2026-09-05T05:55:59Z,822b65f405d1f87e722ec0c7e5cfc5fb35d1e9a2,7090,size_in_bytes,lib/ocaml/compiler-libs/flambda2_terms__Function_declarations.cmti,42966
2026-09-05T05:55:59Z,822b65f405d1f87e722ec0c7e5cfc5fb35d1e9a2,7090,size_in_bytes,lib/ocaml/compiler-libs/typedecl_variance.cmti,43347
2026-09-05T05:55:59Z,822b65f405d1f87e722ec0c7e5cfc5fb35d1e9a2,7090,size_in_bytes,lib/ocaml/compiler-libs/compilenv.cmti,62276
2026-09-05T05:55:59Z,822b65f405d1f87e722ec0c7e5cfc5fb35d1e9a2,7090,size_in_bytes,lib/ocaml/compiler-libs/flambda2_types__Type_grammar.cmti,670119
2026-09-05T05:55:59Z,822b65f405d1f87e722ec0c7e5cfc5fb35d1e9a2,7090,size_in_bytes,lib/ocaml/compiler-libs/arm64_binary_emitter__For_jit.cmti,36577
2026-09-05T05:55:59Z,822b65f405d1f87e722ec0c7e5cfc5fb35d1e9a2,7090,size_in_bytes,lib/ocaml/compiler-libs/cfg_polling.cmti,35869
2026-09-05T05:55:59Z,822b65f405d1f87e722ec0c7e5cfc5fb35d1e9a2,7090,size_in_bytes,lib/ocaml/compiler-libs/flambda2_types__Traversals.cmti,262526
2026-09-05T05:55:59Z,822b65f405d1f87e722ec0c7e5cfc5fb35d1e9a2,7090,size_in_bytes,lib/ocaml/compiler-libs/ctype.cmti,388429
2026-09-05T05:55:59Z,822b65f405d1f87e722ec0c7e5cfc5fb35d1e9a2,7090,size_in_bytes,lib/ocaml/compiler-libs/regs.cmti,230216
2026-09-05T05:55:59Z,822b65f405d1f87e722ec0c7e5cfc5fb35d1e9a2,7090,size_in_bytes,lib/ocaml/compiler-libs/byteinstantiator.cmti,14027
2026-09-05T05:55:59Z,822b65f405d1f87e722ec0c7e5cfc5fb35d1e9a2,7090,size_in_bytes,lib/ocaml/compiler-libs/includeclass.cmti,24107
2026-09-05T05:55:59Z,822b65f405d1f87e722ec0c7e5cfc5fb35d1e9a2,7090,size_in_bytes,lib/ocaml/compiler-libs/flambda2_to_cmm__To_cmm_set_of_closures.cmti,48050
2026-09-05T05:55:59Z,822b65f405d1f87e722ec0c7e5cfc5fb35d1e9a2,7090,size_in_bytes,lib/ocaml/compiler-libs/flambda2_term_basics__Or_variable.cmti,34852
2026-09-05T05:55:59Z,822b65f405d1f87e722ec0c7e5cfc5fb35d1e9a2,7090,size_in_bytes,lib/ocaml/compiler-libs/flambda2_lattices__Or_bottom.cmti,28276
2026-09-05T05:55:59Z,822b65f405d1f87e722ec0c7e5cfc5fb35d1e9a2,7090,size_in_bytes,lib/ocaml/compiler-libs/location_tracker_formatter.cmti,30398
2026-09-05T05:55:59Z,822b65f405d1f87e722ec0c7e5cfc5fb35d1e9a2,7090,size_in_bytes,lib/ocaml/compiler-libs/flambda2_reaper__Rev_expr.cmti,73461
2026-09-05T05:55:59Z,822b65f405d1f87e722ec0c7e5cfc5fb35d1e9a2,7090,size_in_bytes,lib/ocaml/compiler-libs/flambda2_terms__Call_kind.cmti,72126
2026-09-05T05:55:59Z,822b65f405d1f87e722ec0c7e5cfc5fb35d1e9a2,7090,size_in_bytes,lib/ocaml/compiler-libs/flambda2_simplify__Unboxing_epa.cmti,38963
2026-09-05T05:55:59Z,822b65f405d1f87e722ec0c7e5cfc5fb35d1e9a2,7090,size_in_bytes,lib/ocaml/compiler-libs/solver.cmti,77850
2026-09-05T05:55:59Z,822b65f405d1f87e722ec0c7e5cfc5fb35d1e9a2,7090,size_in_bytes,lib/ocaml/compiler-libs/compiler_hooks.cmti,49843
2026-09-05T05:55:59Z,822b65f405d1f87e722ec0c7e5cfc5fb35d1e9a2,7090,size_in_bytes,lib/ocaml/compiler-libs/diffing_with_keys.cmti,43606
2026-09-05T05:55:59Z,822b65f405d1f87e722ec0c7e5cfc5fb35d1e9a2,7090,size_in_bytes,lib/ocaml/compiler-libs/numbers.cmti,379733
2026-09-05T05:55:59Z,822b65f405d1f87e722ec0c7e5cfc5fb35d1e9a2,7090,size_in_bytes,lib/ocaml/compiler-libs/flambda2_simplify__Data_flow_graph.cmti,40469
2026-09-05T05:55:59Z,822b65f405d1f87e722ec0c7e5cfc5fb35d1e9a2,7090,size_in_bytes,lib/ocaml/compiler-libs/flambda2_reaper__Unboxing_analysis.cmti,58431
2026-09-05T05:55:59Z,822b65f405d1f87e722ec0c7e5cfc5fb35d1e9a2,7090,size_in_bytes,lib/ocaml/compiler-libs/includemod_errorprinter.cmti,19893
2026-09-05T05:55:59Z,822b65f405d1f87e722ec0c7e5cfc5fb35d1e9a2,7090,size_in_bytes,lib/ocaml/compiler-libs/btype.cmti,527082
2026-09-05T05:55:59Z,822b65f405d1f87e722ec0c7e5cfc5fb35d1e9a2,7090,size_in_bytes,lib/ocaml/compiler-libs/cfg_format.cmti,41279
2026-09-05T05:55:59Z,822b65f405d1f87e722ec0c7e5cfc5fb35d1e9a2,7090,size_in_bytes,lib/ocaml/compiler-libs/flambda2_simplify__Simplify_unary_primitive.cmti,38943
2026-09-05T05:55:59Z,822b65f405d1f87e722ec0c7e5cfc5fb35d1e9a2,7090,size_in_bytes,lib/ocaml/compiler-libs/out_type.cmti,114604
2026-09-05T05:55:59Z,822b65f405d1f87e722ec0c7e5cfc5fb35d1e9a2,7090,size_in_bytes,lib/ocaml/compiler-libs/genprintval.cmti,51842
2026-09-05T05:55:59Z,822b65f405d1f87e722ec0c7e5cfc5fb35d1e9a2,7090,size_in_bytes,lib/ocaml/compiler-libs/gprinttyp.cmti,73723
2026-09-05T05:55:59Z,822b65f405d1f87e722ec0c7e5cfc5fb35d1e9a2,7090,size_in_bytes,lib/ocaml/compiler-libs/consistbl.cmti,132245
2026-09-05T05:55:59Z,822b65f405d1f87e722ec0c7e5cfc5fb35d1e9a2,7090,size_in_bytes,lib/ocaml/compiler-libs/x86_masm.cmti,16935
2026-09-05T05:55:59Z,822b65f405d1f87e722ec0c7e5cfc5fb35d1e9a2,7090,size_in_bytes,lib/ocaml/compiler-libs/flambda2_simplify__Simplify_set_of_closures.cmti,47837
2026-09-05T05:55:59Z,822b65f405d1f87e722ec0c7e5cfc5fb35d1e9a2,7090,size_in_bytes,lib/ocaml/compiler-libs/arm64_binary_emitter__Section_state.cmti,44842
2026-09-05T05:55:59Z,822b65f405d1f87e722ec0c7e5cfc5fb35d1e9a2,7090,size_in_bytes,lib/ocaml/compiler-libs/flambda2_reaper__Points_to_analysis.cmti,103363
2026-09-05T05:55:59Z,822b65f405d1f87e722ec0c7e5cfc5fb35d1e9a2,7090,size_in_bytes,lib/ocaml/compiler-libs/flambda2_from_lambda__Lambda_to_lambda_transforms.cmti,36039
2026-09-05T05:55:59Z,822b65f405d1f87e722ec0c7e5cfc5fb35d1e9a2,7090,size_in_bytes,lib/ocaml/compiler-libs/cm_bundle.cmti,21528
2026-09-05T05:55:59Z,822b65f405d1f87e722ec0c7e5cfc5fb35d1e9a2,7090,size_in_bytes,lib/ocaml/compiler-libs/flambda2_simplify__Simplify_common.cmti,76925
2026-09-05T05:55:59Z,822b65f405d1f87e722ec0c7e5cfc5fb35d1e9a2,7090,size_in_bytes,lib/ocaml/compiler-libs/flambda2_simplify__Simplify_ternary_primitive.cmti,40503
2026-09-05T05:55:59Z,822b65f405d1f87e722ec0c7e5cfc5fb35d1e9a2,7090,size_in_bytes,lib/ocaml/compiler-libs/lambda.cmti,631700
2026-09-05T05:55:59Z,822b65f405d1f87e722ec0c7e5cfc5fb35d1e9a2,7090,size_in_bytes,lib/ocaml/compiler-libs/flambda2_terms__Removed_operations.cmti,37066
2026-09-05T05:55:59Z,822b65f405d1f87e722ec0c7e5cfc5fb35d1e9a2,7090,size_in_bytes,lib/ocaml/compiler-libs/zero_alloc_annotations.cmti,22046
2026-09-05T05:55:59Z,822b65f405d1f87e722ec0c7e5cfc5fb35d1e9a2,7090,size_in_bytes,lib/ocaml/compiler-libs/flambda2_simplify__Non_constructed_code.cmti,54697
2026-09-05T05:55:59Z,822b65f405d1f87e722ec0c7e5cfc5fb35d1e9a2,7090,size_in_bytes,lib/ocaml/compiler-libs/flambda2_kinds__Tag.cmti,394804
2026-09-05T05:55:59Z,822b65f405d1f87e722ec0c7e5cfc5fb35d1e9a2,7090,size_in_bytes,lib/ocaml/compiler-libs/flambda2_parser__Flambda_lex.cmti,30917
2026-09-05T05:55:59Z,822b65f405d1f87e722ec0c7e5cfc5fb35d1e9a2,7090,size_in_bytes,lib/ocaml/compiler-libs/flambda2_types__Typing_env.cmti,110411
2026-09-05T05:55:59Z,822b65f405d1f87e722ec0c7e5cfc5fb35d1e9a2,7090,size_in_bytes,lib/ocaml/compiler-libs/flambda2_ui__Flambda_colours.cmti,31767
2026-09-05T05:55:59Z,822b65f405d1f87e722ec0c7e5cfc5fb35d1e9a2,7090,size_in_bytes,lib/ocaml/compiler-libs/compmisc.cmti,24302
2026-09-05T05:55:59Z,822b65f405d1f87e722ec0c7e5cfc5fb35d1e9a2,7090,size_in_bytes,lib/ocaml/compiler-libs/flambda2_identifiers__Slot.cmti,183367
2026-09-05T05:55:59Z,822b65f405d1f87e722ec0c7e5cfc5fb35d1e9a2,7090,size_in_bytes,lib/ocaml/compiler-libs/flambda2_simplify__Upwards_env.cmti,54811
2026-09-05T05:55:59Z,822b65f405d1f87e722ec0c7e5cfc5fb35d1e9a2,7090,size_in_bytes,lib/ocaml/compiler-libs/cmt_format.cmti,54614
2026-09-05T05:55:59Z,822b65f405d1f87e722ec0c7e5cfc5fb35d1e9a2,7090,size_in_bytes,lib/ocaml/compiler-libs/flambda2_classic_mode_types__Value_approximation.cmti,33234
2026-09-05T05:55:59Z,822b65f405d1f87e722ec0c7e5cfc5fb35d1e9a2,7090,size_in_bytes,lib/ocaml/compiler-libs/global_module.cmti,419387
2026-09-05T05:55:59Z,822b65f405d1f87e722ec0c7e5cfc5fb35d1e9a2,7090,size_in_bytes,lib/ocaml/compiler-libs/emitcode.cmti,27849
2026-09-05T05:55:59Z,822b65f405d1f87e722ec0c7e5cfc5fb35d1e9a2,7090,size_in_bytes,lib/ocaml/compiler-libs/printlambda.cmti,39883
2026-09-05T05:55:59Z,822b65f405d1f87e722ec0c7e5cfc5fb35d1e9a2,7090,size_in_bytes,lib/ocaml/compiler-libs/cmx_format.cmti,79145
2026-09-05T05:55:59Z,822b65f405d1f87e722ec0c7e5cfc5fb35d1e9a2,7090,size_in_bytes,lib/ocaml/compiler-libs/is_parameter.cmti,147086
2026-09-05T05:55:59Z,822b65f405d1f87e722ec0c7e5cfc5fb35d1e9a2,7090,size_in_bytes,lib/ocaml/compiler-libs/flambda2_algorithms__Container_types.cmti,328683
2026-09-05T05:55:59Z,822b65f405d1f87e722ec0c7e5cfc5fb35d1e9a2,7090,size_in_bytes,lib/ocaml/compiler-libs/flambda2_simplify__Simplify_extcall.cmti,40268
2026-09-05T05:55:59Z,822b65f405d1f87e722ec0c7e5cfc5fb35d1e9a2,7090,size_in_bytes,lib/ocaml/compiler-libs/flambda2_term_basics__Simple.cmti,474252
2026-09-05T05:55:59Z,822b65f405d1f87e722ec0c7e5cfc5fb35d1e9a2,7090,size_in_bytes,lib/ocaml/compiler-libs/cfg_dominators.cmti,45146
2026-09-05T05:55:59Z,822b65f405d1f87e722ec0c7e5cfc5fb35d1e9a2,7090,size_in_bytes,lib/ocaml/compiler-libs/bytesections.cmti,32834
2026-09-05T05:55:59Z,822b65f405d1f87e722ec0c7e5cfc5fb35d1e9a2,7090,size_in_bytes,lib/ocaml/compiler-libs/eh_frame_registration.cmti,17602
2026-09-05T05:55:59Z,822b65f405d1f87e722ec0c7e5cfc5fb35d1e9a2,7090,size_in_bytes,lib/ocaml/compiler-libs/ccomp.cmti,23076
2026-09-05T05:55:59Z,822b65f405d1f87e722ec0c7e5cfc5fb35d1e9a2,7090,size_in_bytes,lib/ocaml/compiler-libs/cfg_comballoc.cmti,32928
2026-09-05T05:55:59Z,822b65f405d1f87e722ec0c7e5cfc5fb35d1e9a2,7090,size_in_bytes,lib/ocaml/compiler-libs/branch_relaxation.cmti,37146
2026-09-05T05:55:59Z,822b65f405d1f87e722ec0c7e5cfc5fb35d1e9a2,7090,size_in_bytes,lib/ocaml/compiler-libs/priority_queue.cmti,35129
2026-09-05T05:55:59Z,822b65f405d1f87e722ec0c7e5cfc5fb35d1e9a2,7090,size_in_bytes,lib/ocaml/compiler-libs/jkind_axis.cmti,78676
2026-09-05T05:55:59Z,822b65f405d1f87e722ec0c7e5cfc5fb35d1e9a2,7090,size_in_bytes,lib/ocaml/compiler-libs/flambda2_numbers__Targetint_32_64.cmti,328543
2026-09-05T05:55:59Z,822b65f405d1f87e722ec0c7e5cfc5fb35d1e9a2,7090,size_in_bytes,lib/ocaml/compiler-libs/flambda2_simplify__Apply_cont_rewrite.cmti,46670
2026-09-05T05:55:59Z,822b65f405d1f87e722ec0c7e5cfc5fb35d1e9a2,7090,size_in_bytes,lib/ocaml/compiler-libs/flambda2_ui__Flambda_features.cmti,79048
2026-09-05T05:55:59Z,822b65f405d1f87e722ec0c7e5cfc5fb35d1e9a2,7090,size_in_bytes,lib/ocaml/compiler-libs/attr_helper.cmti,19865
2026-09-05T05:55:59Z,822b65f405d1f87e722ec0c7e5cfc5fb35d1e9a2,7090,size_in_bytes,lib/ocaml/compiler-libs/flambda2_simplify__Control_flow_graph.cmti,52399
2026-09-05T05:55:59Z,822b65f405d1f87e722ec0c7e5cfc5fb35d1e9a2,7090,size_in_bytes,lib/ocaml/compiler-libs/linker_script.cmti,19041
2026-09-05T05:55:59Z,822b65f405d1f87e722ec0c7e5cfc5fb35d1e9a2,7090,size_in_bytes,lib/ocaml/compiler-libs/flambda2_terms__Poll_attribute.cmti,30580
2026-09-05T05:55:59Z,822b65f405d1f87e722ec0c7e5cfc5fb35d1e9a2,7090,size_in_bytes,lib/ocaml/compiler-libs/flambda2_types__Meet_and_join.cmti,31970
2026-09-05T05:55:59Z,822b65f405d1f87e722ec0c7e5cfc5fb35d1e9a2,7090,size_in_bytes,lib/ocaml/compiler-libs/flambda2_simplify__Common_subexpression_elimination.cmti,46288
2026-09-05T05:55:59Z,822b65f405d1f87e722ec0c7e5cfc5fb35d1e9a2,7090,size_in_bytes,lib/ocaml/compiler-libs/flambda2_simplify__Downwards_env.cmti,152750
2026-09-05T05:55:59Z,822b65f405d1f87e722ec0c7e5cfc5fb35d1e9a2,7090,size_in_bytes,lib/ocaml/compiler-libs/flambda2_simplify__Simplified_named.cmti,50349
2026-09-05T05:55:59Z,822b65f405d1f87e722ec0c7e5cfc5fb35d1e9a2,7090,size_in_bytes,lib/ocaml/compiler-libs/flambda2_datalog__Schedule.cmti,24602
2026-09-05T05:55:59Z,822b65f405d1f87e722ec0c7e5cfc5fb35d1e9a2,7090,size_in_bytes,lib/ocaml/compiler-libs/x86_proc.cmti,56093
2026-09-05T05:55:59Z,822b65f405d1f87e722ec0c7e5cfc5fb35d1e9a2,7090,size_in_bytes,lib/ocaml/compiler-libs/flambda2_simplify__Build_unboxing_denv.cmti,35413
2026-09-05T05:55:59Z,822b65f405d1f87e722ec0c7e5cfc5fb35d1e9a2,7090,size_in_bytes,lib/ocaml/compiler-libs/dsl_helpers.cmti,12191
2026-09-05T05:55:59Z,822b65f405d1f87e722ec0c7e5cfc5fb35d1e9a2,7090,size_in_bytes,lib/ocaml/compiler-libs/flambda2_parser__Flambda_to_fexpr.cmti,30156
2026-09-05T05:55:59Z,822b65f405d1f87e722ec0c7e5cfc5fb35d1e9a2,7090,size_in_bytes,lib/ocaml/compiler-libs/stack_check.cmti,34393
2026-09-05T05:55:59Z,822b65f405d1f87e722ec0c7e5cfc5fb35d1e9a2,7090,size_in_bytes,lib/ocaml/compiler-libs/flambda2_types__Join_levels.cmti,31567
2026-09-05T05:55:59Z,822b65f405d1f87e722ec0c7e5cfc5fb35d1e9a2,7090,size_in_bytes,lib/ocaml/compiler-libs/flambda2_terms__Apply_cont_expr.cmti,182617
2026-09-05T05:55:59Z,822b65f405d1f87e722ec0c7e5cfc5fb35d1e9a2,7090,size_in_bytes,lib/ocaml/compiler-libs/typedecl_properties.cmti,34100
2026-09-05T05:55:59Z,822b65f405d1f87e722ec0c7e5cfc5fb35d1e9a2,7090,size_in_bytes,lib/ocaml/compiler-libs/flambda2_simplify__Continuation_uses_env.cmti,49829
2026-09-05T05:55:59Z,822b65f405d1f87e722ec0c7e5cfc5fb35d1e9a2,7090,size_in_bytes,lib/ocaml/compiler-libs/bytegen.cmti,20720
2026-09-05T05:55:59Z,822b65f405d1f87e722ec0c7e5cfc5fb35d1e9a2,7090,size_in_bytes,lib/ocaml/compiler-libs/compilation_unit.cmti,443021
2026-09-05T05:55:59Z,822b65f405d1f87e722ec0c7e5cfc5fb35d1e9a2,7090,size_in_bytes,lib/ocaml/compiler-libs/dwarf_name_laundry.cmti,22656
2026-09-05T05:55:59Z,822b65f405d1f87e722ec0c7e5cfc5fb35d1e9a2,7090,size_in_bytes,lib/ocaml/compiler-libs/flambda2_simplify__Simplify_apply_cont_expr.cmti,36764
2026-09-05T05:55:59Z,822b65f405d1f87e722ec0c7e5cfc5fb35d1e9a2,7090,size_in_bytes,lib/ocaml/compiler-libs/annot.cmti,15718
2026-09-05T05:55:59Z,822b65f405d1f87e722ec0c7e5cfc5fb35d1e9a2,7090,size_in_bytes,lib/ocaml/compiler-libs/flambda2_simplify__Optimistic_unboxing_decision.cmti,34642
2026-09-05T05:55:59Z,822b65f405d1f87e722ec0c7e5cfc5fb35d1e9a2,7090,size_in_bytes,lib/ocaml/compiler-libs/flambda2_types__Code_age_relation.cmti,38291
2026-09-05T05:55:59Z,822b65f405d1f87e722ec0c7e5cfc5fb35d1e9a2,7090,size_in_bytes,lib/ocaml/compiler-libs/x86_binary_emitter.cmti,97723
2026-09-05T05:55:59Z,822b65f405d1f87e722ec0c7e5cfc5fb35d1e9a2,7090,size_in_bytes,lib/ocaml/compiler-libs/flambda2_simplify__One_recursive_handler.cmti,37010
2026-09-05T05:55:59Z,822b65f405d1f87e722ec0c7e5cfc5fb35d1e9a2,7090,size_in_bytes,lib/ocaml/compiler-libs/arm64_binary_emitter__Shift_immh_immb_helpers.cmti,19250
2026-09-05T05:55:59Z,822b65f405d1f87e722ec0c7e5cfc5fb35d1e9a2,7090,size_in_bytes,lib/ocaml/compiler-libs/flambda2_from_lambda__Lambda_to_flambda.cmti,36695
2026-09-05T05:55:59Z,822b65f405d1f87e722ec0c7e5cfc5fb35d1e9a2,7090,size_in_bytes,lib/ocaml/compiler-libs/topmain.cmti,12620
2026-09-05T05:55:59Z,822b65f405d1f87e722ec0c7e5cfc5fb35d1e9a2,7090,size_in_bytes,lib/ocaml/compiler-libs/section_table.cmti,26725
2026-09-05T05:55:59Z,822b65f405d1f87e722ec0c7e5cfc5fb35d1e9a2,7090,size_in_bytes,lib/ocaml/compiler-libs/flambda2_types__Reify.cmti,50894
2026-09-05T05:55:59Z,822b65f405d1f87e722ec0c7e5cfc5fb35d1e9a2,7090,size_in_bytes,lib/ocaml/compiler-libs/opcodes.cmti,73853
2026-09-05T05:55:59Z,822b65f405d1f87e722ec0c7e5cfc5fb35d1e9a2,7090,size_in_bytes,lib/ocaml/compiler-libs/flambda2_bound_identifiers__Bound_parameter.cmti,174166
2026-09-05T05:55:59Z,822b65f405d1f87e722ec0c7e5cfc5fb35d1e9a2,7090,size_in_bytes,lib/ocaml/compiler-libs/afl_instrument.cmti,34128
2026-09-05T05:55:59Z,822b65f405d1f87e722ec0c7e5cfc5fb35d1e9a2,7090,size_in_bytes,lib/ocaml/compiler-libs/flambda2_bound_identifiers__Bound_pattern.cmti,46688
2026-09-05T05:55:59Z,822b65f405d1f87e722ec0c7e5cfc5fb35d1e9a2,7090,size_in_bytes,lib/ocaml/compiler-libs/regalloc_stack_slots.cmti,43650
2026-09-05T05:55:59Z,822b65f405d1f87e722ec0c7e5cfc5fb35d1e9a2,7090,size_in_bytes,lib/ocaml/compiler-libs/flambda2_simplify_shared__Exported_offsets.cmti,44679
2026-09-05T05:55:59Z,822b65f405d1f87e722ec0c7e5cfc5fb35d1e9a2,7090,size_in_bytes,lib/ocaml/compiler-libs/arm64_binary_emitter__Nop_helpers.cmti,13882
2026-09-05T05:55:59Z,822b65f405d1f87e722ec0c7e5cfc5fb35d1e9a2,7090,size_in_bytes,lib/ocaml/compiler-libs/lexer.cmti,34046
2026-09-05T05:55:59Z,822b65f405d1f87e722ec0c7e5cfc5fb35d1e9a2,7090,size_in_bytes,lib/ocaml/compiler-libs/peephole_utils.cmti,49103
2026-09-05T05:55:59Z,822b65f405d1f87e722ec0c7e5cfc5fb35d1e9a2,7090,size_in_bytes,lib/ocaml/compiler-libs/flambda2_reaper__Types_rewriter.cmti,37893
2026-09-05T05:55:59Z,822b65f405d1f87e722ec0c7e5cfc5fb35d1e9a2,7090,size_in_bytes,lib/ocaml/compiler-libs/flambda2_nominal__Name_mode.cmti,289580
2026-09-05T05:55:59Z,822b65f405d1f87e722ec0c7e5cfc5fb35d1e9a2,7090,size_in_bytes,lib/ocaml/compiler-libs/flambda2_bound_identifiers__Bound_var.cmti,34672
2026-09-05T05:55:59Z,822b65f405d1f87e722ec0c7e5cfc5fb35d1e9a2,7090,size_in_bytes,lib/ocaml/compiler-libs/flambda2_terms__Placement.cmti,30946
2026-09-05T05:55:59Z,822b65f405d1f87e722ec0c7e5cfc5fb35d1e9a2,7090,size_in_bytes,lib/ocaml/compiler-libs/flambda2_simplify_shared__Are_rebuilding_terms.cmti,19384
2026-09-05T05:55:59Z,822b65f405d1f87e722ec0c7e5cfc5fb35d1e9a2,7090,size_in_bytes,lib/ocaml/compiler-libs/flambda2_types__Meet.cmti,31011
2026-09-05T05:55:59Z,822b65f405d1f87e722ec0c7e5cfc5fb35d1e9a2,7090,size_in_bytes,lib/ocaml/compiler-libs/errortrace_report.cmti,32102
2026-09-05T05:55:59Z,822b65f405d1f87e722ec0c7e5cfc5fb35d1e9a2,7090,size_in_bytes,lib/ocaml/compiler-libs/arm64_binary_emitter__Mov_helpers.cmti,18290
2026-09-05T05:55:59Z,822b65f405d1f87e722ec0c7e5cfc5fb35d1e9a2,7090,size_in_bytes,lib/ocaml/compiler-libs/flambda2_terms__Inlining_arguments.cmti,40149
2026-09-05T05:55:59Z,822b65f405d1f87e722ec0c7e5cfc5fb35d1e9a2,7090,size_in_bytes,lib/ocaml/compiler-libs/flambda2_cmx__Flambda_cmx.cmti,45553
2026-09-05T05:55:59Z,822b65f405d1f87e722ec0c7e5cfc5fb35d1e9a2,7090,size_in_bytes,lib/ocaml/compiler-libs/flambda2_simplify__Simplify_binary_primitive.cmti,39724
2026-09-05T05:55:59Z,822b65f405d1f87e722ec0c7e5cfc5fb35d1e9a2,7090,size_in_bytes,lib/ocaml/compiler-libs/ikind.cmti,56536
2026-09-05T05:55:59Z,822b65f405d1f87e722ec0c7e5cfc5fb35d1e9a2,7090,size_in_bytes,lib/ocaml/compiler-libs/complex_shape.cmti,38577
2026-09-05T05:55:59Z,822b65f405d1f87e722ec0c7e5cfc5fb35d1e9a2,7090,size_in_bytes,lib/ocaml/compiler-libs/arm64_binary_emitter__Yield_helpers.cmti,13900
2026-09-05T05:55:59Z,822b65f405d1f87e722ec0c7e5cfc5fb35d1e9a2,7090,size_in_bytes,lib/ocaml/compiler-libs/jkind.cmti,497143
2026-09-05T05:55:59Z,822b65f405d1f87e722ec0c7e5cfc5fb35d1e9a2,7090,size_in_bytes,lib/ocaml/compiler-libs/zero_alloc_utils.cmti,94011
2026-09-05T05:55:59Z,822b65f405d1f87e722ec0c7e5cfc5fb35d1e9a2,7090,size_in_bytes,lib/ocaml/compiler-libs/flambda2_datalog__Trie.cmti,51828
2026-09-05T05:55:59Z,822b65f405d1f87e722ec0c7e5cfc5fb35d1e9a2,7090,size_in_bytes,lib/ocaml/compiler-libs/flambda2_simplify__Flow_types.cmti,114670
2026-09-05T05:55:59Z,822b65f405d1f87e722ec0c7e5cfc5fb35d1e9a2,7090,size_in_bytes,lib/ocaml/compiler-libs/tast_mapper.cmti,69439
2026-09-05T05:55:59Z,822b65f405d1f87e722ec0c7e5cfc5fb35d1e9a2,7090,size_in_bytes,lib/ocaml/compiler-libs/arm64_ast__Logical_immediates.cmti,16945
2026-09-05T05:55:59Z,822b65f405d1f87e722ec0c7e5cfc5fb35d1e9a2,7090,size_in_bytes,lib/ocaml/compiler-libs/select_utils.cmti,148590
2026-09-05T05:55:59Z,822b65f405d1f87e722ec0c7e5cfc5fb35d1e9a2,7090,size_in_bytes,lib/ocaml/compiler-libs/flambda2_terms__Apply_expr.cmti,214215
2026-09-05T05:55:59Z,822b65f405d1f87e722ec0c7e5cfc5fb35d1e9a2,7090,size_in_bytes,lib/ocaml/compiler-libs/switch.cmti,58419
2026-09-05T05:55:59Z,822b65f405d1f87e722ec0c7e5cfc5fb35d1e9a2,7090,size_in_bytes,lib/ocaml/compiler-libs/opt_fuel.cmti,14528
2026-09-05T05:55:59Z,822b65f405d1f87e722ec0c7e5cfc5fb35d1e9a2,7090,size_in_bytes,lib/ocaml/compiler-libs/slambda_fracture.cmti,19325
2026-09-05T05:55:59Z,822b65f405d1f87e722ec0c7e5cfc5fb35d1e9a2,7090,size_in_bytes,lib/ocaml/compiler-libs/flambda2_terms__Inlining_history.cmti,61201
2026-09-05T05:55:59Z,822b65f405d1f87e722ec0c7e5cfc5fb35d1e9a2,7090,size_in_bytes,lib/ocaml/compiler-libs/flambda2_terms__First_complex_local_param.cmti,30469
2026-09-05T05:55:59Z,822b65f405d1f87e722ec0c7e5cfc5fb35d1e9a2,7090,size_in_bytes,lib/ocaml/compiler-libs/stack_class_utils.cmti,67490
2026-09-05T05:55:59Z,822b65f405d1f87e722ec0c7e5cfc5fb35d1e9a2,7090,size_in_bytes,lib/ocaml/compiler-libs/flambda2_parser__Print_fexpr.cmti,29126
2026-09-05T05:55:59Z,822b65f405d1f87e722ec0c7e5cfc5fb35d1e9a2,7090,size_in_bytes,lib/ocaml/compiler-libs/load_path.cmti,43065
2026-09-05T05:55:59Z,822b65f405d1f87e722ec0c7e5cfc5fb35d1e9a2,7090,size_in_bytes,lib/ocaml/compiler-libs/x86_ast.cmti,70795
2026-09-05T05:55:59Z,822b65f405d1f87e722ec0c7e5cfc5fb35d1e9a2,7090,size_in_bytes,lib/ocaml/compiler-libs/iplt.cmti,36405
2026-09-05T05:55:59Z,822b65f405d1f87e722ec0c7e5cfc5fb35d1e9a2,7090,size_in_bytes,lib/ocaml/compiler-libs/flambda2_from_lambda__Lambda_to_flambda_primitives_helpers.cmti,64809
2026-09-05T05:55:59Z,822b65f405d1f87e722ec0c7e5cfc5fb35d1e9a2,7090,size_in_bytes,lib/ocaml/compiler-libs/flambda2_simplify_shared__Function_decl_inlining_decision.cmti,31945
2026-09-05T05:55:59Z,822b65f405d1f87e722ec0c7e5cfc5fb35d1e9a2,7090,size_in_bytes,lib/ocaml/compiler-libs/makedepend.cmti,13268
2026-09-05T05:55:59Z,822b65f405d1f87e722ec0c7e5cfc5fb35d1e9a2,7090,size_in_bytes,lib/ocaml/compiler-libs/peephole_optimize.cmti,32905
2026-09-05T05:55:59Z,822b65f405d1f87e722ec0c7e5cfc5fb35d1e9a2,7090,size_in_bytes,lib/ocaml/compiler-libs/flambda2_to_jsir__To_jsir_primitive.cmti,35682
2026-09-05T05:55:59Z,822b65f405d1f87e722ec0c7e5cfc5fb35d1e9a2,7090,size_in_bytes,lib/ocaml/compiler-libs/flambda2_to_cmm__To_cmm_expr.cmti,34711
2026-09-05T05:55:59Z,822b65f405d1f87e722ec0c7e5cfc5fb35d1e9a2,7090,size_in_bytes,lib/ocaml/compiler-libs/flambda2_simplify__Non_recursive_handler.cmti,42379
2026-09-05T05:55:59Z,822b65f405d1f87e722ec0c7e5cfc5fb35d1e9a2,7090,size_in_bytes,lib/ocaml/compiler-libs/flambda2_nominal__Name_abstraction.cmti,60909
2026-09-05T05:55:59Z,822b65f405d1f87e722ec0c7e5cfc5fb35d1e9a2,7090,size_in_bytes,lib/ocaml/compiler-libs/strongly_connected_components.cmti,44470
2026-09-05T05:55:59Z,822b65f405d1f87e722ec0c7e5cfc5fb35d1e9a2,7090,size_in_bytes,lib/ocaml/compiler-libs/parse.cmti,32736
2026-09-05T05:55:59Z,822b65f405d1f87e722ec0c7e5cfc5fb35d1e9a2,7090,size_in_bytes,lib/ocaml/compiler-libs/signature_group.cmti,45318
2026-09-05T05:55:59Z,822b65f405d1f87e722ec0c7e5cfc5fb35d1e9a2,7090,size_in_bytes,lib/ocaml/compiler-libs/printcmm.cmti,52733
2026-09-05T05:55:59Z,822b65f405d1f87e722ec0c7e5cfc5fb35d1e9a2,7090,size_in_bytes,lib/ocaml/compiler-libs/flambda2_simplify__Join_points.cmti,43256
2026-09-05T05:55:59Z,822b65f405d1f87e722ec0c7e5cfc5fb35d1e9a2,7090,size_in_bytes,lib/ocaml/compiler-libs/predef.cmti,152700
2026-09-05T05:55:59Z,822b65f405d1f87e722ec0c7e5cfc5fb35d1e9a2,7090,size_in_bytes,lib/ocaml/compiler-libs/symbol.cmti,153468
2026-09-05T05:55:59Z,822b65f405d1f87e722ec0c7e5cfc5fb35d1e9a2,7090,size_in_bytes,lib/ocaml/compiler-libs/flambda2_simplify__Rebuilt_expr.cmti,73158
2026-09-05T05:55:59Z,822b65f405d1f87e722ec0c7e5cfc5fb35d1e9a2,7090,size_in_bytes,lib/ocaml/compiler-libs/simplify_terminator.cmti,35985
2026-09-05T05:55:59Z,822b65f405d1f87e722ec0c7e5cfc5fb35d1e9a2,7090,size_in_bytes,lib/ocaml/compiler-libs/x86_gas.cmti,18768
2026-09-05T05:55:59Z,822b65f405d1f87e722ec0c7e5cfc5fb35d1e9a2,7090,size_in_bytes,lib/ocaml/compiler-libs/flambda2_simplify_shared__Slot_offsets.cmti,58263
2026-09-05T05:55:59Z,822b65f405d1f87e722ec0c7e5cfc5fb35d1e9a2,7090,size_in_bytes,lib/ocaml/compiler-libs/flambda2_simplify__Are_lifting_conts.cmti,44880
2026-09-05T05:55:59Z,822b65f405d1f87e722ec0c7e5cfc5fb35d1e9a2,7090,size_in_bytes,lib/ocaml/compiler-libs/cfg_dataflow.cmti,78644
2026-09-05T05:55:59Z,822b65f405d1f87e722ec0c7e5cfc5fb35d1e9a2,7090,size_in_bytes,lib/ocaml/compiler-libs/dwarf_type.cmti,28501
2026-09-05T05:55:59Z,822b65f405d1f87e722ec0c7e5cfc5fb35d1e9a2,7090,size_in_bytes,lib/ocaml/compiler-libs/cmm_helpers.cmti,688950
2026-09-05T05:55:59Z,822b65f405d1f87e722ec0c7e5cfc5fb35d1e9a2,7090,size_in_bytes,lib/ocaml/compiler-libs/flambda2_reaper__Traverse.cmti,48212
2026-09-05T05:55:59Z,822b65f405d1f87e722ec0c7e5cfc5fb35d1e9a2,7090,size_in_bytes,lib/ocaml/compiler-libs/type_shape.cmti,47986
2026-09-05T05:55:59Z,822b65f405d1f87e722ec0c7e5cfc5fb35d1e9a2,7090,size_in_bytes,lib/ocaml/compiler-libs/flambda2_numbers__One_bit_fewer.cmti,72080
2026-09-05T05:55:59Z,822b65f405d1f87e722ec0c7e5cfc5fb35d1e9a2,7090,size_in_bytes,lib/ocaml/compiler-libs/flambda2_terms__Flambda.cmti,389257
2026-09-05T05:55:59Z,822b65f405d1f87e722ec0c7e5cfc5fb35d1e9a2,7090,size_in_bytes,lib/ocaml/compiler-libs/debuginfo.cmti,77084
2026-09-05T05:55:59Z,822b65f405d1f87e722ec0c7e5cfc5fb35d1e9a2,7090,size_in_bytes,lib/ocaml/compiler-libs/flambda2_simplify__Specialization_cost.cmti,48916
2026-09-05T05:55:59Z,822b65f405d1f87e722ec0c7e5cfc5fb35d1e9a2,7090,size_in_bytes,lib/ocaml/compiler-libs/flambda2_datalog__Cursor.cmti,77992
2026-09-05T05:55:59Z,822b65f405d1f87e722ec0c7e5cfc5fb35d1e9a2,7090,size_in_bytes,lib/ocaml/compiler-libs/measure_object_files.cmti,31642
2026-09-05T05:55:59Z,822b65f405d1f87e722ec0c7e5cfc5fb35d1e9a2,7090,size_in_bytes,lib/ocaml/compiler-libs/flambda2_floats__Float32.cmti,26985
2026-09-05T05:55:59Z,822b65f405d1f87e722ec0c7e5cfc5fb35d1e9a2,7090,size_in_bytes,lib/ocaml/compiler-libs/target_system.cmti,31904
2026-09-05T05:55:59Z,822b65f405d1f87e722ec0c7e5cfc5fb35d1e9a2,7090,size_in_bytes,lib/ocaml/compiler-libs/flambda2_terms__Regalloc_attribute.cmti,30958
2026-09-05T05:55:59Z,822b65f405d1f87e722ec0c7e5cfc5fb35d1e9a2,7090,size_in_bytes,lib/ocaml/compiler-libs/flambda2_types__Aliases.cmti,61689
2026-09-05T05:55:59Z,822b65f405d1f87e722ec0c7e5cfc5fb35d1e9a2,7090,size_in_bytes,lib/ocaml/compiler-libs/cfg_edge.cmti,84950
2026-09-05T05:55:59Z,822b65f405d1f87e722ec0c7e5cfc5fb35d1e9a2,7090,size_in_bytes,lib/ocaml/compiler-libs/errors.cmti,13465
2026-09-05T05:55:59Z,822b65f405d1f87e722ec0c7e5cfc5fb35d1e9a2,7090,size_in_bytes,lib/ocaml/compiler-libs/flambda2_simplify__Simplify_coercion.cmti,36358
2026-09-05T05:55:59Z,822b65f405d1f87e722ec0c7e5cfc5fb35d1e9a2,7090,size_in_bytes,lib/ocaml/compiler-libs/dwarf_reg_locations.cmti,34464
2026-09-05T05:55:59Z,822b65f405d1f87e722ec0c7e5cfc5fb35d1e9a2,7090,size_in_bytes,lib/ocaml/compiler-libs/linear_utils.cmti,38765
2026-09-05T05:55:59Z,822b65f405d1f87e722ec0c7e5cfc5fb35d1e9a2,7090,size_in_bytes,lib/ocaml/compiler-libs/regalloc_ls_utils.cmti,79374
2026-09-05T05:55:59Z,822b65f405d1f87e722ec0c7e5cfc5fb35d1e9a2,7090,size_in_bytes,lib/ocaml/compiler-libs/depend.cmti,27345
2026-09-05T05:55:59Z,822b65f405d1f87e722ec0c7e5cfc5fb35d1e9a2,7090,size_in_bytes,lib/ocaml/compiler-libs/location.cmti,144817
2026-09-05T05:55:59Z,822b65f405d1f87e722ec0c7e5cfc5fb35d1e9a2,7090,size_in_bytes,lib/ocaml/compiler-libs/cfg_selectgen.cmti,38107
2026-09-05T05:55:59Z,822b65f405d1f87e722ec0c7e5cfc5fb35d1e9a2,7090,size_in_bytes,lib/ocaml/compiler-libs/dwarf.cmti,52345
2026-09-05T05:55:59Z,822b65f405d1f87e722ec0c7e5cfc5fb35d1e9a2,7090,size_in_bytes,lib/ocaml/compiler-libs/flambda2_types__Join_levels_old.cmti,30693
2026-09-05T05:55:59Z,822b65f405d1f87e722ec0c7e5cfc5fb35d1e9a2,7090,size_in_bytes,lib/ocaml/compiler-libs/mode_hint.cmti,83906
2026-09-05T05:55:59Z,822b65f405d1f87e722ec0c7e5cfc5fb35d1e9a2,7090,size_in_bytes,lib/ocaml/compiler-libs/zero_alloc_info.cmti,21690
2026-09-05T05:55:59Z,822b65f405d1f87e722ec0c7e5cfc5fb35d1e9a2,7090,size_in_bytes,lib/ocaml/compiler-libs/dwarf_abstract_instances.cmti,29399
2026-09-05T05:55:59Z,822b65f405d1f87e722ec0c7e5cfc5fb35d1e9a2,7090,size_in_bytes,lib/ocaml/compiler-libs/syntaxerr.cmti,25828
2026-09-05T05:55:59Z,822b65f405d1f87e722ec0c7e5cfc5fb35d1e9a2,7090,size_in_bytes,lib/ocaml/compiler-libs/flambda2_terms__Switch_expr.cmti,41873
2026-09-05T05:55:59Z,822b65f405d1f87e722ec0c7e5cfc5fb35d1e9a2,7090,size_in_bytes,lib/ocaml/compiler-libs/file_sections.cmti,23802
2026-09-05T05:55:59Z,822b65f405d1f87e722ec0c7e5cfc5fb35d1e9a2,7090,size_in_bytes,lib/ocaml/compiler-libs/shape.cmti,395681
2026-09-05T05:55:59Z,822b65f405d1f87e722ec0c7e5cfc5fb35d1e9a2,7090,size_in_bytes,lib/ocaml/compiler-libs/ir_config_fingerprint.cmti,20346
2026-09-05T05:55:59Z,822b65f405d1f87e722ec0c7e5cfc5fb35d1e9a2,7090,size_in_bytes,lib/ocaml/compiler-libs/flambda2_to_cmm__To_cmm_primitive.cmti,39018
2026-09-05T05:55:59Z,822b65f405d1f87e722ec0c7e5cfc5fb35d1e9a2,7090,size_in_bytes,lib/ocaml/compiler-libs/flambda2_terms__Effects_and_coeffects.cmti,35381
2026-09-05T05:55:59Z,822b65f405d1f87e722ec0c7e5cfc5fb35d1e9a2,7090,size_in_bytes,lib/ocaml/compiler-libs/subst.cmti,147958
2026-09-05T05:55:59Z,822b65f405d1f87e722ec0c7e5cfc5fb35d1e9a2,7090,size_in_bytes,lib/ocaml/compiler-libs/flambda2_simplify__Simplify.cmti,39187
2026-09-05T05:55:59Z,822b65f405d1f87e722ec0c7e5cfc5fb35d1e9a2,7090,size_in_bytes,lib/ocaml/compiler-libs/flambda2_algorithms__Or_null.cmti,22822
2026-09-05T05:55:59Z,822b65f405d1f87e722ec0c7e5cfc5fb35d1e9a2,7090,size_in_bytes,lib/ocaml/compiler-libs/asm_targets__Asm_directives_dwarf.cmti,13180
2026-09-05T05:55:59Z,822b65f405d1f87e722ec0c7e5cfc5fb35d1e9a2,7090,size_in_bytes,lib/ocaml/compiler-libs/mixed_block_shape.cmti,37413
2026-09-05T05:55:59Z,822b65f405d1f87e722ec0c7e5cfc5fb35d1e9a2,7090,size_in_bytes,lib/ocaml/compiler-libs/flambda2_simplify__Continuation_shortcut.cmti,33252
2026-09-05T05:55:59Z,822b65f405d1f87e722ec0c7e5cfc5fb35d1e9a2,7090,size_in_bytes,lib/ocaml/compiler-libs/translprim.cmti,43109
2026-09-05T05:55:59Z,822b65f405d1f87e722ec0c7e5cfc5fb35d1e9a2,7090,size_in_bytes,lib/ocaml/compiler-libs/typemode.cmti,45713
2026-09-05T05:55:59Z,822b65f405d1f87e722ec0c7e5cfc5fb35d1e9a2,7090,size_in_bytes,lib/ocaml/compiler-libs/flambda2_cmx__Flambda_cmx_format.cmti,42946
2026-09-05T05:55:59Z,822b65f405d1f87e722ec0c7e5cfc5fb35d1e9a2,7090,size_in_bytes,lib/ocaml/compiler-libs/cmm_invariants.cmti,33746
2026-09-05T05:55:59Z,822b65f405d1f87e722ec0c7e5cfc5fb35d1e9a2,7090,size_in_bytes,lib/ocaml/compiler-libs/flambda2_simplify__Flow.cmti,75706
2026-09-05T05:55:59Z,822b65f405d1f87e722ec0c7e5cfc5fb35d1e9a2,7090,size_in_bytes,lib/ocaml/compiler-libs/flambda2_identifiers__Apply_cont_rewrite_id.cmti,153504
2026-09-05T05:55:59Z,822b65f405d1f87e722ec0c7e5cfc5fb35d1e9a2,7090,size_in_bytes,lib/ocaml/compiler-libs/cfg_liveness.cmti,47730
2026-09-05T05:55:59Z,822b65f405d1f87e722ec0c7e5cfc5fb35d1e9a2,7090,size_in_bytes,lib/ocaml/compiler-libs/flambda2_identifiers__Value_slot.cmti,172349
2026-09-05T05:55:59Z,822b65f405d1f87e722ec0c7e5cfc5fb35d1e9a2,7090,size_in_bytes,lib/ocaml/compiler-libs/printpat.cmti,22784
2026-09-05T05:55:59Z,822b65f405d1f87e722ec0c7e5cfc5fb35d1e9a2,7090,size_in_bytes,lib/ocaml/compiler-libs/printcfg.cmti,60314
2026-09-05T05:55:59Z,822b65f405d1f87e722ec0c7e5cfc5fb35d1e9a2,7090,size_in_bytes,lib/ocaml/compiler-libs/structured_mangling.cmti,31628
2026-09-05T05:55:59Z,822b65f405d1f87e722ec0c7e5cfc5fb35d1e9a2,7090,size_in_bytes,lib/ocaml/compiler-libs/flambda2_simplify__Number_adjuncts.cmti,764822
2026-09-05T05:55:59Z,822b65f405d1f87e722ec0c7e5cfc5fb35d1e9a2,7090,size_in_bytes,lib/ocaml/compiler-libs/types.cmti,688790
2026-09-05T05:55:59Z,822b65f405d1f87e722ec0c7e5cfc5fb35d1e9a2,7090,size_in_bytes,lib/ocaml/compiler-libs/bytelink.cmti,59827
2026-09-05T05:55:59Z,822b65f405d1f87e722ec0c7e5cfc5fb35d1e9a2,7090,size_in_bytes,lib/ocaml/compiler-libs/flambda2_terms__Flambda_unit.cmti,42002
2026-09-05T05:55:59Z,822b65f405d1f87e722ec0c7e5cfc5fb35d1e9a2,7090,size_in_bytes,lib/ocaml/compiler-libs/regalloc_invariants.cmti,34777
2026-09-05T05:55:59Z,822b65f405d1f87e722ec0c7e5cfc5fb35d1e9a2,7090,size_in_bytes,lib/ocaml/compiler-libs/flambda2_simplify__Continuation_extra_params_and_args.cmti,52376
2026-09-05T05:55:59Z,822b65f405d1f87e722ec0c7e5cfc5fb35d1e9a2,7090,size_in_bytes,lib/ocaml/compiler-libs/simplif.cmti,23891
2026-09-05T05:55:59Z,822b65f405d1f87e722ec0c7e5cfc5fb35d1e9a2,7090,size_in_bytes,lib/ocaml/compiler-libs/rewrite_sections.cmti,23199
2026-09-05T05:55:59Z,822b65f405d1f87e722ec0c7e5cfc5fb35d1e9a2,7090,size_in_bytes,lib/ocaml/compiler-libs/dwarf_concrete_instances.cmti,40621
2026-09-05T05:55:59Z,822b65f405d1f87e722ec0c7e5cfc5fb35d1e9a2,7090,size_in_bytes,lib/ocaml/compiler-libs/flambda2_simplify__Replay_history.cmti,48889
2026-09-05T05:55:59Z,822b65f405d1f87e722ec0c7e5cfc5fb35d1e9a2,7090,size_in_bytes,lib/ocaml/compiler-libs/flambda2_term_basics__Tag_and_size.cmti,156197
2026-09-05T05:55:59Z,822b65f405d1f87e722ec0c7e5cfc5fb35d1e9a2,7090,size_in_bytes,lib/ocaml/compiler-libs/flambda2_types__Meet_env.cmti,74052
2026-09-05T05:55:59Z,822b65f405d1f87e722ec0c7e5cfc5fb35d1e9a2,7090,size_in_bytes,lib/ocaml/compiler-libs/flambda2_types__Expand_head.cmti,90970
2026-09-05T05:55:59Z,822b65f405d1f87e722ec0c7e5cfc5fb35d1e9a2,7090,size_in_bytes,lib/ocaml/compiler-libs/oxcaml_flags.cmti,149187
2026-09-05T05:55:59Z,822b65f405d1f87e722ec0c7e5cfc5fb35d1e9a2,7090,size_in_bytes,lib/ocaml/compiler-libs/cmo_io.cmti,21013
2026-09-05T05:55:59Z,822b65f405d1f87e722ec0c7e5cfc5fb35d1e9a2,7090,size_in_bytes,lib/ocaml/compiler-libs/arm64_binary_emitter__Relocation.cmti,37157
2026-09-05T05:55:59Z,822b65f405d1f87e722ec0c7e5cfc5fb35d1e9a2,7090,size_in_bytes,lib/ocaml/compiler-libs/language_extension_kernel.cmti,20375
2026-09-05T05:55:59Z,822b65f405d1f87e722ec0c7e5cfc5fb35d1e9a2,7090,size_in_bytes,lib/ocaml/compiler-libs/build_path_prefix_map.cmti,25790
2026-09-05T05:55:59Z,822b65f405d1f87e722ec0c7e5cfc5fb35d1e9a2,7090,size_in_bytes,lib/ocaml/compiler-libs/linear.cmti,82149
2026-09-05T05:55:59Z,822b65f405d1f87e722ec0c7e5cfc5fb35d1e9a2,7090,size_in_bytes,lib/ocaml/compiler-libs/flambda2_simplify__Dominator_graph.cmti,50864
2026-09-05T05:55:59Z,822b65f405d1f87e722ec0c7e5cfc5fb35d1e9a2,7090,size_in_bytes,lib/ocaml/compiler-libs/flambda2_parser__Flambda_parser.cmti,82959
2026-09-05T05:55:59Z,822b65f405d1f87e722ec0c7e5cfc5fb35d1e9a2,7090,size_in_bytes,lib/ocaml/compiler-libs/flambda2_from_lambda__Closure_conversion_aux.cmti,247624
2026-09-05T05:55:59Z,822b65f405d1f87e722ec0c7e5cfc5fb35d1e9a2,7090,size_in_bytes,lib/ocaml/compiler-libs/dwarf_flags.cmti,39843
2026-09-05T05:55:59Z,822b65f405d1f87e722ec0c7e5cfc5fb35d1e9a2,7090,size_in_bytes,lib/ocaml/compiler-libs/regalloc_ls.cmti,34157
2026-09-05T05:55:59Z,822b65f405d1f87e722ec0c7e5cfc5fb35d1e9a2,7090,size_in_bytes,lib/ocaml/compiler-libs/flambda2.cmti,47342
2026-09-05T05:55:59Z,822b65f405d1f87e722ec0c7e5cfc5fb35d1e9a2,7090,size_in_bytes,lib/ocaml/compiler-libs/cfg_block_layout.cmti,33132
2026-09-05T05:55:59Z,822b65f405d1f87e722ec0c7e5cfc5fb35d1e9a2,7090,size_in_bytes,lib/ocaml/compiler-libs/printoperation.cmti,40285
2026-09-05T05:55:59Z,822b65f405d1f87e722ec0c7e5cfc5fb35d1e9a2,7090,size_in_bytes,lib/ocaml/compiler-libs/probe_emission.cmti,49732
2026-09-05T05:55:59Z,822b65f405d1f87e722ec0c7e5cfc5fb35d1e9a2,7090,size_in_bytes,lib/ocaml/compiler-libs/fdo_info.cmti,24336
2026-09-05T05:55:59Z,822b65f405d1f87e722ec0c7e5cfc5fb35d1e9a2,7090,size_in_bytes,lib/ocaml/compiler-libs/flambda2_simplify__Simplify_set_of_closures_context.cmti,52562
2026-09-05T05:55:59Z,822b65f405d1f87e722ec0c7e5cfc5fb35d1e9a2,7090,size_in_bytes,lib/ocaml/compiler-libs/flambda2_simplify__Simplify_primitive_result.cmti,54081
2026-09-05T05:55:59Z,822b65f405d1f87e722ec0c7e5cfc5fb35d1e9a2,7090,size_in_bytes,lib/ocaml/compiler-libs/flambda2_simplify__Simplify_rec_info_expr.cmti,45288
2026-09-05T05:55:59Z,822b65f405d1f87e722ec0c7e5cfc5fb35d1e9a2,7090,size_in_bytes,lib/ocaml/compiler-libs/flambda2_types__Type_descr.cmti,61972
2026-09-05T05:55:59Z,822b65f405d1f87e722ec0c7e5cfc5fb35d1e9a2,7090,size_in_bytes,lib/ocaml/compiler-libs/flambda2_simplify__Mutable_unboxing.cmti,41260
2026-09-05T05:55:59Z,822b65f405d1f87e722ec0c7e5cfc5fb35d1e9a2,7090,size_in_bytes,lib/ocaml/compiler-libs/flambda2_identifiers__Function_slot.cmti,172702
2026-09-05T05:55:59Z,822b65f405d1f87e722ec0c7e5cfc5fb35d1e9a2,7090,size_in_bytes,lib/ocaml/compiler-libs/cmm_peephole_engine.cmti,64060
2026-09-05T05:55:59Z,822b65f405d1f87e722ec0c7e5cfc5fb35d1e9a2,7090,size_in_bytes,lib/ocaml/compiler-libs/import_info.cmti,49035
2026-09-05T05:55:59Z,822b65f405d1f87e722ec0c7e5cfc5fb35d1e9a2,7090,size_in_bytes,lib/ocaml/compiler-libs/regalloc_ls_state.cmti,51377
2026-09-05T05:55:59Z,822b65f405d1f87e722ec0c7e5cfc5fb35d1e9a2,7090,size_in_bytes,lib/ocaml/compiler-libs/builtin_attributes.cmti,103788
2026-09-05T05:55:59Z,822b65f405d1f87e722ec0c7e5cfc5fb35d1e9a2,7090,size_in_bytes,lib/ocaml/compiler-libs/flambda2_bound_identifiers__Bound_static.cmti,44576
2026-09-05T05:55:59Z,822b65f405d1f87e722ec0c7e5cfc5fb35d1e9a2,7090,size_in_bytes,lib/ocaml/compiler-libs/flambda2_to_jsir__To_jsir_static_const.cmti,44215
2026-09-05T05:55:59Z,822b65f405d1f87e722ec0c7e5cfc5fb35d1e9a2,7090,size_in_bytes,lib/ocaml/compiler-libs/flambda2_simplify__Is_unboxing_beneficial.cmti,32433
2026-09-05T05:55:59Z,822b65f405d1f87e722ec0c7e5cfc5fb35d1e9a2,7090,size_in_bytes,lib/ocaml/compiler-libs/flambda2_terms__Code_size.cmti,45097
2026-09-05T05:55:59Z,822b65f405d1f87e722ec0c7e5cfc5fb35d1e9a2,7090,size_in_bytes,lib/ocaml/compiler-libs/matching.cmti,45480
2026-09-05T05:55:59Z,822b65f405d1f87e722ec0c7e5cfc5fb35d1e9a2,7090,size_in_bytes,lib/ocaml/compiler-libs/flambda2_lattices__Or_unknown.cmti,189867
2026-09-05T05:55:59Z,822b65f405d1f87e722ec0c7e5cfc5fb35d1e9a2,7090,size_in_bytes,lib/ocaml/compiler-libs/arm64_binary_emitter__Encode_instruction.cmti,17917
2026-09-05T05:55:59Z,822b65f405d1f87e722ec0c7e5cfc5fb35d1e9a2,7090,size_in_bytes,lib/ocaml/compiler-libs/reg_with_debug_info.cmti,142127
2026-09-05T05:55:59Z,822b65f405d1f87e722ec0c7e5cfc5fb35d1e9a2,7090,size_in_bytes,lib/ocaml/compiler-libs/flambda2_terms__Result_types.cmti,35966
2026-09-05T05:55:59Z,822b65f405d1f87e722ec0c7e5cfc5fb35d1e9a2,7090,size_in_bytes,lib/ocaml/compiler-libs/transl_array_comprehension.cmti,21451
2026-09-05T05:55:59Z,822b65f405d1f87e722ec0c7e5cfc5fb35d1e9a2,7090,size_in_bytes,lib/ocaml/compiler-libs/flambda2_cmx__Exported_code.cmti,53357
2026-09-05T05:55:59Z,822b65f405d1f87e722ec0c7e5cfc5fb35d1e9a2,7090,size_in_bytes,lib/ocaml/compiler-libs/cfg_reducibility.cmti,33194
2026-09-05T05:55:59Z,822b65f405d1f87e722ec0c7e5cfc5fb35d1e9a2,7090,size_in_bytes,lib/ocaml/compiler-libs/flambda2_reaper__Analysis.cmti,48658
2026-09-05T05:55:59Z,822b65f405d1f87e722ec0c7e5cfc5fb35d1e9a2,7090,size_in_bytes,lib/ocaml/compiler-libs/flambda2_terms__Inline_attribute.cmti,31724
2026-09-05T05:55:59Z,822b65f405d1f87e722ec0c7e5cfc5fb35d1e9a2,7090,size_in_bytes,lib/ocaml/compiler-libs/cms_format.cmti,38111
2026-09-05T05:55:59Z,822b65f405d1f87e722ec0c7e5cfc5fb35d1e9a2,7090,size_in_bytes,lib/ocaml/compiler-libs/flambda2_reaper__Rebuild.cmti,44787
2026-09-05T05:55:59Z,822b65f405d1f87e722ec0c7e5cfc5fb35d1e9a2,7090,size_in_bytes,lib/ocaml/compiler-libs/binary_emitter_verify.cmti,32426
2026-09-05T05:55:59Z,822b65f405d1f87e722ec0c7e5cfc5fb35d1e9a2,7090,size_in_bytes,lib/ocaml/compiler-libs/lazy_backtrack.cmti,23415
2026-09-05T05:55:59Z,822b65f405d1f87e722ec0c7e5cfc5fb35d1e9a2,7090,size_in_bytes,lib/ocaml/compiler-libs/build_linker_args.cmti,23933
2026-09-05T05:55:59Z,822b65f405d1f87e722ec0c7e5cfc5fb35d1e9a2,7090,size_in_bytes,lib/ocaml/compiler-libs/partial_link.cmti,28834
2026-09-05T05:55:59Z,822b65f405d1f87e722ec0c7e5cfc5fb35d1e9a2,7090,size_in_bytes,lib/ocaml/compiler-libs/flambda2_types__Join_env.cmti,60520
2026-09-05T05:55:59Z,822b65f405d1f87e722ec0c7e5cfc5fb35d1e9a2,7090,size_in_bytes,lib/ocaml/compiler-libs/flambda2_terms__Exn_continuation.cmti,176211
2026-09-05T05:55:59Z,822b65f405d1f87e722ec0c7e5cfc5fb35d1e9a2,7090,size_in_bytes,lib/ocaml/compiler-libs/translobj.cmti,28031
2026-09-05T05:55:59Z,822b65f405d1f87e722ec0c7e5cfc5fb35d1e9a2,7090,size_in_bytes,lib/ocaml/compiler-libs/arm64_binary_emitter__All_section_states.cmti,44329
2026-09-05T05:55:59Z,822b65f405d1f87e722ec0c7e5cfc5fb35d1e9a2,7090,size_in_bytes,lib/ocaml/compiler-libs/flambda2_from_lambda__Lambda_to_flambda_primitives.cmti,41425
2026-09-05T05:55:59Z,822b65f405d1f87e722ec0c7e5cfc5fb35d1e9a2,7090,size_in_bytes,lib/ocaml/compiler-libs/untypeast.cmti,76472
2026-09-05T05:55:59Z,822b65f405d1f87e722ec0c7e5cfc5fb35d1e9a2,7090,size_in_bytes,lib/ocaml/compiler-libs/asmgen.cmti,57487
2026-09-05T05:55:59Z,822b65f405d1f87e722ec0c7e5cfc5fb35d1e9a2,7090,size_in_bytes,lib/ocaml/compiler-libs/build_igot_and_iplt.cmti,24694
2026-09-05T05:55:59Z,822b65f405d1f87e722ec0c7e5cfc5fb35d1e9a2,7090,size_in_bytes,lib/ocaml/compiler-libs/dissector_log.cmti,17054
2026-09-05T05:55:59Z,822b65f405d1f87e722ec0c7e5cfc5fb35d1e9a2,7090,size_in_bytes,lib/ocaml/compiler-libs/cfg_invariants.cmti,35492
2026-09-05T05:55:59Z,822b65f405d1f87e722ec0c7e5cfc5fb35d1e9a2,7090,size_in_bytes,lib/ocaml/compiler-libs/local_store.cmti,21618
2026-09-05T05:55:59Z,822b65f405d1f87e722ec0c7e5cfc5fb35d1e9a2,7090,size_in_bytes,lib/ocaml/compiler-libs/flambda2_term_basics__Inlined_debuginfo.cmti,39937
2026-09-05T05:55:59Z,822b65f405d1f87e722ec0c7e5cfc5fb35d1e9a2,7090,size_in_bytes,lib/ocaml/compiler-libs/arm64_binary_emitter__Adr_helpers.cmti,17394
2026-09-05T05:55:59Z,822b65f405d1f87e722ec0c7e5cfc5fb35d1e9a2,7090,size_in_bytes,lib/ocaml/compiler-libs/dwarf_variables_and_parameters.cmti,42354
2026-09-05T05:55:59Z,822b65f405d1f87e722ec0c7e5cfc5fb35d1e9a2,7090,size_in_bytes,lib/ocaml/compiler-libs/vicuna_value_shapes.cmti,29300
2026-09-05T05:55:59Z,822b65f405d1f87e722ec0c7e5cfc5fb35d1e9a2,7090,size_in_bytes,lib/ocaml/compiler-libs/primitive.cmti,68126
2026-09-05T05:55:59Z,822b65f405d1f87e722ec0c7e5cfc5fb35d1e9a2,7090,size_in_bytes,lib/ocaml/compiler-libs/flambda2_numbers__Or_infinity.cmti,21647
2026-09-05T05:55:59Z,822b65f405d1f87e722ec0c7e5cfc5fb35d1e9a2,7090,size_in_bytes,lib/ocaml/compiler-libs/flambda2_terms__Function_decl_inlining_decision_type.cmti,40238
2026-09-05T05:55:59Z,822b65f405d1f87e722ec0c7e5cfc5fb35d1e9a2,7090,size_in_bytes,lib/ocaml/compiler-libs/flambda2_types__Provers.cmti,148563
2026-09-05T05:55:59Z,822b65f405d1f87e722ec0c7e5cfc5fb35d1e9a2,7090,size_in_bytes,lib/ocaml/compiler-libs/flambda2_terms__Static_const.cmti,236361
2026-09-05T05:55:59Z,822b65f405d1f87e722ec0c7e5cfc5fb35d1e9a2,7090,size_in_bytes,lib/ocaml/compiler-libs/pparse.cmti,35310
2026-09-05T05:55:59Z,822b65f405d1f87e722ec0c7e5cfc5fb35d1e9a2,7090,size_in_bytes,lib/ocaml/compiler-libs/igot.cmti,34110
2026-09-05T05:55:59Z,822b65f405d1f87e722ec0c7e5cfc5fb35d1e9a2,7090,size_in_bytes,lib/ocaml/compiler-libs/debug.cmti,13686
2026-09-05T05:55:59Z,822b65f405d1f87e722ec0c7e5cfc5fb35d1e9a2,7090,size_in_bytes,lib/ocaml/compiler-libs/flambda2_nominal__Name_occurrences.cmti,106786
2026-09-05T05:55:59Z,822b65f405d1f87e722ec0c7e5cfc5fb35d1e9a2,7090,size_in_bytes,lib/ocaml/compiler-libs/flambda2_types__Set_of_closures_contents.cmti,413139
2026-09-05T05:55:59Z,822b65f405d1f87e722ec0c7e5cfc5fb35d1e9a2,7090,size_in_bytes,lib/ocaml/compiler-libs/flambda2_term_basics__Symbol_projection.cmti,40059
2026-09-05T05:55:59Z,822b65f405d1f87e722ec0c7e5cfc5fb35d1e9a2,7090,size_in_bytes,lib/ocaml/compiler-libs/flambda2_term_basics__Rec_info_expr.cmti,44941
2026-09-05T05:55:59Z,822b65f405d1f87e722ec0c7e5cfc5fb35d1e9a2,7090,size_in_bytes,lib/ocaml/compiler-libs/transl_comprehension_utils.cmti,87302
2026-09-05T05:55:59Z,822b65f405d1f87e722ec0c7e5cfc5fb35d1e9a2,7090,size_in_bytes,lib/ocaml/compiler-libs/label.cmti,153346
2026-09-05T05:55:59Z,822b65f405d1f87e722ec0c7e5cfc5fb35d1e9a2,7090,size_in_bytes,lib/ocaml/compiler-libs/bytefunctorizer.cmti,15181
2026-09-05T05:55:59Z,822b65f405d1f87e722ec0c7e5cfc5fb35d1e9a2,7090,size_in_bytes,lib/ocaml/compiler-libs/blambda_of_lambda.cmti,18626
2026-09-05T05:55:59Z,822b65f405d1f87e722ec0c7e5cfc5fb35d1e9a2,7090,size_in_bytes,lib/ocaml/compiler-libs/reg_availability_set.cmti,46189
2026-09-05T05:55:59Z,822b65f405d1f87e722ec0c7e5cfc5fb35d1e9a2,7090,size_in_bytes,lib/ocaml/compiler-libs/flambda2_term_basics__Continuation_use_kind.cmti,15252
2026-09-05T05:55:59Z,822b65f405d1f87e722ec0c7e5cfc5fb35d1e9a2,7090,size_in_bytes,lib/ocaml/compiler-libs/signature_with_global_bindings.cmti,25563
2026-09-05T05:55:59Z,822b65f405d1f87e722ec0c7e5cfc5fb35d1e9a2,7090,size_in_bytes,lib/ocaml/compiler-libs/translmode.cmti,25393
2026-09-05T05:55:59Z,822b65f405d1f87e722ec0c7e5cfc5fb35d1e9a2,7090,size_in_bytes,lib/ocaml/compiler-libs/partition.cmti,30219
2026-09-05T05:55:59Z,822b65f405d1f87e722ec0c7e5cfc5fb35d1e9a2,7090,size_in_bytes,lib/ocaml/compiler-libs/flambda2_types__Meet_and_n_way_join.cmti,31700
2026-09-05T05:55:59Z,822b65f405d1f87e722ec0c7e5cfc5fb35d1e9a2,7090,size_in_bytes,lib/ocaml/compiler-libs/flambda2_to_jsir__To_jsir_set_of_closures.cmti,35462
2026-09-05T05:55:59Z,822b65f405d1f87e722ec0c7e5cfc5fb35d1e9a2,7090,size_in_bytes,lib/ocaml/compiler-libs/flambda2_simplify__Lifted_constant.cmti,71626
2026-09-05T05:55:59Z,822b65f405d1f87e722ec0c7e5cfc5fb35d1e9a2,7090,size_in_bytes,lib/ocaml/compiler-libs/tast_iterator.cmti,67956
2026-09-05T05:55:59Z,822b65f405d1f87e722ec0c7e5cfc5fb35d1e9a2,7090,size_in_bytes,lib/ocaml/compiler-libs/cmi_format.cmti,37714
2026-09-05T05:55:59Z,822b65f405d1f87e722ec0c7e5cfc5fb35d1e9a2,7090,size_in_bytes,lib/ocaml/compiler-libs/regs_utils.cmti,195782
2026-09-05T05:55:59Z,822b65f405d1f87e722ec0c7e5cfc5fb35d1e9a2,7090,size_in_bytes,lib/ocaml/compiler-libs/regalloc_irc.cmti,34394
2026-09-05T05:55:59Z,822b65f405d1f87e722ec0c7e5cfc5fb35d1e9a2,7090,size_in_bytes,lib/ocaml/compiler-libs/flambda2_types__Equal_types_for_debug.cmti,40783
2026-09-05T05:55:59Z,822b65f405d1f87e722ec0c7e5cfc5fb35d1e9a2,7090,size_in_bytes,lib/ocaml/compiler-libs/errortrace.cmti,94542
2026-09-05T05:55:59Z,822b65f405d1f87e722ec0c7e5cfc5fb35d1e9a2,7090,size_in_bytes,lib/ocaml/compiler-libs/regalloc_validate.cmti,38949
2026-09-05T05:55:59Z,822b65f405d1f87e722ec0c7e5cfc5fb35d1e9a2,7090,size_in_bytes,lib/ocaml/compiler-libs/env.cmti,477624
2026-09-05T05:55:59Z,822b65f405d1f87e722ec0c7e5cfc5fb35d1e9a2,7090,size_in_bytes,lib/ocaml/compiler-libs/flambda2_simplify__Comparison_result.cmti,31549
2026-09-05T05:55:59Z,822b65f405d1f87e722ec0c7e5cfc5fb35d1e9a2,7090,size_in_bytes,lib/ocaml/compiler-libs/x86_peephole_rules.cmti,19362
2026-09-05T05:55:59Z,822b65f405d1f87e722ec0c7e5cfc5fb35d1e9a2,7090,size_in_bytes,lib/ocaml/compiler-libs/printast.cmti,26537
2026-09-05T05:55:59Z,822b65f405d1f87e722ec0c7e5cfc5fb35d1e9a2,7090,size_in_bytes,lib/ocaml/compiler-libs/binutils.cmti,17742
2026-09-05T05:55:59Z,822b65f405d1f87e722ec0c7e5cfc5fb35d1e9a2,7090,size_in_bytes,lib/ocaml/compiler-libs/branch_relaxation_intf.cmti,45428
2026-09-05T05:55:59Z,822b65f405d1f87e722ec0c7e5cfc5fb35d1e9a2,7090,size_in_bytes,lib/ocaml/compiler-libs/runtimedef.cmti,12927
2026-09-05T05:55:59Z,822b65f405d1f87e722ec0c7e5cfc5fb35d1e9a2,7090,size_in_bytes,lib/ocaml/compiler-libs/operation.cmti,86766
2026-09-05T05:55:59Z,822b65f405d1f87e722ec0c7e5cfc5fb35d1e9a2,7090,size_in_bytes,lib/ocaml/compiler-libs/arm64_binary_emitter__Logical_helpers.cmti,23781
2026-09-05T05:55:59Z,822b65f405d1f87e722ec0c7e5cfc5fb35d1e9a2,7090,size_in_bytes,lib/ocaml/compiler-libs/unit_info.cmti,71594
2026-09-05T05:55:59Z,822b65f405d1f87e722ec0c7e5cfc5fb35d1e9a2,7090,size_in_bytes,lib/ocaml/compiler-libs/profile.cmti,38546
2026-09-05T05:55:59Z,822b65f405d1f87e722ec0c7e5cfc5fb35d1e9a2,7090,size_in_bytes,lib/ocaml/compiler-libs/typecore.cmti,187833
2026-09-05T05:55:59Z,822b65f405d1f87e722ec0c7e5cfc5fb35d1e9a2,7090,size_in_bytes,lib/ocaml/compiler-libs/asm_targets__Asm_symbol.cmti,148505
2026-09-05T05:55:59Z,822b65f405d1f87e722ec0c7e5cfc5fb35d1e9a2,7090,size_in_bytes,lib/ocaml/compiler-libs/mode.cmti,988521
2026-09-05T05:55:59Z,822b65f405d1f87e722ec0c7e5cfc5fb35d1e9a2,7090,size_in_bytes,lib/ocaml/compiler-libs/arm64_binary_emitter__Condition_helpers.cmti,17071
2026-09-05T05:55:59Z,822b65f405d1f87e722ec0c7e5cfc5fb35d1e9a2,7090,size_in_bytes,lib/ocaml/compiler-libs/typemod.cmti,87366
2026-09-05T05:55:59Z,822b65f405d1f87e722ec0c7e5cfc5fb35d1e9a2,7090,size_in_bytes,lib/ocaml/compiler-libs/flambda2_nominal__Ids_for_export.cmti,43616
2026-09-05T05:55:59Z,822b65f405d1f87e722ec0c7e5cfc5fb35d1e9a2,7090,size_in_bytes,lib/ocaml/compiler-libs/flambda2_types__Typing_env_extension.cmti,66309
2026-09-05T05:55:59Z,822b65f405d1f87e722ec0c7e5cfc5fb35d1e9a2,7090,size_in_bytes,lib/ocaml/compiler-libs/jkind_types.cmti,126448
2026-09-05T05:55:59Z,822b65f405d1f87e722ec0c7e5cfc5fb35d1e9a2,7090,size_in_bytes,lib/ocaml/compiler-libs/asm_targets__Asm_section.cmti,51747
2026-09-05T05:55:59Z,822b65f405d1f87e722ec0c7e5cfc5fb35d1e9a2,7090,size_in_bytes,lib/ocaml/compiler-libs/typedecl.cmti,119248
2026-09-05T05:55:59Z,822b65f405d1f87e722ec0c7e5cfc5fb35d1e9a2,7090,size_in_bytes,lib/ocaml/compiler-libs/bytepackager.cmti,22646
2026-09-05T05:55:59Z,822b65f405d1f87e722ec0c7e5cfc5fb35d1e9a2,7090,size_in_bytes,lib/ocaml/compiler-libs/persistent_env.cmti,180674
2026-09-05T05:55:59Z,822b65f405d1f87e722ec0c7e5cfc5fb35d1e9a2,7090,size_in_bytes,lib/ocaml/compiler-libs/regalloc_gi_state.cmti,46129
2026-09-05T05:55:59Z,822b65f405d1f87e722ec0c7e5cfc5fb35d1e9a2,7090,size_in_bytes,lib/ocaml/compiler-libs/uniqueness_analysis.cmti,31672
2026-09-05T05:55:59Z,822b65f405d1f87e722ec0c7e5cfc5fb35d1e9a2,7090,size_in_bytes,lib/ocaml/compiler-libs/value_rec_check.cmti,19048
2026-09-05T05:55:59Z,822b65f405d1f87e722ec0c7e5cfc5fb35d1e9a2,7090,size_in_bytes,lib/ocaml/compiler-libs/printreg.cmti,45534
2026-09-05T05:55:59Z,822b65f405d1f87e722ec0c7e5cfc5fb35d1e9a2,7090,size_in_bytes,lib/ocaml/compiler-libs/cmxs_format.cmti,21869
2026-09-05T05:55:59Z,822b65f405d1f87e722ec0c7e5cfc5fb35d1e9a2,7090,size_in_bytes,lib/ocaml/compiler-libs/shape_reduce.cmti,46621
2026-09-05T05:55:59Z,822b65f405d1f87e722ec0c7e5cfc5fb35d1e9a2,7090,size_in_bytes,lib/ocaml/compiler-libs/path.cmti,123084
2026-09-05T05:55:59Z,822b65f405d1f87e722ec0c7e5cfc5fb35d1e9a2,7090,size_in_bytes,lib/ocaml/compiler-libs/flambda2_to_cmm__To_cmm.cmti,34486
2026-09-05T05:55:59Z,822b65f405d1f87e722ec0c7e5cfc5fb35d1e9a2,7090,size_in_bytes,lib/ocaml/compiler-libs/x86_section.cmti,85309
2026-09-05T05:55:59Z,822b65f405d1f87e722ec0c7e5cfc5fb35d1e9a2,7090,size_in_bytes,lib/ocaml/compiler-libs/cfg_deadcode.cmti,33324
2026-09-05T05:55:59Z,822b65f405d1f87e722ec0c7e5cfc5fb35d1e9a2,7090,size_in_bytes,lib/ocaml/compiler-libs/arm64_binary_emitter__Simd_helpers.cmti,41338
2026-09-05T05:55:59Z,822b65f405d1f87e722ec0c7e5cfc5fb35d1e9a2,7090,size_in_bytes,lib/ocaml/compiler-libs/flambda2_reaper__Cofield.cmti,166406
2026-09-05T05:55:59Z,822b65f405d1f87e722ec0c7e5cfc5fb35d1e9a2,7090,size_in_bytes,lib/ocaml/compiler-libs/stack_class.cmti,46446
2026-09-05T05:55:59Z,822b65f405d1f87e722ec0c7e5cfc5fb35d1e9a2,7090,size_in_bytes,lib/ocaml/compiler-libs/flambda2_datalog__Column.cmti,181387
2026-09-05T05:55:59Z,822b65f405d1f87e722ec0c7e5cfc5fb35d1e9a2,7090,size_in_bytes,lib/ocaml/compiler-libs/flambda2_term_basics__Or_invalid.cmti,19289
2026-09-05T05:55:59Z,822b65f405d1f87e722ec0c7e5cfc5fb35d1e9a2,7090,size_in_bytes,lib/ocaml/compiler-libs/opttopdirs.cmti,26554
2026-09-05T05:55:59Z,822b65f405d1f87e722ec0c7e5cfc5fb35d1e9a2,7090,size_in_bytes,lib/ocaml/compiler-libs/flambda2_terms__Loopify_attribute.cmti,30260
2026-09-05T05:55:59Z,822b65f405d1f87e722ec0c7e5cfc5fb35d1e9a2,7090,size_in_bytes,lib/ocaml/compiler-libs/compile.cmti,30347
2026-09-05T05:55:59Z,822b65f405d1f87e722ec0c7e5cfc5fb35d1e9a2,7090,size_in_bytes,lib/ocaml/compiler-libs/printast_with_mappings.cmti,23183
2026-09-05T05:55:59Z,822b65f405d1f87e722ec0c7e5cfc5fb35d1e9a2,7090,size_in_bytes,lib/ocaml/compiler-libs/flambda2_from_lambda__Lambda_to_flambda_env.cmti,85435
2026-09-05T05:55:59Z,822b65f405d1f87e722ec0c7e5cfc5fb35d1e9a2,7090,size_in_bytes,lib/ocaml/compiler-libs/value_rec_compiler.cmti,21172
2026-09-05T05:55:59Z,822b65f405d1f87e722ec0c7e5cfc5fb35d1e9a2,7090,size_in_bytes,lib/ocaml/compiler-libs/camlinternalMenhirLib.cmti,500592
2026-09-05T05:55:59Z,822b65f405d1f87e722ec0c7e5cfc5fb35d1e9a2,7090,size_in_bytes,lib/ocaml/compiler-libs/jit_backend.cmti,69306
2026-09-05T05:55:59Z,822b65f405d1f87e722ec0c7e5cfc5fb35d1e9a2,7090,size_in_bytes,lib/ocaml/compiler-libs/cmj_format.cmti,17133
2026-09-05T05:55:59Z,822b65f405d1f87e722ec0c7e5cfc5fb35d1e9a2,7090,size_in_bytes,lib/ocaml/compiler-libs/oxcaml_args.cmti,521046
2026-09-05T05:55:59Z,822b65f405d1f87e722ec0c7e5cfc5fb35d1e9a2,7090,size_in_bytes,lib/ocaml/compiler-libs/flambda2_identifiers__Code_id_or_symbol.cmti,35611
2026-09-05T05:55:59Z,822b65f405d1f87e722ec0c7e5cfc5fb35d1e9a2,7090,size_in_bytes,lib/ocaml/compiler-libs/flambda2_identifiers__Name.cmti,188032
2026-09-05T05:55:59Z,822b65f405d1f87e722ec0c7e5cfc5fb35d1e9a2,7090,size_in_bytes,lib/ocaml/compiler-libs/flambda2_reaper__Traverse_env.cmti,49077
2026-09-05T05:55:59Z,822b65f405d1f87e722ec0c7e5cfc5fb35d1e9a2,7090,size_in_bytes,lib/ocaml/compiler-libs/flambda2_compare__Compare.cmti,34772
2026-09-05T05:55:59Z,822b65f405d1f87e722ec0c7e5cfc5fb35d1e9a2,7090,size_in_bytes,lib/ocaml/compiler-libs/flambda2_identifiers__Continuation.cmti,191773
2026-09-05T05:55:59Z,822b65f405d1f87e722ec0c7e5cfc5fb35d1e9a2,7090,size_in_bytes,lib/ocaml/compiler-libs/language_extension.cmti,71813
2026-09-05T05:55:59Z,822b65f405d1f87e722ec0c7e5cfc5fb35d1e9a2,7090,size_in_bytes,lib/ocaml/compiler-libs/slambdaident.cmti,149735
2026-09-05T05:55:59Z,822b65f405d1f87e722ec0c7e5cfc5fb35d1e9a2,7090,size_in_bytes,lib/ocaml/compiler-libs/flambda2_simplify__Continuation_in_env.cmti,41095
2026-09-05T05:55:59Z,822b65f405d1f87e722ec0c7e5cfc5fb35d1e9a2,7090,size_in_bytes,lib/ocaml/compiler-libs/asm_targets__Asm_label.cmti,160743
2026-09-05T05:55:59Z,822b65f405d1f87e722ec0c7e5cfc5fb35d1e9a2,7090,size_in_bytes,lib/ocaml/compiler-libs/flambda2_to_cmm__To_cmm_shared.cmti,94305
2026-09-05T05:55:59Z,822b65f405d1f87e722ec0c7e5cfc5fb35d1e9a2,7090,size_in_bytes,lib/ocaml/compiler-libs/cfg_stack_checks.cmti,35080
2026-09-05T05:55:59Z,822b65f405d1f87e722ec0c7e5cfc5fb35d1e9a2,7090,size_in_bytes,lib/ocaml/compiler-libs/zero_alloc.cmti,30160
2026-09-05T05:55:59Z,822b65f405d1f87e722ec0c7e5cfc5fb35d1e9a2,7090,size_in_bytes,lib/ocaml/compiler-libs/linkenv.cmti,74180
2026-09-05T05:55:59Z,822b65f405d1f87e722ec0c7e5cfc5fb35d1e9a2,7090,size_in_bytes,lib/ocaml/compiler-libs/flambda2_algorithms__Patricia_tree.cmti,195392
2026-09-05T05:55:59Z,822b65f405d1f87e722ec0c7e5cfc5fb35d1e9a2,7090,size_in_bytes,lib/ocaml/compiler-libs/scalar.cmti,171325
2026-09-05T05:55:59Z,822b65f405d1f87e722ec0c7e5cfc5fb35d1e9a2,7090,size_in_bytes,lib/ocaml/compiler-libs/profile_counters_functions.cmti,17483
2026-09-05T05:55:59Z,822b65f405d1f87e722ec0c7e5cfc5fb35d1e9a2,7090,size_in_bytes,lib/ocaml/compiler-libs/regalloc_substitution.cmti,42044
2026-09-05T05:55:59Z,822b65f405d1f87e722ec0c7e5cfc5fb35d1e9a2,7090,size_in_bytes,lib/ocaml/compiler-libs/emit.cmti,39059
2026-09-05T05:55:59Z,822b65f405d1f87e722ec0c7e5cfc5fb35d1e9a2,7090,size_in_bytes,lib/ocaml/compiler-libs/clflags.cmti,220055
2026-09-05T05:55:59Z,822b65f405d1f87e722ec0c7e5cfc5fb35d1e9a2,7090,size_in_bytes,lib/ocaml/compiler-libs/flambda2_identifiers__Named_rewrite_id.cmti,153449
2026-09-05T05:55:59Z,822b65f405d1f87e722ec0c7e5cfc5fb35d1e9a2,7090,size_in_bytes,lib/ocaml/compiler-libs/typeopt.cmti,52691
2026-09-05T05:55:59Z,822b65f405d1f87e722ec0c7e5cfc5fb35d1e9a2,7090,size_in_bytes,lib/ocaml/compiler-libs/flambda2_term_basics__Unit.cmti,163860
2026-09-05T05:55:59Z,822b65f405d1f87e722ec0c7e5cfc5fb35d1e9a2,7090,size_in_bytes,lib/ocaml/compiler-libs/translmod.cmti,40734
2026-09-05T05:55:59Z,822b65f405d1f87e722ec0c7e5cfc5fb35d1e9a2,7090,size_in_bytes,lib/ocaml/compiler-libs/flambda2_types.cmti,690428
2026-09-05T05:55:59Z,822b65f405d1f87e722ec0c7e5cfc5fb35d1e9a2,7090,size_in_bytes,lib/ocaml/compiler-libs/terminfo.cmti,17220
2026-09-05T05:55:59Z,822b65f405d1f87e722ec0c7e5cfc5fb35d1e9a2,7090,size_in_bytes,lib/ocaml/compiler-libs/flambda2_terms__Trap_action.cmti,42076
2026-09-05T05:55:59Z,822b65f405d1f87e722ec0c7e5cfc5fb35d1e9a2,7090,size_in_bytes,lib/ocaml/compiler-libs/flambda2_simplify__Simplify_let_expr.cmti,37982
2026-09-05T05:55:59Z,822b65f405d1f87e722ec0c7e5cfc5fb35d1e9a2,7090,size_in_bytes,lib/ocaml/compiler-libs/typeclass.cmti,68902
2026-09-05T05:55:59Z,822b65f405d1f87e722ec0c7e5cfc5fb35d1e9a2,7090,size_in_bytes,lib/ocaml/compiler-libs/flambda2_simplify_shared__Inlining_report.cmti,113866
2026-09-05T05:55:59Z,822b65f405d1f87e722ec0c7e5cfc5fb35d1e9a2,7090,size_in_bytes,lib/ocaml/compiler-libs/flambda2_reaper__Datalog_helpers.cmti,298787
2026-09-05T05:55:59Z,822b65f405d1f87e722ec0c7e5cfc5fb35d1e9a2,7090,size_in_bytes,lib/ocaml/compiler-libs/static_label.cmti,152750
2026-09-05T05:55:59Z,822b65f405d1f87e722ec0c7e5cfc5fb35d1e9a2,7090,size_in_bytes,lib/ocaml/compiler-libs/format_doc.cmti,140347
2026-09-05T05:55:59Z,822b65f405d1f87e722ec0c7e5cfc5fb35d1e9a2,7090,size_in_bytes,lib/ocaml/compiler-libs/arm64_binary_emitter__Encode_directive.cmti,25725
2026-09-05T05:55:59Z,822b65f405d1f87e722ec0c7e5cfc5fb35d1e9a2,7090,size_in_bytes,lib/ocaml/compiler-libs/linear_format.cmti,42577
2026-09-05T05:55:59Z,822b65f405d1f87e722ec0c7e5cfc5fb35d1e9a2,7090,size_in_bytes,lib/ocaml/compiler-libs/regalloc_split.cmti,38247
2026-09-05T05:55:59Z,822b65f405d1f87e722ec0c7e5cfc5fb35d1e9a2,7090,size_in_bytes,lib/ocaml/compiler-libs/stack_reg_offset.cmti,16224
2026-09-05T05:55:59Z,822b65f405d1f87e722ec0c7e5cfc5fb35d1e9a2,7090,size_in_bytes,lib/ocaml/compiler-libs/available_ranges_vars.cmti,157285
2026-09-05T05:55:59Z,822b65f405d1f87e722ec0c7e5cfc5fb35d1e9a2,7090,size_in_bytes,lib/ocaml/compiler-libs/arrayset.cmti,28575
2026-09-05T05:55:59Z,822b65f405d1f87e722ec0c7e5cfc5fb35d1e9a2,7090,size_in_bytes,lib/ocaml/compiler-libs/printtyped.cmti,19815
2026-09-05T05:55:59Z,822b65f405d1f87e722ec0c7e5cfc5fb35d1e9a2,7090,size_in_bytes,lib/ocaml/compiler-libs/cmt2annot.cmti,20792
2026-09-05T05:55:59Z,822b65f405d1f87e722ec0c7e5cfc5fb35d1e9a2,7090,size_in_bytes,lib/ocaml/compiler-libs/compenv.cmti,50355
2026-09-05T05:55:59Z,822b65f405d1f87e722ec0c7e5cfc5fb35d1e9a2,7090,size_in_bytes,lib/ocaml/compiler-libs/regalloc_utils.cmti,334698
2026-09-05T05:55:59Z,822b65f405d1f87e722ec0c7e5cfc5fb35d1e9a2,7090,size_in_bytes,lib/ocaml/compiler-libs/flambda2_simplify__Simplify_switch_expr.cmti,36720
2026-09-05T05:55:59Z,822b65f405d1f87e722ec0c7e5cfc5fb35d1e9a2,7090,size_in_bytes,lib/ocaml/compiler-libs/flambda2_kinds__Flambda_arity.cmti,52342
2026-09-05T05:55:59Z,822b65f405d1f87e722ec0c7e5cfc5fb35d1e9a2,7090,size_in_bytes,lib/ocaml/compiler-libs/flambda2_simplify__Simplify_simple.cmti,42457
2026-09-05T05:55:59Z,822b65f405d1f87e722ec0c7e5cfc5fb35d1e9a2,7090,size_in_bytes,lib/ocaml/compiler-libs/flambda2_parser__Parse_flambda.cmti,34096
2026-09-05T05:55:59Z,822b65f405d1f87e722ec0c7e5cfc5fb35d1e9a2,7090,size_in_bytes,lib/ocaml/compiler-libs/hash_consed.cmti,31295
2026-09-05T05:55:59Z,822b65f405d1f87e722ec0c7e5cfc5fb35d1e9a2,7090,size_in_bytes,lib/ocaml/compiler-libs/extra_debug.cmti,36051
2026-09-05T05:55:59Z,822b65f405d1f87e722ec0c7e5cfc5fb35d1e9a2,7090,size_in_bytes,lib/ocaml/compiler-libs/parmatch.cmti,58987
2026-09-05T05:55:59Z,822b65f405d1f87e722ec0c7e5cfc5fb35d1e9a2,7090,size_in_bytes,lib/ocaml/compiler-libs/flambda2_simplify_shared__Inlining_helpers.cmti,52416
2026-09-05T05:55:59Z,822b65f405d1f87e722ec0c7e5cfc5fb35d1e9a2,7090,size_in_bytes,lib/ocaml/compiler-libs/flambda2_algorithms__Table_by_int_id.cmti,28367
2026-09-05T05:55:59Z,822b65f405d1f87e722ec0c7e5cfc5fb35d1e9a2,7090,size_in_bytes,lib/ocaml/compiler-libs/cfg_loop_infos.cmti,48945
2026-09-05T05:55:59Z,822b65f405d1f87e722ec0c7e5cfc5fb35d1e9a2,7090,size_in_bytes,lib/ocaml/compiler-libs/flambda2_kinds__Flambda_kind.cmti,876512
2026-09-05T05:55:59Z,822b65f405d1f87e722ec0c7e5cfc5fb35d1e9a2,7090,size_in_bytes,lib/ocaml/compiler-libs/doubly_linked_list.cmti,82644
2026-09-05T05:55:59Z,822b65f405d1f87e722ec0c7e5cfc5fb35d1e9a2,7090,size_in_bytes,lib/ocaml/compiler-libs/ast_invariants.cmti,18420
2026-09-05T05:55:59Z,822b65f405d1f87e722ec0c7e5cfc5fb35d1e9a2,7090,size_in_bytes,lib/ocaml/compiler-libs/allowance.cmti,34496
2026-09-05T05:55:59Z,822b65f405d1f87e722ec0c7e5cfc5fb35d1e9a2,7090,size_in_bytes,lib/ocaml/compiler-libs/flambda2_simplify__Simplify_expr.cmti,40734
2026-09-05T05:55:59Z,822b65f405d1f87e722ec0c7e5cfc5fb35d1e9a2,7090,size_in_bytes,lib/ocaml/compiler-libs/arg_helper.cmti,74362
2026-09-05T05:55:59Z,822b65f405d1f87e722ec0c7e5cfc5fb35d1e9a2,7090,size_in_bytes,lib/ocaml/compiler-libs/flambda2_reaper__Global_flow_graph.cmti,81119
2026-09-05T05:55:59Z,822b65f405d1f87e722ec0c7e5cfc5fb35d1e9a2,7090,size_in_bytes,lib/ocaml/compiler-libs/flambda2_reaper__Field.cmti,187200
2026-09-05T05:55:59Z,822b65f405d1f87e722ec0c7e5cfc5fb35d1e9a2,7090,size_in_bytes,lib/ocaml/compiler-libs/parser_types.cmti,20581
2026-09-05T05:55:59Z,822b65f405d1f87e722ec0c7e5cfc5fb35d1e9a2,7090,size_in_bytes,lib/ocaml/compiler-libs/arm64_binary_emitter__Fp_helpers.cmti,28579
2026-09-05T05:55:59Z,822b65f405d1f87e722ec0c7e5cfc5fb35d1e9a2,7090,size_in_bytes,lib/ocaml/compiler-libs/x86_ast_utils.cmti,26729
2026-09-05T05:55:59Z,822b65f405d1f87e722ec0c7e5cfc5fb35d1e9a2,7090,size_in_bytes,lib/ocaml/compiler-libs/flambda2_simplify__Inlining_transforms.cmti,38086
2026-09-05T05:55:59Z,822b65f405d1f87e722ec0c7e5cfc5fb35d1e9a2,7090,size_in_bytes,lib/ocaml/compiler-libs/cfg_simplify.cmti,32996
2026-09-05T05:55:59Z,822b65f405d1f87e722ec0c7e5cfc5fb35d1e9a2,7090,size_in_bytes,lib/ocaml/compiler-libs/flambda2_nominal__Renaming.cmti,49483
2026-09-05T05:55:59Z,822b65f405d1f87e722ec0c7e5cfc5fb35d1e9a2,7090,size_in_bytes,lib/ocaml/compiler-libs/llvm_ir.cmti,372545
2026-09-05T05:55:59Z,822b65f405d1f87e722ec0c7e5cfc5fb35d1e9a2,7090,size_in_bytes,lib/ocaml/compiler-libs/flambda2_simplify__Reification.cmti,38607
2026-09-05T05:55:59Z,822b65f405d1f87e722ec0c7e5cfc5fb35d1e9a2,7090,size_in_bytes,lib/ocaml/compiler-libs/flambda2_algorithms__Leapfrog.cmti,44365
2026-09-05T05:55:59Z,822b65f405d1f87e722ec0c7e5cfc5fb35d1e9a2,7090,size_in_bytes,lib/ocaml/compiler-libs/flambda2_terms__Regalloc_param_attribute.cmti,31036
2026-09-05T05:55:59Z,822b65f405d1f87e722ec0c7e5cfc5fb35d1e9a2,7090,size_in_bytes,lib/ocaml/compiler-libs/solver_intf.cmti,313642
2026-09-05T05:55:59Z,822b65f405d1f87e722ec0c7e5cfc5fb35d1e9a2,7090,size_in_bytes,lib/ocaml/compiler-libs/flambda2_simplify__Expr_builder.cmti,83622
2026-09-05T05:55:59Z,822b65f405d1f87e722ec0c7e5cfc5fb35d1e9a2,7090,size_in_bytes,lib/ocaml/compiler-libs/flambda2_terms__Mutability.cmti,32758
2026-09-05T05:55:59Z,822b65f405d1f87e722ec0c7e5cfc5fb35d1e9a2,7090,size_in_bytes,lib/ocaml/compiler-libs/flambda2_to_jsir__To_jsir_result.cmti,45214
2026-09-05T05:55:59Z,822b65f405d1f87e722ec0c7e5cfc5fb35d1e9a2,7090,size_in_bytes,lib/ocaml/compiler-libs/lru.cmti,24667
2026-09-05T05:55:59Z,822b65f405d1f87e722ec0c7e5cfc5fb35d1e9a2,7090,size_in_bytes,lib/ocaml/compiler-libs/asttypes.cmti,28683
2026-09-05T05:55:59Z,822b65f405d1f87e722ec0c7e5cfc5fb35d1e9a2,7090,size_in_bytes,lib/ocaml/compiler-libs/flambda2_to_cmm__To_cmm_result.cmti,57016
2026-09-05T05:55:59Z,822b65f405d1f87e722ec0c7e5cfc5fb35d1e9a2,7090,size_in_bytes,lib/ocaml/compiler-libs/translquote.cmti,20512
2026-09-05T05:55:59Z,822b65f405d1f87e722ec0c7e5cfc5fb35d1e9a2,7090,size_in_bytes,lib/ocaml/compiler-libs/functorizer.cmti,25172
2026-09-05T05:55:59Z,822b65f405d1f87e722ec0c7e5cfc5fb35d1e9a2,7090,size_in_bytes,lib/ocaml/compiler-libs/flambda2_simplify__Simplify_let_cont_expr.cmti,39417
2026-09-05T05:55:59Z,822b65f405d1f87e722ec0c7e5cfc5fb35d1e9a2,7090,size_in_bytes,lib/ocaml/compiler-libs/flambda2_reaper__Reaper.cmti,35375
2026-09-05T05:55:59Z,822b65f405d1f87e722ec0c7e5cfc5fb35d1e9a2,7090,size_in_bytes,lib/ocaml/compiler-libs/instantiator.cmti,38757
2026-09-05T05:55:59Z,822b65f405d1f87e722ec0c7e5cfc5fb35d1e9a2,7090,size_in_bytes,lib/ocaml/compiler-libs/reg.cmti,251172
2026-09-05T05:55:59Z,822b65f405d1f87e722ec0c7e5cfc5fb35d1e9a2,7090,size_in_bytes,lib/ocaml/compiler-libs/instructionId.cmti,153476
2026-09-05T05:55:59Z,822b65f405d1f87e722ec0c7e5cfc5fb35d1e9a2,7090,size_in_bytes,lib/ocaml/compiler-libs/flambda2_bound_identifiers__Bound_for_function.cmti,39902
2026-09-05T05:55:59Z,822b65f405d1f87e722ec0c7e5cfc5fb35d1e9a2,7090,size_in_bytes,lib/ocaml/compiler-libs/instruct.cmti,71188
2026-09-05T05:55:59Z,822b65f405d1f87e722ec0c7e5cfc5fb35d1e9a2,7090,size_in_bytes,lib/ocaml/compiler-libs/dissector.cmti,34089
2026-09-05T05:55:59Z,822b65f405d1f87e722ec0c7e5cfc5fb35d1e9a2,7090,size_in_bytes,lib/ocaml/compiler-libs/flambda2_bound_identifiers__Bound_name.cmti,29655
2026-09-05T05:55:59Z,822b65f405d1f87e722ec0c7e5cfc5fb35d1e9a2,7090,size_in_bytes,lib/ocaml/compiler-libs/flambda2_numbers__Vector_types.cmti,470456
2026-09-05T05:55:59Z,822b65f405d1f87e722ec0c7e5cfc5fb35d1e9a2,7090,size_in_bytes,lib/ocaml/compiler-libs/runtime_shape.cmti,109658
2026-09-05T05:55:59Z,822b65f405d1f87e722ec0c7e5cfc5fb35d1e9a2,7090,size_in_bytes,lib/ocaml/compiler-libs/relocation_entry.cmti,20389
2026-09-05T05:55:59Z,822b65f405d1f87e722ec0c7e5cfc5fb35d1e9a2,7090,size_in_bytes,lib/ocaml/compiler-libs/llvmize.cmti,41059
2026-09-05T05:55:59Z,822b65f405d1f87e722ec0c7e5cfc5fb35d1e9a2,7090,size_in_bytes,lib/ocaml/compiler-libs/dwarf_state.cmti,83281
2026-09-05T05:55:59Z,822b65f405d1f87e722ec0c7e5cfc5fb35d1e9a2,7090,size_in_bytes,lib/ocaml/compiler-libs/flambda2_to_jsir__To_jsir_shared.cmti,53929
2026-09-05T05:55:59Z,822b65f405d1f87e722ec0c7e5cfc5fb35d1e9a2,7090,size_in_bytes,lib/ocaml/compiler-libs/binary_emitter_helpers.cmti,19735
2026-09-05T05:55:59Z,822b65f405d1f87e722ec0c7e5cfc5fb35d1e9a2,7090,size_in_bytes,lib/ocaml/compiler-libs/stypes.cmti,24047
2026-09-05T05:55:59Z,822b65f405d1f87e722ec0c7e5cfc5fb35d1e9a2,7090,size_in_bytes,lib/ocaml/compiler-libs/flambda2_term_basics__String_info.cmti,153296
2026-09-05T05:55:59Z,822b65f405d1f87e722ec0c7e5cfc5fb35d1e9a2,7090,size_in_bytes,lib/ocaml/compiler-libs/ast_iterator.cmti,70506
2026-09-05T05:55:59Z,822b65f405d1f87e722ec0c7e5cfc5fb35d1e9a2,7090,size_in_bytes,lib/ocaml/compiler-libs/arm64_ast__Ast.cmti,849186
2026-09-05T05:55:59Z,822b65f405d1f87e722ec0c7e5cfc5fb35d1e9a2,7090,size_in_bytes,lib/ocaml/compiler-libs/optmaindriver.cmti,35868
2026-09-05T05:55:59Z,822b65f405d1f87e722ec0c7e5cfc5fb35d1e9a2,7090,size_in_bytes,lib/ocaml/compiler-libs/flambda2_terms__Recursive.cmti,28515
2026-09-05T05:55:59Z,822b65f405d1f87e722ec0c7e5cfc5fb35d1e9a2,7090,size_in_bytes,lib/ocaml/compiler-libs/cfg_to_linear.cmti,35251
2026-09-05T05:55:59Z,822b65f405d1f87e722ec0c7e5cfc5fb35d1e9a2,7090,size_in_bytes,lib/ocaml/compiler-libs/bytelibrarian.cmti,18530
2026-09-05T05:55:59Z,822b65f405d1f87e722ec0c7e5cfc5fb35d1e9a2,7090,size_in_bytes,lib/ocaml/compiler-libs/flambda2_datalog__Table.cmti,53787
2026-09-05T05:55:59Z,822b65f405d1f87e722ec0c7e5cfc5fb35d1e9a2,7090,size_in_bytes,lib/ocaml/compiler-libs/flambda2_terms__Flambda_primitive.cmti,533245
2026-09-05T05:55:59Z,822b65f405d1f87e722ec0c7e5cfc5fb35d1e9a2,7090,size_in_bytes,lib/ocaml/compiler-libs/arch.cmti,87664
2026-09-05T05:55:59Z,822b65f405d1f87e722ec0c7e5cfc5fb35d1e9a2,7090,size_in_bytes,lib/ocaml/compiler-libs/cfg.cmti,168664
2026-09-05T05:55:59Z,822b65f405d1f87e722ec0c7e5cfc5fb35d1e9a2,7090,size_in_bytes,lib/ocaml/compiler-libs/parsetree.cmti,385429
2026-09-05T05:55:59Z,822b65f405d1f87e722ec0c7e5cfc5fb35d1e9a2,7090,size_in_bytes,lib/ocaml/compiler-libs/flambda2_parser__Fexpr_prim_descr.cmti,142664
2026-09-05T05:55:59Z,822b65f405d1f87e722ec0c7e5cfc5fb35d1e9a2,7090,size_in_bytes,lib/ocaml/compiler-libs/cfg_quick_hash.cmti,37026
2026-09-05T05:55:59Z,822b65f405d1f87e722ec0c7e5cfc5fb35d1e9a2,7090,size_in_bytes,lib/ocaml/compiler-libs/flambda2_term_basics__Value_slot_set.cmti,160611
2026-09-05T05:55:59Z,822b65f405d1f87e722ec0c7e5cfc5fb35d1e9a2,7090,size_in_bytes,lib/ocaml/compiler-libs/outcometree.cmti,107810
2026-09-05T05:55:59Z,822b65f405d1f87e722ec0c7e5cfc5fb35d1e9a2,7090,size_in_bytes,lib/ocaml/compiler-libs/relocatable_symbol_name.cmti,17490
2026-09-05T05:55:59Z,822b65f405d1f87e722ec0c7e5cfc5fb35d1e9a2,7090,size_in_bytes,lib/ocaml/compiler-libs/domainstate.cmti,26005
2026-09-05T05:55:59Z,822b65f405d1f87e722ec0c7e5cfc5fb35d1e9a2,7090,size_in_bytes,lib/ocaml/compiler-libs/flambda2_terms__Validity.cmti,35509
2026-09-05T05:55:59Z,822b65f405d1f87e722ec0c7e5cfc5fb35d1e9a2,7090,size_in_bytes,lib/ocaml/compiler-libs/flambda2_simplify__Simplify_nullary_primitive.cmti,38016
2026-09-05T05:55:59Z,822b65f405d1f87e722ec0c7e5cfc5fb35d1e9a2,7090,size_in_bytes,lib/ocaml/compiler-libs/includecore.cmti,103425
2026-09-05T05:55:59Z,822b65f405d1f87e722ec0c7e5cfc5fb35d1e9a2,7090,size_in_bytes,lib/ocaml/compiler-libs/slambda.cmti,21634
2026-09-05T05:55:59Z,822b65f405d1f87e722ec0c7e5cfc5fb35d1e9a2,7090,size_in_bytes,lib/ocaml/compiler-libs/flambda2_from_lambda__Closure_conversion.cmti,72374
2026-09-05T05:55:59Z,822b65f405d1f87e722ec0c7e5cfc5fb35d1e9a2,7090,size_in_bytes,lib/ocaml/compiler-libs/flambda2_simplify__One_continuation_use.cmti,41181
2026-09-05T05:55:59Z,822b65f405d1f87e722ec0c7e5cfc5fb35d1e9a2,7090,size_in_bytes,lib/ocaml/compiler-libs/parser.cmti,399589
2026-09-05T05:55:59Z,822b65f405d1f87e722ec0c7e5cfc5fb35d1e9a2,7090,size_in_bytes,lib/ocaml/compiler-libs/flambda2_to_cmm__To_cmm_static.cmti,38906
2026-09-05T05:55:59Z,822b65f405d1f87e722ec0c7e5cfc5fb35d1e9a2,7090,size_in_bytes,lib/ocaml/compiler-libs/printinstr.cmti,19345
2026-09-05T05:55:59Z,822b65f405d1f87e722ec0c7e5cfc5fb35d1e9a2,7090,size_in_bytes,lib/ocaml/compiler-libs/trace.cmti,28203
2026-09-05T05:55:59Z,822b65f405d1f87e722ec0c7e5cfc5fb35d1e9a2,7090,size_in_bytes,lib/ocaml/compiler-libs/flambda2_simplify__Unbox_continuation_params.cmti,43006
2026-09-05T05:55:59Z,822b65f405d1f87e722ec0c7e5cfc5fb35d1e9a2,7090,size_in_bytes,lib/ocaml/compiler-libs/translattribute.cmti,30538
2026-09-05T05:55:59Z,822b65f405d1f87e722ec0c7e5cfc5fb35d1e9a2,7090,size_in_bytes,lib/ocaml/compiler-libs/envaux.cmti,23095
2026-09-05T05:55:59Z,822b65f405d1f87e722ec0c7e5cfc5fb35d1e9a2,7090,size_in_bytes,lib/ocaml/compiler-libs/symtable.cmti,240138
2026-09-05T05:55:59Z,822b65f405d1f87e722ec0c7e5cfc5fb35d1e9a2,7090,size_in_bytes,lib/ocaml/compiler-libs/flambda2_to_cmm__To_cmm_env.cmti,144276
2026-09-05T05:55:59Z,822b65f405d1f87e722ec0c7e5cfc5fb35d1e9a2,7090,size_in_bytes,lib/ocaml/compiler-libs/flambda2_simplify__Simplify_primitive.cmti,37602
2026-09-05T05:55:59Z,822b65f405d1f87e722ec0c7e5cfc5fb35d1e9a2,7090,size_in_bytes,lib/ocaml/str/str.cmti,68715
2026-09-05T05:55:59Z,822b65f405d1f87e722ec0c7e5cfc5fb35d1e9a2,7090,size_in_bytes,lib/ocaml/ocaml-jit/jit.cmti,35927
2026-09-05T05:55:59Z,822b65f405d1f87e722ec0c7e5cfc5fb35d1e9a2,7090,size_in_bytes,lib/ocaml/stdlib_alpha/stdlib_alpha.cmti,11858
2026-09-05T05:55:59Z,822b65f405d1f87e722ec0c7e5cfc5fb35d1e9a2,7090,size_in_bytes,lib/ocaml/runtime_events/runtime_events.cmti,102866
2026-09-05T05:55:59Z,822b65f405d1f87e722ec0c7e5cfc5fb35d1e9a2,7090,size_in_bytes,lib/ocaml/threads/event.cmti,30363
2026-09-05T05:55:59Z,822b65f405d1f87e722ec0c7e5cfc5fb35d1e9a2,7090,size_in_bytes,lib/ocaml/threads/multicore.cmti,22446
2026-09-05T05:55:59Z,822b65f405d1f87e722ec0c7e5cfc5fb35d1e9a2,7090,size_in_bytes,lib/ocaml/threads/thread.cmti,57552
2026-09-05T05:55:59Z,822b65f405d1f87e722ec0c7e5cfc5fb35d1e9a2,7090,size_in_bytes,lib/ocaml/stdlib_stable/stdlib_stable__Or_null.cmti,38497
2026-09-05T05:55:59Z,822b65f405d1f87e722ec0c7e5cfc5fb35d1e9a2,7090,size_in_bytes,lib/ocaml/stdlib_stable/stdlib_stable__IarrayLabels.cmti,207146
2026-09-05T05:55:59Z,822b65f405d1f87e722ec0c7e5cfc5fb35d1e9a2,7090,size_in_bytes,lib/ocaml/stdlib_stable/stdlib_stable.cmti,15912
2026-09-05T05:55:59Z,822b65f405d1f87e722ec0c7e5cfc5fb35d1e9a2,7090,size_in_bytes,lib/ocaml/stdlib_stable/stdlib_stable__Iarray.cmti,90737
2026-09-05T05:55:59Z,822b65f405d1f87e722ec0c7e5cfc5fb35d1e9a2,7090,size_in_bytes,lib/ocaml/stdlib_stable/stdlib_stable__Int.cmti,56233
2026-09-05T05:55:59Z,822b65f405d1f87e722ec0c7e5cfc5fb35d1e9a2,7090,size_in_bytes,lib/ocaml/stdlib_stable/stdlib_stable__Int_u.cmti,57105
2026-09-05T05:55:59Z,822b65f405d1f87e722ec0c7e5cfc5fb35d1e9a2,7090,size_in_bytes,lib/ocaml/stdlib_stable/stdlib_stable__Int16.cmti,55805
2026-09-05T05:55:59Z,822b65f405d1f87e722ec0c7e5cfc5fb35d1e9a2,7090,size_in_bytes,lib/ocaml/stdlib_stable/stdlib_stable__Int8_u.cmti,59257
2026-09-05T05:55:59Z,822b65f405d1f87e722ec0c7e5cfc5fb35d1e9a2,7090,size_in_bytes,lib/ocaml/stdlib_stable/stdlib_stable__Idx_mut.cmti,26543
2026-09-05T05:55:59Z,822b65f405d1f87e722ec0c7e5cfc5fb35d1e9a2,7090,size_in_bytes,lib/ocaml/stdlib_stable/stdlib_stable__Idx_imm.cmti,24125
2026-09-05T05:55:59Z,822b65f405d1f87e722ec0c7e5cfc5fb35d1e9a2,7090,size_in_bytes,lib/ocaml/stdlib_stable/stdlib_stable__Int8.cmti,55599
2026-09-05T05:55:59Z,822b65f405d1f87e722ec0c7e5cfc5fb35d1e9a2,7090,size_in_bytes,lib/ocaml/stdlib_stable/stdlib_stable__Idx_atomic.cmti,39822
2026-09-05T05:55:59Z,822b65f405d1f87e722ec0c7e5cfc5fb35d1e9a2,7090,size_in_bytes,lib/ocaml/stdlib_stable/stdlib_stable__Char_u.cmti,25622
2026-09-05T05:55:59Z,822b65f405d1f87e722ec0c7e5cfc5fb35d1e9a2,7090,size_in_bytes,lib/ocaml/stdlib_stable/stdlib_stable__Float32_u.cmti,164246
2026-09-05T05:55:59Z,822b65f405d1f87e722ec0c7e5cfc5fb35d1e9a2,7090,size_in_bytes,lib/ocaml/stdlib_stable/stdlib_stable__Int16_u.cmti,59473
2026-09-05T05:55:59Z,822b65f405d1f87e722ec0c7e5cfc5fb35d1e9a2,7090,size_in_bytes,lib/ocaml/stdlib_stable/stdlib_stable__Float32.cmti,203302
2026-09-05T05:55:59Z,822b65f405d1f87e722ec0c7e5cfc5fb35d1e9a2,7090,size_in_bytes,lib/ocaml/unix/unix.cmti,473123
2026-09-05T05:55:59Z,822b65f405d1f87e722ec0c7e5cfc5fb35d1e9a2,7090,size_in_bytes,lib/ocaml/unix/unixLabels.cmti,488669
2026-09-05T05:55:59Z,822b65f405d1f87e722ec0c7e5cfc5fb35d1e9a2,7090,size_in_bytes,lib/ocaml/std_exit.o,4904
