timestamp,commit_hash,pr_number,kind,name,value
2026-08-05T16:59:20Z,ce90559f55be4473bb37ff8ca45b830d61c35bb7,6686,size_in_bytes,bin/generate_cached_generic_functions.exe,77959296
2026-08-05T16:59:20Z,ce90559f55be4473bb37ff8ca45b830d61c35bb7,6686,size_in_bytes,bin/ocamlmklib.opt,39325896
2026-08-05T16:59:20Z,ce90559f55be4473bb37ff8ca45b830d61c35bb7,6686,size_in_bytes,bin/dumpobj.opt,9144072
2026-08-05T16:59:20Z,ce90559f55be4473bb37ff8ca45b830d61c35bb7,6686,size_in_bytes,bin/ocamldep.opt,39280456
2026-08-05T16:59:20Z,ce90559f55be4473bb37ff8ca45b830d61c35bb7,6686,size_in_bytes,bin/ocamldoc.opt,53394856
2026-08-05T16:59:20Z,ce90559f55be4473bb37ff8ca45b830d61c35bb7,6686,size_in_bytes,bin/ocamlc.opt,40125688
2026-08-05T16:59:20Z,ce90559f55be4473bb37ff8ca45b830d61c35bb7,6686,size_in_bytes,bin/ocamllex.opt,4912280
2026-08-05T16:59:20Z,ce90559f55be4473bb37ff8ca45b830d61c35bb7,6686,size_in_bytes,bin/ocamlj.opt,81038792
2026-08-05T16:59:20Z,ce90559f55be4473bb37ff8ca45b830d61c35bb7,6686,size_in_bytes,bin/ocamlobjinfo.opt,66611008
2026-08-05T16:59:20Z,ce90559f55be4473bb37ff8ca45b830d61c35bb7,6686,size_in_bytes,bin/ocamlmktop.opt,39281488
2026-08-05T16:59:20Z,ce90559f55be4473bb37ff8ca45b830d61c35bb7,6686,size_in_bytes,bin/extract_externals.opt,39391856
2026-08-05T16:59:20Z,ce90559f55be4473bb37ff8ca45b830d61c35bb7,6686,size_in_bytes,bin/ocamlopt.opt,92328960
2026-08-05T16:59:20Z,ce90559f55be4473bb37ff8ca45b830d61c35bb7,6686,size_in_bytes,lib/ocaml/libunix_stubs_native.a,1320428
2026-08-05T16:59:20Z,ce90559f55be4473bb37ff8ca45b830d61c35bb7,6686,size_in_bytes,lib/ocaml/libcamlrund.a,6314362
2026-08-05T16:59:20Z,ce90559f55be4473bb37ff8ca45b830d61c35bb7,6686,size_in_bytes,lib/ocaml/libthreadsnat_stubs_native.a,121268
2026-08-05T16:59:20Z,ce90559f55be4473bb37ff8ca45b830d61c35bb7,6686,size_in_bytes,lib/ocaml/libeval_stubs.a,5060
2026-08-05T16:59:20Z,ce90559f55be4473bb37ff8ca45b830d61c35bb7,6686,size_in_bytes,lib/ocaml/stdlib.a,5684498
2026-08-05T16:59:20Z,ce90559f55be4473bb37ff8ca45b830d61c35bb7,6686,size_in_bytes,lib/ocaml/libasmrun.a,5667674
2026-08-05T16:59:20Z,ce90559f55be4473bb37ff8ca45b830d61c35bb7,6686,size_in_bytes,lib/ocaml/libcamlrun_pic.a,5301918
2026-08-05T16:59:20Z,ce90559f55be4473bb37ff8ca45b830d61c35bb7,6686,size_in_bytes,lib/ocaml/libasmruni.a,5669018
2026-08-05T16:59:20Z,ce90559f55be4473bb37ff8ca45b830d61c35bb7,6686,size_in_bytes,lib/ocaml/libasmrun_pic.a,5239944
2026-08-05T16:59:20Z,ce90559f55be4473bb37ff8ca45b830d61c35bb7,6686,size_in_bytes,lib/ocaml/libruntime_events_stubs_native.a,137632
2026-08-05T16:59:20Z,ce90559f55be4473bb37ff8ca45b830d61c35bb7,6686,size_in_bytes,lib/ocaml/libcamlrun.a,5737916
2026-08-05T16:59:20Z,ce90559f55be4473bb37ff8ca45b830d61c35bb7,6686,size_in_bytes,lib/ocaml/eval.a,45790
2026-08-05T16:59:20Z,ce90559f55be4473bb37ff8ca45b830d61c35bb7,6686,size_in_bytes,lib/ocaml/libstr_stubs_native.a,47218
2026-08-05T16:59:20Z,ce90559f55be4473bb37ff8ca45b830d61c35bb7,6686,size_in_bytes,lib/ocaml/libthreads_stubs.a,122148
2026-08-05T16:59:20Z,ce90559f55be4473bb37ff8ca45b830d61c35bb7,6686,size_in_bytes,lib/ocaml/libthreadsnat_stubs.a,121268
2026-08-05T16:59:20Z,ce90559f55be4473bb37ff8ca45b830d61c35bb7,6686,size_in_bytes,lib/ocaml/libasmrund.a,6174518
2026-08-05T16:59:20Z,ce90559f55be4473bb37ff8ca45b830d61c35bb7,6686,size_in_bytes,lib/ocaml/libcamlruni.a,5739078
2026-08-05T16:59:20Z,ce90559f55be4473bb37ff8ca45b830d61c35bb7,6686,size_in_bytes,lib/ocaml/unix/libunix_stubs.a,1320428
2026-08-05T16:59:20Z,ce90559f55be4473bb37ff8ca45b830d61c35bb7,6686,size_in_bytes,lib/ocaml/unix/unix.a,321656
2026-08-05T16:59:20Z,ce90559f55be4473bb37ff8ca45b830d61c35bb7,6686,size_in_bytes,lib/ocaml/dynlink/dynlink.a,36554244
2026-08-05T16:59:20Z,ce90559f55be4473bb37ff8ca45b830d61c35bb7,6686,size_in_bytes,lib/ocaml/stdlib_stable/stdlib_stable.a,414750
2026-08-05T16:59:20Z,ce90559f55be4473bb37ff8ca45b830d61c35bb7,6686,size_in_bytes,lib/ocaml/runtime_events/libruntime_events_stubs.a,137632
2026-08-05T16:59:20Z,ce90559f55be4473bb37ff8ca45b830d61c35bb7,6686,size_in_bytes,lib/ocaml/runtime_events/runtime_events.a,48122
2026-08-05T16:59:20Z,ce90559f55be4473bb37ff8ca45b830d61c35bb7,6686,size_in_bytes,lib/ocaml/compiler-libs/ocamlbytecomp.a,1383278
2026-08-05T16:59:20Z,ce90559f55be4473bb37ff8ca45b830d61c35bb7,6686,size_in_bytes,lib/ocaml/compiler-libs/ocamloptcomp.a,79634084
2026-08-05T16:59:20Z,ce90559f55be4473bb37ff8ca45b830d61c35bb7,6686,size_in_bytes,lib/ocaml/compiler-libs/libflambda2_algorithms_stubs_native.a,5546
2026-08-05T16:59:20Z,ce90559f55be4473bb37ff8ca45b830d61c35bb7,6686,size_in_bytes,lib/ocaml/compiler-libs/libflambda2_algorithms_stubs.a,5546
2026-08-05T16:59:20Z,ce90559f55be4473bb37ff8ca45b830d61c35bb7,6686,size_in_bytes,lib/ocaml/compiler-libs/libgc_timings_stubs.a,22758
2026-08-05T16:59:20Z,ce90559f55be4473bb37ff8ca45b830d61c35bb7,6686,size_in_bytes,lib/ocaml/compiler-libs/libflambda2_floats_stubs.a,44246
2026-08-05T16:59:20Z,ce90559f55be4473bb37ff8ca45b830d61c35bb7,6686,size_in_bytes,lib/ocaml/compiler-libs/libcompiler_owee_stubs.a,16932
2026-08-05T16:59:20Z,ce90559f55be4473bb37ff8ca45b830d61c35bb7,6686,size_in_bytes,lib/ocaml/compiler-libs/libcompiler_owee_stubs_native.a,16932
2026-08-05T16:59:20Z,ce90559f55be4473bb37ff8ca45b830d61c35bb7,6686,size_in_bytes,lib/ocaml/compiler-libs/libgc_timings_stubs_native.a,22758
2026-08-05T16:59:20Z,ce90559f55be4473bb37ff8ca45b830d61c35bb7,6686,size_in_bytes,lib/ocaml/compiler-libs/ocamlcommon.a,15855208
2026-08-05T16:59:20Z,ce90559f55be4473bb37ff8ca45b830d61c35bb7,6686,size_in_bytes,lib/ocaml/compiler-libs/ocamlopttoplevel.a,917744
2026-08-05T16:59:20Z,ce90559f55be4473bb37ff8ca45b830d61c35bb7,6686,size_in_bytes,lib/ocaml/compiler-libs/ocamlfrontend.a,35799454
2026-08-05T16:59:20Z,ce90559f55be4473bb37ff8ca45b830d61c35bb7,6686,size_in_bytes,lib/ocaml/compiler-libs/libflambda2_floats_stubs_native.a,44246
2026-08-05T16:59:20Z,ce90559f55be4473bb37ff8ca45b830d61c35bb7,6686,size_in_bytes,lib/ocaml/ocaml-jit/jit.a,273182
2026-08-05T16:59:20Z,ce90559f55be4473bb37ff8ca45b830d61c35bb7,6686,size_in_bytes,lib/ocaml/ocaml-jit/libjit_stubs.a,43670
2026-08-05T16:59:20Z,ce90559f55be4473bb37ff8ca45b830d61c35bb7,6686,size_in_bytes,lib/ocaml/stdlib_beta/stdlib_beta.a,4414
2026-08-05T16:59:20Z,ce90559f55be4473bb37ff8ca45b830d61c35bb7,6686,size_in_bytes,lib/ocaml/str/str.a,181208
2026-08-05T16:59:20Z,ce90559f55be4473bb37ff8ca45b830d61c35bb7,6686,size_in_bytes,lib/ocaml/str/libstr_stubs.a,47218
2026-08-05T16:59:20Z,ce90559f55be4473bb37ff8ca45b830d61c35bb7,6686,size_in_bytes,lib/ocaml/stdlib_upstream_compatible/stdlib_upstream_compatible.a,166500
2026-08-05T16:59:20Z,ce90559f55be4473bb37ff8ca45b830d61c35bb7,6686,size_in_bytes,lib/ocaml/threads/threads.a,119720
2026-08-05T16:59:20Z,ce90559f55be4473bb37ff8ca45b830d61c35bb7,6686,size_in_bytes,lib/ocaml/stdlib_alpha/stdlib_alpha.a,4430
2026-08-05T16:59:20Z,ce90559f55be4473bb37ff8ca45b830d61c35bb7,6686,size_in_bytes,lib/ocaml/stdlib.cmxa,17822
2026-08-05T16:59:20Z,ce90559f55be4473bb37ff8ca45b830d61c35bb7,6686,size_in_bytes,lib/ocaml/eval.cmxa,12490
2026-08-05T16:59:20Z,ce90559f55be4473bb37ff8ca45b830d61c35bb7,6686,size_in_bytes,lib/ocaml/unix/unix.cmxa,4534
2026-08-05T16:59:20Z,ce90559f55be4473bb37ff8ca45b830d61c35bb7,6686,size_in_bytes,lib/ocaml/dynlink/dynlink.cmxa,26154
2026-08-05T16:59:20Z,ce90559f55be4473bb37ff8ca45b830d61c35bb7,6686,size_in_bytes,lib/ocaml/stdlib_stable/stdlib_stable.cmxa,3813
2026-08-05T16:59:20Z,ce90559f55be4473bb37ff8ca45b830d61c35bb7,6686,size_in_bytes,lib/ocaml/runtime_events/runtime_events.cmxa,1255
2026-08-05T16:59:20Z,ce90559f55be4473bb37ff8ca45b830d61c35bb7,6686,size_in_bytes,lib/ocaml/compiler-libs/ocamlbytecomp.cmxa,9189
2026-08-05T16:59:20Z,ce90559f55be4473bb37ff8ca45b830d61c35bb7,6686,size_in_bytes,lib/ocaml/compiler-libs/ocamlcommon.cmxa,12290
2026-08-05T16:59:20Z,ce90559f55be4473bb37ff8ca45b830d61c35bb7,6686,size_in_bytes,lib/ocaml/compiler-libs/ocamloptcomp.cmxa,198851
2026-08-05T16:59:20Z,ce90559f55be4473bb37ff8ca45b830d61c35bb7,6686,size_in_bytes,lib/ocaml/compiler-libs/ocamlopttoplevel.cmxa,19987
2026-08-05T16:59:20Z,ce90559f55be4473bb37ff8ca45b830d61c35bb7,6686,size_in_bytes,lib/ocaml/compiler-libs/ocamlfrontend.cmxa,25069
2026-08-05T16:59:20Z,ce90559f55be4473bb37ff8ca45b830d61c35bb7,6686,size_in_bytes,lib/ocaml/ocaml-jit/jit.cmxa,16820
2026-08-05T16:59:20Z,ce90559f55be4473bb37ff8ca45b830d61c35bb7,6686,size_in_bytes,lib/ocaml/stdlib_beta/stdlib_beta.cmxa,232
2026-08-05T16:59:20Z,ce90559f55be4473bb37ff8ca45b830d61c35bb7,6686,size_in_bytes,lib/ocaml/str/str.cmxa,1126
2026-08-05T16:59:20Z,ce90559f55be4473bb37ff8ca45b830d61c35bb7,6686,size_in_bytes,lib/ocaml/stdlib_upstream_compatible/stdlib_upstream_compatible.cmxa,1441
2026-08-05T16:59:20Z,ce90559f55be4473bb37ff8ca45b830d61c35bb7,6686,size_in_bytes,lib/ocaml/threads/threads.cmxa,2223
2026-08-05T16:59:20Z,ce90559f55be4473bb37ff8ca45b830d61c35bb7,6686,size_in_bytes,lib/ocaml/stdlib_alpha/stdlib_alpha.cmxa,234
2026-08-05T16:59:20Z,ce90559f55be4473bb37ff8ca45b830d61c35bb7,6686,size_in_bytes,lib/ocaml/stdlib.cma,12076268
2026-08-05T16:59:20Z,ce90559f55be4473bb37ff8ca45b830d61c35bb7,6686,size_in_bytes,lib/ocaml/eval.cma,56903
2026-08-05T16:59:20Z,ce90559f55be4473bb37ff8ca45b830d61c35bb7,6686,size_in_bytes,lib/ocaml/unix/unix.cma,428954
2026-08-05T16:59:20Z,ce90559f55be4473bb37ff8ca45b830d61c35bb7,6686,size_in_bytes,lib/ocaml/dynlink/dynlink.cma,67030763
2026-08-05T16:59:20Z,ce90559f55be4473bb37ff8ca45b830d61c35bb7,6686,size_in_bytes,lib/ocaml/stdlib_stable/stdlib_stable.cma,919253
2026-08-05T16:59:20Z,ce90559f55be4473bb37ff8ca45b830d61c35bb7,6686,size_in_bytes,lib/ocaml/runtime_events/runtime_events.cma,79291
2026-08-05T16:59:20Z,ce90559f55be4473bb37ff8ca45b830d61c35bb7,6686,size_in_bytes,lib/ocaml/compiler-libs/ocamloptcomp.cma,96531261
2026-08-05T16:59:20Z,ce90559f55be4473bb37ff8ca45b830d61c35bb7,6686,size_in_bytes,lib/ocaml/compiler-libs/ocamltoplevel.cma,1078702
2026-08-05T16:59:20Z,ce90559f55be4473bb37ff8ca45b830d61c35bb7,6686,size_in_bytes,lib/ocaml/compiler-libs/ocamlcommon.cma,42861481
2026-08-05T16:59:20Z,ce90559f55be4473bb37ff8ca45b830d61c35bb7,6686,size_in_bytes,lib/ocaml/compiler-libs/ocamlbytecomp.cma,1617930
2026-08-05T16:59:20Z,ce90559f55be4473bb37ff8ca45b830d61c35bb7,6686,size_in_bytes,lib/ocaml/compiler-libs/ocamlfrontend.cma,50362034
2026-08-05T16:59:20Z,ce90559f55be4473bb37ff8ca45b830d61c35bb7,6686,size_in_bytes,lib/ocaml/ocaml-jit/jit.cma,756003
2026-08-05T16:59:20Z,ce90559f55be4473bb37ff8ca45b830d61c35bb7,6686,size_in_bytes,lib/ocaml/stdlib_beta/stdlib_beta.cma,11254
2026-08-05T16:59:20Z,ce90559f55be4473bb37ff8ca45b830d61c35bb7,6686,size_in_bytes,lib/ocaml/str/str.cma,297487
2026-08-05T16:59:20Z,ce90559f55be4473bb37ff8ca45b830d61c35bb7,6686,size_in_bytes,lib/ocaml/stdlib_upstream_compatible/stdlib_upstream_compatible.cma,264150
2026-08-05T16:59:20Z,ce90559f55be4473bb37ff8ca45b830d61c35bb7,6686,size_in_bytes,lib/ocaml/threads/threads.cma,180339
2026-08-05T16:59:20Z,ce90559f55be4473bb37ff8ca45b830d61c35bb7,6686,size_in_bytes,lib/ocaml/stdlib_alpha/stdlib_alpha.cma,11262
2026-08-05T16:59:20Z,ce90559f55be4473bb37ff8ca45b830d61c35bb7,6686,size_in_bytes,lib/ocaml/stdlib__Printexc.cmi,12829
2026-08-05T16:59:20Z,ce90559f55be4473bb37ff8ca45b830d61c35bb7,6686,size_in_bytes,lib/ocaml/stdlib__Hashtbl.cmi,71575
2026-08-05T16:59:20Z,ce90559f55be4473bb37ff8ca45b830d61c35bb7,6686,size_in_bytes,lib/ocaml/stdlib__BytesLabels.cmi,36188
2026-08-05T16:59:20Z,ce90559f55be4473bb37ff8ca45b830d61c35bb7,6686,size_in_bytes,lib/ocaml/stdlib__Complex.cmi,4406
2026-08-05T16:59:20Z,ce90559f55be4473bb37ff8ca45b830d61c35bb7,6686,size_in_bytes,lib/ocaml/stdlib__Bool.cmi,3929
2026-08-05T16:59:20Z,ce90559f55be4473bb37ff8ca45b830d61c35bb7,6686,size_in_bytes,lib/ocaml/stdlib__Callback.cmi,2154
2026-08-05T16:59:20Z,ce90559f55be4473bb37ff8ca45b830d61c35bb7,6686,size_in_bytes,lib/ocaml/stdlib__Oo.cmi,1594
2026-08-05T16:59:20Z,ce90559f55be4473bb37ff8ca45b830d61c35bb7,6686,size_in_bytes,lib/ocaml/compiler_owee__Owee_debug_line.cmi,4635
2026-08-05T16:59:20Z,ce90559f55be4473bb37ff8ca45b830d61c35bb7,6686,size_in_bytes,lib/ocaml/gc_timings.cmi,902
2026-08-05T16:59:20Z,ce90559f55be4473bb37ff8ca45b830d61c35bb7,6686,size_in_bytes,lib/ocaml/stdlib__Modes.cmi,3470
2026-08-05T16:59:20Z,ce90559f55be4473bb37ff8ca45b830d61c35bb7,6686,size_in_bytes,lib/ocaml/stdlib__Marshal.cmi,4406
2026-08-05T16:59:20Z,ce90559f55be4473bb37ff8ca45b830d61c35bb7,6686,size_in_bytes,lib/ocaml/stdlib__Map.cmi,61939
2026-08-05T16:59:20Z,ce90559f55be4473bb37ff8ca45b830d61c35bb7,6686,size_in_bytes,lib/ocaml/stdlib__Dynarray.cmi,24675
2026-08-05T16:59:20Z,ce90559f55be4473bb37ff8ca45b830d61c35bb7,6686,size_in_bytes,lib/ocaml/stdlib__Filename.cmi,6522
2026-08-05T16:59:20Z,ce90559f55be4473bb37ff8ca45b830d61c35bb7,6686,size_in_bytes,lib/ocaml/stdlib__Repr.cmi,2042
2026-08-05T16:59:20Z,ce90559f55be4473bb37ff8ca45b830d61c35bb7,6686,size_in_bytes,lib/ocaml/topdirs.cmi,4820
2026-08-05T16:59:20Z,ce90559f55be4473bb37ff8ca45b830d61c35bb7,6686,size_in_bytes,lib/ocaml/stdlib__Sys.cmi,21584
2026-08-05T16:59:20Z,ce90559f55be4473bb37ff8ca45b830d61c35bb7,6686,size_in_bytes,lib/ocaml/stdlib__Unit.cmi,1238
2026-08-05T16:59:20Z,ce90559f55be4473bb37ff8ca45b830d61c35bb7,6686,size_in_bytes,lib/ocaml/stdlib__Digest.cmi,22941
2026-08-05T16:59:20Z,ce90559f55be4473bb37ff8ca45b830d61c35bb7,6686,size_in_bytes,lib/ocaml/compiler_owee__Owee_graph.cmi,44559
2026-08-05T16:59:20Z,ce90559f55be4473bb37ff8ca45b830d61c35bb7,6686,size_in_bytes,lib/ocaml/stdlib__Char.cmi,7381
2026-08-05T16:59:20Z,ce90559f55be4473bb37ff8ca45b830d61c35bb7,6686,size_in_bytes,lib/ocaml/stdlib__Quote.cmi,3448
2026-08-05T16:59:20Z,ce90559f55be4473bb37ff8ca45b830d61c35bb7,6686,size_in_bytes,lib/ocaml/compiler_owee__Owee_location.cmi,2704
2026-08-05T16:59:20Z,ce90559f55be4473bb37ff8ca45b830d61c35bb7,6686,size_in_bytes,lib/ocaml/stdlib__Lexing.cmi,10674
2026-08-05T16:59:20Z,ce90559f55be4473bb37ff8ca45b830d61c35bb7,6686,size_in_bytes,lib/ocaml/stdlib__Option.cmi,6811
2026-08-05T16:59:20Z,ce90559f55be4473bb37ff8ca45b830d61c35bb7,6686,size_in_bytes,lib/ocaml/stdlib__Result.cmi,12690
2026-08-05T16:59:20Z,ce90559f55be4473bb37ff8ca45b830d61c35bb7,6686,size_in_bytes,lib/ocaml/camlinternalOO.cmi,16843
2026-08-05T16:59:20Z,ce90559f55be4473bb37ff8ca45b830d61c35bb7,6686,size_in_bytes,lib/ocaml/compiler_owee__Owee_elf_notes.cmi,4862
2026-08-05T16:59:20Z,ce90559f55be4473bb37ff8ca45b830d61c35bb7,6686,size_in_bytes,lib/ocaml/stdlib__Int32.cmi,11634
2026-08-05T16:59:20Z,ce90559f55be4473bb37ff8ca45b830d61c35bb7,6686,size_in_bytes,lib/ocaml/stdlib__Int64.cmi,12842
2026-08-05T16:59:20Z,ce90559f55be4473bb37ff8ca45b830d61c35bb7,6686,size_in_bytes,lib/ocaml/compiler_owee__Owee_linux_maps.cmi,3145
2026-08-05T16:59:20Z,ce90559f55be4473bb37ff8ca45b830d61c35bb7,6686,size_in_bytes,lib/ocaml/stdlib__Pair.cmi,6057
2026-08-05T16:59:20Z,ce90559f55be4473bb37ff8ca45b830d61c35bb7,6686,size_in_bytes,lib/ocaml/stdlib__MoreLabels.cmi,182320
2026-08-05T16:59:20Z,ce90559f55be4473bb37ff8ca45b830d61c35bb7,6686,size_in_bytes,lib/ocaml/stdlib__Parsing.cmi,6520
2026-08-05T16:59:20Z,ce90559f55be4473bb37ff8ca45b830d61c35bb7,6686,size_in_bytes,lib/ocaml/stdlib__ArrayLabels.cmi,28066
2026-08-05T16:59:20Z,ce90559f55be4473bb37ff8ca45b830d61c35bb7,6686,size_in_bytes,lib/ocaml/camlinternalLazy.cmi,1433
2026-08-05T16:59:20Z,ce90559f55be4473bb37ff8ca45b830d61c35bb7,6686,size_in_bytes,lib/ocaml/compiler_owee__Owee_form.cmi,2144
2026-08-05T16:59:20Z,ce90559f55be4473bb37ff8ca45b830d61c35bb7,6686,size_in_bytes,lib/ocaml/compiler_owee__Unix_intf.cmi,6390
2026-08-05T16:59:20Z,ce90559f55be4473bb37ff8ca45b830d61c35bb7,6686,size_in_bytes,lib/ocaml/stdlib__Scanf.cmi,9933
2026-08-05T16:59:20Z,ce90559f55be4473bb37ff8ca45b830d61c35bb7,6686,size_in_bytes,lib/ocaml/stdlib__Type.cmi,1991
2026-08-05T16:59:20Z,ce90559f55be4473bb37ff8ca45b830d61c35bb7,6686,size_in_bytes,lib/ocaml/compiler_owee__Owee_elf_relocation.cmi,10201
2026-08-05T16:59:20Z,ce90559f55be4473bb37ff8ca45b830d61c35bb7,6686,size_in_bytes,lib/ocaml/stdlib__List.cmi,34130
2026-08-05T16:59:20Z,ce90559f55be4473bb37ff8ca45b830d61c35bb7,6686,size_in_bytes,lib/ocaml/compiler_owee__Owee_marker.cmi,11120
2026-08-05T16:59:20Z,ce90559f55be4473bb37ff8ca45b830d61c35bb7,6686,size_in_bytes,lib/ocaml/stdlib__Lazy.cmi,2874
2026-08-05T16:59:20Z,ce90559f55be4473bb37ff8ca45b830d61c35bb7,6686,size_in_bytes,lib/ocaml/stdlib__Queue.cmi,7275
2026-08-05T16:59:20Z,ce90559f55be4473bb37ff8ca45b830d61c35bb7,6686,size_in_bytes,lib/ocaml/compiler_owee__Owee_object.cmi,4417
2026-08-05T16:59:20Z,ce90559f55be4473bb37ff8ca45b830d61c35bb7,6686,size_in_bytes,lib/ocaml/stdlib__Out_channel.cmi,9627
2026-08-05T16:59:20Z,ce90559f55be4473bb37ff8ca45b830d61c35bb7,6686,size_in_bytes,lib/ocaml/stdlib__Iarray.cmi,19961
2026-08-05T16:59:20Z,ce90559f55be4473bb37ff8ca45b830d61c35bb7,6686,size_in_bytes,lib/ocaml/stdlib__Condition.cmi,1398
2026-08-05T16:59:20Z,ce90559f55be4473bb37ff8ca45b830d61c35bb7,6686,size_in_bytes,lib/ocaml/stdlib__Stack.cmi,5972
2026-08-05T16:59:20Z,ce90559f55be4473bb37ff8ca45b830d61c35bb7,6686,size_in_bytes,lib/ocaml/compiler_owee__Owee_buf.cmi,12427
2026-08-05T16:59:20Z,ce90559f55be4473bb37ff8ca45b830d61c35bb7,6686,size_in_bytes,lib/ocaml/stdlib__Array.cmi,27880
2026-08-05T16:59:20Z,ce90559f55be4473bb37ff8ca45b830d61c35bb7,6686,size_in_bytes,lib/ocaml/compiler_owee__Owee_archive.cmi,3035
2026-08-05T16:59:20Z,ce90559f55be4473bb37ff8ca45b830d61c35bb7,6686,size_in_bytes,lib/ocaml/stdlib__Arg.cmi,10340
2026-08-05T16:59:20Z,ce90559f55be4473bb37ff8ca45b830d61c35bb7,6686,size_in_bytes,lib/ocaml/stdlib__Random.cmi,11754
2026-08-05T16:59:20Z,ce90559f55be4473bb37ff8ca45b830d61c35bb7,6686,size_in_bytes,lib/ocaml/stdlib__String.cmi,25048
2026-08-05T16:59:20Z,ce90559f55be4473bb37ff8ca45b830d61c35bb7,6686,size_in_bytes,lib/ocaml/stdlib__Domain.cmi,15448
2026-08-05T16:59:20Z,ce90559f55be4473bb37ff8ca45b830d61c35bb7,6686,size_in_bytes,lib/ocaml/stdlib__Weak.cmi,13064
2026-08-05T16:59:20Z,ce90559f55be4473bb37ff8ca45b830d61c35bb7,6686,size_in_bytes,lib/ocaml/stdlib__Nativeint.cmi,11668
2026-08-05T16:59:20Z,ce90559f55be4473bb37ff8ca45b830d61c35bb7,6686,size_in_bytes,lib/ocaml/camlinternalComprehension.cmi,2903
2026-08-05T16:59:20Z,ce90559f55be4473bb37ff8ca45b830d61c35bb7,6686,size_in_bytes,lib/ocaml/camlinternalFormat.cmi,14761
2026-08-05T16:59:20Z,ce90559f55be4473bb37ff8ca45b830d61c35bb7,6686,size_in_bytes,lib/ocaml/stdlib__Bytes.cmi,35971
2026-08-05T16:59:20Z,ce90559f55be4473bb37ff8ca45b830d61c35bb7,6686,size_in_bytes,lib/ocaml/stdlib__Either.cmi,8676
2026-08-05T16:59:20Z,ce90559f55be4473bb37ff8ca45b830d61c35bb7,6686,size_in_bytes,lib/ocaml/stdlib__Pqueue.cmi,48440
2026-08-05T16:59:20Z,ce90559f55be4473bb37ff8ca45b830d61c35bb7,6686,size_in_bytes,lib/ocaml/stdlib__Gc.cmi,18831
2026-08-05T16:59:20Z,ce90559f55be4473bb37ff8ca45b830d61c35bb7,6686,size_in_bytes,lib/ocaml/stdlib__Bigarray.cmi,60306
2026-08-05T16:59:20Z,ce90559f55be4473bb37ff8ca45b830d61c35bb7,6686,size_in_bytes,lib/ocaml/stdlib__Float.cmi,67057
2026-08-05T16:59:20Z,ce90559f55be4473bb37ff8ca45b830d61c35bb7,6686,size_in_bytes,lib/ocaml/stdlib__Dynamic.cmi,1662
2026-08-05T16:59:20Z,ce90559f55be4473bb37ff8ca45b830d61c35bb7,6686,size_in_bytes,lib/ocaml/std_exit.cmi,223
2026-08-05T16:59:20Z,ce90559f55be4473bb37ff8ca45b830d61c35bb7,6686,size_in_bytes,lib/ocaml/stdlib__StringLabels.cmi,25173
2026-08-05T16:59:20Z,ce90559f55be4473bb37ff8ca45b830d61c35bb7,6686,size_in_bytes,lib/ocaml/stdlib__StdLabels.cmi,552
2026-08-05T16:59:20Z,ce90559f55be4473bb37ff8ca45b830d61c35bb7,6686,size_in_bytes,lib/ocaml/stdlib.cmi,71409
2026-08-05T16:59:20Z,ce90559f55be4473bb37ff8ca45b830d61c35bb7,6686,size_in_bytes,lib/ocaml/compiler_owee__Owee_elf_string_table.cmi,1453
2026-08-05T16:59:20Z,ce90559f55be4473bb37ff8ca45b830d61c35bb7,6686,size_in_bytes,lib/ocaml/stdlib__Mutex.cmi,1695
2026-08-05T16:59:20Z,ce90559f55be4473bb37ff8ca45b830d61c35bb7,6686,size_in_bytes,lib/ocaml/stdlib__Uchar.cmi,6330
2026-08-05T16:59:20Z,ce90559f55be4473bb37ff8ca45b830d61c35bb7,6686,size_in_bytes,lib/ocaml/stdlib__In_channel.cmi,10148
2026-08-05T16:59:20Z,ce90559f55be4473bb37ff8ca45b830d61c35bb7,6686,size_in_bytes,lib/ocaml/opttopdirs.cmi,4198
2026-08-05T16:59:20Z,ce90559f55be4473bb37ff8ca45b830d61c35bb7,6686,size_in_bytes,lib/ocaml/stdlib__Fun.cmi,3107
2026-08-05T16:59:20Z,ce90559f55be4473bb37ff8ca45b830d61c35bb7,6686,size_in_bytes,lib/ocaml/compiler_owee__Owee_traverse.cmi,2507
2026-08-05T16:59:20Z,ce90559f55be4473bb37ff8ca45b830d61c35bb7,6686,size_in_bytes,lib/ocaml/stdlib__Obj.cmi,17847
2026-08-05T16:59:20Z,ce90559f55be4473bb37ff8ca45b830d61c35bb7,6686,size_in_bytes,lib/ocaml/compiler_owee.cmi,2379
2026-08-05T16:59:20Z,ce90559f55be4473bb37ff8ca45b830d61c35bb7,6686,size_in_bytes,lib/ocaml/stdlib__Printf.cmi,6634
2026-08-05T16:59:20Z,ce90559f55be4473bb37ff8ca45b830d61c35bb7,6686,size_in_bytes,lib/ocaml/stdlib__Format.cmi,63579
2026-08-05T16:59:20Z,ce90559f55be4473bb37ff8ca45b830d61c35bb7,6686,size_in_bytes,lib/ocaml/stdlib__Seq.cmi,28953
2026-08-05T16:59:20Z,ce90559f55be4473bb37ff8ca45b830d61c35bb7,6686,size_in_bytes,lib/ocaml/eval.cmi,529
2026-08-05T16:59:20Z,ce90559f55be4473bb37ff8ca45b830d61c35bb7,6686,size_in_bytes,lib/ocaml/camlinternalAtomic.cmi,2914
2026-08-05T16:59:20Z,ce90559f55be4473bb37ff8ca45b830d61c35bb7,6686,size_in_bytes,lib/ocaml/stdlib__Atomic.cmi,11790
2026-08-05T16:59:20Z,ce90559f55be4473bb37ff8ca45b830d61c35bb7,6686,size_in_bytes,lib/ocaml/compiler_owee__Owee_macho.cmi,24152
2026-08-05T16:59:20Z,ce90559f55be4473bb37ff8ca45b830d61c35bb7,6686,size_in_bytes,lib/ocaml/compiler_owee__Owee_elf.cmi,23939
2026-08-05T16:59:20Z,ce90559f55be4473bb37ff8ca45b830d61c35bb7,6686,size_in_bytes,lib/ocaml/stdlib__ListLabels.cmi,34296
2026-08-05T16:59:20Z,ce90559f55be4473bb37ff8ca45b830d61c35bb7,6686,size_in_bytes,lib/ocaml/stdlib__Backoff.cmi,1771
2026-08-05T16:59:20Z,ce90559f55be4473bb37ff8ca45b830d61c35bb7,6686,size_in_bytes,lib/ocaml/camlinternalFormatBasics.cmi,40802
2026-08-05T16:59:20Z,ce90559f55be4473bb37ff8ca45b830d61c35bb7,6686,size_in_bytes,lib/ocaml/stdlib__Effect.cmi,34247
2026-08-05T16:59:20Z,ce90559f55be4473bb37ff8ca45b830d61c35bb7,6686,size_in_bytes,lib/ocaml/compiler_owee__Owee_interval_map.cmi,2880
2026-08-05T16:59:20Z,ce90559f55be4473bb37ff8ca45b830d61c35bb7,6686,size_in_bytes,lib/ocaml/stdlib__Set.cmi,43659
2026-08-05T16:59:20Z,ce90559f55be4473bb37ff8ca45b830d61c35bb7,6686,size_in_bytes,lib/ocaml/stdlib__Int.cmi,8118
2026-08-05T16:59:20Z,ce90559f55be4473bb37ff8ca45b830d61c35bb7,6686,size_in_bytes,lib/ocaml/stdlib__Buffer.cmi,13596
2026-08-05T16:59:20Z,ce90559f55be4473bb37ff8ca45b830d61c35bb7,6686,size_in_bytes,lib/ocaml/stdlib__Semaphore.cmi,2730
2026-08-05T16:59:20Z,ce90559f55be4473bb37ff8ca45b830d61c35bb7,6686,size_in_bytes,lib/ocaml/camlinternalMod.cmi,1645
2026-08-05T16:59:20Z,ce90559f55be4473bb37ff8ca45b830d61c35bb7,6686,size_in_bytes,lib/ocaml/stdlib__Ephemeron.cmi,118562
2026-08-05T16:59:20Z,ce90559f55be4473bb37ff8ca45b830d61c35bb7,6686,size_in_bytes,lib/ocaml/camlinternalQuote.cmi,70748
2026-08-05T16:59:20Z,ce90559f55be4473bb37ff8ca45b830d61c35bb7,6686,size_in_bytes,lib/ocaml/unix/unixLabels.cmi,94229
2026-08-05T16:59:20Z,ce90559f55be4473bb37ff8ca45b830d61c35bb7,6686,size_in_bytes,lib/ocaml/unix/unix.cmi,91827
2026-08-05T16:59:20Z,ce90559f55be4473bb37ff8ca45b830d61c35bb7,6686,size_in_bytes,lib/ocaml/dynlink/dynlink.cmi,5598
2026-08-05T16:59:20Z,ce90559f55be4473bb37ff8ca45b830d61c35bb7,6686,size_in_bytes,lib/ocaml/stdlib_stable/stdlib_stable__Char_u.cmi,3552
2026-08-05T16:59:20Z,ce90559f55be4473bb37ff8ca45b830d61c35bb7,6686,size_in_bytes,lib/ocaml/stdlib_stable/stdlib_stable__IarrayLabels.cmi,45962
2026-08-05T16:59:20Z,ce90559f55be4473bb37ff8ca45b830d61c35bb7,6686,size_in_bytes,lib/ocaml/stdlib_stable/stdlib_stable__Int16.cmi,10702
2026-08-05T16:59:20Z,ce90559f55be4473bb37ff8ca45b830d61c35bb7,6686,size_in_bytes,lib/ocaml/stdlib_stable/stdlib_stable__Int8_u.cmi,11728
2026-08-05T16:59:20Z,ce90559f55be4473bb37ff8ca45b830d61c35bb7,6686,size_in_bytes,lib/ocaml/stdlib_stable/stdlib_stable__Idx_mut.cmi,4230
2026-08-05T16:59:20Z,ce90559f55be4473bb37ff8ca45b830d61c35bb7,6686,size_in_bytes,lib/ocaml/stdlib_stable/stdlib_stable__Int16_u.cmi,11802
2026-08-05T16:59:20Z,ce90559f55be4473bb37ff8ca45b830d61c35bb7,6686,size_in_bytes,lib/ocaml/stdlib_stable/stdlib_stable__Float32_u.cmi,33522
2026-08-05T16:59:20Z,ce90559f55be4473bb37ff8ca45b830d61c35bb7,6686,size_in_bytes,lib/ocaml/stdlib_stable/stdlib_stable.cmi,1211
2026-08-05T16:59:20Z,ce90559f55be4473bb37ff8ca45b830d61c35bb7,6686,size_in_bytes,lib/ocaml/stdlib_stable/stdlib_stable__Idx_imm.cmi,3652
2026-08-05T16:59:20Z,ce90559f55be4473bb37ff8ca45b830d61c35bb7,6686,size_in_bytes,lib/ocaml/stdlib_stable/stdlib_stable__Int8.cmi,10636
2026-08-05T16:59:20Z,ce90559f55be4473bb37ff8ca45b830d61c35bb7,6686,size_in_bytes,lib/ocaml/stdlib_stable/stdlib_stable__Float32.cmi,46545
2026-08-05T16:59:20Z,ce90559f55be4473bb37ff8ca45b830d61c35bb7,6686,size_in_bytes,lib/ocaml/stdlib_stable/stdlib_stable__Int_u.cmi,11061
2026-08-05T16:59:20Z,ce90559f55be4473bb37ff8ca45b830d61c35bb7,6686,size_in_bytes,lib/ocaml/stdlib_stable/stdlib_stable__Int.cmi,10460
2026-08-05T16:59:20Z,ce90559f55be4473bb37ff8ca45b830d61c35bb7,6686,size_in_bytes,lib/ocaml/stdlib_stable/stdlib_stable__.cmi,1984
2026-08-05T16:59:20Z,ce90559f55be4473bb37ff8ca45b830d61c35bb7,6686,size_in_bytes,lib/ocaml/stdlib_stable/stdlib_stable__Iarray.cmi,17579
2026-08-05T16:59:20Z,ce90559f55be4473bb37ff8ca45b830d61c35bb7,6686,size_in_bytes,lib/ocaml/stdlib_stable/stdlib_stable__Or_null.cmi,6978
2026-08-05T16:59:20Z,ce90559f55be4473bb37ff8ca45b830d61c35bb7,6686,size_in_bytes,lib/ocaml/runtime_events/runtime_events.cmi,17292
2026-08-05T16:59:20Z,ce90559f55be4473bb37ff8ca45b830d61c35bb7,6686,size_in_bytes,lib/ocaml/compiler-libs/typeopt.cmi,11853
2026-08-05T16:59:20Z,ce90559f55be4473bb37ff8ca45b830d61c35bb7,6686,size_in_bytes,lib/ocaml/compiler-libs/runtime_shape.cmi,33027
2026-08-05T16:59:20Z,ce90559f55be4473bb37ff8ca45b830d61c35bb7,6686,size_in_bytes,lib/ocaml/compiler-libs/dwarf_low__Dwarf_int.cmi,4886
2026-08-05T16:59:20Z,ce90559f55be4473bb37ff8ca45b830d61c35bb7,6686,size_in_bytes,lib/ocaml/compiler-libs/doubly_linked_list.cmi,22340
2026-08-05T16:59:20Z,ce90559f55be4473bb37ff8ca45b830d61c35bb7,6686,size_in_bytes,lib/ocaml/compiler-libs/dwarf_reg_locations.cmi,10173
2026-08-05T16:59:20Z,ce90559f55be4473bb37ff8ca45b830d61c35bb7,6686,size_in_bytes,lib/ocaml/compiler-libs/extra_debug.cmi,10275
2026-08-05T16:59:20Z,ce90559f55be4473bb37ff8ca45b830d61c35bb7,6686,size_in_bytes,lib/ocaml/compiler-libs/docstrings.cmi,16722
2026-08-05T16:59:20Z,ce90559f55be4473bb37ff8ca45b830d61c35bb7,6686,size_in_bytes,lib/ocaml/compiler-libs/flambda2_term_basics__Continuation_use_kind.cmi,1009
2026-08-05T16:59:20Z,ce90559f55be4473bb37ff8ca45b830d61c35bb7,6686,size_in_bytes,lib/ocaml/compiler-libs/internal_assembler.cmi,2387
2026-08-05T16:59:20Z,ce90559f55be4473bb37ff8ca45b830d61c35bb7,6686,size_in_bytes,lib/ocaml/compiler-libs/debug_event.cmi,9518
2026-08-05T16:59:20Z,ce90559f55be4473bb37ff8ca45b830d61c35bb7,6686,size_in_bytes,lib/ocaml/compiler-libs/flambda2_simplify.cmi,12528
2026-08-05T16:59:20Z,ce90559f55be4473bb37ff8ca45b830d61c35bb7,6686,size_in_bytes,lib/ocaml/compiler-libs/symtable.cmi,116699
2026-08-05T16:59:20Z,ce90559f55be4473bb37ff8ca45b830d61c35bb7,6686,size_in_bytes,lib/ocaml/compiler-libs/asmgen.cmi,16715
2026-08-05T16:59:20Z,ce90559f55be4473bb37ff8ca45b830d61c35bb7,6686,size_in_bytes,lib/ocaml/compiler-libs/flambda2_nominal__Bindable.cmi,7161
2026-08-05T16:59:20Z,ce90559f55be4473bb37ff8ca45b830d61c35bb7,6686,size_in_bytes,lib/ocaml/compiler-libs/flambda2_types__Binding_time.cmi,60486
2026-08-05T16:59:20Z,ce90559f55be4473bb37ff8ca45b830d61c35bb7,6686,size_in_bytes,lib/ocaml/compiler-libs/flambda2_types__Code_age_relation.cmi,9198
2026-08-05T16:59:20Z,ce90559f55be4473bb37ff8ca45b830d61c35bb7,6686,size_in_bytes,lib/ocaml/compiler-libs/flambda2_kinds__Tag.cmi,178208
2026-08-05T16:59:20Z,ce90559f55be4473bb37ff8ca45b830d61c35bb7,6686,size_in_bytes,lib/ocaml/compiler-libs/flambda2_datalog__Column.cmi,65683
2026-08-05T16:59:20Z,ce90559f55be4473bb37ff8ca45b830d61c35bb7,6686,size_in_bytes,lib/ocaml/compiler-libs/flambda2_datalog.cmi,172019
2026-08-05T16:59:20Z,ce90559f55be4473bb37ff8ca45b830d61c35bb7,6686,size_in_bytes,lib/ocaml/compiler-libs/parse.cmi,4765
2026-08-05T16:59:20Z,ce90559f55be4473bb37ff8ca45b830d61c35bb7,6686,size_in_bytes,lib/ocaml/compiler-libs/tmc.cmi,2849
2026-08-05T16:59:20Z,ce90559f55be4473bb37ff8ca45b830d61c35bb7,6686,size_in_bytes,lib/ocaml/compiler-libs/cmm_invariants.cmi,9348
2026-08-05T16:59:20Z,ce90559f55be4473bb37ff8ca45b830d61c35bb7,6686,size_in_bytes,lib/ocaml/compiler-libs/flambda2_numbers__Targetint_32_64.cmi,125218
2026-08-05T16:59:20Z,ce90559f55be4473bb37ff8ca45b830d61c35bb7,6686,size_in_bytes,lib/ocaml/compiler-libs/flambda2_classic_mode_types.cmi,463
2026-08-05T16:59:20Z,ce90559f55be4473bb37ff8ca45b830d61c35bb7,6686,size_in_bytes,lib/ocaml/compiler-libs/vectorize_utils.cmi,17332
2026-08-05T16:59:20Z,ce90559f55be4473bb37ff8ca45b830d61c35bb7,6686,size_in_bytes,lib/ocaml/compiler-libs/lambda.cmi,149757
2026-08-05T16:59:20Z,ce90559f55be4473bb37ff8ca45b830d61c35bb7,6686,size_in_bytes,lib/ocaml/compiler-libs/flambda2_term_basics__Coercion.cmi,9764
2026-08-05T16:59:20Z,ce90559f55be4473bb37ff8ca45b830d61c35bb7,6686,size_in_bytes,lib/ocaml/compiler-libs/value_rec_check.cmi,3270
2026-08-05T16:59:20Z,ce90559f55be4473bb37ff8ca45b830d61c35bb7,6686,size_in_bytes,lib/ocaml/compiler-libs/dwarf_low__Range_list_entry.cmi,3593
2026-08-05T16:59:20Z,ce90559f55be4473bb37ff8ca45b830d61c35bb7,6686,size_in_bytes,lib/ocaml/compiler-libs/flambda2_types__.cmi,3653
2026-08-05T16:59:20Z,ce90559f55be4473bb37ff8ca45b830d61c35bb7,6686,size_in_bytes,lib/ocaml/compiler-libs/flambda2_types__Typing_env_extension.cmi,20580
2026-08-05T16:59:20Z,ce90559f55be4473bb37ff8ca45b830d61c35bb7,6686,size_in_bytes,lib/ocaml/compiler-libs/regalloc_split.cmi,11560
2026-08-05T16:59:20Z,ce90559f55be4473bb37ff8ca45b830d61c35bb7,6686,size_in_bytes,lib/ocaml/compiler-libs/ast_iterator.cmi,18671
2026-08-05T16:59:20Z,ce90559f55be4473bb37ff8ca45b830d61c35bb7,6686,size_in_bytes,lib/ocaml/compiler-libs/flambda2_cmx__Flambda_cmx.cmi,12877
2026-08-05T16:59:20Z,ce90559f55be4473bb37ff8ca45b830d61c35bb7,6686,size_in_bytes,lib/ocaml/compiler-libs/import_info.cmi,8833
2026-08-05T16:59:20Z,ce90559f55be4473bb37ff8ca45b830d61c35bb7,6686,size_in_bytes,lib/ocaml/compiler-libs/flambda2_reaper__Datalog_helpers.cmi,104608
2026-08-05T16:59:20Z,ce90559f55be4473bb37ff8ca45b830d61c35bb7,6686,size_in_bytes,lib/ocaml/compiler-libs/flambda2_simplify__Unbox_continuation_params.cmi,12904
2026-08-05T16:59:20Z,ce90559f55be4473bb37ff8ca45b830d61c35bb7,6686,size_in_bytes,lib/ocaml/compiler-libs/flambda2_identifiers__Int_ids.cmi,593047
2026-08-05T16:59:20Z,ce90559f55be4473bb37ff8ca45b830d61c35bb7,6686,size_in_bytes,lib/ocaml/compiler-libs/dwarf_high__Simple_location_description_lang.cmi,10804
2026-08-05T16:59:20Z,ce90559f55be4473bb37ff8ca45b830d61c35bb7,6686,size_in_bytes,lib/ocaml/compiler-libs/dwarf_low__Dwarf_format.cmi,1055
2026-08-05T16:59:20Z,ce90559f55be4473bb37ff8ca45b830d61c35bb7,6686,size_in_bytes,lib/ocaml/compiler-libs/amd64_simd_instrs.cmi,1408740
2026-08-05T16:59:20Z,ce90559f55be4473bb37ff8ca45b830d61c35bb7,6686,size_in_bytes,lib/ocaml/compiler-libs/arm64_binary_emitter__Mov_helpers.cmi,2135
2026-08-05T16:59:20Z,ce90559f55be4473bb37ff8ca45b830d61c35bb7,6686,size_in_bytes,lib/ocaml/compiler-libs/x86_ast_utils.cmi,4861
2026-08-05T16:59:20Z,ce90559f55be4473bb37ff8ca45b830d61c35bb7,6686,size_in_bytes,lib/ocaml/compiler-libs/flambda2_simplify__Downwards_acc.cmi,32315
2026-08-05T16:59:20Z,ce90559f55be4473bb37ff8ca45b830d61c35bb7,6686,size_in_bytes,lib/ocaml/compiler-libs/flambda2_to_cmm__To_cmm_result.cmi,15512
2026-08-05T16:59:20Z,ce90559f55be4473bb37ff8ca45b830d61c35bb7,6686,size_in_bytes,lib/ocaml/compiler-libs/flambda2_terms__Validity.cmi,7523
2026-08-05T16:59:20Z,ce90559f55be4473bb37ff8ca45b830d61c35bb7,6686,size_in_bytes,lib/ocaml/compiler-libs/flambda2_types.cmi,234100
2026-08-05T16:59:20Z,ce90559f55be4473bb37ff8ca45b830d61c35bb7,6686,size_in_bytes,lib/ocaml/compiler-libs/flambda2_simplify_shared__Function_decl_inlining_decision.cmi,8755
2026-08-05T16:59:20Z,ce90559f55be4473bb37ff8ca45b830d61c35bb7,6686,size_in_bytes,lib/ocaml/compiler-libs/arch.cmi,25218
2026-08-05T16:59:20Z,ce90559f55be4473bb37ff8ca45b830d61c35bb7,6686,size_in_bytes,lib/ocaml/compiler-libs/compile.cmi,5890
2026-08-05T16:59:20Z,ce90559f55be4473bb37ff8ca45b830d61c35bb7,6686,size_in_bytes,lib/ocaml/compiler-libs/arm64_ast__Ast.cmi,190521
2026-08-05T16:59:20Z,ce90559f55be4473bb37ff8ca45b830d61c35bb7,6686,size_in_bytes,lib/ocaml/compiler-libs/local_store.cmi,2162
2026-08-05T16:59:20Z,ce90559f55be4473bb37ff8ca45b830d61c35bb7,6686,size_in_bytes,lib/ocaml/compiler-libs/flambda2_terms__Inlining_state.cmi,9726
2026-08-05T16:59:20Z,ce90559f55be4473bb37ff8ca45b830d61c35bb7,6686,size_in_bytes,lib/ocaml/compiler-libs/flambda2_parser__Flambda_to_fexpr_commons.cmi,77726
2026-08-05T16:59:20Z,ce90559f55be4473bb37ff8ca45b830d61c35bb7,6686,size_in_bytes,lib/ocaml/compiler-libs/zero_alloc_utils.cmi,24837
2026-08-05T16:59:20Z,ce90559f55be4473bb37ff8ca45b830d61c35bb7,6686,size_in_bytes,lib/ocaml/compiler-libs/binutils.cmi,2129
2026-08-05T16:59:20Z,ce90559f55be4473bb37ff8ca45b830d61c35bb7,6686,size_in_bytes,lib/ocaml/compiler-libs/flambda2_simplify_shared__Call_site_inlining_decision_type.cmi,11182
2026-08-05T16:59:20Z,ce90559f55be4473bb37ff8ca45b830d61c35bb7,6686,size_in_bytes,lib/ocaml/compiler-libs/flambda2_numbers__Or_infinity.cmi,3287
2026-08-05T16:59:20Z,ce90559f55be4473bb37ff8ca45b830d61c35bb7,6686,size_in_bytes,lib/ocaml/compiler-libs/arm64_binary_emitter__Simd_helpers.cmi,9460
2026-08-05T16:59:20Z,ce90559f55be4473bb37ff8ca45b830d61c35bb7,6686,size_in_bytes,lib/ocaml/compiler-libs/flambda2_identifiers__Symbol.cmi,8620
2026-08-05T16:59:20Z,ce90559f55be4473bb37ff8ca45b830d61c35bb7,6686,size_in_bytes,lib/ocaml/compiler-libs/flambda2_terms__Regalloc_param_attribute.cmi,7859
2026-08-05T16:59:20Z,ce90559f55be4473bb37ff8ca45b830d61c35bb7,6686,size_in_bytes,lib/ocaml/compiler-libs/flambda2_term_basics__Unit.cmi,61457
2026-08-05T16:59:20Z,ce90559f55be4473bb37ff8ca45b830d61c35bb7,6686,size_in_bytes,lib/ocaml/compiler-libs/flambda2_simplify__Are_lifting_conts.cmi,12345
2026-08-05T16:59:20Z,ce90559f55be4473bb37ff8ca45b830d61c35bb7,6686,size_in_bytes,lib/ocaml/compiler-libs/typemod.cmi,20016
2026-08-05T16:59:20Z,ce90559f55be4473bb37ff8ca45b830d61c35bb7,6686,size_in_bytes,lib/ocaml/compiler-libs/expunge.cmi,454
2026-08-05T16:59:20Z,ce90559f55be4473bb37ff8ca45b830d61c35bb7,6686,size_in_bytes,lib/ocaml/compiler-libs/flambda2_simplify__Downwards_env.cmi,45772
2026-08-05T16:59:20Z,ce90559f55be4473bb37ff8ca45b830d61c35bb7,6686,size_in_bytes,lib/ocaml/compiler-libs/flambda2_types__Meet.cmi,7909
2026-08-05T16:59:20Z,ce90559f55be4473bb37ff8ca45b830d61c35bb7,6686,size_in_bytes,lib/ocaml/compiler-libs/builtin_attributes.cmi,22217
2026-08-05T16:59:20Z,ce90559f55be4473bb37ff8ca45b830d61c35bb7,6686,size_in_bytes,lib/ocaml/compiler-libs/cfg_simplify.cmi,10289
2026-08-05T16:59:20Z,ce90559f55be4473bb37ff8ca45b830d61c35bb7,6686,size_in_bytes,lib/ocaml/compiler-libs/flambda2_term_basics__Symbol_projection.cmi,10218
2026-08-05T16:59:20Z,ce90559f55be4473bb37ff8ca45b830d61c35bb7,6686,size_in_bytes,lib/ocaml/compiler-libs/flambda2_types__With_cached_free_names.cmi,11080
2026-08-05T16:59:20Z,ce90559f55be4473bb37ff8ca45b830d61c35bb7,6686,size_in_bytes,lib/ocaml/compiler-libs/types.cmi,233990
2026-08-05T16:59:20Z,ce90559f55be4473bb37ff8ca45b830d61c35bb7,6686,size_in_bytes,lib/ocaml/compiler-libs/dwarf_variables_and_parameters.cmi,13251
2026-08-05T16:59:20Z,ce90559f55be4473bb37ff8ca45b830d61c35bb7,6686,size_in_bytes,lib/ocaml/compiler-libs/arm64_binary_emitter__Yield_helpers.cmi,622
2026-08-05T16:59:20Z,ce90559f55be4473bb37ff8ca45b830d61c35bb7,6686,size_in_bytes,lib/ocaml/compiler-libs/flambda2_terms__Exn_continuation.cmi,65014
2026-08-05T16:59:20Z,ce90559f55be4473bb37ff8ca45b830d61c35bb7,6686,size_in_bytes,lib/ocaml/compiler-libs/fdo_info.cmi,3174
2026-08-05T16:59:20Z,ce90559f55be4473bb37ff8ca45b830d61c35bb7,6686,size_in_bytes,lib/ocaml/compiler-libs/section_table.cmi,4740
2026-08-05T16:59:20Z,ce90559f55be4473bb37ff8ca45b830d61c35bb7,6686,size_in_bytes,lib/ocaml/compiler-libs/optcomp_intf.cmi,15092
2026-08-05T16:59:20Z,ce90559f55be4473bb37ff8ca45b830d61c35bb7,6686,size_in_bytes,lib/ocaml/compiler-libs/flambda2_types__Equal_types_for_debug.cmi,10950
2026-08-05T16:59:20Z,ce90559f55be4473bb37ff8ca45b830d61c35bb7,6686,size_in_bytes,lib/ocaml/compiler-libs/linkenv.cmi,19379
2026-08-05T16:59:20Z,ce90559f55be4473bb37ff8ca45b830d61c35bb7,6686,size_in_bytes,lib/ocaml/compiler-libs/maindriver.cmi,812
2026-08-05T16:59:20Z,ce90559f55be4473bb37ff8ca45b830d61c35bb7,6686,size_in_bytes,lib/ocaml/compiler-libs/flambda2_identifiers__Name.cmi,65970
2026-08-05T16:59:20Z,ce90559f55be4473bb37ff8ca45b830d61c35bb7,6686,size_in_bytes,lib/ocaml/compiler-libs/flambda2_simplify__Simplify_named.cmi,12073
2026-08-05T16:59:20Z,ce90559f55be4473bb37ff8ca45b830d61c35bb7,6686,size_in_bytes,lib/ocaml/compiler-libs/subst.cmi,45089
2026-08-05T16:59:20Z,ce90559f55be4473bb37ff8ca45b830d61c35bb7,6686,size_in_bytes,lib/ocaml/compiler-libs/afl_instrument.cmi,9803
2026-08-05T16:59:20Z,ce90559f55be4473bb37ff8ca45b830d61c35bb7,6686,size_in_bytes,lib/ocaml/compiler-libs/flambda2_simplify__Rebuilt_expr.cmi,21130
2026-08-05T16:59:20Z,ce90559f55be4473bb37ff8ca45b830d61c35bb7,6686,size_in_bytes,lib/ocaml/compiler-libs/scalar.cmi,39067
2026-08-05T16:59:20Z,ce90559f55be4473bb37ff8ca45b830d61c35bb7,6686,size_in_bytes,lib/ocaml/compiler-libs/dwarf_high__Assign_abbrevs.cmi,3558
2026-08-05T16:59:20Z,ce90559f55be4473bb37ff8ca45b830d61c35bb7,6686,size_in_bytes,lib/ocaml/compiler-libs/flambda2_simplify__Simplify_variadic_primitive.cmi,11836
2026-08-05T16:59:20Z,ce90559f55be4473bb37ff8ca45b830d61c35bb7,6686,size_in_bytes,lib/ocaml/compiler-libs/flambda2_reaper__Traverse_acc.cmi,29757
2026-08-05T16:59:20Z,ce90559f55be4473bb37ff8ca45b830d61c35bb7,6686,size_in_bytes,lib/ocaml/compiler-libs/printinstr.cmi,3421
2026-08-05T16:59:20Z,ce90559f55be4473bb37ff8ca45b830d61c35bb7,6686,size_in_bytes,lib/ocaml/compiler-libs/flambda2_term_basics__Scope.cmi,58929
2026-08-05T16:59:20Z,ce90559f55be4473bb37ff8ca45b830d61c35bb7,6686,size_in_bytes,lib/ocaml/compiler-libs/flambda2_types__Join_levels_old.cmi,7732
2026-08-05T16:59:20Z,ce90559f55be4473bb37ff8ca45b830d61c35bb7,6686,size_in_bytes,lib/ocaml/compiler-libs/flambda2_nominal__Name_abstraction.cmi,14114
2026-08-05T16:59:20Z,ce90559f55be4473bb37ff8ca45b830d61c35bb7,6686,size_in_bytes,lib/ocaml/compiler-libs/dwarf_low__Location_or_range_list.cmi,2994
2026-08-05T16:59:20Z,ce90559f55be4473bb37ff8ca45b830d61c35bb7,6686,size_in_bytes,lib/ocaml/compiler-libs/emit.cmi,11387
2026-08-05T16:59:20Z,ce90559f55be4473bb37ff8ca45b830d61c35bb7,6686,size_in_bytes,lib/ocaml/compiler-libs/linkdeps.cmi,4427
2026-08-05T16:59:20Z,ce90559f55be4473bb37ff8ca45b830d61c35bb7,6686,size_in_bytes,lib/ocaml/compiler-libs/flambda2_algorithms__Leapfrog.cmi,10059
2026-08-05T16:59:20Z,ce90559f55be4473bb37ff8ca45b830d61c35bb7,6686,size_in_bytes,lib/ocaml/compiler-libs/dwarf_low__Abbreviations_table.cmi,3239
2026-08-05T16:59:20Z,ce90559f55be4473bb37ff8ca45b830d61c35bb7,6686,size_in_bytes,lib/ocaml/compiler-libs/relocatable_symbol_name.cmi,889
2026-08-05T16:59:20Z,ce90559f55be4473bb37ff8ca45b830d61c35bb7,6686,size_in_bytes,lib/ocaml/compiler-libs/main_args.cmi,259363
2026-08-05T16:59:20Z,ce90559f55be4473bb37ff8ca45b830d61c35bb7,6686,size_in_bytes,lib/ocaml/compiler-libs/cfg_with_infos.cmi,15293
2026-08-05T16:59:20Z,ce90559f55be4473bb37ff8ca45b830d61c35bb7,6686,size_in_bytes,lib/ocaml/compiler-libs/flambda2_to_cmm__To_cmm_expr.cmi,9820
2026-08-05T16:59:20Z,ce90559f55be4473bb37ff8ca45b830d61c35bb7,6686,size_in_bytes,lib/ocaml/compiler-libs/byteinstantiator.cmi,1866
2026-08-05T16:59:20Z,ce90559f55be4473bb37ff8ca45b830d61c35bb7,6686,size_in_bytes,lib/ocaml/compiler-libs/compiler_hooks.cmi,13811
2026-08-05T16:59:20Z,ce90559f55be4473bb37ff8ca45b830d61c35bb7,6686,size_in_bytes,lib/ocaml/compiler-libs/flambda2_kinds__Flambda_kind.cmi,369745
2026-08-05T16:59:20Z,ce90559f55be4473bb37ff8ca45b830d61c35bb7,6686,size_in_bytes,lib/ocaml/compiler-libs/printast.cmi,5231
2026-08-05T16:59:20Z,ce90559f55be4473bb37ff8ca45b830d61c35bb7,6686,size_in_bytes,lib/ocaml/compiler-libs/flambda2_simplify__Simplify_switch_expr.cmi,11373
2026-08-05T16:59:20Z,ce90559f55be4473bb37ff8ca45b830d61c35bb7,6686,size_in_bytes,lib/ocaml/compiler-libs/flambda2_terms__Trap_action.cmi,10465
2026-08-05T16:59:20Z,ce90559f55be4473bb37ff8ca45b830d61c35bb7,6686,size_in_bytes,lib/ocaml/compiler-libs/flambda2_terms__Apply_cont_expr.cmi,67308
2026-08-05T16:59:20Z,ce90559f55be4473bb37ff8ca45b830d61c35bb7,6686,size_in_bytes,lib/ocaml/compiler-libs/dwarf_low__Dwarf_4_location_list.cmi,3067
2026-08-05T16:59:20Z,ce90559f55be4473bb37ff8ca45b830d61c35bb7,6686,size_in_bytes,lib/ocaml/compiler-libs/flambda2_simplify_shared__Inlining_report.cmi,41601
2026-08-05T16:59:20Z,ce90559f55be4473bb37ff8ca45b830d61c35bb7,6686,size_in_bytes,lib/ocaml/compiler-libs/flambda2_simplify__Inlining_transforms.cmi,11558
2026-08-05T16:59:20Z,ce90559f55be4473bb37ff8ca45b830d61c35bb7,6686,size_in_bytes,lib/ocaml/compiler-libs/dwarf_concrete_instances.cmi,12972
2026-08-05T16:59:20Z,ce90559f55be4473bb37ff8ca45b830d61c35bb7,6686,size_in_bytes,lib/ocaml/compiler-libs/vectorize.cmi,10395
2026-08-05T16:59:20Z,ce90559f55be4473bb37ff8ca45b830d61c35bb7,6686,size_in_bytes,lib/ocaml/compiler-libs/target_system.cmi,7036
2026-08-05T16:59:20Z,ce90559f55be4473bb37ff8ca45b830d61c35bb7,6686,size_in_bytes,lib/ocaml/compiler-libs/flambda2_term_basics__Empty_array_kind.cmi,5506
2026-08-05T16:59:20Z,ce90559f55be4473bb37ff8ca45b830d61c35bb7,6686,size_in_bytes,lib/ocaml/compiler-libs/dwarf_low__Simple_location_description.cmi,2578
2026-08-05T16:59:20Z,ce90559f55be4473bb37ff8ca45b830d61c35bb7,6686,size_in_bytes,lib/ocaml/compiler-libs/topdirs.cmi,4820
2026-08-05T16:59:20Z,ce90559f55be4473bb37ff8ca45b830d61c35bb7,6686,size_in_bytes,lib/ocaml/compiler-libs/flambda2_parser__Parse_flambda.cmi,10059
2026-08-05T16:59:20Z,ce90559f55be4473bb37ff8ca45b830d61c35bb7,6686,size_in_bytes,lib/ocaml/compiler-libs/flambda2_terms__Inline_attribute.cmi,8054
2026-08-05T16:59:20Z,ce90559f55be4473bb37ff8ca45b830d61c35bb7,6686,size_in_bytes,lib/ocaml/compiler-libs/mode.cmi,359155
2026-08-05T16:59:20Z,ce90559f55be4473bb37ff8ca45b830d61c35bb7,6686,size_in_bytes,lib/ocaml/compiler-libs/oxcaml_flags.cmi,39446
2026-08-05T16:59:20Z,ce90559f55be4473bb37ff8ca45b830d61c35bb7,6686,size_in_bytes,lib/ocaml/compiler-libs/flambda2_term_basics__Inlined_debuginfo.cmi,6211
2026-08-05T16:59:20Z,ce90559f55be4473bb37ff8ca45b830d61c35bb7,6686,size_in_bytes,lib/ocaml/compiler-libs/parsetree.cmi,82567
2026-08-05T16:59:20Z,ce90559f55be4473bb37ff8ca45b830d61c35bb7,6686,size_in_bytes,lib/ocaml/compiler-libs/typedecl_properties.cmi,6981
2026-08-05T16:59:20Z,ce90559f55be4473bb37ff8ca45b830d61c35bb7,6686,size_in_bytes,lib/ocaml/compiler-libs/CSE.cmi,10555
2026-08-05T16:59:20Z,ce90559f55be4473bb37ff8ca45b830d61c35bb7,6686,size_in_bytes,lib/ocaml/compiler-libs/printtyp.cmi,14186
2026-08-05T16:59:20Z,ce90559f55be4473bb37ff8ca45b830d61c35bb7,6686,size_in_bytes,lib/ocaml/compiler-libs/flambda2_types__Reify.cmi,13369
2026-08-05T16:59:20Z,ce90559f55be4473bb37ff8ca45b830d61c35bb7,6686,size_in_bytes,lib/ocaml/compiler-libs/consistbl.cmi,50252
2026-08-05T16:59:20Z,ce90559f55be4473bb37ff8ca45b830d61c35bb7,6686,size_in_bytes,lib/ocaml/compiler-libs/regalloc_substitution.cmi,12824
2026-08-05T16:59:20Z,ce90559f55be4473bb37ff8ca45b830d61c35bb7,6686,size_in_bytes,lib/ocaml/compiler-libs/datarepr.cmi,6477
2026-08-05T16:59:20Z,ce90559f55be4473bb37ff8ca45b830d61c35bb7,6686,size_in_bytes,lib/ocaml/compiler-libs/flambda2_lattices__Or_unknown_or_bottom.cmi,4755
2026-08-05T16:59:20Z,ce90559f55be4473bb37ff8ca45b830d61c35bb7,6686,size_in_bytes,lib/ocaml/compiler-libs/flambda2_identifiers__Function_slot.cmi,78980
2026-08-05T16:59:20Z,ce90559f55be4473bb37ff8ca45b830d61c35bb7,6686,size_in_bytes,lib/ocaml/compiler-libs/x86_dsl.cmi,25569
2026-08-05T16:59:20Z,ce90559f55be4473bb37ff8ca45b830d61c35bb7,6686,size_in_bytes,lib/ocaml/compiler-libs/flambda2_simplify__Number_adjuncts.cmi,391001
2026-08-05T16:59:20Z,ce90559f55be4473bb37ff8ca45b830d61c35bb7,6686,size_in_bytes,lib/ocaml/compiler-libs/bytelink.cmi,21117
2026-08-05T16:59:20Z,ce90559f55be4473bb37ff8ca45b830d61c35bb7,6686,size_in_bytes,lib/ocaml/compiler-libs/peephole_rules.cmi,10377
2026-08-05T16:59:20Z,ce90559f55be4473bb37ff8ca45b830d61c35bb7,6686,size_in_bytes,lib/ocaml/compiler-libs/flambda2_types__Type_grammar.cmi,232796
2026-08-05T16:59:20Z,ce90559f55be4473bb37ff8ca45b830d61c35bb7,6686,size_in_bytes,lib/ocaml/compiler-libs/cfg.cmi,45062
2026-08-05T16:59:20Z,ce90559f55be4473bb37ff8ca45b830d61c35bb7,6686,size_in_bytes,lib/ocaml/compiler-libs/dwarf_low__Single_location_description.cmi,2684
2026-08-05T16:59:20Z,ce90559f55be4473bb37ff8ca45b830d61c35bb7,6686,size_in_bytes,lib/ocaml/compiler-libs/typetexp.cmi,20851
2026-08-05T16:59:20Z,ce90559f55be4473bb37ff8ca45b830d61c35bb7,6686,size_in_bytes,lib/ocaml/compiler-libs/flambda2_simplify__Call_site_inlining_decision.cmi,12519
2026-08-05T16:59:20Z,ce90559f55be4473bb37ff8ca45b830d61c35bb7,6686,size_in_bytes,lib/ocaml/compiler-libs/ast_helper.cmi,139252
2026-08-05T16:59:20Z,ce90559f55be4473bb37ff8ca45b830d61c35bb7,6686,size_in_bytes,lib/ocaml/compiler-libs/slambda.cmi,4484
2026-08-05T16:59:20Z,ce90559f55be4473bb37ff8ca45b830d61c35bb7,6686,size_in_bytes,lib/ocaml/compiler-libs/depend.cmi,4916
2026-08-05T16:59:20Z,ce90559f55be4473bb37ff8ca45b830d61c35bb7,6686,size_in_bytes,lib/ocaml/compiler-libs/mixed_product_bytes.cmi,9325
2026-08-05T16:59:20Z,ce90559f55be4473bb37ff8ca45b830d61c35bb7,6686,size_in_bytes,lib/ocaml/compiler-libs/cfg_available_regs.cmi,10313
2026-08-05T16:59:20Z,ce90559f55be4473bb37ff8ca45b830d61c35bb7,6686,size_in_bytes,lib/ocaml/compiler-libs/asttypes.cmi,5017
2026-08-05T16:59:20Z,ce90559f55be4473bb37ff8ca45b830d61c35bb7,6686,size_in_bytes,lib/ocaml/compiler-libs/flambda2_types__Provers.cmi,42410
2026-08-05T16:59:20Z,ce90559f55be4473bb37ff8ca45b830d61c35bb7,6686,size_in_bytes,lib/ocaml/compiler-libs/dwarf_low__Debugging_information_entry.cmi,4771
2026-08-05T16:59:20Z,ce90559f55be4473bb37ff8ca45b830d61c35bb7,6686,size_in_bytes,lib/ocaml/compiler-libs/flambda2_simplify_shared.cmi,1494
2026-08-05T16:59:20Z,ce90559f55be4473bb37ff8ca45b830d61c35bb7,6686,size_in_bytes,lib/ocaml/compiler-libs/flambda2_to_jsir__To_jsir_env.cmi,21085
2026-08-05T16:59:20Z,ce90559f55be4473bb37ff8ca45b830d61c35bb7,6686,size_in_bytes,lib/ocaml/compiler-libs/ast_invariants.cmi,2401
2026-08-05T16:59:20Z,ce90559f55be4473bb37ff8ca45b830d61c35bb7,6686,size_in_bytes,lib/ocaml/compiler-libs/flambda2_simplify__Simplify_binary_primitive.cmi,12078
2026-08-05T16:59:20Z,ce90559f55be4473bb37ff8ca45b830d61c35bb7,6686,size_in_bytes,lib/ocaml/compiler-libs/regalloc_rewrite.cmi,14858
2026-08-05T16:59:20Z,ce90559f55be4473bb37ff8ca45b830d61c35bb7,6686,size_in_bytes,lib/ocaml/compiler-libs/flambda2_simplify__Replay_history.cmi,11422
2026-08-05T16:59:20Z,ce90559f55be4473bb37ff8ca45b830d61c35bb7,6686,size_in_bytes,lib/ocaml/compiler-libs/flambda2_to_jsir__To_jsir_static_const.cmi,12188
2026-08-05T16:59:20Z,ce90559f55be4473bb37ff8ca45b830d61c35bb7,6686,size_in_bytes,lib/ocaml/compiler-libs/errors.cmi,779
2026-08-05T16:59:20Z,ce90559f55be4473bb37ff8ca45b830d61c35bb7,6686,size_in_bytes,lib/ocaml/compiler-libs/typedecl_variance.cmi,10291
2026-08-05T16:59:20Z,ce90559f55be4473bb37ff8ca45b830d61c35bb7,6686,size_in_bytes,lib/ocaml/compiler-libs/symbol.cmi,56180
2026-08-05T16:59:20Z,ce90559f55be4473bb37ff8ca45b830d61c35bb7,6686,size_in_bytes,lib/ocaml/compiler-libs/flambda2_lattices.cmi,646
2026-08-05T16:59:20Z,ce90559f55be4473bb37ff8ca45b830d61c35bb7,6686,size_in_bytes,lib/ocaml/compiler-libs/linear_utils.cmi,11542
2026-08-05T16:59:20Z,ce90559f55be4473bb37ff8ca45b830d61c35bb7,6686,size_in_bytes,lib/ocaml/compiler-libs/regalloc_stack_operands.cmi,11263
2026-08-05T16:59:20Z,ce90559f55be4473bb37ff8ca45b830d61c35bb7,6686,size_in_bytes,lib/ocaml/compiler-libs/flambda2_term_basics__Value_slot_set.cmi,59951
2026-08-05T16:59:20Z,ce90559f55be4473bb37ff8ca45b830d61c35bb7,6686,size_in_bytes,lib/ocaml/compiler-libs/stack_class_utils.cmi,23015
2026-08-05T16:59:20Z,ce90559f55be4473bb37ff8ca45b830d61c35bb7,6686,size_in_bytes,lib/ocaml/compiler-libs/flambda2_reaper__Global_flow_graph.cmi,23300
2026-08-05T16:59:20Z,ce90559f55be4473bb37ff8ca45b830d61c35bb7,6686,size_in_bytes,lib/ocaml/compiler-libs/flambda2_simplify__Loopify_state.cmi,7446
2026-08-05T16:59:20Z,ce90559f55be4473bb37ff8ca45b830d61c35bb7,6686,size_in_bytes,lib/ocaml/compiler-libs/flambda2_cmx__Exported_code.cmi,15187
2026-08-05T16:59:20Z,ce90559f55be4473bb37ff8ca45b830d61c35bb7,6686,size_in_bytes,lib/ocaml/compiler-libs/flambda2_simplify_shared__Are_rebuilding_terms.cmi,2131
2026-08-05T16:59:20Z,ce90559f55be4473bb37ff8ca45b830d61c35bb7,6686,size_in_bytes,lib/ocaml/compiler-libs/operation.cmi,25382
2026-08-05T16:59:20Z,ce90559f55be4473bb37ff8ca45b830d61c35bb7,6686,size_in_bytes,lib/ocaml/compiler-libs/flambda2_nominal__Name_mode.cmi,116732
2026-08-05T16:59:20Z,ce90559f55be4473bb37ff8ca45b830d61c35bb7,6686,size_in_bytes,lib/ocaml/compiler-libs/flambda2_to_jsir__To_jsir.cmi,10483
2026-08-05T16:59:20Z,ce90559f55be4473bb37ff8ca45b830d61c35bb7,6686,size_in_bytes,lib/ocaml/compiler-libs/tast_iterator.cmi,18636
2026-08-05T16:59:20Z,ce90559f55be4473bb37ff8ca45b830d61c35bb7,6686,size_in_bytes,lib/ocaml/compiler-libs/igot.cmi,4682
2026-08-05T16:59:20Z,ce90559f55be4473bb37ff8ca45b830d61c35bb7,6686,size_in_bytes,lib/ocaml/compiler-libs/dwarf_flags.cmi,8579
2026-08-05T16:59:20Z,ce90559f55be4473bb37ff8ca45b830d61c35bb7,6686,size_in_bytes,lib/ocaml/compiler-libs/branch_relaxation.cmi,10707
2026-08-05T16:59:20Z,ce90559f55be4473bb37ff8ca45b830d61c35bb7,6686,size_in_bytes,lib/ocaml/compiler-libs/branch_relaxation_intf.cmi,13198
2026-08-05T16:59:20Z,ce90559f55be4473bb37ff8ca45b830d61c35bb7,6686,size_in_bytes,lib/ocaml/compiler-libs/flambda2_terms__Inlining_history.cmi,15694
2026-08-05T16:59:20Z,ce90559f55be4473bb37ff8ca45b830d61c35bb7,6686,size_in_bytes,lib/ocaml/compiler-libs/profile_counters_functions.cmi,3196
2026-08-05T16:59:20Z,ce90559f55be4473bb37ff8ca45b830d61c35bb7,6686,size_in_bytes,lib/ocaml/compiler-libs/jkind.cmi,117172
2026-08-05T16:59:20Z,ce90559f55be4473bb37ff8ca45b830d61c35bb7,6686,size_in_bytes,lib/ocaml/compiler-libs/flambda2_simplify__Join_points.cmi,13304
2026-08-05T16:59:20Z,ce90559f55be4473bb37ff8ca45b830d61c35bb7,6686,size_in_bytes,lib/ocaml/compiler-libs/flambda2_simplify__Simplify_quaternary_primitive.cmi,17023
2026-08-05T16:59:20Z,ce90559f55be4473bb37ff8ca45b830d61c35bb7,6686,size_in_bytes,lib/ocaml/compiler-libs/mixed_block_shape.cmi,8941
2026-08-05T16:59:20Z,ce90559f55be4473bb37ff8ca45b830d61c35bb7,6686,size_in_bytes,lib/ocaml/compiler-libs/flambda2_terms__Static_const.cmi,81051
2026-08-05T16:59:20Z,ce90559f55be4473bb37ff8ca45b830d61c35bb7,6686,size_in_bytes,lib/ocaml/compiler-libs/typemode.cmi,8449
2026-08-05T16:59:20Z,ce90559f55be4473bb37ff8ca45b830d61c35bb7,6686,size_in_bytes,lib/ocaml/compiler-libs/flambda2_reaper__Cofield.cmi,62085
2026-08-05T16:59:20Z,ce90559f55be4473bb37ff8ca45b830d61c35bb7,6686,size_in_bytes,lib/ocaml/compiler-libs/flambda2_types__Set_of_closures_contents.cmi,176534
2026-08-05T16:59:20Z,ce90559f55be4473bb37ff8ca45b830d61c35bb7,6686,size_in_bytes,lib/ocaml/compiler-libs/simd_selection.cmi,31635
2026-08-05T16:59:20Z,ce90559f55be4473bb37ff8ca45b830d61c35bb7,6686,size_in_bytes,lib/ocaml/compiler-libs/flambda2_simplify__Unboxers.cmi,14396
2026-08-05T16:59:20Z,ce90559f55be4473bb37ff8ca45b830d61c35bb7,6686,size_in_bytes,lib/ocaml/compiler-libs/measure_object_files.cmi,4093
2026-08-05T16:59:20Z,ce90559f55be4473bb37ff8ca45b830d61c35bb7,6686,size_in_bytes,lib/ocaml/compiler-libs/gprinttyp.cmi,14907
2026-08-05T16:59:20Z,ce90559f55be4473bb37ff8ca45b830d61c35bb7,6686,size_in_bytes,lib/ocaml/compiler-libs/flambda2_types__More_type_creators.cmi,29625
2026-08-05T16:59:20Z,ce90559f55be4473bb37ff8ca45b830d61c35bb7,6686,size_in_bytes,lib/ocaml/compiler-libs/printpat.cmi,4370
2026-08-05T16:59:20Z,ce90559f55be4473bb37ff8ca45b830d61c35bb7,6686,size_in_bytes,lib/ocaml/compiler-libs/dwarf_low__Dwarf_4_range_list_entry.cmi,3479
2026-08-05T16:59:20Z,ce90559f55be4473bb37ff8ca45b830d61c35bb7,6686,size_in_bytes,lib/ocaml/compiler-libs/flambda2_identifiers__Slot.cmi,79489
2026-08-05T16:59:20Z,ce90559f55be4473bb37ff8ca45b830d61c35bb7,6686,size_in_bytes,lib/ocaml/compiler-libs/flambda2_terms__Coeffects.cmi,7669
2026-08-05T16:59:20Z,ce90559f55be4473bb37ff8ca45b830d61c35bb7,6686,size_in_bytes,lib/ocaml/compiler-libs/flambda2_from_lambda.cmi,1499
2026-08-05T16:59:20Z,ce90559f55be4473bb37ff8ca45b830d61c35bb7,6686,size_in_bytes,lib/ocaml/compiler-libs/flambda2_datalog__Datalog_imports.cmi,7237
2026-08-05T16:59:20Z,ce90559f55be4473bb37ff8ca45b830d61c35bb7,6686,size_in_bytes,lib/ocaml/compiler-libs/linear_format.cmi,12592
2026-08-05T16:59:20Z,ce90559f55be4473bb37ff8ca45b830d61c35bb7,6686,size_in_bytes,lib/ocaml/compiler-libs/switch.cmi,13023
2026-08-05T16:59:20Z,ce90559f55be4473bb37ff8ca45b830d61c35bb7,6686,size_in_bytes,lib/ocaml/compiler-libs/flambda2_terms__Removed_operations.cmi,9909
2026-08-05T16:59:20Z,ce90559f55be4473bb37ff8ca45b830d61c35bb7,6686,size_in_bytes,lib/ocaml/compiler-libs/stack_class.cmi,16934
2026-08-05T16:59:20Z,ce90559f55be4473bb37ff8ca45b830d61c35bb7,6686,size_in_bytes,lib/ocaml/compiler-libs/stypes.cmi,4639
2026-08-05T16:59:20Z,ce90559f55be4473bb37ff8ca45b830d61c35bb7,6686,size_in_bytes,lib/ocaml/compiler-libs/cfg_polling.cmi,11043
2026-08-05T16:59:20Z,ce90559f55be4473bb37ff8ca45b830d61c35bb7,6686,size_in_bytes,lib/ocaml/compiler-libs/flambda2_terms__Placement.cmi,7430
2026-08-05T16:59:20Z,ce90559f55be4473bb37ff8ca45b830d61c35bb7,6686,size_in_bytes,lib/ocaml/compiler-libs/syntaxerr.cmi,4676
2026-08-05T16:59:20Z,ce90559f55be4473bb37ff8ca45b830d61c35bb7,6686,size_in_bytes,lib/ocaml/compiler-libs/flambda2_terms__Inlining_arguments.cmi,10496
2026-08-05T16:59:20Z,ce90559f55be4473bb37ff8ca45b830d61c35bb7,6686,size_in_bytes,lib/ocaml/compiler-libs/flambda2_identifiers__Flambda_debug_uid.cmi,57902
2026-08-05T16:59:20Z,ce90559f55be4473bb37ff8ca45b830d61c35bb7,6686,size_in_bytes,lib/ocaml/compiler-libs/flambda2_terms__Effects.cmi,7849
2026-08-05T16:59:20Z,ce90559f55be4473bb37ff8ca45b830d61c35bb7,6686,size_in_bytes,lib/ocaml/compiler-libs/flambda2_nominal__Name_occurrences.cmi,30042
2026-08-05T16:59:20Z,ce90559f55be4473bb37ff8ca45b830d61c35bb7,6686,size_in_bytes,lib/ocaml/compiler-libs/arm64_binary_emitter__Load_store_helpers.cmi,14576
2026-08-05T16:59:20Z,ce90559f55be4473bb37ff8ca45b830d61c35bb7,6686,size_in_bytes,lib/ocaml/compiler-libs/flambda2_term_basics__Simple.cmi,190922
2026-08-05T16:59:20Z,ce90559f55be4473bb37ff8ca45b830d61c35bb7,6686,size_in_bytes,lib/ocaml/compiler-libs/cmx_format.cmi,19786
2026-08-05T16:59:20Z,ce90559f55be4473bb37ff8ca45b830d61c35bb7,6686,size_in_bytes,lib/ocaml/compiler-libs/flambda2_term_basics__String_info.cmi,56766
2026-08-05T16:59:20Z,ce90559f55be4473bb37ff8ca45b830d61c35bb7,6686,size_in_bytes,lib/ocaml/compiler-libs/flambda2_bound_identifiers__Bound_continuation.cmi,7171
2026-08-05T16:59:20Z,ce90559f55be4473bb37ff8ca45b830d61c35bb7,6686,size_in_bytes,lib/ocaml/compiler-libs/flambda2_to_cmm__To_cmm.cmi,9818
2026-08-05T16:59:20Z,ce90559f55be4473bb37ff8ca45b830d61c35bb7,6686,size_in_bytes,lib/ocaml/compiler-libs/predef.cmi,42018
2026-08-05T16:59:20Z,ce90559f55be4473bb37ff8ca45b830d61c35bb7,6686,size_in_bytes,lib/ocaml/compiler-libs/flambda2_datalog__Datalog.cmi,11867
2026-08-05T16:59:20Z,ce90559f55be4473bb37ff8ca45b830d61c35bb7,6686,size_in_bytes,lib/ocaml/compiler-libs/pparse.cmi,7550
2026-08-05T16:59:20Z,ce90559f55be4473bb37ff8ca45b830d61c35bb7,6686,size_in_bytes,lib/ocaml/compiler-libs/dwarf_compilation_unit.cmi,5118
2026-08-05T16:59:20Z,ce90559f55be4473bb37ff8ca45b830d61c35bb7,6686,size_in_bytes,lib/ocaml/compiler-libs/cfg_cse.cmi,10520
2026-08-05T16:59:20Z,ce90559f55be4473bb37ff8ca45b830d61c35bb7,6686,size_in_bytes,lib/ocaml/compiler-libs/cfg_comballoc.cmi,10296
2026-08-05T16:59:20Z,ce90559f55be4473bb37ff8ca45b830d61c35bb7,6686,size_in_bytes,lib/ocaml/compiler-libs/dwarf_low__Dwarf_value.cmi,17321
2026-08-05T16:59:20Z,ce90559f55be4473bb37ff8ca45b830d61c35bb7,6686,size_in_bytes,lib/ocaml/compiler-libs/dwarf_type.cmi,6205
2026-08-05T16:59:20Z,ce90559f55be4473bb37ff8ca45b830d61c35bb7,6686,size_in_bytes,lib/ocaml/compiler-libs/arm64_binary_emitter__For_jit.cmi,9601
2026-08-05T16:59:20Z,ce90559f55be4473bb37ff8ca45b830d61c35bb7,6686,size_in_bytes,lib/ocaml/compiler-libs/flambda2_nominal__Num_occurrences.cmi,1295
2026-08-05T16:59:20Z,ce90559f55be4473bb37ff8ca45b830d61c35bb7,6686,size_in_bytes,lib/ocaml/compiler-libs/cmxs_format.cmi,2910
2026-08-05T16:59:20Z,ce90559f55be4473bb37ff8ca45b830d61c35bb7,6686,size_in_bytes,lib/ocaml/compiler-libs/dsl_helpers.cmi,229
2026-08-05T16:59:20Z,ce90559f55be4473bb37ff8ca45b830d61c35bb7,6686,size_in_bytes,lib/ocaml/compiler-libs/uniqueness_analysis.cmi,10143
2026-08-05T16:59:20Z,ce90559f55be4473bb37ff8ca45b830d61c35bb7,6686,size_in_bytes,lib/ocaml/compiler-libs/typeclass.cmi,19477
2026-08-05T16:59:20Z,ce90559f55be4473bb37ff8ca45b830d61c35bb7,6686,size_in_bytes,lib/ocaml/compiler-libs/flambda2_terms__Flambda.cmi,123912
2026-08-05T16:59:20Z,ce90559f55be4473bb37ff8ca45b830d61c35bb7,6686,size_in_bytes,lib/ocaml/compiler-libs/axis_lattice.cmi,9891
2026-08-05T16:59:20Z,ce90559f55be4473bb37ff8ca45b830d61c35bb7,6686,size_in_bytes,lib/ocaml/compiler-libs/priority_queue.cmi,10005
2026-08-05T16:59:20Z,ce90559f55be4473bb37ff8ca45b830d61c35bb7,6686,size_in_bytes,lib/ocaml/compiler-libs/flambda2_algorithms__Container_types.cmi,139261
2026-08-05T16:59:20Z,ce90559f55be4473bb37ff8ca45b830d61c35bb7,6686,size_in_bytes,lib/ocaml/compiler-libs/dwarf_low__Inline_code.cmi,1807
2026-08-05T16:59:20Z,ce90559f55be4473bb37ff8ca45b830d61c35bb7,6686,size_in_bytes,lib/ocaml/compiler-libs/pprintast.cmi,11881
2026-08-05T16:59:20Z,ce90559f55be4473bb37ff8ca45b830d61c35bb7,6686,size_in_bytes,lib/ocaml/compiler-libs/flambda2_terms__Inlined_attribute.cmi,9280
2026-08-05T16:59:20Z,ce90559f55be4473bb37ff8ca45b830d61c35bb7,6686,size_in_bytes,lib/ocaml/compiler-libs/flambda2_nominal__Contains_ids.cmi,4875
2026-08-05T16:59:20Z,ce90559f55be4473bb37ff8ca45b830d61c35bb7,6686,size_in_bytes,lib/ocaml/compiler-libs/makedepend.cmi,675
2026-08-05T16:59:20Z,ce90559f55be4473bb37ff8ca45b830d61c35bb7,6686,size_in_bytes,lib/ocaml/compiler-libs/ident.cmi,65253
2026-08-05T16:59:20Z,ce90559f55be4473bb37ff8ca45b830d61c35bb7,6686,size_in_bytes,lib/ocaml/compiler-libs/flambda2_reaper__Traverse_env.cmi,12608
2026-08-05T16:59:20Z,ce90559f55be4473bb37ff8ca45b830d61c35bb7,6686,size_in_bytes,lib/ocaml/compiler-libs/config.cmi,16040
2026-08-05T16:59:20Z,ce90559f55be4473bb37ff8ca45b830d61c35bb7,6686,size_in_bytes,lib/ocaml/compiler-libs/x86_peephole_optimize.cmi,1703
2026-08-05T16:59:20Z,ce90559f55be4473bb37ff8ca45b830d61c35bb7,6686,size_in_bytes,lib/ocaml/compiler-libs/llvm_ir.cmi,125448
2026-08-05T16:59:20Z,ce90559f55be4473bb37ff8ca45b830d61c35bb7,6686,size_in_bytes,lib/ocaml/compiler-libs/flambda2_to_jsir__To_jsir_set_of_closures.cmi,9074
2026-08-05T16:59:20Z,ce90559f55be4473bb37ff8ca45b830d61c35bb7,6686,size_in_bytes,lib/ocaml/compiler-libs/flambda2_simplify__Simplified_named.cmi,14593
2026-08-05T16:59:20Z,ce90559f55be4473bb37ff8ca45b830d61c35bb7,6686,size_in_bytes,lib/ocaml/compiler-libs/vectorize_specific.cmi,10424
2026-08-05T16:59:20Z,ce90559f55be4473bb37ff8ca45b830d61c35bb7,6686,size_in_bytes,lib/ocaml/compiler-libs/reg_with_debug_info.cmi,52247
2026-08-05T16:59:20Z,ce90559f55be4473bb37ff8ca45b830d61c35bb7,6686,size_in_bytes,lib/ocaml/compiler-libs/file_sections.cmi,3631
2026-08-05T16:59:20Z,ce90559f55be4473bb37ff8ca45b830d61c35bb7,6686,size_in_bytes,lib/ocaml/compiler-libs/optlink.cmi,14696
2026-08-05T16:59:20Z,ce90559f55be4473bb37ff8ca45b830d61c35bb7,6686,size_in_bytes,lib/ocaml/compiler-libs/flambda2_parser__Flambda_lex.cmi,8345
2026-08-05T16:59:20Z,ce90559f55be4473bb37ff8ca45b830d61c35bb7,6686,size_in_bytes,lib/ocaml/compiler-libs/cfg_stack_checks.cmi,10309
2026-08-05T16:59:20Z,ce90559f55be4473bb37ff8ca45b830d61c35bb7,6686,size_in_bytes,lib/ocaml/compiler-libs/string_table.cmi,1799
2026-08-05T16:59:20Z,ce90559f55be4473bb37ff8ca45b830d61c35bb7,6686,size_in_bytes,lib/ocaml/compiler-libs/flambda2_types__Aliases.cmi,14426
2026-08-05T16:59:20Z,ce90559f55be4473bb37ff8ca45b830d61c35bb7,6686,size_in_bytes,lib/ocaml/compiler-libs/flambda2_datalog__Value.cmi,2619
2026-08-05T16:59:20Z,ce90559f55be4473bb37ff8ca45b830d61c35bb7,6686,size_in_bytes,lib/ocaml/compiler-libs/flambda2_types__Cached_level.cmi,12206
2026-08-05T16:59:20Z,ce90559f55be4473bb37ff8ca45b830d61c35bb7,6686,size_in_bytes,lib/ocaml/compiler-libs/slambda_fracture.cmi,2901
2026-08-05T16:59:20Z,ce90559f55be4473bb37ff8ca45b830d61c35bb7,6686,size_in_bytes,lib/ocaml/compiler-libs/translmod.cmi,7930
2026-08-05T16:59:20Z,ce90559f55be4473bb37ff8ca45b830d61c35bb7,6686,size_in_bytes,lib/ocaml/compiler-libs/dwarf_high__Operator_builder.cmi,5884
2026-08-05T16:59:20Z,ce90559f55be4473bb37ff8ca45b830d61c35bb7,6686,size_in_bytes,lib/ocaml/compiler-libs/outcometree.cmi,27387
2026-08-05T16:59:20Z,ce90559f55be4473bb37ff8ca45b830d61c35bb7,6686,size_in_bytes,lib/ocaml/compiler-libs/asmlink.cmi,11975
2026-08-05T16:59:20Z,ce90559f55be4473bb37ff8ca45b830d61c35bb7,6686,size_in_bytes,lib/ocaml/compiler-libs/topstart.cmi,223
2026-08-05T16:59:20Z,ce90559f55be4473bb37ff8ca45b830d61c35bb7,6686,size_in_bytes,lib/ocaml/compiler-libs/flambda2_nominal__Contains_names.cmi,5682
2026-08-05T16:59:20Z,ce90559f55be4473bb37ff8ca45b830d61c35bb7,6686,size_in_bytes,lib/ocaml/compiler-libs/flambda2_simplify__Upwards_env.cmi,16015
2026-08-05T16:59:20Z,ce90559f55be4473bb37ff8ca45b830d61c35bb7,6686,size_in_bytes,lib/ocaml/compiler-libs/strongly_connected_components.cmi,10306
2026-08-05T16:59:20Z,ce90559f55be4473bb37ff8ca45b830d61c35bb7,6686,size_in_bytes,lib/ocaml/compiler-libs/flambda2_to_cmm__To_cmm_set_of_closures.cmi,13485
2026-08-05T16:59:20Z,ce90559f55be4473bb37ff8ca45b830d61c35bb7,6686,size_in_bytes,lib/ocaml/compiler-libs/trace.cmi,5698
2026-08-05T16:59:20Z,ce90559f55be4473bb37ff8ca45b830d61c35bb7,6686,size_in_bytes,lib/ocaml/compiler-libs/stack_check.cmi,10239
2026-08-05T16:59:20Z,ce90559f55be4473bb37ff8ca45b830d61c35bb7,6686,size_in_bytes,lib/ocaml/compiler-libs/llvmize.cmi,12160
2026-08-05T16:59:20Z,ce90559f55be4473bb37ff8ca45b830d61c35bb7,6686,size_in_bytes,lib/ocaml/compiler-libs/misc.cmi,217368
2026-08-05T16:59:20Z,ce90559f55be4473bb37ff8ca45b830d61c35bb7,6686,size_in_bytes,lib/ocaml/compiler-libs/flambda2_reaper__Traverse.cmi,15658
2026-08-05T16:59:20Z,ce90559f55be4473bb37ff8ca45b830d61c35bb7,6686,size_in_bytes,lib/ocaml/compiler-libs/x86_peephole_rules.cmi,2686
2026-08-05T16:59:20Z,ce90559f55be4473bb37ff8ca45b830d61c35bb7,6686,size_in_bytes,lib/ocaml/compiler-libs/profile.cmi,7952
2026-08-05T16:59:20Z,ce90559f55be4473bb37ff8ca45b830d61c35bb7,6686,size_in_bytes,lib/ocaml/compiler-libs/vicuna_value_shapes.cmi,3492
2026-08-05T16:59:20Z,ce90559f55be4473bb37ff8ca45b830d61c35bb7,6686,size_in_bytes,lib/ocaml/compiler-libs/slambdaident.cmi,54827
2026-08-05T16:59:20Z,ce90559f55be4473bb37ff8ca45b830d61c35bb7,6686,size_in_bytes,lib/ocaml/compiler-libs/partition_object_files.cmi,2612
2026-08-05T16:59:20Z,ce90559f55be4473bb37ff8ca45b830d61c35bb7,6686,size_in_bytes,lib/ocaml/compiler-libs/build_linker_args.cmi,2290
2026-08-05T16:59:20Z,ce90559f55be4473bb37ff8ca45b830d61c35bb7,6686,size_in_bytes,lib/ocaml/compiler-libs/flambda2_terms__Cost_metrics.cmi,12202
2026-08-05T16:59:20Z,ce90559f55be4473bb37ff8ca45b830d61c35bb7,6686,size_in_bytes,lib/ocaml/compiler-libs/linkage_name.cmi,53935
2026-08-05T16:59:20Z,ce90559f55be4473bb37ff8ca45b830d61c35bb7,6686,size_in_bytes,lib/ocaml/compiler-libs/regalloc_gi_state.cmi,14551
2026-08-05T16:59:20Z,ce90559f55be4473bb37ff8ca45b830d61c35bb7,6686,size_in_bytes,lib/ocaml/compiler-libs/flambda2_simplify_shared__Inlining_helpers.cmi,15169
2026-08-05T16:59:20Z,ce90559f55be4473bb37ff8ca45b830d61c35bb7,6686,size_in_bytes,lib/ocaml/compiler-libs/arm64_binary_emitter__Encode_directive.cmi,3720
2026-08-05T16:59:20Z,ce90559f55be4473bb37ff8ca45b830d61c35bb7,6686,size_in_bytes,lib/ocaml/compiler-libs/translobj.cmi,6043
2026-08-05T16:59:20Z,ce90559f55be4473bb37ff8ca45b830d61c35bb7,6686,size_in_bytes,lib/ocaml/compiler-libs/binary_emitter_helpers.cmi,1820
2026-08-05T16:59:20Z,ce90559f55be4473bb37ff8ca45b830d61c35bb7,6686,size_in_bytes,lib/ocaml/compiler-libs/flambda2_identifiers__Apply_cont_rewrite_id.cmi,57012
2026-08-05T16:59:20Z,ce90559f55be4473bb37ff8ca45b830d61c35bb7,6686,size_in_bytes,lib/ocaml/compiler-libs/translattribute.cmi,6574
2026-08-05T16:59:20Z,ce90559f55be4473bb37ff8ca45b830d61c35bb7,6686,size_in_bytes,lib/ocaml/compiler-libs/peephole_utils.cmi,14758
2026-08-05T16:59:20Z,ce90559f55be4473bb37ff8ca45b830d61c35bb7,6686,size_in_bytes,lib/ocaml/compiler-libs/dwarf_low__Location_list_entry.cmi,3778
2026-08-05T16:59:20Z,ce90559f55be4473bb37ff8ca45b830d61c35bb7,6686,size_in_bytes,lib/ocaml/compiler-libs/flambda2_term_basics__Rec_info_expr.cmi,10504
2026-08-05T16:59:20Z,ce90559f55be4473bb37ff8ca45b830d61c35bb7,6686,size_in_bytes,lib/ocaml/compiler-libs/dwarf_low__Range_list.cmi,2975
2026-08-05T16:59:20Z,ce90559f55be4473bb37ff8ca45b830d61c35bb7,6686,size_in_bytes,lib/ocaml/compiler-libs/dwarf_high__Proto_die.cmi,8548
2026-08-05T16:59:20Z,ce90559f55be4473bb37ff8ca45b830d61c35bb7,6686,size_in_bytes,lib/ocaml/compiler-libs/flambda2_simplify__Comparison_result.cmi,8221
2026-08-05T16:59:20Z,ce90559f55be4473bb37ff8ca45b830d61c35bb7,6686,size_in_bytes,lib/ocaml/compiler-libs/transl_comprehension_utils.cmi,20753
2026-08-05T16:59:20Z,ce90559f55be4473bb37ff8ca45b830d61c35bb7,6686,size_in_bytes,lib/ocaml/compiler-libs/typedecl_separability.cmi,4240
2026-08-05T16:59:20Z,ce90559f55be4473bb37ff8ca45b830d61c35bb7,6686,size_in_bytes,lib/ocaml/compiler-libs/flambda2_simplify__Lifted_constant_state.cmi,13791
2026-08-05T16:59:20Z,ce90559f55be4473bb37ff8ca45b830d61c35bb7,6686,size_in_bytes,lib/ocaml/compiler-libs/iplt.cmi,5025
2026-08-05T16:59:20Z,ce90559f55be4473bb37ff8ca45b830d61c35bb7,6686,size_in_bytes,lib/ocaml/compiler-libs/mode_hint.cmi,15478
2026-08-05T16:59:20Z,ce90559f55be4473bb37ff8ca45b830d61c35bb7,6686,size_in_bytes,lib/ocaml/compiler-libs/printast_with_mappings.cmi,3538
2026-08-05T16:59:20Z,ce90559f55be4473bb37ff8ca45b830d61c35bb7,6686,size_in_bytes,lib/ocaml/compiler-libs/flambda2_terms__Function_declarations.cmi,11163
2026-08-05T16:59:20Z,ce90559f55be4473bb37ff8ca45b830d61c35bb7,6686,size_in_bytes,lib/ocaml/compiler-libs/flambda2_simplify__Simplify_set_of_closures_context.cmi,15914
2026-08-05T16:59:20Z,ce90559f55be4473bb37ff8ca45b830d61c35bb7,6686,size_in_bytes,lib/ocaml/compiler-libs/translmode.cmi,5689
2026-08-05T16:59:20Z,ce90559f55be4473bb37ff8ca45b830d61c35bb7,6686,size_in_bytes,lib/ocaml/compiler-libs/slambdaeval.cmi,5398
2026-08-05T16:59:20Z,ce90559f55be4473bb37ff8ca45b830d61c35bb7,6686,size_in_bytes,lib/ocaml/compiler-libs/flambda2_terms__Expr_std.cmi,8417
2026-08-05T16:59:20Z,ce90559f55be4473bb37ff8ca45b830d61c35bb7,6686,size_in_bytes,lib/ocaml/compiler-libs/flambda2_simplify__Rebuilt_static_const.cmi,31858
2026-08-05T16:59:20Z,ce90559f55be4473bb37ff8ca45b830d61c35bb7,6686,size_in_bytes,lib/ocaml/compiler-libs/flambda2_classic_mode_types__Value_approximation.cmi,8021
2026-08-05T16:59:20Z,ce90559f55be4473bb37ff8ca45b830d61c35bb7,6686,size_in_bytes,lib/ocaml/compiler-libs/is_parameter.cmi,53809
2026-08-05T16:59:20Z,ce90559f55be4473bb37ff8ca45b830d61c35bb7,6686,size_in_bytes,lib/ocaml/compiler-libs/flambda2_simplify__Simplify_apply_cont_expr.cmi,11397
2026-08-05T16:59:20Z,ce90559f55be4473bb37ff8ca45b830d61c35bb7,6686,size_in_bytes,lib/ocaml/compiler-libs/flambda2_types__Join_env.cmi,16520
2026-08-05T16:59:20Z,ce90559f55be4473bb37ff8ca45b830d61c35bb7,6686,size_in_bytes,lib/ocaml/compiler-libs/dwarf_low__Abbreviation_code.cmi,2976
2026-08-05T16:59:20Z,ce90559f55be4473bb37ff8ca45b830d61c35bb7,6686,size_in_bytes,lib/ocaml/compiler-libs/translprim.cmi,9793
2026-08-05T16:59:20Z,ce90559f55be4473bb37ff8ca45b830d61c35bb7,6686,size_in_bytes,lib/ocaml/compiler-libs/regalloc_invariants.cmi,10980
2026-08-05T16:59:20Z,ce90559f55be4473bb37ff8ca45b830d61c35bb7,6686,size_in_bytes,lib/ocaml/compiler-libs/debuginfo.cmi,18606
2026-08-05T16:59:20Z,ce90559f55be4473bb37ff8ca45b830d61c35bb7,6686,size_in_bytes,lib/ocaml/compiler-libs/flambda2_reaper__Rebuilt_expr.cmi,14131
2026-08-05T16:59:20Z,ce90559f55be4473bb37ff8ca45b830d61c35bb7,6686,size_in_bytes,lib/ocaml/compiler-libs/flambda2_simplify__Non_constructed_code.cmi,16909
2026-08-05T16:59:20Z,ce90559f55be4473bb37ff8ca45b830d61c35bb7,6686,size_in_bytes,lib/ocaml/compiler-libs/flambda2_terms__Result_types.cmi,9361
2026-08-05T16:59:20Z,ce90559f55be4473bb37ff8ca45b830d61c35bb7,6686,size_in_bytes,lib/ocaml/compiler-libs/flambda2_parser__Flambda_to_fexpr.cmi,8930
2026-08-05T16:59:20Z,ce90559f55be4473bb37ff8ca45b830d61c35bb7,6686,size_in_bytes,lib/ocaml/compiler-libs/cmmgen_state.cmi,15182
2026-08-05T16:59:20Z,ce90559f55be4473bb37ff8ca45b830d61c35bb7,6686,size_in_bytes,lib/ocaml/compiler-libs/flambda2_simplify__Simplify_static_const.cmi,11945
2026-08-05T16:59:20Z,ce90559f55be4473bb37ff8ca45b830d61c35bb7,6686,size_in_bytes,lib/ocaml/compiler-libs/transl_list_comprehension.cmi,3620
2026-08-05T16:59:20Z,ce90559f55be4473bb37ff8ca45b830d61c35bb7,6686,size_in_bytes,lib/ocaml/compiler-libs/arg_helper.cmi,24940
2026-08-05T16:59:20Z,ce90559f55be4473bb37ff8ca45b830d61c35bb7,6686,size_in_bytes,lib/ocaml/compiler-libs/flambda2_identifiers__Coercion0.cmi,7644
2026-08-05T16:59:20Z,ce90559f55be4473bb37ff8ca45b830d61c35bb7,6686,size_in_bytes,lib/ocaml/compiler-libs/compile_common.cmi,10199
2026-08-05T16:59:20Z,ce90559f55be4473bb37ff8ca45b830d61c35bb7,6686,size_in_bytes,lib/ocaml/compiler-libs/reg_availability_set.cmi,12992
2026-08-05T16:59:20Z,ce90559f55be4473bb37ff8ca45b830d61c35bb7,6686,size_in_bytes,lib/ocaml/compiler-libs/flambda2_numbers__Numeric_types.cmi,819934
2026-08-05T16:59:20Z,ce90559f55be4473bb37ff8ca45b830d61c35bb7,6686,size_in_bytes,lib/ocaml/compiler-libs/cfg_deadcode.cmi,10484
2026-08-05T16:59:20Z,ce90559f55be4473bb37ff8ca45b830d61c35bb7,6686,size_in_bytes,lib/ocaml/compiler-libs/flambda2_numbers__Vector_types.cmi,245293
2026-08-05T16:59:20Z,ce90559f55be4473bb37ff8ca45b830d61c35bb7,6686,size_in_bytes,lib/ocaml/compiler-libs/data_types.cmi,11415
2026-08-05T16:59:20Z,ce90559f55be4473bb37ff8ca45b830d61c35bb7,6686,size_in_bytes,lib/ocaml/compiler-libs/flambda2_simplify__Simplify_import.cmi,12858
2026-08-05T16:59:20Z,ce90559f55be4473bb37ff8ca45b830d61c35bb7,6686,size_in_bytes,lib/ocaml/compiler-libs/parmatch.cmi,12139
2026-08-05T16:59:20Z,ce90559f55be4473bb37ff8ca45b830d61c35bb7,6686,size_in_bytes,lib/ocaml/compiler-libs/simplif.cmi,4637
2026-08-05T16:59:20Z,ce90559f55be4473bb37ff8ca45b830d61c35bb7,6686,size_in_bytes,lib/ocaml/compiler-libs/flambda2_lattices__Or_bottom.cmi,5034
2026-08-05T16:59:20Z,ce90559f55be4473bb37ff8ca45b830d61c35bb7,6686,size_in_bytes,lib/ocaml/compiler-libs/flambda2_identifiers.cmi,2801
2026-08-05T16:59:20Z,ce90559f55be4473bb37ff8ca45b830d61c35bb7,6686,size_in_bytes,lib/ocaml/compiler-libs/domainstate.cmi,5941
2026-08-05T16:59:20Z,ce90559f55be4473bb37ff8ca45b830d61c35bb7,6686,size_in_bytes,lib/ocaml/compiler-libs/flambda2_to_cmm__To_cmm_effects.cmi,12266
2026-08-05T16:59:20Z,ce90559f55be4473bb37ff8ca45b830d61c35bb7,6686,size_in_bytes,lib/ocaml/compiler-libs/diffing.cmi,9284
2026-08-05T16:59:20Z,ce90559f55be4473bb37ff8ca45b830d61c35bb7,6686,size_in_bytes,lib/ocaml/compiler-libs/warnings.cmi,21302
2026-08-05T16:59:20Z,ce90559f55be4473bb37ff8ca45b830d61c35bb7,6686,size_in_bytes,lib/ocaml/compiler-libs/global_module.cmi,171096
2026-08-05T16:59:20Z,ce90559f55be4473bb37ff8ca45b830d61c35bb7,6686,size_in_bytes,lib/ocaml/compiler-libs/flambda2_reaper__Dot_printer.cmi,12585
2026-08-05T16:59:20Z,ce90559f55be4473bb37ff8ca45b830d61c35bb7,6686,size_in_bytes,lib/ocaml/compiler-libs/flambda2_nominal__Ids_for_export.cmi,11085
2026-08-05T16:59:20Z,ce90559f55be4473bb37ff8ca45b830d61c35bb7,6686,size_in_bytes,lib/ocaml/compiler-libs/flambda2_datalog__.cmi,1695
2026-08-05T16:59:20Z,ce90559f55be4473bb37ff8ca45b830d61c35bb7,6686,size_in_bytes,lib/ocaml/compiler-libs/jkind_intf.cmi,35489
2026-08-05T16:59:20Z,ce90559f55be4473bb37ff8ca45b830d61c35bb7,6686,size_in_bytes,lib/ocaml/compiler-libs/flambda2_terms__Zero_alloc_attribute.cmi,8310
2026-08-05T16:59:20Z,ce90559f55be4473bb37ff8ca45b830d61c35bb7,6686,size_in_bytes,lib/ocaml/compiler-libs/flambda2_nominal__Permutation.cmi,3592
2026-08-05T16:59:20Z,ce90559f55be4473bb37ff8ca45b830d61c35bb7,6686,size_in_bytes,lib/ocaml/compiler-libs/dwarf_abstract_instances.cmi,5943
2026-08-05T16:59:20Z,ce90559f55be4473bb37ff8ca45b830d61c35bb7,6686,size_in_bytes,lib/ocaml/compiler-libs/dll.cmi,3353
2026-08-05T16:59:20Z,ce90559f55be4473bb37ff8ca45b830d61c35bb7,6686,size_in_bytes,lib/ocaml/compiler-libs/flambda2_simplify__Simplify.cmi,11262
2026-08-05T16:59:20Z,ce90559f55be4473bb37ff8ca45b830d61c35bb7,6686,size_in_bytes,lib/ocaml/compiler-libs/regalloc_gi.cmi,10751
2026-08-05T16:59:20Z,ce90559f55be4473bb37ff8ca45b830d61c35bb7,6686,size_in_bytes,lib/ocaml/compiler-libs/flambda2_terms__Flambda_primitive.cmi,183815
2026-08-05T16:59:20Z,ce90559f55be4473bb37ff8ca45b830d61c35bb7,6686,size_in_bytes,lib/ocaml/compiler-libs/arm64_binary_emitter__Shift_immh_immb_helpers.cmi,2285
2026-08-05T16:59:20Z,ce90559f55be4473bb37ff8ca45b830d61c35bb7,6686,size_in_bytes,lib/ocaml/compiler-libs/flambda2_terms__Apply_expr.cmi,74655
2026-08-05T16:59:20Z,ce90559f55be4473bb37ff8ca45b830d61c35bb7,6686,size_in_bytes,lib/ocaml/compiler-libs/path.cmi,49742
2026-08-05T16:59:20Z,ce90559f55be4473bb37ff8ca45b830d61c35bb7,6686,size_in_bytes,lib/ocaml/compiler-libs/asm_targets__Asm_symbol.cmi,61135
2026-08-05T16:59:20Z,ce90559f55be4473bb37ff8ca45b830d61c35bb7,6686,size_in_bytes,lib/ocaml/compiler-libs/flambda2_simplify__Common_subexpression_elimination.cmi,12734
2026-08-05T16:59:20Z,ce90559f55be4473bb37ff8ca45b830d61c35bb7,6686,size_in_bytes,lib/ocaml/compiler-libs/regs_utils.cmi,69850
2026-08-05T16:59:20Z,ce90559f55be4473bb37ff8ca45b830d61c35bb7,6686,size_in_bytes,lib/ocaml/compiler-libs/regalloc_validate.cmi,12156
2026-08-05T16:59:20Z,ce90559f55be4473bb37ff8ca45b830d61c35bb7,6686,size_in_bytes,lib/ocaml/compiler-libs/arm64_binary_emitter__Nop_helpers.cmi,612
2026-08-05T16:59:20Z,ce90559f55be4473bb37ff8ca45b830d61c35bb7,6686,size_in_bytes,lib/ocaml/compiler-libs/oxcaml_args.cmi,224275
2026-08-05T16:59:20Z,ce90559f55be4473bb37ff8ca45b830d61c35bb7,6686,size_in_bytes,lib/ocaml/compiler-libs/compute_ranges.cmi,16157
2026-08-05T16:59:20Z,ce90559f55be4473bb37ff8ca45b830d61c35bb7,6686,size_in_bytes,lib/ocaml/compiler-libs/flambda2_cmx.cmi,600
2026-08-05T16:59:20Z,ce90559f55be4473bb37ff8ca45b830d61c35bb7,6686,size_in_bytes,lib/ocaml/compiler-libs/type_shape.cmi,9345
2026-08-05T16:59:20Z,ce90559f55be4473bb37ff8ca45b830d61c35bb7,6686,size_in_bytes,lib/ocaml/compiler-libs/zero_alloc.cmi,6031
2026-08-05T16:59:20Z,ce90559f55be4473bb37ff8ca45b830d61c35bb7,6686,size_in_bytes,lib/ocaml/compiler-libs/complex_shape.cmi,7103
2026-08-05T16:59:20Z,ce90559f55be4473bb37ff8ca45b830d61c35bb7,6686,size_in_bytes,lib/ocaml/compiler-libs/binary_emitter_verify.cmi,4869
2026-08-05T16:59:20Z,ce90559f55be4473bb37ff8ca45b830d61c35bb7,6686,size_in_bytes,lib/ocaml/compiler-libs/flambda2_terms__Mutability.cmi,8159
2026-08-05T16:59:20Z,ce90559f55be4473bb37ff8ca45b830d61c35bb7,6686,size_in_bytes,lib/ocaml/compiler-libs/cfg_to_linear_desc.cmi,10224
2026-08-05T16:59:20Z,ce90559f55be4473bb37ff8ca45b830d61c35bb7,6686,size_in_bytes,lib/ocaml/compiler-libs/typedtree.cmi,155591
2026-08-05T16:59:20Z,ce90559f55be4473bb37ff8ca45b830d61c35bb7,6686,size_in_bytes,lib/ocaml/compiler-libs/opttoploop.cmi,24177
2026-08-05T16:59:20Z,ce90559f55be4473bb37ff8ca45b830d61c35bb7,6686,size_in_bytes,lib/ocaml/compiler-libs/flambda2_from_lambda__Closure_conversion_aux.cmi,71021
2026-08-05T16:59:20Z,ce90559f55be4473bb37ff8ca45b830d61c35bb7,6686,size_in_bytes,lib/ocaml/compiler-libs/cfg_selection.cmi,23625
2026-08-05T16:59:20Z,ce90559f55be4473bb37ff8ca45b830d61c35bb7,6686,size_in_bytes,lib/ocaml/compiler-libs/current_unit.cmi,4244
2026-08-05T16:59:20Z,ce90559f55be4473bb37ff8ca45b830d61c35bb7,6686,size_in_bytes,lib/ocaml/compiler-libs/flambda2_from_lambda__Closure_conversion.cmi,20608
2026-08-05T16:59:20Z,ce90559f55be4473bb37ff8ca45b830d61c35bb7,6686,size_in_bytes,lib/ocaml/compiler-libs/cfg_loop_infos.cmi,14528
2026-08-05T16:59:20Z,ce90559f55be4473bb37ff8ca45b830d61c35bb7,6686,size_in_bytes,lib/ocaml/compiler-libs/build_path_prefix_map.cmi,3585
2026-08-05T16:59:20Z,ce90559f55be4473bb37ff8ca45b830d61c35bb7,6686,size_in_bytes,lib/ocaml/compiler-libs/flambda2_simplify__Simplify_rec_info_expr.cmi,13830
2026-08-05T16:59:20Z,ce90559f55be4473bb37ff8ca45b830d61c35bb7,6686,size_in_bytes,lib/ocaml/compiler-libs/flambda2_to_cmm__To_cmm_shared.cmi,25068
2026-08-05T16:59:20Z,ce90559f55be4473bb37ff8ca45b830d61c35bb7,6686,size_in_bytes,lib/ocaml/compiler-libs/flambda2_simplify__Lifted_cont_params.cmi,10866
2026-08-05T16:59:20Z,ce90559f55be4473bb37ff8ca45b830d61c35bb7,6686,size_in_bytes,lib/ocaml/compiler-libs/flambda2_algorithms__Channel.cmi,3270
2026-08-05T16:59:20Z,ce90559f55be4473bb37ff8ca45b830d61c35bb7,6686,size_in_bytes,lib/ocaml/compiler-libs/cfg_quick_hash.cmi,11181
2026-08-05T16:59:20Z,ce90559f55be4473bb37ff8ca45b830d61c35bb7,6686,size_in_bytes,lib/ocaml/compiler-libs/jkind_axis.cmi,22769
2026-08-05T16:59:20Z,ce90559f55be4473bb37ff8ca45b830d61c35bb7,6686,size_in_bytes,lib/ocaml/compiler-libs/flambda2_types__Expand_head.cmi,25775
2026-08-05T16:59:20Z,ce90559f55be4473bb37ff8ca45b830d61c35bb7,6686,size_in_bytes,lib/ocaml/compiler-libs/flambda2_terms__Code0.cmi,24818
2026-08-05T16:59:20Z,ce90559f55be4473bb37ff8ca45b830d61c35bb7,6686,size_in_bytes,lib/ocaml/compiler-libs/sub_cfg.cmi,17085
2026-08-05T16:59:20Z,ce90559f55be4473bb37ff8ca45b830d61c35bb7,6686,size_in_bytes,lib/ocaml/compiler-libs/amd64_simd_defs.cmi,20549
2026-08-05T16:59:20Z,ce90559f55be4473bb37ff8ca45b830d61c35bb7,6686,size_in_bytes,lib/ocaml/compiler-libs/dwarf_high__Dwarf_attribute_helpers.cmi,23739
2026-08-05T16:59:20Z,ce90559f55be4473bb37ff8ca45b830d61c35bb7,6686,size_in_bytes,lib/ocaml/compiler-libs/dwarf_low__Dwarf_tag.cmi,6736
2026-08-05T16:59:20Z,ce90559f55be4473bb37ff8ca45b830d61c35bb7,6686,size_in_bytes,lib/ocaml/compiler-libs/flambda2_algorithms.cmi,1333
2026-08-05T16:59:20Z,ce90559f55be4473bb37ff8ca45b830d61c35bb7,6686,size_in_bytes,lib/ocaml/compiler-libs/allowance.cmi,5850
2026-08-05T16:59:20Z,ce90559f55be4473bb37ff8ca45b830d61c35bb7,6686,size_in_bytes,lib/ocaml/compiler-libs/flambda2_term_basics.cmi,2212
2026-08-05T16:59:20Z,ce90559f55be4473bb37ff8ca45b830d61c35bb7,6686,size_in_bytes,lib/ocaml/compiler-libs/arm64_binary_emitter__Adr_helpers.cmi,1864
2026-08-05T16:59:20Z,ce90559f55be4473bb37ff8ca45b830d61c35bb7,6686,size_in_bytes,lib/ocaml/compiler-libs/relocation_entry.cmi,2987
2026-08-05T16:59:20Z,ce90559f55be4473bb37ff8ca45b830d61c35bb7,6686,size_in_bytes,lib/ocaml/compiler-libs/dwarf_low__Initial_length.cmi,2249
2026-08-05T16:59:20Z,ce90559f55be4473bb37ff8ca45b830d61c35bb7,6686,size_in_bytes,lib/ocaml/compiler-libs/simplify_terminator.cmi,10502
2026-08-05T16:59:20Z,ce90559f55be4473bb37ff8ca45b830d61c35bb7,6686,size_in_bytes,lib/ocaml/compiler-libs/dwarf.cmi,15951
2026-08-05T16:59:20Z,ce90559f55be4473bb37ff8ca45b830d61c35bb7,6686,size_in_bytes,lib/ocaml/compiler-libs/flambda2_terms__Code_metadata.cmi,43876
2026-08-05T16:59:20Z,ce90559f55be4473bb37ff8ca45b830d61c35bb7,6686,size_in_bytes,lib/ocaml/compiler-libs/opcodes.cmi,19961
2026-08-05T16:59:20Z,ce90559f55be4473bb37ff8ca45b830d61c35bb7,6686,size_in_bytes,lib/ocaml/compiler-libs/instruct.cmi,20772
2026-08-05T16:59:20Z,ce90559f55be4473bb37ff8ca45b830d61c35bb7,6686,size_in_bytes,lib/ocaml/compiler-libs/flambda2_to_cmm__To_cmm_primitive.cmi,10988
2026-08-05T16:59:20Z,ce90559f55be4473bb37ff8ca45b830d61c35bb7,6686,size_in_bytes,lib/ocaml/compiler-libs/optlibrarian.cmi,17303
2026-08-05T16:59:20Z,ce90559f55be4473bb37ff8ca45b830d61c35bb7,6686,size_in_bytes,lib/ocaml/compiler-libs/dwarf_low__Dwarf_4_range_list.cmi,2818
2026-08-05T16:59:20Z,ce90559f55be4473bb37ff8ca45b830d61c35bb7,6686,size_in_bytes,lib/ocaml/compiler-libs/opt_fuel.cmi,902
2026-08-05T16:59:20Z,ce90559f55be4473bb37ff8ca45b830d61c35bb7,6686,size_in_bytes,lib/ocaml/compiler-libs/flambda2_simplify__Simplify_common.cmi,20168
2026-08-05T16:59:20Z,ce90559f55be4473bb37ff8ca45b830d61c35bb7,6686,size_in_bytes,lib/ocaml/compiler-libs/flambda2_to_jsir.cmi,1228
2026-08-05T16:59:20Z,ce90559f55be4473bb37ff8ca45b830d61c35bb7,6686,size_in_bytes,lib/ocaml/compiler-libs/flambda2_parser__Fexpr_to_flambda_commons.cmi,104077
2026-08-05T16:59:20Z,ce90559f55be4473bb37ff8ca45b830d61c35bb7,6686,size_in_bytes,lib/ocaml/compiler-libs/transl_array_comprehension.cmi,3736
2026-08-05T16:59:20Z,ce90559f55be4473bb37ff8ca45b830d61c35bb7,6686,size_in_bytes,lib/ocaml/compiler-libs/asm_targets__Asm_directives.cmi,40523
2026-08-05T16:59:20Z,ce90559f55be4473bb37ff8ca45b830d61c35bb7,6686,size_in_bytes,lib/ocaml/compiler-libs/flambda2_parser__Print_fexpr.cmi,7896
2026-08-05T16:59:20Z,ce90559f55be4473bb37ff8ca45b830d61c35bb7,6686,size_in_bytes,lib/ocaml/compiler-libs/arm64_ast__Logical_immediates.cmi,1361
2026-08-05T16:59:20Z,ce90559f55be4473bb37ff8ca45b830d61c35bb7,6686,size_in_bytes,lib/ocaml/compiler-libs/flambda2_reaper__Field.cmi,67703
2026-08-05T16:59:20Z,ce90559f55be4473bb37ff8ca45b830d61c35bb7,6686,size_in_bytes,lib/ocaml/compiler-libs/regalloc_stack_slots.cmi,13484
2026-08-05T16:59:20Z,ce90559f55be4473bb37ff8ca45b830d61c35bb7,6686,size_in_bytes,lib/ocaml/compiler-libs/reg.cmi,113536
2026-08-05T16:59:20Z,ce90559f55be4473bb37ff8ca45b830d61c35bb7,6686,size_in_bytes,lib/ocaml/compiler-libs/targetint.cmi,11007
2026-08-05T16:59:20Z,ce90559f55be4473bb37ff8ca45b830d61c35bb7,6686,size_in_bytes,lib/ocaml/compiler-libs/printreg.cmi,13147
2026-08-05T16:59:20Z,ce90559f55be4473bb37ff8ca45b830d61c35bb7,6686,size_in_bytes,lib/ocaml/compiler-libs/cfg_format.cmi,12219
2026-08-05T16:59:20Z,ce90559f55be4473bb37ff8ca45b830d61c35bb7,6686,size_in_bytes,lib/ocaml/compiler-libs/includemod_errorprinter.cmi,3536
2026-08-05T16:59:20Z,ce90559f55be4473bb37ff8ca45b830d61c35bb7,6686,size_in_bytes,lib/ocaml/compiler-libs/flambda2_terms__Call_kind.cmi,18716
2026-08-05T16:59:20Z,ce90559f55be4473bb37ff8ca45b830d61c35bb7,6686,size_in_bytes,lib/ocaml/compiler-libs/arm64_binary_emitter__Section_state.cmi,9357
2026-08-05T16:59:20Z,ce90559f55be4473bb37ff8ca45b830d61c35bb7,6686,size_in_bytes,lib/ocaml/compiler-libs/translcore.cmi,9929
2026-08-05T16:59:20Z,ce90559f55be4473bb37ff8ca45b830d61c35bb7,6686,size_in_bytes,lib/ocaml/compiler-libs/mode_intf.cmi,412580
2026-08-05T16:59:20Z,ce90559f55be4473bb37ff8ca45b830d61c35bb7,6686,size_in_bytes,lib/ocaml/compiler-libs/flambda2.cmi,13460
2026-08-05T16:59:20Z,ce90559f55be4473bb37ff8ca45b830d61c35bb7,6686,size_in_bytes,lib/ocaml/compiler-libs/dwarf_low__Dwarf_attribute_values.cmi,19529
2026-08-05T16:59:20Z,ce90559f55be4473bb37ff8ca45b830d61c35bb7,6686,size_in_bytes,lib/ocaml/compiler-libs/flambda2_to_jsir__To_jsir_result.cmi,8571
2026-08-05T16:59:20Z,ce90559f55be4473bb37ff8ca45b830d61c35bb7,6686,size_in_bytes,lib/ocaml/compiler-libs/regalloc_interf_graph.cmi,21289
2026-08-05T16:59:20Z,ce90559f55be4473bb37ff8ca45b830d61c35bb7,6686,size_in_bytes,lib/ocaml/compiler-libs/cmm_helpers.cmi,184911
2026-08-05T16:59:20Z,ce90559f55be4473bb37ff8ca45b830d61c35bb7,6686,size_in_bytes,lib/ocaml/compiler-libs/flambda2_simplify__Build_unboxing_denv.cmi,10345
2026-08-05T16:59:20Z,ce90559f55be4473bb37ff8ca45b830d61c35bb7,6686,size_in_bytes,lib/ocaml/compiler-libs/flambda2_simplify_shared__Exported_offsets.cmi,9858
2026-08-05T16:59:20Z,ce90559f55be4473bb37ff8ca45b830d61c35bb7,6686,size_in_bytes,lib/ocaml/compiler-libs/dwarf_low__Location_list_table.cmi,4479
2026-08-05T16:59:20Z,ce90559f55be4473bb37ff8ca45b830d61c35bb7,6686,size_in_bytes,lib/ocaml/compiler-libs/flambda2_simplify__Simplify_ternary_primitive.cmi,12305
2026-08-05T16:59:20Z,ce90559f55be4473bb37ff8ca45b830d61c35bb7,6686,size_in_bytes,lib/ocaml/compiler-libs/flambda2_types__Meet_and_n_way_join.cmi,7913
2026-08-05T16:59:20Z,ce90559f55be4473bb37ff8ca45b830d61c35bb7,6686,size_in_bytes,lib/ocaml/compiler-libs/camlinternalMenhirLib.cmi,151857
2026-08-05T16:59:20Z,ce90559f55be4473bb37ff8ca45b830d61c35bb7,6686,size_in_bytes,lib/ocaml/compiler-libs/location.cmi,33651
2026-08-05T16:59:20Z,ce90559f55be4473bb37ff8ca45b830d61c35bb7,6686,size_in_bytes,lib/ocaml/compiler-libs/language_extension_kernel.cmi,2297
2026-08-05T16:59:20Z,ce90559f55be4473bb37ff8ca45b830d61c35bb7,6686,size_in_bytes,lib/ocaml/compiler-libs/terminfo.cmi,1923
2026-08-05T16:59:20Z,ce90559f55be4473bb37ff8ca45b830d61c35bb7,6686,size_in_bytes,lib/ocaml/compiler-libs/flambda2_simplify__Simplify_apply_expr.cmi,11532
2026-08-05T16:59:20Z,ce90559f55be4473bb37ff8ca45b830d61c35bb7,6686,size_in_bytes,lib/ocaml/compiler-libs/runtimedef.cmi,560
2026-08-05T16:59:20Z,ce90559f55be4473bb37ff8ca45b830d61c35bb7,6686,size_in_bytes,lib/ocaml/compiler-libs/cmm_peephole_engine.cmi,15870
2026-08-05T16:59:20Z,ce90559f55be4473bb37ff8ca45b830d61c35bb7,6686,size_in_bytes,lib/ocaml/compiler-libs/cfg_colours.cmi,2698
2026-08-05T16:59:20Z,ce90559f55be4473bb37ff8ca45b830d61c35bb7,6686,size_in_bytes,lib/ocaml/compiler-libs/x86_masm.cmi,1622
2026-08-05T16:59:20Z,ce90559f55be4473bb37ff8ca45b830d61c35bb7,6686,size_in_bytes,lib/ocaml/compiler-libs/flambda2_import.cmi,367
2026-08-05T16:59:20Z,ce90559f55be4473bb37ff8ca45b830d61c35bb7,6686,size_in_bytes,lib/ocaml/compiler-libs/dwarf_low__Dwarf_language.cmi,3396
2026-08-05T16:59:20Z,ce90559f55be4473bb37ff8ca45b830d61c35bb7,6686,size_in_bytes,lib/ocaml/compiler-libs/cfg_liveness.cmi,16484
2026-08-05T16:59:20Z,ce90559f55be4473bb37ff8ca45b830d61c35bb7,6686,size_in_bytes,lib/ocaml/compiler-libs/diffing_with_keys.cmi,8088
2026-08-05T16:59:20Z,ce90559f55be4473bb37ff8ca45b830d61c35bb7,6686,size_in_bytes,lib/ocaml/compiler-libs/flambda2_simplify__Apply_cont_rewrite.cmi,13170
2026-08-05T16:59:20Z,ce90559f55be4473bb37ff8ca45b830d61c35bb7,6686,size_in_bytes,lib/ocaml/compiler-libs/dwarf_state.cmi,14058
2026-08-05T16:59:20Z,ce90559f55be4473bb37ff8ca45b830d61c35bb7,6686,size_in_bytes,lib/ocaml/compiler-libs/backend_var.cmi,22916
2026-08-05T16:59:20Z,ce90559f55be4473bb37ff8ca45b830d61c35bb7,6686,size_in_bytes,lib/ocaml/compiler-libs/solver_intf.cmi,63332
2026-08-05T16:59:20Z,ce90559f55be4473bb37ff8ca45b830d61c35bb7,6686,size_in_bytes,lib/ocaml/compiler-libs/available_ranges_vars.cmi,57913
2026-08-05T16:59:20Z,ce90559f55be4473bb37ff8ca45b830d61c35bb7,6686,size_in_bytes,lib/ocaml/compiler-libs/flambda2_bound_identifiers__Bound_static.cmi,10923
2026-08-05T16:59:20Z,ce90559f55be4473bb37ff8ca45b830d61c35bb7,6686,size_in_bytes,lib/ocaml/compiler-libs/printlambda.cmi,10127
2026-08-05T16:59:20Z,ce90559f55be4473bb37ff8ca45b830d61c35bb7,6686,size_in_bytes,lib/ocaml/compiler-libs/x86_proc.cmi,13115
2026-08-05T16:59:20Z,ce90559f55be4473bb37ff8ca45b830d61c35bb7,6686,size_in_bytes,lib/ocaml/compiler-libs/dwarf_low__Child_determination.cmi,2177
2026-08-05T16:59:20Z,ce90559f55be4473bb37ff8ca45b830d61c35bb7,6686,size_in_bytes,lib/ocaml/compiler-libs/toploop.cmi,23984
2026-08-05T16:59:20Z,ce90559f55be4473bb37ff8ca45b830d61c35bb7,6686,size_in_bytes,lib/ocaml/compiler-libs/printcmm.cmi,15388
2026-08-05T16:59:20Z,ce90559f55be4473bb37ff8ca45b830d61c35bb7,6686,size_in_bytes,lib/ocaml/compiler-libs/flambda2_datalog__Schedule.cmi,4423
2026-08-05T16:59:20Z,ce90559f55be4473bb37ff8ca45b830d61c35bb7,6686,size_in_bytes,lib/ocaml/compiler-libs/flambda2_identifiers__Rec_info_expr0.cmi,13213
2026-08-05T16:59:20Z,ce90559f55be4473bb37ff8ca45b830d61c35bb7,6686,size_in_bytes,lib/ocaml/compiler-libs/flambda2_bound_identifiers__Bound_parameters.cmi,12868
2026-08-05T16:59:20Z,ce90559f55be4473bb37ff8ca45b830d61c35bb7,6686,size_in_bytes,lib/ocaml/compiler-libs/flambda2_ui.cmi,469
2026-08-05T16:59:20Z,ce90559f55be4473bb37ff8ca45b830d61c35bb7,6686,size_in_bytes,lib/ocaml/compiler-libs/dwarf_name_laundry.cmi,4090
2026-08-05T16:59:20Z,ce90559f55be4473bb37ff8ca45b830d61c35bb7,6686,size_in_bytes,lib/ocaml/compiler-libs/dwarf_low__Location_or_range_list_entry.cmi,8611
2026-08-05T16:59:20Z,ce90559f55be4473bb37ff8ca45b830d61c35bb7,6686,size_in_bytes,lib/ocaml/compiler-libs/flambda2_identifiers__Code_id.cmi,8679
2026-08-05T16:59:20Z,ce90559f55be4473bb37ff8ca45b830d61c35bb7,6686,size_in_bytes,lib/ocaml/compiler-libs/flambda2_simplify__Named_rewrite.cmi,9000
2026-08-05T16:59:20Z,ce90559f55be4473bb37ff8ca45b830d61c35bb7,6686,size_in_bytes,lib/ocaml/compiler-libs/arm64_binary_emitter__All_section_states.cmi,9498
2026-08-05T16:59:20Z,ce90559f55be4473bb37ff8ca45b830d61c35bb7,6686,size_in_bytes,lib/ocaml/compiler-libs/flambda2_kinds__Flambda_arity.cmi,11422
2026-08-05T16:59:20Z,ce90559f55be4473bb37ff8ca45b830d61c35bb7,6686,size_in_bytes,lib/ocaml/compiler-libs/bytesections.cmi,5199
2026-08-05T16:59:20Z,ce90559f55be4473bb37ff8ca45b830d61c35bb7,6686,size_in_bytes,lib/ocaml/compiler-libs/arm64_binary_emitter__Branch_helpers.cmi,5240
2026-08-05T16:59:20Z,ce90559f55be4473bb37ff8ca45b830d61c35bb7,6686,size_in_bytes,lib/ocaml/compiler-libs/x86_peephole_utils.cmi,5305
2026-08-05T16:59:20Z,ce90559f55be4473bb37ff8ca45b830d61c35bb7,6686,size_in_bytes,lib/ocaml/compiler-libs/dwarf_low__Dwarf_version.cmi,2372
2026-08-05T16:59:20Z,ce90559f55be4473bb37ff8ca45b830d61c35bb7,6686,size_in_bytes,lib/ocaml/compiler-libs/probe_emission.cmi,14264
2026-08-05T16:59:20Z,ce90559f55be4473bb37ff8ca45b830d61c35bb7,6686,size_in_bytes,lib/ocaml/compiler-libs/flambda2_from_lambda__Lambda_to_flambda_primitives.cmi,11737
2026-08-05T16:59:20Z,ce90559f55be4473bb37ff8ca45b830d61c35bb7,6686,size_in_bytes,lib/ocaml/compiler-libs/flambda2_reaper__Reaper.cmi,10018
2026-08-05T16:59:20Z,ce90559f55be4473bb37ff8ca45b830d61c35bb7,6686,size_in_bytes,lib/ocaml/compiler-libs/ccomp.cmi,3307
2026-08-05T16:59:20Z,ce90559f55be4473bb37ff8ca45b830d61c35bb7,6686,size_in_bytes,lib/ocaml/compiler-libs/flambda2_datalog__Virtual_machine.cmi,10759
2026-08-05T16:59:20Z,ce90559f55be4473bb37ff8ca45b830d61c35bb7,6686,size_in_bytes,lib/ocaml/compiler-libs/flambda2_compare.cmi,347
2026-08-05T16:59:20Z,ce90559f55be4473bb37ff8ca45b830d61c35bb7,6686,size_in_bytes,lib/ocaml/compiler-libs/flambda2_term_basics__Or_invalid.cmi,2251
2026-08-05T16:59:20Z,ce90559f55be4473bb37ff8ca45b830d61c35bb7,6686,size_in_bytes,lib/ocaml/compiler-libs/numbers.cmi,169925
2026-08-05T16:59:20Z,ce90559f55be4473bb37ff8ca45b830d61c35bb7,6686,size_in_bytes,lib/ocaml/compiler-libs/cfg_edge.cmi,35690
2026-08-05T16:59:20Z,ce90559f55be4473bb37ff8ca45b830d61c35bb7,6686,size_in_bytes,lib/ocaml/compiler-libs/flambda2_bound_identifiers.cmi,1876
2026-08-05T16:59:20Z,ce90559f55be4473bb37ff8ca45b830d61c35bb7,6686,size_in_bytes,lib/ocaml/compiler-libs/parser_types.cmi,3383
2026-08-05T16:59:20Z,ce90559f55be4473bb37ff8ca45b830d61c35bb7,6686,size_in_bytes,lib/ocaml/compiler-libs/flambda2_simplify__Is_unboxing_beneficial.cmi,9187
2026-08-05T16:59:20Z,ce90559f55be4473bb37ff8ca45b830d61c35bb7,6686,size_in_bytes,lib/ocaml/compiler-libs/eh_frame_registration.cmi,662
2026-08-05T16:59:20Z,ce90559f55be4473bb37ff8ca45b830d61c35bb7,6686,size_in_bytes,lib/ocaml/compiler-libs/flambda2_numbers__One_bit_fewer.cmi,24790
2026-08-05T16:59:20Z,ce90559f55be4473bb37ff8ca45b830d61c35bb7,6686,size_in_bytes,lib/ocaml/compiler-libs/flambda2_identifiers__Continuation_callsite_map.cmi,3771
2026-08-05T16:59:20Z,ce90559f55be4473bb37ff8ca45b830d61c35bb7,6686,size_in_bytes,lib/ocaml/compiler-libs/flambda2_datalog__Trie.cmi,12467
2026-08-05T16:59:20Z,ce90559f55be4473bb37ff8ca45b830d61c35bb7,6686,size_in_bytes,lib/ocaml/compiler-libs/flambda2_simplify__Expr_builder.cmi,24763
2026-08-05T16:59:20Z,ce90559f55be4473bb37ff8ca45b830d61c35bb7,6686,size_in_bytes,lib/ocaml/compiler-libs/flambda2_simplify__Simplify_expr.cmi,11511
2026-08-05T16:59:20Z,ce90559f55be4473bb37ff8ca45b830d61c35bb7,6686,size_in_bytes,lib/ocaml/compiler-libs/flambda2_from_lambda__Lambda_to_lambda_transforms.cmi,8439
2026-08-05T16:59:20Z,ce90559f55be4473bb37ff8ca45b830d61c35bb7,6686,size_in_bytes,lib/ocaml/compiler-libs/arm64_binary_emitter__Relocation.cmi,7236
2026-08-05T16:59:20Z,ce90559f55be4473bb37ff8ca45b830d61c35bb7,6686,size_in_bytes,lib/ocaml/compiler-libs/untypeast.cmi,20662
2026-08-05T16:59:20Z,ce90559f55be4473bb37ff8ca45b830d61c35bb7,6686,size_in_bytes,lib/ocaml/compiler-libs/dissector_log.cmi,931
2026-08-05T16:59:20Z,ce90559f55be4473bb37ff8ca45b830d61c35bb7,6686,size_in_bytes,lib/ocaml/compiler-libs/flambda2_algorithms__Container_types_intf.cmi,356305
2026-08-05T16:59:20Z,ce90559f55be4473bb37ff8ca45b830d61c35bb7,6686,size_in_bytes,lib/ocaml/compiler-libs/bytelibrarian.cmi,2400
2026-08-05T16:59:20Z,ce90559f55be4473bb37ff8ca45b830d61c35bb7,6686,size_in_bytes,lib/ocaml/compiler-libs/flambda2_simplify__One_continuation_use.cmi,12104
2026-08-05T16:59:20Z,ce90559f55be4473bb37ff8ca45b830d61c35bb7,6686,size_in_bytes,lib/ocaml/compiler-libs/cfg_selectgen_target_intf.cmi,20378
2026-08-05T16:59:20Z,ce90559f55be4473bb37ff8ca45b830d61c35bb7,6686,size_in_bytes,lib/ocaml/compiler-libs/blambda_of_lambda.cmi,3160
2026-08-05T16:59:20Z,ce90559f55be4473bb37ff8ca45b830d61c35bb7,6686,size_in_bytes,lib/ocaml/compiler-libs/flambda2_parser__Fexpr.cmi,48009
2026-08-05T16:59:20Z,ce90559f55be4473bb37ff8ca45b830d61c35bb7,6686,size_in_bytes,lib/ocaml/compiler-libs/includemod.cmi,66346
2026-08-05T16:59:20Z,ce90559f55be4473bb37ff8ca45b830d61c35bb7,6686,size_in_bytes,lib/ocaml/compiler-libs/linker_script.cmi,1500
2026-08-05T16:59:20Z,ce90559f55be4473bb37ff8ca45b830d61c35bb7,6686,size_in_bytes,lib/ocaml/compiler-libs/binary_emitter_intf.cmi,14098
2026-08-05T16:59:20Z,ce90559f55be4473bb37ff8ca45b830d61c35bb7,6686,size_in_bytes,lib/ocaml/compiler-libs/flambda2_ui__Flambda_features.cmi,20955
2026-08-05T16:59:20Z,ce90559f55be4473bb37ff8ca45b830d61c35bb7,6686,size_in_bytes,lib/ocaml/compiler-libs/bytegen.cmi,3768
2026-08-05T16:59:20Z,ce90559f55be4473bb37ff8ca45b830d61c35bb7,6686,size_in_bytes,lib/ocaml/compiler-libs/flambda2_term_basics__Or_variable.cmi,8453
2026-08-05T16:59:20Z,ce90559f55be4473bb37ff8ca45b830d61c35bb7,6686,size_in_bytes,lib/ocaml/compiler-libs/lru.cmi,4562
2026-08-05T16:59:20Z,ce90559f55be4473bb37ff8ca45b830d61c35bb7,6686,size_in_bytes,lib/ocaml/compiler-libs/solver.cmi,18819
2026-08-05T16:59:20Z,ce90559f55be4473bb37ff8ca45b830d61c35bb7,6686,size_in_bytes,lib/ocaml/compiler-libs/flambda2_floats.cmi,348
2026-08-05T16:59:20Z,ce90559f55be4473bb37ff8ca45b830d61c35bb7,6686,size_in_bytes,lib/ocaml/compiler-libs/flambda2_algorithms__Patricia_tree.cmi,61160
2026-08-05T16:59:20Z,ce90559f55be4473bb37ff8ca45b830d61c35bb7,6686,size_in_bytes,lib/ocaml/compiler-libs/label.cmi,55346
2026-08-05T16:59:20Z,ce90559f55be4473bb37ff8ca45b830d61c35bb7,6686,size_in_bytes,lib/ocaml/compiler-libs/arm64_binary_emitter__Encode_instruction.cmi,2132
2026-08-05T16:59:20Z,ce90559f55be4473bb37ff8ca45b830d61c35bb7,6686,size_in_bytes,lib/ocaml/compiler-libs/flambda2_to_jsir__To_jsir_shared.cmi,13895
2026-08-05T16:59:20Z,ce90559f55be4473bb37ff8ca45b830d61c35bb7,6686,size_in_bytes,lib/ocaml/compiler-libs/regalloc_irc.cmi,10787
2026-08-05T16:59:20Z,ce90559f55be4473bb37ff8ca45b830d61c35bb7,6686,size_in_bytes,lib/ocaml/compiler-libs/flambda2_numbers.cmi,1046
2026-08-05T16:59:20Z,ce90559f55be4473bb37ff8ca45b830d61c35bb7,6686,size_in_bytes,lib/ocaml/compiler-libs/x86_binary_emitter.cmi,37349
2026-08-05T16:59:20Z,ce90559f55be4473bb37ff8ca45b830d61c35bb7,6686,size_in_bytes,lib/ocaml/compiler-libs/zero_alloc_annotations.cmi,3147
2026-08-05T16:59:20Z,ce90559f55be4473bb37ff8ca45b830d61c35bb7,6686,size_in_bytes,lib/ocaml/compiler-libs/translclass.cmi,4283
2026-08-05T16:59:20Z,ce90559f55be4473bb37ff8ca45b830d61c35bb7,6686,size_in_bytes,lib/ocaml/compiler-libs/flambda2_datalog__Table.cmi,11800
2026-08-05T16:59:20Z,ce90559f55be4473bb37ff8ca45b830d61c35bb7,6686,size_in_bytes,lib/ocaml/compiler-libs/jkind_types.cmi,28443
2026-08-05T16:59:20Z,ce90559f55be4473bb37ff8ca45b830d61c35bb7,6686,size_in_bytes,lib/ocaml/compiler-libs/ast_mapper.cmi,25141
2026-08-05T16:59:20Z,ce90559f55be4473bb37ff8ca45b830d61c35bb7,6686,size_in_bytes,lib/ocaml/compiler-libs/regalloc_split_utils.cmi,14422
2026-08-05T16:59:20Z,ce90559f55be4473bb37ff8ca45b830d61c35bb7,6686,size_in_bytes,lib/ocaml/compiler-libs/signature_with_global_bindings.cmi,4819
2026-08-05T16:59:20Z,ce90559f55be4473bb37ff8ca45b830d61c35bb7,6686,size_in_bytes,lib/ocaml/compiler-libs/ldd.cmi,7446
2026-08-05T16:59:20Z,ce90559f55be4473bb37ff8ca45b830d61c35bb7,6686,size_in_bytes,lib/ocaml/compiler-libs/flambda2_reaper__Rebuild.cmi,12732
2026-08-05T16:59:20Z,ce90559f55be4473bb37ff8ca45b830d61c35bb7,6686,size_in_bytes,lib/ocaml/compiler-libs/partition.cmi,3846
2026-08-05T16:59:20Z,ce90559f55be4473bb37ff8ca45b830d61c35bb7,6686,size_in_bytes,lib/ocaml/compiler-libs/flambda2_term_basics__Tag_and_size.cmi,57764
2026-08-05T16:59:20Z,ce90559f55be4473bb37ff8ca45b830d61c35bb7,6686,size_in_bytes,lib/ocaml/compiler-libs/flambda2_lattices__Or_unknown.cmi,67862
2026-08-05T16:59:20Z,ce90559f55be4473bb37ff8ca45b830d61c35bb7,6686,size_in_bytes,lib/ocaml/compiler-libs/topmain.cmi,458
2026-08-05T16:59:20Z,ce90559f55be4473bb37ff8ca45b830d61c35bb7,6686,size_in_bytes,lib/ocaml/compiler-libs/flambda2_terms__Recursive.cmi,7154
2026-08-05T16:59:20Z,ce90559f55be4473bb37ff8ca45b830d61c35bb7,6686,size_in_bytes,lib/ocaml/compiler-libs/identifiable.cmi,164627
2026-08-05T16:59:20Z,ce90559f55be4473bb37ff8ca45b830d61c35bb7,6686,size_in_bytes,lib/ocaml/compiler-libs/rawprinttyp.cmi,2955
2026-08-05T16:59:20Z,ce90559f55be4473bb37ff8ca45b830d61c35bb7,6686,size_in_bytes,lib/ocaml/compiler-libs/errortrace.cmi,24301
2026-08-05T16:59:20Z,ce90559f55be4473bb37ff8ca45b830d61c35bb7,6686,size_in_bytes,lib/ocaml/compiler-libs/flambda2_simplify__Specialization_cost.cmi,13118
2026-08-05T16:59:20Z,ce90559f55be4473bb37ff8ca45b830d61c35bb7,6686,size_in_bytes,lib/ocaml/compiler-libs/flambda2_parser__Flambda_parser_messages.cmi,1048
2026-08-05T16:59:20Z,ce90559f55be4473bb37ff8ca45b830d61c35bb7,6686,size_in_bytes,lib/ocaml/compiler-libs/cmj_format.cmi,1833
2026-08-05T16:59:20Z,ce90559f55be4473bb37ff8ca45b830d61c35bb7,6686,size_in_bytes,lib/ocaml/compiler-libs/arm64_binary_emitter__Csel_helpers.cmi,2027
2026-08-05T16:59:20Z,ce90559f55be4473bb37ff8ca45b830d61c35bb7,6686,size_in_bytes,lib/ocaml/compiler-libs/unit_info.cmi,13621
2026-08-05T16:59:20Z,ce90559f55be4473bb37ff8ca45b830d61c35bb7,6686,size_in_bytes,lib/ocaml/compiler-libs/dwarf_low__Range_list_table.cmi,4173
2026-08-05T16:59:20Z,ce90559f55be4473bb37ff8ca45b830d61c35bb7,6686,size_in_bytes,lib/ocaml/compiler-libs/linear.cmi,19397
2026-08-05T16:59:20Z,ce90559f55be4473bb37ff8ca45b830d61c35bb7,6686,size_in_bytes,lib/ocaml/compiler-libs/dwarf_low__Debug_ranges_table.cmi,3140
2026-08-05T16:59:20Z,ce90559f55be4473bb37ff8ca45b830d61c35bb7,6686,size_in_bytes,lib/ocaml/compiler-libs/flambda2_identifiers__Variable.cmi,9570
2026-08-05T16:59:20Z,ce90559f55be4473bb37ff8ca45b830d61c35bb7,6686,size_in_bytes,lib/ocaml/compiler-libs/flambda2_simplify__Mutable_unboxing.cmi,12396
2026-08-05T16:59:20Z,ce90559f55be4473bb37ff8ca45b830d61c35bb7,6686,size_in_bytes,lib/ocaml/compiler-libs/cfg_intf.cmi,20121
2026-08-05T16:59:20Z,ce90559f55be4473bb37ff8ca45b830d61c35bb7,6686,size_in_bytes,lib/ocaml/compiler-libs/flambda2_from_lambda__Lambda_to_flambda_primitives_helpers.cmi,18768
2026-08-05T16:59:20Z,ce90559f55be4473bb37ff8ca45b830d61c35bb7,6686,size_in_bytes,lib/ocaml/compiler-libs/vicuna_traverse_typed_tree.cmi,2858
2026-08-05T16:59:20Z,ce90559f55be4473bb37ff8ca45b830d61c35bb7,6686,size_in_bytes,lib/ocaml/compiler-libs/x86_gas.cmi,2123
2026-08-05T16:59:20Z,ce90559f55be4473bb37ff8ca45b830d61c35bb7,6686,size_in_bytes,lib/ocaml/compiler-libs/peephole_optimize.cmi,10333
2026-08-05T16:59:20Z,ce90559f55be4473bb37ff8ca45b830d61c35bb7,6686,size_in_bytes,lib/ocaml/compiler-libs/flambda2_bound_identifiers__Bound_continuations.cmi,7406
2026-08-05T16:59:20Z,ce90559f55be4473bb37ff8ca45b830d61c35bb7,6686,size_in_bytes,lib/ocaml/compiler-libs/errortrace_report.cmi,6917
2026-08-05T16:59:20Z,ce90559f55be4473bb37ff8ca45b830d61c35bb7,6686,size_in_bytes,lib/ocaml/compiler-libs/dwarf_low__Address_index.cmi,108167
2026-08-05T16:59:20Z,ce90559f55be4473bb37ff8ca45b830d61c35bb7,6686,size_in_bytes,lib/ocaml/compiler-libs/zero_alloc_checker.cmi,15680
2026-08-05T16:59:20Z,ce90559f55be4473bb37ff8ca45b830d61c35bb7,6686,size_in_bytes,lib/ocaml/compiler-libs/flambda2_types__Typing_env.cmi,31801
2026-08-05T16:59:20Z,ce90559f55be4473bb37ff8ca45b830d61c35bb7,6686,size_in_bytes,lib/ocaml/compiler-libs/flambda2_simplify__Upwards_acc.cmi,23489
2026-08-05T16:59:20Z,ce90559f55be4473bb37ff8ca45b830d61c35bb7,6686,size_in_bytes,lib/ocaml/compiler-libs/form_rewrite_plan.cmi,12870
2026-08-05T16:59:20Z,ce90559f55be4473bb37ff8ca45b830d61c35bb7,6686,size_in_bytes,lib/ocaml/compiler-libs/dwarf_low__Dwarf_4_entry_sorting.cmi,1178
2026-08-05T16:59:20Z,ce90559f55be4473bb37ff8ca45b830d61c35bb7,6686,size_in_bytes,lib/ocaml/compiler-libs/cfg_dataflow.cmi,25186
2026-08-05T16:59:20Z,ce90559f55be4473bb37ff8ca45b830d61c35bb7,6686,size_in_bytes,lib/ocaml/compiler-libs/debug.cmi,773
2026-08-05T16:59:20Z,ce90559f55be4473bb37ff8ca45b830d61c35bb7,6686,size_in_bytes,lib/ocaml/compiler-libs/flambda2_identifiers__Code_id_or_name.cmi,8654
2026-08-05T16:59:20Z,ce90559f55be4473bb37ff8ca45b830d61c35bb7,6686,size_in_bytes,lib/ocaml/compiler-libs/persistent_env.cmi,33807
2026-08-05T16:59:20Z,ce90559f55be4473bb37ff8ca45b830d61c35bb7,6686,size_in_bytes,lib/ocaml/compiler-libs/flambda2_to_cmm__To_cmm_env.cmi,36532
2026-08-05T16:59:20Z,ce90559f55be4473bb37ff8ca45b830d61c35bb7,6686,size_in_bytes,lib/ocaml/compiler-libs/flambda2_simplify__Simplify_unary_primitive.cmi,11850
2026-08-05T16:59:20Z,ce90559f55be4473bb37ff8ca45b830d61c35bb7,6686,size_in_bytes,lib/ocaml/compiler-libs/x86_ast.cmi,17630
2026-08-05T16:59:20Z,ce90559f55be4473bb37ff8ca45b830d61c35bb7,6686,size_in_bytes,lib/ocaml/compiler-libs/flambda2_terms__Code_or_metadata.cmi,15426
2026-08-05T16:59:20Z,ce90559f55be4473bb37ff8ca45b830d61c35bb7,6686,size_in_bytes,lib/ocaml/compiler-libs/compilation_unit.cmi,174329
2026-08-05T16:59:20Z,ce90559f55be4473bb37ff8ca45b830d61c35bb7,6686,size_in_bytes,lib/ocaml/compiler-libs/dwarf_low__Unit_type.cmi,2042
2026-08-05T16:59:20Z,ce90559f55be4473bb37ff8ca45b830d61c35bb7,6686,size_in_bytes,lib/ocaml/compiler-libs/flambda2_algorithms__Lmap.cmi,28342
2026-08-05T16:59:20Z,ce90559f55be4473bb37ff8ca45b830d61c35bb7,6686,size_in_bytes,lib/ocaml/compiler-libs/flambda2_from_lambda__Lambda_to_flambda.cmi,10545
2026-08-05T16:59:20Z,ce90559f55be4473bb37ff8ca45b830d61c35bb7,6686,size_in_bytes,lib/ocaml/compiler-libs/compute_ranges_intf.cmi,63442
2026-08-05T16:59:20Z,ce90559f55be4473bb37ff8ca45b830d61c35bb7,6686,size_in_bytes,lib/ocaml/compiler-libs/flambda2_terms__Loopify_attribute.cmi,7817
2026-08-05T16:59:20Z,ce90559f55be4473bb37ff8ca45b830d61c35bb7,6686,size_in_bytes,lib/ocaml/compiler-libs/opttopdirs.cmi,4198
2026-08-05T16:59:20Z,ce90559f55be4473bb37ff8ca45b830d61c35bb7,6686,size_in_bytes,lib/ocaml/compiler-libs/includeclass.cmi,4653
2026-08-05T16:59:20Z,ce90559f55be4473bb37ff8ca45b830d61c35bb7,6686,size_in_bytes,lib/ocaml/compiler-libs/cmo_format.cmi,7249
2026-08-05T16:59:20Z,ce90559f55be4473bb37ff8ca45b830d61c35bb7,6686,size_in_bytes,lib/ocaml/compiler-libs/compilenv.cmi,16844
2026-08-05T16:59:20Z,ce90559f55be4473bb37ff8ca45b830d61c35bb7,6686,size_in_bytes,lib/ocaml/compiler-libs/flambda2_simplify__Dominator_graph.cmi,15535
2026-08-05T16:59:20Z,ce90559f55be4473bb37ff8ca45b830d61c35bb7,6686,size_in_bytes,lib/ocaml/compiler-libs/flambda2_simplify__Simplify_simple.cmi,12815
2026-08-05T16:59:20Z,ce90559f55be4473bb37ff8ca45b830d61c35bb7,6686,size_in_bytes,lib/ocaml/compiler-libs/structured_mangling.cmi,4045
2026-08-05T16:59:20Z,ce90559f55be4473bb37ff8ca45b830d61c35bb7,6686,size_in_bytes,lib/ocaml/compiler-libs/arm64_binary_emitter__Bitfield_helpers.cmi,1976
2026-08-05T16:59:20Z,ce90559f55be4473bb37ff8ca45b830d61c35bb7,6686,size_in_bytes,lib/ocaml/compiler-libs/typedecl.cmi,31008
2026-08-05T16:59:20Z,ce90559f55be4473bb37ff8ca45b830d61c35bb7,6686,size_in_bytes,lib/ocaml/compiler-libs/emitcode.cmi,5504
2026-08-05T16:59:20Z,ce90559f55be4473bb37ff8ca45b830d61c35bb7,6686,size_in_bytes,lib/ocaml/compiler-libs/dwarf_low__Abbreviations_table_entry.cmi,3653
2026-08-05T16:59:20Z,ce90559f55be4473bb37ff8ca45b830d61c35bb7,6686,size_in_bytes,lib/ocaml/compiler-libs/flambda2_simplify__Continuation_uses.cmi,15012
2026-08-05T16:59:20Z,ce90559f55be4473bb37ff8ca45b830d61c35bb7,6686,size_in_bytes,lib/ocaml/compiler-libs/flambda2_reaper__Types_rewriter.cmi,9896
2026-08-05T16:59:20Z,ce90559f55be4473bb37ff8ca45b830d61c35bb7,6686,size_in_bytes,lib/ocaml/compiler-libs/includecore.cmi,26268
2026-08-05T16:59:20Z,ce90559f55be4473bb37ff8ca45b830d61c35bb7,6686,size_in_bytes,lib/ocaml/compiler-libs/ldd_intf.cmi,8017
2026-08-05T16:59:20Z,ce90559f55be4473bb37ff8ca45b830d61c35bb7,6686,size_in_bytes,lib/ocaml/compiler-libs/cfg_with_layout.cmi,20992
2026-08-05T16:59:20Z,ce90559f55be4473bb37ff8ca45b830d61c35bb7,6686,size_in_bytes,lib/ocaml/compiler-libs/flambda2_terms.cmi,5830
2026-08-05T16:59:20Z,ce90559f55be4473bb37ff8ca45b830d61c35bb7,6686,size_in_bytes,lib/ocaml/compiler-libs/flambda2_bound_identifiers__Bound_name.cmi,7080
2026-08-05T16:59:20Z,ce90559f55be4473bb37ff8ca45b830d61c35bb7,6686,size_in_bytes,lib/ocaml/compiler-libs/dwarf_low__Composite_location_description.cmi,2438
2026-08-05T16:59:20Z,ce90559f55be4473bb37ff8ca45b830d61c35bb7,6686,size_in_bytes,lib/ocaml/compiler-libs/dwarf_low__Counted_location_description.cmi,2451
2026-08-05T16:59:20Z,ce90559f55be4473bb37ff8ca45b830d61c35bb7,6686,size_in_bytes,lib/ocaml/compiler-libs/parser.cmi,102132
2026-08-05T16:59:20Z,ce90559f55be4473bb37ff8ca45b830d61c35bb7,6686,size_in_bytes,lib/ocaml/compiler-libs/flambda2_simplify_shared__Slot_offsets.cmi,14956
2026-08-05T16:59:20Z,ce90559f55be4473bb37ff8ca45b830d61c35bb7,6686,size_in_bytes,lib/ocaml/compiler-libs/flambda2_algorithms__Table_by_int_id.cmi,4284
2026-08-05T16:59:20Z,ce90559f55be4473bb37ff8ca45b830d61c35bb7,6686,size_in_bytes,lib/ocaml/compiler-libs/instructionId.cmi,56186
2026-08-05T16:59:20Z,ce90559f55be4473bb37ff8ca45b830d61c35bb7,6686,size_in_bytes,lib/ocaml/compiler-libs/longident.cmi,3009
2026-08-05T16:59:20Z,ce90559f55be4473bb37ff8ca45b830d61c35bb7,6686,size_in_bytes,lib/ocaml/compiler-libs/flambda2_simplify__Flow_analysis.cmi,12482
2026-08-05T16:59:20Z,ce90559f55be4473bb37ff8ca45b830d61c35bb7,6686,size_in_bytes,lib/ocaml/compiler-libs/extract_relocations.cmi,4189
2026-08-05T16:59:20Z,ce90559f55be4473bb37ff8ca45b830d61c35bb7,6686,size_in_bytes,lib/ocaml/compiler-libs/cfg_cse_target_intf.cmi,11221
2026-08-05T16:59:20Z,ce90559f55be4473bb37ff8ca45b830d61c35bb7,6686,size_in_bytes,lib/ocaml/compiler-libs/patterns.cmi,20673
2026-08-05T16:59:20Z,ce90559f55be4473bb37ff8ca45b830d61c35bb7,6686,size_in_bytes,lib/ocaml/compiler-libs/flambda2_simplify__Continuation_shortcut.cmi,8423
2026-08-05T16:59:20Z,ce90559f55be4473bb37ff8ca45b830d61c35bb7,6686,size_in_bytes,lib/ocaml/compiler-libs/signature_group.cmi,11615
2026-08-05T16:59:20Z,ce90559f55be4473bb37ff8ca45b830d61c35bb7,6686,size_in_bytes,lib/ocaml/compiler-libs/asm_targets__Asm_label.cmi,56415
2026-08-05T16:59:20Z,ce90559f55be4473bb37ff8ca45b830d61c35bb7,6686,size_in_bytes,lib/ocaml/compiler-libs/dwarf_low__Encoding_attribute.cmi,2278
2026-08-05T16:59:20Z,ce90559f55be4473bb37ff8ca45b830d61c35bb7,6686,size_in_bytes,lib/ocaml/compiler-libs/flambda2_simplify__Data_flow_graph.cmi,11912
2026-08-05T16:59:20Z,ce90559f55be4473bb37ff8ca45b830d61c35bb7,6686,size_in_bytes,lib/ocaml/compiler-libs/asm_targets__Asm_directives_dwarf.cmi,751
2026-08-05T16:59:20Z,ce90559f55be4473bb37ff8ca45b830d61c35bb7,6686,size_in_bytes,lib/ocaml/compiler-libs/lexer.cmi,7073
2026-08-05T16:59:20Z,ce90559f55be4473bb37ff8ca45b830d61c35bb7,6686,size_in_bytes,lib/ocaml/compiler-libs/x86_section.cmi,32532
2026-08-05T16:59:20Z,ce90559f55be4473bb37ff8ca45b830d61c35bb7,6686,size_in_bytes,lib/ocaml/compiler-libs/flambda2_simplify__Non_recursive_handler.cmi,12358
2026-08-05T16:59:20Z,ce90559f55be4473bb37ff8ca45b830d61c35bb7,6686,size_in_bytes,lib/ocaml/compiler-libs/flambda2_nominal__Renaming.cmi,14176
2026-08-05T16:59:20Z,ce90559f55be4473bb37ff8ca45b830d61c35bb7,6686,size_in_bytes,lib/ocaml/compiler-libs/dwarf_low__Dwarf_arch_sizes.cmi,581
2026-08-05T16:59:20Z,ce90559f55be4473bb37ff8ca45b830d61c35bb7,6686,size_in_bytes,lib/ocaml/compiler-libs/build_igot_and_iplt.cmi,2461
2026-08-05T16:59:20Z,ce90559f55be4473bb37ff8ca45b830d61c35bb7,6686,size_in_bytes,lib/ocaml/compiler-libs/clflags.cmi,61931
2026-08-05T16:59:20Z,ce90559f55be4473bb37ff8ca45b830d61c35bb7,6686,size_in_bytes,lib/ocaml/compiler-libs/flambda2_nominal.cmi,1564
2026-08-05T16:59:20Z,ce90559f55be4473bb37ff8ca45b830d61c35bb7,6686,size_in_bytes,lib/ocaml/compiler-libs/flambda2_simplify__Optimistic_unboxing_decision.cmi,9531
2026-08-05T16:59:20Z,ce90559f55be4473bb37ff8ca45b830d61c35bb7,6686,size_in_bytes,lib/ocaml/compiler-libs/flambda2_simplify__Control_flow_graph.cmi,15363
2026-08-05T16:59:20Z,ce90559f55be4473bb37ff8ca45b830d61c35bb7,6686,size_in_bytes,lib/ocaml/compiler-libs/flambda2_datalog__Cursor.cmi,18444
2026-08-05T16:59:20Z,ce90559f55be4473bb37ff8ca45b830d61c35bb7,6686,size_in_bytes,lib/ocaml/compiler-libs/dwarf_low__Dwarf_4_location_list_entry.cmi,4021
2026-08-05T16:59:20Z,ce90559f55be4473bb37ff8ca45b830d61c35bb7,6686,size_in_bytes,lib/ocaml/compiler-libs/cmm_builtins.cmi,11264
2026-08-05T16:59:20Z,ce90559f55be4473bb37ff8ca45b830d61c35bb7,6686,size_in_bytes,lib/ocaml/compiler-libs/ctype.cmi,105536
2026-08-05T16:59:20Z,ce90559f55be4473bb37ff8ca45b830d61c35bb7,6686,size_in_bytes,lib/ocaml/compiler-libs/flambda2_simplify__Continuation_uses_env.cmi,15071
2026-08-05T16:59:20Z,ce90559f55be4473bb37ff8ca45b830d61c35bb7,6686,size_in_bytes,lib/ocaml/compiler-libs/flambda2_to_cmm.cmi,1425
2026-08-05T16:59:20Z,ce90559f55be4473bb37ff8ca45b830d61c35bb7,6686,size_in_bytes,lib/ocaml/compiler-libs/regalloc_affinity.cmi,12735
2026-08-05T16:59:20Z,ce90559f55be4473bb37ff8ca45b830d61c35bb7,6686,size_in_bytes,lib/ocaml/compiler-libs/cmt_format.cmi,12412
2026-08-05T16:59:20Z,ce90559f55be4473bb37ff8ca45b830d61c35bb7,6686,size_in_bytes,lib/ocaml/compiler-libs/runtimetags.cmi,2507
2026-08-05T16:59:20Z,ce90559f55be4473bb37ff8ca45b830d61c35bb7,6686,size_in_bytes,lib/ocaml/compiler-libs/cms_format.cmi,8486
2026-08-05T16:59:20Z,ce90559f55be4473bb37ff8ca45b830d61c35bb7,6686,size_in_bytes,lib/ocaml/compiler-libs/flambda2_parser.cmi,1907
2026-08-05T16:59:20Z,ce90559f55be4473bb37ff8ca45b830d61c35bb7,6686,size_in_bytes,lib/ocaml/compiler-libs/dwarf_high.cmi,1028
2026-08-05T16:59:20Z,ce90559f55be4473bb37ff8ca45b830d61c35bb7,6686,size_in_bytes,lib/ocaml/compiler-libs/opterrors.cmi,791
2026-08-05T16:59:20Z,ce90559f55be4473bb37ff8ca45b830d61c35bb7,6686,size_in_bytes,lib/ocaml/compiler-libs/cfg_invariants.cmi,10402
2026-08-05T16:59:20Z,ce90559f55be4473bb37ff8ca45b830d61c35bb7,6686,size_in_bytes,lib/ocaml/compiler-libs/arm64_binary_emitter__Fp_helpers.cmi,5437
2026-08-05T16:59:20Z,ce90559f55be4473bb37ff8ca45b830d61c35bb7,6686,size_in_bytes,lib/ocaml/compiler-libs/arm64_binary_emitter__Logical_helpers.cmi,3814
2026-08-05T16:59:20Z,ce90559f55be4473bb37ff8ca45b830d61c35bb7,6686,size_in_bytes,lib/ocaml/compiler-libs/flambda2_cmx__Flambda_cmx_format.cmi,12147
2026-08-05T16:59:20Z,ce90559f55be4473bb37ff8ca45b830d61c35bb7,6686,size_in_bytes,lib/ocaml/compiler-libs/flambda2_simplify__Unboxing_types.cmi,20574
2026-08-05T16:59:20Z,ce90559f55be4473bb37ff8ca45b830d61c35bb7,6686,size_in_bytes,lib/ocaml/compiler-libs/flambda2_simplify__Closure_info.cmi,9003
2026-08-05T16:59:20Z,ce90559f55be4473bb37ff8ca45b830d61c35bb7,6686,size_in_bytes,lib/ocaml/compiler-libs/flambda2_simplify__Original_handlers.cmi,12241
2026-08-05T16:59:20Z,ce90559f55be4473bb37ff8ca45b830d61c35bb7,6686,size_in_bytes,lib/ocaml/compiler-libs/flambda2_terms__Code.cmi,19997
2026-08-05T16:59:20Z,ce90559f55be4473bb37ff8ca45b830d61c35bb7,6686,size_in_bytes,lib/ocaml/compiler-libs/flambda2_compare__Compare.cmi,10095
2026-08-05T16:59:20Z,ce90559f55be4473bb37ff8ca45b830d61c35bb7,6686,size_in_bytes,lib/ocaml/compiler-libs/compmisc.cmi,4818
2026-08-05T16:59:20Z,ce90559f55be4473bb37ff8ca45b830d61c35bb7,6686,size_in_bytes,lib/ocaml/compiler-libs/flambda2_bound_identifiers__Alloc_mode.cmi,17659
2026-08-05T16:59:20Z,ce90559f55be4473bb37ff8ca45b830d61c35bb7,6686,size_in_bytes,lib/ocaml/compiler-libs/cmi_format.cmi,9041
2026-08-05T16:59:20Z,ce90559f55be4473bb37ff8ca45b830d61c35bb7,6686,size_in_bytes,lib/ocaml/compiler-libs/flambda2_types__Type_descr.cmi,16787
2026-08-05T16:59:20Z,ce90559f55be4473bb37ff8ca45b830d61c35bb7,6686,size_in_bytes,lib/ocaml/compiler-libs/regs.cmi,75634
2026-08-05T16:59:20Z,ce90559f55be4473bb37ff8ca45b830d61c35bb7,6686,size_in_bytes,lib/ocaml/compiler-libs/flambda2_simplify__Simplify_extcall.cmi,12232
2026-08-05T16:59:20Z,ce90559f55be4473bb37ff8ca45b830d61c35bb7,6686,size_in_bytes,lib/ocaml/compiler-libs/flambda2_types__Traversals.cmi,114255
2026-08-05T16:59:20Z,ce90559f55be4473bb37ff8ca45b830d61c35bb7,6686,size_in_bytes,lib/ocaml/compiler-libs/cmt2annot.cmi,3815
2026-08-05T16:59:20Z,ce90559f55be4473bb37ff8ca45b830d61c35bb7,6686,size_in_bytes,lib/ocaml/compiler-libs/flambda2_types__Meet_and_join.cmi,8005
2026-08-05T16:59:20Z,ce90559f55be4473bb37ff8ca45b830d61c35bb7,6686,size_in_bytes,lib/ocaml/compiler-libs/flambda2_reaper.cmi,2260
2026-08-05T16:59:20Z,ce90559f55be4473bb37ff8ca45b830d61c35bb7,6686,size_in_bytes,lib/ocaml/compiler-libs/arm64_binary_emitter__Condition_helpers.cmi,1740
2026-08-05T16:59:20Z,ce90559f55be4473bb37ff8ca45b830d61c35bb7,6686,size_in_bytes,lib/ocaml/compiler-libs/oprint.cmi,4997
2026-08-05T16:59:20Z,ce90559f55be4473bb37ff8ca45b830d61c35bb7,6686,size_in_bytes,lib/ocaml/compiler-libs/arm64_binary_emitter__Binary_emitter.cmi,12697
2026-08-05T16:59:20Z,ce90559f55be4473bb37ff8ca45b830d61c35bb7,6686,size_in_bytes,lib/ocaml/compiler-libs/flambda2_terms__Effects_and_coeffects.cmi,8448
2026-08-05T16:59:20Z,ce90559f55be4473bb37ff8ca45b830d61c35bb7,6686,size_in_bytes,lib/ocaml/compiler-libs/flambda2_simplify__Flow_types.cmi,39399
2026-08-05T16:59:20Z,ce90559f55be4473bb37ff8ca45b830d61c35bb7,6686,size_in_bytes,lib/ocaml/compiler-libs/primitive.cmi,17245
2026-08-05T16:59:20Z,ce90559f55be4473bb37ff8ca45b830d61c35bb7,6686,size_in_bytes,lib/ocaml/compiler-libs/location_tracker_formatter.cmi,5622
2026-08-05T16:59:20Z,ce90559f55be4473bb37ff8ca45b830d61c35bb7,6686,size_in_bytes,lib/ocaml/compiler-libs/regalloc_ls_state.cmi,15982
2026-08-05T16:59:20Z,ce90559f55be4473bb37ff8ca45b830d61c35bb7,6686,size_in_bytes,lib/ocaml/compiler-libs/regalloc_irc_state.cmi,36533
2026-08-05T16:59:20Z,ce90559f55be4473bb37ff8ca45b830d61c35bb7,6686,size_in_bytes,lib/ocaml/compiler-libs/arm64_ast.cmi,415
2026-08-05T16:59:20Z,ce90559f55be4473bb37ff8ca45b830d61c35bb7,6686,size_in_bytes,lib/ocaml/compiler-libs/flambda2_simplify__Flow.cmi,21228
2026-08-05T16:59:20Z,ce90559f55be4473bb37ff8ca45b830d61c35bb7,6686,size_in_bytes,lib/ocaml/compiler-libs/cfg_prologue.cmi,10709
2026-08-05T16:59:20Z,ce90559f55be4473bb37ff8ca45b830d61c35bb7,6686,size_in_bytes,lib/ocaml/compiler-libs/dwarf_high__Dwarf_world.cmi,4184
2026-08-05T16:59:20Z,ce90559f55be4473bb37ff8ca45b830d61c35bb7,6686,size_in_bytes,lib/ocaml/compiler-libs/flambda2_reaper__Rev_expr.cmi,24744
2026-08-05T16:59:20Z,ce90559f55be4473bb37ff8ca45b830d61c35bb7,6686,size_in_bytes,lib/ocaml/compiler-libs/flambda2_terms__Poll_attribute.cmi,7827
2026-08-05T16:59:20Z,ce90559f55be4473bb37ff8ca45b830d61c35bb7,6686,size_in_bytes,lib/ocaml/compiler-libs/flambda2_simplify__Continuation_uses_env_intf.cmi,12235
2026-08-05T16:59:20Z,ce90559f55be4473bb37ff8ca45b830d61c35bb7,6686,size_in_bytes,lib/ocaml/compiler-libs/flambda2_identifiers__Code_id_or_symbol.cmi,7627
2026-08-05T16:59:20Z,ce90559f55be4473bb37ff8ca45b830d61c35bb7,6686,size_in_bytes,lib/ocaml/compiler-libs/compenv.cmi,12212
2026-08-05T16:59:20Z,ce90559f55be4473bb37ff8ca45b830d61c35bb7,6686,size_in_bytes,lib/ocaml/compiler-libs/optmaindriver.cmi,10334
2026-08-05T16:59:20Z,ce90559f55be4473bb37ff8ca45b830d61c35bb7,6686,size_in_bytes,lib/ocaml/compiler-libs/optpackager.cmi,19569
2026-08-05T16:59:20Z,ce90559f55be4473bb37ff8ca45b830d61c35bb7,6686,size_in_bytes,lib/ocaml/compiler-libs/arrayset.cmi,7121
2026-08-05T16:59:20Z,ce90559f55be4473bb37ff8ca45b830d61c35bb7,6686,size_in_bytes,lib/ocaml/compiler-libs/flambda2_bound_identifiers__Bound_var.cmi,8893
2026-08-05T16:59:20Z,ce90559f55be4473bb37ff8ca45b830d61c35bb7,6686,size_in_bytes,lib/ocaml/compiler-libs/flambda2_algorithms__Or_null.cmi,3507
2026-08-05T16:59:20Z,ce90559f55be4473bb37ff8ca45b830d61c35bb7,6686,size_in_bytes,lib/ocaml/compiler-libs/dissector.cmi,4401
2026-08-05T16:59:20Z,ce90559f55be4473bb37ff8ca45b830d61c35bb7,6686,size_in_bytes,lib/ocaml/compiler-libs/attr_helper.cmi,2663
2026-08-05T16:59:20Z,ce90559f55be4473bb37ff8ca45b830d61c35bb7,6686,size_in_bytes,lib/ocaml/compiler-libs/regalloc_ls.cmi,10751
2026-08-05T16:59:20Z,ce90559f55be4473bb37ff8ca45b830d61c35bb7,6686,size_in_bytes,lib/ocaml/compiler-libs/arm64_binary_emitter.cmi,3519
2026-08-05T16:59:20Z,ce90559f55be4473bb37ff8ca45b830d61c35bb7,6686,size_in_bytes,lib/ocaml/compiler-libs/dwarf_low__Dwarf_emittable.cmi,2928
2026-08-05T16:59:20Z,ce90559f55be4473bb37ff8ca45b830d61c35bb7,6686,size_in_bytes,lib/ocaml/compiler-libs/printcfg.cmi,16418
2026-08-05T16:59:20Z,ce90559f55be4473bb37ff8ca45b830d61c35bb7,6686,size_in_bytes,lib/ocaml/compiler-libs/flambda2_simplify__Lifted_constant.cmi,20682
2026-08-05T16:59:20Z,ce90559f55be4473bb37ff8ca45b830d61c35bb7,6686,size_in_bytes,lib/ocaml/compiler-libs/rewrite_sections.cmi,2280
2026-08-05T16:59:20Z,ce90559f55be4473bb37ff8ca45b830d61c35bb7,6686,size_in_bytes,lib/ocaml/compiler-libs/flambda2_identifiers__Continuation.cmi,73343
2026-08-05T16:59:20Z,ce90559f55be4473bb37ff8ca45b830d61c35bb7,6686,size_in_bytes,lib/ocaml/compiler-libs/flambda2_simplify__Simplify_primitive_result.cmi,16992
2026-08-05T16:59:20Z,ce90559f55be4473bb37ff8ca45b830d61c35bb7,6686,size_in_bytes,lib/ocaml/compiler-libs/regalloc_split_state.cmi,12599
2026-08-05T16:59:20Z,ce90559f55be4473bb37ff8ca45b830d61c35bb7,6686,size_in_bytes,lib/ocaml/compiler-libs/language_extension.cmi,15480
2026-08-05T16:59:20Z,ce90559f55be4473bb37ff8ca45b830d61c35bb7,6686,size_in_bytes,lib/ocaml/compiler-libs/flambda2_simplify__One_recursive_handler.cmi,10552
2026-08-05T16:59:20Z,ce90559f55be4473bb37ff8ca45b830d61c35bb7,6686,size_in_bytes,lib/ocaml/compiler-libs/proc.cmi,19149
2026-08-05T16:59:20Z,ce90559f55be4473bb37ff8ca45b830d61c35bb7,6686,size_in_bytes,lib/ocaml/compiler-libs/flambda2_datalog__Heterogenous_list.cmi,3487
2026-08-05T16:59:20Z,ce90559f55be4473bb37ff8ca45b830d61c35bb7,6686,size_in_bytes,lib/ocaml/compiler-libs/cfg_reducibility.cmi,10510
2026-08-05T16:59:20Z,ce90559f55be4473bb37ff8ca45b830d61c35bb7,6686,size_in_bytes,lib/ocaml/compiler-libs/flambda2_numbers__Target_ocaml_int.cmi,128047
2026-08-05T16:59:20Z,ce90559f55be4473bb37ff8ca45b830d61c35bb7,6686,size_in_bytes,lib/ocaml/compiler-libs/typecore.cmi,51879
2026-08-05T16:59:20Z,ce90559f55be4473bb37ff8ca45b830d61c35bb7,6686,size_in_bytes,lib/ocaml/compiler-libs/cfg_to_linear.cmi,10319
2026-08-05T16:59:20Z,ce90559f55be4473bb37ff8ca45b830d61c35bb7,6686,size_in_bytes,lib/ocaml/compiler-libs/arm64_binary_emitter__Data_proc_helpers.cmi,4024
2026-08-05T16:59:20Z,ce90559f55be4473bb37ff8ca45b830d61c35bb7,6686,size_in_bytes,lib/ocaml/compiler-libs/partial_link.cmi,3545
2026-08-05T16:59:20Z,ce90559f55be4473bb37ff8ca45b830d61c35bb7,6686,size_in_bytes,lib/ocaml/compiler-libs/int_replace_polymorphic_compare.cmi,2369
2026-08-05T16:59:20Z,ce90559f55be4473bb37ff8ca45b830d61c35bb7,6686,size_in_bytes,lib/ocaml/compiler-libs/flambda2_parser__Flambda_parser.cmi,27619
2026-08-05T16:59:20Z,ce90559f55be4473bb37ff8ca45b830d61c35bb7,6686,size_in_bytes,lib/ocaml/compiler-libs/cfg_selectgen.cmi,11067
2026-08-05T16:59:20Z,ce90559f55be4473bb37ff8ca45b830d61c35bb7,6686,size_in_bytes,lib/ocaml/compiler-libs/flambda2_terms__Flambda_unit.cmi,11976
2026-08-05T16:59:20Z,ce90559f55be4473bb37ff8ca45b830d61c35bb7,6686,size_in_bytes,lib/ocaml/compiler-libs/shape_reduce.cmi,10116
2026-08-05T16:59:20Z,ce90559f55be4473bb37ff8ca45b830d61c35bb7,6686,size_in_bytes,lib/ocaml/compiler-libs/flambda2_simplify__Simplify_coercion.cmi,11123
2026-08-05T16:59:20Z,ce90559f55be4473bb37ff8ca45b830d61c35bb7,6686,size_in_bytes,lib/ocaml/compiler-libs/dwarf_low__Dwarf_attributes.cmi,143229
2026-08-05T16:59:20Z,ce90559f55be4473bb37ff8ca45b830d61c35bb7,6686,size_in_bytes,lib/ocaml/compiler-libs/flambda2_bound_identifiers__Bound_pattern.cmi,12462
2026-08-05T16:59:20Z,ce90559f55be4473bb37ff8ca45b830d61c35bb7,6686,size_in_bytes,lib/ocaml/compiler-libs/asm_targets__Asm_section.cmi,15081
2026-08-05T16:59:20Z,ce90559f55be4473bb37ff8ca45b830d61c35bb7,6686,size_in_bytes,lib/ocaml/compiler-libs/envaux.cmi,3997
2026-08-05T16:59:20Z,ce90559f55be4473bb37ff8ca45b830d61c35bb7,6686,size_in_bytes,lib/ocaml/compiler-libs/flambda2_ui__Flambda_colours.cmi,6066
2026-08-05T16:59:20Z,ce90559f55be4473bb37ff8ca45b830d61c35bb7,6686,size_in_bytes,lib/ocaml/compiler-libs/regalloc_utils.cmi,143309
2026-08-05T16:59:20Z,ce90559f55be4473bb37ff8ca45b830d61c35bb7,6686,size_in_bytes,lib/ocaml/compiler-libs/zero_alloc_info.cmi,2887
2026-08-05T16:59:20Z,ce90559f55be4473bb37ff8ca45b830d61c35bb7,6686,size_in_bytes,lib/ocaml/compiler-libs/flambda2_terms__Function_decl_inlining_decision_type.cmi,10959
2026-08-05T16:59:20Z,ce90559f55be4473bb37ff8ca45b830d61c35bb7,6686,size_in_bytes,lib/ocaml/compiler-libs/inlined_frame_ranges.cmi,81243
2026-08-05T16:59:20Z,ce90559f55be4473bb37ff8ca45b830d61c35bb7,6686,size_in_bytes,lib/ocaml/compiler-libs/simd.cmi,1443620
2026-08-05T16:59:20Z,ce90559f55be4473bb37ff8ca45b830d61c35bb7,6686,size_in_bytes,lib/ocaml/compiler-libs/dwarf_low__Location_list.cmi,3275
2026-08-05T16:59:20Z,ce90559f55be4473bb37ff8ca45b830d61c35bb7,6686,size_in_bytes,lib/ocaml/compiler-libs/flambda2_simplify__Unboxing_epa.cmi,10987
2026-08-05T16:59:20Z,ce90559f55be4473bb37ff8ca45b830d61c35bb7,6686,size_in_bytes,lib/ocaml/compiler-libs/shape.cmi,138846
2026-08-05T16:59:20Z,ce90559f55be4473bb37ff8ca45b830d61c35bb7,6686,size_in_bytes,lib/ocaml/compiler-libs/flambda2_simplify__Flow_acc.cmi,22334
2026-08-05T16:59:20Z,ce90559f55be4473bb37ff8ca45b830d61c35bb7,6686,size_in_bytes,lib/ocaml/compiler-libs/printtyped.cmi,3518
2026-08-05T16:59:20Z,ce90559f55be4473bb37ff8ca45b830d61c35bb7,6686,size_in_bytes,lib/ocaml/compiler-libs/cfg_merge_blocks.cmi,10591
2026-08-05T16:59:20Z,ce90559f55be4473bb37ff8ca45b830d61c35bb7,6686,size_in_bytes,lib/ocaml/compiler-libs/blambda.cmi,17130
2026-08-05T16:59:20Z,ce90559f55be4473bb37ff8ca45b830d61c35bb7,6686,size_in_bytes,lib/ocaml/compiler-libs/genprintval.cmi,15147
2026-08-05T16:59:20Z,ce90559f55be4473bb37ff8ca45b830d61c35bb7,6686,size_in_bytes,lib/ocaml/compiler-libs/flambda2_types__Join_levels.cmi,7972
2026-08-05T16:59:20Z,ce90559f55be4473bb37ff8ca45b830d61c35bb7,6686,size_in_bytes,lib/ocaml/compiler-libs/meta.cmi,4744
2026-08-05T16:59:20Z,ce90559f55be4473bb37ff8ca45b830d61c35bb7,6686,size_in_bytes,lib/ocaml/compiler-libs/dwarf_low.cmi,6350
2026-08-05T16:59:20Z,ce90559f55be4473bb37ff8ca45b830d61c35bb7,6686,size_in_bytes,lib/ocaml/compiler-libs/flambda2_terms__Regalloc_attribute.cmi,7817
2026-08-05T16:59:20Z,ce90559f55be4473bb37ff8ca45b830d61c35bb7,6686,size_in_bytes,lib/ocaml/compiler-libs/flambda2_floats__Float32.cmi,4378
2026-08-05T16:59:20Z,ce90559f55be4473bb37ff8ca45b830d61c35bb7,6686,size_in_bytes,lib/ocaml/compiler-libs/static_label.cmi,55243
2026-08-05T16:59:20Z,ce90559f55be4473bb37ff8ca45b830d61c35bb7,6686,size_in_bytes,lib/ocaml/compiler-libs/flambda2_reaper__Analysis.cmi,14044
2026-08-05T16:59:20Z,ce90559f55be4473bb37ff8ca45b830d61c35bb7,6686,size_in_bytes,lib/ocaml/compiler-libs/regalloc_ls_utils.cmi,24035
2026-08-05T16:59:20Z,ce90559f55be4473bb37ff8ca45b830d61c35bb7,6686,size_in_bytes,lib/ocaml/compiler-libs/stack_reg_offset.cmi,1171
2026-08-05T16:59:20Z,ce90559f55be4473bb37ff8ca45b830d61c35bb7,6686,size_in_bytes,lib/ocaml/compiler-libs/flambda2_kinds.cmi,578
2026-08-05T16:59:20Z,ce90559f55be4473bb37ff8ca45b830d61c35bb7,6686,size_in_bytes,lib/ocaml/compiler-libs/flambda2_simplify__Simplify_named_result.cmi,13744
2026-08-05T16:59:20Z,ce90559f55be4473bb37ff8ca45b830d61c35bb7,6686,size_in_bytes,lib/ocaml/compiler-libs/cfg_dominators.cmi,12850
2026-08-05T16:59:20Z,ce90559f55be4473bb37ff8ca45b830d61c35bb7,6686,size_in_bytes,lib/ocaml/compiler-libs/flambda2_terms__Probe.cmi,7385
2026-08-05T16:59:20Z,ce90559f55be4473bb37ff8ca45b830d61c35bb7,6686,size_in_bytes,lib/ocaml/compiler-libs/flambda2_bound_identifiers__Bound_parameter.cmi,64221
2026-08-05T16:59:20Z,ce90559f55be4473bb37ff8ca45b830d61c35bb7,6686,size_in_bytes,lib/ocaml/compiler-libs/flambda2_parser__Fexpr_to_flambda.cmi,10008
2026-08-05T16:59:20Z,ce90559f55be4473bb37ff8ca45b830d61c35bb7,6686,size_in_bytes,lib/ocaml/compiler-libs/flambda2_reaper__Points_to_analysis.cmi,30946
2026-08-05T16:59:20Z,ce90559f55be4473bb37ff8ca45b830d61c35bb7,6686,size_in_bytes,lib/ocaml/compiler-libs/flambda2_reaper__Unboxing_analysis.cmi,16408
2026-08-05T16:59:20Z,ce90559f55be4473bb37ff8ca45b830d61c35bb7,6686,size_in_bytes,lib/ocaml/compiler-libs/instantiator.cmi,7882
2026-08-05T16:59:20Z,ce90559f55be4473bb37ff8ca45b830d61c35bb7,6686,size_in_bytes,lib/ocaml/compiler-libs/flambda2_parser__Fexpr_prim.cmi,40235
2026-08-05T16:59:20Z,ce90559f55be4473bb37ff8ca45b830d61c35bb7,6686,size_in_bytes,lib/ocaml/compiler-libs/flambda2_from_lambda__Lambda_to_flambda_env.cmi,20865
2026-08-05T16:59:20Z,ce90559f55be4473bb37ff8ca45b830d61c35bb7,6686,size_in_bytes,lib/ocaml/compiler-libs/flambda2_to_jsir__To_jsir_primitive.cmi,9160
2026-08-05T16:59:20Z,ce90559f55be4473bb37ff8ca45b830d61c35bb7,6686,size_in_bytes,lib/ocaml/compiler-libs/flambda2_identifiers__Reg_width_const.cmi,18032
2026-08-05T16:59:20Z,ce90559f55be4473bb37ff8ca45b830d61c35bb7,6686,size_in_bytes,lib/ocaml/compiler-libs/flambda2_simplify__Simplify_let_expr.cmi,11721
2026-08-05T16:59:20Z,ce90559f55be4473bb37ff8ca45b830d61c35bb7,6686,size_in_bytes,lib/ocaml/compiler-libs/dwarf_low__Dwarf_operator.cmi,18140
2026-08-05T16:59:20Z,ce90559f55be4473bb37ff8ca45b830d61c35bb7,6686,size_in_bytes,lib/ocaml/compiler-libs/flambda2_simplify__Continuation_extra_params_and_args.cmi,15366
2026-08-05T16:59:20Z,ce90559f55be4473bb37ff8ca45b830d61c35bb7,6686,size_in_bytes,lib/ocaml/compiler-libs/flambda2_terms__Code_size.cmi,12324
2026-08-05T16:59:20Z,ce90559f55be4473bb37ff8ca45b830d61c35bb7,6686,size_in_bytes,lib/ocaml/compiler-libs/bytepackager.cmi,4167
2026-08-05T16:59:20Z,ce90559f55be4473bb37ff8ca45b830d61c35bb7,6686,size_in_bytes,lib/ocaml/compiler-libs/dwarf_low__Address_table.cmi,2992
2026-08-05T16:59:20Z,ce90559f55be4473bb37ff8ca45b830d61c35bb7,6686,size_in_bytes,lib/ocaml/compiler-libs/optcompile.cmi,19769
2026-08-05T16:59:20Z,ce90559f55be4473bb37ff8ca45b830d61c35bb7,6686,size_in_bytes,lib/ocaml/compiler-libs/translquote.cmi,3356
2026-08-05T16:59:20Z,ce90559f55be4473bb37ff8ca45b830d61c35bb7,6686,size_in_bytes,lib/ocaml/compiler-libs/printlinear.cmi,12003
2026-08-05T16:59:20Z,ce90559f55be4473bb37ff8ca45b830d61c35bb7,6686,size_in_bytes,lib/ocaml/compiler-libs/flambda2_identifiers__Value_slot.cmi,78974
2026-08-05T16:59:20Z,ce90559f55be4473bb37ff8ca45b830d61c35bb7,6686,size_in_bytes,lib/ocaml/compiler-libs/mtype.cmi,12996
2026-08-05T16:59:20Z,ce90559f55be4473bb37ff8ca45b830d61c35bb7,6686,size_in_bytes,lib/ocaml/compiler-libs/printblambda.cmi,5347
2026-08-05T16:59:20Z,ce90559f55be4473bb37ff8ca45b830d61c35bb7,6686,size_in_bytes,lib/ocaml/compiler-libs/flambda2_to_cmm__To_cmm_static.cmi,11021
2026-08-05T16:59:20Z,ce90559f55be4473bb37ff8ca45b830d61c35bb7,6686,size_in_bytes,lib/ocaml/compiler-libs/flambda2_simplify__Simplify_primitive.cmi,11456
2026-08-05T16:59:20Z,ce90559f55be4473bb37ff8ca45b830d61c35bb7,6686,size_in_bytes,lib/ocaml/compiler-libs/flambda2_simplify__Continuation_in_env.cmi,11363
2026-08-05T16:59:20Z,ce90559f55be4473bb37ff8ca45b830d61c35bb7,6686,size_in_bytes,lib/ocaml/compiler-libs/flambda2_terms__Set_of_closures.cmi,65544
2026-08-05T16:59:20Z,ce90559f55be4473bb37ff8ca45b830d61c35bb7,6686,size_in_bytes,lib/ocaml/compiler-libs/flambda2_identifiers__Named_rewrite_id.cmi,56972
2026-08-05T16:59:20Z,ce90559f55be4473bb37ff8ca45b830d61c35bb7,6686,size_in_bytes,lib/ocaml/compiler-libs/tast_mapper.cmi,19106
2026-08-05T16:59:20Z,ce90559f55be4473bb37ff8ca45b830d61c35bb7,6686,size_in_bytes,lib/ocaml/compiler-libs/flambda2_terms__First_complex_local_param.cmi,7280
2026-08-05T16:59:20Z,ce90559f55be4473bb37ff8ca45b830d61c35bb7,6686,size_in_bytes,lib/ocaml/compiler-libs/load_path.cmi,8108
2026-08-05T16:59:20Z,ce90559f55be4473bb37ff8ca45b830d61c35bb7,6686,size_in_bytes,lib/ocaml/compiler-libs/dwarf_low__Location_or_range_list_table.cmi,4850
2026-08-05T16:59:20Z,ce90559f55be4473bb37ff8ca45b830d61c35bb7,6686,size_in_bytes,lib/ocaml/compiler-libs/cm_bundle.cmi,2492
2026-08-05T16:59:20Z,ce90559f55be4473bb37ff8ca45b830d61c35bb7,6686,size_in_bytes,lib/ocaml/compiler-libs/emitaux.cmi,27000
2026-08-05T16:59:20Z,ce90559f55be4473bb37ff8ca45b830d61c35bb7,6686,size_in_bytes,lib/ocaml/compiler-libs/generic_fns.cmi,27875
2026-08-05T16:59:20Z,ce90559f55be4473bb37ff8ca45b830d61c35bb7,6686,size_in_bytes,lib/ocaml/compiler-libs/dwarf_inlined_frames.cmi,12607
2026-08-05T16:59:20Z,ce90559f55be4473bb37ff8ca45b830d61c35bb7,6686,size_in_bytes,lib/ocaml/compiler-libs/value_rec_types.cmi,513
2026-08-05T16:59:20Z,ce90559f55be4473bb37ff8ca45b830d61c35bb7,6686,size_in_bytes,lib/ocaml/compiler-libs/ikind.cmi,9032
2026-08-05T16:59:20Z,ce90559f55be4473bb37ff8ca45b830d61c35bb7,6686,size_in_bytes,lib/ocaml/compiler-libs/flambda2_types__Typing_env_level.cmi,13331
2026-08-05T16:59:20Z,ce90559f55be4473bb37ff8ca45b830d61c35bb7,6686,size_in_bytes,lib/ocaml/compiler-libs/regalloc_irc_utils.cmi,17175
2026-08-05T16:59:20Z,ce90559f55be4473bb37ff8ca45b830d61c35bb7,6686,size_in_bytes,lib/ocaml/compiler-libs/flambda2_parser__Fexpr_prim_descr.cmi,36801
2026-08-05T16:59:20Z,ce90559f55be4473bb37ff8ca45b830d61c35bb7,6686,size_in_bytes,lib/ocaml/compiler-libs/flambda2_simplify__Simplify_nullary_primitive.cmi,11623
2026-08-05T16:59:20Z,ce90559f55be4473bb37ff8ca45b830d61c35bb7,6686,size_in_bytes,lib/ocaml/compiler-libs/flambda2_simplify__Reification.cmi,11684
2026-08-05T16:59:20Z,ce90559f55be4473bb37ff8ca45b830d61c35bb7,6686,size_in_bytes,lib/ocaml/compiler-libs/annot.cmi,1661
2026-08-05T16:59:20Z,ce90559f55be4473bb37ff8ca45b830d61c35bb7,6686,size_in_bytes,lib/ocaml/compiler-libs/flambda2_simplify__Simplify_set_of_closures.cmi,13948
2026-08-05T16:59:20Z,ce90559f55be4473bb37ff8ca45b830d61c35bb7,6686,size_in_bytes,lib/ocaml/compiler-libs/symbol_table.cmi,6578
2026-08-05T16:59:20Z,ce90559f55be4473bb37ff8ca45b830d61c35bb7,6686,size_in_bytes,lib/ocaml/compiler-libs/out_type.cmi,28060
2026-08-05T16:59:20Z,ce90559f55be4473bb37ff8ca45b830d61c35bb7,6686,size_in_bytes,lib/ocaml/compiler-libs/dwarf_low__Debug_info_section.cmi,3407
2026-08-05T16:59:20Z,ce90559f55be4473bb37ff8ca45b830d61c35bb7,6686,size_in_bytes,lib/ocaml/compiler-libs/btype.cmi,172673
2026-08-05T16:59:20Z,ce90559f55be4473bb37ff8ca45b830d61c35bb7,6686,size_in_bytes,lib/ocaml/compiler-libs/regalloc_gi_utils.cmi,26895
2026-08-05T16:59:20Z,ce90559f55be4473bb37ff8ca45b830d61c35bb7,6686,size_in_bytes,lib/ocaml/compiler-libs/matching.cmi,11132
2026-08-05T16:59:20Z,ce90559f55be4473bb37ff8ca45b830d61c35bb7,6686,size_in_bytes,lib/ocaml/compiler-libs/value_rec_compiler.cmi,3182
2026-08-05T16:59:20Z,ce90559f55be4473bb37ff8ca45b830d61c35bb7,6686,size_in_bytes,lib/ocaml/compiler-libs/flambda2_simplify__Simplify_let_cont_expr.cmi,12065
2026-08-05T16:59:20Z,ce90559f55be4473bb37ff8ca45b830d61c35bb7,6686,size_in_bytes,lib/ocaml/compiler-libs/select_utils.cmi,40782
2026-08-05T16:59:20Z,ce90559f55be4473bb37ff8ca45b830d61c35bb7,6686,size_in_bytes,lib/ocaml/compiler-libs/printoperation.cmi,12056
2026-08-05T16:59:20Z,ce90559f55be4473bb37ff8ca45b830d61c35bb7,6686,size_in_bytes,lib/ocaml/compiler-libs/flambda2_bound_identifiers__Bound_for_function.cmi,10574
2026-08-05T16:59:20Z,ce90559f55be4473bb37ff8ca45b830d61c35bb7,6686,size_in_bytes,lib/ocaml/compiler-libs/asm_targets.cmi,822
2026-08-05T16:59:20Z,ce90559f55be4473bb37ff8ca45b830d61c35bb7,6686,size_in_bytes,lib/ocaml/compiler-libs/format_doc.cmi,35466
2026-08-05T16:59:20Z,ce90559f55be4473bb37ff8ca45b830d61c35bb7,6686,size_in_bytes,lib/ocaml/compiler-libs/flambda2_types__Meet_env.cmi,19578
2026-08-05T16:59:20Z,ce90559f55be4473bb37ff8ca45b830d61c35bb7,6686,size_in_bytes,lib/ocaml/compiler-libs/flambda2_terms__Switch_expr.cmi,10598
2026-08-05T16:59:20Z,ce90559f55be4473bb37ff8ca45b830d61c35bb7,6686,size_in_bytes,lib/ocaml/compiler-libs/arm64_binary_emitter__Add_sub_helpers.cmi,6680
2026-08-05T16:59:20Z,ce90559f55be4473bb37ff8ca45b830d61c35bb7,6686,size_in_bytes,lib/ocaml/compiler-libs/dwarf_low__Aranges_table.cmi,2412
2026-08-05T16:59:20Z,ce90559f55be4473bb37ff8ca45b830d61c35bb7,6686,size_in_bytes,lib/ocaml/compiler-libs/cmm.cmi,61147
2026-08-05T16:59:20Z,ce90559f55be4473bb37ff8ca45b830d61c35bb7,6686,size_in_bytes,lib/ocaml/compiler-libs/dwarf_low__Debug_loc_table.cmi,3394
2026-08-05T16:59:20Z,ce90559f55be4473bb37ff8ca45b830d61c35bb7,6686,size_in_bytes,lib/ocaml/compiler-libs/env.cmi,143549
2026-08-05T16:59:20Z,ce90559f55be4473bb37ff8ca45b830d61c35bb7,6686,size_in_bytes,lib/ocaml/compiler-libs/jit_backend.cmi,22150
2026-08-05T16:59:20Z,ce90559f55be4473bb37ff8ca45b830d61c35bb7,6686,size_in_bytes,lib/ocaml/compiler-libs/lazy_backtrack.cmi,3592
2026-08-05T16:59:20Z,ce90559f55be4473bb37ff8ca45b830d61c35bb7,6686,size_in_bytes,lib/ocaml/ocaml-jit/jit.cmi,5373
2026-08-05T16:59:20Z,ce90559f55be4473bb37ff8ca45b830d61c35bb7,6686,size_in_bytes,lib/ocaml/stdlib_beta/stdlib_beta.cmi,229
2026-08-05T16:59:20Z,ce90559f55be4473bb37ff8ca45b830d61c35bb7,6686,size_in_bytes,lib/ocaml/str/str.cmi,10664
2026-08-05T16:59:20Z,ce90559f55be4473bb37ff8ca45b830d61c35bb7,6686,size_in_bytes,lib/ocaml/stdlib_upstream_compatible/stdlib_upstream_compatible__Int64_u.cmi,11501
2026-08-05T16:59:20Z,ce90559f55be4473bb37ff8ca45b830d61c35bb7,6686,size_in_bytes,lib/ocaml/stdlib_upstream_compatible/stdlib_upstream_compatible.cmi,799
2026-08-05T16:59:20Z,ce90559f55be4473bb37ff8ca45b830d61c35bb7,6686,size_in_bytes,lib/ocaml/stdlib_upstream_compatible/stdlib_upstream_compatible__Float_u.cmi,15817
2026-08-05T16:59:20Z,ce90559f55be4473bb37ff8ca45b830d61c35bb7,6686,size_in_bytes,lib/ocaml/stdlib_upstream_compatible/stdlib_upstream_compatible__Int32_u.cmi,9677
2026-08-05T16:59:20Z,ce90559f55be4473bb37ff8ca45b830d61c35bb7,6686,size_in_bytes,lib/ocaml/stdlib_upstream_compatible/stdlib_upstream_compatible__Nativeint_u.cmi,10282
2026-08-05T16:59:20Z,ce90559f55be4473bb37ff8ca45b830d61c35bb7,6686,size_in_bytes,lib/ocaml/stdlib_upstream_compatible/stdlib_upstream_compatible__.cmi,1095
2026-08-05T16:59:20Z,ce90559f55be4473bb37ff8ca45b830d61c35bb7,6686,size_in_bytes,lib/ocaml/threads/thread.cmi,8492
2026-08-05T16:59:20Z,ce90559f55be4473bb37ff8ca45b830d61c35bb7,6686,size_in_bytes,lib/ocaml/threads/event.cmi,4247
2026-08-05T16:59:20Z,ce90559f55be4473bb37ff8ca45b830d61c35bb7,6686,size_in_bytes,lib/ocaml/threads/multicore.cmi,2253
2026-08-05T16:59:20Z,ce90559f55be4473bb37ff8ca45b830d61c35bb7,6686,size_in_bytes,lib/ocaml/stdlib_alpha/stdlib_alpha.cmi,231
2026-08-05T16:59:20Z,ce90559f55be4473bb37ff8ca45b830d61c35bb7,6686,size_in_bytes,lib/ocaml/compiler_owee__Unix_intf.cmx,585
2026-08-05T16:59:20Z,ce90559f55be4473bb37ff8ca45b830d61c35bb7,6686,size_in_bytes,lib/ocaml/camlinternalAtomic.cmx,9778
2026-08-05T16:59:20Z,ce90559f55be4473bb37ff8ca45b830d61c35bb7,6686,size_in_bytes,lib/ocaml/stdlib__Backoff.cmx,8519
2026-08-05T16:59:20Z,ce90559f55be4473bb37ff8ca45b830d61c35bb7,6686,size_in_bytes,lib/ocaml/compiler_owee__Owee_elf_notes.cmx,121175
2026-08-05T16:59:20Z,ce90559f55be4473bb37ff8ca45b830d61c35bb7,6686,size_in_bytes,lib/ocaml/stdlib__List.cmx,202970
2026-08-05T16:59:20Z,ce90559f55be4473bb37ff8ca45b830d61c35bb7,6686,size_in_bytes,lib/ocaml/stdlib__Gc.cmx,44247
2026-08-05T16:59:20Z,ce90559f55be4473bb37ff8ca45b830d61c35bb7,6686,size_in_bytes,lib/ocaml/stdlib__In_channel.cmx,18900
2026-08-05T16:59:20Z,ce90559f55be4473bb37ff8ca45b830d61c35bb7,6686,size_in_bytes,lib/ocaml/stdlib__Weak.cmx,236539
2026-08-05T16:59:20Z,ce90559f55be4473bb37ff8ca45b830d61c35bb7,6686,size_in_bytes,lib/ocaml/stdlib__StringLabels.cmx,6542
2026-08-05T16:59:20Z,ce90559f55be4473bb37ff8ca45b830d61c35bb7,6686,size_in_bytes,lib/ocaml/stdlib__Quote.cmx,9340
2026-08-05T16:59:20Z,ce90559f55be4473bb37ff8ca45b830d61c35bb7,6686,size_in_bytes,lib/ocaml/dynlink_compilerlibs__Axis_lattice.cmx,204576
2026-08-05T16:59:20Z,ce90559f55be4473bb37ff8ca45b830d61c35bb7,6686,size_in_bytes,lib/ocaml/stdlib__Int64.cmx,34515
2026-08-05T16:59:20Z,ce90559f55be4473bb37ff8ca45b830d61c35bb7,6686,size_in_bytes,lib/ocaml/stdlib__Ephemeron.cmx,933360
2026-08-05T16:59:20Z,ce90559f55be4473bb37ff8ca45b830d61c35bb7,6686,size_in_bytes,lib/ocaml/stdlib__BytesLabels.cmx,8409
2026-08-05T16:59:20Z,ce90559f55be4473bb37ff8ca45b830d61c35bb7,6686,size_in_bytes,lib/ocaml/stdlib__Lazy.cmx,34942
2026-08-05T16:59:20Z,ce90559f55be4473bb37ff8ca45b830d61c35bb7,6686,size_in_bytes,lib/ocaml/stdlib__Sys.cmx,15997
2026-08-05T16:59:20Z,ce90559f55be4473bb37ff8ca45b830d61c35bb7,6686,size_in_bytes,lib/ocaml/stdlib__Semaphore.cmx,8227
2026-08-05T16:59:20Z,ce90559f55be4473bb37ff8ca45b830d61c35bb7,6686,size_in_bytes,lib/ocaml/stdlib__Random.cmx,228745
2026-08-05T16:59:20Z,ce90559f55be4473bb37ff8ca45b830d61c35bb7,6686,size_in_bytes,lib/ocaml/stdlib__Pqueue.cmx,78560
2026-08-05T16:59:20Z,ce90559f55be4473bb37ff8ca45b830d61c35bb7,6686,size_in_bytes,lib/ocaml/compiler_owee__Owee_elf_relocation.cmx,61230
2026-08-05T16:59:20Z,ce90559f55be4473bb37ff8ca45b830d61c35bb7,6686,size_in_bytes,lib/ocaml/camlinternalFormatBasics.cmx,11427
2026-08-05T16:59:20Z,ce90559f55be4473bb37ff8ca45b830d61c35bb7,6686,size_in_bytes,lib/ocaml/stdlib__Effect.cmx,48662
2026-08-05T16:59:20Z,ce90559f55be4473bb37ff8ca45b830d61c35bb7,6686,size_in_bytes,lib/ocaml/stdlib__Mutex.cmx,6803
2026-08-05T16:59:20Z,ce90559f55be4473bb37ff8ca45b830d61c35bb7,6686,size_in_bytes,lib/ocaml/stdlib__Bool.cmx,15280
2026-08-05T16:59:20Z,ce90559f55be4473bb37ff8ca45b830d61c35bb7,6686,size_in_bytes,lib/ocaml/camlinternalOO.cmx,33357
2026-08-05T16:59:20Z,ce90559f55be4473bb37ff8ca45b830d61c35bb7,6686,size_in_bytes,lib/ocaml/stdlib__Filename.cmx,354803
2026-08-05T16:59:20Z,ce90559f55be4473bb37ff8ca45b830d61c35bb7,6686,size_in_bytes,lib/ocaml/stdlib__Oo.cmx,711
2026-08-05T16:59:20Z,ce90559f55be4473bb37ff8ca45b830d61c35bb7,6686,size_in_bytes,lib/ocaml/compiler_owee__Owee_object.cmx,189601
2026-08-05T16:59:20Z,ce90559f55be4473bb37ff8ca45b830d61c35bb7,6686,size_in_bytes,lib/ocaml/stdlib__Modes.cmx,642
2026-08-05T16:59:20Z,ce90559f55be4473bb37ff8ca45b830d61c35bb7,6686,size_in_bytes,lib/ocaml/stdlib__Printexc.cmx,196698
2026-08-05T16:59:20Z,ce90559f55be4473bb37ff8ca45b830d61c35bb7,6686,size_in_bytes,lib/ocaml/dynlink_compilerlibs__Ldd_intf.cmx,2139
2026-08-05T16:59:20Z,ce90559f55be4473bb37ff8ca45b830d61c35bb7,6686,size_in_bytes,lib/ocaml/stdlib__Either.cmx,29198
2026-08-05T16:59:20Z,ce90559f55be4473bb37ff8ca45b830d61c35bb7,6686,size_in_bytes,lib/ocaml/compiler_owee__Owee_elf_string_table.cmx,25432
2026-08-05T16:59:20Z,ce90559f55be4473bb37ff8ca45b830d61c35bb7,6686,size_in_bytes,lib/ocaml/stdlib__Seq.cmx,170682
2026-08-05T16:59:20Z,ce90559f55be4473bb37ff8ca45b830d61c35bb7,6686,size_in_bytes,lib/ocaml/stdlib__ArrayLabels.cmx,4321
2026-08-05T16:59:20Z,ce90559f55be4473bb37ff8ca45b830d61c35bb7,6686,size_in_bytes,lib/ocaml/compiler_owee__Owee_debug_line.cmx,19508
2026-08-05T16:59:20Z,ce90559f55be4473bb37ff8ca45b830d61c35bb7,6686,size_in_bytes,lib/ocaml/stdlib__Float.cmx,214215
2026-08-05T16:59:20Z,ce90559f55be4473bb37ff8ca45b830d61c35bb7,6686,size_in_bytes,lib/ocaml/stdlib__Complex.cmx,44876
2026-08-05T16:59:20Z,ce90559f55be4473bb37ff8ca45b830d61c35bb7,6686,size_in_bytes,lib/ocaml/stdlib__Nativeint.cmx,35925
2026-08-05T16:59:20Z,ce90559f55be4473bb37ff8ca45b830d61c35bb7,6686,size_in_bytes,lib/ocaml/compiler_owee__Owee_location.cmx,39000
2026-08-05T16:59:20Z,ce90559f55be4473bb37ff8ca45b830d61c35bb7,6686,size_in_bytes,lib/ocaml/compiler_owee__Owee_linux_maps.cmx,41242
2026-08-05T16:59:20Z,ce90559f55be4473bb37ff8ca45b830d61c35bb7,6686,size_in_bytes,lib/ocaml/compiler_owee__Owee_marker.cmx,105264
2026-08-05T16:59:20Z,ce90559f55be4473bb37ff8ca45b830d61c35bb7,6686,size_in_bytes,lib/ocaml/stdlib__Int.cmx,12981
2026-08-05T16:59:20Z,ce90559f55be4473bb37ff8ca45b830d61c35bb7,6686,size_in_bytes,lib/ocaml/stdlib__Bytes.cmx,368219
2026-08-05T16:59:20Z,ce90559f55be4473bb37ff8ca45b830d61c35bb7,6686,size_in_bytes,lib/ocaml/stdlib__Stack.cmx,36120
2026-08-05T16:59:20Z,ce90559f55be4473bb37ff8ca45b830d61c35bb7,6686,size_in_bytes,lib/ocaml/camlinternalFormat.cmx,206971
2026-08-05T16:59:20Z,ce90559f55be4473bb37ff8ca45b830d61c35bb7,6686,size_in_bytes,lib/ocaml/camlinternalQuote.cmx,437114
2026-08-05T16:59:20Z,ce90559f55be4473bb37ff8ca45b830d61c35bb7,6686,size_in_bytes,lib/ocaml/stdlib__Obj.cmx,76155
2026-08-05T16:59:20Z,ce90559f55be4473bb37ff8ca45b830d61c35bb7,6686,size_in_bytes,lib/ocaml/stdlib__Domain.cmx,234863
2026-08-05T16:59:20Z,ce90559f55be4473bb37ff8ca45b830d61c35bb7,6686,size_in_bytes,lib/ocaml/compiler_owee__Owee_macho.cmx,104805
2026-08-05T16:59:20Z,ce90559f55be4473bb37ff8ca45b830d61c35bb7,6686,size_in_bytes,lib/ocaml/stdlib__Result.cmx,47978
2026-08-05T16:59:20Z,ce90559f55be4473bb37ff8ca45b830d61c35bb7,6686,size_in_bytes,lib/ocaml/dynlink_compilerlibs__Ldd.cmx,589440
2026-08-05T16:59:20Z,ce90559f55be4473bb37ff8ca45b830d61c35bb7,6686,size_in_bytes,lib/ocaml/compiler_owee__Owee_traverse.cmx,87668
2026-08-05T16:59:20Z,ce90559f55be4473bb37ff8ca45b830d61c35bb7,6686,size_in_bytes,lib/ocaml/stdlib.cmx,212243
2026-08-05T16:59:20Z,ce90559f55be4473bb37ff8ca45b830d61c35bb7,6686,size_in_bytes,lib/ocaml/std_exit.cmx,474
2026-08-05T16:59:20Z,ce90559f55be4473bb37ff8ca45b830d61c35bb7,6686,size_in_bytes,lib/ocaml/stdlib__Parsing.cmx,65662
2026-08-05T16:59:20Z,ce90559f55be4473bb37ff8ca45b830d61c35bb7,6686,size_in_bytes,lib/ocaml/stdlib__Int32.cmx,34190
2026-08-05T16:59:20Z,ce90559f55be4473bb37ff8ca45b830d61c35bb7,6686,size_in_bytes,lib/ocaml/stdlib__Queue.cmx,53902
2026-08-05T16:59:20Z,ce90559f55be4473bb37ff8ca45b830d61c35bb7,6686,size_in_bytes,lib/ocaml/stdlib__Hashtbl.cmx,474300
2026-08-05T16:59:20Z,ce90559f55be4473bb37ff8ca45b830d61c35bb7,6686,size_in_bytes,lib/ocaml/dynlink_compilerlibs__Misc.cmx,2116254
2026-08-05T16:59:20Z,ce90559f55be4473bb37ff8ca45b830d61c35bb7,6686,size_in_bytes,lib/ocaml/stdlib__Pair.cmx,10901
2026-08-05T16:59:20Z,ce90559f55be4473bb37ff8ca45b830d61c35bb7,6686,size_in_bytes,lib/ocaml/stdlib__Unit.cmx,3613
2026-08-05T16:59:20Z,ce90559f55be4473bb37ff8ca45b830d61c35bb7,6686,size_in_bytes,lib/ocaml/stdlib__Iarray.cmx,170551
2026-08-05T16:59:20Z,ce90559f55be4473bb37ff8ca45b830d61c35bb7,6686,size_in_bytes,lib/ocaml/stdlib__ListLabels.cmx,6338
2026-08-05T16:59:20Z,ce90559f55be4473bb37ff8ca45b830d61c35bb7,6686,size_in_bytes,lib/ocaml/stdlib__Fun.cmx,13589
2026-08-05T16:59:20Z,ce90559f55be4473bb37ff8ca45b830d61c35bb7,6686,size_in_bytes,lib/ocaml/stdlib__Lexing.cmx,90849
2026-08-05T16:59:20Z,ce90559f55be4473bb37ff8ca45b830d61c35bb7,6686,size_in_bytes,lib/ocaml/stdlib__Array.cmx,202142
2026-08-05T16:59:20Z,ce90559f55be4473bb37ff8ca45b830d61c35bb7,6686,size_in_bytes,lib/ocaml/stdlib__Arg.cmx,181837
2026-08-05T16:59:20Z,ce90559f55be4473bb37ff8ca45b830d61c35bb7,6686,size_in_bytes,lib/ocaml/stdlib__Format.cmx,1066502
2026-08-05T16:59:20Z,ce90559f55be4473bb37ff8ca45b830d61c35bb7,6686,size_in_bytes,lib/ocaml/compiler_owee__Owee_form.cmx,13788
2026-08-05T16:59:20Z,ce90559f55be4473bb37ff8ca45b830d61c35bb7,6686,size_in_bytes,lib/ocaml/stdlib__Dynarray.cmx,56313
2026-08-05T16:59:20Z,ce90559f55be4473bb37ff8ca45b830d61c35bb7,6686,size_in_bytes,lib/ocaml/stdlib__Scanf.cmx,270002
2026-08-05T16:59:20Z,ce90559f55be4473bb37ff8ca45b830d61c35bb7,6686,size_in_bytes,lib/ocaml/compiler_owee__Owee_archive.cmx,14205
2026-08-05T16:59:20Z,ce90559f55be4473bb37ff8ca45b830d61c35bb7,6686,size_in_bytes,lib/ocaml/stdlib__Uchar.cmx,47237
2026-08-05T16:59:20Z,ce90559f55be4473bb37ff8ca45b830d61c35bb7,6686,size_in_bytes,lib/ocaml/eval.cmx,36863
2026-08-05T16:59:20Z,ce90559f55be4473bb37ff8ca45b830d61c35bb7,6686,size_in_bytes,lib/ocaml/compiler_owee__Owee_graph.cmx,170367
2026-08-05T16:59:20Z,ce90559f55be4473bb37ff8ca45b830d61c35bb7,6686,size_in_bytes,lib/ocaml/stdlib__Atomic.cmx,6250
2026-08-05T16:59:20Z,ce90559f55be4473bb37ff8ca45b830d61c35bb7,6686,size_in_bytes,lib/ocaml/stdlib__Digest.cmx,211630
2026-08-05T16:59:20Z,ce90559f55be4473bb37ff8ca45b830d61c35bb7,6686,size_in_bytes,lib/ocaml/stdlib__Repr.cmx,559
2026-08-05T16:59:20Z,ce90559f55be4473bb37ff8ca45b830d61c35bb7,6686,size_in_bytes,lib/ocaml/stdlib__Type.cmx,5455
2026-08-05T16:59:20Z,ce90559f55be4473bb37ff8ca45b830d61c35bb7,6686,size_in_bytes,lib/ocaml/camlinternalComprehension.cmx,6273
2026-08-05T16:59:20Z,ce90559f55be4473bb37ff8ca45b830d61c35bb7,6686,size_in_bytes,lib/ocaml/stdlib__Printf.cmx,70016
2026-08-05T16:59:20Z,ce90559f55be4473bb37ff8ca45b830d61c35bb7,6686,size_in_bytes,lib/ocaml/stdlib__Buffer.cmx,237122
2026-08-05T16:59:20Z,ce90559f55be4473bb37ff8ca45b830d61c35bb7,6686,size_in_bytes,lib/ocaml/compiler_owee__Owee_buf.cmx,124880
2026-08-05T16:59:20Z,ce90559f55be4473bb37ff8ca45b830d61c35bb7,6686,size_in_bytes,lib/ocaml/stdlib__Out_channel.cmx,14436
2026-08-05T16:59:20Z,ce90559f55be4473bb37ff8ca45b830d61c35bb7,6686,size_in_bytes,lib/ocaml/stdlib__StdLabels.cmx,414
2026-08-05T16:59:20Z,ce90559f55be4473bb37ff8ca45b830d61c35bb7,6686,size_in_bytes,lib/ocaml/stdlib__Marshal.cmx,20979
2026-08-05T16:59:20Z,ce90559f55be4473bb37ff8ca45b830d61c35bb7,6686,size_in_bytes,lib/ocaml/camlinternalMod.cmx,2877
2026-08-05T16:59:20Z,ce90559f55be4473bb37ff8ca45b830d61c35bb7,6686,size_in_bytes,lib/ocaml/stdlib__Char.cmx,58577
2026-08-05T16:59:20Z,ce90559f55be4473bb37ff8ca45b830d61c35bb7,6686,size_in_bytes,lib/ocaml/stdlib__Dynamic.cmx,7968
2026-08-05T16:59:20Z,ce90559f55be4473bb37ff8ca45b830d61c35bb7,6686,size_in_bytes,lib/ocaml/stdlib__Option.cmx,29468
2026-08-05T16:59:20Z,ce90559f55be4473bb37ff8ca45b830d61c35bb7,6686,size_in_bytes,lib/ocaml/stdlib__Map.cmx,793566
2026-08-05T16:59:20Z,ce90559f55be4473bb37ff8ca45b830d61c35bb7,6686,size_in_bytes,lib/ocaml/compiler_owee.cmx,852
2026-08-05T16:59:20Z,ce90559f55be4473bb37ff8ca45b830d61c35bb7,6686,size_in_bytes,lib/ocaml/stdlib__String.cmx,279368
2026-08-05T16:59:20Z,ce90559f55be4473bb37ff8ca45b830d61c35bb7,6686,size_in_bytes,lib/ocaml/stdlib__Set.cmx,790660
2026-08-05T16:59:20Z,ce90559f55be4473bb37ff8ca45b830d61c35bb7,6686,size_in_bytes,lib/ocaml/compiler_owee__Owee_interval_map.cmx,47960
2026-08-05T16:59:20Z,ce90559f55be4473bb37ff8ca45b830d61c35bb7,6686,size_in_bytes,lib/ocaml/stdlib__MoreLabels.cmx,925
2026-08-05T16:59:20Z,ce90559f55be4473bb37ff8ca45b830d61c35bb7,6686,size_in_bytes,lib/ocaml/gc_timings.cmx,4896
2026-08-05T16:59:20Z,ce90559f55be4473bb37ff8ca45b830d61c35bb7,6686,size_in_bytes,lib/ocaml/stdlib__Bigarray.cmx,137850
2026-08-05T16:59:20Z,ce90559f55be4473bb37ff8ca45b830d61c35bb7,6686,size_in_bytes,lib/ocaml/compiler_owee__Owee_elf.cmx,389533
2026-08-05T16:59:20Z,ce90559f55be4473bb37ff8ca45b830d61c35bb7,6686,size_in_bytes,lib/ocaml/stdlib__Callback.cmx,11538
2026-08-05T16:59:20Z,ce90559f55be4473bb37ff8ca45b830d61c35bb7,6686,size_in_bytes,lib/ocaml/camlinternalLazy.cmx,29840
2026-08-05T16:59:20Z,ce90559f55be4473bb37ff8ca45b830d61c35bb7,6686,size_in_bytes,lib/ocaml/stdlib__Condition.cmx,6566
2026-08-05T16:59:20Z,ce90559f55be4473bb37ff8ca45b830d61c35bb7,6686,size_in_bytes,lib/ocaml/unix/unix.cmx,519127
2026-08-05T16:59:20Z,ce90559f55be4473bb37ff8ca45b830d61c35bb7,6686,size_in_bytes,lib/ocaml/unix/unixLabels.cmx,20120
2026-08-05T16:59:20Z,ce90559f55be4473bb37ff8ca45b830d61c35bb7,6686,size_in_bytes,lib/ocaml/dynlink/dynlink_internal_native.cmx,389581
2026-08-05T16:59:20Z,ce90559f55be4473bb37ff8ca45b830d61c35bb7,6686,size_in_bytes,lib/ocaml/dynlink/dynlink_internal_byte.cmx,518139
2026-08-05T16:59:20Z,ce90559f55be4473bb37ff8ca45b830d61c35bb7,6686,size_in_bytes,lib/ocaml/dynlink/dynlink_platform_intf.cmx,603
2026-08-05T16:59:20Z,ce90559f55be4473bb37ff8ca45b830d61c35bb7,6686,size_in_bytes,lib/ocaml/dynlink/dynlink_types.cmx,2452
2026-08-05T16:59:20Z,ce90559f55be4473bb37ff8ca45b830d61c35bb7,6686,size_in_bytes,lib/ocaml/dynlink/dynlink.cmx,105342
2026-08-05T16:59:20Z,ce90559f55be4473bb37ff8ca45b830d61c35bb7,6686,size_in_bytes,lib/ocaml/dynlink/dynlink_common.cmx,461077
2026-08-05T16:59:20Z,ce90559f55be4473bb37ff8ca45b830d61c35bb7,6686,size_in_bytes,lib/ocaml/stdlib_stable/stdlib_stable__Int.cmx,20864
2026-08-05T16:59:20Z,ce90559f55be4473bb37ff8ca45b830d61c35bb7,6686,size_in_bytes,lib/ocaml/stdlib_stable/stdlib_stable__Int16.cmx,16350
2026-08-05T16:59:20Z,ce90559f55be4473bb37ff8ca45b830d61c35bb7,6686,size_in_bytes,lib/ocaml/stdlib_stable/stdlib_stable__Int_u.cmx,28574
2026-08-05T16:59:20Z,ce90559f55be4473bb37ff8ca45b830d61c35bb7,6686,size_in_bytes,lib/ocaml/stdlib_stable/stdlib_stable__Or_null.cmx,30220
2026-08-05T16:59:20Z,ce90559f55be4473bb37ff8ca45b830d61c35bb7,6686,size_in_bytes,lib/ocaml/stdlib_stable/stdlib_stable__Int16_u.cmx,21804
2026-08-05T16:59:20Z,ce90559f55be4473bb37ff8ca45b830d61c35bb7,6686,size_in_bytes,lib/ocaml/stdlib_stable/stdlib_stable__Char_u.cmx,34050
2026-08-05T16:59:20Z,ce90559f55be4473bb37ff8ca45b830d61c35bb7,6686,size_in_bytes,lib/ocaml/stdlib_stable/stdlib_stable__Int8.cmx,16238
2026-08-05T16:59:20Z,ce90559f55be4473bb37ff8ca45b830d61c35bb7,6686,size_in_bytes,lib/ocaml/stdlib_stable/stdlib_stable.cmx,429
2026-08-05T16:59:20Z,ce90559f55be4473bb37ff8ca45b830d61c35bb7,6686,size_in_bytes,lib/ocaml/stdlib_stable/stdlib_stable__Float32_u.cmx,184911
2026-08-05T16:59:20Z,ce90559f55be4473bb37ff8ca45b830d61c35bb7,6686,size_in_bytes,lib/ocaml/stdlib_stable/stdlib_stable__Idx_mut.cmx,475
2026-08-05T16:59:20Z,ce90559f55be4473bb37ff8ca45b830d61c35bb7,6686,size_in_bytes,lib/ocaml/stdlib_stable/stdlib_stable__Iarray.cmx,3508
2026-08-05T16:59:20Z,ce90559f55be4473bb37ff8ca45b830d61c35bb7,6686,size_in_bytes,lib/ocaml/stdlib_stable/stdlib_stable__.cmx,844
2026-08-05T16:59:20Z,ce90559f55be4473bb37ff8ca45b830d61c35bb7,6686,size_in_bytes,lib/ocaml/stdlib_stable/stdlib_stable__IarrayLabels.cmx,478754
2026-08-05T16:59:20Z,ce90559f55be4473bb37ff8ca45b830d61c35bb7,6686,size_in_bytes,lib/ocaml/stdlib_stable/stdlib_stable__Idx_imm.cmx,475
2026-08-05T16:59:20Z,ce90559f55be4473bb37ff8ca45b830d61c35bb7,6686,size_in_bytes,lib/ocaml/stdlib_stable/stdlib_stable__Int8_u.cmx,21658
2026-08-05T16:59:20Z,ce90559f55be4473bb37ff8ca45b830d61c35bb7,6686,size_in_bytes,lib/ocaml/stdlib_stable/stdlib_stable__Float32.cmx,59915
2026-08-05T16:59:20Z,ce90559f55be4473bb37ff8ca45b830d61c35bb7,6686,size_in_bytes,lib/ocaml/runtime_events/runtime_events.cmx,79951
2026-08-05T16:59:20Z,ce90559f55be4473bb37ff8ca45b830d61c35bb7,6686,size_in_bytes,lib/ocaml/compiler-libs/regalloc_gi.cmx,88329
2026-08-05T16:59:20Z,ce90559f55be4473bb37ff8ca45b830d61c35bb7,6686,size_in_bytes,lib/ocaml/compiler-libs/dwarf_high__Dwarf_world.cmx,10516
2026-08-05T16:59:20Z,ce90559f55be4473bb37ff8ca45b830d61c35bb7,6686,size_in_bytes,lib/ocaml/compiler-libs/printblambda.cmx,38364
2026-08-05T16:59:20Z,ce90559f55be4473bb37ff8ca45b830d61c35bb7,6686,size_in_bytes,lib/ocaml/compiler-libs/out_type.cmx,1479585
2026-08-05T16:59:20Z,ce90559f55be4473bb37ff8ca45b830d61c35bb7,6686,size_in_bytes,lib/ocaml/compiler-libs/dwarf_low__Dwarf_tag.cmx,35653
2026-08-05T16:59:20Z,ce90559f55be4473bb37ff8ca45b830d61c35bb7,6686,size_in_bytes,lib/ocaml/compiler-libs/regalloc_irc_state.cmx,839038
2026-08-05T16:59:20Z,ce90559f55be4473bb37ff8ca45b830d61c35bb7,6686,size_in_bytes,lib/ocaml/compiler-libs/translquote.cmx,301510
2026-08-05T16:59:20Z,ce90559f55be4473bb37ff8ca45b830d61c35bb7,6686,size_in_bytes,lib/ocaml/compiler-libs/CSE.cmx,26643
2026-08-05T16:59:20Z,ce90559f55be4473bb37ff8ca45b830d61c35bb7,6686,size_in_bytes,lib/ocaml/compiler-libs/dwarf_low__Abbreviations_table_entry.cmx,90981
2026-08-05T16:59:20Z,ce90559f55be4473bb37ff8ca45b830d61c35bb7,6686,size_in_bytes,lib/ocaml/compiler-libs/typedtree.cmx,384934
2026-08-05T16:59:20Z,ce90559f55be4473bb37ff8ca45b830d61c35bb7,6686,size_in_bytes,lib/ocaml/compiler-libs/dwarf_low__Range_list.cmx,38996
2026-08-05T16:59:20Z,ce90559f55be4473bb37ff8ca45b830d61c35bb7,6686,size_in_bytes,lib/ocaml/compiler-libs/cfg_cse_target_intf.cmx,9844
2026-08-05T16:59:20Z,ce90559f55be4473bb37ff8ca45b830d61c35bb7,6686,size_in_bytes,lib/ocaml/compiler-libs/printtyped.cmx,846648
2026-08-05T16:59:20Z,ce90559f55be4473bb37ff8ca45b830d61c35bb7,6686,size_in_bytes,lib/ocaml/compiler-libs/symbol_table.cmx,108128
2026-08-05T16:59:20Z,ce90559f55be4473bb37ff8ca45b830d61c35bb7,6686,size_in_bytes,lib/ocaml/compiler-libs/arm64_binary_emitter__Bitfield_helpers.cmx,9911
2026-08-05T16:59:20Z,ce90559f55be4473bb37ff8ca45b830d61c35bb7,6686,size_in_bytes,lib/ocaml/compiler-libs/linkenv.cmx,352941
2026-08-05T16:59:20Z,ce90559f55be4473bb37ff8ca45b830d61c35bb7,6686,size_in_bytes,lib/ocaml/compiler-libs/build_igot_and_iplt.cmx,17849
2026-08-05T16:59:20Z,ce90559f55be4473bb37ff8ca45b830d61c35bb7,6686,size_in_bytes,lib/ocaml/compiler-libs/priority_queue.cmx,91294
2026-08-05T16:59:20Z,ce90559f55be4473bb37ff8ca45b830d61c35bb7,6686,size_in_bytes,lib/ocaml/compiler-libs/runtime_shape.cmx,276643
2026-08-05T16:59:20Z,ce90559f55be4473bb37ff8ca45b830d61c35bb7,6686,size_in_bytes,lib/ocaml/compiler-libs/ldd.cmx,546512
2026-08-05T16:59:20Z,ce90559f55be4473bb37ff8ca45b830d61c35bb7,6686,size_in_bytes,lib/ocaml/compiler-libs/arm64_ast__Logical_immediates.cmx,54277
2026-08-05T16:59:20Z,ce90559f55be4473bb37ff8ca45b830d61c35bb7,6686,size_in_bytes,lib/ocaml/compiler-libs/regalloc_split_state.cmx,344866
2026-08-05T16:59:20Z,ce90559f55be4473bb37ff8ca45b830d61c35bb7,6686,size_in_bytes,lib/ocaml/compiler-libs/arg_helper.cmx,84078
2026-08-05T16:59:20Z,ce90559f55be4473bb37ff8ca45b830d61c35bb7,6686,size_in_bytes,lib/ocaml/compiler-libs/binutils.cmx,309759
2026-08-05T16:59:20Z,ce90559f55be4473bb37ff8ca45b830d61c35bb7,6686,size_in_bytes,lib/ocaml/compiler-libs/dwarf_low__Location_list.cmx,39415
2026-08-05T16:59:20Z,ce90559f55be4473bb37ff8ca45b830d61c35bb7,6686,size_in_bytes,lib/ocaml/compiler-libs/partial_link.cmx,160422
2026-08-05T16:59:20Z,ce90559f55be4473bb37ff8ca45b830d61c35bb7,6686,size_in_bytes,lib/ocaml/compiler-libs/diffing_with_keys.cmx,229912
2026-08-05T16:59:20Z,ce90559f55be4473bb37ff8ca45b830d61c35bb7,6686,size_in_bytes,lib/ocaml/compiler-libs/typedecl.cmx,755355
2026-08-05T16:59:20Z,ce90559f55be4473bb37ff8ca45b830d61c35bb7,6686,size_in_bytes,lib/ocaml/compiler-libs/arm64_binary_emitter__For_jit.cmx,103448
2026-08-05T16:59:20Z,ce90559f55be4473bb37ff8ca45b830d61c35bb7,6686,size_in_bytes,lib/ocaml/compiler-libs/ctype.cmx,3045843
2026-08-05T16:59:20Z,ce90559f55be4473bb37ff8ca45b830d61c35bb7,6686,size_in_bytes,lib/ocaml/compiler-libs/llvm_ir.cmx,820248
2026-08-05T16:59:20Z,ce90559f55be4473bb37ff8ca45b830d61c35bb7,6686,size_in_bytes,lib/ocaml/compiler-libs/probe_emission.cmx,140438
2026-08-05T16:59:20Z,ce90559f55be4473bb37ff8ca45b830d61c35bb7,6686,size_in_bytes,lib/ocaml/compiler-libs/cfg_comballoc.cmx,78111
2026-08-05T16:59:20Z,ce90559f55be4473bb37ff8ca45b830d61c35bb7,6686,size_in_bytes,lib/ocaml/compiler-libs/dwarf_low__Encoding_attribute.cmx,10230
2026-08-05T16:59:20Z,ce90559f55be4473bb37ff8ca45b830d61c35bb7,6686,size_in_bytes,lib/ocaml/compiler-libs/arm64_binary_emitter__Load_store_helpers.cmx,89152
2026-08-05T16:59:20Z,ce90559f55be4473bb37ff8ca45b830d61c35bb7,6686,size_in_bytes,lib/ocaml/compiler-libs/partition_object_files.cmx,82960
2026-08-05T16:59:20Z,ce90559f55be4473bb37ff8ca45b830d61c35bb7,6686,size_in_bytes,lib/ocaml/compiler-libs/cfg_stack_checks.cmx,137945
2026-08-05T16:59:20Z,ce90559f55be4473bb37ff8ca45b830d61c35bb7,6686,size_in_bytes,lib/ocaml/compiler-libs/simd_selection.cmx,261507
2026-08-05T16:59:20Z,ce90559f55be4473bb37ff8ca45b830d61c35bb7,6686,size_in_bytes,lib/ocaml/compiler-libs/targetint.cmx,53724
2026-08-05T16:59:20Z,ce90559f55be4473bb37ff8ca45b830d61c35bb7,6686,size_in_bytes,lib/ocaml/compiler-libs/pparse.cmx,204380
2026-08-05T16:59:20Z,ce90559f55be4473bb37ff8ca45b830d61c35bb7,6686,size_in_bytes,lib/ocaml/compiler-libs/profile.cmx,270835
2026-08-05T16:59:20Z,ce90559f55be4473bb37ff8ca45b830d61c35bb7,6686,size_in_bytes,lib/ocaml/compiler-libs/stack_class_utils.cmx,92026
2026-08-05T16:59:20Z,ce90559f55be4473bb37ff8ca45b830d61c35bb7,6686,size_in_bytes,lib/ocaml/compiler-libs/arm64_binary_emitter__Binary_emitter.cmx,167248
2026-08-05T16:59:20Z,ce90559f55be4473bb37ff8ca45b830d61c35bb7,6686,size_in_bytes,lib/ocaml/compiler-libs/parser_types.cmx,1289
2026-08-05T16:59:20Z,ce90559f55be4473bb37ff8ca45b830d61c35bb7,6686,size_in_bytes,lib/ocaml/compiler-libs/patterns.cmx,145183
2026-08-05T16:59:20Z,ce90559f55be4473bb37ff8ca45b830d61c35bb7,6686,size_in_bytes,lib/ocaml/compiler-libs/path.cmx,316993
2026-08-05T16:59:20Z,ce90559f55be4473bb37ff8ca45b830d61c35bb7,6686,size_in_bytes,lib/ocaml/compiler-libs/cms_format.cmx,104545
2026-08-05T16:59:20Z,ce90559f55be4473bb37ff8ca45b830d61c35bb7,6686,size_in_bytes,lib/ocaml/compiler-libs/reg.cmx,847720
2026-08-05T16:59:20Z,ce90559f55be4473bb37ff8ca45b830d61c35bb7,6686,size_in_bytes,lib/ocaml/compiler-libs/cfg_cse.cmx,355185
2026-08-05T16:59:20Z,ce90559f55be4473bb37ff8ca45b830d61c35bb7,6686,size_in_bytes,lib/ocaml/compiler-libs/rewrite_sections.cmx,10375
2026-08-05T16:59:20Z,ce90559f55be4473bb37ff8ca45b830d61c35bb7,6686,size_in_bytes,lib/ocaml/compiler-libs/x86_dsl.cmx,476409
2026-08-05T16:59:20Z,ce90559f55be4473bb37ff8ca45b830d61c35bb7,6686,size_in_bytes,lib/ocaml/compiler-libs/oxcaml_flags.cmx,64979
2026-08-05T16:59:20Z,ce90559f55be4473bb37ff8ca45b830d61c35bb7,6686,size_in_bytes,lib/ocaml/compiler-libs/printcfg.cmx,176118
2026-08-05T16:59:20Z,ce90559f55be4473bb37ff8ca45b830d61c35bb7,6686,size_in_bytes,lib/ocaml/compiler-libs/typedecl_variance.cmx,186389
2026-08-05T16:59:20Z,ce90559f55be4473bb37ff8ca45b830d61c35bb7,6686,size_in_bytes,lib/ocaml/compiler-libs/pprintast.cmx,176272
2026-08-05T16:59:20Z,ce90559f55be4473bb37ff8ca45b830d61c35bb7,6686,size_in_bytes,lib/ocaml/compiler-libs/vicuna_value_shapes.cmx,77811
2026-08-05T16:59:20Z,ce90559f55be4473bb37ff8ca45b830d61c35bb7,6686,size_in_bytes,lib/ocaml/compiler-libs/fdo_info.cmx,23384
2026-08-05T16:59:20Z,ce90559f55be4473bb37ff8ca45b830d61c35bb7,6686,size_in_bytes,lib/ocaml/compiler-libs/slambdaeval.cmx,96129
2026-08-05T16:59:20Z,ce90559f55be4473bb37ff8ca45b830d61c35bb7,6686,size_in_bytes,lib/ocaml/compiler-libs/allowance.cmx,8196
2026-08-05T16:59:20Z,ce90559f55be4473bb37ff8ca45b830d61c35bb7,6686,size_in_bytes,lib/ocaml/compiler-libs/int_replace_polymorphic_compare.cmx,12670
2026-08-05T16:59:20Z,ce90559f55be4473bb37ff8ca45b830d61c35bb7,6686,size_in_bytes,lib/ocaml/compiler-libs/amd64_simd_defs.cmx,170454
2026-08-05T16:59:20Z,ce90559f55be4473bb37ff8ca45b830d61c35bb7,6686,size_in_bytes,lib/ocaml/compiler-libs/static_label.cmx,16847
2026-08-05T16:59:20Z,ce90559f55be4473bb37ff8ca45b830d61c35bb7,6686,size_in_bytes,lib/ocaml/compiler-libs/x86_gas.cmx,40818
2026-08-05T16:59:20Z,ce90559f55be4473bb37ff8ca45b830d61c35bb7,6686,size_in_bytes,lib/ocaml/compiler-libs/llvmize.cmx,433905
2026-08-05T16:59:20Z,ce90559f55be4473bb37ff8ca45b830d61c35bb7,6686,size_in_bytes,lib/ocaml/compiler-libs/runtimedef.cmx,698
2026-08-05T16:59:20Z,ce90559f55be4473bb37ff8ca45b830d61c35bb7,6686,size_in_bytes,lib/ocaml/compiler-libs/build_linker_args.cmx,18719
2026-08-05T16:59:20Z,ce90559f55be4473bb37ff8ca45b830d61c35bb7,6686,size_in_bytes,lib/ocaml/compiler-libs/dwarf_low__Dwarf_4_range_list_entry.cmx,68357
2026-08-05T16:59:20Z,ce90559f55be4473bb37ff8ca45b830d61c35bb7,6686,size_in_bytes,lib/ocaml/compiler-libs/cmi_format.cmx,130496
2026-08-05T16:59:20Z,ce90559f55be4473bb37ff8ca45b830d61c35bb7,6686,size_in_bytes,lib/ocaml/compiler-libs/persistent_env.cmx,832810
2026-08-05T16:59:20Z,ce90559f55be4473bb37ff8ca45b830d61c35bb7,6686,size_in_bytes,lib/ocaml/compiler-libs/dwarf_high__Simple_location_description_lang.cmx,185968
2026-08-05T16:59:20Z,ce90559f55be4473bb37ff8ca45b830d61c35bb7,6686,size_in_bytes,lib/ocaml/compiler-libs/parmatch.cmx,504523
2026-08-05T16:59:20Z,ce90559f55be4473bb37ff8ca45b830d61c35bb7,6686,size_in_bytes,lib/ocaml/compiler-libs/debuginfo.cmx,531531
2026-08-05T16:59:20Z,ce90559f55be4473bb37ff8ca45b830d61c35bb7,6686,size_in_bytes,lib/ocaml/compiler-libs/dwarf_low__Simple_location_description.cmx,22022
2026-08-05T16:59:20Z,ce90559f55be4473bb37ff8ca45b830d61c35bb7,6686,size_in_bytes,lib/ocaml/compiler-libs/includeclass.cmx,45550
2026-08-05T16:59:20Z,ce90559f55be4473bb37ff8ca45b830d61c35bb7,6686,size_in_bytes,lib/ocaml/compiler-libs/profile_counters_functions.cmx,5014
2026-08-05T16:59:20Z,ce90559f55be4473bb37ff8ca45b830d61c35bb7,6686,size_in_bytes,lib/ocaml/compiler-libs/dwarf_low__Dwarf_emittable.cmx,1154
2026-08-05T16:59:20Z,ce90559f55be4473bb37ff8ca45b830d61c35bb7,6686,size_in_bytes,lib/ocaml/compiler-libs/maindriver.cmx,7405
2026-08-05T16:59:20Z,ce90559f55be4473bb37ff8ca45b830d61c35bb7,6686,size_in_bytes,lib/ocaml/compiler-libs/x86_section.cmx,289945
2026-08-05T16:59:20Z,ce90559f55be4473bb37ff8ca45b830d61c35bb7,6686,size_in_bytes,lib/ocaml/compiler-libs/domainstate.cmx,1761
2026-08-05T16:59:20Z,ce90559f55be4473bb37ff8ca45b830d61c35bb7,6686,size_in_bytes,lib/ocaml/compiler-libs/cfg_dominators.cmx,92084
2026-08-05T16:59:20Z,ce90559f55be4473bb37ff8ca45b830d61c35bb7,6686,size_in_bytes,lib/ocaml/compiler-libs/dwarf_low__Dwarf_4_range_list.cmx,60096
2026-08-05T16:59:20Z,ce90559f55be4473bb37ff8ca45b830d61c35bb7,6686,size_in_bytes,lib/ocaml/compiler-libs/dwarf_low__Debug_loc_table.cmx,24389
2026-08-05T16:59:20Z,ce90559f55be4473bb37ff8ca45b830d61c35bb7,6686,size_in_bytes,lib/ocaml/compiler-libs/signature_with_global_bindings.cmx,72203
2026-08-05T16:59:20Z,ce90559f55be4473bb37ff8ca45b830d61c35bb7,6686,size_in_bytes,lib/ocaml/compiler-libs/generic_fns.cmx,484650
2026-08-05T16:59:20Z,ce90559f55be4473bb37ff8ca45b830d61c35bb7,6686,size_in_bytes,lib/ocaml/compiler-libs/location_tracker_formatter.cmx,100887
2026-08-05T16:59:20Z,ce90559f55be4473bb37ff8ca45b830d61c35bb7,6686,size_in_bytes,lib/ocaml/compiler-libs/lru.cmx,68317
2026-08-05T16:59:20Z,ce90559f55be4473bb37ff8ca45b830d61c35bb7,6686,size_in_bytes,lib/ocaml/compiler-libs/dsl_helpers.cmx,384
2026-08-05T16:59:20Z,ce90559f55be4473bb37ff8ca45b830d61c35bb7,6686,size_in_bytes,lib/ocaml/compiler-libs/oprint.cmx,24702
2026-08-05T16:59:20Z,ce90559f55be4473bb37ff8ca45b830d61c35bb7,6686,size_in_bytes,lib/ocaml/compiler-libs/x86_ast_utils.cmx,82891
2026-08-05T16:59:20Z,ce90559f55be4473bb37ff8ca45b830d61c35bb7,6686,size_in_bytes,lib/ocaml/compiler-libs/includecore.cmx,386745
2026-08-05T16:59:20Z,ce90559f55be4473bb37ff8ca45b830d61c35bb7,6686,size_in_bytes,lib/ocaml/compiler-libs/cfg_deadcode.cmx,53413
2026-08-05T16:59:20Z,ce90559f55be4473bb37ff8ca45b830d61c35bb7,6686,size_in_bytes,lib/ocaml/compiler-libs/envaux.cmx,39889
2026-08-05T16:59:20Z,ce90559f55be4473bb37ff8ca45b830d61c35bb7,6686,size_in_bytes,lib/ocaml/compiler-libs/regalloc_invariants.cmx,100629
2026-08-05T16:59:20Z,ce90559f55be4473bb37ff8ca45b830d61c35bb7,6686,size_in_bytes,lib/ocaml/compiler-libs/regalloc_stack_operands.cmx,21171
2026-08-05T16:59:20Z,ce90559f55be4473bb37ff8ca45b830d61c35bb7,6686,size_in_bytes,lib/ocaml/compiler-libs/primitive.cmx,82025
2026-08-05T16:59:20Z,ce90559f55be4473bb37ff8ca45b830d61c35bb7,6686,size_in_bytes,lib/ocaml/compiler-libs/compile_common.cmx,251811
2026-08-05T16:59:20Z,ce90559f55be4473bb37ff8ca45b830d61c35bb7,6686,size_in_bytes,lib/ocaml/compiler-libs/regalloc_substitution.cmx,64395
2026-08-05T16:59:20Z,ce90559f55be4473bb37ff8ca45b830d61c35bb7,6686,size_in_bytes,lib/ocaml/compiler-libs/file_sections.cmx,118023
2026-08-05T16:59:20Z,ce90559f55be4473bb37ff8ca45b830d61c35bb7,6686,size_in_bytes,lib/ocaml/compiler-libs/subst.cmx,706470
2026-08-05T16:59:20Z,ce90559f55be4473bb37ff8ca45b830d61c35bb7,6686,size_in_bytes,lib/ocaml/compiler-libs/value_rec_compiler.cmx,8059
2026-08-05T16:59:20Z,ce90559f55be4473bb37ff8ca45b830d61c35bb7,6686,size_in_bytes,lib/ocaml/compiler-libs/stack_class.cmx,208321
2026-08-05T16:59:20Z,ce90559f55be4473bb37ff8ca45b830d61c35bb7,6686,size_in_bytes,lib/ocaml/compiler-libs/datarepr.cmx,154736
2026-08-05T16:59:20Z,ce90559f55be4473bb37ff8ca45b830d61c35bb7,6686,size_in_bytes,lib/ocaml/compiler-libs/cfg_available_regs.cmx,159908
2026-08-05T16:59:20Z,ce90559f55be4473bb37ff8ca45b830d61c35bb7,6686,size_in_bytes,lib/ocaml/compiler-libs/solver.cmx,1017696
2026-08-05T16:59:20Z,ce90559f55be4473bb37ff8ca45b830d61c35bb7,6686,size_in_bytes,lib/ocaml/compiler-libs/regalloc_ls_utils.cmx,335968
2026-08-05T16:59:20Z,ce90559f55be4473bb37ff8ca45b830d61c35bb7,6686,size_in_bytes,lib/ocaml/compiler-libs/dwarf_low__Location_or_range_list_table.cmx,153335
2026-08-05T16:59:20Z,ce90559f55be4473bb37ff8ca45b830d61c35bb7,6686,size_in_bytes,lib/ocaml/compiler-libs/arm64_binary_emitter__Data_proc_helpers.cmx,31313
2026-08-05T16:59:20Z,ce90559f55be4473bb37ff8ca45b830d61c35bb7,6686,size_in_bytes,lib/ocaml/compiler-libs/includemod_errorprinter.cmx,391634
2026-08-05T16:59:20Z,ce90559f55be4473bb37ff8ca45b830d61c35bb7,6686,size_in_bytes,lib/ocaml/compiler-libs/matching.cmx,1131662
2026-08-05T16:59:20Z,ce90559f55be4473bb37ff8ca45b830d61c35bb7,6686,size_in_bytes,lib/ocaml/compiler-libs/docstrings.cmx,457038
2026-08-05T16:59:20Z,ce90559f55be4473bb37ff8ca45b830d61c35bb7,6686,size_in_bytes,lib/ocaml/compiler-libs/structured_mangling.cmx,198842
2026-08-05T16:59:20Z,ce90559f55be4473bb37ff8ca45b830d61c35bb7,6686,size_in_bytes,lib/ocaml/compiler-libs/cfg_edge.cmx,191331
2026-08-05T16:59:20Z,ce90559f55be4473bb37ff8ca45b830d61c35bb7,6686,size_in_bytes,lib/ocaml/compiler-libs/arm64_binary_emitter__Yield_helpers.cmx,2066
2026-08-05T16:59:20Z,ce90559f55be4473bb37ff8ca45b830d61c35bb7,6686,size_in_bytes,lib/ocaml/compiler-libs/iplt.cmx,70222
2026-08-05T16:59:20Z,ce90559f55be4473bb37ff8ca45b830d61c35bb7,6686,size_in_bytes,lib/ocaml/compiler-libs/printreg.cmx,117677
2026-08-05T16:59:20Z,ce90559f55be4473bb37ff8ca45b830d61c35bb7,6686,size_in_bytes,lib/ocaml/compiler-libs/dissector_log.cmx,37876
2026-08-05T16:59:20Z,ce90559f55be4473bb37ff8ca45b830d61c35bb7,6686,size_in_bytes,lib/ocaml/compiler-libs/eh_frame_registration.cmx,23810
2026-08-05T16:59:20Z,ce90559f55be4473bb37ff8ca45b830d61c35bb7,6686,size_in_bytes,lib/ocaml/compiler-libs/cmmgen_state.cmx,57232
2026-08-05T16:59:20Z,ce90559f55be4473bb37ff8ca45b830d61c35bb7,6686,size_in_bytes,lib/ocaml/compiler-libs/import_info.cmx,176859
2026-08-05T16:59:20Z,ce90559f55be4473bb37ff8ca45b830d61c35bb7,6686,size_in_bytes,lib/ocaml/compiler-libs/printpat.cmx,110956
2026-08-05T16:59:20Z,ce90559f55be4473bb37ff8ca45b830d61c35bb7,6686,size_in_bytes,lib/ocaml/compiler-libs/dwarf_low__Inline_code.cmx,5109
2026-08-05T16:59:20Z,ce90559f55be4473bb37ff8ca45b830d61c35bb7,6686,size_in_bytes,lib/ocaml/compiler-libs/misc.cmx,1959488
2026-08-05T16:59:20Z,ce90559f55be4473bb37ff8ca45b830d61c35bb7,6686,size_in_bytes,lib/ocaml/compiler-libs/dwarf_low__Dwarf_int.cmx,94789
2026-08-05T16:59:20Z,ce90559f55be4473bb37ff8ca45b830d61c35bb7,6686,size_in_bytes,lib/ocaml/compiler-libs/compiler_hooks.cmx,55599
2026-08-05T16:59:20Z,ce90559f55be4473bb37ff8ca45b830d61c35bb7,6686,size_in_bytes,lib/ocaml/compiler-libs/branch_relaxation.cmx,142557
2026-08-05T16:59:20Z,ce90559f55be4473bb37ff8ca45b830d61c35bb7,6686,size_in_bytes,lib/ocaml/compiler-libs/opcodes.cmx,6291
2026-08-05T16:59:20Z,ce90559f55be4473bb37ff8ca45b830d61c35bb7,6686,size_in_bytes,lib/ocaml/compiler-libs/arm64_binary_emitter.cmx,1245
2026-08-05T16:59:20Z,ce90559f55be4473bb37ff8ca45b830d61c35bb7,6686,size_in_bytes,lib/ocaml/compiler-libs/arm64_binary_emitter__Relocation.cmx,74913
2026-08-05T16:59:20Z,ce90559f55be4473bb37ff8ca45b830d61c35bb7,6686,size_in_bytes,lib/ocaml/compiler-libs/regalloc_ls_state.cmx,168326
2026-08-05T16:59:20Z,ce90559f55be4473bb37ff8ca45b830d61c35bb7,6686,size_in_bytes,lib/ocaml/compiler-libs/mtype.cmx,167794
2026-08-05T16:59:20Z,ce90559f55be4473bb37ff8ca45b830d61c35bb7,6686,size_in_bytes,lib/ocaml/compiler-libs/optpackager.cmx,392317
2026-08-05T16:59:20Z,ce90559f55be4473bb37ff8ca45b830d61c35bb7,6686,size_in_bytes,lib/ocaml/compiler-libs/asttypes.cmx,5130
2026-08-05T16:59:20Z,ce90559f55be4473bb37ff8ca45b830d61c35bb7,6686,size_in_bytes,lib/ocaml/compiler-libs/ast_invariants.cmx,145190
2026-08-05T16:59:20Z,ce90559f55be4473bb37ff8ca45b830d61c35bb7,6686,size_in_bytes,lib/ocaml/compiler-libs/dwarf_low__Dwarf_attributes.cmx,1545383
2026-08-05T16:59:20Z,ce90559f55be4473bb37ff8ca45b830d61c35bb7,6686,size_in_bytes,lib/ocaml/compiler-libs/translobj.cmx,179256
2026-08-05T16:59:20Z,ce90559f55be4473bb37ff8ca45b830d61c35bb7,6686,size_in_bytes,lib/ocaml/compiler-libs/dwarf_low__Dwarf_attribute_values.cmx,230705
2026-08-05T16:59:20Z,ce90559f55be4473bb37ff8ca45b830d61c35bb7,6686,size_in_bytes,lib/ocaml/compiler-libs/lexer.cmx,151328
2026-08-05T16:59:20Z,ce90559f55be4473bb37ff8ca45b830d61c35bb7,6686,size_in_bytes,lib/ocaml/compiler-libs/arm64_binary_emitter__All_section_states.cmx,118791
2026-08-05T16:59:20Z,ce90559f55be4473bb37ff8ca45b830d61c35bb7,6686,size_in_bytes,lib/ocaml/compiler-libs/mode.cmx,9458034
2026-08-05T16:59:20Z,ce90559f55be4473bb37ff8ca45b830d61c35bb7,6686,size_in_bytes,lib/ocaml/compiler-libs/stack_check.cmx,46528
2026-08-05T16:59:20Z,ce90559f55be4473bb37ff8ca45b830d61c35bb7,6686,size_in_bytes,lib/ocaml/compiler-libs/peephole_rules.cmx,43277
2026-08-05T16:59:20Z,ce90559f55be4473bb37ff8ca45b830d61c35bb7,6686,size_in_bytes,lib/ocaml/compiler-libs/jkind_intf.cmx,1463
2026-08-05T16:59:20Z,ce90559f55be4473bb37ff8ca45b830d61c35bb7,6686,size_in_bytes,lib/ocaml/compiler-libs/arm64_binary_emitter__Logical_helpers.cmx,26279
2026-08-05T16:59:20Z,ce90559f55be4473bb37ff8ca45b830d61c35bb7,6686,size_in_bytes,lib/ocaml/compiler-libs/dwarf_flags.cmx,86263
2026-08-05T16:59:20Z,ce90559f55be4473bb37ff8ca45b830d61c35bb7,6686,size_in_bytes,lib/ocaml/compiler-libs/optcompile.cmx,321379
2026-08-05T16:59:20Z,ce90559f55be4473bb37ff8ca45b830d61c35bb7,6686,size_in_bytes,lib/ocaml/compiler-libs/arrayset.cmx,58567
2026-08-05T16:59:20Z,ce90559f55be4473bb37ff8ca45b830d61c35bb7,6686,size_in_bytes,lib/ocaml/compiler-libs/peephole_optimize.cmx,31833
2026-08-05T16:59:20Z,ce90559f55be4473bb37ff8ca45b830d61c35bb7,6686,size_in_bytes,lib/ocaml/compiler-libs/printtyp.cmx,372310
2026-08-05T16:59:20Z,ce90559f55be4473bb37ff8ca45b830d61c35bb7,6686,size_in_bytes,lib/ocaml/compiler-libs/diffing.cmx,322834
2026-08-05T16:59:20Z,ce90559f55be4473bb37ff8ca45b830d61c35bb7,6686,size_in_bytes,lib/ocaml/compiler-libs/x86_peephole_utils.cmx,74481
2026-08-05T16:59:20Z,ce90559f55be4473bb37ff8ca45b830d61c35bb7,6686,size_in_bytes,lib/ocaml/compiler-libs/dwarf_low__Debug_ranges_table.cmx,31032
2026-08-05T16:59:20Z,ce90559f55be4473bb37ff8ca45b830d61c35bb7,6686,size_in_bytes,lib/ocaml/compiler-libs/dwarf_low__Dwarf_4_location_list_entry.cmx,151922
2026-08-05T16:59:20Z,ce90559f55be4473bb37ff8ca45b830d61c35bb7,6686,size_in_bytes,lib/ocaml/compiler-libs/printast.cmx,634887
2026-08-05T16:59:20Z,ce90559f55be4473bb37ff8ca45b830d61c35bb7,6686,size_in_bytes,lib/ocaml/compiler-libs/ast_iterator.cmx,382972
2026-08-05T16:59:20Z,ce90559f55be4473bb37ff8ca45b830d61c35bb7,6686,size_in_bytes,lib/ocaml/compiler-libs/linear_utils.cmx,13169
2026-08-05T16:59:20Z,ce90559f55be4473bb37ff8ca45b830d61c35bb7,6686,size_in_bytes,lib/ocaml/compiler-libs/arm64_binary_emitter__Mov_helpers.cmx,13689
2026-08-05T16:59:20Z,ce90559f55be4473bb37ff8ca45b830d61c35bb7,6686,size_in_bytes,lib/ocaml/compiler-libs/dwarf_reg_locations.cmx,78714
2026-08-05T16:59:20Z,ce90559f55be4473bb37ff8ca45b830d61c35bb7,6686,size_in_bytes,lib/ocaml/compiler-libs/linear.cmx,22085
2026-08-05T16:59:20Z,ce90559f55be4473bb37ff8ca45b830d61c35bb7,6686,size_in_bytes,lib/ocaml/compiler-libs/gprinttyp.cmx,628866
2026-08-05T16:59:20Z,ce90559f55be4473bb37ff8ca45b830d61c35bb7,6686,size_in_bytes,lib/ocaml/compiler-libs/asmgen.cmx,653004
2026-08-05T16:59:20Z,ce90559f55be4473bb37ff8ca45b830d61c35bb7,6686,size_in_bytes,lib/ocaml/compiler-libs/dwarf_low__Dwarf_version.cmx,12647
2026-08-05T16:59:20Z,ce90559f55be4473bb37ff8ca45b830d61c35bb7,6686,size_in_bytes,lib/ocaml/compiler-libs/relocatable_symbol_name.cmx,2752
2026-08-05T16:59:20Z,ce90559f55be4473bb37ff8ca45b830d61c35bb7,6686,size_in_bytes,lib/ocaml/compiler-libs/dwarf_low__Location_or_range_list_entry.cmx,137646
2026-08-05T16:59:20Z,ce90559f55be4473bb37ff8ca45b830d61c35bb7,6686,size_in_bytes,lib/ocaml/compiler-libs/builtin_attributes.cmx,903238
2026-08-05T16:59:20Z,ce90559f55be4473bb37ff8ca45b830d61c35bb7,6686,size_in_bytes,lib/ocaml/compiler-libs/dwarf_type.cmx,24778
2026-08-05T16:59:20Z,ce90559f55be4473bb37ff8ca45b830d61c35bb7,6686,size_in_bytes,lib/ocaml/compiler-libs/jit_backend.cmx,134122
2026-08-05T16:59:20Z,ce90559f55be4473bb37ff8ca45b830d61c35bb7,6686,size_in_bytes,lib/ocaml/compiler-libs/bytepackager.cmx,73745
2026-08-05T16:59:20Z,ce90559f55be4473bb37ff8ca45b830d61c35bb7,6686,size_in_bytes,lib/ocaml/compiler-libs/cfg_format.cmx,28603
2026-08-05T16:59:20Z,ce90559f55be4473bb37ff8ca45b830d61c35bb7,6686,size_in_bytes,lib/ocaml/compiler-libs/main_args.cmx,2557110
2026-08-05T16:59:20Z,ce90559f55be4473bb37ff8ca45b830d61c35bb7,6686,size_in_bytes,lib/ocaml/compiler-libs/dwarf_high.cmx,506
2026-08-05T16:59:20Z,ce90559f55be4473bb37ff8ca45b830d61c35bb7,6686,size_in_bytes,lib/ocaml/compiler-libs/location.cmx,710378
2026-08-05T16:59:20Z,ce90559f55be4473bb37ff8ca45b830d61c35bb7,6686,size_in_bytes,lib/ocaml/compiler-libs/complex_shape.cmx,50322
2026-08-05T16:59:20Z,ce90559f55be4473bb37ff8ca45b830d61c35bb7,6686,size_in_bytes,lib/ocaml/compiler-libs/printinstr.cmx,16652
2026-08-05T16:59:20Z,ce90559f55be4473bb37ff8ca45b830d61c35bb7,6686,size_in_bytes,lib/ocaml/compiler-libs/compenv.cmx,236460
2026-08-05T16:59:20Z,ce90559f55be4473bb37ff8ca45b830d61c35bb7,6686,size_in_bytes,lib/ocaml/compiler-libs/blambda.cmx,2814
2026-08-05T16:59:20Z,ce90559f55be4473bb37ff8ca45b830d61c35bb7,6686,size_in_bytes,lib/ocaml/compiler-libs/parse.cmx,30564
2026-08-05T16:59:20Z,ce90559f55be4473bb37ff8ca45b830d61c35bb7,6686,size_in_bytes,lib/ocaml/compiler-libs/simd.cmx,618544
2026-08-05T16:59:20Z,ce90559f55be4473bb37ff8ca45b830d61c35bb7,6686,size_in_bytes,lib/ocaml/compiler-libs/numbers.cmx,2111285
2026-08-05T16:59:20Z,ce90559f55be4473bb37ff8ca45b830d61c35bb7,6686,size_in_bytes,lib/ocaml/compiler-libs/cfg_to_linear.cmx,13833
2026-08-05T16:59:20Z,ce90559f55be4473bb37ff8ca45b830d61c35bb7,6686,size_in_bytes,lib/ocaml/compiler-libs/instructionId.cmx,28146
2026-08-05T16:59:20Z,ce90559f55be4473bb37ff8ca45b830d61c35bb7,6686,size_in_bytes,lib/ocaml/compiler-libs/extra_debug.cmx,38115
2026-08-05T16:59:20Z,ce90559f55be4473bb37ff8ca45b830d61c35bb7,6686,size_in_bytes,lib/ocaml/compiler-libs/vectorize_utils.cmx,81134
2026-08-05T16:59:20Z,ce90559f55be4473bb37ff8ca45b830d61c35bb7,6686,size_in_bytes,lib/ocaml/compiler-libs/local_store.cmx,32461
2026-08-05T16:59:20Z,ce90559f55be4473bb37ff8ca45b830d61c35bb7,6686,size_in_bytes,lib/ocaml/compiler-libs/dwarf.cmx,108561
2026-08-05T16:59:20Z,ce90559f55be4473bb37ff8ca45b830d61c35bb7,6686,size_in_bytes,lib/ocaml/compiler-libs/arm64_binary_emitter__Encode_directive.cmx,94421
2026-08-05T16:59:20Z,ce90559f55be4473bb37ff8ca45b830d61c35bb7,6686,size_in_bytes,lib/ocaml/compiler-libs/tmc.cmx,39329
2026-08-05T16:59:20Z,ce90559f55be4473bb37ff8ca45b830d61c35bb7,6686,size_in_bytes,lib/ocaml/compiler-libs/parser.cmx,1496186
2026-08-05T16:59:20Z,ce90559f55be4473bb37ff8ca45b830d61c35bb7,6686,size_in_bytes,lib/ocaml/compiler-libs/dwarf_low__Location_list_table.cmx,83576
2026-08-05T16:59:20Z,ce90559f55be4473bb37ff8ca45b830d61c35bb7,6686,size_in_bytes,lib/ocaml/compiler-libs/ident.cmx,959058
2026-08-05T16:59:20Z,ce90559f55be4473bb37ff8ca45b830d61c35bb7,6686,size_in_bytes,lib/ocaml/compiler-libs/tast_iterator.cmx,436217
2026-08-05T16:59:20Z,ce90559f55be4473bb37ff8ca45b830d61c35bb7,6686,size_in_bytes,lib/ocaml/compiler-libs/cfg_with_layout.cmx,229985
2026-08-05T16:59:20Z,ce90559f55be4473bb37ff8ca45b830d61c35bb7,6686,size_in_bytes,lib/ocaml/compiler-libs/linear_format.cmx,28677
2026-08-05T16:59:20Z,ce90559f55be4473bb37ff8ca45b830d61c35bb7,6686,size_in_bytes,lib/ocaml/compiler-libs/cmm.cmx,276039
2026-08-05T16:59:20Z,ce90559f55be4473bb37ff8ca45b830d61c35bb7,6686,size_in_bytes,lib/ocaml/compiler-libs/asm_targets.cmx,459
2026-08-05T16:59:20Z,ce90559f55be4473bb37ff8ca45b830d61c35bb7,6686,size_in_bytes,lib/ocaml/compiler-libs/switch.cmx,537862
2026-08-05T16:59:20Z,ce90559f55be4473bb37ff8ca45b830d61c35bb7,6686,size_in_bytes,lib/ocaml/compiler-libs/compilation_unit.cmx,2632494
2026-08-05T16:59:20Z,ce90559f55be4473bb37ff8ca45b830d61c35bb7,6686,size_in_bytes,lib/ocaml/compiler-libs/arm64_binary_emitter__Fp_helpers.cmx,33853
2026-08-05T16:59:20Z,ce90559f55be4473bb37ff8ca45b830d61c35bb7,6686,size_in_bytes,lib/ocaml/compiler-libs/cfg_quick_hash.cmx,37026
2026-08-05T16:59:20Z,ce90559f55be4473bb37ff8ca45b830d61c35bb7,6686,size_in_bytes,lib/ocaml/compiler-libs/cmt_format.cmx,132687
2026-08-05T16:59:20Z,ce90559f55be4473bb37ff8ca45b830d61c35bb7,6686,size_in_bytes,lib/ocaml/compiler-libs/symbol.cmx,864970
2026-08-05T16:59:20Z,ce90559f55be4473bb37ff8ca45b830d61c35bb7,6686,size_in_bytes,lib/ocaml/compiler-libs/regalloc_validate.cmx,1375471
2026-08-05T16:59:20Z,ce90559f55be4473bb37ff8ca45b830d61c35bb7,6686,size_in_bytes,lib/ocaml/compiler-libs/dwarf_variables_and_parameters.cmx,69511
2026-08-05T16:59:20Z,ce90559f55be4473bb37ff8ca45b830d61c35bb7,6686,size_in_bytes,lib/ocaml/compiler-libs/dwarf_low__Initial_length.cmx,12770
2026-08-05T16:59:20Z,ce90559f55be4473bb37ff8ca45b830d61c35bb7,6686,size_in_bytes,lib/ocaml/compiler-libs/transl_list_comprehension.cmx,45534
2026-08-05T16:59:20Z,ce90559f55be4473bb37ff8ca45b830d61c35bb7,6686,size_in_bytes,lib/ocaml/compiler-libs/cmm_invariants.cmx,53381
2026-08-05T16:59:20Z,ce90559f55be4473bb37ff8ca45b830d61c35bb7,6686,size_in_bytes,lib/ocaml/compiler-libs/cmt2annot.cmx,20679
2026-08-05T16:59:20Z,ce90559f55be4473bb37ff8ca45b830d61c35bb7,6686,size_in_bytes,lib/ocaml/compiler-libs/linkdeps.cmx,118154
2026-08-05T16:59:20Z,ce90559f55be4473bb37ff8ca45b830d61c35bb7,6686,size_in_bytes,lib/ocaml/compiler-libs/reg_with_debug_info.cmx,359306
2026-08-05T16:59:20Z,ce90559f55be4473bb37ff8ca45b830d61c35bb7,6686,size_in_bytes,lib/ocaml/compiler-libs/btype.cmx,1610239
2026-08-05T16:59:20Z,ce90559f55be4473bb37ff8ca45b830d61c35bb7,6686,size_in_bytes,lib/ocaml/compiler-libs/compilenv.cmx,198469
2026-08-05T16:59:20Z,ce90559f55be4473bb37ff8ca45b830d61c35bb7,6686,size_in_bytes,lib/ocaml/compiler-libs/reg_availability_set.cmx,110552
2026-08-05T16:59:20Z,ce90559f55be4473bb37ff8ca45b830d61c35bb7,6686,size_in_bytes,lib/ocaml/compiler-libs/inlined_frame_ranges.cmx,1062192
2026-08-05T16:59:20Z,ce90559f55be4473bb37ff8ca45b830d61c35bb7,6686,size_in_bytes,lib/ocaml/compiler-libs/dwarf_low__Composite_location_description.cmx,41849
2026-08-05T16:59:20Z,ce90559f55be4473bb37ff8ca45b830d61c35bb7,6686,size_in_bytes,lib/ocaml/compiler-libs/jkind.cmx,1640906
2026-08-05T16:59:20Z,ce90559f55be4473bb37ff8ca45b830d61c35bb7,6686,size_in_bytes,lib/ocaml/compiler-libs/consistbl.cmx,62608
2026-08-05T16:59:20Z,ce90559f55be4473bb37ff8ca45b830d61c35bb7,6686,size_in_bytes,lib/ocaml/compiler-libs/cfg_polling.cmx,14709
2026-08-05T16:59:20Z,ce90559f55be4473bb37ff8ca45b830d61c35bb7,6686,size_in_bytes,lib/ocaml/compiler-libs/asm_targets__Asm_section.cmx,159065
2026-08-05T16:59:20Z,ce90559f55be4473bb37ff8ca45b830d61c35bb7,6686,size_in_bytes,lib/ocaml/compiler-libs/dwarf_low__Dwarf_language.cmx,13537
2026-08-05T16:59:20Z,ce90559f55be4473bb37ff8ca45b830d61c35bb7,6686,size_in_bytes,lib/ocaml/compiler-libs/identifiable.cmx,385121
2026-08-05T16:59:20Z,ce90559f55be4473bb37ff8ca45b830d61c35bb7,6686,size_in_bytes,lib/ocaml/compiler-libs/dwarf_low__Abbreviations_table.cmx,85745
2026-08-05T16:59:20Z,ce90559f55be4473bb37ff8ca45b830d61c35bb7,6686,size_in_bytes,lib/ocaml/compiler-libs/dwarf_low__Child_determination.cmx,11979
2026-08-05T16:59:20Z,ce90559f55be4473bb37ff8ca45b830d61c35bb7,6686,size_in_bytes,lib/ocaml/compiler-libs/ccomp.cmx,98299
2026-08-05T16:59:20Z,ce90559f55be4473bb37ff8ca45b830d61c35bb7,6686,size_in_bytes,lib/ocaml/compiler-libs/cfg_simplify.cmx,224999
2026-08-05T16:59:20Z,ce90559f55be4473bb37ff8ca45b830d61c35bb7,6686,size_in_bytes,lib/ocaml/compiler-libs/asm_targets__Asm_symbol.cmx,853439
2026-08-05T16:59:20Z,ce90559f55be4473bb37ff8ca45b830d61c35bb7,6686,size_in_bytes,lib/ocaml/compiler-libs/arm64_binary_emitter__Adr_helpers.cmx,13822
2026-08-05T16:59:20Z,ce90559f55be4473bb37ff8ca45b830d61c35bb7,6686,size_in_bytes,lib/ocaml/compiler-libs/dwarf_high__Assign_abbrevs.cmx,45229
2026-08-05T16:59:20Z,ce90559f55be4473bb37ff8ca45b830d61c35bb7,6686,size_in_bytes,lib/ocaml/compiler-libs/dwarf_low__Range_list_table.cmx,83105
2026-08-05T16:59:20Z,ce90559f55be4473bb37ff8ca45b830d61c35bb7,6686,size_in_bytes,lib/ocaml/compiler-libs/dwarf_high__Operator_builder.cmx,130531
2026-08-05T16:59:20Z,ce90559f55be4473bb37ff8ca45b830d61c35bb7,6686,size_in_bytes,lib/ocaml/compiler-libs/target_system.cmx,53622
2026-08-05T16:59:20Z,ce90559f55be4473bb37ff8ca45b830d61c35bb7,6686,size_in_bytes,lib/ocaml/compiler-libs/unit_info.cmx,227853
2026-08-05T16:59:20Z,ce90559f55be4473bb37ff8ca45b830d61c35bb7,6686,size_in_bytes,lib/ocaml/compiler-libs/lazy_backtrack.cmx,24842
2026-08-05T16:59:20Z,ce90559f55be4473bb37ff8ca45b830d61c35bb7,6686,size_in_bytes,lib/ocaml/compiler-libs/clflags.cmx,541082
2026-08-05T16:59:20Z,ce90559f55be4473bb37ff8ca45b830d61c35bb7,6686,size_in_bytes,lib/ocaml/compiler-libs/dwarf_low__Address_index.cmx,1414187
2026-08-05T16:59:20Z,ce90559f55be4473bb37ff8ca45b830d61c35bb7,6686,size_in_bytes,lib/ocaml/compiler-libs/errors.cmx,1259
2026-08-05T16:59:20Z,ce90559f55be4473bb37ff8ca45b830d61c35bb7,6686,size_in_bytes,lib/ocaml/compiler-libs/cmm_peephole_engine.cmx,95380
2026-08-05T16:59:20Z,ce90559f55be4473bb37ff8ca45b830d61c35bb7,6686,size_in_bytes,lib/ocaml/compiler-libs/cmm_helpers.cmx,4615426
2026-08-05T16:59:20Z,ce90559f55be4473bb37ff8ca45b830d61c35bb7,6686,size_in_bytes,lib/ocaml/compiler-libs/slambda.cmx,40624
2026-08-05T16:59:20Z,ce90559f55be4473bb37ff8ca45b830d61c35bb7,6686,size_in_bytes,lib/ocaml/compiler-libs/scalar.cmx,429034
2026-08-05T16:59:20Z,ce90559f55be4473bb37ff8ca45b830d61c35bb7,6686,size_in_bytes,lib/ocaml/compiler-libs/dwarf_concrete_instances.cmx,15352
2026-08-05T16:59:20Z,ce90559f55be4473bb37ff8ca45b830d61c35bb7,6686,size_in_bytes,lib/ocaml/compiler-libs/bytelibrarian.cmx,100551
2026-08-05T16:59:20Z,ce90559f55be4473bb37ff8ca45b830d61c35bb7,6686,size_in_bytes,lib/ocaml/compiler-libs/typemode.cmx,299795
2026-08-05T16:59:20Z,ce90559f55be4473bb37ff8ca45b830d61c35bb7,6686,size_in_bytes,lib/ocaml/compiler-libs/typedecl_properties.cmx,83548
2026-08-05T16:59:20Z,ce90559f55be4473bb37ff8ca45b830d61c35bb7,6686,size_in_bytes,lib/ocaml/compiler-libs/ikind.cmx,334313
2026-08-05T16:59:20Z,ce90559f55be4473bb37ff8ca45b830d61c35bb7,6686,size_in_bytes,lib/ocaml/compiler-libs/typeclass.cmx,624435
2026-08-05T16:59:20Z,ce90559f55be4473bb37ff8ca45b830d61c35bb7,6686,size_in_bytes,lib/ocaml/compiler-libs/instantiator.cmx,87079
2026-08-05T16:59:20Z,ce90559f55be4473bb37ff8ca45b830d61c35bb7,6686,size_in_bytes,lib/ocaml/compiler-libs/stack_reg_offset.cmx,15645
2026-08-05T16:59:20Z,ce90559f55be4473bb37ff8ca45b830d61c35bb7,6686,size_in_bytes,lib/ocaml/compiler-libs/type_shape.cmx,321619
2026-08-05T16:59:20Z,ce90559f55be4473bb37ff8ca45b830d61c35bb7,6686,size_in_bytes,lib/ocaml/compiler-libs/load_path.cmx,275957
2026-08-05T16:59:20Z,ce90559f55be4473bb37ff8ca45b830d61c35bb7,6686,size_in_bytes,lib/ocaml/compiler-libs/string_table.cmx,14492
2026-08-05T16:59:20Z,ce90559f55be4473bb37ff8ca45b830d61c35bb7,6686,size_in_bytes,lib/ocaml/compiler-libs/language_extension.cmx,241512
2026-08-05T16:59:20Z,ce90559f55be4473bb37ff8ca45b830d61c35bb7,6686,size_in_bytes,lib/ocaml/compiler-libs/ast_helper.cmx,1532248
2026-08-05T16:59:20Z,ce90559f55be4473bb37ff8ca45b830d61c35bb7,6686,size_in_bytes,lib/ocaml/compiler-libs/simplif.cmx,54710
2026-08-05T16:59:20Z,ce90559f55be4473bb37ff8ca45b830d61c35bb7,6686,size_in_bytes,lib/ocaml/compiler-libs/dwarf_high__Proto_die.cmx,57495
2026-08-05T16:59:20Z,ce90559f55be4473bb37ff8ca45b830d61c35bb7,6686,size_in_bytes,lib/ocaml/compiler-libs/asm_targets__Asm_directives_dwarf.cmx,1921
2026-08-05T16:59:20Z,ce90559f55be4473bb37ff8ca45b830d61c35bb7,6686,size_in_bytes,lib/ocaml/compiler-libs/asm_targets__Asm_directives.cmx,802010
2026-08-05T16:59:20Z,ce90559f55be4473bb37ff8ca45b830d61c35bb7,6686,size_in_bytes,lib/ocaml/compiler-libs/attr_helper.cmx,36631
2026-08-05T16:59:20Z,ce90559f55be4473bb37ff8ca45b830d61c35bb7,6686,size_in_bytes,lib/ocaml/compiler-libs/dll.cmx,77048
2026-08-05T16:59:20Z,ce90559f55be4473bb37ff8ca45b830d61c35bb7,6686,size_in_bytes,lib/ocaml/compiler-libs/optlink.cmx,299265
2026-08-05T16:59:20Z,ce90559f55be4473bb37ff8ca45b830d61c35bb7,6686,size_in_bytes,lib/ocaml/compiler-libs/dwarf_name_laundry.cmx,19641
2026-08-05T16:59:20Z,ce90559f55be4473bb37ff8ca45b830d61c35bb7,6686,size_in_bytes,lib/ocaml/compiler-libs/section_table.cmx,41804
2026-08-05T16:59:20Z,ce90559f55be4473bb37ff8ca45b830d61c35bb7,6686,size_in_bytes,lib/ocaml/compiler-libs/peephole_utils.cmx,163301
2026-08-05T16:59:20Z,ce90559f55be4473bb37ff8ca45b830d61c35bb7,6686,size_in_bytes,lib/ocaml/compiler-libs/shape.cmx,1527944
2026-08-05T16:59:20Z,ce90559f55be4473bb37ff8ca45b830d61c35bb7,6686,size_in_bytes,lib/ocaml/compiler-libs/warnings.cmx,309276
2026-08-05T16:59:20Z,ce90559f55be4473bb37ff8ca45b830d61c35bb7,6686,size_in_bytes,lib/ocaml/compiler-libs/arm64_binary_emitter__Add_sub_helpers.cmx,61200
2026-08-05T16:59:20Z,ce90559f55be4473bb37ff8ca45b830d61c35bb7,6686,size_in_bytes,lib/ocaml/compiler-libs/arm64_binary_emitter__Branch_helpers.cmx,74300
2026-08-05T16:59:20Z,ce90559f55be4473bb37ff8ca45b830d61c35bb7,6686,size_in_bytes,lib/ocaml/compiler-libs/uniqueness_analysis.cmx,652310
2026-08-05T16:59:20Z,ce90559f55be4473bb37ff8ca45b830d61c35bb7,6686,size_in_bytes,lib/ocaml/compiler-libs/lambda.cmx,884655
2026-08-05T16:59:20Z,ce90559f55be4473bb37ff8ca45b830d61c35bb7,6686,size_in_bytes,lib/ocaml/compiler-libs/relocation_entry.cmx,52210
2026-08-05T16:59:20Z,ce90559f55be4473bb37ff8ca45b830d61c35bb7,6686,size_in_bytes,lib/ocaml/compiler-libs/compute_ranges.cmx,370639
2026-08-05T16:59:20Z,ce90559f55be4473bb37ff8ca45b830d61c35bb7,6686,size_in_bytes,lib/ocaml/compiler-libs/dwarf_low__Counted_location_description.cmx,66048
2026-08-05T16:59:20Z,ce90559f55be4473bb37ff8ca45b830d61c35bb7,6686,size_in_bytes,lib/ocaml/compiler-libs/compile.cmx,183755
2026-08-05T16:59:20Z,ce90559f55be4473bb37ff8ca45b830d61c35bb7,6686,size_in_bytes,lib/ocaml/compiler-libs/cfg.cmx,261812
2026-08-05T16:59:20Z,ce90559f55be4473bb37ff8ca45b830d61c35bb7,6686,size_in_bytes,lib/ocaml/compiler-libs/cfg_prologue.cmx,569790
2026-08-05T16:59:20Z,ce90559f55be4473bb37ff8ca45b830d61c35bb7,6686,size_in_bytes,lib/ocaml/compiler-libs/cfg_with_infos.cmx,99479
2026-08-05T16:59:20Z,ce90559f55be4473bb37ff8ca45b830d61c35bb7,6686,size_in_bytes,lib/ocaml/compiler-libs/arm64_binary_emitter__Csel_helpers.cmx,11504
2026-08-05T16:59:20Z,ce90559f55be4473bb37ff8ca45b830d61c35bb7,6686,size_in_bytes,lib/ocaml/compiler-libs/jkind_types.cmx,363140
2026-08-05T16:59:20Z,ce90559f55be4473bb37ff8ca45b830d61c35bb7,6686,size_in_bytes,lib/ocaml/compiler-libs/dwarf_compilation_unit.cmx,84317
2026-08-05T16:59:20Z,ce90559f55be4473bb37ff8ca45b830d61c35bb7,6686,size_in_bytes,lib/ocaml/compiler-libs/optcomp_intf.cmx,9282
2026-08-05T16:59:20Z,ce90559f55be4473bb37ff8ca45b830d61c35bb7,6686,size_in_bytes,lib/ocaml/compiler-libs/arch.cmx,177843
2026-08-05T16:59:20Z,ce90559f55be4473bb37ff8ca45b830d61c35bb7,6686,size_in_bytes,lib/ocaml/compiler-libs/regs_utils.cmx,43242
2026-08-05T16:59:20Z,ce90559f55be4473bb37ff8ca45b830d61c35bb7,6686,size_in_bytes,lib/ocaml/compiler-libs/printcmm.cmx,269058
2026-08-05T16:59:20Z,ce90559f55be4473bb37ff8ca45b830d61c35bb7,6686,size_in_bytes,lib/ocaml/compiler-libs/dwarf_low__Range_list_entry.cmx,20358
2026-08-05T16:59:20Z,ce90559f55be4473bb37ff8ca45b830d61c35bb7,6686,size_in_bytes,lib/ocaml/compiler-libs/sub_cfg.cmx,142284
2026-08-05T16:59:20Z,ce90559f55be4473bb37ff8ca45b830d61c35bb7,6686,size_in_bytes,lib/ocaml/compiler-libs/asmlink.cmx,43713
2026-08-05T16:59:20Z,ce90559f55be4473bb37ff8ca45b830d61c35bb7,6686,size_in_bytes,lib/ocaml/compiler-libs/dwarf_low__Unit_type.cmx,16177
2026-08-05T16:59:20Z,ce90559f55be4473bb37ff8ca45b830d61c35bb7,6686,size_in_bytes,lib/ocaml/compiler-libs/cfg_intf.cmx,10084
2026-08-05T16:59:20Z,ce90559f55be4473bb37ff8ca45b830d61c35bb7,6686,size_in_bytes,lib/ocaml/compiler-libs/binary_emitter_intf.cmx,951
2026-08-05T16:59:20Z,ce90559f55be4473bb37ff8ca45b830d61c35bb7,6686,size_in_bytes,lib/ocaml/compiler-libs/build_path_prefix_map.cmx,136072
2026-08-05T16:59:20Z,ce90559f55be4473bb37ff8ca45b830d61c35bb7,6686,size_in_bytes,lib/ocaml/compiler-libs/mixed_block_shape.cmx,107570
2026-08-05T16:59:20Z,ce90559f55be4473bb37ff8ca45b830d61c35bb7,6686,size_in_bytes,lib/ocaml/compiler-libs/cfg_selectgen.cmx,1617879
2026-08-05T16:59:20Z,ce90559f55be4473bb37ff8ca45b830d61c35bb7,6686,size_in_bytes,lib/ocaml/compiler-libs/mixed_product_bytes.cmx,77256
2026-08-05T16:59:20Z,ce90559f55be4473bb37ff8ca45b830d61c35bb7,6686,size_in_bytes,lib/ocaml/compiler-libs/depend.cmx,257853
2026-08-05T16:59:20Z,ce90559f55be4473bb37ff8ca45b830d61c35bb7,6686,size_in_bytes,lib/ocaml/compiler-libs/typetexp.cmx,801094
2026-08-05T16:59:20Z,ce90559f55be4473bb37ff8ca45b830d61c35bb7,6686,size_in_bytes,lib/ocaml/compiler-libs/typeopt.cmx,314676
2026-08-05T16:59:20Z,ce90559f55be4473bb37ff8ca45b830d61c35bb7,6686,size_in_bytes,lib/ocaml/compiler-libs/regalloc_irc_utils.cmx,62222
2026-08-05T16:59:20Z,ce90559f55be4473bb37ff8ca45b830d61c35bb7,6686,size_in_bytes,lib/ocaml/compiler-libs/env.cmx,3548030
2026-08-05T16:59:20Z,ce90559f55be4473bb37ff8ca45b830d61c35bb7,6686,size_in_bytes,lib/ocaml/compiler-libs/x86_peephole_rules.cmx,73329
2026-08-05T16:59:20Z,ce90559f55be4473bb37ff8ca45b830d61c35bb7,6686,size_in_bytes,lib/ocaml/compiler-libs/cfg_colours.cmx,89689
2026-08-05T16:59:20Z,ce90559f55be4473bb37ff8ca45b830d61c35bb7,6686,size_in_bytes,lib/ocaml/compiler-libs/regalloc_irc.cmx,18924
2026-08-05T16:59:20Z,ce90559f55be4473bb37ff8ca45b830d61c35bb7,6686,size_in_bytes,lib/ocaml/compiler-libs/arm64_binary_emitter__Section_state.cmx,97284
2026-08-05T16:59:20Z,ce90559f55be4473bb37ff8ca45b830d61c35bb7,6686,size_in_bytes,lib/ocaml/compiler-libs/select_utils.cmx,341648
2026-08-05T16:59:20Z,ce90559f55be4473bb37ff8ca45b830d61c35bb7,6686,size_in_bytes,lib/ocaml/compiler-libs/dwarf_low__Location_or_range_list.cmx,35302
2026-08-05T16:59:20Z,ce90559f55be4473bb37ff8ca45b830d61c35bb7,6686,size_in_bytes,lib/ocaml/compiler-libs/proc.cmx,252792
2026-08-05T16:59:20Z,ce90559f55be4473bb37ff8ca45b830d61c35bb7,6686,size_in_bytes,lib/ocaml/compiler-libs/config.cmx,92884
2026-08-05T16:59:20Z,ce90559f55be4473bb37ff8ca45b830d61c35bb7,6686,size_in_bytes,lib/ocaml/compiler-libs/zero_alloc_annotations.cmx,20724
2026-08-05T16:59:20Z,ce90559f55be4473bb37ff8ca45b830d61c35bb7,6686,size_in_bytes,lib/ocaml/compiler-libs/regalloc_interf_graph.cmx,288469
2026-08-05T16:59:20Z,ce90559f55be4473bb37ff8ca45b830d61c35bb7,6686,size_in_bytes,lib/ocaml/compiler-libs/instruct.cmx,2865
2026-08-05T16:59:20Z,ce90559f55be4473bb37ff8ca45b830d61c35bb7,6686,size_in_bytes,lib/ocaml/compiler-libs/byteinstantiator.cmx,45219
2026-08-05T16:59:20Z,ce90559f55be4473bb37ff8ca45b830d61c35bb7,6686,size_in_bytes,lib/ocaml/compiler-libs/emitcode.cmx,58307
2026-08-05T16:59:20Z,ce90559f55be4473bb37ff8ca45b830d61c35bb7,6686,size_in_bytes,lib/ocaml/compiler-libs/value_rec_check.cmx,159165
2026-08-05T16:59:20Z,ce90559f55be4473bb37ff8ca45b830d61c35bb7,6686,size_in_bytes,lib/ocaml/compiler-libs/linkage_name.cmx,729695
2026-08-05T16:59:20Z,ce90559f55be4473bb37ff8ca45b830d61c35bb7,6686,size_in_bytes,lib/ocaml/compiler-libs/dwarf_low__Dwarf_format.cmx,5486
2026-08-05T16:59:20Z,ce90559f55be4473bb37ff8ca45b830d61c35bb7,6686,size_in_bytes,lib/ocaml/compiler-libs/arm64_binary_emitter__Encode_instruction.cmx,8596
2026-08-05T16:59:20Z,ce90559f55be4473bb37ff8ca45b830d61c35bb7,6686,size_in_bytes,lib/ocaml/compiler-libs/types.cmx,1190175
2026-08-05T16:59:20Z,ce90559f55be4473bb37ff8ca45b830d61c35bb7,6686,size_in_bytes,lib/ocaml/compiler-libs/dwarf_low__Dwarf_4_location_list.cmx,72323
2026-08-05T16:59:20Z,ce90559f55be4473bb37ff8ca45b830d61c35bb7,6686,size_in_bytes,lib/ocaml/compiler-libs/emitaux.cmx,268558
2026-08-05T16:59:20Z,ce90559f55be4473bb37ff8ca45b830d61c35bb7,6686,size_in_bytes,lib/ocaml/compiler-libs/shape_reduce.cmx,845327
2026-08-05T16:59:20Z,ce90559f55be4473bb37ff8ca45b830d61c35bb7,6686,size_in_bytes,lib/ocaml/compiler-libs/bytegen.cmx,129258
2026-08-05T16:59:20Z,ce90559f55be4473bb37ff8ca45b830d61c35bb7,6686,size_in_bytes,lib/ocaml/compiler-libs/data_types.cmx,36498
2026-08-05T16:59:20Z,ce90559f55be4473bb37ff8ca45b830d61c35bb7,6686,size_in_bytes,lib/ocaml/compiler-libs/linker_script.cmx,7863
2026-08-05T16:59:20Z,ce90559f55be4473bb37ff8ca45b830d61c35bb7,6686,size_in_bytes,lib/ocaml/compiler-libs/measure_object_files.cmx,28708
2026-08-05T16:59:20Z,ce90559f55be4473bb37ff8ca45b830d61c35bb7,6686,size_in_bytes,lib/ocaml/compiler-libs/backend_var.cmx,128625
2026-08-05T16:59:20Z,ce90559f55be4473bb37ff8ca45b830d61c35bb7,6686,size_in_bytes,lib/ocaml/compiler-libs/format_doc.cmx,608136
2026-08-05T16:59:20Z,ce90559f55be4473bb37ff8ca45b830d61c35bb7,6686,size_in_bytes,lib/ocaml/compiler-libs/arm64_binary_emitter__Nop_helpers.cmx,2022
2026-08-05T16:59:20Z,ce90559f55be4473bb37ff8ca45b830d61c35bb7,6686,size_in_bytes,lib/ocaml/compiler-libs/arm64_binary_emitter__Simd_helpers.cmx,59582
2026-08-05T16:59:20Z,ce90559f55be4473bb37ff8ca45b830d61c35bb7,6686,size_in_bytes,lib/ocaml/compiler-libs/includemod.cmx,959336
2026-08-05T16:59:20Z,ce90559f55be4473bb37ff8ca45b830d61c35bb7,6686,size_in_bytes,lib/ocaml/compiler-libs/translcore.cmx,442935
2026-08-05T16:59:20Z,ce90559f55be4473bb37ff8ca45b830d61c35bb7,6686,size_in_bytes,lib/ocaml/compiler-libs/cfg_selectgen_target_intf.cmx,10193
2026-08-05T16:59:20Z,ce90559f55be4473bb37ff8ca45b830d61c35bb7,6686,size_in_bytes,lib/ocaml/compiler-libs/opterrors.cmx,1274
2026-08-05T16:59:20Z,ce90559f55be4473bb37ff8ca45b830d61c35bb7,6686,size_in_bytes,lib/ocaml/compiler-libs/printlinear.cmx,67863
2026-08-05T16:59:20Z,ce90559f55be4473bb37ff8ca45b830d61c35bb7,6686,size_in_bytes,lib/ocaml/compiler-libs/operation.cmx,94095
2026-08-05T16:59:20Z,ce90559f55be4473bb37ff8ca45b830d61c35bb7,6686,size_in_bytes,lib/ocaml/compiler-libs/regs.cmx,873635
2026-08-05T16:59:20Z,ce90559f55be4473bb37ff8ca45b830d61c35bb7,6686,size_in_bytes,lib/ocaml/compiler-libs/terminfo.cmx,24076
2026-08-05T16:59:20Z,ce90559f55be4473bb37ff8ca45b830d61c35bb7,6686,size_in_bytes,lib/ocaml/compiler-libs/dwarf_state.cmx,51638
2026-08-05T16:59:20Z,ce90559f55be4473bb37ff8ca45b830d61c35bb7,6686,size_in_bytes,lib/ocaml/compiler-libs/camlinternalMenhirLib.cmx,947946
2026-08-05T16:59:20Z,ce90559f55be4473bb37ff8ca45b830d61c35bb7,6686,size_in_bytes,lib/ocaml/compiler-libs/regalloc_utils.cmx,654355
2026-08-05T16:59:20Z,ce90559f55be4473bb37ff8ca45b830d61c35bb7,6686,size_in_bytes,lib/ocaml/compiler-libs/optlibrarian.cmx,209451
2026-08-05T16:59:20Z,ce90559f55be4473bb37ff8ca45b830d61c35bb7,6686,size_in_bytes,lib/ocaml/compiler-libs/is_parameter.cmx,822304
2026-08-05T16:59:20Z,ce90559f55be4473bb37ff8ca45b830d61c35bb7,6686,size_in_bytes,lib/ocaml/compiler-libs/untypeast.cmx,597015
2026-08-05T16:59:20Z,ce90559f55be4473bb37ff8ca45b830d61c35bb7,6686,size_in_bytes,lib/ocaml/compiler-libs/zero_alloc_checker.cmx,1490911
2026-08-05T16:59:20Z,ce90559f55be4473bb37ff8ca45b830d61c35bb7,6686,size_in_bytes,lib/ocaml/compiler-libs/translclass.cmx,35497
2026-08-05T16:59:20Z,ce90559f55be4473bb37ff8ca45b830d61c35bb7,6686,size_in_bytes,lib/ocaml/compiler-libs/rawprinttyp.cmx,59410
2026-08-05T16:59:20Z,ce90559f55be4473bb37ff8ca45b830d61c35bb7,6686,size_in_bytes,lib/ocaml/compiler-libs/bytelink.cmx,320895
2026-08-05T16:59:20Z,ce90559f55be4473bb37ff8ca45b830d61c35bb7,6686,size_in_bytes,lib/ocaml/compiler-libs/regalloc_gi_utils.cmx,387266
2026-08-05T16:59:20Z,ce90559f55be4473bb37ff8ca45b830d61c35bb7,6686,size_in_bytes,lib/ocaml/compiler-libs/errortrace_report.cmx,256844
2026-08-05T16:59:20Z,ce90559f55be4473bb37ff8ca45b830d61c35bb7,6686,size_in_bytes,lib/ocaml/compiler-libs/amd64_simd_instrs.cmx,15226325
2026-08-05T16:59:20Z,ce90559f55be4473bb37ff8ca45b830d61c35bb7,6686,size_in_bytes,lib/ocaml/compiler-libs/emit.cmx,66075
2026-08-05T16:59:20Z,ce90559f55be4473bb37ff8ca45b830d61c35bb7,6686,size_in_bytes,lib/ocaml/compiler-libs/dwarf_low__Dwarf_value.cmx,119386
2026-08-05T16:59:20Z,ce90559f55be4473bb37ff8ca45b830d61c35bb7,6686,size_in_bytes,lib/ocaml/compiler-libs/longident.cmx,23402
2026-08-05T16:59:20Z,ce90559f55be4473bb37ff8ca45b830d61c35bb7,6686,size_in_bytes,lib/ocaml/compiler-libs/jkind_axis.cmx,392585
2026-08-05T16:59:20Z,ce90559f55be4473bb37ff8ca45b830d61c35bb7,6686,size_in_bytes,lib/ocaml/compiler-libs/x86_binary_emitter.cmx,307130
2026-08-05T16:59:20Z,ce90559f55be4473bb37ff8ca45b830d61c35bb7,6686,size_in_bytes,lib/ocaml/compiler-libs/translmod.cmx,490707
2026-08-05T16:59:20Z,ce90559f55be4473bb37ff8ca45b830d61c35bb7,6686,size_in_bytes,lib/ocaml/compiler-libs/cmm_builtins.cmx,38206
2026-08-05T16:59:20Z,ce90559f55be4473bb37ff8ca45b830d61c35bb7,6686,size_in_bytes,lib/ocaml/compiler-libs/translprim.cmx,239407
2026-08-05T16:59:20Z,ce90559f55be4473bb37ff8ca45b830d61c35bb7,6686,size_in_bytes,lib/ocaml/compiler-libs/regalloc_stack_slots.cmx,73863
2026-08-05T16:59:20Z,ce90559f55be4473bb37ff8ca45b830d61c35bb7,6686,size_in_bytes,lib/ocaml/compiler-libs/dissector.cmx,44829
2026-08-05T16:59:20Z,ce90559f55be4473bb37ff8ca45b830d61c35bb7,6686,size_in_bytes,lib/ocaml/compiler-libs/global_module.cmx,2274576
2026-08-05T16:59:20Z,ce90559f55be4473bb37ff8ca45b830d61c35bb7,6686,size_in_bytes,lib/ocaml/compiler-libs/debug.cmx,19543
2026-08-05T16:59:20Z,ce90559f55be4473bb37ff8ca45b830d61c35bb7,6686,size_in_bytes,lib/ocaml/compiler-libs/regalloc_gi_state.cmx,47784
2026-08-05T16:59:20Z,ce90559f55be4473bb37ff8ca45b830d61c35bb7,6686,size_in_bytes,lib/ocaml/compiler-libs/typedecl_separability.cmx,142096
2026-08-05T16:59:20Z,ce90559f55be4473bb37ff8ca45b830d61c35bb7,6686,size_in_bytes,lib/ocaml/compiler-libs/dwarf_low__Debug_info_section.cmx,83918
2026-08-05T16:59:20Z,ce90559f55be4473bb37ff8ca45b830d61c35bb7,6686,size_in_bytes,lib/ocaml/compiler-libs/syntaxerr.cmx,7228
2026-08-05T16:59:20Z,ce90559f55be4473bb37ff8ca45b830d61c35bb7,6686,size_in_bytes,lib/ocaml/compiler-libs/cfg_loop_infos.cmx,108851
2026-08-05T16:59:20Z,ce90559f55be4473bb37ff8ca45b830d61c35bb7,6686,size_in_bytes,lib/ocaml/compiler-libs/cfg_invariants.cmx,96457
2026-08-05T16:59:20Z,ce90559f55be4473bb37ff8ca45b830d61c35bb7,6686,size_in_bytes,lib/ocaml/compiler-libs/dwarf_low__Location_list_entry.cmx,16636
2026-08-05T16:59:20Z,ce90559f55be4473bb37ff8ca45b830d61c35bb7,6686,size_in_bytes,lib/ocaml/compiler-libs/printast_with_mappings.cmx,663980
2026-08-05T16:59:20Z,ce90559f55be4473bb37ff8ca45b830d61c35bb7,6686,size_in_bytes,lib/ocaml/compiler-libs/slambdaident.cmx,913345
2026-08-05T16:59:20Z,ce90559f55be4473bb37ff8ca45b830d61c35bb7,6686,size_in_bytes,lib/ocaml/compiler-libs/cfg_dataflow.cmx,256763
2026-08-05T16:59:20Z,ce90559f55be4473bb37ff8ca45b830d61c35bb7,6686,size_in_bytes,lib/ocaml/compiler-libs/cfg_reducibility.cmx,59148
2026-08-05T16:59:20Z,ce90559f55be4473bb37ff8ca45b830d61c35bb7,6686,size_in_bytes,lib/ocaml/compiler-libs/transl_comprehension_utils.cmx,323011
2026-08-05T16:59:20Z,ce90559f55be4473bb37ff8ca45b830d61c35bb7,6686,size_in_bytes,lib/ocaml/compiler-libs/dwarf_low__Aranges_table.cmx,31765
2026-08-05T16:59:20Z,ce90559f55be4473bb37ff8ca45b830d61c35bb7,6686,size_in_bytes,lib/ocaml/compiler-libs/transl_array_comprehension.cmx,328742
2026-08-05T16:59:20Z,ce90559f55be4473bb37ff8ca45b830d61c35bb7,6686,size_in_bytes,lib/ocaml/compiler-libs/vicuna_traverse_typed_tree.cmx,89663
2026-08-05T16:59:20Z,ce90559f55be4473bb37ff8ca45b830d61c35bb7,6686,size_in_bytes,lib/ocaml/compiler-libs/form_rewrite_plan.cmx,78691
2026-08-05T16:59:20Z,ce90559f55be4473bb37ff8ca45b830d61c35bb7,6686,size_in_bytes,lib/ocaml/compiler-libs/stypes.cmx,59488
2026-08-05T16:59:20Z,ce90559f55be4473bb37ff8ca45b830d61c35bb7,6686,size_in_bytes,lib/ocaml/compiler-libs/typecore.cmx,1441184
2026-08-05T16:59:20Z,ce90559f55be4473bb37ff8ca45b830d61c35bb7,6686,size_in_bytes,lib/ocaml/compiler-libs/dwarf_low__Dwarf_4_entry_sorting.cmx,10078
2026-08-05T16:59:20Z,ce90559f55be4473bb37ff8ca45b830d61c35bb7,6686,size_in_bytes,lib/ocaml/compiler-libs/arm64_binary_emitter__Shift_immh_immb_helpers.cmx,12012
2026-08-05T16:59:20Z,ce90559f55be4473bb37ff8ca45b830d61c35bb7,6686,size_in_bytes,lib/ocaml/compiler-libs/arm64_ast.cmx,353
2026-08-05T16:59:20Z,ce90559f55be4473bb37ff8ca45b830d61c35bb7,6686,size_in_bytes,lib/ocaml/compiler-libs/dwarf_low__Dwarf_operator.cmx,209825
2026-08-05T16:59:20Z,ce90559f55be4473bb37ff8ca45b830d61c35bb7,6686,size_in_bytes,lib/ocaml/compiler-libs/symtable.cmx,790033
2026-08-05T16:59:20Z,ce90559f55be4473bb37ff8ca45b830d61c35bb7,6686,size_in_bytes,lib/ocaml/compiler-libs/slambda_fracture.cmx,50065
2026-08-05T16:59:20Z,ce90559f55be4473bb37ff8ca45b830d61c35bb7,6686,size_in_bytes,lib/ocaml/compiler-libs/regalloc_rewrite.cmx,43210
2026-08-05T16:59:20Z,ce90559f55be4473bb37ff8ca45b830d61c35bb7,6686,size_in_bytes,lib/ocaml/compiler-libs/strongly_connected_components.cmx,158395
2026-08-05T16:59:20Z,ce90559f55be4473bb37ff8ca45b830d61c35bb7,6686,size_in_bytes,lib/ocaml/compiler-libs/bytesections.cmx,76781
2026-08-05T16:59:20Z,ce90559f55be4473bb37ff8ca45b830d61c35bb7,6686,size_in_bytes,lib/ocaml/compiler-libs/typemod.cmx,539936
2026-08-05T16:59:20Z,ce90559f55be4473bb37ff8ca45b830d61c35bb7,6686,size_in_bytes,lib/ocaml/compiler-libs/vectorize.cmx,108187
2026-08-05T16:59:20Z,ce90559f55be4473bb37ff8ca45b830d61c35bb7,6686,size_in_bytes,lib/ocaml/compiler-libs/simplify_terminator.cmx,23169
2026-08-05T16:59:20Z,ce90559f55be4473bb37ff8ca45b830d61c35bb7,6686,size_in_bytes,lib/ocaml/compiler-libs/errortrace.cmx,70341
2026-08-05T16:59:20Z,ce90559f55be4473bb37ff8ca45b830d61c35bb7,6686,size_in_bytes,lib/ocaml/compiler-libs/oxcaml_args.cmx,1805232
2026-08-05T16:59:20Z,ce90559f55be4473bb37ff8ca45b830d61c35bb7,6686,size_in_bytes,lib/ocaml/compiler-libs/cfg_merge_blocks.cmx,94939
2026-08-05T16:59:20Z,ce90559f55be4473bb37ff8ca45b830d61c35bb7,6686,size_in_bytes,lib/ocaml/compiler-libs/compmisc.cmx,96577
2026-08-05T16:59:20Z,ce90559f55be4473bb37ff8ca45b830d61c35bb7,6686,size_in_bytes,lib/ocaml/compiler-libs/dwarf_low.cmx,1732
2026-08-05T16:59:20Z,ce90559f55be4473bb37ff8ca45b830d61c35bb7,6686,size_in_bytes,lib/ocaml/compiler-libs/zero_alloc.cmx,106417
2026-08-05T16:59:20Z,ce90559f55be4473bb37ff8ca45b830d61c35bb7,6686,size_in_bytes,lib/ocaml/compiler-libs/x86_masm.cmx,38563
2026-08-05T16:59:20Z,ce90559f55be4473bb37ff8ca45b830d61c35bb7,6686,size_in_bytes,lib/ocaml/compiler-libs/asm_targets__Asm_label.cmx,977320
2026-08-05T16:59:20Z,ce90559f55be4473bb37ff8ca45b830d61c35bb7,6686,size_in_bytes,lib/ocaml/compiler-libs/dwarf_low__Single_location_description.cmx,44670
2026-08-05T16:59:20Z,ce90559f55be4473bb37ff8ca45b830d61c35bb7,6686,size_in_bytes,lib/ocaml/compiler-libs/internal_assembler.cmx,17084
2026-08-05T16:59:20Z,ce90559f55be4473bb37ff8ca45b830d61c35bb7,6686,size_in_bytes,lib/ocaml/compiler-libs/signature_group.cmx,93669
2026-08-05T16:59:20Z,ce90559f55be4473bb37ff8ca45b830d61c35bb7,6686,size_in_bytes,lib/ocaml/compiler-libs/ast_mapper.cmx,981668
2026-08-05T16:59:20Z,ce90559f55be4473bb37ff8ca45b830d61c35bb7,6686,size_in_bytes,lib/ocaml/compiler-libs/x86_peephole_optimize.cmx,26691
2026-08-05T16:59:20Z,ce90559f55be4473bb37ff8ca45b830d61c35bb7,6686,size_in_bytes,lib/ocaml/compiler-libs/meta.cmx,2576
2026-08-05T16:59:20Z,ce90559f55be4473bb37ff8ca45b830d61c35bb7,6686,size_in_bytes,lib/ocaml/compiler-libs/tast_mapper.cmx,610640
2026-08-05T16:59:20Z,ce90559f55be4473bb37ff8ca45b830d61c35bb7,6686,size_in_bytes,lib/ocaml/compiler-libs/label.cmx,23961
2026-08-05T16:59:20Z,ce90559f55be4473bb37ff8ca45b830d61c35bb7,6686,size_in_bytes,lib/ocaml/compiler-libs/afl_instrument.cmx,26357
2026-08-05T16:59:20Z,ce90559f55be4473bb37ff8ca45b830d61c35bb7,6686,size_in_bytes,lib/ocaml/compiler-libs/binary_emitter_helpers.cmx,6138
2026-08-05T16:59:20Z,ce90559f55be4473bb37ff8ca45b830d61c35bb7,6686,size_in_bytes,lib/ocaml/compiler-libs/zero_alloc_utils.cmx,203907
2026-08-05T16:59:20Z,ce90559f55be4473bb37ff8ca45b830d61c35bb7,6686,size_in_bytes,lib/ocaml/compiler-libs/printoperation.cmx,41558
2026-08-05T16:59:20Z,ce90559f55be4473bb37ff8ca45b830d61c35bb7,6686,size_in_bytes,lib/ocaml/compiler-libs/vectorize_specific.cmx,31022
2026-08-05T16:59:20Z,ce90559f55be4473bb37ff8ca45b830d61c35bb7,6686,size_in_bytes,lib/ocaml/compiler-libs/ldd_intf.cmx,1538
2026-08-05T16:59:20Z,ce90559f55be4473bb37ff8ca45b830d61c35bb7,6686,size_in_bytes,lib/ocaml/compiler-libs/available_ranges_vars.cmx,286168
2026-08-05T16:59:20Z,ce90559f55be4473bb37ff8ca45b830d61c35bb7,6686,size_in_bytes,lib/ocaml/compiler-libs/x86_proc.cmx,209014
2026-08-05T16:59:20Z,ce90559f55be4473bb37ff8ca45b830d61c35bb7,6686,size_in_bytes,lib/ocaml/compiler-libs/dwarf_inlined_frames.cmx,220942
2026-08-05T16:59:20Z,ce90559f55be4473bb37ff8ca45b830d61c35bb7,6686,size_in_bytes,lib/ocaml/compiler-libs/compute_ranges_intf.cmx,10045
2026-08-05T16:59:20Z,ce90559f55be4473bb37ff8ca45b830d61c35bb7,6686,size_in_bytes,lib/ocaml/compiler-libs/regalloc_ls.cmx,190819
2026-08-05T16:59:20Z,ce90559f55be4473bb37ff8ca45b830d61c35bb7,6686,size_in_bytes,lib/ocaml/compiler-libs/zero_alloc_info.cmx,45993
2026-08-05T16:59:20Z,ce90559f55be4473bb37ff8ca45b830d61c35bb7,6686,size_in_bytes,lib/ocaml/compiler-libs/extract_relocations.cmx,142857
2026-08-05T16:59:20Z,ce90559f55be4473bb37ff8ca45b830d61c35bb7,6686,size_in_bytes,lib/ocaml/compiler-libs/igot.cmx,56972
2026-08-05T16:59:20Z,ce90559f55be4473bb37ff8ca45b830d61c35bb7,6686,size_in_bytes,lib/ocaml/compiler-libs/blambda_of_lambda.cmx,49004
2026-08-05T16:59:20Z,ce90559f55be4473bb37ff8ca45b830d61c35bb7,6686,size_in_bytes,lib/ocaml/compiler-libs/translattribute.cmx,666708
2026-08-05T16:59:20Z,ce90559f55be4473bb37ff8ca45b830d61c35bb7,6686,size_in_bytes,lib/ocaml/compiler-libs/cfg_to_linear_desc.cmx,15462
2026-08-05T16:59:20Z,ce90559f55be4473bb37ff8ca45b830d61c35bb7,6686,size_in_bytes,lib/ocaml/compiler-libs/dwarf_low__Address_table.cmx,88297
2026-08-05T16:59:20Z,ce90559f55be4473bb37ff8ca45b830d61c35bb7,6686,size_in_bytes,lib/ocaml/compiler-libs/regalloc_affinity.cmx,45394
2026-08-05T16:59:20Z,ce90559f55be4473bb37ff8ca45b830d61c35bb7,6686,size_in_bytes,lib/ocaml/compiler-libs/regalloc_split_utils.cmx,136900
2026-08-05T16:59:20Z,ce90559f55be4473bb37ff8ca45b830d61c35bb7,6686,size_in_bytes,lib/ocaml/compiler-libs/predef.cmx,192486
2026-08-05T16:59:20Z,ce90559f55be4473bb37ff8ca45b830d61c35bb7,6686,size_in_bytes,lib/ocaml/compiler-libs/dwarf_abstract_instances.cmx,126551
2026-08-05T16:59:20Z,ce90559f55be4473bb37ff8ca45b830d61c35bb7,6686,size_in_bytes,lib/ocaml/compiler-libs/cm_bundle.cmx,15711
2026-08-05T16:59:20Z,ce90559f55be4473bb37ff8ca45b830d61c35bb7,6686,size_in_bytes,lib/ocaml/compiler-libs/regalloc_split.cmx,337383
2026-08-05T16:59:20Z,ce90559f55be4473bb37ff8ca45b830d61c35bb7,6686,size_in_bytes,lib/ocaml/compiler-libs/dwarf_low__Abbreviation_code.cmx,39933
2026-08-05T16:59:20Z,ce90559f55be4473bb37ff8ca45b830d61c35bb7,6686,size_in_bytes,lib/ocaml/compiler-libs/makedepend.cmx,35473
2026-08-05T16:59:20Z,ce90559f55be4473bb37ff8ca45b830d61c35bb7,6686,size_in_bytes,lib/ocaml/compiler-libs/doubly_linked_list.cmx,210515
2026-08-05T16:59:20Z,ce90559f55be4473bb37ff8ca45b830d61c35bb7,6686,size_in_bytes,lib/ocaml/compiler-libs/partition.cmx,23215
2026-08-05T16:59:20Z,ce90559f55be4473bb37ff8ca45b830d61c35bb7,6686,size_in_bytes,lib/ocaml/compiler-libs/cfg_selection.cmx,137491
2026-08-05T16:59:20Z,ce90559f55be4473bb37ff8ca45b830d61c35bb7,6686,size_in_bytes,lib/ocaml/compiler-libs/printlambda.cmx,171642
2026-08-05T16:59:20Z,ce90559f55be4473bb37ff8ca45b830d61c35bb7,6686,size_in_bytes,lib/ocaml/compiler-libs/binary_emitter_verify.cmx,58095
2026-08-05T16:59:20Z,ce90559f55be4473bb37ff8ca45b830d61c35bb7,6686,size_in_bytes,lib/ocaml/compiler-libs/opt_fuel.cmx,41215
2026-08-05T16:59:20Z,ce90559f55be4473bb37ff8ca45b830d61c35bb7,6686,size_in_bytes,lib/ocaml/compiler-libs/arm64_binary_emitter__Condition_helpers.cmx,6882
2026-08-05T16:59:20Z,ce90559f55be4473bb37ff8ca45b830d61c35bb7,6686,size_in_bytes,lib/ocaml/compiler-libs/dwarf_high__Dwarf_attribute_helpers.cmx,389429
2026-08-05T16:59:20Z,ce90559f55be4473bb37ff8ca45b830d61c35bb7,6686,size_in_bytes,lib/ocaml/compiler-libs/dwarf_low__Debugging_information_entry.cmx,50697
2026-08-05T16:59:20Z,ce90559f55be4473bb37ff8ca45b830d61c35bb7,6686,size_in_bytes,lib/ocaml/compiler-libs/current_unit.cmx,74201
2026-08-05T16:59:20Z,ce90559f55be4473bb37ff8ca45b830d61c35bb7,6686,size_in_bytes,lib/ocaml/compiler-libs/dwarf_low__Dwarf_arch_sizes.cmx,619
2026-08-05T16:59:20Z,ce90559f55be4473bb37ff8ca45b830d61c35bb7,6686,size_in_bytes,lib/ocaml/compiler-libs/runtimetags.cmx,1066
2026-08-05T16:59:20Z,ce90559f55be4473bb37ff8ca45b830d61c35bb7,6686,size_in_bytes,lib/ocaml/compiler-libs/axis_lattice.cmx,190493
2026-08-05T16:59:20Z,ce90559f55be4473bb37ff8ca45b830d61c35bb7,6686,size_in_bytes,lib/ocaml/compiler-libs/translmode.cmx,75477
2026-08-05T16:59:20Z,ce90559f55be4473bb37ff8ca45b830d61c35bb7,6686,size_in_bytes,lib/ocaml/compiler-libs/cfg_liveness.cmx,173183
2026-08-05T16:59:20Z,ce90559f55be4473bb37ff8ca45b830d61c35bb7,6686,size_in_bytes,lib/ocaml/compiler-libs/language_extension_kernel.cmx,4228
2026-08-05T16:59:20Z,ce90559f55be4473bb37ff8ca45b830d61c35bb7,6686,size_in_bytes,lib/ocaml/compiler-libs/arm64_ast__Ast.cmx,1187668
2026-08-05T16:59:20Z,ce90559f55be4473bb37ff8ca45b830d61c35bb7,6686,size_in_bytes,lib/ocaml/ocaml-jit/jit.cmx,68421
2026-08-05T16:59:20Z,ce90559f55be4473bb37ff8ca45b830d61c35bb7,6686,size_in_bytes,lib/ocaml/stdlib_beta/stdlib_beta.cmx,384
2026-08-05T16:59:20Z,ce90559f55be4473bb37ff8ca45b830d61c35bb7,6686,size_in_bytes,lib/ocaml/str/str.cmx,235908
2026-08-05T16:59:20Z,ce90559f55be4473bb37ff8ca45b830d61c35bb7,6686,size_in_bytes,lib/ocaml/stdlib_upstream_compatible/stdlib_upstream_compatible__Int64_u.cmx,76114
2026-08-05T16:59:20Z,ce90559f55be4473bb37ff8ca45b830d61c35bb7,6686,size_in_bytes,lib/ocaml/stdlib_upstream_compatible/stdlib_upstream_compatible__Nativeint_u.cmx,68940
2026-08-05T16:59:20Z,ce90559f55be4473bb37ff8ca45b830d61c35bb7,6686,size_in_bytes,lib/ocaml/stdlib_upstream_compatible/stdlib_upstream_compatible__Float_u.cmx,112369
2026-08-05T16:59:20Z,ce90559f55be4473bb37ff8ca45b830d61c35bb7,6686,size_in_bytes,lib/ocaml/stdlib_upstream_compatible/stdlib_upstream_compatible__Int32_u.cmx,63479
2026-08-05T16:59:20Z,ce90559f55be4473bb37ff8ca45b830d61c35bb7,6686,size_in_bytes,lib/ocaml/stdlib_upstream_compatible/stdlib_upstream_compatible__.cmx,737
2026-08-05T16:59:20Z,ce90559f55be4473bb37ff8ca45b830d61c35bb7,6686,size_in_bytes,lib/ocaml/stdlib_upstream_compatible/stdlib_upstream_compatible.cmx,545
2026-08-05T16:59:20Z,ce90559f55be4473bb37ff8ca45b830d61c35bb7,6686,size_in_bytes,lib/ocaml/threads/thread.cmx,27669
2026-08-05T16:59:20Z,ce90559f55be4473bb37ff8ca45b830d61c35bb7,6686,size_in_bytes,lib/ocaml/threads/event.cmx,160670
2026-08-05T16:59:20Z,ce90559f55be4473bb37ff8ca45b830d61c35bb7,6686,size_in_bytes,lib/ocaml/threads/multicore.cmx,47109
2026-08-05T16:59:20Z,ce90559f55be4473bb37ff8ca45b830d61c35bb7,6686,size_in_bytes,lib/ocaml/stdlib_alpha/stdlib_alpha.cmx,389
2026-08-05T16:59:20Z,ce90559f55be4473bb37ff8ca45b830d61c35bb7,6686,size_in_bytes,lib/ocaml/compiler_owee__Owee_graph.cmo,93294
2026-08-05T16:59:20Z,ce90559f55be4473bb37ff8ca45b830d61c35bb7,6686,size_in_bytes,lib/ocaml/compiler_owee__Owee_marker.cmo,77552
2026-08-05T16:59:20Z,ce90559f55be4473bb37ff8ca45b830d61c35bb7,6686,size_in_bytes,lib/ocaml/compiler_owee__Owee_elf_string_table.cmo,16279
2026-08-05T16:59:20Z,ce90559f55be4473bb37ff8ca45b830d61c35bb7,6686,size_in_bytes,lib/ocaml/compiler_owee__Owee_buf.cmo,93075
2026-08-05T16:59:20Z,ce90559f55be4473bb37ff8ca45b830d61c35bb7,6686,size_in_bytes,lib/ocaml/compiler_owee__Owee_interval_map.cmo,107810
2026-08-05T16:59:20Z,ce90559f55be4473bb37ff8ca45b830d61c35bb7,6686,size_in_bytes,lib/ocaml/compiler_owee__Owee_debug_line.cmo,106054
2026-08-05T16:59:20Z,ce90559f55be4473bb37ff8ca45b830d61c35bb7,6686,size_in_bytes,lib/ocaml/compiler_owee__Owee_elf.cmo,206040
2026-08-05T16:59:20Z,ce90559f55be4473bb37ff8ca45b830d61c35bb7,6686,size_in_bytes,lib/ocaml/compiler_owee__Owee_form.cmo,30212
2026-08-05T16:59:20Z,ce90559f55be4473bb37ff8ca45b830d61c35bb7,6686,size_in_bytes,lib/ocaml/compiler_owee__Owee_object.cmo,75482
2026-08-05T16:59:20Z,ce90559f55be4473bb37ff8ca45b830d61c35bb7,6686,size_in_bytes,lib/ocaml/std_exit.cmo,10093
2026-08-05T16:59:20Z,ce90559f55be4473bb37ff8ca45b830d61c35bb7,6686,size_in_bytes,lib/ocaml/compiler_owee.cmo,13730
2026-08-05T16:59:20Z,ce90559f55be4473bb37ff8ca45b830d61c35bb7,6686,size_in_bytes,lib/ocaml/compiler_owee__Owee_elf_notes.cmo,60672
2026-08-05T16:59:20Z,ce90559f55be4473bb37ff8ca45b830d61c35bb7,6686,size_in_bytes,lib/ocaml/compiler_owee__Owee_linux_maps.cmo,22906
2026-08-05T16:59:20Z,ce90559f55be4473bb37ff8ca45b830d61c35bb7,6686,size_in_bytes,lib/ocaml/compiler_owee__Owee_traverse.cmo,72130
2026-08-05T16:59:20Z,ce90559f55be4473bb37ff8ca45b830d61c35bb7,6686,size_in_bytes,lib/ocaml/compiler_owee__Owee_archive.cmo,77077
2026-08-05T16:59:20Z,ce90559f55be4473bb37ff8ca45b830d61c35bb7,6686,size_in_bytes,lib/ocaml/compiler_owee__Owee_location.cmo,74567
2026-08-05T16:59:20Z,ce90559f55be4473bb37ff8ca45b830d61c35bb7,6686,size_in_bytes,lib/ocaml/compiler_owee__Owee_elf_relocation.cmo,52883
2026-08-05T16:59:20Z,ce90559f55be4473bb37ff8ca45b830d61c35bb7,6686,size_in_bytes,lib/ocaml/compiler_owee__Owee_macho.cmo,296906
2026-08-05T16:59:20Z,ce90559f55be4473bb37ff8ca45b830d61c35bb7,6686,size_in_bytes,lib/ocaml/compiler_owee__Unix_intf.cmo,15663
2026-08-05T16:59:20Z,ce90559f55be4473bb37ff8ca45b830d61c35bb7,6686,size_in_bytes,lib/ocaml/compiler-libs/topstart.cmo,9977
2026-08-05T16:59:20Z,ce90559f55be4473bb37ff8ca45b830d61c35bb7,6686,size_in_bytes,lib/ocaml/stdlib__ArrayLabels.cms,13616
2026-08-05T16:59:20Z,ce90559f55be4473bb37ff8ca45b830d61c35bb7,6686,size_in_bytes,lib/ocaml/stdlib__Result.cms,18396
2026-08-05T16:59:20Z,ce90559f55be4473bb37ff8ca45b830d61c35bb7,6686,size_in_bytes,lib/ocaml/camlinternalMod.cms,19178
2026-08-05T16:59:20Z,ce90559f55be4473bb37ff8ca45b830d61c35bb7,6686,size_in_bytes,lib/ocaml/stdlib__Dynarray.cms,138882
2026-08-05T16:59:20Z,ce90559f55be4473bb37ff8ca45b830d61c35bb7,6686,size_in_bytes,lib/ocaml/stdlib__Parsing.cms,33518
2026-08-05T16:59:20Z,ce90559f55be4473bb37ff8ca45b830d61c35bb7,6686,size_in_bytes,lib/ocaml/stdlib__Bytes.cms,113252
2026-08-05T16:59:20Z,ce90559f55be4473bb37ff8ca45b830d61c35bb7,6686,size_in_bytes,lib/ocaml/stdlib__Bigarray.cms,60721
2026-08-05T16:59:20Z,ce90559f55be4473bb37ff8ca45b830d61c35bb7,6686,size_in_bytes,lib/ocaml/stdlib__Modes.cms,13426
2026-08-05T16:59:20Z,ce90559f55be4473bb37ff8ca45b830d61c35bb7,6686,size_in_bytes,lib/ocaml/stdlib__Condition.cms,12053
2026-08-05T16:59:20Z,ce90559f55be4473bb37ff8ca45b830d61c35bb7,6686,size_in_bytes,lib/ocaml/stdlib__Array.cms,66541
2026-08-05T16:59:20Z,ce90559f55be4473bb37ff8ca45b830d61c35bb7,6686,size_in_bytes,lib/ocaml/stdlib__Buffer.cms,58095
2026-08-05T16:59:20Z,ce90559f55be4473bb37ff8ca45b830d61c35bb7,6686,size_in_bytes,lib/ocaml/stdlib__Printf.cms,15185
2026-08-05T16:59:20Z,ce90559f55be4473bb37ff8ca45b830d61c35bb7,6686,size_in_bytes,lib/ocaml/stdlib__Marshal.cms,16562
2026-08-05T16:59:20Z,ce90559f55be4473bb37ff8ca45b830d61c35bb7,6686,size_in_bytes,lib/ocaml/stdlib__Callback.cms,13527
2026-08-05T16:59:20Z,ce90559f55be4473bb37ff8ca45b830d61c35bb7,6686,size_in_bytes,lib/ocaml/camlinternalComprehension.cms,12725
2026-08-05T16:59:20Z,ce90559f55be4473bb37ff8ca45b830d61c35bb7,6686,size_in_bytes,lib/ocaml/stdlib__Format.cms,187610
2026-08-05T16:59:20Z,ce90559f55be4473bb37ff8ca45b830d61c35bb7,6686,size_in_bytes,lib/ocaml/stdlib__StdLabels.cms,11940
2026-08-05T16:59:20Z,ce90559f55be4473bb37ff8ca45b830d61c35bb7,6686,size_in_bytes,lib/ocaml/stdlib__Set.cms,149778
2026-08-05T16:59:20Z,ce90559f55be4473bb37ff8ca45b830d61c35bb7,6686,size_in_bytes,lib/ocaml/stdlib__Printexc.cms,46594
2026-08-05T16:59:20Z,ce90559f55be4473bb37ff8ca45b830d61c35bb7,6686,size_in_bytes,lib/ocaml/stdlib__Mutex.cms,12746
2026-08-05T16:59:20Z,ce90559f55be4473bb37ff8ca45b830d61c35bb7,6686,size_in_bytes,lib/ocaml/stdlib__MoreLabels.cms,19538
2026-08-05T16:59:20Z,ce90559f55be4473bb37ff8ca45b830d61c35bb7,6686,size_in_bytes,lib/ocaml/stdlib__Sys.cms,36069
2026-08-05T16:59:20Z,ce90559f55be4473bb37ff8ca45b830d61c35bb7,6686,size_in_bytes,lib/ocaml/stdlib__Iarray.cms,43474
2026-08-05T16:59:20Z,ce90559f55be4473bb37ff8ca45b830d61c35bb7,6686,size_in_bytes,lib/ocaml/stdlib__String.cms,59531
2026-08-05T16:59:20Z,ce90559f55be4473bb37ff8ca45b830d61c35bb7,6686,size_in_bytes,lib/ocaml/camlinternalQuote.cms,412521
2026-08-05T16:59:20Z,ce90559f55be4473bb37ff8ca45b830d61c35bb7,6686,size_in_bytes,lib/ocaml/stdlib__Nativeint.cms,21416
2026-08-05T16:59:20Z,ce90559f55be4473bb37ff8ca45b830d61c35bb7,6686,size_in_bytes,lib/ocaml/stdlib__Queue.cms,24334
2026-08-05T16:59:20Z,ce90559f55be4473bb37ff8ca45b830d61c35bb7,6686,size_in_bytes,lib/ocaml/stdlib__Arg.cms,53233
2026-08-05T16:59:20Z,ce90559f55be4473bb37ff8ca45b830d61c35bb7,6686,size_in_bytes,lib/ocaml/stdlib__BytesLabels.cms,15813
2026-08-05T16:59:20Z,ce90559f55be4473bb37ff8ca45b830d61c35bb7,6686,size_in_bytes,lib/ocaml/stdlib__Either.cms,16077
2026-08-05T16:59:20Z,ce90559f55be4473bb37ff8ca45b830d61c35bb7,6686,size_in_bytes,lib/ocaml/stdlib__Ephemeron.cms,152892
2026-08-05T16:59:20Z,ce90559f55be4473bb37ff8ca45b830d61c35bb7,6686,size_in_bytes,lib/ocaml/stdlib__StringLabels.cms,14502
2026-08-05T16:59:20Z,ce90559f55be4473bb37ff8ca45b830d61c35bb7,6686,size_in_bytes,lib/ocaml/stdlib__Map.cms,144181
2026-08-05T16:59:20Z,ce90559f55be4473bb37ff8ca45b830d61c35bb7,6686,size_in_bytes,lib/ocaml/stdlib__Oo.cms,11952
2026-08-05T16:59:20Z,ce90559f55be4473bb37ff8ca45b830d61c35bb7,6686,size_in_bytes,lib/ocaml/stdlib__List.cms,80691
2026-08-05T16:59:20Z,ce90559f55be4473bb37ff8ca45b830d61c35bb7,6686,size_in_bytes,lib/ocaml/camlinternalOO.cms,87673
2026-08-05T16:59:20Z,ce90559f55be4473bb37ff8ca45b830d61c35bb7,6686,size_in_bytes,lib/ocaml/stdlib__Seq.cms,57941
2026-08-05T16:59:20Z,ce90559f55be4473bb37ff8ca45b830d61c35bb7,6686,size_in_bytes,lib/ocaml/stdlib__Weak.cms,50267
2026-08-05T16:59:20Z,ce90559f55be4473bb37ff8ca45b830d61c35bb7,6686,size_in_bytes,lib/ocaml/stdlib__Backoff.cms,17716
2026-08-05T16:59:20Z,ce90559f55be4473bb37ff8ca45b830d61c35bb7,6686,size_in_bytes,lib/ocaml/stdlib__Domain.cms,63904
2026-08-05T16:59:20Z,ce90559f55be4473bb37ff8ca45b830d61c35bb7,6686,size_in_bytes,lib/ocaml/stdlib__Option.cms,15692
2026-08-05T16:59:20Z,ce90559f55be4473bb37ff8ca45b830d61c35bb7,6686,size_in_bytes,lib/ocaml/stdlib__Quote.cms,18622
2026-08-05T16:59:20Z,ce90559f55be4473bb37ff8ca45b830d61c35bb7,6686,size_in_bytes,lib/ocaml/stdlib__Unit.cms,11831
2026-08-05T16:59:20Z,ce90559f55be4473bb37ff8ca45b830d61c35bb7,6686,size_in_bytes,lib/ocaml/stdlib__Uchar.cms,19748
2026-08-05T16:59:20Z,ce90559f55be4473bb37ff8ca45b830d61c35bb7,6686,size_in_bytes,lib/ocaml/stdlib__ListLabels.cms,14320
2026-08-05T16:59:20Z,ce90559f55be4473bb37ff8ca45b830d61c35bb7,6686,size_in_bytes,lib/ocaml/camlinternalLazy.cms,21373
2026-08-05T16:59:20Z,ce90559f55be4473bb37ff8ca45b830d61c35bb7,6686,size_in_bytes,lib/ocaml/camlinternalFormat.cms,424300
2026-08-05T16:59:20Z,ce90559f55be4473bb37ff8ca45b830d61c35bb7,6686,size_in_bytes,lib/ocaml/stdlib__Filename.cms,56548
2026-08-05T16:59:20Z,ce90559f55be4473bb37ff8ca45b830d61c35bb7,6686,size_in_bytes,lib/ocaml/stdlib__Lexing.cms,33997
2026-08-05T16:59:20Z,ce90559f55be4473bb37ff8ca45b830d61c35bb7,6686,size_in_bytes,lib/ocaml/stdlib__Int64.cms,21725
2026-08-05T16:59:20Z,ce90559f55be4473bb37ff8ca45b830d61c35bb7,6686,size_in_bytes,lib/ocaml/stdlib__Fun.cms,13576
2026-08-05T16:59:20Z,ce90559f55be4473bb37ff8ca45b830d61c35bb7,6686,size_in_bytes,lib/ocaml/stdlib__Out_channel.cms,19052
2026-08-05T16:59:20Z,ce90559f55be4473bb37ff8ca45b830d61c35bb7,6686,size_in_bytes,lib/ocaml/stdlib__Int.cms,15321
2026-08-05T16:59:20Z,ce90559f55be4473bb37ff8ca45b830d61c35bb7,6686,size_in_bytes,lib/ocaml/std_exit.cms,11475
2026-08-05T16:59:20Z,ce90559f55be4473bb37ff8ca45b830d61c35bb7,6686,size_in_bytes,lib/ocaml/camlinternalFormatBasics.cms,68223
2026-08-05T16:59:20Z,ce90559f55be4473bb37ff8ca45b830d61c35bb7,6686,size_in_bytes,lib/ocaml/stdlib__Type.cms,13691
2026-08-05T16:59:20Z,ce90559f55be4473bb37ff8ca45b830d61c35bb7,6686,size_in_bytes,lib/ocaml/stdlib__Complex.cms,22970
2026-08-05T16:59:20Z,ce90559f55be4473bb37ff8ca45b830d61c35bb7,6686,size_in_bytes,lib/ocaml/stdlib__Pqueue.cms,38166
2026-08-05T16:59:20Z,ce90559f55be4473bb37ff8ca45b830d61c35bb7,6686,size_in_bytes,lib/ocaml/stdlib__Hashtbl.cms,103644
2026-08-05T16:59:20Z,ce90559f55be4473bb37ff8ca45b830d61c35bb7,6686,size_in_bytes,lib/ocaml/stdlib__Semaphore.cms,18389
2026-08-05T16:59:20Z,ce90559f55be4473bb37ff8ca45b830d61c35bb7,6686,size_in_bytes,lib/ocaml/camlinternalAtomic.cms,14626
2026-08-05T16:59:20Z,ce90559f55be4473bb37ff8ca45b830d61c35bb7,6686,size_in_bytes,lib/ocaml/stdlib__Float.cms,81786
2026-08-05T16:59:20Z,ce90559f55be4473bb37ff8ca45b830d61c35bb7,6686,size_in_bytes,lib/ocaml/stdlib__Obj.cms,34406
2026-08-05T16:59:20Z,ce90559f55be4473bb37ff8ca45b830d61c35bb7,6686,size_in_bytes,lib/ocaml/stdlib__Repr.cms,11728
2026-08-05T16:59:20Z,ce90559f55be4473bb37ff8ca45b830d61c35bb7,6686,size_in_bytes,lib/ocaml/stdlib.cms,82608
2026-08-05T16:59:20Z,ce90559f55be4473bb37ff8ca45b830d61c35bb7,6686,size_in_bytes,lib/ocaml/stdlib__Random.cms,53715
2026-08-05T16:59:20Z,ce90559f55be4473bb37ff8ca45b830d61c35bb7,6686,size_in_bytes,lib/ocaml/stdlib__Bool.cms,13307
2026-08-05T16:59:20Z,ce90559f55be4473bb37ff8ca45b830d61c35bb7,6686,size_in_bytes,lib/ocaml/stdlib__Scanf.cms,176263
2026-08-05T16:59:20Z,ce90559f55be4473bb37ff8ca45b830d61c35bb7,6686,size_in_bytes,lib/ocaml/stdlib__Digest.cms,31781
2026-08-05T16:59:20Z,ce90559f55be4473bb37ff8ca45b830d61c35bb7,6686,size_in_bytes,lib/ocaml/stdlib__Gc.cms,35326
2026-08-05T16:59:20Z,ce90559f55be4473bb37ff8ca45b830d61c35bb7,6686,size_in_bytes,lib/ocaml/stdlib__Pair.cms,13603
2026-08-05T16:59:20Z,ce90559f55be4473bb37ff8ca45b830d61c35bb7,6686,size_in_bytes,lib/ocaml/stdlib__Int32.cms,21760
2026-08-05T16:59:20Z,ce90559f55be4473bb37ff8ca45b830d61c35bb7,6686,size_in_bytes,lib/ocaml/stdlib__Lazy.cms,16574
2026-08-05T16:59:20Z,ce90559f55be4473bb37ff8ca45b830d61c35bb7,6686,size_in_bytes,lib/ocaml/stdlib__Stack.cms,16388
2026-08-05T16:59:20Z,ce90559f55be4473bb37ff8ca45b830d61c35bb7,6686,size_in_bytes,lib/ocaml/stdlib__Char.cms,19325
2026-08-05T16:59:20Z,ce90559f55be4473bb37ff8ca45b830d61c35bb7,6686,size_in_bytes,lib/ocaml/stdlib__Atomic.cms,15081
2026-08-05T16:59:20Z,ce90559f55be4473bb37ff8ca45b830d61c35bb7,6686,size_in_bytes,lib/ocaml/stdlib__In_channel.cms,30695
2026-08-05T16:59:20Z,ce90559f55be4473bb37ff8ca45b830d61c35bb7,6686,size_in_bytes,lib/ocaml/stdlib__Effect.cms,63955
2026-08-05T16:59:20Z,ce90559f55be4473bb37ff8ca45b830d61c35bb7,6686,size_in_bytes,lib/ocaml/stdlib_stable/stdlib_stable__Iarray.cms,12605
2026-08-05T16:59:20Z,ce90559f55be4473bb37ff8ca45b830d61c35bb7,6686,size_in_bytes,lib/ocaml/stdlib_stable/stdlib_stable__.cms,13516
2026-08-05T16:59:20Z,ce90559f55be4473bb37ff8ca45b830d61c35bb7,6686,size_in_bytes,lib/ocaml/stdlib_stable/stdlib_stable__Float32.cms,46838
2026-08-05T16:59:20Z,ce90559f55be4473bb37ff8ca45b830d61c35bb7,6686,size_in_bytes,lib/ocaml/stdlib_stable/stdlib_stable.cms,11392
2026-08-05T16:59:20Z,ce90559f55be4473bb37ff8ca45b830d61c35bb7,6686,size_in_bytes,lib/ocaml/stdlib_stable/stdlib_stable__Int8.cms,16357
2026-08-05T16:59:20Z,ce90559f55be4473bb37ff8ca45b830d61c35bb7,6686,size_in_bytes,lib/ocaml/stdlib_stable/stdlib_stable__Or_null.cms,13999
2026-08-05T16:59:20Z,ce90559f55be4473bb37ff8ca45b830d61c35bb7,6686,size_in_bytes,lib/ocaml/stdlib_stable/stdlib_stable__Idx_mut.cms,12400
2026-08-05T16:59:20Z,ce90559f55be4473bb37ff8ca45b830d61c35bb7,6686,size_in_bytes,lib/ocaml/stdlib_stable/stdlib_stable__IarrayLabels.cms,88497
2026-08-05T16:59:20Z,ce90559f55be4473bb37ff8ca45b830d61c35bb7,6686,size_in_bytes,lib/ocaml/stdlib_stable/stdlib_stable__Char_u.cms,14302
2026-08-05T16:59:20Z,ce90559f55be4473bb37ff8ca45b830d61c35bb7,6686,size_in_bytes,lib/ocaml/stdlib_stable/stdlib_stable__Int.cms,17989
2026-08-05T16:59:20Z,ce90559f55be4473bb37ff8ca45b830d61c35bb7,6686,size_in_bytes,lib/ocaml/stdlib_stable/stdlib_stable__Int16_u.cms,16846
2026-08-05T16:59:20Z,ce90559f55be4473bb37ff8ca45b830d61c35bb7,6686,size_in_bytes,lib/ocaml/stdlib_stable/stdlib_stable__Int8_u.cms,16851
2026-08-05T16:59:20Z,ce90559f55be4473bb37ff8ca45b830d61c35bb7,6686,size_in_bytes,lib/ocaml/stdlib_stable/stdlib_stable__Idx_imm.cms,12273
2026-08-05T16:59:20Z,ce90559f55be4473bb37ff8ca45b830d61c35bb7,6686,size_in_bytes,lib/ocaml/stdlib_stable/stdlib_stable__Int16.cms,16358
2026-08-05T16:59:20Z,ce90559f55be4473bb37ff8ca45b830d61c35bb7,6686,size_in_bytes,lib/ocaml/stdlib_stable/stdlib_stable__Int_u.cms,18190
2026-08-05T16:59:20Z,ce90559f55be4473bb37ff8ca45b830d61c35bb7,6686,size_in_bytes,lib/ocaml/stdlib_stable/stdlib_stable__Float32_u.cms,57649
2026-08-05T16:59:20Z,ce90559f55be4473bb37ff8ca45b830d61c35bb7,6686,size_in_bytes,lib/ocaml/compiler-libs/flambda2_simplify__Call_site_inlining_decision.cms,48925
2026-08-05T16:59:20Z,ce90559f55be4473bb37ff8ca45b830d61c35bb7,6686,size_in_bytes,lib/ocaml/compiler-libs/flambda2_simplify_shared__Exported_offsets.cms,31293
2026-08-05T16:59:20Z,ce90559f55be4473bb37ff8ca45b830d61c35bb7,6686,size_in_bytes,lib/ocaml/compiler-libs/flambda2_parser__Fexpr_prim_descr.cms,74348
2026-08-05T16:59:20Z,ce90559f55be4473bb37ff8ca45b830d61c35bb7,6686,size_in_bytes,lib/ocaml/compiler-libs/flambda2_simplify__Simplify_apply_cont_expr.cms,31113
2026-08-05T16:59:20Z,ce90559f55be4473bb37ff8ca45b830d61c35bb7,6686,size_in_bytes,lib/ocaml/compiler-libs/flambda2_simplify__Simplify_variadic_primitive.cms,32864
2026-08-05T16:59:20Z,ce90559f55be4473bb37ff8ca45b830d61c35bb7,6686,size_in_bytes,lib/ocaml/compiler-libs/flambda2_identifiers__Int_ids.cms,168426
2026-08-05T16:59:20Z,ce90559f55be4473bb37ff8ca45b830d61c35bb7,6686,size_in_bytes,lib/ocaml/compiler-libs/flambda2_to_cmm__To_cmm_shared.cms,85274
2026-08-05T16:59:20Z,ce90559f55be4473bb37ff8ca45b830d61c35bb7,6686,size_in_bytes,lib/ocaml/compiler-libs/flambda2_simplify__Expr_builder.cms,96508
2026-08-05T16:59:20Z,ce90559f55be4473bb37ff8ca45b830d61c35bb7,6686,size_in_bytes,lib/ocaml/compiler-libs/flambda2_reaper__Traverse_env.cms,15945
2026-08-05T16:59:20Z,ce90559f55be4473bb37ff8ca45b830d61c35bb7,6686,size_in_bytes,lib/ocaml/compiler-libs/flambda2_simplify_shared__Are_rebuilding_terms.cms,12612
2026-08-05T16:59:20Z,ce90559f55be4473bb37ff8ca45b830d61c35bb7,6686,size_in_bytes,lib/ocaml/compiler-libs/flambda2_simplify__Continuation_shortcut.cms,18053
2026-08-05T16:59:20Z,ce90559f55be4473bb37ff8ca45b830d61c35bb7,6686,size_in_bytes,lib/ocaml/compiler-libs/flambda2_to_cmm__To_cmm.cms,26883
2026-08-05T16:59:20Z,ce90559f55be4473bb37ff8ca45b830d61c35bb7,6686,size_in_bytes,lib/ocaml/compiler-libs/flambda2_term_basics__String_info.cms,20075
2026-08-05T16:59:20Z,ce90559f55be4473bb37ff8ca45b830d61c35bb7,6686,size_in_bytes,lib/ocaml/compiler-libs/flambda2_nominal__Permutation.cms,24893
2026-08-05T16:59:20Z,ce90559f55be4473bb37ff8ca45b830d61c35bb7,6686,size_in_bytes,lib/ocaml/compiler-libs/flambda2_terms__Flambda_primitive.cms,491659
2026-08-05T16:59:20Z,ce90559f55be4473bb37ff8ca45b830d61c35bb7,6686,size_in_bytes,lib/ocaml/compiler-libs/flambda2_reaper__Rev_expr.cms,18650
2026-08-05T16:59:20Z,ce90559f55be4473bb37ff8ca45b830d61c35bb7,6686,size_in_bytes,lib/ocaml/compiler-libs/flambda2_nominal__Contains_ids.cms,11485
2026-08-05T16:59:20Z,ce90559f55be4473bb37ff8ca45b830d61c35bb7,6686,size_in_bytes,lib/ocaml/compiler-libs/flambda2_term_basics.cms,13911
2026-08-05T16:59:20Z,ce90559f55be4473bb37ff8ca45b830d61c35bb7,6686,size_in_bytes,lib/ocaml/compiler-libs/flambda2_types__Reify.cms,88888
2026-08-05T16:59:20Z,ce90559f55be4473bb37ff8ca45b830d61c35bb7,6686,size_in_bytes,lib/ocaml/compiler-libs/flambda2_numbers__Target_ocaml_int.cms,103721
2026-08-05T16:59:20Z,ce90559f55be4473bb37ff8ca45b830d61c35bb7,6686,size_in_bytes,lib/ocaml/compiler-libs/flambda2_types__Provers.cms,203279
2026-08-05T16:59:20Z,ce90559f55be4473bb37ff8ca45b830d61c35bb7,6686,size_in_bytes,lib/ocaml/compiler-libs/flambda2_simplify__Downwards_env.cms,110880
2026-08-05T16:59:20Z,ce90559f55be4473bb37ff8ca45b830d61c35bb7,6686,size_in_bytes,lib/ocaml/compiler-libs/flambda2_types__Aliases.cms,119337
2026-08-05T16:59:20Z,ce90559f55be4473bb37ff8ca45b830d61c35bb7,6686,size_in_bytes,lib/ocaml/compiler-libs/flambda2_parser__Fexpr_to_flambda_commons.cms,41995
2026-08-05T16:59:20Z,ce90559f55be4473bb37ff8ca45b830d61c35bb7,6686,size_in_bytes,lib/ocaml/compiler-libs/flambda2_nominal__Renaming.cms,47218
2026-08-05T16:59:20Z,ce90559f55be4473bb37ff8ca45b830d61c35bb7,6686,size_in_bytes,lib/ocaml/compiler-libs/flambda2_terms__Apply_cont_expr.cms,35728
2026-08-05T16:59:20Z,ce90559f55be4473bb37ff8ca45b830d61c35bb7,6686,size_in_bytes,lib/ocaml/compiler-libs/flambda2_parser__Flambda_parser_messages.cms,10404
2026-08-05T16:59:20Z,ce90559f55be4473bb37ff8ca45b830d61c35bb7,6686,size_in_bytes,lib/ocaml/compiler-libs/flambda2_cmx__Exported_code.cms,24692
2026-08-05T16:59:20Z,ce90559f55be4473bb37ff8ca45b830d61c35bb7,6686,size_in_bytes,lib/ocaml/compiler-libs/flambda2_simplify__Rebuilt_expr.cms,26314
2026-08-05T16:59:20Z,ce90559f55be4473bb37ff8ca45b830d61c35bb7,6686,size_in_bytes,lib/ocaml/compiler-libs/flambda2_simplify__Flow_types.cms,60930
2026-08-05T16:59:20Z,ce90559f55be4473bb37ff8ca45b830d61c35bb7,6686,size_in_bytes,lib/ocaml/compiler-libs/flambda2_terms__Function_decl_inlining_decision_type.cms,48409
2026-08-05T16:59:20Z,ce90559f55be4473bb37ff8ca45b830d61c35bb7,6686,size_in_bytes,lib/ocaml/compiler-libs/flambda2_datalog__Heterogenous_list.cms,12521
2026-08-05T16:59:20Z,ce90559f55be4473bb37ff8ca45b830d61c35bb7,6686,size_in_bytes,lib/ocaml/compiler-libs/flambda2_simplify__Simplify_static_const.cms,66738
2026-08-05T16:59:20Z,ce90559f55be4473bb37ff8ca45b830d61c35bb7,6686,size_in_bytes,lib/ocaml/compiler-libs/flambda2_simplify__Apply_cont_rewrite.cms,42459
2026-08-05T16:59:20Z,ce90559f55be4473bb37ff8ca45b830d61c35bb7,6686,size_in_bytes,lib/ocaml/compiler-libs/flambda2_to_cmm__To_cmm_static.cms,122320
2026-08-05T16:59:20Z,ce90559f55be4473bb37ff8ca45b830d61c35bb7,6686,size_in_bytes,lib/ocaml/compiler-libs/flambda2_types__Equal_types_for_debug.cms,91308
2026-08-05T16:59:20Z,ce90559f55be4473bb37ff8ca45b830d61c35bb7,6686,size_in_bytes,lib/ocaml/compiler-libs/flambda2_to_jsir__To_jsir_shared.cms,27083
2026-08-05T16:59:20Z,ce90559f55be4473bb37ff8ca45b830d61c35bb7,6686,size_in_bytes,lib/ocaml/compiler-libs/flambda2_identifiers__Apply_cont_rewrite_id.cms,18044
2026-08-05T16:59:20Z,ce90559f55be4473bb37ff8ca45b830d61c35bb7,6686,size_in_bytes,lib/ocaml/compiler-libs/flambda2_terms__First_complex_local_param.cms,13843
2026-08-05T16:59:20Z,ce90559f55be4473bb37ff8ca45b830d61c35bb7,6686,size_in_bytes,lib/ocaml/compiler-libs/flambda2_bound_identifiers.cms,12989
2026-08-05T16:59:20Z,ce90559f55be4473bb37ff8ca45b830d61c35bb7,6686,size_in_bytes,lib/ocaml/compiler-libs/flambda2_simplify__Are_lifting_conts.cms,19195
2026-08-05T16:59:20Z,ce90559f55be4473bb37ff8ca45b830d61c35bb7,6686,size_in_bytes,lib/ocaml/compiler-libs/flambda2_cmx__Flambda_cmx.cms,36046
2026-08-05T16:59:20Z,ce90559f55be4473bb37ff8ca45b830d61c35bb7,6686,size_in_bytes,lib/ocaml/compiler-libs/flambda2_simplify__Comparison_result.cms,20471
2026-08-05T16:59:20Z,ce90559f55be4473bb37ff8ca45b830d61c35bb7,6686,size_in_bytes,lib/ocaml/compiler-libs/flambda2_simplify__Simplify_quaternary_primitive.cms,19593
2026-08-05T16:59:20Z,ce90559f55be4473bb37ff8ca45b830d61c35bb7,6686,size_in_bytes,lib/ocaml/compiler-libs/flambda2_datalog__Cursor.cms,58563
2026-08-05T16:59:20Z,ce90559f55be4473bb37ff8ca45b830d61c35bb7,6686,size_in_bytes,lib/ocaml/compiler-libs/flambda2_term_basics__Unit.cms,18821
2026-08-05T16:59:20Z,ce90559f55be4473bb37ff8ca45b830d61c35bb7,6686,size_in_bytes,lib/ocaml/compiler-libs/flambda2_terms__Zero_alloc_attribute.cms,17346
2026-08-05T16:59:20Z,ce90559f55be4473bb37ff8ca45b830d61c35bb7,6686,size_in_bytes,lib/ocaml/compiler-libs/flambda2_simplify__Closure_info.cms,18376
2026-08-05T16:59:20Z,ce90559f55be4473bb37ff8ca45b830d61c35bb7,6686,size_in_bytes,lib/ocaml/compiler-libs/flambda2_from_lambda__Closure_conversion.cms,564504
2026-08-05T16:59:20Z,ce90559f55be4473bb37ff8ca45b830d61c35bb7,6686,size_in_bytes,lib/ocaml/compiler-libs/flambda2_numbers__Vector_types.cms,43442
2026-08-05T16:59:20Z,ce90559f55be4473bb37ff8ca45b830d61c35bb7,6686,size_in_bytes,lib/ocaml/compiler-libs/flambda2_from_lambda__Lambda_to_lambda_transforms.cms,192669
2026-08-05T16:59:20Z,ce90559f55be4473bb37ff8ca45b830d61c35bb7,6686,size_in_bytes,lib/ocaml/compiler-libs/flambda2_term_basics__Scope.cms,18647
2026-08-05T16:59:20Z,ce90559f55be4473bb37ff8ca45b830d61c35bb7,6686,size_in_bytes,lib/ocaml/compiler-libs/flambda2_from_lambda__Lambda_to_flambda_primitives_helpers.cms,78661
2026-08-05T16:59:20Z,ce90559f55be4473bb37ff8ca45b830d61c35bb7,6686,size_in_bytes,lib/ocaml/compiler-libs/flambda2_simplify__Simplify_set_of_closures_context.cms,45166
2026-08-05T16:59:20Z,ce90559f55be4473bb37ff8ca45b830d61c35bb7,6686,size_in_bytes,lib/ocaml/compiler-libs/flambda2_terms__Inlining_arguments.cms,54958
2026-08-05T16:59:20Z,ce90559f55be4473bb37ff8ca45b830d61c35bb7,6686,size_in_bytes,lib/ocaml/compiler-libs/flambda2_numbers__Or_infinity.cms,13245
2026-08-05T16:59:20Z,ce90559f55be4473bb37ff8ca45b830d61c35bb7,6686,size_in_bytes,lib/ocaml/compiler-libs/flambda2_datalog__Datalog_imports.cms,14892
2026-08-05T16:59:20Z,ce90559f55be4473bb37ff8ca45b830d61c35bb7,6686,size_in_bytes,lib/ocaml/compiler-libs/flambda2_terms__Regalloc_attribute.cms,13668
2026-08-05T16:59:20Z,ce90559f55be4473bb37ff8ca45b830d61c35bb7,6686,size_in_bytes,lib/ocaml/compiler-libs/flambda2_simplify__Continuation_uses_env.cms,20730
2026-08-05T16:59:20Z,ce90559f55be4473bb37ff8ca45b830d61c35bb7,6686,size_in_bytes,lib/ocaml/compiler-libs/flambda2_identifiers__Rec_info_expr0.cms,34451
2026-08-05T16:59:20Z,ce90559f55be4473bb37ff8ca45b830d61c35bb7,6686,size_in_bytes,lib/ocaml/compiler-libs/flambda2_simplify__Simplify_named_result.cms,15404
2026-08-05T16:59:20Z,ce90559f55be4473bb37ff8ca45b830d61c35bb7,6686,size_in_bytes,lib/ocaml/compiler-libs/flambda2_terms__Apply_expr.cms,62053
2026-08-05T16:59:20Z,ce90559f55be4473bb37ff8ca45b830d61c35bb7,6686,size_in_bytes,lib/ocaml/compiler-libs/flambda2_reaper__Field.cms,38105
2026-08-05T16:59:20Z,ce90559f55be4473bb37ff8ca45b830d61c35bb7,6686,size_in_bytes,lib/ocaml/compiler-libs/flambda2_from_lambda__Lambda_to_flambda.cms,244147
2026-08-05T16:59:20Z,ce90559f55be4473bb37ff8ca45b830d61c35bb7,6686,size_in_bytes,lib/ocaml/compiler-libs/flambda2_identifiers__Continuation.cms,34696
2026-08-05T16:59:20Z,ce90559f55be4473bb37ff8ca45b830d61c35bb7,6686,size_in_bytes,lib/ocaml/compiler-libs/flambda2_terms__Code_or_metadata.cms,36009
2026-08-05T16:59:20Z,ce90559f55be4473bb37ff8ca45b830d61c35bb7,6686,size_in_bytes,lib/ocaml/compiler-libs/flambda2_identifiers__Variable.cms,13838
2026-08-05T16:59:20Z,ce90559f55be4473bb37ff8ca45b830d61c35bb7,6686,size_in_bytes,lib/ocaml/compiler-libs/flambda2_term_basics__Or_invalid.cms,13259
2026-08-05T16:59:20Z,ce90559f55be4473bb37ff8ca45b830d61c35bb7,6686,size_in_bytes,lib/ocaml/compiler-libs/flambda2_identifiers__Code_id_or_name.cms,12349
2026-08-05T16:59:20Z,ce90559f55be4473bb37ff8ca45b830d61c35bb7,6686,size_in_bytes,lib/ocaml/compiler-libs/flambda2_terms__Function_declarations.cms,24342
2026-08-05T16:59:20Z,ce90559f55be4473bb37ff8ca45b830d61c35bb7,6686,size_in_bytes,lib/ocaml/compiler-libs/flambda2_terms__Call_kind.cms,76189
2026-08-05T16:59:20Z,ce90559f55be4473bb37ff8ca45b830d61c35bb7,6686,size_in_bytes,lib/ocaml/compiler-libs/flambda2_terms__Flambda.cms,231029
2026-08-05T16:59:20Z,ce90559f55be4473bb37ff8ca45b830d61c35bb7,6686,size_in_bytes,lib/ocaml/compiler-libs/flambda2_simplify__Replay_history.cms,36968
2026-08-05T16:59:20Z,ce90559f55be4473bb37ff8ca45b830d61c35bb7,6686,size_in_bytes,lib/ocaml/compiler-libs/flambda2_bound_identifiers__Bound_continuation.cms,12906
2026-08-05T16:59:20Z,ce90559f55be4473bb37ff8ca45b830d61c35bb7,6686,size_in_bytes,lib/ocaml/compiler-libs/flambda2_import.cms,9756
2026-08-05T16:59:20Z,ce90559f55be4473bb37ff8ca45b830d61c35bb7,6686,size_in_bytes,lib/ocaml/compiler-libs/flambda2_simplify__Simplify_named.cms,47027
2026-08-05T16:59:20Z,ce90559f55be4473bb37ff8ca45b830d61c35bb7,6686,size_in_bytes,lib/ocaml/compiler-libs/flambda2_datalog__Trie.cms,33776
2026-08-05T16:59:20Z,ce90559f55be4473bb37ff8ca45b830d61c35bb7,6686,size_in_bytes,lib/ocaml/compiler-libs/flambda2_simplify__Specialization_cost.cms,31734
2026-08-05T16:59:20Z,ce90559f55be4473bb37ff8ca45b830d61c35bb7,6686,size_in_bytes,lib/ocaml/compiler-libs/flambda2_simplify__Continuation_uses_env_intf.cms,13603
2026-08-05T16:59:20Z,ce90559f55be4473bb37ff8ca45b830d61c35bb7,6686,size_in_bytes,lib/ocaml/compiler-libs/flambda2_simplify__Build_unboxing_denv.cms,47106
2026-08-05T16:59:20Z,ce90559f55be4473bb37ff8ca45b830d61c35bb7,6686,size_in_bytes,lib/ocaml/compiler-libs/flambda2_terms__Set_of_closures.cms,32447
2026-08-05T16:59:20Z,ce90559f55be4473bb37ff8ca45b830d61c35bb7,6686,size_in_bytes,lib/ocaml/compiler-libs/flambda2_simplify.cms,35041
2026-08-05T16:59:20Z,ce90559f55be4473bb37ff8ca45b830d61c35bb7,6686,size_in_bytes,lib/ocaml/compiler-libs/flambda2_to_cmm__To_cmm_effects.cms,20535
2026-08-05T16:59:20Z,ce90559f55be4473bb37ff8ca45b830d61c35bb7,6686,size_in_bytes,lib/ocaml/compiler-libs/flambda2_term_basics__Empty_array_kind.cms,20991
2026-08-05T16:59:20Z,ce90559f55be4473bb37ff8ca45b830d61c35bb7,6686,size_in_bytes,lib/ocaml/compiler-libs/flambda2_term_basics__Or_variable.cms,15075
2026-08-05T16:59:20Z,ce90559f55be4473bb37ff8ca45b830d61c35bb7,6686,size_in_bytes,lib/ocaml/compiler-libs/flambda2_ui.cms,10244
2026-08-05T16:59:20Z,ce90559f55be4473bb37ff8ca45b830d61c35bb7,6686,size_in_bytes,lib/ocaml/compiler-libs/flambda2_simplify__Lifted_constant_state.cms,38416
2026-08-05T16:59:20Z,ce90559f55be4473bb37ff8ca45b830d61c35bb7,6686,size_in_bytes,lib/ocaml/compiler-libs/flambda2_simplify__Simplify_set_of_closures.cms,150481
2026-08-05T16:59:20Z,ce90559f55be4473bb37ff8ca45b830d61c35bb7,6686,size_in_bytes,lib/ocaml/compiler-libs/flambda2_reaper__Traverse_acc.cms,69820
2026-08-05T16:59:20Z,ce90559f55be4473bb37ff8ca45b830d61c35bb7,6686,size_in_bytes,lib/ocaml/compiler-libs/flambda2_algorithms__Leapfrog.cms,28139
2026-08-05T16:59:20Z,ce90559f55be4473bb37ff8ca45b830d61c35bb7,6686,size_in_bytes,lib/ocaml/compiler-libs/flambda2_from_lambda__Lambda_to_flambda_env.cms,56714
2026-08-05T16:59:20Z,ce90559f55be4473bb37ff8ca45b830d61c35bb7,6686,size_in_bytes,lib/ocaml/compiler-libs/flambda2_numbers__Targetint_32_64.cms,72993
2026-08-05T16:59:20Z,ce90559f55be4473bb37ff8ca45b830d61c35bb7,6686,size_in_bytes,lib/ocaml/compiler-libs/flambda2_datalog__Datalog.cms,59762
2026-08-05T16:59:20Z,ce90559f55be4473bb37ff8ca45b830d61c35bb7,6686,size_in_bytes,lib/ocaml/compiler-libs/flambda2_terms__Code.cms,16609
2026-08-05T16:59:20Z,ce90559f55be4473bb37ff8ca45b830d61c35bb7,6686,size_in_bytes,lib/ocaml/compiler-libs/flambda2_simplify__Simplify_apply_expr.cms,181292
2026-08-05T16:59:20Z,ce90559f55be4473bb37ff8ca45b830d61c35bb7,6686,size_in_bytes,lib/ocaml/compiler-libs/flambda2_types__Typing_env_level.cms,40886
2026-08-05T16:59:20Z,ce90559f55be4473bb37ff8ca45b830d61c35bb7,6686,size_in_bytes,lib/ocaml/compiler-libs/flambda2_to_cmm__To_cmm_result.cms,31452
2026-08-05T16:59:20Z,ce90559f55be4473bb37ff8ca45b830d61c35bb7,6686,size_in_bytes,lib/ocaml/compiler-libs/flambda2_datalog__Column.cms,26258
2026-08-05T16:59:20Z,ce90559f55be4473bb37ff8ca45b830d61c35bb7,6686,size_in_bytes,lib/ocaml/compiler-libs/flambda2_terms__Code0.cms,24930
2026-08-05T16:59:20Z,ce90559f55be4473bb37ff8ca45b830d61c35bb7,6686,size_in_bytes,lib/ocaml/compiler-libs/flambda2_bound_identifiers__Alloc_mode.cms,48056
2026-08-05T16:59:20Z,ce90559f55be4473bb37ff8ca45b830d61c35bb7,6686,size_in_bytes,lib/ocaml/compiler-libs/flambda2_nominal.cms,12581
2026-08-05T16:59:20Z,ce90559f55be4473bb37ff8ca45b830d61c35bb7,6686,size_in_bytes,lib/ocaml/compiler-libs/flambda2_to_cmm__To_cmm_expr.cms,193271
2026-08-05T16:59:20Z,ce90559f55be4473bb37ff8ca45b830d61c35bb7,6686,size_in_bytes,lib/ocaml/compiler-libs/flambda2_parser__Parse_flambda.cms,20371
2026-08-05T16:59:20Z,ce90559f55be4473bb37ff8ca45b830d61c35bb7,6686,size_in_bytes,lib/ocaml/compiler-libs/flambda2_bound_identifiers__Bound_var.cms,17937
2026-08-05T16:59:20Z,ce90559f55be4473bb37ff8ca45b830d61c35bb7,6686,size_in_bytes,lib/ocaml/compiler-libs/flambda2_datalog__Virtual_machine.cms,32939
2026-08-05T16:59:20Z,ce90559f55be4473bb37ff8ca45b830d61c35bb7,6686,size_in_bytes,lib/ocaml/compiler-libs/flambda2_simplify__Dominator_graph.cms,51932
2026-08-05T16:59:20Z,ce90559f55be4473bb37ff8ca45b830d61c35bb7,6686,size_in_bytes,lib/ocaml/compiler-libs/flambda2_simplify__Simplify_rec_info_expr.cms,27895
2026-08-05T16:59:20Z,ce90559f55be4473bb37ff8ca45b830d61c35bb7,6686,size_in_bytes,lib/ocaml/compiler-libs/flambda2_kinds__Flambda_arity.cms,33318
2026-08-05T16:59:20Z,ce90559f55be4473bb37ff8ca45b830d61c35bb7,6686,size_in_bytes,lib/ocaml/compiler-libs/flambda2_parser__Fexpr_to_flambda.cms,148851
2026-08-05T16:59:20Z,ce90559f55be4473bb37ff8ca45b830d61c35bb7,6686,size_in_bytes,lib/ocaml/compiler-libs/flambda2_identifiers__Reg_width_const.cms,38248
2026-08-05T16:59:20Z,ce90559f55be4473bb37ff8ca45b830d61c35bb7,6686,size_in_bytes,lib/ocaml/compiler-libs/flambda2_to_cmm__To_cmm_env.cms,165148
2026-08-05T16:59:20Z,ce90559f55be4473bb37ff8ca45b830d61c35bb7,6686,size_in_bytes,lib/ocaml/compiler-libs/flambda2_terms__Cost_metrics.cms,22114
2026-08-05T16:59:20Z,ce90559f55be4473bb37ff8ca45b830d61c35bb7,6686,size_in_bytes,lib/ocaml/compiler-libs/flambda2_types__Code_age_relation.cms,23888
2026-08-05T16:59:20Z,ce90559f55be4473bb37ff8ca45b830d61c35bb7,6686,size_in_bytes,lib/ocaml/compiler-libs/flambda2_terms__Exn_continuation.cms,31534
2026-08-05T16:59:20Z,ce90559f55be4473bb37ff8ca45b830d61c35bb7,6686,size_in_bytes,lib/ocaml/compiler-libs/flambda2_identifiers__Code_id.cms,11924
2026-08-05T16:59:20Z,ce90559f55be4473bb37ff8ca45b830d61c35bb7,6686,size_in_bytes,lib/ocaml/compiler-libs/flambda2_simplify__Simplify_primitive.cms,41775
2026-08-05T16:59:20Z,ce90559f55be4473bb37ff8ca45b830d61c35bb7,6686,size_in_bytes,lib/ocaml/compiler-libs/flambda2_term_basics__Tag_and_size.cms,12425
2026-08-05T16:59:20Z,ce90559f55be4473bb37ff8ca45b830d61c35bb7,6686,size_in_bytes,lib/ocaml/compiler-libs/flambda2_terms__Coeffects.cms,14325
2026-08-05T16:59:20Z,ce90559f55be4473bb37ff8ca45b830d61c35bb7,6686,size_in_bytes,lib/ocaml/compiler-libs/flambda2_terms__Inline_attribute.cms,16514
2026-08-05T16:59:20Z,ce90559f55be4473bb37ff8ca45b830d61c35bb7,6686,size_in_bytes,lib/ocaml/compiler-libs/flambda2_simplify__Mutable_unboxing.cms,95878
2026-08-05T16:59:20Z,ce90559f55be4473bb37ff8ca45b830d61c35bb7,6686,size_in_bytes,lib/ocaml/compiler-libs/flambda2_types__Meet.cms,16494
2026-08-05T16:59:20Z,ce90559f55be4473bb37ff8ca45b830d61c35bb7,6686,size_in_bytes,lib/ocaml/compiler-libs/flambda2_term_basics__Coercion.cms,16271
2026-08-05T16:59:20Z,ce90559f55be4473bb37ff8ca45b830d61c35bb7,6686,size_in_bytes,lib/ocaml/compiler-libs/flambda2_types__Type_grammar.cms,661364
2026-08-05T16:59:20Z,ce90559f55be4473bb37ff8ca45b830d61c35bb7,6686,size_in_bytes,lib/ocaml/compiler-libs/flambda2_types__Meet_and_join.cms,329556
2026-08-05T16:59:20Z,ce90559f55be4473bb37ff8ca45b830d61c35bb7,6686,size_in_bytes,lib/ocaml/compiler-libs/flambda2_identifiers.cms,15158
2026-08-05T16:59:20Z,ce90559f55be4473bb37ff8ca45b830d61c35bb7,6686,size_in_bytes,lib/ocaml/compiler-libs/flambda2_identifiers__Value_slot.cms,12097
2026-08-05T16:59:20Z,ce90559f55be4473bb37ff8ca45b830d61c35bb7,6686,size_in_bytes,lib/ocaml/compiler-libs/flambda2_identifiers__Symbol.cms,12347
2026-08-05T16:59:20Z,ce90559f55be4473bb37ff8ca45b830d61c35bb7,6686,size_in_bytes,lib/ocaml/compiler-libs/flambda2_parser__Flambda_parser.cms,2270058
2026-08-05T16:59:20Z,ce90559f55be4473bb37ff8ca45b830d61c35bb7,6686,size_in_bytes,lib/ocaml/compiler-libs/flambda2_term_basics__Inlined_debuginfo.cms,22888
2026-08-05T16:59:20Z,ce90559f55be4473bb37ff8ca45b830d61c35bb7,6686,size_in_bytes,lib/ocaml/compiler-libs/flambda2_floats.cms,9959
2026-08-05T16:59:20Z,ce90559f55be4473bb37ff8ca45b830d61c35bb7,6686,size_in_bytes,lib/ocaml/compiler-libs/flambda2_kinds__Flambda_kind.cms,208569
2026-08-05T16:59:20Z,ce90559f55be4473bb37ff8ca45b830d61c35bb7,6686,size_in_bytes,lib/ocaml/compiler-libs/flambda2_types__With_cached_free_names.cms,17244
2026-08-05T16:59:20Z,ce90559f55be4473bb37ff8ca45b830d61c35bb7,6686,size_in_bytes,lib/ocaml/compiler-libs/flambda2_parser__Fexpr_prim.cms,171894
2026-08-05T16:59:20Z,ce90559f55be4473bb37ff8ca45b830d61c35bb7,6686,size_in_bytes,lib/ocaml/compiler-libs/flambda2_reaper__Reaper.cms,17863
2026-08-05T16:59:20Z,ce90559f55be4473bb37ff8ca45b830d61c35bb7,6686,size_in_bytes,lib/ocaml/compiler-libs/flambda2_reaper__Analysis.cms,18829
2026-08-05T16:59:20Z,ce90559f55be4473bb37ff8ca45b830d61c35bb7,6686,size_in_bytes,lib/ocaml/compiler-libs/flambda2_datalog.cms,37882
2026-08-05T16:59:20Z,ce90559f55be4473bb37ff8ca45b830d61c35bb7,6686,size_in_bytes,lib/ocaml/compiler-libs/flambda2_identifiers__Function_slot.cms,12106
2026-08-05T16:59:20Z,ce90559f55be4473bb37ff8ca45b830d61c35bb7,6686,size_in_bytes,lib/ocaml/compiler-libs/flambda2_datalog__Table.cms,35530
2026-08-05T16:59:20Z,ce90559f55be4473bb37ff8ca45b830d61c35bb7,6686,size_in_bytes,lib/ocaml/compiler-libs/flambda2_terms__Effects_and_coeffects.cms,16284
2026-08-05T16:59:20Z,ce90559f55be4473bb37ff8ca45b830d61c35bb7,6686,size_in_bytes,lib/ocaml/compiler-libs/flambda2_terms__Expr_std.cms,12344
2026-08-05T16:59:20Z,ce90559f55be4473bb37ff8ca45b830d61c35bb7,6686,size_in_bytes,lib/ocaml/compiler-libs/flambda2_terms__Removed_operations.cms,24263
2026-08-05T16:59:20Z,ce90559f55be4473bb37ff8ca45b830d61c35bb7,6686,size_in_bytes,lib/ocaml/compiler-libs/flambda2_identifiers__Flambda_debug_uid.cms,20302
2026-08-05T16:59:20Z,ce90559f55be4473bb37ff8ca45b830d61c35bb7,6686,size_in_bytes,lib/ocaml/compiler-libs/flambda2_terms__Inlined_attribute.cms,19703
2026-08-05T16:59:20Z,ce90559f55be4473bb37ff8ca45b830d61c35bb7,6686,size_in_bytes,lib/ocaml/compiler-libs/flambda2_nominal__Bindable.cms,14155
2026-08-05T16:59:20Z,ce90559f55be4473bb37ff8ca45b830d61c35bb7,6686,size_in_bytes,lib/ocaml/compiler-libs/flambda2_term_basics__Value_slot_set.cms,19949
2026-08-05T16:59:20Z,ce90559f55be4473bb37ff8ca45b830d61c35bb7,6686,size_in_bytes,lib/ocaml/compiler-libs/flambda2_types__Meet_and_n_way_join.cms,375762
2026-08-05T16:59:20Z,ce90559f55be4473bb37ff8ca45b830d61c35bb7,6686,size_in_bytes,lib/ocaml/compiler-libs/flambda2_simplify__Number_adjuncts.cms,123972
2026-08-05T16:59:20Z,ce90559f55be4473bb37ff8ca45b830d61c35bb7,6686,size_in_bytes,lib/ocaml/compiler-libs/flambda2_lattices__Or_bottom.cms,15274
2026-08-05T16:59:20Z,ce90559f55be4473bb37ff8ca45b830d61c35bb7,6686,size_in_bytes,lib/ocaml/compiler-libs/flambda2_lattices__Or_unknown.cms,26114
2026-08-05T16:59:20Z,ce90559f55be4473bb37ff8ca45b830d61c35bb7,6686,size_in_bytes,lib/ocaml/compiler-libs/flambda2_term_basics__Rec_info_expr.cms,15614
2026-08-05T16:59:20Z,ce90559f55be4473bb37ff8ca45b830d61c35bb7,6686,size_in_bytes,lib/ocaml/compiler-libs/flambda2_terms__Inlining_history.cms,45876
2026-08-05T16:59:20Z,ce90559f55be4473bb37ff8ca45b830d61c35bb7,6686,size_in_bytes,lib/ocaml/compiler-libs/flambda2_lattices__Or_unknown_or_bottom.cms,16731
2026-08-05T16:59:20Z,ce90559f55be4473bb37ff8ca45b830d61c35bb7,6686,size_in_bytes,lib/ocaml/compiler-libs/flambda2_terms__Poll_attribute.cms,13305
2026-08-05T16:59:20Z,ce90559f55be4473bb37ff8ca45b830d61c35bb7,6686,size_in_bytes,lib/ocaml/compiler-libs/flambda2_parser.cms,13271
2026-08-05T16:59:20Z,ce90559f55be4473bb37ff8ca45b830d61c35bb7,6686,size_in_bytes,lib/ocaml/compiler-libs/flambda2_parser__Flambda_to_fexpr.cms,131992
2026-08-05T16:59:20Z,ce90559f55be4473bb37ff8ca45b830d61c35bb7,6686,size_in_bytes,lib/ocaml/compiler-libs/flambda2_simplify__Simplify_expr.cms,29121
2026-08-05T16:59:20Z,ce90559f55be4473bb37ff8ca45b830d61c35bb7,6686,size_in_bytes,lib/ocaml/compiler-libs/flambda2_simplify__Upwards_acc.cms,33019
2026-08-05T16:59:20Z,ce90559f55be4473bb37ff8ca45b830d61c35bb7,6686,size_in_bytes,lib/ocaml/compiler-libs/flambda2_types__.cms,16881
2026-08-05T16:59:20Z,ce90559f55be4473bb37ff8ca45b830d61c35bb7,6686,size_in_bytes,lib/ocaml/compiler-libs/flambda2_types__Join_levels.cms,25873
2026-08-05T16:59:20Z,ce90559f55be4473bb37ff8ca45b830d61c35bb7,6686,size_in_bytes,lib/ocaml/compiler-libs/flambda2_reaper__Dot_printer.cms,19657
2026-08-05T16:59:20Z,ce90559f55be4473bb37ff8ca45b830d61c35bb7,6686,size_in_bytes,lib/ocaml/compiler-libs/flambda2_types__Cached_level.cms,32727
2026-08-05T16:59:20Z,ce90559f55be4473bb37ff8ca45b830d61c35bb7,6686,size_in_bytes,lib/ocaml/compiler-libs/flambda2_simplify__One_continuation_use.cms,16140
2026-08-05T16:59:20Z,ce90559f55be4473bb37ff8ca45b830d61c35bb7,6686,size_in_bytes,lib/ocaml/compiler-libs/flambda2_types.cms,42817
2026-08-05T16:59:20Z,ce90559f55be4473bb37ff8ca45b830d61c35bb7,6686,size_in_bytes,lib/ocaml/compiler-libs/flambda2_reaper__Rebuild.cms,339557
2026-08-05T16:59:20Z,ce90559f55be4473bb37ff8ca45b830d61c35bb7,6686,size_in_bytes,lib/ocaml/compiler-libs/flambda2_simplify__Common_subexpression_elimination.cms,65207
2026-08-05T16:59:20Z,ce90559f55be4473bb37ff8ca45b830d61c35bb7,6686,size_in_bytes,lib/ocaml/compiler-libs/flambda2_from_lambda__Closure_conversion_aux.cms,155231
2026-08-05T16:59:20Z,ce90559f55be4473bb37ff8ca45b830d61c35bb7,6686,size_in_bytes,lib/ocaml/compiler-libs/flambda2_simplify__Simplify_ternary_primitive.cms,23196
2026-08-05T16:59:20Z,ce90559f55be4473bb37ff8ca45b830d61c35bb7,6686,size_in_bytes,lib/ocaml/compiler-libs/flambda2_reaper__Unboxing_analysis.cms,101589
2026-08-05T16:59:20Z,ce90559f55be4473bb37ff8ca45b830d61c35bb7,6686,size_in_bytes,lib/ocaml/compiler-libs/flambda2_to_cmm__To_cmm_set_of_closures.cms,106196
2026-08-05T16:59:20Z,ce90559f55be4473bb37ff8ca45b830d61c35bb7,6686,size_in_bytes,lib/ocaml/compiler-libs/flambda2_simplify__Upwards_env.cms,32170
2026-08-05T16:59:20Z,ce90559f55be4473bb37ff8ca45b830d61c35bb7,6686,size_in_bytes,lib/ocaml/compiler-libs/flambda2_terms__Trap_action.cms,23130
2026-08-05T16:59:20Z,ce90559f55be4473bb37ff8ca45b830d61c35bb7,6686,size_in_bytes,lib/ocaml/compiler-libs/flambda2_simplify__Flow_analysis.cms,33356
2026-08-05T16:59:20Z,ce90559f55be4473bb37ff8ca45b830d61c35bb7,6686,size_in_bytes,lib/ocaml/compiler-libs/flambda2_simplify_shared__Slot_offsets.cms,131568
2026-08-05T16:59:20Z,ce90559f55be4473bb37ff8ca45b830d61c35bb7,6686,size_in_bytes,lib/ocaml/compiler-libs/flambda2_datalog__Schedule.cms,79727
2026-08-05T16:59:20Z,ce90559f55be4473bb37ff8ca45b830d61c35bb7,6686,size_in_bytes,lib/ocaml/compiler-libs/flambda2_algorithms.cms,12044
2026-08-05T16:59:20Z,ce90559f55be4473bb37ff8ca45b830d61c35bb7,6686,size_in_bytes,lib/ocaml/compiler-libs/flambda2_nominal__Contains_names.cms,12198
2026-08-05T16:59:20Z,ce90559f55be4473bb37ff8ca45b830d61c35bb7,6686,size_in_bytes,lib/ocaml/compiler-libs/flambda2_floats__Float32.cms,14885
2026-08-05T16:59:20Z,ce90559f55be4473bb37ff8ca45b830d61c35bb7,6686,size_in_bytes,lib/ocaml/compiler-libs/flambda2_algorithms__Container_types.cms,49520
2026-08-05T16:59:20Z,ce90559f55be4473bb37ff8ca45b830d61c35bb7,6686,size_in_bytes,lib/ocaml/compiler-libs/flambda2_types__Set_of_closures_contents.cms,42547
2026-08-05T16:59:20Z,ce90559f55be4473bb37ff8ca45b830d61c35bb7,6686,size_in_bytes,lib/ocaml/compiler-libs/flambda2_simplify__Named_rewrite.cms,15197
2026-08-05T16:59:20Z,ce90559f55be4473bb37ff8ca45b830d61c35bb7,6686,size_in_bytes,lib/ocaml/compiler-libs/flambda2_types__Traversals.cms,205366
2026-08-05T16:59:20Z,ce90559f55be4473bb37ff8ca45b830d61c35bb7,6686,size_in_bytes,lib/ocaml/compiler-libs/flambda2_terms__Mutability.cms,15538
2026-08-05T16:59:20Z,ce90559f55be4473bb37ff8ca45b830d61c35bb7,6686,size_in_bytes,lib/ocaml/compiler-libs/flambda2_identifiers__Coercion0.cms,22219
2026-08-05T16:59:20Z,ce90559f55be4473bb37ff8ca45b830d61c35bb7,6686,size_in_bytes,lib/ocaml/compiler-libs/flambda2_simplify__Reification.cms,41464
2026-08-05T16:59:20Z,ce90559f55be4473bb37ff8ca45b830d61c35bb7,6686,size_in_bytes,lib/ocaml/compiler-libs/flambda2_terms__Probe.cms,12470
2026-08-05T16:59:20Z,ce90559f55be4473bb37ff8ca45b830d61c35bb7,6686,size_in_bytes,lib/ocaml/compiler-libs/flambda2_simplify__Simplify_binary_primitive.cms,158815
2026-08-05T16:59:20Z,ce90559f55be4473bb37ff8ca45b830d61c35bb7,6686,size_in_bytes,lib/ocaml/compiler-libs/flambda2_nominal__Num_occurrences.cms,12710
2026-08-05T16:59:20Z,ce90559f55be4473bb37ff8ca45b830d61c35bb7,6686,size_in_bytes,lib/ocaml/compiler-libs/flambda2_simplify__Unbox_continuation_params.cms,30281
2026-08-05T16:59:20Z,ce90559f55be4473bb37ff8ca45b830d61c35bb7,6686,size_in_bytes,lib/ocaml/compiler-libs/flambda2_nominal__Name_occurrences.cms,137670
2026-08-05T16:59:20Z,ce90559f55be4473bb37ff8ca45b830d61c35bb7,6686,size_in_bytes,lib/ocaml/compiler-libs/flambda2_types__Typing_env_extension.cms,32163
2026-08-05T16:59:20Z,ce90559f55be4473bb37ff8ca45b830d61c35bb7,6686,size_in_bytes,lib/ocaml/compiler-libs/flambda2_numbers__Numeric_types.cms,86768
2026-08-05T16:59:20Z,ce90559f55be4473bb37ff8ca45b830d61c35bb7,6686,size_in_bytes,lib/ocaml/compiler-libs/flambda2_reaper__Types_rewriter.cms,165123
2026-08-05T16:59:20Z,ce90559f55be4473bb37ff8ca45b830d61c35bb7,6686,size_in_bytes,lib/ocaml/compiler-libs/flambda2_nominal__Name_abstraction.cms,20975
2026-08-05T16:59:20Z,ce90559f55be4473bb37ff8ca45b830d61c35bb7,6686,size_in_bytes,lib/ocaml/compiler-libs/flambda2_simplify__Simplify_let_expr.cms,55931
2026-08-05T16:59:20Z,ce90559f55be4473bb37ff8ca45b830d61c35bb7,6686,size_in_bytes,lib/ocaml/compiler-libs/flambda2_simplify__Simplify_extcall.cms,43807
2026-08-05T16:59:20Z,ce90559f55be4473bb37ff8ca45b830d61c35bb7,6686,size_in_bytes,lib/ocaml/compiler-libs/flambda2_simplify__Data_flow_graph.cms,62431
2026-08-05T16:59:20Z,ce90559f55be4473bb37ff8ca45b830d61c35bb7,6686,size_in_bytes,lib/ocaml/compiler-libs/flambda2_bound_identifiers__Bound_static.cms,31903
2026-08-05T16:59:20Z,ce90559f55be4473bb37ff8ca45b830d61c35bb7,6686,size_in_bytes,lib/ocaml/compiler-libs/flambda2_bound_identifiers__Bound_parameter.cms,28988
2026-08-05T16:59:20Z,ce90559f55be4473bb37ff8ca45b830d61c35bb7,6686,size_in_bytes,lib/ocaml/compiler-libs/flambda2_simplify__Rebuilt_static_const.cms,68967
2026-08-05T16:59:20Z,ce90559f55be4473bb37ff8ca45b830d61c35bb7,6686,size_in_bytes,lib/ocaml/compiler-libs/flambda2_types__Expand_head.cms,110413
2026-08-05T16:59:20Z,ce90559f55be4473bb37ff8ca45b830d61c35bb7,6686,size_in_bytes,lib/ocaml/compiler-libs/flambda2_identifiers__Name.cms,18592
2026-08-05T16:59:20Z,ce90559f55be4473bb37ff8ca45b830d61c35bb7,6686,size_in_bytes,lib/ocaml/compiler-libs/flambda2_types__Join_levels_old.cms,43782
2026-08-05T16:59:20Z,ce90559f55be4473bb37ff8ca45b830d61c35bb7,6686,size_in_bytes,lib/ocaml/compiler-libs/flambda2_terms__Result_types.cms,32178
2026-08-05T16:59:20Z,ce90559f55be4473bb37ff8ca45b830d61c35bb7,6686,size_in_bytes,lib/ocaml/compiler-libs/flambda2_reaper__Points_to_analysis.cms,162372
2026-08-05T16:59:20Z,ce90559f55be4473bb37ff8ca45b830d61c35bb7,6686,size_in_bytes,lib/ocaml/compiler-libs/flambda2_terms__Loopify_attribute.cms,14835
2026-08-05T16:59:20Z,ce90559f55be4473bb37ff8ca45b830d61c35bb7,6686,size_in_bytes,lib/ocaml/compiler-libs/flambda2_classic_mode_types__Value_approximation.cms,20068
2026-08-05T16:59:20Z,ce90559f55be4473bb37ff8ca45b830d61c35bb7,6686,size_in_bytes,lib/ocaml/compiler-libs/flambda2_terms__Regalloc_param_attribute.cms,14771
2026-08-05T16:59:20Z,ce90559f55be4473bb37ff8ca45b830d61c35bb7,6686,size_in_bytes,lib/ocaml/compiler-libs/flambda2_terms__Flambda_unit.cms,19230
2026-08-05T16:59:20Z,ce90559f55be4473bb37ff8ca45b830d61c35bb7,6686,size_in_bytes,lib/ocaml/compiler-libs/flambda2_simplify__Simplify_nullary_primitive.cms,21757
2026-08-05T16:59:20Z,ce90559f55be4473bb37ff8ca45b830d61c35bb7,6686,size_in_bytes,lib/ocaml/compiler-libs/flambda2_bound_identifiers__Bound_pattern.cms,33937
2026-08-05T16:59:20Z,ce90559f55be4473bb37ff8ca45b830d61c35bb7,6686,size_in_bytes,lib/ocaml/compiler-libs/flambda2_simplify__Simplify_common.cms,64168
2026-08-05T16:59:20Z,ce90559f55be4473bb37ff8ca45b830d61c35bb7,6686,size_in_bytes,lib/ocaml/compiler-libs/flambda2_cmx__Flambda_cmx_format.cms,43322
2026-08-05T16:59:20Z,ce90559f55be4473bb37ff8ca45b830d61c35bb7,6686,size_in_bytes,lib/ocaml/compiler-libs/flambda2_to_jsir__To_jsir_static_const.cms,47714
2026-08-05T16:59:20Z,ce90559f55be4473bb37ff8ca45b830d61c35bb7,6686,size_in_bytes,lib/ocaml/compiler-libs/flambda2_simplify_shared__Inlining_helpers.cms,26141
2026-08-05T16:59:20Z,ce90559f55be4473bb37ff8ca45b830d61c35bb7,6686,size_in_bytes,lib/ocaml/compiler-libs/flambda2_simplify__Inlining_transforms.cms,29852
2026-08-05T16:59:20Z,ce90559f55be4473bb37ff8ca45b830d61c35bb7,6686,size_in_bytes,lib/ocaml/compiler-libs/flambda2_types__Join_env.cms,271895
2026-08-05T16:59:20Z,ce90559f55be4473bb37ff8ca45b830d61c35bb7,6686,size_in_bytes,lib/ocaml/compiler-libs/flambda2_reaper__Cofield.cms,12969
2026-08-05T16:59:20Z,ce90559f55be4473bb37ff8ca45b830d61c35bb7,6686,size_in_bytes,lib/ocaml/compiler-libs/flambda2_terms__Recursive.cms,12687
2026-08-05T16:59:20Z,ce90559f55be4473bb37ff8ca45b830d61c35bb7,6686,size_in_bytes,lib/ocaml/compiler-libs/flambda2_to_cmm__To_cmm_primitive.cms,290754
2026-08-05T16:59:20Z,ce90559f55be4473bb37ff8ca45b830d61c35bb7,6686,size_in_bytes,lib/ocaml/compiler-libs/flambda2_simplify_shared.cms,12132
2026-08-05T16:59:20Z,ce90559f55be4473bb37ff8ca45b830d61c35bb7,6686,size_in_bytes,lib/ocaml/compiler-libs/flambda2_simplify__Unboxers.cms,34585
2026-08-05T16:59:20Z,ce90559f55be4473bb37ff8ca45b830d61c35bb7,6686,size_in_bytes,lib/ocaml/compiler-libs/flambda2_to_jsir__To_jsir_env.cms,43193
2026-08-05T16:59:20Z,ce90559f55be4473bb37ff8ca45b830d61c35bb7,6686,size_in_bytes,lib/ocaml/compiler-libs/flambda2_simplify__Continuation_uses.cms,32087
2026-08-05T16:59:20Z,ce90559f55be4473bb37ff8ca45b830d61c35bb7,6686,size_in_bytes,lib/ocaml/compiler-libs/flambda2_simplify__One_recursive_handler.cms,14735
2026-08-05T16:59:20Z,ce90559f55be4473bb37ff8ca45b830d61c35bb7,6686,size_in_bytes,lib/ocaml/compiler-libs/flambda2_types__More_type_creators.cms,88286
2026-08-05T16:59:20Z,ce90559f55be4473bb37ff8ca45b830d61c35bb7,6686,size_in_bytes,lib/ocaml/compiler-libs/flambda2_simplify__Non_recursive_handler.cms,19676
2026-08-05T16:59:20Z,ce90559f55be4473bb37ff8ca45b830d61c35bb7,6686,size_in_bytes,lib/ocaml/compiler-libs/flambda2_cmx.cms,10525
2026-08-05T16:59:20Z,ce90559f55be4473bb37ff8ca45b830d61c35bb7,6686,size_in_bytes,lib/ocaml/compiler-libs/flambda2_algorithms__Channel.cms,14246
2026-08-05T16:59:20Z,ce90559f55be4473bb37ff8ca45b830d61c35bb7,6686,size_in_bytes,lib/ocaml/compiler-libs/flambda2_simplify__Simplify_simple.cms,17081
2026-08-05T16:59:20Z,ce90559f55be4473bb37ff8ca45b830d61c35bb7,6686,size_in_bytes,lib/ocaml/compiler-libs/flambda2_types__Type_descr.cms,38042
2026-08-05T16:59:20Z,ce90559f55be4473bb37ff8ca45b830d61c35bb7,6686,size_in_bytes,lib/ocaml/compiler-libs/flambda2_numbers.cms,11447
2026-08-05T16:59:20Z,ce90559f55be4473bb37ff8ca45b830d61c35bb7,6686,size_in_bytes,lib/ocaml/compiler-libs/flambda2_simplify__Simplified_named.cms,21044
2026-08-05T16:59:20Z,ce90559f55be4473bb37ff8ca45b830d61c35bb7,6686,size_in_bytes,lib/ocaml/compiler-libs/flambda2_to_jsir__To_jsir_set_of_closures.cms,20549
2026-08-05T16:59:20Z,ce90559f55be4473bb37ff8ca45b830d61c35bb7,6686,size_in_bytes,lib/ocaml/compiler-libs/flambda2_simplify__Simplify_coercion.cms,12972
2026-08-05T16:59:20Z,ce90559f55be4473bb37ff8ca45b830d61c35bb7,6686,size_in_bytes,lib/ocaml/compiler-libs/flambda2_algorithms__Table_by_int_id.cms,20651
2026-08-05T16:59:20Z,ce90559f55be4473bb37ff8ca45b830d61c35bb7,6686,size_in_bytes,lib/ocaml/compiler-libs/flambda2_numbers__One_bit_fewer.cms,31051
2026-08-05T16:59:20Z,ce90559f55be4473bb37ff8ca45b830d61c35bb7,6686,size_in_bytes,lib/ocaml/compiler-libs/flambda2_simplify__Simplify.cms,21964
2026-08-05T16:59:20Z,ce90559f55be4473bb37ff8ca45b830d61c35bb7,6686,size_in_bytes,lib/ocaml/compiler-libs/flambda2_nominal__Name_mode.cms,33690
2026-08-05T16:59:20Z,ce90559f55be4473bb37ff8ca45b830d61c35bb7,6686,size_in_bytes,lib/ocaml/compiler-libs/flambda2_term_basics__Symbol_projection.cms,27708
2026-08-05T16:59:20Z,ce90559f55be4473bb37ff8ca45b830d61c35bb7,6686,size_in_bytes,lib/ocaml/compiler-libs/flambda2_bound_identifiers__Bound_continuations.cms,17182
2026-08-05T16:59:20Z,ce90559f55be4473bb37ff8ca45b830d61c35bb7,6686,size_in_bytes,lib/ocaml/compiler-libs/flambda2_simplify__Optimistic_unboxing_decision.cms,37971
2026-08-05T16:59:20Z,ce90559f55be4473bb37ff8ca45b830d61c35bb7,6686,size_in_bytes,lib/ocaml/compiler-libs/flambda2_reaper__Datalog_helpers.cms,55520
2026-08-05T16:59:20Z,ce90559f55be4473bb37ff8ca45b830d61c35bb7,6686,size_in_bytes,lib/ocaml/compiler-libs/flambda2_simplify__Is_unboxing_beneficial.cms,21250
2026-08-05T16:59:20Z,ce90559f55be4473bb37ff8ca45b830d61c35bb7,6686,size_in_bytes,lib/ocaml/compiler-libs/flambda2_algorithms__Patricia_tree.cms,265169
2026-08-05T16:59:20Z,ce90559f55be4473bb37ff8ca45b830d61c35bb7,6686,size_in_bytes,lib/ocaml/compiler-libs/flambda2_kinds__Tag.cms,35659
2026-08-05T16:59:20Z,ce90559f55be4473bb37ff8ca45b830d61c35bb7,6686,size_in_bytes,lib/ocaml/compiler-libs/flambda2_simplify__Unboxing_types.cms,40047
2026-08-05T16:59:20Z,ce90559f55be4473bb37ff8ca45b830d61c35bb7,6686,size_in_bytes,lib/ocaml/compiler-libs/flambda2_algorithms__Container_types_intf.cms,39130
2026-08-05T16:59:20Z,ce90559f55be4473bb37ff8ca45b830d61c35bb7,6686,size_in_bytes,lib/ocaml/compiler-libs/flambda2_from_lambda__Lambda_to_flambda_primitives.cms,517279
2026-08-05T16:59:20Z,ce90559f55be4473bb37ff8ca45b830d61c35bb7,6686,size_in_bytes,lib/ocaml/compiler-libs/flambda2_types__Meet_env.cms,67990
2026-08-05T16:59:20Z,ce90559f55be4473bb37ff8ca45b830d61c35bb7,6686,size_in_bytes,lib/ocaml/compiler-libs/flambda2_simplify_shared__Inlining_report.cms,93797
2026-08-05T16:59:20Z,ce90559f55be4473bb37ff8ca45b830d61c35bb7,6686,size_in_bytes,lib/ocaml/compiler-libs/flambda2_to_jsir.cms,11789
2026-08-05T16:59:20Z,ce90559f55be4473bb37ff8ca45b830d61c35bb7,6686,size_in_bytes,lib/ocaml/compiler-libs/flambda2_simplify__Simplify_let_cont_expr.cms,223114
2026-08-05T16:59:20Z,ce90559f55be4473bb37ff8ca45b830d61c35bb7,6686,size_in_bytes,lib/ocaml/compiler-libs/flambda2_to_cmm.cms,12286
2026-08-05T16:59:20Z,ce90559f55be4473bb37ff8ca45b830d61c35bb7,6686,size_in_bytes,lib/ocaml/compiler-libs/flambda2_identifiers__Slot.cms,29831
2026-08-05T16:59:20Z,ce90559f55be4473bb37ff8ca45b830d61c35bb7,6686,size_in_bytes,lib/ocaml/compiler-libs/flambda2_parser__Fexpr.cms,48292
2026-08-05T16:59:20Z,ce90559f55be4473bb37ff8ca45b830d61c35bb7,6686,size_in_bytes,lib/ocaml/compiler-libs/flambda2_from_lambda.cms,12144
2026-08-05T16:59:20Z,ce90559f55be4473bb37ff8ca45b830d61c35bb7,6686,size_in_bytes,lib/ocaml/compiler-libs/flambda2_simplify__Continuation_in_env.cms,21785
2026-08-05T16:59:20Z,ce90559f55be4473bb37ff8ca45b830d61c35bb7,6686,size_in_bytes,lib/ocaml/compiler-libs/flambda2_terms__Switch_expr.cms,25839
2026-08-05T16:59:20Z,ce90559f55be4473bb37ff8ca45b830d61c35bb7,6686,size_in_bytes,lib/ocaml/compiler-libs/flambda2_simplify__Lifted_constant.cms,49357
2026-08-05T16:59:20Z,ce90559f55be4473bb37ff8ca45b830d61c35bb7,6686,size_in_bytes,lib/ocaml/compiler-libs/flambda2_identifiers__Named_rewrite_id.cms,18029
2026-08-05T16:59:20Z,ce90559f55be4473bb37ff8ca45b830d61c35bb7,6686,size_in_bytes,lib/ocaml/compiler-libs/flambda2_nominal__Ids_for_export.cms,24553
2026-08-05T16:59:20Z,ce90559f55be4473bb37ff8ca45b830d61c35bb7,6686,size_in_bytes,lib/ocaml/compiler-libs/flambda2_terms__Effects.cms,16916
2026-08-05T16:59:20Z,ce90559f55be4473bb37ff8ca45b830d61c35bb7,6686,size_in_bytes,lib/ocaml/compiler-libs/flambda2_simplify__Flow.cms,12534
2026-08-05T16:59:20Z,ce90559f55be4473bb37ff8ca45b830d61c35bb7,6686,size_in_bytes,lib/ocaml/compiler-libs/flambda2_terms__Inlining_state.cms,18026
2026-08-05T16:59:20Z,ce90559f55be4473bb37ff8ca45b830d61c35bb7,6686,size_in_bytes,lib/ocaml/compiler-libs/flambda2_simplify__Continuation_extra_params_and_args.cms,33413
2026-08-05T16:59:20Z,ce90559f55be4473bb37ff8ca45b830d61c35bb7,6686,size_in_bytes,lib/ocaml/compiler-libs/flambda2_terms.cms,21841
2026-08-05T16:59:20Z,ce90559f55be4473bb37ff8ca45b830d61c35bb7,6686,size_in_bytes,lib/ocaml/compiler-libs/flambda2.cms,47907
2026-08-05T16:59:20Z,ce90559f55be4473bb37ff8ca45b830d61c35bb7,6686,size_in_bytes,lib/ocaml/compiler-libs/flambda2_reaper__Rebuilt_expr.cms,23113
2026-08-05T16:59:20Z,ce90559f55be4473bb37ff8ca45b830d61c35bb7,6686,size_in_bytes,lib/ocaml/compiler-libs/flambda2_bound_identifiers__Bound_name.cms,15432
2026-08-05T16:59:20Z,ce90559f55be4473bb37ff8ca45b830d61c35bb7,6686,size_in_bytes,lib/ocaml/compiler-libs/flambda2_bound_identifiers__Bound_for_function.cms,35903
2026-08-05T16:59:20Z,ce90559f55be4473bb37ff8ca45b830d61c35bb7,6686,size_in_bytes,lib/ocaml/compiler-libs/flambda2_reaper__Global_flow_graph.cms,38763
2026-08-05T16:59:20Z,ce90559f55be4473bb37ff8ca45b830d61c35bb7,6686,size_in_bytes,lib/ocaml/compiler-libs/flambda2_kinds.cms,10491
2026-08-05T16:59:20Z,ce90559f55be4473bb37ff8ca45b830d61c35bb7,6686,size_in_bytes,lib/ocaml/compiler-libs/flambda2_ui__Flambda_features.cms,53012
2026-08-05T16:59:20Z,ce90559f55be4473bb37ff8ca45b830d61c35bb7,6686,size_in_bytes,lib/ocaml/compiler-libs/flambda2_terms__Validity.cms,14044
2026-08-05T16:59:20Z,ce90559f55be4473bb37ff8ca45b830d61c35bb7,6686,size_in_bytes,lib/ocaml/compiler-libs/flambda2_lattices.cms,10573
2026-08-05T16:59:20Z,ce90559f55be4473bb37ff8ca45b830d61c35bb7,6686,size_in_bytes,lib/ocaml/compiler-libs/flambda2_term_basics__Continuation_use_kind.cms,11632
2026-08-05T16:59:20Z,ce90559f55be4473bb37ff8ca45b830d61c35bb7,6686,size_in_bytes,lib/ocaml/compiler-libs/flambda2_compare.cms,9957
2026-08-05T16:59:20Z,ce90559f55be4473bb37ff8ca45b830d61c35bb7,6686,size_in_bytes,lib/ocaml/compiler-libs/flambda2_simplify__Loopify_state.cms,13291
2026-08-05T16:59:20Z,ce90559f55be4473bb37ff8ca45b830d61c35bb7,6686,size_in_bytes,lib/ocaml/compiler-libs/flambda2_datalog__Value.cms,13869
2026-08-05T16:59:20Z,ce90559f55be4473bb37ff8ca45b830d61c35bb7,6686,size_in_bytes,lib/ocaml/compiler-libs/flambda2_parser__Flambda_to_fexpr_commons.cms,54525
2026-08-05T16:59:20Z,ce90559f55be4473bb37ff8ca45b830d61c35bb7,6686,size_in_bytes,lib/ocaml/compiler-libs/flambda2_simplify__Unboxing_epa.cms,76988
2026-08-05T16:59:20Z,ce90559f55be4473bb37ff8ca45b830d61c35bb7,6686,size_in_bytes,lib/ocaml/compiler-libs/flambda2_simplify__Simplify_switch_expr.cms,134039
2026-08-05T16:59:20Z,ce90559f55be4473bb37ff8ca45b830d61c35bb7,6686,size_in_bytes,lib/ocaml/compiler-libs/flambda2_bound_identifiers__Bound_parameters.cms,23699
2026-08-05T16:59:20Z,ce90559f55be4473bb37ff8ca45b830d61c35bb7,6686,size_in_bytes,lib/ocaml/compiler-libs/flambda2_algorithms__Or_null.cms,14247
2026-08-05T16:59:20Z,ce90559f55be4473bb37ff8ca45b830d61c35bb7,6686,size_in_bytes,lib/ocaml/compiler-libs/flambda2_parser__Print_fexpr.cms,148882
2026-08-05T16:59:20Z,ce90559f55be4473bb37ff8ca45b830d61c35bb7,6686,size_in_bytes,lib/ocaml/compiler-libs/flambda2_classic_mode_types.cms,10073
2026-08-05T16:59:20Z,ce90559f55be4473bb37ff8ca45b830d61c35bb7,6686,size_in_bytes,lib/ocaml/compiler-libs/flambda2_types__Typing_env.cms,170612
2026-08-05T16:59:20Z,ce90559f55be4473bb37ff8ca45b830d61c35bb7,6686,size_in_bytes,lib/ocaml/compiler-libs/flambda2_simplify__Downwards_acc.cms,54431
2026-08-05T16:59:20Z,ce90559f55be4473bb37ff8ca45b830d61c35bb7,6686,size_in_bytes,lib/ocaml/compiler-libs/flambda2_parser__Flambda_lex.cms,40399
2026-08-05T16:59:20Z,ce90559f55be4473bb37ff8ca45b830d61c35bb7,6686,size_in_bytes,lib/ocaml/compiler-libs/flambda2_simplify_shared__Call_site_inlining_decision_type.cms,49400
2026-08-05T16:59:20Z,ce90559f55be4473bb37ff8ca45b830d61c35bb7,6686,size_in_bytes,lib/ocaml/compiler-libs/flambda2_to_jsir__To_jsir_primitive.cms,93701
2026-08-05T16:59:20Z,ce90559f55be4473bb37ff8ca45b830d61c35bb7,6686,size_in_bytes,lib/ocaml/compiler-libs/flambda2_to_jsir__To_jsir_result.cms,32888
2026-08-05T16:59:20Z,ce90559f55be4473bb37ff8ca45b830d61c35bb7,6686,size_in_bytes,lib/ocaml/compiler-libs/flambda2_simplify__Non_constructed_code.cms,14504
2026-08-05T16:59:20Z,ce90559f55be4473bb37ff8ca45b830d61c35bb7,6686,size_in_bytes,lib/ocaml/compiler-libs/flambda2_terms__Code_size.cms,73742
2026-08-05T16:59:20Z,ce90559f55be4473bb37ff8ca45b830d61c35bb7,6686,size_in_bytes,lib/ocaml/compiler-libs/flambda2_terms__Static_const.cms,136155
2026-08-05T16:59:20Z,ce90559f55be4473bb37ff8ca45b830d61c35bb7,6686,size_in_bytes,lib/ocaml/compiler-libs/flambda2_ui__Flambda_colours.cms,20491
2026-08-05T16:59:20Z,ce90559f55be4473bb37ff8ca45b830d61c35bb7,6686,size_in_bytes,lib/ocaml/compiler-libs/flambda2_reaper__Traverse.cms,130459
2026-08-05T16:59:20Z,ce90559f55be4473bb37ff8ca45b830d61c35bb7,6686,size_in_bytes,lib/ocaml/compiler-libs/flambda2_simplify_shared__Function_decl_inlining_decision.cms,18679
2026-08-05T16:59:20Z,ce90559f55be4473bb37ff8ca45b830d61c35bb7,6686,size_in_bytes,lib/ocaml/compiler-libs/flambda2_terms__Placement.cms,13139
2026-08-05T16:59:20Z,ce90559f55be4473bb37ff8ca45b830d61c35bb7,6686,size_in_bytes,lib/ocaml/compiler-libs/flambda2_identifiers__Code_id_or_symbol.cms,11618
2026-08-05T16:59:20Z,ce90559f55be4473bb37ff8ca45b830d61c35bb7,6686,size_in_bytes,lib/ocaml/compiler-libs/flambda2_simplify__Flow_acc.cms,76532
2026-08-05T16:59:20Z,ce90559f55be4473bb37ff8ca45b830d61c35bb7,6686,size_in_bytes,lib/ocaml/compiler-libs/flambda2_simplify__Simplify_primitive_result.cms,17198
2026-08-05T16:59:20Z,ce90559f55be4473bb37ff8ca45b830d61c35bb7,6686,size_in_bytes,lib/ocaml/compiler-libs/flambda2_reaper.cms,14210
2026-08-05T16:59:20Z,ce90559f55be4473bb37ff8ca45b830d61c35bb7,6686,size_in_bytes,lib/ocaml/compiler-libs/flambda2_simplify__Simplify_unary_primitive.cms,146452
2026-08-05T16:59:20Z,ce90559f55be4473bb37ff8ca45b830d61c35bb7,6686,size_in_bytes,lib/ocaml/compiler-libs/flambda2_to_jsir__To_jsir.cms,97388
2026-08-05T16:59:20Z,ce90559f55be4473bb37ff8ca45b830d61c35bb7,6686,size_in_bytes,lib/ocaml/compiler-libs/flambda2_simplify__Lifted_cont_params.cms,20923
2026-08-05T16:59:20Z,ce90559f55be4473bb37ff8ca45b830d61c35bb7,6686,size_in_bytes,lib/ocaml/compiler-libs/flambda2_types__Binding_time.cms,24150
2026-08-05T16:59:20Z,ce90559f55be4473bb37ff8ca45b830d61c35bb7,6686,size_in_bytes,lib/ocaml/compiler-libs/flambda2_simplify__Control_flow_graph.cms,65622
2026-08-05T16:59:20Z,ce90559f55be4473bb37ff8ca45b830d61c35bb7,6686,size_in_bytes,lib/ocaml/compiler-libs/flambda2_simplify__Simplify_import.cms,19207
2026-08-05T16:59:20Z,ce90559f55be4473bb37ff8ca45b830d61c35bb7,6686,size_in_bytes,lib/ocaml/compiler-libs/flambda2_terms__Code_metadata.cms,83421
2026-08-05T16:59:20Z,ce90559f55be4473bb37ff8ca45b830d61c35bb7,6686,size_in_bytes,lib/ocaml/compiler-libs/flambda2_simplify__Original_handlers.cms,21879
2026-08-05T16:59:20Z,ce90559f55be4473bb37ff8ca45b830d61c35bb7,6686,size_in_bytes,lib/ocaml/compiler-libs/flambda2_algorithms__Lmap.cms,27616
2026-08-05T16:59:20Z,ce90559f55be4473bb37ff8ca45b830d61c35bb7,6686,size_in_bytes,lib/ocaml/compiler-libs/flambda2_term_basics__Simple.cms,52922
2026-08-05T16:59:20Z,ce90559f55be4473bb37ff8ca45b830d61c35bb7,6686,size_in_bytes,lib/ocaml/compiler-libs/flambda2_identifiers__Continuation_callsite_map.cms,14184
2026-08-05T16:59:20Z,ce90559f55be4473bb37ff8ca45b830d61c35bb7,6686,size_in_bytes,lib/ocaml/compiler-libs/flambda2_simplify__Join_points.cms,50149
2026-08-05T16:59:20Z,ce90559f55be4473bb37ff8ca45b830d61c35bb7,6686,size_in_bytes,lib/ocaml/compiler-libs/flambda2_datalog__.cms,12678
2026-08-05T16:59:20Z,ce90559f55be4473bb37ff8ca45b830d61c35bb7,6686,size_in_bytes,lib/ocaml/stdlib_beta/stdlib_beta.cms,11111
2026-08-05T16:59:20Z,ce90559f55be4473bb37ff8ca45b830d61c35bb7,6686,size_in_bytes,lib/ocaml/stdlib_upstream_compatible/stdlib_upstream_compatible__Float_u.cms,35756
2026-08-05T16:59:20Z,ce90559f55be4473bb37ff8ca45b830d61c35bb7,6686,size_in_bytes,lib/ocaml/stdlib_upstream_compatible/stdlib_upstream_compatible__.cms,11171
2026-08-05T16:59:20Z,ce90559f55be4473bb37ff8ca45b830d61c35bb7,6686,size_in_bytes,lib/ocaml/stdlib_upstream_compatible/stdlib_upstream_compatible__Int32_u.cms,23461
2026-08-05T16:59:20Z,ce90559f55be4473bb37ff8ca45b830d61c35bb7,6686,size_in_bytes,lib/ocaml/stdlib_upstream_compatible/stdlib_upstream_compatible__Int64_u.cms,26946
2026-08-05T16:59:20Z,ce90559f55be4473bb37ff8ca45b830d61c35bb7,6686,size_in_bytes,lib/ocaml/stdlib_upstream_compatible/stdlib_upstream_compatible.cms,8251
2026-08-05T16:59:20Z,ce90559f55be4473bb37ff8ca45b830d61c35bb7,6686,size_in_bytes,lib/ocaml/stdlib_upstream_compatible/stdlib_upstream_compatible__Nativeint_u.cms,25122
2026-08-05T16:59:20Z,ce90559f55be4473bb37ff8ca45b830d61c35bb7,6686,size_in_bytes,lib/ocaml/stdlib_alpha/stdlib_alpha.cms,11114
2026-08-05T16:59:20Z,ce90559f55be4473bb37ff8ca45b830d61c35bb7,6686,size_in_bytes,lib/ocaml/stdlib__Atomic.cmsi,24339
2026-08-05T16:59:20Z,ce90559f55be4473bb37ff8ca45b830d61c35bb7,6686,size_in_bytes,lib/ocaml/camlinternalQuote.cmsi,57705
2026-08-05T16:59:20Z,ce90559f55be4473bb37ff8ca45b830d61c35bb7,6686,size_in_bytes,lib/ocaml/stdlib__Option.cmsi,16281
2026-08-05T16:59:20Z,ce90559f55be4473bb37ff8ca45b830d61c35bb7,6686,size_in_bytes,lib/ocaml/stdlib__Condition.cmsi,20609
2026-08-05T16:59:20Z,ce90559f55be4473bb37ff8ca45b830d61c35bb7,6686,size_in_bytes,lib/ocaml/stdlib__Seq.cmsi,66185
2026-08-05T16:59:20Z,ce90559f55be4473bb37ff8ca45b830d61c35bb7,6686,size_in_bytes,lib/ocaml/stdlib__Unit.cmsi,12512
2026-08-05T16:59:20Z,ce90559f55be4473bb37ff8ca45b830d61c35bb7,6686,size_in_bytes,lib/ocaml/stdlib__StdLabels.cmsi,12203
2026-08-05T16:59:20Z,ce90559f55be4473bb37ff8ca45b830d61c35bb7,6686,size_in_bytes,lib/ocaml/camlinternalOO.cmsi,20330
2026-08-05T16:59:20Z,ce90559f55be4473bb37ff8ca45b830d61c35bb7,6686,size_in_bytes,lib/ocaml/stdlib__Int64.cmsi,29553
2026-08-05T16:59:20Z,ce90559f55be4473bb37ff8ca45b830d61c35bb7,6686,size_in_bytes,lib/ocaml/stdlib.cmsi,138310
2026-08-05T16:59:20Z,ce90559f55be4473bb37ff8ca45b830d61c35bb7,6686,size_in_bytes,lib/ocaml/stdlib__ListLabels.cmsi,45753
2026-08-05T16:59:20Z,ce90559f55be4473bb37ff8ca45b830d61c35bb7,6686,size_in_bytes,lib/ocaml/stdlib__Complex.cmsi,16984
2026-08-05T16:59:20Z,ce90559f55be4473bb37ff8ca45b830d61c35bb7,6686,size_in_bytes,lib/ocaml/stdlib__Either.cmsi,19647
2026-08-05T16:59:20Z,ce90559f55be4473bb37ff8ca45b830d61c35bb7,6686,size_in_bytes,lib/ocaml/camlinternalLazy.cmsi,11712
2026-08-05T16:59:20Z,ce90559f55be4473bb37ff8ca45b830d61c35bb7,6686,size_in_bytes,lib/ocaml/stdlib__Filename.cmsi,30157
2026-08-05T16:59:20Z,ce90559f55be4473bb37ff8ca45b830d61c35bb7,6686,size_in_bytes,lib/ocaml/stdlib__Type.cmsi,16718
2026-08-05T16:59:20Z,ce90559f55be4473bb37ff8ca45b830d61c35bb7,6686,size_in_bytes,lib/ocaml/stdlib__Fun.cmsi,21427
2026-08-05T16:59:20Z,ce90559f55be4473bb37ff8ca45b830d61c35bb7,6686,size_in_bytes,lib/ocaml/stdlib__Queue.cmsi,21401
2026-08-05T16:59:20Z,ce90559f55be4473bb37ff8ca45b830d61c35bb7,6686,size_in_bytes,lib/ocaml/stdlib__Int32.cmsi,27797
2026-08-05T16:59:20Z,ce90559f55be4473bb37ff8ca45b830d61c35bb7,6686,size_in_bytes,lib/ocaml/stdlib__Bigarray.cmsi,112322
2026-08-05T16:59:20Z,ce90559f55be4473bb37ff8ca45b830d61c35bb7,6686,size_in_bytes,lib/ocaml/camlinternalFormat.cmsi,17651
2026-08-05T16:59:20Z,ce90559f55be4473bb37ff8ca45b830d61c35bb7,6686,size_in_bytes,lib/ocaml/stdlib__Uchar.cmsi,23117
2026-08-05T16:59:20Z,ce90559f55be4473bb37ff8ca45b830d61c35bb7,6686,size_in_bytes,lib/ocaml/stdlib__Weak.cmsi,26979
2026-08-05T16:59:20Z,ce90559f55be4473bb37ff8ca45b830d61c35bb7,6686,size_in_bytes,lib/ocaml/stdlib__Out_channel.cmsi,28434
2026-08-05T16:59:20Z,ce90559f55be4473bb37ff8ca45b830d61c35bb7,6686,size_in_bytes,lib/ocaml/stdlib__Repr.cmsi,16443
2026-08-05T16:59:20Z,ce90559f55be4473bb37ff8ca45b830d61c35bb7,6686,size_in_bytes,lib/ocaml/stdlib__ArrayLabels.cmsi,42966
2026-08-05T16:59:20Z,ce90559f55be4473bb37ff8ca45b830d61c35bb7,6686,size_in_bytes,lib/ocaml/stdlib__Quote.cmsi,12808
2026-08-05T16:59:20Z,ce90559f55be4473bb37ff8ca45b830d61c35bb7,6686,size_in_bytes,lib/ocaml/camlinternalComprehension.cmsi,14477
2026-08-05T16:59:20Z,ce90559f55be4473bb37ff8ca45b830d61c35bb7,6686,size_in_bytes,lib/ocaml/stdlib__Int.cmsi,21054
2026-08-05T16:59:20Z,ce90559f55be4473bb37ff8ca45b830d61c35bb7,6686,size_in_bytes,lib/ocaml/stdlib__Pair.cmsi,14199
2026-08-05T16:59:20Z,ce90559f55be4473bb37ff8ca45b830d61c35bb7,6686,size_in_bytes,lib/ocaml/stdlib__Set.cmsi,38552
2026-08-05T16:59:20Z,ce90559f55be4473bb37ff8ca45b830d61c35bb7,6686,size_in_bytes,lib/ocaml/stdlib__Mutex.cmsi,16010
2026-08-05T16:59:20Z,ce90559f55be4473bb37ff8ca45b830d61c35bb7,6686,size_in_bytes,lib/ocaml/camlinternalAtomic.cmsi,10523
2026-08-05T16:59:20Z,ce90559f55be4473bb37ff8ca45b830d61c35bb7,6686,size_in_bytes,lib/ocaml/stdlib__Iarray.cmsi,32807
2026-08-05T16:59:20Z,ce90559f55be4473bb37ff8ca45b830d61c35bb7,6686,size_in_bytes,lib/ocaml/stdlib__MoreLabels.cmsi,129112
2026-08-05T16:59:20Z,ce90559f55be4473bb37ff8ca45b830d61c35bb7,6686,size_in_bytes,lib/ocaml/stdlib__Bytes.cmsi,69027
2026-08-05T16:59:20Z,ce90559f55be4473bb37ff8ca45b830d61c35bb7,6686,size_in_bytes,lib/ocaml/stdlib__Stack.cmsi,17826
2026-08-05T16:59:20Z,ce90559f55be4473bb37ff8ca45b830d61c35bb7,6686,size_in_bytes,lib/ocaml/stdlib__Map.cmsi,43584
2026-08-05T16:59:20Z,ce90559f55be4473bb37ff8ca45b830d61c35bb7,6686,size_in_bytes,lib/ocaml/stdlib__Result.cmsi,21469
2026-08-05T16:59:20Z,ce90559f55be4473bb37ff8ca45b830d61c35bb7,6686,size_in_bytes,lib/ocaml/stdlib__Effect.cmsi,43498
2026-08-05T16:59:20Z,ce90559f55be4473bb37ff8ca45b830d61c35bb7,6686,size_in_bytes,lib/ocaml/stdlib__In_channel.cmsi,31303
2026-08-05T16:59:20Z,ce90559f55be4473bb37ff8ca45b830d61c35bb7,6686,size_in_bytes,lib/ocaml/stdlib__Obj.cmsi,23436
2026-08-05T16:59:20Z,ce90559f55be4473bb37ff8ca45b830d61c35bb7,6686,size_in_bytes,lib/ocaml/stdlib__Char.cmsi,25464
2026-08-05T16:59:20Z,ce90559f55be4473bb37ff8ca45b830d61c35bb7,6686,size_in_bytes,lib/ocaml/stdlib__Pqueue.cmsi,33220
2026-08-05T16:59:20Z,ce90559f55be4473bb37ff8ca45b830d61c35bb7,6686,size_in_bytes,lib/ocaml/camlinternalFormatBasics.cmsi,29041
2026-08-05T16:59:20Z,ce90559f55be4473bb37ff8ca45b830d61c35bb7,6686,size_in_bytes,lib/ocaml/stdlib__List.cmsi,45677
2026-08-05T16:59:20Z,ce90559f55be4473bb37ff8ca45b830d61c35bb7,6686,size_in_bytes,lib/ocaml/stdlib__Digest.cmsi,24865
2026-08-05T16:59:20Z,ce90559f55be4473bb37ff8ca45b830d61c35bb7,6686,size_in_bytes,lib/ocaml/stdlib__Backoff.cmsi,14679
2026-08-05T16:59:20Z,ce90559f55be4473bb37ff8ca45b830d61c35bb7,6686,size_in_bytes,lib/ocaml/stdlib__Buffer.cmsi,33701
2026-08-05T16:59:20Z,ce90559f55be4473bb37ff8ca45b830d61c35bb7,6686,size_in_bytes,lib/ocaml/stdlib__Arg.cmsi,34083
2026-08-05T16:59:20Z,ce90559f55be4473bb37ff8ca45b830d61c35bb7,6686,size_in_bytes,lib/ocaml/stdlib__Semaphore.cmsi,18755
2026-08-05T16:59:20Z,ce90559f55be4473bb37ff8ca45b830d61c35bb7,6686,size_in_bytes,lib/ocaml/stdlib__Parsing.cmsi,18346
2026-08-05T16:59:20Z,ce90559f55be4473bb37ff8ca45b830d61c35bb7,6686,size_in_bytes,lib/ocaml/stdlib__Float.cmsi,112133
2026-08-05T16:59:20Z,ce90559f55be4473bb37ff8ca45b830d61c35bb7,6686,size_in_bytes,lib/ocaml/stdlib__Gc.cmsi,75817
2026-08-05T16:59:20Z,ce90559f55be4473bb37ff8ca45b830d61c35bb7,6686,size_in_bytes,lib/ocaml/stdlib__Scanf.cmsi,47283
2026-08-05T16:59:20Z,ce90559f55be4473bb37ff8ca45b830d61c35bb7,6686,size_in_bytes,lib/ocaml/stdlib__StringLabels.cmsi,46804
2026-08-05T16:59:20Z,ce90559f55be4473bb37ff8ca45b830d61c35bb7,6686,size_in_bytes,lib/ocaml/stdlib__Marshal.cmsi,26792
2026-08-05T16:59:20Z,ce90559f55be4473bb37ff8ca45b830d61c35bb7,6686,size_in_bytes,lib/ocaml/stdlib__BytesLabels.cmsi,69089
2026-08-05T16:59:20Z,ce90559f55be4473bb37ff8ca45b830d61c35bb7,6686,size_in_bytes,lib/ocaml/stdlib__Lexing.cmsi,26751
2026-08-05T16:59:20Z,ce90559f55be4473bb37ff8ca45b830d61c35bb7,6686,size_in_bytes,lib/ocaml/stdlib__Random.cmsi,31879
2026-08-05T16:59:20Z,ce90559f55be4473bb37ff8ca45b830d61c35bb7,6686,size_in_bytes,lib/ocaml/stdlib__Nativeint.cmsi,28102
2026-08-05T16:59:20Z,ce90559f55be4473bb37ff8ca45b830d61c35bb7,6686,size_in_bytes,lib/ocaml/stdlib__Printexc.cmsi,42955
2026-08-05T16:59:20Z,ce90559f55be4473bb37ff8ca45b830d61c35bb7,6686,size_in_bytes,lib/ocaml/stdlib__Lazy.cmsi,21204
2026-08-05T16:59:20Z,ce90559f55be4473bb37ff8ca45b830d61c35bb7,6686,size_in_bytes,lib/ocaml/stdlib__Bool.cmsi,16552
2026-08-05T16:59:20Z,ce90559f55be4473bb37ff8ca45b830d61c35bb7,6686,size_in_bytes,lib/ocaml/stdlib__Sys.cmsi,54922
2026-08-05T16:59:20Z,ce90559f55be4473bb37ff8ca45b830d61c35bb7,6686,size_in_bytes,lib/ocaml/stdlib__Domain.cmsi,35130
2026-08-05T16:59:20Z,ce90559f55be4473bb37ff8ca45b830d61c35bb7,6686,size_in_bytes,lib/ocaml/stdlib__Format.cmsi,128479
2026-08-05T16:59:20Z,ce90559f55be4473bb37ff8ca45b830d61c35bb7,6686,size_in_bytes,lib/ocaml/stdlib__Hashtbl.cmsi,60195
2026-08-05T16:59:20Z,ce90559f55be4473bb37ff8ca45b830d61c35bb7,6686,size_in_bytes,lib/ocaml/stdlib__Printf.cmsi,29132
2026-08-05T16:59:20Z,ce90559f55be4473bb37ff8ca45b830d61c35bb7,6686,size_in_bytes,lib/ocaml/stdlib__Ephemeron.cmsi,40157
2026-08-05T16:59:20Z,ce90559f55be4473bb37ff8ca45b830d61c35bb7,6686,size_in_bytes,lib/ocaml/stdlib__String.cmsi,46771
2026-08-05T16:59:20Z,ce90559f55be4473bb37ff8ca45b830d61c35bb7,6686,size_in_bytes,lib/ocaml/stdlib__Oo.cmsi,13605
2026-08-05T16:59:20Z,ce90559f55be4473bb37ff8ca45b830d61c35bb7,6686,size_in_bytes,lib/ocaml/std_exit.cmsi,11468
2026-08-05T16:59:20Z,ce90559f55be4473bb37ff8ca45b830d61c35bb7,6686,size_in_bytes,lib/ocaml/stdlib__Array.cmsi,42857
2026-08-05T16:59:20Z,ce90559f55be4473bb37ff8ca45b830d61c35bb7,6686,size_in_bytes,lib/ocaml/stdlib__Callback.cmsi,14557
2026-08-05T16:59:20Z,ce90559f55be4473bb37ff8ca45b830d61c35bb7,6686,size_in_bytes,lib/ocaml/stdlib__Modes.cmsi,14029
2026-08-05T16:59:20Z,ce90559f55be4473bb37ff8ca45b830d61c35bb7,6686,size_in_bytes,lib/ocaml/stdlib__Dynarray.cmsi,58010
2026-08-05T16:59:20Z,ce90559f55be4473bb37ff8ca45b830d61c35bb7,6686,size_in_bytes,lib/ocaml/camlinternalMod.cmsi,12272
2026-08-05T16:59:20Z,ce90559f55be4473bb37ff8ca45b830d61c35bb7,6686,size_in_bytes,lib/ocaml/stdlib_stable/stdlib_stable__Float32_u.cmsi,63085
2026-08-05T16:59:20Z,ce90559f55be4473bb37ff8ca45b830d61c35bb7,6686,size_in_bytes,lib/ocaml/stdlib_stable/stdlib_stable__IarrayLabels.cmsi,45454
2026-08-05T16:59:20Z,ce90559f55be4473bb37ff8ca45b830d61c35bb7,6686,size_in_bytes,lib/ocaml/stdlib_stable/stdlib_stable__Float32.cmsi,75909
2026-08-05T16:59:20Z,ce90559f55be4473bb37ff8ca45b830d61c35bb7,6686,size_in_bytes,lib/ocaml/stdlib_stable/stdlib_stable__Or_null.cmsi,17482
2026-08-05T16:59:20Z,ce90559f55be4473bb37ff8ca45b830d61c35bb7,6686,size_in_bytes,lib/ocaml/stdlib_stable/stdlib_stable__Idx_imm.cmsi,12978
2026-08-05T16:59:20Z,ce90559f55be4473bb37ff8ca45b830d61c35bb7,6686,size_in_bytes,lib/ocaml/stdlib_stable/stdlib_stable__Int8_u.cmsi,23503
2026-08-05T16:59:20Z,ce90559f55be4473bb37ff8ca45b830d61c35bb7,6686,size_in_bytes,lib/ocaml/stdlib_stable/stdlib_stable__Iarray.cmsi,30308
2026-08-05T16:59:20Z,ce90559f55be4473bb37ff8ca45b830d61c35bb7,6686,size_in_bytes,lib/ocaml/stdlib_stable/stdlib_stable__Idx_mut.cmsi,13606
2026-08-05T16:59:20Z,ce90559f55be4473bb37ff8ca45b830d61c35bb7,6686,size_in_bytes,lib/ocaml/stdlib_stable/stdlib_stable__Int16_u.cmsi,23540
2026-08-05T16:59:20Z,ce90559f55be4473bb37ff8ca45b830d61c35bb7,6686,size_in_bytes,lib/ocaml/stdlib_stable/stdlib_stable.cmsi,10933
2026-08-05T16:59:20Z,ce90559f55be4473bb37ff8ca45b830d61c35bb7,6686,size_in_bytes,lib/ocaml/stdlib_stable/stdlib_stable__Char_u.cmsi,14560
2026-08-05T16:59:20Z,ce90559f55be4473bb37ff8ca45b830d61c35bb7,6686,size_in_bytes,lib/ocaml/stdlib_stable/stdlib_stable__Int8.cmsi,23082
2026-08-05T16:59:20Z,ce90559f55be4473bb37ff8ca45b830d61c35bb7,6686,size_in_bytes,lib/ocaml/stdlib_stable/stdlib_stable__Int_u.cmsi,23167
2026-08-05T16:59:20Z,ce90559f55be4473bb37ff8ca45b830d61c35bb7,6686,size_in_bytes,lib/ocaml/stdlib_stable/stdlib_stable__Int.cmsi,24095
2026-08-05T16:59:20Z,ce90559f55be4473bb37ff8ca45b830d61c35bb7,6686,size_in_bytes,lib/ocaml/stdlib_stable/stdlib_stable__Int16.cmsi,23123
2026-08-05T16:59:20Z,ce90559f55be4473bb37ff8ca45b830d61c35bb7,6686,size_in_bytes,lib/ocaml/compiler-libs/flambda2_simplify__Upwards_acc.cmsi,22544
2026-08-05T16:59:20Z,ce90559f55be4473bb37ff8ca45b830d61c35bb7,6686,size_in_bytes,lib/ocaml/compiler-libs/flambda2_simplify__Unboxers.cmsi,16584
2026-08-05T16:59:20Z,ce90559f55be4473bb37ff8ca45b830d61c35bb7,6686,size_in_bytes,lib/ocaml/compiler-libs/flambda2_simplify__Simplify_coercion.cmsi,11804
2026-08-05T16:59:20Z,ce90559f55be4473bb37ff8ca45b830d61c35bb7,6686,size_in_bytes,lib/ocaml/compiler-libs/flambda2_reaper__Rebuild.cmsi,15452
2026-08-05T16:59:20Z,ce90559f55be4473bb37ff8ca45b830d61c35bb7,6686,size_in_bytes,lib/ocaml/compiler-libs/flambda2_simplify__Simplify_named_result.cmsi,13144
2026-08-05T16:59:20Z,ce90559f55be4473bb37ff8ca45b830d61c35bb7,6686,size_in_bytes,lib/ocaml/compiler-libs/flambda2_simplify_shared__Inlining_helpers.cmsi,15232
2026-08-05T16:59:20Z,ce90559f55be4473bb37ff8ca45b830d61c35bb7,6686,size_in_bytes,lib/ocaml/compiler-libs/flambda2_bound_identifiers__Alloc_mode.cmsi,21257
2026-08-05T16:59:20Z,ce90559f55be4473bb37ff8ca45b830d61c35bb7,6686,size_in_bytes,lib/ocaml/compiler-libs/flambda2_simplify__Inlining_transforms.cmsi,12201
2026-08-05T16:59:20Z,ce90559f55be4473bb37ff8ca45b830d61c35bb7,6686,size_in_bytes,lib/ocaml/compiler-libs/flambda2_terms__Probe.cmsi,11739
2026-08-05T16:59:20Z,ce90559f55be4473bb37ff8ca45b830d61c35bb7,6686,size_in_bytes,lib/ocaml/compiler-libs/flambda2_lattices__Or_bottom.cmsi,12456
2026-08-05T16:59:20Z,ce90559f55be4473bb37ff8ca45b830d61c35bb7,6686,size_in_bytes,lib/ocaml/compiler-libs/flambda2_simplify__Simplify_let_cont_expr.cmsi,12726
2026-08-05T16:59:20Z,ce90559f55be4473bb37ff8ca45b830d61c35bb7,6686,size_in_bytes,lib/ocaml/compiler-libs/flambda2_types__Provers.cmsi,45378
2026-08-05T16:59:20Z,ce90559f55be4473bb37ff8ca45b830d61c35bb7,6686,size_in_bytes,lib/ocaml/compiler-libs/flambda2_simplify__Continuation_extra_params_and_args.cmsi,16355
2026-08-05T16:59:20Z,ce90559f55be4473bb37ff8ca45b830d61c35bb7,6686,size_in_bytes,lib/ocaml/compiler-libs/flambda2_to_jsir__To_jsir_primitive.cmsi,13959
2026-08-05T16:59:20Z,ce90559f55be4473bb37ff8ca45b830d61c35bb7,6686,size_in_bytes,lib/ocaml/compiler-libs/flambda2_simplify__Simplify_named.cmsi,12728
2026-08-05T16:59:20Z,ce90559f55be4473bb37ff8ca45b830d61c35bb7,6686,size_in_bytes,lib/ocaml/compiler-libs/flambda2_terms__Validity.cmsi,17617
2026-08-05T16:59:20Z,ce90559f55be4473bb37ff8ca45b830d61c35bb7,6686,size_in_bytes,lib/ocaml/compiler-libs/flambda2_terms__Trap_action.cmsi,15621
2026-08-05T16:59:20Z,ce90559f55be4473bb37ff8ca45b830d61c35bb7,6686,size_in_bytes,lib/ocaml/compiler-libs/flambda2_simplify__Simplify_ternary_primitive.cmsi,12992
2026-08-05T16:59:20Z,ce90559f55be4473bb37ff8ca45b830d61c35bb7,6686,size_in_bytes,lib/ocaml/compiler-libs/flambda2_identifiers__Apply_cont_rewrite_id.cmsi,11575
2026-08-05T16:59:20Z,ce90559f55be4473bb37ff8ca45b830d61c35bb7,6686,size_in_bytes,lib/ocaml/compiler-libs/flambda2_types__Type_grammar.cmsi,114422
2026-08-05T16:59:20Z,ce90559f55be4473bb37ff8ca45b830d61c35bb7,6686,size_in_bytes,lib/ocaml/compiler-libs/flambda2_simplify__Simplify_expr.cmsi,15417
2026-08-05T16:59:20Z,ce90559f55be4473bb37ff8ca45b830d61c35bb7,6686,size_in_bytes,lib/ocaml/compiler-libs/flambda2_terms__Inlined_attribute.cmsi,13387
2026-08-05T16:59:20Z,ce90559f55be4473bb37ff8ca45b830d61c35bb7,6686,size_in_bytes,lib/ocaml/compiler-libs/flambda2_to_jsir__To_jsir_static_const.cmsi,15788
2026-08-05T16:59:20Z,ce90559f55be4473bb37ff8ca45b830d61c35bb7,6686,size_in_bytes,lib/ocaml/compiler-libs/flambda2_simplify__Lifted_constant_state.cmsi,13621
2026-08-05T16:59:20Z,ce90559f55be4473bb37ff8ca45b830d61c35bb7,6686,size_in_bytes,lib/ocaml/compiler-libs/flambda2_simplify__One_continuation_use.cmsi,13130
2026-08-05T16:59:20Z,ce90559f55be4473bb37ff8ca45b830d61c35bb7,6686,size_in_bytes,lib/ocaml/compiler-libs/flambda2_simplify_shared__Are_rebuilding_terms.cmsi,12508
2026-08-05T16:59:20Z,ce90559f55be4473bb37ff8ca45b830d61c35bb7,6686,size_in_bytes,lib/ocaml/compiler-libs/flambda2_identifiers__Code_id_or_symbol.cmsi,11196
2026-08-05T16:59:20Z,ce90559f55be4473bb37ff8ca45b830d61c35bb7,6686,size_in_bytes,lib/ocaml/compiler-libs/flambda2_simplify__Non_recursive_handler.cmsi,13389
2026-08-05T16:59:20Z,ce90559f55be4473bb37ff8ca45b830d61c35bb7,6686,size_in_bytes,lib/ocaml/compiler-libs/flambda2_to_cmm__To_cmm_shared.cmsi,31115
2026-08-05T16:59:20Z,ce90559f55be4473bb37ff8ca45b830d61c35bb7,6686,size_in_bytes,lib/ocaml/compiler-libs/flambda2_simplify__Specialization_cost.cmsi,17108
2026-08-05T16:59:20Z,ce90559f55be4473bb37ff8ca45b830d61c35bb7,6686,size_in_bytes,lib/ocaml/compiler-libs/flambda2_algorithms__Patricia_tree.cmsi,12339
2026-08-05T16:59:20Z,ce90559f55be4473bb37ff8ca45b830d61c35bb7,6686,size_in_bytes,lib/ocaml/compiler-libs/flambda2_algorithms__Channel.cmsi,13836
2026-08-05T16:59:20Z,ce90559f55be4473bb37ff8ca45b830d61c35bb7,6686,size_in_bytes,lib/ocaml/compiler-libs/flambda2_simplify__Number_adjuncts.cmsi,24788
2026-08-05T16:59:20Z,ce90559f55be4473bb37ff8ca45b830d61c35bb7,6686,size_in_bytes,lib/ocaml/compiler-libs/flambda2_reaper__Reaper.cmsi,12521
2026-08-05T16:59:20Z,ce90559f55be4473bb37ff8ca45b830d61c35bb7,6686,size_in_bytes,lib/ocaml/compiler-libs/flambda2.cmsi,15038
2026-08-05T16:59:20Z,ce90559f55be4473bb37ff8ca45b830d61c35bb7,6686,size_in_bytes,lib/ocaml/compiler-libs/flambda2_identifiers__Continuation_callsite_map.cmsi,13557
2026-08-05T16:59:20Z,ce90559f55be4473bb37ff8ca45b830d61c35bb7,6686,size_in_bytes,lib/ocaml/compiler-libs/flambda2_simplify__Rebuilt_expr.cmsi,21798
2026-08-05T16:59:20Z,ce90559f55be4473bb37ff8ca45b830d61c35bb7,6686,size_in_bytes,lib/ocaml/compiler-libs/flambda2_simplify__Comparison_result.cmsi,12189
2026-08-05T16:59:20Z,ce90559f55be4473bb37ff8ca45b830d61c35bb7,6686,size_in_bytes,lib/ocaml/compiler-libs/flambda2_simplify__Simplify_switch_expr.cmsi,11802
2026-08-05T16:59:20Z,ce90559f55be4473bb37ff8ca45b830d61c35bb7,6686,size_in_bytes,lib/ocaml/compiler-libs/flambda2_simplify__Closure_info.cmsi,13465
2026-08-05T16:59:20Z,ce90559f55be4473bb37ff8ca45b830d61c35bb7,6686,size_in_bytes,lib/ocaml/compiler-libs/flambda2_to_jsir__To_jsir_shared.cmsi,19914
2026-08-05T16:59:20Z,ce90559f55be4473bb37ff8ca45b830d61c35bb7,6686,size_in_bytes,lib/ocaml/compiler-libs/flambda2_simplify_shared__Inlining_report.cmsi,19551
2026-08-05T16:59:20Z,ce90559f55be4473bb37ff8ca45b830d61c35bb7,6686,size_in_bytes,lib/ocaml/compiler-libs/flambda2_term_basics__Symbol_projection.cmsi,14445
2026-08-05T16:59:20Z,ce90559f55be4473bb37ff8ca45b830d61c35bb7,6686,size_in_bytes,lib/ocaml/compiler-libs/flambda2_simplify__Mutable_unboxing.cmsi,13113
2026-08-05T16:59:20Z,ce90559f55be4473bb37ff8ca45b830d61c35bb7,6686,size_in_bytes,lib/ocaml/compiler-libs/flambda2_types__Join_env.cmsi,17251
2026-08-05T16:59:20Z,ce90559f55be4473bb37ff8ca45b830d61c35bb7,6686,size_in_bytes,lib/ocaml/compiler-libs/flambda2_simplify__Simplify_let_expr.cmsi,12105
2026-08-05T16:59:20Z,ce90559f55be4473bb37ff8ca45b830d61c35bb7,6686,size_in_bytes,lib/ocaml/compiler-libs/flambda2_terms__Inlining_state.cmsi,13447
2026-08-05T16:59:20Z,ce90559f55be4473bb37ff8ca45b830d61c35bb7,6686,size_in_bytes,lib/ocaml/compiler-libs/flambda2_simplify__Simplify_simple.cmsi,13367
2026-08-05T16:59:20Z,ce90559f55be4473bb37ff8ca45b830d61c35bb7,6686,size_in_bytes,lib/ocaml/compiler-libs/flambda2_simplify__Simplified_named.cmsi,16210
2026-08-05T16:59:20Z,ce90559f55be4473bb37ff8ca45b830d61c35bb7,6686,size_in_bytes,lib/ocaml/compiler-libs/flambda2_simplify__Simplify_unary_primitive.cmsi,12648
2026-08-05T16:59:20Z,ce90559f55be4473bb37ff8ca45b830d61c35bb7,6686,size_in_bytes,lib/ocaml/compiler-libs/flambda2_numbers__Or_infinity.cmsi,11681
2026-08-05T16:59:20Z,ce90559f55be4473bb37ff8ca45b830d61c35bb7,6686,size_in_bytes,lib/ocaml/compiler-libs/flambda2_simplify__Apply_cont_rewrite.cmsi,15719
2026-08-05T16:59:20Z,ce90559f55be4473bb37ff8ca45b830d61c35bb7,6686,size_in_bytes,lib/ocaml/compiler-libs/flambda2_simplify__Build_unboxing_denv.cmsi,12280
2026-08-05T16:59:20Z,ce90559f55be4473bb37ff8ca45b830d61c35bb7,6686,size_in_bytes,lib/ocaml/compiler-libs/flambda2_types__Set_of_closures_contents.cmsi,14683
2026-08-05T16:59:20Z,ce90559f55be4473bb37ff8ca45b830d61c35bb7,6686,size_in_bytes,lib/ocaml/compiler-libs/flambda2_nominal__Name_mode.cmsi,15722
2026-08-05T16:59:20Z,ce90559f55be4473bb37ff8ca45b830d61c35bb7,6686,size_in_bytes,lib/ocaml/compiler-libs/flambda2_bound_identifiers__Bound_parameter.cmsi,14816
2026-08-05T16:59:20Z,ce90559f55be4473bb37ff8ca45b830d61c35bb7,6686,size_in_bytes,lib/ocaml/compiler-libs/flambda2_terms__Code_or_metadata.cmsi,15687
2026-08-05T16:59:20Z,ce90559f55be4473bb37ff8ca45b830d61c35bb7,6686,size_in_bytes,lib/ocaml/compiler-libs/flambda2_simplify__Call_site_inlining_decision.cmsi,12928
2026-08-05T16:59:20Z,ce90559f55be4473bb37ff8ca45b830d61c35bb7,6686,size_in_bytes,lib/ocaml/compiler-libs/flambda2_from_lambda__Lambda_to_lambda_transforms.cmsi,14820
2026-08-05T16:59:20Z,ce90559f55be4473bb37ff8ca45b830d61c35bb7,6686,size_in_bytes,lib/ocaml/compiler-libs/flambda2_simplify__Replay_history.cmsi,20999
2026-08-05T16:59:20Z,ce90559f55be4473bb37ff8ca45b830d61c35bb7,6686,size_in_bytes,lib/ocaml/compiler-libs/flambda2_to_cmm__To_cmm_expr.cmsi,12265
2026-08-05T16:59:20Z,ce90559f55be4473bb37ff8ca45b830d61c35bb7,6686,size_in_bytes,lib/ocaml/compiler-libs/flambda2_terms__Regalloc_attribute.cmsi,12258
2026-08-05T16:59:20Z,ce90559f55be4473bb37ff8ca45b830d61c35bb7,6686,size_in_bytes,lib/ocaml/compiler-libs/flambda2_nominal__Name_occurrences.cmsi,30683
2026-08-05T16:59:20Z,ce90559f55be4473bb37ff8ca45b830d61c35bb7,6686,size_in_bytes,lib/ocaml/compiler-libs/flambda2_parser__Fexpr_prim_descr.cmsi,33638
2026-08-05T16:59:20Z,ce90559f55be4473bb37ff8ca45b830d61c35bb7,6686,size_in_bytes,lib/ocaml/compiler-libs/flambda2_simplify_shared__Call_site_inlining_decision_type.cmsi,14093
2026-08-05T16:59:20Z,ce90559f55be4473bb37ff8ca45b830d61c35bb7,6686,size_in_bytes,lib/ocaml/compiler-libs/flambda2_terms__Function_decl_inlining_decision_type.cmsi,14493
2026-08-05T16:59:20Z,ce90559f55be4473bb37ff8ca45b830d61c35bb7,6686,size_in_bytes,lib/ocaml/compiler-libs/flambda2_parser__Flambda_parser.cmsi,18104
2026-08-05T16:59:20Z,ce90559f55be4473bb37ff8ca45b830d61c35bb7,6686,size_in_bytes,lib/ocaml/compiler-libs/flambda2_types__Code_age_relation.cmsi,15301
2026-08-05T16:59:20Z,ce90559f55be4473bb37ff8ca45b830d61c35bb7,6686,size_in_bytes,lib/ocaml/compiler-libs/flambda2_to_jsir__To_jsir.cmsi,13005
2026-08-05T16:59:20Z,ce90559f55be4473bb37ff8ca45b830d61c35bb7,6686,size_in_bytes,lib/ocaml/compiler-libs/flambda2_simplify__Control_flow_graph.cmsi,15840
2026-08-05T16:59:20Z,ce90559f55be4473bb37ff8ca45b830d61c35bb7,6686,size_in_bytes,lib/ocaml/compiler-libs/flambda2_identifiers__Value_slot.cmsi,12036
2026-08-05T16:59:20Z,ce90559f55be4473bb37ff8ca45b830d61c35bb7,6686,size_in_bytes,lib/ocaml/compiler-libs/flambda2_simplify__Named_rewrite.cmsi,13973
2026-08-05T16:59:20Z,ce90559f55be4473bb37ff8ca45b830d61c35bb7,6686,size_in_bytes,lib/ocaml/compiler-libs/flambda2_bound_identifiers__Bound_continuations.cmsi,12145
2026-08-05T16:59:20Z,ce90559f55be4473bb37ff8ca45b830d61c35bb7,6686,size_in_bytes,lib/ocaml/compiler-libs/flambda2_terms__Flambda_unit.cmsi,14095
2026-08-05T16:59:20Z,ce90559f55be4473bb37ff8ca45b830d61c35bb7,6686,size_in_bytes,lib/ocaml/compiler-libs/flambda2_reaper__Traverse_env.cmsi,18937
2026-08-05T16:59:20Z,ce90559f55be4473bb37ff8ca45b830d61c35bb7,6686,size_in_bytes,lib/ocaml/compiler-libs/flambda2_terms__Set_of_closures.cmsi,14600
2026-08-05T16:59:20Z,ce90559f55be4473bb37ff8ca45b830d61c35bb7,6686,size_in_bytes,lib/ocaml/compiler-libs/flambda2_types__Type_descr.cmsi,18204
2026-08-05T16:59:20Z,ce90559f55be4473bb37ff8ca45b830d61c35bb7,6686,size_in_bytes,lib/ocaml/compiler-libs/flambda2_datalog__Cursor.cmsi,26013
2026-08-05T16:59:20Z,ce90559f55be4473bb37ff8ca45b830d61c35bb7,6686,size_in_bytes,lib/ocaml/compiler-libs/flambda2_kinds__Tag.cmsi,17018
2026-08-05T16:59:20Z,ce90559f55be4473bb37ff8ca45b830d61c35bb7,6686,size_in_bytes,lib/ocaml/compiler-libs/flambda2_term_basics__Or_invalid.cmsi,11973
2026-08-05T16:59:20Z,ce90559f55be4473bb37ff8ca45b830d61c35bb7,6686,size_in_bytes,lib/ocaml/compiler-libs/flambda2_nominal__Ids_for_export.cmsi,15994
2026-08-05T16:59:20Z,ce90559f55be4473bb37ff8ca45b830d61c35bb7,6686,size_in_bytes,lib/ocaml/compiler-libs/flambda2_types__Meet_and_n_way_join.cmsi,13217
2026-08-05T16:59:20Z,ce90559f55be4473bb37ff8ca45b830d61c35bb7,6686,size_in_bytes,lib/ocaml/compiler-libs/flambda2_from_lambda__Closure_conversion.cmsi,21209
2026-08-05T16:59:20Z,ce90559f55be4473bb37ff8ca45b830d61c35bb7,6686,size_in_bytes,lib/ocaml/compiler-libs/flambda2_types__Meet.cmsi,12531
2026-08-05T16:59:20Z,ce90559f55be4473bb37ff8ca45b830d61c35bb7,6686,size_in_bytes,lib/ocaml/compiler-libs/flambda2_simplify__Common_subexpression_elimination.cmsi,15643
2026-08-05T16:59:20Z,ce90559f55be4473bb37ff8ca45b830d61c35bb7,6686,size_in_bytes,lib/ocaml/compiler-libs/flambda2_term_basics__Or_variable.cmsi,13528
2026-08-05T16:59:20Z,ce90559f55be4473bb37ff8ca45b830d61c35bb7,6686,size_in_bytes,lib/ocaml/compiler-libs/flambda2_reaper__Unboxing_analysis.cmsi,15756
2026-08-05T16:59:20Z,ce90559f55be4473bb37ff8ca45b830d61c35bb7,6686,size_in_bytes,lib/ocaml/compiler-libs/flambda2_simplify__Original_handlers.cmsi,13700
2026-08-05T16:59:20Z,ce90559f55be4473bb37ff8ca45b830d61c35bb7,6686,size_in_bytes,lib/ocaml/compiler-libs/flambda2_identifiers__Code_id.cmsi,11361
2026-08-05T16:59:20Z,ce90559f55be4473bb37ff8ca45b830d61c35bb7,6686,size_in_bytes,lib/ocaml/compiler-libs/flambda2_from_lambda__Lambda_to_flambda.cmsi,12761
2026-08-05T16:59:20Z,ce90559f55be4473bb37ff8ca45b830d61c35bb7,6686,size_in_bytes,lib/ocaml/compiler-libs/flambda2_types__Meet_and_join.cmsi,13264
2026-08-05T16:59:20Z,ce90559f55be4473bb37ff8ca45b830d61c35bb7,6686,size_in_bytes,lib/ocaml/compiler-libs/flambda2_terms__Inlining_history.cmsi,20510
2026-08-05T16:59:20Z,ce90559f55be4473bb37ff8ca45b830d61c35bb7,6686,size_in_bytes,lib/ocaml/compiler-libs/flambda2_types__Join_levels.cmsi,13091
2026-08-05T16:59:20Z,ce90559f55be4473bb37ff8ca45b830d61c35bb7,6686,size_in_bytes,lib/ocaml/compiler-libs/flambda2_terms__Call_kind.cmsi,23832
2026-08-05T16:59:20Z,ce90559f55be4473bb37ff8ca45b830d61c35bb7,6686,size_in_bytes,lib/ocaml/compiler-libs/flambda2_cmx__Flambda_cmx_format.cmsi,14304
2026-08-05T16:59:20Z,ce90559f55be4473bb37ff8ca45b830d61c35bb7,6686,size_in_bytes,lib/ocaml/compiler-libs/flambda2_term_basics__Scope.cmsi,12622
2026-08-05T16:59:20Z,ce90559f55be4473bb37ff8ca45b830d61c35bb7,6686,size_in_bytes,lib/ocaml/compiler-libs/flambda2_parser__Flambda_parser_messages.cmsi,9977
2026-08-05T16:59:20Z,ce90559f55be4473bb37ff8ca45b830d61c35bb7,6686,size_in_bytes,lib/ocaml/compiler-libs/flambda2_bound_identifiers__Bound_static.cmsi,16696
2026-08-05T16:59:20Z,ce90559f55be4473bb37ff8ca45b830d61c35bb7,6686,size_in_bytes,lib/ocaml/compiler-libs/flambda2_ui__Flambda_features.cmsi,19116
2026-08-05T16:59:20Z,ce90559f55be4473bb37ff8ca45b830d61c35bb7,6686,size_in_bytes,lib/ocaml/compiler-libs/flambda2_terms__Apply_expr.cmsi,22573
2026-08-05T16:59:20Z,ce90559f55be4473bb37ff8ca45b830d61c35bb7,6686,size_in_bytes,lib/ocaml/compiler-libs/flambda2_simplify__Downwards_env.cmsi,37082
2026-08-05T16:59:20Z,ce90559f55be4473bb37ff8ca45b830d61c35bb7,6686,size_in_bytes,lib/ocaml/compiler-libs/flambda2_identifiers__Code_id_or_name.cmsi,11612
2026-08-05T16:59:20Z,ce90559f55be4473bb37ff8ca45b830d61c35bb7,6686,size_in_bytes,lib/ocaml/compiler-libs/flambda2_terms__Regalloc_param_attribute.cmsi,12288
2026-08-05T16:59:20Z,ce90559f55be4473bb37ff8ca45b830d61c35bb7,6686,size_in_bytes,lib/ocaml/compiler-libs/flambda2_reaper__Rebuilt_expr.cmsi,15089
2026-08-05T16:59:20Z,ce90559f55be4473bb37ff8ca45b830d61c35bb7,6686,size_in_bytes,lib/ocaml/compiler-libs/flambda2_algorithms__Leapfrog.cmsi,19448
2026-08-05T16:59:20Z,ce90559f55be4473bb37ff8ca45b830d61c35bb7,6686,size_in_bytes,lib/ocaml/compiler-libs/flambda2_numbers__Targetint_32_64.cmsi,32292
2026-08-05T16:59:20Z,ce90559f55be4473bb37ff8ca45b830d61c35bb7,6686,size_in_bytes,lib/ocaml/compiler-libs/flambda2_identifiers__Named_rewrite_id.cmsi,11565
2026-08-05T16:59:20Z,ce90559f55be4473bb37ff8ca45b830d61c35bb7,6686,size_in_bytes,lib/ocaml/compiler-libs/flambda2_simplify__Optimistic_unboxing_decision.cmsi,13083
2026-08-05T16:59:20Z,ce90559f55be4473bb37ff8ca45b830d61c35bb7,6686,size_in_bytes,lib/ocaml/compiler-libs/flambda2_terms__Code_size.cmsi,14837
2026-08-05T16:59:20Z,ce90559f55be4473bb37ff8ca45b830d61c35bb7,6686,size_in_bytes,lib/ocaml/compiler-libs/flambda2_terms__Effects_and_coeffects.cmsi,14684
2026-08-05T16:59:20Z,ce90559f55be4473bb37ff8ca45b830d61c35bb7,6686,size_in_bytes,lib/ocaml/compiler-libs/flambda2_simplify__Simplify_extcall.cmsi,12861
2026-08-05T16:59:20Z,ce90559f55be4473bb37ff8ca45b830d61c35bb7,6686,size_in_bytes,lib/ocaml/compiler-libs/flambda2_to_jsir__To_jsir_env.cmsi,31665
2026-08-05T16:59:20Z,ce90559f55be4473bb37ff8ca45b830d61c35bb7,6686,size_in_bytes,lib/ocaml/compiler-libs/flambda2_simplify__Simplify_set_of_closures_context.cmsi,16194
2026-08-05T16:59:20Z,ce90559f55be4473bb37ff8ca45b830d61c35bb7,6686,size_in_bytes,lib/ocaml/compiler-libs/flambda2_datalog__Table.cmsi,15286
2026-08-05T16:59:20Z,ce90559f55be4473bb37ff8ca45b830d61c35bb7,6686,size_in_bytes,lib/ocaml/compiler-libs/flambda2_parser__Fexpr_to_flambda.cmsi,10729
2026-08-05T16:59:20Z,ce90559f55be4473bb37ff8ca45b830d61c35bb7,6686,size_in_bytes,lib/ocaml/compiler-libs/flambda2_simplify__Unbox_continuation_params.cmsi,13532
2026-08-05T16:59:20Z,ce90559f55be4473bb37ff8ca45b830d61c35bb7,6686,size_in_bytes,lib/ocaml/compiler-libs/flambda2_terms__Code.cmsi,15750
2026-08-05T16:59:20Z,ce90559f55be4473bb37ff8ca45b830d61c35bb7,6686,size_in_bytes,lib/ocaml/compiler-libs/flambda2_reaper__Cofield.cmsi,11874
2026-08-05T16:59:20Z,ce90559f55be4473bb37ff8ca45b830d61c35bb7,6686,size_in_bytes,lib/ocaml/compiler-libs/flambda2_ui__Flambda_colours.cmsi,15778
2026-08-05T16:59:20Z,ce90559f55be4473bb37ff8ca45b830d61c35bb7,6686,size_in_bytes,lib/ocaml/compiler-libs/flambda2_kinds__Flambda_arity.cmsi,21555
2026-08-05T16:59:20Z,ce90559f55be4473bb37ff8ca45b830d61c35bb7,6686,size_in_bytes,lib/ocaml/compiler-libs/flambda2_simplify_shared__Exported_offsets.cmsi,18506
2026-08-05T16:59:20Z,ce90559f55be4473bb37ff8ca45b830d61c35bb7,6686,size_in_bytes,lib/ocaml/compiler-libs/flambda2_reaper__Analysis.cmsi,14906
2026-08-05T16:59:20Z,ce90559f55be4473bb37ff8ca45b830d61c35bb7,6686,size_in_bytes,lib/ocaml/compiler-libs/flambda2_simplify__Dominator_graph.cmsi,15323
2026-08-05T16:59:20Z,ce90559f55be4473bb37ff8ca45b830d61c35bb7,6686,size_in_bytes,lib/ocaml/compiler-libs/flambda2_types__Join_levels_old.cmsi,12837
2026-08-05T16:59:20Z,ce90559f55be4473bb37ff8ca45b830d61c35bb7,6686,size_in_bytes,lib/ocaml/compiler-libs/flambda2_simplify__Non_constructed_code.cmsi,13226
2026-08-05T16:59:20Z,ce90559f55be4473bb37ff8ca45b830d61c35bb7,6686,size_in_bytes,lib/ocaml/compiler-libs/flambda2_simplify__One_recursive_handler.cmsi,12532
2026-08-05T16:59:20Z,ce90559f55be4473bb37ff8ca45b830d61c35bb7,6686,size_in_bytes,lib/ocaml/compiler-libs/flambda2_terms__Switch_expr.cmsi,15668
2026-08-05T16:59:20Z,ce90559f55be4473bb37ff8ca45b830d61c35bb7,6686,size_in_bytes,lib/ocaml/compiler-libs/flambda2_simplify__Flow.cmsi,23323
2026-08-05T16:59:20Z,ce90559f55be4473bb37ff8ca45b830d61c35bb7,6686,size_in_bytes,lib/ocaml/compiler-libs/flambda2_simplify__Simplify_apply_cont_expr.cmsi,11818
2026-08-05T16:59:20Z,ce90559f55be4473bb37ff8ca45b830d61c35bb7,6686,size_in_bytes,lib/ocaml/compiler-libs/flambda2_types__Typing_env.cmsi,29749
2026-08-05T16:59:20Z,ce90559f55be4473bb37ff8ca45b830d61c35bb7,6686,size_in_bytes,lib/ocaml/compiler-libs/flambda2_types__Expand_head.cmsi,28139
2026-08-05T16:59:20Z,ce90559f55be4473bb37ff8ca45b830d61c35bb7,6686,size_in_bytes,lib/ocaml/compiler-libs/flambda2_datalog__Datalog.cmsi,16705
2026-08-05T16:59:20Z,ce90559f55be4473bb37ff8ca45b830d61c35bb7,6686,size_in_bytes,lib/ocaml/compiler-libs/flambda2_terms__Removed_operations.cmsi,13065
2026-08-05T16:59:20Z,ce90559f55be4473bb37ff8ca45b830d61c35bb7,6686,size_in_bytes,lib/ocaml/compiler-libs/flambda2_to_cmm__To_cmm_static.cmsi,13268
2026-08-05T16:59:20Z,ce90559f55be4473bb37ff8ca45b830d61c35bb7,6686,size_in_bytes,lib/ocaml/compiler-libs/flambda2_types__With_cached_free_names.cmsi,14352
2026-08-05T16:59:20Z,ce90559f55be4473bb37ff8ca45b830d61c35bb7,6686,size_in_bytes,lib/ocaml/compiler-libs/flambda2_bound_identifiers__Bound_continuation.cmsi,11982
2026-08-05T16:59:20Z,ce90559f55be4473bb37ff8ca45b830d61c35bb7,6686,size_in_bytes,lib/ocaml/compiler-libs/flambda2_terms__Cost_metrics.cmsi,14012
2026-08-05T16:59:20Z,ce90559f55be4473bb37ff8ca45b830d61c35bb7,6686,size_in_bytes,lib/ocaml/compiler-libs/flambda2_bound_identifiers__Bound_var.cmsi,13074
2026-08-05T16:59:20Z,ce90559f55be4473bb37ff8ca45b830d61c35bb7,6686,size_in_bytes,lib/ocaml/compiler-libs/flambda2_simplify__Simplify_static_const.cmsi,12636
2026-08-05T16:59:20Z,ce90559f55be4473bb37ff8ca45b830d61c35bb7,6686,size_in_bytes,lib/ocaml/compiler-libs/flambda2_reaper__Field.cmsi,17596
2026-08-05T16:59:20Z,ce90559f55be4473bb37ff8ca45b830d61c35bb7,6686,size_in_bytes,lib/ocaml/compiler-libs/flambda2_to_cmm__To_cmm_effects.cmsi,18492
2026-08-05T16:59:20Z,ce90559f55be4473bb37ff8ca45b830d61c35bb7,6686,size_in_bytes,lib/ocaml/compiler-libs/flambda2_simplify__Simplify_nullary_primitive.cmsi,12329
2026-08-05T16:59:20Z,ce90559f55be4473bb37ff8ca45b830d61c35bb7,6686,size_in_bytes,lib/ocaml/compiler-libs/flambda2_simplify__Downwards_acc.cmsi,27918
2026-08-05T16:59:20Z,ce90559f55be4473bb37ff8ca45b830d61c35bb7,6686,size_in_bytes,lib/ocaml/compiler-libs/flambda2_from_lambda__Lambda_to_flambda_primitives.cmsi,13624
2026-08-05T16:59:20Z,ce90559f55be4473bb37ff8ca45b830d61c35bb7,6686,size_in_bytes,lib/ocaml/compiler-libs/flambda2_identifiers__Function_slot.cmsi,12380
2026-08-05T16:59:20Z,ce90559f55be4473bb37ff8ca45b830d61c35bb7,6686,size_in_bytes,lib/ocaml/compiler-libs/flambda2_simplify__Rebuilt_static_const.cmsi,33107
2026-08-05T16:59:20Z,ce90559f55be4473bb37ff8ca45b830d61c35bb7,6686,size_in_bytes,lib/ocaml/compiler-libs/flambda2_datalog__Trie.cmsi,15642
2026-08-05T16:59:20Z,ce90559f55be4473bb37ff8ca45b830d61c35bb7,6686,size_in_bytes,lib/ocaml/compiler-libs/flambda2_reaper__Traverse_acc.cmsi,36907
2026-08-05T16:59:20Z,ce90559f55be4473bb37ff8ca45b830d61c35bb7,6686,size_in_bytes,lib/ocaml/compiler-libs/flambda2_term_basics__Empty_array_kind.cmsi,12984
2026-08-05T16:59:20Z,ce90559f55be4473bb37ff8ca45b830d61c35bb7,6686,size_in_bytes,lib/ocaml/compiler-libs/flambda2_cmx__Exported_code.cmsi,16348
2026-08-05T16:59:20Z,ce90559f55be4473bb37ff8ca45b830d61c35bb7,6686,size_in_bytes,lib/ocaml/compiler-libs/flambda2_types__Aliases.cmsi,25495
2026-08-05T16:59:20Z,ce90559f55be4473bb37ff8ca45b830d61c35bb7,6686,size_in_bytes,lib/ocaml/compiler-libs/flambda2_from_lambda__Lambda_to_flambda_primitives_helpers.cmsi,20156
2026-08-05T16:59:20Z,ce90559f55be4473bb37ff8ca45b830d61c35bb7,6686,size_in_bytes,lib/ocaml/compiler-libs/flambda2_identifiers__Symbol.cmsi,11821
2026-08-05T16:59:20Z,ce90559f55be4473bb37ff8ca45b830d61c35bb7,6686,size_in_bytes,lib/ocaml/compiler-libs/flambda2_simplify__Flow_acc.cmsi,23154
2026-08-05T16:59:20Z,ce90559f55be4473bb37ff8ca45b830d61c35bb7,6686,size_in_bytes,lib/ocaml/compiler-libs/flambda2_reaper__Global_flow_graph.cmsi,24359
2026-08-05T16:59:20Z,ce90559f55be4473bb37ff8ca45b830d61c35bb7,6686,size_in_bytes,lib/ocaml/compiler-libs/flambda2_to_cmm__To_cmm_primitive.cmsi,13560
2026-08-05T16:59:20Z,ce90559f55be4473bb37ff8ca45b830d61c35bb7,6686,size_in_bytes,lib/ocaml/compiler-libs/flambda2_term_basics__Simple.cmsi,21814
2026-08-05T16:59:20Z,ce90559f55be4473bb37ff8ca45b830d61c35bb7,6686,size_in_bytes,lib/ocaml/compiler-libs/flambda2_terms__Poll_attribute.cmsi,12033
2026-08-05T16:59:20Z,ce90559f55be4473bb37ff8ca45b830d61c35bb7,6686,size_in_bytes,lib/ocaml/compiler-libs/flambda2_datalog__Virtual_machine.cmsi,19974
2026-08-05T16:59:20Z,ce90559f55be4473bb37ff8ca45b830d61c35bb7,6686,size_in_bytes,lib/ocaml/compiler-libs/flambda2_numbers__Target_ocaml_int.cmsi,31712
2026-08-05T16:59:20Z,ce90559f55be4473bb37ff8ca45b830d61c35bb7,6686,size_in_bytes,lib/ocaml/compiler-libs/flambda2_identifiers__Int_ids.cmsi,38508
2026-08-05T16:59:20Z,ce90559f55be4473bb37ff8ca45b830d61c35bb7,6686,size_in_bytes,lib/ocaml/compiler-libs/flambda2_numbers__One_bit_fewer.cmsi,15404
2026-08-05T16:59:20Z,ce90559f55be4473bb37ff8ca45b830d61c35bb7,6686,size_in_bytes,lib/ocaml/compiler-libs/flambda2_terms__Code0.cmsi,15177
2026-08-05T16:59:20Z,ce90559f55be4473bb37ff8ca45b830d61c35bb7,6686,size_in_bytes,lib/ocaml/compiler-libs/flambda2_identifiers__Variable.cmsi,12538
2026-08-05T16:59:20Z,ce90559f55be4473bb37ff8ca45b830d61c35bb7,6686,size_in_bytes,lib/ocaml/compiler-libs/flambda2_to_cmm__To_cmm_env.cmsi,46195
2026-08-05T16:59:20Z,ce90559f55be4473bb37ff8ca45b830d61c35bb7,6686,size_in_bytes,lib/ocaml/compiler-libs/flambda2_reaper__Points_to_analysis.cmsi,28412
2026-08-05T16:59:20Z,ce90559f55be4473bb37ff8ca45b830d61c35bb7,6686,size_in_bytes,lib/ocaml/compiler-libs/flambda2_term_basics__Rec_info_expr.cmsi,12242
2026-08-05T16:59:20Z,ce90559f55be4473bb37ff8ca45b830d61c35bb7,6686,size_in_bytes,lib/ocaml/compiler-libs/flambda2_datalog.cmsi,53958
2026-08-05T16:59:20Z,ce90559f55be4473bb37ff8ca45b830d61c35bb7,6686,size_in_bytes,lib/ocaml/compiler-libs/flambda2_nominal__Permutation.cmsi,12941
2026-08-05T16:59:20Z,ce90559f55be4473bb37ff8ca45b830d61c35bb7,6686,size_in_bytes,lib/ocaml/compiler-libs/flambda2_algorithms__Lmap.cmsi,20308
2026-08-05T16:59:20Z,ce90559f55be4473bb37ff8ca45b830d61c35bb7,6686,size_in_bytes,lib/ocaml/compiler-libs/flambda2_term_basics__Unit.cmsi,11815
2026-08-05T16:59:20Z,ce90559f55be4473bb37ff8ca45b830d61c35bb7,6686,size_in_bytes,lib/ocaml/compiler-libs/flambda2_term_basics__Inlined_debuginfo.cmsi,24440
2026-08-05T16:59:20Z,ce90559f55be4473bb37ff8ca45b830d61c35bb7,6686,size_in_bytes,lib/ocaml/compiler-libs/flambda2_terms__First_complex_local_param.cmsi,13274
2026-08-05T16:59:20Z,ce90559f55be4473bb37ff8ca45b830d61c35bb7,6686,size_in_bytes,lib/ocaml/compiler-libs/flambda2_terms__Loopify_attribute.cmsi,11957
2026-08-05T16:59:20Z,ce90559f55be4473bb37ff8ca45b830d61c35bb7,6686,size_in_bytes,lib/ocaml/compiler-libs/flambda2_simplify__Flow_analysis.cmsi,15275
2026-08-05T16:59:20Z,ce90559f55be4473bb37ff8ca45b830d61c35bb7,6686,size_in_bytes,lib/ocaml/compiler-libs/flambda2_terms__Inlining_arguments.cmsi,14070
2026-08-05T16:59:20Z,ce90559f55be4473bb37ff8ca45b830d61c35bb7,6686,size_in_bytes,lib/ocaml/compiler-libs/flambda2_term_basics__String_info.cmsi,11525
2026-08-05T16:59:20Z,ce90559f55be4473bb37ff8ca45b830d61c35bb7,6686,size_in_bytes,lib/ocaml/compiler-libs/flambda2_reaper__Types_rewriter.cmsi,14363
2026-08-05T16:59:20Z,ce90559f55be4473bb37ff8ca45b830d61c35bb7,6686,size_in_bytes,lib/ocaml/compiler-libs/flambda2_simplify__Continuation_in_env.cmsi,14754
2026-08-05T16:59:20Z,ce90559f55be4473bb37ff8ca45b830d61c35bb7,6686,size_in_bytes,lib/ocaml/compiler-libs/flambda2_simplify__Lifted_cont_params.cmsi,18142
2026-08-05T16:59:20Z,ce90559f55be4473bb37ff8ca45b830d61c35bb7,6686,size_in_bytes,lib/ocaml/compiler-libs/flambda2_terms__Apply_cont_expr.cmsi,15030
2026-08-05T16:59:20Z,ce90559f55be4473bb37ff8ca45b830d61c35bb7,6686,size_in_bytes,lib/ocaml/compiler-libs/flambda2_parser__Flambda_to_fexpr.cmsi,10176
2026-08-05T16:59:20Z,ce90559f55be4473bb37ff8ca45b830d61c35bb7,6686,size_in_bytes,lib/ocaml/compiler-libs/flambda2_types__Meet_env.cmsi,24650
2026-08-05T16:59:20Z,ce90559f55be4473bb37ff8ca45b830d61c35bb7,6686,size_in_bytes,lib/ocaml/compiler-libs/flambda2_identifiers__Reg_width_const.cmsi,15808
2026-08-05T16:59:20Z,ce90559f55be4473bb37ff8ca45b830d61c35bb7,6686,size_in_bytes,lib/ocaml/compiler-libs/flambda2_identifiers__Flambda_debug_uid.cmsi,13088
2026-08-05T16:59:20Z,ce90559f55be4473bb37ff8ca45b830d61c35bb7,6686,size_in_bytes,lib/ocaml/compiler-libs/flambda2_simplify__Reification.cmsi,12555
2026-08-05T16:59:20Z,ce90559f55be4473bb37ff8ca45b830d61c35bb7,6686,size_in_bytes,lib/ocaml/compiler-libs/flambda2_terms__Function_declarations.cmsi,15315
2026-08-05T16:59:20Z,ce90559f55be4473bb37ff8ca45b830d61c35bb7,6686,size_in_bytes,lib/ocaml/compiler-libs/flambda2_simplify__Simplify_primitive.cmsi,12271
2026-08-05T16:59:20Z,ce90559f55be4473bb37ff8ca45b830d61c35bb7,6686,size_in_bytes,lib/ocaml/compiler-libs/flambda2_bound_identifiers__Bound_parameters.cmsi,14646
2026-08-05T16:59:20Z,ce90559f55be4473bb37ff8ca45b830d61c35bb7,6686,size_in_bytes,lib/ocaml/compiler-libs/flambda2_types__Typing_env_level.cmsi,17329
2026-08-05T16:59:20Z,ce90559f55be4473bb37ff8ca45b830d61c35bb7,6686,size_in_bytes,lib/ocaml/compiler-libs/flambda2_terms__Placement.cmsi,13203
2026-08-05T16:59:20Z,ce90559f55be4473bb37ff8ca45b830d61c35bb7,6686,size_in_bytes,lib/ocaml/compiler-libs/flambda2_simplify__Data_flow_graph.cmsi,13384
2026-08-05T16:59:20Z,ce90559f55be4473bb37ff8ca45b830d61c35bb7,6686,size_in_bytes,lib/ocaml/compiler-libs/flambda2_reaper__Datalog_helpers.cmsi,27033
2026-08-05T16:59:20Z,ce90559f55be4473bb37ff8ca45b830d61c35bb7,6686,size_in_bytes,lib/ocaml/compiler-libs/flambda2_from_lambda__Closure_conversion_aux.cmsi,61823
2026-08-05T16:59:20Z,ce90559f55be4473bb37ff8ca45b830d61c35bb7,6686,size_in_bytes,lib/ocaml/compiler-libs/flambda2_identifiers__Name.cmsi,14126
2026-08-05T16:59:20Z,ce90559f55be4473bb37ff8ca45b830d61c35bb7,6686,size_in_bytes,lib/ocaml/compiler-libs/flambda2_datalog__Column.cmsi,14946
2026-08-05T16:59:20Z,ce90559f55be4473bb37ff8ca45b830d61c35bb7,6686,size_in_bytes,lib/ocaml/compiler-libs/flambda2_nominal__Num_occurrences.cmsi,11576
2026-08-05T16:59:20Z,ce90559f55be4473bb37ff8ca45b830d61c35bb7,6686,size_in_bytes,lib/ocaml/compiler-libs/flambda2_simplify__Expr_builder.cmsi,25291
2026-08-05T16:59:20Z,ce90559f55be4473bb37ff8ca45b830d61c35bb7,6686,size_in_bytes,lib/ocaml/compiler-libs/flambda2_types__Binding_time.cmsi,13513
2026-08-05T16:59:20Z,ce90559f55be4473bb37ff8ca45b830d61c35bb7,6686,size_in_bytes,lib/ocaml/compiler-libs/flambda2_identifiers__Continuation.cmsi,13664
2026-08-05T16:59:20Z,ce90559f55be4473bb37ff8ca45b830d61c35bb7,6686,size_in_bytes,lib/ocaml/compiler-libs/flambda2_terms__Inline_attribute.cmsi,12529
2026-08-05T16:59:20Z,ce90559f55be4473bb37ff8ca45b830d61c35bb7,6686,size_in_bytes,lib/ocaml/compiler-libs/flambda2_bound_identifiers__Bound_pattern.cmsi,15509
2026-08-05T16:59:20Z,ce90559f55be4473bb37ff8ca45b830d61c35bb7,6686,size_in_bytes,lib/ocaml/compiler-libs/flambda2_to_cmm__To_cmm_result.cmsi,18825
2026-08-05T16:59:20Z,ce90559f55be4473bb37ff8ca45b830d61c35bb7,6686,size_in_bytes,lib/ocaml/compiler-libs/flambda2_simplify__Upwards_env.cmsi,16886
2026-08-05T16:59:20Z,ce90559f55be4473bb37ff8ca45b830d61c35bb7,6686,size_in_bytes,lib/ocaml/compiler-libs/flambda2_term_basics__Continuation_use_kind.cmsi,11491
2026-08-05T16:59:20Z,ce90559f55be4473bb37ff8ca45b830d61c35bb7,6686,size_in_bytes,lib/ocaml/compiler-libs/flambda2_simplify__Are_lifting_conts.cmsi,15704
2026-08-05T16:59:20Z,ce90559f55be4473bb37ff8ca45b830d61c35bb7,6686,size_in_bytes,lib/ocaml/compiler-libs/flambda2_simplify_shared__Function_decl_inlining_decision.cmsi,12041
2026-08-05T16:59:20Z,ce90559f55be4473bb37ff8ca45b830d61c35bb7,6686,size_in_bytes,lib/ocaml/compiler-libs/flambda2_simplify__Simplify_rec_info_expr.cmsi,13715
2026-08-05T16:59:20Z,ce90559f55be4473bb37ff8ca45b830d61c35bb7,6686,size_in_bytes,lib/ocaml/compiler-libs/flambda2_simplify__Join_points.cmsi,13319
2026-08-05T16:59:20Z,ce90559f55be4473bb37ff8ca45b830d61c35bb7,6686,size_in_bytes,lib/ocaml/compiler-libs/flambda2_numbers__Vector_types.cmsi,15113
2026-08-05T16:59:20Z,ce90559f55be4473bb37ff8ca45b830d61c35bb7,6686,size_in_bytes,lib/ocaml/compiler-libs/flambda2_simplify__Unboxing_epa.cmsi,13846
2026-08-05T16:59:20Z,ce90559f55be4473bb37ff8ca45b830d61c35bb7,6686,size_in_bytes,lib/ocaml/compiler-libs/flambda2_kinds__Flambda_kind.cmsi,36277
2026-08-05T16:59:20Z,ce90559f55be4473bb37ff8ca45b830d61c35bb7,6686,size_in_bytes,lib/ocaml/compiler-libs/flambda2_simplify__Lifted_constant.cmsi,21815
2026-08-05T16:59:20Z,ce90559f55be4473bb37ff8ca45b830d61c35bb7,6686,size_in_bytes,lib/ocaml/compiler-libs/flambda2_terms__Exn_continuation.cmsi,14932
2026-08-05T16:59:20Z,ce90559f55be4473bb37ff8ca45b830d61c35bb7,6686,size_in_bytes,lib/ocaml/compiler-libs/flambda2_simplify__Loopify_state.cmsi,11926
2026-08-05T16:59:20Z,ce90559f55be4473bb37ff8ca45b830d61c35bb7,6686,size_in_bytes,lib/ocaml/compiler-libs/flambda2_nominal__Renaming.cmsi,20525
2026-08-05T16:59:20Z,ce90559f55be4473bb37ff8ca45b830d61c35bb7,6686,size_in_bytes,lib/ocaml/compiler-libs/flambda2_lattices__Or_unknown_or_bottom.cmsi,12422
2026-08-05T16:59:20Z,ce90559f55be4473bb37ff8ca45b830d61c35bb7,6686,size_in_bytes,lib/ocaml/compiler-libs/flambda2_simplify__Simplify_apply_expr.cmsi,11996
2026-08-05T16:59:20Z,ce90559f55be4473bb37ff8ca45b830d61c35bb7,6686,size_in_bytes,lib/ocaml/compiler-libs/flambda2_parser__Parse_flambda.cmsi,10957
2026-08-05T16:59:20Z,ce90559f55be4473bb37ff8ca45b830d61c35bb7,6686,size_in_bytes,lib/ocaml/compiler-libs/flambda2_simplify__Continuation_uses.cmsi,15796
2026-08-05T16:59:20Z,ce90559f55be4473bb37ff8ca45b830d61c35bb7,6686,size_in_bytes,lib/ocaml/compiler-libs/flambda2_terms__Recursive.cmsi,11779
2026-08-05T16:59:20Z,ce90559f55be4473bb37ff8ca45b830d61c35bb7,6686,size_in_bytes,lib/ocaml/compiler-libs/flambda2_types__Cached_level.cmsi,16155
2026-08-05T16:59:20Z,ce90559f55be4473bb37ff8ca45b830d61c35bb7,6686,size_in_bytes,lib/ocaml/compiler-libs/flambda2_terms__Zero_alloc_attribute.cmsi,12579
2026-08-05T16:59:20Z,ce90559f55be4473bb37ff8ca45b830d61c35bb7,6686,size_in_bytes,lib/ocaml/compiler-libs/flambda2_compare__Compare.cmsi,11366
2026-08-05T16:59:20Z,ce90559f55be4473bb37ff8ca45b830d61c35bb7,6686,size_in_bytes,lib/ocaml/compiler-libs/flambda2_simplify__Simplify_set_of_closures.cmsi,16363
2026-08-05T16:59:20Z,ce90559f55be4473bb37ff8ca45b830d61c35bb7,6686,size_in_bytes,lib/ocaml/compiler-libs/flambda2_types__More_type_creators.cmsi,36665
2026-08-05T16:59:20Z,ce90559f55be4473bb37ff8ca45b830d61c35bb7,6686,size_in_bytes,lib/ocaml/compiler-libs/flambda2_terms__Static_const.cmsi,34883
2026-08-05T16:59:20Z,ce90559f55be4473bb37ff8ca45b830d61c35bb7,6686,size_in_bytes,lib/ocaml/compiler-libs/flambda2_simplify__Simplify.cmsi,13538
2026-08-05T16:59:20Z,ce90559f55be4473bb37ff8ca45b830d61c35bb7,6686,size_in_bytes,lib/ocaml/compiler-libs/flambda2_simplify__Continuation_shortcut.cmsi,13021
2026-08-05T16:59:20Z,ce90559f55be4473bb37ff8ca45b830d61c35bb7,6686,size_in_bytes,lib/ocaml/compiler-libs/flambda2_reaper__Rev_expr.cmsi,17755
2026-08-05T16:59:20Z,ce90559f55be4473bb37ff8ca45b830d61c35bb7,6686,size_in_bytes,lib/ocaml/compiler-libs/flambda2_types__Typing_env_extension.cmsi,17348
2026-08-05T16:59:20Z,ce90559f55be4473bb37ff8ca45b830d61c35bb7,6686,size_in_bytes,lib/ocaml/compiler-libs/flambda2_nominal__Name_abstraction.cmsi,16582
2026-08-05T16:59:20Z,ce90559f55be4473bb37ff8ca45b830d61c35bb7,6686,size_in_bytes,lib/ocaml/compiler-libs/flambda2_term_basics__Coercion.cmsi,12168
2026-08-05T16:59:20Z,ce90559f55be4473bb37ff8ca45b830d61c35bb7,6686,size_in_bytes,lib/ocaml/compiler-libs/flambda2_reaper__Traverse.cmsi,13724
2026-08-05T16:59:20Z,ce90559f55be4473bb37ff8ca45b830d61c35bb7,6686,size_in_bytes,lib/ocaml/compiler-libs/flambda2_from_lambda__Lambda_to_flambda_env.cmsi,27883
2026-08-05T16:59:20Z,ce90559f55be4473bb37ff8ca45b830d61c35bb7,6686,size_in_bytes,lib/ocaml/compiler-libs/flambda2_floats__Float32.cmsi,14454
2026-08-05T16:59:20Z,ce90559f55be4473bb37ff8ca45b830d61c35bb7,6686,size_in_bytes,lib/ocaml/compiler-libs/flambda2_algorithms__Or_null.cmsi,12714
2026-08-05T16:59:20Z,ce90559f55be4473bb37ff8ca45b830d61c35bb7,6686,size_in_bytes,lib/ocaml/compiler-libs/flambda2_simplify__Simplify_import.cmsi,17332
2026-08-05T16:59:20Z,ce90559f55be4473bb37ff8ca45b830d61c35bb7,6686,size_in_bytes,lib/ocaml/compiler-libs/flambda2_bound_identifiers__Bound_for_function.cmsi,14235
2026-08-05T16:59:20Z,ce90559f55be4473bb37ff8ca45b830d61c35bb7,6686,size_in_bytes,lib/ocaml/compiler-libs/flambda2_bound_identifiers__Bound_name.cmsi,12867
2026-08-05T16:59:20Z,ce90559f55be4473bb37ff8ca45b830d61c35bb7,6686,size_in_bytes,lib/ocaml/compiler-libs/flambda2_term_basics__Tag_and_size.cmsi,12078
2026-08-05T16:59:20Z,ce90559f55be4473bb37ff8ca45b830d61c35bb7,6686,size_in_bytes,lib/ocaml/compiler-libs/flambda2_identifiers__Rec_info_expr0.cmsi,17062
2026-08-05T16:59:20Z,ce90559f55be4473bb37ff8ca45b830d61c35bb7,6686,size_in_bytes,lib/ocaml/compiler-libs/flambda2_to_jsir__To_jsir_set_of_closures.cmsi,14044
2026-08-05T16:59:20Z,ce90559f55be4473bb37ff8ca45b830d61c35bb7,6686,size_in_bytes,lib/ocaml/compiler-libs/flambda2_types.cmsi,128202
2026-08-05T16:59:20Z,ce90559f55be4473bb37ff8ca45b830d61c35bb7,6686,size_in_bytes,lib/ocaml/compiler-libs/flambda2_types__Traversals.cmsi,25795
2026-08-05T16:59:20Z,ce90559f55be4473bb37ff8ca45b830d61c35bb7,6686,size_in_bytes,lib/ocaml/compiler-libs/flambda2_simplify__Unboxing_types.cmsi,20137
2026-08-05T16:59:20Z,ce90559f55be4473bb37ff8ca45b830d61c35bb7,6686,size_in_bytes,lib/ocaml/compiler-libs/flambda2_terms__Effects.cmsi,16650
2026-08-05T16:59:20Z,ce90559f55be4473bb37ff8ca45b830d61c35bb7,6686,size_in_bytes,lib/ocaml/compiler-libs/flambda2_identifiers__Slot.cmsi,13147
2026-08-05T16:59:20Z,ce90559f55be4473bb37ff8ca45b830d61c35bb7,6686,size_in_bytes,lib/ocaml/compiler-libs/flambda2_numbers__Numeric_types.cmsi,20837
2026-08-05T16:59:20Z,ce90559f55be4473bb37ff8ca45b830d61c35bb7,6686,size_in_bytes,lib/ocaml/compiler-libs/flambda2_simplify_shared__Slot_offsets.cmsi,21280
2026-08-05T16:59:20Z,ce90559f55be4473bb37ff8ca45b830d61c35bb7,6686,size_in_bytes,lib/ocaml/compiler-libs/flambda2_terms__Mutability.cmsi,13273
2026-08-05T16:59:20Z,ce90559f55be4473bb37ff8ca45b830d61c35bb7,6686,size_in_bytes,lib/ocaml/compiler-libs/flambda2_simplify__Flow_types.cmsi,28733
2026-08-05T16:59:20Z,ce90559f55be4473bb37ff8ca45b830d61c35bb7,6686,size_in_bytes,lib/ocaml/compiler-libs/flambda2_parser__Print_fexpr.cmsi,10605
2026-08-05T16:59:20Z,ce90559f55be4473bb37ff8ca45b830d61c35bb7,6686,size_in_bytes,lib/ocaml/compiler-libs/flambda2_simplify__Simplify_variadic_primitive.cmsi,12694
2026-08-05T16:59:20Z,ce90559f55be4473bb37ff8ca45b830d61c35bb7,6686,size_in_bytes,lib/ocaml/compiler-libs/flambda2_lattices__Or_unknown.cmsi,14330
2026-08-05T16:59:20Z,ce90559f55be4473bb37ff8ca45b830d61c35bb7,6686,size_in_bytes,lib/ocaml/compiler-libs/flambda2_datalog__Schedule.cmsi,12765
2026-08-05T16:59:20Z,ce90559f55be4473bb37ff8ca45b830d61c35bb7,6686,size_in_bytes,lib/ocaml/compiler-libs/flambda2_cmx__Flambda_cmx.cmsi,15510
2026-08-05T16:59:20Z,ce90559f55be4473bb37ff8ca45b830d61c35bb7,6686,size_in_bytes,lib/ocaml/compiler-libs/flambda2_types__Equal_types_for_debug.cmsi,14747
2026-08-05T16:59:20Z,ce90559f55be4473bb37ff8ca45b830d61c35bb7,6686,size_in_bytes,lib/ocaml/compiler-libs/flambda2_classic_mode_types__Value_approximation.cmsi,13801
2026-08-05T16:59:20Z,ce90559f55be4473bb37ff8ca45b830d61c35bb7,6686,size_in_bytes,lib/ocaml/compiler-libs/flambda2_simplify__Simplify_common.cmsi,26827
2026-08-05T16:59:20Z,ce90559f55be4473bb37ff8ca45b830d61c35bb7,6686,size_in_bytes,lib/ocaml/compiler-libs/flambda2_algorithms__Container_types.cmsi,14022
2026-08-05T16:59:20Z,ce90559f55be4473bb37ff8ca45b830d61c35bb7,6686,size_in_bytes,lib/ocaml/compiler-libs/flambda2_terms__Code_metadata.cmsi,23978
2026-08-05T16:59:20Z,ce90559f55be4473bb37ff8ca45b830d61c35bb7,6686,size_in_bytes,lib/ocaml/compiler-libs/flambda2_simplify__Is_unboxing_beneficial.cmsi,11866
2026-08-05T16:59:20Z,ce90559f55be4473bb37ff8ca45b830d61c35bb7,6686,size_in_bytes,lib/ocaml/compiler-libs/flambda2_term_basics__Value_slot_set.cmsi,12112
2026-08-05T16:59:20Z,ce90559f55be4473bb37ff8ca45b830d61c35bb7,6686,size_in_bytes,lib/ocaml/compiler-libs/flambda2_terms__Flambda.cmsi,69565
2026-08-05T16:59:20Z,ce90559f55be4473bb37ff8ca45b830d61c35bb7,6686,size_in_bytes,lib/ocaml/compiler-libs/flambda2_simplify__Continuation_uses_env.cmsi,14238
2026-08-05T16:59:20Z,ce90559f55be4473bb37ff8ca45b830d61c35bb7,6686,size_in_bytes,lib/ocaml/compiler-libs/flambda2_simplify__Simplify_binary_primitive.cmsi,12818
2026-08-05T16:59:20Z,ce90559f55be4473bb37ff8ca45b830d61c35bb7,6686,size_in_bytes,lib/ocaml/compiler-libs/flambda2_parser__Flambda_lex.cmsi,10866
2026-08-05T16:59:20Z,ce90559f55be4473bb37ff8ca45b830d61c35bb7,6686,size_in_bytes,lib/ocaml/compiler-libs/flambda2_types__Reify.cmsi,18860
2026-08-05T16:59:20Z,ce90559f55be4473bb37ff8ca45b830d61c35bb7,6686,size_in_bytes,lib/ocaml/compiler-libs/flambda2_to_cmm__To_cmm_set_of_closures.cmsi,15929
2026-08-05T16:59:20Z,ce90559f55be4473bb37ff8ca45b830d61c35bb7,6686,size_in_bytes,lib/ocaml/compiler-libs/flambda2_to_jsir__To_jsir_result.cmsi,21036
2026-08-05T16:59:20Z,ce90559f55be4473bb37ff8ca45b830d61c35bb7,6686,size_in_bytes,lib/ocaml/compiler-libs/flambda2_terms__Flambda_primitive.cmsi,88629
2026-08-05T16:59:20Z,ce90559f55be4473bb37ff8ca45b830d61c35bb7,6686,size_in_bytes,lib/ocaml/compiler-libs/flambda2_to_cmm__To_cmm.cmsi,12016
2026-08-05T16:59:20Z,ce90559f55be4473bb37ff8ca45b830d61c35bb7,6686,size_in_bytes,lib/ocaml/compiler-libs/flambda2_algorithms__Table_by_int_id.cmsi,12661
2026-08-05T16:59:20Z,ce90559f55be4473bb37ff8ca45b830d61c35bb7,6686,size_in_bytes,lib/ocaml/compiler-libs/flambda2_simplify__Simplify_primitive_result.cmsi,15197
2026-08-05T16:59:20Z,ce90559f55be4473bb37ff8ca45b830d61c35bb7,6686,size_in_bytes,lib/ocaml/compiler-libs/flambda2_terms__Result_types.cmsi,13083
2026-08-05T16:59:20Z,ce90559f55be4473bb37ff8ca45b830d61c35bb7,6686,size_in_bytes,lib/ocaml/compiler-libs/flambda2_terms__Coeffects.cmsi,13933
2026-08-05T16:59:20Z,ce90559f55be4473bb37ff8ca45b830d61c35bb7,6686,size_in_bytes,lib/ocaml/compiler-libs/flambda2_datalog__Value.cmsi,12551
2026-08-05T16:59:20Z,ce90559f55be4473bb37ff8ca45b830d61c35bb7,6686,size_in_bytes,lib/ocaml/compiler-libs/flambda2_identifiers__Coercion0.cmsi,15032
2026-08-05T16:59:20Z,ce90559f55be4473bb37ff8ca45b830d61c35bb7,6686,size_in_bytes,lib/ocaml/stdlib_beta/stdlib_beta.cmsi,11098
2026-08-05T16:59:20Z,ce90559f55be4473bb37ff8ca45b830d61c35bb7,6686,size_in_bytes,lib/ocaml/stdlib_upstream_compatible/stdlib_upstream_compatible__Float_u.cmsi,40700
2026-08-05T16:59:20Z,ce90559f55be4473bb37ff8ca45b830d61c35bb7,6686,size_in_bytes,lib/ocaml/stdlib_upstream_compatible/stdlib_upstream_compatible__Nativeint_u.cmsi,27976
2026-08-05T16:59:20Z,ce90559f55be4473bb37ff8ca45b830d61c35bb7,6686,size_in_bytes,lib/ocaml/stdlib_upstream_compatible/stdlib_upstream_compatible__Int32_u.cmsi,26473
2026-08-05T16:59:20Z,ce90559f55be4473bb37ff8ca45b830d61c35bb7,6686,size_in_bytes,lib/ocaml/stdlib_upstream_compatible/stdlib_upstream_compatible__Int64_u.cmsi,30214
2026-08-05T16:59:20Z,ce90559f55be4473bb37ff8ca45b830d61c35bb7,6686,size_in_bytes,lib/ocaml/stdlib_upstream_compatible/stdlib_upstream_compatible.cmsi,9180
2026-08-05T16:59:20Z,ce90559f55be4473bb37ff8ca45b830d61c35bb7,6686,size_in_bytes,lib/ocaml/stdlib_alpha/stdlib_alpha.cmsi,11101
2026-08-05T16:59:20Z,ce90559f55be4473bb37ff8ca45b830d61c35bb7,6686,size_in_bytes,lib/ocaml/stdlib__Char.cmt,170979
2026-08-05T16:59:20Z,ce90559f55be4473bb37ff8ca45b830d61c35bb7,6686,size_in_bytes,lib/ocaml/stdlib__Obj.cmt,245503
2026-08-05T16:59:20Z,ce90559f55be4473bb37ff8ca45b830d61c35bb7,6686,size_in_bytes,lib/ocaml/stdlib__Complex.cmt,200724
2026-08-05T16:59:20Z,ce90559f55be4473bb37ff8ca45b830d61c35bb7,6686,size_in_bytes,lib/ocaml/stdlib__Domain.cmt,544806
2026-08-05T16:59:20Z,ce90559f55be4473bb37ff8ca45b830d61c35bb7,6686,size_in_bytes,lib/ocaml/compiler_owee__Owee_elf_notes.cmt,242808
2026-08-05T16:59:20Z,ce90559f55be4473bb37ff8ca45b830d61c35bb7,6686,size_in_bytes,lib/ocaml/stdlib__ArrayLabels.cmt,54045
2026-08-05T16:59:20Z,ce90559f55be4473bb37ff8ca45b830d61c35bb7,6686,size_in_bytes,lib/ocaml/stdlib__Parsing.cmt,207765
2026-08-05T16:59:20Z,ce90559f55be4473bb37ff8ca45b830d61c35bb7,6686,size_in_bytes,lib/ocaml/compiler_owee__Owee_archive.cmt,286218
2026-08-05T16:59:20Z,ce90559f55be4473bb37ff8ca45b830d61c35bb7,6686,size_in_bytes,lib/ocaml/compiler_owee__Owee_elf_relocation.cmt,139927
2026-08-05T16:59:20Z,ce90559f55be4473bb37ff8ca45b830d61c35bb7,6686,size_in_bytes,lib/ocaml/compiler_owee__Owee_elf.cmt,852607
2026-08-05T16:59:20Z,ce90559f55be4473bb37ff8ca45b830d61c35bb7,6686,size_in_bytes,lib/ocaml/stdlib__Uchar.cmt,145941
2026-08-05T16:59:20Z,ce90559f55be4473bb37ff8ca45b830d61c35bb7,6686,size_in_bytes,lib/ocaml/stdlib__Arg.cmt,586426
2026-08-05T16:59:20Z,ce90559f55be4473bb37ff8ca45b830d61c35bb7,6686,size_in_bytes,lib/ocaml/stdlib__Backoff.cmt,96170
2026-08-05T16:59:20Z,ce90559f55be4473bb37ff8ca45b830d61c35bb7,6686,size_in_bytes,lib/ocaml/stdlib__Digest.cmt,299329
2026-08-05T16:59:20Z,ce90559f55be4473bb37ff8ca45b830d61c35bb7,6686,size_in_bytes,lib/ocaml/stdlib__Condition.cmt,16041
2026-08-05T16:59:20Z,ce90559f55be4473bb37ff8ca45b830d61c35bb7,6686,size_in_bytes,lib/ocaml/compiler_owee__Owee_buf.cmt,326201
2026-08-05T16:59:20Z,ce90559f55be4473bb37ff8ca45b830d61c35bb7,6686,size_in_bytes,lib/ocaml/stdlib__Hashtbl.cmt,1192499
2026-08-05T16:59:20Z,ce90559f55be4473bb37ff8ca45b830d61c35bb7,6686,size_in_bytes,lib/ocaml/stdlib__Set.cmt,1770141
2026-08-05T16:59:20Z,ce90559f55be4473bb37ff8ca45b830d61c35bb7,6686,size_in_bytes,lib/ocaml/stdlib__String.cmt,764612
2026-08-05T16:59:20Z,ce90559f55be4473bb37ff8ca45b830d61c35bb7,6686,size_in_bytes,lib/ocaml/stdlib__Result.cmt,104119
2026-08-05T16:59:20Z,ce90559f55be4473bb37ff8ca45b830d61c35bb7,6686,size_in_bytes,lib/ocaml/stdlib__MoreLabels.cmt,21556
2026-08-05T16:59:20Z,ce90559f55be4473bb37ff8ca45b830d61c35bb7,6686,size_in_bytes,lib/ocaml/camlinternalFormatBasics.cmt,523083
2026-08-05T16:59:20Z,ce90559f55be4473bb37ff8ca45b830d61c35bb7,6686,size_in_bytes,lib/ocaml/stdlib__Int64.cmt,131602
2026-08-05T16:59:20Z,ce90559f55be4473bb37ff8ca45b830d61c35bb7,6686,size_in_bytes,lib/ocaml/compiler_owee.cmt,21916
2026-08-05T16:59:20Z,ce90559f55be4473bb37ff8ca45b830d61c35bb7,6686,size_in_bytes,lib/ocaml/stdlib__Lexing.cmt,228972
2026-08-05T16:59:20Z,ce90559f55be4473bb37ff8ca45b830d61c35bb7,6686,size_in_bytes,lib/ocaml/compiler_owee__Owee_debug_line.cmt,377886
2026-08-05T16:59:20Z,ce90559f55be4473bb37ff8ca45b830d61c35bb7,6686,size_in_bytes,lib/ocaml/eval.cmt,226800
2026-08-05T16:59:20Z,ce90559f55be4473bb37ff8ca45b830d61c35bb7,6686,size_in_bytes,lib/ocaml/camlinternalLazy.cmt,87789
2026-08-05T16:59:20Z,ce90559f55be4473bb37ff8ca45b830d61c35bb7,6686,size_in_bytes,lib/ocaml/stdlib__Atomic.cmt,50117
2026-08-05T16:59:20Z,ce90559f55be4473bb37ff8ca45b830d61c35bb7,6686,size_in_bytes,lib/ocaml/stdlib__Random.cmt,532022
2026-08-05T16:59:20Z,ce90559f55be4473bb37ff8ca45b830d61c35bb7,6686,size_in_bytes,lib/ocaml/compiler_owee__Owee_traverse.cmt,228178
2026-08-05T16:59:20Z,ce90559f55be4473bb37ff8ca45b830d61c35bb7,6686,size_in_bytes,lib/ocaml/stdlib__Int32.cmt,136902
2026-08-05T16:59:20Z,ce90559f55be4473bb37ff8ca45b830d61c35bb7,6686,size_in_bytes,lib/ocaml/stdlib__Printf.cmt,71223
2026-08-05T16:59:20Z,ce90559f55be4473bb37ff8ca45b830d61c35bb7,6686,size_in_bytes,lib/ocaml/stdlib__Seq.cmt,698330
2026-08-05T16:59:20Z,ce90559f55be4473bb37ff8ca45b830d61c35bb7,6686,size_in_bytes,lib/ocaml/stdlib__StdLabels.cmt,14034
2026-08-05T16:59:20Z,ce90559f55be4473bb37ff8ca45b830d61c35bb7,6686,size_in_bytes,lib/ocaml/stdlib__List.cmt,1059385
2026-08-05T16:59:20Z,ce90559f55be4473bb37ff8ca45b830d61c35bb7,6686,size_in_bytes,lib/ocaml/compiler_owee__Owee_object.cmt,209535
2026-08-05T16:59:20Z,ce90559f55be4473bb37ff8ca45b830d61c35bb7,6686,size_in_bytes,lib/ocaml/stdlib__Buffer.cmt,641653
2026-08-05T16:59:20Z,ce90559f55be4473bb37ff8ca45b830d61c35bb7,6686,size_in_bytes,lib/ocaml/stdlib__Fun.cmt,43501
2026-08-05T16:59:20Z,ce90559f55be4473bb37ff8ca45b830d61c35bb7,6686,size_in_bytes,lib/ocaml/stdlib__Stack.cmt,79162
2026-08-05T16:59:20Z,ce90559f55be4473bb37ff8ca45b830d61c35bb7,6686,size_in_bytes,lib/ocaml/stdlib__Float.cmt,1016236
2026-08-05T16:59:20Z,ce90559f55be4473bb37ff8ca45b830d61c35bb7,6686,size_in_bytes,lib/ocaml/stdlib__Mutex.cmt,23705
2026-08-05T16:59:20Z,ce90559f55be4473bb37ff8ca45b830d61c35bb7,6686,size_in_bytes,lib/ocaml/stdlib__BytesLabels.cmt,77959
2026-08-05T16:59:20Z,ce90559f55be4473bb37ff8ca45b830d61c35bb7,6686,size_in_bytes,lib/ocaml/stdlib__StringLabels.cmt,58349
2026-08-05T16:59:20Z,ce90559f55be4473bb37ff8ca45b830d61c35bb7,6686,size_in_bytes,lib/ocaml/stdlib__Bool.cmt,33715
2026-08-05T16:59:20Z,ce90559f55be4473bb37ff8ca45b830d61c35bb7,6686,size_in_bytes,lib/ocaml/stdlib__Out_channel.cmt,77894
2026-08-05T16:59:20Z,ce90559f55be4473bb37ff8ca45b830d61c35bb7,6686,size_in_bytes,lib/ocaml/compiler_owee__Owee_form.cmt,74492
2026-08-05T16:59:20Z,ce90559f55be4473bb37ff8ca45b830d61c35bb7,6686,size_in_bytes,lib/ocaml/stdlib__Pqueue.cmt,289389
2026-08-05T16:59:20Z,ce90559f55be4473bb37ff8ca45b830d61c35bb7,6686,size_in_bytes,lib/ocaml/compiler_owee__Owee_macho.cmt,983188
2026-08-05T16:59:20Z,ce90559f55be4473bb37ff8ca45b830d61c35bb7,6686,size_in_bytes,lib/ocaml/stdlib__Filename.cmt,670648
2026-08-05T16:59:20Z,ce90559f55be4473bb37ff8ca45b830d61c35bb7,6686,size_in_bytes,lib/ocaml/stdlib__Array.cmt,1064065
2026-08-05T16:59:20Z,ce90559f55be4473bb37ff8ca45b830d61c35bb7,6686,size_in_bytes,lib/ocaml/compiler_owee__Owee_linux_maps.cmt,67591
2026-08-05T16:59:20Z,ce90559f55be4473bb37ff8ca45b830d61c35bb7,6686,size_in_bytes,lib/ocaml/compiler_owee__Owee_interval_map.cmt,322726
2026-08-05T16:59:20Z,ce90559f55be4473bb37ff8ca45b830d61c35bb7,6686,size_in_bytes,lib/ocaml/stdlib__Modes.cmt,23293
2026-08-05T16:59:20Z,ce90559f55be4473bb37ff8ca45b830d61c35bb7,6686,size_in_bytes,lib/ocaml/stdlib__Printexc.cmt,389679
2026-08-05T16:59:20Z,ce90559f55be4473bb37ff8ca45b830d61c35bb7,6686,size_in_bytes,lib/ocaml/stdlib__Option.cmt,62724
2026-08-05T16:59:20Z,ce90559f55be4473bb37ff8ca45b830d61c35bb7,6686,size_in_bytes,lib/ocaml/camlinternalFormat.cmt,5161266
2026-08-05T16:59:20Z,ce90559f55be4473bb37ff8ca45b830d61c35bb7,6686,size_in_bytes,lib/ocaml/stdlib.cmt,623476
2026-08-05T16:59:20Z,ce90559f55be4473bb37ff8ca45b830d61c35bb7,6686,size_in_bytes,lib/ocaml/stdlib__Either.cmt,72381
2026-08-05T16:59:20Z,ce90559f55be4473bb37ff8ca45b830d61c35bb7,6686,size_in_bytes,lib/ocaml/compiler_owee__Owee_location.cmt,315407
2026-08-05T16:59:20Z,ce90559f55be4473bb37ff8ca45b830d61c35bb7,6686,size_in_bytes,lib/ocaml/stdlib__Oo.cmt,15885
2026-08-05T16:59:20Z,ce90559f55be4473bb37ff8ca45b830d61c35bb7,6686,size_in_bytes,lib/ocaml/stdlib__Scanf.cmt,1899526
2026-08-05T16:59:20Z,ce90559f55be4473bb37ff8ca45b830d61c35bb7,6686,size_in_bytes,lib/ocaml/stdlib__Lazy.cmt,58080
2026-08-05T16:59:20Z,ce90559f55be4473bb37ff8ca45b830d61c35bb7,6686,size_in_bytes,lib/ocaml/stdlib__Ephemeron.cmt,1870685
2026-08-05T16:59:20Z,ce90559f55be4473bb37ff8ca45b830d61c35bb7,6686,size_in_bytes,lib/ocaml/stdlib__Repr.cmt,16969
2026-08-05T16:59:20Z,ce90559f55be4473bb37ff8ca45b830d61c35bb7,6686,size_in_bytes,lib/ocaml/stdlib__Sys.cmt,242693
2026-08-05T16:59:20Z,ce90559f55be4473bb37ff8ca45b830d61c35bb7,6686,size_in_bytes,lib/ocaml/camlinternalQuote.cmt,4296839
2026-08-05T16:59:20Z,ce90559f55be4473bb37ff8ca45b830d61c35bb7,6686,size_in_bytes,lib/ocaml/opttopdirs.cmt,221316
2026-08-05T16:59:20Z,ce90559f55be4473bb37ff8ca45b830d61c35bb7,6686,size_in_bytes,lib/ocaml/stdlib__Type.cmt,29142
2026-08-05T16:59:20Z,ce90559f55be4473bb37ff8ca45b830d61c35bb7,6686,size_in_bytes,lib/ocaml/stdlib__Gc.cmt,207162
2026-08-05T16:59:20Z,ce90559f55be4473bb37ff8ca45b830d61c35bb7,6686,size_in_bytes,lib/ocaml/stdlib__Queue.cmt,145960
2026-08-05T16:59:20Z,ce90559f55be4473bb37ff8ca45b830d61c35bb7,6686,size_in_bytes,lib/ocaml/stdlib__Iarray.cmt,515149
2026-08-05T16:59:20Z,ce90559f55be4473bb37ff8ca45b830d61c35bb7,6686,size_in_bytes,lib/ocaml/stdlib__Format.cmt,1882542
2026-08-05T16:59:20Z,ce90559f55be4473bb37ff8ca45b830d61c35bb7,6686,size_in_bytes,lib/ocaml/stdlib__Int.cmt,64566
2026-08-05T16:59:20Z,ce90559f55be4473bb37ff8ca45b830d61c35bb7,6686,size_in_bytes,lib/ocaml/compiler_owee__Unix_intf.cmt,31835
2026-08-05T16:59:20Z,ce90559f55be4473bb37ff8ca45b830d61c35bb7,6686,size_in_bytes,lib/ocaml/camlinternalAtomic.cmt,40399
2026-08-05T16:59:20Z,ce90559f55be4473bb37ff8ca45b830d61c35bb7,6686,size_in_bytes,lib/ocaml/topdirs.cmt,696616
2026-08-05T16:59:20Z,ce90559f55be4473bb37ff8ca45b830d61c35bb7,6686,size_in_bytes,lib/ocaml/camlinternalMod.cmt,106123
2026-08-05T16:59:20Z,ce90559f55be4473bb37ff8ca45b830d61c35bb7,6686,size_in_bytes,lib/ocaml/compiler_owee__Owee_elf_string_table.cmt,35298
2026-08-05T16:59:20Z,ce90559f55be4473bb37ff8ca45b830d61c35bb7,6686,size_in_bytes,lib/ocaml/stdlib__Unit.cmt,17116
2026-08-05T16:59:20Z,ce90559f55be4473bb37ff8ca45b830d61c35bb7,6686,size_in_bytes,lib/ocaml/std_exit.cmt,13226
2026-08-05T16:59:20Z,ce90559f55be4473bb37ff8ca45b830d61c35bb7,6686,size_in_bytes,lib/ocaml/stdlib__Nativeint.cmt,135152
2026-08-05T16:59:20Z,ce90559f55be4473bb37ff8ca45b830d61c35bb7,6686,size_in_bytes,lib/ocaml/stdlib__Weak.cmt,627989
2026-08-05T16:59:20Z,ce90559f55be4473bb37ff8ca45b830d61c35bb7,6686,size_in_bytes,lib/ocaml/compiler_owee__Owee_graph.cmt,227507
2026-08-05T16:59:20Z,ce90559f55be4473bb37ff8ca45b830d61c35bb7,6686,size_in_bytes,lib/ocaml/compiler_owee__Owee_marker.cmt,224582
2026-08-05T16:59:20Z,ce90559f55be4473bb37ff8ca45b830d61c35bb7,6686,size_in_bytes,lib/ocaml/stdlib__Dynarray.cmt,1443788
2026-08-05T16:59:20Z,ce90559f55be4473bb37ff8ca45b830d61c35bb7,6686,size_in_bytes,lib/ocaml/stdlib__Callback.cmt,35214
2026-08-05T16:59:20Z,ce90559f55be4473bb37ff8ca45b830d61c35bb7,6686,size_in_bytes,lib/ocaml/stdlib__In_channel.cmt,235854
2026-08-05T16:59:20Z,ce90559f55be4473bb37ff8ca45b830d61c35bb7,6686,size_in_bytes,lib/ocaml/stdlib__ListLabels.cmt,69606
2026-08-05T16:59:20Z,ce90559f55be4473bb37ff8ca45b830d61c35bb7,6686,size_in_bytes,lib/ocaml/stdlib__Dynamic.cmt,26646
2026-08-05T16:59:20Z,ce90559f55be4473bb37ff8ca45b830d61c35bb7,6686,size_in_bytes,lib/ocaml/camlinternalComprehension.cmt,49787
2026-08-05T16:59:20Z,ce90559f55be4473bb37ff8ca45b830d61c35bb7,6686,size_in_bytes,lib/ocaml/stdlib__Quote.cmt,78105
2026-08-05T16:59:20Z,ce90559f55be4473bb37ff8ca45b830d61c35bb7,6686,size_in_bytes,lib/ocaml/stdlib__Map.cmt,1838993
2026-08-05T16:59:20Z,ce90559f55be4473bb37ff8ca45b830d61c35bb7,6686,size_in_bytes,lib/ocaml/stdlib__Bigarray.cmt,642914
2026-08-05T16:59:20Z,ce90559f55be4473bb37ff8ca45b830d61c35bb7,6686,size_in_bytes,lib/ocaml/stdlib__Semaphore.cmt,78418
2026-08-05T16:59:20Z,ce90559f55be4473bb37ff8ca45b830d61c35bb7,6686,size_in_bytes,lib/ocaml/stdlib__Effect.cmt,698447
2026-08-05T16:59:20Z,ce90559f55be4473bb37ff8ca45b830d61c35bb7,6686,size_in_bytes,lib/ocaml/camlinternalOO.cmt,1023563
2026-08-05T16:59:20Z,ce90559f55be4473bb37ff8ca45b830d61c35bb7,6686,size_in_bytes,lib/ocaml/stdlib__Bytes.cmt,1889546
2026-08-05T16:59:20Z,ce90559f55be4473bb37ff8ca45b830d61c35bb7,6686,size_in_bytes,lib/ocaml/stdlib__Marshal.cmt,79492
2026-08-05T16:59:20Z,ce90559f55be4473bb37ff8ca45b830d61c35bb7,6686,size_in_bytes,lib/ocaml/stdlib__Pair.cmt,57822
2026-08-05T16:59:20Z,ce90559f55be4473bb37ff8ca45b830d61c35bb7,6686,size_in_bytes,lib/ocaml/unix/unixLabels.cmt,162566
2026-08-05T16:59:20Z,ce90559f55be4473bb37ff8ca45b830d61c35bb7,6686,size_in_bytes,lib/ocaml/unix/unix.cmt,1021764
2026-08-05T16:59:20Z,ce90559f55be4473bb37ff8ca45b830d61c35bb7,6686,size_in_bytes,lib/ocaml/dynlink/dynlink.cmt,68577
2026-08-05T16:59:20Z,ce90559f55be4473bb37ff8ca45b830d61c35bb7,6686,size_in_bytes,lib/ocaml/stdlib_stable/stdlib_stable__Int16.cmt,69763
2026-08-05T16:59:20Z,ce90559f55be4473bb37ff8ca45b830d61c35bb7,6686,size_in_bytes,lib/ocaml/stdlib_stable/stdlib_stable__Int.cmt,81943
2026-08-05T16:59:20Z,ce90559f55be4473bb37ff8ca45b830d61c35bb7,6686,size_in_bytes,lib/ocaml/stdlib_stable/stdlib_stable.cmt,15776
2026-08-05T16:59:20Z,ce90559f55be4473bb37ff8ca45b830d61c35bb7,6686,size_in_bytes,lib/ocaml/stdlib_stable/stdlib_stable__Char_u.cmt,51163
2026-08-05T16:59:20Z,ce90559f55be4473bb37ff8ca45b830d61c35bb7,6686,size_in_bytes,lib/ocaml/stdlib_stable/stdlib_stable__.cmt,20094
2026-08-05T16:59:20Z,ce90559f55be4473bb37ff8ca45b830d61c35bb7,6686,size_in_bytes,lib/ocaml/stdlib_stable/stdlib_stable__Idx_mut.cmt,22066
2026-08-05T16:59:20Z,ce90559f55be4473bb37ff8ca45b830d61c35bb7,6686,size_in_bytes,lib/ocaml/stdlib_stable/stdlib_stable__Or_null.cmt,65133
2026-08-05T16:59:20Z,ce90559f55be4473bb37ff8ca45b830d61c35bb7,6686,size_in_bytes,lib/ocaml/stdlib_stable/stdlib_stable__Iarray.cmt,45269
2026-08-05T16:59:20Z,ce90559f55be4473bb37ff8ca45b830d61c35bb7,6686,size_in_bytes,lib/ocaml/stdlib_stable/stdlib_stable__Float32.cmt,254164
2026-08-05T16:59:20Z,ce90559f55be4473bb37ff8ca45b830d61c35bb7,6686,size_in_bytes,lib/ocaml/stdlib_stable/stdlib_stable__Int16_u.cmt,78676
2026-08-05T16:59:20Z,ce90559f55be4473bb37ff8ca45b830d61c35bb7,6686,size_in_bytes,lib/ocaml/stdlib_stable/stdlib_stable__Int_u.cmt,93684
2026-08-05T16:59:20Z,ce90559f55be4473bb37ff8ca45b830d61c35bb7,6686,size_in_bytes,lib/ocaml/stdlib_stable/stdlib_stable__Int8_u.cmt,78576
2026-08-05T16:59:20Z,ce90559f55be4473bb37ff8ca45b830d61c35bb7,6686,size_in_bytes,lib/ocaml/stdlib_stable/stdlib_stable__Float32_u.cmt,531926
2026-08-05T16:59:20Z,ce90559f55be4473bb37ff8ca45b830d61c35bb7,6686,size_in_bytes,lib/ocaml/stdlib_stable/stdlib_stable__Int8.cmt,69676
2026-08-05T16:59:20Z,ce90559f55be4473bb37ff8ca45b830d61c35bb7,6686,size_in_bytes,lib/ocaml/stdlib_stable/stdlib_stable__IarrayLabels.cmt,1326863
2026-08-05T16:59:20Z,ce90559f55be4473bb37ff8ca45b830d61c35bb7,6686,size_in_bytes,lib/ocaml/stdlib_stable/stdlib_stable__Idx_imm.cmt,20683
2026-08-05T16:59:20Z,ce90559f55be4473bb37ff8ca45b830d61c35bb7,6686,size_in_bytes,lib/ocaml/runtime_events/runtime_events.cmt,192585
2026-08-05T16:59:20Z,ce90559f55be4473bb37ff8ca45b830d61c35bb7,6686,size_in_bytes,lib/ocaml/compiler-libs/flambda2_kinds__Flambda_arity.cmt,228819
2026-08-05T16:59:20Z,ce90559f55be4473bb37ff8ca45b830d61c35bb7,6686,size_in_bytes,lib/ocaml/compiler-libs/parser_types.cmt,17853
2026-08-05T16:59:20Z,ce90559f55be4473bb37ff8ca45b830d61c35bb7,6686,size_in_bytes,lib/ocaml/compiler-libs/dwarf_low__Location_list.cmt,20336
2026-08-05T16:59:20Z,ce90559f55be4473bb37ff8ca45b830d61c35bb7,6686,size_in_bytes,lib/ocaml/compiler-libs/flambda2_identifiers__Function_slot.cmt,96172
2026-08-05T16:59:20Z,ce90559f55be4473bb37ff8ca45b830d61c35bb7,6686,size_in_bytes,lib/ocaml/compiler-libs/genprintval.cmt,1200166
2026-08-05T16:59:20Z,ce90559f55be4473bb37ff8ca45b830d61c35bb7,6686,size_in_bytes,lib/ocaml/compiler-libs/flambda2_identifiers__Slot.cmt,329077
2026-08-05T16:59:20Z,ce90559f55be4473bb37ff8ca45b830d61c35bb7,6686,size_in_bytes,lib/ocaml/compiler-libs/flambda2_types__Code_age_relation.cmt,124995
2026-08-05T16:59:20Z,ce90559f55be4473bb37ff8ca45b830d61c35bb7,6686,size_in_bytes,lib/ocaml/compiler-libs/is_parameter.cmt,155833
2026-08-05T16:59:20Z,ce90559f55be4473bb37ff8ca45b830d61c35bb7,6686,size_in_bytes,lib/ocaml/compiler-libs/flambda2_from_lambda.cmt,15978
2026-08-05T16:59:20Z,ce90559f55be4473bb37ff8ca45b830d61c35bb7,6686,size_in_bytes,lib/ocaml/compiler-libs/flambda2_floats__Float32.cmt,30457
2026-08-05T16:59:20Z,ce90559f55be4473bb37ff8ca45b830d61c35bb7,6686,size_in_bytes,lib/ocaml/compiler-libs/config.cmt,303246
2026-08-05T16:59:20Z,ce90559f55be4473bb37ff8ca45b830d61c35bb7,6686,size_in_bytes,lib/ocaml/compiler-libs/arm64_binary_emitter__Bitfield_helpers.cmt,58072
2026-08-05T16:59:20Z,ce90559f55be4473bb37ff8ca45b830d61c35bb7,6686,size_in_bytes,lib/ocaml/compiler-libs/lexer.cmt,1787150
2026-08-05T16:59:20Z,ce90559f55be4473bb37ff8ca45b830d61c35bb7,6686,size_in_bytes,lib/ocaml/compiler-libs/regs_utils.cmt,171640
2026-08-05T16:59:20Z,ce90559f55be4473bb37ff8ca45b830d61c35bb7,6686,size_in_bytes,lib/ocaml/compiler-libs/flambda2_types__Aliases.cmt,1009189
2026-08-05T16:59:20Z,ce90559f55be4473bb37ff8ca45b830d61c35bb7,6686,size_in_bytes,lib/ocaml/compiler-libs/flambda2_simplify__Continuation_uses_env_intf.cmt,42208
2026-08-05T16:59:20Z,ce90559f55be4473bb37ff8ca45b830d61c35bb7,6686,size_in_bytes,lib/ocaml/compiler-libs/flambda2_simplify__Flow_acc.cmt,676508
2026-08-05T16:59:20Z,ce90559f55be4473bb37ff8ca45b830d61c35bb7,6686,size_in_bytes,lib/ocaml/compiler-libs/tmc.cmt,1094203
2026-08-05T16:59:20Z,ce90559f55be4473bb37ff8ca45b830d61c35bb7,6686,size_in_bytes,lib/ocaml/compiler-libs/optlibrarian.cmt,200927
2026-08-05T16:59:20Z,ce90559f55be4473bb37ff8ca45b830d61c35bb7,6686,size_in_bytes,lib/ocaml/compiler-libs/x86_section.cmt,108630
2026-08-05T16:59:20Z,ce90559f55be4473bb37ff8ca45b830d61c35bb7,6686,size_in_bytes,lib/ocaml/compiler-libs/language_extension.cmt,533939
2026-08-05T16:59:20Z,ce90559f55be4473bb37ff8ca45b830d61c35bb7,6686,size_in_bytes,lib/ocaml/compiler-libs/flambda2_datalog__Trie.cmt,390519
2026-08-05T16:59:20Z,ce90559f55be4473bb37ff8ca45b830d61c35bb7,6686,size_in_bytes,lib/ocaml/compiler-libs/flambda2_simplify__Common_subexpression_elimination.cmt,703741
2026-08-05T16:59:20Z,ce90559f55be4473bb37ff8ca45b830d61c35bb7,6686,size_in_bytes,lib/ocaml/compiler-libs/flambda2_algorithms__Container_types.cmt,774479
2026-08-05T16:59:20Z,ce90559f55be4473bb37ff8ca45b830d61c35bb7,6686,size_in_bytes,lib/ocaml/compiler-libs/arm64_binary_emitter__Logical_helpers.cmt,120043
2026-08-05T16:59:20Z,ce90559f55be4473bb37ff8ca45b830d61c35bb7,6686,size_in_bytes,lib/ocaml/compiler-libs/flambda2_algorithms__Container_types_intf.cmt,735424
2026-08-05T16:59:20Z,ce90559f55be4473bb37ff8ca45b830d61c35bb7,6686,size_in_bytes,lib/ocaml/compiler-libs/flambda2_simplify__Simplify_common.cmt,394524
2026-08-05T16:59:20Z,ce90559f55be4473bb37ff8ca45b830d61c35bb7,6686,size_in_bytes,lib/ocaml/compiler-libs/flambda2_simplify__Simplify_quaternary_primitive.cmt,120218
2026-08-05T16:59:20Z,ce90559f55be4473bb37ff8ca45b830d61c35bb7,6686,size_in_bytes,lib/ocaml/compiler-libs/cfg_dataflow.cmt,471017
2026-08-05T16:59:20Z,ce90559f55be4473bb37ff8ca45b830d61c35bb7,6686,size_in_bytes,lib/ocaml/compiler-libs/dwarf_low__Dwarf_4_range_list.cmt,60606
2026-08-05T16:59:20Z,ce90559f55be4473bb37ff8ca45b830d61c35bb7,6686,size_in_bytes,lib/ocaml/compiler-libs/errors.cmt,13787
2026-08-05T16:59:20Z,ce90559f55be4473bb37ff8ca45b830d61c35bb7,6686,size_in_bytes,lib/ocaml/compiler-libs/flambda2_simplify__Replay_history.cmt,256576
2026-08-05T16:59:20Z,ce90559f55be4473bb37ff8ca45b830d61c35bb7,6686,size_in_bytes,lib/ocaml/compiler-libs/flambda2_identifiers__Apply_cont_rewrite_id.cmt,30383
2026-08-05T16:59:20Z,ce90559f55be4473bb37ff8ca45b830d61c35bb7,6686,size_in_bytes,lib/ocaml/compiler-libs/asm_targets.cmt,13584
2026-08-05T16:59:20Z,ce90559f55be4473bb37ff8ca45b830d61c35bb7,6686,size_in_bytes,lib/ocaml/compiler-libs/flambda2_reaper__Field.cmt,378477
2026-08-05T16:59:20Z,ce90559f55be4473bb37ff8ca45b830d61c35bb7,6686,size_in_bytes,lib/ocaml/compiler-libs/dwarf_high__Operator_builder.cmt,151517
2026-08-05T16:59:20Z,ce90559f55be4473bb37ff8ca45b830d61c35bb7,6686,size_in_bytes,lib/ocaml/compiler-libs/signature_group.cmt,180608
2026-08-05T16:59:20Z,ce90559f55be4473bb37ff8ca45b830d61c35bb7,6686,size_in_bytes,lib/ocaml/compiler-libs/flambda2_to_jsir__To_jsir_primitive.cmt,757751
2026-08-05T16:59:20Z,ce90559f55be4473bb37ff8ca45b830d61c35bb7,6686,size_in_bytes,lib/ocaml/compiler-libs/flambda2_simplify_shared.cmt,15981
2026-08-05T16:59:20Z,ce90559f55be4473bb37ff8ca45b830d61c35bb7,6686,size_in_bytes,lib/ocaml/compiler-libs/flambda2_from_lambda__Lambda_to_flambda_env.cmt,639010
2026-08-05T16:59:20Z,ce90559f55be4473bb37ff8ca45b830d61c35bb7,6686,size_in_bytes,lib/ocaml/compiler-libs/flambda2_datalog__Cursor.cmt,497706
2026-08-05T16:59:20Z,ce90559f55be4473bb37ff8ca45b830d61c35bb7,6686,size_in_bytes,lib/ocaml/compiler-libs/flambda2_bound_identifiers__Alloc_mode.cmt,324736
2026-08-05T16:59:20Z,ce90559f55be4473bb37ff8ca45b830d61c35bb7,6686,size_in_bytes,lib/ocaml/compiler-libs/bytepackager.cmt,397582
2026-08-05T16:59:20Z,ce90559f55be4473bb37ff8ca45b830d61c35bb7,6686,size_in_bytes,lib/ocaml/compiler-libs/flambda2_lattices__Or_unknown.cmt,254834
2026-08-05T16:59:20Z,ce90559f55be4473bb37ff8ca45b830d61c35bb7,6686,size_in_bytes,lib/ocaml/compiler-libs/dwarf_low__Location_list_table.cmt,22631
2026-08-05T16:59:20Z,ce90559f55be4473bb37ff8ca45b830d61c35bb7,6686,size_in_bytes,lib/ocaml/compiler-libs/arg_helper.cmt,143331
2026-08-05T16:59:20Z,ce90559f55be4473bb37ff8ca45b830d61c35bb7,6686,size_in_bytes,lib/ocaml/compiler-libs/zero_alloc_info.cmt,82760
2026-08-05T16:59:20Z,ce90559f55be4473bb37ff8ca45b830d61c35bb7,6686,size_in_bytes,lib/ocaml/compiler-libs/flambda2_nominal__Renaming.cmt,362712
2026-08-05T16:59:20Z,ce90559f55be4473bb37ff8ca45b830d61c35bb7,6686,size_in_bytes,lib/ocaml/compiler-libs/flambda2_to_cmm__To_cmm_static.cmt,1386866
2026-08-05T16:59:20Z,ce90559f55be4473bb37ff8ca45b830d61c35bb7,6686,size_in_bytes,lib/ocaml/compiler-libs/dwarf_low__Encoding_attribute.cmt,26510
2026-08-05T16:59:20Z,ce90559f55be4473bb37ff8ca45b830d61c35bb7,6686,size_in_bytes,lib/ocaml/compiler-libs/flambda2_to_cmm__To_cmm_primitive.cmt,2515847
2026-08-05T16:59:20Z,ce90559f55be4473bb37ff8ca45b830d61c35bb7,6686,size_in_bytes,lib/ocaml/compiler-libs/dwarf_concrete_instances.cmt,103636
2026-08-05T16:59:20Z,ce90559f55be4473bb37ff8ca45b830d61c35bb7,6686,size_in_bytes,lib/ocaml/compiler-libs/regalloc_rewrite.cmt,515508
2026-08-05T16:59:20Z,ce90559f55be4473bb37ff8ca45b830d61c35bb7,6686,size_in_bytes,lib/ocaml/compiler-libs/linear.cmt,67559
2026-08-05T16:59:20Z,ce90559f55be4473bb37ff8ca45b830d61c35bb7,6686,size_in_bytes,lib/ocaml/compiler-libs/complex_shape.cmt,941026
2026-08-05T16:59:20Z,ce90559f55be4473bb37ff8ca45b830d61c35bb7,6686,size_in_bytes,lib/ocaml/compiler-libs/value_rec_check.cmt,1270206
2026-08-05T16:59:20Z,ce90559f55be4473bb37ff8ca45b830d61c35bb7,6686,size_in_bytes,lib/ocaml/compiler-libs/toploop.cmt,507492
2026-08-05T16:59:20Z,ce90559f55be4473bb37ff8ca45b830d61c35bb7,6686,size_in_bytes,lib/ocaml/compiler-libs/dwarf_low__Abbreviation_code.cmt,48404
2026-08-05T16:59:20Z,ce90559f55be4473bb37ff8ca45b830d61c35bb7,6686,size_in_bytes,lib/ocaml/compiler-libs/path.cmt,327169
2026-08-05T16:59:20Z,ce90559f55be4473bb37ff8ca45b830d61c35bb7,6686,size_in_bytes,lib/ocaml/compiler-libs/datarepr.cmt,350991
2026-08-05T16:59:20Z,ce90559f55be4473bb37ff8ca45b830d61c35bb7,6686,size_in_bytes,lib/ocaml/compiler-libs/flambda2_reaper__Types_rewriter.cmt,1516902
2026-08-05T16:59:20Z,ce90559f55be4473bb37ff8ca45b830d61c35bb7,6686,size_in_bytes,lib/ocaml/compiler-libs/flambda2_simplify__Simplify_expr.cmt,198398
2026-08-05T16:59:20Z,ce90559f55be4473bb37ff8ca45b830d61c35bb7,6686,size_in_bytes,lib/ocaml/compiler-libs/trace.cmt,228366
2026-08-05T16:59:20Z,ce90559f55be4473bb37ff8ca45b830d61c35bb7,6686,size_in_bytes,lib/ocaml/compiler-libs/vectorize.cmt,3597101
2026-08-05T16:59:20Z,ce90559f55be4473bb37ff8ca45b830d61c35bb7,6686,size_in_bytes,lib/ocaml/compiler-libs/flambda2_ui.cmt,11616
2026-08-05T16:59:20Z,ce90559f55be4473bb37ff8ca45b830d61c35bb7,6686,size_in_bytes,lib/ocaml/compiler-libs/printlambda.cmt,3204986
2026-08-05T16:59:20Z,ce90559f55be4473bb37ff8ca45b830d61c35bb7,6686,size_in_bytes,lib/ocaml/compiler-libs/proc.cmt,735647
2026-08-05T16:59:20Z,ce90559f55be4473bb37ff8ca45b830d61c35bb7,6686,size_in_bytes,lib/ocaml/compiler-libs/flambda2_parser__Fexpr_to_flambda.cmt,1152417
2026-08-05T16:59:20Z,ce90559f55be4473bb37ff8ca45b830d61c35bb7,6686,size_in_bytes,lib/ocaml/compiler-libs/flambda2_types__Traversals.cmt,2117230
2026-08-05T16:59:20Z,ce90559f55be4473bb37ff8ca45b830d61c35bb7,6686,size_in_bytes,lib/ocaml/compiler-libs/peephole_rules.cmt,292905
2026-08-05T16:59:20Z,ce90559f55be4473bb37ff8ca45b830d61c35bb7,6686,size_in_bytes,lib/ocaml/compiler-libs/flambda2_types__Binding_time.cmt,203095
2026-08-05T16:59:20Z,ce90559f55be4473bb37ff8ca45b830d61c35bb7,6686,size_in_bytes,lib/ocaml/compiler-libs/flambda2_identifiers__Symbol.cmt,28562
2026-08-05T16:59:20Z,ce90559f55be4473bb37ff8ca45b830d61c35bb7,6686,size_in_bytes,lib/ocaml/compiler-libs/flambda2_parser__Fexpr.cmt,175492
2026-08-05T16:59:20Z,ce90559f55be4473bb37ff8ca45b830d61c35bb7,6686,size_in_bytes,lib/ocaml/compiler-libs/flambda2_terms__Removed_operations.cmt,155132
2026-08-05T16:59:20Z,ce90559f55be4473bb37ff8ca45b830d61c35bb7,6686,size_in_bytes,lib/ocaml/compiler-libs/arm64_binary_emitter__Add_sub_helpers.cmt,256665
2026-08-05T16:59:20Z,ce90559f55be4473bb37ff8ca45b830d61c35bb7,6686,size_in_bytes,lib/ocaml/compiler-libs/flambda2_bound_identifiers__Bound_var.cmt,81761
2026-08-05T16:59:20Z,ce90559f55be4473bb37ff8ca45b830d61c35bb7,6686,size_in_bytes,lib/ocaml/compiler-libs/jit_backend.cmt,154928
2026-08-05T16:59:20Z,ce90559f55be4473bb37ff8ca45b830d61c35bb7,6686,size_in_bytes,lib/ocaml/compiler-libs/flambda2_reaper__Global_flow_graph.cmt,338154
2026-08-05T16:59:20Z,ce90559f55be4473bb37ff8ca45b830d61c35bb7,6686,size_in_bytes,lib/ocaml/compiler-libs/flambda2_terms__Apply_expr.cmt,604470
2026-08-05T16:59:20Z,ce90559f55be4473bb37ff8ca45b830d61c35bb7,6686,size_in_bytes,lib/ocaml/compiler-libs/stack_class.cmt,63998
2026-08-05T16:59:20Z,ce90559f55be4473bb37ff8ca45b830d61c35bb7,6686,size_in_bytes,lib/ocaml/compiler-libs/amd64_simd_defs.cmt,367069
2026-08-05T16:59:20Z,ce90559f55be4473bb37ff8ca45b830d61c35bb7,6686,size_in_bytes,lib/ocaml/compiler-libs/profile.cmt,659084
2026-08-05T16:59:20Z,ce90559f55be4473bb37ff8ca45b830d61c35bb7,6686,size_in_bytes,lib/ocaml/compiler-libs/flambda2_terms__Coeffects.cmt,38764
2026-08-05T16:59:20Z,ce90559f55be4473bb37ff8ca45b830d61c35bb7,6686,size_in_bytes,lib/ocaml/compiler-libs/env.cmt,7949704
2026-08-05T16:59:20Z,ce90559f55be4473bb37ff8ca45b830d61c35bb7,6686,size_in_bytes,lib/ocaml/compiler-libs/flambda2_terms__Regalloc_attribute.cmt,38320
2026-08-05T16:59:20Z,ce90559f55be4473bb37ff8ca45b830d61c35bb7,6686,size_in_bytes,lib/ocaml/compiler-libs/arm64_binary_emitter__Nop_helpers.cmt,15520
2026-08-05T16:59:20Z,ce90559f55be4473bb37ff8ca45b830d61c35bb7,6686,size_in_bytes,lib/ocaml/compiler-libs/regalloc_invariants.cmt,265404
2026-08-05T16:59:20Z,ce90559f55be4473bb37ff8ca45b830d61c35bb7,6686,size_in_bytes,lib/ocaml/compiler-libs/flambda2_terms__Inlined_attribute.cmt,82943
2026-08-05T16:59:20Z,ce90559f55be4473bb37ff8ca45b830d61c35bb7,6686,size_in_bytes,lib/ocaml/compiler-libs/flambda2_terms__Mutability.cmt,44266
2026-08-05T16:59:20Z,ce90559f55be4473bb37ff8ca45b830d61c35bb7,6686,size_in_bytes,lib/ocaml/compiler-libs/simplif.cmt,1661361
2026-08-05T16:59:20Z,ce90559f55be4473bb37ff8ca45b830d61c35bb7,6686,size_in_bytes,lib/ocaml/compiler-libs/asm_targets__Asm_directives.cmt,1756118
2026-08-05T16:59:20Z,ce90559f55be4473bb37ff8ca45b830d61c35bb7,6686,size_in_bytes,lib/ocaml/compiler-libs/dwarf_low__Dwarf_operator.cmt,381545
2026-08-05T16:59:20Z,ce90559f55be4473bb37ff8ca45b830d61c35bb7,6686,size_in_bytes,lib/ocaml/compiler-libs/flambda2_to_cmm.cmt,16585
2026-08-05T16:59:20Z,ce90559f55be4473bb37ff8ca45b830d61c35bb7,6686,size_in_bytes,lib/ocaml/compiler-libs/dwarf_low__Dwarf_4_location_list.cmt,61040
2026-08-05T16:59:20Z,ce90559f55be4473bb37ff8ca45b830d61c35bb7,6686,size_in_bytes,lib/ocaml/compiler-libs/priority_queue.cmt,250173
2026-08-05T16:59:20Z,ce90559f55be4473bb37ff8ca45b830d61c35bb7,6686,size_in_bytes,lib/ocaml/compiler-libs/flambda2_simplify__Simplified_named.cmt,99855
2026-08-05T16:59:20Z,ce90559f55be4473bb37ff8ca45b830d61c35bb7,6686,size_in_bytes,lib/ocaml/compiler-libs/optcompile.cmt,377783
2026-08-05T16:59:20Z,ce90559f55be4473bb37ff8ca45b830d61c35bb7,6686,size_in_bytes,lib/ocaml/compiler-libs/flambda2_types__Equal_types_for_debug.cmt,835818
2026-08-05T16:59:20Z,ce90559f55be4473bb37ff8ca45b830d61c35bb7,6686,size_in_bytes,lib/ocaml/compiler-libs/dwarf_low__Location_or_range_list_table.cmt,119180
2026-08-05T16:59:20Z,ce90559f55be4473bb37ff8ca45b830d61c35bb7,6686,size_in_bytes,lib/ocaml/compiler-libs/mixed_product_bytes.cmt,167242
2026-08-05T16:59:20Z,ce90559f55be4473bb37ff8ca45b830d61c35bb7,6686,size_in_bytes,lib/ocaml/compiler-libs/slambdaident.cmt,204849
2026-08-05T16:59:20Z,ce90559f55be4473bb37ff8ca45b830d61c35bb7,6686,size_in_bytes,lib/ocaml/compiler-libs/flambda2_identifiers__Reg_width_const.cmt,212780
2026-08-05T16:59:20Z,ce90559f55be4473bb37ff8ca45b830d61c35bb7,6686,size_in_bytes,lib/ocaml/compiler-libs/stack_check.cmt,33541
2026-08-05T16:59:20Z,ce90559f55be4473bb37ff8ca45b830d61c35bb7,6686,size_in_bytes,lib/ocaml/compiler-libs/dwarf_high.cmt,14473
2026-08-05T16:59:20Z,ce90559f55be4473bb37ff8ca45b830d61c35bb7,6686,size_in_bytes,lib/ocaml/compiler-libs/cmi_format.cmt,301182
2026-08-05T16:59:20Z,ce90559f55be4473bb37ff8ca45b830d61c35bb7,6686,size_in_bytes,lib/ocaml/compiler-libs/typetexp.cmt,2812227
2026-08-05T16:59:20Z,ce90559f55be4473bb37ff8ca45b830d61c35bb7,6686,size_in_bytes,lib/ocaml/compiler-libs/flambda2_identifiers__Code_id_or_symbol.cmt,23547
2026-08-05T16:59:20Z,ce90559f55be4473bb37ff8ca45b830d61c35bb7,6686,size_in_bytes,lib/ocaml/compiler-libs/flambda2_nominal__Contains_ids.cmt,23002
2026-08-05T16:59:20Z,ce90559f55be4473bb37ff8ca45b830d61c35bb7,6686,size_in_bytes,lib/ocaml/compiler-libs/includemod_errorprinter.cmt,2181645
2026-08-05T16:59:20Z,ce90559f55be4473bb37ff8ca45b830d61c35bb7,6686,size_in_bytes,lib/ocaml/compiler-libs/flambda2_simplify__Continuation_uses_env.cmt,109176
2026-08-05T16:59:20Z,ce90559f55be4473bb37ff8ca45b830d61c35bb7,6686,size_in_bytes,lib/ocaml/compiler-libs/printcfg.cmt,547907
2026-08-05T16:59:20Z,ce90559f55be4473bb37ff8ca45b830d61c35bb7,6686,size_in_bytes,lib/ocaml/compiler-libs/printtyp.cmt,277331
2026-08-05T16:59:20Z,ce90559f55be4473bb37ff8ca45b830d61c35bb7,6686,size_in_bytes,lib/ocaml/compiler-libs/cfg_deadcode.cmt,72433
2026-08-05T16:59:20Z,ce90559f55be4473bb37ff8ca45b830d61c35bb7,6686,size_in_bytes,lib/ocaml/compiler-libs/flambda2_simplify__Dominator_graph.cmt,445388
2026-08-05T16:59:20Z,ce90559f55be4473bb37ff8ca45b830d61c35bb7,6686,size_in_bytes,lib/ocaml/compiler-libs/topstart.cmt,13434
2026-08-05T16:59:20Z,ce90559f55be4473bb37ff8ca45b830d61c35bb7,6686,size_in_bytes,lib/ocaml/compiler-libs/dwarf_name_laundry.cmt,39784
2026-08-05T16:59:20Z,ce90559f55be4473bb37ff8ca45b830d61c35bb7,6686,size_in_bytes,lib/ocaml/compiler-libs/diffing.cmt,556965
2026-08-05T16:59:20Z,ce90559f55be4473bb37ff8ca45b830d61c35bb7,6686,size_in_bytes,lib/ocaml/compiler-libs/partition.cmt,51197
2026-08-05T16:59:20Z,ce90559f55be4473bb37ff8ca45b830d61c35bb7,6686,size_in_bytes,lib/ocaml/compiler-libs/global_module.cmt,949594
2026-08-05T16:59:20Z,ce90559f55be4473bb37ff8ca45b830d61c35bb7,6686,size_in_bytes,lib/ocaml/compiler-libs/dwarf_low__Range_list_table.cmt,22316
2026-08-05T16:59:20Z,ce90559f55be4473bb37ff8ca45b830d61c35bb7,6686,size_in_bytes,lib/ocaml/compiler-libs/warnings.cmt,2252025
2026-08-05T16:59:20Z,ce90559f55be4473bb37ff8ca45b830d61c35bb7,6686,size_in_bytes,lib/ocaml/compiler-libs/gprinttyp.cmt,1796900
2026-08-05T16:59:20Z,ce90559f55be4473bb37ff8ca45b830d61c35bb7,6686,size_in_bytes,lib/ocaml/compiler-libs/debuginfo.cmt,595581
2026-08-05T16:59:20Z,ce90559f55be4473bb37ff8ca45b830d61c35bb7,6686,size_in_bytes,lib/ocaml/compiler-libs/flambda2_simplify__Flow.cmt,25719
2026-08-05T16:59:20Z,ce90559f55be4473bb37ff8ca45b830d61c35bb7,6686,size_in_bytes,lib/ocaml/compiler-libs/transl_comprehension_utils.cmt,216063
2026-08-05T16:59:20Z,ce90559f55be4473bb37ff8ca45b830d61c35bb7,6686,size_in_bytes,lib/ocaml/compiler-libs/flambda2_identifiers.cmt,23348
2026-08-05T16:59:20Z,ce90559f55be4473bb37ff8ca45b830d61c35bb7,6686,size_in_bytes,lib/ocaml/compiler-libs/rawprinttyp.cmt,542313
2026-08-05T16:59:20Z,ce90559f55be4473bb37ff8ca45b830d61c35bb7,6686,size_in_bytes,lib/ocaml/compiler-libs/doubly_linked_list.cmt,525806
2026-08-05T16:59:20Z,ce90559f55be4473bb37ff8ca45b830d61c35bb7,6686,size_in_bytes,lib/ocaml/compiler-libs/emitaux.cmt,914252
2026-08-05T16:59:20Z,ce90559f55be4473bb37ff8ca45b830d61c35bb7,6686,size_in_bytes,lib/ocaml/compiler-libs/flambda2_identifiers__Continuation.cmt,294339
2026-08-05T16:59:20Z,ce90559f55be4473bb37ff8ca45b830d61c35bb7,6686,size_in_bytes,lib/ocaml/compiler-libs/patterns.cmt,330061
2026-08-05T16:59:20Z,ce90559f55be4473bb37ff8ca45b830d61c35bb7,6686,size_in_bytes,lib/ocaml/compiler-libs/cfg_liveness.cmt,103717
2026-08-05T16:59:20Z,ce90559f55be4473bb37ff8ca45b830d61c35bb7,6686,size_in_bytes,lib/ocaml/compiler-libs/flambda2_algorithms.cmt,15987
2026-08-05T16:59:20Z,ce90559f55be4473bb37ff8ca45b830d61c35bb7,6686,size_in_bytes,lib/ocaml/compiler-libs/load_path.cmt,639961
2026-08-05T16:59:20Z,ce90559f55be4473bb37ff8ca45b830d61c35bb7,6686,size_in_bytes,lib/ocaml/compiler-libs/printpat.cmt,508653
2026-08-05T16:59:20Z,ce90559f55be4473bb37ff8ca45b830d61c35bb7,6686,size_in_bytes,lib/ocaml/compiler-libs/uniqueness_analysis.cmt,3151793
2026-08-05T16:59:20Z,ce90559f55be4473bb37ff8ca45b830d61c35bb7,6686,size_in_bytes,lib/ocaml/compiler-libs/untypeast.cmt,2032476
2026-08-05T16:59:20Z,ce90559f55be4473bb37ff8ca45b830d61c35bb7,6686,size_in_bytes,lib/ocaml/compiler-libs/arm64_binary_emitter__All_section_states.cmt,165256
2026-08-05T16:59:20Z,ce90559f55be4473bb37ff8ca45b830d61c35bb7,6686,size_in_bytes,lib/ocaml/compiler-libs/cms_format.cmt,155207
2026-08-05T16:59:20Z,ce90559f55be4473bb37ff8ca45b830d61c35bb7,6686,size_in_bytes,lib/ocaml/compiler-libs/flambda2_terms__Inlining_arguments.cmt,408812
2026-08-05T16:59:20Z,ce90559f55be4473bb37ff8ca45b830d61c35bb7,6686,size_in_bytes,lib/ocaml/compiler-libs/flambda2_types__Join_levels.cmt,163341
2026-08-05T16:59:20Z,ce90559f55be4473bb37ff8ca45b830d61c35bb7,6686,size_in_bytes,lib/ocaml/compiler-libs/flambda2_simplify__Loopify_state.cmt,37855
2026-08-05T16:59:20Z,ce90559f55be4473bb37ff8ca45b830d61c35bb7,6686,size_in_bytes,lib/ocaml/compiler-libs/flambda2_nominal__Bindable.cmt,32245
2026-08-05T16:59:20Z,ce90559f55be4473bb37ff8ca45b830d61c35bb7,6686,size_in_bytes,lib/ocaml/compiler-libs/flambda2_nominal__Name_mode.cmt,333948
2026-08-05T16:59:20Z,ce90559f55be4473bb37ff8ca45b830d61c35bb7,6686,size_in_bytes,lib/ocaml/compiler-libs/typedecl_properties.cmt,113464
2026-08-05T16:59:20Z,ce90559f55be4473bb37ff8ca45b830d61c35bb7,6686,size_in_bytes,lib/ocaml/compiler-libs/arrayset.cmt,190963
2026-08-05T16:59:20Z,ce90559f55be4473bb37ff8ca45b830d61c35bb7,6686,size_in_bytes,lib/ocaml/compiler-libs/linear_utils.cmt,39556
2026-08-05T16:59:20Z,ce90559f55be4473bb37ff8ca45b830d61c35bb7,6686,size_in_bytes,lib/ocaml/compiler-libs/flambda2_bound_identifiers__Bound_continuation.cmt,38056
2026-08-05T16:59:20Z,ce90559f55be4473bb37ff8ca45b830d61c35bb7,6686,size_in_bytes,lib/ocaml/compiler-libs/bytegen.cmt,1385534
2026-08-05T16:59:20Z,ce90559f55be4473bb37ff8ca45b830d61c35bb7,6686,size_in_bytes,lib/ocaml/compiler-libs/flambda2_simplify__Rebuilt_expr.cmt,165660
2026-08-05T16:59:20Z,ce90559f55be4473bb37ff8ca45b830d61c35bb7,6686,size_in_bytes,lib/ocaml/compiler-libs/flambda2_to_cmm__To_cmm_result.cmt,189782
2026-08-05T16:59:20Z,ce90559f55be4473bb37ff8ca45b830d61c35bb7,6686,size_in_bytes,lib/ocaml/compiler-libs/translcore.cmt,3546515
2026-08-05T16:59:20Z,ce90559f55be4473bb37ff8ca45b830d61c35bb7,6686,size_in_bytes,lib/ocaml/compiler-libs/flambda2_terms__Inline_attribute.cmt,58100
2026-08-05T16:59:20Z,ce90559f55be4473bb37ff8ca45b830d61c35bb7,6686,size_in_bytes,lib/ocaml/compiler-libs/primitive.cmt,1221687
2026-08-05T16:59:20Z,ce90559f55be4473bb37ff8ca45b830d61c35bb7,6686,size_in_bytes,lib/ocaml/compiler-libs/flambda2_datalog.cmt,393501
2026-08-05T16:59:20Z,ce90559f55be4473bb37ff8ca45b830d61c35bb7,6686,size_in_bytes,lib/ocaml/compiler-libs/flambda2_simplify__Simplify_let_expr.cmt,396626
2026-08-05T16:59:20Z,ce90559f55be4473bb37ff8ca45b830d61c35bb7,6686,size_in_bytes,lib/ocaml/compiler-libs/flambda2_from_lambda__Lambda_to_lambda_transforms.cmt,1602806
2026-08-05T16:59:20Z,ce90559f55be4473bb37ff8ca45b830d61c35bb7,6686,size_in_bytes,lib/ocaml/compiler-libs/dwarf_reg_locations.cmt,86136
2026-08-05T16:59:20Z,ce90559f55be4473bb37ff8ca45b830d61c35bb7,6686,size_in_bytes,lib/ocaml/compiler-libs/symbol.cmt,208333
2026-08-05T16:59:20Z,ce90559f55be4473bb37ff8ca45b830d61c35bb7,6686,size_in_bytes,lib/ocaml/compiler-libs/flambda2_nominal__Ids_for_export.cmt,134434
2026-08-05T16:59:20Z,ce90559f55be4473bb37ff8ca45b830d61c35bb7,6686,size_in_bytes,lib/ocaml/compiler-libs/translclass.cmt,1716047
2026-08-05T16:59:20Z,ce90559f55be4473bb37ff8ca45b830d61c35bb7,6686,size_in_bytes,lib/ocaml/compiler-libs/flambda2_simplify__Control_flow_graph.cmt,540526
2026-08-05T16:59:20Z,ce90559f55be4473bb37ff8ca45b830d61c35bb7,6686,size_in_bytes,lib/ocaml/compiler-libs/flambda2_identifiers__Int_ids.cmt,1785950
2026-08-05T16:59:20Z,ce90559f55be4473bb37ff8ca45b830d61c35bb7,6686,size_in_bytes,lib/ocaml/compiler-libs/dwarf_abstract_instances.cmt,143488
2026-08-05T16:59:20Z,ce90559f55be4473bb37ff8ca45b830d61c35bb7,6686,size_in_bytes,lib/ocaml/compiler-libs/arm64_binary_emitter__Shift_immh_immb_helpers.cmt,56285
2026-08-05T16:59:20Z,ce90559f55be4473bb37ff8ca45b830d61c35bb7,6686,size_in_bytes,lib/ocaml/compiler-libs/flambda2_lattices.cmt,12416
2026-08-05T16:59:20Z,ce90559f55be4473bb37ff8ca45b830d61c35bb7,6686,size_in_bytes,lib/ocaml/compiler-libs/flambda2_term_basics__Inlined_debuginfo.cmt,122021
2026-08-05T16:59:20Z,ce90559f55be4473bb37ff8ca45b830d61c35bb7,6686,size_in_bytes,lib/ocaml/compiler-libs/value_rec_compiler.cmt,824724
2026-08-05T16:59:20Z,ce90559f55be4473bb37ff8ca45b830d61c35bb7,6686,size_in_bytes,lib/ocaml/compiler-libs/flambda2_types__Typing_env_extension.cmt,197746
2026-08-05T16:59:20Z,ce90559f55be4473bb37ff8ca45b830d61c35bb7,6686,size_in_bytes,lib/ocaml/compiler-libs/dwarf_compilation_unit.cmt,71107
2026-08-05T16:59:20Z,ce90559f55be4473bb37ff8ca45b830d61c35bb7,6686,size_in_bytes,lib/ocaml/compiler-libs/dwarf_state.cmt,88285
2026-08-05T16:59:20Z,ce90559f55be4473bb37ff8ca45b830d61c35bb7,6686,size_in_bytes,lib/ocaml/compiler-libs/expunge.cmt,96103
2026-08-05T16:59:20Z,ce90559f55be4473bb37ff8ca45b830d61c35bb7,6686,size_in_bytes,lib/ocaml/compiler-libs/consistbl.cmt,154459
2026-08-05T16:59:20Z,ce90559f55be4473bb37ff8ca45b830d61c35bb7,6686,size_in_bytes,lib/ocaml/compiler-libs/binary_emitter_intf.cmt,59052
2026-08-05T16:59:20Z,ce90559f55be4473bb37ff8ca45b830d61c35bb7,6686,size_in_bytes,lib/ocaml/compiler-libs/x86_masm.cmt,608833
2026-08-05T16:59:20Z,ce90559f55be4473bb37ff8ca45b830d61c35bb7,6686,size_in_bytes,lib/ocaml/compiler-libs/topmain.cmt,292405
2026-08-05T16:59:20Z,ce90559f55be4473bb37ff8ca45b830d61c35bb7,6686,size_in_bytes,lib/ocaml/compiler-libs/flambda2_parser__Parse_flambda.cmt,113368
2026-08-05T16:59:20Z,ce90559f55be4473bb37ff8ca45b830d61c35bb7,6686,size_in_bytes,lib/ocaml/compiler-libs/flambda2_numbers__Or_infinity.cmt,37582
2026-08-05T16:59:20Z,ce90559f55be4473bb37ff8ca45b830d61c35bb7,6686,size_in_bytes,lib/ocaml/compiler-libs/string_table.cmt,35990
2026-08-05T16:59:20Z,ce90559f55be4473bb37ff8ca45b830d61c35bb7,6686,size_in_bytes,lib/ocaml/compiler-libs/flambda2_import.cmt,11160
2026-08-05T16:59:20Z,ce90559f55be4473bb37ff8ca45b830d61c35bb7,6686,size_in_bytes,lib/ocaml/compiler-libs/zero_alloc_annotations.cmt,49511
2026-08-05T16:59:20Z,ce90559f55be4473bb37ff8ca45b830d61c35bb7,6686,size_in_bytes,lib/ocaml/compiler-libs/x86_dsl.cmt,244468
2026-08-05T16:59:20Z,ce90559f55be4473bb37ff8ca45b830d61c35bb7,6686,size_in_bytes,lib/ocaml/compiler-libs/slambdaeval.cmt,737614
2026-08-05T16:59:20Z,ce90559f55be4473bb37ff8ca45b830d61c35bb7,6686,size_in_bytes,lib/ocaml/compiler-libs/flambda2_simplify__Join_points.cmt,341999
2026-08-05T16:59:20Z,ce90559f55be4473bb37ff8ca45b830d61c35bb7,6686,size_in_bytes,lib/ocaml/compiler-libs/zero_alloc.cmt,213008
2026-08-05T16:59:20Z,ce90559f55be4473bb37ff8ca45b830d61c35bb7,6686,size_in_bytes,lib/ocaml/compiler-libs/targetint.cmt,164341
2026-08-05T16:59:20Z,ce90559f55be4473bb37ff8ca45b830d61c35bb7,6686,size_in_bytes,lib/ocaml/compiler-libs/arm64_binary_emitter__Branch_helpers.cmt,277831
2026-08-05T16:59:20Z,ce90559f55be4473bb37ff8ca45b830d61c35bb7,6686,size_in_bytes,lib/ocaml/compiler-libs/flambda2_algorithms__Table_by_int_id.cmt,138193
2026-08-05T16:59:20Z,ce90559f55be4473bb37ff8ca45b830d61c35bb7,6686,size_in_bytes,lib/ocaml/compiler-libs/cfg_format.cmt,107626
2026-08-05T16:59:20Z,ce90559f55be4473bb37ff8ca45b830d61c35bb7,6686,size_in_bytes,lib/ocaml/compiler-libs/arm64_binary_emitter__Section_state.cmt,223002
2026-08-05T16:59:20Z,ce90559f55be4473bb37ff8ca45b830d61c35bb7,6686,size_in_bytes,lib/ocaml/compiler-libs/flambda2_algorithms__Channel.cmt,28259
2026-08-05T16:59:20Z,ce90559f55be4473bb37ff8ca45b830d61c35bb7,6686,size_in_bytes,lib/ocaml/compiler-libs/cmm.cmt,700619
2026-08-05T16:59:20Z,ce90559f55be4473bb37ff8ca45b830d61c35bb7,6686,size_in_bytes,lib/ocaml/compiler-libs/flambda2_simplify__Inlining_transforms.cmt,205880
2026-08-05T16:59:20Z,ce90559f55be4473bb37ff8ca45b830d61c35bb7,6686,size_in_bytes,lib/ocaml/compiler-libs/flambda2_simplify__Named_rewrite.cmt,48894
2026-08-05T16:59:20Z,ce90559f55be4473bb37ff8ca45b830d61c35bb7,6686,size_in_bytes,lib/ocaml/compiler-libs/dwarf_variables_and_parameters.cmt,238226
2026-08-05T16:59:20Z,ce90559f55be4473bb37ff8ca45b830d61c35bb7,6686,size_in_bytes,lib/ocaml/compiler-libs/arm64_binary_emitter__Mov_helpers.cmt,65729
2026-08-05T16:59:20Z,ce90559f55be4473bb37ff8ca45b830d61c35bb7,6686,size_in_bytes,lib/ocaml/compiler-libs/errortrace_report.cmt,1007475
2026-08-05T16:59:20Z,ce90559f55be4473bb37ff8ca45b830d61c35bb7,6686,size_in_bytes,lib/ocaml/compiler-libs/pparse.cmt,329865
2026-08-05T16:59:20Z,ce90559f55be4473bb37ff8ca45b830d61c35bb7,6686,size_in_bytes,lib/ocaml/compiler-libs/reg_availability_set.cmt,135359
2026-08-05T16:59:20Z,ce90559f55be4473bb37ff8ca45b830d61c35bb7,6686,size_in_bytes,lib/ocaml/compiler-libs/flambda2_simplify__Data_flow_graph.cmt,608056
2026-08-05T16:59:20Z,ce90559f55be4473bb37ff8ca45b830d61c35bb7,6686,size_in_bytes,lib/ocaml/compiler-libs/bytesections.cmt,138391
2026-08-05T16:59:20Z,ce90559f55be4473bb37ff8ca45b830d61c35bb7,6686,size_in_bytes,lib/ocaml/compiler-libs/flambda2_to_jsir__To_jsir_set_of_closures.cmt,101197
2026-08-05T16:59:20Z,ce90559f55be4473bb37ff8ca45b830d61c35bb7,6686,size_in_bytes,lib/ocaml/compiler-libs/binary_emitter_verify.cmt,663804
2026-08-05T16:59:20Z,ce90559f55be4473bb37ff8ca45b830d61c35bb7,6686,size_in_bytes,lib/ocaml/compiler-libs/ast_invariants.cmt,484225
2026-08-05T16:59:20Z,ce90559f55be4473bb37ff8ca45b830d61c35bb7,6686,size_in_bytes,lib/ocaml/compiler-libs/ast_iterator.cmt,1450923
2026-08-05T16:59:20Z,ce90559f55be4473bb37ff8ca45b830d61c35bb7,6686,size_in_bytes,lib/ocaml/compiler-libs/printast_with_mappings.cmt,3540994
2026-08-05T16:59:20Z,ce90559f55be4473bb37ff8ca45b830d61c35bb7,6686,size_in_bytes,lib/ocaml/compiler-libs/dwarf_low__Range_list.cmt,20131
2026-08-05T16:59:20Z,ce90559f55be4473bb37ff8ca45b830d61c35bb7,6686,size_in_bytes,lib/ocaml/compiler-libs/zero_alloc_checker.cmt,3474963
2026-08-05T16:59:20Z,ce90559f55be4473bb37ff8ca45b830d61c35bb7,6686,size_in_bytes,lib/ocaml/compiler-libs/dwarf_flags.cmt,177997
2026-08-05T16:59:20Z,ce90559f55be4473bb37ff8ca45b830d61c35bb7,6686,size_in_bytes,lib/ocaml/compiler-libs/arm64_binary_emitter__Condition_helpers.cmt,29071
2026-08-05T16:59:20Z,ce90559f55be4473bb37ff8ca45b830d61c35bb7,6686,size_in_bytes,lib/ocaml/compiler-libs/flambda2_parser__Flambda_to_fexpr.cmt,1138925
2026-08-05T16:59:20Z,ce90559f55be4473bb37ff8ca45b830d61c35bb7,6686,size_in_bytes,lib/ocaml/compiler-libs/zero_alloc_utils.cmt,258932
2026-08-05T16:59:20Z,ce90559f55be4473bb37ff8ca45b830d61c35bb7,6686,size_in_bytes,lib/ocaml/compiler-libs/printinstr.cmt,318078
2026-08-05T16:59:20Z,ce90559f55be4473bb37ff8ca45b830d61c35bb7,6686,size_in_bytes,lib/ocaml/compiler-libs/flambda2_datalog__Table.cmt,387829
2026-08-05T16:59:20Z,ce90559f55be4473bb37ff8ca45b830d61c35bb7,6686,size_in_bytes,lib/ocaml/compiler-libs/flambda2_numbers__Numeric_types.cmt,1738180
2026-08-05T16:59:20Z,ce90559f55be4473bb37ff8ca45b830d61c35bb7,6686,size_in_bytes,lib/ocaml/compiler-libs/flambda2_types__More_type_creators.cmt,584545
2026-08-05T16:59:20Z,ce90559f55be4473bb37ff8ca45b830d61c35bb7,6686,size_in_bytes,lib/ocaml/compiler-libs/cfg_to_linear_desc.cmt,33896
2026-08-05T16:59:20Z,ce90559f55be4473bb37ff8ca45b830d61c35bb7,6686,size_in_bytes,lib/ocaml/compiler-libs/flambda2_bound_identifiers__Bound_parameters.cmt,151590
2026-08-05T16:59:20Z,ce90559f55be4473bb37ff8ca45b830d61c35bb7,6686,size_in_bytes,lib/ocaml/compiler-libs/mixed_block_shape.cmt,317673
2026-08-05T16:59:20Z,ce90559f55be4473bb37ff8ca45b830d61c35bb7,6686,size_in_bytes,lib/ocaml/compiler-libs/flambda2_types__.cmt,27897
2026-08-05T16:59:20Z,ce90559f55be4473bb37ff8ca45b830d61c35bb7,6686,size_in_bytes,lib/ocaml/compiler-libs/flambda2_terms__Cost_metrics.cmt,108474
2026-08-05T16:59:20Z,ce90559f55be4473bb37ff8ca45b830d61c35bb7,6686,size_in_bytes,lib/ocaml/compiler-libs/flambda2_identifiers__Flambda_debug_uid.cmt,202945
2026-08-05T16:59:20Z,ce90559f55be4473bb37ff8ca45b830d61c35bb7,6686,size_in_bytes,lib/ocaml/compiler-libs/flambda2_types__Meet_and_n_way_join.cmt,3840421
2026-08-05T16:59:20Z,ce90559f55be4473bb37ff8ca45b830d61c35bb7,6686,size_in_bytes,lib/ocaml/compiler-libs/flambda2_kinds__Tag.cmt,447752
2026-08-05T16:59:20Z,ce90559f55be4473bb37ff8ca45b830d61c35bb7,6686,size_in_bytes,lib/ocaml/compiler-libs/amd64_simd_instrs.cmt,55167736
2026-08-05T16:59:20Z,ce90559f55be4473bb37ff8ca45b830d61c35bb7,6686,size_in_bytes,lib/ocaml/compiler-libs/flambda2_types__Meet_env.cmt,619061
2026-08-05T16:59:20Z,ce90559f55be4473bb37ff8ca45b830d61c35bb7,6686,size_in_bytes,lib/ocaml/compiler-libs/dwarf_low__Address_index.cmt,245927
2026-08-05T16:59:20Z,ce90559f55be4473bb37ff8ca45b830d61c35bb7,6686,size_in_bytes,lib/ocaml/compiler-libs/flambda2_from_lambda__Lambda_to_flambda.cmt,2293343
2026-08-05T16:59:20Z,ce90559f55be4473bb37ff8ca45b830d61c35bb7,6686,size_in_bytes,lib/ocaml/compiler-libs/flambda2_identifiers__Named_rewrite_id.cmt,30353
2026-08-05T16:59:20Z,ce90559f55be4473bb37ff8ca45b830d61c35bb7,6686,size_in_bytes,lib/ocaml/compiler-libs/switch.cmt,1396242
2026-08-05T16:59:20Z,ce90559f55be4473bb37ff8ca45b830d61c35bb7,6686,size_in_bytes,lib/ocaml/compiler-libs/printcmm.cmt,1069279
2026-08-05T16:59:20Z,ce90559f55be4473bb37ff8ca45b830d61c35bb7,6686,size_in_bytes,lib/ocaml/compiler-libs/symtable.cmt,709693
2026-08-05T16:59:20Z,ce90559f55be4473bb37ff8ca45b830d61c35bb7,6686,size_in_bytes,lib/ocaml/compiler-libs/flambda2_bound_identifiers__Bound_parameter.cmt,260766
2026-08-05T16:59:20Z,ce90559f55be4473bb37ff8ca45b830d61c35bb7,6686,size_in_bytes,lib/ocaml/compiler-libs/flambda2_reaper__Points_to_analysis.cmt,1641719
2026-08-05T16:59:20Z,ce90559f55be4473bb37ff8ca45b830d61c35bb7,6686,size_in_bytes,lib/ocaml/compiler-libs/flambda2_simplify__Simplify_simple.cmt,80262
2026-08-05T16:59:20Z,ce90559f55be4473bb37ff8ca45b830d61c35bb7,6686,size_in_bytes,lib/ocaml/compiler-libs/flambda2_simplify__Number_adjuncts.cmt,1905175
2026-08-05T16:59:20Z,ce90559f55be4473bb37ff8ca45b830d61c35bb7,6686,size_in_bytes,lib/ocaml/compiler-libs/regalloc_split_state.cmt,833012
2026-08-05T16:59:20Z,ce90559f55be4473bb37ff8ca45b830d61c35bb7,6686,size_in_bytes,lib/ocaml/compiler-libs/cmt2annot.cmt,252592
2026-08-05T16:59:20Z,ce90559f55be4473bb37ff8ca45b830d61c35bb7,6686,size_in_bytes,lib/ocaml/compiler-libs/arm64_binary_emitter__Adr_helpers.cmt,62009
2026-08-05T16:59:20Z,ce90559f55be4473bb37ff8ca45b830d61c35bb7,6686,size_in_bytes,lib/ocaml/compiler-libs/x86_peephole_optimize.cmt,35369
2026-08-05T16:59:20Z,ce90559f55be4473bb37ff8ca45b830d61c35bb7,6686,size_in_bytes,lib/ocaml/compiler-libs/partition_object_files.cmt,123730
2026-08-05T16:59:20Z,ce90559f55be4473bb37ff8ca45b830d61c35bb7,6686,size_in_bytes,lib/ocaml/compiler-libs/flambda2_types.cmt,445320
2026-08-05T16:59:20Z,ce90559f55be4473bb37ff8ca45b830d61c35bb7,6686,size_in_bytes,lib/ocaml/compiler-libs/flambda2_term_basics__Empty_array_kind.cmt,59754
2026-08-05T16:59:20Z,ce90559f55be4473bb37ff8ca45b830d61c35bb7,6686,size_in_bytes,lib/ocaml/compiler-libs/flambda2_cmx__Flambda_cmx.cmt,226559
2026-08-05T16:59:20Z,ce90559f55be4473bb37ff8ca45b830d61c35bb7,6686,size_in_bytes,lib/ocaml/compiler-libs/flambda2_simplify__Simplify_let_cont_expr.cmt,1619067
2026-08-05T16:59:20Z,ce90559f55be4473bb37ff8ca45b830d61c35bb7,6686,size_in_bytes,lib/ocaml/compiler-libs/printtyped.cmt,4027036
2026-08-05T16:59:20Z,ce90559f55be4473bb37ff8ca45b830d61c35bb7,6686,size_in_bytes,lib/ocaml/compiler-libs/flambda2_term_basics__Unit.cmt,167318
2026-08-05T16:59:20Z,ce90559f55be4473bb37ff8ca45b830d61c35bb7,6686,size_in_bytes,lib/ocaml/compiler-libs/numbers.cmt,534474
2026-08-05T16:59:20Z,ce90559f55be4473bb37ff8ca45b830d61c35bb7,6686,size_in_bytes,lib/ocaml/compiler-libs/emit.cmt,4630041
2026-08-05T16:59:20Z,ce90559f55be4473bb37ff8ca45b830d61c35bb7,6686,size_in_bytes,lib/ocaml/compiler-libs/optcomp_intf.cmt,54453
2026-08-05T16:59:20Z,ce90559f55be4473bb37ff8ca45b830d61c35bb7,6686,size_in_bytes,lib/ocaml/compiler-libs/regalloc_substitution.cmt,99050
2026-08-05T16:59:20Z,ce90559f55be4473bb37ff8ca45b830d61c35bb7,6686,size_in_bytes,lib/ocaml/compiler-libs/eh_frame_registration.cmt,37363
2026-08-05T16:59:20Z,ce90559f55be4473bb37ff8ca45b830d61c35bb7,6686,size_in_bytes,lib/ocaml/compiler-libs/flambda2_term_basics.cmt,20406
2026-08-05T16:59:20Z,ce90559f55be4473bb37ff8ca45b830d61c35bb7,6686,size_in_bytes,lib/ocaml/compiler-libs/dissector_log.cmt,34622
2026-08-05T16:59:20Z,ce90559f55be4473bb37ff8ca45b830d61c35bb7,6686,size_in_bytes,lib/ocaml/compiler-libs/arm64_binary_emitter__Encode_directive.cmt,530227
2026-08-05T16:59:20Z,ce90559f55be4473bb37ff8ca45b830d61c35bb7,6686,size_in_bytes,lib/ocaml/compiler-libs/flambda2_simplify__Unbox_continuation_params.cmt,236300
2026-08-05T16:59:20Z,ce90559f55be4473bb37ff8ca45b830d61c35bb7,6686,size_in_bytes,lib/ocaml/compiler-libs/strongly_connected_components.cmt,266234
2026-08-05T16:59:20Z,ce90559f55be4473bb37ff8ca45b830d61c35bb7,6686,size_in_bytes,lib/ocaml/compiler-libs/flambda2_numbers__Target_ocaml_int.cmt,1053290
2026-08-05T16:59:20Z,ce90559f55be4473bb37ff8ca45b830d61c35bb7,6686,size_in_bytes,lib/ocaml/compiler-libs/llvmize.cmt,3080251
2026-08-05T16:59:20Z,ce90559f55be4473bb37ff8ca45b830d61c35bb7,6686,size_in_bytes,lib/ocaml/compiler-libs/flambda2_bound_identifiers__Bound_continuations.cmt,76334
2026-08-05T16:59:20Z,ce90559f55be4473bb37ff8ca45b830d61c35bb7,6686,size_in_bytes,lib/ocaml/compiler-libs/lazy_backtrack.cmt,86928
2026-08-05T16:59:20Z,ce90559f55be4473bb37ff8ca45b830d61c35bb7,6686,size_in_bytes,lib/ocaml/compiler-libs/printreg.cmt,157227
2026-08-05T16:59:20Z,ce90559f55be4473bb37ff8ca45b830d61c35bb7,6686,size_in_bytes,lib/ocaml/compiler-libs/int_replace_polymorphic_compare.cmt,28850
2026-08-05T16:59:20Z,ce90559f55be4473bb37ff8ca45b830d61c35bb7,6686,size_in_bytes,lib/ocaml/compiler-libs/flambda2_bound_identifiers__Bound_static.cmt,198603
2026-08-05T16:59:20Z,ce90559f55be4473bb37ff8ca45b830d61c35bb7,6686,size_in_bytes,lib/ocaml/compiler-libs/fdo_info.cmt,35089
2026-08-05T16:59:20Z,ce90559f55be4473bb37ff8ca45b830d61c35bb7,6686,size_in_bytes,lib/ocaml/compiler-libs/dwarf_high__Dwarf_world.cmt,80128
2026-08-05T16:59:20Z,ce90559f55be4473bb37ff8ca45b830d61c35bb7,6686,size_in_bytes,lib/ocaml/compiler-libs/flambda2_algorithms__Or_null.cmt,36800
2026-08-05T16:59:20Z,ce90559f55be4473bb37ff8ca45b830d61c35bb7,6686,size_in_bytes,lib/ocaml/compiler-libs/ldd.cmt,958220
2026-08-05T16:59:20Z,ce90559f55be4473bb37ff8ca45b830d61c35bb7,6686,size_in_bytes,lib/ocaml/compiler-libs/build_path_prefix_map.cmt,161911
2026-08-05T16:59:20Z,ce90559f55be4473bb37ff8ca45b830d61c35bb7,6686,size_in_bytes,lib/ocaml/compiler-libs/cfg.cmt,874949
2026-08-05T16:59:20Z,ce90559f55be4473bb37ff8ca45b830d61c35bb7,6686,size_in_bytes,lib/ocaml/compiler-libs/translquote.cmt,4858549
2026-08-05T16:59:20Z,ce90559f55be4473bb37ff8ca45b830d61c35bb7,6686,size_in_bytes,lib/ocaml/compiler-libs/dwarf_low__Debugging_information_entry.cmt,62419
2026-08-05T16:59:20Z,ce90559f55be4473bb37ff8ca45b830d61c35bb7,6686,size_in_bytes,lib/ocaml/compiler-libs/typemode.cmt,872408
2026-08-05T16:59:20Z,ce90559f55be4473bb37ff8ca45b830d61c35bb7,6686,size_in_bytes,lib/ocaml/compiler-libs/flambda2_term_basics__Scope.cmt,120041
2026-08-05T16:59:20Z,ce90559f55be4473bb37ff8ca45b830d61c35bb7,6686,size_in_bytes,lib/ocaml/compiler-libs/typedecl_variance.cmt,675116
2026-08-05T16:59:20Z,ce90559f55be4473bb37ff8ca45b830d61c35bb7,6686,size_in_bytes,lib/ocaml/compiler-libs/linkage_name.cmt,177460
2026-08-05T16:59:20Z,ce90559f55be4473bb37ff8ca45b830d61c35bb7,6686,size_in_bytes,lib/ocaml/compiler-libs/cmm_helpers.cmt,7901238
2026-08-05T16:59:20Z,ce90559f55be4473bb37ff8ca45b830d61c35bb7,6686,size_in_bytes,lib/ocaml/compiler-libs/maindriver.cmt,144283
2026-08-05T16:59:20Z,ce90559f55be4473bb37ff8ca45b830d61c35bb7,6686,size_in_bytes,lib/ocaml/compiler-libs/cfg_selection.cmt,642889
2026-08-05T16:59:20Z,ce90559f55be4473bb37ff8ca45b830d61c35bb7,6686,size_in_bytes,lib/ocaml/compiler-libs/flambda2_kinds__Flambda_kind.cmt,2085812
2026-08-05T16:59:20Z,ce90559f55be4473bb37ff8ca45b830d61c35bb7,6686,size_in_bytes,lib/ocaml/compiler-libs/dwarf_low__Dwarf_attribute_values.cmt,207250
2026-08-05T16:59:20Z,ce90559f55be4473bb37ff8ca45b830d61c35bb7,6686,size_in_bytes,lib/ocaml/compiler-libs/flambda2_terms__Placement.cmt,35156
2026-08-05T16:59:20Z,ce90559f55be4473bb37ff8ca45b830d61c35bb7,6686,size_in_bytes,lib/ocaml/compiler-libs/asttypes.cmt,27380
2026-08-05T16:59:20Z,ce90559f55be4473bb37ff8ca45b830d61c35bb7,6686,size_in_bytes,lib/ocaml/compiler-libs/reg_with_debug_info.cmt,301588
2026-08-05T16:59:20Z,ce90559f55be4473bb37ff8ca45b830d61c35bb7,6686,size_in_bytes,lib/ocaml/compiler-libs/solver.cmt,1799755
2026-08-05T16:59:20Z,ce90559f55be4473bb37ff8ca45b830d61c35bb7,6686,size_in_bytes,lib/ocaml/compiler-libs/oxcaml_args.cmt,3140878
2026-08-05T16:59:20Z,ce90559f55be4473bb37ff8ca45b830d61c35bb7,6686,size_in_bytes,lib/ocaml/compiler-libs/location_tracker_formatter.cmt,170900
2026-08-05T16:59:20Z,ce90559f55be4473bb37ff8ca45b830d61c35bb7,6686,size_in_bytes,lib/ocaml/compiler-libs/data_types.cmt,67856
2026-08-05T16:59:20Z,ce90559f55be4473bb37ff8ca45b830d61c35bb7,6686,size_in_bytes,lib/ocaml/compiler-libs/afl_instrument.cmt,159546
2026-08-05T16:59:20Z,ce90559f55be4473bb37ff8ca45b830d61c35bb7,6686,size_in_bytes,lib/ocaml/compiler-libs/flambda2_to_jsir.cmt,15332
2026-08-05T16:59:20Z,ce90559f55be4473bb37ff8ca45b830d61c35bb7,6686,size_in_bytes,lib/ocaml/compiler-libs/select_utils.cmt,893721
2026-08-05T16:59:20Z,ce90559f55be4473bb37ff8ca45b830d61c35bb7,6686,size_in_bytes,lib/ocaml/compiler-libs/compute_ranges_intf.cmt,190588
2026-08-05T16:59:20Z,ce90559f55be4473bb37ff8ca45b830d61c35bb7,6686,size_in_bytes,lib/ocaml/compiler-libs/flambda2_simplify__Call_site_inlining_decision.cmt,278921
2026-08-05T16:59:20Z,ce90559f55be4473bb37ff8ca45b830d61c35bb7,6686,size_in_bytes,lib/ocaml/compiler-libs/optpackager.cmt,361316
2026-08-05T16:59:20Z,ce90559f55be4473bb37ff8ca45b830d61c35bb7,6686,size_in_bytes,lib/ocaml/compiler-libs/lru.cmt,95001
2026-08-05T16:59:20Z,ce90559f55be4473bb37ff8ca45b830d61c35bb7,6686,size_in_bytes,lib/ocaml/compiler-libs/arm64_binary_emitter__Csel_helpers.cmt,63426
2026-08-05T16:59:20Z,ce90559f55be4473bb37ff8ca45b830d61c35bb7,6686,size_in_bytes,lib/ocaml/compiler-libs/form_rewrite_plan.cmt,461222
2026-08-05T16:59:20Z,ce90559f55be4473bb37ff8ca45b830d61c35bb7,6686,size_in_bytes,lib/ocaml/compiler-libs/relocation_entry.cmt,97704
2026-08-05T16:59:20Z,ce90559f55be4473bb37ff8ca45b830d61c35bb7,6686,size_in_bytes,lib/ocaml/compiler-libs/typemod.cmt,6296535
2026-08-05T16:59:20Z,ce90559f55be4473bb37ff8ca45b830d61c35bb7,6686,size_in_bytes,lib/ocaml/compiler-libs/flambda2_numbers__Targetint_32_64.cmt,1022519
2026-08-05T16:59:20Z,ce90559f55be4473bb37ff8ca45b830d61c35bb7,6686,size_in_bytes,lib/ocaml/compiler-libs/pprintast.cmt,6089811
2026-08-05T16:59:20Z,ce90559f55be4473bb37ff8ca45b830d61c35bb7,6686,size_in_bytes,lib/ocaml/compiler-libs/flambda2_datalog__Column.cmt,200473
2026-08-05T16:59:20Z,ce90559f55be4473bb37ff8ca45b830d61c35bb7,6686,size_in_bytes,lib/ocaml/compiler-libs/x86_gas.cmt,877425
2026-08-05T16:59:20Z,ce90559f55be4473bb37ff8ca45b830d61c35bb7,6686,size_in_bytes,lib/ocaml/compiler-libs/arm64_binary_emitter__For_jit.cmt,156633
2026-08-05T16:59:20Z,ce90559f55be4473bb37ff8ca45b830d61c35bb7,6686,size_in_bytes,lib/ocaml/compiler-libs/flambda2_parser.cmt,18890
2026-08-05T16:59:20Z,ce90559f55be4473bb37ff8ca45b830d61c35bb7,6686,size_in_bytes,lib/ocaml/compiler-libs/depend.cmt,1285134
2026-08-05T16:59:20Z,ce90559f55be4473bb37ff8ca45b830d61c35bb7,6686,size_in_bytes,lib/ocaml/compiler-libs/flambda2.cmt,337027
2026-08-05T16:59:20Z,ce90559f55be4473bb37ff8ca45b830d61c35bb7,6686,size_in_bytes,lib/ocaml/compiler-libs/compilation_unit.cmt,1132242
2026-08-05T16:59:20Z,ce90559f55be4473bb37ff8ca45b830d61c35bb7,6686,size_in_bytes,lib/ocaml/compiler-libs/internal_assembler.cmt,387111
2026-08-05T16:59:20Z,ce90559f55be4473bb37ff8ca45b830d61c35bb7,6686,size_in_bytes,lib/ocaml/compiler-libs/flambda2_simplify__Expr_builder.cmt,733024
2026-08-05T16:59:20Z,ce90559f55be4473bb37ff8ca45b830d61c35bb7,6686,size_in_bytes,lib/ocaml/compiler-libs/dsl_helpers.cmt,12051
2026-08-05T16:59:20Z,ce90559f55be4473bb37ff8ca45b830d61c35bb7,6686,size_in_bytes,lib/ocaml/compiler-libs/dwarf_low__Composite_location_description.cmt,38609
2026-08-05T16:59:20Z,ce90559f55be4473bb37ff8ca45b830d61c35bb7,6686,size_in_bytes,lib/ocaml/compiler-libs/flambda2_bound_identifiers__Bound_for_function.cmt,218261
2026-08-05T16:59:20Z,ce90559f55be4473bb37ff8ca45b830d61c35bb7,6686,size_in_bytes,lib/ocaml/compiler-libs/dwarf_low__Dwarf_arch_sizes.cmt,12063
2026-08-05T16:59:20Z,ce90559f55be4473bb37ff8ca45b830d61c35bb7,6686,size_in_bytes,lib/ocaml/compiler-libs/bytelink.cmt,1110899
2026-08-05T16:59:20Z,ce90559f55be4473bb37ff8ca45b830d61c35bb7,6686,size_in_bytes,lib/ocaml/compiler-libs/flambda2_simplify__Flow_types.cmt,430633
2026-08-05T16:59:20Z,ce90559f55be4473bb37ff8ca45b830d61c35bb7,6686,size_in_bytes,lib/ocaml/compiler-libs/asm_targets__Asm_symbol.cmt,268452
2026-08-05T16:59:20Z,ce90559f55be4473bb37ff8ca45b830d61c35bb7,6686,size_in_bytes,lib/ocaml/compiler-libs/flambda2_terms__Probe.cmt,32732
2026-08-05T16:59:20Z,ce90559f55be4473bb37ff8ca45b830d61c35bb7,6686,size_in_bytes,lib/ocaml/compiler-libs/flambda2_simplify__Lifted_constant.cmt,348511
2026-08-05T16:59:20Z,ce90559f55be4473bb37ff8ca45b830d61c35bb7,6686,size_in_bytes,lib/ocaml/compiler-libs/flambda2_simplify__Simplify_variadic_primitive.cmt,220750
2026-08-05T16:59:20Z,ce90559f55be4473bb37ff8ca45b830d61c35bb7,6686,size_in_bytes,lib/ocaml/compiler-libs/dwarf_low__Dwarf_4_entry_sorting.cmt,29575
2026-08-05T16:59:20Z,ce90559f55be4473bb37ff8ca45b830d61c35bb7,6686,size_in_bytes,lib/ocaml/compiler-libs/flambda2_simplify__Mutable_unboxing.cmt,753827
2026-08-05T16:59:20Z,ce90559f55be4473bb37ff8ca45b830d61c35bb7,6686,size_in_bytes,lib/ocaml/compiler-libs/flambda2_simplify__Simplify_static_const.cmt,511424
2026-08-05T16:59:20Z,ce90559f55be4473bb37ff8ca45b830d61c35bb7,6686,size_in_bytes,lib/ocaml/compiler-libs/iplt.cmt,131612
2026-08-05T16:59:20Z,ce90559f55be4473bb37ff8ca45b830d61c35bb7,6686,size_in_bytes,lib/ocaml/compiler-libs/scalar.cmt,673461
2026-08-05T16:59:20Z,ce90559f55be4473bb37ff8ca45b830d61c35bb7,6686,size_in_bytes,lib/ocaml/compiler-libs/unit_info.cmt,218044
2026-08-05T16:59:20Z,ce90559f55be4473bb37ff8ca45b830d61c35bb7,6686,size_in_bytes,lib/ocaml/compiler-libs/section_table.cmt,77485
2026-08-05T16:59:20Z,ce90559f55be4473bb37ff8ca45b830d61c35bb7,6686,size_in_bytes,lib/ocaml/compiler-libs/flambda2_bound_identifiers__Bound_name.cmt,57052
2026-08-05T16:59:20Z,ce90559f55be4473bb37ff8ca45b830d61c35bb7,6686,size_in_bytes,lib/ocaml/compiler-libs/asm_targets__Asm_label.cmt,234034
2026-08-05T16:59:20Z,ce90559f55be4473bb37ff8ca45b830d61c35bb7,6686,size_in_bytes,lib/ocaml/compiler-libs/target_system.cmt,104073
2026-08-05T16:59:20Z,ce90559f55be4473bb37ff8ca45b830d61c35bb7,6686,size_in_bytes,lib/ocaml/compiler-libs/flambda2_term_basics__Rec_info_expr.cmt,64239
2026-08-05T16:59:20Z,ce90559f55be4473bb37ff8ca45b830d61c35bb7,6686,size_in_bytes,lib/ocaml/compiler-libs/dwarf_low__Dwarf_value.cmt,510309
2026-08-05T16:59:20Z,ce90559f55be4473bb37ff8ca45b830d61c35bb7,6686,size_in_bytes,lib/ocaml/compiler-libs/debug.cmt,21135
2026-08-05T16:59:20Z,ce90559f55be4473bb37ff8ca45b830d61c35bb7,6686,size_in_bytes,lib/ocaml/compiler-libs/emitcode.cmt,904144
2026-08-05T16:59:20Z,ce90559f55be4473bb37ff8ca45b830d61c35bb7,6686,size_in_bytes,lib/ocaml/compiler-libs/flambda2_simplify__Non_constructed_code.cmt,55783
2026-08-05T16:59:20Z,ce90559f55be4473bb37ff8ca45b830d61c35bb7,6686,size_in_bytes,lib/ocaml/compiler-libs/dwarf_high__Simple_location_description_lang.cmt,123968
2026-08-05T16:59:20Z,ce90559f55be4473bb37ff8ca45b830d61c35bb7,6686,size_in_bytes,lib/ocaml/compiler-libs/opt_fuel.cmt,161268
2026-08-05T16:59:20Z,ce90559f55be4473bb37ff8ca45b830d61c35bb7,6686,size_in_bytes,lib/ocaml/compiler-libs/flambda2_simplify__Simplify_named.cmt,314321
2026-08-05T16:59:20Z,ce90559f55be4473bb37ff8ca45b830d61c35bb7,6686,size_in_bytes,lib/ocaml/compiler-libs/cfg_comballoc.cmt,197359
2026-08-05T16:59:20Z,ce90559f55be4473bb37ff8ca45b830d61c35bb7,6686,size_in_bytes,lib/ocaml/compiler-libs/regalloc_ls_state.cmt,315828
2026-08-05T16:59:20Z,ce90559f55be4473bb37ff8ca45b830d61c35bb7,6686,size_in_bytes,lib/ocaml/compiler-libs/dwarf_low__Location_or_range_list.cmt,35042
2026-08-05T16:59:20Z,ce90559f55be4473bb37ff8ca45b830d61c35bb7,6686,size_in_bytes,lib/ocaml/compiler-libs/static_label.cmt,35492
2026-08-05T16:59:20Z,ce90559f55be4473bb37ff8ca45b830d61c35bb7,6686,size_in_bytes,lib/ocaml/compiler-libs/transl_array_comprehension.cmt,536479
2026-08-05T16:59:20Z,ce90559f55be4473bb37ff8ca45b830d61c35bb7,6686,size_in_bytes,lib/ocaml/compiler-libs/flambda2_simplify_shared__Slot_offsets.cmt,1072217
2026-08-05T16:59:20Z,ce90559f55be4473bb37ff8ca45b830d61c35bb7,6686,size_in_bytes,lib/ocaml/compiler-libs/flambda2_simplify__Simplify_set_of_closures.cmt,1209287
2026-08-05T16:59:20Z,ce90559f55be4473bb37ff8ca45b830d61c35bb7,6686,size_in_bytes,lib/ocaml/compiler-libs/opcodes.cmt,95478
2026-08-05T16:59:20Z,ce90559f55be4473bb37ff8ca45b830d61c35bb7,6686,size_in_bytes,lib/ocaml/compiler-libs/language_extension_kernel.cmt,23254
2026-08-05T16:59:20Z,ce90559f55be4473bb37ff8ca45b830d61c35bb7,6686,size_in_bytes,lib/ocaml/compiler-libs/partial_link.cmt,252031
2026-08-05T16:59:20Z,ce90559f55be4473bb37ff8ca45b830d61c35bb7,6686,size_in_bytes,lib/ocaml/compiler-libs/igot.cmt,96234
2026-08-05T16:59:20Z,ce90559f55be4473bb37ff8ca45b830d61c35bb7,6686,size_in_bytes,lib/ocaml/compiler-libs/longident.cmt,78566
2026-08-05T16:59:20Z,ce90559f55be4473bb37ff8ca45b830d61c35bb7,6686,size_in_bytes,lib/ocaml/compiler-libs/flambda2_to_jsir__To_jsir.cmt,806812
2026-08-05T16:59:20Z,ce90559f55be4473bb37ff8ca45b830d61c35bb7,6686,size_in_bytes,lib/ocaml/compiler-libs/symbol_table.cmt,168437
2026-08-05T16:59:20Z,ce90559f55be4473bb37ff8ca45b830d61c35bb7,6686,size_in_bytes,lib/ocaml/compiler-libs/parser.cmt,83794780
2026-08-05T16:59:20Z,ce90559f55be4473bb37ff8ca45b830d61c35bb7,6686,size_in_bytes,lib/ocaml/compiler-libs/flambda2_bound_identifiers.cmt,18073
2026-08-05T16:59:20Z,ce90559f55be4473bb37ff8ca45b830d61c35bb7,6686,size_in_bytes,lib/ocaml/compiler-libs/blambda.cmt,74295
2026-08-05T16:59:20Z,ce90559f55be4473bb37ff8ca45b830d61c35bb7,6686,size_in_bytes,lib/ocaml/compiler-libs/flambda2_types__Cached_level.cmt,211604
2026-08-05T16:59:20Z,ce90559f55be4473bb37ff8ca45b830d61c35bb7,6686,size_in_bytes,lib/ocaml/compiler-libs/dwarf_low__Aranges_table.cmt,54441
2026-08-05T16:59:20Z,ce90559f55be4473bb37ff8ca45b830d61c35bb7,6686,size_in_bytes,lib/ocaml/compiler-libs/flambda2_simplify__Flow_analysis.cmt,215471
2026-08-05T16:59:20Z,ce90559f55be4473bb37ff8ca45b830d61c35bb7,6686,size_in_bytes,lib/ocaml/compiler-libs/flambda2_terms__Flambda_primitive.cmt,3968248
2026-08-05T16:59:20Z,ce90559f55be4473bb37ff8ca45b830d61c35bb7,6686,size_in_bytes,lib/ocaml/compiler-libs/flambda2_parser__Flambda_to_fexpr_commons.cmt,715562
2026-08-05T16:59:20Z,ce90559f55be4473bb37ff8ca45b830d61c35bb7,6686,size_in_bytes,lib/ocaml/compiler-libs/opterrors.cmt,15418
2026-08-05T16:59:20Z,ce90559f55be4473bb37ff8ca45b830d61c35bb7,6686,size_in_bytes,lib/ocaml/compiler-libs/branch_relaxation.cmt,292170
2026-08-05T16:59:20Z,ce90559f55be4473bb37ff8ca45b830d61c35bb7,6686,size_in_bytes,lib/ocaml/compiler-libs/flambda2_types__Typing_env.cmt,1534252
2026-08-05T16:59:20Z,ce90559f55be4473bb37ff8ca45b830d61c35bb7,6686,size_in_bytes,lib/ocaml/compiler-libs/compile_common.cmt,216981
2026-08-05T16:59:20Z,ce90559f55be4473bb37ff8ca45b830d61c35bb7,6686,size_in_bytes,lib/ocaml/compiler-libs/relocatable_symbol_name.cmt,17702
2026-08-05T16:59:20Z,ce90559f55be4473bb37ff8ca45b830d61c35bb7,6686,size_in_bytes,lib/ocaml/compiler-libs/flambda2_parser__Fexpr_prim.cmt,1580361
2026-08-05T16:59:20Z,ce90559f55be4473bb37ff8ca45b830d61c35bb7,6686,size_in_bytes,lib/ocaml/compiler-libs/types.cmt,1961650
2026-08-05T16:59:20Z,ce90559f55be4473bb37ff8ca45b830d61c35bb7,6686,size_in_bytes,lib/ocaml/compiler-libs/flambda2_bound_identifiers__Bound_pattern.cmt,246508
2026-08-05T16:59:20Z,ce90559f55be4473bb37ff8ca45b830d61c35bb7,6686,size_in_bytes,lib/ocaml/compiler-libs/regalloc_split.cmt,601409
2026-08-05T16:59:20Z,ce90559f55be4473bb37ff8ca45b830d61c35bb7,6686,size_in_bytes,lib/ocaml/compiler-libs/format_doc.cmt,1113934
2026-08-05T16:59:20Z,ce90559f55be4473bb37ff8ca45b830d61c35bb7,6686,size_in_bytes,lib/ocaml/compiler-libs/flambda2_nominal__Contains_names.cmt,25597
2026-08-05T16:59:20Z,ce90559f55be4473bb37ff8ca45b830d61c35bb7,6686,size_in_bytes,lib/ocaml/compiler-libs/cfg_selectgen_target_intf.cmt,69707
2026-08-05T16:59:20Z,ce90559f55be4473bb37ff8ca45b830d61c35bb7,6686,size_in_bytes,lib/ocaml/compiler-libs/flambda2_types__Join_env.cmt,3343097
2026-08-05T16:59:20Z,ce90559f55be4473bb37ff8ca45b830d61c35bb7,6686,size_in_bytes,lib/ocaml/compiler-libs/flambda2_types__Meet_and_join.cmt,3292790
2026-08-05T16:59:20Z,ce90559f55be4473bb37ff8ca45b830d61c35bb7,6686,size_in_bytes,lib/ocaml/compiler-libs/flambda2_simplify__Simplify_ternary_primitive.cmt,172577
2026-08-05T16:59:20Z,ce90559f55be4473bb37ff8ca45b830d61c35bb7,6686,size_in_bytes,lib/ocaml/compiler-libs/flambda2_algorithms__Leapfrog.cmt,171331
2026-08-05T16:59:20Z,ce90559f55be4473bb37ff8ca45b830d61c35bb7,6686,size_in_bytes,lib/ocaml/compiler-libs/flambda2_kinds.cmt,12251
2026-08-05T16:59:20Z,ce90559f55be4473bb37ff8ca45b830d61c35bb7,6686,size_in_bytes,lib/ocaml/compiler-libs/instructionId.cmt,50398
2026-08-05T16:59:20Z,ce90559f55be4473bb37ff8ca45b830d61c35bb7,6686,size_in_bytes,lib/ocaml/compiler-libs/arm64_binary_emitter__Data_proc_helpers.cmt,147240
2026-08-05T16:59:20Z,ce90559f55be4473bb37ff8ca45b830d61c35bb7,6686,size_in_bytes,lib/ocaml/compiler-libs/syntaxerr.cmt,35295
2026-08-05T16:59:20Z,ce90559f55be4473bb37ff8ca45b830d61c35bb7,6686,size_in_bytes,lib/ocaml/compiler-libs/compmisc.cmt,146234
2026-08-05T16:59:20Z,ce90559f55be4473bb37ff8ca45b830d61c35bb7,6686,size_in_bytes,lib/ocaml/compiler-libs/arm64_binary_emitter__Load_store_helpers.cmt,1011134
2026-08-05T16:59:20Z,ce90559f55be4473bb37ff8ca45b830d61c35bb7,6686,size_in_bytes,lib/ocaml/compiler-libs/regalloc_validate.cmt,1712664
2026-08-05T16:59:20Z,ce90559f55be4473bb37ff8ca45b830d61c35bb7,6686,size_in_bytes,lib/ocaml/compiler-libs/arm64_ast__Logical_immediates.cmt,208534
2026-08-05T16:59:20Z,ce90559f55be4473bb37ff8ca45b830d61c35bb7,6686,size_in_bytes,lib/ocaml/compiler-libs/regalloc_gi_state.cmt,68364
2026-08-05T16:59:20Z,ce90559f55be4473bb37ff8ca45b830d61c35bb7,6686,size_in_bytes,lib/ocaml/compiler-libs/cmm_peephole_engine.cmt,453387
2026-08-05T16:59:20Z,ce90559f55be4473bb37ff8ca45b830d61c35bb7,6686,size_in_bytes,lib/ocaml/compiler-libs/flambda2_simplify__Continuation_uses.cmt,228897
2026-08-05T16:59:20Z,ce90559f55be4473bb37ff8ca45b830d61c35bb7,6686,size_in_bytes,lib/ocaml/compiler-libs/flambda2_identifiers__Rec_info_expr0.cmt,209031
2026-08-05T16:59:20Z,ce90559f55be4473bb37ff8ca45b830d61c35bb7,6686,size_in_bytes,lib/ocaml/compiler-libs/dwarf_low__Debug_loc_table.cmt,46058
2026-08-05T16:59:20Z,ce90559f55be4473bb37ff8ca45b830d61c35bb7,6686,size_in_bytes,lib/ocaml/compiler-libs/flambda2_from_lambda__Lambda_to_flambda_primitives_helpers.cmt,705707
2026-08-05T16:59:20Z,ce90559f55be4473bb37ff8ca45b830d61c35bb7,6686,size_in_bytes,lib/ocaml/compiler-libs/vectorize_utils.cmt,130233
2026-08-05T16:59:20Z,ce90559f55be4473bb37ff8ca45b830d61c35bb7,6686,size_in_bytes,lib/ocaml/compiler-libs/optmaindriver.cmt,333766
2026-08-05T16:59:20Z,ce90559f55be4473bb37ff8ca45b830d61c35bb7,6686,size_in_bytes,lib/ocaml/compiler-libs/cmm_invariants.cmt,202109
2026-08-05T16:59:20Z,ce90559f55be4473bb37ff8ca45b830d61c35bb7,6686,size_in_bytes,lib/ocaml/compiler-libs/flambda2_numbers.cmt,14523
2026-08-05T16:59:20Z,ce90559f55be4473bb37ff8ca45b830d61c35bb7,6686,size_in_bytes,lib/ocaml/compiler-libs/backend_var.cmt,202705
2026-08-05T16:59:20Z,ce90559f55be4473bb37ff8ca45b830d61c35bb7,6686,size_in_bytes,lib/ocaml/compiler-libs/jkind_types.cmt,1169781
2026-08-05T16:59:20Z,ce90559f55be4473bb37ff8ca45b830d61c35bb7,6686,size_in_bytes,lib/ocaml/compiler-libs/flambda2_simplify__Continuation_in_env.cmt,120825
2026-08-05T16:59:20Z,ce90559f55be4473bb37ff8ca45b830d61c35bb7,6686,size_in_bytes,lib/ocaml/compiler-libs/oxcaml_flags.cmt,473932
2026-08-05T16:59:20Z,ce90559f55be4473bb37ff8ca45b830d61c35bb7,6686,size_in_bytes,lib/ocaml/compiler-libs/cfg_stack_checks.cmt,193812
2026-08-05T16:59:20Z,ce90559f55be4473bb37ff8ca45b830d61c35bb7,6686,size_in_bytes,lib/ocaml/compiler-libs/flambda2_terms__Code_size.cmt,429499
2026-08-05T16:59:20Z,ce90559f55be4473bb37ff8ca45b830d61c35bb7,6686,size_in_bytes,lib/ocaml/compiler-libs/flambda2_simplify__Simplify_switch_expr.cmt,1092948
2026-08-05T16:59:20Z,ce90559f55be4473bb37ff8ca45b830d61c35bb7,6686,size_in_bytes,lib/ocaml/compiler-libs/ident.cmt,703261
2026-08-05T16:59:20Z,ce90559f55be4473bb37ff8ca45b830d61c35bb7,6686,size_in_bytes,lib/ocaml/compiler-libs/flambda2_simplify__Simplify_apply_expr.cmt,1449377
2026-08-05T16:59:20Z,ce90559f55be4473bb37ff8ca45b830d61c35bb7,6686,size_in_bytes,lib/ocaml/compiler-libs/runtimetags.cmt,21605
2026-08-05T16:59:20Z,ce90559f55be4473bb37ff8ca45b830d61c35bb7,6686,size_in_bytes,lib/ocaml/compiler-libs/flambda2_lattices__Or_bottom.cmt,62311
2026-08-05T16:59:20Z,ce90559f55be4473bb37ff8ca45b830d61c35bb7,6686,size_in_bytes,lib/ocaml/compiler-libs/llvm_ir.cmt,1639054
2026-08-05T16:59:20Z,ce90559f55be4473bb37ff8ca45b830d61c35bb7,6686,size_in_bytes,lib/ocaml/compiler-libs/flambda2_simplify__Simplify_set_of_closures_context.cmt,280279
2026-08-05T16:59:20Z,ce90559f55be4473bb37ff8ca45b830d61c35bb7,6686,size_in_bytes,lib/ocaml/compiler-libs/CSE.cmt,77930
2026-08-05T16:59:20Z,ce90559f55be4473bb37ff8ca45b830d61c35bb7,6686,size_in_bytes,lib/ocaml/compiler-libs/out_type.cmt,3774782
2026-08-05T16:59:20Z,ce90559f55be4473bb37ff8ca45b830d61c35bb7,6686,size_in_bytes,lib/ocaml/compiler-libs/flambda2_reaper__Traverse_env.cmt,65136
2026-08-05T16:59:20Z,ce90559f55be4473bb37ff8ca45b830d61c35bb7,6686,size_in_bytes,lib/ocaml/compiler-libs/flambda2_identifiers__Continuation_callsite_map.cmt,40340
2026-08-05T16:59:20Z,ce90559f55be4473bb37ff8ca45b830d61c35bb7,6686,size_in_bytes,lib/ocaml/compiler-libs/flambda2_compare.cmt,10936
2026-08-05T16:59:20Z,ce90559f55be4473bb37ff8ca45b830d61c35bb7,6686,size_in_bytes,lib/ocaml/compiler-libs/shape.cmt,1784705
2026-08-05T16:59:20Z,ce90559f55be4473bb37ff8ca45b830d61c35bb7,6686,size_in_bytes,lib/ocaml/compiler-libs/flambda2_reaper.cmt,21280
2026-08-05T16:59:20Z,ce90559f55be4473bb37ff8ca45b830d61c35bb7,6686,size_in_bytes,lib/ocaml/compiler-libs/flambda2_simplify_shared__Function_decl_inlining_decision.cmt,81085
2026-08-05T16:59:20Z,ce90559f55be4473bb37ff8ca45b830d61c35bb7,6686,size_in_bytes,lib/ocaml/compiler-libs/tast_iterator.cmt,1611039
2026-08-05T16:59:20Z,ce90559f55be4473bb37ff8ca45b830d61c35bb7,6686,size_in_bytes,lib/ocaml/compiler-libs/flambda2_terms__Effects_and_coeffects.cmt,62182
2026-08-05T16:59:20Z,ce90559f55be4473bb37ff8ca45b830d61c35bb7,6686,size_in_bytes,lib/ocaml/compiler-libs/dwarf_low__Abbreviations_table_entry.cmt,63675
2026-08-05T16:59:20Z,ce90559f55be4473bb37ff8ca45b830d61c35bb7,6686,size_in_bytes,lib/ocaml/compiler-libs/flambda2_types__Reify.cmt,538852
2026-08-05T16:59:20Z,ce90559f55be4473bb37ff8ca45b830d61c35bb7,6686,size_in_bytes,lib/ocaml/compiler-libs/regalloc_irc_utils.cmt,152687
2026-08-05T16:59:20Z,ce90559f55be4473bb37ff8ca45b830d61c35bb7,6686,size_in_bytes,lib/ocaml/compiler-libs/flambda2_from_lambda__Lambda_to_flambda_primitives.cmt,4114624
2026-08-05T16:59:20Z,ce90559f55be4473bb37ff8ca45b830d61c35bb7,6686,size_in_bytes,lib/ocaml/compiler-libs/diffing_with_keys.cmt,278450
2026-08-05T16:59:20Z,ce90559f55be4473bb37ff8ca45b830d61c35bb7,6686,size_in_bytes,lib/ocaml/compiler-libs/optlink.cmt,459893
2026-08-05T16:59:20Z,ce90559f55be4473bb37ff8ca45b830d61c35bb7,6686,size_in_bytes,lib/ocaml/compiler-libs/cfg_quick_hash.cmt,89992
2026-08-05T16:59:20Z,ce90559f55be4473bb37ff8ca45b830d61c35bb7,6686,size_in_bytes,lib/ocaml/compiler-libs/cfg_cse_target_intf.cmt,40803
2026-08-05T16:59:20Z,ce90559f55be4473bb37ff8ca45b830d61c35bb7,6686,size_in_bytes,lib/ocaml/compiler-libs/flambda2_types__Meet.cmt,70267
2026-08-05T16:59:20Z,ce90559f55be4473bb37ff8ca45b830d61c35bb7,6686,size_in_bytes,lib/ocaml/compiler-libs/build_igot_and_iplt.cmt,42631
2026-08-05T16:59:20Z,ce90559f55be4473bb37ff8ca45b830d61c35bb7,6686,size_in_bytes,lib/ocaml/compiler-libs/measure_object_files.cmt,232475
2026-08-05T16:59:20Z,ce90559f55be4473bb37ff8ca45b830d61c35bb7,6686,size_in_bytes,lib/ocaml/compiler-libs/flambda2_simplify__Rebuilt_static_const.cmt,493195
2026-08-05T16:59:20Z,ce90559f55be4473bb37ff8ca45b830d61c35bb7,6686,size_in_bytes,lib/ocaml/compiler-libs/printblambda.cmt,562947
2026-08-05T16:59:20Z,ce90559f55be4473bb37ff8ca45b830d61c35bb7,6686,size_in_bytes,lib/ocaml/compiler-libs/dwarf_low.cmt,41760
2026-08-05T16:59:20Z,ce90559f55be4473bb37ff8ca45b830d61c35bb7,6686,size_in_bytes,lib/ocaml/compiler-libs/ldd_intf.cmt,39010
2026-08-05T16:59:20Z,ce90559f55be4473bb37ff8ca45b830d61c35bb7,6686,size_in_bytes,lib/ocaml/compiler-libs/available_ranges_vars.cmt,203818
2026-08-05T16:59:20Z,ce90559f55be4473bb37ff8ca45b830d61c35bb7,6686,size_in_bytes,lib/ocaml/compiler-libs/cfg_with_layout.cmt,620429
2026-08-05T16:59:20Z,ce90559f55be4473bb37ff8ca45b830d61c35bb7,6686,size_in_bytes,lib/ocaml/compiler-libs/dwarf_high__Dwarf_attribute_helpers.cmt,488290
2026-08-05T16:59:20Z,ce90559f55be4473bb37ff8ca45b830d61c35bb7,6686,size_in_bytes,lib/ocaml/compiler-libs/flambda2_simplify__One_continuation_use.cmt,67500
2026-08-05T16:59:20Z,ce90559f55be4473bb37ff8ca45b830d61c35bb7,6686,size_in_bytes,lib/ocaml/compiler-libs/flambda2_nominal__Permutation.cmt,138403
2026-08-05T16:59:20Z,ce90559f55be4473bb37ff8ca45b830d61c35bb7,6686,size_in_bytes,lib/ocaml/compiler-libs/flambda2_to_jsir__To_jsir_env.cmt,310800
2026-08-05T16:59:20Z,ce90559f55be4473bb37ff8ca45b830d61c35bb7,6686,size_in_bytes,lib/ocaml/compiler-libs/flambda2_types__Typing_env_level.cmt,295959
2026-08-05T16:59:20Z,ce90559f55be4473bb37ff8ca45b830d61c35bb7,6686,size_in_bytes,lib/ocaml/compiler-libs/flambda2_simplify__Specialization_cost.cmt,209614
2026-08-05T16:59:20Z,ce90559f55be4473bb37ff8ca45b830d61c35bb7,6686,size_in_bytes,lib/ocaml/compiler-libs/flambda2_datalog__Datalog_imports.cmt,56011
2026-08-05T16:59:20Z,ce90559f55be4473bb37ff8ca45b830d61c35bb7,6686,size_in_bytes,lib/ocaml/compiler-libs/flambda2_terms__Inlining_history.cmt,364161
2026-08-05T16:59:20Z,ce90559f55be4473bb37ff8ca45b830d61c35bb7,6686,size_in_bytes,lib/ocaml/compiler-libs/x86_peephole_rules.cmt,212844
2026-08-05T16:59:20Z,ce90559f55be4473bb37ff8ca45b830d61c35bb7,6686,size_in_bytes,lib/ocaml/compiler-libs/flambda2_identifiers__Coercion0.cmt,106810
2026-08-05T16:59:20Z,ce90559f55be4473bb37ff8ca45b830d61c35bb7,6686,size_in_bytes,lib/ocaml/compiler-libs/flambda2_cmx.cmt,12297
2026-08-05T16:59:20Z,ce90559f55be4473bb37ff8ca45b830d61c35bb7,6686,size_in_bytes,lib/ocaml/compiler-libs/flambda2_nominal__Num_occurrences.cmt,23577
2026-08-05T16:59:20Z,ce90559f55be4473bb37ff8ca45b830d61c35bb7,6686,size_in_bytes,lib/ocaml/compiler-libs/flambda2_simplify__Comparison_result.cmt,95386
2026-08-05T16:59:20Z,ce90559f55be4473bb37ff8ca45b830d61c35bb7,6686,size_in_bytes,lib/ocaml/compiler-libs/linker_script.cmt,69088
2026-08-05T16:59:20Z,ce90559f55be4473bb37ff8ca45b830d61c35bb7,6686,size_in_bytes,lib/ocaml/compiler-libs/linkdeps.cmt,208939
2026-08-05T16:59:20Z,ce90559f55be4473bb37ff8ca45b830d61c35bb7,6686,size_in_bytes,lib/ocaml/compiler-libs/flambda2_terms__Flambda.cmt,2280922
2026-08-05T16:59:20Z,ce90559f55be4473bb37ff8ca45b830d61c35bb7,6686,size_in_bytes,lib/ocaml/compiler-libs/flambda2_simplify__Simplify.cmt,113398
2026-08-05T16:59:20Z,ce90559f55be4473bb37ff8ca45b830d61c35bb7,6686,size_in_bytes,lib/ocaml/compiler-libs/dwarf_low__Unit_type.cmt,27944
2026-08-05T16:59:20Z,ce90559f55be4473bb37ff8ca45b830d61c35bb7,6686,size_in_bytes,lib/ocaml/compiler-libs/arm64_ast__Ast.cmt,3572179
2026-08-05T16:59:20Z,ce90559f55be4473bb37ff8ca45b830d61c35bb7,6686,size_in_bytes,lib/ocaml/compiler-libs/btype.cmt,2625638
2026-08-05T16:59:20Z,ce90559f55be4473bb37ff8ca45b830d61c35bb7,6686,size_in_bytes,lib/ocaml/compiler-libs/dwarf_type.cmt,1777092
2026-08-05T16:59:20Z,ce90559f55be4473bb37ff8ca45b830d61c35bb7,6686,size_in_bytes,lib/ocaml/compiler-libs/dwarf_low__Address_table.cmt,211808
2026-08-05T16:59:20Z,ce90559f55be4473bb37ff8ca45b830d61c35bb7,6686,size_in_bytes,lib/ocaml/compiler-libs/dwarf_low__Inline_code.cmt,22920
2026-08-05T16:59:20Z,ce90559f55be4473bb37ff8ca45b830d61c35bb7,6686,size_in_bytes,lib/ocaml/compiler-libs/cmm_builtins.cmt,2296877
2026-08-05T16:59:20Z,ce90559f55be4473bb37ff8ca45b830d61c35bb7,6686,size_in_bytes,lib/ocaml/compiler-libs/flambda2_nominal.cmt,17304
2026-08-05T16:59:20Z,ce90559f55be4473bb37ff8ca45b830d61c35bb7,6686,size_in_bytes,lib/ocaml/compiler-libs/flambda2_simplify__Simplify_apply_cont_expr.cmt,179082
2026-08-05T16:59:20Z,ce90559f55be4473bb37ff8ca45b830d61c35bb7,6686,size_in_bytes,lib/ocaml/compiler-libs/sub_cfg.cmt,176504
2026-08-05T16:59:20Z,ce90559f55be4473bb37ff8ca45b830d61c35bb7,6686,size_in_bytes,lib/ocaml/compiler-libs/persistent_env.cmt,1530349
2026-08-05T16:59:20Z,ce90559f55be4473bb37ff8ca45b830d61c35bb7,6686,size_in_bytes,lib/ocaml/compiler-libs/flambda2_identifiers__Code_id_or_name.cmt,32941
2026-08-05T16:59:20Z,ce90559f55be4473bb37ff8ca45b830d61c35bb7,6686,size_in_bytes,lib/ocaml/compiler-libs/opttopdirs.cmt,221316
2026-08-05T16:59:20Z,ce90559f55be4473bb37ff8ca45b830d61c35bb7,6686,size_in_bytes,lib/ocaml/compiler-libs/dwarf_low__Abbreviations_table.cmt,187884
2026-08-05T16:59:20Z,ce90559f55be4473bb37ff8ca45b830d61c35bb7,6686,size_in_bytes,lib/ocaml/compiler-libs/ikind.cmt,1427338
2026-08-05T16:59:20Z,ce90559f55be4473bb37ff8ca45b830d61c35bb7,6686,size_in_bytes,lib/ocaml/compiler-libs/misc.cmt,4129082
2026-08-05T16:59:20Z,ce90559f55be4473bb37ff8ca45b830d61c35bb7,6686,size_in_bytes,lib/ocaml/compiler-libs/asmlink.cmt,615251
2026-08-05T16:59:20Z,ce90559f55be4473bb37ff8ca45b830d61c35bb7,6686,size_in_bytes,lib/ocaml/compiler-libs/flambda2_to_cmm__To_cmm_shared.cmt,522312
2026-08-05T16:59:20Z,ce90559f55be4473bb37ff8ca45b830d61c35bb7,6686,size_in_bytes,lib/ocaml/compiler-libs/flambda2_simplify.cmt,69430
2026-08-05T16:59:20Z,ce90559f55be4473bb37ff8ca45b830d61c35bb7,6686,size_in_bytes,lib/ocaml/compiler-libs/vicuna_value_shapes.cmt,271131
2026-08-05T16:59:20Z,ce90559f55be4473bb37ff8ca45b830d61c35bb7,6686,size_in_bytes,lib/ocaml/compiler-libs/terminfo.cmt,50441
2026-08-05T16:59:20Z,ce90559f55be4473bb37ff8ca45b830d61c35bb7,6686,size_in_bytes,lib/ocaml/compiler-libs/ast_helper.cmt,1640182
2026-08-05T16:59:20Z,ce90559f55be4473bb37ff8ca45b830d61c35bb7,6686,size_in_bytes,lib/ocaml/compiler-libs/flambda2_simplify__Closure_info.cmt,81470
2026-08-05T16:59:20Z,ce90559f55be4473bb37ff8ca45b830d61c35bb7,6686,size_in_bytes,lib/ocaml/compiler-libs/ast_mapper.cmt,2639903
2026-08-05T16:59:20Z,ce90559f55be4473bb37ff8ca45b830d61c35bb7,6686,size_in_bytes,lib/ocaml/compiler-libs/flambda2_simplify__Simplify_primitive.cmt,324240
2026-08-05T16:59:20Z,ce90559f55be4473bb37ff8ca45b830d61c35bb7,6686,size_in_bytes,lib/ocaml/compiler-libs/flambda2_reaper__Cofield.cmt,145010
2026-08-05T16:59:20Z,ce90559f55be4473bb37ff8ca45b830d61c35bb7,6686,size_in_bytes,lib/ocaml/compiler-libs/arm64_binary_emitter__Fp_helpers.cmt,298985
2026-08-05T16:59:20Z,ce90559f55be4473bb37ff8ca45b830d61c35bb7,6686,size_in_bytes,lib/ocaml/compiler-libs/flambda2_reaper__Datalog_helpers.cmt,701083
2026-08-05T16:59:20Z,ce90559f55be4473bb37ff8ca45b830d61c35bb7,6686,size_in_bytes,lib/ocaml/compiler-libs/dwarf_low__Dwarf_4_range_list_entry.cmt,99839
2026-08-05T16:59:20Z,ce90559f55be4473bb37ff8ca45b830d61c35bb7,6686,size_in_bytes,lib/ocaml/compiler-libs/flambda2_simplify__Non_recursive_handler.cmt,107563
2026-08-05T16:59:20Z,ce90559f55be4473bb37ff8ca45b830d61c35bb7,6686,size_in_bytes,lib/ocaml/compiler-libs/compenv.cmt,1098319
2026-08-05T16:59:20Z,ce90559f55be4473bb37ff8ca45b830d61c35bb7,6686,size_in_bytes,lib/ocaml/compiler-libs/flambda2_simplify_shared__Exported_offsets.cmt,201941
2026-08-05T16:59:20Z,ce90559f55be4473bb37ff8ca45b830d61c35bb7,6686,size_in_bytes,lib/ocaml/compiler-libs/flambda2_from_lambda__Closure_conversion.cmt,4450960
2026-08-05T16:59:20Z,ce90559f55be4473bb37ff8ca45b830d61c35bb7,6686,size_in_bytes,lib/ocaml/compiler-libs/flambda2_algorithms__Lmap.cmt,225172
2026-08-05T16:59:20Z,ce90559f55be4473bb37ff8ca45b830d61c35bb7,6686,size_in_bytes,lib/ocaml/compiler-libs/peephole_utils.cmt,144199
2026-08-05T16:59:20Z,ce90559f55be4473bb37ff8ca45b830d61c35bb7,6686,size_in_bytes,lib/ocaml/compiler-libs/flambda2_simplify__Simplify_unary_primitive.cmt,1170594
2026-08-05T16:59:20Z,ce90559f55be4473bb37ff8ca45b830d61c35bb7,6686,size_in_bytes,lib/ocaml/compiler-libs/flambda2_terms__Loopify_attribute.cmt,42289
2026-08-05T16:59:20Z,ce90559f55be4473bb37ff8ca45b830d61c35bb7,6686,size_in_bytes,lib/ocaml/compiler-libs/operation.cmt,657084
2026-08-05T16:59:20Z,ce90559f55be4473bb37ff8ca45b830d61c35bb7,6686,size_in_bytes,lib/ocaml/compiler-libs/cfg_reducibility.cmt,87516
2026-08-05T16:59:20Z,ce90559f55be4473bb37ff8ca45b830d61c35bb7,6686,size_in_bytes,lib/ocaml/compiler-libs/flambda2_terms__Apply_cont_expr.cmt,347364
2026-08-05T16:59:20Z,ce90559f55be4473bb37ff8ca45b830d61c35bb7,6686,size_in_bytes,lib/ocaml/compiler-libs/regalloc_utils.cmt,729865
2026-08-05T16:59:20Z,ce90559f55be4473bb37ff8ca45b830d61c35bb7,6686,size_in_bytes,lib/ocaml/compiler-libs/typeclass.cmt,3108868
2026-08-05T16:59:20Z,ce90559f55be4473bb37ff8ca45b830d61c35bb7,6686,size_in_bytes,lib/ocaml/compiler-libs/flambda2_term_basics__Continuation_use_kind.cmt,14688
2026-08-05T16:59:20Z,ce90559f55be4473bb37ff8ca45b830d61c35bb7,6686,size_in_bytes,lib/ocaml/compiler-libs/asm_targets__Asm_directives_dwarf.cmt,13635
2026-08-05T16:59:20Z,ce90559f55be4473bb37ff8ca45b830d61c35bb7,6686,size_in_bytes,lib/ocaml/compiler-libs/arm64_binary_emitter__Yield_helpers.cmt,15536
2026-08-05T16:59:20Z,ce90559f55be4473bb37ff8ca45b830d61c35bb7,6686,size_in_bytes,lib/ocaml/compiler-libs/flambda2_reaper__Rev_expr.cmt,50166
2026-08-05T16:59:20Z,ce90559f55be4473bb37ff8ca45b830d61c35bb7,6686,size_in_bytes,lib/ocaml/compiler-libs/dwarf_low__Location_or_range_list_entry.cmt,149174
2026-08-05T16:59:20Z,ce90559f55be4473bb37ff8ca45b830d61c35bb7,6686,size_in_bytes,lib/ocaml/compiler-libs/simplify_terminator.cmt,669341
2026-08-05T16:59:20Z,ce90559f55be4473bb37ff8ca45b830d61c35bb7,6686,size_in_bytes,lib/ocaml/compiler-libs/flambda2_parser__Flambda_parser_messages.cmt,74516
2026-08-05T16:59:20Z,ce90559f55be4473bb37ff8ca45b830d61c35bb7,6686,size_in_bytes,lib/ocaml/compiler-libs/matching.cmt,5992307
2026-08-05T16:59:20Z,ce90559f55be4473bb37ff8ca45b830d61c35bb7,6686,size_in_bytes,lib/ocaml/compiler-libs/current_unit.cmt,74392
2026-08-05T16:59:20Z,ce90559f55be4473bb37ff8ca45b830d61c35bb7,6686,size_in_bytes,lib/ocaml/compiler-libs/flambda2_term_basics__Tag_and_size.cmt,177555
2026-08-05T16:59:20Z,ce90559f55be4473bb37ff8ca45b830d61c35bb7,6686,size_in_bytes,lib/ocaml/compiler-libs/flambda2_datalog__Heterogenous_list.cmt,25981
2026-08-05T16:59:20Z,ce90559f55be4473bb37ff8ca45b830d61c35bb7,6686,size_in_bytes,lib/ocaml/compiler-libs/cfg_merge_blocks.cmt,174848
2026-08-05T16:59:20Z,ce90559f55be4473bb37ff8ca45b830d61c35bb7,6686,size_in_bytes,lib/ocaml/compiler-libs/allowance.cmt,45477
2026-08-05T16:59:20Z,ce90559f55be4473bb37ff8ca45b830d61c35bb7,6686,size_in_bytes,lib/ocaml/compiler-libs/cfg_available_regs.cmt,444876
2026-08-05T16:59:20Z,ce90559f55be4473bb37ff8ca45b830d61c35bb7,6686,size_in_bytes,lib/ocaml/compiler-libs/flambda2_simplify__Unboxing_epa.cmt,548085
2026-08-05T16:59:20Z,ce90559f55be4473bb37ff8ca45b830d61c35bb7,6686,size_in_bytes,lib/ocaml/compiler-libs/flambda2_to_jsir__To_jsir_shared.cmt,146436
2026-08-05T16:59:20Z,ce90559f55be4473bb37ff8ca45b830d61c35bb7,6686,size_in_bytes,lib/ocaml/compiler-libs/flambda2_simplify__Simplify_binary_primitive.cmt,3852493
2026-08-05T16:59:20Z,ce90559f55be4473bb37ff8ca45b830d61c35bb7,6686,size_in_bytes,lib/ocaml/compiler-libs/includecore.cmt,2357661
2026-08-05T16:59:20Z,ce90559f55be4473bb37ff8ca45b830d61c35bb7,6686,size_in_bytes,lib/ocaml/compiler-libs/mtype.cmt,1132229
2026-08-05T16:59:20Z,ce90559f55be4473bb37ff8ca45b830d61c35bb7,6686,size_in_bytes,lib/ocaml/compiler-libs/flambda2_identifiers__Value_slot.cmt,96154
2026-08-05T16:59:20Z,ce90559f55be4473bb37ff8ca45b830d61c35bb7,6686,size_in_bytes,lib/ocaml/compiler-libs/profile_counters_functions.cmt,137885
2026-08-05T16:59:20Z,ce90559f55be4473bb37ff8ca45b830d61c35bb7,6686,size_in_bytes,lib/ocaml/compiler-libs/flambda2_reaper__Traverse_acc.cmt,572477
2026-08-05T16:59:20Z,ce90559f55be4473bb37ff8ca45b830d61c35bb7,6686,size_in_bytes,lib/ocaml/compiler-libs/linkenv.cmt,489501
2026-08-05T16:59:20Z,ce90559f55be4473bb37ff8ca45b830d61c35bb7,6686,size_in_bytes,lib/ocaml/compiler-libs/extract_relocations.cmt,221830
2026-08-05T16:59:20Z,ce90559f55be4473bb37ff8ca45b830d61c35bb7,6686,size_in_bytes,lib/ocaml/compiler-libs/flambda2_datalog__Virtual_machine.cmt,273033
2026-08-05T16:59:20Z,ce90559f55be4473bb37ff8ca45b830d61c35bb7,6686,size_in_bytes,lib/ocaml/compiler-libs/printoperation.cmt,407265
2026-08-05T16:59:20Z,ce90559f55be4473bb37ff8ca45b830d61c35bb7,6686,size_in_bytes,lib/ocaml/compiler-libs/flambda2_datalog__.cmt,17871
2026-08-05T16:59:20Z,ce90559f55be4473bb37ff8ca45b830d61c35bb7,6686,size_in_bytes,lib/ocaml/compiler-libs/cfg_dominators.cmt,569253
2026-08-05T16:59:20Z,ce90559f55be4473bb37ff8ca45b830d61c35bb7,6686,size_in_bytes,lib/ocaml/compiler-libs/opttoploop.cmt,1407925
2026-08-05T16:59:20Z,ce90559f55be4473bb37ff8ca45b830d61c35bb7,6686,size_in_bytes,lib/ocaml/compiler-libs/flambda2_identifiers__Code_id.cmt,25961
2026-08-05T16:59:20Z,ce90559f55be4473bb37ff8ca45b830d61c35bb7,6686,size_in_bytes,lib/ocaml/compiler-libs/runtime_shape.cmt,735255
2026-08-05T16:59:20Z,ce90559f55be4473bb37ff8ca45b830d61c35bb7,6686,size_in_bytes,lib/ocaml/compiler-libs/flambda2_to_cmm__To_cmm.cmt,425482
2026-08-05T16:59:20Z,ce90559f55be4473bb37ff8ca45b830d61c35bb7,6686,size_in_bytes,lib/ocaml/compiler-libs/cfg_edge.cmt,105728
2026-08-05T16:59:20Z,ce90559f55be4473bb37ff8ca45b830d61c35bb7,6686,size_in_bytes,lib/ocaml/compiler-libs/flambda2_terms__Zero_alloc_attribute.cmt,79470
2026-08-05T16:59:20Z,ce90559f55be4473bb37ff8ca45b830d61c35bb7,6686,size_in_bytes,lib/ocaml/compiler-libs/flambda2_terms__Code_metadata.cmt,777174
2026-08-05T16:59:20Z,ce90559f55be4473bb37ff8ca45b830d61c35bb7,6686,size_in_bytes,lib/ocaml/compiler-libs/flambda2_simplify__Unboxers.cmt,161272
2026-08-05T16:59:20Z,ce90559f55be4473bb37ff8ca45b830d61c35bb7,6686,size_in_bytes,lib/ocaml/compiler-libs/x86_proc.cmt,359713
2026-08-05T16:59:20Z,ce90559f55be4473bb37ff8ca45b830d61c35bb7,6686,size_in_bytes,lib/ocaml/compiler-libs/flambda2_cmx__Exported_code.cmt,143038
2026-08-05T16:59:20Z,ce90559f55be4473bb37ff8ca45b830d61c35bb7,6686,size_in_bytes,lib/ocaml/compiler-libs/label.cmt,55009
2026-08-05T16:59:20Z,ce90559f55be4473bb37ff8ca45b830d61c35bb7,6686,size_in_bytes,lib/ocaml/compiler-libs/cfg_colours.cmt,43134
2026-08-05T16:59:20Z,ce90559f55be4473bb37ff8ca45b830d61c35bb7,6686,size_in_bytes,lib/ocaml/compiler-libs/flambda2_simplify__Lifted_constant_state.cmt,251233
2026-08-05T16:59:20Z,ce90559f55be4473bb37ff8ca45b830d61c35bb7,6686,size_in_bytes,lib/ocaml/compiler-libs/flambda2_reaper__Rebuilt_expr.cmt,109577
2026-08-05T16:59:20Z,ce90559f55be4473bb37ff8ca45b830d61c35bb7,6686,size_in_bytes,lib/ocaml/compiler-libs/flambda2_terms__Static_const.cmt,1238151
2026-08-05T16:59:20Z,ce90559f55be4473bb37ff8ca45b830d61c35bb7,6686,size_in_bytes,lib/ocaml/compiler-libs/compile.cmt,178614
2026-08-05T16:59:20Z,ce90559f55be4473bb37ff8ca45b830d61c35bb7,6686,size_in_bytes,lib/ocaml/compiler-libs/flambda2_terms__Code_or_metadata.cmt,247953
2026-08-05T16:59:20Z,ce90559f55be4473bb37ff8ca45b830d61c35bb7,6686,size_in_bytes,lib/ocaml/compiler-libs/flambda2_simplify__Continuation_shortcut.cmt,89233
2026-08-05T16:59:20Z,ce90559f55be4473bb37ff8ca45b830d61c35bb7,6686,size_in_bytes,lib/ocaml/compiler-libs/cmt_format.cmt,845674
2026-08-05T16:59:20Z,ce90559f55be4473bb37ff8ca45b830d61c35bb7,6686,size_in_bytes,lib/ocaml/compiler-libs/flambda2_parser__Flambda_parser.cmt,7684772
2026-08-05T16:59:20Z,ce90559f55be4473bb37ff8ca45b830d61c35bb7,6686,size_in_bytes,lib/ocaml/compiler-libs/slambda.cmt,33248
2026-08-05T16:59:20Z,ce90559f55be4473bb37ff8ca45b830d61c35bb7,6686,size_in_bytes,lib/ocaml/compiler-libs/regalloc_split_utils.cmt,147165
2026-08-05T16:59:20Z,ce90559f55be4473bb37ff8ca45b830d61c35bb7,6686,size_in_bytes,lib/ocaml/compiler-libs/flambda2_types__Type_grammar.cmt,6029057
2026-08-05T16:59:20Z,ce90559f55be4473bb37ff8ca45b830d61c35bb7,6686,size_in_bytes,lib/ocaml/compiler-libs/flambda2_parser__Fexpr_prim_descr.cmt,838493
2026-08-05T16:59:20Z,ce90559f55be4473bb37ff8ca45b830d61c35bb7,6686,size_in_bytes,lib/ocaml/compiler-libs/flambda2_nominal__Name_abstraction.cmt,140340
2026-08-05T16:59:20Z,ce90559f55be4473bb37ff8ca45b830d61c35bb7,6686,size_in_bytes,lib/ocaml/compiler-libs/reg.cmt,578661
2026-08-05T16:59:20Z,ce90559f55be4473bb37ff8ca45b830d61c35bb7,6686,size_in_bytes,lib/ocaml/compiler-libs/vicuna_traverse_typed_tree.cmt,578374
2026-08-05T16:59:20Z,ce90559f55be4473bb37ff8ca45b830d61c35bb7,6686,size_in_bytes,lib/ocaml/compiler-libs/arm64_binary_emitter__Encode_instruction.cmt,2069683
2026-08-05T16:59:20Z,ce90559f55be4473bb37ff8ca45b830d61c35bb7,6686,size_in_bytes,lib/ocaml/compiler-libs/printast.cmt,3464503
2026-08-05T16:59:20Z,ce90559f55be4473bb37ff8ca45b830d61c35bb7,6686,size_in_bytes,lib/ocaml/compiler-libs/translprim.cmt,2973271
2026-08-05T16:59:20Z,ce90559f55be4473bb37ff8ca45b830d61c35bb7,6686,size_in_bytes,lib/ocaml/compiler-libs/flambda2_numbers__Vector_types.cmt,681902
2026-08-05T16:59:20Z,ce90559f55be4473bb37ff8ca45b830d61c35bb7,6686,size_in_bytes,lib/ocaml/compiler-libs/flambda2_simplify__Simplify_import.cmt,43539
2026-08-05T16:59:20Z,ce90559f55be4473bb37ff8ca45b830d61c35bb7,6686,size_in_bytes,lib/ocaml/compiler-libs/vectorize_specific.cmt,83223
2026-08-05T16:59:20Z,ce90559f55be4473bb37ff8ca45b830d61c35bb7,6686,size_in_bytes,lib/ocaml/compiler-libs/typedecl_separability.cmt,516743
2026-08-05T16:59:20Z,ce90559f55be4473bb37ff8ca45b830d61c35bb7,6686,size_in_bytes,lib/ocaml/compiler-libs/flambda2_terms__Expr_std.cmt,32954
2026-08-05T16:59:20Z,ce90559f55be4473bb37ff8ca45b830d61c35bb7,6686,size_in_bytes,lib/ocaml/compiler-libs/peephole_optimize.cmt,51459
2026-08-05T16:59:20Z,ce90559f55be4473bb37ff8ca45b830d61c35bb7,6686,size_in_bytes,lib/ocaml/compiler-libs/flambda2_datalog__Schedule.cmt,823259
2026-08-05T16:59:20Z,ce90559f55be4473bb37ff8ca45b830d61c35bb7,6686,size_in_bytes,lib/ocaml/compiler-libs/extra_debug.cmt,56857
2026-08-05T16:59:20Z,ce90559f55be4473bb37ff8ca45b830d61c35bb7,6686,size_in_bytes,lib/ocaml/compiler-libs/regalloc_stack_slots.cmt,452994
2026-08-05T16:59:20Z,ce90559f55be4473bb37ff8ca45b830d61c35bb7,6686,size_in_bytes,lib/ocaml/compiler-libs/flambda2_floats.cmt,10950
2026-08-05T16:59:20Z,ce90559f55be4473bb37ff8ca45b830d61c35bb7,6686,size_in_bytes,lib/ocaml/compiler-libs/flambda2_reaper__Rebuild.cmt,2872507
2026-08-05T16:59:20Z,ce90559f55be4473bb37ff8ca45b830d61c35bb7,6686,size_in_bytes,lib/ocaml/compiler-libs/dwarf_high__Assign_abbrevs.cmt,69523
2026-08-05T16:59:20Z,ce90559f55be4473bb37ff8ca45b830d61c35bb7,6686,size_in_bytes,lib/ocaml/compiler-libs/regalloc_ls.cmt,467353
2026-08-05T16:59:20Z,ce90559f55be4473bb37ff8ca45b830d61c35bb7,6686,size_in_bytes,lib/ocaml/compiler-libs/flambda2_algorithms__Patricia_tree.cmt,3285552
2026-08-05T16:59:20Z,ce90559f55be4473bb37ff8ca45b830d61c35bb7,6686,size_in_bytes,lib/ocaml/compiler-libs/flambda2_terms__Poll_attribute.cmt,34939
2026-08-05T16:59:20Z,ce90559f55be4473bb37ff8ca45b830d61c35bb7,6686,size_in_bytes,lib/ocaml/compiler-libs/cfg_invariants.cmt,844500
2026-08-05T16:59:20Z,ce90559f55be4473bb37ff8ca45b830d61c35bb7,6686,size_in_bytes,lib/ocaml/compiler-libs/flambda2_to_jsir__To_jsir_result.cmt,178202
2026-08-05T16:59:20Z,ce90559f55be4473bb37ff8ca45b830d61c35bb7,6686,size_in_bytes,lib/ocaml/compiler-libs/dll.cmt,181533
2026-08-05T16:59:20Z,ce90559f55be4473bb37ff8ca45b830d61c35bb7,6686,size_in_bytes,lib/ocaml/compiler-libs/topdirs.cmt,696616
2026-08-05T16:59:20Z,ce90559f55be4473bb37ff8ca45b830d61c35bb7,6686,size_in_bytes,lib/ocaml/compiler-libs/dwarf_low__Initial_length.cmt,29317
2026-08-05T16:59:20Z,ce90559f55be4473bb37ff8ca45b830d61c35bb7,6686,size_in_bytes,lib/ocaml/compiler-libs/flambda2_terms__Code0.cmt,167112
2026-08-05T16:59:20Z,ce90559f55be4473bb37ff8ca45b830d61c35bb7,6686,size_in_bytes,lib/ocaml/compiler-libs/dwarf_low__Debug_ranges_table.cmt,44607
2026-08-05T16:59:20Z,ce90559f55be4473bb37ff8ca45b830d61c35bb7,6686,size_in_bytes,lib/ocaml/compiler-libs/tast_mapper.cmt,2038642
2026-08-05T16:59:20Z,ce90559f55be4473bb37ff8ca45b830d61c35bb7,6686,size_in_bytes,lib/ocaml/compiler-libs/typecore.cmt,16194278
2026-08-05T16:59:20Z,ce90559f55be4473bb37ff8ca45b830d61c35bb7,6686,size_in_bytes,lib/ocaml/compiler-libs/arm64_binary_emitter.cmt,26573
2026-08-05T16:59:20Z,ce90559f55be4473bb37ff8ca45b830d61c35bb7,6686,size_in_bytes,lib/ocaml/compiler-libs/oprint.cmt,2331251
2026-08-05T16:59:20Z,ce90559f55be4473bb37ff8ca45b830d61c35bb7,6686,size_in_bytes,lib/ocaml/compiler-libs/flambda2_term_basics__Coercion.cmt,69703
2026-08-05T16:59:20Z,ce90559f55be4473bb37ff8ca45b830d61c35bb7,6686,size_in_bytes,lib/ocaml/compiler-libs/dwarf_low__Simple_location_description.cmt,26841
2026-08-05T16:59:20Z,ce90559f55be4473bb37ff8ca45b830d61c35bb7,6686,size_in_bytes,lib/ocaml/compiler-libs/flambda2_simplify__Simplify_primitive_result.cmt,73272
2026-08-05T16:59:20Z,ce90559f55be4473bb37ff8ca45b830d61c35bb7,6686,size_in_bytes,lib/ocaml/compiler-libs/flambda2_types__Set_of_closures_contents.cmt,504410
2026-08-05T16:59:20Z,ce90559f55be4473bb37ff8ca45b830d61c35bb7,6686,size_in_bytes,lib/ocaml/compiler-libs/flambda2_terms__First_complex_local_param.cmt,35573
2026-08-05T16:59:20Z,ce90559f55be4473bb37ff8ca45b830d61c35bb7,6686,size_in_bytes,lib/ocaml/compiler-libs/flambda2_term_basics__Or_variable.cmt,57036
2026-08-05T16:59:20Z,ce90559f55be4473bb37ff8ca45b830d61c35bb7,6686,size_in_bytes,lib/ocaml/compiler-libs/parse.cmt,233257
2026-08-05T16:59:20Z,ce90559f55be4473bb37ff8ca45b830d61c35bb7,6686,size_in_bytes,lib/ocaml/compiler-libs/flambda2_terms__Result_types.cmt,237048
2026-08-05T16:59:20Z,ce90559f55be4473bb37ff8ca45b830d61c35bb7,6686,size_in_bytes,lib/ocaml/compiler-libs/jkind_axis.cmt,381341
2026-08-05T16:59:20Z,ce90559f55be4473bb37ff8ca45b830d61c35bb7,6686,size_in_bytes,lib/ocaml/compiler-libs/build_linker_args.cmt,37090
2026-08-05T16:59:20Z,ce90559f55be4473bb37ff8ca45b830d61c35bb7,6686,size_in_bytes,lib/ocaml/compiler-libs/clflags.cmt,1117499
2026-08-05T16:59:20Z,ce90559f55be4473bb37ff8ca45b830d61c35bb7,6686,size_in_bytes,lib/ocaml/compiler-libs/flambda2_ui__Flambda_features.cmt,372957
2026-08-05T16:59:20Z,ce90559f55be4473bb37ff8ca45b830d61c35bb7,6686,size_in_bytes,lib/ocaml/compiler-libs/flambda2_terms__Exn_continuation.cmt,295317
2026-08-05T16:59:20Z,ce90559f55be4473bb37ff8ca45b830d61c35bb7,6686,size_in_bytes,lib/ocaml/compiler-libs/flambda2_terms__Call_kind.cmt,640469
2026-08-05T16:59:20Z,ce90559f55be4473bb37ff8ca45b830d61c35bb7,6686,size_in_bytes,lib/ocaml/compiler-libs/flambda2_from_lambda__Closure_conversion_aux.cmt,1296771
2026-08-05T16:59:20Z,ce90559f55be4473bb37ff8ca45b830d61c35bb7,6686,size_in_bytes,lib/ocaml/compiler-libs/envaux.cmt,166857
2026-08-05T16:59:20Z,ce90559f55be4473bb37ff8ca45b830d61c35bb7,6686,size_in_bytes,lib/ocaml/compiler-libs/main_args.cmt,3953161
2026-08-05T16:59:20Z,ce90559f55be4473bb37ff8ca45b830d61c35bb7,6686,size_in_bytes,lib/ocaml/compiler-libs/simd_selection.cmt,2510556
2026-08-05T16:59:20Z,ce90559f55be4473bb37ff8ca45b830d61c35bb7,6686,size_in_bytes,lib/ocaml/compiler-libs/inlined_frame_ranges.cmt,403247
2026-08-05T16:59:20Z,ce90559f55be4473bb37ff8ca45b830d61c35bb7,6686,size_in_bytes,lib/ocaml/compiler-libs/cm_bundle.cmt,133117
2026-08-05T16:59:20Z,ce90559f55be4473bb37ff8ca45b830d61c35bb7,6686,size_in_bytes,lib/ocaml/compiler-libs/x86_binary_emitter.cmt,3269188
2026-08-05T16:59:20Z,ce90559f55be4473bb37ff8ca45b830d61c35bb7,6686,size_in_bytes,lib/ocaml/compiler-libs/flambda2_simplify_shared__Call_site_inlining_decision_type.cmt,442793
2026-08-05T16:59:20Z,ce90559f55be4473bb37ff8ca45b830d61c35bb7,6686,size_in_bytes,lib/ocaml/compiler-libs/flambda2_terms__Set_of_closures.cmt,307356
2026-08-05T16:59:20Z,ce90559f55be4473bb37ff8ca45b830d61c35bb7,6686,size_in_bytes,lib/ocaml/compiler-libs/simd.cmt,4651259
2026-08-05T16:59:20Z,ce90559f55be4473bb37ff8ca45b830d61c35bb7,6686,size_in_bytes,lib/ocaml/compiler-libs/arm64_ast.cmt,11476
2026-08-05T16:59:20Z,ce90559f55be4473bb37ff8ca45b830d61c35bb7,6686,size_in_bytes,lib/ocaml/compiler-libs/stack_reg_offset.cmt,34466
2026-08-05T16:59:20Z,ce90559f55be4473bb37ff8ca45b830d61c35bb7,6686,size_in_bytes,lib/ocaml/compiler-libs/flambda2_types__Type_descr.cmt,255295
2026-08-05T16:59:20Z,ce90559f55be4473bb37ff8ca45b830d61c35bb7,6686,size_in_bytes,lib/ocaml/compiler-libs/flambda2_reaper__Unboxing_analysis.cmt,982645
2026-08-05T16:59:20Z,ce90559f55be4473bb37ff8ca45b830d61c35bb7,6686,size_in_bytes,lib/ocaml/compiler-libs/file_sections.cmt,159818
2026-08-05T16:59:20Z,ce90559f55be4473bb37ff8ca45b830d61c35bb7,6686,size_in_bytes,lib/ocaml/compiler-libs/cfg_intf.cmt,77549
2026-08-05T16:59:20Z,ce90559f55be4473bb37ff8ca45b830d61c35bb7,6686,size_in_bytes,lib/ocaml/compiler-libs/flambda2_term_basics__Or_invalid.cmt,32182
2026-08-05T16:59:20Z,ce90559f55be4473bb37ff8ca45b830d61c35bb7,6686,size_in_bytes,lib/ocaml/compiler-libs/compiler_hooks.cmt,149310
2026-08-05T16:59:20Z,ce90559f55be4473bb37ff8ca45b830d61c35bb7,6686,size_in_bytes,lib/ocaml/compiler-libs/regalloc_stack_operands.cmt,342249
2026-08-05T16:59:20Z,ce90559f55be4473bb37ff8ca45b830d61c35bb7,6686,size_in_bytes,lib/ocaml/compiler-libs/flambda2_types__With_cached_free_names.cmt,82654
2026-08-05T16:59:20Z,ce90559f55be4473bb37ff8ca45b830d61c35bb7,6686,size_in_bytes,lib/ocaml/compiler-libs/flambda2_simplify__Downwards_env.cmt,1086841
2026-08-05T16:59:20Z,ce90559f55be4473bb37ff8ca45b830d61c35bb7,6686,size_in_bytes,lib/ocaml/compiler-libs/meta.cmt,20506
2026-08-05T16:59:20Z,ce90559f55be4473bb37ff8ca45b830d61c35bb7,6686,size_in_bytes,lib/ocaml/compiler-libs/dwarf_low__Dwarf_language.cmt,38850
2026-08-05T16:59:20Z,ce90559f55be4473bb37ff8ca45b830d61c35bb7,6686,size_in_bytes,lib/ocaml/compiler-libs/bytelibrarian.cmt,178420
2026-08-05T16:59:20Z,ce90559f55be4473bb37ff8ca45b830d61c35bb7,6686,size_in_bytes,lib/ocaml/compiler-libs/lambda.cmt,3430507
2026-08-05T16:59:20Z,ce90559f55be4473bb37ff8ca45b830d61c35bb7,6686,size_in_bytes,lib/ocaml/compiler-libs/printlinear.cmt,295986
2026-08-05T16:59:20Z,ce90559f55be4473bb37ff8ca45b830d61c35bb7,6686,size_in_bytes,lib/ocaml/compiler-libs/flambda2_simplify__Is_unboxing_beneficial.cmt,102472
2026-08-05T16:59:20Z,ce90559f55be4473bb37ff8ca45b830d61c35bb7,6686,size_in_bytes,lib/ocaml/compiler-libs/flambda2_parser__Print_fexpr.cmt,1793058
2026-08-05T16:59:20Z,ce90559f55be4473bb37ff8ca45b830d61c35bb7,6686,size_in_bytes,lib/ocaml/compiler-libs/flambda2_datalog__Datalog.cmt,555023
2026-08-05T16:59:20Z,ce90559f55be4473bb37ff8ca45b830d61c35bb7,6686,size_in_bytes,lib/ocaml/compiler-libs/axis_lattice.cmt,566173
2026-08-05T16:59:20Z,ce90559f55be4473bb37ff8ca45b830d61c35bb7,6686,size_in_bytes,lib/ocaml/compiler-libs/dwarf_low__Location_list_entry.cmt,28549
2026-08-05T16:59:20Z,ce90559f55be4473bb37ff8ca45b830d61c35bb7,6686,size_in_bytes,lib/ocaml/compiler-libs/flambda2_term_basics__Symbol_projection.cmt,175253
2026-08-05T16:59:20Z,ce90559f55be4473bb37ff8ca45b830d61c35bb7,6686,size_in_bytes,lib/ocaml/compiler-libs/identifiable.cmt,670302
2026-08-05T16:59:20Z,ce90559f55be4473bb37ff8ca45b830d61c35bb7,6686,size_in_bytes,lib/ocaml/compiler-libs/compilenv.cmt,352096
2026-08-05T16:59:20Z,ce90559f55be4473bb37ff8ca45b830d61c35bb7,6686,size_in_bytes,lib/ocaml/compiler-libs/cfg_loop_infos.cmt,240638
2026-08-05T16:59:20Z,ce90559f55be4473bb37ff8ca45b830d61c35bb7,6686,size_in_bytes,lib/ocaml/compiler-libs/cfg_with_infos.cmt,111226
2026-08-05T16:59:20Z,ce90559f55be4473bb37ff8ca45b830d61c35bb7,6686,size_in_bytes,lib/ocaml/compiler-libs/flambda2_to_jsir__To_jsir_static_const.cmt,358977
2026-08-05T16:59:20Z,ce90559f55be4473bb37ff8ca45b830d61c35bb7,6686,size_in_bytes,lib/ocaml/compiler-libs/import_info.cmt,177649
2026-08-05T16:59:20Z,ce90559f55be4473bb37ff8ca45b830d61c35bb7,6686,size_in_bytes,lib/ocaml/compiler-libs/regalloc_gi_utils.cmt,730958
2026-08-05T16:59:20Z,ce90559f55be4473bb37ff8ca45b830d61c35bb7,6686,size_in_bytes,lib/ocaml/compiler-libs/flambda2_identifiers__Name.cmt,242104
2026-08-05T16:59:20Z,ce90559f55be4473bb37ff8ca45b830d61c35bb7,6686,size_in_bytes,lib/ocaml/compiler-libs/flambda2_reaper__Reaper.cmt,79397
2026-08-05T16:59:20Z,ce90559f55be4473bb37ff8ca45b830d61c35bb7,6686,size_in_bytes,lib/ocaml/compiler-libs/flambda2_simplify_shared__Inlining_report.cmt,968929
2026-08-05T16:59:20Z,ce90559f55be4473bb37ff8ca45b830d61c35bb7,6686,size_in_bytes,lib/ocaml/compiler-libs/flambda2_numbers__One_bit_fewer.cmt,154481
2026-08-05T16:59:20Z,ce90559f55be4473bb37ff8ca45b830d61c35bb7,6686,size_in_bytes,lib/ocaml/compiler-libs/regalloc_ls_utils.cmt,493728
2026-08-05T16:59:20Z,ce90559f55be4473bb37ff8ca45b830d61c35bb7,6686,size_in_bytes,lib/ocaml/compiler-libs/flambda2_simplify__Optimistic_unboxing_decision.cmt,243482
2026-08-05T16:59:20Z,ce90559f55be4473bb37ff8ca45b830d61c35bb7,6686,size_in_bytes,lib/ocaml/compiler-libs/flambda2_reaper__Analysis.cmt,92174
2026-08-05T16:59:20Z,ce90559f55be4473bb37ff8ca45b830d61c35bb7,6686,size_in_bytes,lib/ocaml/compiler-libs/flambda2_types__Expand_head.cmt,717756
2026-08-05T16:59:20Z,ce90559f55be4473bb37ff8ca45b830d61c35bb7,6686,size_in_bytes,lib/ocaml/compiler-libs/typedecl.cmt,6022218
2026-08-05T16:59:20Z,ce90559f55be4473bb37ff8ca45b830d61c35bb7,6686,size_in_bytes,lib/ocaml/compiler-libs/regs.cmt,423669
2026-08-05T16:59:20Z,ce90559f55be4473bb37ff8ca45b830d61c35bb7,6686,size_in_bytes,lib/ocaml/compiler-libs/dissector.cmt,236197
2026-08-05T16:59:20Z,ce90559f55be4473bb37ff8ca45b830d61c35bb7,6686,size_in_bytes,lib/ocaml/compiler-libs/flambda2_cmx__Flambda_cmx_format.cmt,499803
2026-08-05T16:59:20Z,ce90559f55be4473bb37ff8ca45b830d61c35bb7,6686,size_in_bytes,lib/ocaml/compiler-libs/dwarf_low__Dwarf_tag.cmt,87826
2026-08-05T16:59:20Z,ce90559f55be4473bb37ff8ca45b830d61c35bb7,6686,size_in_bytes,lib/ocaml/compiler-libs/attr_helper.cmt,53274
2026-08-05T16:59:20Z,ce90559f55be4473bb37ff8ca45b830d61c35bb7,6686,size_in_bytes,lib/ocaml/compiler-libs/flambda2_term_basics__Value_slot_set.cmt,183260
2026-08-05T16:59:20Z,ce90559f55be4473bb37ff8ca45b830d61c35bb7,6686,size_in_bytes,lib/ocaml/compiler-libs/flambda2_simplify__Reification.cmt,286002
2026-08-05T16:59:20Z,ce90559f55be4473bb37ff8ca45b830d61c35bb7,6686,size_in_bytes,lib/ocaml/compiler-libs/parmatch.cmt,2993258
2026-08-05T16:59:20Z,ce90559f55be4473bb37ff8ca45b830d61c35bb7,6686,size_in_bytes,lib/ocaml/compiler-libs/type_shape.cmt,1133190
2026-08-05T16:59:20Z,ce90559f55be4473bb37ff8ca45b830d61c35bb7,6686,size_in_bytes,lib/ocaml/compiler-libs/translmod.cmt,1820664
2026-08-05T16:59:20Z,ce90559f55be4473bb37ff8ca45b830d61c35bb7,6686,size_in_bytes,lib/ocaml/compiler-libs/flambda2_terms__Trap_action.cmt,120546
2026-08-05T16:59:20Z,ce90559f55be4473bb37ff8ca45b830d61c35bb7,6686,size_in_bytes,lib/ocaml/compiler-libs/makedepend.cmt,1056120
2026-08-05T16:59:20Z,ce90559f55be4473bb37ff8ca45b830d61c35bb7,6686,size_in_bytes,lib/ocaml/compiler-libs/includeclass.cmt,182283
2026-08-05T16:59:20Z,ce90559f55be4473bb37ff8ca45b830d61c35bb7,6686,size_in_bytes,lib/ocaml/compiler-libs/dwarf_low__Single_location_description.cmt,28799
2026-08-05T16:59:20Z,ce90559f55be4473bb37ff8ca45b830d61c35bb7,6686,size_in_bytes,lib/ocaml/compiler-libs/cfg_to_linear.cmt,472536
2026-08-05T16:59:20Z,ce90559f55be4473bb37ff8ca45b830d61c35bb7,6686,size_in_bytes,lib/ocaml/compiler-libs/dwarf.cmt,241361
2026-08-05T16:59:20Z,ce90559f55be4473bb37ff8ca45b830d61c35bb7,6686,size_in_bytes,lib/ocaml/compiler-libs/flambda2_simplify__Original_handlers.cmt,117007
2026-08-05T16:59:20Z,ce90559f55be4473bb37ff8ca45b830d61c35bb7,6686,size_in_bytes,lib/ocaml/compiler-libs/probe_emission.cmt,222300
2026-08-05T16:59:20Z,ce90559f55be4473bb37ff8ca45b830d61c35bb7,6686,size_in_bytes,lib/ocaml/compiler-libs/predef.cmt,1296661
2026-08-05T16:59:20Z,ce90559f55be4473bb37ff8ca45b830d61c35bb7,6686,size_in_bytes,lib/ocaml/compiler-libs/flambda2_simplify__Simplify_named_result.cmt,61995
2026-08-05T16:59:20Z,ce90559f55be4473bb37ff8ca45b830d61c35bb7,6686,size_in_bytes,lib/ocaml/compiler-libs/cfg_prologue.cmt,552575
2026-08-05T16:59:20Z,ce90559f55be4473bb37ff8ca45b830d61c35bb7,6686,size_in_bytes,lib/ocaml/compiler-libs/flambda2_terms__Function_decl_inlining_decision_type.cmt,419497
2026-08-05T16:59:20Z,ce90559f55be4473bb37ff8ca45b830d61c35bb7,6686,size_in_bytes,lib/ocaml/compiler-libs/flambda2_simplify__Downwards_acc.cmt,505248
2026-08-05T16:59:20Z,ce90559f55be4473bb37ff8ca45b830d61c35bb7,6686,size_in_bytes,lib/ocaml/compiler-libs/flambda2_simplify__Lifted_cont_params.cmt,115411
2026-08-05T16:59:20Z,ce90559f55be4473bb37ff8ca45b830d61c35bb7,6686,size_in_bytes,lib/ocaml/compiler-libs/dwarf_low__Child_determination.cmt,28094
2026-08-05T16:59:20Z,ce90559f55be4473bb37ff8ca45b830d61c35bb7,6686,size_in_bytes,lib/ocaml/compiler-libs/ccomp.cmt,268258
2026-08-05T16:59:20Z,ce90559f55be4473bb37ff8ca45b830d61c35bb7,6686,size_in_bytes,lib/ocaml/compiler-libs/flambda2_term_basics__Simple.cmt,658797
2026-08-05T16:59:20Z,ce90559f55be4473bb37ff8ca45b830d61c35bb7,6686,size_in_bytes,lib/ocaml/compiler-libs/flambda2_parser__Flambda_lex.cmt,282015
2026-08-05T16:59:20Z,ce90559f55be4473bb37ff8ca45b830d61c35bb7,6686,size_in_bytes,lib/ocaml/compiler-libs/linear_format.cmt,107033
2026-08-05T16:59:20Z,ce90559f55be4473bb37ff8ca45b830d61c35bb7,6686,size_in_bytes,lib/ocaml/compiler-libs/flambda2_simplify__Apply_cont_rewrite.cmt,299608
2026-08-05T16:59:20Z,ce90559f55be4473bb37ff8ca45b830d61c35bb7,6686,size_in_bytes,lib/ocaml/compiler-libs/flambda2_simplify__Unboxing_types.cmt,284733
2026-08-05T16:59:20Z,ce90559f55be4473bb37ff8ca45b830d61c35bb7,6686,size_in_bytes,lib/ocaml/compiler-libs/arm64_binary_emitter__Binary_emitter.cmt,181689
2026-08-05T16:59:20Z,ce90559f55be4473bb37ff8ca45b830d61c35bb7,6686,size_in_bytes,lib/ocaml/compiler-libs/flambda2_simplify__Continuation_extra_params_and_args.cmt,216945
2026-08-05T16:59:20Z,ce90559f55be4473bb37ff8ca45b830d61c35bb7,6686,size_in_bytes,lib/ocaml/compiler-libs/ctype.cmt,11769372
2026-08-05T16:59:20Z,ce90559f55be4473bb37ff8ca45b830d61c35bb7,6686,size_in_bytes,lib/ocaml/compiler-libs/cfg_selectgen.cmt,2207755
2026-08-05T16:59:20Z,ce90559f55be4473bb37ff8ca45b830d61c35bb7,6686,size_in_bytes,lib/ocaml/compiler-libs/dwarf_low__Dwarf_emittable.cmt,21612
2026-08-05T16:59:20Z,ce90559f55be4473bb37ff8ca45b830d61c35bb7,6686,size_in_bytes,lib/ocaml/compiler-libs/compute_ranges.cmt,654092
2026-08-05T16:59:20Z,ce90559f55be4473bb37ff8ca45b830d61c35bb7,6686,size_in_bytes,lib/ocaml/compiler-libs/flambda2_simplify__Simplify_extcall.cmt,316391
2026-08-05T16:59:20Z,ce90559f55be4473bb37ff8ca45b830d61c35bb7,6686,size_in_bytes,lib/ocaml/compiler-libs/flambda2_terms__Code.cmt,66129
2026-08-05T16:59:20Z,ce90559f55be4473bb37ff8ca45b830d61c35bb7,6686,size_in_bytes,lib/ocaml/compiler-libs/flambda2_simplify__One_recursive_handler.cmt,58734
2026-08-05T16:59:20Z,ce90559f55be4473bb37ff8ca45b830d61c35bb7,6686,size_in_bytes,lib/ocaml/compiler-libs/cfg_simplify.cmt,290664
2026-08-05T16:59:20Z,ce90559f55be4473bb37ff8ca45b830d61c35bb7,6686,size_in_bytes,lib/ocaml/compiler-libs/regalloc_affinity.cmt,183653
2026-08-05T16:59:20Z,ce90559f55be4473bb37ff8ca45b830d61c35bb7,6686,size_in_bytes,lib/ocaml/compiler-libs/flambda2_terms.cmt,39419
2026-08-05T16:59:20Z,ce90559f55be4473bb37ff8ca45b830d61c35bb7,6686,size_in_bytes,lib/ocaml/compiler-libs/flambda2_reaper__Dot_printer.cmt,131128
2026-08-05T16:59:20Z,ce90559f55be4473bb37ff8ca45b830d61c35bb7,6686,size_in_bytes,lib/ocaml/compiler-libs/flambda2_term_basics__String_info.cmt,174014
2026-08-05T16:59:20Z,ce90559f55be4473bb37ff8ca45b830d61c35bb7,6686,size_in_bytes,lib/ocaml/compiler-libs/rewrite_sections.cmt,421990
2026-08-05T16:59:20Z,ce90559f55be4473bb37ff8ca45b830d61c35bb7,6686,size_in_bytes,lib/ocaml/compiler-libs/mode.cmt,10788186
2026-08-05T16:59:20Z,ce90559f55be4473bb37ff8ca45b830d61c35bb7,6686,size_in_bytes,lib/ocaml/compiler-libs/flambda2_terms__Effects.cmt,54754
2026-08-05T16:59:20Z,ce90559f55be4473bb37ff8ca45b830d61c35bb7,6686,size_in_bytes,lib/ocaml/compiler-libs/flambda2_to_cmm__To_cmm_env.cmt,1409223
2026-08-05T16:59:20Z,ce90559f55be4473bb37ff8ca45b830d61c35bb7,6686,size_in_bytes,lib/ocaml/compiler-libs/regalloc_interf_graph.cmt,425410
2026-08-05T16:59:20Z,ce90559f55be4473bb37ff8ca45b830d61c35bb7,6686,size_in_bytes,lib/ocaml/compiler-libs/jkind_intf.cmt,153710
2026-08-05T16:59:20Z,ce90559f55be4473bb37ff8ca45b830d61c35bb7,6686,size_in_bytes,lib/ocaml/compiler-libs/translobj.cmt,218508
2026-08-05T16:59:20Z,ce90559f55be4473bb37ff8ca45b830d61c35bb7,6686,size_in_bytes,lib/ocaml/compiler-libs/flambda2_simplify_shared__Inlining_helpers.cmt,147812
2026-08-05T16:59:20Z,ce90559f55be4473bb37ff8ca45b830d61c35bb7,6686,size_in_bytes,lib/ocaml/compiler-libs/translattribute.cmt,511856
2026-08-05T16:59:20Z,ce90559f55be4473bb37ff8ca45b830d61c35bb7,6686,size_in_bytes,lib/ocaml/compiler-libs/flambda2_identifiers__Variable.cmt,48855
2026-08-05T16:59:20Z,ce90559f55be4473bb37ff8ca45b830d61c35bb7,6686,size_in_bytes,lib/ocaml/compiler-libs/dwarf_low__Counted_location_description.cmt,30897
2026-08-05T16:59:20Z,ce90559f55be4473bb37ff8ca45b830d61c35bb7,6686,size_in_bytes,lib/ocaml/compiler-libs/arch.cmt,838219
2026-08-05T16:59:20Z,ce90559f55be4473bb37ff8ca45b830d61c35bb7,6686,size_in_bytes,lib/ocaml/compiler-libs/slambda_fracture.cmt,672218
2026-08-05T16:59:20Z,ce90559f55be4473bb37ff8ca45b830d61c35bb7,6686,size_in_bytes,lib/ocaml/compiler-libs/instruct.cmt,52063
2026-08-05T16:59:20Z,ce90559f55be4473bb37ff8ca45b830d61c35bb7,6686,size_in_bytes,lib/ocaml/compiler-libs/x86_ast_utils.cmt,179025
2026-08-05T16:59:20Z,ce90559f55be4473bb37ff8ca45b830d61c35bb7,6686,size_in_bytes,lib/ocaml/compiler-libs/docstrings.cmt,332929
2026-08-05T16:59:20Z,ce90559f55be4473bb37ff8ca45b830d61c35bb7,6686,size_in_bytes,lib/ocaml/compiler-libs/flambda2_types__Provers.cmt,1469896
2026-08-05T16:59:20Z,ce90559f55be4473bb37ff8ca45b830d61c35bb7,6686,size_in_bytes,lib/ocaml/compiler-libs/dwarf_low__Dwarf_4_location_list_entry.cmt,126770
2026-08-05T16:59:20Z,ce90559f55be4473bb37ff8ca45b830d61c35bb7,6686,size_in_bytes,lib/ocaml/compiler-libs/runtimedef.cmt,98569
2026-08-05T16:59:20Z,ce90559f55be4473bb37ff8ca45b830d61c35bb7,6686,size_in_bytes,lib/ocaml/compiler-libs/flambda2_ui__Flambda_colours.cmt,101435
2026-08-05T16:59:20Z,ce90559f55be4473bb37ff8ca45b830d61c35bb7,6686,size_in_bytes,lib/ocaml/compiler-libs/translmode.cmt,53765
2026-08-05T16:59:20Z,ce90559f55be4473bb37ff8ca45b830d61c35bb7,6686,size_in_bytes,lib/ocaml/compiler-libs/regalloc_irc_state.cmt,977496
2026-08-05T16:59:20Z,ce90559f55be4473bb37ff8ca45b830d61c35bb7,6686,size_in_bytes,lib/ocaml/compiler-libs/typeopt.cmt,1542742
2026-08-05T16:59:20Z,ce90559f55be4473bb37ff8ca45b830d61c35bb7,6686,size_in_bytes,lib/ocaml/compiler-libs/flambda2_simplify__Simplify_nullary_primitive.cmt,103753
2026-08-05T16:59:20Z,ce90559f55be4473bb37ff8ca45b830d61c35bb7,6686,size_in_bytes,lib/ocaml/compiler-libs/flambda2_terms__Function_declarations.cmt,127410
2026-08-05T16:59:20Z,ce90559f55be4473bb37ff8ca45b830d61c35bb7,6686,size_in_bytes,lib/ocaml/compiler-libs/dwarf_low__Dwarf_int.cmt,117200
2026-08-05T16:59:20Z,ce90559f55be4473bb37ff8ca45b830d61c35bb7,6686,size_in_bytes,lib/ocaml/compiler-libs/byteinstantiator.cmt,62756
2026-08-05T16:59:20Z,ce90559f55be4473bb37ff8ca45b830d61c35bb7,6686,size_in_bytes,lib/ocaml/compiler-libs/jkind.cmt,4961038
2026-08-05T16:59:20Z,ce90559f55be4473bb37ff8ca45b830d61c35bb7,6686,size_in_bytes,lib/ocaml/compiler-libs/flambda2_to_cmm__To_cmm_expr.cmt,1843217
2026-08-05T16:59:20Z,ce90559f55be4473bb37ff8ca45b830d61c35bb7,6686,size_in_bytes,lib/ocaml/compiler-libs/regalloc_gi.cmt,380173
2026-08-05T16:59:20Z,ce90559f55be4473bb37ff8ca45b830d61c35bb7,6686,size_in_bytes,lib/ocaml/compiler-libs/flambda2_simplify__Build_unboxing_denv.cmt,298365
2026-08-05T16:59:20Z,ce90559f55be4473bb37ff8ca45b830d61c35bb7,6686,size_in_bytes,lib/ocaml/compiler-libs/subst.cmt,1942956
2026-08-05T16:59:20Z,ce90559f55be4473bb37ff8ca45b830d61c35bb7,6686,size_in_bytes,lib/ocaml/compiler-libs/flambda2_simplify__Simplify_coercion.cmt,39868
2026-08-05T16:59:20Z,ce90559f55be4473bb37ff8ca45b830d61c35bb7,6686,size_in_bytes,lib/ocaml/compiler-libs/flambda2_simplify__Are_lifting_conts.cmt,95262
2026-08-05T16:59:20Z,ce90559f55be4473bb37ff8ca45b830d61c35bb7,6686,size_in_bytes,lib/ocaml/compiler-libs/dwarf_low__Debug_info_section.cmt,89556
2026-08-05T16:59:20Z,ce90559f55be4473bb37ff8ca45b830d61c35bb7,6686,size_in_bytes,lib/ocaml/compiler-libs/arm64_binary_emitter__Simd_helpers.cmt,492134
2026-08-05T16:59:20Z,ce90559f55be4473bb37ff8ca45b830d61c35bb7,6686,size_in_bytes,lib/ocaml/compiler-libs/generic_fns.cmt,458781
2026-08-05T16:59:20Z,ce90559f55be4473bb37ff8ca45b830d61c35bb7,6686,size_in_bytes,lib/ocaml/compiler-libs/flambda2_types__Join_levels_old.cmt,304444
2026-08-05T16:59:20Z,ce90559f55be4473bb37ff8ca45b830d61c35bb7,6686,size_in_bytes,lib/ocaml/compiler-libs/dwarf_high__Proto_die.cmt,109997
2026-08-05T16:59:20Z,ce90559f55be4473bb37ff8ca45b830d61c35bb7,6686,size_in_bytes,lib/ocaml/compiler-libs/dwarf_low__Dwarf_attributes.cmt,656600
2026-08-05T16:59:20Z,ce90559f55be4473bb37ff8ca45b830d61c35bb7,6686,size_in_bytes,lib/ocaml/compiler-libs/structured_mangling.cmt,573925
2026-08-05T16:59:20Z,ce90559f55be4473bb37ff8ca45b830d61c35bb7,6686,size_in_bytes,lib/ocaml/compiler-libs/builtin_attributes.cmt,1263775
2026-08-05T16:59:20Z,ce90559f55be4473bb37ff8ca45b830d61c35bb7,6686,size_in_bytes,lib/ocaml/compiler-libs/flambda2_terms__Flambda_unit.cmt,101926
2026-08-05T16:59:20Z,ce90559f55be4473bb37ff8ca45b830d61c35bb7,6686,size_in_bytes,lib/ocaml/compiler-libs/shape_reduce.cmt,961931
2026-08-05T16:59:20Z,ce90559f55be4473bb37ff8ca45b830d61c35bb7,6686,size_in_bytes,lib/ocaml/compiler-libs/camlinternalMenhirLib.cmt,2287768
2026-08-05T16:59:20Z,ce90559f55be4473bb37ff8ca45b830d61c35bb7,6686,size_in_bytes,lib/ocaml/compiler-libs/transl_list_comprehension.cmt,185974
2026-08-05T16:59:20Z,ce90559f55be4473bb37ff8ca45b830d61c35bb7,6686,size_in_bytes,lib/ocaml/compiler-libs/stypes.cmt,219436
2026-08-05T16:59:20Z,ce90559f55be4473bb37ff8ca45b830d61c35bb7,6686,size_in_bytes,lib/ocaml/compiler-libs/location.cmt,1493247
2026-08-05T16:59:20Z,ce90559f55be4473bb37ff8ca45b830d61c35bb7,6686,size_in_bytes,lib/ocaml/compiler-libs/cmmgen_state.cmt,185809
2026-08-05T16:59:20Z,ce90559f55be4473bb37ff8ca45b830d61c35bb7,6686,size_in_bytes,lib/ocaml/compiler-libs/asm_targets__Asm_section.cmt,233627
2026-08-05T16:59:20Z,ce90559f55be4473bb37ff8ca45b830d61c35bb7,6686,size_in_bytes,lib/ocaml/compiler-libs/flambda2_terms__Regalloc_param_attribute.cmt,54122
2026-08-05T16:59:20Z,ce90559f55be4473bb37ff8ca45b830d61c35bb7,6686,size_in_bytes,lib/ocaml/compiler-libs/typedtree.cmt,1032033
2026-08-05T16:59:20Z,ce90559f55be4473bb37ff8ca45b830d61c35bb7,6686,size_in_bytes,lib/ocaml/compiler-libs/dwarf_low__Dwarf_format.cmt,22687
2026-08-05T16:59:20Z,ce90559f55be4473bb37ff8ca45b830d61c35bb7,6686,size_in_bytes,lib/ocaml/compiler-libs/includemod.cmt,2138420
2026-08-05T16:59:20Z,ce90559f55be4473bb37ff8ca45b830d61c35bb7,6686,size_in_bytes,lib/ocaml/compiler-libs/flambda2_simplify__Upwards_acc.cmt,240826
2026-08-05T16:59:20Z,ce90559f55be4473bb37ff8ca45b830d61c35bb7,6686,size_in_bytes,lib/ocaml/compiler-libs/domainstate.cmt,275234
2026-08-05T16:59:20Z,ce90559f55be4473bb37ff8ca45b830d61c35bb7,6686,size_in_bytes,lib/ocaml/compiler-libs/flambda2_terms__Inlining_state.cmt,91817
2026-08-05T16:59:20Z,ce90559f55be4473bb37ff8ca45b830d61c35bb7,6686,size_in_bytes,lib/ocaml/compiler-libs/instantiator.cmt,315820
2026-08-05T16:59:20Z,ce90559f55be4473bb37ff8ca45b830d61c35bb7,6686,size_in_bytes,lib/ocaml/compiler-libs/flambda2_simplify__Upwards_env.cmt,219869
2026-08-05T16:59:20Z,ce90559f55be4473bb37ff8ca45b830d61c35bb7,6686,size_in_bytes,lib/ocaml/compiler-libs/flambda2_terms__Recursive.cmt,29192
2026-08-05T16:59:20Z,ce90559f55be4473bb37ff8ca45b830d61c35bb7,6686,size_in_bytes,lib/ocaml/compiler-libs/flambda2_terms__Validity.cmt,40858
2026-08-05T16:59:20Z,ce90559f55be4473bb37ff8ca45b830d61c35bb7,6686,size_in_bytes,lib/ocaml/compiler-libs/asmgen.cmt,1058460
2026-08-05T16:59:20Z,ce90559f55be4473bb37ff8ca45b830d61c35bb7,6686,size_in_bytes,lib/ocaml/compiler-libs/binutils.cmt,865625
2026-08-05T16:59:20Z,ce90559f55be4473bb37ff8ca45b830d61c35bb7,6686,size_in_bytes,lib/ocaml/compiler-libs/cfg_polling.cmt,412858
2026-08-05T16:59:20Z,ce90559f55be4473bb37ff8ca45b830d61c35bb7,6686,size_in_bytes,lib/ocaml/compiler-libs/flambda2_simplify__Simplify_rec_info_expr.cmt,154269
2026-08-05T16:59:20Z,ce90559f55be4473bb37ff8ca45b830d61c35bb7,6686,size_in_bytes,lib/ocaml/compiler-libs/flambda2_classic_mode_types__Value_approximation.cmt,91062
2026-08-05T16:59:20Z,ce90559f55be4473bb37ff8ca45b830d61c35bb7,6686,size_in_bytes,lib/ocaml/compiler-libs/flambda2_classic_mode_types.cmt,11223
2026-08-05T16:59:20Z,ce90559f55be4473bb37ff8ca45b830d61c35bb7,6686,size_in_bytes,lib/ocaml/compiler-libs/local_store.cmt,76583
2026-08-05T16:59:20Z,ce90559f55be4473bb37ff8ca45b830d61c35bb7,6686,size_in_bytes,lib/ocaml/compiler-libs/binary_emitter_helpers.cmt,19180
2026-08-05T16:59:20Z,ce90559f55be4473bb37ff8ca45b830d61c35bb7,6686,size_in_bytes,lib/ocaml/compiler-libs/flambda2_terms__Switch_expr.cmt,163811
2026-08-05T16:59:20Z,ce90559f55be4473bb37ff8ca45b830d61c35bb7,6686,size_in_bytes,lib/ocaml/compiler-libs/flambda2_reaper__Traverse.cmt,1100102
2026-08-05T16:59:20Z,ce90559f55be4473bb37ff8ca45b830d61c35bb7,6686,size_in_bytes,lib/ocaml/compiler-libs/flambda2_simplify_shared__Are_rebuilding_terms.cmt,26021
2026-08-05T16:59:20Z,ce90559f55be4473bb37ff8ca45b830d61c35bb7,6686,size_in_bytes,lib/ocaml/compiler-libs/regalloc_irc.cmt,839922
2026-08-05T16:59:20Z,ce90559f55be4473bb37ff8ca45b830d61c35bb7,6686,size_in_bytes,lib/ocaml/compiler-libs/flambda2_lattices__Or_unknown_or_bottom.cmt,71707
2026-08-05T16:59:20Z,ce90559f55be4473bb37ff8ca45b830d61c35bb7,6686,size_in_bytes,lib/ocaml/compiler-libs/stack_class_utils.cmt,181813
2026-08-05T16:59:20Z,ce90559f55be4473bb37ff8ca45b830d61c35bb7,6686,size_in_bytes,lib/ocaml/compiler-libs/flambda2_to_cmm__To_cmm_set_of_closures.cmt,1134604
2026-08-05T16:59:20Z,ce90559f55be4473bb37ff8ca45b830d61c35bb7,6686,size_in_bytes,lib/ocaml/compiler-libs/arm64_binary_emitter__Relocation.cmt,270036
2026-08-05T16:59:20Z,ce90559f55be4473bb37ff8ca45b830d61c35bb7,6686,size_in_bytes,lib/ocaml/compiler-libs/errortrace.cmt,164602
2026-08-05T16:59:20Z,ce90559f55be4473bb37ff8ca45b830d61c35bb7,6686,size_in_bytes,lib/ocaml/compiler-libs/blambda_of_lambda.cmt,1594170
2026-08-05T16:59:20Z,ce90559f55be4473bb37ff8ca45b830d61c35bb7,6686,size_in_bytes,lib/ocaml/compiler-libs/dwarf_inlined_frames.cmt,468312
2026-08-05T16:59:20Z,ce90559f55be4473bb37ff8ca45b830d61c35bb7,6686,size_in_bytes,lib/ocaml/compiler-libs/signature_with_global_bindings.cmt,88905
2026-08-05T16:59:20Z,ce90559f55be4473bb37ff8ca45b830d61c35bb7,6686,size_in_bytes,lib/ocaml/compiler-libs/flambda2_to_cmm__To_cmm_effects.cmt,76038
2026-08-05T16:59:20Z,ce90559f55be4473bb37ff8ca45b830d61c35bb7,6686,size_in_bytes,lib/ocaml/compiler-libs/dwarf_low__Dwarf_version.cmt,32708
2026-08-05T16:59:20Z,ce90559f55be4473bb37ff8ca45b830d61c35bb7,6686,size_in_bytes,lib/ocaml/compiler-libs/x86_peephole_utils.cmt,291675
2026-08-05T16:59:20Z,ce90559f55be4473bb37ff8ca45b830d61c35bb7,6686,size_in_bytes,lib/ocaml/compiler-libs/dwarf_low__Range_list_entry.cmt,31896
2026-08-05T16:59:20Z,ce90559f55be4473bb37ff8ca45b830d61c35bb7,6686,size_in_bytes,lib/ocaml/compiler-libs/cfg_cse.cmt,586391
2026-08-05T16:59:20Z,ce90559f55be4473bb37ff8ca45b830d61c35bb7,6686,size_in_bytes,lib/ocaml/compiler-libs/flambda2_datalog__Value.cmt,33510
2026-08-05T16:59:20Z,ce90559f55be4473bb37ff8ca45b830d61c35bb7,6686,size_in_bytes,lib/ocaml/compiler-libs/flambda2_nominal__Name_occurrences.cmt,1433394
2026-08-05T16:59:20Z,ce90559f55be4473bb37ff8ca45b830d61c35bb7,6686,size_in_bytes,lib/ocaml/compiler-libs/flambda2_parser__Fexpr_to_flambda_commons.cmt,448628
2026-08-05T16:59:20Z,ce90559f55be4473bb37ff8ca45b830d61c35bb7,6686,size_in_bytes,lib/ocaml/ocaml-jit/jit.cmt,770477
2026-08-05T16:59:20Z,ce90559f55be4473bb37ff8ca45b830d61c35bb7,6686,size_in_bytes,lib/ocaml/stdlib_beta/stdlib_beta.cmt,11816
2026-08-05T16:59:20Z,ce90559f55be4473bb37ff8ca45b830d61c35bb7,6686,size_in_bytes,lib/ocaml/str/str.cmt,1215071
2026-08-05T16:59:20Z,ce90559f55be4473bb37ff8ca45b830d61c35bb7,6686,size_in_bytes,lib/ocaml/stdlib_upstream_compatible/stdlib_upstream_compatible__Int32_u.cmt,178020
2026-08-05T16:59:20Z,ce90559f55be4473bb37ff8ca45b830d61c35bb7,6686,size_in_bytes,lib/ocaml/stdlib_upstream_compatible/stdlib_upstream_compatible__Nativeint_u.cmt,188175
2026-08-05T16:59:20Z,ce90559f55be4473bb37ff8ca45b830d61c35bb7,6686,size_in_bytes,lib/ocaml/stdlib_upstream_compatible/stdlib_upstream_compatible.cmt,10751
2026-08-05T16:59:20Z,ce90559f55be4473bb37ff8ca45b830d61c35bb7,6686,size_in_bytes,lib/ocaml/stdlib_upstream_compatible/stdlib_upstream_compatible__Int64_u.cmt,208553
2026-08-05T16:59:20Z,ce90559f55be4473bb37ff8ca45b830d61c35bb7,6686,size_in_bytes,lib/ocaml/stdlib_upstream_compatible/stdlib_upstream_compatible__.cmt,14133
2026-08-05T16:59:20Z,ce90559f55be4473bb37ff8ca45b830d61c35bb7,6686,size_in_bytes,lib/ocaml/stdlib_upstream_compatible/stdlib_upstream_compatible__Float_u.cmt,295943
2026-08-05T16:59:20Z,ce90559f55be4473bb37ff8ca45b830d61c35bb7,6686,size_in_bytes,lib/ocaml/stdlib_alpha/stdlib_alpha.cmt,11799
2026-08-05T16:59:20Z,ce90559f55be4473bb37ff8ca45b830d61c35bb7,6686,size_in_bytes,lib/ocaml/compiler_owee__Owee_traverse.cmti,18223
2026-08-05T16:59:20Z,ce90559f55be4473bb37ff8ca45b830d61c35bb7,6686,size_in_bytes,lib/ocaml/stdlib__Lazy.cmti,30735
2026-08-05T16:59:20Z,ce90559f55be4473bb37ff8ca45b830d61c35bb7,6686,size_in_bytes,lib/ocaml/stdlib__Complex.cmti,30987
2026-08-05T16:59:20Z,ce90559f55be4473bb37ff8ca45b830d61c35bb7,6686,size_in_bytes,lib/ocaml/compiler_owee__Owee_form.cmti,17819
2026-08-05T16:59:20Z,ce90559f55be4473bb37ff8ca45b830d61c35bb7,6686,size_in_bytes,lib/ocaml/compiler_owee__Owee_elf.cmti,98961
2026-08-05T16:59:20Z,ce90559f55be4473bb37ff8ca45b830d61c35bb7,6686,size_in_bytes,lib/ocaml/stdlib__Nativeint.cmti,66287
2026-08-05T16:59:20Z,ce90559f55be4473bb37ff8ca45b830d61c35bb7,6686,size_in_bytes,lib/ocaml/stdlib__Parsing.cmti,37777
2026-08-05T16:59:20Z,ce90559f55be4473bb37ff8ca45b830d61c35bb7,6686,size_in_bytes,lib/ocaml/stdlib__Quote.cmti,24432
2026-08-05T16:59:20Z,ce90559f55be4473bb37ff8ca45b830d61c35bb7,6686,size_in_bytes,lib/ocaml/compiler_owee__Owee_interval_map.cmti,20060
2026-08-05T16:59:20Z,ce90559f55be4473bb37ff8ca45b830d61c35bb7,6686,size_in_bytes,lib/ocaml/camlinternalAtomic.cmti,19206
2026-08-05T16:59:20Z,ce90559f55be4473bb37ff8ca45b830d61c35bb7,6686,size_in_bytes,lib/ocaml/stdlib__List.cmti,158815
2026-08-05T16:59:20Z,ce90559f55be4473bb37ff8ca45b830d61c35bb7,6686,size_in_bytes,lib/ocaml/stdlib__Queue.cmti,47689
2026-08-05T16:59:20Z,ce90559f55be4473bb37ff8ca45b830d61c35bb7,6686,size_in_bytes,lib/ocaml/compiler_owee__Owee_object.cmti,28990
2026-08-05T16:59:20Z,ce90559f55be4473bb37ff8ca45b830d61c35bb7,6686,size_in_bytes,lib/ocaml/camlinternalFormat.cmti,71928
2026-08-05T16:59:20Z,ce90559f55be4473bb37ff8ca45b830d61c35bb7,6686,size_in_bytes,lib/ocaml/gc_timings.cmti,12646
2026-08-05T16:59:20Z,ce90559f55be4473bb37ff8ca45b830d61c35bb7,6686,size_in_bytes,lib/ocaml/stdlib__Result.cmti,65211
2026-08-05T16:59:20Z,ce90559f55be4473bb37ff8ca45b830d61c35bb7,6686,size_in_bytes,lib/ocaml/stdlib__Map.cmti,183215
2026-08-05T16:59:20Z,ce90559f55be4473bb37ff8ca45b830d61c35bb7,6686,size_in_bytes,lib/ocaml/camlinternalFormatBasics.cmti,212052
2026-08-05T16:59:20Z,ce90559f55be4473bb37ff8ca45b830d61c35bb7,6686,size_in_bytes,lib/ocaml/stdlib__ListLabels.cmti,159364
2026-08-05T16:59:20Z,ce90559f55be4473bb37ff8ca45b830d61c35bb7,6686,size_in_bytes,lib/ocaml/camlinternalLazy.cmti,16546
2026-08-05T16:59:20Z,ce90559f55be4473bb37ff8ca45b830d61c35bb7,6686,size_in_bytes,lib/ocaml/stdlib__StringLabels.cmti,127142
2026-08-05T16:59:20Z,ce90559f55be4473bb37ff8ca45b830d61c35bb7,6686,size_in_bytes,lib/ocaml/stdlib__Fun.cmti,37704
2026-08-05T16:59:20Z,ce90559f55be4473bb37ff8ca45b830d61c35bb7,6686,size_in_bytes,lib/ocaml/stdlib__Bool.cmti,29504
2026-08-05T16:59:20Z,ce90559f55be4473bb37ff8ca45b830d61c35bb7,6686,size_in_bytes,lib/ocaml/compiler_owee__Owee_buf.cmti,53969
2026-08-05T16:59:20Z,ce90559f55be4473bb37ff8ca45b830d61c35bb7,6686,size_in_bytes,lib/ocaml/stdlib__Digest.cmti,69854
2026-08-05T16:59:20Z,ce90559f55be4473bb37ff8ca45b830d61c35bb7,6686,size_in_bytes,lib/ocaml/stdlib__Scanf.cmti,98459
2026-08-05T16:59:20Z,ce90559f55be4473bb37ff8ca45b830d61c35bb7,6686,size_in_bytes,lib/ocaml/stdlib__Set.cmti,141770
2026-08-05T16:59:20Z,ce90559f55be4473bb37ff8ca45b830d61c35bb7,6686,size_in_bytes,lib/ocaml/stdlib__Char.cmti,51200
2026-08-05T16:59:20Z,ce90559f55be4473bb37ff8ca45b830d61c35bb7,6686,size_in_bytes,lib/ocaml/stdlib__Either.cmti,49538
2026-08-05T16:59:20Z,ce90559f55be4473bb37ff8ca45b830d61c35bb7,6686,size_in_bytes,lib/ocaml/compiler_owee__Owee_macho.cmti,115082
2026-08-05T16:59:20Z,ce90559f55be4473bb37ff8ca45b830d61c35bb7,6686,size_in_bytes,lib/ocaml/stdlib__Atomic.cmti,65604
2026-08-05T16:59:20Z,ce90559f55be4473bb37ff8ca45b830d61c35bb7,6686,size_in_bytes,lib/ocaml/stdlib__Int.cmti,48728
2026-08-05T16:59:20Z,ce90559f55be4473bb37ff8ca45b830d61c35bb7,6686,size_in_bytes,lib/ocaml/stdlib__Int32.cmti,65205
2026-08-05T16:59:20Z,ce90559f55be4473bb37ff8ca45b830d61c35bb7,6686,size_in_bytes,lib/ocaml/stdlib__Bigarray.cmti,344231
2026-08-05T16:59:20Z,ce90559f55be4473bb37ff8ca45b830d61c35bb7,6686,size_in_bytes,lib/ocaml/stdlib__Option.cmti,38901
2026-08-05T16:59:20Z,ce90559f55be4473bb37ff8ca45b830d61c35bb7,6686,size_in_bytes,lib/ocaml/stdlib__Oo.cmti,18174
2026-08-05T16:59:20Z,ce90559f55be4473bb37ff8ca45b830d61c35bb7,6686,size_in_bytes,lib/ocaml/stdlib__Int64.cmti,70217
2026-08-05T16:59:20Z,ce90559f55be4473bb37ff8ca45b830d61c35bb7,6686,size_in_bytes,lib/ocaml/compiler_owee__Owee_location.cmti,20021
2026-08-05T16:59:20Z,ce90559f55be4473bb37ff8ca45b830d61c35bb7,6686,size_in_bytes,lib/ocaml/stdlib__Arg.cmti,66712
2026-08-05T16:59:20Z,ce90559f55be4473bb37ff8ca45b830d61c35bb7,6686,size_in_bytes,lib/ocaml/stdlib__Iarray.cmti,101272
2026-08-05T16:59:20Z,ce90559f55be4473bb37ff8ca45b830d61c35bb7,6686,size_in_bytes,lib/ocaml/stdlib__Stack.cmti,37246
2026-08-05T16:59:20Z,ce90559f55be4473bb37ff8ca45b830d61c35bb7,6686,size_in_bytes,lib/ocaml/stdlib__Hashtbl.cmti,235989
2026-08-05T16:59:20Z,ce90559f55be4473bb37ff8ca45b830d61c35bb7,6686,size_in_bytes,lib/ocaml/stdlib__Array.cmti,137401
2026-08-05T16:59:20Z,ce90559f55be4473bb37ff8ca45b830d61c35bb7,6686,size_in_bytes,lib/ocaml/stdlib__Bytes.cmti,183720
2026-08-05T16:59:20Z,ce90559f55be4473bb37ff8ca45b830d61c35bb7,6686,size_in_bytes,lib/ocaml/stdlib__StdLabels.cmti,15476
2026-08-05T16:59:20Z,ce90559f55be4473bb37ff8ca45b830d61c35bb7,6686,size_in_bytes,lib/ocaml/stdlib__Repr.cmti,23190
2026-08-05T16:59:20Z,ce90559f55be4473bb37ff8ca45b830d61c35bb7,6686,size_in_bytes,lib/ocaml/stdlib__Ephemeron.cmti,309019
2026-08-05T16:59:20Z,ce90559f55be4473bb37ff8ca45b830d61c35bb7,6686,size_in_bytes,lib/ocaml/stdlib__Lexing.cmti,59113
2026-08-05T16:59:20Z,ce90559f55be4473bb37ff8ca45b830d61c35bb7,6686,size_in_bytes,lib/ocaml/camlinternalOO.cmti,67361
2026-08-05T16:59:20Z,ce90559f55be4473bb37ff8ca45b830d61c35bb7,6686,size_in_bytes,lib/ocaml/camlinternalComprehension.cmti,24373
2026-08-05T16:59:20Z,ce90559f55be4473bb37ff8ca45b830d61c35bb7,6686,size_in_bytes,lib/ocaml/camlinternalMod.cmti,17354
2026-08-05T16:59:20Z,ce90559f55be4473bb37ff8ca45b830d61c35bb7,6686,size_in_bytes,lib/ocaml/stdlib.cmti,370706
2026-08-05T16:59:20Z,ce90559f55be4473bb37ff8ca45b830d61c35bb7,6686,size_in_bytes,lib/ocaml/stdlib__Mutex.cmti,21420
2026-08-05T16:59:20Z,ce90559f55be4473bb37ff8ca45b830d61c35bb7,6686,size_in_bytes,lib/ocaml/stdlib__Uchar.cmti,42191
2026-08-05T16:59:20Z,ce90559f55be4473bb37ff8ca45b830d61c35bb7,6686,size_in_bytes,lib/ocaml/compiler_owee__Owee_linux_maps.cmti,20135
2026-08-05T16:59:20Z,ce90559f55be4473bb37ff8ca45b830d61c35bb7,6686,size_in_bytes,lib/ocaml/stdlib__BytesLabels.cmti,184378
2026-08-05T16:59:20Z,ce90559f55be4473bb37ff8ca45b830d61c35bb7,6686,size_in_bytes,lib/ocaml/stdlib__Printexc.cmti,81448
2026-08-05T16:59:20Z,ce90559f55be4473bb37ff8ca45b830d61c35bb7,6686,size_in_bytes,lib/ocaml/compiler_owee__Owee_debug_line.cmti,26997
2026-08-05T16:59:20Z,ce90559f55be4473bb37ff8ca45b830d61c35bb7,6686,size_in_bytes,lib/ocaml/stdlib__Weak.cmti,62354
2026-08-05T16:59:20Z,ce90559f55be4473bb37ff8ca45b830d61c35bb7,6686,size_in_bytes,lib/ocaml/stdlib__Sys.cmti,117843
2026-08-05T16:59:20Z,ce90559f55be4473bb37ff8ca45b830d61c35bb7,6686,size_in_bytes,lib/ocaml/stdlib__Semaphore.cmti,30235
2026-08-05T16:59:20Z,ce90559f55be4473bb37ff8ca45b830d61c35bb7,6686,size_in_bytes,lib/ocaml/topdirs.cmti,25977
2026-08-05T16:59:20Z,ce90559f55be4473bb37ff8ca45b830d61c35bb7,6686,size_in_bytes,lib/ocaml/compiler_owee__Owee_elf_string_table.cmti,18200
2026-08-05T16:59:20Z,ce90559f55be4473bb37ff8ca45b830d61c35bb7,6686,size_in_bytes,lib/ocaml/compiler_owee__Owee_elf_notes.cmti,29512
2026-08-05T16:59:20Z,ce90559f55be4473bb37ff8ca45b830d61c35bb7,6686,size_in_bytes,lib/ocaml/stdlib__Type.cmti,25731
2026-08-05T16:59:20Z,ce90559f55be4473bb37ff8ca45b830d61c35bb7,6686,size_in_bytes,lib/ocaml/stdlib__In_channel.cmti,62217
2026-08-05T16:59:20Z,ce90559f55be4473bb37ff8ca45b830d61c35bb7,6686,size_in_bytes,lib/ocaml/stdlib__String.cmti,126706
2026-08-05T16:59:20Z,ce90559f55be4473bb37ff8ca45b830d61c35bb7,6686,size_in_bytes,lib/ocaml/stdlib__Buffer.cmti,75712
2026-08-05T16:59:20Z,ce90559f55be4473bb37ff8ca45b830d61c35bb7,6686,size_in_bytes,lib/ocaml/stdlib__Printf.cmti,49814
2026-08-05T16:59:20Z,ce90559f55be4473bb37ff8ca45b830d61c35bb7,6686,size_in_bytes,lib/ocaml/stdlib__Out_channel.cmti,57786
2026-08-05T16:59:20Z,ce90559f55be4473bb37ff8ca45b830d61c35bb7,6686,size_in_bytes,lib/ocaml/camlinternalQuote.cmti,296263
2026-08-05T16:59:20Z,ce90559f55be4473bb37ff8ca45b830d61c35bb7,6686,size_in_bytes,lib/ocaml/stdlib__Gc.cmti,132525
2026-08-05T16:59:20Z,ce90559f55be4473bb37ff8ca45b830d61c35bb7,6686,size_in_bytes,lib/ocaml/stdlib__Condition.cmti,30751
2026-08-05T16:59:20Z,ce90559f55be4473bb37ff8ca45b830d61c35bb7,6686,size_in_bytes,lib/ocaml/stdlib__ArrayLabels.cmti,138048
2026-08-05T16:59:20Z,ce90559f55be4473bb37ff8ca45b830d61c35bb7,6686,size_in_bytes,lib/ocaml/stdlib__Modes.cmti,26356
2026-08-05T16:59:20Z,ce90559f55be4473bb37ff8ca45b830d61c35bb7,6686,size_in_bytes,lib/ocaml/stdlib__Unit.cmti,16780
2026-08-05T16:59:20Z,ce90559f55be4473bb37ff8ca45b830d61c35bb7,6686,size_in_bytes,lib/ocaml/stdlib__Dynarray.cmti,138704
2026-08-05T16:59:20Z,ce90559f55be4473bb37ff8ca45b830d61c35bb7,6686,size_in_bytes,lib/ocaml/stdlib__Dynamic.cmti,19438
2026-08-05T16:59:20Z,ce90559f55be4473bb37ff8ca45b830d61c35bb7,6686,size_in_bytes,lib/ocaml/stdlib__MoreLabels.cmti,575642
2026-08-05T16:59:20Z,ce90559f55be4473bb37ff8ca45b830d61c35bb7,6686,size_in_bytes,lib/ocaml/eval.cmti,16820
2026-08-05T16:59:20Z,ce90559f55be4473bb37ff8ca45b830d61c35bb7,6686,size_in_bytes,lib/ocaml/compiler_owee__Owee_marker.cmti,59808
2026-08-05T16:59:20Z,ce90559f55be4473bb37ff8ca45b830d61c35bb7,6686,size_in_bytes,lib/ocaml/compiler_owee__Owee_archive.cmti,27717
2026-08-05T16:59:20Z,ce90559f55be4473bb37ff8ca45b830d61c35bb7,6686,size_in_bytes,lib/ocaml/stdlib__Marshal.cmti,42711
2026-08-05T16:59:20Z,ce90559f55be4473bb37ff8ca45b830d61c35bb7,6686,size_in_bytes,lib/ocaml/stdlib__Seq.cmti,165237
2026-08-05T16:59:20Z,ce90559f55be4473bb37ff8ca45b830d61c35bb7,6686,size_in_bytes,lib/ocaml/stdlib__Obj.cmti,78008
2026-08-05T16:59:20Z,ce90559f55be4473bb37ff8ca45b830d61c35bb7,6686,size_in_bytes,lib/ocaml/stdlib__Format.cmti,333295
2026-08-05T16:59:20Z,ce90559f55be4473bb37ff8ca45b830d61c35bb7,6686,size_in_bytes,lib/ocaml/stdlib__Backoff.cmti,19991
2026-08-05T16:59:20Z,ce90559f55be4473bb37ff8ca45b830d61c35bb7,6686,size_in_bytes,lib/ocaml/stdlib__Pair.cmti,34205
2026-08-05T16:59:20Z,ce90559f55be4473bb37ff8ca45b830d61c35bb7,6686,size_in_bytes,lib/ocaml/stdlib__Random.cmti,69837
2026-08-05T16:59:20Z,ce90559f55be4473bb37ff8ca45b830d61c35bb7,6686,size_in_bytes,lib/ocaml/compiler_owee__Owee_elf_relocation.cmti,55513
2026-08-05T16:59:20Z,ce90559f55be4473bb37ff8ca45b830d61c35bb7,6686,size_in_bytes,lib/ocaml/stdlib__Filename.cmti,50520
2026-08-05T16:59:20Z,ce90559f55be4473bb37ff8ca45b830d61c35bb7,6686,size_in_bytes,lib/ocaml/stdlib__Effect.cmti,156524
2026-08-05T16:59:20Z,ce90559f55be4473bb37ff8ca45b830d61c35bb7,6686,size_in_bytes,lib/ocaml/stdlib__Float.cmti,320688
2026-08-05T16:59:20Z,ce90559f55be4473bb37ff8ca45b830d61c35bb7,6686,size_in_bytes,lib/ocaml/stdlib__Pqueue.cmti,150981
2026-08-05T16:59:20Z,ce90559f55be4473bb37ff8ca45b830d61c35bb7,6686,size_in_bytes,lib/ocaml/opttopdirs.cmti,26728
2026-08-05T16:59:20Z,ce90559f55be4473bb37ff8ca45b830d61c35bb7,6686,size_in_bytes,lib/ocaml/stdlib__Callback.cmti,20944
2026-08-05T16:59:20Z,ce90559f55be4473bb37ff8ca45b830d61c35bb7,6686,size_in_bytes,lib/ocaml/stdlib__Domain.cmti,81574
2026-08-05T16:59:20Z,ce90559f55be4473bb37ff8ca45b830d61c35bb7,6686,size_in_bytes,lib/ocaml/unix/unix.cmti,473409
2026-08-05T16:59:20Z,ce90559f55be4473bb37ff8ca45b830d61c35bb7,6686,size_in_bytes,lib/ocaml/unix/unixLabels.cmti,488361
2026-08-05T16:59:20Z,ce90559f55be4473bb37ff8ca45b830d61c35bb7,6686,size_in_bytes,lib/ocaml/dynlink/dynlink.cmti,44150
2026-08-05T16:59:20Z,ce90559f55be4473bb37ff8ca45b830d61c35bb7,6686,size_in_bytes,lib/ocaml/stdlib_stable/stdlib_stable__Iarray.cmti,90909
2026-08-05T16:59:20Z,ce90559f55be4473bb37ff8ca45b830d61c35bb7,6686,size_in_bytes,lib/ocaml/stdlib_stable/stdlib_stable.cmti,15713
2026-08-05T16:59:20Z,ce90559f55be4473bb37ff8ca45b830d61c35bb7,6686,size_in_bytes,lib/ocaml/stdlib_stable/stdlib_stable__Int16.cmti,56035
2026-08-05T16:59:20Z,ce90559f55be4473bb37ff8ca45b830d61c35bb7,6686,size_in_bytes,lib/ocaml/stdlib_stable/stdlib_stable__Int8.cmti,55829
2026-08-05T16:59:20Z,ce90559f55be4473bb37ff8ca45b830d61c35bb7,6686,size_in_bytes,lib/ocaml/stdlib_stable/stdlib_stable__Float32.cmti,203798
2026-08-05T16:59:20Z,ce90559f55be4473bb37ff8ca45b830d61c35bb7,6686,size_in_bytes,lib/ocaml/stdlib_stable/stdlib_stable__Int_u.cmti,57335
2026-08-05T16:59:20Z,ce90559f55be4473bb37ff8ca45b830d61c35bb7,6686,size_in_bytes,lib/ocaml/stdlib_stable/stdlib_stable__Idx_imm.cmti,24289
2026-08-05T16:59:20Z,ce90559f55be4473bb37ff8ca45b830d61c35bb7,6686,size_in_bytes,lib/ocaml/stdlib_stable/stdlib_stable__Int8_u.cmti,59491
2026-08-05T16:59:20Z,ce90559f55be4473bb37ff8ca45b830d61c35bb7,6686,size_in_bytes,lib/ocaml/stdlib_stable/stdlib_stable__Idx_mut.cmti,26707
2026-08-05T16:59:20Z,ce90559f55be4473bb37ff8ca45b830d61c35bb7,6686,size_in_bytes,lib/ocaml/stdlib_stable/stdlib_stable__Char_u.cmti,25802
2026-08-05T16:59:20Z,ce90559f55be4473bb37ff8ca45b830d61c35bb7,6686,size_in_bytes,lib/ocaml/stdlib_stable/stdlib_stable__Int.cmti,56463
2026-08-05T16:59:20Z,ce90559f55be4473bb37ff8ca45b830d61c35bb7,6686,size_in_bytes,lib/ocaml/stdlib_stable/stdlib_stable__Or_null.cmti,38703
2026-08-05T16:59:20Z,ce90559f55be4473bb37ff8ca45b830d61c35bb7,6686,size_in_bytes,lib/ocaml/stdlib_stable/stdlib_stable__IarrayLabels.cmti,207350
2026-08-05T16:59:20Z,ce90559f55be4473bb37ff8ca45b830d61c35bb7,6686,size_in_bytes,lib/ocaml/stdlib_stable/stdlib_stable__Float32_u.cmti,164697
2026-08-05T16:59:20Z,ce90559f55be4473bb37ff8ca45b830d61c35bb7,6686,size_in_bytes,lib/ocaml/stdlib_stable/stdlib_stable__Int16_u.cmti,59707
2026-08-05T16:59:20Z,ce90559f55be4473bb37ff8ca45b830d61c35bb7,6686,size_in_bytes,lib/ocaml/runtime_events/runtime_events.cmti,103303
2026-08-05T16:59:20Z,ce90559f55be4473bb37ff8ca45b830d61c35bb7,6686,size_in_bytes,lib/ocaml/compiler-libs/build_igot_and_iplt.cmti,24819
2026-08-05T16:59:20Z,ce90559f55be4473bb37ff8ca45b830d61c35bb7,6686,size_in_bytes,lib/ocaml/compiler-libs/flambda2_simplify__Original_handlers.cmti,42244
2026-08-05T16:59:20Z,ce90559f55be4473bb37ff8ca45b830d61c35bb7,6686,size_in_bytes,lib/ocaml/compiler-libs/flambda2_simplify__Simplify.cmti,39379
2026-08-05T16:59:20Z,ce90559f55be4473bb37ff8ca45b830d61c35bb7,6686,size_in_bytes,lib/ocaml/compiler-libs/flambda2_reaper__Unboxing_analysis.cmti,58708
2026-08-05T16:59:20Z,ce90559f55be4473bb37ff8ca45b830d61c35bb7,6686,size_in_bytes,lib/ocaml/compiler-libs/partial_link.cmti,28929
2026-08-05T16:59:20Z,ce90559f55be4473bb37ff8ca45b830d61c35bb7,6686,size_in_bytes,lib/ocaml/compiler-libs/x86_binary_emitter.cmti,98273
2026-08-05T16:59:20Z,ce90559f55be4473bb37ff8ca45b830d61c35bb7,6686,size_in_bytes,lib/ocaml/compiler-libs/flambda2_algorithms__Channel.cmti,24260
2026-08-05T16:59:20Z,ce90559f55be4473bb37ff8ca45b830d61c35bb7,6686,size_in_bytes,lib/ocaml/compiler-libs/extra_debug.cmti,36060
2026-08-05T16:59:20Z,ce90559f55be4473bb37ff8ca45b830d61c35bb7,6686,size_in_bytes,lib/ocaml/compiler-libs/signature_group.cmti,45718
2026-08-05T16:59:20Z,ce90559f55be4473bb37ff8ca45b830d61c35bb7,6686,size_in_bytes,lib/ocaml/compiler-libs/arm64_binary_emitter__Encode_instruction.cmti,18071
2026-08-05T16:59:20Z,ce90559f55be4473bb37ff8ca45b830d61c35bb7,6686,size_in_bytes,lib/ocaml/compiler-libs/cmt_format.cmti,54509
2026-08-05T16:59:20Z,ce90559f55be4473bb37ff8ca45b830d61c35bb7,6686,size_in_bytes,lib/ocaml/compiler-libs/flambda2_simplify__Simplify_switch_expr.cmti,36848
2026-08-05T16:59:20Z,ce90559f55be4473bb37ff8ca45b830d61c35bb7,6686,size_in_bytes,lib/ocaml/compiler-libs/domainstate.cmti,26304
2026-08-05T16:59:20Z,ce90559f55be4473bb37ff8ca45b830d61c35bb7,6686,size_in_bytes,lib/ocaml/compiler-libs/load_path.cmti,43244
2026-08-05T16:59:20Z,ce90559f55be4473bb37ff8ca45b830d61c35bb7,6686,size_in_bytes,lib/ocaml/compiler-libs/lambda.cmti,607008
2026-08-05T16:59:20Z,ce90559f55be4473bb37ff8ca45b830d61c35bb7,6686,size_in_bytes,lib/ocaml/compiler-libs/flambda2_term_basics__Empty_array_kind.cmti,26437
2026-08-05T16:59:20Z,ce90559f55be4473bb37ff8ca45b830d61c35bb7,6686,size_in_bytes,lib/ocaml/compiler-libs/flambda2_terms__Mutability.cmti,32916
2026-08-05T16:59:20Z,ce90559f55be4473bb37ff8ca45b830d61c35bb7,6686,size_in_bytes,lib/ocaml/compiler-libs/toploop.cmti,102973
2026-08-05T16:59:20Z,ce90559f55be4473bb37ff8ca45b830d61c35bb7,6686,size_in_bytes,lib/ocaml/compiler-libs/regs.cmti,230556
2026-08-05T16:59:20Z,ce90559f55be4473bb37ff8ca45b830d61c35bb7,6686,size_in_bytes,lib/ocaml/compiler-libs/ast_mapper.cmti,101570
2026-08-05T16:59:20Z,ce90559f55be4473bb37ff8ca45b830d61c35bb7,6686,size_in_bytes,lib/ocaml/compiler-libs/printast_with_mappings.cmti,23280
2026-08-05T16:59:20Z,ce90559f55be4473bb37ff8ca45b830d61c35bb7,6686,size_in_bytes,lib/ocaml/compiler-libs/x86_section.cmti,85831
2026-08-05T16:59:20Z,ce90559f55be4473bb37ff8ca45b830d61c35bb7,6686,size_in_bytes,lib/ocaml/compiler-libs/flambda2_types__Set_of_closures_contents.cmti,413858
2026-08-05T16:59:20Z,ce90559f55be4473bb37ff8ca45b830d61c35bb7,6686,size_in_bytes,lib/ocaml/compiler-libs/vicuna_traverse_typed_tree.cmti,17672
2026-08-05T16:59:20Z,ce90559f55be4473bb37ff8ca45b830d61c35bb7,6686,size_in_bytes,lib/ocaml/compiler-libs/regalloc_ls.cmti,34170
2026-08-05T16:59:20Z,ce90559f55be4473bb37ff8ca45b830d61c35bb7,6686,size_in_bytes,lib/ocaml/compiler-libs/symbol_table.cmti,32782
2026-08-05T16:59:20Z,ce90559f55be4473bb37ff8ca45b830d61c35bb7,6686,size_in_bytes,lib/ocaml/compiler-libs/flambda2_types__Type_grammar.cmti,675798
2026-08-05T16:59:20Z,ce90559f55be4473bb37ff8ca45b830d61c35bb7,6686,size_in_bytes,lib/ocaml/compiler-libs/regalloc_stack_operands.cmti,36195
2026-08-05T16:59:20Z,ce90559f55be4473bb37ff8ca45b830d61c35bb7,6686,size_in_bytes,lib/ocaml/compiler-libs/envaux.cmti,23249
2026-08-05T16:59:20Z,ce90559f55be4473bb37ff8ca45b830d61c35bb7,6686,size_in_bytes,lib/ocaml/compiler-libs/flambda2_simplify__Call_site_inlining_decision.cmti,40933
2026-08-05T16:59:20Z,ce90559f55be4473bb37ff8ca45b830d61c35bb7,6686,size_in_bytes,lib/ocaml/compiler-libs/flambda2_parser__Flambda_lex.cmti,31058
2026-08-05T16:59:20Z,ce90559f55be4473bb37ff8ca45b830d61c35bb7,6686,size_in_bytes,lib/ocaml/compiler-libs/asttypes.cmti,28166
2026-08-05T16:59:20Z,ce90559f55be4473bb37ff8ca45b830d61c35bb7,6686,size_in_bytes,lib/ocaml/compiler-libs/flambda2_simplify__Unboxing_epa.cmti,39109
2026-08-05T16:59:20Z,ce90559f55be4473bb37ff8ca45b830d61c35bb7,6686,size_in_bytes,lib/ocaml/compiler-libs/arrayset.cmti,28873
2026-08-05T16:59:20Z,ce90559f55be4473bb37ff8ca45b830d61c35bb7,6686,size_in_bytes,lib/ocaml/compiler-libs/igot.cmti,34275
2026-08-05T16:59:20Z,ce90559f55be4473bb37ff8ca45b830d61c35bb7,6686,size_in_bytes,lib/ocaml/compiler-libs/cfg_dataflow.cmti,78620
2026-08-05T16:59:20Z,ce90559f55be4473bb37ff8ca45b830d61c35bb7,6686,size_in_bytes,lib/ocaml/compiler-libs/build_linker_args.cmti,24040
2026-08-05T16:59:20Z,ce90559f55be4473bb37ff8ca45b830d61c35bb7,6686,size_in_bytes,lib/ocaml/compiler-libs/flambda2_simplify__Simplify_expr.cmti,40864
2026-08-05T16:59:20Z,ce90559f55be4473bb37ff8ca45b830d61c35bb7,6686,size_in_bytes,lib/ocaml/compiler-libs/terminfo.cmti,17392
2026-08-05T16:59:20Z,ce90559f55be4473bb37ff8ca45b830d61c35bb7,6686,size_in_bytes,lib/ocaml/compiler-libs/regalloc_interf_graph.cmti,86094
2026-08-05T16:59:20Z,ce90559f55be4473bb37ff8ca45b830d61c35bb7,6686,size_in_bytes,lib/ocaml/compiler-libs/zero_alloc_checker.cmti,56927
2026-08-05T16:59:20Z,ce90559f55be4473bb37ff8ca45b830d61c35bb7,6686,size_in_bytes,lib/ocaml/compiler-libs/vectorize_utils.cmti,59833
2026-08-05T16:59:20Z,ce90559f55be4473bb37ff8ca45b830d61c35bb7,6686,size_in_bytes,lib/ocaml/compiler-libs/flambda2_identifiers__Rec_info_expr0.cmti,48623
2026-08-05T16:59:20Z,ce90559f55be4473bb37ff8ca45b830d61c35bb7,6686,size_in_bytes,lib/ocaml/compiler-libs/cmm.cmti,218320
2026-08-05T16:59:20Z,ce90559f55be4473bb37ff8ca45b830d61c35bb7,6686,size_in_bytes,lib/ocaml/compiler-libs/flambda2_term_basics__Value_slot_set.cmti,161391
2026-08-05T16:59:20Z,ce90559f55be4473bb37ff8ca45b830d61c35bb7,6686,size_in_bytes,lib/ocaml/compiler-libs/attr_helper.cmti,20037
2026-08-05T16:59:20Z,ce90559f55be4473bb37ff8ca45b830d61c35bb7,6686,size_in_bytes,lib/ocaml/compiler-libs/flambda2_terms__Code0.cmti,76746
2026-08-05T16:59:20Z,ce90559f55be4473bb37ff8ca45b830d61c35bb7,6686,size_in_bytes,lib/ocaml/compiler-libs/flambda2_simplify__Specialization_cost.cmti,49104
2026-08-05T16:59:20Z,ce90559f55be4473bb37ff8ca45b830d61c35bb7,6686,size_in_bytes,lib/ocaml/compiler-libs/parmatch.cmti,58958
2026-08-05T16:59:20Z,ce90559f55be4473bb37ff8ca45b830d61c35bb7,6686,size_in_bytes,lib/ocaml/compiler-libs/flambda2_terms__Static_const.cmti,236665
2026-08-05T16:59:20Z,ce90559f55be4473bb37ff8ca45b830d61c35bb7,6686,size_in_bytes,lib/ocaml/compiler-libs/flambda2_parser__Print_fexpr.cmti,29248
2026-08-05T16:59:20Z,ce90559f55be4473bb37ff8ca45b830d61c35bb7,6686,size_in_bytes,lib/ocaml/compiler-libs/ctype.cmti,378028
2026-08-05T16:59:20Z,ce90559f55be4473bb37ff8ca45b830d61c35bb7,6686,size_in_bytes,lib/ocaml/compiler-libs/shape_reduce.cmti,46884
2026-08-05T16:59:20Z,ce90559f55be4473bb37ff8ca45b830d61c35bb7,6686,size_in_bytes,lib/ocaml/compiler-libs/arm64_binary_emitter__Add_sub_helpers.cmti,33648
2026-08-05T16:59:20Z,ce90559f55be4473bb37ff8ca45b830d61c35bb7,6686,size_in_bytes,lib/ocaml/compiler-libs/translattribute.cmti,30688
2026-08-05T16:59:20Z,ce90559f55be4473bb37ff8ca45b830d61c35bb7,6686,size_in_bytes,lib/ocaml/compiler-libs/flambda2_simplify__Simplify_named.cmti,39513
2026-08-05T16:59:20Z,ce90559f55be4473bb37ff8ca45b830d61c35bb7,6686,size_in_bytes,lib/ocaml/compiler-libs/flambda2_bound_identifiers__Bound_pattern.cmti,46884
2026-08-05T16:59:20Z,ce90559f55be4473bb37ff8ca45b830d61c35bb7,6686,size_in_bytes,lib/ocaml/compiler-libs/flambda2_reaper__Rev_expr.cmti,73940
2026-08-05T16:59:20Z,ce90559f55be4473bb37ff8ca45b830d61c35bb7,6686,size_in_bytes,lib/ocaml/compiler-libs/label.cmti,153951
2026-08-05T16:59:20Z,ce90559f55be4473bb37ff8ca45b830d61c35bb7,6686,size_in_bytes,lib/ocaml/compiler-libs/flambda2_types__Provers.cmti,149167
2026-08-05T16:59:20Z,ce90559f55be4473bb37ff8ca45b830d61c35bb7,6686,size_in_bytes,lib/ocaml/compiler-libs/flambda2_datalog__Trie.cmti,52106
2026-08-05T16:59:20Z,ce90559f55be4473bb37ff8ca45b830d61c35bb7,6686,size_in_bytes,lib/ocaml/compiler-libs/flambda2_terms__Effects.cmti,35687
2026-08-05T16:59:20Z,ce90559f55be4473bb37ff8ca45b830d61c35bb7,6686,size_in_bytes,lib/ocaml/compiler-libs/cfg_cse.cmti,35507
2026-08-05T16:59:20Z,ce90559f55be4473bb37ff8ca45b830d61c35bb7,6686,size_in_bytes,lib/ocaml/compiler-libs/bytelibrarian.cmti,18702
2026-08-05T16:59:20Z,ce90559f55be4473bb37ff8ca45b830d61c35bb7,6686,size_in_bytes,lib/ocaml/compiler-libs/flambda2_simplify__Data_flow_graph.cmti,40617
2026-08-05T16:59:20Z,ce90559f55be4473bb37ff8ca45b830d61c35bb7,6686,size_in_bytes,lib/ocaml/compiler-libs/location_tracker_formatter.cmti,30561
2026-08-05T16:59:20Z,ce90559f55be4473bb37ff8ca45b830d61c35bb7,6686,size_in_bytes,lib/ocaml/compiler-libs/arm64_binary_emitter__Fp_helpers.cmti,28747
2026-08-05T16:59:20Z,ce90559f55be4473bb37ff8ca45b830d61c35bb7,6686,size_in_bytes,lib/ocaml/compiler-libs/regalloc_gi_state.cmti,46184
2026-08-05T16:59:20Z,ce90559f55be4473bb37ff8ca45b830d61c35bb7,6686,size_in_bytes,lib/ocaml/compiler-libs/tast_iterator.cmti,68224
2026-08-05T16:59:20Z,ce90559f55be4473bb37ff8ca45b830d61c35bb7,6686,size_in_bytes,lib/ocaml/compiler-libs/path.cmti,123835
2026-08-05T16:59:20Z,ce90559f55be4473bb37ff8ca45b830d61c35bb7,6686,size_in_bytes,lib/ocaml/compiler-libs/arm64_binary_emitter__Data_proc_helpers.cmti,25082
2026-08-05T16:59:20Z,ce90559f55be4473bb37ff8ca45b830d61c35bb7,6686,size_in_bytes,lib/ocaml/compiler-libs/cmm_invariants.cmti,33755
2026-08-05T16:59:20Z,ce90559f55be4473bb37ff8ca45b830d61c35bb7,6686,size_in_bytes,lib/ocaml/compiler-libs/flambda2_terms__Set_of_closures.cmti,178090
2026-08-05T16:59:20Z,ce90559f55be4473bb37ff8ca45b830d61c35bb7,6686,size_in_bytes,lib/ocaml/compiler-libs/profile.cmti,38740
2026-08-05T16:59:20Z,ce90559f55be4473bb37ff8ca45b830d61c35bb7,6686,size_in_bytes,lib/ocaml/compiler-libs/stack_reg_offset.cmti,16329
2026-08-05T16:59:20Z,ce90559f55be4473bb37ff8ca45b830d61c35bb7,6686,size_in_bytes,lib/ocaml/compiler-libs/flambda2_types__Traversals.cmti,263323
2026-08-05T16:59:20Z,ce90559f55be4473bb37ff8ca45b830d61c35bb7,6686,size_in_bytes,lib/ocaml/compiler-libs/opterrors.cmti,15183
2026-08-05T16:59:20Z,ce90559f55be4473bb37ff8ca45b830d61c35bb7,6686,size_in_bytes,lib/ocaml/compiler-libs/flambda2_simplify__Simplify_unary_primitive.cmti,39071
2026-08-05T16:59:20Z,ce90559f55be4473bb37ff8ca45b830d61c35bb7,6686,size_in_bytes,lib/ocaml/compiler-libs/flambda2_nominal__Renaming.cmti,56812
2026-08-05T16:59:20Z,ce90559f55be4473bb37ff8ca45b830d61c35bb7,6686,size_in_bytes,lib/ocaml/compiler-libs/opt_fuel.cmti,14684
2026-08-05T16:59:20Z,ce90559f55be4473bb37ff8ca45b830d61c35bb7,6686,size_in_bytes,lib/ocaml/compiler-libs/flambda2_bound_identifiers__Bound_continuations.cmti,30030
2026-08-05T16:59:20Z,ce90559f55be4473bb37ff8ca45b830d61c35bb7,6686,size_in_bytes,lib/ocaml/compiler-libs/flambda2_simplify_shared__Exported_offsets.cmti,44903
2026-08-05T16:59:20Z,ce90559f55be4473bb37ff8ca45b830d61c35bb7,6686,size_in_bytes,lib/ocaml/compiler-libs/flambda2_types__Join_levels_old.cmti,30811
2026-08-05T16:59:20Z,ce90559f55be4473bb37ff8ca45b830d61c35bb7,6686,size_in_bytes,lib/ocaml/compiler-libs/transl_array_comprehension.cmti,21579
2026-08-05T16:59:20Z,ce90559f55be4473bb37ff8ca45b830d61c35bb7,6686,size_in_bytes,lib/ocaml/compiler-libs/flambda2_identifiers__Continuation_callsite_map.cmti,24475
2026-08-05T16:59:20Z,ce90559f55be4473bb37ff8ca45b830d61c35bb7,6686,size_in_bytes,lib/ocaml/compiler-libs/flambda2_identifiers__Variable.cmti,42516
2026-08-05T16:59:20Z,ce90559f55be4473bb37ff8ca45b830d61c35bb7,6686,size_in_bytes,lib/ocaml/compiler-libs/partition.cmti,30366
2026-08-05T16:59:20Z,ce90559f55be4473bb37ff8ca45b830d61c35bb7,6686,size_in_bytes,lib/ocaml/compiler-libs/stack_class_utils.cmti,67727
2026-08-05T16:59:20Z,ce90559f55be4473bb37ff8ca45b830d61c35bb7,6686,size_in_bytes,lib/ocaml/compiler-libs/main_args.cmti,577964
2026-08-05T16:59:20Z,ce90559f55be4473bb37ff8ca45b830d61c35bb7,6686,size_in_bytes,lib/ocaml/compiler-libs/meta.cmti,24533
2026-08-05T16:59:20Z,ce90559f55be4473bb37ff8ca45b830d61c35bb7,6686,size_in_bytes,lib/ocaml/compiler-libs/flambda2_cmx__Flambda_cmx.cmti,45709
2026-08-05T16:59:20Z,ce90559f55be4473bb37ff8ca45b830d61c35bb7,6686,size_in_bytes,lib/ocaml/compiler-libs/regalloc_gi_utils.cmti,88296
2026-08-05T16:59:20Z,ce90559f55be4473bb37ff8ca45b830d61c35bb7,6686,size_in_bytes,lib/ocaml/compiler-libs/flambda2_simplify__Simplify_named_result.cmti,44559
2026-08-05T16:59:20Z,ce90559f55be4473bb37ff8ca45b830d61c35bb7,6686,size_in_bytes,lib/ocaml/compiler-libs/flambda2_simplify_shared__Function_decl_inlining_decision.cmti,32073
2026-08-05T16:59:20Z,ce90559f55be4473bb37ff8ca45b830d61c35bb7,6686,size_in_bytes,lib/ocaml/compiler-libs/flambda2_simplify__Named_rewrite.cmti,36401
2026-08-05T16:59:20Z,ce90559f55be4473bb37ff8ca45b830d61c35bb7,6686,size_in_bytes,lib/ocaml/compiler-libs/tast_mapper.cmti,69685
2026-08-05T16:59:20Z,ce90559f55be4473bb37ff8ca45b830d61c35bb7,6686,size_in_bytes,lib/ocaml/compiler-libs/cm_bundle.cmti,21649
2026-08-05T16:59:20Z,ce90559f55be4473bb37ff8ca45b830d61c35bb7,6686,size_in_bytes,lib/ocaml/compiler-libs/flambda2_from_lambda__Lambda_to_flambda_primitives_helpers.cmti,65015
2026-08-05T16:59:20Z,ce90559f55be4473bb37ff8ca45b830d61c35bb7,6686,size_in_bytes,lib/ocaml/compiler-libs/gprinttyp.cmti,74110
2026-08-05T16:59:20Z,ce90559f55be4473bb37ff8ca45b830d61c35bb7,6686,size_in_bytes,lib/ocaml/compiler-libs/flambda2_reaper__Global_flow_graph.cmti,81421
2026-08-05T16:59:20Z,ce90559f55be4473bb37ff8ca45b830d61c35bb7,6686,size_in_bytes,lib/ocaml/compiler-libs/static_label.cmti,153420
2026-08-05T16:59:20Z,ce90559f55be4473bb37ff8ca45b830d61c35bb7,6686,size_in_bytes,lib/ocaml/compiler-libs/depend.cmti,27597
2026-08-05T16:59:20Z,ce90559f55be4473bb37ff8ca45b830d61c35bb7,6686,size_in_bytes,lib/ocaml/compiler-libs/flambda2_to_cmm__To_cmm_env.cmti,144586
2026-08-05T16:59:20Z,ce90559f55be4473bb37ff8ca45b830d61c35bb7,6686,size_in_bytes,lib/ocaml/compiler-libs/flambda2_types__Expand_head.cmti,89728
2026-08-05T16:59:20Z,ce90559f55be4473bb37ff8ca45b830d61c35bb7,6686,size_in_bytes,lib/ocaml/compiler-libs/flambda2_reaper__Cofield.cmti,165917
2026-08-05T16:59:20Z,ce90559f55be4473bb37ff8ca45b830d61c35bb7,6686,size_in_bytes,lib/ocaml/compiler-libs/regalloc_ls_utils.cmti,79579
2026-08-05T16:59:20Z,ce90559f55be4473bb37ff8ca45b830d61c35bb7,6686,size_in_bytes,lib/ocaml/compiler-libs/flambda2_terms__Inlining_state.cmti,37475
2026-08-05T16:59:20Z,ce90559f55be4473bb37ff8ca45b830d61c35bb7,6686,size_in_bytes,lib/ocaml/compiler-libs/global_module.cmti,420097
2026-08-05T16:59:20Z,ce90559f55be4473bb37ff8ca45b830d61c35bb7,6686,size_in_bytes,lib/ocaml/compiler-libs/flambda2_terms__Exn_continuation.cmti,176830
2026-08-05T16:59:20Z,ce90559f55be4473bb37ff8ca45b830d61c35bb7,6686,size_in_bytes,lib/ocaml/compiler-libs/language_extension_kernel.cmti,19834
2026-08-05T16:59:20Z,ce90559f55be4473bb37ff8ca45b830d61c35bb7,6686,size_in_bytes,lib/ocaml/compiler-libs/flambda2_simplify__Lifted_cont_params.cmti,44596
2026-08-05T16:59:20Z,ce90559f55be4473bb37ff8ca45b830d61c35bb7,6686,size_in_bytes,lib/ocaml/compiler-libs/untypeast.cmti,76749
2026-08-05T16:59:20Z,ce90559f55be4473bb37ff8ca45b830d61c35bb7,6686,size_in_bytes,lib/ocaml/compiler-libs/translmod.cmti,36348
2026-08-05T16:59:20Z,ce90559f55be4473bb37ff8ca45b830d61c35bb7,6686,size_in_bytes,lib/ocaml/compiler-libs/out_type.cmti,114753
2026-08-05T16:59:20Z,ce90559f55be4473bb37ff8ca45b830d61c35bb7,6686,size_in_bytes,lib/ocaml/compiler-libs/flambda2_simplify__Inlining_transforms.cmti,38214
2026-08-05T16:59:20Z,ce90559f55be4473bb37ff8ca45b830d61c35bb7,6686,size_in_bytes,lib/ocaml/compiler-libs/rawprinttyp.cmti,19313
2026-08-05T16:59:20Z,ce90559f55be4473bb37ff8ca45b830d61c35bb7,6686,size_in_bytes,lib/ocaml/compiler-libs/flambda2_terms__Call_kind.cmti,72427
2026-08-05T16:59:20Z,ce90559f55be4473bb37ff8ca45b830d61c35bb7,6686,size_in_bytes,lib/ocaml/compiler-libs/flambda2_types__Equal_types_for_debug.cmti,40943
2026-08-05T16:59:20Z,ce90559f55be4473bb37ff8ca45b830d61c35bb7,6686,size_in_bytes,lib/ocaml/compiler-libs/parser_types.cmti,20784
2026-08-05T16:59:20Z,ce90559f55be4473bb37ff8ca45b830d61c35bb7,6686,size_in_bytes,lib/ocaml/compiler-libs/flambda2_types__Join_env.cmti,60759
2026-08-05T16:59:20Z,ce90559f55be4473bb37ff8ca45b830d61c35bb7,6686,size_in_bytes,lib/ocaml/compiler-libs/slambda_fracture.cmti,19453
2026-08-05T16:59:20Z,ce90559f55be4473bb37ff8ca45b830d61c35bb7,6686,size_in_bytes,lib/ocaml/compiler-libs/operation.cmti,87004
2026-08-05T16:59:20Z,ce90559f55be4473bb37ff8ca45b830d61c35bb7,6686,size_in_bytes,lib/ocaml/compiler-libs/compile.cmti,28876
2026-08-05T16:59:20Z,ce90559f55be4473bb37ff8ca45b830d61c35bb7,6686,size_in_bytes,lib/ocaml/compiler-libs/dwarf_name_laundry.cmti,22727
2026-08-05T16:59:20Z,ce90559f55be4473bb37ff8ca45b830d61c35bb7,6686,size_in_bytes,lib/ocaml/compiler-libs/parsetree.cmti,384559
2026-08-05T16:59:20Z,ce90559f55be4473bb37ff8ca45b830d61c35bb7,6686,size_in_bytes,lib/ocaml/compiler-libs/linear_utils.cmti,38533
2026-08-05T16:59:20Z,ce90559f55be4473bb37ff8ca45b830d61c35bb7,6686,size_in_bytes,lib/ocaml/compiler-libs/build_path_prefix_map.cmti,25985
2026-08-05T16:59:20Z,ce90559f55be4473bb37ff8ca45b830d61c35bb7,6686,size_in_bytes,lib/ocaml/compiler-libs/dwarf_concrete_instances.cmti,40630
2026-08-05T16:59:20Z,ce90559f55be4473bb37ff8ca45b830d61c35bb7,6686,size_in_bytes,lib/ocaml/compiler-libs/regalloc_gi.cmti,34170
2026-08-05T16:59:20Z,ce90559f55be4473bb37ff8ca45b830d61c35bb7,6686,size_in_bytes,lib/ocaml/compiler-libs/asm_targets__Asm_directives_dwarf.cmti,13346
2026-08-05T16:59:20Z,ce90559f55be4473bb37ff8ca45b830d61c35bb7,6686,size_in_bytes,lib/ocaml/compiler-libs/flambda2_simplify__Continuation_extra_params_and_args.cmti,52631
2026-08-05T16:59:20Z,ce90559f55be4473bb37ff8ca45b830d61c35bb7,6686,size_in_bytes,lib/ocaml/compiler-libs/flambda2_identifiers__Continuation.cmti,192143
2026-08-05T16:59:20Z,ce90559f55be4473bb37ff8ca45b830d61c35bb7,6686,size_in_bytes,lib/ocaml/compiler-libs/flambda2_simplify__Continuation_uses.cmti,51589
2026-08-05T16:59:20Z,ce90559f55be4473bb37ff8ca45b830d61c35bb7,6686,size_in_bytes,lib/ocaml/compiler-libs/arm64_ast__Logical_immediates.cmti,17117
2026-08-05T16:59:20Z,ce90559f55be4473bb37ff8ca45b830d61c35bb7,6686,size_in_bytes,lib/ocaml/compiler-libs/compile_common.cmti,44935
2026-08-05T16:59:20Z,ce90559f55be4473bb37ff8ca45b830d61c35bb7,6686,size_in_bytes,lib/ocaml/compiler-libs/warnings.cmti,85412
2026-08-05T16:59:20Z,ce90559f55be4473bb37ff8ca45b830d61c35bb7,6686,size_in_bytes,lib/ocaml/compiler-libs/symbol.cmti,154132
2026-08-05T16:59:20Z,ce90559f55be4473bb37ff8ca45b830d61c35bb7,6686,size_in_bytes,lib/ocaml/compiler-libs/byteinstantiator.cmti,17574
2026-08-05T16:59:20Z,ce90559f55be4473bb37ff8ca45b830d61c35bb7,6686,size_in_bytes,lib/ocaml/compiler-libs/cmm_peephole_engine.cmti,64208
2026-08-05T16:59:20Z,ce90559f55be4473bb37ff8ca45b830d61c35bb7,6686,size_in_bytes,lib/ocaml/compiler-libs/flambda2_to_jsir__To_jsir_env.cmti,86706
2026-08-05T16:59:20Z,ce90559f55be4473bb37ff8ca45b830d61c35bb7,6686,size_in_bytes,lib/ocaml/compiler-libs/errortrace_report.cmti,32230
2026-08-05T16:59:20Z,ce90559f55be4473bb37ff8ca45b830d61c35bb7,6686,size_in_bytes,lib/ocaml/compiler-libs/flambda2_datalog.cmti,456736
2026-08-05T16:59:20Z,ce90559f55be4473bb37ff8ca45b830d61c35bb7,6686,size_in_bytes,lib/ocaml/compiler-libs/switch.cmti,58869
2026-08-05T16:59:20Z,ce90559f55be4473bb37ff8ca45b830d61c35bb7,6686,size_in_bytes,lib/ocaml/compiler-libs/regalloc_split.cmti,38284
2026-08-05T16:59:20Z,ce90559f55be4473bb37ff8ca45b830d61c35bb7,6686,size_in_bytes,lib/ocaml/compiler-libs/flambda2_simplify__Simplify_set_of_closures_context.cmti,52695
2026-08-05T16:59:20Z,ce90559f55be4473bb37ff8ca45b830d61c35bb7,6686,size_in_bytes,lib/ocaml/compiler-libs/rewrite_sections.cmti,23296
2026-08-05T16:59:20Z,ce90559f55be4473bb37ff8ca45b830d61c35bb7,6686,size_in_bytes,lib/ocaml/compiler-libs/cms_format.cmti,38338
2026-08-05T16:59:20Z,ce90559f55be4473bb37ff8ca45b830d61c35bb7,6686,size_in_bytes,lib/ocaml/compiler-libs/emit.cmti,39068
2026-08-05T16:59:20Z,ce90559f55be4473bb37ff8ca45b830d61c35bb7,6686,size_in_bytes,lib/ocaml/compiler-libs/arm64_binary_emitter__Adr_helpers.cmti,17550
2026-08-05T16:59:20Z,ce90559f55be4473bb37ff8ca45b830d61c35bb7,6686,size_in_bytes,lib/ocaml/compiler-libs/cmxs_format.cmti,22007
2026-08-05T16:59:20Z,ce90559f55be4473bb37ff8ca45b830d61c35bb7,6686,size_in_bytes,lib/ocaml/compiler-libs/flambda2_simplify__Flow.cmti,75914
2026-08-05T16:59:20Z,ce90559f55be4473bb37ff8ca45b830d61c35bb7,6686,size_in_bytes,lib/ocaml/compiler-libs/flambda2_simplify__Simplify_common.cmti,77087
2026-08-05T16:59:20Z,ce90559f55be4473bb37ff8ca45b830d61c35bb7,6686,size_in_bytes,lib/ocaml/compiler-libs/printinstr.cmti,19465
2026-08-05T16:59:20Z,ce90559f55be4473bb37ff8ca45b830d61c35bb7,6686,size_in_bytes,lib/ocaml/compiler-libs/flambda2_datalog__Value.cmti,20646
2026-08-05T16:59:20Z,ce90559f55be4473bb37ff8ca45b830d61c35bb7,6686,size_in_bytes,lib/ocaml/compiler-libs/optmaindriver.cmti,35867
2026-08-05T16:59:20Z,ce90559f55be4473bb37ff8ca45b830d61c35bb7,6686,size_in_bytes,lib/ocaml/compiler-libs/linear.cmti,65516
2026-08-05T16:59:20Z,ce90559f55be4473bb37ff8ca45b830d61c35bb7,6686,size_in_bytes,lib/ocaml/compiler-libs/annot.cmti,15886
2026-08-05T16:59:20Z,ce90559f55be4473bb37ff8ca45b830d61c35bb7,6686,size_in_bytes,lib/ocaml/compiler-libs/llvm_ir.cmti,372856
2026-08-05T16:59:20Z,ce90559f55be4473bb37ff8ca45b830d61c35bb7,6686,size_in_bytes,lib/ocaml/compiler-libs/branch_relaxation_intf.cmti,45494
2026-08-05T16:59:20Z,ce90559f55be4473bb37ff8ca45b830d61c35bb7,6686,size_in_bytes,lib/ocaml/compiler-libs/flambda2_algorithms__Table_by_int_id.cmti,25445
2026-08-05T16:59:20Z,ce90559f55be4473bb37ff8ca45b830d61c35bb7,6686,size_in_bytes,lib/ocaml/compiler-libs/cfg_merge_blocks.cmti,34053
2026-08-05T16:59:20Z,ce90559f55be4473bb37ff8ca45b830d61c35bb7,6686,size_in_bytes,lib/ocaml/compiler-libs/flambda2_to_cmm__To_cmm_primitive.cmti,39088
2026-08-05T16:59:20Z,ce90559f55be4473bb37ff8ca45b830d61c35bb7,6686,size_in_bytes,lib/ocaml/compiler-libs/ast_invariants.cmti,18578
2026-08-05T16:59:20Z,ce90559f55be4473bb37ff8ca45b830d61c35bb7,6686,size_in_bytes,lib/ocaml/compiler-libs/typedtree.cmti,593416
2026-08-05T16:59:20Z,ce90559f55be4473bb37ff8ca45b830d61c35bb7,6686,size_in_bytes,lib/ocaml/compiler-libs/flambda2_algorithms__Patricia_tree.cmti,194487
2026-08-05T16:59:20Z,ce90559f55be4473bb37ff8ca45b830d61c35bb7,6686,size_in_bytes,lib/ocaml/compiler-libs/relocation_entry.cmti,20502
2026-08-05T16:59:20Z,ce90559f55be4473bb37ff8ca45b830d61c35bb7,6686,size_in_bytes,lib/ocaml/compiler-libs/printtyped.cmti,19947
2026-08-05T16:59:20Z,ce90559f55be4473bb37ff8ca45b830d61c35bb7,6686,size_in_bytes,lib/ocaml/compiler-libs/mode_hint.cmti,75279
2026-08-05T16:59:20Z,ce90559f55be4473bb37ff8ca45b830d61c35bb7,6686,size_in_bytes,lib/ocaml/compiler-libs/flambda2_terms__Inline_attribute.cmti,31882
2026-08-05T16:59:20Z,ce90559f55be4473bb37ff8ca45b830d61c35bb7,6686,size_in_bytes,lib/ocaml/compiler-libs/env.cmti,473119
2026-08-05T16:59:20Z,ce90559f55be4473bb37ff8ca45b830d61c35bb7,6686,size_in_bytes,lib/ocaml/compiler-libs/printoperation.cmti,40298
2026-08-05T16:59:20Z,ce90559f55be4473bb37ff8ca45b830d61c35bb7,6686,size_in_bytes,lib/ocaml/compiler-libs/flambda2_to_jsir__To_jsir_primitive.cmti,35802
2026-08-05T16:59:20Z,ce90559f55be4473bb37ff8ca45b830d61c35bb7,6686,size_in_bytes,lib/ocaml/compiler-libs/includemod.cmti,193315
2026-08-05T16:59:20Z,ce90559f55be4473bb37ff8ca45b830d61c35bb7,6686,size_in_bytes,lib/ocaml/compiler-libs/eh_frame_registration.cmti,17701
2026-08-05T16:59:20Z,ce90559f55be4473bb37ff8ca45b830d61c35bb7,6686,size_in_bytes,lib/ocaml/compiler-libs/translclass.cmti,23153
2026-08-05T16:59:20Z,ce90559f55be4473bb37ff8ca45b830d61c35bb7,6686,size_in_bytes,lib/ocaml/compiler-libs/flambda2_numbers__Or_infinity.cmti,21821
2026-08-05T16:59:20Z,ce90559f55be4473bb37ff8ca45b830d61c35bb7,6686,size_in_bytes,lib/ocaml/compiler-libs/flambda2_simplify__One_continuation_use.cmti,41337
2026-08-05T16:59:20Z,ce90559f55be4473bb37ff8ca45b830d61c35bb7,6686,size_in_bytes,lib/ocaml/compiler-libs/patterns.cmti,72701
2026-08-05T16:59:20Z,ce90559f55be4473bb37ff8ca45b830d61c35bb7,6686,size_in_bytes,lib/ocaml/compiler-libs/flambda2_algorithms__Leapfrog.cmti,44667
2026-08-05T16:59:20Z,ce90559f55be4473bb37ff8ca45b830d61c35bb7,6686,size_in_bytes,lib/ocaml/compiler-libs/profile_counters_functions.cmti,17618
2026-08-05T16:59:20Z,ce90559f55be4473bb37ff8ca45b830d61c35bb7,6686,size_in_bytes,lib/ocaml/compiler-libs/dll.cmti,24002
2026-08-05T16:59:20Z,ce90559f55be4473bb37ff8ca45b830d61c35bb7,6686,size_in_bytes,lib/ocaml/compiler-libs/diffing_with_keys.cmti,43492
2026-08-05T16:59:20Z,ce90559f55be4473bb37ff8ca45b830d61c35bb7,6686,size_in_bytes,lib/ocaml/compiler-libs/emitcode.cmti,27912
2026-08-05T16:59:20Z,ce90559f55be4473bb37ff8ca45b830d61c35bb7,6686,size_in_bytes,lib/ocaml/compiler-libs/peephole_rules.cmti,33656
2026-08-05T16:59:20Z,ce90559f55be4473bb37ff8ca45b830d61c35bb7,6686,size_in_bytes,lib/ocaml/compiler-libs/flambda2_to_jsir__To_jsir_static_const.cmti,44347
2026-08-05T16:59:20Z,ce90559f55be4473bb37ff8ca45b830d61c35bb7,6686,size_in_bytes,lib/ocaml/compiler-libs/runtimetags.cmti,19163
2026-08-05T16:59:20Z,ce90559f55be4473bb37ff8ca45b830d61c35bb7,6686,size_in_bytes,lib/ocaml/compiler-libs/flambda2_identifiers__Int_ids.cmti,1418660
2026-08-05T16:59:20Z,ce90559f55be4473bb37ff8ca45b830d61c35bb7,6686,size_in_bytes,lib/ocaml/compiler-libs/flambda2_terms__Zero_alloc_attribute.cmti,32865
2026-08-05T16:59:20Z,ce90559f55be4473bb37ff8ca45b830d61c35bb7,6686,size_in_bytes,lib/ocaml/compiler-libs/flambda2_simplify_shared__Call_site_inlining_decision_type.cmti,40429
2026-08-05T16:59:20Z,ce90559f55be4473bb37ff8ca45b830d61c35bb7,6686,size_in_bytes,lib/ocaml/compiler-libs/flambda2_terms__Flambda_primitive.cmti,529335
2026-08-05T16:59:20Z,ce90559f55be4473bb37ff8ca45b830d61c35bb7,6686,size_in_bytes,lib/ocaml/compiler-libs/flambda2_simplify__Simplify_rec_info_expr.cmti,45443
2026-08-05T16:59:20Z,ce90559f55be4473bb37ff8ca45b830d61c35bb7,6686,size_in_bytes,lib/ocaml/compiler-libs/peephole_utils.cmti,49128
2026-08-05T16:59:20Z,ce90559f55be4473bb37ff8ca45b830d61c35bb7,6686,size_in_bytes,lib/ocaml/compiler-libs/ast_helper.cmti,448347
2026-08-05T16:59:20Z,ce90559f55be4473bb37ff8ca45b830d61c35bb7,6686,size_in_bytes,lib/ocaml/compiler-libs/builtin_attributes.cmti,104089
2026-08-05T16:59:20Z,ce90559f55be4473bb37ff8ca45b830d61c35bb7,6686,size_in_bytes,lib/ocaml/compiler-libs/matching.cmti,45526
2026-08-05T16:59:20Z,ce90559f55be4473bb37ff8ca45b830d61c35bb7,6686,size_in_bytes,lib/ocaml/compiler-libs/flambda2_nominal__Ids_for_export.cmti,43854
2026-08-05T16:59:20Z,ce90559f55be4473bb37ff8ca45b830d61c35bb7,6686,size_in_bytes,lib/ocaml/compiler-libs/cfg_with_layout.cmti,72247
2026-08-05T16:59:20Z,ce90559f55be4473bb37ff8ca45b830d61c35bb7,6686,size_in_bytes,lib/ocaml/compiler-libs/regalloc_irc.cmti,34407
2026-08-05T16:59:20Z,ce90559f55be4473bb37ff8ca45b830d61c35bb7,6686,size_in_bytes,lib/ocaml/compiler-libs/flambda2_kinds__Flambda_kind.cmti,877141
2026-08-05T16:59:20Z,ce90559f55be4473bb37ff8ca45b830d61c35bb7,6686,size_in_bytes,lib/ocaml/compiler-libs/regalloc_affinity.cmti,43426
2026-08-05T16:59:20Z,ce90559f55be4473bb37ff8ca45b830d61c35bb7,6686,size_in_bytes,lib/ocaml/compiler-libs/flambda2_identifiers__Named_rewrite_id.cmti,154264
2026-08-05T16:59:20Z,ce90559f55be4473bb37ff8ca45b830d61c35bb7,6686,size_in_bytes,lib/ocaml/compiler-libs/includemod_errorprinter.cmti,19975
2026-08-05T16:59:20Z,ce90559f55be4473bb37ff8ca45b830d61c35bb7,6686,size_in_bytes,lib/ocaml/compiler-libs/cmi_format.cmti,38104
2026-08-05T16:59:20Z,ce90559f55be4473bb37ff8ca45b830d61c35bb7,6686,size_in_bytes,lib/ocaml/compiler-libs/arm64_binary_emitter__Logical_helpers.cmti,23939
2026-08-05T16:59:20Z,ce90559f55be4473bb37ff8ca45b830d61c35bb7,6686,size_in_bytes,lib/ocaml/compiler-libs/binutils.cmti,17933
2026-08-05T16:59:20Z,ce90559f55be4473bb37ff8ca45b830d61c35bb7,6686,size_in_bytes,lib/ocaml/compiler-libs/flambda2_identifiers__Symbol.cmti,39306
2026-08-05T16:59:20Z,ce90559f55be4473bb37ff8ca45b830d61c35bb7,6686,size_in_bytes,lib/ocaml/compiler-libs/linker_script.cmti,19128
2026-08-05T16:59:20Z,ce90559f55be4473bb37ff8ca45b830d61c35bb7,6686,size_in_bytes,lib/ocaml/compiler-libs/flambda2_simplify__Closure_info.cmti,35246
2026-08-05T16:59:20Z,ce90559f55be4473bb37ff8ca45b830d61c35bb7,6686,size_in_bytes,lib/ocaml/compiler-libs/flambda2_nominal__Name_occurrences.cmti,107190
2026-08-05T16:59:20Z,ce90559f55be4473bb37ff8ca45b830d61c35bb7,6686,size_in_bytes,lib/ocaml/compiler-libs/flambda2_parser__Flambda_to_fexpr.cmti,30284
2026-08-05T16:59:20Z,ce90559f55be4473bb37ff8ca45b830d61c35bb7,6686,size_in_bytes,lib/ocaml/compiler-libs/flambda2_nominal__Num_occurrences.cmti,15861
2026-08-05T16:59:20Z,ce90559f55be4473bb37ff8ca45b830d61c35bb7,6686,size_in_bytes,lib/ocaml/compiler-libs/flambda2_terms__Regalloc_attribute.cmti,31095
2026-08-05T16:59:20Z,ce90559f55be4473bb37ff8ca45b830d61c35bb7,6686,size_in_bytes,lib/ocaml/compiler-libs/reg_with_debug_info.cmti,142667
2026-08-05T16:59:20Z,ce90559f55be4473bb37ff8ca45b830d61c35bb7,6686,size_in_bytes,lib/ocaml/compiler-libs/flambda2_terms__Code_size.cmti,45313
2026-08-05T16:59:20Z,ce90559f55be4473bb37ff8ca45b830d61c35bb7,6686,size_in_bytes,lib/ocaml/compiler-libs/flambda2_nominal__Name_abstraction.cmti,61178
2026-08-05T16:59:20Z,ce90559f55be4473bb37ff8ca45b830d61c35bb7,6686,size_in_bytes,lib/ocaml/compiler-libs/is_parameter.cmti,147669
2026-08-05T16:59:20Z,ce90559f55be4473bb37ff8ca45b830d61c35bb7,6686,size_in_bytes,lib/ocaml/compiler-libs/slambdaident.cmti,149711
2026-08-05T16:59:20Z,ce90559f55be4473bb37ff8ca45b830d61c35bb7,6686,size_in_bytes,lib/ocaml/compiler-libs/runtimedef.cmti,13083
2026-08-05T16:59:20Z,ce90559f55be4473bb37ff8ca45b830d61c35bb7,6686,size_in_bytes,lib/ocaml/compiler-libs/dwarf_abstract_instances.cmti,29582
2026-08-05T16:59:20Z,ce90559f55be4473bb37ff8ca45b830d61c35bb7,6686,size_in_bytes,lib/ocaml/compiler-libs/strongly_connected_components.cmti,44841
2026-08-05T16:59:20Z,ce90559f55be4473bb37ff8ca45b830d61c35bb7,6686,size_in_bytes,lib/ocaml/compiler-libs/cfg_format.cmti,41320
2026-08-05T16:59:20Z,ce90559f55be4473bb37ff8ca45b830d61c35bb7,6686,size_in_bytes,lib/ocaml/compiler-libs/structured_mangling.cmti,31802
2026-08-05T16:59:20Z,ce90559f55be4473bb37ff8ca45b830d61c35bb7,6686,size_in_bytes,lib/ocaml/compiler-libs/arch.cmti,86669
2026-08-05T16:59:20Z,ce90559f55be4473bb37ff8ca45b830d61c35bb7,6686,size_in_bytes,lib/ocaml/compiler-libs/dwarf_type.cmti,27143
2026-08-05T16:59:20Z,ce90559f55be4473bb37ff8ca45b830d61c35bb7,6686,size_in_bytes,lib/ocaml/compiler-libs/flambda2_simplify__Continuation_in_env.cmti,41297
2026-08-05T16:59:20Z,ce90559f55be4473bb37ff8ca45b830d61c35bb7,6686,size_in_bytes,lib/ocaml/compiler-libs/cmm_builtins.cmti,38237
2026-08-05T16:59:20Z,ce90559f55be4473bb37ff8ca45b830d61c35bb7,6686,size_in_bytes,lib/ocaml/compiler-libs/x86_peephole_utils.cmti,28600
2026-08-05T16:59:20Z,ce90559f55be4473bb37ff8ca45b830d61c35bb7,6686,size_in_bytes,lib/ocaml/compiler-libs/local_store.cmti,21796
2026-08-05T16:59:20Z,ce90559f55be4473bb37ff8ca45b830d61c35bb7,6686,size_in_bytes,lib/ocaml/compiler-libs/diffing.cmti,46792
2026-08-05T16:59:20Z,ce90559f55be4473bb37ff8ca45b830d61c35bb7,6686,size_in_bytes,lib/ocaml/compiler-libs/printpat.cmti,22892
2026-08-05T16:59:20Z,ce90559f55be4473bb37ff8ca45b830d61c35bb7,6686,size_in_bytes,lib/ocaml/compiler-libs/flambda2_bound_identifiers__Bound_name.cmti,29819
2026-08-05T16:59:20Z,ce90559f55be4473bb37ff8ca45b830d61c35bb7,6686,size_in_bytes,lib/ocaml/compiler-libs/runtime_shape.cmti,119547
2026-08-05T16:59:20Z,ce90559f55be4473bb37ff8ca45b830d61c35bb7,6686,size_in_bytes,lib/ocaml/compiler-libs/flambda2_simplify__Upwards_env.cmti,54993
2026-08-05T16:59:20Z,ce90559f55be4473bb37ff8ca45b830d61c35bb7,6686,size_in_bytes,lib/ocaml/compiler-libs/predef.cmti,155246
2026-08-05T16:59:20Z,ce90559f55be4473bb37ff8ca45b830d61c35bb7,6686,size_in_bytes,lib/ocaml/compiler-libs/flambda2_simplify__Replay_history.cmti,49067
2026-08-05T16:59:20Z,ce90559f55be4473bb37ff8ca45b830d61c35bb7,6686,size_in_bytes,lib/ocaml/compiler-libs/flambda2_parser__Fexpr_to_flambda.cmti,33512
2026-08-05T16:59:20Z,ce90559f55be4473bb37ff8ca45b830d61c35bb7,6686,size_in_bytes,lib/ocaml/compiler-libs/arm64_binary_emitter__Condition_helpers.cmti,17229
2026-08-05T16:59:20Z,ce90559f55be4473bb37ff8ca45b830d61c35bb7,6686,size_in_bytes,lib/ocaml/compiler-libs/flambda2_cmx__Exported_code.cmti,53780
2026-08-05T16:59:20Z,ce90559f55be4473bb37ff8ca45b830d61c35bb7,6686,size_in_bytes,lib/ocaml/compiler-libs/flambda2_classic_mode_types__Value_approximation.cmti,33425
2026-08-05T16:59:20Z,ce90559f55be4473bb37ff8ca45b830d61c35bb7,6686,size_in_bytes,lib/ocaml/compiler-libs/flambda2_to_jsir__To_jsir_result.cmti,45448
2026-08-05T16:59:20Z,ce90559f55be4473bb37ff8ca45b830d61c35bb7,6686,size_in_bytes,lib/ocaml/compiler-libs/flambda2_to_jsir__To_jsir_shared.cmti,54044
2026-08-05T16:59:20Z,ce90559f55be4473bb37ff8ca45b830d61c35bb7,6686,size_in_bytes,lib/ocaml/compiler-libs/unit_info.cmti,72036
2026-08-05T16:59:20Z,ce90559f55be4473bb37ff8ca45b830d61c35bb7,6686,size_in_bytes,lib/ocaml/compiler-libs/flambda2_terms__Code_metadata.cmti,125888
2026-08-05T16:59:20Z,ce90559f55be4473bb37ff8ca45b830d61c35bb7,6686,size_in_bytes,lib/ocaml/compiler-libs/zero_alloc_annotations.cmti,22236
2026-08-05T16:59:20Z,ce90559f55be4473bb37ff8ca45b830d61c35bb7,6686,size_in_bytes,lib/ocaml/compiler-libs/peephole_optimize.cmti,32914
2026-08-05T16:59:20Z,ce90559f55be4473bb37ff8ca45b830d61c35bb7,6686,size_in_bytes,lib/ocaml/compiler-libs/includeclass.cmti,24143
2026-08-05T16:59:20Z,ce90559f55be4473bb37ff8ca45b830d61c35bb7,6686,size_in_bytes,lib/ocaml/compiler-libs/flambda2_algorithms__Container_types.cmti,329359
2026-08-05T16:59:20Z,ce90559f55be4473bb37ff8ca45b830d61c35bb7,6686,size_in_bytes,lib/ocaml/compiler-libs/cfg_edge.cmti,85544
2026-08-05T16:59:20Z,ce90559f55be4473bb37ff8ca45b830d61c35bb7,6686,size_in_bytes,lib/ocaml/compiler-libs/asmgen.cmti,57536
2026-08-05T16:59:20Z,ce90559f55be4473bb37ff8ca45b830d61c35bb7,6686,size_in_bytes,lib/ocaml/compiler-libs/opcodes.cmti,74195
2026-08-05T16:59:20Z,ce90559f55be4473bb37ff8ca45b830d61c35bb7,6686,size_in_bytes,lib/ocaml/compiler-libs/flambda2_reaper__Field.cmti,186597
2026-08-05T16:59:20Z,ce90559f55be4473bb37ff8ca45b830d61c35bb7,6686,size_in_bytes,lib/ocaml/compiler-libs/regalloc_utils.cmti,334774
2026-08-05T16:59:20Z,ce90559f55be4473bb37ff8ca45b830d61c35bb7,6686,size_in_bytes,lib/ocaml/compiler-libs/x86_ast_utils.cmti,26848
2026-08-05T16:59:20Z,ce90559f55be4473bb37ff8ca45b830d61c35bb7,6686,size_in_bytes,lib/ocaml/compiler-libs/flambda2_identifiers__Apply_cont_rewrite_id.cmti,154319
2026-08-05T16:59:20Z,ce90559f55be4473bb37ff8ca45b830d61c35bb7,6686,size_in_bytes,lib/ocaml/compiler-libs/backend_var.cmti,92170
2026-08-05T16:59:20Z,ce90559f55be4473bb37ff8ca45b830d61c35bb7,6686,size_in_bytes,lib/ocaml/compiler-libs/asm_targets__Asm_symbol.cmti,149255
2026-08-05T16:59:20Z,ce90559f55be4473bb37ff8ca45b830d61c35bb7,6686,size_in_bytes,lib/ocaml/compiler-libs/vectorize.cmti,33409
2026-08-05T16:59:20Z,ce90559f55be4473bb37ff8ca45b830d61c35bb7,6686,size_in_bytes,lib/ocaml/compiler-libs/data_types.cmti,47935
2026-08-05T16:59:20Z,ce90559f55be4473bb37ff8ca45b830d61c35bb7,6686,size_in_bytes,lib/ocaml/compiler-libs/flambda2_simplify__Continuation_uses_env.cmti,50005
2026-08-05T16:59:20Z,ce90559f55be4473bb37ff8ca45b830d61c35bb7,6686,size_in_bytes,lib/ocaml/compiler-libs/cmm_helpers.cmti,675181
2026-08-05T16:59:20Z,ce90559f55be4473bb37ff8ca45b830d61c35bb7,6686,size_in_bytes,lib/ocaml/compiler-libs/arm64_binary_emitter__Binary_emitter.cmti,44254
2026-08-05T16:59:20Z,ce90559f55be4473bb37ff8ca45b830d61c35bb7,6686,size_in_bytes,lib/ocaml/compiler-libs/flambda2_simplify__Flow_acc.cmti,76255
2026-08-05T16:59:20Z,ce90559f55be4473bb37ff8ca45b830d61c35bb7,6686,size_in_bytes,lib/ocaml/compiler-libs/form_rewrite_plan.cmti,67234
2026-08-05T16:59:20Z,ce90559f55be4473bb37ff8ca45b830d61c35bb7,6686,size_in_bytes,lib/ocaml/compiler-libs/regalloc_invariants.cmti,34790
2026-08-05T16:59:20Z,ce90559f55be4473bb37ff8ca45b830d61c35bb7,6686,size_in_bytes,lib/ocaml/compiler-libs/flambda2_terms__Code_or_metadata.cmti,54041
2026-08-05T16:59:20Z,ce90559f55be4473bb37ff8ca45b830d61c35bb7,6686,size_in_bytes,lib/ocaml/compiler-libs/priority_queue.cmti,35453
2026-08-05T16:59:20Z,ce90559f55be4473bb37ff8ca45b830d61c35bb7,6686,size_in_bytes,lib/ocaml/compiler-libs/flambda2_lattices__Or_bottom.cmti,28448
2026-08-05T16:59:20Z,ce90559f55be4473bb37ff8ca45b830d61c35bb7,6686,size_in_bytes,lib/ocaml/compiler-libs/bytepackager.cmti,22794
2026-08-05T16:59:20Z,ce90559f55be4473bb37ff8ca45b830d61c35bb7,6686,size_in_bytes,lib/ocaml/compiler-libs/arm64_ast__Ast.cmti,850274
2026-08-05T16:59:20Z,ce90559f55be4473bb37ff8ca45b830d61c35bb7,6686,size_in_bytes,lib/ocaml/compiler-libs/translquote.cmti,20640
2026-08-05T16:59:20Z,ce90559f55be4473bb37ff8ca45b830d61c35bb7,6686,size_in_bytes,lib/ocaml/compiler-libs/flambda2_simplify__Simplify_apply_expr.cmti,37553
2026-08-05T16:59:20Z,ce90559f55be4473bb37ff8ca45b830d61c35bb7,6686,size_in_bytes,lib/ocaml/compiler-libs/topmain.cmti,12774
2026-08-05T16:59:20Z,ce90559f55be4473bb37ff8ca45b830d61c35bb7,6686,size_in_bytes,lib/ocaml/compiler-libs/vicuna_value_shapes.cmti,29501
2026-08-05T16:59:20Z,ce90559f55be4473bb37ff8ca45b830d61c35bb7,6686,size_in_bytes,lib/ocaml/compiler-libs/includecore.cmti,102268
2026-08-05T16:59:20Z,ce90559f55be4473bb37ff8ca45b830d61c35bb7,6686,size_in_bytes,lib/ocaml/compiler-libs/ccomp.cmti,23226
2026-08-05T16:59:20Z,ce90559f55be4473bb37ff8ca45b830d61c35bb7,6686,size_in_bytes,lib/ocaml/compiler-libs/flambda2_simplify__Simplify_simple.cmti,42579
2026-08-05T16:59:20Z,ce90559f55be4473bb37ff8ca45b830d61c35bb7,6686,size_in_bytes,lib/ocaml/compiler-libs/persistent_env.cmti,176467
2026-08-05T16:59:20Z,ce90559f55be4473bb37ff8ca45b830d61c35bb7,6686,size_in_bytes,lib/ocaml/compiler-libs/signature_with_global_bindings.cmti,25749
2026-08-05T16:59:20Z,ce90559f55be4473bb37ff8ca45b830d61c35bb7,6686,size_in_bytes,lib/ocaml/compiler-libs/dwarf_state.cmti,55112
2026-08-05T16:59:20Z,ce90559f55be4473bb37ff8ca45b830d61c35bb7,6686,size_in_bytes,lib/ocaml/compiler-libs/identifiable.cmti,351360
2026-08-05T16:59:20Z,ce90559f55be4473bb37ff8ca45b830d61c35bb7,6686,size_in_bytes,lib/ocaml/compiler-libs/lexer.cmti,34242
2026-08-05T16:59:20Z,ce90559f55be4473bb37ff8ca45b830d61c35bb7,6686,size_in_bytes,lib/ocaml/compiler-libs/flambda2_to_cmm__To_cmm_result.cmti,57121
2026-08-05T16:59:20Z,ce90559f55be4473bb37ff8ca45b830d61c35bb7,6686,size_in_bytes,lib/ocaml/compiler-libs/dsl_helpers.cmti,12286
2026-08-05T16:59:20Z,ce90559f55be4473bb37ff8ca45b830d61c35bb7,6686,size_in_bytes,lib/ocaml/compiler-libs/flambda2_types__Meet.cmti,31143
2026-08-05T16:59:20Z,ce90559f55be4473bb37ff8ca45b830d61c35bb7,6686,size_in_bytes,lib/ocaml/compiler-libs/cfg_dominators.cmti,45199
2026-08-05T16:59:20Z,ce90559f55be4473bb37ff8ca45b830d61c35bb7,6686,size_in_bytes,lib/ocaml/compiler-libs/flambda2_terms__Inlining_history.cmti,61560
2026-08-05T16:59:20Z,ce90559f55be4473bb37ff8ca45b830d61c35bb7,6686,size_in_bytes,lib/ocaml/compiler-libs/x86_masm.cmti,17032
2026-08-05T16:59:20Z,ce90559f55be4473bb37ff8ca45b830d61c35bb7,6686,size_in_bytes,lib/ocaml/compiler-libs/flambda2_terms__Apply_expr.cmti,214879
2026-08-05T16:59:20Z,ce90559f55be4473bb37ff8ca45b830d61c35bb7,6686,size_in_bytes,lib/ocaml/compiler-libs/flambda2_identifiers__Name.cmti,188071
2026-08-05T16:59:20Z,ce90559f55be4473bb37ff8ca45b830d61c35bb7,6686,size_in_bytes,lib/ocaml/compiler-libs/current_unit.cmti,25081
2026-08-05T16:59:20Z,ce90559f55be4473bb37ff8ca45b830d61c35bb7,6686,size_in_bytes,lib/ocaml/compiler-libs/debug.cmti,13840
2026-08-05T16:59:20Z,ce90559f55be4473bb37ff8ca45b830d61c35bb7,6686,size_in_bytes,lib/ocaml/compiler-libs/regalloc_substitution.cmti,42163
2026-08-05T16:59:20Z,ce90559f55be4473bb37ff8ca45b830d61c35bb7,6686,size_in_bytes,lib/ocaml/compiler-libs/simplif.cmti,24003
2026-08-05T16:59:20Z,ce90559f55be4473bb37ff8ca45b830d61c35bb7,6686,size_in_bytes,lib/ocaml/compiler-libs/flambda2_simplify__Build_unboxing_denv.cmti,35541
2026-08-05T16:59:20Z,ce90559f55be4473bb37ff8ca45b830d61c35bb7,6686,size_in_bytes,lib/ocaml/compiler-libs/flambda2_from_lambda__Lambda_to_lambda_transforms.cmti,36233
2026-08-05T16:59:20Z,ce90559f55be4473bb37ff8ca45b830d61c35bb7,6686,size_in_bytes,lib/ocaml/compiler-libs/cfg_polling.cmti,35880
2026-08-05T16:59:20Z,ce90559f55be4473bb37ff8ca45b830d61c35bb7,6686,size_in_bytes,lib/ocaml/compiler-libs/jit_backend.cmti,69709
2026-08-05T16:59:20Z,ce90559f55be4473bb37ff8ca45b830d61c35bb7,6686,size_in_bytes,lib/ocaml/compiler-libs/relocatable_symbol_name.cmti,17603
2026-08-05T16:59:20Z,ce90559f55be4473bb37ff8ca45b830d61c35bb7,6686,size_in_bytes,lib/ocaml/compiler-libs/flambda2_simplify__Simplify_coercion.cmti,36486
2026-08-05T16:59:20Z,ce90559f55be4473bb37ff8ca45b830d61c35bb7,6686,size_in_bytes,lib/ocaml/compiler-libs/flambda2_types__Meet_env.cmti,73619
2026-08-05T16:59:20Z,ce90559f55be4473bb37ff8ca45b830d61c35bb7,6686,size_in_bytes,lib/ocaml/compiler-libs/flambda2_term_basics__String_info.cmti,154101
2026-08-05T16:59:20Z,ce90559f55be4473bb37ff8ca45b830d61c35bb7,6686,size_in_bytes,lib/ocaml/compiler-libs/flambda2_reaper__Points_to_analysis.cmti,103653
2026-08-05T16:59:20Z,ce90559f55be4473bb37ff8ca45b830d61c35bb7,6686,size_in_bytes,lib/ocaml/compiler-libs/oxcaml_args.cmti,520363
2026-08-05T16:59:20Z,ce90559f55be4473bb37ff8ca45b830d61c35bb7,6686,size_in_bytes,lib/ocaml/compiler-libs/flambda2_simplify__Dominator_graph.cmti,51133
2026-08-05T16:59:20Z,ce90559f55be4473bb37ff8ca45b830d61c35bb7,6686,size_in_bytes,lib/ocaml/compiler-libs/flambda2_terms__Trap_action.cmti,42255
2026-08-05T16:59:20Z,ce90559f55be4473bb37ff8ca45b830d61c35bb7,6686,size_in_bytes,lib/ocaml/compiler-libs/jkind_types.cmti,105754
2026-08-05T16:59:20Z,ce90559f55be4473bb37ff8ca45b830d61c35bb7,6686,size_in_bytes,lib/ocaml/compiler-libs/cmo_format.cmti,34081
2026-08-05T16:59:20Z,ce90559f55be4473bb37ff8ca45b830d61c35bb7,6686,size_in_bytes,lib/ocaml/compiler-libs/int_replace_polymorphic_compare.cmti,17062
2026-08-05T16:59:20Z,ce90559f55be4473bb37ff8ca45b830d61c35bb7,6686,size_in_bytes,lib/ocaml/compiler-libs/trace.cmti,28383
2026-08-05T16:59:20Z,ce90559f55be4473bb37ff8ca45b830d61c35bb7,6686,size_in_bytes,lib/ocaml/compiler-libs/flambda2_simplify__Join_points.cmti,43434
2026-08-05T16:59:20Z,ce90559f55be4473bb37ff8ca45b830d61c35bb7,6686,size_in_bytes,lib/ocaml/compiler-libs/printtyp.cmti,67496
2026-08-05T16:59:20Z,ce90559f55be4473bb37ff8ca45b830d61c35bb7,6686,size_in_bytes,lib/ocaml/compiler-libs/lru.cmti,24977
2026-08-05T16:59:20Z,ce90559f55be4473bb37ff8ca45b830d61c35bb7,6686,size_in_bytes,lib/ocaml/compiler-libs/cfg_loop_infos.cmti,48814
2026-08-05T16:59:20Z,ce90559f55be4473bb37ff8ca45b830d61c35bb7,6686,size_in_bytes,lib/ocaml/compiler-libs/flambda2_reaper__Reaper.cmti,35503
2026-08-05T16:59:20Z,ce90559f55be4473bb37ff8ca45b830d61c35bb7,6686,size_in_bytes,lib/ocaml/compiler-libs/blambda_of_lambda.cmti,18754
2026-08-05T16:59:20Z,ce90559f55be4473bb37ff8ca45b830d61c35bb7,6686,size_in_bytes,lib/ocaml/compiler-libs/flambda2_simplify__Common_subexpression_elimination.cmti,46529
2026-08-05T16:59:20Z,ce90559f55be4473bb37ff8ca45b830d61c35bb7,6686,size_in_bytes,lib/ocaml/compiler-libs/flambda2_terms__Coeffects.cmti,32440
2026-08-05T16:59:20Z,ce90559f55be4473bb37ff8ca45b830d61c35bb7,6686,size_in_bytes,lib/ocaml/compiler-libs/flambda2_identifiers__Value_slot.cmti,172535
2026-08-05T16:59:20Z,ce90559f55be4473bb37ff8ca45b830d61c35bb7,6686,size_in_bytes,lib/ocaml/compiler-libs/translmode.cmti,27377
2026-08-05T16:59:20Z,ce90559f55be4473bb37ff8ca45b830d61c35bb7,6686,size_in_bytes,lib/ocaml/compiler-libs/flambda2_simplify__Loopify_state.cmti,29819
2026-08-05T16:59:20Z,ce90559f55be4473bb37ff8ca45b830d61c35bb7,6686,size_in_bytes,lib/ocaml/compiler-libs/flambda2_simplify__Simplify_let_cont_expr.cmti,39547
2026-08-05T16:59:20Z,ce90559f55be4473bb37ff8ca45b830d61c35bb7,6686,size_in_bytes,lib/ocaml/compiler-libs/afl_instrument.cmti,34139
2026-08-05T16:59:20Z,ce90559f55be4473bb37ff8ca45b830d61c35bb7,6686,size_in_bytes,lib/ocaml/compiler-libs/flambda2_simplify__Simplified_named.cmti,50617
2026-08-05T16:59:20Z,ce90559f55be4473bb37ff8ca45b830d61c35bb7,6686,size_in_bytes,lib/ocaml/compiler-libs/dwarf.cmti,51183
2026-08-05T16:59:20Z,ce90559f55be4473bb37ff8ca45b830d61c35bb7,6686,size_in_bytes,lib/ocaml/compiler-libs/compiler_hooks.cmti,47502
2026-08-05T16:59:20Z,ce90559f55be4473bb37ff8ca45b830d61c35bb7,6686,size_in_bytes,lib/ocaml/compiler-libs/zero_alloc_info.cmti,21849
2026-08-05T16:59:20Z,ce90559f55be4473bb37ff8ca45b830d61c35bb7,6686,size_in_bytes,lib/ocaml/compiler-libs/flambda2_simplify__Non_recursive_handler.cmti,42567
2026-08-05T16:59:20Z,ce90559f55be4473bb37ff8ca45b830d61c35bb7,6686,size_in_bytes,lib/ocaml/compiler-libs/transl_list_comprehension.cmti,20128
2026-08-05T16:59:20Z,ce90559f55be4473bb37ff8ca45b830d61c35bb7,6686,size_in_bytes,lib/ocaml/compiler-libs/stack_check.cmti,34404
2026-08-05T16:59:20Z,ce90559f55be4473bb37ff8ca45b830d61c35bb7,6686,size_in_bytes,lib/ocaml/compiler-libs/flambda2_terms__Recursive.cmti,28655
2026-08-05T16:59:20Z,ce90559f55be4473bb37ff8ca45b830d61c35bb7,6686,size_in_bytes,lib/ocaml/compiler-libs/flambda2_term_basics__Or_invalid.cmti,19455
2026-08-05T16:59:20Z,ce90559f55be4473bb37ff8ca45b830d61c35bb7,6686,size_in_bytes,lib/ocaml/compiler-libs/flambda2_simplify__Mutable_unboxing.cmti,41407
2026-08-05T16:59:20Z,ce90559f55be4473bb37ff8ca45b830d61c35bb7,6686,size_in_bytes,lib/ocaml/compiler-libs/select_utils.cmti,141485
2026-08-05T16:59:20Z,ce90559f55be4473bb37ff8ca45b830d61c35bb7,6686,size_in_bytes,lib/ocaml/compiler-libs/flambda2_datalog__Datalog.cmti,51416
2026-08-05T16:59:20Z,ce90559f55be4473bb37ff8ca45b830d61c35bb7,6686,size_in_bytes,lib/ocaml/compiler-libs/flambda2_terms__Validity.cmti,35655
2026-08-05T16:59:20Z,ce90559f55be4473bb37ff8ca45b830d61c35bb7,6686,size_in_bytes,lib/ocaml/compiler-libs/flambda2_terms__Effects_and_coeffects.cmti,35525
2026-08-05T16:59:20Z,ce90559f55be4473bb37ff8ca45b830d61c35bb7,6686,size_in_bytes,lib/ocaml/compiler-libs/arm64_binary_emitter__All_section_states.cmti,44603
2026-08-05T16:59:20Z,ce90559f55be4473bb37ff8ca45b830d61c35bb7,6686,size_in_bytes,lib/ocaml/compiler-libs/section_table.cmti,26866
2026-08-05T16:59:20Z,ce90559f55be4473bb37ff8ca45b830d61c35bb7,6686,size_in_bytes,lib/ocaml/compiler-libs/flambda2_simplify__Optimistic_unboxing_decision.cmti,34770
2026-08-05T16:59:20Z,ce90559f55be4473bb37ff8ca45b830d61c35bb7,6686,size_in_bytes,lib/ocaml/compiler-libs/flambda2_terms__Placement.cmti,31090
2026-08-05T16:59:20Z,ce90559f55be4473bb37ff8ca45b830d61c35bb7,6686,size_in_bytes,lib/ocaml/compiler-libs/printcfg.cmti,60345
2026-08-05T16:59:20Z,ce90559f55be4473bb37ff8ca45b830d61c35bb7,6686,size_in_bytes,lib/ocaml/compiler-libs/sub_cfg.cmti,59383
2026-08-05T16:59:20Z,ce90559f55be4473bb37ff8ca45b830d61c35bb7,6686,size_in_bytes,lib/ocaml/compiler-libs/language_extension.cmti,71357
2026-08-05T16:59:20Z,ce90559f55be4473bb37ff8ca45b830d61c35bb7,6686,size_in_bytes,lib/ocaml/compiler-libs/flambda2_datalog__Virtual_machine.cmti,52156
2026-08-05T16:59:20Z,ce90559f55be4473bb37ff8ca45b830d61c35bb7,6686,size_in_bytes,lib/ocaml/compiler-libs/measure_object_files.cmti,31772
2026-08-05T16:59:20Z,ce90559f55be4473bb37ff8ca45b830d61c35bb7,6686,size_in_bytes,lib/ocaml/compiler-libs/dissector_log.cmti,17153
2026-08-05T16:59:20Z,ce90559f55be4473bb37ff8ca45b830d61c35bb7,6686,size_in_bytes,lib/ocaml/compiler-libs/slambdaeval.cmti,25892
2026-08-05T16:59:20Z,ce90559f55be4473bb37ff8ca45b830d61c35bb7,6686,size_in_bytes,lib/ocaml/compiler-libs/flambda2_identifiers__Flambda_debug_uid.cmti,156995
2026-08-05T16:59:20Z,ce90559f55be4473bb37ff8ca45b830d61c35bb7,6686,size_in_bytes,lib/ocaml/compiler-libs/flambda2_simplify__Simplify_primitive_result.cmti,54230
2026-08-05T16:59:20Z,ce90559f55be4473bb37ff8ca45b830d61c35bb7,6686,size_in_bytes,lib/ocaml/compiler-libs/flambda2_kinds__Tag.cmti,395565
2026-08-05T16:59:20Z,ce90559f55be4473bb37ff8ca45b830d61c35bb7,6686,size_in_bytes,lib/ocaml/compiler-libs/flambda2_types__Typing_env.cmti,110815
2026-08-05T16:59:20Z,ce90559f55be4473bb37ff8ca45b830d61c35bb7,6686,size_in_bytes,lib/ocaml/compiler-libs/flambda2_to_jsir__To_jsir.cmti,36946
2026-08-05T16:59:20Z,ce90559f55be4473bb37ff8ca45b830d61c35bb7,6686,size_in_bytes,lib/ocaml/compiler-libs/dwarf_flags.cmti,40650
2026-08-05T16:59:20Z,ce90559f55be4473bb37ff8ca45b830d61c35bb7,6686,size_in_bytes,lib/ocaml/compiler-libs/numbers.cmti,380395
2026-08-05T16:59:20Z,ce90559f55be4473bb37ff8ca45b830d61c35bb7,6686,size_in_bytes,lib/ocaml/compiler-libs/asmlink.cmti,41703
2026-08-05T16:59:20Z,ce90559f55be4473bb37ff8ca45b830d61c35bb7,6686,size_in_bytes,lib/ocaml/compiler-libs/flambda2_types__Meet_and_join.cmti,32102
2026-08-05T16:59:20Z,ce90559f55be4473bb37ff8ca45b830d61c35bb7,6686,size_in_bytes,lib/ocaml/compiler-libs/flambda2_from_lambda__Lambda_to_flambda.cmti,36823
2026-08-05T16:59:20Z,ce90559f55be4473bb37ff8ca45b830d61c35bb7,6686,size_in_bytes,lib/ocaml/compiler-libs/instruct.cmti,71391
2026-08-05T16:59:20Z,ce90559f55be4473bb37ff8ca45b830d61c35bb7,6686,size_in_bytes,lib/ocaml/compiler-libs/bytelink.cmti,60249
2026-08-05T16:59:20Z,ce90559f55be4473bb37ff8ca45b830d61c35bb7,6686,size_in_bytes,lib/ocaml/compiler-libs/camlinternalMenhirLib.cmti,501495
2026-08-05T16:59:20Z,ce90559f55be4473bb37ff8ca45b830d61c35bb7,6686,size_in_bytes,lib/ocaml/compiler-libs/flambda2_term_basics__Scope.cmti,161185
2026-08-05T16:59:20Z,ce90559f55be4473bb37ff8ca45b830d61c35bb7,6686,size_in_bytes,lib/ocaml/compiler-libs/oxcaml_flags.cmti,149035
2026-08-05T16:59:20Z,ce90559f55be4473bb37ff8ca45b830d61c35bb7,6686,size_in_bytes,lib/ocaml/compiler-libs/available_ranges_vars.cmti,157916
2026-08-05T16:59:20Z,ce90559f55be4473bb37ff8ca45b830d61c35bb7,6686,size_in_bytes,lib/ocaml/compiler-libs/misc.cmti,732775
2026-08-05T16:59:20Z,ce90559f55be4473bb37ff8ca45b830d61c35bb7,6686,size_in_bytes,lib/ocaml/compiler-libs/flambda2_compare__Compare.cmti,34916
2026-08-05T16:59:20Z,ce90559f55be4473bb37ff8ca45b830d61c35bb7,6686,size_in_bytes,lib/ocaml/compiler-libs/flambda2_to_cmm__To_cmm_static.cmti,38972
2026-08-05T16:59:20Z,ce90559f55be4473bb37ff8ca45b830d61c35bb7,6686,size_in_bytes,lib/ocaml/compiler-libs/x86_ast.cmti,71137
2026-08-05T16:59:20Z,ce90559f55be4473bb37ff8ca45b830d61c35bb7,6686,size_in_bytes,lib/ocaml/compiler-libs/flambda2_simplify__Simplify_let_expr.cmti,38110
2026-08-05T16:59:20Z,ce90559f55be4473bb37ff8ca45b830d61c35bb7,6686,size_in_bytes,lib/ocaml/compiler-libs/flambda2_reaper__Rebuild.cmti,44991
2026-08-05T16:59:20Z,ce90559f55be4473bb37ff8ca45b830d61c35bb7,6686,size_in_bytes,lib/ocaml/compiler-libs/flambda2_types__Type_descr.cmti,62202
2026-08-05T16:59:20Z,ce90559f55be4473bb37ff8ca45b830d61c35bb7,6686,size_in_bytes,lib/ocaml/compiler-libs/mixed_product_bytes.cmti,45049
2026-08-05T16:59:20Z,ce90559f55be4473bb37ff8ca45b830d61c35bb7,6686,size_in_bytes,lib/ocaml/compiler-libs/bytesections.cmti,33093
2026-08-05T16:59:20Z,ce90559f55be4473bb37ff8ca45b830d61c35bb7,6686,size_in_bytes,lib/ocaml/compiler-libs/flambda2_types__Join_levels.cmti,31685
2026-08-05T16:59:20Z,ce90559f55be4473bb37ff8ca45b830d61c35bb7,6686,size_in_bytes,lib/ocaml/compiler-libs/typedecl_separability.cmti,34617
2026-08-05T16:59:20Z,ce90559f55be4473bb37ff8ca45b830d61c35bb7,6686,size_in_bytes,lib/ocaml/compiler-libs/flambda2_identifiers__Code_id_or_name.cmti,37712
2026-08-05T16:59:20Z,ce90559f55be4473bb37ff8ca45b830d61c35bb7,6686,size_in_bytes,lib/ocaml/compiler-libs/regalloc_split_utils.cmti,46408
2026-08-05T16:59:20Z,ce90559f55be4473bb37ff8ca45b830d61c35bb7,6686,size_in_bytes,lib/ocaml/compiler-libs/flambda2_to_cmm__To_cmm_shared.cmti,94387
2026-08-05T16:59:20Z,ce90559f55be4473bb37ff8ca45b830d61c35bb7,6686,size_in_bytes,lib/ocaml/compiler-libs/flambda2_terms__Apply_cont_expr.cmti,183230
2026-08-05T16:59:20Z,ce90559f55be4473bb37ff8ca45b830d61c35bb7,6686,size_in_bytes,lib/ocaml/compiler-libs/flambda2_simplify__Simplify_extcall.cmti,40412
2026-08-05T16:59:20Z,ce90559f55be4473bb37ff8ca45b830d61c35bb7,6686,size_in_bytes,lib/ocaml/compiler-libs/flambda2_from_lambda__Lambda_to_flambda_env.cmti,85652
2026-08-05T16:59:20Z,ce90559f55be4473bb37ff8ca45b830d61c35bb7,6686,size_in_bytes,lib/ocaml/compiler-libs/branch_relaxation.cmti,37141
2026-08-05T16:59:20Z,ce90559f55be4473bb37ff8ca45b830d61c35bb7,6686,size_in_bytes,lib/ocaml/compiler-libs/consistbl.cmti,132959
2026-08-05T16:59:20Z,ce90559f55be4473bb37ff8ca45b830d61c35bb7,6686,size_in_bytes,lib/ocaml/compiler-libs/transl_comprehension_utils.cmti,87555
2026-08-05T16:59:20Z,ce90559f55be4473bb37ff8ca45b830d61c35bb7,6686,size_in_bytes,lib/ocaml/compiler-libs/flambda2_simplify_shared__Inlining_report.cmti,114353
2026-08-05T16:59:20Z,ce90559f55be4473bb37ff8ca45b830d61c35bb7,6686,size_in_bytes,lib/ocaml/compiler-libs/flambda2_terms__Flambda_unit.cmti,42178
2026-08-05T16:59:20Z,ce90559f55be4473bb37ff8ca45b830d61c35bb7,6686,size_in_bytes,lib/ocaml/compiler-libs/flambda2_term_basics__Inlined_debuginfo.cmti,40101
2026-08-05T16:59:20Z,ce90559f55be4473bb37ff8ca45b830d61c35bb7,6686,size_in_bytes,lib/ocaml/compiler-libs/flambda2_simplify__Simplify_set_of_closures.cmti,47948
2026-08-05T16:59:20Z,ce90559f55be4473bb37ff8ca45b830d61c35bb7,6686,size_in_bytes,lib/ocaml/compiler-libs/x86_peephole_rules.cmti,19483
2026-08-05T16:59:20Z,ce90559f55be4473bb37ff8ca45b830d61c35bb7,6686,size_in_bytes,lib/ocaml/compiler-libs/flambda2_reaper__Traverse_env.cmti,49261
2026-08-05T16:59:20Z,ce90559f55be4473bb37ff8ca45b830d61c35bb7,6686,size_in_bytes,lib/ocaml/compiler-libs/ldd.cmti,31705
2026-08-05T16:59:20Z,ce90559f55be4473bb37ff8ca45b830d61c35bb7,6686,size_in_bytes,lib/ocaml/compiler-libs/shape.cmti,409796
2026-08-05T16:59:20Z,ce90559f55be4473bb37ff8ca45b830d61c35bb7,6686,size_in_bytes,lib/ocaml/compiler-libs/cmj_format.cmti,17301
2026-08-05T16:59:20Z,ce90559f55be4473bb37ff8ca45b830d61c35bb7,6686,size_in_bytes,lib/ocaml/compiler-libs/target_system.cmti,32203
2026-08-05T16:59:20Z,ce90559f55be4473bb37ff8ca45b830d61c35bb7,6686,size_in_bytes,lib/ocaml/compiler-libs/slambda.cmti,23766
2026-08-05T16:59:20Z,ce90559f55be4473bb37ff8ca45b830d61c35bb7,6686,size_in_bytes,lib/ocaml/compiler-libs/flambda2_reaper__Rebuilt_expr.cmti,48580
2026-08-05T16:59:20Z,ce90559f55be4473bb37ff8ca45b830d61c35bb7,6686,size_in_bytes,lib/ocaml/compiler-libs/outcometree.cmti,107820
2026-08-05T16:59:20Z,ce90559f55be4473bb37ff8ca45b830d61c35bb7,6686,size_in_bytes,lib/ocaml/compiler-libs/errors.cmti,13619
2026-08-05T16:59:20Z,ce90559f55be4473bb37ff8ca45b830d61c35bb7,6686,size_in_bytes,lib/ocaml/compiler-libs/type_shape.cmti,47062
2026-08-05T16:59:20Z,ce90559f55be4473bb37ff8ca45b830d61c35bb7,6686,size_in_bytes,lib/ocaml/compiler-libs/flambda2_simplify__Number_adjuncts.cmti,765641
2026-08-05T16:59:20Z,ce90559f55be4473bb37ff8ca45b830d61c35bb7,6686,size_in_bytes,lib/ocaml/compiler-libs/regalloc_stack_slots.cmti,43711
2026-08-05T16:59:20Z,ce90559f55be4473bb37ff8ca45b830d61c35bb7,6686,size_in_bytes,lib/ocaml/compiler-libs/flambda2_simplify__Rebuilt_static_const.cmti,111584
2026-08-05T16:59:20Z,ce90559f55be4473bb37ff8ca45b830d61c35bb7,6686,size_in_bytes,lib/ocaml/compiler-libs/flambda2_reaper__Types_rewriter.cmti,38015
2026-08-05T16:59:20Z,ce90559f55be4473bb37ff8ca45b830d61c35bb7,6686,size_in_bytes,lib/ocaml/compiler-libs/typeopt.cmti,52837
2026-08-05T16:59:20Z,ce90559f55be4473bb37ff8ca45b830d61c35bb7,6686,size_in_bytes,lib/ocaml/compiler-libs/compmisc.cmti,24442
2026-08-05T16:59:20Z,ce90559f55be4473bb37ff8ca45b830d61c35bb7,6686,size_in_bytes,lib/ocaml/compiler-libs/printcmm.cmti,52740
2026-08-05T16:59:20Z,ce90559f55be4473bb37ff8ca45b830d61c35bb7,6686,size_in_bytes,lib/ocaml/compiler-libs/proc.cmti,69429
2026-08-05T16:59:20Z,ce90559f55be4473bb37ff8ca45b830d61c35bb7,6686,size_in_bytes,lib/ocaml/compiler-libs/flambda2_terms__Flambda.cmti,389798
2026-08-05T16:59:20Z,ce90559f55be4473bb37ff8ca45b830d61c35bb7,6686,size_in_bytes,lib/ocaml/compiler-libs/flambda2_identifiers__Reg_width_const.cmti,73904
2026-08-05T16:59:20Z,ce90559f55be4473bb37ff8ca45b830d61c35bb7,6686,size_in_bytes,lib/ocaml/compiler-libs/format_doc.cmti,140823
2026-08-05T16:59:20Z,ce90559f55be4473bb37ff8ca45b830d61c35bb7,6686,size_in_bytes,lib/ocaml/compiler-libs/solver.cmti,48105
2026-08-05T16:59:20Z,ce90559f55be4473bb37ff8ca45b830d61c35bb7,6686,size_in_bytes,lib/ocaml/compiler-libs/jkind.cmti,481389
2026-08-05T16:59:20Z,ce90559f55be4473bb37ff8ca45b830d61c35bb7,6686,size_in_bytes,lib/ocaml/compiler-libs/flambda2_simplify__Simplify_apply_cont_expr.cmti,36892
2026-08-05T16:59:20Z,ce90559f55be4473bb37ff8ca45b830d61c35bb7,6686,size_in_bytes,lib/ocaml/compiler-libs/flambda2_simplify_shared__Slot_offsets.cmti,58516
2026-08-05T16:59:20Z,ce90559f55be4473bb37ff8ca45b830d61c35bb7,6686,size_in_bytes,lib/ocaml/compiler-libs/fdo_info.cmti,24463
2026-08-05T16:59:20Z,ce90559f55be4473bb37ff8ca45b830d61c35bb7,6686,size_in_bytes,lib/ocaml/compiler-libs/flambda2_simplify__Simplify_variadic_primitive.cmti,39103
2026-08-05T16:59:20Z,ce90559f55be4473bb37ff8ca45b830d61c35bb7,6686,size_in_bytes,lib/ocaml/compiler-libs/iplt.cmti,36574
2026-08-05T16:59:20Z,ce90559f55be4473bb37ff8ca45b830d61c35bb7,6686,size_in_bytes,lib/ocaml/compiler-libs/flambda2_lattices__Or_unknown_or_bottom.cmti,27272
2026-08-05T16:59:20Z,ce90559f55be4473bb37ff8ca45b830d61c35bb7,6686,size_in_bytes,lib/ocaml/compiler-libs/probe_emission.cmti,49522
2026-08-05T16:59:20Z,ce90559f55be4473bb37ff8ca45b830d61c35bb7,6686,size_in_bytes,lib/ocaml/compiler-libs/flambda2_term_basics__Coercion.cmti,40952
2026-08-05T16:59:20Z,ce90559f55be4473bb37ff8ca45b830d61c35bb7,6686,size_in_bytes,lib/ocaml/compiler-libs/compilation_unit.cmti,443513
2026-08-05T16:59:20Z,ce90559f55be4473bb37ff8ca45b830d61c35bb7,6686,size_in_bytes,lib/ocaml/compiler-libs/regalloc_validate.cmti,38998
2026-08-05T16:59:20Z,ce90559f55be4473bb37ff8ca45b830d61c35bb7,6686,size_in_bytes,lib/ocaml/compiler-libs/x86_dsl.cmti,95388
2026-08-05T16:59:20Z,ce90559f55be4473bb37ff8ca45b830d61c35bb7,6686,size_in_bytes,lib/ocaml/compiler-libs/axis_lattice.cmti,46676
2026-08-05T16:59:20Z,ce90559f55be4473bb37ff8ca45b830d61c35bb7,6686,size_in_bytes,lib/ocaml/compiler-libs/typetexp.cmti,85729
2026-08-05T16:59:20Z,ce90559f55be4473bb37ff8ca45b830d61c35bb7,6686,size_in_bytes,lib/ocaml/compiler-libs/instantiator.cmti,38833
2026-08-05T16:59:20Z,ce90559f55be4473bb37ff8ca45b830d61c35bb7,6686,size_in_bytes,lib/ocaml/compiler-libs/flambda2_numbers__Targetint_32_64.cmti,329275
2026-08-05T16:59:20Z,ce90559f55be4473bb37ff8ca45b830d61c35bb7,6686,size_in_bytes,lib/ocaml/compiler-libs/arm64_binary_emitter__Load_store_helpers.cmti,57653
2026-08-05T16:59:20Z,ce90559f55be4473bb37ff8ca45b830d61c35bb7,6686,size_in_bytes,lib/ocaml/compiler-libs/typedecl_variance.cmti,43503
2026-08-05T16:59:20Z,ce90559f55be4473bb37ff8ca45b830d61c35bb7,6686,size_in_bytes,lib/ocaml/compiler-libs/cfg_selectgen.cmti,38120
2026-08-05T16:59:20Z,ce90559f55be4473bb37ff8ca45b830d61c35bb7,6686,size_in_bytes,lib/ocaml/compiler-libs/dissector.cmti,34172
2026-08-05T16:59:20Z,ce90559f55be4473bb37ff8ca45b830d61c35bb7,6686,size_in_bytes,lib/ocaml/compiler-libs/file_sections.cmti,24034
2026-08-05T16:59:20Z,ce90559f55be4473bb37ff8ca45b830d61c35bb7,6686,size_in_bytes,lib/ocaml/compiler-libs/cfg_deadcode.cmti,33333
2026-08-05T16:59:20Z,ce90559f55be4473bb37ff8ca45b830d61c35bb7,6686,size_in_bytes,lib/ocaml/compiler-libs/arm64_binary_emitter__Encode_directive.cmti,25901
2026-08-05T16:59:20Z,ce90559f55be4473bb37ff8ca45b830d61c35bb7,6686,size_in_bytes,lib/ocaml/compiler-libs/flambda2.cmti,47446
2026-08-05T16:59:20Z,ce90559f55be4473bb37ff8ca45b830d61c35bb7,6686,size_in_bytes,lib/ocaml/compiler-libs/regalloc_rewrite.cmti,49163
2026-08-05T16:59:20Z,ce90559f55be4473bb37ff8ca45b830d61c35bb7,6686,size_in_bytes,lib/ocaml/compiler-libs/allowance.cmti,34752
2026-08-05T16:59:20Z,ce90559f55be4473bb37ff8ca45b830d61c35bb7,6686,size_in_bytes,lib/ocaml/compiler-libs/cmx_format.cmti,76859
2026-08-05T16:59:20Z,ce90559f55be4473bb37ff8ca45b830d61c35bb7,6686,size_in_bytes,lib/ocaml/compiler-libs/topdirs.cmti,25977
2026-08-05T16:59:20Z,ce90559f55be4473bb37ff8ca45b830d61c35bb7,6686,size_in_bytes,lib/ocaml/compiler-libs/flambda2_terms__Code.cmti,65009
2026-08-05T16:59:20Z,ce90559f55be4473bb37ff8ca45b830d61c35bb7,6686,size_in_bytes,lib/ocaml/compiler-libs/value_rec_types.cmti,14138
2026-08-05T16:59:20Z,ce90559f55be4473bb37ff8ca45b830d61c35bb7,6686,size_in_bytes,lib/ocaml/compiler-libs/zero_alloc_utils.cmti,94392
2026-08-05T16:59:20Z,ce90559f55be4473bb37ff8ca45b830d61c35bb7,6686,size_in_bytes,lib/ocaml/compiler-libs/flambda2_to_cmm__To_cmm_set_of_closures.cmti,48106
2026-08-05T16:59:20Z,ce90559f55be4473bb37ff8ca45b830d61c35bb7,6686,size_in_bytes,lib/ocaml/compiler-libs/ident.cmti,189524
2026-08-05T16:59:20Z,ce90559f55be4473bb37ff8ca45b830d61c35bb7,6686,size_in_bytes,lib/ocaml/compiler-libs/llvmize.cmti,41072
2026-08-05T16:59:20Z,ce90559f55be4473bb37ff8ca45b830d61c35bb7,6686,size_in_bytes,lib/ocaml/compiler-libs/flambda2_simplify__Simplify_primitive.cmti,37730
2026-08-05T16:59:20Z,ce90559f55be4473bb37ff8ca45b830d61c35bb7,6686,size_in_bytes,lib/ocaml/compiler-libs/asm_targets__Asm_label.cmti,159795
2026-08-05T16:59:20Z,ce90559f55be4473bb37ff8ca45b830d61c35bb7,6686,size_in_bytes,lib/ocaml/compiler-libs/binary_emitter_verify.cmti,32614
2026-08-05T16:59:20Z,ce90559f55be4473bb37ff8ca45b830d61c35bb7,6686,size_in_bytes,lib/ocaml/compiler-libs/arm64_binary_emitter__For_jit.cmti,36831
2026-08-05T16:59:20Z,ce90559f55be4473bb37ff8ca45b830d61c35bb7,6686,size_in_bytes,lib/ocaml/compiler-libs/arm64_binary_emitter__Branch_helpers.cmti,27892
2026-08-05T16:59:20Z,ce90559f55be4473bb37ff8ca45b830d61c35bb7,6686,size_in_bytes,lib/ocaml/compiler-libs/types.cmti,677663
2026-08-05T16:59:20Z,ce90559f55be4473bb37ff8ca45b830d61c35bb7,6686,size_in_bytes,lib/ocaml/compiler-libs/flambda2_simplify__Simplify_import.cmti,51801
2026-08-05T16:59:20Z,ce90559f55be4473bb37ff8ca45b830d61c35bb7,6686,size_in_bytes,lib/ocaml/compiler-libs/regalloc_split_state.cmti,42649
2026-08-05T16:59:20Z,ce90559f55be4473bb37ff8ca45b830d61c35bb7,6686,size_in_bytes,lib/ocaml/compiler-libs/stypes.cmti,24193
2026-08-05T16:59:20Z,ce90559f55be4473bb37ff8ca45b830d61c35bb7,6686,size_in_bytes,lib/ocaml/compiler-libs/flambda2_terms__Function_declarations.cmti,43186
2026-08-05T16:59:20Z,ce90559f55be4473bb37ff8ca45b830d61c35bb7,6686,size_in_bytes,lib/ocaml/compiler-libs/dwarf_compilation_unit.cmti,25355
2026-08-05T16:59:20Z,ce90559f55be4473bb37ff8ca45b830d61c35bb7,6686,size_in_bytes,lib/ocaml/compiler-libs/arm64_binary_emitter__Shift_immh_immb_helpers.cmti,19408
2026-08-05T16:59:20Z,ce90559f55be4473bb37ff8ca45b830d61c35bb7,6686,size_in_bytes,lib/ocaml/compiler-libs/flambda2_to_cmm__To_cmm_effects.cmti,47196
2026-08-05T16:59:20Z,ce90559f55be4473bb37ff8ca45b830d61c35bb7,6686,size_in_bytes,lib/ocaml/compiler-libs/flambda2_terms__Cost_metrics.cmti,43654
2026-08-05T16:59:20Z,ce90559f55be4473bb37ff8ca45b830d61c35bb7,6686,size_in_bytes,lib/ocaml/compiler-libs/linkenv.cmti,74085
2026-08-05T16:59:20Z,ce90559f55be4473bb37ff8ca45b830d61c35bb7,6686,size_in_bytes,lib/ocaml/compiler-libs/flambda2_datalog__Column.cmti,180714
2026-08-05T16:59:20Z,ce90559f55be4473bb37ff8ca45b830d61c35bb7,6686,size_in_bytes,lib/ocaml/compiler-libs/flambda2_simplify__Apply_cont_rewrite.cmti,46816
2026-08-05T16:59:20Z,ce90559f55be4473bb37ff8ca45b830d61c35bb7,6686,size_in_bytes,lib/ocaml/compiler-libs/dwarf_variables_and_parameters.cmti,42365
2026-08-05T16:59:20Z,ce90559f55be4473bb37ff8ca45b830d61c35bb7,6686,size_in_bytes,lib/ocaml/compiler-libs/flambda2_types__Aliases.cmti,63060
2026-08-05T16:59:20Z,ce90559f55be4473bb37ff8ca45b830d61c35bb7,6686,size_in_bytes,lib/ocaml/compiler-libs/linkage_name.cmti,121043
2026-08-05T16:59:20Z,ce90559f55be4473bb37ff8ca45b830d61c35bb7,6686,size_in_bytes,lib/ocaml/compiler-libs/flambda2_bound_identifiers__Bound_parameter.cmti,174809
2026-08-05T16:59:20Z,ce90559f55be4473bb37ff8ca45b830d61c35bb7,6686,size_in_bytes,lib/ocaml/compiler-libs/flambda2_terms__Result_types.cmti,36130
2026-08-05T16:59:20Z,ce90559f55be4473bb37ff8ca45b830d61c35bb7,6686,size_in_bytes,lib/ocaml/compiler-libs/flambda2_simplify__Expr_builder.cmti,83929
2026-08-05T16:59:20Z,ce90559f55be4473bb37ff8ca45b830d61c35bb7,6686,size_in_bytes,lib/ocaml/compiler-libs/flambda2_types__Meet_and_n_way_join.cmti,31822
2026-08-05T16:59:20Z,ce90559f55be4473bb37ff8ca45b830d61c35bb7,6686,size_in_bytes,lib/ocaml/compiler-libs/flambda2_types__Binding_time.cmti,167275
2026-08-05T16:59:20Z,ce90559f55be4473bb37ff8ca45b830d61c35bb7,6686,size_in_bytes,lib/ocaml/compiler-libs/printlinear.cmti,40091
2026-08-05T16:59:20Z,ce90559f55be4473bb37ff8ca45b830d61c35bb7,6686,size_in_bytes,lib/ocaml/compiler-libs/clflags.cmti,217150
2026-08-05T16:59:20Z,ce90559f55be4473bb37ff8ca45b830d61c35bb7,6686,size_in_bytes,lib/ocaml/compiler-libs/cfg_colours.cmti,23490
2026-08-05T16:59:20Z,ce90559f55be4473bb37ff8ca45b830d61c35bb7,6686,size_in_bytes,lib/ocaml/compiler-libs/flambda2_simplify__Simplify_nullary_primitive.cmti,38144
2026-08-05T16:59:20Z,ce90559f55be4473bb37ff8ca45b830d61c35bb7,6686,size_in_bytes,lib/ocaml/compiler-libs/extract_relocations.cmti,32522
2026-08-05T16:59:20Z,ce90559f55be4473bb37ff8ca45b830d61c35bb7,6686,size_in_bytes,lib/ocaml/compiler-libs/flambda2_from_lambda__Closure_conversion.cmti,72635
2026-08-05T16:59:20Z,ce90559f55be4473bb37ff8ca45b830d61c35bb7,6686,size_in_bytes,lib/ocaml/compiler-libs/flambda2_parser__Flambda_parser.cmti,83311
2026-08-05T16:59:20Z,ce90559f55be4473bb37ff8ca45b830d61c35bb7,6686,size_in_bytes,lib/ocaml/compiler-libs/flambda2_datalog__Schedule.cmti,24821
2026-08-05T16:59:20Z,ce90559f55be4473bb37ff8ca45b830d61c35bb7,6686,size_in_bytes,lib/ocaml/compiler-libs/x86_gas.cmti,18843
2026-08-05T16:59:20Z,ce90559f55be4473bb37ff8ca45b830d61c35bb7,6686,size_in_bytes,lib/ocaml/compiler-libs/flambda2_terms__Regalloc_param_attribute.cmti,31173
2026-08-05T16:59:20Z,ce90559f55be4473bb37ff8ca45b830d61c35bb7,6686,size_in_bytes,lib/ocaml/compiler-libs/cfg_quick_hash.cmti,37047
2026-08-05T16:59:20Z,ce90559f55be4473bb37ff8ca45b830d61c35bb7,6686,size_in_bytes,lib/ocaml/compiler-libs/mode.cmti,732577
2026-08-05T16:59:20Z,ce90559f55be4473bb37ff8ca45b830d61c35bb7,6686,size_in_bytes,lib/ocaml/compiler-libs/oprint.cmti,27394
2026-08-05T16:59:20Z,ce90559f55be4473bb37ff8ca45b830d61c35bb7,6686,size_in_bytes,lib/ocaml/compiler-libs/flambda2_datalog__Table.cmti,54097
2026-08-05T16:59:20Z,ce90559f55be4473bb37ff8ca45b830d61c35bb7,6686,size_in_bytes,lib/ocaml/compiler-libs/flambda2_types__Reify.cmti,50945
2026-08-05T16:59:20Z,ce90559f55be4473bb37ff8ca45b830d61c35bb7,6686,size_in_bytes,lib/ocaml/compiler-libs/cfg_reducibility.cmti,33203
2026-08-05T16:59:20Z,ce90559f55be4473bb37ff8ca45b830d61c35bb7,6686,size_in_bytes,lib/ocaml/compiler-libs/tmc.cmti,22288
2026-08-05T16:59:20Z,ce90559f55be4473bb37ff8ca45b830d61c35bb7,6686,size_in_bytes,lib/ocaml/compiler-libs/flambda2_kinds__Flambda_arity.cmti,52453
2026-08-05T16:59:20Z,ce90559f55be4473bb37ff8ca45b830d61c35bb7,6686,size_in_bytes,lib/ocaml/compiler-libs/flambda2_to_cmm__To_cmm_expr.cmti,34777
2026-08-05T16:59:20Z,ce90559f55be4473bb37ff8ca45b830d61c35bb7,6686,size_in_bytes,lib/ocaml/compiler-libs/flambda2_ui__Flambda_colours.cmti,32091
2026-08-05T16:59:20Z,ce90559f55be4473bb37ff8ca45b830d61c35bb7,6686,size_in_bytes,lib/ocaml/compiler-libs/x86_peephole_optimize.cmti,16288
2026-08-05T16:59:20Z,ce90559f55be4473bb37ff8ca45b830d61c35bb7,6686,size_in_bytes,lib/ocaml/compiler-libs/flambda2_terms__Poll_attribute.cmti,30732
2026-08-05T16:59:20Z,ce90559f55be4473bb37ff8ca45b830d61c35bb7,6686,size_in_bytes,lib/ocaml/compiler-libs/flambda2_simplify__Unboxing_types.cmti,66593
2026-08-05T16:59:20Z,ce90559f55be4473bb37ff8ca45b830d61c35bb7,6686,size_in_bytes,lib/ocaml/compiler-libs/flambda2_terms__Switch_expr.cmti,42053
2026-08-05T16:59:20Z,ce90559f55be4473bb37ff8ca45b830d61c35bb7,6686,size_in_bytes,lib/ocaml/compiler-libs/flambda2_from_lambda__Lambda_to_flambda_primitives.cmti,41533
2026-08-05T16:59:20Z,ce90559f55be4473bb37ff8ca45b830d61c35bb7,6686,size_in_bytes,lib/ocaml/compiler-libs/import_info.cmti,49321
2026-08-05T16:59:20Z,ce90559f55be4473bb37ff8ca45b830d61c35bb7,6686,size_in_bytes,lib/ocaml/compiler-libs/regalloc_irc_state.cmti,118368
2026-08-05T16:59:20Z,ce90559f55be4473bb37ff8ca45b830d61c35bb7,6686,size_in_bytes,lib/ocaml/compiler-libs/flambda2_lattices__Or_unknown.cmti,190516
2026-08-05T16:59:20Z,ce90559f55be4473bb37ff8ca45b830d61c35bb7,6686,size_in_bytes,lib/ocaml/compiler-libs/mixed_block_shape.cmti,38497
2026-08-05T16:59:20Z,ce90559f55be4473bb37ff8ca45b830d61c35bb7,6686,size_in_bytes,lib/ocaml/compiler-libs/flambda2_reaper__Traverse.cmti,48656
2026-08-05T16:59:20Z,ce90559f55be4473bb37ff8ca45b830d61c35bb7,6686,size_in_bytes,lib/ocaml/compiler-libs/linkdeps.cmti,28121
2026-08-05T16:59:20Z,ce90559f55be4473bb37ff8ca45b830d61c35bb7,6686,size_in_bytes,lib/ocaml/compiler-libs/longident.cmti,22677
2026-08-05T16:59:20Z,ce90559f55be4473bb37ff8ca45b830d61c35bb7,6686,size_in_bytes,lib/ocaml/compiler-libs/bytegen.cmti,20832
2026-08-05T16:59:20Z,ce90559f55be4473bb37ff8ca45b830d61c35bb7,6686,size_in_bytes,lib/ocaml/compiler-libs/cfg_stack_checks.cmti,35089
2026-08-05T16:59:20Z,ce90559f55be4473bb37ff8ca45b830d61c35bb7,6686,size_in_bytes,lib/ocaml/compiler-libs/datarepr.cmti,30506
2026-08-05T16:59:20Z,ce90559f55be4473bb37ff8ca45b830d61c35bb7,6686,size_in_bytes,lib/ocaml/compiler-libs/flambda2_term_basics__Simple.cmti,471689
2026-08-05T16:59:20Z,ce90559f55be4473bb37ff8ca45b830d61c35bb7,6686,size_in_bytes,lib/ocaml/compiler-libs/pparse.cmti,35525
2026-08-05T16:59:20Z,ce90559f55be4473bb37ff8ca45b830d61c35bb7,6686,size_in_bytes,lib/ocaml/compiler-libs/flambda2_numbers__One_bit_fewer.cmti,72592
2026-08-05T16:59:20Z,ce90559f55be4473bb37ff8ca45b830d61c35bb7,6686,size_in_bytes,lib/ocaml/compiler-libs/flambda2_algorithms__Or_null.cmti,23008
2026-08-05T16:59:20Z,ce90559f55be4473bb37ff8ca45b830d61c35bb7,6686,size_in_bytes,lib/ocaml/compiler-libs/flambda2_bound_identifiers__Bound_parameters.cmti,47194
2026-08-05T16:59:20Z,ce90559f55be4473bb37ff8ca45b830d61c35bb7,6686,size_in_bytes,lib/ocaml/compiler-libs/arm64_binary_emitter__Section_state.cmti,45126
2026-08-05T16:59:20Z,ce90559f55be4473bb37ff8ca45b830d61c35bb7,6686,size_in_bytes,lib/ocaml/compiler-libs/flambda2_term_basics__Or_variable.cmti,35020
2026-08-05T16:59:20Z,ce90559f55be4473bb37ff8ca45b830d61c35bb7,6686,size_in_bytes,lib/ocaml/compiler-libs/flambda2_bound_identifiers__Bound_continuation.cmti,29363
2026-08-05T16:59:20Z,ce90559f55be4473bb37ff8ca45b830d61c35bb7,6686,size_in_bytes,lib/ocaml/compiler-libs/flambda2_parser__Parse_flambda.cmti,34238
2026-08-05T16:59:20Z,ce90559f55be4473bb37ff8ca45b830d61c35bb7,6686,size_in_bytes,lib/ocaml/compiler-libs/flambda2_simplify__Are_lifting_conts.cmti,45060
2026-08-05T16:59:20Z,ce90559f55be4473bb37ff8ca45b830d61c35bb7,6686,size_in_bytes,lib/ocaml/compiler-libs/arm64_binary_emitter__Nop_helpers.cmti,14036
2026-08-05T16:59:20Z,ce90559f55be4473bb37ff8ca45b830d61c35bb7,6686,size_in_bytes,lib/ocaml/compiler-libs/flambda2_numbers__Numeric_types.cmti,1660807
2026-08-05T16:59:20Z,ce90559f55be4473bb37ff8ca45b830d61c35bb7,6686,size_in_bytes,lib/ocaml/compiler-libs/cfg_to_linear.cmti,35260
2026-08-05T16:59:20Z,ce90559f55be4473bb37ff8ca45b830d61c35bb7,6686,size_in_bytes,lib/ocaml/compiler-libs/flambda2_from_lambda__Closure_conversion_aux.cmti,248874
2026-08-05T16:59:20Z,ce90559f55be4473bb37ff8ca45b830d61c35bb7,6686,size_in_bytes,lib/ocaml/compiler-libs/flambda2_types__Code_age_relation.cmti,38467
2026-08-05T16:59:20Z,ce90559f55be4473bb37ff8ca45b830d61c35bb7,6686,size_in_bytes,lib/ocaml/compiler-libs/arm64_binary_emitter__Relocation.cmti,37405
2026-08-05T16:59:20Z,ce90559f55be4473bb37ff8ca45b830d61c35bb7,6686,size_in_bytes,lib/ocaml/compiler-libs/config.cmti,87288
2026-08-05T16:59:20Z,ce90559f55be4473bb37ff8ca45b830d61c35bb7,6686,size_in_bytes,lib/ocaml/compiler-libs/cfg_with_infos.cmti,50829
2026-08-05T16:59:20Z,ce90559f55be4473bb37ff8ca45b830d61c35bb7,6686,size_in_bytes,lib/ocaml/compiler-libs/cfg_invariants.cmti,35501
2026-08-05T16:59:20Z,ce90559f55be4473bb37ff8ca45b830d61c35bb7,6686,size_in_bytes,lib/ocaml/compiler-libs/simplify_terminator.cmti,36204
2026-08-05T16:59:20Z,ce90559f55be4473bb37ff8ca45b830d61c35bb7,6686,size_in_bytes,lib/ocaml/compiler-libs/flambda2_simplify__Reification.cmti,38735
2026-08-05T16:59:20Z,ce90559f55be4473bb37ff8ca45b830d61c35bb7,6686,size_in_bytes,lib/ocaml/compiler-libs/flambda2_identifiers__Code_id_or_symbol.cmti,35076
2026-08-05T16:59:20Z,ce90559f55be4473bb37ff8ca45b830d61c35bb7,6686,size_in_bytes,lib/ocaml/compiler-libs/flambda2_term_basics__Continuation_use_kind.cmti,15412
2026-08-05T16:59:20Z,ce90559f55be4473bb37ff8ca45b830d61c35bb7,6686,size_in_bytes,lib/ocaml/compiler-libs/flambda2_simplify__Non_constructed_code.cmti,54935
2026-08-05T16:59:20Z,ce90559f55be4473bb37ff8ca45b830d61c35bb7,6686,size_in_bytes,lib/ocaml/compiler-libs/arm64_binary_emitter__Mov_helpers.cmti,18446
2026-08-05T16:59:20Z,ce90559f55be4473bb37ff8ca45b830d61c35bb7,6686,size_in_bytes,lib/ocaml/compiler-libs/zero_alloc.cmti,30394
2026-08-05T16:59:20Z,ce90559f55be4473bb37ff8ca45b830d61c35bb7,6686,size_in_bytes,lib/ocaml/compiler-libs/flambda2_simplify__Comparison_result.cmti,31696
2026-08-05T16:59:20Z,ce90559f55be4473bb37ff8ca45b830d61c35bb7,6686,size_in_bytes,lib/ocaml/compiler-libs/flambda2_to_jsir__To_jsir_set_of_closures.cmti,35582
2026-08-05T16:59:20Z,ce90559f55be4473bb37ff8ca45b830d61c35bb7,6686,size_in_bytes,lib/ocaml/compiler-libs/translobj.cmti,28167
2026-08-05T16:59:20Z,ce90559f55be4473bb37ff8ca45b830d61c35bb7,6686,size_in_bytes,lib/ocaml/compiler-libs/typecore.cmti,183698
2026-08-05T16:59:20Z,ce90559f55be4473bb37ff8ca45b830d61c35bb7,6686,size_in_bytes,lib/ocaml/compiler-libs/flambda2_bound_identifiers__Alloc_mode.cmti,70300
2026-08-05T16:59:20Z,ce90559f55be4473bb37ff8ca45b830d61c35bb7,6686,size_in_bytes,lib/ocaml/compiler-libs/flambda2_nominal__Name_mode.cmti,290279
2026-08-05T16:59:20Z,ce90559f55be4473bb37ff8ca45b830d61c35bb7,6686,size_in_bytes,lib/ocaml/compiler-libs/compute_ranges.cmti,64110
2026-08-05T16:59:20Z,ce90559f55be4473bb37ff8ca45b830d61c35bb7,6686,size_in_bytes,lib/ocaml/compiler-libs/typemod.cmti,79465
2026-08-05T16:59:20Z,ce90559f55be4473bb37ff8ca45b830d61c35bb7,6686,size_in_bytes,lib/ocaml/compiler-libs/flambda2_identifiers__Code_id.cmti,39865
2026-08-05T16:59:20Z,ce90559f55be4473bb37ff8ca45b830d61c35bb7,6686,size_in_bytes,lib/ocaml/compiler-libs/flambda2_nominal__Permutation.cmti,24045
2026-08-05T16:59:20Z,ce90559f55be4473bb37ff8ca45b830d61c35bb7,6686,size_in_bytes,lib/ocaml/compiler-libs/dwarf_inlined_frames.cmti,41165
2026-08-05T16:59:20Z,ce90559f55be4473bb37ff8ca45b830d61c35bb7,6686,size_in_bytes,lib/ocaml/compiler-libs/compenv.cmti,50501
2026-08-05T16:59:20Z,ce90559f55be4473bb37ff8ca45b830d61c35bb7,6686,size_in_bytes,lib/ocaml/compiler-libs/flambda2_simplify_shared__Are_rebuilding_terms.cmti,19566
2026-08-05T16:59:20Z,ce90559f55be4473bb37ff8ca45b830d61c35bb7,6686,size_in_bytes,lib/ocaml/compiler-libs/arm64_binary_emitter__Csel_helpers.cmti,18309
2026-08-05T16:59:20Z,ce90559f55be4473bb37ff8ca45b830d61c35bb7,6686,size_in_bytes,lib/ocaml/compiler-libs/flambda2_term_basics__Unit.cmti,164644
2026-08-05T16:59:20Z,ce90559f55be4473bb37ff8ca45b830d61c35bb7,6686,size_in_bytes,lib/ocaml/compiler-libs/docstrings.cmti,78652
2026-08-05T16:59:20Z,ce90559f55be4473bb37ff8ca45b830d61c35bb7,6686,size_in_bytes,lib/ocaml/compiler-libs/flambda2_simplify__Rebuilt_expr.cmti,73408
2026-08-05T16:59:20Z,ce90559f55be4473bb37ff8ca45b830d61c35bb7,6686,size_in_bytes,lib/ocaml/compiler-libs/flambda2_bound_identifiers__Bound_for_function.cmti,40106
2026-08-05T16:59:20Z,ce90559f55be4473bb37ff8ca45b830d61c35bb7,6686,size_in_bytes,lib/ocaml/compiler-libs/flambda2_terms__Function_decl_inlining_decision_type.cmti,40442
2026-08-05T16:59:20Z,ce90559f55be4473bb37ff8ca45b830d61c35bb7,6686,size_in_bytes,lib/ocaml/compiler-libs/flambda2_parser__Flambda_parser_messages.cmti,14343
2026-08-05T16:59:20Z,ce90559f55be4473bb37ff8ca45b830d61c35bb7,6686,size_in_bytes,lib/ocaml/compiler-libs/flambda2_simplify__Flow_types.cmti,115328
2026-08-05T16:59:20Z,ce90559f55be4473bb37ff8ca45b830d61c35bb7,6686,size_in_bytes,lib/ocaml/compiler-libs/cfg_comballoc.cmti,32937
2026-08-05T16:59:20Z,ce90559f55be4473bb37ff8ca45b830d61c35bb7,6686,size_in_bytes,lib/ocaml/compiler-libs/flambda2_identifiers__Function_slot.cmti,172888
2026-08-05T16:59:20Z,ce90559f55be4473bb37ff8ca45b830d61c35bb7,6686,size_in_bytes,lib/ocaml/compiler-libs/syntaxerr.cmti,26038
2026-08-05T16:59:20Z,ce90559f55be4473bb37ff8ca45b830d61c35bb7,6686,size_in_bytes,lib/ocaml/compiler-libs/typeclass.cmti,69040
2026-08-05T16:59:20Z,ce90559f55be4473bb37ff8ca45b830d61c35bb7,6686,size_in_bytes,lib/ocaml/compiler-libs/ikind.cmti,40361
2026-08-05T16:59:20Z,ce90559f55be4473bb37ff8ca45b830d61c35bb7,6686,size_in_bytes,lib/ocaml/compiler-libs/compilenv.cmti,60201
2026-08-05T16:59:20Z,ce90559f55be4473bb37ff8ca45b830d61c35bb7,6686,size_in_bytes,lib/ocaml/compiler-libs/mode_intf.cmti,1479749
2026-08-05T16:59:20Z,ce90559f55be4473bb37ff8ca45b830d61c35bb7,6686,size_in_bytes,lib/ocaml/compiler-libs/lazy_backtrack.cmti,23641
2026-08-05T16:59:20Z,ce90559f55be4473bb37ff8ca45b830d61c35bb7,6686,size_in_bytes,lib/ocaml/compiler-libs/flambda2_terms__Loopify_attribute.cmti,30414
2026-08-05T16:59:20Z,ce90559f55be4473bb37ff8ca45b830d61c35bb7,6686,size_in_bytes,lib/ocaml/compiler-libs/flambda2_cmx__Flambda_cmx_format.cmti,43114
2026-08-05T16:59:20Z,ce90559f55be4473bb37ff8ca45b830d61c35bb7,6686,size_in_bytes,lib/ocaml/compiler-libs/pprintast.cmti,52732
2026-08-05T16:59:20Z,ce90559f55be4473bb37ff8ca45b830d61c35bb7,6686,size_in_bytes,lib/ocaml/compiler-libs/value_rec_compiler.cmti,21290
2026-08-05T16:59:20Z,ce90559f55be4473bb37ff8ca45b830d61c35bb7,6686,size_in_bytes,lib/ocaml/compiler-libs/cfg_simplify.cmti,33005
2026-08-05T16:59:20Z,ce90559f55be4473bb37ff8ca45b830d61c35bb7,6686,size_in_bytes,lib/ocaml/compiler-libs/dwarf_reg_locations.cmti,34473
2026-08-05T16:59:20Z,ce90559f55be4473bb37ff8ca45b830d61c35bb7,6686,size_in_bytes,lib/ocaml/compiler-libs/cfg_to_linear_desc.cmti,32843
2026-08-05T16:59:20Z,ce90559f55be4473bb37ff8ca45b830d61c35bb7,6686,size_in_bytes,lib/ocaml/compiler-libs/flambda2_terms__Probe.cmti,29640
2026-08-05T16:59:20Z,ce90559f55be4473bb37ff8ca45b830d61c35bb7,6686,size_in_bytes,lib/ocaml/compiler-libs/flambda2_simplify__Unbox_continuation_params.cmti,43190
2026-08-05T16:59:20Z,ce90559f55be4473bb37ff8ca45b830d61c35bb7,6686,size_in_bytes,lib/ocaml/compiler-libs/cfg_liveness.cmti,47825
2026-08-05T16:59:20Z,ce90559f55be4473bb37ff8ca45b830d61c35bb7,6686,size_in_bytes,lib/ocaml/compiler-libs/flambda2_terms__First_complex_local_param.cmti,30608
2026-08-05T16:59:20Z,ce90559f55be4473bb37ff8ca45b830d61c35bb7,6686,size_in_bytes,lib/ocaml/compiler-libs/stack_class.cmti,46591
2026-08-05T16:59:20Z,ce90559f55be4473bb37ff8ca45b830d61c35bb7,6686,size_in_bytes,lib/ocaml/compiler-libs/translprim.cmti,42711
2026-08-05T16:59:20Z,ce90559f55be4473bb37ff8ca45b830d61c35bb7,6686,size_in_bytes,lib/ocaml/compiler-libs/reg_availability_set.cmti,46240
2026-08-05T16:59:20Z,ce90559f55be4473bb37ff8ca45b830d61c35bb7,6686,size_in_bytes,lib/ocaml/compiler-libs/flambda2_numbers__Target_ocaml_int.cmti,335290
2026-08-05T16:59:20Z,ce90559f55be4473bb37ff8ca45b830d61c35bb7,6686,size_in_bytes,lib/ocaml/compiler-libs/printreg.cmti,45547
2026-08-05T16:59:20Z,ce90559f55be4473bb37ff8ca45b830d61c35bb7,6686,size_in_bytes,lib/ocaml/compiler-libs/doubly_linked_list.cmti,80327
2026-08-05T16:59:20Z,ce90559f55be4473bb37ff8ca45b830d61c35bb7,6686,size_in_bytes,lib/ocaml/compiler-libs/translcore.cmti,40827
2026-08-05T16:59:20Z,ce90559f55be4473bb37ff8ca45b830d61c35bb7,6686,size_in_bytes,lib/ocaml/compiler-libs/internal_assembler.cmti,19301
2026-08-05T16:59:20Z,ce90559f55be4473bb37ff8ca45b830d61c35bb7,6686,size_in_bytes,lib/ocaml/compiler-libs/value_rec_check.cmti,19158
2026-08-05T16:59:20Z,ce90559f55be4473bb37ff8ca45b830d61c35bb7,6686,size_in_bytes,lib/ocaml/compiler-libs/printlambda.cmti,40026
2026-08-05T16:59:20Z,ce90559f55be4473bb37ff8ca45b830d61c35bb7,6686,size_in_bytes,lib/ocaml/compiler-libs/flambda2_types__Typing_env_extension.cmti,66925
2026-08-05T16:59:20Z,ce90559f55be4473bb37ff8ca45b830d61c35bb7,6686,size_in_bytes,lib/ocaml/compiler-libs/linear_format.cmti,41312
2026-08-05T16:59:20Z,ce90559f55be4473bb37ff8ca45b830d61c35bb7,6686,size_in_bytes,lib/ocaml/compiler-libs/maindriver.cmti,13891
2026-08-05T16:59:20Z,ce90559f55be4473bb37ff8ca45b830d61c35bb7,6686,size_in_bytes,lib/ocaml/compiler-libs/flambda2_simplify__Flow_analysis.cmti,43890
2026-08-05T16:59:20Z,ce90559f55be4473bb37ff8ca45b830d61c35bb7,6686,size_in_bytes,lib/ocaml/compiler-libs/genprintval.cmti,52120
2026-08-05T16:59:20Z,ce90559f55be4473bb37ff8ca45b830d61c35bb7,6686,size_in_bytes,lib/ocaml/compiler-libs/flambda2_bound_identifiers__Bound_var.cmti,34860
2026-08-05T16:59:20Z,ce90559f55be4473bb37ff8ca45b830d61c35bb7,6686,size_in_bytes,lib/ocaml/compiler-libs/flambda2_algorithms__Lmap.cmti,84965
2026-08-05T16:59:20Z,ce90559f55be4473bb37ff8ca45b830d61c35bb7,6686,size_in_bytes,lib/ocaml/compiler-libs/flambda2_types__With_cached_free_names.cmti,42772
2026-08-05T16:59:20Z,ce90559f55be4473bb37ff8ca45b830d61c35bb7,6686,size_in_bytes,lib/ocaml/compiler-libs/flambda2_floats__Float32.cmti,27211
2026-08-05T16:59:20Z,ce90559f55be4473bb37ff8ca45b830d61c35bb7,6686,size_in_bytes,lib/ocaml/compiler-libs/flambda2_simplify__Simplify_binary_primitive.cmti,39852
2026-08-05T16:59:20Z,ce90559f55be4473bb37ff8ca45b830d61c35bb7,6686,size_in_bytes,lib/ocaml/compiler-libs/flambda2_simplify__Unboxers.cmti,52467
2026-08-05T16:59:20Z,ce90559f55be4473bb37ff8ca45b830d61c35bb7,6686,size_in_bytes,lib/ocaml/compiler-libs/ast_iterator.cmti,70813
2026-08-05T16:59:20Z,ce90559f55be4473bb37ff8ca45b830d61c35bb7,6686,size_in_bytes,lib/ocaml/compiler-libs/regalloc_irc_utils.cmti,56305
2026-08-05T16:59:20Z,ce90559f55be4473bb37ff8ca45b830d61c35bb7,6686,size_in_bytes,lib/ocaml/compiler-libs/flambda2_numbers__Vector_types.cmti,471200
2026-08-05T16:59:20Z,ce90559f55be4473bb37ff8ca45b830d61c35bb7,6686,size_in_bytes,lib/ocaml/compiler-libs/regalloc_ls_state.cmti,51458
2026-08-05T16:59:20Z,ce90559f55be4473bb37ff8ca45b830d61c35bb7,6686,size_in_bytes,lib/ocaml/compiler-libs/flambda2_simplify__Downwards_acc.cmti,107241
2026-08-05T16:59:20Z,ce90559f55be4473bb37ff8ca45b830d61c35bb7,6686,size_in_bytes,lib/ocaml/compiler-libs/flambda2_to_cmm__To_cmm.cmti,34542
2026-08-05T16:59:20Z,ce90559f55be4473bb37ff8ca45b830d61c35bb7,6686,size_in_bytes,lib/ocaml/compiler-libs/cfg_prologue.cmti,34027
2026-08-05T16:59:20Z,ce90559f55be4473bb37ff8ca45b830d61c35bb7,6686,size_in_bytes,lib/ocaml/compiler-libs/flambda2_types__More_type_creators.cmti,108832
2026-08-05T16:59:20Z,ce90559f55be4473bb37ff8ca45b830d61c35bb7,6686,size_in_bytes,lib/ocaml/compiler-libs/arm64_binary_emitter__Bitfield_helpers.cmti,17980
2026-08-05T16:59:20Z,ce90559f55be4473bb37ff8ca45b830d61c35bb7,6686,size_in_bytes,lib/ocaml/compiler-libs/subst.cmti,147152
2026-08-05T16:59:20Z,ce90559f55be4473bb37ff8ca45b830d61c35bb7,6686,size_in_bytes,lib/ocaml/compiler-libs/flambda2_term_basics__Rec_info_expr.cmti,44401
2026-08-05T16:59:20Z,ce90559f55be4473bb37ff8ca45b830d61c35bb7,6686,size_in_bytes,lib/ocaml/compiler-libs/flambda2_simplify__Simplify_static_const.cmti,39201
2026-08-05T16:59:20Z,ce90559f55be4473bb37ff8ca45b830d61c35bb7,6686,size_in_bytes,lib/ocaml/compiler-libs/flambda2_simplify__Is_unboxing_beneficial.cmti,32561
2026-08-05T16:59:20Z,ce90559f55be4473bb37ff8ca45b830d61c35bb7,6686,size_in_bytes,lib/ocaml/compiler-libs/flambda2_simplify__Simplify_ternary_primitive.cmti,40631
2026-08-05T16:59:20Z,ce90559f55be4473bb37ff8ca45b830d61c35bb7,6686,size_in_bytes,lib/ocaml/compiler-libs/symtable.cmti,240685
2026-08-05T16:59:20Z,ce90559f55be4473bb37ff8ca45b830d61c35bb7,6686,size_in_bytes,lib/ocaml/compiler-libs/asm_targets__Asm_section.cmti,51717
2026-08-05T16:59:20Z,ce90559f55be4473bb37ff8ca45b830d61c35bb7,6686,size_in_bytes,lib/ocaml/compiler-libs/flambda2_bound_identifiers__Bound_static.cmti,44775
2026-08-05T16:59:20Z,ce90559f55be4473bb37ff8ca45b830d61c35bb7,6686,size_in_bytes,lib/ocaml/compiler-libs/flambda2_types__Typing_env_level.cmti,50456
2026-08-05T16:59:20Z,ce90559f55be4473bb37ff8ca45b830d61c35bb7,6686,size_in_bytes,lib/ocaml/compiler-libs/arg_helper.cmti,74881
2026-08-05T16:59:20Z,ce90559f55be4473bb37ff8ca45b830d61c35bb7,6686,size_in_bytes,lib/ocaml/compiler-libs/cfg_available_regs.cmti,32867
2026-08-05T16:59:20Z,ce90559f55be4473bb37ff8ca45b830d61c35bb7,6686,size_in_bytes,lib/ocaml/compiler-libs/flambda2_types.cmti,688276
2026-08-05T16:59:20Z,ce90559f55be4473bb37ff8ca45b830d61c35bb7,6686,size_in_bytes,lib/ocaml/compiler-libs/emitaux.cmti,90751
2026-08-05T16:59:20Z,ce90559f55be4473bb37ff8ca45b830d61c35bb7,6686,size_in_bytes,lib/ocaml/compiler-libs/jkind_axis.cmti,78107
2026-08-05T16:59:20Z,ce90559f55be4473bb37ff8ca45b830d61c35bb7,6686,size_in_bytes,lib/ocaml/compiler-libs/opttoploop.cmti,96665
2026-08-05T16:59:20Z,ce90559f55be4473bb37ff8ca45b830d61c35bb7,6686,size_in_bytes,lib/ocaml/compiler-libs/flambda2_simplify__Downwards_env.cmti,151744
2026-08-05T16:59:20Z,ce90559f55be4473bb37ff8ca45b830d61c35bb7,6686,size_in_bytes,lib/ocaml/compiler-libs/parser.cmti,399281
2026-08-05T16:59:20Z,ce90559f55be4473bb37ff8ca45b830d61c35bb7,6686,size_in_bytes,lib/ocaml/compiler-libs/targetint.cmti,60868
2026-08-05T16:59:20Z,ce90559f55be4473bb37ff8ca45b830d61c35bb7,6686,size_in_bytes,lib/ocaml/compiler-libs/regs_utils.cmti,196349
2026-08-05T16:59:20Z,ce90559f55be4473bb37ff8ca45b830d61c35bb7,6686,size_in_bytes,lib/ocaml/compiler-libs/flambda2_simplify__One_recursive_handler.cmti,37170
2026-08-05T16:59:20Z,ce90559f55be4473bb37ff8ca45b830d61c35bb7,6686,size_in_bytes,lib/ocaml/compiler-libs/arm64_binary_emitter__Simd_helpers.cmti,41518
2026-08-05T16:59:20Z,ce90559f55be4473bb37ff8ca45b830d61c35bb7,6686,size_in_bytes,lib/ocaml/compiler-libs/flambda2_datalog__Cursor.cmti,78386
2026-08-05T16:59:20Z,ce90559f55be4473bb37ff8ca45b830d61c35bb7,6686,size_in_bytes,lib/ocaml/compiler-libs/flambda2_term_basics__Symbol_projection.cmti,40299
2026-08-05T16:59:20Z,ce90559f55be4473bb37ff8ca45b830d61c35bb7,6686,size_in_bytes,lib/ocaml/compiler-libs/string_table.cmti,18252
2026-08-05T16:59:20Z,ce90559f55be4473bb37ff8ca45b830d61c35bb7,6686,size_in_bytes,lib/ocaml/compiler-libs/cfg.cmti,153266
2026-08-05T16:59:20Z,ce90559f55be4473bb37ff8ca45b830d61c35bb7,6686,size_in_bytes,lib/ocaml/compiler-libs/typedecl_properties.cmti,34280
2026-08-05T16:59:20Z,ce90559f55be4473bb37ff8ca45b830d61c35bb7,6686,size_in_bytes,lib/ocaml/compiler-libs/btype.cmti,515968
2026-08-05T16:59:20Z,ce90559f55be4473bb37ff8ca45b830d61c35bb7,6686,size_in_bytes,lib/ocaml/compiler-libs/makedepend.cmti,13424
2026-08-05T16:59:20Z,ce90559f55be4473bb37ff8ca45b830d61c35bb7,6686,size_in_bytes,lib/ocaml/compiler-libs/uniqueness_analysis.cmti,31948
2026-08-05T16:59:20Z,ce90559f55be4473bb37ff8ca45b830d61c35bb7,6686,size_in_bytes,lib/ocaml/compiler-libs/errortrace.cmti,94884
2026-08-05T16:59:20Z,ce90559f55be4473bb37ff8ca45b830d61c35bb7,6686,size_in_bytes,lib/ocaml/compiler-libs/x86_proc.cmti,56282
2026-08-05T16:59:20Z,ce90559f55be4473bb37ff8ca45b830d61c35bb7,6686,size_in_bytes,lib/ocaml/compiler-libs/flambda2_terms__Inlining_arguments.cmti,40353
2026-08-05T16:59:20Z,ce90559f55be4473bb37ff8ca45b830d61c35bb7,6686,size_in_bytes,lib/ocaml/compiler-libs/instructionId.cmti,154099
2026-08-05T16:59:20Z,ce90559f55be4473bb37ff8ca45b830d61c35bb7,6686,size_in_bytes,lib/ocaml/compiler-libs/binary_emitter_helpers.cmti,19836
2026-08-05T16:59:20Z,ce90559f55be4473bb37ff8ca45b830d61c35bb7,6686,size_in_bytes,lib/ocaml/compiler-libs/asm_targets__Asm_directives.cmti,173697
2026-08-05T16:59:20Z,ce90559f55be4473bb37ff8ca45b830d61c35bb7,6686,size_in_bytes,lib/ocaml/compiler-libs/reg.cmti,251900
2026-08-05T16:59:20Z,ce90559f55be4473bb37ff8ca45b830d61c35bb7,6686,size_in_bytes,lib/ocaml/compiler-libs/typedecl.cmti,117509
2026-08-05T16:59:20Z,ce90559f55be4473bb37ff8ca45b830d61c35bb7,6686,size_in_bytes,lib/ocaml/compiler-libs/mtype.cmti,54774
2026-08-05T16:59:20Z,ce90559f55be4473bb37ff8ca45b830d61c35bb7,6686,size_in_bytes,lib/ocaml/compiler-libs/flambda2_simplify__Control_flow_graph.cmti,52577
2026-08-05T16:59:20Z,ce90559f55be4473bb37ff8ca45b830d61c35bb7,6686,size_in_bytes,lib/ocaml/compiler-libs/complex_shape.cmti,38826
2026-08-05T16:59:20Z,ce90559f55be4473bb37ff8ca45b830d61c35bb7,6686,size_in_bytes,lib/ocaml/compiler-libs/flambda2_terms__Removed_operations.cmti,37266
2026-08-05T16:59:20Z,ce90559f55be4473bb37ff8ca45b830d61c35bb7,6686,size_in_bytes,lib/ocaml/compiler-libs/generic_fns.cmti,79709
2026-08-05T16:59:20Z,ce90559f55be4473bb37ff8ca45b830d61c35bb7,6686,size_in_bytes,lib/ocaml/compiler-libs/parse.cmti,32908
2026-08-05T16:59:20Z,ce90559f55be4473bb37ff8ca45b830d61c35bb7,6686,size_in_bytes,lib/ocaml/compiler-libs/flambda2_reaper__Datalog_helpers.cmti,296750
2026-08-05T16:59:20Z,ce90559f55be4473bb37ff8ca45b830d61c35bb7,6686,size_in_bytes,lib/ocaml/compiler-libs/cmt2annot.cmti,20924
2026-08-05T16:59:20Z,ce90559f55be4473bb37ff8ca45b830d61c35bb7,6686,size_in_bytes,lib/ocaml/compiler-libs/flambda2_simplify__Lifted_constant.cmti,71925
2026-08-05T16:59:20Z,ce90559f55be4473bb37ff8ca45b830d61c35bb7,6686,size_in_bytes,lib/ocaml/compiler-libs/flambda2_identifiers__Coercion0.cmti,33993
2026-08-05T16:59:20Z,ce90559f55be4473bb37ff8ca45b830d61c35bb7,6686,size_in_bytes,lib/ocaml/compiler-libs/flambda2_reaper__Traverse_acc.cmti,112938
2026-08-05T16:59:20Z,ce90559f55be4473bb37ff8ca45b830d61c35bb7,6686,size_in_bytes,lib/ocaml/compiler-libs/partition_object_files.cmti,24049
2026-08-05T16:59:20Z,ce90559f55be4473bb37ff8ca45b830d61c35bb7,6686,size_in_bytes,lib/ocaml/compiler-libs/flambda2_term_basics__Tag_and_size.cmti,157014
2026-08-05T16:59:20Z,ce90559f55be4473bb37ff8ca45b830d61c35bb7,6686,size_in_bytes,lib/ocaml/compiler-libs/flambda2_simplify_shared__Inlining_helpers.cmti,52526
2026-08-05T16:59:20Z,ce90559f55be4473bb37ff8ca45b830d61c35bb7,6686,size_in_bytes,lib/ocaml/compiler-libs/flambda2_types__Cached_level.cmti,46571
2026-08-05T16:59:20Z,ce90559f55be4473bb37ff8ca45b830d61c35bb7,6686,size_in_bytes,lib/ocaml/compiler-libs/debug_event.cmti,38701
2026-08-05T16:59:20Z,ce90559f55be4473bb37ff8ca45b830d61c35bb7,6686,size_in_bytes,lib/ocaml/compiler-libs/primitive.cmti,68542
2026-08-05T16:59:20Z,ce90559f55be4473bb37ff8ca45b830d61c35bb7,6686,size_in_bytes,lib/ocaml/compiler-libs/flambda2_parser__Fexpr_prim_descr.cmti,143100
2026-08-05T16:59:20Z,ce90559f55be4473bb37ff8ca45b830d61c35bb7,6686,size_in_bytes,lib/ocaml/compiler-libs/scalar.cmti,171666
2026-08-05T16:59:20Z,ce90559f55be4473bb37ff8ca45b830d61c35bb7,6686,size_in_bytes,lib/ocaml/compiler-libs/typemode.cmti,42583
2026-08-05T16:59:20Z,ce90559f55be4473bb37ff8ca45b830d61c35bb7,6686,size_in_bytes,lib/ocaml/compiler-libs/flambda2_reaper__Analysis.cmti,48830
2026-08-05T16:59:20Z,ce90559f55be4473bb37ff8ca45b830d61c35bb7,6686,size_in_bytes,lib/ocaml/compiler-libs/flambda2_ui__Flambda_features.cmti,79317
2026-08-05T16:59:20Z,ce90559f55be4473bb37ff8ca45b830d61c35bb7,6686,size_in_bytes,lib/ocaml/compiler-libs/solver_intf.cmti,223947
2026-08-05T16:59:20Z,ce90559f55be4473bb37ff8ca45b830d61c35bb7,6686,size_in_bytes,lib/ocaml/compiler-libs/flambda2_simplify__Lifted_constant_state.cmti,46671
2026-08-05T16:59:20Z,ce90559f55be4473bb37ff8ca45b830d61c35bb7,6686,size_in_bytes,lib/ocaml/compiler-libs/flambda2_identifiers__Slot.cmti,183282
2026-08-05T16:59:20Z,ce90559f55be4473bb37ff8ca45b830d61c35bb7,6686,size_in_bytes,lib/ocaml/compiler-libs/opttopdirs.cmti,26728
2026-08-05T16:59:20Z,ce90559f55be4473bb37ff8ca45b830d61c35bb7,6686,size_in_bytes,lib/ocaml/compiler-libs/flambda2_simplify__Continuation_shortcut.cmti,33378
2026-08-05T16:59:20Z,ce90559f55be4473bb37ff8ca45b830d61c35bb7,6686,size_in_bytes,lib/ocaml/compiler-libs/printast.cmti,26699
2026-08-05T16:59:20Z,ce90559f55be4473bb37ff8ca45b830d61c35bb7,6686,size_in_bytes,lib/ocaml/compiler-libs/flambda2_terms__Inlined_attribute.cmti,35903
2026-08-05T16:59:20Z,ce90559f55be4473bb37ff8ca45b830d61c35bb7,6686,size_in_bytes,lib/ocaml/compiler-libs/arm64_binary_emitter__Yield_helpers.cmti,14054
2026-08-05T16:59:20Z,ce90559f55be4473bb37ff8ca45b830d61c35bb7,6686,size_in_bytes,lib/ocaml/compiler-libs/cmmgen_state.cmti,53304
2026-08-05T16:59:20Z,ce90559f55be4473bb37ff8ca45b830d61c35bb7,6686,size_in_bytes,lib/ocaml/compiler-libs/flambda2_simplify__Upwards_acc.cmti,79255
2026-08-05T16:59:20Z,ce90559f55be4473bb37ff8ca45b830d61c35bb7,6686,size_in_bytes,lib/ocaml/compiler-libs/debuginfo.cmti,74474
2026-08-05T16:59:20Z,ce90559f55be4473bb37ff8ca45b830d61c35bb7,6686,size_in_bytes,lib/ocaml/compiler-libs/location.cmti,145159
2026-08-05T16:59:20Z,ce90559f55be4473bb37ff8ca45b830d61c35bb7,6686,size_in_bytes,lib/ocaml/ocaml-jit/jit.cmti,36081
2026-08-05T16:59:20Z,ce90559f55be4473bb37ff8ca45b830d61c35bb7,6686,size_in_bytes,lib/ocaml/stdlib_beta/stdlib_beta.cmti,12029
2026-08-05T16:59:20Z,ce90559f55be4473bb37ff8ca45b830d61c35bb7,6686,size_in_bytes,lib/ocaml/str/str.cmti,68923
2026-08-05T16:59:20Z,ce90559f55be4473bb37ff8ca45b830d61c35bb7,6686,size_in_bytes,lib/ocaml/stdlib_upstream_compatible/stdlib_upstream_compatible.cmti,11872
2026-08-05T16:59:20Z,ce90559f55be4473bb37ff8ca45b830d61c35bb7,6686,size_in_bytes,lib/ocaml/stdlib_upstream_compatible/stdlib_upstream_compatible__Nativeint_u.cmti,58676
2026-08-05T16:59:20Z,ce90559f55be4473bb37ff8ca45b830d61c35bb7,6686,size_in_bytes,lib/ocaml/stdlib_upstream_compatible/stdlib_upstream_compatible__Float_u.cmti,87709
2026-08-05T16:59:20Z,ce90559f55be4473bb37ff8ca45b830d61c35bb7,6686,size_in_bytes,lib/ocaml/stdlib_upstream_compatible/stdlib_upstream_compatible__Int64_u.cmti,64332
2026-08-05T16:59:20Z,ce90559f55be4473bb37ff8ca45b830d61c35bb7,6686,size_in_bytes,lib/ocaml/stdlib_upstream_compatible/stdlib_upstream_compatible__Int32_u.cmti,55344
2026-08-05T16:59:20Z,ce90559f55be4473bb37ff8ca45b830d61c35bb7,6686,size_in_bytes,lib/ocaml/threads/event.cmti,30579
2026-08-05T16:59:20Z,ce90559f55be4473bb37ff8ca45b830d61c35bb7,6686,size_in_bytes,lib/ocaml/threads/thread.cmti,57705
2026-08-05T16:59:20Z,ce90559f55be4473bb37ff8ca45b830d61c35bb7,6686,size_in_bytes,lib/ocaml/threads/multicore.cmti,22615
2026-08-05T16:59:20Z,ce90559f55be4473bb37ff8ca45b830d61c35bb7,6686,size_in_bytes,lib/ocaml/stdlib_alpha/stdlib_alpha.cmti,12010
2026-08-05T16:59:20Z,ce90559f55be4473bb37ff8ca45b830d61c35bb7,6686,size_in_bytes,lib/ocaml/std_exit.o,4624
