timestamp,commit_hash,pr_number,kind,name,value
2026-10-05T16:16:28Z,23a7bba69fdb3d4bcfc7b30f6155e5f6f1f35a52,7344,size_in_bytes,bin/generate_cached_generic_functions.exe,74804304
2026-10-05T16:16:28Z,23a7bba69fdb3d4bcfc7b30f6155e5f6f1f35a52,7344,size_in_bytes,bin/ocamlobjinfo.opt,62645928
2026-10-05T16:16:28Z,23a7bba69fdb3d4bcfc7b30f6155e5f6f1f35a52,7344,size_in_bytes,bin/ocamlmktop.opt,37937408
2026-10-05T16:16:28Z,23a7bba69fdb3d4bcfc7b30f6155e5f6f1f35a52,7344,size_in_bytes,bin/ocamlc.opt,38914312
2026-10-05T16:16:28Z,23a7bba69fdb3d4bcfc7b30f6155e5f6f1f35a52,7344,size_in_bytes,bin/dumpobj.opt,9373296
2026-10-05T16:16:28Z,23a7bba69fdb3d4bcfc7b30f6155e5f6f1f35a52,7344,size_in_bytes,bin/ocamlopt.opt,87662872
2026-10-05T16:16:28Z,23a7bba69fdb3d4bcfc7b30f6155e5f6f1f35a52,7344,size_in_bytes,bin/ocamlj.opt,75392864
2026-10-05T16:16:28Z,23a7bba69fdb3d4bcfc7b30f6155e5f6f1f35a52,7344,size_in_bytes,bin/ocamlmklib.opt,37977744
2026-10-05T16:16:28Z,23a7bba69fdb3d4bcfc7b30f6155e5f6f1f35a52,7344,size_in_bytes,bin/ocamllex.opt,4938712
2026-10-05T16:16:28Z,23a7bba69fdb3d4bcfc7b30f6155e5f6f1f35a52,7344,size_in_bytes,bin/ocamldoc.opt,52428968
2026-10-05T16:16:28Z,23a7bba69fdb3d4bcfc7b30f6155e5f6f1f35a52,7344,size_in_bytes,bin/ocamldep.opt,13361624
2026-10-05T16:16:28Z,23a7bba69fdb3d4bcfc7b30f6155e5f6f1f35a52,7344,size_in_bytes,bin/extract_externals.opt,38026872
2026-10-05T16:16:28Z,23a7bba69fdb3d4bcfc7b30f6155e5f6f1f35a52,7344,size_in_bytes,lib/ocaml/libcamlrund.a,6460234
2026-10-05T16:16:28Z,23a7bba69fdb3d4bcfc7b30f6155e5f6f1f35a52,7344,size_in_bytes,lib/ocaml/libthreadsnat_stubs.a,121236
2026-10-05T16:16:28Z,23a7bba69fdb3d4bcfc7b30f6155e5f6f1f35a52,7344,size_in_bytes,lib/ocaml/libasmrund.a,6381338
2026-10-05T16:16:28Z,23a7bba69fdb3d4bcfc7b30f6155e5f6f1f35a52,7344,size_in_bytes,lib/ocaml/libcamlrun_pic.a,5431742
2026-10-05T16:16:28Z,23a7bba69fdb3d4bcfc7b30f6155e5f6f1f35a52,7344,size_in_bytes,lib/ocaml/libthreads_stubs.a,122092
2026-10-05T16:16:28Z,23a7bba69fdb3d4bcfc7b30f6155e5f6f1f35a52,7344,size_in_bytes,lib/ocaml/libruntime_events_stubs_native.a,137632
2026-10-05T16:16:28Z,23a7bba69fdb3d4bcfc7b30f6155e5f6f1f35a52,7344,size_in_bytes,lib/ocaml/libeval_stubs.a,5060
2026-10-05T16:16:28Z,23a7bba69fdb3d4bcfc7b30f6155e5f6f1f35a52,7344,size_in_bytes,lib/ocaml/libunix_stubs_native.a,1320428
2026-10-05T16:16:28Z,23a7bba69fdb3d4bcfc7b30f6155e5f6f1f35a52,7344,size_in_bytes,lib/ocaml/libasmrun_pic.a,5422084
2026-10-05T16:16:28Z,23a7bba69fdb3d4bcfc7b30f6155e5f6f1f35a52,7344,size_in_bytes,lib/ocaml/libthreadsnat_stubs_native.a,121236
2026-10-05T16:16:28Z,23a7bba69fdb3d4bcfc7b30f6155e5f6f1f35a52,7344,size_in_bytes,lib/ocaml/eval.a,50956
2026-10-05T16:16:28Z,23a7bba69fdb3d4bcfc7b30f6155e5f6f1f35a52,7344,size_in_bytes,lib/ocaml/libasmrun.a,5884582
2026-10-05T16:16:28Z,23a7bba69fdb3d4bcfc7b30f6155e5f6f1f35a52,7344,size_in_bytes,lib/ocaml/libstr_stubs_native.a,47218
2026-10-05T16:16:28Z,23a7bba69fdb3d4bcfc7b30f6155e5f6f1f35a52,7344,size_in_bytes,lib/ocaml/libcamlrun.a,5897788
2026-10-05T16:16:28Z,23a7bba69fdb3d4bcfc7b30f6155e5f6f1f35a52,7344,size_in_bytes,lib/ocaml/stdlib.a,5710800
2026-10-05T16:16:28Z,23a7bba69fdb3d4bcfc7b30f6155e5f6f1f35a52,7344,size_in_bytes,lib/ocaml/ocaml-jit/libjit_stubs.a,43806
2026-10-05T16:16:28Z,23a7bba69fdb3d4bcfc7b30f6155e5f6f1f35a52,7344,size_in_bytes,lib/ocaml/ocaml-jit/jit.a,284674
2026-10-05T16:16:28Z,23a7bba69fdb3d4bcfc7b30f6155e5f6f1f35a52,7344,size_in_bytes,lib/ocaml/stdlib_alpha/stdlib_alpha.a,4782
2026-10-05T16:16:28Z,23a7bba69fdb3d4bcfc7b30f6155e5f6f1f35a52,7344,size_in_bytes,lib/ocaml/threads/threads.a,126650
2026-10-05T16:16:28Z,23a7bba69fdb3d4bcfc7b30f6155e5f6f1f35a52,7344,size_in_bytes,lib/ocaml/dynlink/dynlink.a,38131386
2026-10-05T16:16:28Z,23a7bba69fdb3d4bcfc7b30f6155e5f6f1f35a52,7344,size_in_bytes,lib/ocaml/stdlib_upstream_compatible/stdlib_upstream_compatible.a,173614
2026-10-05T16:16:28Z,23a7bba69fdb3d4bcfc7b30f6155e5f6f1f35a52,7344,size_in_bytes,lib/ocaml/compiler-libs/ocamlcommon.a,15860212
2026-10-05T16:16:28Z,23a7bba69fdb3d4bcfc7b30f6155e5f6f1f35a52,7344,size_in_bytes,lib/ocaml/compiler-libs/ocamlbytecomp.a,1399882
2026-10-05T16:16:28Z,23a7bba69fdb3d4bcfc7b30f6155e5f6f1f35a52,7344,size_in_bytes,lib/ocaml/compiler-libs/ocamlopttoplevel.a,946410
2026-10-05T16:16:28Z,23a7bba69fdb3d4bcfc7b30f6155e5f6f1f35a52,7344,size_in_bytes,lib/ocaml/compiler-libs/libcompiler_owee_stubs_native.a,16932
2026-10-05T16:16:28Z,23a7bba69fdb3d4bcfc7b30f6155e5f6f1f35a52,7344,size_in_bytes,lib/ocaml/compiler-libs/libgc_timings_stubs.a,22758
2026-10-05T16:16:28Z,23a7bba69fdb3d4bcfc7b30f6155e5f6f1f35a52,7344,size_in_bytes,lib/ocaml/compiler-libs/ocamlfrontend.a,37184104
2026-10-05T16:16:28Z,23a7bba69fdb3d4bcfc7b30f6155e5f6f1f35a52,7344,size_in_bytes,lib/ocaml/compiler-libs/libflambda2_algorithms_stubs.a,5546
2026-10-05T16:16:28Z,23a7bba69fdb3d4bcfc7b30f6155e5f6f1f35a52,7344,size_in_bytes,lib/ocaml/compiler-libs/libcompiler_owee_stubs.a,16932
2026-10-05T16:16:28Z,23a7bba69fdb3d4bcfc7b30f6155e5f6f1f35a52,7344,size_in_bytes,lib/ocaml/compiler-libs/libflambda2_algorithms_stubs_native.a,5546
2026-10-05T16:16:28Z,23a7bba69fdb3d4bcfc7b30f6155e5f6f1f35a52,7344,size_in_bytes,lib/ocaml/compiler-libs/ocamloptcomp.a,81612668
2026-10-05T16:16:28Z,23a7bba69fdb3d4bcfc7b30f6155e5f6f1f35a52,7344,size_in_bytes,lib/ocaml/compiler-libs/libflambda2_floats_stubs_native.a,44238
2026-10-05T16:16:28Z,23a7bba69fdb3d4bcfc7b30f6155e5f6f1f35a52,7344,size_in_bytes,lib/ocaml/compiler-libs/libgc_timings_stubs_native.a,22758
2026-10-05T16:16:28Z,23a7bba69fdb3d4bcfc7b30f6155e5f6f1f35a52,7344,size_in_bytes,lib/ocaml/compiler-libs/libflambda2_floats_stubs.a,44238
2026-10-05T16:16:28Z,23a7bba69fdb3d4bcfc7b30f6155e5f6f1f35a52,7344,size_in_bytes,lib/ocaml/str/str.a,176008
2026-10-05T16:16:28Z,23a7bba69fdb3d4bcfc7b30f6155e5f6f1f35a52,7344,size_in_bytes,lib/ocaml/str/libstr_stubs.a,47218
2026-10-05T16:16:28Z,23a7bba69fdb3d4bcfc7b30f6155e5f6f1f35a52,7344,size_in_bytes,lib/ocaml/stdlib_beta/stdlib_beta.a,4766
2026-10-05T16:16:28Z,23a7bba69fdb3d4bcfc7b30f6155e5f6f1f35a52,7344,size_in_bytes,lib/ocaml/runtime_events/libruntime_events_stubs.a,137632
2026-10-05T16:16:28Z,23a7bba69fdb3d4bcfc7b30f6155e5f6f1f35a52,7344,size_in_bytes,lib/ocaml/runtime_events/runtime_events.a,50248
2026-10-05T16:16:28Z,23a7bba69fdb3d4bcfc7b30f6155e5f6f1f35a52,7344,size_in_bytes,lib/ocaml/stdlib_stable/stdlib_stable.a,441230
2026-10-05T16:16:28Z,23a7bba69fdb3d4bcfc7b30f6155e5f6f1f35a52,7344,size_in_bytes,lib/ocaml/unix/libunix_stubs.a,1320428
2026-10-05T16:16:28Z,23a7bba69fdb3d4bcfc7b30f6155e5f6f1f35a52,7344,size_in_bytes,lib/ocaml/unix/unix.a,323254
2026-10-05T16:16:28Z,23a7bba69fdb3d4bcfc7b30f6155e5f6f1f35a52,7344,size_in_bytes,lib/ocaml/eval.cmxa,12878
2026-10-05T16:16:28Z,23a7bba69fdb3d4bcfc7b30f6155e5f6f1f35a52,7344,size_in_bytes,lib/ocaml/stdlib.cmxa,17829
2026-10-05T16:16:28Z,23a7bba69fdb3d4bcfc7b30f6155e5f6f1f35a52,7344,size_in_bytes,lib/ocaml/ocaml-jit/jit.cmxa,17449
2026-10-05T16:16:28Z,23a7bba69fdb3d4bcfc7b30f6155e5f6f1f35a52,7344,size_in_bytes,lib/ocaml/stdlib_alpha/stdlib_alpha.cmxa,234
2026-10-05T16:16:28Z,23a7bba69fdb3d4bcfc7b30f6155e5f6f1f35a52,7344,size_in_bytes,lib/ocaml/threads/threads.cmxa,2223
2026-10-05T16:16:28Z,23a7bba69fdb3d4bcfc7b30f6155e5f6f1f35a52,7344,size_in_bytes,lib/ocaml/dynlink/dynlink.cmxa,26300
2026-10-05T16:16:28Z,23a7bba69fdb3d4bcfc7b30f6155e5f6f1f35a52,7344,size_in_bytes,lib/ocaml/stdlib_upstream_compatible/stdlib_upstream_compatible.cmxa,1441
2026-10-05T16:16:28Z,23a7bba69fdb3d4bcfc7b30f6155e5f6f1f35a52,7344,size_in_bytes,lib/ocaml/compiler-libs/ocamlfrontend.cmxa,24626
2026-10-05T16:16:28Z,23a7bba69fdb3d4bcfc7b30f6155e5f6f1f35a52,7344,size_in_bytes,lib/ocaml/compiler-libs/ocamlopttoplevel.cmxa,20750
2026-10-05T16:16:28Z,23a7bba69fdb3d4bcfc7b30f6155e5f6f1f35a52,7344,size_in_bytes,lib/ocaml/compiler-libs/ocamloptcomp.cmxa,209772
2026-10-05T16:16:28Z,23a7bba69fdb3d4bcfc7b30f6155e5f6f1f35a52,7344,size_in_bytes,lib/ocaml/compiler-libs/ocamlbytecomp.cmxa,9554
2026-10-05T16:16:28Z,23a7bba69fdb3d4bcfc7b30f6155e5f6f1f35a52,7344,size_in_bytes,lib/ocaml/compiler-libs/ocamlcommon.cmxa,13009
2026-10-05T16:16:28Z,23a7bba69fdb3d4bcfc7b30f6155e5f6f1f35a52,7344,size_in_bytes,lib/ocaml/str/str.cmxa,1126
2026-10-05T16:16:28Z,23a7bba69fdb3d4bcfc7b30f6155e5f6f1f35a52,7344,size_in_bytes,lib/ocaml/stdlib_beta/stdlib_beta.cmxa,232
2026-10-05T16:16:28Z,23a7bba69fdb3d4bcfc7b30f6155e5f6f1f35a52,7344,size_in_bytes,lib/ocaml/runtime_events/runtime_events.cmxa,1255
2026-10-05T16:16:28Z,23a7bba69fdb3d4bcfc7b30f6155e5f6f1f35a52,7344,size_in_bytes,lib/ocaml/stdlib_stable/stdlib_stable.cmxa,3971
2026-10-05T16:16:28Z,23a7bba69fdb3d4bcfc7b30f6155e5f6f1f35a52,7344,size_in_bytes,lib/ocaml/unix/unix.cmxa,4534
2026-10-05T16:16:28Z,23a7bba69fdb3d4bcfc7b30f6155e5f6f1f35a52,7344,size_in_bytes,lib/ocaml/stdlib.cma,14017105
2026-10-05T16:16:28Z,23a7bba69fdb3d4bcfc7b30f6155e5f6f1f35a52,7344,size_in_bytes,lib/ocaml/eval.cma,61237
2026-10-05T16:16:28Z,23a7bba69fdb3d4bcfc7b30f6155e5f6f1f35a52,7344,size_in_bytes,lib/ocaml/ocaml-jit/jit.cma,808384
2026-10-05T16:16:28Z,23a7bba69fdb3d4bcfc7b30f6155e5f6f1f35a52,7344,size_in_bytes,lib/ocaml/stdlib_alpha/stdlib_alpha.cma,11108
2026-10-05T16:16:28Z,23a7bba69fdb3d4bcfc7b30f6155e5f6f1f35a52,7344,size_in_bytes,lib/ocaml/threads/threads.cma,209146
2026-10-05T16:16:28Z,23a7bba69fdb3d4bcfc7b30f6155e5f6f1f35a52,7344,size_in_bytes,lib/ocaml/dynlink/dynlink.cma,77031615
2026-10-05T16:16:28Z,23a7bba69fdb3d4bcfc7b30f6155e5f6f1f35a52,7344,size_in_bytes,lib/ocaml/stdlib_upstream_compatible/stdlib_upstream_compatible.cma,294229
2026-10-05T16:16:28Z,23a7bba69fdb3d4bcfc7b30f6155e5f6f1f35a52,7344,size_in_bytes,lib/ocaml/compiler-libs/ocamlfrontend.cma,61061502
2026-10-05T16:16:28Z,23a7bba69fdb3d4bcfc7b30f6155e5f6f1f35a52,7344,size_in_bytes,lib/ocaml/compiler-libs/ocamlcommon.cma,46837705
2026-10-05T16:16:28Z,23a7bba69fdb3d4bcfc7b30f6155e5f6f1f35a52,7344,size_in_bytes,lib/ocaml/compiler-libs/ocamlbytecomp.cma,1838895
2026-10-05T16:16:28Z,23a7bba69fdb3d4bcfc7b30f6155e5f6f1f35a52,7344,size_in_bytes,lib/ocaml/compiler-libs/ocamloptcomp.cma,111640837
2026-10-05T16:16:28Z,23a7bba69fdb3d4bcfc7b30f6155e5f6f1f35a52,7344,size_in_bytes,lib/ocaml/compiler-libs/ocamltoplevel.cma,1277604
2026-10-05T16:16:28Z,23a7bba69fdb3d4bcfc7b30f6155e5f6f1f35a52,7344,size_in_bytes,lib/ocaml/str/str.cma,337919
2026-10-05T16:16:28Z,23a7bba69fdb3d4bcfc7b30f6155e5f6f1f35a52,7344,size_in_bytes,lib/ocaml/stdlib_beta/stdlib_beta.cma,11100
2026-10-05T16:16:28Z,23a7bba69fdb3d4bcfc7b30f6155e5f6f1f35a52,7344,size_in_bytes,lib/ocaml/runtime_events/runtime_events.cma,86671
2026-10-05T16:16:28Z,23a7bba69fdb3d4bcfc7b30f6155e5f6f1f35a52,7344,size_in_bytes,lib/ocaml/stdlib_stable/stdlib_stable.cma,1085221
2026-10-05T16:16:28Z,23a7bba69fdb3d4bcfc7b30f6155e5f6f1f35a52,7344,size_in_bytes,lib/ocaml/unix/unix.cma,465858
2026-10-05T16:16:28Z,23a7bba69fdb3d4bcfc7b30f6155e5f6f1f35a52,7344,size_in_bytes,lib/ocaml/stdlib__Dynamic.cmi,1645
2026-10-05T16:16:28Z,23a7bba69fdb3d4bcfc7b30f6155e5f6f1f35a52,7344,size_in_bytes,lib/ocaml/stdlib__BytesLabels.cmi,36088
2026-10-05T16:16:28Z,23a7bba69fdb3d4bcfc7b30f6155e5f6f1f35a52,7344,size_in_bytes,lib/ocaml/compiler_owee__Owee_graph.cmi,44180
2026-10-05T16:16:28Z,23a7bba69fdb3d4bcfc7b30f6155e5f6f1f35a52,7344,size_in_bytes,lib/ocaml/stdlib__Int64.cmi,12758
2026-10-05T16:16:28Z,23a7bba69fdb3d4bcfc7b30f6155e5f6f1f35a52,7344,size_in_bytes,lib/ocaml/stdlib__Char.cmi,7335
2026-10-05T16:16:28Z,23a7bba69fdb3d4bcfc7b30f6155e5f6f1f35a52,7344,size_in_bytes,lib/ocaml/stdlib__Quote.cmi,3433
2026-10-05T16:16:28Z,23a7bba69fdb3d4bcfc7b30f6155e5f6f1f35a52,7344,size_in_bytes,lib/ocaml/stdlib__Printf.cmi,6620
2026-10-05T16:16:28Z,23a7bba69fdb3d4bcfc7b30f6155e5f6f1f35a52,7344,size_in_bytes,lib/ocaml/stdlib__Parsing.cmi,6427
2026-10-05T16:16:28Z,23a7bba69fdb3d4bcfc7b30f6155e5f6f1f35a52,7344,size_in_bytes,lib/ocaml/stdlib__In_channel.cmi,10042
2026-10-05T16:16:28Z,23a7bba69fdb3d4bcfc7b30f6155e5f6f1f35a52,7344,size_in_bytes,lib/ocaml/stdlib__Printexc.cmi,12684
2026-10-05T16:16:28Z,23a7bba69fdb3d4bcfc7b30f6155e5f6f1f35a52,7344,size_in_bytes,lib/ocaml/compiler_owee__Unix_intf.cmi,6291
2026-10-05T16:16:28Z,23a7bba69fdb3d4bcfc7b30f6155e5f6f1f35a52,7344,size_in_bytes,lib/ocaml/stdlib__Map.cmi,61440
2026-10-05T16:16:28Z,23a7bba69fdb3d4bcfc7b30f6155e5f6f1f35a52,7344,size_in_bytes,lib/ocaml/camlinternalAtomic.cmi,2923
2026-10-05T16:16:28Z,23a7bba69fdb3d4bcfc7b30f6155e5f6f1f35a52,7344,size_in_bytes,lib/ocaml/stdlib__Digest.cmi,22731
2026-10-05T16:16:28Z,23a7bba69fdb3d4bcfc7b30f6155e5f6f1f35a52,7344,size_in_bytes,lib/ocaml/stdlib__Array.cmi,27813
2026-10-05T16:16:28Z,23a7bba69fdb3d4bcfc7b30f6155e5f6f1f35a52,7344,size_in_bytes,lib/ocaml/gc_timings.cmi,898
2026-10-05T16:16:28Z,23a7bba69fdb3d4bcfc7b30f6155e5f6f1f35a52,7344,size_in_bytes,lib/ocaml/camlinternalFormat.cmi,14636
2026-10-05T16:16:28Z,23a7bba69fdb3d4bcfc7b30f6155e5f6f1f35a52,7344,size_in_bytes,lib/ocaml/stdlib__Format.cmi,63341
2026-10-05T16:16:28Z,23a7bba69fdb3d4bcfc7b30f6155e5f6f1f35a52,7344,size_in_bytes,lib/ocaml/stdlib__Mutex.cmi,1674
2026-10-05T16:16:28Z,23a7bba69fdb3d4bcfc7b30f6155e5f6f1f35a52,7344,size_in_bytes,lib/ocaml/compiler_owee__Owee_traverse.cmi,2481
2026-10-05T16:16:28Z,23a7bba69fdb3d4bcfc7b30f6155e5f6f1f35a52,7344,size_in_bytes,lib/ocaml/compiler_owee__Owee_marker.cmi,10887
2026-10-05T16:16:28Z,23a7bba69fdb3d4bcfc7b30f6155e5f6f1f35a52,7344,size_in_bytes,lib/ocaml/stdlib__Queue.cmi,7208
2026-10-05T16:16:28Z,23a7bba69fdb3d4bcfc7b30f6155e5f6f1f35a52,7344,size_in_bytes,lib/ocaml/stdlib__ListLabels.cmi,34303
2026-10-05T16:16:28Z,23a7bba69fdb3d4bcfc7b30f6155e5f6f1f35a52,7344,size_in_bytes,lib/ocaml/stdlib__Backoff.cmi,1748
2026-10-05T16:16:28Z,23a7bba69fdb3d4bcfc7b30f6155e5f6f1f35a52,7344,size_in_bytes,lib/ocaml/stdlib__Pair.cmi,6047
2026-10-05T16:16:28Z,23a7bba69fdb3d4bcfc7b30f6155e5f6f1f35a52,7344,size_in_bytes,lib/ocaml/stdlib__Uchar.cmi,6241
2026-10-05T16:16:28Z,23a7bba69fdb3d4bcfc7b30f6155e5f6f1f35a52,7344,size_in_bytes,lib/ocaml/compiler_owee__Owee_elf_string_table.cmi,1434
2026-10-05T16:16:28Z,23a7bba69fdb3d4bcfc7b30f6155e5f6f1f35a52,7344,size_in_bytes,lib/ocaml/stdlib__Scanf.cmi,9841
2026-10-05T16:16:28Z,23a7bba69fdb3d4bcfc7b30f6155e5f6f1f35a52,7344,size_in_bytes,lib/ocaml/stdlib__StdLabels.cmi,544
2026-10-05T16:16:28Z,23a7bba69fdb3d4bcfc7b30f6155e5f6f1f35a52,7344,size_in_bytes,lib/ocaml/stdlib__Bool.cmi,3907
2026-10-05T16:16:28Z,23a7bba69fdb3d4bcfc7b30f6155e5f6f1f35a52,7344,size_in_bytes,lib/ocaml/stdlib__Stack.cmi,5917
2026-10-05T16:16:28Z,23a7bba69fdb3d4bcfc7b30f6155e5f6f1f35a52,7344,size_in_bytes,lib/ocaml/compiler_owee__Owee_debug_line.cmi,4546
2026-10-05T16:16:28Z,23a7bba69fdb3d4bcfc7b30f6155e5f6f1f35a52,7344,size_in_bytes,lib/ocaml/stdlib__Effect.cmi,33912
2026-10-05T16:16:28Z,23a7bba69fdb3d4bcfc7b30f6155e5f6f1f35a52,7344,size_in_bytes,lib/ocaml/stdlib__Semaphore.cmi,2685
2026-10-05T16:16:28Z,23a7bba69fdb3d4bcfc7b30f6155e5f6f1f35a52,7344,size_in_bytes,lib/ocaml/topdirs.cmi,4807
2026-10-05T16:16:28Z,23a7bba69fdb3d4bcfc7b30f6155e5f6f1f35a52,7344,size_in_bytes,lib/ocaml/compiler_owee__Owee_buf.cmi,12251
2026-10-05T16:16:28Z,23a7bba69fdb3d4bcfc7b30f6155e5f6f1f35a52,7344,size_in_bytes,lib/ocaml/camlinternalOO.cmi,16565
2026-10-05T16:16:28Z,23a7bba69fdb3d4bcfc7b30f6155e5f6f1f35a52,7344,size_in_bytes,lib/ocaml/stdlib__Fun.cmi,3103
2026-10-05T16:16:28Z,23a7bba69fdb3d4bcfc7b30f6155e5f6f1f35a52,7344,size_in_bytes,lib/ocaml/stdlib__Type.cmi,1965
2026-10-05T16:16:28Z,23a7bba69fdb3d4bcfc7b30f6155e5f6f1f35a52,7344,size_in_bytes,lib/ocaml/stdlib__Float.cmi,66930
2026-10-05T16:16:28Z,23a7bba69fdb3d4bcfc7b30f6155e5f6f1f35a52,7344,size_in_bytes,lib/ocaml/compiler_owee__Owee_linux_maps.cmi,3082
2026-10-05T16:16:28Z,23a7bba69fdb3d4bcfc7b30f6155e5f6f1f35a52,7344,size_in_bytes,lib/ocaml/stdlib__Marshal.cmi,4384
2026-10-05T16:16:28Z,23a7bba69fdb3d4bcfc7b30f6155e5f6f1f35a52,7344,size_in_bytes,lib/ocaml/stdlib__Int.cmi,8070
2026-10-05T16:16:28Z,23a7bba69fdb3d4bcfc7b30f6155e5f6f1f35a52,7344,size_in_bytes,lib/ocaml/compiler_owee__Owee_interval_map.cmi,2839
2026-10-05T16:16:28Z,23a7bba69fdb3d4bcfc7b30f6155e5f6f1f35a52,7344,size_in_bytes,lib/ocaml/stdlib__Pqueue.cmi,47999
2026-10-05T16:16:28Z,23a7bba69fdb3d4bcfc7b30f6155e5f6f1f35a52,7344,size_in_bytes,lib/ocaml/compiler_owee__Owee_object.cmi,4372
2026-10-05T16:16:28Z,23a7bba69fdb3d4bcfc7b30f6155e5f6f1f35a52,7344,size_in_bytes,lib/ocaml/stdlib__StringLabels.cmi,25075
2026-10-05T16:16:28Z,23a7bba69fdb3d4bcfc7b30f6155e5f6f1f35a52,7344,size_in_bytes,lib/ocaml/camlinternalLazy.cmi,1425
2026-10-05T16:16:28Z,23a7bba69fdb3d4bcfc7b30f6155e5f6f1f35a52,7344,size_in_bytes,lib/ocaml/stdlib__Domain.cmi,15282
2026-10-05T16:16:28Z,23a7bba69fdb3d4bcfc7b30f6155e5f6f1f35a52,7344,size_in_bytes,lib/ocaml/compiler_owee__Owee_form.cmi,2132
2026-10-05T16:16:28Z,23a7bba69fdb3d4bcfc7b30f6155e5f6f1f35a52,7344,size_in_bytes,lib/ocaml/stdlib__Dynarray.cmi,24496
2026-10-05T16:16:28Z,23a7bba69fdb3d4bcfc7b30f6155e5f6f1f35a52,7344,size_in_bytes,lib/ocaml/stdlib__Unit.cmi,1224
2026-10-05T16:16:28Z,23a7bba69fdb3d4bcfc7b30f6155e5f6f1f35a52,7344,size_in_bytes,lib/ocaml/std_exit.cmi,223
2026-10-05T16:16:28Z,23a7bba69fdb3d4bcfc7b30f6155e5f6f1f35a52,7344,size_in_bytes,lib/ocaml/stdlib__Seq.cmi,28836
2026-10-05T16:16:28Z,23a7bba69fdb3d4bcfc7b30f6155e5f6f1f35a52,7344,size_in_bytes,lib/ocaml/stdlib__List.cmi,34137
2026-10-05T16:16:28Z,23a7bba69fdb3d4bcfc7b30f6155e5f6f1f35a52,7344,size_in_bytes,lib/ocaml/stdlib__Gc.cmi,17821
2026-10-05T16:16:28Z,23a7bba69fdb3d4bcfc7b30f6155e5f6f1f35a52,7344,size_in_bytes,lib/ocaml/stdlib__MoreLabels.cmi,182329
2026-10-05T16:16:28Z,23a7bba69fdb3d4bcfc7b30f6155e5f6f1f35a52,7344,size_in_bytes,lib/ocaml/compiler_owee__Owee_archive.cmi,2979
2026-10-05T16:16:28Z,23a7bba69fdb3d4bcfc7b30f6155e5f6f1f35a52,7344,size_in_bytes,lib/ocaml/stdlib__Modes.cmi,3418
2026-10-05T16:16:28Z,23a7bba69fdb3d4bcfc7b30f6155e5f6f1f35a52,7344,size_in_bytes,lib/ocaml/eval.cmi,527
2026-10-05T16:16:28Z,23a7bba69fdb3d4bcfc7b30f6155e5f6f1f35a52,7344,size_in_bytes,lib/ocaml/stdlib__Lazy.cmi,2847
2026-10-05T16:16:28Z,23a7bba69fdb3d4bcfc7b30f6155e5f6f1f35a52,7344,size_in_bytes,lib/ocaml/compiler_owee__Owee_elf_notes.cmi,4807
2026-10-05T16:16:28Z,23a7bba69fdb3d4bcfc7b30f6155e5f6f1f35a52,7344,size_in_bytes,lib/ocaml/stdlib__Arg.cmi,10203
2026-10-05T16:16:28Z,23a7bba69fdb3d4bcfc7b30f6155e5f6f1f35a52,7344,size_in_bytes,lib/ocaml/stdlib__ArrayLabels.cmi,27999
2026-10-05T16:16:28Z,23a7bba69fdb3d4bcfc7b30f6155e5f6f1f35a52,7344,size_in_bytes,lib/ocaml/stdlib__Oo.cmi,1588
2026-10-05T16:16:28Z,23a7bba69fdb3d4bcfc7b30f6155e5f6f1f35a52,7344,size_in_bytes,lib/ocaml/stdlib__Bytes.cmi,35871
2026-10-05T16:16:28Z,23a7bba69fdb3d4bcfc7b30f6155e5f6f1f35a52,7344,size_in_bytes,lib/ocaml/stdlib.cmi,71279
2026-10-05T16:16:28Z,23a7bba69fdb3d4bcfc7b30f6155e5f6f1f35a52,7344,size_in_bytes,lib/ocaml/stdlib__Atomic.cmi,11666
2026-10-05T16:16:28Z,23a7bba69fdb3d4bcfc7b30f6155e5f6f1f35a52,7344,size_in_bytes,lib/ocaml/stdlib__Set.cmi,43194
2026-10-05T16:16:28Z,23a7bba69fdb3d4bcfc7b30f6155e5f6f1f35a52,7344,size_in_bytes,lib/ocaml/stdlib__Buffer.cmi,13475
2026-10-05T16:16:28Z,23a7bba69fdb3d4bcfc7b30f6155e5f6f1f35a52,7344,size_in_bytes,lib/ocaml/compiler_owee__Owee_elf.cmi,23700
2026-10-05T16:16:28Z,23a7bba69fdb3d4bcfc7b30f6155e5f6f1f35a52,7344,size_in_bytes,lib/ocaml/stdlib__Callback.cmi,2146
2026-10-05T16:16:28Z,23a7bba69fdb3d4bcfc7b30f6155e5f6f1f35a52,7344,size_in_bytes,lib/ocaml/camlinternalMod.cmi,1622
2026-10-05T16:16:28Z,23a7bba69fdb3d4bcfc7b30f6155e5f6f1f35a52,7344,size_in_bytes,lib/ocaml/stdlib__Result.cmi,12659
2026-10-05T16:16:28Z,23a7bba69fdb3d4bcfc7b30f6155e5f6f1f35a52,7344,size_in_bytes,lib/ocaml/stdlib__Repr.cmi,2038
2026-10-05T16:16:28Z,23a7bba69fdb3d4bcfc7b30f6155e5f6f1f35a52,7344,size_in_bytes,lib/ocaml/stdlib__Weak.cmi,12887
2026-10-05T16:16:28Z,23a7bba69fdb3d4bcfc7b30f6155e5f6f1f35a52,7344,size_in_bytes,lib/ocaml/stdlib__Iarray.cmi,19932
2026-10-05T16:16:28Z,23a7bba69fdb3d4bcfc7b30f6155e5f6f1f35a52,7344,size_in_bytes,lib/ocaml/opttopdirs.cmi,4184
2026-10-05T16:16:28Z,23a7bba69fdb3d4bcfc7b30f6155e5f6f1f35a52,7344,size_in_bytes,lib/ocaml/stdlib__Bigarray.cmi,60878
2026-10-05T16:16:28Z,23a7bba69fdb3d4bcfc7b30f6155e5f6f1f35a52,7344,size_in_bytes,lib/ocaml/camlinternalFormatBasics.cmi,40548
2026-10-05T16:16:28Z,23a7bba69fdb3d4bcfc7b30f6155e5f6f1f35a52,7344,size_in_bytes,lib/ocaml/camlinternalQuote.cmi,70017
2026-10-05T16:16:28Z,23a7bba69fdb3d4bcfc7b30f6155e5f6f1f35a52,7344,size_in_bytes,lib/ocaml/stdlib__Filename.cmi,6502
2026-10-05T16:16:28Z,23a7bba69fdb3d4bcfc7b30f6155e5f6f1f35a52,7344,size_in_bytes,lib/ocaml/stdlib__Obj.cmi,17873
2026-10-05T16:16:28Z,23a7bba69fdb3d4bcfc7b30f6155e5f6f1f35a52,7344,size_in_bytes,lib/ocaml/stdlib__Hashtbl.cmi,71264
2026-10-05T16:16:28Z,23a7bba69fdb3d4bcfc7b30f6155e5f6f1f35a52,7344,size_in_bytes,lib/ocaml/compiler_owee.cmi,2379
2026-10-05T16:16:28Z,23a7bba69fdb3d4bcfc7b30f6155e5f6f1f35a52,7344,size_in_bytes,lib/ocaml/stdlib__Sys.cmi,21370
2026-10-05T16:16:28Z,23a7bba69fdb3d4bcfc7b30f6155e5f6f1f35a52,7344,size_in_bytes,lib/ocaml/stdlib__Condition.cmi,1379
2026-10-05T16:16:28Z,23a7bba69fdb3d4bcfc7b30f6155e5f6f1f35a52,7344,size_in_bytes,lib/ocaml/stdlib__Lexing.cmi,10485
2026-10-05T16:16:28Z,23a7bba69fdb3d4bcfc7b30f6155e5f6f1f35a52,7344,size_in_bytes,lib/ocaml/stdlib__Out_channel.cmi,9519
2026-10-05T16:16:28Z,23a7bba69fdb3d4bcfc7b30f6155e5f6f1f35a52,7344,size_in_bytes,lib/ocaml/camlinternalComprehension.cmi,2878
2026-10-05T16:16:28Z,23a7bba69fdb3d4bcfc7b30f6155e5f6f1f35a52,7344,size_in_bytes,lib/ocaml/stdlib__Nativeint.cmi,11589
2026-10-05T16:16:28Z,23a7bba69fdb3d4bcfc7b30f6155e5f6f1f35a52,7344,size_in_bytes,lib/ocaml/stdlib__Random.cmi,11664
2026-10-05T16:16:28Z,23a7bba69fdb3d4bcfc7b30f6155e5f6f1f35a52,7344,size_in_bytes,lib/ocaml/stdlib__Complex.cmi,4348
2026-10-05T16:16:28Z,23a7bba69fdb3d4bcfc7b30f6155e5f6f1f35a52,7344,size_in_bytes,lib/ocaml/stdlib__Ephemeron.cmi,118280
2026-10-05T16:16:28Z,23a7bba69fdb3d4bcfc7b30f6155e5f6f1f35a52,7344,size_in_bytes,lib/ocaml/stdlib__Option.cmi,6789
2026-10-05T16:16:28Z,23a7bba69fdb3d4bcfc7b30f6155e5f6f1f35a52,7344,size_in_bytes,lib/ocaml/stdlib__Int32.cmi,11558
2026-10-05T16:16:28Z,23a7bba69fdb3d4bcfc7b30f6155e5f6f1f35a52,7344,size_in_bytes,lib/ocaml/stdlib__Either.cmi,8624
2026-10-05T16:16:28Z,23a7bba69fdb3d4bcfc7b30f6155e5f6f1f35a52,7344,size_in_bytes,lib/ocaml/compiler_owee__Owee_elf_relocation.cmi,10007
2026-10-05T16:16:28Z,23a7bba69fdb3d4bcfc7b30f6155e5f6f1f35a52,7344,size_in_bytes,lib/ocaml/stdlib__String.cmi,24950
2026-10-05T16:16:28Z,23a7bba69fdb3d4bcfc7b30f6155e5f6f1f35a52,7344,size_in_bytes,lib/ocaml/compiler_owee__Owee_macho.cmi,23954
2026-10-05T16:16:28Z,23a7bba69fdb3d4bcfc7b30f6155e5f6f1f35a52,7344,size_in_bytes,lib/ocaml/compiler_owee__Owee_location.cmi,2680
2026-10-05T16:16:28Z,23a7bba69fdb3d4bcfc7b30f6155e5f6f1f35a52,7344,size_in_bytes,lib/ocaml/ocaml-jit/jit.cmi,5366
2026-10-05T16:16:28Z,23a7bba69fdb3d4bcfc7b30f6155e5f6f1f35a52,7344,size_in_bytes,lib/ocaml/stdlib_alpha/stdlib_alpha.cmi,231
2026-10-05T16:16:28Z,23a7bba69fdb3d4bcfc7b30f6155e5f6f1f35a52,7344,size_in_bytes,lib/ocaml/threads/event.cmi,4189
2026-10-05T16:16:28Z,23a7bba69fdb3d4bcfc7b30f6155e5f6f1f35a52,7344,size_in_bytes,lib/ocaml/threads/thread.cmi,8433
2026-10-05T16:16:28Z,23a7bba69fdb3d4bcfc7b30f6155e5f6f1f35a52,7344,size_in_bytes,lib/ocaml/threads/multicore.cmi,2238
2026-10-05T16:16:28Z,23a7bba69fdb3d4bcfc7b30f6155e5f6f1f35a52,7344,size_in_bytes,lib/ocaml/dynlink/dynlink.cmi,5544
2026-10-05T16:16:28Z,23a7bba69fdb3d4bcfc7b30f6155e5f6f1f35a52,7344,size_in_bytes,lib/ocaml/stdlib_upstream_compatible/stdlib_upstream_compatible__Int64_u.cmi,11371
2026-10-05T16:16:28Z,23a7bba69fdb3d4bcfc7b30f6155e5f6f1f35a52,7344,size_in_bytes,lib/ocaml/stdlib_upstream_compatible/stdlib_upstream_compatible.cmi,789
2026-10-05T16:16:28Z,23a7bba69fdb3d4bcfc7b30f6155e5f6f1f35a52,7344,size_in_bytes,lib/ocaml/stdlib_upstream_compatible/stdlib_upstream_compatible__Int32_u.cmi,9571
2026-10-05T16:16:28Z,23a7bba69fdb3d4bcfc7b30f6155e5f6f1f35a52,7344,size_in_bytes,lib/ocaml/stdlib_upstream_compatible/stdlib_upstream_compatible__Nativeint_u.cmi,10169
2026-10-05T16:16:28Z,23a7bba69fdb3d4bcfc7b30f6155e5f6f1f35a52,7344,size_in_bytes,lib/ocaml/stdlib_upstream_compatible/stdlib_upstream_compatible__Float_u.cmi,15620
2026-10-05T16:16:28Z,23a7bba69fdb3d4bcfc7b30f6155e5f6f1f35a52,7344,size_in_bytes,lib/ocaml/stdlib_upstream_compatible/stdlib_upstream_compatible__.cmi,1095
2026-10-05T16:16:28Z,23a7bba69fdb3d4bcfc7b30f6155e5f6f1f35a52,7344,size_in_bytes,lib/ocaml/compiler-libs/oxcaml_args.cmi,236999
2026-10-05T16:16:28Z,23a7bba69fdb3d4bcfc7b30f6155e5f6f1f35a52,7344,size_in_bytes,lib/ocaml/compiler-libs/flambda2_nominal.cmi,1564
2026-10-05T16:16:28Z,23a7bba69fdb3d4bcfc7b30f6155e5f6f1f35a52,7344,size_in_bytes,lib/ocaml/compiler-libs/typeclass.cmi,19717
2026-10-05T16:16:28Z,23a7bba69fdb3d4bcfc7b30f6155e5f6f1f35a52,7344,size_in_bytes,lib/ocaml/compiler-libs/flambda2_numbers.cmi,1046
2026-10-05T16:16:28Z,23a7bba69fdb3d4bcfc7b30f6155e5f6f1f35a52,7344,size_in_bytes,lib/ocaml/compiler-libs/fdo_info.cmi,3146
2026-10-05T16:16:28Z,23a7bba69fdb3d4bcfc7b30f6155e5f6f1f35a52,7344,size_in_bytes,lib/ocaml/compiler-libs/emitcode.cmi,5512
2026-10-05T16:16:28Z,23a7bba69fdb3d4bcfc7b30f6155e5f6f1f35a52,7344,size_in_bytes,lib/ocaml/compiler-libs/rawprinttyp.cmi,2914
2026-10-05T16:16:28Z,23a7bba69fdb3d4bcfc7b30f6155e5f6f1f35a52,7344,size_in_bytes,lib/ocaml/compiler-libs/dwarf_inlined_frames.cmi,13206
2026-10-05T16:16:28Z,23a7bba69fdb3d4bcfc7b30f6155e5f6f1f35a52,7344,size_in_bytes,lib/ocaml/compiler-libs/cfg_invariants.cmi,10866
2026-10-05T16:16:28Z,23a7bba69fdb3d4bcfc7b30f6155e5f6f1f35a52,7344,size_in_bytes,lib/ocaml/compiler-libs/opcodes.cmi,20080
2026-10-05T16:16:28Z,23a7bba69fdb3d4bcfc7b30f6155e5f6f1f35a52,7344,size_in_bytes,lib/ocaml/compiler-libs/flambda2_lattices__Or_unknown_or_bottom.cmi,4722
2026-10-05T16:16:28Z,23a7bba69fdb3d4bcfc7b30f6155e5f6f1f35a52,7344,size_in_bytes,lib/ocaml/compiler-libs/cmmgen_state.cmi,15503
2026-10-05T16:16:28Z,23a7bba69fdb3d4bcfc7b30f6155e5f6f1f35a52,7344,size_in_bytes,lib/ocaml/compiler-libs/x86_dsl.cmi,25562
2026-10-05T16:16:28Z,23a7bba69fdb3d4bcfc7b30f6155e5f6f1f35a52,7344,size_in_bytes,lib/ocaml/compiler-libs/flambda2_simplify__Simplified_named.cmi,14883
2026-10-05T16:16:28Z,23a7bba69fdb3d4bcfc7b30f6155e5f6f1f35a52,7344,size_in_bytes,lib/ocaml/compiler-libs/typecore.cmi,52547
2026-10-05T16:16:28Z,23a7bba69fdb3d4bcfc7b30f6155e5f6f1f35a52,7344,size_in_bytes,lib/ocaml/compiler-libs/dwarf_low.cmi,6322
2026-10-05T16:16:28Z,23a7bba69fdb3d4bcfc7b30f6155e5f6f1f35a52,7344,size_in_bytes,lib/ocaml/compiler-libs/inlined_frame_ranges.cmi,82312
2026-10-05T16:16:28Z,23a7bba69fdb3d4bcfc7b30f6155e5f6f1f35a52,7344,size_in_bytes,lib/ocaml/compiler-libs/functorizer.cmi,4548
2026-10-05T16:16:28Z,23a7bba69fdb3d4bcfc7b30f6155e5f6f1f35a52,7344,size_in_bytes,lib/ocaml/compiler-libs/flambda2_identifiers__Value_slot.cmi,75015
2026-10-05T16:16:28Z,23a7bba69fdb3d4bcfc7b30f6155e5f6f1f35a52,7344,size_in_bytes,lib/ocaml/compiler-libs/flambda2_parser__Flambda_parser_messages.cmi,1046
2026-10-05T16:16:28Z,23a7bba69fdb3d4bcfc7b30f6155e5f6f1f35a52,7344,size_in_bytes,lib/ocaml/compiler-libs/section_table.cmi,4759
2026-10-05T16:16:28Z,23a7bba69fdb3d4bcfc7b30f6155e5f6f1f35a52,7344,size_in_bytes,lib/ocaml/compiler-libs/flambda2_bound_identifiers__Bound_for_function.cmi,10895
2026-10-05T16:16:28Z,23a7bba69fdb3d4bcfc7b30f6155e5f6f1f35a52,7344,size_in_bytes,lib/ocaml/compiler-libs/flambda2_types__Meet.cmi,8287
2026-10-05T16:16:28Z,23a7bba69fdb3d4bcfc7b30f6155e5f6f1f35a52,7344,size_in_bytes,lib/ocaml/compiler-libs/file_sections.cmi,3571
2026-10-05T16:16:28Z,23a7bba69fdb3d4bcfc7b30f6155e5f6f1f35a52,7344,size_in_bytes,lib/ocaml/compiler-libs/dwarf_type.cmi,7068
2026-10-05T16:16:28Z,23a7bba69fdb3d4bcfc7b30f6155e5f6f1f35a52,7344,size_in_bytes,lib/ocaml/compiler-libs/flambda2_to_cmm__To_cmm_env.cmi,36666
2026-10-05T16:16:28Z,23a7bba69fdb3d4bcfc7b30f6155e5f6f1f35a52,7344,size_in_bytes,lib/ocaml/compiler-libs/flambda2_simplify__Non_recursive_handler.cmi,12690
2026-10-05T16:16:28Z,23a7bba69fdb3d4bcfc7b30f6155e5f6f1f35a52,7344,size_in_bytes,lib/ocaml/compiler-libs/flambda2_numbers__Or_infinity.cmi,3268
2026-10-05T16:16:28Z,23a7bba69fdb3d4bcfc7b30f6155e5f6f1f35a52,7344,size_in_bytes,lib/ocaml/compiler-libs/mode_intf.cmi,554975
2026-10-05T16:16:28Z,23a7bba69fdb3d4bcfc7b30f6155e5f6f1f35a52,7344,size_in_bytes,lib/ocaml/compiler-libs/compile_common.cmi,10129
2026-10-05T16:16:28Z,23a7bba69fdb3d4bcfc7b30f6155e5f6f1f35a52,7344,size_in_bytes,lib/ocaml/compiler-libs/cfg_colours.cmi,2658
2026-10-05T16:16:28Z,23a7bba69fdb3d4bcfc7b30f6155e5f6f1f35a52,7344,size_in_bytes,lib/ocaml/compiler-libs/scalar.cmi,38675
2026-10-05T16:16:28Z,23a7bba69fdb3d4bcfc7b30f6155e5f6f1f35a52,7344,size_in_bytes,lib/ocaml/compiler-libs/partial_link.cmi,3527
2026-10-05T16:16:28Z,23a7bba69fdb3d4bcfc7b30f6155e5f6f1f35a52,7344,size_in_bytes,lib/ocaml/compiler-libs/form_rewrite_plan.cmi,12701
2026-10-05T16:16:28Z,23a7bba69fdb3d4bcfc7b30f6155e5f6f1f35a52,7344,size_in_bytes,lib/ocaml/compiler-libs/flambda2_simplify__Simplify.cmi,11598
2026-10-05T16:16:28Z,23a7bba69fdb3d4bcfc7b30f6155e5f6f1f35a52,7344,size_in_bytes,lib/ocaml/compiler-libs/flambda2_simplify__Simplify_static_const.cmi,12325
2026-10-05T16:16:28Z,23a7bba69fdb3d4bcfc7b30f6155e5f6f1f35a52,7344,size_in_bytes,lib/ocaml/compiler-libs/cfg_dataflow.cmi,25381
2026-10-05T16:16:28Z,23a7bba69fdb3d4bcfc7b30f6155e5f6f1f35a52,7344,size_in_bytes,lib/ocaml/compiler-libs/dwarf_low__Debug_loc_table.cmi,3426
2026-10-05T16:16:28Z,23a7bba69fdb3d4bcfc7b30f6155e5f6f1f35a52,7344,size_in_bytes,lib/ocaml/compiler-libs/regalloc_stack_operands.cmi,11726
2026-10-05T16:16:28Z,23a7bba69fdb3d4bcfc7b30f6155e5f6f1f35a52,7344,size_in_bytes,lib/ocaml/compiler-libs/operation.cmi,25624
2026-10-05T16:16:28Z,23a7bba69fdb3d4bcfc7b30f6155e5f6f1f35a52,7344,size_in_bytes,lib/ocaml/compiler-libs/arm64_binary_emitter__Condition_helpers.cmi,1736
2026-10-05T16:16:28Z,23a7bba69fdb3d4bcfc7b30f6155e5f6f1f35a52,7344,size_in_bytes,lib/ocaml/compiler-libs/cfg_to_linear_desc.cmi,10688
2026-10-05T16:16:28Z,23a7bba69fdb3d4bcfc7b30f6155e5f6f1f35a52,7344,size_in_bytes,lib/ocaml/compiler-libs/flambda2_simplify__Number_adjuncts.cmi,391851
2026-10-05T16:16:28Z,23a7bba69fdb3d4bcfc7b30f6155e5f6f1f35a52,7344,size_in_bytes,lib/ocaml/compiler-libs/dwarf_low__Range_list_table.cmi,3910
2026-10-05T16:16:28Z,23a7bba69fdb3d4bcfc7b30f6155e5f6f1f35a52,7344,size_in_bytes,lib/ocaml/compiler-libs/simplif.cmi,4646
2026-10-05T16:16:28Z,23a7bba69fdb3d4bcfc7b30f6155e5f6f1f35a52,7344,size_in_bytes,lib/ocaml/compiler-libs/terminfo.cmi,1907
2026-10-05T16:16:28Z,23a7bba69fdb3d4bcfc7b30f6155e5f6f1f35a52,7344,size_in_bytes,lib/ocaml/compiler-libs/flambda2_simplify__Simplify_let_cont_expr.cmi,12444
2026-10-05T16:16:28Z,23a7bba69fdb3d4bcfc7b30f6155e5f6f1f35a52,7344,size_in_bytes,lib/ocaml/compiler-libs/regalloc_ls.cmi,11211
2026-10-05T16:16:28Z,23a7bba69fdb3d4bcfc7b30f6155e5f6f1f35a52,7344,size_in_bytes,lib/ocaml/compiler-libs/flambda2_identifiers__Flambda_debug_uid.cmi,57932
2026-10-05T16:16:28Z,23a7bba69fdb3d4bcfc7b30f6155e5f6f1f35a52,7344,size_in_bytes,lib/ocaml/compiler-libs/ssa_print.cmi,11059
2026-10-05T16:16:28Z,23a7bba69fdb3d4bcfc7b30f6155e5f6f1f35a52,7344,size_in_bytes,lib/ocaml/compiler-libs/flambda2_numbers__Targetint_32_64.cmi,125044
2026-10-05T16:16:28Z,23a7bba69fdb3d4bcfc7b30f6155e5f6f1f35a52,7344,size_in_bytes,lib/ocaml/compiler-libs/flambda2_simplify__Flow_acc.cmi,22580
2026-10-05T16:16:28Z,23a7bba69fdb3d4bcfc7b30f6155e5f6f1f35a52,7344,size_in_bytes,lib/ocaml/compiler-libs/peephole_optimize.cmi,10797
2026-10-05T16:16:28Z,23a7bba69fdb3d4bcfc7b30f6155e5f6f1f35a52,7344,size_in_bytes,lib/ocaml/compiler-libs/flambda2_terms__Flambda_unit.cmi,11583
2026-10-05T16:16:28Z,23a7bba69fdb3d4bcfc7b30f6155e5f6f1f35a52,7344,size_in_bytes,lib/ocaml/compiler-libs/dwarf_low__Dwarf_attribute_values.cmi,18638
2026-10-05T16:16:28Z,23a7bba69fdb3d4bcfc7b30f6155e5f6f1f35a52,7344,size_in_bytes,lib/ocaml/compiler-libs/flambda2_simplify__Simplify_primitive.cmi,11836
2026-10-05T16:16:28Z,23a7bba69fdb3d4bcfc7b30f6155e5f6f1f35a52,7344,size_in_bytes,lib/ocaml/compiler-libs/cmo_io.cmi,3576
2026-10-05T16:16:28Z,23a7bba69fdb3d4bcfc7b30f6155e5f6f1f35a52,7344,size_in_bytes,lib/ocaml/compiler-libs/printreg.cmi,13551
2026-10-05T16:16:28Z,23a7bba69fdb3d4bcfc7b30f6155e5f6f1f35a52,7344,size_in_bytes,lib/ocaml/compiler-libs/flambda2_terms__Apply_expr.cmi,74679
2026-10-05T16:16:28Z,23a7bba69fdb3d4bcfc7b30f6155e5f6f1f35a52,7344,size_in_bytes,lib/ocaml/compiler-libs/translmod.cmi,9038
2026-10-05T16:16:28Z,23a7bba69fdb3d4bcfc7b30f6155e5f6f1f35a52,7344,size_in_bytes,lib/ocaml/compiler-libs/peephole_utils.cmi,15206
2026-10-05T16:16:28Z,23a7bba69fdb3d4bcfc7b30f6155e5f6f1f35a52,7344,size_in_bytes,lib/ocaml/compiler-libs/flambda2_simplify__Loopify_state.cmi,7812
2026-10-05T16:16:28Z,23a7bba69fdb3d4bcfc7b30f6155e5f6f1f35a52,7344,size_in_bytes,lib/ocaml/compiler-libs/cmx_format.cmi,20431
2026-10-05T16:16:28Z,23a7bba69fdb3d4bcfc7b30f6155e5f6f1f35a52,7344,size_in_bytes,lib/ocaml/compiler-libs/dwarf_base_address_selection.cmi,4970
2026-10-05T16:16:28Z,23a7bba69fdb3d4bcfc7b30f6155e5f6f1f35a52,7344,size_in_bytes,lib/ocaml/compiler-libs/dwarf_low__Abbreviations_table_entry.cmi,3624
2026-10-05T16:16:28Z,23a7bba69fdb3d4bcfc7b30f6155e5f6f1f35a52,7344,size_in_bytes,lib/ocaml/compiler-libs/slambdaeval.cmi,8328
2026-10-05T16:16:28Z,23a7bba69fdb3d4bcfc7b30f6155e5f6f1f35a52,7344,size_in_bytes,lib/ocaml/compiler-libs/flambda2_reaper__Slot_offsets_analysis.cmi,10017
2026-10-05T16:16:28Z,23a7bba69fdb3d4bcfc7b30f6155e5f6f1f35a52,7344,size_in_bytes,lib/ocaml/compiler-libs/id_counter.cmi,44934
2026-10-05T16:16:28Z,23a7bba69fdb3d4bcfc7b30f6155e5f6f1f35a52,7344,size_in_bytes,lib/ocaml/compiler-libs/flambda2_simplify__Lifted_cont_params.cmi,11214
2026-10-05T16:16:28Z,23a7bba69fdb3d4bcfc7b30f6155e5f6f1f35a52,7344,size_in_bytes,lib/ocaml/compiler-libs/regalloc_irc.cmi,11247
2026-10-05T16:16:28Z,23a7bba69fdb3d4bcfc7b30f6155e5f6f1f35a52,7344,size_in_bytes,lib/ocaml/compiler-libs/flambda2_term_basics__Tag_and_size.cmi,57283
2026-10-05T16:16:28Z,23a7bba69fdb3d4bcfc7b30f6155e5f6f1f35a52,7344,size_in_bytes,lib/ocaml/compiler-libs/flambda2_ui__Flambda_features.cmi,20842
2026-10-05T16:16:28Z,23a7bba69fdb3d4bcfc7b30f6155e5f6f1f35a52,7344,size_in_bytes,lib/ocaml/compiler-libs/dwarf_low__Inline_code.cmi,1846
2026-10-05T16:16:28Z,23a7bba69fdb3d4bcfc7b30f6155e5f6f1f35a52,7344,size_in_bytes,lib/ocaml/compiler-libs/flambda2_identifiers__Code_id_or_name.cmi,8987
2026-10-05T16:16:28Z,23a7bba69fdb3d4bcfc7b30f6155e5f6f1f35a52,7344,size_in_bytes,lib/ocaml/compiler-libs/solver.cmi,34603
2026-10-05T16:16:28Z,23a7bba69fdb3d4bcfc7b30f6155e5f6f1f35a52,7344,size_in_bytes,lib/ocaml/compiler-libs/jkind_types.cmi,34512
2026-10-05T16:16:28Z,23a7bba69fdb3d4bcfc7b30f6155e5f6f1f35a52,7344,size_in_bytes,lib/ocaml/compiler-libs/pparse.cmi,7500
2026-10-05T16:16:28Z,23a7bba69fdb3d4bcfc7b30f6155e5f6f1f35a52,7344,size_in_bytes,lib/ocaml/compiler-libs/flambda2_simplify__Continuation_uses_env.cmi,16436
2026-10-05T16:16:28Z,23a7bba69fdb3d4bcfc7b30f6155e5f6f1f35a52,7344,size_in_bytes,lib/ocaml/compiler-libs/build_path_prefix_map.cmi,3531
2026-10-05T16:16:28Z,23a7bba69fdb3d4bcfc7b30f6155e5f6f1f35a52,7344,size_in_bytes,lib/ocaml/compiler-libs/typedtree.cmi,160182
2026-10-05T16:16:28Z,23a7bba69fdb3d4bcfc7b30f6155e5f6f1f35a52,7344,size_in_bytes,lib/ocaml/compiler-libs/flambda2_lattices__Or_unknown.cmi,67918
2026-10-05T16:16:28Z,23a7bba69fdb3d4bcfc7b30f6155e5f6f1f35a52,7344,size_in_bytes,lib/ocaml/compiler-libs/cfg_reachability_validate.cmi,10692
2026-10-05T16:16:28Z,23a7bba69fdb3d4bcfc7b30f6155e5f6f1f35a52,7344,size_in_bytes,lib/ocaml/compiler-libs/dwarf_low__Debug_ranges_table.cmi,3173
2026-10-05T16:16:28Z,23a7bba69fdb3d4bcfc7b30f6155e5f6f1f35a52,7344,size_in_bytes,lib/ocaml/compiler-libs/cfg_merge_blocks.cmi,11054
2026-10-05T16:16:28Z,23a7bba69fdb3d4bcfc7b30f6155e5f6f1f35a52,7344,size_in_bytes,lib/ocaml/compiler-libs/flambda2_nominal__Name_mode.cmi,116563
2026-10-05T16:16:28Z,23a7bba69fdb3d4bcfc7b30f6155e5f6f1f35a52,7344,size_in_bytes,lib/ocaml/compiler-libs/asm_targets__Asm_section.cmi,14932
2026-10-05T16:16:28Z,23a7bba69fdb3d4bcfc7b30f6155e5f6f1f35a52,7344,size_in_bytes,lib/ocaml/compiler-libs/jkind.cmi,119687
2026-10-05T16:16:28Z,23a7bba69fdb3d4bcfc7b30f6155e5f6f1f35a52,7344,size_in_bytes,lib/ocaml/compiler-libs/flambda2_reaper__Rev_expr.cmi,24642
2026-10-05T16:16:28Z,23a7bba69fdb3d4bcfc7b30f6155e5f6f1f35a52,7344,size_in_bytes,lib/ocaml/compiler-libs/cfg_prologue.cmi,11172
2026-10-05T16:16:28Z,23a7bba69fdb3d4bcfc7b30f6155e5f6f1f35a52,7344,size_in_bytes,lib/ocaml/compiler-libs/rewrite_sections.cmi,2278
2026-10-05T16:16:28Z,23a7bba69fdb3d4bcfc7b30f6155e5f6f1f35a52,7344,size_in_bytes,lib/ocaml/compiler-libs/string_table.cmi,1780
2026-10-05T16:16:28Z,23a7bba69fdb3d4bcfc7b30f6155e5f6f1f35a52,7344,size_in_bytes,lib/ocaml/compiler-libs/dwarf_high__Dwarf_world.cmi,4496
2026-10-05T16:16:28Z,23a7bba69fdb3d4bcfc7b30f6155e5f6f1f35a52,7344,size_in_bytes,lib/ocaml/compiler-libs/lazy_backtrack.cmi,3542
2026-10-05T16:16:28Z,23a7bba69fdb3d4bcfc7b30f6155e5f6f1f35a52,7344,size_in_bytes,lib/ocaml/compiler-libs/flambda2_bound_identifiers__Bound_var.cmi,9226
2026-10-05T16:16:28Z,23a7bba69fdb3d4bcfc7b30f6155e5f6f1f35a52,7344,size_in_bytes,lib/ocaml/compiler-libs/global_module.cmi,170941
2026-10-05T16:16:28Z,23a7bba69fdb3d4bcfc7b30f6155e5f6f1f35a52,7344,size_in_bytes,lib/ocaml/compiler-libs/CSE.cmi,11125
2026-10-05T16:16:28Z,23a7bba69fdb3d4bcfc7b30f6155e5f6f1f35a52,7344,size_in_bytes,lib/ocaml/compiler-libs/flambda2_identifiers__Named_rewrite_id.cmi,56861
2026-10-05T16:16:28Z,23a7bba69fdb3d4bcfc7b30f6155e5f6f1f35a52,7344,size_in_bytes,lib/ocaml/compiler-libs/ccomp.cmi,3286
2026-10-05T16:16:28Z,23a7bba69fdb3d4bcfc7b30f6155e5f6f1f35a52,7344,size_in_bytes,lib/ocaml/compiler-libs/flambda2_reaper__Global_flow_graph.cmi,23557
2026-10-05T16:16:28Z,23a7bba69fdb3d4bcfc7b30f6155e5f6f1f35a52,7344,size_in_bytes,lib/ocaml/compiler-libs/vicuna_value_shapes.cmi,3419
2026-10-05T16:16:28Z,23a7bba69fdb3d4bcfc7b30f6155e5f6f1f35a52,7344,size_in_bytes,lib/ocaml/compiler-libs/dsl_helpers.cmi,229
2026-10-05T16:16:28Z,23a7bba69fdb3d4bcfc7b30f6155e5f6f1f35a52,7344,size_in_bytes,lib/ocaml/compiler-libs/simd.cmi,1524619
2026-10-05T16:16:28Z,23a7bba69fdb3d4bcfc7b30f6155e5f6f1f35a52,7344,size_in_bytes,lib/ocaml/compiler-libs/flambda2_datalog__Trie.cmi,11199
2026-10-05T16:16:28Z,23a7bba69fdb3d4bcfc7b30f6155e5f6f1f35a52,7344,size_in_bytes,lib/ocaml/compiler-libs/bytegen.cmi,3777
2026-10-05T16:16:28Z,23a7bba69fdb3d4bcfc7b30f6155e5f6f1f35a52,7344,size_in_bytes,lib/ocaml/compiler-libs/printcmm.cmi,15785
2026-10-05T16:16:28Z,23a7bba69fdb3d4bcfc7b30f6155e5f6f1f35a52,7344,size_in_bytes,lib/ocaml/compiler-libs/arm64_binary_emitter__Branch_helpers.cmi,5231
2026-10-05T16:16:28Z,23a7bba69fdb3d4bcfc7b30f6155e5f6f1f35a52,7344,size_in_bytes,lib/ocaml/compiler-libs/flambda2_algorithms__Patricia_tree.cmi,61318
2026-10-05T16:16:28Z,23a7bba69fdb3d4bcfc7b30f6155e5f6f1f35a52,7344,size_in_bytes,lib/ocaml/compiler-libs/printast.cmi,5220
2026-10-05T16:16:28Z,23a7bba69fdb3d4bcfc7b30f6155e5f6f1f35a52,7344,size_in_bytes,lib/ocaml/compiler-libs/load_path.cmi,8016
2026-10-05T16:16:28Z,23a7bba69fdb3d4bcfc7b30f6155e5f6f1f35a52,7344,size_in_bytes,lib/ocaml/compiler-libs/flambda2_numbers__Target_ocaml_int.cmi,127890
2026-10-05T16:16:28Z,23a7bba69fdb3d4bcfc7b30f6155e5f6f1f35a52,7344,size_in_bytes,lib/ocaml/compiler-libs/flambda2_simplify__Continuation_shortcut.cmi,8783
2026-10-05T16:16:28Z,23a7bba69fdb3d4bcfc7b30f6155e5f6f1f35a52,7344,size_in_bytes,lib/ocaml/compiler-libs/profile_counters_functions.cmi,3199
2026-10-05T16:16:28Z,23a7bba69fdb3d4bcfc7b30f6155e5f6f1f35a52,7344,size_in_bytes,lib/ocaml/compiler-libs/flambda2_terms__Effects.cmi,8210
2026-10-05T16:16:28Z,23a7bba69fdb3d4bcfc7b30f6155e5f6f1f35a52,7344,size_in_bytes,lib/ocaml/compiler-libs/flambda2_parser__Flambda_to_fexpr.cmi,9310
2026-10-05T16:16:28Z,23a7bba69fdb3d4bcfc7b30f6155e5f6f1f35a52,7344,size_in_bytes,lib/ocaml/compiler-libs/flambda2_to_cmm__To_cmm_effects.cmi,12639
2026-10-05T16:16:28Z,23a7bba69fdb3d4bcfc7b30f6155e5f6f1f35a52,7344,size_in_bytes,lib/ocaml/compiler-libs/instruct.cmi,20641
2026-10-05T16:16:28Z,23a7bba69fdb3d4bcfc7b30f6155e5f6f1f35a52,7344,size_in_bytes,lib/ocaml/compiler-libs/cfg_intf.cmi,20681
2026-10-05T16:16:28Z,23a7bba69fdb3d4bcfc7b30f6155e5f6f1f35a52,7344,size_in_bytes,lib/ocaml/compiler-libs/arch.cmi,25768
2026-10-05T16:16:28Z,23a7bba69fdb3d4bcfc7b30f6155e5f6f1f35a52,7344,size_in_bytes,lib/ocaml/compiler-libs/asmlink.cmi,12384
2026-10-05T16:16:28Z,23a7bba69fdb3d4bcfc7b30f6155e5f6f1f35a52,7344,size_in_bytes,lib/ocaml/compiler-libs/envaux.cmi,3990
2026-10-05T16:16:28Z,23a7bba69fdb3d4bcfc7b30f6155e5f6f1f35a52,7344,size_in_bytes,lib/ocaml/compiler-libs/flambda2_simplify__Upwards_acc.cmi,23748
2026-10-05T16:16:28Z,23a7bba69fdb3d4bcfc7b30f6155e5f6f1f35a52,7344,size_in_bytes,lib/ocaml/compiler-libs/flambda2_simplify__Simplify_named.cmi,12453
2026-10-05T16:16:28Z,23a7bba69fdb3d4bcfc7b30f6155e5f6f1f35a52,7344,size_in_bytes,lib/ocaml/compiler-libs/optmaindriver.cmi,10745
2026-10-05T16:16:28Z,23a7bba69fdb3d4bcfc7b30f6155e5f6f1f35a52,7344,size_in_bytes,lib/ocaml/compiler-libs/types.cmi,238462
2026-10-05T16:16:28Z,23a7bba69fdb3d4bcfc7b30f6155e5f6f1f35a52,7344,size_in_bytes,lib/ocaml/compiler-libs/dwarf_low__Dwarf_operator.cmi,18660
2026-10-05T16:16:28Z,23a7bba69fdb3d4bcfc7b30f6155e5f6f1f35a52,7344,size_in_bytes,lib/ocaml/compiler-libs/flambda2_types__Aliases.cmi,14382
2026-10-05T16:16:28Z,23a7bba69fdb3d4bcfc7b30f6155e5f6f1f35a52,7344,size_in_bytes,lib/ocaml/compiler-libs/flambda2_simplify__Simplify_apply_cont_expr.cmi,11777
2026-10-05T16:16:28Z,23a7bba69fdb3d4bcfc7b30f6155e5f6f1f35a52,7344,size_in_bytes,lib/ocaml/compiler-libs/dwarf_low__Dwarf_version.cmi,2349
2026-10-05T16:16:28Z,23a7bba69fdb3d4bcfc7b30f6155e5f6f1f35a52,7344,size_in_bytes,lib/ocaml/compiler-libs/flambda2_types__Meet_and_n_way_join.cmi,8291
2026-10-05T16:16:28Z,23a7bba69fdb3d4bcfc7b30f6155e5f6f1f35a52,7344,size_in_bytes,lib/ocaml/compiler-libs/dwarf_high__Simple_location_description_lang.cmi,12738
2026-10-05T16:16:28Z,23a7bba69fdb3d4bcfc7b30f6155e5f6f1f35a52,7344,size_in_bytes,lib/ocaml/compiler-libs/flambda2_terms__Result_types.cmi,9713
2026-10-05T16:16:28Z,23a7bba69fdb3d4bcfc7b30f6155e5f6f1f35a52,7344,size_in_bytes,lib/ocaml/compiler-libs/ast_invariants.cmi,2397
2026-10-05T16:16:28Z,23a7bba69fdb3d4bcfc7b30f6155e5f6f1f35a52,7344,size_in_bytes,lib/ocaml/compiler-libs/dwarf_low__Location_list_entry.cmi,3738
2026-10-05T16:16:28Z,23a7bba69fdb3d4bcfc7b30f6155e5f6f1f35a52,7344,size_in_bytes,lib/ocaml/compiler-libs/ikind.cmi,14202
2026-10-05T16:16:28Z,23a7bba69fdb3d4bcfc7b30f6155e5f6f1f35a52,7344,size_in_bytes,lib/ocaml/compiler-libs/flambda2_reaper__Traverse_env.cmi,14431
2026-10-05T16:16:28Z,23a7bba69fdb3d4bcfc7b30f6155e5f6f1f35a52,7344,size_in_bytes,lib/ocaml/compiler-libs/flambda2_to_cmm__To_cmm_static.cmi,11432
2026-10-05T16:16:28Z,23a7bba69fdb3d4bcfc7b30f6155e5f6f1f35a52,7344,size_in_bytes,lib/ocaml/compiler-libs/ldd_intf.cmi,8449
2026-10-05T16:16:28Z,23a7bba69fdb3d4bcfc7b30f6155e5f6f1f35a52,7344,size_in_bytes,lib/ocaml/compiler-libs/trace.cmi,5665
2026-10-05T16:16:28Z,23a7bba69fdb3d4bcfc7b30f6155e5f6f1f35a52,7344,size_in_bytes,lib/ocaml/compiler-libs/regalloc_substitution.cmi,13214
2026-10-05T16:16:28Z,23a7bba69fdb3d4bcfc7b30f6155e5f6f1f35a52,7344,size_in_bytes,lib/ocaml/compiler-libs/dwarf_low__Location_or_range_list.cmi,2967
2026-10-05T16:16:28Z,23a7bba69fdb3d4bcfc7b30f6155e5f6f1f35a52,7344,size_in_bytes,lib/ocaml/compiler-libs/flambda2_term_basics__Value_slot_set.cmi,59850
2026-10-05T16:16:28Z,23a7bba69fdb3d4bcfc7b30f6155e5f6f1f35a52,7344,size_in_bytes,lib/ocaml/compiler-libs/depend.cmi,4865
2026-10-05T16:16:28Z,23a7bba69fdb3d4bcfc7b30f6155e5f6f1f35a52,7344,size_in_bytes,lib/ocaml/compiler-libs/flambda2_terms__Inline_attribute.cmi,8408
2026-10-05T16:16:28Z,23a7bba69fdb3d4bcfc7b30f6155e5f6f1f35a52,7344,size_in_bytes,lib/ocaml/compiler-libs/flambda2_terms__Inlined_attribute.cmi,10173
2026-10-05T16:16:28Z,23a7bba69fdb3d4bcfc7b30f6155e5f6f1f35a52,7344,size_in_bytes,lib/ocaml/compiler-libs/dwarf_low__Dwarf_arch_sizes.cmi,578
2026-10-05T16:16:28Z,23a7bba69fdb3d4bcfc7b30f6155e5f6f1f35a52,7344,size_in_bytes,lib/ocaml/compiler-libs/dwarf_low__Dwarf_attributes.cmi,143534
2026-10-05T16:16:28Z,23a7bba69fdb3d4bcfc7b30f6155e5f6f1f35a52,7344,size_in_bytes,lib/ocaml/compiler-libs/printtyp.cmi,14156
2026-10-05T16:16:28Z,23a7bba69fdb3d4bcfc7b30f6155e5f6f1f35a52,7344,size_in_bytes,lib/ocaml/compiler-libs/regalloc_split.cmi,11994
2026-10-05T16:16:28Z,23a7bba69fdb3d4bcfc7b30f6155e5f6f1f35a52,7344,size_in_bytes,lib/ocaml/compiler-libs/flambda2_term_basics__Rec_info_expr.cmi,10806
2026-10-05T16:16:28Z,23a7bba69fdb3d4bcfc7b30f6155e5f6f1f35a52,7344,size_in_bytes,lib/ocaml/compiler-libs/arm64_binary_emitter__Encode_directive.cmi,3753
2026-10-05T16:16:28Z,23a7bba69fdb3d4bcfc7b30f6155e5f6f1f35a52,7344,size_in_bytes,lib/ocaml/compiler-libs/genprintval.cmi,15037
2026-10-05T16:16:28Z,23a7bba69fdb3d4bcfc7b30f6155e5f6f1f35a52,7344,size_in_bytes,lib/ocaml/compiler-libs/zero_alloc_info.cmi,2837
2026-10-05T16:16:28Z,23a7bba69fdb3d4bcfc7b30f6155e5f6f1f35a52,7344,size_in_bytes,lib/ocaml/compiler-libs/flambda2_identifiers__Code_id.cmi,9090
2026-10-05T16:16:28Z,23a7bba69fdb3d4bcfc7b30f6155e5f6f1f35a52,7344,size_in_bytes,lib/ocaml/compiler-libs/flambda2_identifiers__Continuation_callsite_map.cmi,4109
2026-10-05T16:16:28Z,23a7bba69fdb3d4bcfc7b30f6155e5f6f1f35a52,7344,size_in_bytes,lib/ocaml/compiler-libs/flambda2_terms__Placement.cmi,7796
2026-10-05T16:16:28Z,23a7bba69fdb3d4bcfc7b30f6155e5f6f1f35a52,7344,size_in_bytes,lib/ocaml/compiler-libs/int_replace_polymorphic_compare.cmi,2361
2026-10-05T16:16:28Z,23a7bba69fdb3d4bcfc7b30f6155e5f6f1f35a52,7344,size_in_bytes,lib/ocaml/compiler-libs/optlibrarian.cmi,17643
2026-10-05T16:16:28Z,23a7bba69fdb3d4bcfc7b30f6155e5f6f1f35a52,7344,size_in_bytes,lib/ocaml/compiler-libs/flambda2_simplify_shared__Inlining_helpers.cmi,15539
2026-10-05T16:16:28Z,23a7bba69fdb3d4bcfc7b30f6155e5f6f1f35a52,7344,size_in_bytes,lib/ocaml/compiler-libs/dwarf_low__Abbreviations_table.cmi,3216
2026-10-05T16:16:28Z,23a7bba69fdb3d4bcfc7b30f6155e5f6f1f35a52,7344,size_in_bytes,lib/ocaml/compiler-libs/linkenv.cmi,19648
2026-10-05T16:16:28Z,23a7bba69fdb3d4bcfc7b30f6155e5f6f1f35a52,7344,size_in_bytes,lib/ocaml/compiler-libs/instantiator.cmi,8064
2026-10-05T16:16:28Z,23a7bba69fdb3d4bcfc7b30f6155e5f6f1f35a52,7344,size_in_bytes,lib/ocaml/compiler-libs/flambda2_reaper__Traverse.cmi,16532
2026-10-05T16:16:28Z,23a7bba69fdb3d4bcfc7b30f6155e5f6f1f35a52,7344,size_in_bytes,lib/ocaml/compiler-libs/hash_consed.cmi,5335
2026-10-05T16:16:28Z,23a7bba69fdb3d4bcfc7b30f6155e5f6f1f35a52,7344,size_in_bytes,lib/ocaml/compiler-libs/mode_hint.cmi,19654
2026-10-05T16:16:28Z,23a7bba69fdb3d4bcfc7b30f6155e5f6f1f35a52,7344,size_in_bytes,lib/ocaml/compiler-libs/builtin_attributes.cmi,22098
2026-10-05T16:16:28Z,23a7bba69fdb3d4bcfc7b30f6155e5f6f1f35a52,7344,size_in_bytes,lib/ocaml/compiler-libs/tmc.cmi,2860
2026-10-05T16:16:28Z,23a7bba69fdb3d4bcfc7b30f6155e5f6f1f35a52,7344,size_in_bytes,lib/ocaml/compiler-libs/instructionId.cmi,55813
2026-10-05T16:16:28Z,23a7bba69fdb3d4bcfc7b30f6155e5f6f1f35a52,7344,size_in_bytes,lib/ocaml/compiler-libs/flambda2_identifiers__Function_slot.cmi,72801
2026-10-05T16:16:28Z,23a7bba69fdb3d4bcfc7b30f6155e5f6f1f35a52,7344,size_in_bytes,lib/ocaml/compiler-libs/errortrace_report.cmi,6923
2026-10-05T16:16:28Z,23a7bba69fdb3d4bcfc7b30f6155e5f6f1f35a52,7344,size_in_bytes,lib/ocaml/compiler-libs/dwarf_low__Dwarf_format.cmi,1040
2026-10-05T16:16:28Z,23a7bba69fdb3d4bcfc7b30f6155e5f6f1f35a52,7344,size_in_bytes,lib/ocaml/compiler-libs/flambda2_simplify__Non_constructed_code.cmi,17190
2026-10-05T16:16:28Z,23a7bba69fdb3d4bcfc7b30f6155e5f6f1f35a52,7344,size_in_bytes,lib/ocaml/compiler-libs/partition_object_files.cmi,2593
2026-10-05T16:16:28Z,23a7bba69fdb3d4bcfc7b30f6155e5f6f1f35a52,7344,size_in_bytes,lib/ocaml/compiler-libs/symbol.cmi,55820
2026-10-05T16:16:28Z,23a7bba69fdb3d4bcfc7b30f6155e5f6f1f35a52,7344,size_in_bytes,lib/ocaml/compiler-libs/mixed_product_bytes.cmi,9193
2026-10-05T16:16:28Z,23a7bba69fdb3d4bcfc7b30f6155e5f6f1f35a52,7344,size_in_bytes,lib/ocaml/compiler-libs/flambda2_simplify__Rebuilt_expr.cmi,23300
2026-10-05T16:16:28Z,23a7bba69fdb3d4bcfc7b30f6155e5f6f1f35a52,7344,size_in_bytes,lib/ocaml/compiler-libs/afl_instrument.cmi,10213
2026-10-05T16:16:28Z,23a7bba69fdb3d4bcfc7b30f6155e5f6f1f35a52,7344,size_in_bytes,lib/ocaml/compiler-libs/transl_comprehension_utils.cmi,20646
2026-10-05T16:16:28Z,23a7bba69fdb3d4bcfc7b30f6155e5f6f1f35a52,7344,size_in_bytes,lib/ocaml/compiler-libs/regalloc_utils.cmi,144894
2026-10-05T16:16:28Z,23a7bba69fdb3d4bcfc7b30f6155e5f6f1f35a52,7344,size_in_bytes,lib/ocaml/compiler-libs/dwarf_low__Initial_length.cmi,2869
2026-10-05T16:16:28Z,23a7bba69fdb3d4bcfc7b30f6155e5f6f1f35a52,7344,size_in_bytes,lib/ocaml/compiler-libs/attr_helper.cmi,2646
2026-10-05T16:16:28Z,23a7bba69fdb3d4bcfc7b30f6155e5f6f1f35a52,7344,size_in_bytes,lib/ocaml/compiler-libs/flambda2_types__Typing_env_extension.cmi,20729
2026-10-05T16:16:28Z,23a7bba69fdb3d4bcfc7b30f6155e5f6f1f35a52,7344,size_in_bytes,lib/ocaml/compiler-libs/flambda2_identifiers__Int_ids.cmi,598375
2026-10-05T16:16:28Z,23a7bba69fdb3d4bcfc7b30f6155e5f6f1f35a52,7344,size_in_bytes,lib/ocaml/compiler-libs/flambda2_term_basics__Continuation_use_kind.cmi,1001
2026-10-05T16:16:28Z,23a7bba69fdb3d4bcfc7b30f6155e5f6f1f35a52,7344,size_in_bytes,lib/ocaml/compiler-libs/flambda2_simplify__Unboxing_types.cmi,20708
2026-10-05T16:16:28Z,23a7bba69fdb3d4bcfc7b30f6155e5f6f1f35a52,7344,size_in_bytes,lib/ocaml/compiler-libs/flambda2_bound_identifiers__Bound_name.cmi,7434
2026-10-05T16:16:28Z,23a7bba69fdb3d4bcfc7b30f6155e5f6f1f35a52,7344,size_in_bytes,lib/ocaml/compiler-libs/flambda2_simplify__Original_handlers.cmi,12574
2026-10-05T16:16:28Z,23a7bba69fdb3d4bcfc7b30f6155e5f6f1f35a52,7344,size_in_bytes,lib/ocaml/compiler-libs/compute_ranges_intf.cmi,63477
2026-10-05T16:16:28Z,23a7bba69fdb3d4bcfc7b30f6155e5f6f1f35a52,7344,size_in_bytes,lib/ocaml/compiler-libs/translattribute.cmi,6574
2026-10-05T16:16:28Z,23a7bba69fdb3d4bcfc7b30f6155e5f6f1f35a52,7344,size_in_bytes,lib/ocaml/compiler-libs/flambda2_nominal__Name_abstraction.cmi,14386
2026-10-05T16:16:28Z,23a7bba69fdb3d4bcfc7b30f6155e5f6f1f35a52,7344,size_in_bytes,lib/ocaml/compiler-libs/flambda2_reaper__Field.cmi,73494
2026-10-05T16:16:28Z,23a7bba69fdb3d4bcfc7b30f6155e5f6f1f35a52,7344,size_in_bytes,lib/ocaml/compiler-libs/flambda2_cmx__Exported_code.cmi,15854
2026-10-05T16:16:28Z,23a7bba69fdb3d4bcfc7b30f6155e5f6f1f35a52,7344,size_in_bytes,lib/ocaml/compiler-libs/flambda2_simplify__Simplify_let_expr.cmi,12101
2026-10-05T16:16:28Z,23a7bba69fdb3d4bcfc7b30f6155e5f6f1f35a52,7344,size_in_bytes,lib/ocaml/compiler-libs/complex_shape.cmi,6976
2026-10-05T16:16:28Z,23a7bba69fdb3d4bcfc7b30f6155e5f6f1f35a52,7344,size_in_bytes,lib/ocaml/compiler-libs/regs_utils.cmi,69872
2026-10-05T16:16:28Z,23a7bba69fdb3d4bcfc7b30f6155e5f6f1f35a52,7344,size_in_bytes,lib/ocaml/compiler-libs/dwarf_abstract_instances.cmi,6075
2026-10-05T16:16:28Z,23a7bba69fdb3d4bcfc7b30f6155e5f6f1f35a52,7344,size_in_bytes,lib/ocaml/compiler-libs/regalloc_ls_utils.cmi,24329
2026-10-05T16:16:28Z,23a7bba69fdb3d4bcfc7b30f6155e5f6f1f35a52,7344,size_in_bytes,lib/ocaml/compiler-libs/regalloc_interf_graph.cmi,21557
2026-10-05T16:16:28Z,23a7bba69fdb3d4bcfc7b30f6155e5f6f1f35a52,7344,size_in_bytes,lib/ocaml/compiler-libs/outcometree.cmi,27400
2026-10-05T16:16:28Z,23a7bba69fdb3d4bcfc7b30f6155e5f6f1f35a52,7344,size_in_bytes,lib/ocaml/compiler-libs/topdirs.cmi,4807
2026-10-05T16:16:28Z,23a7bba69fdb3d4bcfc7b30f6155e5f6f1f35a52,7344,size_in_bytes,lib/ocaml/compiler-libs/flambda2_datalog__Planner.cmi,6447
2026-10-05T16:16:28Z,23a7bba69fdb3d4bcfc7b30f6155e5f6f1f35a52,7344,size_in_bytes,lib/ocaml/compiler-libs/cmi_format.cmi,8876
2026-10-05T16:16:28Z,23a7bba69fdb3d4bcfc7b30f6155e5f6f1f35a52,7344,size_in_bytes,lib/ocaml/compiler-libs/flambda2_parser__Flambda_parser.cmi,27808
2026-10-05T16:16:28Z,23a7bba69fdb3d4bcfc7b30f6155e5f6f1f35a52,7344,size_in_bytes,lib/ocaml/compiler-libs/dwarf_flags.cmi,8314
2026-10-05T16:16:28Z,23a7bba69fdb3d4bcfc7b30f6155e5f6f1f35a52,7344,size_in_bytes,lib/ocaml/compiler-libs/flambda2_terms__Coeffects.cmi,8032
2026-10-05T16:16:28Z,23a7bba69fdb3d4bcfc7b30f6155e5f6f1f35a52,7344,size_in_bytes,lib/ocaml/compiler-libs/bytesections.cmi,5099
2026-10-05T16:16:28Z,23a7bba69fdb3d4bcfc7b30f6155e5f6f1f35a52,7344,size_in_bytes,lib/ocaml/compiler-libs/jkind_intf.cmi,36726
2026-10-05T16:16:28Z,23a7bba69fdb3d4bcfc7b30f6155e5f6f1f35a52,7344,size_in_bytes,lib/ocaml/compiler-libs/longident.cmi,2985
2026-10-05T16:16:28Z,23a7bba69fdb3d4bcfc7b30f6155e5f6f1f35a52,7344,size_in_bytes,lib/ocaml/compiler-libs/arm64_binary_emitter__Encode_instruction.cmi,2183
2026-10-05T16:16:28Z,23a7bba69fdb3d4bcfc7b30f6155e5f6f1f35a52,7344,size_in_bytes,lib/ocaml/compiler-libs/printlinear.cmi,12464
2026-10-05T16:16:28Z,23a7bba69fdb3d4bcfc7b30f6155e5f6f1f35a52,7344,size_in_bytes,lib/ocaml/compiler-libs/slambda.cmi,3448
2026-10-05T16:16:28Z,23a7bba69fdb3d4bcfc7b30f6155e5f6f1f35a52,7344,size_in_bytes,lib/ocaml/compiler-libs/flambda2_parser__Print_fexpr.cmi,8274
2026-10-05T16:16:28Z,23a7bba69fdb3d4bcfc7b30f6155e5f6f1f35a52,7344,size_in_bytes,lib/ocaml/compiler-libs/ssa.cmi,86655
2026-10-05T16:16:28Z,23a7bba69fdb3d4bcfc7b30f6155e5f6f1f35a52,7344,size_in_bytes,lib/ocaml/compiler-libs/x86_ast.cmi,17470
2026-10-05T16:16:28Z,23a7bba69fdb3d4bcfc7b30f6155e5f6f1f35a52,7344,size_in_bytes,lib/ocaml/compiler-libs/translquote.cmi,3367
2026-10-05T16:16:28Z,23a7bba69fdb3d4bcfc7b30f6155e5f6f1f35a52,7344,size_in_bytes,lib/ocaml/compiler-libs/arm64_ast.cmi,415
2026-10-05T16:16:28Z,23a7bba69fdb3d4bcfc7b30f6155e5f6f1f35a52,7344,size_in_bytes,lib/ocaml/compiler-libs/unit_info.cmi,13381
2026-10-05T16:16:28Z,23a7bba69fdb3d4bcfc7b30f6155e5f6f1f35a52,7344,size_in_bytes,lib/ocaml/compiler-libs/extract_relocations.cmi,4135
2026-10-05T16:16:28Z,23a7bba69fdb3d4bcfc7b30f6155e5f6f1f35a52,7344,size_in_bytes,lib/ocaml/compiler-libs/linker_script.cmi,1498
2026-10-05T16:16:28Z,23a7bba69fdb3d4bcfc7b30f6155e5f6f1f35a52,7344,size_in_bytes,lib/ocaml/compiler-libs/compmisc.cmi,4823
2026-10-05T16:16:28Z,23a7bba69fdb3d4bcfc7b30f6155e5f6f1f35a52,7344,size_in_bytes,lib/ocaml/compiler-libs/oxcaml_flags.cmi,40514
2026-10-05T16:16:28Z,23a7bba69fdb3d4bcfc7b30f6155e5f6f1f35a52,7344,size_in_bytes,lib/ocaml/compiler-libs/numbers.cmi,170716
2026-10-05T16:16:28Z,23a7bba69fdb3d4bcfc7b30f6155e5f6f1f35a52,7344,size_in_bytes,lib/ocaml/compiler-libs/regalloc_split_state.cmi,13191
2026-10-05T16:16:28Z,23a7bba69fdb3d4bcfc7b30f6155e5f6f1f35a52,7344,size_in_bytes,lib/ocaml/compiler-libs/cfg_to_linear.cmi,10783
2026-10-05T16:16:28Z,23a7bba69fdb3d4bcfc7b30f6155e5f6f1f35a52,7344,size_in_bytes,lib/ocaml/compiler-libs/flambda2.cmi,13836
2026-10-05T16:16:28Z,23a7bba69fdb3d4bcfc7b30f6155e5f6f1f35a52,7344,size_in_bytes,lib/ocaml/compiler-libs/arm64_binary_emitter__Load_store_helpers.cmi,14618
2026-10-05T16:16:28Z,23a7bba69fdb3d4bcfc7b30f6155e5f6f1f35a52,7344,size_in_bytes,lib/ocaml/compiler-libs/flambda2_datalog__Cursor.cmi,9044
2026-10-05T16:16:28Z,23a7bba69fdb3d4bcfc7b30f6155e5f6f1f35a52,7344,size_in_bytes,lib/ocaml/compiler-libs/opt_fuel.cmi,899
2026-10-05T16:16:28Z,23a7bba69fdb3d4bcfc7b30f6155e5f6f1f35a52,7344,size_in_bytes,lib/ocaml/compiler-libs/path.cmi,49349
2026-10-05T16:16:28Z,23a7bba69fdb3d4bcfc7b30f6155e5f6f1f35a52,7344,size_in_bytes,lib/ocaml/compiler-libs/flambda2_bound_identifiers__Bound_parameters.cmi,13165
2026-10-05T16:16:28Z,23a7bba69fdb3d4bcfc7b30f6155e5f6f1f35a52,7344,size_in_bytes,lib/ocaml/compiler-libs/flambda2_reaper__Rebuild.cmi,12631
2026-10-05T16:16:28Z,23a7bba69fdb3d4bcfc7b30f6155e5f6f1f35a52,7344,size_in_bytes,lib/ocaml/compiler-libs/flambda2_to_jsir__To_jsir_primitive.cmi,9593
2026-10-05T16:16:28Z,23a7bba69fdb3d4bcfc7b30f6155e5f6f1f35a52,7344,size_in_bytes,lib/ocaml/compiler-libs/flambda2_simplify__Unbox_continuation_params.cmi,13240
2026-10-05T16:16:28Z,23a7bba69fdb3d4bcfc7b30f6155e5f6f1f35a52,7344,size_in_bytes,lib/ocaml/compiler-libs/printtyped.cmi,3527
2026-10-05T16:16:28Z,23a7bba69fdb3d4bcfc7b30f6155e5f6f1f35a52,7344,size_in_bytes,lib/ocaml/compiler-libs/compiler_hooks.cmi,14626
2026-10-05T16:16:28Z,23a7bba69fdb3d4bcfc7b30f6155e5f6f1f35a52,7344,size_in_bytes,lib/ocaml/compiler-libs/flambda2_simplify__Simplify_common.cmi,20520
2026-10-05T16:16:28Z,23a7bba69fdb3d4bcfc7b30f6155e5f6f1f35a52,7344,size_in_bytes,lib/ocaml/compiler-libs/arm64_binary_emitter.cmi,3519
2026-10-05T16:16:28Z,23a7bba69fdb3d4bcfc7b30f6155e5f6f1f35a52,7344,size_in_bytes,lib/ocaml/compiler-libs/arrayset.cmi,6997
2026-10-05T16:16:28Z,23a7bba69fdb3d4bcfc7b30f6155e5f6f1f35a52,7344,size_in_bytes,lib/ocaml/compiler-libs/linkdeps.cmi,4370
2026-10-05T16:16:28Z,23a7bba69fdb3d4bcfc7b30f6155e5f6f1f35a52,7344,size_in_bytes,lib/ocaml/compiler-libs/linear_utils.cmi,12120
2026-10-05T16:16:28Z,23a7bba69fdb3d4bcfc7b30f6155e5f6f1f35a52,7344,size_in_bytes,lib/ocaml/compiler-libs/dwarf_low__Address_table.cmi,3188
2026-10-05T16:16:28Z,23a7bba69fdb3d4bcfc7b30f6155e5f6f1f35a52,7344,size_in_bytes,lib/ocaml/compiler-libs/flambda2_terms__Call_kind.cmi,19251
2026-10-05T16:16:28Z,23a7bba69fdb3d4bcfc7b30f6155e5f6f1f35a52,7344,size_in_bytes,lib/ocaml/compiler-libs/amd64_simd_instrs.cmi,1477701
2026-10-05T16:16:28Z,23a7bba69fdb3d4bcfc7b30f6155e5f6f1f35a52,7344,size_in_bytes,lib/ocaml/compiler-libs/linear_format.cmi,13674
2026-10-05T16:16:28Z,23a7bba69fdb3d4bcfc7b30f6155e5f6f1f35a52,7344,size_in_bytes,lib/ocaml/compiler-libs/config.cmi,16109
2026-10-05T16:16:28Z,23a7bba69fdb3d4bcfc7b30f6155e5f6f1f35a52,7344,size_in_bytes,lib/ocaml/compiler-libs/flambda2_datalog__.cmi,1785
2026-10-05T16:16:28Z,23a7bba69fdb3d4bcfc7b30f6155e5f6f1f35a52,7344,size_in_bytes,lib/ocaml/compiler-libs/errors.cmi,777
2026-10-05T16:16:28Z,23a7bba69fdb3d4bcfc7b30f6155e5f6f1f35a52,7344,size_in_bytes,lib/ocaml/compiler-libs/flambda2_from_lambda__Closure_conversion_aux.cmi,71064
2026-10-05T16:16:28Z,23a7bba69fdb3d4bcfc7b30f6155e5f6f1f35a52,7344,size_in_bytes,lib/ocaml/compiler-libs/flambda2_term_basics__Empty_array_kind.cmi,5478
2026-10-05T16:16:28Z,23a7bba69fdb3d4bcfc7b30f6155e5f6f1f35a52,7344,size_in_bytes,lib/ocaml/compiler-libs/select_utils.cmi,45560
2026-10-05T16:16:28Z,23a7bba69fdb3d4bcfc7b30f6155e5f6f1f35a52,7344,size_in_bytes,lib/ocaml/compiler-libs/flambda2_terms__Cost_metrics.cmi,12533
2026-10-05T16:16:28Z,23a7bba69fdb3d4bcfc7b30f6155e5f6f1f35a52,7344,size_in_bytes,lib/ocaml/compiler-libs/flambda2_to_cmm.cmi,1425
2026-10-05T16:16:28Z,23a7bba69fdb3d4bcfc7b30f6155e5f6f1f35a52,7344,size_in_bytes,lib/ocaml/compiler-libs/x86_gas.cmi,2173
2026-10-05T16:16:28Z,23a7bba69fdb3d4bcfc7b30f6155e5f6f1f35a52,7344,size_in_bytes,lib/ocaml/compiler-libs/vectorize_utils.cmi,17644
2026-10-05T16:16:28Z,23a7bba69fdb3d4bcfc7b30f6155e5f6f1f35a52,7344,size_in_bytes,lib/ocaml/compiler-libs/flambda2_term_basics__Unit.cmi,61360
2026-10-05T16:16:28Z,23a7bba69fdb3d4bcfc7b30f6155e5f6f1f35a52,7344,size_in_bytes,lib/ocaml/compiler-libs/flambda2_term_basics__Coercion.cmi,10081
2026-10-05T16:16:28Z,23a7bba69fdb3d4bcfc7b30f6155e5f6f1f35a52,7344,size_in_bytes,lib/ocaml/compiler-libs/flambda2_simplify__Named_rewrite.cmi,9342
2026-10-05T16:16:28Z,23a7bba69fdb3d4bcfc7b30f6155e5f6f1f35a52,7344,size_in_bytes,lib/ocaml/compiler-libs/flambda2_terms.cmi,5808
2026-10-05T16:16:28Z,23a7bba69fdb3d4bcfc7b30f6155e5f6f1f35a52,7344,size_in_bytes,lib/ocaml/compiler-libs/iplt.cmi,4947
2026-10-05T16:16:28Z,23a7bba69fdb3d4bcfc7b30f6155e5f6f1f35a52,7344,size_in_bytes,lib/ocaml/compiler-libs/tast_mapper.cmi,18957
2026-10-05T16:16:28Z,23a7bba69fdb3d4bcfc7b30f6155e5f6f1f35a52,7344,size_in_bytes,lib/ocaml/compiler-libs/reg.cmi,114067
2026-10-05T16:16:28Z,23a7bba69fdb3d4bcfc7b30f6155e5f6f1f35a52,7344,size_in_bytes,lib/ocaml/compiler-libs/flambda2_terms__Zero_alloc_attribute.cmi,8661
2026-10-05T16:16:28Z,23a7bba69fdb3d4bcfc7b30f6155e5f6f1f35a52,7344,size_in_bytes,lib/ocaml/compiler-libs/zero_alloc_annotations.cmi,3096
2026-10-05T16:16:28Z,23a7bba69fdb3d4bcfc7b30f6155e5f6f1f35a52,7344,size_in_bytes,lib/ocaml/compiler-libs/flambda2_datalog__Table.cmi,13666
2026-10-05T16:16:28Z,23a7bba69fdb3d4bcfc7b30f6155e5f6f1f35a52,7344,size_in_bytes,lib/ocaml/compiler-libs/cfg_edge.cmi,35295
2026-10-05T16:16:28Z,23a7bba69fdb3d4bcfc7b30f6155e5f6f1f35a52,7344,size_in_bytes,lib/ocaml/compiler-libs/arm64_binary_emitter__Adr_helpers.cmi,1861
2026-10-05T16:16:28Z,23a7bba69fdb3d4bcfc7b30f6155e5f6f1f35a52,7344,size_in_bytes,lib/ocaml/compiler-libs/asm_targets__Asm_directives_dwarf.cmi,741
2026-10-05T16:16:28Z,23a7bba69fdb3d4bcfc7b30f6155e5f6f1f35a52,7344,size_in_bytes,lib/ocaml/compiler-libs/arm64_binary_emitter__Mov_helpers.cmi,2132
2026-10-05T16:16:28Z,23a7bba69fdb3d4bcfc7b30f6155e5f6f1f35a52,7344,size_in_bytes,lib/ocaml/compiler-libs/partition.cmi,3789
2026-10-05T16:16:28Z,23a7bba69fdb3d4bcfc7b30f6155e5f6f1f35a52,7344,size_in_bytes,lib/ocaml/compiler-libs/flambda2_terms__Set_of_closures.cmi,65603
2026-10-05T16:16:28Z,23a7bba69fdb3d4bcfc7b30f6155e5f6f1f35a52,7344,size_in_bytes,lib/ocaml/compiler-libs/flambda2_to_jsir__To_jsir_env.cmi,21339
2026-10-05T16:16:28Z,23a7bba69fdb3d4bcfc7b30f6155e5f6f1f35a52,7344,size_in_bytes,lib/ocaml/compiler-libs/flambda2_to_cmm__To_cmm_set_of_closures.cmi,13888
2026-10-05T16:16:28Z,23a7bba69fdb3d4bcfc7b30f6155e5f6f1f35a52,7344,size_in_bytes,lib/ocaml/compiler-libs/cfg_quick_hash.cmi,11637
2026-10-05T16:16:28Z,23a7bba69fdb3d4bcfc7b30f6155e5f6f1f35a52,7344,size_in_bytes,lib/ocaml/compiler-libs/flambda2_simplify__Are_lifting_conts.cmi,12680
2026-10-05T16:16:28Z,23a7bba69fdb3d4bcfc7b30f6155e5f6f1f35a52,7344,size_in_bytes,lib/ocaml/compiler-libs/flambda2_datalog__Datalog_imports.cmi,11057
2026-10-05T16:16:28Z,23a7bba69fdb3d4bcfc7b30f6155e5f6f1f35a52,7344,size_in_bytes,lib/ocaml/compiler-libs/cfg_liveness.cmi,16862
2026-10-05T16:16:28Z,23a7bba69fdb3d4bcfc7b30f6155e5f6f1f35a52,7344,size_in_bytes,lib/ocaml/compiler-libs/flambda2_types__Typing_env.cmi,32780
2026-10-05T16:16:28Z,23a7bba69fdb3d4bcfc7b30f6155e5f6f1f35a52,7344,size_in_bytes,lib/ocaml/compiler-libs/flambda2_reaper__Datalog_helpers.cmi,104041
2026-10-05T16:16:28Z,23a7bba69fdb3d4bcfc7b30f6155e5f6f1f35a52,7344,size_in_bytes,lib/ocaml/compiler-libs/dwarf_low__Dwarf_int.cmi,4837
2026-10-05T16:16:28Z,23a7bba69fdb3d4bcfc7b30f6155e5f6f1f35a52,7344,size_in_bytes,lib/ocaml/compiler-libs/flambda2_to_jsir__To_jsir_static_const.cmi,12566
2026-10-05T16:16:28Z,23a7bba69fdb3d4bcfc7b30f6155e5f6f1f35a52,7344,size_in_bytes,lib/ocaml/compiler-libs/parser_types.cmi,3323
2026-10-05T16:16:28Z,23a7bba69fdb3d4bcfc7b30f6155e5f6f1f35a52,7344,size_in_bytes,lib/ocaml/compiler-libs/cmt2annot.cmi,3824
2026-10-05T16:16:28Z,23a7bba69fdb3d4bcfc7b30f6155e5f6f1f35a52,7344,size_in_bytes,lib/ocaml/compiler-libs/flambda2_terms__Apply_cont_expr.cmi,67365
2026-10-05T16:16:28Z,23a7bba69fdb3d4bcfc7b30f6155e5f6f1f35a52,7344,size_in_bytes,lib/ocaml/compiler-libs/location_tracker_formatter.cmi,5563
2026-10-05T16:16:28Z,23a7bba69fdb3d4bcfc7b30f6155e5f6f1f35a52,7344,size_in_bytes,lib/ocaml/compiler-libs/regs.cmi,75866
2026-10-05T16:16:28Z,23a7bba69fdb3d4bcfc7b30f6155e5f6f1f35a52,7344,size_in_bytes,lib/ocaml/compiler-libs/flambda2_lattices__Or_bottom.cmi,5000
2026-10-05T16:16:28Z,23a7bba69fdb3d4bcfc7b30f6155e5f6f1f35a52,7344,size_in_bytes,lib/ocaml/compiler-libs/dwarf_variables_and_parameters.cmi,13849
2026-10-05T16:16:28Z,23a7bba69fdb3d4bcfc7b30f6155e5f6f1f35a52,7344,size_in_bytes,lib/ocaml/compiler-libs/flambda2_simplify__Simplify_extcall.cmi,12588
2026-10-05T16:16:28Z,23a7bba69fdb3d4bcfc7b30f6155e5f6f1f35a52,7344,size_in_bytes,lib/ocaml/compiler-libs/flambda2_types__Expand_head.cmi,26199
2026-10-05T16:16:28Z,23a7bba69fdb3d4bcfc7b30f6155e5f6f1f35a52,7344,size_in_bytes,lib/ocaml/compiler-libs/btype.cmi,174724
2026-10-05T16:16:28Z,23a7bba69fdb3d4bcfc7b30f6155e5f6f1f35a52,7344,size_in_bytes,lib/ocaml/compiler-libs/printoperation.cmi,12518
2026-10-05T16:16:28Z,23a7bba69fdb3d4bcfc7b30f6155e5f6f1f35a52,7344,size_in_bytes,lib/ocaml/compiler-libs/persistent_env.cmi,34582
2026-10-05T16:16:28Z,23a7bba69fdb3d4bcfc7b30f6155e5f6f1f35a52,7344,size_in_bytes,lib/ocaml/compiler-libs/flambda2_types__Binding_time.cmi,60147
2026-10-05T16:16:28Z,23a7bba69fdb3d4bcfc7b30f6155e5f6f1f35a52,7344,size_in_bytes,lib/ocaml/compiler-libs/flambda2_types__With_cached_free_names.cmi,11425
2026-10-05T16:16:28Z,23a7bba69fdb3d4bcfc7b30f6155e5f6f1f35a52,7344,size_in_bytes,lib/ocaml/compiler-libs/regalloc_gi.cmi,11211
2026-10-05T16:16:28Z,23a7bba69fdb3d4bcfc7b30f6155e5f6f1f35a52,7344,size_in_bytes,lib/ocaml/compiler-libs/flambda2_simplify__Upwards_env.cmi,17712
2026-10-05T16:16:28Z,23a7bba69fdb3d4bcfc7b30f6155e5f6f1f35a52,7344,size_in_bytes,lib/ocaml/compiler-libs/flambda2_types__Type_descr.cmi,17097
2026-10-05T16:16:28Z,23a7bba69fdb3d4bcfc7b30f6155e5f6f1f35a52,7344,size_in_bytes,lib/ocaml/compiler-libs/flambda2_nominal__Ids_for_export.cmi,11372
2026-10-05T16:16:28Z,23a7bba69fdb3d4bcfc7b30f6155e5f6f1f35a52,7344,size_in_bytes,lib/ocaml/compiler-libs/flambda2_types__.cmi,3653
2026-10-05T16:16:28Z,23a7bba69fdb3d4bcfc7b30f6155e5f6f1f35a52,7344,size_in_bytes,lib/ocaml/compiler-libs/includemod_errorprinter.cmi,3570
2026-10-05T16:16:28Z,23a7bba69fdb3d4bcfc7b30f6155e5f6f1f35a52,7344,size_in_bytes,lib/ocaml/compiler-libs/flambda2_simplify__Is_unboxing_beneficial.cmi,9567
2026-10-05T16:16:28Z,23a7bba69fdb3d4bcfc7b30f6155e5f6f1f35a52,7344,size_in_bytes,lib/ocaml/compiler-libs/flambda2_terms__Code.cmi,20253
2026-10-05T16:16:28Z,23a7bba69fdb3d4bcfc7b30f6155e5f6f1f35a52,7344,size_in_bytes,lib/ocaml/compiler-libs/flambda2_reaper__Points_to_analysis.cmi,33358
2026-10-05T16:16:28Z,23a7bba69fdb3d4bcfc7b30f6155e5f6f1f35a52,7344,size_in_bytes,lib/ocaml/compiler-libs/build_igot_and_iplt.cmi,2439
2026-10-05T16:16:28Z,23a7bba69fdb3d4bcfc7b30f6155e5f6f1f35a52,7344,size_in_bytes,lib/ocaml/compiler-libs/flambda2_compare.cmi,347
2026-10-05T16:16:28Z,23a7bba69fdb3d4bcfc7b30f6155e5f6f1f35a52,7344,size_in_bytes,lib/ocaml/compiler-libs/cmm_peephole_engine.cmi,16153
2026-10-05T16:16:28Z,23a7bba69fdb3d4bcfc7b30f6155e5f6f1f35a52,7344,size_in_bytes,lib/ocaml/compiler-libs/jkind_axis.cmi,22834
2026-10-05T16:16:28Z,23a7bba69fdb3d4bcfc7b30f6155e5f6f1f35a52,7344,size_in_bytes,lib/ocaml/compiler-libs/flambda2_to_cmm__To_cmm_expr.cmi,10231
2026-10-05T16:16:28Z,23a7bba69fdb3d4bcfc7b30f6155e5f6f1f35a52,7344,size_in_bytes,lib/ocaml/compiler-libs/arm64_binary_emitter__All_section_states.cmi,9456
2026-10-05T16:16:28Z,23a7bba69fdb3d4bcfc7b30f6155e5f6f1f35a52,7344,size_in_bytes,lib/ocaml/compiler-libs/regalloc_gi_state.cmi,14974
2026-10-05T16:16:28Z,23a7bba69fdb3d4bcfc7b30f6155e5f6f1f35a52,7344,size_in_bytes,lib/ocaml/compiler-libs/regalloc_invariants.cmi,11442
2026-10-05T16:16:28Z,23a7bba69fdb3d4bcfc7b30f6155e5f6f1f35a52,7344,size_in_bytes,lib/ocaml/compiler-libs/flambda2_to_cmm__To_cmm_shared.cmi,25394
2026-10-05T16:16:28Z,23a7bba69fdb3d4bcfc7b30f6155e5f6f1f35a52,7344,size_in_bytes,lib/ocaml/compiler-libs/runtime_shape.cmi,26096
2026-10-05T16:16:28Z,23a7bba69fdb3d4bcfc7b30f6155e5f6f1f35a52,7344,size_in_bytes,lib/ocaml/compiler-libs/flambda2_nominal__Num_occurrences.cmi,1283
2026-10-05T16:16:28Z,23a7bba69fdb3d4bcfc7b30f6155e5f6f1f35a52,7344,size_in_bytes,lib/ocaml/compiler-libs/syntaxerr.cmi,4618
2026-10-05T16:16:28Z,23a7bba69fdb3d4bcfc7b30f6155e5f6f1f35a52,7344,size_in_bytes,lib/ocaml/compiler-libs/tast_iterator.cmi,18485
2026-10-05T16:16:28Z,23a7bba69fdb3d4bcfc7b30f6155e5f6f1f35a52,7344,size_in_bytes,lib/ocaml/compiler-libs/bytefunctorizer.cmi,1264
2026-10-05T16:16:28Z,23a7bba69fdb3d4bcfc7b30f6155e5f6f1f35a52,7344,size_in_bytes,lib/ocaml/compiler-libs/flambda2_datalog.cmi,168178
2026-10-05T16:16:28Z,23a7bba69fdb3d4bcfc7b30f6155e5f6f1f35a52,7344,size_in_bytes,lib/ocaml/compiler-libs/flambda2_numbers__Numeric_types.cmi,821086
2026-10-05T16:16:28Z,23a7bba69fdb3d4bcfc7b30f6155e5f6f1f35a52,7344,size_in_bytes,lib/ocaml/compiler-libs/flambda2_simplify__Build_unboxing_denv.cmi,10725
2026-10-05T16:16:28Z,23a7bba69fdb3d4bcfc7b30f6155e5f6f1f35a52,7344,size_in_bytes,lib/ocaml/compiler-libs/flambda2_simplify__Flow.cmi,21544
2026-10-05T16:16:28Z,23a7bba69fdb3d4bcfc7b30f6155e5f6f1f35a52,7344,size_in_bytes,lib/ocaml/compiler-libs/llvm_ir.cmi,125714
2026-10-05T16:16:28Z,23a7bba69fdb3d4bcfc7b30f6155e5f6f1f35a52,7344,size_in_bytes,lib/ocaml/compiler-libs/includemod.cmi,66555
2026-10-05T16:16:28Z,23a7bba69fdb3d4bcfc7b30f6155e5f6f1f35a52,7344,size_in_bytes,lib/ocaml/compiler-libs/flambda2_parser__Flambda_to_fexpr_commons.cmi,76676
2026-10-05T16:16:28Z,23a7bba69fdb3d4bcfc7b30f6155e5f6f1f35a52,7344,size_in_bytes,lib/ocaml/compiler-libs/flambda2_datalog__Column.cmi,66964
2026-10-05T16:16:28Z,23a7bba69fdb3d4bcfc7b30f6155e5f6f1f35a52,7344,size_in_bytes,lib/ocaml/compiler-libs/flambda2_simplify__Call_site_inlining_decision.cmi,12898
2026-10-05T16:16:28Z,23a7bba69fdb3d4bcfc7b30f6155e5f6f1f35a52,7344,size_in_bytes,lib/ocaml/compiler-libs/parsetree.cmi,82659
2026-10-05T16:16:28Z,23a7bba69fdb3d4bcfc7b30f6155e5f6f1f35a52,7344,size_in_bytes,lib/ocaml/compiler-libs/stack_class.cmi,17240
2026-10-05T16:16:28Z,23a7bba69fdb3d4bcfc7b30f6155e5f6f1f35a52,7344,size_in_bytes,lib/ocaml/compiler-libs/transl_list_comprehension.cmi,3631
2026-10-05T16:16:28Z,23a7bba69fdb3d4bcfc7b30f6155e5f6f1f35a52,7344,size_in_bytes,lib/ocaml/compiler-libs/flambda2_simplify__Continuation_extra_params_and_args.cmi,15647
2026-10-05T16:16:28Z,23a7bba69fdb3d4bcfc7b30f6155e5f6f1f35a52,7344,size_in_bytes,lib/ocaml/compiler-libs/vectorize.cmi,10859
2026-10-05T16:16:28Z,23a7bba69fdb3d4bcfc7b30f6155e5f6f1f35a52,7344,size_in_bytes,lib/ocaml/compiler-libs/flambda2_identifiers__Symbol.cmi,9353
2026-10-05T16:16:28Z,23a7bba69fdb3d4bcfc7b30f6155e5f6f1f35a52,7344,size_in_bytes,lib/ocaml/compiler-libs/cfg_available_regs.cmi,10777
2026-10-05T16:16:28Z,23a7bba69fdb3d4bcfc7b30f6155e5f6f1f35a52,7344,size_in_bytes,lib/ocaml/compiler-libs/dissector.cmi,4361
2026-10-05T16:16:28Z,23a7bba69fdb3d4bcfc7b30f6155e5f6f1f35a52,7344,size_in_bytes,lib/ocaml/compiler-libs/flambda2_terms__Recursive.cmi,7523
2026-10-05T16:16:28Z,23a7bba69fdb3d4bcfc7b30f6155e5f6f1f35a52,7344,size_in_bytes,lib/ocaml/compiler-libs/asttypes.cmi,5155
2026-10-05T16:16:28Z,23a7bba69fdb3d4bcfc7b30f6155e5f6f1f35a52,7344,size_in_bytes,lib/ocaml/compiler-libs/regalloc_ls_state.cmi,16396
2026-10-05T16:16:28Z,23a7bba69fdb3d4bcfc7b30f6155e5f6f1f35a52,7344,size_in_bytes,lib/ocaml/compiler-libs/vicuna_traverse_typed_tree.cmi,2869
2026-10-05T16:16:28Z,23a7bba69fdb3d4bcfc7b30f6155e5f6f1f35a52,7344,size_in_bytes,lib/ocaml/compiler-libs/flambda2_reaper__Analysis.cmi,13655
2026-10-05T16:16:28Z,23a7bba69fdb3d4bcfc7b30f6155e5f6f1f35a52,7344,size_in_bytes,lib/ocaml/compiler-libs/includeclass.cmi,4685
2026-10-05T16:16:28Z,23a7bba69fdb3d4bcfc7b30f6155e5f6f1f35a52,7344,size_in_bytes,lib/ocaml/compiler-libs/typemode.cmi,9061
2026-10-05T16:16:28Z,23a7bba69fdb3d4bcfc7b30f6155e5f6f1f35a52,7344,size_in_bytes,lib/ocaml/compiler-libs/cfg_compare.cmi,10982
2026-10-05T16:16:28Z,23a7bba69fdb3d4bcfc7b30f6155e5f6f1f35a52,7344,size_in_bytes,lib/ocaml/compiler-libs/flambda2_bound_identifiers__Alloc_mode.cmi,17879
2026-10-05T16:16:28Z,23a7bba69fdb3d4bcfc7b30f6155e5f6f1f35a52,7344,size_in_bytes,lib/ocaml/compiler-libs/dwarf_low__Single_location_description.cmi,2664
2026-10-05T16:16:28Z,23a7bba69fdb3d4bcfc7b30f6155e5f6f1f35a52,7344,size_in_bytes,lib/ocaml/compiler-libs/typedecl_variance.cmi,10223
2026-10-05T16:16:28Z,23a7bba69fdb3d4bcfc7b30f6155e5f6f1f35a52,7344,size_in_bytes,lib/ocaml/compiler-libs/env.cmi,144664
2026-10-05T16:16:28Z,23a7bba69fdb3d4bcfc7b30f6155e5f6f1f35a52,7344,size_in_bytes,lib/ocaml/compiler-libs/cmj_format.cmi,1811
2026-10-05T16:16:28Z,23a7bba69fdb3d4bcfc7b30f6155e5f6f1f35a52,7344,size_in_bytes,lib/ocaml/compiler-libs/flambda2_to_jsir.cmi,1228
2026-10-05T16:16:28Z,23a7bba69fdb3d4bcfc7b30f6155e5f6f1f35a52,7344,size_in_bytes,lib/ocaml/compiler-libs/flambda2_simplify__Mutable_unboxing.cmi,12762
2026-10-05T16:16:28Z,23a7bba69fdb3d4bcfc7b30f6155e5f6f1f35a52,7344,size_in_bytes,lib/ocaml/compiler-libs/flambda2_numbers__One_bit_fewer.cmi,24536
2026-10-05T16:16:28Z,23a7bba69fdb3d4bcfc7b30f6155e5f6f1f35a52,7344,size_in_bytes,lib/ocaml/compiler-libs/cmm.cmi,61340
2026-10-05T16:16:28Z,23a7bba69fdb3d4bcfc7b30f6155e5f6f1f35a52,7344,size_in_bytes,lib/ocaml/compiler-libs/dwarf_low__Dwarf_value.cmi,19912
2026-10-05T16:16:28Z,23a7bba69fdb3d4bcfc7b30f6155e5f6f1f35a52,7344,size_in_bytes,lib/ocaml/compiler-libs/flambda2_datalog__Heterogenous_list.cmi,6198
2026-10-05T16:16:28Z,23a7bba69fdb3d4bcfc7b30f6155e5f6f1f35a52,7344,size_in_bytes,lib/ocaml/compiler-libs/ast_iterator.cmi,18496
2026-10-05T16:16:28Z,23a7bba69fdb3d4bcfc7b30f6155e5f6f1f35a52,7344,size_in_bytes,lib/ocaml/compiler-libs/allowance.cmi,5764
2026-10-05T16:16:28Z,23a7bba69fdb3d4bcfc7b30f6155e5f6f1f35a52,7344,size_in_bytes,lib/ocaml/compiler-libs/diffing.cmi,9122
2026-10-05T16:16:28Z,23a7bba69fdb3d4bcfc7b30f6155e5f6f1f35a52,7344,size_in_bytes,lib/ocaml/compiler-libs/flambda2_terms__Expr_std.cmi,8765
2026-10-05T16:16:28Z,23a7bba69fdb3d4bcfc7b30f6155e5f6f1f35a52,7344,size_in_bytes,lib/ocaml/compiler-libs/flambda2_datalog__Lang.cmi,83665
2026-10-05T16:16:28Z,23a7bba69fdb3d4bcfc7b30f6155e5f6f1f35a52,7344,size_in_bytes,lib/ocaml/compiler-libs/flambda2_simplify__Simplify_variadic_primitive.cmi,12216
2026-10-05T16:16:28Z,23a7bba69fdb3d4bcfc7b30f6155e5f6f1f35a52,7344,size_in_bytes,lib/ocaml/compiler-libs/consistbl.cmi,49834
2026-10-05T16:16:28Z,23a7bba69fdb3d4bcfc7b30f6155e5f6f1f35a52,7344,size_in_bytes,lib/ocaml/compiler-libs/cfg_z3.cmi,14323
2026-10-05T16:16:28Z,23a7bba69fdb3d4bcfc7b30f6155e5f6f1f35a52,7344,size_in_bytes,lib/ocaml/compiler-libs/printblambda.cmi,5784
2026-10-05T16:16:28Z,23a7bba69fdb3d4bcfc7b30f6155e5f6f1f35a52,7344,size_in_bytes,lib/ocaml/compiler-libs/dwarf_low__Counted_location_description.cmi,2434
2026-10-05T16:16:28Z,23a7bba69fdb3d4bcfc7b30f6155e5f6f1f35a52,7344,size_in_bytes,lib/ocaml/compiler-libs/language_extension_kernel.cmi,2445
2026-10-05T16:16:28Z,23a7bba69fdb3d4bcfc7b30f6155e5f6f1f35a52,7344,size_in_bytes,lib/ocaml/compiler-libs/emit.cmi,11846
2026-10-05T16:16:28Z,23a7bba69fdb3d4bcfc7b30f6155e5f6f1f35a52,7344,size_in_bytes,lib/ocaml/compiler-libs/debuginfo.cmi,18853
2026-10-05T16:16:28Z,23a7bba69fdb3d4bcfc7b30f6155e5f6f1f35a52,7344,size_in_bytes,lib/ocaml/compiler-libs/stack_class_utils.cmi,23244
2026-10-05T16:16:28Z,23a7bba69fdb3d4bcfc7b30f6155e5f6f1f35a52,7344,size_in_bytes,lib/ocaml/compiler-libs/probe_emission.cmi,14816
2026-10-05T16:16:28Z,23a7bba69fdb3d4bcfc7b30f6155e5f6f1f35a52,7344,size_in_bytes,lib/ocaml/compiler-libs/regalloc_stack_slots.cmi,13908
2026-10-05T16:16:28Z,23a7bba69fdb3d4bcfc7b30f6155e5f6f1f35a52,7344,size_in_bytes,lib/ocaml/compiler-libs/flambda2_compare__Compare.cmi,10459
2026-10-05T16:16:28Z,23a7bba69fdb3d4bcfc7b30f6155e5f6f1f35a52,7344,size_in_bytes,lib/ocaml/compiler-libs/flambda2_simplify__Simplify_switch_expr.cmi,11753
2026-10-05T16:16:28Z,23a7bba69fdb3d4bcfc7b30f6155e5f6f1f35a52,7344,size_in_bytes,lib/ocaml/compiler-libs/flambda2_simplify__Continuation_uses.cmi,15320
2026-10-05T16:16:28Z,23a7bba69fdb3d4bcfc7b30f6155e5f6f1f35a52,7344,size_in_bytes,lib/ocaml/compiler-libs/dwarf_low__Range_list.cmi,2958
2026-10-05T16:16:28Z,23a7bba69fdb3d4bcfc7b30f6155e5f6f1f35a52,7344,size_in_bytes,lib/ocaml/compiler-libs/simplify_terminator.cmi,10654
2026-10-05T16:16:28Z,23a7bba69fdb3d4bcfc7b30f6155e5f6f1f35a52,7344,size_in_bytes,lib/ocaml/compiler-libs/ast_mapper.cmi,24960
2026-10-05T16:16:28Z,23a7bba69fdb3d4bcfc7b30f6155e5f6f1f35a52,7344,size_in_bytes,lib/ocaml/compiler-libs/flambda2_term_basics__String_info.cmi,56292
2026-10-05T16:16:28Z,23a7bba69fdb3d4bcfc7b30f6155e5f6f1f35a52,7344,size_in_bytes,lib/ocaml/compiler-libs/flambda2_to_jsir__To_jsir.cmi,10863
2026-10-05T16:16:28Z,23a7bba69fdb3d4bcfc7b30f6155e5f6f1f35a52,7344,size_in_bytes,lib/ocaml/compiler-libs/flambda2_floats.cmi,348
2026-10-05T16:16:28Z,23a7bba69fdb3d4bcfc7b30f6155e5f6f1f35a52,7344,size_in_bytes,lib/ocaml/compiler-libs/flambda2_simplify__Lifted_constant.cmi,20928
2026-10-05T16:16:28Z,23a7bba69fdb3d4bcfc7b30f6155e5f6f1f35a52,7344,size_in_bytes,lib/ocaml/compiler-libs/runtimedef.cmi,557
2026-10-05T16:16:28Z,23a7bba69fdb3d4bcfc7b30f6155e5f6f1f35a52,7344,size_in_bytes,lib/ocaml/compiler-libs/optlink.cmi,14681
2026-10-05T16:16:28Z,23a7bba69fdb3d4bcfc7b30f6155e5f6f1f35a52,7344,size_in_bytes,lib/ocaml/compiler-libs/flambda2_datalog__Schedule.cmi,3894
2026-10-05T16:16:28Z,23a7bba69fdb3d4bcfc7b30f6155e5f6f1f35a52,7344,size_in_bytes,lib/ocaml/compiler-libs/asmgen.cmi,17278
2026-10-05T16:16:28Z,23a7bba69fdb3d4bcfc7b30f6155e5f6f1f35a52,7344,size_in_bytes,lib/ocaml/compiler-libs/flambda2_terms__Inlining_arguments.cmi,10824
2026-10-05T16:16:28Z,23a7bba69fdb3d4bcfc7b30f6155e5f6f1f35a52,7344,size_in_bytes,lib/ocaml/compiler-libs/flambda2_types__Provers.cmi,43374
2026-10-05T16:16:28Z,23a7bba69fdb3d4bcfc7b30f6155e5f6f1f35a52,7344,size_in_bytes,lib/ocaml/compiler-libs/dwarf_low__Dwarf_4_location_list.cmi,3044
2026-10-05T16:16:28Z,23a7bba69fdb3d4bcfc7b30f6155e5f6f1f35a52,7344,size_in_bytes,lib/ocaml/compiler-libs/flambda2_types__Meet_and_join.cmi,8383
2026-10-05T16:16:28Z,23a7bba69fdb3d4bcfc7b30f6155e5f6f1f35a52,7344,size_in_bytes,lib/ocaml/compiler-libs/flambda2_simplify__Simplify_set_of_closures_context.cmi,16260
2026-10-05T16:16:28Z,23a7bba69fdb3d4bcfc7b30f6155e5f6f1f35a52,7344,size_in_bytes,lib/ocaml/compiler-libs/debug.cmi,771
2026-10-05T16:16:28Z,23a7bba69fdb3d4bcfc7b30f6155e5f6f1f35a52,7344,size_in_bytes,lib/ocaml/compiler-libs/location.cmi,33399
2026-10-05T16:16:28Z,23a7bba69fdb3d4bcfc7b30f6155e5f6f1f35a52,7344,size_in_bytes,lib/ocaml/compiler-libs/dwarf_low__Dwarf_4_entry_sorting.cmi,1176
2026-10-05T16:16:28Z,23a7bba69fdb3d4bcfc7b30f6155e5f6f1f35a52,7344,size_in_bytes,lib/ocaml/compiler-libs/dwarf_name_laundry.cmi,4470
2026-10-05T16:16:28Z,23a7bba69fdb3d4bcfc7b30f6155e5f6f1f35a52,7344,size_in_bytes,lib/ocaml/compiler-libs/flambda2_simplify_shared__Slot_offsets.cmi,14242
2026-10-05T16:16:28Z,23a7bba69fdb3d4bcfc7b30f6155e5f6f1f35a52,7344,size_in_bytes,lib/ocaml/compiler-libs/flambda2_import.cmi,365
2026-10-05T16:16:28Z,23a7bba69fdb3d4bcfc7b30f6155e5f6f1f35a52,7344,size_in_bytes,lib/ocaml/compiler-libs/flambda2_simplify__Simplify_ternary_primitive.cmi,12685
2026-10-05T16:16:28Z,23a7bba69fdb3d4bcfc7b30f6155e5f6f1f35a52,7344,size_in_bytes,lib/ocaml/compiler-libs/arm64_binary_emitter__Csel_helpers.cmi,2025
2026-10-05T16:16:28Z,23a7bba69fdb3d4bcfc7b30f6155e5f6f1f35a52,7344,size_in_bytes,lib/ocaml/compiler-libs/dwarf_low__Debugging_information_entry.cmi,4789
2026-10-05T16:16:28Z,23a7bba69fdb3d4bcfc7b30f6155e5f6f1f35a52,7344,size_in_bytes,lib/ocaml/compiler-libs/ident.cmi,65174
2026-10-05T16:16:28Z,23a7bba69fdb3d4bcfc7b30f6155e5f6f1f35a52,7344,size_in_bytes,lib/ocaml/compiler-libs/flambda2_floats__Float32.cmi,4327
2026-10-05T16:16:28Z,23a7bba69fdb3d4bcfc7b30f6155e5f6f1f35a52,7344,size_in_bytes,lib/ocaml/compiler-libs/topmain.cmi,456
2026-10-05T16:16:28Z,23a7bba69fdb3d4bcfc7b30f6155e5f6f1f35a52,7344,size_in_bytes,lib/ocaml/compiler-libs/switch.cmi,12775
2026-10-05T16:16:28Z,23a7bba69fdb3d4bcfc7b30f6155e5f6f1f35a52,7344,size_in_bytes,lib/ocaml/compiler-libs/amd64_simd_defs.cmi,22173
2026-10-05T16:16:28Z,23a7bba69fdb3d4bcfc7b30f6155e5f6f1f35a52,7344,size_in_bytes,lib/ocaml/compiler-libs/flambda2_term_basics__Symbol_projection.cmi,10515
2026-10-05T16:16:28Z,23a7bba69fdb3d4bcfc7b30f6155e5f6f1f35a52,7344,size_in_bytes,lib/ocaml/compiler-libs/dwarf_high__Dwarf_attribute_helpers.cmi,23568
2026-10-05T16:16:28Z,23a7bba69fdb3d4bcfc7b30f6155e5f6f1f35a52,7344,size_in_bytes,lib/ocaml/compiler-libs/flambda2_algorithms__Channel.cmi,3203
2026-10-05T16:16:28Z,23a7bba69fdb3d4bcfc7b30f6155e5f6f1f35a52,7344,size_in_bytes,lib/ocaml/compiler-libs/meta.cmi,4733
2026-10-05T16:16:28Z,23a7bba69fdb3d4bcfc7b30f6155e5f6f1f35a52,7344,size_in_bytes,lib/ocaml/compiler-libs/cmt_format.cmi,12350
2026-10-05T16:16:28Z,23a7bba69fdb3d4bcfc7b30f6155e5f6f1f35a52,7344,size_in_bytes,lib/ocaml/compiler-libs/dwarf_concrete_instances.cmi,13571
2026-10-05T16:16:28Z,23a7bba69fdb3d4bcfc7b30f6155e5f6f1f35a52,7344,size_in_bytes,lib/ocaml/compiler-libs/flambda2_term_basics__Simple.cmi,192072
2026-10-05T16:16:28Z,23a7bba69fdb3d4bcfc7b30f6155e5f6f1f35a52,7344,size_in_bytes,lib/ocaml/compiler-libs/flambda2_simplify__Unboxing_epa.cmi,11350
2026-10-05T16:16:28Z,23a7bba69fdb3d4bcfc7b30f6155e5f6f1f35a52,7344,size_in_bytes,lib/ocaml/compiler-libs/x86_ast_utils.cmi,4901
2026-10-05T16:16:28Z,23a7bba69fdb3d4bcfc7b30f6155e5f6f1f35a52,7344,size_in_bytes,lib/ocaml/compiler-libs/flambda2_terms__Code_or_metadata.cmi,15707
2026-10-05T16:16:28Z,23a7bba69fdb3d4bcfc7b30f6155e5f6f1f35a52,7344,size_in_bytes,lib/ocaml/compiler-libs/flambda2_simplify__Specialization_cost.cmi,13449
2026-10-05T16:16:28Z,23a7bba69fdb3d4bcfc7b30f6155e5f6f1f35a52,7344,size_in_bytes,lib/ocaml/compiler-libs/bytelink.cmi,20876
2026-10-05T16:16:28Z,23a7bba69fdb3d4bcfc7b30f6155e5f6f1f35a52,7344,size_in_bytes,lib/ocaml/compiler-libs/parser.cmi,101909
2026-10-05T16:16:28Z,23a7bba69fdb3d4bcfc7b30f6155e5f6f1f35a52,7344,size_in_bytes,lib/ocaml/compiler-libs/identifiable.cmi,164560
2026-10-05T16:16:28Z,23a7bba69fdb3d4bcfc7b30f6155e5f6f1f35a52,7344,size_in_bytes,lib/ocaml/compiler-libs/ir_config_fingerprint.cmi,2477
2026-10-05T16:16:28Z,23a7bba69fdb3d4bcfc7b30f6155e5f6f1f35a52,7344,size_in_bytes,lib/ocaml/compiler-libs/flambda2_simplify__Simplify_import.cmi,13142
2026-10-05T16:16:28Z,23a7bba69fdb3d4bcfc7b30f6155e5f6f1f35a52,7344,size_in_bytes,lib/ocaml/compiler-libs/regalloc_split_utils.cmi,15042
2026-10-05T16:16:28Z,23a7bba69fdb3d4bcfc7b30f6155e5f6f1f35a52,7344,size_in_bytes,lib/ocaml/compiler-libs/flambda2_reaper__Traverse_acc.cmi,32298
2026-10-05T16:16:28Z,23a7bba69fdb3d4bcfc7b30f6155e5f6f1f35a52,7344,size_in_bytes,lib/ocaml/compiler-libs/dissector_log.cmi,928
2026-10-05T16:16:28Z,23a7bba69fdb3d4bcfc7b30f6155e5f6f1f35a52,7344,size_in_bytes,lib/ocaml/compiler-libs/flambda2_terms__Inlining_history.cmi,15910
2026-10-05T16:16:28Z,23a7bba69fdb3d4bcfc7b30f6155e5f6f1f35a52,7344,size_in_bytes,lib/ocaml/compiler-libs/flambda2_terms__Loopify_attribute.cmi,8174
2026-10-05T16:16:28Z,23a7bba69fdb3d4bcfc7b30f6155e5f6f1f35a52,7344,size_in_bytes,lib/ocaml/compiler-libs/flambda2_simplify__Simplify_named_result.cmi,14095
2026-10-05T16:16:28Z,23a7bba69fdb3d4bcfc7b30f6155e5f6f1f35a52,7344,size_in_bytes,lib/ocaml/compiler-libs/ast_helper.cmi,138887
2026-10-05T16:16:28Z,23a7bba69fdb3d4bcfc7b30f6155e5f6f1f35a52,7344,size_in_bytes,lib/ocaml/compiler-libs/slambda_fracture.cmi,2912
2026-10-05T16:16:28Z,23a7bba69fdb3d4bcfc7b30f6155e5f6f1f35a52,7344,size_in_bytes,lib/ocaml/compiler-libs/extra_debug.cmi,10739
2026-10-05T16:16:28Z,23a7bba69fdb3d4bcfc7b30f6155e5f6f1f35a52,7344,size_in_bytes,lib/ocaml/compiler-libs/shape.cmi,130861
2026-10-05T16:16:28Z,23a7bba69fdb3d4bcfc7b30f6155e5f6f1f35a52,7344,size_in_bytes,lib/ocaml/compiler-libs/typedecl.cmi,30951
2026-10-05T16:16:28Z,23a7bba69fdb3d4bcfc7b30f6155e5f6f1f35a52,7344,size_in_bytes,lib/ocaml/compiler-libs/flambda2_classic_mode_types__Value_approximation.cmi,8360
2026-10-05T16:16:28Z,23a7bba69fdb3d4bcfc7b30f6155e5f6f1f35a52,7344,size_in_bytes,lib/ocaml/compiler-libs/dwarf_low__Aranges_table.cmi,2395
2026-10-05T16:16:28Z,23a7bba69fdb3d4bcfc7b30f6155e5f6f1f35a52,7344,size_in_bytes,lib/ocaml/compiler-libs/flambda2_simplify__Reification.cmi,12064
2026-10-05T16:16:28Z,23a7bba69fdb3d4bcfc7b30f6155e5f6f1f35a52,7344,size_in_bytes,lib/ocaml/compiler-libs/misc.cmi,218594
2026-10-05T16:16:28Z,23a7bba69fdb3d4bcfc7b30f6155e5f6f1f35a52,7344,size_in_bytes,lib/ocaml/compiler-libs/dwarf_low__Debug_info_section.cmi,3442
2026-10-05T16:16:28Z,23a7bba69fdb3d4bcfc7b30f6155e5f6f1f35a52,7344,size_in_bytes,lib/ocaml/compiler-libs/flambda2_kinds__Flambda_arity.cmi,11361
2026-10-05T16:16:28Z,23a7bba69fdb3d4bcfc7b30f6155e5f6f1f35a52,7344,size_in_bytes,lib/ocaml/compiler-libs/flambda2_types__More_type_creators.cmi,29951
2026-10-05T16:16:28Z,23a7bba69fdb3d4bcfc7b30f6155e5f6f1f35a52,7344,size_in_bytes,lib/ocaml/compiler-libs/predef.cmi,41328
2026-10-05T16:16:28Z,23a7bba69fdb3d4bcfc7b30f6155e5f6f1f35a52,7344,size_in_bytes,lib/ocaml/compiler-libs/flambda2_simplify__Simplify_set_of_closures.cmi,14326
2026-10-05T16:16:28Z,23a7bba69fdb3d4bcfc7b30f6155e5f6f1f35a52,7344,size_in_bytes,lib/ocaml/compiler-libs/cfg_stack_checks.cmi,10773
2026-10-05T16:16:28Z,23a7bba69fdb3d4bcfc7b30f6155e5f6f1f35a52,7344,size_in_bytes,lib/ocaml/compiler-libs/blambda.cmi,16926
2026-10-05T16:16:28Z,23a7bba69fdb3d4bcfc7b30f6155e5f6f1f35a52,7344,size_in_bytes,lib/ocaml/compiler-libs/errortrace.cmi,25606
2026-10-05T16:16:28Z,23a7bba69fdb3d4bcfc7b30f6155e5f6f1f35a52,7344,size_in_bytes,lib/ocaml/compiler-libs/flambda2_bound_identifiers__Bound_pattern.cmi,12769
2026-10-05T16:16:28Z,23a7bba69fdb3d4bcfc7b30f6155e5f6f1f35a52,7344,size_in_bytes,lib/ocaml/compiler-libs/typedecl_separability.cmi,4230
2026-10-05T16:16:28Z,23a7bba69fdb3d4bcfc7b30f6155e5f6f1f35a52,7344,size_in_bytes,lib/ocaml/compiler-libs/cmm_helpers.cmi,189012
2026-10-05T16:16:28Z,23a7bba69fdb3d4bcfc7b30f6155e5f6f1f35a52,7344,size_in_bytes,lib/ocaml/compiler-libs/dwarf_low__Range_list_entry.cmi,3553
2026-10-05T16:16:28Z,23a7bba69fdb3d4bcfc7b30f6155e5f6f1f35a52,7344,size_in_bytes,lib/ocaml/compiler-libs/flambda2_from_lambda__Lambda_to_lambda_transforms.cmi,8773
2026-10-05T16:16:28Z,23a7bba69fdb3d4bcfc7b30f6155e5f6f1f35a52,7344,size_in_bytes,lib/ocaml/compiler-libs/eh_frame_registration.cmi,659
2026-10-05T16:16:28Z,23a7bba69fdb3d4bcfc7b30f6155e5f6f1f35a52,7344,size_in_bytes,lib/ocaml/compiler-libs/flambda2_term_basics__Inlined_debuginfo.cmi,6565
2026-10-05T16:16:28Z,23a7bba69fdb3d4bcfc7b30f6155e5f6f1f35a52,7344,size_in_bytes,lib/ocaml/compiler-libs/regalloc_affinity.cmi,13159
2026-10-05T16:16:28Z,23a7bba69fdb3d4bcfc7b30f6155e5f6f1f35a52,7344,size_in_bytes,lib/ocaml/compiler-libs/flambda2_parser__Fexpr_prim.cmi,41903
2026-10-05T16:16:28Z,23a7bba69fdb3d4bcfc7b30f6155e5f6f1f35a52,7344,size_in_bytes,lib/ocaml/compiler-libs/opterrors.cmi,789
2026-10-05T16:16:28Z,23a7bba69fdb3d4bcfc7b30f6155e5f6f1f35a52,7344,size_in_bytes,lib/ocaml/compiler-libs/cfg_loop_infos.cmi,14007
2026-10-05T16:16:28Z,23a7bba69fdb3d4bcfc7b30f6155e5f6f1f35a52,7344,size_in_bytes,lib/ocaml/compiler-libs/translcore.cmi,9933
2026-10-05T16:16:28Z,23a7bba69fdb3d4bcfc7b30f6155e5f6f1f35a52,7344,size_in_bytes,lib/ocaml/compiler-libs/flambda2_reaper.cmi,2421
2026-10-05T16:16:28Z,23a7bba69fdb3d4bcfc7b30f6155e5f6f1f35a52,7344,size_in_bytes,lib/ocaml/compiler-libs/out_type.cmi,27934
2026-10-05T16:16:28Z,23a7bba69fdb3d4bcfc7b30f6155e5f6f1f35a52,7344,size_in_bytes,lib/ocaml/compiler-libs/flambda2_identifiers__Rec_info_expr0.cmi,13391
2026-10-05T16:16:28Z,23a7bba69fdb3d4bcfc7b30f6155e5f6f1f35a52,7344,size_in_bytes,lib/ocaml/compiler-libs/flambda2_simplify__Comparison_result.cmi,8649
2026-10-05T16:16:28Z,23a7bba69fdb3d4bcfc7b30f6155e5f6f1f35a52,7344,size_in_bytes,lib/ocaml/compiler-libs/asm_targets.cmi,966
2026-10-05T16:16:28Z,23a7bba69fdb3d4bcfc7b30f6155e5f6f1f35a52,7344,size_in_bytes,lib/ocaml/compiler-libs/flambda2_simplify__Simplify_unary_primitive.cmi,12230
2026-10-05T16:16:28Z,23a7bba69fdb3d4bcfc7b30f6155e5f6f1f35a52,7344,size_in_bytes,lib/ocaml/compiler-libs/arm64_binary_emitter__Section_state.cmi,9241
2026-10-05T16:16:28Z,23a7bba69fdb3d4bcfc7b30f6155e5f6f1f35a52,7344,size_in_bytes,lib/ocaml/compiler-libs/flambda2_datalog__Bytecode.cmi,10216
2026-10-05T16:16:28Z,23a7bba69fdb3d4bcfc7b30f6155e5f6f1f35a52,7344,size_in_bytes,lib/ocaml/compiler-libs/flambda2_types__Join_levels.cmi,8352
2026-10-05T16:16:28Z,23a7bba69fdb3d4bcfc7b30f6155e5f6f1f35a52,7344,size_in_bytes,lib/ocaml/compiler-libs/flambda2_term_basics__Scope.cmi,58612
2026-10-05T16:16:28Z,23a7bba69fdb3d4bcfc7b30f6155e5f6f1f35a52,7344,size_in_bytes,lib/ocaml/compiler-libs/binary_emitter_verify.cmi,4776
2026-10-05T16:16:28Z,23a7bba69fdb3d4bcfc7b30f6155e5f6f1f35a52,7344,size_in_bytes,lib/ocaml/compiler-libs/camlinternalMenhirLib.cmi,151418
2026-10-05T16:16:28Z,23a7bba69fdb3d4bcfc7b30f6155e5f6f1f35a52,7344,size_in_bytes,lib/ocaml/compiler-libs/stypes.cmi,4626
2026-10-05T16:16:28Z,23a7bba69fdb3d4bcfc7b30f6155e5f6f1f35a52,7344,size_in_bytes,lib/ocaml/compiler-libs/flambda2_simplify__Rebuilt_static_const.cmi,32060
2026-10-05T16:16:28Z,23a7bba69fdb3d4bcfc7b30f6155e5f6f1f35a52,7344,size_in_bytes,lib/ocaml/compiler-libs/debug_event.cmi,9438
2026-10-05T16:16:28Z,23a7bba69fdb3d4bcfc7b30f6155e5f6f1f35a52,7344,size_in_bytes,lib/ocaml/compiler-libs/flambda2_to_cmm__To_cmm_result.cmi,15844
2026-10-05T16:16:28Z,23a7bba69fdb3d4bcfc7b30f6155e5f6f1f35a52,7344,size_in_bytes,lib/ocaml/compiler-libs/flambda2_kinds.cmi,578
2026-10-05T16:16:28Z,23a7bba69fdb3d4bcfc7b30f6155e5f6f1f35a52,7344,size_in_bytes,lib/ocaml/compiler-libs/diffing_with_keys.cmi,7926
2026-10-05T16:16:28Z,23a7bba69fdb3d4bcfc7b30f6155e5f6f1f35a52,7344,size_in_bytes,lib/ocaml/compiler-libs/flambda2_cmx__Flambda_cmx.cmi,13238
2026-10-05T16:16:28Z,23a7bba69fdb3d4bcfc7b30f6155e5f6f1f35a52,7344,size_in_bytes,lib/ocaml/compiler-libs/flambda2_simplify__Common_subexpression_elimination.cmi,13075
2026-10-05T16:16:28Z,23a7bba69fdb3d4bcfc7b30f6155e5f6f1f35a52,7344,size_in_bytes,lib/ocaml/compiler-libs/dwarf_reg_locations.cmi,10584
2026-10-05T16:16:28Z,23a7bba69fdb3d4bcfc7b30f6155e5f6f1f35a52,7344,size_in_bytes,lib/ocaml/compiler-libs/flambda2_simplify__Simplify_nullary_primitive.cmi,12003
2026-10-05T16:16:28Z,23a7bba69fdb3d4bcfc7b30f6155e5f6f1f35a52,7344,size_in_bytes,lib/ocaml/compiler-libs/flambda2_terms__Function_declarations.cmi,11468
2026-10-05T16:16:28Z,23a7bba69fdb3d4bcfc7b30f6155e5f6f1f35a52,7344,size_in_bytes,lib/ocaml/compiler-libs/flambda2_terms__Code0.cmi,25076
2026-10-05T16:16:28Z,23a7bba69fdb3d4bcfc7b30f6155e5f6f1f35a52,7344,size_in_bytes,lib/ocaml/compiler-libs/topstart.cmi,223
2026-10-05T16:16:28Z,23a7bba69fdb3d4bcfc7b30f6155e5f6f1f35a52,7344,size_in_bytes,lib/ocaml/compiler-libs/byteinstantiator.cmi,713
2026-10-05T16:16:28Z,23a7bba69fdb3d4bcfc7b30f6155e5f6f1f35a52,7344,size_in_bytes,lib/ocaml/compiler-libs/flambda2_terms__Static_const.cmi,81160
2026-10-05T16:16:28Z,23a7bba69fdb3d4bcfc7b30f6155e5f6f1f35a52,7344,size_in_bytes,lib/ocaml/compiler-libs/language_extension.cmi,15511
2026-10-05T16:16:28Z,23a7bba69fdb3d4bcfc7b30f6155e5f6f1f35a52,7344,size_in_bytes,lib/ocaml/compiler-libs/flambda2_simplify__Closure_info.cmi,9343
2026-10-05T16:16:28Z,23a7bba69fdb3d4bcfc7b30f6155e5f6f1f35a52,7344,size_in_bytes,lib/ocaml/compiler-libs/flambda2_ui__Flambda_colours.cmi,5957
2026-10-05T16:16:28Z,23a7bba69fdb3d4bcfc7b30f6155e5f6f1f35a52,7344,size_in_bytes,lib/ocaml/compiler-libs/annot.cmi,1645
2026-10-05T16:16:28Z,23a7bba69fdb3d4bcfc7b30f6155e5f6f1f35a52,7344,size_in_bytes,lib/ocaml/compiler-libs/flambda2_simplify__Simplify_quaternary_primitive.cmi,19800
2026-10-05T16:16:28Z,23a7bba69fdb3d4bcfc7b30f6155e5f6f1f35a52,7344,size_in_bytes,lib/ocaml/compiler-libs/flambda2_simplify__Flow_analysis.cmi,12860
2026-10-05T16:16:28Z,23a7bba69fdb3d4bcfc7b30f6155e5f6f1f35a52,7344,size_in_bytes,lib/ocaml/compiler-libs/opttoploop.cmi,24061
2026-10-05T16:16:28Z,23a7bba69fdb3d4bcfc7b30f6155e5f6f1f35a52,7344,size_in_bytes,lib/ocaml/compiler-libs/flambda2_terms__Probe.cmi,7749
2026-10-05T16:16:28Z,23a7bba69fdb3d4bcfc7b30f6155e5f6f1f35a52,7344,size_in_bytes,lib/ocaml/compiler-libs/flambda2_terms__Poll_attribute.cmi,8187
2026-10-05T16:16:28Z,23a7bba69fdb3d4bcfc7b30f6155e5f6f1f35a52,7344,size_in_bytes,lib/ocaml/compiler-libs/arm64_binary_emitter__Bitfield_helpers.cmi,1974
2026-10-05T16:16:28Z,23a7bba69fdb3d4bcfc7b30f6155e5f6f1f35a52,7344,size_in_bytes,lib/ocaml/compiler-libs/axis_lattice.cmi,10797
2026-10-05T16:16:28Z,23a7bba69fdb3d4bcfc7b30f6155e5f6f1f35a52,7344,size_in_bytes,lib/ocaml/compiler-libs/bytelibrarian.cmi,2377
2026-10-05T16:16:28Z,23a7bba69fdb3d4bcfc7b30f6155e5f6f1f35a52,7344,size_in_bytes,lib/ocaml/compiler-libs/toploop.cmi,23879
2026-10-05T16:16:28Z,23a7bba69fdb3d4bcfc7b30f6155e5f6f1f35a52,7344,size_in_bytes,lib/ocaml/compiler-libs/current_unit.cmi,4226
2026-10-05T16:16:28Z,23a7bba69fdb3d4bcfc7b30f6155e5f6f1f35a52,7344,size_in_bytes,lib/ocaml/compiler-libs/x86_peephole_rules.cmi,2719
2026-10-05T16:16:28Z,23a7bba69fdb3d4bcfc7b30f6155e5f6f1f35a52,7344,size_in_bytes,lib/ocaml/compiler-libs/relocatable_symbol_name.cmi,876
2026-10-05T16:16:28Z,23a7bba69fdb3d4bcfc7b30f6155e5f6f1f35a52,7344,size_in_bytes,lib/ocaml/compiler-libs/flambda2_terms__Effects_and_coeffects.cmi,8811
2026-10-05T16:16:28Z,23a7bba69fdb3d4bcfc7b30f6155e5f6f1f35a52,7344,size_in_bytes,lib/ocaml/compiler-libs/branch_relaxation_intf.cmi,13616
2026-10-05T16:16:28Z,23a7bba69fdb3d4bcfc7b30f6155e5f6f1f35a52,7344,size_in_bytes,lib/ocaml/compiler-libs/flambda2_terms__Mutability.cmi,8514
2026-10-05T16:16:28Z,23a7bba69fdb3d4bcfc7b30f6155e5f6f1f35a52,7344,size_in_bytes,lib/ocaml/compiler-libs/arm64_binary_emitter__Simd_helpers.cmi,9445
2026-10-05T16:16:28Z,23a7bba69fdb3d4bcfc7b30f6155e5f6f1f35a52,7344,size_in_bytes,lib/ocaml/compiler-libs/cfg_selection.cmi,26207
2026-10-05T16:16:28Z,23a7bba69fdb3d4bcfc7b30f6155e5f6f1f35a52,7344,size_in_bytes,lib/ocaml/compiler-libs/pprintast.cmi,11848
2026-10-05T16:16:28Z,23a7bba69fdb3d4bcfc7b30f6155e5f6f1f35a52,7344,size_in_bytes,lib/ocaml/compiler-libs/backend_var.cmi,23394
2026-10-05T16:16:28Z,23a7bba69fdb3d4bcfc7b30f6155e5f6f1f35a52,7344,size_in_bytes,lib/ocaml/compiler-libs/printcfg.cmi,16871
2026-10-05T16:16:28Z,23a7bba69fdb3d4bcfc7b30f6155e5f6f1f35a52,7344,size_in_bytes,lib/ocaml/compiler-libs/parse.cmi,4749
2026-10-05T16:16:28Z,23a7bba69fdb3d4bcfc7b30f6155e5f6f1f35a52,7344,size_in_bytes,lib/ocaml/compiler-libs/flambda2_parser__Fexpr_to_flambda_commons.cmi,107221
2026-10-05T16:16:28Z,23a7bba69fdb3d4bcfc7b30f6155e5f6f1f35a52,7344,size_in_bytes,lib/ocaml/compiler-libs/arm64_binary_emitter__Shift_immh_immb_helpers.cmi,2281
2026-10-05T16:16:28Z,23a7bba69fdb3d4bcfc7b30f6155e5f6f1f35a52,7344,size_in_bytes,lib/ocaml/compiler-libs/flambda2_reaper__Reaper.cmi,10485
2026-10-05T16:16:28Z,23a7bba69fdb3d4bcfc7b30f6155e5f6f1f35a52,7344,size_in_bytes,lib/ocaml/compiler-libs/flambda2_terms__Code_size.cmi,12643
2026-10-05T16:16:28Z,23a7bba69fdb3d4bcfc7b30f6155e5f6f1f35a52,7344,size_in_bytes,lib/ocaml/compiler-libs/flambda2_nominal__Bindable.cmi,7511
2026-10-05T16:16:28Z,23a7bba69fdb3d4bcfc7b30f6155e5f6f1f35a52,7344,size_in_bytes,lib/ocaml/compiler-libs/flambda2_classic_mode_types.cmi,463
2026-10-05T16:16:28Z,23a7bba69fdb3d4bcfc7b30f6155e5f6f1f35a52,7344,size_in_bytes,lib/ocaml/compiler-libs/flambda2_types__Code_age_relation.cmi,9543
2026-10-05T16:16:28Z,23a7bba69fdb3d4bcfc7b30f6155e5f6f1f35a52,7344,size_in_bytes,lib/ocaml/compiler-libs/dwarf_low__Dwarf_4_location_list_entry.cmi,3995
2026-10-05T16:16:28Z,23a7bba69fdb3d4bcfc7b30f6155e5f6f1f35a52,7344,size_in_bytes,lib/ocaml/compiler-libs/makedepend.cmi,903
2026-10-05T16:16:28Z,23a7bba69fdb3d4bcfc7b30f6155e5f6f1f35a52,7344,size_in_bytes,lib/ocaml/compiler-libs/flambda2_terms__Validity.cmi,7887
2026-10-05T16:16:28Z,23a7bba69fdb3d4bcfc7b30f6155e5f6f1f35a52,7344,size_in_bytes,lib/ocaml/compiler-libs/flambda2_identifiers__Variable.cmi,9970
2026-10-05T16:16:28Z,23a7bba69fdb3d4bcfc7b30f6155e5f6f1f35a52,7344,size_in_bytes,lib/ocaml/compiler-libs/untypeast.cmi,20509
2026-10-05T16:16:28Z,23a7bba69fdb3d4bcfc7b30f6155e5f6f1f35a52,7344,size_in_bytes,lib/ocaml/compiler-libs/branch_relaxation.cmi,11165
2026-10-05T16:16:28Z,23a7bba69fdb3d4bcfc7b30f6155e5f6f1f35a52,7344,size_in_bytes,lib/ocaml/compiler-libs/flambda2_simplify__Replay_history.cmi,11755
2026-10-05T16:16:28Z,23a7bba69fdb3d4bcfc7b30f6155e5f6f1f35a52,7344,size_in_bytes,lib/ocaml/compiler-libs/flambda2_identifiers__Name.cmi,66021
2026-10-05T16:16:28Z,23a7bba69fdb3d4bcfc7b30f6155e5f6f1f35a52,7344,size_in_bytes,lib/ocaml/compiler-libs/flambda2_simplify__Unboxers.cmi,14698
2026-10-05T16:16:28Z,23a7bba69fdb3d4bcfc7b30f6155e5f6f1f35a52,7344,size_in_bytes,lib/ocaml/compiler-libs/translmode.cmi,5513
2026-10-05T16:16:28Z,23a7bba69fdb3d4bcfc7b30f6155e5f6f1f35a52,7344,size_in_bytes,lib/ocaml/compiler-libs/flambda2_identifiers__Reg_width_const.cmi,18340
2026-10-05T16:16:28Z,23a7bba69fdb3d4bcfc7b30f6155e5f6f1f35a52,7344,size_in_bytes,lib/ocaml/compiler-libs/flambda2_cmx.cmi,600
2026-10-05T16:16:28Z,23a7bba69fdb3d4bcfc7b30f6155e5f6f1f35a52,7344,size_in_bytes,lib/ocaml/compiler-libs/flambda2_identifiers__Apply_cont_rewrite_id.cmi,56901
2026-10-05T16:16:28Z,23a7bba69fdb3d4bcfc7b30f6155e5f6f1f35a52,7344,size_in_bytes,lib/ocaml/compiler-libs/asm_targets__Asm_directives.cmi,42770
2026-10-05T16:16:28Z,23a7bba69fdb3d4bcfc7b30f6155e5f6f1f35a52,7344,size_in_bytes,lib/ocaml/compiler-libs/lru.cmi,4443
2026-10-05T16:16:28Z,23a7bba69fdb3d4bcfc7b30f6155e5f6f1f35a52,7344,size_in_bytes,lib/ocaml/compiler-libs/includecore.cmi,25719
2026-10-05T16:16:28Z,23a7bba69fdb3d4bcfc7b30f6155e5f6f1f35a52,7344,size_in_bytes,lib/ocaml/compiler-libs/flambda2_types__Traversals.cmi,114250
2026-10-05T16:16:28Z,23a7bba69fdb3d4bcfc7b30f6155e5f6f1f35a52,7344,size_in_bytes,lib/ocaml/compiler-libs/llvmize.cmi,12617
2026-10-05T16:16:28Z,23a7bba69fdb3d4bcfc7b30f6155e5f6f1f35a52,7344,size_in_bytes,lib/ocaml/compiler-libs/measure_object_files.cmi,4031
2026-10-05T16:16:28Z,23a7bba69fdb3d4bcfc7b30f6155e5f6f1f35a52,7344,size_in_bytes,lib/ocaml/compiler-libs/x86_section.cmi,32189
2026-10-05T16:16:28Z,23a7bba69fdb3d4bcfc7b30f6155e5f6f1f35a52,7344,size_in_bytes,lib/ocaml/compiler-libs/flambda2_simplify_shared__Call_site_inlining_decision_type.cmi,11572
2026-10-05T16:16:28Z,23a7bba69fdb3d4bcfc7b30f6155e5f6f1f35a52,7344,size_in_bytes,lib/ocaml/compiler-libs/relocation_entry.cmi,3027
2026-10-05T16:16:28Z,23a7bba69fdb3d4bcfc7b30f6155e5f6f1f35a52,7344,size_in_bytes,lib/ocaml/compiler-libs/flambda2_bound_identifiers__Bound_static.cmi,11219
2026-10-05T16:16:28Z,23a7bba69fdb3d4bcfc7b30f6155e5f6f1f35a52,7344,size_in_bytes,lib/ocaml/compiler-libs/dll.cmi,3321
2026-10-05T16:16:28Z,23a7bba69fdb3d4bcfc7b30f6155e5f6f1f35a52,7344,size_in_bytes,lib/ocaml/compiler-libs/flambda2_nominal__Name_occurrences.cmi,30215
2026-10-05T16:16:28Z,23a7bba69fdb3d4bcfc7b30f6155e5f6f1f35a52,7344,size_in_bytes,lib/ocaml/compiler-libs/flambda2_simplify__Simplify_binary_primitive.cmi,12458
2026-10-05T16:16:28Z,23a7bba69fdb3d4bcfc7b30f6155e5f6f1f35a52,7344,size_in_bytes,lib/ocaml/compiler-libs/flambda2_types.cmi,236232
2026-10-05T16:16:28Z,23a7bba69fdb3d4bcfc7b30f6155e5f6f1f35a52,7344,size_in_bytes,lib/ocaml/compiler-libs/import_info.cmi,8712
2026-10-05T16:16:28Z,23a7bba69fdb3d4bcfc7b30f6155e5f6f1f35a52,7344,size_in_bytes,lib/ocaml/compiler-libs/flambda2_types__Join_env.cmi,17127
2026-10-05T16:16:28Z,23a7bba69fdb3d4bcfc7b30f6155e5f6f1f35a52,7344,size_in_bytes,lib/ocaml/compiler-libs/flambda2_kinds__Flambda_kind.cmi,370573
2026-10-05T16:16:28Z,23a7bba69fdb3d4bcfc7b30f6155e5f6f1f35a52,7344,size_in_bytes,lib/ocaml/compiler-libs/flambda2_lattices.cmi,646
2026-10-05T16:16:28Z,23a7bba69fdb3d4bcfc7b30f6155e5f6f1f35a52,7344,size_in_bytes,lib/ocaml/compiler-libs/flambda2_identifiers.cmi,2801
2026-10-05T16:16:28Z,23a7bba69fdb3d4bcfc7b30f6155e5f6f1f35a52,7344,size_in_bytes,lib/ocaml/compiler-libs/dwarf_low__Dwarf_4_range_list.cmi,2795
2026-10-05T16:16:28Z,23a7bba69fdb3d4bcfc7b30f6155e5f6f1f35a52,7344,size_in_bytes,lib/ocaml/compiler-libs/binary_emitter_intf.cmi,13898
2026-10-05T16:16:28Z,23a7bba69fdb3d4bcfc7b30f6155e5f6f1f35a52,7344,size_in_bytes,lib/ocaml/compiler-libs/dwarf_low__Location_list_table.cmi,4216
2026-10-05T16:16:28Z,23a7bba69fdb3d4bcfc7b30f6155e5f6f1f35a52,7344,size_in_bytes,lib/ocaml/compiler-libs/arm64_binary_emitter__For_jit.cmi,9516
2026-10-05T16:16:28Z,23a7bba69fdb3d4bcfc7b30f6155e5f6f1f35a52,7344,size_in_bytes,lib/ocaml/compiler-libs/cfg_selectgen.cmi,13220
2026-10-05T16:16:28Z,23a7bba69fdb3d4bcfc7b30f6155e5f6f1f35a52,7344,size_in_bytes,lib/ocaml/compiler-libs/label.cmi,54987
2026-10-05T16:16:28Z,23a7bba69fdb3d4bcfc7b30f6155e5f6f1f35a52,7344,size_in_bytes,lib/ocaml/compiler-libs/stack_check.cmi,10702
2026-10-05T16:16:28Z,23a7bba69fdb3d4bcfc7b30f6155e5f6f1f35a52,7344,size_in_bytes,lib/ocaml/compiler-libs/flambda2_parser__Fexpr_prim_descr.cmi,36880
2026-10-05T16:16:28Z,23a7bba69fdb3d4bcfc7b30f6155e5f6f1f35a52,7344,size_in_bytes,lib/ocaml/compiler-libs/main_args.cmi,267893
2026-10-05T16:16:28Z,23a7bba69fdb3d4bcfc7b30f6155e5f6f1f35a52,7344,size_in_bytes,lib/ocaml/compiler-libs/flambda2_simplify__Optimistic_unboxing_decision.cmi,9911
2026-10-05T16:16:28Z,23a7bba69fdb3d4bcfc7b30f6155e5f6f1f35a52,7344,size_in_bytes,lib/ocaml/compiler-libs/printast_with_mappings.cmi,3531
2026-10-05T16:16:28Z,23a7bba69fdb3d4bcfc7b30f6155e5f6f1f35a52,7344,size_in_bytes,lib/ocaml/compiler-libs/x86_peephole_optimize.cmi,1750
2026-10-05T16:16:28Z,23a7bba69fdb3d4bcfc7b30f6155e5f6f1f35a52,7344,size_in_bytes,lib/ocaml/compiler-libs/compile.cmi,6236
2026-10-05T16:16:28Z,23a7bba69fdb3d4bcfc7b30f6155e5f6f1f35a52,7344,size_in_bytes,lib/ocaml/compiler-libs/dwarf_low__Location_or_range_list_table.cmi,4558
2026-10-05T16:16:28Z,23a7bba69fdb3d4bcfc7b30f6155e5f6f1f35a52,7344,size_in_bytes,lib/ocaml/compiler-libs/compenv.cmi,12153
2026-10-05T16:16:28Z,23a7bba69fdb3d4bcfc7b30f6155e5f6f1f35a52,7344,size_in_bytes,lib/ocaml/compiler-libs/doubly_linked_list.cmi,22946
2026-10-05T16:16:28Z,23a7bba69fdb3d4bcfc7b30f6155e5f6f1f35a52,7344,size_in_bytes,lib/ocaml/compiler-libs/is_parameter.cmi,53459
2026-10-05T16:16:28Z,23a7bba69fdb3d4bcfc7b30f6155e5f6f1f35a52,7344,size_in_bytes,lib/ocaml/compiler-libs/value_rec_compiler.cmi,3193
2026-10-05T16:16:28Z,23a7bba69fdb3d4bcfc7b30f6155e5f6f1f35a52,7344,size_in_bytes,lib/ocaml/compiler-libs/cfg_with_infos.cmi,15692
2026-10-05T16:16:28Z,23a7bba69fdb3d4bcfc7b30f6155e5f6f1f35a52,7344,size_in_bytes,lib/ocaml/compiler-libs/flambda2_term_basics__Or_variable.cmi,8803
2026-10-05T16:16:28Z,23a7bba69fdb3d4bcfc7b30f6155e5f6f1f35a52,7344,size_in_bytes,lib/ocaml/compiler-libs/x86_masm.cmi,1673
2026-10-05T16:16:28Z,23a7bba69fdb3d4bcfc7b30f6155e5f6f1f35a52,7344,size_in_bytes,lib/ocaml/compiler-libs/flambda2_nominal__Contains_ids.cmi,5245
2026-10-05T16:16:28Z,23a7bba69fdb3d4bcfc7b30f6155e5f6f1f35a52,7344,size_in_bytes,lib/ocaml/compiler-libs/flambda2_from_lambda__Closure_conversion.cmi,21027
2026-10-05T16:16:28Z,23a7bba69fdb3d4bcfc7b30f6155e5f6f1f35a52,7344,size_in_bytes,lib/ocaml/compiler-libs/arm64_ast__Logical_immediates.cmi,1342
2026-10-05T16:16:28Z,23a7bba69fdb3d4bcfc7b30f6155e5f6f1f35a52,7344,size_in_bytes,lib/ocaml/compiler-libs/dwarf_low__Location_list.cmi,3258
2026-10-05T16:16:28Z,23a7bba69fdb3d4bcfc7b30f6155e5f6f1f35a52,7344,size_in_bytes,lib/ocaml/compiler-libs/dwarf_low__Encoding_attribute.cmi,2306
2026-10-05T16:16:28Z,23a7bba69fdb3d4bcfc7b30f6155e5f6f1f35a52,7344,size_in_bytes,lib/ocaml/compiler-libs/cmm_invariants.cmi,9759
2026-10-05T16:16:28Z,23a7bba69fdb3d4bcfc7b30f6155e5f6f1f35a52,7344,size_in_bytes,lib/ocaml/compiler-libs/binary_emitter_helpers.cmi,1869
2026-10-05T16:16:28Z,23a7bba69fdb3d4bcfc7b30f6155e5f6f1f35a52,7344,size_in_bytes,lib/ocaml/compiler-libs/arm64_binary_emitter__Yield_helpers.cmi,620
2026-10-05T16:16:28Z,23a7bba69fdb3d4bcfc7b30f6155e5f6f1f35a52,7344,size_in_bytes,lib/ocaml/compiler-libs/flambda2_simplify__Flow_types.cmi,39219
2026-10-05T16:16:28Z,23a7bba69fdb3d4bcfc7b30f6155e5f6f1f35a52,7344,size_in_bytes,lib/ocaml/compiler-libs/flambda2_parser__Flambda_lex.cmi,8712
2026-10-05T16:16:28Z,23a7bba69fdb3d4bcfc7b30f6155e5f6f1f35a52,7344,size_in_bytes,lib/ocaml/compiler-libs/flambda2_to_cmm__To_cmm_primitive.cmi,11397
2026-10-05T16:16:28Z,23a7bba69fdb3d4bcfc7b30f6155e5f6f1f35a52,7344,size_in_bytes,lib/ocaml/compiler-libs/dwarf_low__Abbreviation_code.cmi,2947
2026-10-05T16:16:28Z,23a7bba69fdb3d4bcfc7b30f6155e5f6f1f35a52,7344,size_in_bytes,lib/ocaml/compiler-libs/flambda2_parser__Fexpr_to_flambda.cmi,10364
2026-10-05T16:16:28Z,23a7bba69fdb3d4bcfc7b30f6155e5f6f1f35a52,7344,size_in_bytes,lib/ocaml/compiler-libs/static_label.cmi,54882
2026-10-05T16:16:28Z,23a7bba69fdb3d4bcfc7b30f6155e5f6f1f35a52,7344,size_in_bytes,lib/ocaml/compiler-libs/flambda2_algorithms__Container_types.cmi,139165
2026-10-05T16:16:28Z,23a7bba69fdb3d4bcfc7b30f6155e5f6f1f35a52,7344,size_in_bytes,lib/ocaml/compiler-libs/translclass.cmi,4282
2026-10-05T16:16:28Z,23a7bba69fdb3d4bcfc7b30f6155e5f6f1f35a52,7344,size_in_bytes,lib/ocaml/compiler-libs/stack_reg_offset.cmi,1161
2026-10-05T16:16:28Z,23a7bba69fdb3d4bcfc7b30f6155e5f6f1f35a52,7344,size_in_bytes,lib/ocaml/compiler-libs/dwarf_low__Composite_location_description.cmi,2421
2026-10-05T16:16:28Z,23a7bba69fdb3d4bcfc7b30f6155e5f6f1f35a52,7344,size_in_bytes,lib/ocaml/compiler-libs/flambda2_terms__Function_decl_inlining_decision_type.cmi,11272
2026-10-05T16:16:28Z,23a7bba69fdb3d4bcfc7b30f6155e5f6f1f35a52,7344,size_in_bytes,lib/ocaml/compiler-libs/flambda2_simplify__Join_points.cmi,13644
2026-10-05T16:16:28Z,23a7bba69fdb3d4bcfc7b30f6155e5f6f1f35a52,7344,size_in_bytes,lib/ocaml/compiler-libs/compute_ranges.cmi,16507
2026-10-05T16:16:28Z,23a7bba69fdb3d4bcfc7b30f6155e5f6f1f35a52,7344,size_in_bytes,lib/ocaml/compiler-libs/dwarf_low__Dwarf_tag.cmi,6583
2026-10-05T16:16:28Z,23a7bba69fdb3d4bcfc7b30f6155e5f6f1f35a52,7344,size_in_bytes,lib/ocaml/compiler-libs/typeopt.cmi,16026
2026-10-05T16:16:28Z,23a7bba69fdb3d4bcfc7b30f6155e5f6f1f35a52,7344,size_in_bytes,lib/ocaml/compiler-libs/reg_with_debug_info.cmi,52274
2026-10-05T16:16:28Z,23a7bba69fdb3d4bcfc7b30f6155e5f6f1f35a52,7344,size_in_bytes,lib/ocaml/compiler-libs/reg_availability_set.cmi,13364
2026-10-05T16:16:28Z,23a7bba69fdb3d4bcfc7b30f6155e5f6f1f35a52,7344,size_in_bytes,lib/ocaml/compiler-libs/flambda2_types__Cached_level.cmi,11518
2026-10-05T16:16:28Z,23a7bba69fdb3d4bcfc7b30f6155e5f6f1f35a52,7344,size_in_bytes,lib/ocaml/compiler-libs/x86_peephole_utils.cmi,5654
2026-10-05T16:16:28Z,23a7bba69fdb3d4bcfc7b30f6155e5f6f1f35a52,7344,size_in_bytes,lib/ocaml/compiler-libs/linkage_name.cmi,53581
2026-10-05T16:16:28Z,23a7bba69fdb3d4bcfc7b30f6155e5f6f1f35a52,7344,size_in_bytes,lib/ocaml/compiler-libs/flambda2_simplify__Control_flow_graph.cmi,15703
2026-10-05T16:16:28Z,23a7bba69fdb3d4bcfc7b30f6155e5f6f1f35a52,7344,size_in_bytes,lib/ocaml/compiler-libs/printpat.cmi,4374
2026-10-05T16:16:28Z,23a7bba69fdb3d4bcfc7b30f6155e5f6f1f35a52,7344,size_in_bytes,lib/ocaml/compiler-libs/x86_proc.cmi,13068
2026-10-05T16:16:28Z,23a7bba69fdb3d4bcfc7b30f6155e5f6f1f35a52,7344,size_in_bytes,lib/ocaml/compiler-libs/cfg_validation_facts.cmi,13181
2026-10-05T16:16:28Z,23a7bba69fdb3d4bcfc7b30f6155e5f6f1f35a52,7344,size_in_bytes,lib/ocaml/compiler-libs/vectorize_specific.cmi,10883
2026-10-05T16:16:28Z,23a7bba69fdb3d4bcfc7b30f6155e5f6f1f35a52,7344,size_in_bytes,lib/ocaml/compiler-libs/binutils.cmi,2098
2026-10-05T16:16:28Z,23a7bba69fdb3d4bcfc7b30f6155e5f6f1f35a52,7344,size_in_bytes,lib/ocaml/compiler-libs/cfg_block_layout.cmi,10760
2026-10-05T16:16:28Z,23a7bba69fdb3d4bcfc7b30f6155e5f6f1f35a52,7344,size_in_bytes,lib/ocaml/compiler-libs/printinstr.cmi,3431
2026-10-05T16:16:28Z,23a7bba69fdb3d4bcfc7b30f6155e5f6f1f35a52,7344,size_in_bytes,lib/ocaml/compiler-libs/lambda.cmi,159762
2026-10-05T16:16:28Z,23a7bba69fdb3d4bcfc7b30f6155e5f6f1f35a52,7344,size_in_bytes,lib/ocaml/compiler-libs/printlambda.cmi,10127
2026-10-05T16:16:28Z,23a7bba69fdb3d4bcfc7b30f6155e5f6f1f35a52,7344,size_in_bytes,lib/ocaml/compiler-libs/generic_fns.cmi,28037
2026-10-05T16:16:28Z,23a7bba69fdb3d4bcfc7b30f6155e5f6f1f35a52,7344,size_in_bytes,lib/ocaml/compiler-libs/regalloc_rewrite.cmi,15291
2026-10-05T16:16:28Z,23a7bba69fdb3d4bcfc7b30f6155e5f6f1f35a52,7344,size_in_bytes,lib/ocaml/compiler-libs/value_rec_check.cmi,3280
2026-10-05T16:16:28Z,23a7bba69fdb3d4bcfc7b30f6155e5f6f1f35a52,7344,size_in_bytes,lib/ocaml/compiler-libs/flambda2_algorithms.cmi,1333
2026-10-05T16:16:28Z,23a7bba69fdb3d4bcfc7b30f6155e5f6f1f35a52,7344,size_in_bytes,lib/ocaml/compiler-libs/optcomp_intf.cmi,15475
2026-10-05T16:16:28Z,23a7bba69fdb3d4bcfc7b30f6155e5f6f1f35a52,7344,size_in_bytes,lib/ocaml/compiler-libs/regalloc_irc_state.cmi,36784
2026-10-05T16:16:28Z,23a7bba69fdb3d4bcfc7b30f6155e5f6f1f35a52,7344,size_in_bytes,lib/ocaml/compiler-libs/flambda2_identifiers__Coercion0.cmi,7903
2026-10-05T16:16:28Z,23a7bba69fdb3d4bcfc7b30f6155e5f6f1f35a52,7344,size_in_bytes,lib/ocaml/compiler-libs/dwarf_state.cmi,21538
2026-10-05T16:16:28Z,23a7bba69fdb3d4bcfc7b30f6155e5f6f1f35a52,7344,size_in_bytes,lib/ocaml/compiler-libs/flambda2_terms__Inlining_state.cmi,10068
2026-10-05T16:16:28Z,23a7bba69fdb3d4bcfc7b30f6155e5f6f1f35a52,7344,size_in_bytes,lib/ocaml/compiler-libs/flambda2_bound_identifiers.cmi,1876
2026-10-05T16:16:28Z,23a7bba69fdb3d4bcfc7b30f6155e5f6f1f35a52,7344,size_in_bytes,lib/ocaml/compiler-libs/regalloc_irc_utils.cmi,17564
2026-10-05T16:16:28Z,23a7bba69fdb3d4bcfc7b30f6155e5f6f1f35a52,7344,size_in_bytes,lib/ocaml/compiler-libs/emitaux.cmi,27908
2026-10-05T16:16:28Z,23a7bba69fdb3d4bcfc7b30f6155e5f6f1f35a52,7344,size_in_bytes,lib/ocaml/compiler-libs/arm64_binary_emitter__Binary_emitter.cmi,12632
2026-10-05T16:16:28Z,23a7bba69fdb3d4bcfc7b30f6155e5f6f1f35a52,7344,size_in_bytes,lib/ocaml/compiler-libs/arg_helper.cmi,24648
2026-10-05T16:16:28Z,23a7bba69fdb3d4bcfc7b30f6155e5f6f1f35a52,7344,size_in_bytes,lib/ocaml/compiler-libs/dwarf_low__Dwarf_emittable.cmi,2894
2026-10-05T16:16:28Z,23a7bba69fdb3d4bcfc7b30f6155e5f6f1f35a52,7344,size_in_bytes,lib/ocaml/compiler-libs/flambda2_simplify__Lifted_constant_state.cmi,14108
2026-10-05T16:16:28Z,23a7bba69fdb3d4bcfc7b30f6155e5f6f1f35a52,7344,size_in_bytes,lib/ocaml/compiler-libs/transl_array_comprehension.cmi,3747
2026-10-05T16:16:28Z,23a7bba69fdb3d4bcfc7b30f6155e5f6f1f35a52,7344,size_in_bytes,lib/ocaml/compiler-libs/runtimetags.cmi,2493
2026-10-05T16:16:28Z,23a7bba69fdb3d4bcfc7b30f6155e5f6f1f35a52,7344,size_in_bytes,lib/ocaml/compiler-libs/asm_targets__Asm_label_or_symbol.cmi,2424
2026-10-05T16:16:28Z,23a7bba69fdb3d4bcfc7b30f6155e5f6f1f35a52,7344,size_in_bytes,lib/ocaml/compiler-libs/priority_queue.cmi,9861
2026-10-05T16:16:28Z,23a7bba69fdb3d4bcfc7b30f6155e5f6f1f35a52,7344,size_in_bytes,lib/ocaml/compiler-libs/flambda2_simplify.cmi,12435
2026-10-05T16:16:28Z,23a7bba69fdb3d4bcfc7b30f6155e5f6f1f35a52,7344,size_in_bytes,lib/ocaml/compiler-libs/flambda2_bound_identifiers__Bound_continuations.cmi,7754
2026-10-05T16:16:28Z,23a7bba69fdb3d4bcfc7b30f6155e5f6f1f35a52,7344,size_in_bytes,lib/ocaml/compiler-libs/flambda2_bound_identifiers__Bound_parameter.cmi,64278
2026-10-05T16:16:28Z,23a7bba69fdb3d4bcfc7b30f6155e5f6f1f35a52,7344,size_in_bytes,lib/ocaml/compiler-libs/dwarf_low__Address_index.cmi,107954
2026-10-05T16:16:28Z,23a7bba69fdb3d4bcfc7b30f6155e5f6f1f35a52,7344,size_in_bytes,lib/ocaml/compiler-libs/flambda2_simplify__Apply_cont_rewrite.cmi,13503
2026-10-05T16:16:28Z,23a7bba69fdb3d4bcfc7b30f6155e5f6f1f35a52,7344,size_in_bytes,lib/ocaml/compiler-libs/flambda2_algorithms__Lmap.cmi,28039
2026-10-05T16:16:28Z,23a7bba69fdb3d4bcfc7b30f6155e5f6f1f35a52,7344,size_in_bytes,lib/ocaml/compiler-libs/cfg.cmi,51744
2026-10-05T16:16:28Z,23a7bba69fdb3d4bcfc7b30f6155e5f6f1f35a52,7344,size_in_bytes,lib/ocaml/compiler-libs/flambda2_parser.cmi,1907
2026-10-05T16:16:28Z,23a7bba69fdb3d4bcfc7b30f6155e5f6f1f35a52,7344,size_in_bytes,lib/ocaml/compiler-libs/flambda2_identifiers__Continuation.cmi,73473
2026-10-05T16:16:28Z,23a7bba69fdb3d4bcfc7b30f6155e5f6f1f35a52,7344,size_in_bytes,lib/ocaml/compiler-libs/cmo_format.cmi,7148
2026-10-05T16:16:28Z,23a7bba69fdb3d4bcfc7b30f6155e5f6f1f35a52,7344,size_in_bytes,lib/ocaml/compiler-libs/flambda2_terms__Switch_expr.cmi,10937
2026-10-05T16:16:28Z,23a7bba69fdb3d4bcfc7b30f6155e5f6f1f35a52,7344,size_in_bytes,lib/ocaml/compiler-libs/dwarf_compilation_unit.cmi,5393
2026-10-05T16:16:28Z,23a7bba69fdb3d4bcfc7b30f6155e5f6f1f35a52,7344,size_in_bytes,lib/ocaml/compiler-libs/optpackager.cmi,19975
2026-10-05T16:16:28Z,23a7bba69fdb3d4bcfc7b30f6155e5f6f1f35a52,7344,size_in_bytes,lib/ocaml/compiler-libs/warnings.cmi,21523
2026-10-05T16:16:28Z,23a7bba69fdb3d4bcfc7b30f6155e5f6f1f35a52,7344,size_in_bytes,lib/ocaml/compiler-libs/mtype.cmi,13340
2026-10-05T16:16:28Z,23a7bba69fdb3d4bcfc7b30f6155e5f6f1f35a52,7344,size_in_bytes,lib/ocaml/compiler-libs/asm_targets__Asm_label.cmi,56769
2026-10-05T16:16:28Z,23a7bba69fdb3d4bcfc7b30f6155e5f6f1f35a52,7344,size_in_bytes,lib/ocaml/compiler-libs/proc.cmi,19578
2026-10-05T16:16:28Z,23a7bba69fdb3d4bcfc7b30f6155e5f6f1f35a52,7344,size_in_bytes,lib/ocaml/compiler-libs/flambda2_parser__Parse_flambda.cmi,10427
2026-10-05T16:16:28Z,23a7bba69fdb3d4bcfc7b30f6155e5f6f1f35a52,7344,size_in_bytes,lib/ocaml/compiler-libs/x86_binary_emitter.cmi,37038
2026-10-05T16:16:28Z,23a7bba69fdb3d4bcfc7b30f6155e5f6f1f35a52,7344,size_in_bytes,lib/ocaml/compiler-libs/targetint.cmi,10872
2026-10-05T16:16:28Z,23a7bba69fdb3d4bcfc7b30f6155e5f6f1f35a52,7344,size_in_bytes,lib/ocaml/compiler-libs/dwarf.cmi,17120
2026-10-05T16:16:28Z,23a7bba69fdb3d4bcfc7b30f6155e5f6f1f35a52,7344,size_in_bytes,lib/ocaml/compiler-libs/igot.cmi,4607
2026-10-05T16:16:28Z,23a7bba69fdb3d4bcfc7b30f6155e5f6f1f35a52,7344,size_in_bytes,lib/ocaml/compiler-libs/asm_targets__Asm_symbol.cmi,60742
2026-10-05T16:16:28Z,23a7bba69fdb3d4bcfc7b30f6155e5f6f1f35a52,7344,size_in_bytes,lib/ocaml/compiler-libs/internal_assembler.cmi,2438
2026-10-05T16:16:28Z,23a7bba69fdb3d4bcfc7b30f6155e5f6f1f35a52,7344,size_in_bytes,lib/ocaml/compiler-libs/ldd.cmi,7880
2026-10-05T16:16:28Z,23a7bba69fdb3d4bcfc7b30f6155e5f6f1f35a52,7344,size_in_bytes,lib/ocaml/compiler-libs/flambda2_simplify_shared__Inlining_report.cmi,42389
2026-10-05T16:16:28Z,23a7bba69fdb3d4bcfc7b30f6155e5f6f1f35a52,7344,size_in_bytes,lib/ocaml/compiler-libs/flambda2_identifiers__Code_id_or_symbol.cmi,7965
2026-10-05T16:16:28Z,23a7bba69fdb3d4bcfc7b30f6155e5f6f1f35a52,7344,size_in_bytes,lib/ocaml/compiler-libs/flambda2_parser__Fexpr.cmi,48240
2026-10-05T16:16:28Z,23a7bba69fdb3d4bcfc7b30f6155e5f6f1f35a52,7344,size_in_bytes,lib/ocaml/compiler-libs/clflags.cmi,63272
2026-10-05T16:16:28Z,23a7bba69fdb3d4bcfc7b30f6155e5f6f1f35a52,7344,size_in_bytes,lib/ocaml/compiler-libs/flambda2_term_basics__Or_invalid.cmi,2238
2026-10-05T16:16:28Z,23a7bba69fdb3d4bcfc7b30f6155e5f6f1f35a52,7344,size_in_bytes,lib/ocaml/compiler-libs/flambda2_simplify__Data_flow_graph.cmi,12278
2026-10-05T16:16:28Z,23a7bba69fdb3d4bcfc7b30f6155e5f6f1f35a52,7344,size_in_bytes,lib/ocaml/compiler-libs/cfg_deadcode.cmi,10948
2026-10-05T16:16:28Z,23a7bba69fdb3d4bcfc7b30f6155e5f6f1f35a52,7344,size_in_bytes,lib/ocaml/compiler-libs/compilation_unit.cmi,174376
2026-10-05T16:16:28Z,23a7bba69fdb3d4bcfc7b30f6155e5f6f1f35a52,7344,size_in_bytes,lib/ocaml/compiler-libs/opttopdirs.cmi,4184
2026-10-05T16:16:28Z,23a7bba69fdb3d4bcfc7b30f6155e5f6f1f35a52,7344,size_in_bytes,lib/ocaml/compiler-libs/flambda2_types__Join_levels_old.cmi,8112
2026-10-05T16:16:28Z,23a7bba69fdb3d4bcfc7b30f6155e5f6f1f35a52,7344,size_in_bytes,lib/ocaml/compiler-libs/translprim.cmi,10039
2026-10-05T16:16:28Z,23a7bba69fdb3d4bcfc7b30f6155e5f6f1f35a52,7344,size_in_bytes,lib/ocaml/compiler-libs/cfg_cse.cmi,10982
2026-10-05T16:16:28Z,23a7bba69fdb3d4bcfc7b30f6155e5f6f1f35a52,7344,size_in_bytes,lib/ocaml/compiler-libs/flambda2_simplify__Simplify_apply_expr.cmi,11912
2026-10-05T16:16:28Z,23a7bba69fdb3d4bcfc7b30f6155e5f6f1f35a52,7344,size_in_bytes,lib/ocaml/compiler-libs/uniqueness_analysis.cmi,10009
2026-10-05T16:16:28Z,23a7bba69fdb3d4bcfc7b30f6155e5f6f1f35a52,7344,size_in_bytes,lib/ocaml/compiler-libs/flambda2_simplify__Continuation_uses_env_intf.cmi,13090
2026-10-05T16:16:28Z,23a7bba69fdb3d4bcfc7b30f6155e5f6f1f35a52,7344,size_in_bytes,lib/ocaml/compiler-libs/available_ranges_vars.cmi,57972
2026-10-05T16:16:28Z,23a7bba69fdb3d4bcfc7b30f6155e5f6f1f35a52,7344,size_in_bytes,lib/ocaml/compiler-libs/expunge.cmi,452
2026-10-05T16:16:28Z,23a7bba69fdb3d4bcfc7b30f6155e5f6f1f35a52,7344,size_in_bytes,lib/ocaml/compiler-libs/regalloc_validate.cmi,12589
2026-10-05T16:16:28Z,23a7bba69fdb3d4bcfc7b30f6155e5f6f1f35a52,7344,size_in_bytes,lib/ocaml/compiler-libs/dwarf_low__Child_determination.cmi,2160
2026-10-05T16:16:28Z,23a7bba69fdb3d4bcfc7b30f6155e5f6f1f35a52,7344,size_in_bytes,lib/ocaml/compiler-libs/flambda2_terms__Flambda.cmi,123924
2026-10-05T16:16:28Z,23a7bba69fdb3d4bcfc7b30f6155e5f6f1f35a52,7344,size_in_bytes,lib/ocaml/compiler-libs/gprinttyp.cmi,14669
2026-10-05T16:16:28Z,23a7bba69fdb3d4bcfc7b30f6155e5f6f1f35a52,7344,size_in_bytes,lib/ocaml/compiler-libs/symbol_table.cmi,6580
2026-10-05T16:16:28Z,23a7bba69fdb3d4bcfc7b30f6155e5f6f1f35a52,7344,size_in_bytes,lib/ocaml/compiler-libs/translobj.cmi,6296
2026-10-05T16:16:28Z,23a7bba69fdb3d4bcfc7b30f6155e5f6f1f35a52,7344,size_in_bytes,lib/ocaml/compiler-libs/flambda2_terms__Trap_action.cmi,10791
2026-10-05T16:16:28Z,23a7bba69fdb3d4bcfc7b30f6155e5f6f1f35a52,7344,size_in_bytes,lib/ocaml/compiler-libs/cms_format.cmi,8393
2026-10-05T16:16:28Z,23a7bba69fdb3d4bcfc7b30f6155e5f6f1f35a52,7344,size_in_bytes,lib/ocaml/compiler-libs/value_rec_types.cmi,507
2026-10-05T16:16:28Z,23a7bba69fdb3d4bcfc7b30f6155e5f6f1f35a52,7344,size_in_bytes,lib/ocaml/compiler-libs/zero_alloc_checker.cmi,16043
2026-10-05T16:16:28Z,23a7bba69fdb3d4bcfc7b30f6155e5f6f1f35a52,7344,size_in_bytes,lib/ocaml/compiler-libs/flambda2_simplify__Simplify_rec_info_expr.cmi,14187
2026-10-05T16:16:28Z,23a7bba69fdb3d4bcfc7b30f6155e5f6f1f35a52,7344,size_in_bytes,lib/ocaml/compiler-libs/flambda2_simplify_shared.cmi,1494
2026-10-05T16:16:28Z,23a7bba69fdb3d4bcfc7b30f6155e5f6f1f35a52,7344,size_in_bytes,lib/ocaml/compiler-libs/data_types.cmi,11222
2026-10-05T16:16:28Z,23a7bba69fdb3d4bcfc7b30f6155e5f6f1f35a52,7344,size_in_bytes,lib/ocaml/compiler-libs/dwarf_high__Operator_builder.cmi,6778
2026-10-05T16:16:28Z,23a7bba69fdb3d4bcfc7b30f6155e5f6f1f35a52,7344,size_in_bytes,lib/ocaml/compiler-libs/arm64_ast__Ast.cmi,190004
2026-10-05T16:16:28Z,23a7bba69fdb3d4bcfc7b30f6155e5f6f1f35a52,7344,size_in_bytes,lib/ocaml/compiler-libs/typedecl_properties.cmi,6940
2026-10-05T16:16:28Z,23a7bba69fdb3d4bcfc7b30f6155e5f6f1f35a52,7344,size_in_bytes,lib/ocaml/compiler-libs/flambda2_to_jsir__To_jsir_set_of_closures.cmi,9453
2026-10-05T16:16:28Z,23a7bba69fdb3d4bcfc7b30f6155e5f6f1f35a52,7344,size_in_bytes,lib/ocaml/compiler-libs/symtable.cmi,116536
2026-10-05T16:16:28Z,23a7bba69fdb3d4bcfc7b30f6155e5f6f1f35a52,7344,size_in_bytes,lib/ocaml/compiler-libs/flambda2_bound_identifiers__Bound_continuation.cmi,7527
2026-10-05T16:16:28Z,23a7bba69fdb3d4bcfc7b30f6155e5f6f1f35a52,7344,size_in_bytes,lib/ocaml/compiler-libs/cfg_of_ssa.cmi,10932
2026-10-05T16:16:28Z,23a7bba69fdb3d4bcfc7b30f6155e5f6f1f35a52,7344,size_in_bytes,lib/ocaml/compiler-libs/flambda2_datalog__Datalog.cmi,12529
2026-10-05T16:16:28Z,23a7bba69fdb3d4bcfc7b30f6155e5f6f1f35a52,7344,size_in_bytes,lib/ocaml/compiler-libs/cfg_comballoc.cmi,10760
2026-10-05T16:16:28Z,23a7bba69fdb3d4bcfc7b30f6155e5f6f1f35a52,7344,size_in_bytes,lib/ocaml/compiler-libs/typetexp.cmi,20987
2026-10-05T16:16:28Z,23a7bba69fdb3d4bcfc7b30f6155e5f6f1f35a52,7344,size_in_bytes,lib/ocaml/compiler-libs/flambda2_terms__Removed_operations.cmi,10284
2026-10-05T16:16:28Z,23a7bba69fdb3d4bcfc7b30f6155e5f6f1f35a52,7344,size_in_bytes,lib/ocaml/compiler-libs/flambda2_from_lambda__Lambda_to_flambda_primitives.cmi,12108
2026-10-05T16:16:28Z,23a7bba69fdb3d4bcfc7b30f6155e5f6f1f35a52,7344,size_in_bytes,lib/ocaml/compiler-libs/typemod.cmi,21760
2026-10-05T16:16:28Z,23a7bba69fdb3d4bcfc7b30f6155e5f6f1f35a52,7344,size_in_bytes,lib/ocaml/compiler-libs/signature_with_global_bindings.cmi,4779
2026-10-05T16:16:28Z,23a7bba69fdb3d4bcfc7b30f6155e5f6f1f35a52,7344,size_in_bytes,lib/ocaml/compiler-libs/cfg_dominators_validate.cmi,10808
2026-10-05T16:16:28Z,23a7bba69fdb3d4bcfc7b30f6155e5f6f1f35a52,7344,size_in_bytes,lib/ocaml/compiler-libs/bytepackager.cmi,4154
2026-10-05T16:16:28Z,23a7bba69fdb3d4bcfc7b30f6155e5f6f1f35a52,7344,size_in_bytes,lib/ocaml/compiler-libs/flambda2_algorithms__Leapfrog.cmi,9959
2026-10-05T16:16:28Z,23a7bba69fdb3d4bcfc7b30f6155e5f6f1f35a52,7344,size_in_bytes,lib/ocaml/compiler-libs/flambda2_algorithms__Container_types_intf.cmi,357826
2026-10-05T16:16:28Z,23a7bba69fdb3d4bcfc7b30f6155e5f6f1f35a52,7344,size_in_bytes,lib/ocaml/compiler-libs/ssa_simplify.cmi,10750
2026-10-05T16:16:28Z,23a7bba69fdb3d4bcfc7b30f6155e5f6f1f35a52,7344,size_in_bytes,lib/ocaml/compiler-libs/flambda2_simplify__Continuation_in_env.cmi,11690
2026-10-05T16:16:28Z,23a7bba69fdb3d4bcfc7b30f6155e5f6f1f35a52,7344,size_in_bytes,lib/ocaml/compiler-libs/sub_cfg.cmi,18924
2026-10-05T16:16:28Z,23a7bba69fdb3d4bcfc7b30f6155e5f6f1f35a52,7344,size_in_bytes,lib/ocaml/compiler-libs/flambda2_reaper__Types_rewriter.cmi,12445
2026-10-05T16:16:28Z,23a7bba69fdb3d4bcfc7b30f6155e5f6f1f35a52,7344,size_in_bytes,lib/ocaml/compiler-libs/patterns.cmi,20273
2026-10-05T16:16:28Z,23a7bba69fdb3d4bcfc7b30f6155e5f6f1f35a52,7344,size_in_bytes,lib/ocaml/compiler-libs/flambda2_simplify__Simplify_coercion.cmi,11503
2026-10-05T16:16:28Z,23a7bba69fdb3d4bcfc7b30f6155e5f6f1f35a52,7344,size_in_bytes,lib/ocaml/compiler-libs/dwarf_low__Unit_type.cmi,2021
2026-10-05T16:16:28Z,23a7bba69fdb3d4bcfc7b30f6155e5f6f1f35a52,7344,size_in_bytes,lib/ocaml/compiler-libs/arm64_binary_emitter__Data_proc_helpers.cmi,4020
2026-10-05T16:16:28Z,23a7bba69fdb3d4bcfc7b30f6155e5f6f1f35a52,7344,size_in_bytes,lib/ocaml/compiler-libs/flambda2_terms__First_complex_local_param.cmi,7649
2026-10-05T16:16:28Z,23a7bba69fdb3d4bcfc7b30f6155e5f6f1f35a52,7344,size_in_bytes,lib/ocaml/compiler-libs/cfg_format.cmi,12638
2026-10-05T16:16:28Z,23a7bba69fdb3d4bcfc7b30f6155e5f6f1f35a52,7344,size_in_bytes,lib/ocaml/compiler-libs/flambda2_from_lambda.cmi,1499
2026-10-05T16:16:28Z,23a7bba69fdb3d4bcfc7b30f6155e5f6f1f35a52,7344,size_in_bytes,lib/ocaml/compiler-libs/mode.cmi,488717
2026-10-05T16:16:28Z,23a7bba69fdb3d4bcfc7b30f6155e5f6f1f35a52,7344,size_in_bytes,lib/ocaml/compiler-libs/cmm_builtins.cmi,11643
2026-10-05T16:16:28Z,23a7bba69fdb3d4bcfc7b30f6155e5f6f1f35a52,7344,size_in_bytes,lib/ocaml/compiler-libs/dwarf_low__Simple_location_description.cmi,2535
2026-10-05T16:16:28Z,23a7bba69fdb3d4bcfc7b30f6155e5f6f1f35a52,7344,size_in_bytes,lib/ocaml/compiler-libs/flambda2_simplify__Downwards_env.cmi,46585
2026-10-05T16:16:28Z,23a7bba69fdb3d4bcfc7b30f6155e5f6f1f35a52,7344,size_in_bytes,lib/ocaml/compiler-libs/cfg_reducibility.cmi,10974
2026-10-05T16:16:28Z,23a7bba69fdb3d4bcfc7b30f6155e5f6f1f35a52,7344,size_in_bytes,lib/ocaml/compiler-libs/slambdaident.cmi,54682
2026-10-05T16:16:28Z,23a7bba69fdb3d4bcfc7b30f6155e5f6f1f35a52,7344,size_in_bytes,lib/ocaml/compiler-libs/arm64_binary_emitter__Logical_helpers.cmi,3810
2026-10-05T16:16:28Z,23a7bba69fdb3d4bcfc7b30f6155e5f6f1f35a52,7344,size_in_bytes,lib/ocaml/compiler-libs/zero_alloc.cmi,5922
2026-10-05T16:16:28Z,23a7bba69fdb3d4bcfc7b30f6155e5f6f1f35a52,7344,size_in_bytes,lib/ocaml/compiler-libs/flambda2_types__Set_of_closures_contents.cmi,176870
2026-10-05T16:16:28Z,23a7bba69fdb3d4bcfc7b30f6155e5f6f1f35a52,7344,size_in_bytes,lib/ocaml/compiler-libs/flambda2_term_basics.cmi,2212
2026-10-05T16:16:28Z,23a7bba69fdb3d4bcfc7b30f6155e5f6f1f35a52,7344,size_in_bytes,lib/ocaml/compiler-libs/flambda2_identifiers__Slot.cmi,149054
2026-10-05T16:16:28Z,23a7bba69fdb3d4bcfc7b30f6155e5f6f1f35a52,7344,size_in_bytes,lib/ocaml/compiler-libs/matching.cmi,11132
2026-10-05T16:16:28Z,23a7bba69fdb3d4bcfc7b30f6155e5f6f1f35a52,7344,size_in_bytes,lib/ocaml/compiler-libs/flambda2_reaper__Rebuilt_expr.cmi,14437
2026-10-05T16:16:28Z,23a7bba69fdb3d4bcfc7b30f6155e5f6f1f35a52,7344,size_in_bytes,lib/ocaml/compiler-libs/domainstate.cmi,5794
2026-10-05T16:16:28Z,23a7bba69fdb3d4bcfc7b30f6155e5f6f1f35a52,7344,size_in_bytes,lib/ocaml/compiler-libs/docstrings.cmi,16556
2026-10-05T16:16:28Z,23a7bba69fdb3d4bcfc7b30f6155e5f6f1f35a52,7344,size_in_bytes,lib/ocaml/compiler-libs/type_shape.cmi,9398
2026-10-05T16:16:28Z,23a7bba69fdb3d4bcfc7b30f6155e5f6f1f35a52,7344,size_in_bytes,lib/ocaml/compiler-libs/simd_selection.cmi,36723
2026-10-05T16:16:28Z,23a7bba69fdb3d4bcfc7b30f6155e5f6f1f35a52,7344,size_in_bytes,lib/ocaml/compiler-libs/blambda_of_lambda.cmi,3171
2026-10-05T16:16:28Z,23a7bba69fdb3d4bcfc7b30f6155e5f6f1f35a52,7344,size_in_bytes,lib/ocaml/compiler-libs/regalloc_gi_utils.cmi,27146
2026-10-05T16:16:28Z,23a7bba69fdb3d4bcfc7b30f6155e5f6f1f35a52,7344,size_in_bytes,lib/ocaml/compiler-libs/dwarf_high.cmi,1028
2026-10-05T16:16:28Z,23a7bba69fdb3d4bcfc7b30f6155e5f6f1f35a52,7344,size_in_bytes,lib/ocaml/compiler-libs/dwarf_low__Dwarf_4_range_list_entry.cmi,3596
2026-10-05T16:16:28Z,23a7bba69fdb3d4bcfc7b30f6155e5f6f1f35a52,7344,size_in_bytes,lib/ocaml/compiler-libs/cfg_simplify.cmi,10753
2026-10-05T16:16:28Z,23a7bba69fdb3d4bcfc7b30f6155e5f6f1f35a52,7344,size_in_bytes,lib/ocaml/compiler-libs/flambda2_to_jsir__To_jsir_shared.cmi,14261
2026-10-05T16:16:28Z,23a7bba69fdb3d4bcfc7b30f6155e5f6f1f35a52,7344,size_in_bytes,lib/ocaml/compiler-libs/arm64_binary_emitter__Fp_helpers.cmi,5428
2026-10-05T16:16:28Z,23a7bba69fdb3d4bcfc7b30f6155e5f6f1f35a52,7344,size_in_bytes,lib/ocaml/compiler-libs/strongly_connected_components.cmi,10092
2026-10-05T16:16:28Z,23a7bba69fdb3d4bcfc7b30f6155e5f6f1f35a52,7344,size_in_bytes,lib/ocaml/compiler-libs/zero_alloc_utils.cmi,24559
2026-10-05T16:16:28Z,23a7bba69fdb3d4bcfc7b30f6155e5f6f1f35a52,7344,size_in_bytes,lib/ocaml/compiler-libs/flambda2_terms__Flambda_primitive.cmi,186355
2026-10-05T16:16:28Z,23a7bba69fdb3d4bcfc7b30f6155e5f6f1f35a52,7344,size_in_bytes,lib/ocaml/compiler-libs/ssa_tail_call.cmi,10865
2026-10-05T16:16:28Z,23a7bba69fdb3d4bcfc7b30f6155e5f6f1f35a52,7344,size_in_bytes,lib/ocaml/compiler-libs/subst.cmi,45152
2026-10-05T16:16:28Z,23a7bba69fdb3d4bcfc7b30f6155e5f6f1f35a52,7344,size_in_bytes,lib/ocaml/compiler-libs/flambda2_terms__Regalloc_param_attribute.cmi,8223
2026-10-05T16:16:28Z,23a7bba69fdb3d4bcfc7b30f6155e5f6f1f35a52,7344,size_in_bytes,lib/ocaml/compiler-libs/flambda2_simplify__One_continuation_use.cmi,12446
2026-10-05T16:16:28Z,23a7bba69fdb3d4bcfc7b30f6155e5f6f1f35a52,7344,size_in_bytes,lib/ocaml/compiler-libs/dwarf_high__Assign_abbrevs.cmi,3577
2026-10-05T16:16:28Z,23a7bba69fdb3d4bcfc7b30f6155e5f6f1f35a52,7344,size_in_bytes,lib/ocaml/compiler-libs/flambda2_simplify__One_recursive_handler.cmi,10906
2026-10-05T16:16:28Z,23a7bba69fdb3d4bcfc7b30f6155e5f6f1f35a52,7344,size_in_bytes,lib/ocaml/compiler-libs/flambda2_to_jsir__To_jsir_result.cmi,8499
2026-10-05T16:16:28Z,23a7bba69fdb3d4bcfc7b30f6155e5f6f1f35a52,7344,size_in_bytes,lib/ocaml/compiler-libs/parmatch.cmi,12102
2026-10-05T16:16:28Z,23a7bba69fdb3d4bcfc7b30f6155e5f6f1f35a52,7344,size_in_bytes,lib/ocaml/compiler-libs/maindriver.cmi,810
2026-10-05T16:16:28Z,23a7bba69fdb3d4bcfc7b30f6155e5f6f1f35a52,7344,size_in_bytes,lib/ocaml/compiler-libs/primitive.cmi,16996
2026-10-05T16:16:28Z,23a7bba69fdb3d4bcfc7b30f6155e5f6f1f35a52,7344,size_in_bytes,lib/ocaml/compiler-libs/flambda2_types__Type_grammar.cmi,227461
2026-10-05T16:16:28Z,23a7bba69fdb3d4bcfc7b30f6155e5f6f1f35a52,7344,size_in_bytes,lib/ocaml/compiler-libs/peephole_rules.cmi,10841
2026-10-05T16:16:28Z,23a7bba69fdb3d4bcfc7b30f6155e5f6f1f35a52,7344,size_in_bytes,lib/ocaml/compiler-libs/arm64_binary_emitter__Nop_helpers.cmi,610
2026-10-05T16:16:28Z,23a7bba69fdb3d4bcfc7b30f6155e5f6f1f35a52,7344,size_in_bytes,lib/ocaml/compiler-libs/flambda2_simplify__Simplify_expr.cmi,11890
2026-10-05T16:16:28Z,23a7bba69fdb3d4bcfc7b30f6155e5f6f1f35a52,7344,size_in_bytes,lib/ocaml/compiler-libs/flambda2_algorithms__Table_by_int_id.cmi,5123
2026-10-05T16:16:28Z,23a7bba69fdb3d4bcfc7b30f6155e5f6f1f35a52,7344,size_in_bytes,lib/ocaml/compiler-libs/flambda2_simplify_shared__Function_decl_inlining_decision.cmi,9135
2026-10-05T16:16:28Z,23a7bba69fdb3d4bcfc7b30f6155e5f6f1f35a52,7344,size_in_bytes,lib/ocaml/compiler-libs/optcompile.cmi,20661
2026-10-05T16:16:28Z,23a7bba69fdb3d4bcfc7b30f6155e5f6f1f35a52,7344,size_in_bytes,lib/ocaml/compiler-libs/dwarf_high__Proto_die.cmi,8488
2026-10-05T16:16:28Z,23a7bba69fdb3d4bcfc7b30f6155e5f6f1f35a52,7344,size_in_bytes,lib/ocaml/compiler-libs/signature_group.cmi,11474
2026-10-05T16:16:28Z,23a7bba69fdb3d4bcfc7b30f6155e5f6f1f35a52,7344,size_in_bytes,lib/ocaml/compiler-libs/flambda2_terms__Code_metadata.cmi,43983
2026-10-05T16:16:28Z,23a7bba69fdb3d4bcfc7b30f6155e5f6f1f35a52,7344,size_in_bytes,lib/ocaml/compiler-libs/flambda2_algorithms__Or_null.cmi,3478
2026-10-05T16:16:28Z,23a7bba69fdb3d4bcfc7b30f6155e5f6f1f35a52,7344,size_in_bytes,lib/ocaml/compiler-libs/format_doc.cmi,35174
2026-10-05T16:16:28Z,23a7bba69fdb3d4bcfc7b30f6155e5f6f1f35a52,7344,size_in_bytes,lib/ocaml/compiler-libs/build_linker_args.cmi,2271
2026-10-05T16:16:28Z,23a7bba69fdb3d4bcfc7b30f6155e5f6f1f35a52,7344,size_in_bytes,lib/ocaml/compiler-libs/flambda2_ui.cmi,469
2026-10-05T16:16:28Z,23a7bba69fdb3d4bcfc7b30f6155e5f6f1f35a52,7344,size_in_bytes,lib/ocaml/compiler-libs/shape_reduce.cmi,10024
2026-10-05T16:16:28Z,23a7bba69fdb3d4bcfc7b30f6155e5f6f1f35a52,7344,size_in_bytes,lib/ocaml/compiler-libs/dwarf_low__Dwarf_language.cmi,3369
2026-10-05T16:16:28Z,23a7bba69fdb3d4bcfc7b30f6155e5f6f1f35a52,7344,size_in_bytes,lib/ocaml/compiler-libs/flambda2_terms__Regalloc_attribute.cmi,8181
2026-10-05T16:16:28Z,23a7bba69fdb3d4bcfc7b30f6155e5f6f1f35a52,7344,size_in_bytes,lib/ocaml/compiler-libs/datarepr.cmi,6418
2026-10-05T16:16:28Z,23a7bba69fdb3d4bcfc7b30f6155e5f6f1f35a52,7344,size_in_bytes,lib/ocaml/compiler-libs/flambda2_reaper__Dot_printer.cmi,13523
2026-10-05T16:16:28Z,23a7bba69fdb3d4bcfc7b30f6155e5f6f1f35a52,7344,size_in_bytes,lib/ocaml/compiler-libs/solver_intf.cmi,96166
2026-10-05T16:16:28Z,23a7bba69fdb3d4bcfc7b30f6155e5f6f1f35a52,7344,size_in_bytes,lib/ocaml/compiler-libs/cfg_dominators.cmi,13270
2026-10-05T16:16:28Z,23a7bba69fdb3d4bcfc7b30f6155e5f6f1f35a52,7344,size_in_bytes,lib/ocaml/compiler-libs/flambda2_kinds__Tag.cmi,178166
2026-10-05T16:16:28Z,23a7bba69fdb3d4bcfc7b30f6155e5f6f1f35a52,7344,size_in_bytes,lib/ocaml/compiler-libs/cfg_polling.cmi,11506
2026-10-05T16:16:28Z,23a7bba69fdb3d4bcfc7b30f6155e5f6f1f35a52,7344,size_in_bytes,lib/ocaml/compiler-libs/flambda2_simplify__Inlining_transforms.cmi,11938
2026-10-05T16:16:28Z,23a7bba69fdb3d4bcfc7b30f6155e5f6f1f35a52,7344,size_in_bytes,lib/ocaml/compiler-libs/jit_backend.cmi,22126
2026-10-05T16:16:28Z,23a7bba69fdb3d4bcfc7b30f6155e5f6f1f35a52,7344,size_in_bytes,lib/ocaml/compiler-libs/flambda2_simplify__Downwards_acc.cmi,33007
2026-10-05T16:16:28Z,23a7bba69fdb3d4bcfc7b30f6155e5f6f1f35a52,7344,size_in_bytes,lib/ocaml/compiler-libs/flambda2_reaper__Cofield.cmi,62581
2026-10-05T16:16:28Z,23a7bba69fdb3d4bcfc7b30f6155e5f6f1f35a52,7344,size_in_bytes,lib/ocaml/compiler-libs/flambda2_simplify__Simplify_simple.cmi,13177
2026-10-05T16:16:28Z,23a7bba69fdb3d4bcfc7b30f6155e5f6f1f35a52,7344,size_in_bytes,lib/ocaml/compiler-libs/flambda2_simplify__Dominator_graph.cmi,15808
2026-10-05T16:16:28Z,23a7bba69fdb3d4bcfc7b30f6155e5f6f1f35a52,7344,size_in_bytes,lib/ocaml/compiler-libs/profile.cmi,7903
2026-10-05T16:16:28Z,23a7bba69fdb3d4bcfc7b30f6155e5f6f1f35a52,7344,size_in_bytes,lib/ocaml/compiler-libs/dwarf_low__Location_or_range_list_entry.cmi,8941
2026-10-05T16:16:28Z,23a7bba69fdb3d4bcfc7b30f6155e5f6f1f35a52,7344,size_in_bytes,lib/ocaml/compiler-libs/flambda2_reaper__Unboxing_analysis.cmi,23985
2026-10-05T16:16:28Z,23a7bba69fdb3d4bcfc7b30f6155e5f6f1f35a52,7344,size_in_bytes,lib/ocaml/compiler-libs/flambda2_cmx__Flambda_cmx_format.cmi,12491
2026-10-05T16:16:28Z,23a7bba69fdb3d4bcfc7b30f6155e5f6f1f35a52,7344,size_in_bytes,lib/ocaml/compiler-libs/target_system.cmi,6907
2026-10-05T16:16:28Z,23a7bba69fdb3d4bcfc7b30f6155e5f6f1f35a52,7344,size_in_bytes,lib/ocaml/compiler-libs/flambda2_terms__Exn_continuation.cmi,65074
2026-10-05T16:16:28Z,23a7bba69fdb3d4bcfc7b30f6155e5f6f1f35a52,7344,size_in_bytes,lib/ocaml/compiler-libs/flambda2_types__Typing_env_level.cmi,13652
2026-10-05T16:16:28Z,23a7bba69fdb3d4bcfc7b30f6155e5f6f1f35a52,7344,size_in_bytes,lib/ocaml/compiler-libs/linear.cmi,24506
2026-10-05T16:16:28Z,23a7bba69fdb3d4bcfc7b30f6155e5f6f1f35a52,7344,size_in_bytes,lib/ocaml/compiler-libs/flambda2_from_lambda__Lambda_to_flambda_env.cmi,21065
2026-10-05T16:16:28Z,23a7bba69fdb3d4bcfc7b30f6155e5f6f1f35a52,7344,size_in_bytes,lib/ocaml/compiler-libs/flambda2_nominal__Permutation.cmi,3551
2026-10-05T16:16:28Z,23a7bba69fdb3d4bcfc7b30f6155e5f6f1f35a52,7344,size_in_bytes,lib/ocaml/compiler-libs/cfg_with_layout.cmi,20892
2026-10-05T16:16:28Z,23a7bba69fdb3d4bcfc7b30f6155e5f6f1f35a52,7344,size_in_bytes,lib/ocaml/compiler-libs/ssa_of_cmm.cmi,10829
2026-10-05T16:16:28Z,23a7bba69fdb3d4bcfc7b30f6155e5f6f1f35a52,7344,size_in_bytes,lib/ocaml/compiler-libs/cm_bundle.cmi,2474
2026-10-05T16:16:28Z,23a7bba69fdb3d4bcfc7b30f6155e5f6f1f35a52,7344,size_in_bytes,lib/ocaml/compiler-libs/flambda2_to_cmm__To_cmm.cmi,10229
2026-10-05T16:16:28Z,23a7bba69fdb3d4bcfc7b30f6155e5f6f1f35a52,7344,size_in_bytes,lib/ocaml/compiler-libs/flambda2_types__Meet_env.cmi,20046
2026-10-05T16:16:28Z,23a7bba69fdb3d4bcfc7b30f6155e5f6f1f35a52,7344,size_in_bytes,lib/ocaml/compiler-libs/flambda2_simplify_shared__Are_rebuilding_terms.cmi,2109
2026-10-05T16:16:28Z,23a7bba69fdb3d4bcfc7b30f6155e5f6f1f35a52,7344,size_in_bytes,lib/ocaml/compiler-libs/flambda2_nominal__Renaming.cmi,12505
2026-10-05T16:16:28Z,23a7bba69fdb3d4bcfc7b30f6155e5f6f1f35a52,7344,size_in_bytes,lib/ocaml/compiler-libs/flambda2_from_lambda__Lambda_to_flambda.cmi,10801
2026-10-05T16:16:28Z,23a7bba69fdb3d4bcfc7b30f6155e5f6f1f35a52,7344,size_in_bytes,lib/ocaml/compiler-libs/local_store.cmi,2145
2026-10-05T16:16:28Z,23a7bba69fdb3d4bcfc7b30f6155e5f6f1f35a52,7344,size_in_bytes,lib/ocaml/compiler-libs/cfg_cse_target_intf.cmi,11656
2026-10-05T16:16:28Z,23a7bba69fdb3d4bcfc7b30f6155e5f6f1f35a52,7344,size_in_bytes,lib/ocaml/compiler-libs/flambda2_simplify__Simplify_primitive_result.cmi,17286
2026-10-05T16:16:28Z,23a7bba69fdb3d4bcfc7b30f6155e5f6f1f35a52,7344,size_in_bytes,lib/ocaml/compiler-libs/ssa_reducer.cmi,21357
2026-10-05T16:16:28Z,23a7bba69fdb3d4bcfc7b30f6155e5f6f1f35a52,7344,size_in_bytes,lib/ocaml/compiler-libs/flambda2_simplify_shared__Exported_offsets.cmi,10158
2026-10-05T16:16:28Z,23a7bba69fdb3d4bcfc7b30f6155e5f6f1f35a52,7344,size_in_bytes,lib/ocaml/compiler-libs/cmxs_format.cmi,2858
2026-10-05T16:16:28Z,23a7bba69fdb3d4bcfc7b30f6155e5f6f1f35a52,7344,size_in_bytes,lib/ocaml/compiler-libs/oprint.cmi,4906
2026-10-05T16:16:28Z,23a7bba69fdb3d4bcfc7b30f6155e5f6f1f35a52,7344,size_in_bytes,lib/ocaml/compiler-libs/cfg_selectgen_target_intf.cmi,21650
2026-10-05T16:16:28Z,23a7bba69fdb3d4bcfc7b30f6155e5f6f1f35a52,7344,size_in_bytes,lib/ocaml/compiler-libs/flambda2_numbers__Vector_types.cmi,245391
2026-10-05T16:16:28Z,23a7bba69fdb3d4bcfc7b30f6155e5f6f1f35a52,7344,size_in_bytes,lib/ocaml/compiler-libs/flambda2_nominal__Contains_names.cmi,6049
2026-10-05T16:16:28Z,23a7bba69fdb3d4bcfc7b30f6155e5f6f1f35a52,7344,size_in_bytes,lib/ocaml/compiler-libs/flambda2_from_lambda__Lambda_to_flambda_primitives_helpers.cmi,19041
2026-10-05T16:16:28Z,23a7bba69fdb3d4bcfc7b30f6155e5f6f1f35a52,7344,size_in_bytes,lib/ocaml/compiler-libs/mixed_block_shape.cmi,10086
2026-10-05T16:16:28Z,23a7bba69fdb3d4bcfc7b30f6155e5f6f1f35a52,7344,size_in_bytes,lib/ocaml/compiler-libs/structured_mangling.cmi,4013
2026-10-05T16:16:28Z,23a7bba69fdb3d4bcfc7b30f6155e5f6f1f35a52,7344,size_in_bytes,lib/ocaml/compiler-libs/flambda2_types__Reify.cmi,13664
2026-10-05T16:16:28Z,23a7bba69fdb3d4bcfc7b30f6155e5f6f1f35a52,7344,size_in_bytes,lib/ocaml/compiler-libs/arm64_binary_emitter__Relocation.cmi,7137
2026-10-05T16:16:28Z,23a7bba69fdb3d4bcfc7b30f6155e5f6f1f35a52,7344,size_in_bytes,lib/ocaml/compiler-libs/flambda2_simplify__Expr_builder.cmi,25013
2026-10-05T16:16:28Z,23a7bba69fdb3d4bcfc7b30f6155e5f6f1f35a52,7344,size_in_bytes,lib/ocaml/compiler-libs/ctype.cmi,109387
2026-10-05T16:16:28Z,23a7bba69fdb3d4bcfc7b30f6155e5f6f1f35a52,7344,size_in_bytes,lib/ocaml/compiler-libs/cfg_liveness_validate.cmi,10888
2026-10-05T16:16:28Z,23a7bba69fdb3d4bcfc7b30f6155e5f6f1f35a52,7344,size_in_bytes,lib/ocaml/compiler-libs/flambda2_types__Equal_types_for_debug.cmi,11307
2026-10-05T16:16:28Z,23a7bba69fdb3d4bcfc7b30f6155e5f6f1f35a52,7344,size_in_bytes,lib/ocaml/compiler-libs/compilenv.cmi,17763
2026-10-05T16:16:28Z,23a7bba69fdb3d4bcfc7b30f6155e5f6f1f35a52,7344,size_in_bytes,lib/ocaml/compiler-libs/arm64_binary_emitter__Add_sub_helpers.cmi,6671
2026-10-05T16:16:28Z,23a7bba69fdb3d4bcfc7b30f6155e5f6f1f35a52,7344,size_in_bytes,lib/ocaml/compiler-libs/lexer.cmi,7448
2026-10-05T16:16:28Z,23a7bba69fdb3d4bcfc7b30f6155e5f6f1f35a52,7344,size_in_bytes,lib/ocaml/str/str.cmi,10585
2026-10-05T16:16:28Z,23a7bba69fdb3d4bcfc7b30f6155e5f6f1f35a52,7344,size_in_bytes,lib/ocaml/stdlib_beta/stdlib_beta.cmi,229
2026-10-05T16:16:28Z,23a7bba69fdb3d4bcfc7b30f6155e5f6f1f35a52,7344,size_in_bytes,lib/ocaml/runtime_events/runtime_events.cmi,17051
2026-10-05T16:16:28Z,23a7bba69fdb3d4bcfc7b30f6155e5f6f1f35a52,7344,size_in_bytes,lib/ocaml/stdlib_stable/stdlib_stable__.cmi,2104
2026-10-05T16:16:28Z,23a7bba69fdb3d4bcfc7b30f6155e5f6f1f35a52,7344,size_in_bytes,lib/ocaml/stdlib_stable/stdlib_stable__Idx_imm.cmi,3638
2026-10-05T16:16:28Z,23a7bba69fdb3d4bcfc7b30f6155e5f6f1f35a52,7344,size_in_bytes,lib/ocaml/stdlib_stable/stdlib_stable__Idx_mut.cmi,4215
2026-10-05T16:16:28Z,23a7bba69fdb3d4bcfc7b30f6155e5f6f1f35a52,7344,size_in_bytes,lib/ocaml/stdlib_stable/stdlib_stable__Int16_u.cmi,11734
2026-10-05T16:16:28Z,23a7bba69fdb3d4bcfc7b30f6155e5f6f1f35a52,7344,size_in_bytes,lib/ocaml/stdlib_stable/stdlib_stable__IarrayLabels.cmi,45925
2026-10-05T16:16:28Z,23a7bba69fdb3d4bcfc7b30f6155e5f6f1f35a52,7344,size_in_bytes,lib/ocaml/stdlib_stable/stdlib_stable__Char_u.cmi,3534
2026-10-05T16:16:28Z,23a7bba69fdb3d4bcfc7b30f6155e5f6f1f35a52,7344,size_in_bytes,lib/ocaml/stdlib_stable/stdlib_stable__Int_u.cmi,11000
2026-10-05T16:16:28Z,23a7bba69fdb3d4bcfc7b30f6155e5f6f1f35a52,7344,size_in_bytes,lib/ocaml/stdlib_stable/stdlib_stable__Int8_u.cmi,11660
2026-10-05T16:16:28Z,23a7bba69fdb3d4bcfc7b30f6155e5f6f1f35a52,7344,size_in_bytes,lib/ocaml/stdlib_stable/stdlib_stable__Or_null.cmi,6932
2026-10-05T16:16:28Z,23a7bba69fdb3d4bcfc7b30f6155e5f6f1f35a52,7344,size_in_bytes,lib/ocaml/stdlib_stable/stdlib_stable__Iarray.cmi,17550
2026-10-05T16:16:28Z,23a7bba69fdb3d4bcfc7b30f6155e5f6f1f35a52,7344,size_in_bytes,lib/ocaml/stdlib_stable/stdlib_stable__Float32.cmi,46167
2026-10-05T16:16:28Z,23a7bba69fdb3d4bcfc7b30f6155e5f6f1f35a52,7344,size_in_bytes,lib/ocaml/stdlib_stable/stdlib_stable__Int.cmi,10397
2026-10-05T16:16:28Z,23a7bba69fdb3d4bcfc7b30f6155e5f6f1f35a52,7344,size_in_bytes,lib/ocaml/stdlib_stable/stdlib_stable__Int16.cmi,10635
2026-10-05T16:16:28Z,23a7bba69fdb3d4bcfc7b30f6155e5f6f1f35a52,7344,size_in_bytes,lib/ocaml/stdlib_stable/stdlib_stable__Float32_u.cmi,33247
2026-10-05T16:16:28Z,23a7bba69fdb3d4bcfc7b30f6155e5f6f1f35a52,7344,size_in_bytes,lib/ocaml/stdlib_stable/stdlib_stable__Int8.cmi,10569
2026-10-05T16:16:28Z,23a7bba69fdb3d4bcfc7b30f6155e5f6f1f35a52,7344,size_in_bytes,lib/ocaml/stdlib_stable/stdlib_stable__Idx_atomic.cmi,7259
2026-10-05T16:16:28Z,23a7bba69fdb3d4bcfc7b30f6155e5f6f1f35a52,7344,size_in_bytes,lib/ocaml/stdlib_stable/stdlib_stable.cmi,1252
2026-10-05T16:16:28Z,23a7bba69fdb3d4bcfc7b30f6155e5f6f1f35a52,7344,size_in_bytes,lib/ocaml/unix/unixLabels.cmi,94009
2026-10-05T16:16:28Z,23a7bba69fdb3d4bcfc7b30f6155e5f6f1f35a52,7344,size_in_bytes,lib/ocaml/unix/unix.cmi,91607
2026-10-05T16:16:28Z,23a7bba69fdb3d4bcfc7b30f6155e5f6f1f35a52,7344,size_in_bytes,lib/ocaml/stdlib__Lazy.cmx,34996
2026-10-05T16:16:28Z,23a7bba69fdb3d4bcfc7b30f6155e5f6f1f35a52,7344,size_in_bytes,lib/ocaml/stdlib.cmx,211592
2026-10-05T16:16:28Z,23a7bba69fdb3d4bcfc7b30f6155e5f6f1f35a52,7344,size_in_bytes,lib/ocaml/stdlib__Uchar.cmx,47176
2026-10-05T16:16:28Z,23a7bba69fdb3d4bcfc7b30f6155e5f6f1f35a52,7344,size_in_bytes,lib/ocaml/stdlib__Option.cmx,29433
2026-10-05T16:16:28Z,23a7bba69fdb3d4bcfc7b30f6155e5f6f1f35a52,7344,size_in_bytes,lib/ocaml/eval.cmx,37364
2026-10-05T16:16:28Z,23a7bba69fdb3d4bcfc7b30f6155e5f6f1f35a52,7344,size_in_bytes,lib/ocaml/stdlib__Hashtbl.cmx,473360
2026-10-05T16:16:28Z,23a7bba69fdb3d4bcfc7b30f6155e5f6f1f35a52,7344,size_in_bytes,lib/ocaml/stdlib__Semaphore.cmx,8475
2026-10-05T16:16:28Z,23a7bba69fdb3d4bcfc7b30f6155e5f6f1f35a52,7344,size_in_bytes,lib/ocaml/compiler_owee__Owee_object.cmx,189930
2026-10-05T16:16:28Z,23a7bba69fdb3d4bcfc7b30f6155e5f6f1f35a52,7344,size_in_bytes,lib/ocaml/stdlib__String.cmx,278617
2026-10-05T16:16:28Z,23a7bba69fdb3d4bcfc7b30f6155e5f6f1f35a52,7344,size_in_bytes,lib/ocaml/stdlib__Backoff.cmx,8658
2026-10-05T16:16:28Z,23a7bba69fdb3d4bcfc7b30f6155e5f6f1f35a52,7344,size_in_bytes,lib/ocaml/compiler_owee__Owee_debug_line.cmx,19644
2026-10-05T16:16:28Z,23a7bba69fdb3d4bcfc7b30f6155e5f6f1f35a52,7344,size_in_bytes,lib/ocaml/stdlib__Out_channel.cmx,14601
2026-10-05T16:16:28Z,23a7bba69fdb3d4bcfc7b30f6155e5f6f1f35a52,7344,size_in_bytes,lib/ocaml/stdlib__Ephemeron.cmx,929780
2026-10-05T16:16:28Z,23a7bba69fdb3d4bcfc7b30f6155e5f6f1f35a52,7344,size_in_bytes,lib/ocaml/stdlib__Sys.cmx,16241
2026-10-05T16:16:28Z,23a7bba69fdb3d4bcfc7b30f6155e5f6f1f35a52,7344,size_in_bytes,lib/ocaml/dynlink_compilerlibs__Misc.cmx,2136812
2026-10-05T16:16:28Z,23a7bba69fdb3d4bcfc7b30f6155e5f6f1f35a52,7344,size_in_bytes,lib/ocaml/stdlib__Arg.cmx,183285
2026-10-05T16:16:28Z,23a7bba69fdb3d4bcfc7b30f6155e5f6f1f35a52,7344,size_in_bytes,lib/ocaml/stdlib__Random.cmx,228170
2026-10-05T16:16:28Z,23a7bba69fdb3d4bcfc7b30f6155e5f6f1f35a52,7344,size_in_bytes,lib/ocaml/camlinternalFormatBasics.cmx,11638
2026-10-05T16:16:28Z,23a7bba69fdb3d4bcfc7b30f6155e5f6f1f35a52,7344,size_in_bytes,lib/ocaml/camlinternalMod.cmx,3083
2026-10-05T16:16:28Z,23a7bba69fdb3d4bcfc7b30f6155e5f6f1f35a52,7344,size_in_bytes,lib/ocaml/stdlib__Modes.cmx,1082
2026-10-05T16:16:28Z,23a7bba69fdb3d4bcfc7b30f6155e5f6f1f35a52,7344,size_in_bytes,lib/ocaml/compiler_owee__Owee_form.cmx,13922
2026-10-05T16:16:28Z,23a7bba69fdb3d4bcfc7b30f6155e5f6f1f35a52,7344,size_in_bytes,lib/ocaml/stdlib__Mutex.cmx,6946
2026-10-05T16:16:28Z,23a7bba69fdb3d4bcfc7b30f6155e5f6f1f35a52,7344,size_in_bytes,lib/ocaml/stdlib__ListLabels.cmx,6769
2026-10-05T16:16:28Z,23a7bba69fdb3d4bcfc7b30f6155e5f6f1f35a52,7344,size_in_bytes,lib/ocaml/stdlib__Seq.cmx,170491
2026-10-05T16:16:28Z,23a7bba69fdb3d4bcfc7b30f6155e5f6f1f35a52,7344,size_in_bytes,lib/ocaml/stdlib__BytesLabels.cmx,8871
2026-10-05T16:16:28Z,23a7bba69fdb3d4bcfc7b30f6155e5f6f1f35a52,7344,size_in_bytes,lib/ocaml/stdlib__Result.cmx,47915
2026-10-05T16:16:28Z,23a7bba69fdb3d4bcfc7b30f6155e5f6f1f35a52,7344,size_in_bytes,lib/ocaml/compiler_owee__Owee_elf.cmx,388582
2026-10-05T16:16:28Z,23a7bba69fdb3d4bcfc7b30f6155e5f6f1f35a52,7344,size_in_bytes,lib/ocaml/compiler_owee__Owee_macho.cmx,104859
2026-10-05T16:16:28Z,23a7bba69fdb3d4bcfc7b30f6155e5f6f1f35a52,7344,size_in_bytes,lib/ocaml/camlinternalOO.cmx,33605
2026-10-05T16:16:28Z,23a7bba69fdb3d4bcfc7b30f6155e5f6f1f35a52,7344,size_in_bytes,lib/ocaml/stdlib__Printexc.cmx,198248
2026-10-05T16:16:28Z,23a7bba69fdb3d4bcfc7b30f6155e5f6f1f35a52,7344,size_in_bytes,lib/ocaml/dynlink_compilerlibs__Axis_lattice.cmx,206600
2026-10-05T16:16:28Z,23a7bba69fdb3d4bcfc7b30f6155e5f6f1f35a52,7344,size_in_bytes,lib/ocaml/stdlib__MoreLabels.cmx,1138
2026-10-05T16:16:28Z,23a7bba69fdb3d4bcfc7b30f6155e5f6f1f35a52,7344,size_in_bytes,lib/ocaml/stdlib__Char.cmx,58389
2026-10-05T16:16:28Z,23a7bba69fdb3d4bcfc7b30f6155e5f6f1f35a52,7344,size_in_bytes,lib/ocaml/gc_timings.cmx,5056
2026-10-05T16:16:28Z,23a7bba69fdb3d4bcfc7b30f6155e5f6f1f35a52,7344,size_in_bytes,lib/ocaml/stdlib__Bytes.cmx,366776
2026-10-05T16:16:28Z,23a7bba69fdb3d4bcfc7b30f6155e5f6f1f35a52,7344,size_in_bytes,lib/ocaml/stdlib__Weak.cmx,235512
2026-10-05T16:16:28Z,23a7bba69fdb3d4bcfc7b30f6155e5f6f1f35a52,7344,size_in_bytes,lib/ocaml/stdlib__Printf.cmx,72656
2026-10-05T16:16:28Z,23a7bba69fdb3d4bcfc7b30f6155e5f6f1f35a52,7344,size_in_bytes,lib/ocaml/stdlib__Nativeint.cmx,35676
2026-10-05T16:16:28Z,23a7bba69fdb3d4bcfc7b30f6155e5f6f1f35a52,7344,size_in_bytes,lib/ocaml/stdlib__Set.cmx,788582
2026-10-05T16:16:28Z,23a7bba69fdb3d4bcfc7b30f6155e5f6f1f35a52,7344,size_in_bytes,lib/ocaml/compiler_owee__Owee_location.cmx,39235
2026-10-05T16:16:28Z,23a7bba69fdb3d4bcfc7b30f6155e5f6f1f35a52,7344,size_in_bytes,lib/ocaml/stdlib__Repr.cmx,770
2026-10-05T16:16:28Z,23a7bba69fdb3d4bcfc7b30f6155e5f6f1f35a52,7344,size_in_bytes,lib/ocaml/stdlib__Type.cmx,5655
2026-10-05T16:16:28Z,23a7bba69fdb3d4bcfc7b30f6155e5f6f1f35a52,7344,size_in_bytes,lib/ocaml/stdlib__Dynamic.cmx,8103
2026-10-05T16:16:28Z,23a7bba69fdb3d4bcfc7b30f6155e5f6f1f35a52,7344,size_in_bytes,lib/ocaml/stdlib__Pqueue.cmx,78330
2026-10-05T16:16:28Z,23a7bba69fdb3d4bcfc7b30f6155e5f6f1f35a52,7344,size_in_bytes,lib/ocaml/compiler_owee__Unix_intf.cmx,804
2026-10-05T16:16:28Z,23a7bba69fdb3d4bcfc7b30f6155e5f6f1f35a52,7344,size_in_bytes,lib/ocaml/compiler_owee__Owee_marker.cmx,105133
2026-10-05T16:16:28Z,23a7bba69fdb3d4bcfc7b30f6155e5f6f1f35a52,7344,size_in_bytes,lib/ocaml/stdlib__Digest.cmx,211031
2026-10-05T16:16:28Z,23a7bba69fdb3d4bcfc7b30f6155e5f6f1f35a52,7344,size_in_bytes,lib/ocaml/camlinternalQuote.cmx,438652
2026-10-05T16:16:28Z,23a7bba69fdb3d4bcfc7b30f6155e5f6f1f35a52,7344,size_in_bytes,lib/ocaml/stdlib__Format.cmx,1067647
2026-10-05T16:16:28Z,23a7bba69fdb3d4bcfc7b30f6155e5f6f1f35a52,7344,size_in_bytes,lib/ocaml/compiler_owee__Owee_interval_map.cmx,47975
2026-10-05T16:16:28Z,23a7bba69fdb3d4bcfc7b30f6155e5f6f1f35a52,7344,size_in_bytes,lib/ocaml/stdlib__Unit.cmx,3769
2026-10-05T16:16:28Z,23a7bba69fdb3d4bcfc7b30f6155e5f6f1f35a52,7344,size_in_bytes,lib/ocaml/stdlib__Scanf.cmx,269700
2026-10-05T16:16:28Z,23a7bba69fdb3d4bcfc7b30f6155e5f6f1f35a52,7344,size_in_bytes,lib/ocaml/stdlib__Lexing.cmx,90612
2026-10-05T16:16:28Z,23a7bba69fdb3d4bcfc7b30f6155e5f6f1f35a52,7344,size_in_bytes,lib/ocaml/stdlib__Complex.cmx,44774
2026-10-05T16:16:28Z,23a7bba69fdb3d4bcfc7b30f6155e5f6f1f35a52,7344,size_in_bytes,lib/ocaml/stdlib__Stack.cmx,36150
2026-10-05T16:16:28Z,23a7bba69fdb3d4bcfc7b30f6155e5f6f1f35a52,7344,size_in_bytes,lib/ocaml/stdlib__Float.cmx,213408
2026-10-05T16:16:28Z,23a7bba69fdb3d4bcfc7b30f6155e5f6f1f35a52,7344,size_in_bytes,lib/ocaml/stdlib__Callback.cmx,11696
2026-10-05T16:16:28Z,23a7bba69fdb3d4bcfc7b30f6155e5f6f1f35a52,7344,size_in_bytes,lib/ocaml/stdlib__Bool.cmx,15329
2026-10-05T16:16:28Z,23a7bba69fdb3d4bcfc7b30f6155e5f6f1f35a52,7344,size_in_bytes,lib/ocaml/stdlib__Parsing.cmx,65675
2026-10-05T16:16:28Z,23a7bba69fdb3d4bcfc7b30f6155e5f6f1f35a52,7344,size_in_bytes,lib/ocaml/stdlib__Int.cmx,13044
2026-10-05T16:16:28Z,23a7bba69fdb3d4bcfc7b30f6155e5f6f1f35a52,7344,size_in_bytes,lib/ocaml/compiler_owee__Owee_graph.cmx,167362
2026-10-05T16:16:28Z,23a7bba69fdb3d4bcfc7b30f6155e5f6f1f35a52,7344,size_in_bytes,lib/ocaml/stdlib__Array.cmx,201254
2026-10-05T16:16:28Z,23a7bba69fdb3d4bcfc7b30f6155e5f6f1f35a52,7344,size_in_bytes,lib/ocaml/stdlib__Queue.cmx,53808
2026-10-05T16:16:28Z,23a7bba69fdb3d4bcfc7b30f6155e5f6f1f35a52,7344,size_in_bytes,lib/ocaml/compiler_owee__Owee_traverse.cmx,88852
2026-10-05T16:16:28Z,23a7bba69fdb3d4bcfc7b30f6155e5f6f1f35a52,7344,size_in_bytes,lib/ocaml/compiler_owee__Owee_elf_string_table.cmx,25557
2026-10-05T16:16:28Z,23a7bba69fdb3d4bcfc7b30f6155e5f6f1f35a52,7344,size_in_bytes,lib/ocaml/dynlink_compilerlibs__Ldd.cmx,655905
2026-10-05T16:16:28Z,23a7bba69fdb3d4bcfc7b30f6155e5f6f1f35a52,7344,size_in_bytes,lib/ocaml/stdlib__List.cmx,202421
2026-10-05T16:16:28Z,23a7bba69fdb3d4bcfc7b30f6155e5f6f1f35a52,7344,size_in_bytes,lib/ocaml/compiler_owee__Owee_buf.cmx,125543
2026-10-05T16:16:28Z,23a7bba69fdb3d4bcfc7b30f6155e5f6f1f35a52,7344,size_in_bytes,lib/ocaml/stdlib__Either.cmx,29153
2026-10-05T16:16:28Z,23a7bba69fdb3d4bcfc7b30f6155e5f6f1f35a52,7344,size_in_bytes,lib/ocaml/stdlib__Quote.cmx,9544
2026-10-05T16:16:28Z,23a7bba69fdb3d4bcfc7b30f6155e5f6f1f35a52,7344,size_in_bytes,lib/ocaml/dynlink_compilerlibs__Ldd_intf.cmx,2365
2026-10-05T16:16:28Z,23a7bba69fdb3d4bcfc7b30f6155e5f6f1f35a52,7344,size_in_bytes,lib/ocaml/stdlib__Buffer.cmx,236652
2026-10-05T16:16:28Z,23a7bba69fdb3d4bcfc7b30f6155e5f6f1f35a52,7344,size_in_bytes,lib/ocaml/stdlib__Int32.cmx,34158
2026-10-05T16:16:28Z,23a7bba69fdb3d4bcfc7b30f6155e5f6f1f35a52,7344,size_in_bytes,lib/ocaml/compiler_owee__Owee_elf_relocation.cmx,61619
2026-10-05T16:16:28Z,23a7bba69fdb3d4bcfc7b30f6155e5f6f1f35a52,7344,size_in_bytes,lib/ocaml/camlinternalComprehension.cmx,6462
2026-10-05T16:16:28Z,23a7bba69fdb3d4bcfc7b30f6155e5f6f1f35a52,7344,size_in_bytes,lib/ocaml/camlinternalFormat.cmx,209331
2026-10-05T16:16:28Z,23a7bba69fdb3d4bcfc7b30f6155e5f6f1f35a52,7344,size_in_bytes,lib/ocaml/compiler_owee.cmx,1060
2026-10-05T16:16:28Z,23a7bba69fdb3d4bcfc7b30f6155e5f6f1f35a52,7344,size_in_bytes,lib/ocaml/stdlib__Atomic.cmx,6414
2026-10-05T16:16:28Z,23a7bba69fdb3d4bcfc7b30f6155e5f6f1f35a52,7344,size_in_bytes,lib/ocaml/stdlib__In_channel.cmx,19078
2026-10-05T16:16:28Z,23a7bba69fdb3d4bcfc7b30f6155e5f6f1f35a52,7344,size_in_bytes,lib/ocaml/stdlib__Marshal.cmx,21073
2026-10-05T16:16:28Z,23a7bba69fdb3d4bcfc7b30f6155e5f6f1f35a52,7344,size_in_bytes,lib/ocaml/stdlib__StdLabels.cmx,626
2026-10-05T16:16:28Z,23a7bba69fdb3d4bcfc7b30f6155e5f6f1f35a52,7344,size_in_bytes,lib/ocaml/compiler_owee__Owee_linux_maps.cmx,42021
2026-10-05T16:16:28Z,23a7bba69fdb3d4bcfc7b30f6155e5f6f1f35a52,7344,size_in_bytes,lib/ocaml/stdlib__Dynarray.cmx,56522
2026-10-05T16:16:28Z,23a7bba69fdb3d4bcfc7b30f6155e5f6f1f35a52,7344,size_in_bytes,lib/ocaml/std_exit.cmx,678
2026-10-05T16:16:28Z,23a7bba69fdb3d4bcfc7b30f6155e5f6f1f35a52,7344,size_in_bytes,lib/ocaml/stdlib__Filename.cmx,354626
2026-10-05T16:16:28Z,23a7bba69fdb3d4bcfc7b30f6155e5f6f1f35a52,7344,size_in_bytes,lib/ocaml/stdlib__Effect.cmx,49332
2026-10-05T16:16:28Z,23a7bba69fdb3d4bcfc7b30f6155e5f6f1f35a52,7344,size_in_bytes,lib/ocaml/stdlib__Pair.cmx,11011
2026-10-05T16:16:28Z,23a7bba69fdb3d4bcfc7b30f6155e5f6f1f35a52,7344,size_in_bytes,lib/ocaml/compiler_owee__Owee_archive.cmx,14474
2026-10-05T16:16:28Z,23a7bba69fdb3d4bcfc7b30f6155e5f6f1f35a52,7344,size_in_bytes,lib/ocaml/stdlib__Int64.cmx,34476
2026-10-05T16:16:28Z,23a7bba69fdb3d4bcfc7b30f6155e5f6f1f35a52,7344,size_in_bytes,lib/ocaml/stdlib__Bigarray.cmx,137652
2026-10-05T16:16:28Z,23a7bba69fdb3d4bcfc7b30f6155e5f6f1f35a52,7344,size_in_bytes,lib/ocaml/stdlib__Oo.cmx,919
2026-10-05T16:16:28Z,23a7bba69fdb3d4bcfc7b30f6155e5f6f1f35a52,7344,size_in_bytes,lib/ocaml/stdlib__Iarray.cmx,170004
2026-10-05T16:16:28Z,23a7bba69fdb3d4bcfc7b30f6155e5f6f1f35a52,7344,size_in_bytes,lib/ocaml/camlinternalLazy.cmx,29867
2026-10-05T16:16:28Z,23a7bba69fdb3d4bcfc7b30f6155e5f6f1f35a52,7344,size_in_bytes,lib/ocaml/stdlib__Map.cmx,792007
2026-10-05T16:16:28Z,23a7bba69fdb3d4bcfc7b30f6155e5f6f1f35a52,7344,size_in_bytes,lib/ocaml/stdlib__ArrayLabels.cmx,4668
2026-10-05T16:16:28Z,23a7bba69fdb3d4bcfc7b30f6155e5f6f1f35a52,7344,size_in_bytes,lib/ocaml/stdlib__Fun.cmx,13716
2026-10-05T16:16:28Z,23a7bba69fdb3d4bcfc7b30f6155e5f6f1f35a52,7344,size_in_bytes,lib/ocaml/stdlib__Gc.cmx,41675
2026-10-05T16:16:28Z,23a7bba69fdb3d4bcfc7b30f6155e5f6f1f35a52,7344,size_in_bytes,lib/ocaml/stdlib__Obj.cmx,80869
2026-10-05T16:16:28Z,23a7bba69fdb3d4bcfc7b30f6155e5f6f1f35a52,7344,size_in_bytes,lib/ocaml/compiler_owee__Owee_elf_notes.cmx,121305
2026-10-05T16:16:28Z,23a7bba69fdb3d4bcfc7b30f6155e5f6f1f35a52,7344,size_in_bytes,lib/ocaml/stdlib__Condition.cmx,6719
2026-10-05T16:16:28Z,23a7bba69fdb3d4bcfc7b30f6155e5f6f1f35a52,7344,size_in_bytes,lib/ocaml/stdlib__Domain.cmx,234522
2026-10-05T16:16:28Z,23a7bba69fdb3d4bcfc7b30f6155e5f6f1f35a52,7344,size_in_bytes,lib/ocaml/camlinternalAtomic.cmx,9898
2026-10-05T16:16:28Z,23a7bba69fdb3d4bcfc7b30f6155e5f6f1f35a52,7344,size_in_bytes,lib/ocaml/stdlib__StringLabels.cmx,6916
2026-10-05T16:16:28Z,23a7bba69fdb3d4bcfc7b30f6155e5f6f1f35a52,7344,size_in_bytes,lib/ocaml/ocaml-jit/jit.cmx,69514
2026-10-05T16:16:28Z,23a7bba69fdb3d4bcfc7b30f6155e5f6f1f35a52,7344,size_in_bytes,lib/ocaml/stdlib_alpha/stdlib_alpha.cmx,596
2026-10-05T16:16:28Z,23a7bba69fdb3d4bcfc7b30f6155e5f6f1f35a52,7344,size_in_bytes,lib/ocaml/threads/thread.cmx,27779
2026-10-05T16:16:28Z,23a7bba69fdb3d4bcfc7b30f6155e5f6f1f35a52,7344,size_in_bytes,lib/ocaml/threads/multicore.cmx,47209
2026-10-05T16:16:28Z,23a7bba69fdb3d4bcfc7b30f6155e5f6f1f35a52,7344,size_in_bytes,lib/ocaml/threads/event.cmx,160409
2026-10-05T16:16:28Z,23a7bba69fdb3d4bcfc7b30f6155e5f6f1f35a52,7344,size_in_bytes,lib/ocaml/dynlink/dynlink.cmx,105283
2026-10-05T16:16:28Z,23a7bba69fdb3d4bcfc7b30f6155e5f6f1f35a52,7344,size_in_bytes,lib/ocaml/dynlink/dynlink_platform_intf.cmx,819
2026-10-05T16:16:28Z,23a7bba69fdb3d4bcfc7b30f6155e5f6f1f35a52,7344,size_in_bytes,lib/ocaml/dynlink/dynlink_internal_native.cmx,390997
2026-10-05T16:16:28Z,23a7bba69fdb3d4bcfc7b30f6155e5f6f1f35a52,7344,size_in_bytes,lib/ocaml/dynlink/dynlink_internal_byte.cmx,519226
2026-10-05T16:16:28Z,23a7bba69fdb3d4bcfc7b30f6155e5f6f1f35a52,7344,size_in_bytes,lib/ocaml/dynlink/dynlink_common.cmx,462507
2026-10-05T16:16:28Z,23a7bba69fdb3d4bcfc7b30f6155e5f6f1f35a52,7344,size_in_bytes,lib/ocaml/dynlink/dynlink_types.cmx,2687
2026-10-05T16:16:28Z,23a7bba69fdb3d4bcfc7b30f6155e5f6f1f35a52,7344,size_in_bytes,lib/ocaml/stdlib_upstream_compatible/stdlib_upstream_compatible__.cmx,1025
2026-10-05T16:16:28Z,23a7bba69fdb3d4bcfc7b30f6155e5f6f1f35a52,7344,size_in_bytes,lib/ocaml/stdlib_upstream_compatible/stdlib_upstream_compatible__Int32_u.cmx,63305
2026-10-05T16:16:28Z,23a7bba69fdb3d4bcfc7b30f6155e5f6f1f35a52,7344,size_in_bytes,lib/ocaml/stdlib_upstream_compatible/stdlib_upstream_compatible.cmx,766
2026-10-05T16:16:28Z,23a7bba69fdb3d4bcfc7b30f6155e5f6f1f35a52,7344,size_in_bytes,lib/ocaml/stdlib_upstream_compatible/stdlib_upstream_compatible__Nativeint_u.cmx,68365
2026-10-05T16:16:28Z,23a7bba69fdb3d4bcfc7b30f6155e5f6f1f35a52,7344,size_in_bytes,lib/ocaml/stdlib_upstream_compatible/stdlib_upstream_compatible__Float_u.cmx,111999
2026-10-05T16:16:28Z,23a7bba69fdb3d4bcfc7b30f6155e5f6f1f35a52,7344,size_in_bytes,lib/ocaml/stdlib_upstream_compatible/stdlib_upstream_compatible__Int64_u.cmx,75995
2026-10-05T16:16:28Z,23a7bba69fdb3d4bcfc7b30f6155e5f6f1f35a52,7344,size_in_bytes,lib/ocaml/compiler-libs/format_doc.cmx,611171
2026-10-05T16:16:28Z,23a7bba69fdb3d4bcfc7b30f6155e5f6f1f35a52,7344,size_in_bytes,lib/ocaml/compiler-libs/optlibrarian.cmx,211049
2026-10-05T16:16:28Z,23a7bba69fdb3d4bcfc7b30f6155e5f6f1f35a52,7344,size_in_bytes,lib/ocaml/compiler-libs/asm_targets__Asm_directives_dwarf.cmx,2135
2026-10-05T16:16:28Z,23a7bba69fdb3d4bcfc7b30f6155e5f6f1f35a52,7344,size_in_bytes,lib/ocaml/compiler-libs/slambda.cmx,44420
2026-10-05T16:16:28Z,23a7bba69fdb3d4bcfc7b30f6155e5f6f1f35a52,7344,size_in_bytes,lib/ocaml/compiler-libs/regalloc_substitution.cmx,64826
2026-10-05T16:16:28Z,23a7bba69fdb3d4bcfc7b30f6155e5f6f1f35a52,7344,size_in_bytes,lib/ocaml/compiler-libs/opt_fuel.cmx,41309
2026-10-05T16:16:28Z,23a7bba69fdb3d4bcfc7b30f6155e5f6f1f35a52,7344,size_in_bytes,lib/ocaml/compiler-libs/diffing_with_keys.cmx,231962
2026-10-05T16:16:28Z,23a7bba69fdb3d4bcfc7b30f6155e5f6f1f35a52,7344,size_in_bytes,lib/ocaml/compiler-libs/emitaux.cmx,278752
2026-10-05T16:16:28Z,23a7bba69fdb3d4bcfc7b30f6155e5f6f1f35a52,7344,size_in_bytes,lib/ocaml/compiler-libs/inlined_frame_ranges.cmx,1064366
2026-10-05T16:16:28Z,23a7bba69fdb3d4bcfc7b30f6155e5f6f1f35a52,7344,size_in_bytes,lib/ocaml/compiler-libs/bytepackager.cmx,75348
2026-10-05T16:16:28Z,23a7bba69fdb3d4bcfc7b30f6155e5f6f1f35a52,7344,size_in_bytes,lib/ocaml/compiler-libs/cfg_cse.cmx,337636
2026-10-05T16:16:28Z,23a7bba69fdb3d4bcfc7b30f6155e5f6f1f35a52,7344,size_in_bytes,lib/ocaml/compiler-libs/optcompile.cmx,337666
2026-10-05T16:16:28Z,23a7bba69fdb3d4bcfc7b30f6155e5f6f1f35a52,7344,size_in_bytes,lib/ocaml/compiler-libs/dwarf_low__Dwarf_4_range_list_entry.cmx,70163
2026-10-05T16:16:28Z,23a7bba69fdb3d4bcfc7b30f6155e5f6f1f35a52,7344,size_in_bytes,lib/ocaml/compiler-libs/typedecl.cmx,767599
2026-10-05T16:16:28Z,23a7bba69fdb3d4bcfc7b30f6155e5f6f1f35a52,7344,size_in_bytes,lib/ocaml/compiler-libs/regalloc_invariants.cmx,101140
2026-10-05T16:16:28Z,23a7bba69fdb3d4bcfc7b30f6155e5f6f1f35a52,7344,size_in_bytes,lib/ocaml/compiler-libs/dwarf_flags.cmx,85519
2026-10-05T16:16:28Z,23a7bba69fdb3d4bcfc7b30f6155e5f6f1f35a52,7344,size_in_bytes,lib/ocaml/compiler-libs/dwarf_high__Simple_location_description_lang.cmx,262487
2026-10-05T16:16:28Z,23a7bba69fdb3d4bcfc7b30f6155e5f6f1f35a52,7344,size_in_bytes,lib/ocaml/compiler-libs/is_parameter.cmx,824084
2026-10-05T16:16:28Z,23a7bba69fdb3d4bcfc7b30f6155e5f6f1f35a52,7344,size_in_bytes,lib/ocaml/compiler-libs/dwarf_low__Dwarf_attribute_values.cmx,235886
2026-10-05T16:16:28Z,23a7bba69fdb3d4bcfc7b30f6155e5f6f1f35a52,7344,size_in_bytes,lib/ocaml/compiler-libs/symbol_table.cmx,107995
2026-10-05T16:16:28Z,23a7bba69fdb3d4bcfc7b30f6155e5f6f1f35a52,7344,size_in_bytes,lib/ocaml/compiler-libs/patterns.cmx,146006
2026-10-05T16:16:28Z,23a7bba69fdb3d4bcfc7b30f6155e5f6f1f35a52,7344,size_in_bytes,lib/ocaml/compiler-libs/cfg_selectgen_target_intf.cmx,10879
2026-10-05T16:16:28Z,23a7bba69fdb3d4bcfc7b30f6155e5f6f1f35a52,7344,size_in_bytes,lib/ocaml/compiler-libs/extra_debug.cmx,38426
2026-10-05T16:16:28Z,23a7bba69fdb3d4bcfc7b30f6155e5f6f1f35a52,7344,size_in_bytes,lib/ocaml/compiler-libs/dwarf_high__Assign_abbrevs.cmx,50668
2026-10-05T16:16:28Z,23a7bba69fdb3d4bcfc7b30f6155e5f6f1f35a52,7344,size_in_bytes,lib/ocaml/compiler-libs/misc.cmx,1980027
2026-10-05T16:16:28Z,23a7bba69fdb3d4bcfc7b30f6155e5f6f1f35a52,7344,size_in_bytes,lib/ocaml/compiler-libs/ctype.cmx,3063255
2026-10-05T16:16:28Z,23a7bba69fdb3d4bcfc7b30f6155e5f6f1f35a52,7344,size_in_bytes,lib/ocaml/compiler-libs/dissector_log.cmx,38132
2026-10-05T16:16:28Z,23a7bba69fdb3d4bcfc7b30f6155e5f6f1f35a52,7344,size_in_bytes,lib/ocaml/compiler-libs/partition_object_files.cmx,83635
2026-10-05T16:16:28Z,23a7bba69fdb3d4bcfc7b30f6155e5f6f1f35a52,7344,size_in_bytes,lib/ocaml/compiler-libs/regalloc_stack_slots.cmx,74780
2026-10-05T16:16:28Z,23a7bba69fdb3d4bcfc7b30f6155e5f6f1f35a52,7344,size_in_bytes,lib/ocaml/compiler-libs/dwarf_low__Simple_location_description.cmx,26111
2026-10-05T16:16:28Z,23a7bba69fdb3d4bcfc7b30f6155e5f6f1f35a52,7344,size_in_bytes,lib/ocaml/compiler-libs/translprim.cmx,256952
2026-10-05T16:16:28Z,23a7bba69fdb3d4bcfc7b30f6155e5f6f1f35a52,7344,size_in_bytes,lib/ocaml/compiler-libs/arm64_binary_emitter__Fp_helpers.cmx,33849
2026-10-05T16:16:28Z,23a7bba69fdb3d4bcfc7b30f6155e5f6f1f35a52,7344,size_in_bytes,lib/ocaml/compiler-libs/dwarf.cmx,150720
2026-10-05T16:16:28Z,23a7bba69fdb3d4bcfc7b30f6155e5f6f1f35a52,7344,size_in_bytes,lib/ocaml/compiler-libs/cfg_block_layout.cmx,30185
2026-10-05T16:16:28Z,23a7bba69fdb3d4bcfc7b30f6155e5f6f1f35a52,7344,size_in_bytes,lib/ocaml/compiler-libs/x86_masm.cmx,39225
2026-10-05T16:16:28Z,23a7bba69fdb3d4bcfc7b30f6155e5f6f1f35a52,7344,size_in_bytes,lib/ocaml/compiler-libs/measure_object_files.cmx,29741
2026-10-05T16:16:28Z,23a7bba69fdb3d4bcfc7b30f6155e5f6f1f35a52,7344,size_in_bytes,lib/ocaml/compiler-libs/targetint.cmx,54341
2026-10-05T16:16:28Z,23a7bba69fdb3d4bcfc7b30f6155e5f6f1f35a52,7344,size_in_bytes,lib/ocaml/compiler-libs/dwarf_high__Dwarf_attribute_helpers.cmx,405363
2026-10-05T16:16:28Z,23a7bba69fdb3d4bcfc7b30f6155e5f6f1f35a52,7344,size_in_bytes,lib/ocaml/compiler-libs/runtimetags.cmx,1277
2026-10-05T16:16:28Z,23a7bba69fdb3d4bcfc7b30f6155e5f6f1f35a52,7344,size_in_bytes,lib/ocaml/compiler-libs/ldd_intf.cmx,1741
2026-10-05T16:16:28Z,23a7bba69fdb3d4bcfc7b30f6155e5f6f1f35a52,7344,size_in_bytes,lib/ocaml/compiler-libs/compute_ranges.cmx,376952
2026-10-05T16:16:28Z,23a7bba69fdb3d4bcfc7b30f6155e5f6f1f35a52,7344,size_in_bytes,lib/ocaml/compiler-libs/dwarf_low__Dwarf_tag.cmx,56189
2026-10-05T16:16:28Z,23a7bba69fdb3d4bcfc7b30f6155e5f6f1f35a52,7344,size_in_bytes,lib/ocaml/compiler-libs/main_args.cmx,2628664
2026-10-05T16:16:28Z,23a7bba69fdb3d4bcfc7b30f6155e5f6f1f35a52,7344,size_in_bytes,lib/ocaml/compiler-libs/errortrace_report.cmx,251317
2026-10-05T16:16:28Z,23a7bba69fdb3d4bcfc7b30f6155e5f6f1f35a52,7344,size_in_bytes,lib/ocaml/compiler-libs/backend_var.cmx,132236
2026-10-05T16:16:28Z,23a7bba69fdb3d4bcfc7b30f6155e5f6f1f35a52,7344,size_in_bytes,lib/ocaml/compiler-libs/sub_cfg.cmx,147085
2026-10-05T16:16:28Z,23a7bba69fdb3d4bcfc7b30f6155e5f6f1f35a52,7344,size_in_bytes,lib/ocaml/compiler-libs/includeclass.cmx,46584
2026-10-05T16:16:28Z,23a7bba69fdb3d4bcfc7b30f6155e5f6f1f35a52,7344,size_in_bytes,lib/ocaml/compiler-libs/arm64_binary_emitter__Mov_helpers.cmx,14155
2026-10-05T16:16:28Z,23a7bba69fdb3d4bcfc7b30f6155e5f6f1f35a52,7344,size_in_bytes,lib/ocaml/compiler-libs/vicuna_traverse_typed_tree.cmx,95026
2026-10-05T16:16:28Z,23a7bba69fdb3d4bcfc7b30f6155e5f6f1f35a52,7344,size_in_bytes,lib/ocaml/compiler-libs/regalloc_irc.cmx,19778
2026-10-05T16:16:28Z,23a7bba69fdb3d4bcfc7b30f6155e5f6f1f35a52,7344,size_in_bytes,lib/ocaml/compiler-libs/label.cmx,24739
2026-10-05T16:16:28Z,23a7bba69fdb3d4bcfc7b30f6155e5f6f1f35a52,7344,size_in_bytes,lib/ocaml/compiler-libs/binutils.cmx,309553
2026-10-05T16:16:28Z,23a7bba69fdb3d4bcfc7b30f6155e5f6f1f35a52,7344,size_in_bytes,lib/ocaml/compiler-libs/profile.cmx,271192
2026-10-05T16:16:28Z,23a7bba69fdb3d4bcfc7b30f6155e5f6f1f35a52,7344,size_in_bytes,lib/ocaml/compiler-libs/dwarf_low__Debug_info_section.cmx,84539
2026-10-05T16:16:28Z,23a7bba69fdb3d4bcfc7b30f6155e5f6f1f35a52,7344,size_in_bytes,lib/ocaml/compiler-libs/jkind_intf.cmx,1693
2026-10-05T16:16:28Z,23a7bba69fdb3d4bcfc7b30f6155e5f6f1f35a52,7344,size_in_bytes,lib/ocaml/compiler-libs/extract_relocations.cmx,143587
2026-10-05T16:16:28Z,23a7bba69fdb3d4bcfc7b30f6155e5f6f1f35a52,7344,size_in_bytes,lib/ocaml/compiler-libs/regalloc_interf_graph.cmx,289544
2026-10-05T16:16:28Z,23a7bba69fdb3d4bcfc7b30f6155e5f6f1f35a52,7344,size_in_bytes,lib/ocaml/compiler-libs/out_type.cmx,2075294
2026-10-05T16:16:28Z,23a7bba69fdb3d4bcfc7b30f6155e5f6f1f35a52,7344,size_in_bytes,lib/ocaml/compiler-libs/regalloc_ls.cmx,197881
2026-10-05T16:16:28Z,23a7bba69fdb3d4bcfc7b30f6155e5f6f1f35a52,7344,size_in_bytes,lib/ocaml/compiler-libs/dwarf_low__Location_or_range_list_entry.cmx,144047
2026-10-05T16:16:28Z,23a7bba69fdb3d4bcfc7b30f6155e5f6f1f35a52,7344,size_in_bytes,lib/ocaml/compiler-libs/dwarf_low__Child_determination.cmx,12073
2026-10-05T16:16:28Z,23a7bba69fdb3d4bcfc7b30f6155e5f6f1f35a52,7344,size_in_bytes,lib/ocaml/compiler-libs/includemod.cmx,922528
2026-10-05T16:16:28Z,23a7bba69fdb3d4bcfc7b30f6155e5f6f1f35a52,7344,size_in_bytes,lib/ocaml/compiler-libs/primitive.cmx,86089
2026-10-05T16:16:28Z,23a7bba69fdb3d4bcfc7b30f6155e5f6f1f35a52,7344,size_in_bytes,lib/ocaml/compiler-libs/transl_list_comprehension.cmx,47774
2026-10-05T16:16:28Z,23a7bba69fdb3d4bcfc7b30f6155e5f6f1f35a52,7344,size_in_bytes,lib/ocaml/compiler-libs/cfg_dataflow.cmx,256738
2026-10-05T16:16:28Z,23a7bba69fdb3d4bcfc7b30f6155e5f6f1f35a52,7344,size_in_bytes,lib/ocaml/compiler-libs/lambda.cmx,983372
2026-10-05T16:16:28Z,23a7bba69fdb3d4bcfc7b30f6155e5f6f1f35a52,7344,size_in_bytes,lib/ocaml/compiler-libs/cfg_merge_blocks.cmx,95504
2026-10-05T16:16:28Z,23a7bba69fdb3d4bcfc7b30f6155e5f6f1f35a52,7344,size_in_bytes,lib/ocaml/compiler-libs/bytesections.cmx,76684
2026-10-05T16:16:28Z,23a7bba69fdb3d4bcfc7b30f6155e5f6f1f35a52,7344,size_in_bytes,lib/ocaml/compiler-libs/bytelink.cmx,324235
2026-10-05T16:16:28Z,23a7bba69fdb3d4bcfc7b30f6155e5f6f1f35a52,7344,size_in_bytes,lib/ocaml/compiler-libs/dwarf_low__Location_list.cmx,48949
2026-10-05T16:16:28Z,23a7bba69fdb3d4bcfc7b30f6155e5f6f1f35a52,7344,size_in_bytes,lib/ocaml/compiler-libs/asm_targets__Asm_section.cmx,206959
2026-10-05T16:16:28Z,23a7bba69fdb3d4bcfc7b30f6155e5f6f1f35a52,7344,size_in_bytes,lib/ocaml/compiler-libs/mixed_product_bytes.cmx,63921
2026-10-05T16:16:28Z,23a7bba69fdb3d4bcfc7b30f6155e5f6f1f35a52,7344,size_in_bytes,lib/ocaml/compiler-libs/cfg_simplify.cmx,198660
2026-10-05T16:16:28Z,23a7bba69fdb3d4bcfc7b30f6155e5f6f1f35a52,7344,size_in_bytes,lib/ocaml/compiler-libs/target_system.cmx,54648
2026-10-05T16:16:28Z,23a7bba69fdb3d4bcfc7b30f6155e5f6f1f35a52,7344,size_in_bytes,lib/ocaml/compiler-libs/arm64_binary_emitter__Logical_helpers.cmx,26379
2026-10-05T16:16:28Z,23a7bba69fdb3d4bcfc7b30f6155e5f6f1f35a52,7344,size_in_bytes,lib/ocaml/compiler-libs/dwarf_abstract_instances.cmx,127059
2026-10-05T16:16:28Z,23a7bba69fdb3d4bcfc7b30f6155e5f6f1f35a52,7344,size_in_bytes,lib/ocaml/compiler-libs/linkdeps.cmx,119948
2026-10-05T16:16:28Z,23a7bba69fdb3d4bcfc7b30f6155e5f6f1f35a52,7344,size_in_bytes,lib/ocaml/compiler-libs/id_counter.cmx,347275
2026-10-05T16:16:28Z,23a7bba69fdb3d4bcfc7b30f6155e5f6f1f35a52,7344,size_in_bytes,lib/ocaml/compiler-libs/linear.cmx,44318
2026-10-05T16:16:28Z,23a7bba69fdb3d4bcfc7b30f6155e5f6f1f35a52,7344,size_in_bytes,lib/ocaml/compiler-libs/parse.cmx,30754
2026-10-05T16:16:28Z,23a7bba69fdb3d4bcfc7b30f6155e5f6f1f35a52,7344,size_in_bytes,lib/ocaml/compiler-libs/printpat.cmx,113045
2026-10-05T16:16:28Z,23a7bba69fdb3d4bcfc7b30f6155e5f6f1f35a52,7344,size_in_bytes,lib/ocaml/compiler-libs/igot.cmx,57037
2026-10-05T16:16:28Z,23a7bba69fdb3d4bcfc7b30f6155e5f6f1f35a52,7344,size_in_bytes,lib/ocaml/compiler-libs/arm64_binary_emitter__All_section_states.cmx,119940
2026-10-05T16:16:28Z,23a7bba69fdb3d4bcfc7b30f6155e5f6f1f35a52,7344,size_in_bytes,lib/ocaml/compiler-libs/dwarf_state.cmx,407021
2026-10-05T16:16:28Z,23a7bba69fdb3d4bcfc7b30f6155e5f6f1f35a52,7344,size_in_bytes,lib/ocaml/compiler-libs/cfg_polling.cmx,181921
2026-10-05T16:16:28Z,23a7bba69fdb3d4bcfc7b30f6155e5f6f1f35a52,7344,size_in_bytes,lib/ocaml/compiler-libs/dwarf_low__Composite_location_description.cmx,45433
2026-10-05T16:16:28Z,23a7bba69fdb3d4bcfc7b30f6155e5f6f1f35a52,7344,size_in_bytes,lib/ocaml/compiler-libs/vectorize_utils.cmx,82515
2026-10-05T16:16:28Z,23a7bba69fdb3d4bcfc7b30f6155e5f6f1f35a52,7344,size_in_bytes,lib/ocaml/compiler-libs/cfg_with_infos.cmx,108972
2026-10-05T16:16:28Z,23a7bba69fdb3d4bcfc7b30f6155e5f6f1f35a52,7344,size_in_bytes,lib/ocaml/compiler-libs/ikind.cmx,818696
2026-10-05T16:16:28Z,23a7bba69fdb3d4bcfc7b30f6155e5f6f1f35a52,7344,size_in_bytes,lib/ocaml/compiler-libs/arm64_binary_emitter__Simd_helpers.cmx,59494
2026-10-05T16:16:28Z,23a7bba69fdb3d4bcfc7b30f6155e5f6f1f35a52,7344,size_in_bytes,lib/ocaml/compiler-libs/dwarf_low__Dwarf_4_location_list_entry.cmx,155896
2026-10-05T16:16:28Z,23a7bba69fdb3d4bcfc7b30f6155e5f6f1f35a52,7344,size_in_bytes,lib/ocaml/compiler-libs/dwarf_type.cmx,72525
2026-10-05T16:16:28Z,23a7bba69fdb3d4bcfc7b30f6155e5f6f1f35a52,7344,size_in_bytes,lib/ocaml/compiler-libs/dwarf_low__Dwarf_arch_sizes.cmx,841
2026-10-05T16:16:28Z,23a7bba69fdb3d4bcfc7b30f6155e5f6f1f35a52,7344,size_in_bytes,lib/ocaml/compiler-libs/arm64_binary_emitter__Binary_emitter.cmx,168869
2026-10-05T16:16:28Z,23a7bba69fdb3d4bcfc7b30f6155e5f6f1f35a52,7344,size_in_bytes,lib/ocaml/compiler-libs/vectorize.cmx,108381
2026-10-05T16:16:28Z,23a7bba69fdb3d4bcfc7b30f6155e5f6f1f35a52,7344,size_in_bytes,lib/ocaml/compiler-libs/ssa_reducer.cmx,269927
2026-10-05T16:16:28Z,23a7bba69fdb3d4bcfc7b30f6155e5f6f1f35a52,7344,size_in_bytes,lib/ocaml/compiler-libs/asmgen.cmx,822176
2026-10-05T16:16:28Z,23a7bba69fdb3d4bcfc7b30f6155e5f6f1f35a52,7344,size_in_bytes,lib/ocaml/compiler-libs/asm_targets__Asm_symbol.cmx,855723
2026-10-05T16:16:28Z,23a7bba69fdb3d4bcfc7b30f6155e5f6f1f35a52,7344,size_in_bytes,lib/ocaml/compiler-libs/cmm.cmx,247582
2026-10-05T16:16:28Z,23a7bba69fdb3d4bcfc7b30f6155e5f6f1f35a52,7344,size_in_bytes,lib/ocaml/compiler-libs/cfg_comballoc.cmx,79276
2026-10-05T16:16:28Z,23a7bba69fdb3d4bcfc7b30f6155e5f6f1f35a52,7344,size_in_bytes,lib/ocaml/compiler-libs/arm64_binary_emitter__Csel_helpers.cmx,11656
2026-10-05T16:16:28Z,23a7bba69fdb3d4bcfc7b30f6155e5f6f1f35a52,7344,size_in_bytes,lib/ocaml/compiler-libs/arm64_binary_emitter__Load_store_helpers.cmx,89128
2026-10-05T16:16:28Z,23a7bba69fdb3d4bcfc7b30f6155e5f6f1f35a52,7344,size_in_bytes,lib/ocaml/compiler-libs/cmm_builtins.cmx,40748
2026-10-05T16:16:28Z,23a7bba69fdb3d4bcfc7b30f6155e5f6f1f35a52,7344,size_in_bytes,lib/ocaml/compiler-libs/ir_config_fingerprint.cmx,50006
2026-10-05T16:16:28Z,23a7bba69fdb3d4bcfc7b30f6155e5f6f1f35a52,7344,size_in_bytes,lib/ocaml/compiler-libs/typeclass.cmx,604402
2026-10-05T16:16:28Z,23a7bba69fdb3d4bcfc7b30f6155e5f6f1f35a52,7344,size_in_bytes,lib/ocaml/compiler-libs/iplt.cmx,70292
2026-10-05T16:16:28Z,23a7bba69fdb3d4bcfc7b30f6155e5f6f1f35a52,7344,size_in_bytes,lib/ocaml/compiler-libs/debug.cmx,19860
2026-10-05T16:16:28Z,23a7bba69fdb3d4bcfc7b30f6155e5f6f1f35a52,7344,size_in_bytes,lib/ocaml/compiler-libs/asm_targets__Asm_label.cmx,856780
2026-10-05T16:16:28Z,23a7bba69fdb3d4bcfc7b30f6155e5f6f1f35a52,7344,size_in_bytes,lib/ocaml/compiler-libs/cmmgen_state.cmx,57981
2026-10-05T16:16:28Z,23a7bba69fdb3d4bcfc7b30f6155e5f6f1f35a52,7344,size_in_bytes,lib/ocaml/compiler-libs/asmlink.cmx,44640
2026-10-05T16:16:28Z,23a7bba69fdb3d4bcfc7b30f6155e5f6f1f35a52,7344,size_in_bytes,lib/ocaml/compiler-libs/consistbl.cmx,62735
2026-10-05T16:16:28Z,23a7bba69fdb3d4bcfc7b30f6155e5f6f1f35a52,7344,size_in_bytes,lib/ocaml/compiler-libs/cfg_z3.cmx,159072
2026-10-05T16:16:28Z,23a7bba69fdb3d4bcfc7b30f6155e5f6f1f35a52,7344,size_in_bytes,lib/ocaml/compiler-libs/printoperation.cmx,43001
2026-10-05T16:16:28Z,23a7bba69fdb3d4bcfc7b30f6155e5f6f1f35a52,7344,size_in_bytes,lib/ocaml/compiler-libs/dwarf_low__Location_or_range_list.cmx,45414
2026-10-05T16:16:28Z,23a7bba69fdb3d4bcfc7b30f6155e5f6f1f35a52,7344,size_in_bytes,lib/ocaml/compiler-libs/relocation_entry.cmx,52386
2026-10-05T16:16:28Z,23a7bba69fdb3d4bcfc7b30f6155e5f6f1f35a52,7344,size_in_bytes,lib/ocaml/compiler-libs/dwarf_low__Range_list_entry.cmx,21000
2026-10-05T16:16:28Z,23a7bba69fdb3d4bcfc7b30f6155e5f6f1f35a52,7344,size_in_bytes,lib/ocaml/compiler-libs/arm64_ast__Ast.cmx,1211134
2026-10-05T16:16:28Z,23a7bba69fdb3d4bcfc7b30f6155e5f6f1f35a52,7344,size_in_bytes,lib/ocaml/compiler-libs/printast.cmx,640989
2026-10-05T16:16:28Z,23a7bba69fdb3d4bcfc7b30f6155e5f6f1f35a52,7344,size_in_bytes,lib/ocaml/compiler-libs/cfg_reachability_validate.cmx,168982
2026-10-05T16:16:28Z,23a7bba69fdb3d4bcfc7b30f6155e5f6f1f35a52,7344,size_in_bytes,lib/ocaml/compiler-libs/signature_with_global_bindings.cmx,72432
2026-10-05T16:16:28Z,23a7bba69fdb3d4bcfc7b30f6155e5f6f1f35a52,7344,size_in_bytes,lib/ocaml/compiler-libs/arm64_binary_emitter__Nop_helpers.cmx,2237
2026-10-05T16:16:28Z,23a7bba69fdb3d4bcfc7b30f6155e5f6f1f35a52,7344,size_in_bytes,lib/ocaml/compiler-libs/arm64_binary_emitter__Condition_helpers.cmx,7060
2026-10-05T16:16:28Z,23a7bba69fdb3d4bcfc7b30f6155e5f6f1f35a52,7344,size_in_bytes,lib/ocaml/compiler-libs/instruct.cmx,3081
2026-10-05T16:16:28Z,23a7bba69fdb3d4bcfc7b30f6155e5f6f1f35a52,7344,size_in_bytes,lib/ocaml/compiler-libs/symbol.cmx,869128
2026-10-05T16:16:28Z,23a7bba69fdb3d4bcfc7b30f6155e5f6f1f35a52,7344,size_in_bytes,lib/ocaml/compiler-libs/linker_script.cmx,8029
2026-10-05T16:16:28Z,23a7bba69fdb3d4bcfc7b30f6155e5f6f1f35a52,7344,size_in_bytes,lib/ocaml/compiler-libs/file_sections.cmx,117841
2026-10-05T16:16:28Z,23a7bba69fdb3d4bcfc7b30f6155e5f6f1f35a52,7344,size_in_bytes,lib/ocaml/compiler-libs/identifiable.cmx,387446
2026-10-05T16:16:28Z,23a7bba69fdb3d4bcfc7b30f6155e5f6f1f35a52,7344,size_in_bytes,lib/ocaml/compiler-libs/cmt2annot.cmx,21049
2026-10-05T16:16:28Z,23a7bba69fdb3d4bcfc7b30f6155e5f6f1f35a52,7344,size_in_bytes,lib/ocaml/compiler-libs/printcmm.cmx,277409
2026-10-05T16:16:28Z,23a7bba69fdb3d4bcfc7b30f6155e5f6f1f35a52,7344,size_in_bytes,lib/ocaml/compiler-libs/runtimedef.cmx,897
2026-10-05T16:16:28Z,23a7bba69fdb3d4bcfc7b30f6155e5f6f1f35a52,7344,size_in_bytes,lib/ocaml/compiler-libs/ssa_print.cmx,110618
2026-10-05T16:16:28Z,23a7bba69fdb3d4bcfc7b30f6155e5f6f1f35a52,7344,size_in_bytes,lib/ocaml/compiler-libs/cfg_cse_target_intf.cmx,10524
2026-10-05T16:16:28Z,23a7bba69fdb3d4bcfc7b30f6155e5f6f1f35a52,7344,size_in_bytes,lib/ocaml/compiler-libs/cfg_format.cmx,31936
2026-10-05T16:16:28Z,23a7bba69fdb3d4bcfc7b30f6155e5f6f1f35a52,7344,size_in_bytes,lib/ocaml/compiler-libs/typeopt.cmx,434907
2026-10-05T16:16:28Z,23a7bba69fdb3d4bcfc7b30f6155e5f6f1f35a52,7344,size_in_bytes,lib/ocaml/compiler-libs/dwarf_low__Unit_type.cmx,16557
2026-10-05T16:16:28Z,23a7bba69fdb3d4bcfc7b30f6155e5f6f1f35a52,7344,size_in_bytes,lib/ocaml/compiler-libs/ast_mapper.cmx,987172
2026-10-05T16:16:28Z,23a7bba69fdb3d4bcfc7b30f6155e5f6f1f35a52,7344,size_in_bytes,lib/ocaml/compiler-libs/printlinear.cmx,64070
2026-10-05T16:16:28Z,23a7bba69fdb3d4bcfc7b30f6155e5f6f1f35a52,7344,size_in_bytes,lib/ocaml/compiler-libs/regalloc_split_state.cmx,308852
2026-10-05T16:16:28Z,23a7bba69fdb3d4bcfc7b30f6155e5f6f1f35a52,7344,size_in_bytes,lib/ocaml/compiler-libs/cfg_compare.cmx,18419
2026-10-05T16:16:28Z,23a7bba69fdb3d4bcfc7b30f6155e5f6f1f35a52,7344,size_in_bytes,lib/ocaml/compiler-libs/cfg_selection.cmx,146851
2026-10-05T16:16:28Z,23a7bba69fdb3d4bcfc7b30f6155e5f6f1f35a52,7344,size_in_bytes,lib/ocaml/compiler-libs/depend.cmx,257838
2026-10-05T16:16:28Z,23a7bba69fdb3d4bcfc7b30f6155e5f6f1f35a52,7344,size_in_bytes,lib/ocaml/compiler-libs/dwarf_high__Proto_die.cmx,57880
2026-10-05T16:16:28Z,23a7bba69fdb3d4bcfc7b30f6155e5f6f1f35a52,7344,size_in_bytes,lib/ocaml/compiler-libs/amd64_simd_instrs.cmx,15421130
2026-10-05T16:16:28Z,23a7bba69fdb3d4bcfc7b30f6155e5f6f1f35a52,7344,size_in_bytes,lib/ocaml/compiler-libs/dwarf_high.cmx,711
2026-10-05T16:16:28Z,23a7bba69fdb3d4bcfc7b30f6155e5f6f1f35a52,7344,size_in_bytes,lib/ocaml/compiler-libs/subst.cmx,746568
2026-10-05T16:16:28Z,23a7bba69fdb3d4bcfc7b30f6155e5f6f1f35a52,7344,size_in_bytes,lib/ocaml/compiler-libs/diffing.cmx,329419
2026-10-05T16:16:28Z,23a7bba69fdb3d4bcfc7b30f6155e5f6f1f35a52,7344,size_in_bytes,lib/ocaml/compiler-libs/regalloc_ls_utils.cmx,317726
2026-10-05T16:16:28Z,23a7bba69fdb3d4bcfc7b30f6155e5f6f1f35a52,7344,size_in_bytes,lib/ocaml/compiler-libs/simd.cmx,649074
2026-10-05T16:16:28Z,23a7bba69fdb3d4bcfc7b30f6155e5f6f1f35a52,7344,size_in_bytes,lib/ocaml/compiler-libs/maindriver.cmx,7806
2026-10-05T16:16:28Z,23a7bba69fdb3d4bcfc7b30f6155e5f6f1f35a52,7344,size_in_bytes,lib/ocaml/compiler-libs/asm_targets.cmx,701
2026-10-05T16:16:28Z,23a7bba69fdb3d4bcfc7b30f6155e5f6f1f35a52,7344,size_in_bytes,lib/ocaml/compiler-libs/stack_reg_offset.cmx,16630
2026-10-05T16:16:28Z,23a7bba69fdb3d4bcfc7b30f6155e5f6f1f35a52,7344,size_in_bytes,lib/ocaml/compiler-libs/typedtree.cmx,469005
2026-10-05T16:16:28Z,23a7bba69fdb3d4bcfc7b30f6155e5f6f1f35a52,7344,size_in_bytes,lib/ocaml/compiler-libs/translquote.cmx,303256
2026-10-05T16:16:28Z,23a7bba69fdb3d4bcfc7b30f6155e5f6f1f35a52,7344,size_in_bytes,lib/ocaml/compiler-libs/arm64_binary_emitter__Bitfield_helpers.cmx,10074
2026-10-05T16:16:28Z,23a7bba69fdb3d4bcfc7b30f6155e5f6f1f35a52,7344,size_in_bytes,lib/ocaml/compiler-libs/cm_bundle.cmx,16545
2026-10-05T16:16:28Z,23a7bba69fdb3d4bcfc7b30f6155e5f6f1f35a52,7344,size_in_bytes,lib/ocaml/compiler-libs/cfg_liveness_validate.cmx,59385
2026-10-05T16:16:28Z,23a7bba69fdb3d4bcfc7b30f6155e5f6f1f35a52,7344,size_in_bytes,lib/ocaml/compiler-libs/arg_helper.cmx,84175
2026-10-05T16:16:28Z,23a7bba69fdb3d4bcfc7b30f6155e5f6f1f35a52,7344,size_in_bytes,lib/ocaml/compiler-libs/regalloc_validate.cmx,1386103
2026-10-05T16:16:28Z,23a7bba69fdb3d4bcfc7b30f6155e5f6f1f35a52,7344,size_in_bytes,lib/ocaml/compiler-libs/arm64_binary_emitter__Adr_helpers.cmx,13964
2026-10-05T16:16:28Z,23a7bba69fdb3d4bcfc7b30f6155e5f6f1f35a52,7344,size_in_bytes,lib/ocaml/compiler-libs/uniqueness_analysis.cmx,659147
2026-10-05T16:16:28Z,23a7bba69fdb3d4bcfc7b30f6155e5f6f1f35a52,7344,size_in_bytes,lib/ocaml/compiler-libs/arm64_binary_emitter__Shift_immh_immb_helpers.cmx,12418
2026-10-05T16:16:28Z,23a7bba69fdb3d4bcfc7b30f6155e5f6f1f35a52,7344,size_in_bytes,lib/ocaml/compiler-libs/load_path.cmx,421999
2026-10-05T16:16:28Z,23a7bba69fdb3d4bcfc7b30f6155e5f6f1f35a52,7344,size_in_bytes,lib/ocaml/compiler-libs/int_replace_polymorphic_compare.cmx,12796
2026-10-05T16:16:28Z,23a7bba69fdb3d4bcfc7b30f6155e5f6f1f35a52,7344,size_in_bytes,lib/ocaml/compiler-libs/slambdaeval.cmx,484536
2026-10-05T16:16:28Z,23a7bba69fdb3d4bcfc7b30f6155e5f6f1f35a52,7344,size_in_bytes,lib/ocaml/compiler-libs/docstrings.cmx,456572
2026-10-05T16:16:28Z,23a7bba69fdb3d4bcfc7b30f6155e5f6f1f35a52,7344,size_in_bytes,lib/ocaml/compiler-libs/binary_emitter_intf.cmx,1165
2026-10-05T16:16:28Z,23a7bba69fdb3d4bcfc7b30f6155e5f6f1f35a52,7344,size_in_bytes,lib/ocaml/compiler-libs/arm64_binary_emitter__For_jit.cmx,106230
2026-10-05T16:16:28Z,23a7bba69fdb3d4bcfc7b30f6155e5f6f1f35a52,7344,size_in_bytes,lib/ocaml/compiler-libs/simd_selection.cmx,259118
2026-10-05T16:16:28Z,23a7bba69fdb3d4bcfc7b30f6155e5f6f1f35a52,7344,size_in_bytes,lib/ocaml/compiler-libs/vicuna_value_shapes.cmx,81040
2026-10-05T16:16:28Z,23a7bba69fdb3d4bcfc7b30f6155e5f6f1f35a52,7344,size_in_bytes,lib/ocaml/compiler-libs/pparse.cmx,206676
2026-10-05T16:16:28Z,23a7bba69fdb3d4bcfc7b30f6155e5f6f1f35a52,7344,size_in_bytes,lib/ocaml/compiler-libs/partition.cmx,23465
2026-10-05T16:16:28Z,23a7bba69fdb3d4bcfc7b30f6155e5f6f1f35a52,7344,size_in_bytes,lib/ocaml/compiler-libs/switch.cmx,540613
2026-10-05T16:16:28Z,23a7bba69fdb3d4bcfc7b30f6155e5f6f1f35a52,7344,size_in_bytes,lib/ocaml/compiler-libs/x86_binary_emitter.cmx,307391
2026-10-05T16:16:28Z,23a7bba69fdb3d4bcfc7b30f6155e5f6f1f35a52,7344,size_in_bytes,lib/ocaml/compiler-libs/dwarf_variables_and_parameters.cmx,77365
2026-10-05T16:16:28Z,23a7bba69fdb3d4bcfc7b30f6155e5f6f1f35a52,7344,size_in_bytes,lib/ocaml/compiler-libs/warnings.cmx,316078
2026-10-05T16:16:28Z,23a7bba69fdb3d4bcfc7b30f6155e5f6f1f35a52,7344,size_in_bytes,lib/ocaml/compiler-libs/location.cmx,721964
2026-10-05T16:16:28Z,23a7bba69fdb3d4bcfc7b30f6155e5f6f1f35a52,7344,size_in_bytes,lib/ocaml/compiler-libs/lru.cmx,68297
2026-10-05T16:16:28Z,23a7bba69fdb3d4bcfc7b30f6155e5f6f1f35a52,7344,size_in_bytes,lib/ocaml/compiler-libs/tast_mapper.cmx,613647
2026-10-05T16:16:28Z,23a7bba69fdb3d4bcfc7b30f6155e5f6f1f35a52,7344,size_in_bytes,lib/ocaml/compiler-libs/compilenv.cmx,221529
2026-10-05T16:16:28Z,23a7bba69fdb3d4bcfc7b30f6155e5f6f1f35a52,7344,size_in_bytes,lib/ocaml/compiler-libs/parser.cmx,1492135
2026-10-05T16:16:28Z,23a7bba69fdb3d4bcfc7b30f6155e5f6f1f35a52,7344,size_in_bytes,lib/ocaml/compiler-libs/cfg_prologue.cmx,602329
2026-10-05T16:16:28Z,23a7bba69fdb3d4bcfc7b30f6155e5f6f1f35a52,7344,size_in_bytes,lib/ocaml/compiler-libs/cmt_format.cmx,133917
2026-10-05T16:16:28Z,23a7bba69fdb3d4bcfc7b30f6155e5f6f1f35a52,7344,size_in_bytes,lib/ocaml/compiler-libs/regalloc_affinity.cmx,45290
2026-10-05T16:16:28Z,23a7bba69fdb3d4bcfc7b30f6155e5f6f1f35a52,7344,size_in_bytes,lib/ocaml/compiler-libs/cfg_dominators.cmx,100052
2026-10-05T16:16:28Z,23a7bba69fdb3d4bcfc7b30f6155e5f6f1f35a52,7344,size_in_bytes,lib/ocaml/compiler-libs/ident.cmx,966945
2026-10-05T16:16:28Z,23a7bba69fdb3d4bcfc7b30f6155e5f6f1f35a52,7344,size_in_bytes,lib/ocaml/compiler-libs/cfg_reducibility.cmx,69233
2026-10-05T16:16:28Z,23a7bba69fdb3d4bcfc7b30f6155e5f6f1f35a52,7344,size_in_bytes,lib/ocaml/compiler-libs/available_ranges_vars.cmx,288896
2026-10-05T16:16:28Z,23a7bba69fdb3d4bcfc7b30f6155e5f6f1f35a52,7344,size_in_bytes,lib/ocaml/compiler-libs/dwarf_low__Dwarf_language.cmx,13807
2026-10-05T16:16:28Z,23a7bba69fdb3d4bcfc7b30f6155e5f6f1f35a52,7344,size_in_bytes,lib/ocaml/compiler-libs/x86_section.cmx,289356
2026-10-05T16:16:28Z,23a7bba69fdb3d4bcfc7b30f6155e5f6f1f35a52,7344,size_in_bytes,lib/ocaml/compiler-libs/binary_emitter_verify.cmx,59795
2026-10-05T16:16:28Z,23a7bba69fdb3d4bcfc7b30f6155e5f6f1f35a52,7344,size_in_bytes,lib/ocaml/compiler-libs/regalloc_utils.cmx,659354
2026-10-05T16:16:28Z,23a7bba69fdb3d4bcfc7b30f6155e5f6f1f35a52,7344,size_in_bytes,lib/ocaml/compiler-libs/translattribute.cmx,623283
2026-10-05T16:16:28Z,23a7bba69fdb3d4bcfc7b30f6155e5f6f1f35a52,7344,size_in_bytes,lib/ocaml/compiler-libs/arm64_binary_emitter__Relocation.cmx,71361
2026-10-05T16:16:28Z,23a7bba69fdb3d4bcfc7b30f6155e5f6f1f35a52,7344,size_in_bytes,lib/ocaml/compiler-libs/cfg_invariants.cmx,184297
2026-10-05T16:16:28Z,23a7bba69fdb3d4bcfc7b30f6155e5f6f1f35a52,7344,size_in_bytes,lib/ocaml/compiler-libs/dwarf_low__Dwarf_4_range_list.cmx,57703
2026-10-05T16:16:28Z,23a7bba69fdb3d4bcfc7b30f6155e5f6f1f35a52,7344,size_in_bytes,lib/ocaml/compiler-libs/regalloc_split_utils.cmx,173691
2026-10-05T16:16:28Z,23a7bba69fdb3d4bcfc7b30f6155e5f6f1f35a52,7344,size_in_bytes,lib/ocaml/compiler-libs/opterrors.cmx,1482
2026-10-05T16:16:28Z,23a7bba69fdb3d4bcfc7b30f6155e5f6f1f35a52,7344,size_in_bytes,lib/ocaml/compiler-libs/dwarf_high__Dwarf_world.cmx,11131
2026-10-05T16:16:28Z,23a7bba69fdb3d4bcfc7b30f6155e5f6f1f35a52,7344,size_in_bytes,lib/ocaml/compiler-libs/cmm_helpers.cmx,4863829
2026-10-05T16:16:28Z,23a7bba69fdb3d4bcfc7b30f6155e5f6f1f35a52,7344,size_in_bytes,lib/ocaml/compiler-libs/bytegen.cmx,129394
2026-10-05T16:16:28Z,23a7bba69fdb3d4bcfc7b30f6155e5f6f1f35a52,7344,size_in_bytes,lib/ocaml/compiler-libs/stypes.cmx,58966
2026-10-05T16:16:28Z,23a7bba69fdb3d4bcfc7b30f6155e5f6f1f35a52,7344,size_in_bytes,lib/ocaml/compiler-libs/dwarf_low__Location_or_range_list_table.cmx,122108
2026-10-05T16:16:28Z,23a7bba69fdb3d4bcfc7b30f6155e5f6f1f35a52,7344,size_in_bytes,lib/ocaml/compiler-libs/build_linker_args.cmx,19035
2026-10-05T16:16:28Z,23a7bba69fdb3d4bcfc7b30f6155e5f6f1f35a52,7344,size_in_bytes,lib/ocaml/compiler-libs/cfg_edge.cmx,191322
2026-10-05T16:16:28Z,23a7bba69fdb3d4bcfc7b30f6155e5f6f1f35a52,7344,size_in_bytes,lib/ocaml/compiler-libs/x86_ast_utils.cmx,82716
2026-10-05T16:16:28Z,23a7bba69fdb3d4bcfc7b30f6155e5f6f1f35a52,7344,size_in_bytes,lib/ocaml/compiler-libs/form_rewrite_plan.cmx,80323
2026-10-05T16:16:28Z,23a7bba69fdb3d4bcfc7b30f6155e5f6f1f35a52,7344,size_in_bytes,lib/ocaml/compiler-libs/parser_types.cmx,1496
2026-10-05T16:16:28Z,23a7bba69fdb3d4bcfc7b30f6155e5f6f1f35a52,7344,size_in_bytes,lib/ocaml/compiler-libs/reg.cmx,851672
2026-10-05T16:16:28Z,23a7bba69fdb3d4bcfc7b30f6155e5f6f1f35a52,7344,size_in_bytes,lib/ocaml/compiler-libs/arch.cmx,170535
2026-10-05T16:16:28Z,23a7bba69fdb3d4bcfc7b30f6155e5f6f1f35a52,7344,size_in_bytes,lib/ocaml/compiler-libs/linkenv.cmx,354568
2026-10-05T16:16:28Z,23a7bba69fdb3d4bcfc7b30f6155e5f6f1f35a52,7344,size_in_bytes,lib/ocaml/compiler-libs/transl_comprehension_utils.cmx,337211
2026-10-05T16:16:28Z,23a7bba69fdb3d4bcfc7b30f6155e5f6f1f35a52,7344,size_in_bytes,lib/ocaml/compiler-libs/attr_helper.cmx,37661
2026-10-05T16:16:28Z,23a7bba69fdb3d4bcfc7b30f6155e5f6f1f35a52,7344,size_in_bytes,lib/ocaml/compiler-libs/cfg_stack_checks.cmx,144031
2026-10-05T16:16:28Z,23a7bba69fdb3d4bcfc7b30f6155e5f6f1f35a52,7344,size_in_bytes,lib/ocaml/compiler-libs/generic_fns.cmx,484612
2026-10-05T16:16:28Z,23a7bba69fdb3d4bcfc7b30f6155e5f6f1f35a52,7344,size_in_bytes,lib/ocaml/compiler-libs/dwarf_low__Dwarf_attributes.cmx,1559674
2026-10-05T16:16:28Z,23a7bba69fdb3d4bcfc7b30f6155e5f6f1f35a52,7344,size_in_bytes,lib/ocaml/compiler-libs/mode.cmx,16009829
2026-10-05T16:16:28Z,23a7bba69fdb3d4bcfc7b30f6155e5f6f1f35a52,7344,size_in_bytes,lib/ocaml/compiler-libs/regalloc_gi.cmx,89845
2026-10-05T16:16:28Z,23a7bba69fdb3d4bcfc7b30f6155e5f6f1f35a52,7344,size_in_bytes,lib/ocaml/compiler-libs/x86_proc.cmx,209864
2026-10-05T16:16:28Z,23a7bba69fdb3d4bcfc7b30f6155e5f6f1f35a52,7344,size_in_bytes,lib/ocaml/compiler-libs/ccomp.cmx,100508
2026-10-05T16:16:28Z,23a7bba69fdb3d4bcfc7b30f6155e5f6f1f35a52,7344,size_in_bytes,lib/ocaml/compiler-libs/pprintast.cmx,178388
2026-10-05T16:16:28Z,23a7bba69fdb3d4bcfc7b30f6155e5f6f1f35a52,7344,size_in_bytes,lib/ocaml/compiler-libs/regalloc_gi_utils.cmx,401694
2026-10-05T16:16:28Z,23a7bba69fdb3d4bcfc7b30f6155e5f6f1f35a52,7344,size_in_bytes,lib/ocaml/compiler-libs/dwarf_low__Debugging_information_entry.cmx,51117
2026-10-05T16:16:28Z,23a7bba69fdb3d4bcfc7b30f6155e5f6f1f35a52,7344,size_in_bytes,lib/ocaml/compiler-libs/scalar.cmx,432418
2026-10-05T16:16:28Z,23a7bba69fdb3d4bcfc7b30f6155e5f6f1f35a52,7344,size_in_bytes,lib/ocaml/compiler-libs/operation.cmx,95556
2026-10-05T16:16:28Z,23a7bba69fdb3d4bcfc7b30f6155e5f6f1f35a52,7344,size_in_bytes,lib/ocaml/compiler-libs/ast_invariants.cmx,145445
2026-10-05T16:16:28Z,23a7bba69fdb3d4bcfc7b30f6155e5f6f1f35a52,7344,size_in_bytes,lib/ocaml/compiler-libs/strongly_connected_components.cmx,158247
2026-10-05T16:16:28Z,23a7bba69fdb3d4bcfc7b30f6155e5f6f1f35a52,7344,size_in_bytes,lib/ocaml/compiler-libs/clflags.cmx,543403
2026-10-05T16:16:28Z,23a7bba69fdb3d4bcfc7b30f6155e5f6f1f35a52,7344,size_in_bytes,lib/ocaml/compiler-libs/hash_consed.cmx,44222
2026-10-05T16:16:28Z,23a7bba69fdb3d4bcfc7b30f6155e5f6f1f35a52,7344,size_in_bytes,lib/ocaml/compiler-libs/location_tracker_formatter.cmx,101542
2026-10-05T16:16:28Z,23a7bba69fdb3d4bcfc7b30f6155e5f6f1f35a52,7344,size_in_bytes,lib/ocaml/compiler-libs/reg_with_debug_info.cmx,361313
2026-10-05T16:16:28Z,23a7bba69fdb3d4bcfc7b30f6155e5f6f1f35a52,7344,size_in_bytes,lib/ocaml/compiler-libs/typedecl_separability.cmx,141647
2026-10-05T16:16:28Z,23a7bba69fdb3d4bcfc7b30f6155e5f6f1f35a52,7344,size_in_bytes,lib/ocaml/compiler-libs/path.cmx,316481
2026-10-05T16:16:28Z,23a7bba69fdb3d4bcfc7b30f6155e5f6f1f35a52,7344,size_in_bytes,lib/ocaml/compiler-libs/build_igot_and_iplt.cmx,18028
2026-10-05T16:16:28Z,23a7bba69fdb3d4bcfc7b30f6155e5f6f1f35a52,7344,size_in_bytes,lib/ocaml/compiler-libs/symtable.cmx,791974
2026-10-05T16:16:28Z,23a7bba69fdb3d4bcfc7b30f6155e5f6f1f35a52,7344,size_in_bytes,lib/ocaml/compiler-libs/local_store.cmx,32558
2026-10-05T16:16:28Z,23a7bba69fdb3d4bcfc7b30f6155e5f6f1f35a52,7344,size_in_bytes,lib/ocaml/compiler-libs/peephole_rules.cmx,43817
2026-10-05T16:16:28Z,23a7bba69fdb3d4bcfc7b30f6155e5f6f1f35a52,7344,size_in_bytes,lib/ocaml/compiler-libs/bytefunctorizer.cmx,11185
2026-10-05T16:16:28Z,23a7bba69fdb3d4bcfc7b30f6155e5f6f1f35a52,7344,size_in_bytes,lib/ocaml/compiler-libs/cmo_io.cmx,29104
2026-10-05T16:16:28Z,23a7bba69fdb3d4bcfc7b30f6155e5f6f1f35a52,7344,size_in_bytes,lib/ocaml/compiler-libs/includemod_errorprinter.cmx,400337
2026-10-05T16:16:28Z,23a7bba69fdb3d4bcfc7b30f6155e5f6f1f35a52,7344,size_in_bytes,lib/ocaml/compiler-libs/dwarf_name_laundry.cmx,20343
2026-10-05T16:16:28Z,23a7bba69fdb3d4bcfc7b30f6155e5f6f1f35a52,7344,size_in_bytes,lib/ocaml/compiler-libs/eh_frame_registration.cmx,25049
2026-10-05T16:16:28Z,23a7bba69fdb3d4bcfc7b30f6155e5f6f1f35a52,7344,size_in_bytes,lib/ocaml/compiler-libs/asm_targets__Asm_label_or_symbol.cmx,55468
2026-10-05T16:16:28Z,23a7bba69fdb3d4bcfc7b30f6155e5f6f1f35a52,7344,size_in_bytes,lib/ocaml/compiler-libs/build_path_prefix_map.cmx,136509
2026-10-05T16:16:28Z,23a7bba69fdb3d4bcfc7b30f6155e5f6f1f35a52,7344,size_in_bytes,lib/ocaml/compiler-libs/afl_instrument.cmx,27470
2026-10-05T16:16:28Z,23a7bba69fdb3d4bcfc7b30f6155e5f6f1f35a52,7344,size_in_bytes,lib/ocaml/compiler-libs/dwarf_inlined_frames.cmx,225854
2026-10-05T16:16:28Z,23a7bba69fdb3d4bcfc7b30f6155e5f6f1f35a52,7344,size_in_bytes,lib/ocaml/compiler-libs/datarepr.cmx,162698
2026-10-05T16:16:28Z,23a7bba69fdb3d4bcfc7b30f6155e5f6f1f35a52,7344,size_in_bytes,lib/ocaml/compiler-libs/includecore.cmx,517524
2026-10-05T16:16:28Z,23a7bba69fdb3d4bcfc7b30f6155e5f6f1f35a52,7344,size_in_bytes,lib/ocaml/compiler-libs/compenv.cmx,241267
2026-10-05T16:16:28Z,23a7bba69fdb3d4bcfc7b30f6155e5f6f1f35a52,7344,size_in_bytes,lib/ocaml/compiler-libs/zero_alloc_info.cmx,46343
2026-10-05T16:16:28Z,23a7bba69fdb3d4bcfc7b30f6155e5f6f1f35a52,7344,size_in_bytes,lib/ocaml/compiler-libs/dwarf_low__Dwarf_emittable.cmx,1375
2026-10-05T16:16:28Z,23a7bba69fdb3d4bcfc7b30f6155e5f6f1f35a52,7344,size_in_bytes,lib/ocaml/compiler-libs/arm64_binary_emitter__Encode_directive.cmx,89147
2026-10-05T16:16:28Z,23a7bba69fdb3d4bcfc7b30f6155e5f6f1f35a52,7344,size_in_bytes,lib/ocaml/compiler-libs/arm64_binary_emitter__Yield_helpers.cmx,2283
2026-10-05T16:16:28Z,23a7bba69fdb3d4bcfc7b30f6155e5f6f1f35a52,7344,size_in_bytes,lib/ocaml/compiler-libs/proc.cmx,269747
2026-10-05T16:16:28Z,23a7bba69fdb3d4bcfc7b30f6155e5f6f1f35a52,7344,size_in_bytes,lib/ocaml/compiler-libs/errors.cmx,1464
2026-10-05T16:16:28Z,23a7bba69fdb3d4bcfc7b30f6155e5f6f1f35a52,7344,size_in_bytes,lib/ocaml/compiler-libs/dwarf_low__Dwarf_version.cmx,12997
2026-10-05T16:16:28Z,23a7bba69fdb3d4bcfc7b30f6155e5f6f1f35a52,7344,size_in_bytes,lib/ocaml/compiler-libs/cmm_peephole_engine.cmx,95835
2026-10-05T16:16:28Z,23a7bba69fdb3d4bcfc7b30f6155e5f6f1f35a52,7344,size_in_bytes,lib/ocaml/compiler-libs/runtime_shape.cmx,236813
2026-10-05T16:16:28Z,23a7bba69fdb3d4bcfc7b30f6155e5f6f1f35a52,7344,size_in_bytes,lib/ocaml/compiler-libs/fdo_info.cmx,23611
2026-10-05T16:16:28Z,23a7bba69fdb3d4bcfc7b30f6155e5f6f1f35a52,7344,size_in_bytes,lib/ocaml/compiler-libs/dwarf_low__Single_location_description.cmx,48848
2026-10-05T16:16:28Z,23a7bba69fdb3d4bcfc7b30f6155e5f6f1f35a52,7344,size_in_bytes,lib/ocaml/compiler-libs/matching.cmx,1168653
2026-10-05T16:16:28Z,23a7bba69fdb3d4bcfc7b30f6155e5f6f1f35a52,7344,size_in_bytes,lib/ocaml/compiler-libs/compute_ranges_intf.cmx,10725
2026-10-05T16:16:28Z,23a7bba69fdb3d4bcfc7b30f6155e5f6f1f35a52,7344,size_in_bytes,lib/ocaml/compiler-libs/cfg_quick_hash.cmx,37451
2026-10-05T16:16:28Z,23a7bba69fdb3d4bcfc7b30f6155e5f6f1f35a52,7344,size_in_bytes,lib/ocaml/compiler-libs/translcore.cmx,494774
2026-10-05T16:16:28Z,23a7bba69fdb3d4bcfc7b30f6155e5f6f1f35a52,7344,size_in_bytes,lib/ocaml/compiler-libs/dwarf_high__Operator_builder.cmx,164753
2026-10-05T16:16:28Z,23a7bba69fdb3d4bcfc7b30f6155e5f6f1f35a52,7344,size_in_bytes,lib/ocaml/compiler-libs/section_table.cmx,41960
2026-10-05T16:16:28Z,23a7bba69fdb3d4bcfc7b30f6155e5f6f1f35a52,7344,size_in_bytes,lib/ocaml/compiler-libs/partial_link.cmx,162787
2026-10-05T16:16:28Z,23a7bba69fdb3d4bcfc7b30f6155e5f6f1f35a52,7344,size_in_bytes,lib/ocaml/compiler-libs/builtin_attributes.cmx,904910
2026-10-05T16:16:28Z,23a7bba69fdb3d4bcfc7b30f6155e5f6f1f35a52,7344,size_in_bytes,lib/ocaml/compiler-libs/jit_backend.cmx,136248
2026-10-05T16:16:28Z,23a7bba69fdb3d4bcfc7b30f6155e5f6f1f35a52,7344,size_in_bytes,lib/ocaml/compiler-libs/instructionId.cmx,29113
2026-10-05T16:16:28Z,23a7bba69fdb3d4bcfc7b30f6155e5f6f1f35a52,7344,size_in_bytes,lib/ocaml/compiler-libs/arm64_ast.cmx,557
2026-10-05T16:16:28Z,23a7bba69fdb3d4bcfc7b30f6155e5f6f1f35a52,7344,size_in_bytes,lib/ocaml/compiler-libs/regalloc_ls_state.cmx,168501
2026-10-05T16:16:28Z,23a7bba69fdb3d4bcfc7b30f6155e5f6f1f35a52,7344,size_in_bytes,lib/ocaml/compiler-libs/printreg.cmx,120922
2026-10-05T16:16:28Z,23a7bba69fdb3d4bcfc7b30f6155e5f6f1f35a52,7344,size_in_bytes,lib/ocaml/compiler-libs/printlambda.cmx,240446
2026-10-05T16:16:28Z,23a7bba69fdb3d4bcfc7b30f6155e5f6f1f35a52,7344,size_in_bytes,lib/ocaml/compiler-libs/language_extension_kernel.cmx,4751
2026-10-05T16:16:28Z,23a7bba69fdb3d4bcfc7b30f6155e5f6f1f35a52,7344,size_in_bytes,lib/ocaml/compiler-libs/probe_emission.cmx,142296
2026-10-05T16:16:28Z,23a7bba69fdb3d4bcfc7b30f6155e5f6f1f35a52,7344,size_in_bytes,lib/ocaml/compiler-libs/dwarf_low__Range_list.cmx,48511
2026-10-05T16:16:28Z,23a7bba69fdb3d4bcfc7b30f6155e5f6f1f35a52,7344,size_in_bytes,lib/ocaml/compiler-libs/tmc.cmx,40427
2026-10-05T16:16:28Z,23a7bba69fdb3d4bcfc7b30f6155e5f6f1f35a52,7344,size_in_bytes,lib/ocaml/compiler-libs/rawprinttyp.cmx,61169
2026-10-05T16:16:28Z,23a7bba69fdb3d4bcfc7b30f6155e5f6f1f35a52,7344,size_in_bytes,lib/ocaml/compiler-libs/solver.cmx,1952350
2026-10-05T16:16:28Z,23a7bba69fdb3d4bcfc7b30f6155e5f6f1f35a52,7344,size_in_bytes,lib/ocaml/compiler-libs/arm64_ast__Logical_immediates.cmx,44400
2026-10-05T16:16:28Z,23a7bba69fdb3d4bcfc7b30f6155e5f6f1f35a52,7344,size_in_bytes,lib/ocaml/compiler-libs/cfg_deadcode.cmx,54034
2026-10-05T16:16:28Z,23a7bba69fdb3d4bcfc7b30f6155e5f6f1f35a52,7344,size_in_bytes,lib/ocaml/compiler-libs/oxcaml_flags.cmx,67132
2026-10-05T16:16:28Z,23a7bba69fdb3d4bcfc7b30f6155e5f6f1f35a52,7344,size_in_bytes,lib/ocaml/compiler-libs/dwarf_low__Abbreviation_code.cmx,40451
2026-10-05T16:16:28Z,23a7bba69fdb3d4bcfc7b30f6155e5f6f1f35a52,7344,size_in_bytes,lib/ocaml/compiler-libs/complex_shape.cmx,165682
2026-10-05T16:16:28Z,23a7bba69fdb3d4bcfc7b30f6155e5f6f1f35a52,7344,size_in_bytes,lib/ocaml/compiler-libs/dwarf_low__Dwarf_operator.cmx,228296
2026-10-05T16:16:28Z,23a7bba69fdb3d4bcfc7b30f6155e5f6f1f35a52,7344,size_in_bytes,lib/ocaml/compiler-libs/cfg_colours.cmx,89169
2026-10-05T16:16:28Z,23a7bba69fdb3d4bcfc7b30f6155e5f6f1f35a52,7344,size_in_bytes,lib/ocaml/compiler-libs/dwarf_low__Address_index.cmx,1415524
2026-10-05T16:16:28Z,23a7bba69fdb3d4bcfc7b30f6155e5f6f1f35a52,7344,size_in_bytes,lib/ocaml/compiler-libs/jkind_axis.cmx,379908
2026-10-05T16:16:28Z,23a7bba69fdb3d4bcfc7b30f6155e5f6f1f35a52,7344,size_in_bytes,lib/ocaml/compiler-libs/cmi_format.cmx,131424
2026-10-05T16:16:28Z,23a7bba69fdb3d4bcfc7b30f6155e5f6f1f35a52,7344,size_in_bytes,lib/ocaml/compiler-libs/dwarf_low__Initial_length.cmx,21598
2026-10-05T16:16:28Z,23a7bba69fdb3d4bcfc7b30f6155e5f6f1f35a52,7344,size_in_bytes,lib/ocaml/compiler-libs/arm64_binary_emitter__Section_state.cmx,97354
2026-10-05T16:16:28Z,23a7bba69fdb3d4bcfc7b30f6155e5f6f1f35a52,7344,size_in_bytes,lib/ocaml/compiler-libs/ast_iterator.cmx,382416
2026-10-05T16:16:28Z,23a7bba69fdb3d4bcfc7b30f6155e5f6f1f35a52,7344,size_in_bytes,lib/ocaml/compiler-libs/dwarf_compilation_unit.cmx,112267
2026-10-05T16:16:28Z,23a7bba69fdb3d4bcfc7b30f6155e5f6f1f35a52,7344,size_in_bytes,lib/ocaml/compiler-libs/printtyped.cmx,862690
2026-10-05T16:16:28Z,23a7bba69fdb3d4bcfc7b30f6155e5f6f1f35a52,7344,size_in_bytes,lib/ocaml/compiler-libs/stack_check.cmx,15577
2026-10-05T16:16:28Z,23a7bba69fdb3d4bcfc7b30f6155e5f6f1f35a52,7344,size_in_bytes,lib/ocaml/compiler-libs/cfg_available_regs.cmx,159786
2026-10-05T16:16:28Z,23a7bba69fdb3d4bcfc7b30f6155e5f6f1f35a52,7344,size_in_bytes,lib/ocaml/compiler-libs/linear_utils.cmx,13885
2026-10-05T16:16:28Z,23a7bba69fdb3d4bcfc7b30f6155e5f6f1f35a52,7344,size_in_bytes,lib/ocaml/compiler-libs/select_utils.cmx,460218
2026-10-05T16:16:28Z,23a7bba69fdb3d4bcfc7b30f6155e5f6f1f35a52,7344,size_in_bytes,lib/ocaml/compiler-libs/stack_class_utils.cmx,92403
2026-10-05T16:16:28Z,23a7bba69fdb3d4bcfc7b30f6155e5f6f1f35a52,7344,size_in_bytes,lib/ocaml/compiler-libs/compile.cmx,197894
2026-10-05T16:16:28Z,23a7bba69fdb3d4bcfc7b30f6155e5f6f1f35a52,7344,size_in_bytes,lib/ocaml/compiler-libs/cfg_intf.cmx,10770
2026-10-05T16:16:28Z,23a7bba69fdb3d4bcfc7b30f6155e5f6f1f35a52,7344,size_in_bytes,lib/ocaml/compiler-libs/btype.cmx,1508270
2026-10-05T16:16:28Z,23a7bba69fdb3d4bcfc7b30f6155e5f6f1f35a52,7344,size_in_bytes,lib/ocaml/compiler-libs/global_module.cmx,2311456
2026-10-05T16:16:28Z,23a7bba69fdb3d4bcfc7b30f6155e5f6f1f35a52,7344,size_in_bytes,lib/ocaml/compiler-libs/ssa_tail_call.cmx,76473
2026-10-05T16:16:28Z,23a7bba69fdb3d4bcfc7b30f6155e5f6f1f35a52,7344,size_in_bytes,lib/ocaml/compiler-libs/printinstr.cmx,17517
2026-10-05T16:16:28Z,23a7bba69fdb3d4bcfc7b30f6155e5f6f1f35a52,7344,size_in_bytes,lib/ocaml/compiler-libs/arm64_binary_emitter.cmx,1460
2026-10-05T16:16:28Z,23a7bba69fdb3d4bcfc7b30f6155e5f6f1f35a52,7344,size_in_bytes,lib/ocaml/compiler-libs/cfg_selectgen.cmx,1765824
2026-10-05T16:16:28Z,23a7bba69fdb3d4bcfc7b30f6155e5f6f1f35a52,7344,size_in_bytes,lib/ocaml/compiler-libs/dwarf_low__Counted_location_description.cmx,70322
2026-10-05T16:16:28Z,23a7bba69fdb3d4bcfc7b30f6155e5f6f1f35a52,7344,size_in_bytes,lib/ocaml/compiler-libs/persistent_env.cmx,841045
2026-10-05T16:16:28Z,23a7bba69fdb3d4bcfc7b30f6155e5f6f1f35a52,7344,size_in_bytes,lib/ocaml/compiler-libs/predef.cmx,203492
2026-10-05T16:16:28Z,23a7bba69fdb3d4bcfc7b30f6155e5f6f1f35a52,7344,size_in_bytes,lib/ocaml/compiler-libs/blambda_of_lambda.cmx,49255
2026-10-05T16:16:28Z,23a7bba69fdb3d4bcfc7b30f6155e5f6f1f35a52,7344,size_in_bytes,lib/ocaml/compiler-libs/ssa_of_cmm.cmx,146736
2026-10-05T16:16:28Z,23a7bba69fdb3d4bcfc7b30f6155e5f6f1f35a52,7344,size_in_bytes,lib/ocaml/compiler-libs/debuginfo.cmx,550842
2026-10-05T16:16:28Z,23a7bba69fdb3d4bcfc7b30f6155e5f6f1f35a52,7344,size_in_bytes,lib/ocaml/compiler-libs/functorizer.cmx,302677
2026-10-05T16:16:28Z,23a7bba69fdb3d4bcfc7b30f6155e5f6f1f35a52,7344,size_in_bytes,lib/ocaml/compiler-libs/doubly_linked_list.cmx,216598
2026-10-05T16:16:28Z,23a7bba69fdb3d4bcfc7b30f6155e5f6f1f35a52,7344,size_in_bytes,lib/ocaml/compiler-libs/signature_group.cmx,94066
2026-10-05T16:16:28Z,23a7bba69fdb3d4bcfc7b30f6155e5f6f1f35a52,7344,size_in_bytes,lib/ocaml/compiler-libs/x86_peephole_optimize.cmx,27339
2026-10-05T16:16:28Z,23a7bba69fdb3d4bcfc7b30f6155e5f6f1f35a52,7344,size_in_bytes,lib/ocaml/compiler-libs/dsl_helpers.cmx,590
2026-10-05T16:16:28Z,23a7bba69fdb3d4bcfc7b30f6155e5f6f1f35a52,7344,size_in_bytes,lib/ocaml/compiler-libs/peephole_utils.cmx,163698
2026-10-05T16:16:28Z,23a7bba69fdb3d4bcfc7b30f6155e5f6f1f35a52,7344,size_in_bytes,lib/ocaml/compiler-libs/cmm_invariants.cmx,54870
2026-10-05T16:16:28Z,23a7bba69fdb3d4bcfc7b30f6155e5f6f1f35a52,7344,size_in_bytes,lib/ocaml/compiler-libs/allowance.cmx,8322
2026-10-05T16:16:28Z,23a7bba69fdb3d4bcfc7b30f6155e5f6f1f35a52,7344,size_in_bytes,lib/ocaml/compiler-libs/typedecl_variance.cmx,189240
2026-10-05T16:16:28Z,23a7bba69fdb3d4bcfc7b30f6155e5f6f1f35a52,7344,size_in_bytes,lib/ocaml/compiler-libs/asm_targets__Asm_directives.cmx,896950
2026-10-05T16:16:28Z,23a7bba69fdb3d4bcfc7b30f6155e5f6f1f35a52,7344,size_in_bytes,lib/ocaml/compiler-libs/jkind_types.cmx,451444
2026-10-05T16:16:28Z,23a7bba69fdb3d4bcfc7b30f6155e5f6f1f35a52,7344,size_in_bytes,lib/ocaml/compiler-libs/dwarf_low__Debug_ranges_table.cmx,31314
2026-10-05T16:16:28Z,23a7bba69fdb3d4bcfc7b30f6155e5f6f1f35a52,7344,size_in_bytes,lib/ocaml/compiler-libs/env.cmx,3607130
2026-10-05T16:16:28Z,23a7bba69fdb3d4bcfc7b30f6155e5f6f1f35a52,7344,size_in_bytes,lib/ocaml/compiler-libs/priority_queue.cmx,91052
2026-10-05T16:16:28Z,23a7bba69fdb3d4bcfc7b30f6155e5f6f1f35a52,7344,size_in_bytes,lib/ocaml/compiler-libs/config.cmx,95305
2026-10-05T16:16:28Z,23a7bba69fdb3d4bcfc7b30f6155e5f6f1f35a52,7344,size_in_bytes,lib/ocaml/compiler-libs/mtype.cmx,172942
2026-10-05T16:16:28Z,23a7bba69fdb3d4bcfc7b30f6155e5f6f1f35a52,7344,size_in_bytes,lib/ocaml/compiler-libs/dwarf_low__Abbreviations_table.cmx,86078
2026-10-05T16:16:28Z,23a7bba69fdb3d4bcfc7b30f6155e5f6f1f35a52,7344,size_in_bytes,lib/ocaml/compiler-libs/blambda.cmx,3029
2026-10-05T16:16:28Z,23a7bba69fdb3d4bcfc7b30f6155e5f6f1f35a52,7344,size_in_bytes,lib/ocaml/compiler-libs/cfg_of_ssa.cmx,17026
2026-10-05T16:16:28Z,23a7bba69fdb3d4bcfc7b30f6155e5f6f1f35a52,7344,size_in_bytes,lib/ocaml/compiler-libs/ssa_simplify.cmx,62665
2026-10-05T16:16:28Z,23a7bba69fdb3d4bcfc7b30f6155e5f6f1f35a52,7344,size_in_bytes,lib/ocaml/compiler-libs/printblambda.cmx,39213
2026-10-05T16:16:28Z,23a7bba69fdb3d4bcfc7b30f6155e5f6f1f35a52,7344,size_in_bytes,lib/ocaml/compiler-libs/linkage_name.cmx,733525
2026-10-05T16:16:28Z,23a7bba69fdb3d4bcfc7b30f6155e5f6f1f35a52,7344,size_in_bytes,lib/ocaml/compiler-libs/slambda_fracture.cmx,58727
2026-10-05T16:16:28Z,23a7bba69fdb3d4bcfc7b30f6155e5f6f1f35a52,7344,size_in_bytes,lib/ocaml/compiler-libs/domainstate.cmx,1953
2026-10-05T16:16:28Z,23a7bba69fdb3d4bcfc7b30f6155e5f6f1f35a52,7344,size_in_bytes,lib/ocaml/compiler-libs/simplif.cmx,55865
2026-10-05T16:16:28Z,23a7bba69fdb3d4bcfc7b30f6155e5f6f1f35a52,7344,size_in_bytes,lib/ocaml/compiler-libs/current_unit.cmx,74127
2026-10-05T16:16:28Z,23a7bba69fdb3d4bcfc7b30f6155e5f6f1f35a52,7344,size_in_bytes,lib/ocaml/compiler-libs/terminfo.cmx,24972
2026-10-05T16:16:28Z,23a7bba69fdb3d4bcfc7b30f6155e5f6f1f35a52,7344,size_in_bytes,lib/ocaml/compiler-libs/camlinternalMenhirLib.cmx,948079
2026-10-05T16:16:28Z,23a7bba69fdb3d4bcfc7b30f6155e5f6f1f35a52,7344,size_in_bytes,lib/ocaml/compiler-libs/bytelibrarian.cmx,102736
2026-10-05T16:16:28Z,23a7bba69fdb3d4bcfc7b30f6155e5f6f1f35a52,7344,size_in_bytes,lib/ocaml/compiler-libs/typemod.cmx,718981
2026-10-05T16:16:28Z,23a7bba69fdb3d4bcfc7b30f6155e5f6f1f35a52,7344,size_in_bytes,lib/ocaml/compiler-libs/llvmize.cmx,441185
2026-10-05T16:16:28Z,23a7bba69fdb3d4bcfc7b30f6155e5f6f1f35a52,7344,size_in_bytes,lib/ocaml/compiler-libs/vectorize_specific.cmx,31699
2026-10-05T16:16:28Z,23a7bba69fdb3d4bcfc7b30f6155e5f6f1f35a52,7344,size_in_bytes,lib/ocaml/compiler-libs/CSE.cmx,27217
2026-10-05T16:16:28Z,23a7bba69fdb3d4bcfc7b30f6155e5f6f1f35a52,7344,size_in_bytes,lib/ocaml/compiler-libs/emitcode.cmx,58400
2026-10-05T16:16:28Z,23a7bba69fdb3d4bcfc7b30f6155e5f6f1f35a52,7344,size_in_bytes,lib/ocaml/compiler-libs/dwarf_concrete_instances.cmx,16059
2026-10-05T16:16:28Z,23a7bba69fdb3d4bcfc7b30f6155e5f6f1f35a52,7344,size_in_bytes,lib/ocaml/compiler-libs/typetexp.cmx,762373
2026-10-05T16:16:28Z,23a7bba69fdb3d4bcfc7b30f6155e5f6f1f35a52,7344,size_in_bytes,lib/ocaml/compiler-libs/regalloc_irc_utils.cmx,72734
2026-10-05T16:16:28Z,23a7bba69fdb3d4bcfc7b30f6155e5f6f1f35a52,7344,size_in_bytes,lib/ocaml/compiler-libs/structured_mangling.cmx,199560
2026-10-05T16:16:28Z,23a7bba69fdb3d4bcfc7b30f6155e5f6f1f35a52,7344,size_in_bytes,lib/ocaml/compiler-libs/shape.cmx,1487979
2026-10-05T16:16:28Z,23a7bba69fdb3d4bcfc7b30f6155e5f6f1f35a52,7344,size_in_bytes,lib/ocaml/compiler-libs/cfg_dominators_validate.cmx,130693
2026-10-05T16:16:28Z,23a7bba69fdb3d4bcfc7b30f6155e5f6f1f35a52,7344,size_in_bytes,lib/ocaml/compiler-libs/unit_info.cmx,230679
2026-10-05T16:16:28Z,23a7bba69fdb3d4bcfc7b30f6155e5f6f1f35a52,7344,size_in_bytes,lib/ocaml/compiler-libs/dwarf_low__Abbreviations_table_entry.cmx,91333
2026-10-05T16:16:28Z,23a7bba69fdb3d4bcfc7b30f6155e5f6f1f35a52,7344,size_in_bytes,lib/ocaml/compiler-libs/simplify_terminator.cmx,23925
2026-10-05T16:16:28Z,23a7bba69fdb3d4bcfc7b30f6155e5f6f1f35a52,7344,size_in_bytes,lib/ocaml/compiler-libs/numbers.cmx,2104846
2026-10-05T16:16:28Z,23a7bba69fdb3d4bcfc7b30f6155e5f6f1f35a52,7344,size_in_bytes,lib/ocaml/compiler-libs/printtyp.cmx,329833
2026-10-05T16:16:28Z,23a7bba69fdb3d4bcfc7b30f6155e5f6f1f35a52,7344,size_in_bytes,lib/ocaml/compiler-libs/regalloc_rewrite.cmx,43935
2026-10-05T16:16:28Z,23a7bba69fdb3d4bcfc7b30f6155e5f6f1f35a52,7344,size_in_bytes,lib/ocaml/compiler-libs/cfg_liveness.cmx,173569
2026-10-05T16:16:28Z,23a7bba69fdb3d4bcfc7b30f6155e5f6f1f35a52,7344,size_in_bytes,lib/ocaml/compiler-libs/zero_alloc_annotations.cmx,20891
2026-10-05T16:16:28Z,23a7bba69fdb3d4bcfc7b30f6155e5f6f1f35a52,7344,size_in_bytes,lib/ocaml/compiler-libs/dwarf_low__Location_list_table.cmx,19991
2026-10-05T16:16:28Z,23a7bba69fdb3d4bcfc7b30f6155e5f6f1f35a52,7344,size_in_bytes,lib/ocaml/compiler-libs/x86_peephole_rules.cmx,71639
2026-10-05T16:16:28Z,23a7bba69fdb3d4bcfc7b30f6155e5f6f1f35a52,7344,size_in_bytes,lib/ocaml/compiler-libs/printast_with_mappings.cmx,671514
2026-10-05T16:16:28Z,23a7bba69fdb3d4bcfc7b30f6155e5f6f1f35a52,7344,size_in_bytes,lib/ocaml/compiler-libs/regalloc_split.cmx,349500
2026-10-05T16:16:28Z,23a7bba69fdb3d4bcfc7b30f6155e5f6f1f35a52,7344,size_in_bytes,lib/ocaml/compiler-libs/arm64_binary_emitter__Encode_instruction.cmx,8829
2026-10-05T16:16:28Z,23a7bba69fdb3d4bcfc7b30f6155e5f6f1f35a52,7344,size_in_bytes,lib/ocaml/compiler-libs/dwarf_low__Dwarf_int.cmx,96721
2026-10-05T16:16:28Z,23a7bba69fdb3d4bcfc7b30f6155e5f6f1f35a52,7344,size_in_bytes,lib/ocaml/compiler-libs/untypeast.cmx,599567
2026-10-05T16:16:28Z,23a7bba69fdb3d4bcfc7b30f6155e5f6f1f35a52,7344,size_in_bytes,lib/ocaml/compiler-libs/dwarf_low__Encoding_attribute.cmx,10491
2026-10-05T16:16:28Z,23a7bba69fdb3d4bcfc7b30f6155e5f6f1f35a52,7344,size_in_bytes,lib/ocaml/compiler-libs/asttypes.cmx,5290
2026-10-05T16:16:28Z,23a7bba69fdb3d4bcfc7b30f6155e5f6f1f35a52,7344,size_in_bytes,lib/ocaml/compiler-libs/oxcaml_args.cmx,1907059
2026-10-05T16:16:28Z,23a7bba69fdb3d4bcfc7b30f6155e5f6f1f35a52,7344,size_in_bytes,lib/ocaml/compiler-libs/dwarf_low__Dwarf_format.cmx,5731
2026-10-05T16:16:28Z,23a7bba69fdb3d4bcfc7b30f6155e5f6f1f35a52,7344,size_in_bytes,lib/ocaml/compiler-libs/dwarf_low__Location_list_entry.cmx,17000
2026-10-05T16:16:28Z,23a7bba69fdb3d4bcfc7b30f6155e5f6f1f35a52,7344,size_in_bytes,lib/ocaml/compiler-libs/arrayset.cmx,58481
2026-10-05T16:16:28Z,23a7bba69fdb3d4bcfc7b30f6155e5f6f1f35a52,7344,size_in_bytes,lib/ocaml/compiler-libs/dwarf_base_address_selection.cmx,9099
2026-10-05T16:16:28Z,23a7bba69fdb3d4bcfc7b30f6155e5f6f1f35a52,7344,size_in_bytes,lib/ocaml/compiler-libs/slambdaident.cmx,918325
2026-10-05T16:16:28Z,23a7bba69fdb3d4bcfc7b30f6155e5f6f1f35a52,7344,size_in_bytes,lib/ocaml/compiler-libs/optpackager.cmx,391270
2026-10-05T16:16:28Z,23a7bba69fdb3d4bcfc7b30f6155e5f6f1f35a52,7344,size_in_bytes,lib/ocaml/compiler-libs/compile_common.cmx,254615
2026-10-05T16:16:28Z,23a7bba69fdb3d4bcfc7b30f6155e5f6f1f35a52,7344,size_in_bytes,lib/ocaml/compiler-libs/arm64_binary_emitter__Add_sub_helpers.cmx,61186
2026-10-05T16:16:28Z,23a7bba69fdb3d4bcfc7b30f6155e5f6f1f35a52,7344,size_in_bytes,lib/ocaml/compiler-libs/dissector.cmx,46842
2026-10-05T16:16:28Z,23a7bba69fdb3d4bcfc7b30f6155e5f6f1f35a52,7344,size_in_bytes,lib/ocaml/compiler-libs/value_rec_check.cmx,159495
2026-10-05T16:16:28Z,23a7bba69fdb3d4bcfc7b30f6155e5f6f1f35a52,7344,size_in_bytes,lib/ocaml/compiler-libs/jkind.cmx,1901227
2026-10-05T16:16:28Z,23a7bba69fdb3d4bcfc7b30f6155e5f6f1f35a52,7344,size_in_bytes,lib/ocaml/compiler-libs/transl_array_comprehension.cmx,349627
2026-10-05T16:16:28Z,23a7bba69fdb3d4bcfc7b30f6155e5f6f1f35a52,7344,size_in_bytes,lib/ocaml/compiler-libs/peephole_optimize.cmx,32403
2026-10-05T16:16:28Z,23a7bba69fdb3d4bcfc7b30f6155e5f6f1f35a52,7344,size_in_bytes,lib/ocaml/compiler-libs/envaux.cmx,40779
2026-10-05T16:16:28Z,23a7bba69fdb3d4bcfc7b30f6155e5f6f1f35a52,7344,size_in_bytes,lib/ocaml/compiler-libs/cfg_with_layout.cmx,194015
2026-10-05T16:16:28Z,23a7bba69fdb3d4bcfc7b30f6155e5f6f1f35a52,7344,size_in_bytes,lib/ocaml/compiler-libs/value_rec_compiler.cmx,9281
2026-10-05T16:16:28Z,23a7bba69fdb3d4bcfc7b30f6155e5f6f1f35a52,7344,size_in_bytes,lib/ocaml/compiler-libs/syntaxerr.cmx,6684
2026-10-05T16:16:28Z,23a7bba69fdb3d4bcfc7b30f6155e5f6f1f35a52,7344,size_in_bytes,lib/ocaml/compiler-libs/dwarf_reg_locations.cmx,81456
2026-10-05T16:16:28Z,23a7bba69fdb3d4bcfc7b30f6155e5f6f1f35a52,7344,size_in_bytes,lib/ocaml/compiler-libs/compiler_hooks.cmx,56999
2026-10-05T16:16:28Z,23a7bba69fdb3d4bcfc7b30f6155e5f6f1f35a52,7344,size_in_bytes,lib/ocaml/compiler-libs/types.cmx,1199580
2026-10-05T16:16:28Z,23a7bba69fdb3d4bcfc7b30f6155e5f6f1f35a52,7344,size_in_bytes,lib/ocaml/compiler-libs/x86_dsl.cmx,476476
2026-10-05T16:16:28Z,23a7bba69fdb3d4bcfc7b30f6155e5f6f1f35a52,7344,size_in_bytes,lib/ocaml/compiler-libs/dwarf_low__Dwarf_value.cmx,141627
2026-10-05T16:16:28Z,23a7bba69fdb3d4bcfc7b30f6155e5f6f1f35a52,7344,size_in_bytes,lib/ocaml/compiler-libs/regs_utils.cmx,43717
2026-10-05T16:16:28Z,23a7bba69fdb3d4bcfc7b30f6155e5f6f1f35a52,7344,size_in_bytes,lib/ocaml/compiler-libs/translobj.cmx,203846
2026-10-05T16:16:28Z,23a7bba69fdb3d4bcfc7b30f6155e5f6f1f35a52,7344,size_in_bytes,lib/ocaml/compiler-libs/mixed_block_shape.cmx,128297
2026-10-05T16:16:28Z,23a7bba69fdb3d4bcfc7b30f6155e5f6f1f35a52,7344,size_in_bytes,lib/ocaml/compiler-libs/arm64_binary_emitter__Branch_helpers.cmx,84312
2026-10-05T16:16:28Z,23a7bba69fdb3d4bcfc7b30f6155e5f6f1f35a52,7344,size_in_bytes,lib/ocaml/compiler-libs/byteinstantiator.cmx,22966
2026-10-05T16:16:28Z,23a7bba69fdb3d4bcfc7b30f6155e5f6f1f35a52,7344,size_in_bytes,lib/ocaml/compiler-libs/compilation_unit.cmx,2658862
2026-10-05T16:16:28Z,23a7bba69fdb3d4bcfc7b30f6155e5f6f1f35a52,7344,size_in_bytes,lib/ocaml/compiler-libs/dwarf_low__Address_table.cmx,107770
2026-10-05T16:16:28Z,23a7bba69fdb3d4bcfc7b30f6155e5f6f1f35a52,7344,size_in_bytes,lib/ocaml/compiler-libs/dwarf_low__Debug_loc_table.cmx,24583
2026-10-05T16:16:28Z,23a7bba69fdb3d4bcfc7b30f6155e5f6f1f35a52,7344,size_in_bytes,lib/ocaml/compiler-libs/axis_lattice.cmx,192465
2026-10-05T16:16:28Z,23a7bba69fdb3d4bcfc7b30f6155e5f6f1f35a52,7344,size_in_bytes,lib/ocaml/compiler-libs/cms_format.cmx,97593
2026-10-05T16:16:28Z,23a7bba69fdb3d4bcfc7b30f6155e5f6f1f35a52,7344,size_in_bytes,lib/ocaml/compiler-libs/import_info.cmx,178275
2026-10-05T16:16:28Z,23a7bba69fdb3d4bcfc7b30f6155e5f6f1f35a52,7344,size_in_bytes,lib/ocaml/compiler-libs/stack_class.cmx,208951
2026-10-05T16:16:28Z,23a7bba69fdb3d4bcfc7b30f6155e5f6f1f35a52,7344,size_in_bytes,lib/ocaml/compiler-libs/x86_peephole_utils.cmx,82250
2026-10-05T16:16:28Z,23a7bba69fdb3d4bcfc7b30f6155e5f6f1f35a52,7344,size_in_bytes,lib/ocaml/compiler-libs/ssa.cmx,704340
2026-10-05T16:16:28Z,23a7bba69fdb3d4bcfc7b30f6155e5f6f1f35a52,7344,size_in_bytes,lib/ocaml/compiler-libs/lazy_backtrack.cmx,24862
2026-10-05T16:16:28Z,23a7bba69fdb3d4bcfc7b30f6155e5f6f1f35a52,7344,size_in_bytes,lib/ocaml/compiler-libs/instantiator.cmx,97039
2026-10-05T16:16:28Z,23a7bba69fdb3d4bcfc7b30f6155e5f6f1f35a52,7344,size_in_bytes,lib/ocaml/compiler-libs/cfg_loop_infos.cmx,113084
2026-10-05T16:16:28Z,23a7bba69fdb3d4bcfc7b30f6155e5f6f1f35a52,7344,size_in_bytes,lib/ocaml/compiler-libs/emit.cmx,65924
2026-10-05T16:16:28Z,23a7bba69fdb3d4bcfc7b30f6155e5f6f1f35a52,7344,size_in_bytes,lib/ocaml/compiler-libs/ast_helper.cmx,1570877
2026-10-05T16:16:28Z,23a7bba69fdb3d4bcfc7b30f6155e5f6f1f35a52,7344,size_in_bytes,lib/ocaml/compiler-libs/translmod.cmx,687969
2026-10-05T16:16:28Z,23a7bba69fdb3d4bcfc7b30f6155e5f6f1f35a52,7344,size_in_bytes,lib/ocaml/compiler-libs/translclass.cmx,36851
2026-10-05T16:16:28Z,23a7bba69fdb3d4bcfc7b30f6155e5f6f1f35a52,7344,size_in_bytes,lib/ocaml/compiler-libs/gprinttyp.cmx,637288
2026-10-05T16:16:28Z,23a7bba69fdb3d4bcfc7b30f6155e5f6f1f35a52,7344,size_in_bytes,lib/ocaml/compiler-libs/typecore.cmx,1107809
2026-10-05T16:16:28Z,23a7bba69fdb3d4bcfc7b30f6155e5f6f1f35a52,7344,size_in_bytes,lib/ocaml/compiler-libs/zero_alloc_utils.cmx,206021
2026-10-05T16:16:28Z,23a7bba69fdb3d4bcfc7b30f6155e5f6f1f35a52,7344,size_in_bytes,lib/ocaml/compiler-libs/x86_gas.cmx,41343
2026-10-05T16:16:28Z,23a7bba69fdb3d4bcfc7b30f6155e5f6f1f35a52,7344,size_in_bytes,lib/ocaml/compiler-libs/tast_iterator.cmx,435778
2026-10-05T16:16:28Z,23a7bba69fdb3d4bcfc7b30f6155e5f6f1f35a52,7344,size_in_bytes,lib/ocaml/compiler-libs/data_types.cmx,36864
2026-10-05T16:16:28Z,23a7bba69fdb3d4bcfc7b30f6155e5f6f1f35a52,7344,size_in_bytes,lib/ocaml/compiler-libs/oprint.cmx,24837
2026-10-05T16:16:28Z,23a7bba69fdb3d4bcfc7b30f6155e5f6f1f35a52,7344,size_in_bytes,lib/ocaml/compiler-libs/printcfg.cmx,193182
2026-10-05T16:16:28Z,23a7bba69fdb3d4bcfc7b30f6155e5f6f1f35a52,7344,size_in_bytes,lib/ocaml/compiler-libs/translmode.cmx,38587
2026-10-05T16:16:28Z,23a7bba69fdb3d4bcfc7b30f6155e5f6f1f35a52,7344,size_in_bytes,lib/ocaml/compiler-libs/shape_reduce.cmx,861165
2026-10-05T16:16:28Z,23a7bba69fdb3d4bcfc7b30f6155e5f6f1f35a52,7344,size_in_bytes,lib/ocaml/compiler-libs/amd64_simd_defs.cmx,170566
2026-10-05T16:16:28Z,23a7bba69fdb3d4bcfc7b30f6155e5f6f1f35a52,7344,size_in_bytes,lib/ocaml/compiler-libs/lexer.cmx,157509
2026-10-05T16:16:28Z,23a7bba69fdb3d4bcfc7b30f6155e5f6f1f35a52,7344,size_in_bytes,lib/ocaml/compiler-libs/profile_counters_functions.cmx,5249
2026-10-05T16:16:28Z,23a7bba69fdb3d4bcfc7b30f6155e5f6f1f35a52,7344,size_in_bytes,lib/ocaml/compiler-libs/ldd.cmx,608559
2026-10-05T16:16:28Z,23a7bba69fdb3d4bcfc7b30f6155e5f6f1f35a52,7344,size_in_bytes,lib/ocaml/compiler-libs/optlink.cmx,302474
2026-10-05T16:16:28Z,23a7bba69fdb3d4bcfc7b30f6155e5f6f1f35a52,7344,size_in_bytes,lib/ocaml/compiler-libs/typemode.cmx,275858
2026-10-05T16:16:28Z,23a7bba69fdb3d4bcfc7b30f6155e5f6f1f35a52,7344,size_in_bytes,lib/ocaml/compiler-libs/cfg_to_linear_desc.cmx,16117
2026-10-05T16:16:28Z,23a7bba69fdb3d4bcfc7b30f6155e5f6f1f35a52,7344,size_in_bytes,lib/ocaml/compiler-libs/regalloc_gi_state.cmx,48321
2026-10-05T16:16:28Z,23a7bba69fdb3d4bcfc7b30f6155e5f6f1f35a52,7344,size_in_bytes,lib/ocaml/compiler-libs/dll.cmx,78231
2026-10-05T16:16:28Z,23a7bba69fdb3d4bcfc7b30f6155e5f6f1f35a52,7344,size_in_bytes,lib/ocaml/compiler-libs/reg_availability_set.cmx,111859
2026-10-05T16:16:28Z,23a7bba69fdb3d4bcfc7b30f6155e5f6f1f35a52,7344,size_in_bytes,lib/ocaml/compiler-libs/cfg_validation_facts.cmx,30952
2026-10-05T16:16:28Z,23a7bba69fdb3d4bcfc7b30f6155e5f6f1f35a52,7344,size_in_bytes,lib/ocaml/compiler-libs/string_table.cmx,14604
2026-10-05T16:16:28Z,23a7bba69fdb3d4bcfc7b30f6155e5f6f1f35a52,7344,size_in_bytes,lib/ocaml/compiler-libs/relocatable_symbol_name.cmx,2941
2026-10-05T16:16:28Z,23a7bba69fdb3d4bcfc7b30f6155e5f6f1f35a52,7344,size_in_bytes,lib/ocaml/compiler-libs/binary_emitter_helpers.cmx,6350
2026-10-05T16:16:28Z,23a7bba69fdb3d4bcfc7b30f6155e5f6f1f35a52,7344,size_in_bytes,lib/ocaml/compiler-libs/compmisc.cmx,100226
2026-10-05T16:16:28Z,23a7bba69fdb3d4bcfc7b30f6155e5f6f1f35a52,7344,size_in_bytes,lib/ocaml/compiler-libs/dwarf_low__Inline_code.cmx,5388
2026-10-05T16:16:28Z,23a7bba69fdb3d4bcfc7b30f6155e5f6f1f35a52,7344,size_in_bytes,lib/ocaml/compiler-libs/dwarf_low.cmx,1936
2026-10-05T16:16:28Z,23a7bba69fdb3d4bcfc7b30f6155e5f6f1f35a52,7344,size_in_bytes,lib/ocaml/compiler-libs/static_label.cmx,17708
2026-10-05T16:16:28Z,23a7bba69fdb3d4bcfc7b30f6155e5f6f1f35a52,7344,size_in_bytes,lib/ocaml/compiler-libs/rewrite_sections.cmx,10590
2026-10-05T16:16:28Z,23a7bba69fdb3d4bcfc7b30f6155e5f6f1f35a52,7344,size_in_bytes,lib/ocaml/compiler-libs/dwarf_low__Range_list_table.cmx,19564
2026-10-05T16:16:28Z,23a7bba69fdb3d4bcfc7b30f6155e5f6f1f35a52,7344,size_in_bytes,lib/ocaml/compiler-libs/regalloc_stack_operands.cmx,21804
2026-10-05T16:16:28Z,23a7bba69fdb3d4bcfc7b30f6155e5f6f1f35a52,7344,size_in_bytes,lib/ocaml/compiler-libs/optcomp_intf.cmx,9902
2026-10-05T16:16:28Z,23a7bba69fdb3d4bcfc7b30f6155e5f6f1f35a52,7344,size_in_bytes,lib/ocaml/compiler-libs/regs.cmx,857511
2026-10-05T16:16:28Z,23a7bba69fdb3d4bcfc7b30f6155e5f6f1f35a52,7344,size_in_bytes,lib/ocaml/compiler-libs/opcodes.cmx,6648
2026-10-05T16:16:28Z,23a7bba69fdb3d4bcfc7b30f6155e5f6f1f35a52,7344,size_in_bytes,lib/ocaml/compiler-libs/longident.cmx,23521
2026-10-05T16:16:28Z,23a7bba69fdb3d4bcfc7b30f6155e5f6f1f35a52,7344,size_in_bytes,lib/ocaml/compiler-libs/arm64_binary_emitter__Data_proc_helpers.cmx,31411
2026-10-05T16:16:28Z,23a7bba69fdb3d4bcfc7b30f6155e5f6f1f35a52,7344,size_in_bytes,lib/ocaml/compiler-libs/branch_relaxation.cmx,135058
2026-10-05T16:16:28Z,23a7bba69fdb3d4bcfc7b30f6155e5f6f1f35a52,7344,size_in_bytes,lib/ocaml/compiler-libs/meta.cmx,2788
2026-10-05T16:16:28Z,23a7bba69fdb3d4bcfc7b30f6155e5f6f1f35a52,7344,size_in_bytes,lib/ocaml/compiler-libs/errortrace.cmx,71567
2026-10-05T16:16:28Z,23a7bba69fdb3d4bcfc7b30f6155e5f6f1f35a52,7344,size_in_bytes,lib/ocaml/compiler-libs/dwarf_low__Aranges_table.cmx,32207
2026-10-05T16:16:28Z,23a7bba69fdb3d4bcfc7b30f6155e5f6f1f35a52,7344,size_in_bytes,lib/ocaml/compiler-libs/parmatch.cmx,539041
2026-10-05T16:16:28Z,23a7bba69fdb3d4bcfc7b30f6155e5f6f1f35a52,7344,size_in_bytes,lib/ocaml/compiler-libs/linear_format.cmx,32012
2026-10-05T16:16:28Z,23a7bba69fdb3d4bcfc7b30f6155e5f6f1f35a52,7344,size_in_bytes,lib/ocaml/compiler-libs/language_extension.cmx,217222
2026-10-05T16:16:28Z,23a7bba69fdb3d4bcfc7b30f6155e5f6f1f35a52,7344,size_in_bytes,lib/ocaml/compiler-libs/cfg_to_linear.cmx,14168
2026-10-05T16:16:28Z,23a7bba69fdb3d4bcfc7b30f6155e5f6f1f35a52,7344,size_in_bytes,lib/ocaml/compiler-libs/makedepend.cmx,35871
2026-10-05T16:16:28Z,23a7bba69fdb3d4bcfc7b30f6155e5f6f1f35a52,7344,size_in_bytes,lib/ocaml/compiler-libs/dwarf_low__Dwarf_4_location_list.cmx,70067
2026-10-05T16:16:28Z,23a7bba69fdb3d4bcfc7b30f6155e5f6f1f35a52,7344,size_in_bytes,lib/ocaml/compiler-libs/type_shape.cmx,621005
2026-10-05T16:16:28Z,23a7bba69fdb3d4bcfc7b30f6155e5f6f1f35a52,7344,size_in_bytes,lib/ocaml/compiler-libs/cfg.cmx,294941
2026-10-05T16:16:28Z,23a7bba69fdb3d4bcfc7b30f6155e5f6f1f35a52,7344,size_in_bytes,lib/ocaml/compiler-libs/llvm_ir.cmx,846194
2026-10-05T16:16:28Z,23a7bba69fdb3d4bcfc7b30f6155e5f6f1f35a52,7344,size_in_bytes,lib/ocaml/compiler-libs/regalloc_irc_state.cmx,841086
2026-10-05T16:16:28Z,23a7bba69fdb3d4bcfc7b30f6155e5f6f1f35a52,7344,size_in_bytes,lib/ocaml/compiler-libs/internal_assembler.cmx,17914
2026-10-05T16:16:28Z,23a7bba69fdb3d4bcfc7b30f6155e5f6f1f35a52,7344,size_in_bytes,lib/ocaml/compiler-libs/zero_alloc_checker.cmx,1495922
2026-10-05T16:16:28Z,23a7bba69fdb3d4bcfc7b30f6155e5f6f1f35a52,7344,size_in_bytes,lib/ocaml/compiler-libs/typedecl_properties.cmx,84550
2026-10-05T16:16:28Z,23a7bba69fdb3d4bcfc7b30f6155e5f6f1f35a52,7344,size_in_bytes,lib/ocaml/compiler-libs/dwarf_low__Dwarf_4_entry_sorting.cmx,10248
2026-10-05T16:16:28Z,23a7bba69fdb3d4bcfc7b30f6155e5f6f1f35a52,7344,size_in_bytes,lib/ocaml/compiler-libs/zero_alloc.cmx,108973
2026-10-05T16:16:28Z,23a7bba69fdb3d4bcfc7b30f6155e5f6f1f35a52,7344,size_in_bytes,lib/ocaml/str/str.cmx,235410
2026-10-05T16:16:28Z,23a7bba69fdb3d4bcfc7b30f6155e5f6f1f35a52,7344,size_in_bytes,lib/ocaml/stdlib_beta/stdlib_beta.cmx,590
2026-10-05T16:16:28Z,23a7bba69fdb3d4bcfc7b30f6155e5f6f1f35a52,7344,size_in_bytes,lib/ocaml/runtime_events/runtime_events.cmx,80210
2026-10-05T16:16:28Z,23a7bba69fdb3d4bcfc7b30f6155e5f6f1f35a52,7344,size_in_bytes,lib/ocaml/stdlib_stable/stdlib_stable.cmx,637
2026-10-05T16:16:28Z,23a7bba69fdb3d4bcfc7b30f6155e5f6f1f35a52,7344,size_in_bytes,lib/ocaml/stdlib_stable/stdlib_stable__Int8.cmx,16350
2026-10-05T16:16:28Z,23a7bba69fdb3d4bcfc7b30f6155e5f6f1f35a52,7344,size_in_bytes,lib/ocaml/stdlib_stable/stdlib_stable__Idx_atomic.cmx,3710
2026-10-05T16:16:28Z,23a7bba69fdb3d4bcfc7b30f6155e5f6f1f35a52,7344,size_in_bytes,lib/ocaml/stdlib_stable/stdlib_stable__Idx_imm.cmx,692
2026-10-05T16:16:28Z,23a7bba69fdb3d4bcfc7b30f6155e5f6f1f35a52,7344,size_in_bytes,lib/ocaml/stdlib_stable/stdlib_stable__Float32_u.cmx,184591
2026-10-05T16:16:28Z,23a7bba69fdb3d4bcfc7b30f6155e5f6f1f35a52,7344,size_in_bytes,lib/ocaml/stdlib_stable/stdlib_stable__Int_u.cmx,28544
2026-10-05T16:16:28Z,23a7bba69fdb3d4bcfc7b30f6155e5f6f1f35a52,7344,size_in_bytes,lib/ocaml/stdlib_stable/stdlib_stable__.cmx,1121
2026-10-05T16:16:28Z,23a7bba69fdb3d4bcfc7b30f6155e5f6f1f35a52,7344,size_in_bytes,lib/ocaml/stdlib_stable/stdlib_stable__Int.cmx,20935
2026-10-05T16:16:28Z,23a7bba69fdb3d4bcfc7b30f6155e5f6f1f35a52,7344,size_in_bytes,lib/ocaml/stdlib_stable/stdlib_stable__IarrayLabels.cmx,477628
2026-10-05T16:16:28Z,23a7bba69fdb3d4bcfc7b30f6155e5f6f1f35a52,7344,size_in_bytes,lib/ocaml/stdlib_stable/stdlib_stable__Iarray.cmx,3846
2026-10-05T16:16:28Z,23a7bba69fdb3d4bcfc7b30f6155e5f6f1f35a52,7344,size_in_bytes,lib/ocaml/stdlib_stable/stdlib_stable__Int16.cmx,16453
2026-10-05T16:16:28Z,23a7bba69fdb3d4bcfc7b30f6155e5f6f1f35a52,7344,size_in_bytes,lib/ocaml/stdlib_stable/stdlib_stable__Idx_mut.cmx,692
2026-10-05T16:16:28Z,23a7bba69fdb3d4bcfc7b30f6155e5f6f1f35a52,7344,size_in_bytes,lib/ocaml/stdlib_stable/stdlib_stable__Int16_u.cmx,21847
2026-10-05T16:16:28Z,23a7bba69fdb3d4bcfc7b30f6155e5f6f1f35a52,7344,size_in_bytes,lib/ocaml/stdlib_stable/stdlib_stable__Int8_u.cmx,21700
2026-10-05T16:16:28Z,23a7bba69fdb3d4bcfc7b30f6155e5f6f1f35a52,7344,size_in_bytes,lib/ocaml/stdlib_stable/stdlib_stable__Or_null.cmx,30212
2026-10-05T16:16:28Z,23a7bba69fdb3d4bcfc7b30f6155e5f6f1f35a52,7344,size_in_bytes,lib/ocaml/stdlib_stable/stdlib_stable__Float32.cmx,60227
2026-10-05T16:16:28Z,23a7bba69fdb3d4bcfc7b30f6155e5f6f1f35a52,7344,size_in_bytes,lib/ocaml/stdlib_stable/stdlib_stable__Char_u.cmx,34068
2026-10-05T16:16:28Z,23a7bba69fdb3d4bcfc7b30f6155e5f6f1f35a52,7344,size_in_bytes,lib/ocaml/unix/unix.cmx,518175
2026-10-05T16:16:28Z,23a7bba69fdb3d4bcfc7b30f6155e5f6f1f35a52,7344,size_in_bytes,lib/ocaml/unix/unixLabels.cmx,21042
2026-10-05T16:16:28Z,23a7bba69fdb3d4bcfc7b30f6155e5f6f1f35a52,7344,size_in_bytes,lib/ocaml/compiler_owee__Owee_elf.cmo,238428
2026-10-05T16:16:28Z,23a7bba69fdb3d4bcfc7b30f6155e5f6f1f35a52,7344,size_in_bytes,lib/ocaml/compiler_owee__Owee_archive.cmo,83802
2026-10-05T16:16:28Z,23a7bba69fdb3d4bcfc7b30f6155e5f6f1f35a52,7344,size_in_bytes,lib/ocaml/compiler_owee__Owee_linux_maps.cmo,26212
2026-10-05T16:16:28Z,23a7bba69fdb3d4bcfc7b30f6155e5f6f1f35a52,7344,size_in_bytes,lib/ocaml/compiler_owee__Owee_object.cmo,84194
2026-10-05T16:16:28Z,23a7bba69fdb3d4bcfc7b30f6155e5f6f1f35a52,7344,size_in_bytes,lib/ocaml/compiler_owee__Owee_elf_notes.cmo,68327
2026-10-05T16:16:28Z,23a7bba69fdb3d4bcfc7b30f6155e5f6f1f35a52,7344,size_in_bytes,lib/ocaml/compiler_owee__Owee_buf.cmo,110335
2026-10-05T16:16:28Z,23a7bba69fdb3d4bcfc7b30f6155e5f6f1f35a52,7344,size_in_bytes,lib/ocaml/compiler_owee__Owee_debug_line.cmo,123152
2026-10-05T16:16:28Z,23a7bba69fdb3d4bcfc7b30f6155e5f6f1f35a52,7344,size_in_bytes,lib/ocaml/compiler_owee.cmo,13576
2026-10-05T16:16:28Z,23a7bba69fdb3d4bcfc7b30f6155e5f6f1f35a52,7344,size_in_bytes,lib/ocaml/compiler_owee__Owee_marker.cmo,90599
2026-10-05T16:16:28Z,23a7bba69fdb3d4bcfc7b30f6155e5f6f1f35a52,7344,size_in_bytes,lib/ocaml/compiler_owee__Owee_interval_map.cmo,125614
2026-10-05T16:16:28Z,23a7bba69fdb3d4bcfc7b30f6155e5f6f1f35a52,7344,size_in_bytes,lib/ocaml/compiler_owee__Owee_graph.cmo,97286
2026-10-05T16:16:28Z,23a7bba69fdb3d4bcfc7b30f6155e5f6f1f35a52,7344,size_in_bytes,lib/ocaml/compiler_owee__Owee_elf_relocation.cmo,56497
2026-10-05T16:16:28Z,23a7bba69fdb3d4bcfc7b30f6155e5f6f1f35a52,7344,size_in_bytes,lib/ocaml/compiler_owee__Owee_traverse.cmo,82757
2026-10-05T16:16:28Z,23a7bba69fdb3d4bcfc7b30f6155e5f6f1f35a52,7344,size_in_bytes,lib/ocaml/compiler_owee__Unix_intf.cmo,15513
2026-10-05T16:16:28Z,23a7bba69fdb3d4bcfc7b30f6155e5f6f1f35a52,7344,size_in_bytes,lib/ocaml/std_exit.cmo,9939
2026-10-05T16:16:28Z,23a7bba69fdb3d4bcfc7b30f6155e5f6f1f35a52,7344,size_in_bytes,lib/ocaml/compiler_owee__Owee_elf_string_table.cmo,17230
2026-10-05T16:16:28Z,23a7bba69fdb3d4bcfc7b30f6155e5f6f1f35a52,7344,size_in_bytes,lib/ocaml/compiler_owee__Owee_location.cmo,84654
2026-10-05T16:16:28Z,23a7bba69fdb3d4bcfc7b30f6155e5f6f1f35a52,7344,size_in_bytes,lib/ocaml/compiler_owee__Owee_form.cmo,31857
2026-10-05T16:16:28Z,23a7bba69fdb3d4bcfc7b30f6155e5f6f1f35a52,7344,size_in_bytes,lib/ocaml/compiler_owee__Owee_macho.cmo,328514
2026-10-05T16:16:28Z,23a7bba69fdb3d4bcfc7b30f6155e5f6f1f35a52,7344,size_in_bytes,lib/ocaml/compiler-libs/topstart.cmo,9823
2026-10-05T16:16:28Z,23a7bba69fdb3d4bcfc7b30f6155e5f6f1f35a52,7344,size_in_bytes,lib/ocaml/stdlib__Queue.cms,24180
2026-10-05T16:16:28Z,23a7bba69fdb3d4bcfc7b30f6155e5f6f1f35a52,7344,size_in_bytes,lib/ocaml/stdlib__Printf.cms,15031
2026-10-05T16:16:28Z,23a7bba69fdb3d4bcfc7b30f6155e5f6f1f35a52,7344,size_in_bytes,lib/ocaml/stdlib__Format.cms,187456
2026-10-05T16:16:28Z,23a7bba69fdb3d4bcfc7b30f6155e5f6f1f35a52,7344,size_in_bytes,lib/ocaml/stdlib__Char.cms,19171
2026-10-05T16:16:28Z,23a7bba69fdb3d4bcfc7b30f6155e5f6f1f35a52,7344,size_in_bytes,lib/ocaml/stdlib__Result.cms,18242
2026-10-05T16:16:28Z,23a7bba69fdb3d4bcfc7b30f6155e5f6f1f35a52,7344,size_in_bytes,lib/ocaml/stdlib__Printexc.cms,46440
2026-10-05T16:16:28Z,23a7bba69fdb3d4bcfc7b30f6155e5f6f1f35a52,7344,size_in_bytes,lib/ocaml/camlinternalLazy.cms,21219
2026-10-05T16:16:28Z,23a7bba69fdb3d4bcfc7b30f6155e5f6f1f35a52,7344,size_in_bytes,lib/ocaml/camlinternalOO.cms,87519
2026-10-05T16:16:28Z,23a7bba69fdb3d4bcfc7b30f6155e5f6f1f35a52,7344,size_in_bytes,lib/ocaml/camlinternalAtomic.cms,14472
2026-10-05T16:16:28Z,23a7bba69fdb3d4bcfc7b30f6155e5f6f1f35a52,7344,size_in_bytes,lib/ocaml/stdlib__Seq.cms,57787
2026-10-05T16:16:28Z,23a7bba69fdb3d4bcfc7b30f6155e5f6f1f35a52,7344,size_in_bytes,lib/ocaml/stdlib__Fun.cms,13422
2026-10-05T16:16:28Z,23a7bba69fdb3d4bcfc7b30f6155e5f6f1f35a52,7344,size_in_bytes,lib/ocaml/stdlib__Atomic.cms,14927
2026-10-05T16:16:28Z,23a7bba69fdb3d4bcfc7b30f6155e5f6f1f35a52,7344,size_in_bytes,lib/ocaml/stdlib__Int32.cms,21606
2026-10-05T16:16:28Z,23a7bba69fdb3d4bcfc7b30f6155e5f6f1f35a52,7344,size_in_bytes,lib/ocaml/stdlib__Pqueue.cms,38012
2026-10-05T16:16:28Z,23a7bba69fdb3d4bcfc7b30f6155e5f6f1f35a52,7344,size_in_bytes,lib/ocaml/stdlib__Uchar.cms,19594
2026-10-05T16:16:28Z,23a7bba69fdb3d4bcfc7b30f6155e5f6f1f35a52,7344,size_in_bytes,lib/ocaml/stdlib__Repr.cms,11574
2026-10-05T16:16:28Z,23a7bba69fdb3d4bcfc7b30f6155e5f6f1f35a52,7344,size_in_bytes,lib/ocaml/stdlib__MoreLabels.cms,19384
2026-10-05T16:16:28Z,23a7bba69fdb3d4bcfc7b30f6155e5f6f1f35a52,7344,size_in_bytes,lib/ocaml/stdlib__Complex.cms,22816
2026-10-05T16:16:28Z,23a7bba69fdb3d4bcfc7b30f6155e5f6f1f35a52,7344,size_in_bytes,lib/ocaml/camlinternalComprehension.cms,12571
2026-10-05T16:16:28Z,23a7bba69fdb3d4bcfc7b30f6155e5f6f1f35a52,7344,size_in_bytes,lib/ocaml/stdlib__Bigarray.cms,61091
2026-10-05T16:16:28Z,23a7bba69fdb3d4bcfc7b30f6155e5f6f1f35a52,7344,size_in_bytes,lib/ocaml/stdlib__Dynarray.cms,138728
2026-10-05T16:16:28Z,23a7bba69fdb3d4bcfc7b30f6155e5f6f1f35a52,7344,size_in_bytes,lib/ocaml/camlinternalFormat.cms,424130
2026-10-05T16:16:28Z,23a7bba69fdb3d4bcfc7b30f6155e5f6f1f35a52,7344,size_in_bytes,lib/ocaml/stdlib__Set.cms,149624
2026-10-05T16:16:28Z,23a7bba69fdb3d4bcfc7b30f6155e5f6f1f35a52,7344,size_in_bytes,lib/ocaml/stdlib__Pair.cms,13449
2026-10-05T16:16:28Z,23a7bba69fdb3d4bcfc7b30f6155e5f6f1f35a52,7344,size_in_bytes,lib/ocaml/stdlib__Condition.cms,11899
2026-10-05T16:16:28Z,23a7bba69fdb3d4bcfc7b30f6155e5f6f1f35a52,7344,size_in_bytes,lib/ocaml/stdlib__Bytes.cms,113098
2026-10-05T16:16:28Z,23a7bba69fdb3d4bcfc7b30f6155e5f6f1f35a52,7344,size_in_bytes,lib/ocaml/stdlib__StringLabels.cms,14348
2026-10-05T16:16:28Z,23a7bba69fdb3d4bcfc7b30f6155e5f6f1f35a52,7344,size_in_bytes,lib/ocaml/stdlib__Quote.cms,18468
2026-10-05T16:16:28Z,23a7bba69fdb3d4bcfc7b30f6155e5f6f1f35a52,7344,size_in_bytes,lib/ocaml/stdlib__Int64.cms,21571
2026-10-05T16:16:28Z,23a7bba69fdb3d4bcfc7b30f6155e5f6f1f35a52,7344,size_in_bytes,lib/ocaml/stdlib__Effect.cms,64694
2026-10-05T16:16:28Z,23a7bba69fdb3d4bcfc7b30f6155e5f6f1f35a52,7344,size_in_bytes,lib/ocaml/std_exit.cms,11321
2026-10-05T16:16:28Z,23a7bba69fdb3d4bcfc7b30f6155e5f6f1f35a52,7344,size_in_bytes,lib/ocaml/camlinternalFormatBasics.cms,68069
2026-10-05T16:16:28Z,23a7bba69fdb3d4bcfc7b30f6155e5f6f1f35a52,7344,size_in_bytes,lib/ocaml/stdlib__Semaphore.cms,18235
2026-10-05T16:16:28Z,23a7bba69fdb3d4bcfc7b30f6155e5f6f1f35a52,7344,size_in_bytes,lib/ocaml/stdlib__Sys.cms,35915
2026-10-05T16:16:28Z,23a7bba69fdb3d4bcfc7b30f6155e5f6f1f35a52,7344,size_in_bytes,lib/ocaml/stdlib__Unit.cms,11677
2026-10-05T16:16:28Z,23a7bba69fdb3d4bcfc7b30f6155e5f6f1f35a52,7344,size_in_bytes,lib/ocaml/stdlib__Hashtbl.cms,103490
2026-10-05T16:16:28Z,23a7bba69fdb3d4bcfc7b30f6155e5f6f1f35a52,7344,size_in_bytes,lib/ocaml/stdlib__Stack.cms,16234
2026-10-05T16:16:28Z,23a7bba69fdb3d4bcfc7b30f6155e5f6f1f35a52,7344,size_in_bytes,lib/ocaml/stdlib__Lazy.cms,16420
2026-10-05T16:16:28Z,23a7bba69fdb3d4bcfc7b30f6155e5f6f1f35a52,7344,size_in_bytes,lib/ocaml/stdlib__Arg.cms,53079
2026-10-05T16:16:28Z,23a7bba69fdb3d4bcfc7b30f6155e5f6f1f35a52,7344,size_in_bytes,lib/ocaml/stdlib__ArrayLabels.cms,13462
2026-10-05T16:16:28Z,23a7bba69fdb3d4bcfc7b30f6155e5f6f1f35a52,7344,size_in_bytes,lib/ocaml/stdlib__Type.cms,13537
2026-10-05T16:16:28Z,23a7bba69fdb3d4bcfc7b30f6155e5f6f1f35a52,7344,size_in_bytes,lib/ocaml/stdlib__Buffer.cms,57941
2026-10-05T16:16:28Z,23a7bba69fdb3d4bcfc7b30f6155e5f6f1f35a52,7344,size_in_bytes,lib/ocaml/stdlib__Nativeint.cms,21262
2026-10-05T16:16:28Z,23a7bba69fdb3d4bcfc7b30f6155e5f6f1f35a52,7344,size_in_bytes,lib/ocaml/stdlib__In_channel.cms,30541
2026-10-05T16:16:28Z,23a7bba69fdb3d4bcfc7b30f6155e5f6f1f35a52,7344,size_in_bytes,lib/ocaml/stdlib__Scanf.cms,176109
2026-10-05T16:16:28Z,23a7bba69fdb3d4bcfc7b30f6155e5f6f1f35a52,7344,size_in_bytes,lib/ocaml/stdlib__Gc.cms,34651
2026-10-05T16:16:28Z,23a7bba69fdb3d4bcfc7b30f6155e5f6f1f35a52,7344,size_in_bytes,lib/ocaml/stdlib__Lexing.cms,33843
2026-10-05T16:16:28Z,23a7bba69fdb3d4bcfc7b30f6155e5f6f1f35a52,7344,size_in_bytes,lib/ocaml/stdlib__Filename.cms,56394
2026-10-05T16:16:28Z,23a7bba69fdb3d4bcfc7b30f6155e5f6f1f35a52,7344,size_in_bytes,lib/ocaml/stdlib__Array.cms,66387
2026-10-05T16:16:28Z,23a7bba69fdb3d4bcfc7b30f6155e5f6f1f35a52,7344,size_in_bytes,lib/ocaml/stdlib__Weak.cms,50113
2026-10-05T16:16:28Z,23a7bba69fdb3d4bcfc7b30f6155e5f6f1f35a52,7344,size_in_bytes,lib/ocaml/stdlib__StdLabels.cms,11786
2026-10-05T16:16:28Z,23a7bba69fdb3d4bcfc7b30f6155e5f6f1f35a52,7344,size_in_bytes,lib/ocaml/stdlib__List.cms,80537
2026-10-05T16:16:28Z,23a7bba69fdb3d4bcfc7b30f6155e5f6f1f35a52,7344,size_in_bytes,lib/ocaml/stdlib__Modes.cms,13272
2026-10-05T16:16:28Z,23a7bba69fdb3d4bcfc7b30f6155e5f6f1f35a52,7344,size_in_bytes,lib/ocaml/stdlib__Obj.cms,35915
2026-10-05T16:16:28Z,23a7bba69fdb3d4bcfc7b30f6155e5f6f1f35a52,7344,size_in_bytes,lib/ocaml/stdlib__Map.cms,144027
2026-10-05T16:16:28Z,23a7bba69fdb3d4bcfc7b30f6155e5f6f1f35a52,7344,size_in_bytes,lib/ocaml/stdlib__String.cms,59377
2026-10-05T16:16:28Z,23a7bba69fdb3d4bcfc7b30f6155e5f6f1f35a52,7344,size_in_bytes,lib/ocaml/stdlib__ListLabels.cms,14166
2026-10-05T16:16:28Z,23a7bba69fdb3d4bcfc7b30f6155e5f6f1f35a52,7344,size_in_bytes,lib/ocaml/camlinternalQuote.cms,412337
2026-10-05T16:16:28Z,23a7bba69fdb3d4bcfc7b30f6155e5f6f1f35a52,7344,size_in_bytes,lib/ocaml/stdlib__Digest.cms,31627
2026-10-05T16:16:28Z,23a7bba69fdb3d4bcfc7b30f6155e5f6f1f35a52,7344,size_in_bytes,lib/ocaml/stdlib__Int.cms,15167
2026-10-05T16:16:28Z,23a7bba69fdb3d4bcfc7b30f6155e5f6f1f35a52,7344,size_in_bytes,lib/ocaml/camlinternalMod.cms,19024
2026-10-05T16:16:28Z,23a7bba69fdb3d4bcfc7b30f6155e5f6f1f35a52,7344,size_in_bytes,lib/ocaml/stdlib__Parsing.cms,33364
2026-10-05T16:16:28Z,23a7bba69fdb3d4bcfc7b30f6155e5f6f1f35a52,7344,size_in_bytes,lib/ocaml/stdlib.cms,82454
2026-10-05T16:16:28Z,23a7bba69fdb3d4bcfc7b30f6155e5f6f1f35a52,7344,size_in_bytes,lib/ocaml/stdlib__Ephemeron.cms,152738
2026-10-05T16:16:28Z,23a7bba69fdb3d4bcfc7b30f6155e5f6f1f35a52,7344,size_in_bytes,lib/ocaml/stdlib__Iarray.cms,43320
2026-10-05T16:16:28Z,23a7bba69fdb3d4bcfc7b30f6155e5f6f1f35a52,7344,size_in_bytes,lib/ocaml/stdlib__Oo.cms,11798
2026-10-05T16:16:28Z,23a7bba69fdb3d4bcfc7b30f6155e5f6f1f35a52,7344,size_in_bytes,lib/ocaml/stdlib__Either.cms,15923
2026-10-05T16:16:28Z,23a7bba69fdb3d4bcfc7b30f6155e5f6f1f35a52,7344,size_in_bytes,lib/ocaml/stdlib__Option.cms,15466
2026-10-05T16:16:28Z,23a7bba69fdb3d4bcfc7b30f6155e5f6f1f35a52,7344,size_in_bytes,lib/ocaml/stdlib__Callback.cms,13373
2026-10-05T16:16:28Z,23a7bba69fdb3d4bcfc7b30f6155e5f6f1f35a52,7344,size_in_bytes,lib/ocaml/stdlib__Mutex.cms,12592
2026-10-05T16:16:28Z,23a7bba69fdb3d4bcfc7b30f6155e5f6f1f35a52,7344,size_in_bytes,lib/ocaml/stdlib__Random.cms,53561
2026-10-05T16:16:28Z,23a7bba69fdb3d4bcfc7b30f6155e5f6f1f35a52,7344,size_in_bytes,lib/ocaml/stdlib__Backoff.cms,17562
2026-10-05T16:16:28Z,23a7bba69fdb3d4bcfc7b30f6155e5f6f1f35a52,7344,size_in_bytes,lib/ocaml/stdlib__Marshal.cms,16408
2026-10-05T16:16:28Z,23a7bba69fdb3d4bcfc7b30f6155e5f6f1f35a52,7344,size_in_bytes,lib/ocaml/stdlib__BytesLabels.cms,15659
2026-10-05T16:16:28Z,23a7bba69fdb3d4bcfc7b30f6155e5f6f1f35a52,7344,size_in_bytes,lib/ocaml/stdlib__Out_channel.cms,18898
2026-10-05T16:16:28Z,23a7bba69fdb3d4bcfc7b30f6155e5f6f1f35a52,7344,size_in_bytes,lib/ocaml/stdlib__Float.cms,81632
2026-10-05T16:16:28Z,23a7bba69fdb3d4bcfc7b30f6155e5f6f1f35a52,7344,size_in_bytes,lib/ocaml/stdlib__Bool.cms,13153
2026-10-05T16:16:28Z,23a7bba69fdb3d4bcfc7b30f6155e5f6f1f35a52,7344,size_in_bytes,lib/ocaml/stdlib__Domain.cms,63750
2026-10-05T16:16:28Z,23a7bba69fdb3d4bcfc7b30f6155e5f6f1f35a52,7344,size_in_bytes,lib/ocaml/stdlib_alpha/stdlib_alpha.cms,10960
2026-10-05T16:16:28Z,23a7bba69fdb3d4bcfc7b30f6155e5f6f1f35a52,7344,size_in_bytes,lib/ocaml/stdlib_upstream_compatible/stdlib_upstream_compatible__Int32_u.cms,23307
2026-10-05T16:16:28Z,23a7bba69fdb3d4bcfc7b30f6155e5f6f1f35a52,7344,size_in_bytes,lib/ocaml/stdlib_upstream_compatible/stdlib_upstream_compatible__Float_u.cms,35602
2026-10-05T16:16:28Z,23a7bba69fdb3d4bcfc7b30f6155e5f6f1f35a52,7344,size_in_bytes,lib/ocaml/stdlib_upstream_compatible/stdlib_upstream_compatible.cms,8097
2026-10-05T16:16:28Z,23a7bba69fdb3d4bcfc7b30f6155e5f6f1f35a52,7344,size_in_bytes,lib/ocaml/stdlib_upstream_compatible/stdlib_upstream_compatible__Int64_u.cms,26792
2026-10-05T16:16:28Z,23a7bba69fdb3d4bcfc7b30f6155e5f6f1f35a52,7344,size_in_bytes,lib/ocaml/stdlib_upstream_compatible/stdlib_upstream_compatible__Nativeint_u.cms,24968
2026-10-05T16:16:28Z,23a7bba69fdb3d4bcfc7b30f6155e5f6f1f35a52,7344,size_in_bytes,lib/ocaml/stdlib_upstream_compatible/stdlib_upstream_compatible__.cms,11017
2026-10-05T16:16:28Z,23a7bba69fdb3d4bcfc7b30f6155e5f6f1f35a52,7344,size_in_bytes,lib/ocaml/compiler-libs/flambda2_terms__Placement.cms,12985
2026-10-05T16:16:28Z,23a7bba69fdb3d4bcfc7b30f6155e5f6f1f35a52,7344,size_in_bytes,lib/ocaml/compiler-libs/flambda2_terms__Removed_operations.cms,24109
2026-10-05T16:16:28Z,23a7bba69fdb3d4bcfc7b30f6155e5f6f1f35a52,7344,size_in_bytes,lib/ocaml/compiler-libs/flambda2_simplify__Control_flow_graph.cms,65468
2026-10-05T16:16:28Z,23a7bba69fdb3d4bcfc7b30f6155e5f6f1f35a52,7344,size_in_bytes,lib/ocaml/compiler-libs/flambda2_terms__Cost_metrics.cms,22154
2026-10-05T16:16:28Z,23a7bba69fdb3d4bcfc7b30f6155e5f6f1f35a52,7344,size_in_bytes,lib/ocaml/compiler-libs/flambda2_term_basics__Simple.cms,52768
2026-10-05T16:16:28Z,23a7bba69fdb3d4bcfc7b30f6155e5f6f1f35a52,7344,size_in_bytes,lib/ocaml/compiler-libs/flambda2_term_basics__Continuation_use_kind.cms,11478
2026-10-05T16:16:28Z,23a7bba69fdb3d4bcfc7b30f6155e5f6f1f35a52,7344,size_in_bytes,lib/ocaml/compiler-libs/flambda2_simplify__Lifted_cont_params.cms,20769
2026-10-05T16:16:28Z,23a7bba69fdb3d4bcfc7b30f6155e5f6f1f35a52,7344,size_in_bytes,lib/ocaml/compiler-libs/flambda2_simplify__Lifted_constant.cms,49203
2026-10-05T16:16:28Z,23a7bba69fdb3d4bcfc7b30f6155e5f6f1f35a52,7344,size_in_bytes,lib/ocaml/compiler-libs/flambda2_parser__Parse_flambda.cms,20218
2026-10-05T16:16:28Z,23a7bba69fdb3d4bcfc7b30f6155e5f6f1f35a52,7344,size_in_bytes,lib/ocaml/compiler-libs/flambda2_terms__Function_declarations.cms,24188
2026-10-05T16:16:28Z,23a7bba69fdb3d4bcfc7b30f6155e5f6f1f35a52,7344,size_in_bytes,lib/ocaml/compiler-libs/flambda2_algorithms__Table_by_int_id.cms,22662
2026-10-05T16:16:28Z,23a7bba69fdb3d4bcfc7b30f6155e5f6f1f35a52,7344,size_in_bytes,lib/ocaml/compiler-libs/flambda2_identifiers__Rec_info_expr0.cms,34297
2026-10-05T16:16:28Z,23a7bba69fdb3d4bcfc7b30f6155e5f6f1f35a52,7344,size_in_bytes,lib/ocaml/compiler-libs/flambda2_reaper__Datalog_helpers.cms,55272
2026-10-05T16:16:28Z,23a7bba69fdb3d4bcfc7b30f6155e5f6f1f35a52,7344,size_in_bytes,lib/ocaml/compiler-libs/flambda2_simplify__Flow_types.cms,60776
2026-10-05T16:16:28Z,23a7bba69fdb3d4bcfc7b30f6155e5f6f1f35a52,7344,size_in_bytes,lib/ocaml/compiler-libs/flambda2_to_jsir__To_jsir_result.cms,32734
2026-10-05T16:16:28Z,23a7bba69fdb3d4bcfc7b30f6155e5f6f1f35a52,7344,size_in_bytes,lib/ocaml/compiler-libs/flambda2_types__Join_levels.cms,25719
2026-10-05T16:16:28Z,23a7bba69fdb3d4bcfc7b30f6155e5f6f1f35a52,7344,size_in_bytes,lib/ocaml/compiler-libs/flambda2_lattices__Or_unknown_or_bottom.cms,16577
2026-10-05T16:16:28Z,23a7bba69fdb3d4bcfc7b30f6155e5f6f1f35a52,7344,size_in_bytes,lib/ocaml/compiler-libs/flambda2_terms__Effects.cms,16762
2026-10-05T16:16:28Z,23a7bba69fdb3d4bcfc7b30f6155e5f6f1f35a52,7344,size_in_bytes,lib/ocaml/compiler-libs/flambda2_terms__Code0.cms,24785
2026-10-05T16:16:28Z,23a7bba69fdb3d4bcfc7b30f6155e5f6f1f35a52,7344,size_in_bytes,lib/ocaml/compiler-libs/flambda2_reaper__Global_flow_graph.cms,38732
2026-10-05T16:16:28Z,23a7bba69fdb3d4bcfc7b30f6155e5f6f1f35a52,7344,size_in_bytes,lib/ocaml/compiler-libs/flambda2_bound_identifiers.cms,12835
2026-10-05T16:16:28Z,23a7bba69fdb3d4bcfc7b30f6155e5f6f1f35a52,7344,size_in_bytes,lib/ocaml/compiler-libs/flambda2_to_cmm__To_cmm.cms,25799
2026-10-05T16:16:28Z,23a7bba69fdb3d4bcfc7b30f6155e5f6f1f35a52,7344,size_in_bytes,lib/ocaml/compiler-libs/flambda2_types__Typing_env.cms,174153
2026-10-05T16:16:28Z,23a7bba69fdb3d4bcfc7b30f6155e5f6f1f35a52,7344,size_in_bytes,lib/ocaml/compiler-libs/flambda2_nominal__Name_abstraction.cms,20821
2026-10-05T16:16:28Z,23a7bba69fdb3d4bcfc7b30f6155e5f6f1f35a52,7344,size_in_bytes,lib/ocaml/compiler-libs/flambda2_simplify__Continuation_uses.cms,31933
2026-10-05T16:16:28Z,23a7bba69fdb3d4bcfc7b30f6155e5f6f1f35a52,7344,size_in_bytes,lib/ocaml/compiler-libs/flambda2_term_basics__Inlined_debuginfo.cms,22734
2026-10-05T16:16:28Z,23a7bba69fdb3d4bcfc7b30f6155e5f6f1f35a52,7344,size_in_bytes,lib/ocaml/compiler-libs/flambda2_reaper__Slot_offsets_analysis.cms,28704
2026-10-05T16:16:28Z,23a7bba69fdb3d4bcfc7b30f6155e5f6f1f35a52,7344,size_in_bytes,lib/ocaml/compiler-libs/flambda2_cmx__Flambda_cmx_format.cms,34907
2026-10-05T16:16:28Z,23a7bba69fdb3d4bcfc7b30f6155e5f6f1f35a52,7344,size_in_bytes,lib/ocaml/compiler-libs/flambda2_simplify__Apply_cont_rewrite.cms,42305
2026-10-05T16:16:28Z,23a7bba69fdb3d4bcfc7b30f6155e5f6f1f35a52,7344,size_in_bytes,lib/ocaml/compiler-libs/flambda2_numbers__Target_ocaml_int.cms,103567
2026-10-05T16:16:28Z,23a7bba69fdb3d4bcfc7b30f6155e5f6f1f35a52,7344,size_in_bytes,lib/ocaml/compiler-libs/flambda2_reaper__Analysis.cms,29040
2026-10-05T16:16:28Z,23a7bba69fdb3d4bcfc7b30f6155e5f6f1f35a52,7344,size_in_bytes,lib/ocaml/compiler-libs/flambda2_simplify__Upwards_acc.cms,32865
2026-10-05T16:16:28Z,23a7bba69fdb3d4bcfc7b30f6155e5f6f1f35a52,7344,size_in_bytes,lib/ocaml/compiler-libs/flambda2_simplify__Simplify_expr.cms,29874
2026-10-05T16:16:28Z,23a7bba69fdb3d4bcfc7b30f6155e5f6f1f35a52,7344,size_in_bytes,lib/ocaml/compiler-libs/flambda2_floats.cms,9805
2026-10-05T16:16:28Z,23a7bba69fdb3d4bcfc7b30f6155e5f6f1f35a52,7344,size_in_bytes,lib/ocaml/compiler-libs/flambda2_identifiers__Continuation.cms,34993
2026-10-05T16:16:28Z,23a7bba69fdb3d4bcfc7b30f6155e5f6f1f35a52,7344,size_in_bytes,lib/ocaml/compiler-libs/flambda2_term_basics__Or_invalid.cms,13105
2026-10-05T16:16:28Z,23a7bba69fdb3d4bcfc7b30f6155e5f6f1f35a52,7344,size_in_bytes,lib/ocaml/compiler-libs/flambda2_simplify__Mutable_unboxing.cms,95724
2026-10-05T16:16:28Z,23a7bba69fdb3d4bcfc7b30f6155e5f6f1f35a52,7344,size_in_bytes,lib/ocaml/compiler-libs/flambda2_datalog.cms,37694
2026-10-05T16:16:28Z,23a7bba69fdb3d4bcfc7b30f6155e5f6f1f35a52,7344,size_in_bytes,lib/ocaml/compiler-libs/flambda2_terms__Flambda.cms,232076
2026-10-05T16:16:28Z,23a7bba69fdb3d4bcfc7b30f6155e5f6f1f35a52,7344,size_in_bytes,lib/ocaml/compiler-libs/flambda2_simplify__Simplified_named.cms,20890
2026-10-05T16:16:28Z,23a7bba69fdb3d4bcfc7b30f6155e5f6f1f35a52,7344,size_in_bytes,lib/ocaml/compiler-libs/flambda2_simplify__Simplify_quaternary_primitive.cms,19930
2026-10-05T16:16:28Z,23a7bba69fdb3d4bcfc7b30f6155e5f6f1f35a52,7344,size_in_bytes,lib/ocaml/compiler-libs/flambda2_simplify__Unbox_continuation_params.cms,30127
2026-10-05T16:16:28Z,23a7bba69fdb3d4bcfc7b30f6155e5f6f1f35a52,7344,size_in_bytes,lib/ocaml/compiler-libs/flambda2_cmx.cms,10371
2026-10-05T16:16:28Z,23a7bba69fdb3d4bcfc7b30f6155e5f6f1f35a52,7344,size_in_bytes,lib/ocaml/compiler-libs/flambda2_types__Join_levels_old.cms,43628
2026-10-05T16:16:28Z,23a7bba69fdb3d4bcfc7b30f6155e5f6f1f35a52,7344,size_in_bytes,lib/ocaml/compiler-libs/flambda2_simplify__Expr_builder.cms,96354
2026-10-05T16:16:28Z,23a7bba69fdb3d4bcfc7b30f6155e5f6f1f35a52,7344,size_in_bytes,lib/ocaml/compiler-libs/flambda2_kinds__Flambda_arity.cms,33164
2026-10-05T16:16:28Z,23a7bba69fdb3d4bcfc7b30f6155e5f6f1f35a52,7344,size_in_bytes,lib/ocaml/compiler-libs/flambda2_numbers.cms,11293
2026-10-05T16:16:28Z,23a7bba69fdb3d4bcfc7b30f6155e5f6f1f35a52,7344,size_in_bytes,lib/ocaml/compiler-libs/flambda2_simplify_shared__Call_site_inlining_decision_type.cms,50109
2026-10-05T16:16:28Z,23a7bba69fdb3d4bcfc7b30f6155e5f6f1f35a52,7344,size_in_bytes,lib/ocaml/compiler-libs/flambda2_algorithms.cms,11890
2026-10-05T16:16:28Z,23a7bba69fdb3d4bcfc7b30f6155e5f6f1f35a52,7344,size_in_bytes,lib/ocaml/compiler-libs/flambda2_simplify__Loopify_state.cms,13137
2026-10-05T16:16:28Z,23a7bba69fdb3d4bcfc7b30f6155e5f6f1f35a52,7344,size_in_bytes,lib/ocaml/compiler-libs/flambda2_parser__Print_fexpr.cms,148686
2026-10-05T16:16:28Z,23a7bba69fdb3d4bcfc7b30f6155e5f6f1f35a52,7344,size_in_bytes,lib/ocaml/compiler-libs/flambda2_simplify__Simplify_apply_cont_expr.cms,31553
2026-10-05T16:16:28Z,23a7bba69fdb3d4bcfc7b30f6155e5f6f1f35a52,7344,size_in_bytes,lib/ocaml/compiler-libs/flambda2_cmx__Flambda_cmx.cms,35900
2026-10-05T16:16:28Z,23a7bba69fdb3d4bcfc7b30f6155e5f6f1f35a52,7344,size_in_bytes,lib/ocaml/compiler-libs/flambda2_nominal__Permutation.cms,24739
2026-10-05T16:16:28Z,23a7bba69fdb3d4bcfc7b30f6155e5f6f1f35a52,7344,size_in_bytes,lib/ocaml/compiler-libs/flambda2_datalog__Table.cms,36595
2026-10-05T16:16:28Z,23a7bba69fdb3d4bcfc7b30f6155e5f6f1f35a52,7344,size_in_bytes,lib/ocaml/compiler-libs/flambda2_simplify__Replay_history.cms,36814
2026-10-05T16:16:28Z,23a7bba69fdb3d4bcfc7b30f6155e5f6f1f35a52,7344,size_in_bytes,lib/ocaml/compiler-libs/flambda2_bound_identifiers__Bound_parameters.cms,23545
2026-10-05T16:16:28Z,23a7bba69fdb3d4bcfc7b30f6155e5f6f1f35a52,7344,size_in_bytes,lib/ocaml/compiler-libs/flambda2_nominal__Renaming.cms,39265
2026-10-05T16:16:28Z,23a7bba69fdb3d4bcfc7b30f6155e5f6f1f35a52,7344,size_in_bytes,lib/ocaml/compiler-libs/flambda2_term_basics.cms,13757
2026-10-05T16:16:28Z,23a7bba69fdb3d4bcfc7b30f6155e5f6f1f35a52,7344,size_in_bytes,lib/ocaml/compiler-libs/flambda2_compare.cms,9803
2026-10-05T16:16:28Z,23a7bba69fdb3d4bcfc7b30f6155e5f6f1f35a52,7344,size_in_bytes,lib/ocaml/compiler-libs/flambda2_simplify__Reification.cms,41197
2026-10-05T16:16:28Z,23a7bba69fdb3d4bcfc7b30f6155e5f6f1f35a52,7344,size_in_bytes,lib/ocaml/compiler-libs/flambda2_from_lambda__Lambda_to_flambda_primitives_helpers.cms,78507
2026-10-05T16:16:28Z,23a7bba69fdb3d4bcfc7b30f6155e5f6f1f35a52,7344,size_in_bytes,lib/ocaml/compiler-libs/flambda2_types__Code_age_relation.cms,23734
2026-10-05T16:16:28Z,23a7bba69fdb3d4bcfc7b30f6155e5f6f1f35a52,7344,size_in_bytes,lib/ocaml/compiler-libs/flambda2_numbers__Numeric_types.cms,86614
2026-10-05T16:16:28Z,23a7bba69fdb3d4bcfc7b30f6155e5f6f1f35a52,7344,size_in_bytes,lib/ocaml/compiler-libs/flambda2_bound_identifiers__Bound_name.cms,15278
2026-10-05T16:16:28Z,23a7bba69fdb3d4bcfc7b30f6155e5f6f1f35a52,7344,size_in_bytes,lib/ocaml/compiler-libs/flambda2_term_basics__String_info.cms,19921
2026-10-05T16:16:28Z,23a7bba69fdb3d4bcfc7b30f6155e5f6f1f35a52,7344,size_in_bytes,lib/ocaml/compiler-libs/flambda2_types.cms,42907
2026-10-05T16:16:28Z,23a7bba69fdb3d4bcfc7b30f6155e5f6f1f35a52,7344,size_in_bytes,lib/ocaml/compiler-libs/flambda2_terms__Apply_expr.cms,61899
2026-10-05T16:16:28Z,23a7bba69fdb3d4bcfc7b30f6155e5f6f1f35a52,7344,size_in_bytes,lib/ocaml/compiler-libs/flambda2_algorithms__Patricia_tree.cms,274508
2026-10-05T16:16:28Z,23a7bba69fdb3d4bcfc7b30f6155e5f6f1f35a52,7344,size_in_bytes,lib/ocaml/compiler-libs/flambda2_simplify__Original_handlers.cms,21725
2026-10-05T16:16:28Z,23a7bba69fdb3d4bcfc7b30f6155e5f6f1f35a52,7344,size_in_bytes,lib/ocaml/compiler-libs/flambda2_simplify_shared__Inlining_helpers.cms,25987
2026-10-05T16:16:28Z,23a7bba69fdb3d4bcfc7b30f6155e5f6f1f35a52,7344,size_in_bytes,lib/ocaml/compiler-libs/flambda2_terms__Expr_std.cms,12190
2026-10-05T16:16:28Z,23a7bba69fdb3d4bcfc7b30f6155e5f6f1f35a52,7344,size_in_bytes,lib/ocaml/compiler-libs/flambda2_simplify__Simplify_import.cms,19053
2026-10-05T16:16:28Z,23a7bba69fdb3d4bcfc7b30f6155e5f6f1f35a52,7344,size_in_bytes,lib/ocaml/compiler-libs/flambda2_parser.cms,13117
2026-10-05T16:16:28Z,23a7bba69fdb3d4bcfc7b30f6155e5f6f1f35a52,7344,size_in_bytes,lib/ocaml/compiler-libs/flambda2_simplify__Rebuilt_static_const.cms,68698
2026-10-05T16:16:28Z,23a7bba69fdb3d4bcfc7b30f6155e5f6f1f35a52,7344,size_in_bytes,lib/ocaml/compiler-libs/flambda2_bound_identifiers__Bound_parameter.cms,28834
2026-10-05T16:16:28Z,23a7bba69fdb3d4bcfc7b30f6155e5f6f1f35a52,7344,size_in_bytes,lib/ocaml/compiler-libs/flambda2_identifiers__Name.cms,18438
2026-10-05T16:16:28Z,23a7bba69fdb3d4bcfc7b30f6155e5f6f1f35a52,7344,size_in_bytes,lib/ocaml/compiler-libs/flambda2_bound_identifiers__Bound_static.cms,31749
2026-10-05T16:16:28Z,23a7bba69fdb3d4bcfc7b30f6155e5f6f1f35a52,7344,size_in_bytes,lib/ocaml/compiler-libs/flambda2_bound_identifiers__Bound_for_function.cms,35749
2026-10-05T16:16:28Z,23a7bba69fdb3d4bcfc7b30f6155e5f6f1f35a52,7344,size_in_bytes,lib/ocaml/compiler-libs/flambda2_datalog__Lang.cms,38352
2026-10-05T16:16:28Z,23a7bba69fdb3d4bcfc7b30f6155e5f6f1f35a52,7344,size_in_bytes,lib/ocaml/compiler-libs/flambda2_to_cmm__To_cmm_static.cms,122173
2026-10-05T16:16:28Z,23a7bba69fdb3d4bcfc7b30f6155e5f6f1f35a52,7344,size_in_bytes,lib/ocaml/compiler-libs/flambda2_terms__Static_const.cms,136001
2026-10-05T16:16:28Z,23a7bba69fdb3d4bcfc7b30f6155e5f6f1f35a52,7344,size_in_bytes,lib/ocaml/compiler-libs/flambda2_types__.cms,16727
2026-10-05T16:16:28Z,23a7bba69fdb3d4bcfc7b30f6155e5f6f1f35a52,7344,size_in_bytes,lib/ocaml/compiler-libs/flambda2_parser__Flambda_lex.cms,40245
2026-10-05T16:16:28Z,23a7bba69fdb3d4bcfc7b30f6155e5f6f1f35a52,7344,size_in_bytes,lib/ocaml/compiler-libs/flambda2_simplify_shared__Function_decl_inlining_decision.cms,18525
2026-10-05T16:16:28Z,23a7bba69fdb3d4bcfc7b30f6155e5f6f1f35a52,7344,size_in_bytes,lib/ocaml/compiler-libs/flambda2_types__Type_descr.cms,37888
2026-10-05T16:16:28Z,23a7bba69fdb3d4bcfc7b30f6155e5f6f1f35a52,7344,size_in_bytes,lib/ocaml/compiler-libs/flambda2_simplify__Simplify_simple.cms,16927
2026-10-05T16:16:28Z,23a7bba69fdb3d4bcfc7b30f6155e5f6f1f35a52,7344,size_in_bytes,lib/ocaml/compiler-libs/flambda2_from_lambda__Lambda_to_flambda_env.cms,56561
2026-10-05T16:16:28Z,23a7bba69fdb3d4bcfc7b30f6155e5f6f1f35a52,7344,size_in_bytes,lib/ocaml/compiler-libs/flambda2_identifiers__Code_id_or_symbol.cms,11464
2026-10-05T16:16:28Z,23a7bba69fdb3d4bcfc7b30f6155e5f6f1f35a52,7344,size_in_bytes,lib/ocaml/compiler-libs/flambda2_nominal__Name_occurrences.cms,137516
2026-10-05T16:16:28Z,23a7bba69fdb3d4bcfc7b30f6155e5f6f1f35a52,7344,size_in_bytes,lib/ocaml/compiler-libs/flambda2_simplify__Simplify_binary_primitive.cms,160045
2026-10-05T16:16:28Z,23a7bba69fdb3d4bcfc7b30f6155e5f6f1f35a52,7344,size_in_bytes,lib/ocaml/compiler-libs/flambda2_types__Meet_and_n_way_join.cms,376381
2026-10-05T16:16:28Z,23a7bba69fdb3d4bcfc7b30f6155e5f6f1f35a52,7344,size_in_bytes,lib/ocaml/compiler-libs/flambda2_to_cmm__To_cmm_env.cms,165686
2026-10-05T16:16:28Z,23a7bba69fdb3d4bcfc7b30f6155e5f6f1f35a52,7344,size_in_bytes,lib/ocaml/compiler-libs/flambda2_bound_identifiers__Bound_var.cms,17783
2026-10-05T16:16:28Z,23a7bba69fdb3d4bcfc7b30f6155e5f6f1f35a52,7344,size_in_bytes,lib/ocaml/compiler-libs/flambda2_simplify__Inlining_transforms.cms,29699
2026-10-05T16:16:28Z,23a7bba69fdb3d4bcfc7b30f6155e5f6f1f35a52,7344,size_in_bytes,lib/ocaml/compiler-libs/flambda2_datalog__Datalog_imports.cms,15734
2026-10-05T16:16:28Z,23a7bba69fdb3d4bcfc7b30f6155e5f6f1f35a52,7344,size_in_bytes,lib/ocaml/compiler-libs/flambda2_to_jsir__To_jsir_primitive.cms,94775
2026-10-05T16:16:28Z,23a7bba69fdb3d4bcfc7b30f6155e5f6f1f35a52,7344,size_in_bytes,lib/ocaml/compiler-libs/flambda2_classic_mode_types__Value_approximation.cms,19914
2026-10-05T16:16:28Z,23a7bba69fdb3d4bcfc7b30f6155e5f6f1f35a52,7344,size_in_bytes,lib/ocaml/compiler-libs/flambda2.cms,49978
2026-10-05T16:16:28Z,23a7bba69fdb3d4bcfc7b30f6155e5f6f1f35a52,7344,size_in_bytes,lib/ocaml/compiler-libs/flambda2_identifiers__Reg_width_const.cms,38095
2026-10-05T16:16:28Z,23a7bba69fdb3d4bcfc7b30f6155e5f6f1f35a52,7344,size_in_bytes,lib/ocaml/compiler-libs/flambda2_types__Cached_level.cms,23877
2026-10-05T16:16:28Z,23a7bba69fdb3d4bcfc7b30f6155e5f6f1f35a52,7344,size_in_bytes,lib/ocaml/compiler-libs/flambda2_datalog__Heterogenous_list.cms,13952
2026-10-05T16:16:28Z,23a7bba69fdb3d4bcfc7b30f6155e5f6f1f35a52,7344,size_in_bytes,lib/ocaml/compiler-libs/flambda2_datalog__Column.cms,29155
2026-10-05T16:16:28Z,23a7bba69fdb3d4bcfc7b30f6155e5f6f1f35a52,7344,size_in_bytes,lib/ocaml/compiler-libs/flambda2_numbers__One_bit_fewer.cms,30897
2026-10-05T16:16:28Z,23a7bba69fdb3d4bcfc7b30f6155e5f6f1f35a52,7344,size_in_bytes,lib/ocaml/compiler-libs/flambda2_terms__Effects_and_coeffects.cms,16130
2026-10-05T16:16:28Z,23a7bba69fdb3d4bcfc7b30f6155e5f6f1f35a52,7344,size_in_bytes,lib/ocaml/compiler-libs/flambda2_simplify_shared__Are_rebuilding_terms.cms,12458
2026-10-05T16:16:28Z,23a7bba69fdb3d4bcfc7b30f6155e5f6f1f35a52,7344,size_in_bytes,lib/ocaml/compiler-libs/flambda2_simplify__Simplify_let_cont_expr.cms,227743
2026-10-05T16:16:28Z,23a7bba69fdb3d4bcfc7b30f6155e5f6f1f35a52,7344,size_in_bytes,lib/ocaml/compiler-libs/flambda2_identifiers__Variable.cms,13684
2026-10-05T16:16:28Z,23a7bba69fdb3d4bcfc7b30f6155e5f6f1f35a52,7344,size_in_bytes,lib/ocaml/compiler-libs/flambda2_simplify__Data_flow_graph.cms,62277
2026-10-05T16:16:28Z,23a7bba69fdb3d4bcfc7b30f6155e5f6f1f35a52,7344,size_in_bytes,lib/ocaml/compiler-libs/flambda2_reaper__Cofield.cms,12815
2026-10-05T16:16:28Z,23a7bba69fdb3d4bcfc7b30f6155e5f6f1f35a52,7344,size_in_bytes,lib/ocaml/compiler-libs/flambda2_simplify__Upwards_env.cms,35483
2026-10-05T16:16:28Z,23a7bba69fdb3d4bcfc7b30f6155e5f6f1f35a52,7344,size_in_bytes,lib/ocaml/compiler-libs/flambda2_terms__Mutability.cms,15384
2026-10-05T16:16:28Z,23a7bba69fdb3d4bcfc7b30f6155e5f6f1f35a52,7344,size_in_bytes,lib/ocaml/compiler-libs/flambda2_nominal__Ids_for_export.cms,24399
2026-10-05T16:16:28Z,23a7bba69fdb3d4bcfc7b30f6155e5f6f1f35a52,7344,size_in_bytes,lib/ocaml/compiler-libs/flambda2_simplify__Are_lifting_conts.cms,19041
2026-10-05T16:16:28Z,23a7bba69fdb3d4bcfc7b30f6155e5f6f1f35a52,7344,size_in_bytes,lib/ocaml/compiler-libs/flambda2_term_basics__Value_slot_set.cms,19795
2026-10-05T16:16:28Z,23a7bba69fdb3d4bcfc7b30f6155e5f6f1f35a52,7344,size_in_bytes,lib/ocaml/compiler-libs/flambda2_terms__Poll_attribute.cms,13152
2026-10-05T16:16:28Z,23a7bba69fdb3d4bcfc7b30f6155e5f6f1f35a52,7344,size_in_bytes,lib/ocaml/compiler-libs/flambda2_terms__Flambda_primitive.cms,513897
2026-10-05T16:16:28Z,23a7bba69fdb3d4bcfc7b30f6155e5f6f1f35a52,7344,size_in_bytes,lib/ocaml/compiler-libs/flambda2_terms__Validity.cms,13890
2026-10-05T16:16:28Z,23a7bba69fdb3d4bcfc7b30f6155e5f6f1f35a52,7344,size_in_bytes,lib/ocaml/compiler-libs/flambda2_nominal__Contains_ids.cms,11331
2026-10-05T16:16:28Z,23a7bba69fdb3d4bcfc7b30f6155e5f6f1f35a52,7344,size_in_bytes,lib/ocaml/compiler-libs/flambda2_bound_identifiers__Bound_pattern.cms,33783
2026-10-05T16:16:28Z,23a7bba69fdb3d4bcfc7b30f6155e5f6f1f35a52,7344,size_in_bytes,lib/ocaml/compiler-libs/flambda2_terms__Set_of_closures.cms,32293
2026-10-05T16:16:28Z,23a7bba69fdb3d4bcfc7b30f6155e5f6f1f35a52,7344,size_in_bytes,lib/ocaml/compiler-libs/flambda2_parser__Fexpr_to_flambda.cms,156864
2026-10-05T16:16:28Z,23a7bba69fdb3d4bcfc7b30f6155e5f6f1f35a52,7344,size_in_bytes,lib/ocaml/compiler-libs/flambda2_identifiers__Named_rewrite_id.cms,17875
2026-10-05T16:16:28Z,23a7bba69fdb3d4bcfc7b30f6155e5f6f1f35a52,7344,size_in_bytes,lib/ocaml/compiler-libs/flambda2_terms__Apply_cont_expr.cms,35574
2026-10-05T16:16:28Z,23a7bba69fdb3d4bcfc7b30f6155e5f6f1f35a52,7344,size_in_bytes,lib/ocaml/compiler-libs/flambda2_simplify__Simplify_set_of_closures_context.cms,45012
2026-10-05T16:16:28Z,23a7bba69fdb3d4bcfc7b30f6155e5f6f1f35a52,7344,size_in_bytes,lib/ocaml/compiler-libs/flambda2_identifiers.cms,15004
2026-10-05T16:16:28Z,23a7bba69fdb3d4bcfc7b30f6155e5f6f1f35a52,7344,size_in_bytes,lib/ocaml/compiler-libs/flambda2_simplify__Non_constructed_code.cms,14350
2026-10-05T16:16:28Z,23a7bba69fdb3d4bcfc7b30f6155e5f6f1f35a52,7344,size_in_bytes,lib/ocaml/compiler-libs/flambda2_simplify__Closure_info.cms,18222
2026-10-05T16:16:28Z,23a7bba69fdb3d4bcfc7b30f6155e5f6f1f35a52,7344,size_in_bytes,lib/ocaml/compiler-libs/flambda2_ui.cms,10090
2026-10-05T16:16:28Z,23a7bba69fdb3d4bcfc7b30f6155e5f6f1f35a52,7344,size_in_bytes,lib/ocaml/compiler-libs/flambda2_floats__Float32.cms,14731
2026-10-05T16:16:28Z,23a7bba69fdb3d4bcfc7b30f6155e5f6f1f35a52,7344,size_in_bytes,lib/ocaml/compiler-libs/flambda2_simplify__Downwards_acc.cms,54890
2026-10-05T16:16:28Z,23a7bba69fdb3d4bcfc7b30f6155e5f6f1f35a52,7344,size_in_bytes,lib/ocaml/compiler-libs/flambda2_simplify__Simplify_set_of_closures.cms,150127
2026-10-05T16:16:28Z,23a7bba69fdb3d4bcfc7b30f6155e5f6f1f35a52,7344,size_in_bytes,lib/ocaml/compiler-libs/flambda2_simplify__Simplify_coercion.cms,12818
2026-10-05T16:16:28Z,23a7bba69fdb3d4bcfc7b30f6155e5f6f1f35a52,7344,size_in_bytes,lib/ocaml/compiler-libs/flambda2_terms__Loopify_attribute.cms,14681
2026-10-05T16:16:28Z,23a7bba69fdb3d4bcfc7b30f6155e5f6f1f35a52,7344,size_in_bytes,lib/ocaml/compiler-libs/flambda2_terms__Inlining_history.cms,45722
2026-10-05T16:16:28Z,23a7bba69fdb3d4bcfc7b30f6155e5f6f1f35a52,7344,size_in_bytes,lib/ocaml/compiler-libs/flambda2_from_lambda__Closure_conversion_aux.cms,154172
2026-10-05T16:16:28Z,23a7bba69fdb3d4bcfc7b30f6155e5f6f1f35a52,7344,size_in_bytes,lib/ocaml/compiler-libs/flambda2_simplify__Simplify_nullary_primitive.cms,21776
2026-10-05T16:16:28Z,23a7bba69fdb3d4bcfc7b30f6155e5f6f1f35a52,7344,size_in_bytes,lib/ocaml/compiler-libs/flambda2_types__With_cached_free_names.cms,17090
2026-10-05T16:16:28Z,23a7bba69fdb3d4bcfc7b30f6155e5f6f1f35a52,7344,size_in_bytes,lib/ocaml/compiler-libs/flambda2_simplify__Simplify.cms,20727
2026-10-05T16:16:28Z,23a7bba69fdb3d4bcfc7b30f6155e5f6f1f35a52,7344,size_in_bytes,lib/ocaml/compiler-libs/flambda2_classic_mode_types.cms,9919
2026-10-05T16:16:28Z,23a7bba69fdb3d4bcfc7b30f6155e5f6f1f35a52,7344,size_in_bytes,lib/ocaml/compiler-libs/flambda2_kinds__Tag.cms,35505
2026-10-05T16:16:28Z,23a7bba69fdb3d4bcfc7b30f6155e5f6f1f35a52,7344,size_in_bytes,lib/ocaml/compiler-libs/flambda2_simplify_shared__Exported_offsets.cms,31139
2026-10-05T16:16:28Z,23a7bba69fdb3d4bcfc7b30f6155e5f6f1f35a52,7344,size_in_bytes,lib/ocaml/compiler-libs/flambda2_terms__Code.cms,16455
2026-10-05T16:16:28Z,23a7bba69fdb3d4bcfc7b30f6155e5f6f1f35a52,7344,size_in_bytes,lib/ocaml/compiler-libs/flambda2_types__Equal_types_for_debug.cms,90815
2026-10-05T16:16:28Z,23a7bba69fdb3d4bcfc7b30f6155e5f6f1f35a52,7344,size_in_bytes,lib/ocaml/compiler-libs/flambda2_reaper__Dot_printer.cms,19756
2026-10-05T16:16:28Z,23a7bba69fdb3d4bcfc7b30f6155e5f6f1f35a52,7344,size_in_bytes,lib/ocaml/compiler-libs/flambda2_simplify__Simplify_apply_expr.cms,187032
2026-10-05T16:16:28Z,23a7bba69fdb3d4bcfc7b30f6155e5f6f1f35a52,7344,size_in_bytes,lib/ocaml/compiler-libs/flambda2_nominal.cms,12427
2026-10-05T16:16:28Z,23a7bba69fdb3d4bcfc7b30f6155e5f6f1f35a52,7344,size_in_bytes,lib/ocaml/compiler-libs/flambda2_identifiers__Slot.cms,29587
2026-10-05T16:16:28Z,23a7bba69fdb3d4bcfc7b30f6155e5f6f1f35a52,7344,size_in_bytes,lib/ocaml/compiler-libs/flambda2_simplify__Is_unboxing_beneficial.cms,21096
2026-10-05T16:16:28Z,23a7bba69fdb3d4bcfc7b30f6155e5f6f1f35a52,7344,size_in_bytes,lib/ocaml/compiler-libs/flambda2_types__More_type_creators.cms,88842
2026-10-05T16:16:28Z,23a7bba69fdb3d4bcfc7b30f6155e5f6f1f35a52,7344,size_in_bytes,lib/ocaml/compiler-libs/flambda2_simplify__Simplify_variadic_primitive.cms,32710
2026-10-05T16:16:28Z,23a7bba69fdb3d4bcfc7b30f6155e5f6f1f35a52,7344,size_in_bytes,lib/ocaml/compiler-libs/flambda2_to_cmm__To_cmm_effects.cms,20381
2026-10-05T16:16:28Z,23a7bba69fdb3d4bcfc7b30f6155e5f6f1f35a52,7344,size_in_bytes,lib/ocaml/compiler-libs/flambda2_reaper__Reaper.cms,20073
2026-10-05T16:16:28Z,23a7bba69fdb3d4bcfc7b30f6155e5f6f1f35a52,7344,size_in_bytes,lib/ocaml/compiler-libs/flambda2_terms__Inlining_arguments.cms,54804
2026-10-05T16:16:28Z,23a7bba69fdb3d4bcfc7b30f6155e5f6f1f35a52,7344,size_in_bytes,lib/ocaml/compiler-libs/flambda2_terms__First_complex_local_param.cms,13689
2026-10-05T16:16:28Z,23a7bba69fdb3d4bcfc7b30f6155e5f6f1f35a52,7344,size_in_bytes,lib/ocaml/compiler-libs/flambda2_simplify__Specialization_cost.cms,31580
2026-10-05T16:16:28Z,23a7bba69fdb3d4bcfc7b30f6155e5f6f1f35a52,7344,size_in_bytes,lib/ocaml/compiler-libs/flambda2_types__Meet_env.cms,68110
2026-10-05T16:16:28Z,23a7bba69fdb3d4bcfc7b30f6155e5f6f1f35a52,7344,size_in_bytes,lib/ocaml/compiler-libs/flambda2_terms__Call_kind.cms,76312
2026-10-05T16:16:28Z,23a7bba69fdb3d4bcfc7b30f6155e5f6f1f35a52,7344,size_in_bytes,lib/ocaml/compiler-libs/flambda2_identifiers__Code_id_or_name.cms,12195
2026-10-05T16:16:28Z,23a7bba69fdb3d4bcfc7b30f6155e5f6f1f35a52,7344,size_in_bytes,lib/ocaml/compiler-libs/flambda2_terms__Switch_expr.cms,25685
2026-10-05T16:16:28Z,23a7bba69fdb3d4bcfc7b30f6155e5f6f1f35a52,7344,size_in_bytes,lib/ocaml/compiler-libs/flambda2_types__Provers.cms,209706
2026-10-05T16:16:28Z,23a7bba69fdb3d4bcfc7b30f6155e5f6f1f35a52,7344,size_in_bytes,lib/ocaml/compiler-libs/flambda2_types__Typing_env_extension.cms,32009
2026-10-05T16:16:28Z,23a7bba69fdb3d4bcfc7b30f6155e5f6f1f35a52,7344,size_in_bytes,lib/ocaml/compiler-libs/flambda2_identifiers__Value_slot.cms,14041
2026-10-05T16:16:28Z,23a7bba69fdb3d4bcfc7b30f6155e5f6f1f35a52,7344,size_in_bytes,lib/ocaml/compiler-libs/flambda2_simplify__Downwards_env.cms,116076
2026-10-05T16:16:28Z,23a7bba69fdb3d4bcfc7b30f6155e5f6f1f35a52,7344,size_in_bytes,lib/ocaml/compiler-libs/flambda2_parser__Fexpr_to_flambda_commons.cms,40621
2026-10-05T16:16:28Z,23a7bba69fdb3d4bcfc7b30f6155e5f6f1f35a52,7344,size_in_bytes,lib/ocaml/compiler-libs/flambda2_simplify__Simplify_extcall.cms,43653
2026-10-05T16:16:28Z,23a7bba69fdb3d4bcfc7b30f6155e5f6f1f35a52,7344,size_in_bytes,lib/ocaml/compiler-libs/flambda2_simplify__Common_subexpression_elimination.cms,65053
2026-10-05T16:16:28Z,23a7bba69fdb3d4bcfc7b30f6155e5f6f1f35a52,7344,size_in_bytes,lib/ocaml/compiler-libs/flambda2_types__Expand_head.cms,177582
2026-10-05T16:16:28Z,23a7bba69fdb3d4bcfc7b30f6155e5f6f1f35a52,7344,size_in_bytes,lib/ocaml/compiler-libs/flambda2_bound_identifiers__Bound_continuations.cms,17028
2026-10-05T16:16:28Z,23a7bba69fdb3d4bcfc7b30f6155e5f6f1f35a52,7344,size_in_bytes,lib/ocaml/compiler-libs/flambda2_simplify_shared__Slot_offsets.cms,134139
2026-10-05T16:16:28Z,23a7bba69fdb3d4bcfc7b30f6155e5f6f1f35a52,7344,size_in_bytes,lib/ocaml/compiler-libs/flambda2_identifiers__Flambda_debug_uid.cms,20162
2026-10-05T16:16:28Z,23a7bba69fdb3d4bcfc7b30f6155e5f6f1f35a52,7344,size_in_bytes,lib/ocaml/compiler-libs/flambda2_numbers__Or_infinity.cms,13091
2026-10-05T16:16:28Z,23a7bba69fdb3d4bcfc7b30f6155e5f6f1f35a52,7344,size_in_bytes,lib/ocaml/compiler-libs/flambda2_terms__Coeffects.cms,14171
2026-10-05T16:16:28Z,23a7bba69fdb3d4bcfc7b30f6155e5f6f1f35a52,7344,size_in_bytes,lib/ocaml/compiler-libs/flambda2_simplify__Non_recursive_handler.cms,19522
2026-10-05T16:16:28Z,23a7bba69fdb3d4bcfc7b30f6155e5f6f1f35a52,7344,size_in_bytes,lib/ocaml/compiler-libs/flambda2_bound_identifiers__Bound_continuation.cms,12752
2026-10-05T16:16:28Z,23a7bba69fdb3d4bcfc7b30f6155e5f6f1f35a52,7344,size_in_bytes,lib/ocaml/compiler-libs/flambda2_from_lambda__Lambda_to_flambda.cms,246194
2026-10-05T16:16:28Z,23a7bba69fdb3d4bcfc7b30f6155e5f6f1f35a52,7344,size_in_bytes,lib/ocaml/compiler-libs/flambda2_term_basics__Coercion.cms,16117
2026-10-05T16:16:28Z,23a7bba69fdb3d4bcfc7b30f6155e5f6f1f35a52,7344,size_in_bytes,lib/ocaml/compiler-libs/flambda2_simplify__Simplify_unary_primitive.cms,146298
2026-10-05T16:16:28Z,23a7bba69fdb3d4bcfc7b30f6155e5f6f1f35a52,7344,size_in_bytes,lib/ocaml/compiler-libs/flambda2_to_jsir__To_jsir.cms,97234
2026-10-05T16:16:28Z,23a7bba69fdb3d4bcfc7b30f6155e5f6f1f35a52,7344,size_in_bytes,lib/ocaml/compiler-libs/flambda2_terms__Code_size.cms,74290
2026-10-05T16:16:28Z,23a7bba69fdb3d4bcfc7b30f6155e5f6f1f35a52,7344,size_in_bytes,lib/ocaml/compiler-libs/flambda2_to_cmm__To_cmm_primitive.cms,293804
2026-10-05T16:16:28Z,23a7bba69fdb3d4bcfc7b30f6155e5f6f1f35a52,7344,size_in_bytes,lib/ocaml/compiler-libs/flambda2_simplify__Continuation_shortcut.cms,17899
2026-10-05T16:16:28Z,23a7bba69fdb3d4bcfc7b30f6155e5f6f1f35a52,7344,size_in_bytes,lib/ocaml/compiler-libs/flambda2_datalog__Schedule.cms,68331
2026-10-05T16:16:28Z,23a7bba69fdb3d4bcfc7b30f6155e5f6f1f35a52,7344,size_in_bytes,lib/ocaml/compiler-libs/flambda2_simplify__Lifted_constant_state.cms,38262
2026-10-05T16:16:28Z,23a7bba69fdb3d4bcfc7b30f6155e5f6f1f35a52,7344,size_in_bytes,lib/ocaml/compiler-libs/flambda2_lattices__Or_unknown.cms,25960
2026-10-05T16:16:28Z,23a7bba69fdb3d4bcfc7b30f6155e5f6f1f35a52,7344,size_in_bytes,lib/ocaml/compiler-libs/flambda2_terms.cms,21687
2026-10-05T16:16:28Z,23a7bba69fdb3d4bcfc7b30f6155e5f6f1f35a52,7344,size_in_bytes,lib/ocaml/compiler-libs/flambda2_simplify__One_continuation_use.cms,15986
2026-10-05T16:16:28Z,23a7bba69fdb3d4bcfc7b30f6155e5f6f1f35a52,7344,size_in_bytes,lib/ocaml/compiler-libs/flambda2_term_basics__Rec_info_expr.cms,15460
2026-10-05T16:16:28Z,23a7bba69fdb3d4bcfc7b30f6155e5f6f1f35a52,7344,size_in_bytes,lib/ocaml/compiler-libs/flambda2_types__Reify.cms,88734
2026-10-05T16:16:28Z,23a7bba69fdb3d4bcfc7b30f6155e5f6f1f35a52,7344,size_in_bytes,lib/ocaml/compiler-libs/flambda2_reaper__Types_rewriter.cms,165722
2026-10-05T16:16:28Z,23a7bba69fdb3d4bcfc7b30f6155e5f6f1f35a52,7344,size_in_bytes,lib/ocaml/compiler-libs/flambda2_datalog__Planner.cms,51244
2026-10-05T16:16:28Z,23a7bba69fdb3d4bcfc7b30f6155e5f6f1f35a52,7344,size_in_bytes,lib/ocaml/compiler-libs/flambda2_reaper__Rev_expr.cms,18309
2026-10-05T16:16:28Z,23a7bba69fdb3d4bcfc7b30f6155e5f6f1f35a52,7344,size_in_bytes,lib/ocaml/compiler-libs/flambda2_parser__Flambda_to_fexpr.cms,131795
2026-10-05T16:16:28Z,23a7bba69fdb3d4bcfc7b30f6155e5f6f1f35a52,7344,size_in_bytes,lib/ocaml/compiler-libs/flambda2_simplify__Simplify_common.cms,64017
2026-10-05T16:16:28Z,23a7bba69fdb3d4bcfc7b30f6155e5f6f1f35a52,7344,size_in_bytes,lib/ocaml/compiler-libs/flambda2_datalog__Datalog.cms,26246
2026-10-05T16:16:28Z,23a7bba69fdb3d4bcfc7b30f6155e5f6f1f35a52,7344,size_in_bytes,lib/ocaml/compiler-libs/flambda2_from_lambda__Lambda_to_flambda_primitives.cms,563250
2026-10-05T16:16:28Z,23a7bba69fdb3d4bcfc7b30f6155e5f6f1f35a52,7344,size_in_bytes,lib/ocaml/compiler-libs/flambda2_simplify__One_recursive_handler.cms,14581
2026-10-05T16:16:28Z,23a7bba69fdb3d4bcfc7b30f6155e5f6f1f35a52,7344,size_in_bytes,lib/ocaml/compiler-libs/flambda2_reaper__Points_to_analysis.cms,172320
2026-10-05T16:16:28Z,23a7bba69fdb3d4bcfc7b30f6155e5f6f1f35a52,7344,size_in_bytes,lib/ocaml/compiler-libs/flambda2_algorithms__Container_types_intf.cms,39152
2026-10-05T16:16:28Z,23a7bba69fdb3d4bcfc7b30f6155e5f6f1f35a52,7344,size_in_bytes,lib/ocaml/compiler-libs/flambda2_simplify__Simplify_switch_expr.cms,131457
2026-10-05T16:16:28Z,23a7bba69fdb3d4bcfc7b30f6155e5f6f1f35a52,7344,size_in_bytes,lib/ocaml/compiler-libs/flambda2_parser__Flambda_to_fexpr_commons.cms,52340
2026-10-05T16:16:28Z,23a7bba69fdb3d4bcfc7b30f6155e5f6f1f35a52,7344,size_in_bytes,lib/ocaml/compiler-libs/flambda2_term_basics__Symbol_projection.cms,27554
2026-10-05T16:16:28Z,23a7bba69fdb3d4bcfc7b30f6155e5f6f1f35a52,7344,size_in_bytes,lib/ocaml/compiler-libs/flambda2_datalog__.cms,12763
2026-10-05T16:16:28Z,23a7bba69fdb3d4bcfc7b30f6155e5f6f1f35a52,7344,size_in_bytes,lib/ocaml/compiler-libs/flambda2_to_cmm__To_cmm_set_of_closures.cms,105726
2026-10-05T16:16:28Z,23a7bba69fdb3d4bcfc7b30f6155e5f6f1f35a52,7344,size_in_bytes,lib/ocaml/compiler-libs/flambda2_ui__Flambda_features.cms,52858
2026-10-05T16:16:28Z,23a7bba69fdb3d4bcfc7b30f6155e5f6f1f35a52,7344,size_in_bytes,lib/ocaml/compiler-libs/flambda2_to_cmm.cms,12132
2026-10-05T16:16:28Z,23a7bba69fdb3d4bcfc7b30f6155e5f6f1f35a52,7344,size_in_bytes,lib/ocaml/compiler-libs/flambda2_reaper__Rebuilt_expr.cms,22959
2026-10-05T16:16:28Z,23a7bba69fdb3d4bcfc7b30f6155e5f6f1f35a52,7344,size_in_bytes,lib/ocaml/compiler-libs/flambda2_bound_identifiers__Alloc_mode.cms,47921
2026-10-05T16:16:28Z,23a7bba69fdb3d4bcfc7b30f6155e5f6f1f35a52,7344,size_in_bytes,lib/ocaml/compiler-libs/flambda2_types__Join_env.cms,237818
2026-10-05T16:16:28Z,23a7bba69fdb3d4bcfc7b30f6155e5f6f1f35a52,7344,size_in_bytes,lib/ocaml/compiler-libs/flambda2_simplify__Unboxers.cms,34431
2026-10-05T16:16:28Z,23a7bba69fdb3d4bcfc7b30f6155e5f6f1f35a52,7344,size_in_bytes,lib/ocaml/compiler-libs/flambda2_types__Traversals.cms,204124
2026-10-05T16:16:28Z,23a7bba69fdb3d4bcfc7b30f6155e5f6f1f35a52,7344,size_in_bytes,lib/ocaml/compiler-libs/flambda2_simplify__Simplify_named_result.cms,15250
2026-10-05T16:16:28Z,23a7bba69fdb3d4bcfc7b30f6155e5f6f1f35a52,7344,size_in_bytes,lib/ocaml/compiler-libs/flambda2_terms__Result_types.cms,32024
2026-10-05T16:16:28Z,23a7bba69fdb3d4bcfc7b30f6155e5f6f1f35a52,7344,size_in_bytes,lib/ocaml/compiler-libs/flambda2_to_jsir__To_jsir_shared.cms,26929
2026-10-05T16:16:28Z,23a7bba69fdb3d4bcfc7b30f6155e5f6f1f35a52,7344,size_in_bytes,lib/ocaml/compiler-libs/flambda2_simplify__Simplify_primitive.cms,41621
2026-10-05T16:16:28Z,23a7bba69fdb3d4bcfc7b30f6155e5f6f1f35a52,7344,size_in_bytes,lib/ocaml/compiler-libs/flambda2_to_cmm__To_cmm_shared.cms,84664
2026-10-05T16:16:28Z,23a7bba69fdb3d4bcfc7b30f6155e5f6f1f35a52,7344,size_in_bytes,lib/ocaml/compiler-libs/flambda2_reaper__Field.cms,46556
2026-10-05T16:16:28Z,23a7bba69fdb3d4bcfc7b30f6155e5f6f1f35a52,7344,size_in_bytes,lib/ocaml/compiler-libs/flambda2_lattices.cms,10419
2026-10-05T16:16:28Z,23a7bba69fdb3d4bcfc7b30f6155e5f6f1f35a52,7344,size_in_bytes,lib/ocaml/compiler-libs/flambda2_simplify__Continuation_in_env.cms,21631
2026-10-05T16:16:28Z,23a7bba69fdb3d4bcfc7b30f6155e5f6f1f35a52,7344,size_in_bytes,lib/ocaml/compiler-libs/flambda2_term_basics__Tag_and_size.cms,12271
2026-10-05T16:16:28Z,23a7bba69fdb3d4bcfc7b30f6155e5f6f1f35a52,7344,size_in_bytes,lib/ocaml/compiler-libs/flambda2_from_lambda.cms,11990
2026-10-05T16:16:28Z,23a7bba69fdb3d4bcfc7b30f6155e5f6f1f35a52,7344,size_in_bytes,lib/ocaml/compiler-libs/flambda2_to_jsir.cms,11635
2026-10-05T16:16:28Z,23a7bba69fdb3d4bcfc7b30f6155e5f6f1f35a52,7344,size_in_bytes,lib/ocaml/compiler-libs/flambda2_datalog__Trie.cms,30506
2026-10-05T16:16:28Z,23a7bba69fdb3d4bcfc7b30f6155e5f6f1f35a52,7344,size_in_bytes,lib/ocaml/compiler-libs/flambda2_simplify__Comparison_result.cms,21546
2026-10-05T16:16:28Z,23a7bba69fdb3d4bcfc7b30f6155e5f6f1f35a52,7344,size_in_bytes,lib/ocaml/compiler-libs/flambda2_numbers__Vector_types.cms,43288
2026-10-05T16:16:28Z,23a7bba69fdb3d4bcfc7b30f6155e5f6f1f35a52,7344,size_in_bytes,lib/ocaml/compiler-libs/flambda2_identifiers__Continuation_callsite_map.cms,14030
2026-10-05T16:16:28Z,23a7bba69fdb3d4bcfc7b30f6155e5f6f1f35a52,7344,size_in_bytes,lib/ocaml/compiler-libs/flambda2_parser__Fexpr_prim_descr.cms,74192
2026-10-05T16:16:28Z,23a7bba69fdb3d4bcfc7b30f6155e5f6f1f35a52,7344,size_in_bytes,lib/ocaml/compiler-libs/flambda2_simplify__Flow_analysis.cms,33202
2026-10-05T16:16:28Z,23a7bba69fdb3d4bcfc7b30f6155e5f6f1f35a52,7344,size_in_bytes,lib/ocaml/compiler-libs/flambda2_kinds.cms,10337
2026-10-05T16:16:28Z,23a7bba69fdb3d4bcfc7b30f6155e5f6f1f35a52,7344,size_in_bytes,lib/ocaml/compiler-libs/flambda2_terms__Trap_action.cms,22992
2026-10-05T16:16:28Z,23a7bba69fdb3d4bcfc7b30f6155e5f6f1f35a52,7344,size_in_bytes,lib/ocaml/compiler-libs/flambda2_algorithms__Or_null.cms,14093
2026-10-05T16:16:28Z,23a7bba69fdb3d4bcfc7b30f6155e5f6f1f35a52,7344,size_in_bytes,lib/ocaml/compiler-libs/flambda2_terms__Function_decl_inlining_decision_type.cms,48255
2026-10-05T16:16:28Z,23a7bba69fdb3d4bcfc7b30f6155e5f6f1f35a52,7344,size_in_bytes,lib/ocaml/compiler-libs/flambda2_types__Aliases.cms,109977
2026-10-05T16:16:28Z,23a7bba69fdb3d4bcfc7b30f6155e5f6f1f35a52,7344,size_in_bytes,lib/ocaml/compiler-libs/flambda2_to_cmm__To_cmm_result.cms,31443
2026-10-05T16:16:28Z,23a7bba69fdb3d4bcfc7b30f6155e5f6f1f35a52,7344,size_in_bytes,lib/ocaml/compiler-libs/flambda2_simplify__Unboxing_epa.cms,76834
2026-10-05T16:16:28Z,23a7bba69fdb3d4bcfc7b30f6155e5f6f1f35a52,7344,size_in_bytes,lib/ocaml/compiler-libs/flambda2_to_cmm__To_cmm_expr.cms,193313
2026-10-05T16:16:28Z,23a7bba69fdb3d4bcfc7b30f6155e5f6f1f35a52,7344,size_in_bytes,lib/ocaml/compiler-libs/flambda2_simplify__Dominator_graph.cms,51778
2026-10-05T16:16:28Z,23a7bba69fdb3d4bcfc7b30f6155e5f6f1f35a52,7344,size_in_bytes,lib/ocaml/compiler-libs/flambda2_ui__Flambda_colours.cms,20337
2026-10-05T16:16:28Z,23a7bba69fdb3d4bcfc7b30f6155e5f6f1f35a52,7344,size_in_bytes,lib/ocaml/compiler-libs/flambda2_simplify__Join_points.cms,49995
2026-10-05T16:16:28Z,23a7bba69fdb3d4bcfc7b30f6155e5f6f1f35a52,7344,size_in_bytes,lib/ocaml/compiler-libs/flambda2_terms__Zero_alloc_attribute.cms,17210
2026-10-05T16:16:28Z,23a7bba69fdb3d4bcfc7b30f6155e5f6f1f35a52,7344,size_in_bytes,lib/ocaml/compiler-libs/flambda2_simplify__Simplify_rec_info_expr.cms,27721
2026-10-05T16:16:28Z,23a7bba69fdb3d4bcfc7b30f6155e5f6f1f35a52,7344,size_in_bytes,lib/ocaml/compiler-libs/flambda2_to_jsir__To_jsir_static_const.cms,47559
2026-10-05T16:16:28Z,23a7bba69fdb3d4bcfc7b30f6155e5f6f1f35a52,7344,size_in_bytes,lib/ocaml/compiler-libs/flambda2_types__Type_grammar.cms,657422
2026-10-05T16:16:28Z,23a7bba69fdb3d4bcfc7b30f6155e5f6f1f35a52,7344,size_in_bytes,lib/ocaml/compiler-libs/flambda2_types__Binding_time.cms,23996
2026-10-05T16:16:28Z,23a7bba69fdb3d4bcfc7b30f6155e5f6f1f35a52,7344,size_in_bytes,lib/ocaml/compiler-libs/flambda2_reaper__Traverse_acc.cms,81188
2026-10-05T16:16:28Z,23a7bba69fdb3d4bcfc7b30f6155e5f6f1f35a52,7344,size_in_bytes,lib/ocaml/compiler-libs/flambda2_terms__Flambda_unit.cms,17163
2026-10-05T16:16:28Z,23a7bba69fdb3d4bcfc7b30f6155e5f6f1f35a52,7344,size_in_bytes,lib/ocaml/compiler-libs/flambda2_simplify.cms,34887
2026-10-05T16:16:28Z,23a7bba69fdb3d4bcfc7b30f6155e5f6f1f35a52,7344,size_in_bytes,lib/ocaml/compiler-libs/flambda2_simplify__Continuation_uses_env_intf.cms,13457
2026-10-05T16:16:28Z,23a7bba69fdb3d4bcfc7b30f6155e5f6f1f35a52,7344,size_in_bytes,lib/ocaml/compiler-libs/flambda2_simplify__Named_rewrite.cms,15043
2026-10-05T16:16:28Z,23a7bba69fdb3d4bcfc7b30f6155e5f6f1f35a52,7344,size_in_bytes,lib/ocaml/compiler-libs/flambda2_algorithms__Leapfrog.cms,28604
2026-10-05T16:16:28Z,23a7bba69fdb3d4bcfc7b30f6155e5f6f1f35a52,7344,size_in_bytes,lib/ocaml/compiler-libs/flambda2_simplify__Continuation_uses_env.cms,30201
2026-10-05T16:16:28Z,23a7bba69fdb3d4bcfc7b30f6155e5f6f1f35a52,7344,size_in_bytes,lib/ocaml/compiler-libs/flambda2_simplify__Unboxing_types.cms,39893
2026-10-05T16:16:28Z,23a7bba69fdb3d4bcfc7b30f6155e5f6f1f35a52,7344,size_in_bytes,lib/ocaml/compiler-libs/flambda2_simplify__Call_site_inlining_decision.cms,55306
2026-10-05T16:16:28Z,23a7bba69fdb3d4bcfc7b30f6155e5f6f1f35a52,7344,size_in_bytes,lib/ocaml/compiler-libs/flambda2_identifiers__Int_ids.cms,172083
2026-10-05T16:16:28Z,23a7bba69fdb3d4bcfc7b30f6155e5f6f1f35a52,7344,size_in_bytes,lib/ocaml/compiler-libs/flambda2_to_jsir__To_jsir_set_of_closures.cms,20395
2026-10-05T16:16:28Z,23a7bba69fdb3d4bcfc7b30f6155e5f6f1f35a52,7344,size_in_bytes,lib/ocaml/compiler-libs/flambda2_term_basics__Empty_array_kind.cms,20837
2026-10-05T16:16:28Z,23a7bba69fdb3d4bcfc7b30f6155e5f6f1f35a52,7344,size_in_bytes,lib/ocaml/compiler-libs/flambda2_term_basics__Unit.cms,18667
2026-10-05T16:16:28Z,23a7bba69fdb3d4bcfc7b30f6155e5f6f1f35a52,7344,size_in_bytes,lib/ocaml/compiler-libs/flambda2_simplify__Continuation_extra_params_and_args.cms,33259
2026-10-05T16:16:28Z,23a7bba69fdb3d4bcfc7b30f6155e5f6f1f35a52,7344,size_in_bytes,lib/ocaml/compiler-libs/flambda2_datalog__Bytecode.cms,73103
2026-10-05T16:16:28Z,23a7bba69fdb3d4bcfc7b30f6155e5f6f1f35a52,7344,size_in_bytes,lib/ocaml/compiler-libs/flambda2_terms__Probe.cms,12316
2026-10-05T16:16:28Z,23a7bba69fdb3d4bcfc7b30f6155e5f6f1f35a52,7344,size_in_bytes,lib/ocaml/compiler-libs/flambda2_simplify__Simplify_ternary_primitive.cms,22970
2026-10-05T16:16:28Z,23a7bba69fdb3d4bcfc7b30f6155e5f6f1f35a52,7344,size_in_bytes,lib/ocaml/compiler-libs/flambda2_identifiers__Function_slot.cms,13653
2026-10-05T16:16:28Z,23a7bba69fdb3d4bcfc7b30f6155e5f6f1f35a52,7344,size_in_bytes,lib/ocaml/compiler-libs/flambda2_types__Set_of_closures_contents.cms,42393
2026-10-05T16:16:28Z,23a7bba69fdb3d4bcfc7b30f6155e5f6f1f35a52,7344,size_in_bytes,lib/ocaml/compiler-libs/flambda2_simplify__Build_unboxing_denv.cms,46952
2026-10-05T16:16:28Z,23a7bba69fdb3d4bcfc7b30f6155e5f6f1f35a52,7344,size_in_bytes,lib/ocaml/compiler-libs/flambda2_nominal__Num_occurrences.cms,12556
2026-10-05T16:16:28Z,23a7bba69fdb3d4bcfc7b30f6155e5f6f1f35a52,7344,size_in_bytes,lib/ocaml/compiler-libs/flambda2_terms__Code_metadata.cms,83286
2026-10-05T16:16:28Z,23a7bba69fdb3d4bcfc7b30f6155e5f6f1f35a52,7344,size_in_bytes,lib/ocaml/compiler-libs/flambda2_from_lambda__Lambda_to_lambda_transforms.cms,192702
2026-10-05T16:16:28Z,23a7bba69fdb3d4bcfc7b30f6155e5f6f1f35a52,7344,size_in_bytes,lib/ocaml/compiler-libs/flambda2_terms__Recursive.cms,12533
2026-10-05T16:16:28Z,23a7bba69fdb3d4bcfc7b30f6155e5f6f1f35a52,7344,size_in_bytes,lib/ocaml/compiler-libs/flambda2_nominal__Contains_names.cms,12044
2026-10-05T16:16:28Z,23a7bba69fdb3d4bcfc7b30f6155e5f6f1f35a52,7344,size_in_bytes,lib/ocaml/compiler-libs/flambda2_simplify__Optimistic_unboxing_decision.cms,37817
2026-10-05T16:16:28Z,23a7bba69fdb3d4bcfc7b30f6155e5f6f1f35a52,7344,size_in_bytes,lib/ocaml/compiler-libs/flambda2_nominal__Name_mode.cms,33536
2026-10-05T16:16:28Z,23a7bba69fdb3d4bcfc7b30f6155e5f6f1f35a52,7344,size_in_bytes,lib/ocaml/compiler-libs/flambda2_terms__Code_or_metadata.cms,35855
2026-10-05T16:16:28Z,23a7bba69fdb3d4bcfc7b30f6155e5f6f1f35a52,7344,size_in_bytes,lib/ocaml/compiler-libs/flambda2_reaper__Unboxing_analysis.cms,143036
2026-10-05T16:16:28Z,23a7bba69fdb3d4bcfc7b30f6155e5f6f1f35a52,7344,size_in_bytes,lib/ocaml/compiler-libs/flambda2_algorithms__Channel.cms,14092
2026-10-05T16:16:28Z,23a7bba69fdb3d4bcfc7b30f6155e5f6f1f35a52,7344,size_in_bytes,lib/ocaml/compiler-libs/flambda2_identifiers__Symbol.cms,13319
2026-10-05T16:16:28Z,23a7bba69fdb3d4bcfc7b30f6155e5f6f1f35a52,7344,size_in_bytes,lib/ocaml/compiler-libs/flambda2_simplify_shared__Inlining_report.cms,95552
2026-10-05T16:16:28Z,23a7bba69fdb3d4bcfc7b30f6155e5f6f1f35a52,7344,size_in_bytes,lib/ocaml/compiler-libs/flambda2_simplify__Simplify_let_expr.cms,55777
2026-10-05T16:16:28Z,23a7bba69fdb3d4bcfc7b30f6155e5f6f1f35a52,7344,size_in_bytes,lib/ocaml/compiler-libs/flambda2_simplify__Number_adjuncts.cms,123818
2026-10-05T16:16:28Z,23a7bba69fdb3d4bcfc7b30f6155e5f6f1f35a52,7344,size_in_bytes,lib/ocaml/compiler-libs/flambda2_lattices__Or_bottom.cms,15120
2026-10-05T16:16:28Z,23a7bba69fdb3d4bcfc7b30f6155e5f6f1f35a52,7344,size_in_bytes,lib/ocaml/compiler-libs/flambda2_terms__Exn_continuation.cms,31380
2026-10-05T16:16:28Z,23a7bba69fdb3d4bcfc7b30f6155e5f6f1f35a52,7344,size_in_bytes,lib/ocaml/compiler-libs/flambda2_cmx__Exported_code.cms,25061
2026-10-05T16:16:28Z,23a7bba69fdb3d4bcfc7b30f6155e5f6f1f35a52,7344,size_in_bytes,lib/ocaml/compiler-libs/flambda2_terms__Inlining_state.cms,17872
2026-10-05T16:16:28Z,23a7bba69fdb3d4bcfc7b30f6155e5f6f1f35a52,7344,size_in_bytes,lib/ocaml/compiler-libs/flambda2_from_lambda__Closure_conversion.cms,577180
2026-10-05T16:16:28Z,23a7bba69fdb3d4bcfc7b30f6155e5f6f1f35a52,7344,size_in_bytes,lib/ocaml/compiler-libs/flambda2_simplify_shared.cms,11978
2026-10-05T16:16:28Z,23a7bba69fdb3d4bcfc7b30f6155e5f6f1f35a52,7344,size_in_bytes,lib/ocaml/compiler-libs/flambda2_to_jsir__To_jsir_env.cms,43039
2026-10-05T16:16:28Z,23a7bba69fdb3d4bcfc7b30f6155e5f6f1f35a52,7344,size_in_bytes,lib/ocaml/compiler-libs/flambda2_parser__Flambda_parser_messages.cms,10250
2026-10-05T16:16:28Z,23a7bba69fdb3d4bcfc7b30f6155e5f6f1f35a52,7344,size_in_bytes,lib/ocaml/compiler-libs/flambda2_types__Meet_and_join.cms,329791
2026-10-05T16:16:28Z,23a7bba69fdb3d4bcfc7b30f6155e5f6f1f35a52,7344,size_in_bytes,lib/ocaml/compiler-libs/flambda2_import.cms,9602
2026-10-05T16:16:28Z,23a7bba69fdb3d4bcfc7b30f6155e5f6f1f35a52,7344,size_in_bytes,lib/ocaml/compiler-libs/flambda2_identifiers__Apply_cont_rewrite_id.cms,17890
2026-10-05T16:16:28Z,23a7bba69fdb3d4bcfc7b30f6155e5f6f1f35a52,7344,size_in_bytes,lib/ocaml/compiler-libs/flambda2_term_basics__Or_variable.cms,14921
2026-10-05T16:16:28Z,23a7bba69fdb3d4bcfc7b30f6155e5f6f1f35a52,7344,size_in_bytes,lib/ocaml/compiler-libs/flambda2_types__Typing_env_level.cms,40732
2026-10-05T16:16:28Z,23a7bba69fdb3d4bcfc7b30f6155e5f6f1f35a52,7344,size_in_bytes,lib/ocaml/compiler-libs/flambda2_kinds__Flambda_kind.cms,210586
2026-10-05T16:16:28Z,23a7bba69fdb3d4bcfc7b30f6155e5f6f1f35a52,7344,size_in_bytes,lib/ocaml/compiler-libs/flambda2_numbers__Targetint_32_64.cms,72839
2026-10-05T16:16:28Z,23a7bba69fdb3d4bcfc7b30f6155e5f6f1f35a52,7344,size_in_bytes,lib/ocaml/compiler-libs/flambda2_terms__Inlined_attribute.cms,23683
2026-10-05T16:16:28Z,23a7bba69fdb3d4bcfc7b30f6155e5f6f1f35a52,7344,size_in_bytes,lib/ocaml/compiler-libs/flambda2_terms__Regalloc_attribute.cms,13514
2026-10-05T16:16:28Z,23a7bba69fdb3d4bcfc7b30f6155e5f6f1f35a52,7344,size_in_bytes,lib/ocaml/compiler-libs/flambda2_simplify__Flow.cms,12380
2026-10-05T16:16:28Z,23a7bba69fdb3d4bcfc7b30f6155e5f6f1f35a52,7344,size_in_bytes,lib/ocaml/compiler-libs/flambda2_terms__Inline_attribute.cms,16360
2026-10-05T16:16:28Z,23a7bba69fdb3d4bcfc7b30f6155e5f6f1f35a52,7344,size_in_bytes,lib/ocaml/compiler-libs/flambda2_datalog__Cursor.cms,62064
2026-10-05T16:16:28Z,23a7bba69fdb3d4bcfc7b30f6155e5f6f1f35a52,7344,size_in_bytes,lib/ocaml/compiler-libs/flambda2_parser__Flambda_parser.cms,2273697
2026-10-05T16:16:28Z,23a7bba69fdb3d4bcfc7b30f6155e5f6f1f35a52,7344,size_in_bytes,lib/ocaml/compiler-libs/flambda2_simplify__Simplify_static_const.cms,66584
2026-10-05T16:16:28Z,23a7bba69fdb3d4bcfc7b30f6155e5f6f1f35a52,7344,size_in_bytes,lib/ocaml/compiler-libs/flambda2_identifiers__Coercion0.cms,22065
2026-10-05T16:16:28Z,23a7bba69fdb3d4bcfc7b30f6155e5f6f1f35a52,7344,size_in_bytes,lib/ocaml/compiler-libs/flambda2_simplify__Simplify_primitive_result.cms,17044
2026-10-05T16:16:28Z,23a7bba69fdb3d4bcfc7b30f6155e5f6f1f35a52,7344,size_in_bytes,lib/ocaml/compiler-libs/flambda2_simplify__Rebuilt_expr.cms,77137
2026-10-05T16:16:28Z,23a7bba69fdb3d4bcfc7b30f6155e5f6f1f35a52,7344,size_in_bytes,lib/ocaml/compiler-libs/flambda2_algorithms__Lmap.cms,27462
2026-10-05T16:16:28Z,23a7bba69fdb3d4bcfc7b30f6155e5f6f1f35a52,7344,size_in_bytes,lib/ocaml/compiler-libs/flambda2_reaper__Rebuild.cms,315697
2026-10-05T16:16:28Z,23a7bba69fdb3d4bcfc7b30f6155e5f6f1f35a52,7344,size_in_bytes,lib/ocaml/compiler-libs/flambda2_algorithms__Container_types.cms,49366
2026-10-05T16:16:28Z,23a7bba69fdb3d4bcfc7b30f6155e5f6f1f35a52,7344,size_in_bytes,lib/ocaml/compiler-libs/flambda2_simplify__Flow_acc.cms,76378
2026-10-05T16:16:28Z,23a7bba69fdb3d4bcfc7b30f6155e5f6f1f35a52,7344,size_in_bytes,lib/ocaml/compiler-libs/flambda2_reaper__Traverse.cms,133276
2026-10-05T16:16:28Z,23a7bba69fdb3d4bcfc7b30f6155e5f6f1f35a52,7344,size_in_bytes,lib/ocaml/compiler-libs/flambda2_parser__Fexpr_prim.cms,175198
2026-10-05T16:16:28Z,23a7bba69fdb3d4bcfc7b30f6155e5f6f1f35a52,7344,size_in_bytes,lib/ocaml/compiler-libs/flambda2_identifiers__Code_id.cms,11770
2026-10-05T16:16:28Z,23a7bba69fdb3d4bcfc7b30f6155e5f6f1f35a52,7344,size_in_bytes,lib/ocaml/compiler-libs/flambda2_nominal__Bindable.cms,14001
2026-10-05T16:16:28Z,23a7bba69fdb3d4bcfc7b30f6155e5f6f1f35a52,7344,size_in_bytes,lib/ocaml/compiler-libs/flambda2_terms__Regalloc_param_attribute.cms,14617
2026-10-05T16:16:28Z,23a7bba69fdb3d4bcfc7b30f6155e5f6f1f35a52,7344,size_in_bytes,lib/ocaml/compiler-libs/flambda2_reaper.cms,14381
2026-10-05T16:16:28Z,23a7bba69fdb3d4bcfc7b30f6155e5f6f1f35a52,7344,size_in_bytes,lib/ocaml/compiler-libs/flambda2_types__Meet.cms,16340
2026-10-05T16:16:28Z,23a7bba69fdb3d4bcfc7b30f6155e5f6f1f35a52,7344,size_in_bytes,lib/ocaml/compiler-libs/flambda2_term_basics__Scope.cms,18493
2026-10-05T16:16:28Z,23a7bba69fdb3d4bcfc7b30f6155e5f6f1f35a52,7344,size_in_bytes,lib/ocaml/compiler-libs/flambda2_simplify__Simplify_named.cms,46878
2026-10-05T16:16:28Z,23a7bba69fdb3d4bcfc7b30f6155e5f6f1f35a52,7344,size_in_bytes,lib/ocaml/compiler-libs/flambda2_parser__Fexpr.cms,48069
2026-10-05T16:16:28Z,23a7bba69fdb3d4bcfc7b30f6155e5f6f1f35a52,7344,size_in_bytes,lib/ocaml/compiler-libs/flambda2_reaper__Traverse_env.cms,18064
2026-10-05T16:16:28Z,23a7bba69fdb3d4bcfc7b30f6155e5f6f1f35a52,7344,size_in_bytes,lib/ocaml/stdlib_beta/stdlib_beta.cms,10957
2026-10-05T16:16:28Z,23a7bba69fdb3d4bcfc7b30f6155e5f6f1f35a52,7344,size_in_bytes,lib/ocaml/stdlib_stable/stdlib_stable.cms,11370
2026-10-05T16:16:28Z,23a7bba69fdb3d4bcfc7b30f6155e5f6f1f35a52,7344,size_in_bytes,lib/ocaml/stdlib_stable/stdlib_stable__Idx_imm.cms,12119
2026-10-05T16:16:28Z,23a7bba69fdb3d4bcfc7b30f6155e5f6f1f35a52,7344,size_in_bytes,lib/ocaml/stdlib_stable/stdlib_stable__Int.cms,17835
2026-10-05T16:16:28Z,23a7bba69fdb3d4bcfc7b30f6155e5f6f1f35a52,7344,size_in_bytes,lib/ocaml/stdlib_stable/stdlib_stable__Float32_u.cms,57495
2026-10-05T16:16:28Z,23a7bba69fdb3d4bcfc7b30f6155e5f6f1f35a52,7344,size_in_bytes,lib/ocaml/stdlib_stable/stdlib_stable__Int8.cms,16203
2026-10-05T16:16:28Z,23a7bba69fdb3d4bcfc7b30f6155e5f6f1f35a52,7344,size_in_bytes,lib/ocaml/stdlib_stable/stdlib_stable__Iarray.cms,12451
2026-10-05T16:16:28Z,23a7bba69fdb3d4bcfc7b30f6155e5f6f1f35a52,7344,size_in_bytes,lib/ocaml/stdlib_stable/stdlib_stable__Int16_u.cms,16692
2026-10-05T16:16:28Z,23a7bba69fdb3d4bcfc7b30f6155e5f6f1f35a52,7344,size_in_bytes,lib/ocaml/stdlib_stable/stdlib_stable__Or_null.cms,13845
2026-10-05T16:16:28Z,23a7bba69fdb3d4bcfc7b30f6155e5f6f1f35a52,7344,size_in_bytes,lib/ocaml/stdlib_stable/stdlib_stable__Int_u.cms,18036
2026-10-05T16:16:28Z,23a7bba69fdb3d4bcfc7b30f6155e5f6f1f35a52,7344,size_in_bytes,lib/ocaml/stdlib_stable/stdlib_stable__Int16.cms,16204
2026-10-05T16:16:28Z,23a7bba69fdb3d4bcfc7b30f6155e5f6f1f35a52,7344,size_in_bytes,lib/ocaml/stdlib_stable/stdlib_stable__Idx_mut.cms,12246
2026-10-05T16:16:28Z,23a7bba69fdb3d4bcfc7b30f6155e5f6f1f35a52,7344,size_in_bytes,lib/ocaml/stdlib_stable/stdlib_stable__Idx_atomic.cms,12505
2026-10-05T16:16:28Z,23a7bba69fdb3d4bcfc7b30f6155e5f6f1f35a52,7344,size_in_bytes,lib/ocaml/stdlib_stable/stdlib_stable__Int8_u.cms,16697
2026-10-05T16:16:28Z,23a7bba69fdb3d4bcfc7b30f6155e5f6f1f35a52,7344,size_in_bytes,lib/ocaml/stdlib_stable/stdlib_stable__IarrayLabels.cms,88243
2026-10-05T16:16:28Z,23a7bba69fdb3d4bcfc7b30f6155e5f6f1f35a52,7344,size_in_bytes,lib/ocaml/stdlib_stable/stdlib_stable__.cms,13635
2026-10-05T16:16:28Z,23a7bba69fdb3d4bcfc7b30f6155e5f6f1f35a52,7344,size_in_bytes,lib/ocaml/stdlib_stable/stdlib_stable__Float32.cms,46684
2026-10-05T16:16:28Z,23a7bba69fdb3d4bcfc7b30f6155e5f6f1f35a52,7344,size_in_bytes,lib/ocaml/stdlib_stable/stdlib_stable__Char_u.cms,14148
2026-10-05T16:16:28Z,23a7bba69fdb3d4bcfc7b30f6155e5f6f1f35a52,7344,size_in_bytes,lib/ocaml/std_exit.cmsi,11314
2026-10-05T16:16:28Z,23a7bba69fdb3d4bcfc7b30f6155e5f6f1f35a52,7344,size_in_bytes,lib/ocaml/stdlib__Nativeint.cmsi,27948
2026-10-05T16:16:28Z,23a7bba69fdb3d4bcfc7b30f6155e5f6f1f35a52,7344,size_in_bytes,lib/ocaml/stdlib__Sys.cmsi,54776
2026-10-05T16:16:28Z,23a7bba69fdb3d4bcfc7b30f6155e5f6f1f35a52,7344,size_in_bytes,lib/ocaml/stdlib.cmsi,138156
2026-10-05T16:16:28Z,23a7bba69fdb3d4bcfc7b30f6155e5f6f1f35a52,7344,size_in_bytes,lib/ocaml/camlinternalFormat.cmsi,17497
2026-10-05T16:16:28Z,23a7bba69fdb3d4bcfc7b30f6155e5f6f1f35a52,7344,size_in_bytes,lib/ocaml/stdlib__Type.cmsi,16564
2026-10-05T16:16:28Z,23a7bba69fdb3d4bcfc7b30f6155e5f6f1f35a52,7344,size_in_bytes,lib/ocaml/stdlib__Pair.cmsi,14045
2026-10-05T16:16:28Z,23a7bba69fdb3d4bcfc7b30f6155e5f6f1f35a52,7344,size_in_bytes,lib/ocaml/stdlib__Condition.cmsi,20455
2026-10-05T16:16:28Z,23a7bba69fdb3d4bcfc7b30f6155e5f6f1f35a52,7344,size_in_bytes,lib/ocaml/stdlib__Fun.cmsi,21273
2026-10-05T16:16:28Z,23a7bba69fdb3d4bcfc7b30f6155e5f6f1f35a52,7344,size_in_bytes,lib/ocaml/stdlib__Oo.cmsi,13451
2026-10-05T16:16:28Z,23a7bba69fdb3d4bcfc7b30f6155e5f6f1f35a52,7344,size_in_bytes,lib/ocaml/stdlib__In_channel.cmsi,31149
2026-10-05T16:16:28Z,23a7bba69fdb3d4bcfc7b30f6155e5f6f1f35a52,7344,size_in_bytes,lib/ocaml/stdlib__Int.cmsi,20900
2026-10-05T16:16:28Z,23a7bba69fdb3d4bcfc7b30f6155e5f6f1f35a52,7344,size_in_bytes,lib/ocaml/stdlib__Complex.cmsi,16830
2026-10-05T16:16:28Z,23a7bba69fdb3d4bcfc7b30f6155e5f6f1f35a52,7344,size_in_bytes,lib/ocaml/stdlib__Seq.cmsi,66031
2026-10-05T16:16:28Z,23a7bba69fdb3d4bcfc7b30f6155e5f6f1f35a52,7344,size_in_bytes,lib/ocaml/stdlib__Map.cmsi,43430
2026-10-05T16:16:28Z,23a7bba69fdb3d4bcfc7b30f6155e5f6f1f35a52,7344,size_in_bytes,lib/ocaml/stdlib__Pqueue.cmsi,33066
2026-10-05T16:16:28Z,23a7bba69fdb3d4bcfc7b30f6155e5f6f1f35a52,7344,size_in_bytes,lib/ocaml/stdlib__Array.cmsi,42703
2026-10-05T16:16:28Z,23a7bba69fdb3d4bcfc7b30f6155e5f6f1f35a52,7344,size_in_bytes,lib/ocaml/stdlib__StringLabels.cmsi,46650
2026-10-05T16:16:28Z,23a7bba69fdb3d4bcfc7b30f6155e5f6f1f35a52,7344,size_in_bytes,lib/ocaml/stdlib__Int32.cmsi,27643
2026-10-05T16:16:28Z,23a7bba69fdb3d4bcfc7b30f6155e5f6f1f35a52,7344,size_in_bytes,lib/ocaml/camlinternalLazy.cmsi,11558
2026-10-05T16:16:28Z,23a7bba69fdb3d4bcfc7b30f6155e5f6f1f35a52,7344,size_in_bytes,lib/ocaml/stdlib__Arg.cmsi,33929
2026-10-05T16:16:28Z,23a7bba69fdb3d4bcfc7b30f6155e5f6f1f35a52,7344,size_in_bytes,lib/ocaml/stdlib__Filename.cmsi,30003
2026-10-05T16:16:28Z,23a7bba69fdb3d4bcfc7b30f6155e5f6f1f35a52,7344,size_in_bytes,lib/ocaml/stdlib__Mutex.cmsi,15856
2026-10-05T16:16:28Z,23a7bba69fdb3d4bcfc7b30f6155e5f6f1f35a52,7344,size_in_bytes,lib/ocaml/stdlib__BytesLabels.cmsi,68935
2026-10-05T16:16:28Z,23a7bba69fdb3d4bcfc7b30f6155e5f6f1f35a52,7344,size_in_bytes,lib/ocaml/stdlib__String.cmsi,46617
2026-10-05T16:16:28Z,23a7bba69fdb3d4bcfc7b30f6155e5f6f1f35a52,7344,size_in_bytes,lib/ocaml/stdlib__Gc.cmsi,75171
2026-10-05T16:16:28Z,23a7bba69fdb3d4bcfc7b30f6155e5f6f1f35a52,7344,size_in_bytes,lib/ocaml/stdlib__Semaphore.cmsi,18601
2026-10-05T16:16:28Z,23a7bba69fdb3d4bcfc7b30f6155e5f6f1f35a52,7344,size_in_bytes,lib/ocaml/stdlib__Weak.cmsi,26825
2026-10-05T16:16:28Z,23a7bba69fdb3d4bcfc7b30f6155e5f6f1f35a52,7344,size_in_bytes,lib/ocaml/stdlib__Bigarray.cmsi,113639
2026-10-05T16:16:28Z,23a7bba69fdb3d4bcfc7b30f6155e5f6f1f35a52,7344,size_in_bytes,lib/ocaml/stdlib__Format.cmsi,128325
2026-10-05T16:16:28Z,23a7bba69fdb3d4bcfc7b30f6155e5f6f1f35a52,7344,size_in_bytes,lib/ocaml/stdlib__Hashtbl.cmsi,60041
2026-10-05T16:16:28Z,23a7bba69fdb3d4bcfc7b30f6155e5f6f1f35a52,7344,size_in_bytes,lib/ocaml/stdlib__Uchar.cmsi,22963
2026-10-05T16:16:28Z,23a7bba69fdb3d4bcfc7b30f6155e5f6f1f35a52,7344,size_in_bytes,lib/ocaml/stdlib__Obj.cmsi,23378
2026-10-05T16:16:28Z,23a7bba69fdb3d4bcfc7b30f6155e5f6f1f35a52,7344,size_in_bytes,lib/ocaml/camlinternalMod.cmsi,12118
2026-10-05T16:16:28Z,23a7bba69fdb3d4bcfc7b30f6155e5f6f1f35a52,7344,size_in_bytes,lib/ocaml/stdlib__Repr.cmsi,16289
2026-10-05T16:16:28Z,23a7bba69fdb3d4bcfc7b30f6155e5f6f1f35a52,7344,size_in_bytes,lib/ocaml/stdlib__List.cmsi,45523
2026-10-05T16:16:28Z,23a7bba69fdb3d4bcfc7b30f6155e5f6f1f35a52,7344,size_in_bytes,lib/ocaml/stdlib__Result.cmsi,21315
2026-10-05T16:16:28Z,23a7bba69fdb3d4bcfc7b30f6155e5f6f1f35a52,7344,size_in_bytes,lib/ocaml/stdlib__Random.cmsi,31725
2026-10-05T16:16:28Z,23a7bba69fdb3d4bcfc7b30f6155e5f6f1f35a52,7344,size_in_bytes,lib/ocaml/camlinternalFormatBasics.cmsi,28887
2026-10-05T16:16:28Z,23a7bba69fdb3d4bcfc7b30f6155e5f6f1f35a52,7344,size_in_bytes,lib/ocaml/stdlib__ListLabels.cmsi,45599
2026-10-05T16:16:28Z,23a7bba69fdb3d4bcfc7b30f6155e5f6f1f35a52,7344,size_in_bytes,lib/ocaml/stdlib__Option.cmsi,16127
2026-10-05T16:16:28Z,23a7bba69fdb3d4bcfc7b30f6155e5f6f1f35a52,7344,size_in_bytes,lib/ocaml/stdlib__Iarray.cmsi,32653
2026-10-05T16:16:28Z,23a7bba69fdb3d4bcfc7b30f6155e5f6f1f35a52,7344,size_in_bytes,lib/ocaml/stdlib__Effect.cmsi,43344
2026-10-05T16:16:28Z,23a7bba69fdb3d4bcfc7b30f6155e5f6f1f35a52,7344,size_in_bytes,lib/ocaml/camlinternalQuote.cmsi,57551
2026-10-05T16:16:28Z,23a7bba69fdb3d4bcfc7b30f6155e5f6f1f35a52,7344,size_in_bytes,lib/ocaml/stdlib__Marshal.cmsi,26638
2026-10-05T16:16:28Z,23a7bba69fdb3d4bcfc7b30f6155e5f6f1f35a52,7344,size_in_bytes,lib/ocaml/stdlib__Lazy.cmsi,21050
2026-10-05T16:16:28Z,23a7bba69fdb3d4bcfc7b30f6155e5f6f1f35a52,7344,size_in_bytes,lib/ocaml/stdlib__Char.cmsi,25310
2026-10-05T16:16:28Z,23a7bba69fdb3d4bcfc7b30f6155e5f6f1f35a52,7344,size_in_bytes,lib/ocaml/stdlib__Modes.cmsi,13875
2026-10-05T16:16:28Z,23a7bba69fdb3d4bcfc7b30f6155e5f6f1f35a52,7344,size_in_bytes,lib/ocaml/stdlib__Bytes.cmsi,68873
2026-10-05T16:16:28Z,23a7bba69fdb3d4bcfc7b30f6155e5f6f1f35a52,7344,size_in_bytes,lib/ocaml/stdlib__Either.cmsi,19493
2026-10-05T16:16:28Z,23a7bba69fdb3d4bcfc7b30f6155e5f6f1f35a52,7344,size_in_bytes,lib/ocaml/stdlib__Domain.cmsi,34976
2026-10-05T16:16:28Z,23a7bba69fdb3d4bcfc7b30f6155e5f6f1f35a52,7344,size_in_bytes,lib/ocaml/stdlib__Scanf.cmsi,47129
2026-10-05T16:16:28Z,23a7bba69fdb3d4bcfc7b30f6155e5f6f1f35a52,7344,size_in_bytes,lib/ocaml/stdlib__ArrayLabels.cmsi,42812
2026-10-05T16:16:28Z,23a7bba69fdb3d4bcfc7b30f6155e5f6f1f35a52,7344,size_in_bytes,lib/ocaml/stdlib__Dynarray.cmsi,57856
2026-10-05T16:16:28Z,23a7bba69fdb3d4bcfc7b30f6155e5f6f1f35a52,7344,size_in_bytes,lib/ocaml/stdlib__Bool.cmsi,16398
2026-10-05T16:16:28Z,23a7bba69fdb3d4bcfc7b30f6155e5f6f1f35a52,7344,size_in_bytes,lib/ocaml/stdlib__Printexc.cmsi,42801
2026-10-05T16:16:28Z,23a7bba69fdb3d4bcfc7b30f6155e5f6f1f35a52,7344,size_in_bytes,lib/ocaml/stdlib__Printf.cmsi,28978
2026-10-05T16:16:28Z,23a7bba69fdb3d4bcfc7b30f6155e5f6f1f35a52,7344,size_in_bytes,lib/ocaml/stdlib__Set.cmsi,38398
2026-10-05T16:16:28Z,23a7bba69fdb3d4bcfc7b30f6155e5f6f1f35a52,7344,size_in_bytes,lib/ocaml/stdlib__Stack.cmsi,17672
2026-10-05T16:16:28Z,23a7bba69fdb3d4bcfc7b30f6155e5f6f1f35a52,7344,size_in_bytes,lib/ocaml/stdlib__Digest.cmsi,24711
2026-10-05T16:16:28Z,23a7bba69fdb3d4bcfc7b30f6155e5f6f1f35a52,7344,size_in_bytes,lib/ocaml/stdlib__Unit.cmsi,12358
2026-10-05T16:16:28Z,23a7bba69fdb3d4bcfc7b30f6155e5f6f1f35a52,7344,size_in_bytes,lib/ocaml/stdlib__MoreLabels.cmsi,128958
2026-10-05T16:16:28Z,23a7bba69fdb3d4bcfc7b30f6155e5f6f1f35a52,7344,size_in_bytes,lib/ocaml/stdlib__Callback.cmsi,14403
2026-10-05T16:16:28Z,23a7bba69fdb3d4bcfc7b30f6155e5f6f1f35a52,7344,size_in_bytes,lib/ocaml/stdlib__Out_channel.cmsi,28280
2026-10-05T16:16:28Z,23a7bba69fdb3d4bcfc7b30f6155e5f6f1f35a52,7344,size_in_bytes,lib/ocaml/camlinternalAtomic.cmsi,10369
2026-10-05T16:16:28Z,23a7bba69fdb3d4bcfc7b30f6155e5f6f1f35a52,7344,size_in_bytes,lib/ocaml/stdlib__Backoff.cmsi,14525
2026-10-05T16:16:28Z,23a7bba69fdb3d4bcfc7b30f6155e5f6f1f35a52,7344,size_in_bytes,lib/ocaml/stdlib__Queue.cmsi,21247
2026-10-05T16:16:28Z,23a7bba69fdb3d4bcfc7b30f6155e5f6f1f35a52,7344,size_in_bytes,lib/ocaml/camlinternalComprehension.cmsi,14323
2026-10-05T16:16:28Z,23a7bba69fdb3d4bcfc7b30f6155e5f6f1f35a52,7344,size_in_bytes,lib/ocaml/stdlib__Int64.cmsi,29399
2026-10-05T16:16:28Z,23a7bba69fdb3d4bcfc7b30f6155e5f6f1f35a52,7344,size_in_bytes,lib/ocaml/stdlib__Parsing.cmsi,18192
2026-10-05T16:16:28Z,23a7bba69fdb3d4bcfc7b30f6155e5f6f1f35a52,7344,size_in_bytes,lib/ocaml/stdlib__Buffer.cmsi,33547
2026-10-05T16:16:28Z,23a7bba69fdb3d4bcfc7b30f6155e5f6f1f35a52,7344,size_in_bytes,lib/ocaml/stdlib__StdLabels.cmsi,12049
2026-10-05T16:16:28Z,23a7bba69fdb3d4bcfc7b30f6155e5f6f1f35a52,7344,size_in_bytes,lib/ocaml/stdlib__Ephemeron.cmsi,40003
2026-10-05T16:16:28Z,23a7bba69fdb3d4bcfc7b30f6155e5f6f1f35a52,7344,size_in_bytes,lib/ocaml/stdlib__Lexing.cmsi,26597
2026-10-05T16:16:28Z,23a7bba69fdb3d4bcfc7b30f6155e5f6f1f35a52,7344,size_in_bytes,lib/ocaml/stdlib__Float.cmsi,111979
2026-10-05T16:16:28Z,23a7bba69fdb3d4bcfc7b30f6155e5f6f1f35a52,7344,size_in_bytes,lib/ocaml/stdlib__Quote.cmsi,12654
2026-10-05T16:16:28Z,23a7bba69fdb3d4bcfc7b30f6155e5f6f1f35a52,7344,size_in_bytes,lib/ocaml/stdlib__Atomic.cmsi,24191
2026-10-05T16:16:28Z,23a7bba69fdb3d4bcfc7b30f6155e5f6f1f35a52,7344,size_in_bytes,lib/ocaml/camlinternalOO.cmsi,20176
2026-10-05T16:16:28Z,23a7bba69fdb3d4bcfc7b30f6155e5f6f1f35a52,7344,size_in_bytes,lib/ocaml/stdlib_alpha/stdlib_alpha.cmsi,10947
2026-10-05T16:16:28Z,23a7bba69fdb3d4bcfc7b30f6155e5f6f1f35a52,7344,size_in_bytes,lib/ocaml/stdlib_upstream_compatible/stdlib_upstream_compatible__Int64_u.cmsi,30089
2026-10-05T16:16:28Z,23a7bba69fdb3d4bcfc7b30f6155e5f6f1f35a52,7344,size_in_bytes,lib/ocaml/stdlib_upstream_compatible/stdlib_upstream_compatible__Nativeint_u.cmsi,27840
2026-10-05T16:16:28Z,23a7bba69fdb3d4bcfc7b30f6155e5f6f1f35a52,7344,size_in_bytes,lib/ocaml/stdlib_upstream_compatible/stdlib_upstream_compatible.cmsi,9026
2026-10-05T16:16:28Z,23a7bba69fdb3d4bcfc7b30f6155e5f6f1f35a52,7344,size_in_bytes,lib/ocaml/stdlib_upstream_compatible/stdlib_upstream_compatible__Int32_u.cmsi,26340
2026-10-05T16:16:28Z,23a7bba69fdb3d4bcfc7b30f6155e5f6f1f35a52,7344,size_in_bytes,lib/ocaml/stdlib_upstream_compatible/stdlib_upstream_compatible__Float_u.cmsi,40546
2026-10-05T16:16:28Z,23a7bba69fdb3d4bcfc7b30f6155e5f6f1f35a52,7344,size_in_bytes,lib/ocaml/compiler-libs/flambda2_simplify__Continuation_uses_env.cmsi,14519
2026-10-05T16:16:28Z,23a7bba69fdb3d4bcfc7b30f6155e5f6f1f35a52,7344,size_in_bytes,lib/ocaml/compiler-libs/flambda2_terms__Loopify_attribute.cmsi,11803
2026-10-05T16:16:28Z,23a7bba69fdb3d4bcfc7b30f6155e5f6f1f35a52,7344,size_in_bytes,lib/ocaml/compiler-libs/flambda2_terms__Placement.cmsi,13049
2026-10-05T16:16:28Z,23a7bba69fdb3d4bcfc7b30f6155e5f6f1f35a52,7344,size_in_bytes,lib/ocaml/compiler-libs/flambda2_reaper__Unboxing_analysis.cmsi,20050
2026-10-05T16:16:28Z,23a7bba69fdb3d4bcfc7b30f6155e5f6f1f35a52,7344,size_in_bytes,lib/ocaml/compiler-libs/flambda2_simplify__Unboxers.cmsi,16430
2026-10-05T16:16:28Z,23a7bba69fdb3d4bcfc7b30f6155e5f6f1f35a52,7344,size_in_bytes,lib/ocaml/compiler-libs/flambda2_from_lambda__Closure_conversion_aux.cmsi,61655
2026-10-05T16:16:28Z,23a7bba69fdb3d4bcfc7b30f6155e5f6f1f35a52,7344,size_in_bytes,lib/ocaml/compiler-libs/flambda2_reaper__Traverse_env.cmsi,19998
2026-10-05T16:16:28Z,23a7bba69fdb3d4bcfc7b30f6155e5f6f1f35a52,7344,size_in_bytes,lib/ocaml/compiler-libs/flambda2_simplify__Unbox_continuation_params.cmsi,13378
2026-10-05T16:16:28Z,23a7bba69fdb3d4bcfc7b30f6155e5f6f1f35a52,7344,size_in_bytes,lib/ocaml/compiler-libs/flambda2_simplify__Rebuilt_static_const.cmsi,32953
2026-10-05T16:16:28Z,23a7bba69fdb3d4bcfc7b30f6155e5f6f1f35a52,7344,size_in_bytes,lib/ocaml/compiler-libs/flambda2_types__Cached_level.cmsi,15596
2026-10-05T16:16:28Z,23a7bba69fdb3d4bcfc7b30f6155e5f6f1f35a52,7344,size_in_bytes,lib/ocaml/compiler-libs/flambda2_types__Traversals.cmsi,25641
2026-10-05T16:16:28Z,23a7bba69fdb3d4bcfc7b30f6155e5f6f1f35a52,7344,size_in_bytes,lib/ocaml/compiler-libs/flambda2_algorithms__Leapfrog.cmsi,19310
2026-10-05T16:16:28Z,23a7bba69fdb3d4bcfc7b30f6155e5f6f1f35a52,7344,size_in_bytes,lib/ocaml/compiler-libs/flambda2_numbers__Target_ocaml_int.cmsi,31558
2026-10-05T16:16:28Z,23a7bba69fdb3d4bcfc7b30f6155e5f6f1f35a52,7344,size_in_bytes,lib/ocaml/compiler-libs/flambda2_lattices__Or_bottom.cmsi,12302
2026-10-05T16:16:28Z,23a7bba69fdb3d4bcfc7b30f6155e5f6f1f35a52,7344,size_in_bytes,lib/ocaml/compiler-libs/flambda2_to_jsir__To_jsir_primitive.cmsi,13805
2026-10-05T16:16:28Z,23a7bba69fdb3d4bcfc7b30f6155e5f6f1f35a52,7344,size_in_bytes,lib/ocaml/compiler-libs/flambda2_parser__Print_fexpr.cmsi,10451
2026-10-05T16:16:28Z,23a7bba69fdb3d4bcfc7b30f6155e5f6f1f35a52,7344,size_in_bytes,lib/ocaml/compiler-libs/flambda2_bound_identifiers__Bound_continuation.cmsi,11828
2026-10-05T16:16:28Z,23a7bba69fdb3d4bcfc7b30f6155e5f6f1f35a52,7344,size_in_bytes,lib/ocaml/compiler-libs/flambda2_simplify__Simplify_apply_expr.cmsi,11842
2026-10-05T16:16:28Z,23a7bba69fdb3d4bcfc7b30f6155e5f6f1f35a52,7344,size_in_bytes,lib/ocaml/compiler-libs/flambda2_floats__Float32.cmsi,14300
2026-10-05T16:16:28Z,23a7bba69fdb3d4bcfc7b30f6155e5f6f1f35a52,7344,size_in_bytes,lib/ocaml/compiler-libs/flambda2_terms__Switch_expr.cmsi,15514
2026-10-05T16:16:28Z,23a7bba69fdb3d4bcfc7b30f6155e5f6f1f35a52,7344,size_in_bytes,lib/ocaml/compiler-libs/flambda2_nominal__Name_occurrences.cmsi,30529
2026-10-05T16:16:28Z,23a7bba69fdb3d4bcfc7b30f6155e5f6f1f35a52,7344,size_in_bytes,lib/ocaml/compiler-libs/flambda2_from_lambda__Lambda_to_flambda_primitives_helpers.cmsi,20002
2026-10-05T16:16:28Z,23a7bba69fdb3d4bcfc7b30f6155e5f6f1f35a52,7344,size_in_bytes,lib/ocaml/compiler-libs/flambda2_term_basics__Unit.cmsi,11661
2026-10-05T16:16:28Z,23a7bba69fdb3d4bcfc7b30f6155e5f6f1f35a52,7344,size_in_bytes,lib/ocaml/compiler-libs/flambda2_term_basics__Scope.cmsi,12468
2026-10-05T16:16:28Z,23a7bba69fdb3d4bcfc7b30f6155e5f6f1f35a52,7344,size_in_bytes,lib/ocaml/compiler-libs/flambda2_terms__Function_declarations.cmsi,15161
2026-10-05T16:16:28Z,23a7bba69fdb3d4bcfc7b30f6155e5f6f1f35a52,7344,size_in_bytes,lib/ocaml/compiler-libs/flambda2_to_jsir__To_jsir_shared.cmsi,19760
2026-10-05T16:16:28Z,23a7bba69fdb3d4bcfc7b30f6155e5f6f1f35a52,7344,size_in_bytes,lib/ocaml/compiler-libs/flambda2_term_basics__Value_slot_set.cmsi,11958
2026-10-05T16:16:28Z,23a7bba69fdb3d4bcfc7b30f6155e5f6f1f35a52,7344,size_in_bytes,lib/ocaml/compiler-libs/flambda2_nominal__Ids_for_export.cmsi,15840
2026-10-05T16:16:28Z,23a7bba69fdb3d4bcfc7b30f6155e5f6f1f35a52,7344,size_in_bytes,lib/ocaml/compiler-libs/flambda2_identifiers__Continuation_callsite_map.cmsi,13403
2026-10-05T16:16:28Z,23a7bba69fdb3d4bcfc7b30f6155e5f6f1f35a52,7344,size_in_bytes,lib/ocaml/compiler-libs/flambda2_simplify__Comparison_result.cmsi,12154
2026-10-05T16:16:28Z,23a7bba69fdb3d4bcfc7b30f6155e5f6f1f35a52,7344,size_in_bytes,lib/ocaml/compiler-libs/flambda2_terms__Code0.cmsi,15023
2026-10-05T16:16:28Z,23a7bba69fdb3d4bcfc7b30f6155e5f6f1f35a52,7344,size_in_bytes,lib/ocaml/compiler-libs/flambda2_simplify__Flow_analysis.cmsi,15121
2026-10-05T16:16:28Z,23a7bba69fdb3d4bcfc7b30f6155e5f6f1f35a52,7344,size_in_bytes,lib/ocaml/compiler-libs/flambda2_simplify__Data_flow_graph.cmsi,13230
2026-10-05T16:16:28Z,23a7bba69fdb3d4bcfc7b30f6155e5f6f1f35a52,7344,size_in_bytes,lib/ocaml/compiler-libs/flambda2_bound_identifiers__Bound_var.cmsi,12920
2026-10-05T16:16:28Z,23a7bba69fdb3d4bcfc7b30f6155e5f6f1f35a52,7344,size_in_bytes,lib/ocaml/compiler-libs/flambda2_identifiers__Code_id_or_name.cmsi,11458
2026-10-05T16:16:28Z,23a7bba69fdb3d4bcfc7b30f6155e5f6f1f35a52,7344,size_in_bytes,lib/ocaml/compiler-libs/flambda2_simplify__Simplify_binary_primitive.cmsi,12664
2026-10-05T16:16:28Z,23a7bba69fdb3d4bcfc7b30f6155e5f6f1f35a52,7344,size_in_bytes,lib/ocaml/compiler-libs/flambda2_nominal__Permutation.cmsi,12787
2026-10-05T16:16:28Z,23a7bba69fdb3d4bcfc7b30f6155e5f6f1f35a52,7344,size_in_bytes,lib/ocaml/compiler-libs/flambda2_simplify_shared__Exported_offsets.cmsi,18352
2026-10-05T16:16:28Z,23a7bba69fdb3d4bcfc7b30f6155e5f6f1f35a52,7344,size_in_bytes,lib/ocaml/compiler-libs/flambda2_identifiers__Value_slot.cmsi,12614
2026-10-05T16:16:28Z,23a7bba69fdb3d4bcfc7b30f6155e5f6f1f35a52,7344,size_in_bytes,lib/ocaml/compiler-libs/flambda2_classic_mode_types__Value_approximation.cmsi,13647
2026-10-05T16:16:28Z,23a7bba69fdb3d4bcfc7b30f6155e5f6f1f35a52,7344,size_in_bytes,lib/ocaml/compiler-libs/flambda2_simplify__Rebuilt_expr.cmsi,22629
2026-10-05T16:16:28Z,23a7bba69fdb3d4bcfc7b30f6155e5f6f1f35a52,7344,size_in_bytes,lib/ocaml/compiler-libs/flambda2_reaper__Slot_offsets_analysis.cmsi,12798
2026-10-05T16:16:28Z,23a7bba69fdb3d4bcfc7b30f6155e5f6f1f35a52,7344,size_in_bytes,lib/ocaml/compiler-libs/flambda2_identifiers__Reg_width_const.cmsi,15654
2026-10-05T16:16:28Z,23a7bba69fdb3d4bcfc7b30f6155e5f6f1f35a52,7344,size_in_bytes,lib/ocaml/compiler-libs/flambda2_numbers__Vector_types.cmsi,14959
2026-10-05T16:16:28Z,23a7bba69fdb3d4bcfc7b30f6155e5f6f1f35a52,7344,size_in_bytes,lib/ocaml/compiler-libs/flambda2_terms__Function_decl_inlining_decision_type.cmsi,14339
2026-10-05T16:16:28Z,23a7bba69fdb3d4bcfc7b30f6155e5f6f1f35a52,7344,size_in_bytes,lib/ocaml/compiler-libs/flambda2_types__Typing_env_level.cmsi,17175
2026-10-05T16:16:28Z,23a7bba69fdb3d4bcfc7b30f6155e5f6f1f35a52,7344,size_in_bytes,lib/ocaml/compiler-libs/flambda2_simplify__Flow_acc.cmsi,23000
2026-10-05T16:16:28Z,23a7bba69fdb3d4bcfc7b30f6155e5f6f1f35a52,7344,size_in_bytes,lib/ocaml/compiler-libs/flambda2_simplify__Simplify_apply_cont_expr.cmsi,11664
2026-10-05T16:16:28Z,23a7bba69fdb3d4bcfc7b30f6155e5f6f1f35a52,7344,size_in_bytes,lib/ocaml/compiler-libs/flambda2_simplify__Simplify_coercion.cmsi,11650
2026-10-05T16:16:28Z,23a7bba69fdb3d4bcfc7b30f6155e5f6f1f35a52,7344,size_in_bytes,lib/ocaml/compiler-libs/flambda2_simplify__Upwards_acc.cmsi,22390
2026-10-05T16:16:28Z,23a7bba69fdb3d4bcfc7b30f6155e5f6f1f35a52,7344,size_in_bytes,lib/ocaml/compiler-libs/flambda2_algorithms__Table_by_int_id.cmsi,12989
2026-10-05T16:16:28Z,23a7bba69fdb3d4bcfc7b30f6155e5f6f1f35a52,7344,size_in_bytes,lib/ocaml/compiler-libs/flambda2_simplify_shared__Slot_offsets.cmsi,22143
2026-10-05T16:16:28Z,23a7bba69fdb3d4bcfc7b30f6155e5f6f1f35a52,7344,size_in_bytes,lib/ocaml/compiler-libs/flambda2_types__Type_grammar.cmsi,113709
2026-10-05T16:16:28Z,23a7bba69fdb3d4bcfc7b30f6155e5f6f1f35a52,7344,size_in_bytes,lib/ocaml/compiler-libs/flambda2_to_cmm__To_cmm_set_of_closures.cmsi,15775
2026-10-05T16:16:28Z,23a7bba69fdb3d4bcfc7b30f6155e5f6f1f35a52,7344,size_in_bytes,lib/ocaml/compiler-libs/flambda2_terms__Code_or_metadata.cmsi,15533
2026-10-05T16:16:28Z,23a7bba69fdb3d4bcfc7b30f6155e5f6f1f35a52,7344,size_in_bytes,lib/ocaml/compiler-libs/flambda2_simplify__Upwards_env.cmsi,18171
2026-10-05T16:16:28Z,23a7bba69fdb3d4bcfc7b30f6155e5f6f1f35a52,7344,size_in_bytes,lib/ocaml/compiler-libs/flambda2_simplify__Simplify_variadic_primitive.cmsi,12540
2026-10-05T16:16:28Z,23a7bba69fdb3d4bcfc7b30f6155e5f6f1f35a52,7344,size_in_bytes,lib/ocaml/compiler-libs/flambda2_simplify__Inlining_transforms.cmsi,12047
2026-10-05T16:16:28Z,23a7bba69fdb3d4bcfc7b30f6155e5f6f1f35a52,7344,size_in_bytes,lib/ocaml/compiler-libs/flambda2_simplify__Is_unboxing_beneficial.cmsi,11712
2026-10-05T16:16:28Z,23a7bba69fdb3d4bcfc7b30f6155e5f6f1f35a52,7344,size_in_bytes,lib/ocaml/compiler-libs/flambda2_to_cmm__To_cmm_expr.cmsi,12111
2026-10-05T16:16:28Z,23a7bba69fdb3d4bcfc7b30f6155e5f6f1f35a52,7344,size_in_bytes,lib/ocaml/compiler-libs/flambda2_simplify__Loopify_state.cmsi,11772
2026-10-05T16:16:28Z,23a7bba69fdb3d4bcfc7b30f6155e5f6f1f35a52,7344,size_in_bytes,lib/ocaml/compiler-libs/flambda2_types__Equal_types_for_debug.cmsi,14593
2026-10-05T16:16:28Z,23a7bba69fdb3d4bcfc7b30f6155e5f6f1f35a52,7344,size_in_bytes,lib/ocaml/compiler-libs/flambda2_to_cmm__To_cmm_effects.cmsi,18338
2026-10-05T16:16:28Z,23a7bba69fdb3d4bcfc7b30f6155e5f6f1f35a52,7344,size_in_bytes,lib/ocaml/compiler-libs/flambda2_types__Typing_env.cmsi,30510
2026-10-05T16:16:28Z,23a7bba69fdb3d4bcfc7b30f6155e5f6f1f35a52,7344,size_in_bytes,lib/ocaml/compiler-libs/flambda2_from_lambda__Lambda_to_flambda_primitives.cmsi,13470
2026-10-05T16:16:28Z,23a7bba69fdb3d4bcfc7b30f6155e5f6f1f35a52,7344,size_in_bytes,lib/ocaml/compiler-libs/flambda2_bound_identifiers__Bound_continuations.cmsi,11991
2026-10-05T16:16:28Z,23a7bba69fdb3d4bcfc7b30f6155e5f6f1f35a52,7344,size_in_bytes,lib/ocaml/compiler-libs/flambda2_identifiers__Slot.cmsi,13252
2026-10-05T16:16:28Z,23a7bba69fdb3d4bcfc7b30f6155e5f6f1f35a52,7344,size_in_bytes,lib/ocaml/compiler-libs/flambda2_simplify__Simplify_rec_info_expr.cmsi,13561
2026-10-05T16:16:28Z,23a7bba69fdb3d4bcfc7b30f6155e5f6f1f35a52,7344,size_in_bytes,lib/ocaml/compiler-libs/flambda2_nominal__Renaming.cmsi,18637
2026-10-05T16:16:28Z,23a7bba69fdb3d4bcfc7b30f6155e5f6f1f35a52,7344,size_in_bytes,lib/ocaml/compiler-libs/flambda2_simplify__Number_adjuncts.cmsi,24634
2026-10-05T16:16:28Z,23a7bba69fdb3d4bcfc7b30f6155e5f6f1f35a52,7344,size_in_bytes,lib/ocaml/compiler-libs/flambda2_reaper__Rev_expr.cmsi,17431
2026-10-05T16:16:28Z,23a7bba69fdb3d4bcfc7b30f6155e5f6f1f35a52,7344,size_in_bytes,lib/ocaml/compiler-libs/flambda2_reaper__Global_flow_graph.cmsi,24205
2026-10-05T16:16:28Z,23a7bba69fdb3d4bcfc7b30f6155e5f6f1f35a52,7344,size_in_bytes,lib/ocaml/compiler-libs/flambda2_numbers__Targetint_32_64.cmsi,32138
2026-10-05T16:16:28Z,23a7bba69fdb3d4bcfc7b30f6155e5f6f1f35a52,7344,size_in_bytes,lib/ocaml/compiler-libs/flambda2_simplify__Simplify_named_result.cmsi,12990
2026-10-05T16:16:28Z,23a7bba69fdb3d4bcfc7b30f6155e5f6f1f35a52,7344,size_in_bytes,lib/ocaml/compiler-libs/flambda2_simplify__Downwards_acc.cmsi,27764
2026-10-05T16:16:28Z,23a7bba69fdb3d4bcfc7b30f6155e5f6f1f35a52,7344,size_in_bytes,lib/ocaml/compiler-libs/flambda2_identifiers__Name.cmsi,13972
2026-10-05T16:16:28Z,23a7bba69fdb3d4bcfc7b30f6155e5f6f1f35a52,7344,size_in_bytes,lib/ocaml/compiler-libs/flambda2_terms__Flambda_primitive.cmsi,90679
2026-10-05T16:16:28Z,23a7bba69fdb3d4bcfc7b30f6155e5f6f1f35a52,7344,size_in_bytes,lib/ocaml/compiler-libs/flambda2_simplify__Simplify_extcall.cmsi,12707
2026-10-05T16:16:28Z,23a7bba69fdb3d4bcfc7b30f6155e5f6f1f35a52,7344,size_in_bytes,lib/ocaml/compiler-libs/flambda2_datalog__Column.cmsi,14965
2026-10-05T16:16:28Z,23a7bba69fdb3d4bcfc7b30f6155e5f6f1f35a52,7344,size_in_bytes,lib/ocaml/compiler-libs/flambda2_parser__Parse_flambda.cmsi,10803
2026-10-05T16:16:28Z,23a7bba69fdb3d4bcfc7b30f6155e5f6f1f35a52,7344,size_in_bytes,lib/ocaml/compiler-libs/flambda2_simplify__Optimistic_unboxing_decision.cmsi,12929
2026-10-05T16:16:28Z,23a7bba69fdb3d4bcfc7b30f6155e5f6f1f35a52,7344,size_in_bytes,lib/ocaml/compiler-libs/flambda2_bound_identifiers__Bound_pattern.cmsi,15355
2026-10-05T16:16:28Z,23a7bba69fdb3d4bcfc7b30f6155e5f6f1f35a52,7344,size_in_bytes,lib/ocaml/compiler-libs/flambda2_kinds__Tag.cmsi,16864
2026-10-05T16:16:28Z,23a7bba69fdb3d4bcfc7b30f6155e5f6f1f35a52,7344,size_in_bytes,lib/ocaml/compiler-libs/flambda2_simplify__Original_handlers.cmsi,13546
2026-10-05T16:16:28Z,23a7bba69fdb3d4bcfc7b30f6155e5f6f1f35a52,7344,size_in_bytes,lib/ocaml/compiler-libs/flambda2_types__Meet_and_n_way_join.cmsi,13063
2026-10-05T16:16:28Z,23a7bba69fdb3d4bcfc7b30f6155e5f6f1f35a52,7344,size_in_bytes,lib/ocaml/compiler-libs/flambda2_reaper__Cofield.cmsi,11720
2026-10-05T16:16:28Z,23a7bba69fdb3d4bcfc7b30f6155e5f6f1f35a52,7344,size_in_bytes,lib/ocaml/compiler-libs/flambda2_simplify__Simplify_common.cmsi,26673
2026-10-05T16:16:28Z,23a7bba69fdb3d4bcfc7b30f6155e5f6f1f35a52,7344,size_in_bytes,lib/ocaml/compiler-libs/flambda2_term_basics__Inlined_debuginfo.cmsi,24286
2026-10-05T16:16:28Z,23a7bba69fdb3d4bcfc7b30f6155e5f6f1f35a52,7344,size_in_bytes,lib/ocaml/compiler-libs/flambda2_datalog__Bytecode.cmsi,18422
2026-10-05T16:16:28Z,23a7bba69fdb3d4bcfc7b30f6155e5f6f1f35a52,7344,size_in_bytes,lib/ocaml/compiler-libs/flambda2_to_jsir__To_jsir_env.cmsi,31511
2026-10-05T16:16:28Z,23a7bba69fdb3d4bcfc7b30f6155e5f6f1f35a52,7344,size_in_bytes,lib/ocaml/compiler-libs/flambda2_to_cmm__To_cmm_result.cmsi,18671
2026-10-05T16:16:28Z,23a7bba69fdb3d4bcfc7b30f6155e5f6f1f35a52,7344,size_in_bytes,lib/ocaml/compiler-libs/flambda2_simplify__Replay_history.cmsi,20845
2026-10-05T16:16:28Z,23a7bba69fdb3d4bcfc7b30f6155e5f6f1f35a52,7344,size_in_bytes,lib/ocaml/compiler-libs/flambda2_terms__Validity.cmsi,17463
2026-10-05T16:16:28Z,23a7bba69fdb3d4bcfc7b30f6155e5f6f1f35a52,7344,size_in_bytes,lib/ocaml/compiler-libs/flambda2_compare__Compare.cmsi,11212
2026-10-05T16:16:28Z,23a7bba69fdb3d4bcfc7b30f6155e5f6f1f35a52,7344,size_in_bytes,lib/ocaml/compiler-libs/flambda2_terms__Code_metadata.cmsi,23830
2026-10-05T16:16:28Z,23a7bba69fdb3d4bcfc7b30f6155e5f6f1f35a52,7344,size_in_bytes,lib/ocaml/compiler-libs/flambda2_terms__Flambda_unit.cmsi,13433
2026-10-05T16:16:28Z,23a7bba69fdb3d4bcfc7b30f6155e5f6f1f35a52,7344,size_in_bytes,lib/ocaml/compiler-libs/flambda2_simplify__Dominator_graph.cmsi,15169
2026-10-05T16:16:28Z,23a7bba69fdb3d4bcfc7b30f6155e5f6f1f35a52,7344,size_in_bytes,lib/ocaml/compiler-libs/flambda2_simplify__Continuation_shortcut.cmsi,12867
2026-10-05T16:16:28Z,23a7bba69fdb3d4bcfc7b30f6155e5f6f1f35a52,7344,size_in_bytes,lib/ocaml/compiler-libs/flambda2_terms__Exn_continuation.cmsi,14778
2026-10-05T16:16:28Z,23a7bba69fdb3d4bcfc7b30f6155e5f6f1f35a52,7344,size_in_bytes,lib/ocaml/compiler-libs/flambda2_simplify_shared__Are_rebuilding_terms.cmsi,12354
2026-10-05T16:16:28Z,23a7bba69fdb3d4bcfc7b30f6155e5f6f1f35a52,7344,size_in_bytes,lib/ocaml/compiler-libs/flambda2_term_basics__Empty_array_kind.cmsi,12830
2026-10-05T16:16:28Z,23a7bba69fdb3d4bcfc7b30f6155e5f6f1f35a52,7344,size_in_bytes,lib/ocaml/compiler-libs/flambda2_types__Expand_head.cmsi,28401
2026-10-05T16:16:28Z,23a7bba69fdb3d4bcfc7b30f6155e5f6f1f35a52,7344,size_in_bytes,lib/ocaml/compiler-libs/flambda2_identifiers__Apply_cont_rewrite_id.cmsi,11421
2026-10-05T16:16:28Z,23a7bba69fdb3d4bcfc7b30f6155e5f6f1f35a52,7344,size_in_bytes,lib/ocaml/compiler-libs/flambda2_simplify__Expr_builder.cmsi,25137
2026-10-05T16:16:28Z,23a7bba69fdb3d4bcfc7b30f6155e5f6f1f35a52,7344,size_in_bytes,lib/ocaml/compiler-libs/flambda2_types__Set_of_closures_contents.cmsi,14529
2026-10-05T16:16:28Z,23a7bba69fdb3d4bcfc7b30f6155e5f6f1f35a52,7344,size_in_bytes,lib/ocaml/compiler-libs/flambda2_reaper__Traverse_acc.cmsi,39358
2026-10-05T16:16:28Z,23a7bba69fdb3d4bcfc7b30f6155e5f6f1f35a52,7344,size_in_bytes,lib/ocaml/compiler-libs/flambda2_bound_identifiers__Bound_for_function.cmsi,14081
2026-10-05T16:16:28Z,23a7bba69fdb3d4bcfc7b30f6155e5f6f1f35a52,7344,size_in_bytes,lib/ocaml/compiler-libs/flambda2_cmx__Flambda_cmx.cmsi,15356
2026-10-05T16:16:28Z,23a7bba69fdb3d4bcfc7b30f6155e5f6f1f35a52,7344,size_in_bytes,lib/ocaml/compiler-libs/flambda2_types__Code_age_relation.cmsi,15147
2026-10-05T16:16:28Z,23a7bba69fdb3d4bcfc7b30f6155e5f6f1f35a52,7344,size_in_bytes,lib/ocaml/compiler-libs/flambda2_simplify__Simplify_set_of_closures_context.cmsi,16040
2026-10-05T16:16:28Z,23a7bba69fdb3d4bcfc7b30f6155e5f6f1f35a52,7344,size_in_bytes,lib/ocaml/compiler-libs/flambda2_simplify__Simplify_named.cmsi,12574
2026-10-05T16:16:28Z,23a7bba69fdb3d4bcfc7b30f6155e5f6f1f35a52,7344,size_in_bytes,lib/ocaml/compiler-libs/flambda2_simplify__Simplify_let_expr.cmsi,11951
2026-10-05T16:16:28Z,23a7bba69fdb3d4bcfc7b30f6155e5f6f1f35a52,7344,size_in_bytes,lib/ocaml/compiler-libs/flambda2_to_cmm__To_cmm.cmsi,11862
2026-10-05T16:16:28Z,23a7bba69fdb3d4bcfc7b30f6155e5f6f1f35a52,7344,size_in_bytes,lib/ocaml/compiler-libs/flambda2_types__Meet_and_join.cmsi,13110
2026-10-05T16:16:28Z,23a7bba69fdb3d4bcfc7b30f6155e5f6f1f35a52,7344,size_in_bytes,lib/ocaml/compiler-libs/flambda2_parser__Fexpr_prim_descr.cmsi,33484
2026-10-05T16:16:28Z,23a7bba69fdb3d4bcfc7b30f6155e5f6f1f35a52,7344,size_in_bytes,lib/ocaml/compiler-libs/flambda2_terms__Poll_attribute.cmsi,11879
2026-10-05T16:16:28Z,23a7bba69fdb3d4bcfc7b30f6155e5f6f1f35a52,7344,size_in_bytes,lib/ocaml/compiler-libs/flambda2_term_basics__Continuation_use_kind.cmsi,11337
2026-10-05T16:16:28Z,23a7bba69fdb3d4bcfc7b30f6155e5f6f1f35a52,7344,size_in_bytes,lib/ocaml/compiler-libs/flambda2_terms__Inlining_arguments.cmsi,13916
2026-10-05T16:16:28Z,23a7bba69fdb3d4bcfc7b30f6155e5f6f1f35a52,7344,size_in_bytes,lib/ocaml/compiler-libs/flambda2_datalog__Trie.cmsi,15234
2026-10-05T16:16:28Z,23a7bba69fdb3d4bcfc7b30f6155e5f6f1f35a52,7344,size_in_bytes,lib/ocaml/compiler-libs/flambda2_term_basics__Rec_info_expr.cmsi,12088
2026-10-05T16:16:28Z,23a7bba69fdb3d4bcfc7b30f6155e5f6f1f35a52,7344,size_in_bytes,lib/ocaml/compiler-libs/flambda2_simplify__Named_rewrite.cmsi,13819
2026-10-05T16:16:28Z,23a7bba69fdb3d4bcfc7b30f6155e5f6f1f35a52,7344,size_in_bytes,lib/ocaml/compiler-libs/flambda2_reaper__Rebuilt_expr.cmsi,14935
2026-10-05T16:16:28Z,23a7bba69fdb3d4bcfc7b30f6155e5f6f1f35a52,7344,size_in_bytes,lib/ocaml/compiler-libs/flambda2_to_jsir__To_jsir_set_of_closures.cmsi,13890
2026-10-05T16:16:28Z,23a7bba69fdb3d4bcfc7b30f6155e5f6f1f35a52,7344,size_in_bytes,lib/ocaml/compiler-libs/flambda2_types__More_type_creators.cmsi,36511
2026-10-05T16:16:28Z,23a7bba69fdb3d4bcfc7b30f6155e5f6f1f35a52,7344,size_in_bytes,lib/ocaml/compiler-libs/flambda2_reaper__Rebuild.cmsi,15142
2026-10-05T16:16:28Z,23a7bba69fdb3d4bcfc7b30f6155e5f6f1f35a52,7344,size_in_bytes,lib/ocaml/compiler-libs/flambda2_simplify__Simplified_named.cmsi,16056
2026-10-05T16:16:28Z,23a7bba69fdb3d4bcfc7b30f6155e5f6f1f35a52,7344,size_in_bytes,lib/ocaml/compiler-libs/flambda2_terms__Result_types.cmsi,12929
2026-10-05T16:16:28Z,23a7bba69fdb3d4bcfc7b30f6155e5f6f1f35a52,7344,size_in_bytes,lib/ocaml/compiler-libs/flambda2_term_basics__Simple.cmsi,21660
2026-10-05T16:16:28Z,23a7bba69fdb3d4bcfc7b30f6155e5f6f1f35a52,7344,size_in_bytes,lib/ocaml/compiler-libs/flambda2_types__Type_descr.cmsi,18050
2026-10-05T16:16:28Z,23a7bba69fdb3d4bcfc7b30f6155e5f6f1f35a52,7344,size_in_bytes,lib/ocaml/compiler-libs/flambda2_term_basics__Or_variable.cmsi,13374
2026-10-05T16:16:28Z,23a7bba69fdb3d4bcfc7b30f6155e5f6f1f35a52,7344,size_in_bytes,lib/ocaml/compiler-libs/flambda2_types__Typing_env_extension.cmsi,17194
2026-10-05T16:16:28Z,23a7bba69fdb3d4bcfc7b30f6155e5f6f1f35a52,7344,size_in_bytes,lib/ocaml/compiler-libs/flambda2_algorithms__Container_types.cmsi,13868
2026-10-05T16:16:28Z,23a7bba69fdb3d4bcfc7b30f6155e5f6f1f35a52,7344,size_in_bytes,lib/ocaml/compiler-libs/flambda2_terms__Apply_cont_expr.cmsi,14876
2026-10-05T16:16:28Z,23a7bba69fdb3d4bcfc7b30f6155e5f6f1f35a52,7344,size_in_bytes,lib/ocaml/compiler-libs/flambda2_terms__First_complex_local_param.cmsi,13120
2026-10-05T16:16:28Z,23a7bba69fdb3d4bcfc7b30f6155e5f6f1f35a52,7344,size_in_bytes,lib/ocaml/compiler-libs/flambda2_simplify__One_continuation_use.cmsi,12976
2026-10-05T16:16:28Z,23a7bba69fdb3d4bcfc7b30f6155e5f6f1f35a52,7344,size_in_bytes,lib/ocaml/compiler-libs/flambda2_simplify_shared__Function_decl_inlining_decision.cmsi,11887
2026-10-05T16:16:28Z,23a7bba69fdb3d4bcfc7b30f6155e5f6f1f35a52,7344,size_in_bytes,lib/ocaml/compiler-libs/flambda2_simplify__Simplify.cmsi,13384
2026-10-05T16:16:28Z,23a7bba69fdb3d4bcfc7b30f6155e5f6f1f35a52,7344,size_in_bytes,lib/ocaml/compiler-libs/flambda2_terms__Regalloc_attribute.cmsi,12104
2026-10-05T16:16:28Z,23a7bba69fdb3d4bcfc7b30f6155e5f6f1f35a52,7344,size_in_bytes,lib/ocaml/compiler-libs/flambda2_types__Join_levels_old.cmsi,12683
2026-10-05T16:16:28Z,23a7bba69fdb3d4bcfc7b30f6155e5f6f1f35a52,7344,size_in_bytes,lib/ocaml/compiler-libs/flambda2_to_cmm__To_cmm_primitive.cmsi,13406
2026-10-05T16:16:28Z,23a7bba69fdb3d4bcfc7b30f6155e5f6f1f35a52,7344,size_in_bytes,lib/ocaml/compiler-libs/flambda2_lattices__Or_unknown_or_bottom.cmsi,12268
2026-10-05T16:16:28Z,23a7bba69fdb3d4bcfc7b30f6155e5f6f1f35a52,7344,size_in_bytes,lib/ocaml/compiler-libs/flambda2_reaper__Reaper.cmsi,12372
2026-10-05T16:16:28Z,23a7bba69fdb3d4bcfc7b30f6155e5f6f1f35a52,7344,size_in_bytes,lib/ocaml/compiler-libs/flambda2_types__Binding_time.cmsi,13359
2026-10-05T16:16:28Z,23a7bba69fdb3d4bcfc7b30f6155e5f6f1f35a52,7344,size_in_bytes,lib/ocaml/compiler-libs/flambda2_terms__Inlined_attribute.cmsi,13481
2026-10-05T16:16:28Z,23a7bba69fdb3d4bcfc7b30f6155e5f6f1f35a52,7344,size_in_bytes,lib/ocaml/compiler-libs/flambda2_from_lambda__Lambda_to_flambda.cmsi,12435
2026-10-05T16:16:28Z,23a7bba69fdb3d4bcfc7b30f6155e5f6f1f35a52,7344,size_in_bytes,lib/ocaml/compiler-libs/flambda2_simplify__Simplify_static_const.cmsi,12482
2026-10-05T16:16:28Z,23a7bba69fdb3d4bcfc7b30f6155e5f6f1f35a52,7344,size_in_bytes,lib/ocaml/compiler-libs/flambda2_terms__Inline_attribute.cmsi,12375
2026-10-05T16:16:28Z,23a7bba69fdb3d4bcfc7b30f6155e5f6f1f35a52,7344,size_in_bytes,lib/ocaml/compiler-libs/flambda2_algorithms__Or_null.cmsi,12560
2026-10-05T16:16:28Z,23a7bba69fdb3d4bcfc7b30f6155e5f6f1f35a52,7344,size_in_bytes,lib/ocaml/compiler-libs/flambda2_simplify__Simplify_switch_expr.cmsi,11648
2026-10-05T16:16:28Z,23a7bba69fdb3d4bcfc7b30f6155e5f6f1f35a52,7344,size_in_bytes,lib/ocaml/compiler-libs/flambda2_simplify_shared__Inlining_report.cmsi,19691
2026-10-05T16:16:28Z,23a7bba69fdb3d4bcfc7b30f6155e5f6f1f35a52,7344,size_in_bytes,lib/ocaml/compiler-libs/flambda2_ui__Flambda_features.cmsi,18962
2026-10-05T16:16:28Z,23a7bba69fdb3d4bcfc7b30f6155e5f6f1f35a52,7344,size_in_bytes,lib/ocaml/compiler-libs/flambda2_terms__Inlining_state.cmsi,13293
2026-10-05T16:16:28Z,23a7bba69fdb3d4bcfc7b30f6155e5f6f1f35a52,7344,size_in_bytes,lib/ocaml/compiler-libs/flambda2_kinds__Flambda_arity.cmsi,21401
2026-10-05T16:16:28Z,23a7bba69fdb3d4bcfc7b30f6155e5f6f1f35a52,7344,size_in_bytes,lib/ocaml/compiler-libs/flambda2_ui__Flambda_colours.cmsi,15624
2026-10-05T16:16:28Z,23a7bba69fdb3d4bcfc7b30f6155e5f6f1f35a52,7344,size_in_bytes,lib/ocaml/compiler-libs/flambda2_simplify__Non_recursive_handler.cmsi,13235
2026-10-05T16:16:28Z,23a7bba69fdb3d4bcfc7b30f6155e5f6f1f35a52,7344,size_in_bytes,lib/ocaml/compiler-libs/flambda2_simplify__Lifted_constant.cmsi,21661
2026-10-05T16:16:28Z,23a7bba69fdb3d4bcfc7b30f6155e5f6f1f35a52,7344,size_in_bytes,lib/ocaml/compiler-libs/flambda2_numbers__Numeric_types.cmsi,20683
2026-10-05T16:16:28Z,23a7bba69fdb3d4bcfc7b30f6155e5f6f1f35a52,7344,size_in_bytes,lib/ocaml/compiler-libs/flambda2_terms__Cost_metrics.cmsi,13864
2026-10-05T16:16:28Z,23a7bba69fdb3d4bcfc7b30f6155e5f6f1f35a52,7344,size_in_bytes,lib/ocaml/compiler-libs/flambda2_simplify__Simplify_import.cmsi,17178
2026-10-05T16:16:28Z,23a7bba69fdb3d4bcfc7b30f6155e5f6f1f35a52,7344,size_in_bytes,lib/ocaml/compiler-libs/flambda2_algorithms__Patricia_tree.cmsi,12185
2026-10-05T16:16:28Z,23a7bba69fdb3d4bcfc7b30f6155e5f6f1f35a52,7344,size_in_bytes,lib/ocaml/compiler-libs/flambda2_to_jsir__To_jsir_static_const.cmsi,15634
2026-10-05T16:16:28Z,23a7bba69fdb3d4bcfc7b30f6155e5f6f1f35a52,7344,size_in_bytes,lib/ocaml/compiler-libs/flambda2_bound_identifiers__Bound_parameters.cmsi,14492
2026-10-05T16:16:28Z,23a7bba69fdb3d4bcfc7b30f6155e5f6f1f35a52,7344,size_in_bytes,lib/ocaml/compiler-libs/flambda2_terms__Coeffects.cmsi,13779
2026-10-05T16:16:28Z,23a7bba69fdb3d4bcfc7b30f6155e5f6f1f35a52,7344,size_in_bytes,lib/ocaml/compiler-libs/flambda2_types__Provers.cmsi,46119
2026-10-05T16:16:28Z,23a7bba69fdb3d4bcfc7b30f6155e5f6f1f35a52,7344,size_in_bytes,lib/ocaml/compiler-libs/flambda2_terms__Effects.cmsi,16496
2026-10-05T16:16:28Z,23a7bba69fdb3d4bcfc7b30f6155e5f6f1f35a52,7344,size_in_bytes,lib/ocaml/compiler-libs/flambda2_simplify__Simplify_nullary_primitive.cmsi,12175
2026-10-05T16:16:28Z,23a7bba69fdb3d4bcfc7b30f6155e5f6f1f35a52,7344,size_in_bytes,lib/ocaml/compiler-libs/flambda2_types__Join_env.cmsi,17304
2026-10-05T16:16:28Z,23a7bba69fdb3d4bcfc7b30f6155e5f6f1f35a52,7344,size_in_bytes,lib/ocaml/compiler-libs/flambda2_identifiers__Coercion0.cmsi,14878
2026-10-05T16:16:28Z,23a7bba69fdb3d4bcfc7b30f6155e5f6f1f35a52,7344,size_in_bytes,lib/ocaml/compiler-libs/flambda2_types__Reify.cmsi,18706
2026-10-05T16:16:28Z,23a7bba69fdb3d4bcfc7b30f6155e5f6f1f35a52,7344,size_in_bytes,lib/ocaml/compiler-libs/flambda2_parser__Flambda_to_fexpr.cmsi,10022
2026-10-05T16:16:28Z,23a7bba69fdb3d4bcfc7b30f6155e5f6f1f35a52,7344,size_in_bytes,lib/ocaml/compiler-libs/flambda2_kinds__Flambda_kind.cmsi,36347
2026-10-05T16:16:28Z,23a7bba69fdb3d4bcfc7b30f6155e5f6f1f35a52,7344,size_in_bytes,lib/ocaml/compiler-libs/flambda2_simplify__Are_lifting_conts.cmsi,15550
2026-10-05T16:16:28Z,23a7bba69fdb3d4bcfc7b30f6155e5f6f1f35a52,7344,size_in_bytes,lib/ocaml/compiler-libs/flambda2_datalog__Lang.cmsi,16907
2026-10-05T16:16:28Z,23a7bba69fdb3d4bcfc7b30f6155e5f6f1f35a52,7344,size_in_bytes,lib/ocaml/compiler-libs/flambda2_from_lambda__Lambda_to_flambda_env.cmsi,27729
2026-10-05T16:16:28Z,23a7bba69fdb3d4bcfc7b30f6155e5f6f1f35a52,7344,size_in_bytes,lib/ocaml/compiler-libs/flambda2_simplify__Apply_cont_rewrite.cmsi,15565
2026-10-05T16:16:28Z,23a7bba69fdb3d4bcfc7b30f6155e5f6f1f35a52,7344,size_in_bytes,lib/ocaml/compiler-libs/flambda2_terms__Apply_expr.cmsi,22419
2026-10-05T16:16:28Z,23a7bba69fdb3d4bcfc7b30f6155e5f6f1f35a52,7344,size_in_bytes,lib/ocaml/compiler-libs/flambda2_to_cmm__To_cmm_shared.cmsi,30963
2026-10-05T16:16:28Z,23a7bba69fdb3d4bcfc7b30f6155e5f6f1f35a52,7344,size_in_bytes,lib/ocaml/compiler-libs/flambda2_datalog__Cursor.cmsi,19005
2026-10-05T16:16:28Z,23a7bba69fdb3d4bcfc7b30f6155e5f6f1f35a52,7344,size_in_bytes,lib/ocaml/compiler-libs/flambda2_bound_identifiers__Bound_name.cmsi,12713
2026-10-05T16:16:28Z,23a7bba69fdb3d4bcfc7b30f6155e5f6f1f35a52,7344,size_in_bytes,lib/ocaml/compiler-libs/flambda2_simplify__Unboxing_types.cmsi,19983
2026-10-05T16:16:28Z,23a7bba69fdb3d4bcfc7b30f6155e5f6f1f35a52,7344,size_in_bytes,lib/ocaml/compiler-libs/flambda2_parser__Fexpr_to_flambda.cmsi,10575
2026-10-05T16:16:28Z,23a7bba69fdb3d4bcfc7b30f6155e5f6f1f35a52,7344,size_in_bytes,lib/ocaml/compiler-libs/flambda2_nominal__Num_occurrences.cmsi,11422
2026-10-05T16:16:28Z,23a7bba69fdb3d4bcfc7b30f6155e5f6f1f35a52,7344,size_in_bytes,lib/ocaml/compiler-libs/flambda2_simplify__Lifted_cont_params.cmsi,17988
2026-10-05T16:16:28Z,23a7bba69fdb3d4bcfc7b30f6155e5f6f1f35a52,7344,size_in_bytes,lib/ocaml/compiler-libs/flambda2_to_jsir__To_jsir_result.cmsi,20882
2026-10-05T16:16:28Z,23a7bba69fdb3d4bcfc7b30f6155e5f6f1f35a52,7344,size_in_bytes,lib/ocaml/compiler-libs/flambda2_simplify__Call_site_inlining_decision.cmsi,12774
2026-10-05T16:16:28Z,23a7bba69fdb3d4bcfc7b30f6155e5f6f1f35a52,7344,size_in_bytes,lib/ocaml/compiler-libs/flambda2_from_lambda__Lambda_to_lambda_transforms.cmsi,14666
2026-10-05T16:16:28Z,23a7bba69fdb3d4bcfc7b30f6155e5f6f1f35a52,7344,size_in_bytes,lib/ocaml/compiler-libs/flambda2_simplify_shared__Inlining_helpers.cmsi,15078
2026-10-05T16:16:28Z,23a7bba69fdb3d4bcfc7b30f6155e5f6f1f35a52,7344,size_in_bytes,lib/ocaml/compiler-libs/flambda2_simplify__Simplify_unary_primitive.cmsi,12494
2026-10-05T16:16:28Z,23a7bba69fdb3d4bcfc7b30f6155e5f6f1f35a52,7344,size_in_bytes,lib/ocaml/compiler-libs/flambda2_simplify__Simplify_expr.cmsi,15263
2026-10-05T16:16:28Z,23a7bba69fdb3d4bcfc7b30f6155e5f6f1f35a52,7344,size_in_bytes,lib/ocaml/compiler-libs/flambda2_types__Meet.cmsi,12377
2026-10-05T16:16:28Z,23a7bba69fdb3d4bcfc7b30f6155e5f6f1f35a52,7344,size_in_bytes,lib/ocaml/compiler-libs/flambda2_simplify__Simplify_ternary_primitive.cmsi,12838
2026-10-05T16:16:28Z,23a7bba69fdb3d4bcfc7b30f6155e5f6f1f35a52,7344,size_in_bytes,lib/ocaml/compiler-libs/flambda2_simplify__Flow.cmsi,23169
2026-10-05T16:16:28Z,23a7bba69fdb3d4bcfc7b30f6155e5f6f1f35a52,7344,size_in_bytes,lib/ocaml/compiler-libs/flambda2_simplify__Mutable_unboxing.cmsi,12959
2026-10-05T16:16:28Z,23a7bba69fdb3d4bcfc7b30f6155e5f6f1f35a52,7344,size_in_bytes,lib/ocaml/compiler-libs/flambda2_nominal__Name_mode.cmsi,15568
2026-10-05T16:16:28Z,23a7bba69fdb3d4bcfc7b30f6155e5f6f1f35a52,7344,size_in_bytes,lib/ocaml/compiler-libs/flambda2_simplify__Flow_types.cmsi,28579
2026-10-05T16:16:28Z,23a7bba69fdb3d4bcfc7b30f6155e5f6f1f35a52,7344,size_in_bytes,lib/ocaml/compiler-libs/flambda2_numbers__One_bit_fewer.cmsi,15250
2026-10-05T16:16:28Z,23a7bba69fdb3d4bcfc7b30f6155e5f6f1f35a52,7344,size_in_bytes,lib/ocaml/compiler-libs/flambda2_term_basics__Or_invalid.cmsi,11819
2026-10-05T16:16:28Z,23a7bba69fdb3d4bcfc7b30f6155e5f6f1f35a52,7344,size_in_bytes,lib/ocaml/compiler-libs/flambda2_simplify__Continuation_uses.cmsi,15642
2026-10-05T16:16:28Z,23a7bba69fdb3d4bcfc7b30f6155e5f6f1f35a52,7344,size_in_bytes,lib/ocaml/compiler-libs/flambda2_terms__Code_size.cmsi,14683
2026-10-05T16:16:28Z,23a7bba69fdb3d4bcfc7b30f6155e5f6f1f35a52,7344,size_in_bytes,lib/ocaml/compiler-libs/flambda2_identifiers__Function_slot.cmsi,12628
2026-10-05T16:16:28Z,23a7bba69fdb3d4bcfc7b30f6155e5f6f1f35a52,7344,size_in_bytes,lib/ocaml/compiler-libs/flambda2_reaper__Datalog_helpers.cmsi,26879
2026-10-05T16:16:28Z,23a7bba69fdb3d4bcfc7b30f6155e5f6f1f35a52,7344,size_in_bytes,lib/ocaml/compiler-libs/flambda2_simplify__One_recursive_handler.cmsi,12378
2026-10-05T16:16:28Z,23a7bba69fdb3d4bcfc7b30f6155e5f6f1f35a52,7344,size_in_bytes,lib/ocaml/compiler-libs/flambda2_simplify__Control_flow_graph.cmsi,15686
2026-10-05T16:16:28Z,23a7bba69fdb3d4bcfc7b30f6155e5f6f1f35a52,7344,size_in_bytes,lib/ocaml/compiler-libs/flambda2_term_basics__Coercion.cmsi,12014
2026-10-05T16:16:28Z,23a7bba69fdb3d4bcfc7b30f6155e5f6f1f35a52,7344,size_in_bytes,lib/ocaml/compiler-libs/flambda2_reaper__Points_to_analysis.cmsi,30556
2026-10-05T16:16:28Z,23a7bba69fdb3d4bcfc7b30f6155e5f6f1f35a52,7344,size_in_bytes,lib/ocaml/compiler-libs/flambda2_parser__Flambda_lex.cmsi,10712
2026-10-05T16:16:28Z,23a7bba69fdb3d4bcfc7b30f6155e5f6f1f35a52,7344,size_in_bytes,lib/ocaml/compiler-libs/flambda2_reaper__Analysis.cmsi,14840
2026-10-05T16:16:28Z,23a7bba69fdb3d4bcfc7b30f6155e5f6f1f35a52,7344,size_in_bytes,lib/ocaml/compiler-libs/flambda2_to_cmm__To_cmm_env.cmsi,46041
2026-10-05T16:16:28Z,23a7bba69fdb3d4bcfc7b30f6155e5f6f1f35a52,7344,size_in_bytes,lib/ocaml/compiler-libs/flambda2_identifiers__Rec_info_expr0.cmsi,16908
2026-10-05T16:16:28Z,23a7bba69fdb3d4bcfc7b30f6155e5f6f1f35a52,7344,size_in_bytes,lib/ocaml/compiler-libs/flambda2_identifiers__Int_ids.cmsi,39303
2026-10-05T16:16:28Z,23a7bba69fdb3d4bcfc7b30f6155e5f6f1f35a52,7344,size_in_bytes,lib/ocaml/compiler-libs/flambda2_reaper__Field.cmsi,18923
2026-10-05T16:16:28Z,23a7bba69fdb3d4bcfc7b30f6155e5f6f1f35a52,7344,size_in_bytes,lib/ocaml/compiler-libs/flambda2_bound_identifiers__Alloc_mode.cmsi,21104
2026-10-05T16:16:28Z,23a7bba69fdb3d4bcfc7b30f6155e5f6f1f35a52,7344,size_in_bytes,lib/ocaml/compiler-libs/flambda2_simplify__Simplify_simple.cmsi,13213
2026-10-05T16:16:28Z,23a7bba69fdb3d4bcfc7b30f6155e5f6f1f35a52,7344,size_in_bytes,lib/ocaml/compiler-libs/flambda2_parser__Flambda_parser.cmsi,17950
2026-10-05T16:16:28Z,23a7bba69fdb3d4bcfc7b30f6155e5f6f1f35a52,7344,size_in_bytes,lib/ocaml/compiler-libs/flambda2_algorithms__Channel.cmsi,13682
2026-10-05T16:16:28Z,23a7bba69fdb3d4bcfc7b30f6155e5f6f1f35a52,7344,size_in_bytes,lib/ocaml/compiler-libs/flambda2_simplify__Simplify_primitive_result.cmsi,15043
2026-10-05T16:16:28Z,23a7bba69fdb3d4bcfc7b30f6155e5f6f1f35a52,7344,size_in_bytes,lib/ocaml/compiler-libs/flambda2_simplify__Simplify_set_of_closures.cmsi,16209
2026-10-05T16:16:28Z,23a7bba69fdb3d4bcfc7b30f6155e5f6f1f35a52,7344,size_in_bytes,lib/ocaml/compiler-libs/flambda2_datalog__Table.cmsi,15563
2026-10-05T16:16:28Z,23a7bba69fdb3d4bcfc7b30f6155e5f6f1f35a52,7344,size_in_bytes,lib/ocaml/compiler-libs/flambda2_simplify__Reification.cmsi,12401
2026-10-05T16:16:28Z,23a7bba69fdb3d4bcfc7b30f6155e5f6f1f35a52,7344,size_in_bytes,lib/ocaml/compiler-libs/flambda2_cmx__Exported_code.cmsi,16368
2026-10-05T16:16:28Z,23a7bba69fdb3d4bcfc7b30f6155e5f6f1f35a52,7344,size_in_bytes,lib/ocaml/compiler-libs/flambda2_simplify__Join_points.cmsi,13165
2026-10-05T16:16:28Z,23a7bba69fdb3d4bcfc7b30f6155e5f6f1f35a52,7344,size_in_bytes,lib/ocaml/compiler-libs/flambda2.cmsi,14884
2026-10-05T16:16:28Z,23a7bba69fdb3d4bcfc7b30f6155e5f6f1f35a52,7344,size_in_bytes,lib/ocaml/compiler-libs/flambda2_algorithms__Lmap.cmsi,20154
2026-10-05T16:16:28Z,23a7bba69fdb3d4bcfc7b30f6155e5f6f1f35a52,7344,size_in_bytes,lib/ocaml/compiler-libs/flambda2_simplify__Continuation_extra_params_and_args.cmsi,16201
2026-10-05T16:16:28Z,23a7bba69fdb3d4bcfc7b30f6155e5f6f1f35a52,7344,size_in_bytes,lib/ocaml/compiler-libs/flambda2_nominal__Name_abstraction.cmsi,16428
2026-10-05T16:16:28Z,23a7bba69fdb3d4bcfc7b30f6155e5f6f1f35a52,7344,size_in_bytes,lib/ocaml/compiler-libs/flambda2_simplify__Build_unboxing_denv.cmsi,12126
2026-10-05T16:16:28Z,23a7bba69fdb3d4bcfc7b30f6155e5f6f1f35a52,7344,size_in_bytes,lib/ocaml/compiler-libs/flambda2_identifiers__Named_rewrite_id.cmsi,11411
2026-10-05T16:16:28Z,23a7bba69fdb3d4bcfc7b30f6155e5f6f1f35a52,7344,size_in_bytes,lib/ocaml/compiler-libs/flambda2_bound_identifiers__Bound_static.cmsi,16542
2026-10-05T16:16:28Z,23a7bba69fdb3d4bcfc7b30f6155e5f6f1f35a52,7344,size_in_bytes,lib/ocaml/compiler-libs/flambda2_simplify__Common_subexpression_elimination.cmsi,15489
2026-10-05T16:16:28Z,23a7bba69fdb3d4bcfc7b30f6155e5f6f1f35a52,7344,size_in_bytes,lib/ocaml/compiler-libs/flambda2_from_lambda__Closure_conversion.cmsi,20983
2026-10-05T16:16:28Z,23a7bba69fdb3d4bcfc7b30f6155e5f6f1f35a52,7344,size_in_bytes,lib/ocaml/compiler-libs/flambda2_types__Aliases.cmsi,25098
2026-10-05T16:16:28Z,23a7bba69fdb3d4bcfc7b30f6155e5f6f1f35a52,7344,size_in_bytes,lib/ocaml/compiler-libs/flambda2_simplify_shared__Call_site_inlining_decision_type.cmsi,14025
2026-10-05T16:16:28Z,23a7bba69fdb3d4bcfc7b30f6155e5f6f1f35a52,7344,size_in_bytes,lib/ocaml/compiler-libs/flambda2_cmx__Flambda_cmx_format.cmsi,14150
2026-10-05T16:16:28Z,23a7bba69fdb3d4bcfc7b30f6155e5f6f1f35a52,7344,size_in_bytes,lib/ocaml/compiler-libs/flambda2_to_cmm__To_cmm_static.cmsi,13114
2026-10-05T16:16:28Z,23a7bba69fdb3d4bcfc7b30f6155e5f6f1f35a52,7344,size_in_bytes,lib/ocaml/compiler-libs/flambda2_simplify__Closure_info.cmsi,13311
2026-10-05T16:16:28Z,23a7bba69fdb3d4bcfc7b30f6155e5f6f1f35a52,7344,size_in_bytes,lib/ocaml/compiler-libs/flambda2_simplify__Unboxing_epa.cmsi,13692
2026-10-05T16:16:28Z,23a7bba69fdb3d4bcfc7b30f6155e5f6f1f35a52,7344,size_in_bytes,lib/ocaml/compiler-libs/flambda2_bound_identifiers__Bound_parameter.cmsi,14662
2026-10-05T16:16:28Z,23a7bba69fdb3d4bcfc7b30f6155e5f6f1f35a52,7344,size_in_bytes,lib/ocaml/compiler-libs/flambda2_term_basics__String_info.cmsi,11371
2026-10-05T16:16:28Z,23a7bba69fdb3d4bcfc7b30f6155e5f6f1f35a52,7344,size_in_bytes,lib/ocaml/compiler-libs/flambda2_datalog__Planner.cmsi,14416
2026-10-05T16:16:28Z,23a7bba69fdb3d4bcfc7b30f6155e5f6f1f35a52,7344,size_in_bytes,lib/ocaml/compiler-libs/flambda2_terms__Mutability.cmsi,13119
2026-10-05T16:16:28Z,23a7bba69fdb3d4bcfc7b30f6155e5f6f1f35a52,7344,size_in_bytes,lib/ocaml/compiler-libs/flambda2_simplify__Lifted_constant_state.cmsi,13467
2026-10-05T16:16:28Z,23a7bba69fdb3d4bcfc7b30f6155e5f6f1f35a52,7344,size_in_bytes,lib/ocaml/compiler-libs/flambda2_terms__Set_of_closures.cmsi,14446
2026-10-05T16:16:28Z,23a7bba69fdb3d4bcfc7b30f6155e5f6f1f35a52,7344,size_in_bytes,lib/ocaml/compiler-libs/flambda2_types__Meet_env.cmsi,24622
2026-10-05T16:16:28Z,23a7bba69fdb3d4bcfc7b30f6155e5f6f1f35a52,7344,size_in_bytes,lib/ocaml/compiler-libs/flambda2_identifiers__Code_id.cmsi,11207
2026-10-05T16:16:28Z,23a7bba69fdb3d4bcfc7b30f6155e5f6f1f35a52,7344,size_in_bytes,lib/ocaml/compiler-libs/flambda2_to_jsir__To_jsir.cmsi,12851
2026-10-05T16:16:28Z,23a7bba69fdb3d4bcfc7b30f6155e5f6f1f35a52,7344,size_in_bytes,lib/ocaml/compiler-libs/flambda2_simplify__Specialization_cost.cmsi,16954
2026-10-05T16:16:28Z,23a7bba69fdb3d4bcfc7b30f6155e5f6f1f35a52,7344,size_in_bytes,lib/ocaml/compiler-libs/flambda2_terms__Flambda.cmsi,69587
2026-10-05T16:16:28Z,23a7bba69fdb3d4bcfc7b30f6155e5f6f1f35a52,7344,size_in_bytes,lib/ocaml/compiler-libs/flambda2_simplify__Non_constructed_code.cmsi,13072
2026-10-05T16:16:28Z,23a7bba69fdb3d4bcfc7b30f6155e5f6f1f35a52,7344,size_in_bytes,lib/ocaml/compiler-libs/flambda2_lattices__Or_unknown.cmsi,14176
2026-10-05T16:16:28Z,23a7bba69fdb3d4bcfc7b30f6155e5f6f1f35a52,7344,size_in_bytes,lib/ocaml/compiler-libs/flambda2_terms__Trap_action.cmsi,15471
2026-10-05T16:16:28Z,23a7bba69fdb3d4bcfc7b30f6155e5f6f1f35a52,7344,size_in_bytes,lib/ocaml/compiler-libs/flambda2_terms__Inlining_history.cmsi,20356
2026-10-05T16:16:28Z,23a7bba69fdb3d4bcfc7b30f6155e5f6f1f35a52,7344,size_in_bytes,lib/ocaml/compiler-libs/flambda2_types__With_cached_free_names.cmsi,14198
2026-10-05T16:16:28Z,23a7bba69fdb3d4bcfc7b30f6155e5f6f1f35a52,7344,size_in_bytes,lib/ocaml/compiler-libs/flambda2_identifiers__Flambda_debug_uid.cmsi,12933
2026-10-05T16:16:28Z,23a7bba69fdb3d4bcfc7b30f6155e5f6f1f35a52,7344,size_in_bytes,lib/ocaml/compiler-libs/flambda2_simplify__Continuation_in_env.cmsi,14600
2026-10-05T16:16:28Z,23a7bba69fdb3d4bcfc7b30f6155e5f6f1f35a52,7344,size_in_bytes,lib/ocaml/compiler-libs/flambda2_parser__Flambda_parser_messages.cmsi,9823
2026-10-05T16:16:28Z,23a7bba69fdb3d4bcfc7b30f6155e5f6f1f35a52,7344,size_in_bytes,lib/ocaml/compiler-libs/flambda2_terms__Static_const.cmsi,34729
2026-10-05T16:16:28Z,23a7bba69fdb3d4bcfc7b30f6155e5f6f1f35a52,7344,size_in_bytes,lib/ocaml/compiler-libs/flambda2_identifiers__Variable.cmsi,12384
2026-10-05T16:16:28Z,23a7bba69fdb3d4bcfc7b30f6155e5f6f1f35a52,7344,size_in_bytes,lib/ocaml/compiler-libs/flambda2_reaper__Types_rewriter.cmsi,14928
2026-10-05T16:16:28Z,23a7bba69fdb3d4bcfc7b30f6155e5f6f1f35a52,7344,size_in_bytes,lib/ocaml/compiler-libs/flambda2_numbers__Or_infinity.cmsi,11527
2026-10-05T16:16:28Z,23a7bba69fdb3d4bcfc7b30f6155e5f6f1f35a52,7344,size_in_bytes,lib/ocaml/compiler-libs/flambda2_terms__Code.cmsi,15596
2026-10-05T16:16:28Z,23a7bba69fdb3d4bcfc7b30f6155e5f6f1f35a52,7344,size_in_bytes,lib/ocaml/compiler-libs/flambda2_types.cmsi,131398
2026-10-05T16:16:28Z,23a7bba69fdb3d4bcfc7b30f6155e5f6f1f35a52,7344,size_in_bytes,lib/ocaml/compiler-libs/flambda2_simplify__Simplify_primitive.cmsi,12117
2026-10-05T16:16:28Z,23a7bba69fdb3d4bcfc7b30f6155e5f6f1f35a52,7344,size_in_bytes,lib/ocaml/compiler-libs/flambda2_terms__Zero_alloc_attribute.cmsi,12429
2026-10-05T16:16:28Z,23a7bba69fdb3d4bcfc7b30f6155e5f6f1f35a52,7344,size_in_bytes,lib/ocaml/compiler-libs/flambda2_terms__Effects_and_coeffects.cmsi,14530
2026-10-05T16:16:28Z,23a7bba69fdb3d4bcfc7b30f6155e5f6f1f35a52,7344,size_in_bytes,lib/ocaml/compiler-libs/flambda2_datalog__Datalog.cmsi,16030
2026-10-05T16:16:28Z,23a7bba69fdb3d4bcfc7b30f6155e5f6f1f35a52,7344,size_in_bytes,lib/ocaml/compiler-libs/flambda2_identifiers__Symbol.cmsi,12167
2026-10-05T16:16:28Z,23a7bba69fdb3d4bcfc7b30f6155e5f6f1f35a52,7344,size_in_bytes,lib/ocaml/compiler-libs/flambda2_identifiers__Continuation.cmsi,13635
2026-10-05T16:16:28Z,23a7bba69fdb3d4bcfc7b30f6155e5f6f1f35a52,7344,size_in_bytes,lib/ocaml/compiler-libs/flambda2_types__Join_levels.cmsi,12937
2026-10-05T16:16:28Z,23a7bba69fdb3d4bcfc7b30f6155e5f6f1f35a52,7344,size_in_bytes,lib/ocaml/compiler-libs/flambda2_reaper__Traverse.cmsi,14227
2026-10-05T16:16:28Z,23a7bba69fdb3d4bcfc7b30f6155e5f6f1f35a52,7344,size_in_bytes,lib/ocaml/compiler-libs/flambda2_terms__Recursive.cmsi,11625
2026-10-05T16:16:28Z,23a7bba69fdb3d4bcfc7b30f6155e5f6f1f35a52,7344,size_in_bytes,lib/ocaml/compiler-libs/flambda2_terms__Removed_operations.cmsi,12911
2026-10-05T16:16:28Z,23a7bba69fdb3d4bcfc7b30f6155e5f6f1f35a52,7344,size_in_bytes,lib/ocaml/compiler-libs/flambda2_simplify__Simplify_let_cont_expr.cmsi,12572
2026-10-05T16:16:28Z,23a7bba69fdb3d4bcfc7b30f6155e5f6f1f35a52,7344,size_in_bytes,lib/ocaml/compiler-libs/flambda2_terms__Probe.cmsi,11585
2026-10-05T16:16:28Z,23a7bba69fdb3d4bcfc7b30f6155e5f6f1f35a52,7344,size_in_bytes,lib/ocaml/compiler-libs/flambda2_datalog.cmsi,53005
2026-10-05T16:16:28Z,23a7bba69fdb3d4bcfc7b30f6155e5f6f1f35a52,7344,size_in_bytes,lib/ocaml/compiler-libs/flambda2_term_basics__Tag_and_size.cmsi,11924
2026-10-05T16:16:28Z,23a7bba69fdb3d4bcfc7b30f6155e5f6f1f35a52,7344,size_in_bytes,lib/ocaml/compiler-libs/flambda2_terms__Call_kind.cmsi,24004
2026-10-05T16:16:28Z,23a7bba69fdb3d4bcfc7b30f6155e5f6f1f35a52,7344,size_in_bytes,lib/ocaml/compiler-libs/flambda2_identifiers__Code_id_or_symbol.cmsi,11042
2026-10-05T16:16:28Z,23a7bba69fdb3d4bcfc7b30f6155e5f6f1f35a52,7344,size_in_bytes,lib/ocaml/compiler-libs/flambda2_datalog__Schedule.cmsi,12422
2026-10-05T16:16:28Z,23a7bba69fdb3d4bcfc7b30f6155e5f6f1f35a52,7344,size_in_bytes,lib/ocaml/compiler-libs/flambda2_terms__Regalloc_param_attribute.cmsi,12134
2026-10-05T16:16:28Z,23a7bba69fdb3d4bcfc7b30f6155e5f6f1f35a52,7344,size_in_bytes,lib/ocaml/compiler-libs/flambda2_simplify__Downwards_env.cmsi,38350
2026-10-05T16:16:28Z,23a7bba69fdb3d4bcfc7b30f6155e5f6f1f35a52,7344,size_in_bytes,lib/ocaml/compiler-libs/flambda2_term_basics__Symbol_projection.cmsi,14291
2026-10-05T16:16:28Z,23a7bba69fdb3d4bcfc7b30f6155e5f6f1f35a52,7344,size_in_bytes,lib/ocaml/stdlib_beta/stdlib_beta.cmsi,10944
2026-10-05T16:16:28Z,23a7bba69fdb3d4bcfc7b30f6155e5f6f1f35a52,7344,size_in_bytes,lib/ocaml/stdlib_stable/stdlib_stable__Int16_u.cmsi,23386
2026-10-05T16:16:28Z,23a7bba69fdb3d4bcfc7b30f6155e5f6f1f35a52,7344,size_in_bytes,lib/ocaml/stdlib_stable/stdlib_stable__Or_null.cmsi,17328
2026-10-05T16:16:28Z,23a7bba69fdb3d4bcfc7b30f6155e5f6f1f35a52,7344,size_in_bytes,lib/ocaml/stdlib_stable/stdlib_stable__Int8_u.cmsi,23349
2026-10-05T16:16:28Z,23a7bba69fdb3d4bcfc7b30f6155e5f6f1f35a52,7344,size_in_bytes,lib/ocaml/stdlib_stable/stdlib_stable__Float32.cmsi,75755
2026-10-05T16:16:28Z,23a7bba69fdb3d4bcfc7b30f6155e5f6f1f35a52,7344,size_in_bytes,lib/ocaml/stdlib_stable/stdlib_stable__Int_u.cmsi,23013
2026-10-05T16:16:28Z,23a7bba69fdb3d4bcfc7b30f6155e5f6f1f35a52,7344,size_in_bytes,lib/ocaml/stdlib_stable/stdlib_stable__Int8.cmsi,22928
2026-10-05T16:16:28Z,23a7bba69fdb3d4bcfc7b30f6155e5f6f1f35a52,7344,size_in_bytes,lib/ocaml/stdlib_stable/stdlib_stable__Int.cmsi,23941
2026-10-05T16:16:28Z,23a7bba69fdb3d4bcfc7b30f6155e5f6f1f35a52,7344,size_in_bytes,lib/ocaml/stdlib_stable/stdlib_stable__Idx_imm.cmsi,12824
2026-10-05T16:16:28Z,23a7bba69fdb3d4bcfc7b30f6155e5f6f1f35a52,7344,size_in_bytes,lib/ocaml/stdlib_stable/stdlib_stable__IarrayLabels.cmsi,45300
2026-10-05T16:16:28Z,23a7bba69fdb3d4bcfc7b30f6155e5f6f1f35a52,7344,size_in_bytes,lib/ocaml/stdlib_stable/stdlib_stable.cmsi,10880
2026-10-05T16:16:28Z,23a7bba69fdb3d4bcfc7b30f6155e5f6f1f35a52,7344,size_in_bytes,lib/ocaml/stdlib_stable/stdlib_stable__Float32_u.cmsi,62962
2026-10-05T16:16:28Z,23a7bba69fdb3d4bcfc7b30f6155e5f6f1f35a52,7344,size_in_bytes,lib/ocaml/stdlib_stable/stdlib_stable__Int16.cmsi,22969
2026-10-05T16:16:28Z,23a7bba69fdb3d4bcfc7b30f6155e5f6f1f35a52,7344,size_in_bytes,lib/ocaml/stdlib_stable/stdlib_stable__Idx_mut.cmsi,13452
2026-10-05T16:16:28Z,23a7bba69fdb3d4bcfc7b30f6155e5f6f1f35a52,7344,size_in_bytes,lib/ocaml/stdlib_stable/stdlib_stable__Iarray.cmsi,30154
2026-10-05T16:16:28Z,23a7bba69fdb3d4bcfc7b30f6155e5f6f1f35a52,7344,size_in_bytes,lib/ocaml/stdlib_stable/stdlib_stable__Idx_atomic.cmsi,16405
2026-10-05T16:16:28Z,23a7bba69fdb3d4bcfc7b30f6155e5f6f1f35a52,7344,size_in_bytes,lib/ocaml/stdlib_stable/stdlib_stable__Char_u.cmsi,14406
2026-10-05T16:16:28Z,23a7bba69fdb3d4bcfc7b30f6155e5f6f1f35a52,7344,size_in_bytes,lib/ocaml/compiler_owee__Owee_debug_line.cmt,389499
2026-10-05T16:16:28Z,23a7bba69fdb3d4bcfc7b30f6155e5f6f1f35a52,7344,size_in_bytes,lib/ocaml/stdlib__In_channel.cmt,245015
2026-10-05T16:16:28Z,23a7bba69fdb3d4bcfc7b30f6155e5f6f1f35a52,7344,size_in_bytes,lib/ocaml/stdlib__Printexc.cmt,394329
2026-10-05T16:16:28Z,23a7bba69fdb3d4bcfc7b30f6155e5f6f1f35a52,7344,size_in_bytes,lib/ocaml/stdlib__Format.cmt,1978501
2026-10-05T16:16:28Z,23a7bba69fdb3d4bcfc7b30f6155e5f6f1f35a52,7344,size_in_bytes,lib/ocaml/stdlib__Bytes.cmt,1972003
2026-10-05T16:16:28Z,23a7bba69fdb3d4bcfc7b30f6155e5f6f1f35a52,7344,size_in_bytes,lib/ocaml/stdlib__Dynamic.cmt,26815
2026-10-05T16:16:28Z,23a7bba69fdb3d4bcfc7b30f6155e5f6f1f35a52,7344,size_in_bytes,lib/ocaml/stdlib__Option.cmt,65718
2026-10-05T16:16:28Z,23a7bba69fdb3d4bcfc7b30f6155e5f6f1f35a52,7344,size_in_bytes,lib/ocaml/camlinternalMod.cmt,108990
2026-10-05T16:16:28Z,23a7bba69fdb3d4bcfc7b30f6155e5f6f1f35a52,7344,size_in_bytes,lib/ocaml/stdlib__Dynarray.cmt,1489872
2026-10-05T16:16:28Z,23a7bba69fdb3d4bcfc7b30f6155e5f6f1f35a52,7344,size_in_bytes,lib/ocaml/camlinternalQuote.cmt,4269637
2026-10-05T16:16:28Z,23a7bba69fdb3d4bcfc7b30f6155e5f6f1f35a52,7344,size_in_bytes,lib/ocaml/compiler_owee__Owee_buf.cmt,339459
2026-10-05T16:16:28Z,23a7bba69fdb3d4bcfc7b30f6155e5f6f1f35a52,7344,size_in_bytes,lib/ocaml/compiler_owee__Owee_marker.cmt,232626
2026-10-05T16:16:28Z,23a7bba69fdb3d4bcfc7b30f6155e5f6f1f35a52,7344,size_in_bytes,lib/ocaml/camlinternalLazy.cmt,89407
2026-10-05T16:16:28Z,23a7bba69fdb3d4bcfc7b30f6155e5f6f1f35a52,7344,size_in_bytes,lib/ocaml/stdlib__Complex.cmt,211871
2026-10-05T16:16:28Z,23a7bba69fdb3d4bcfc7b30f6155e5f6f1f35a52,7344,size_in_bytes,lib/ocaml/stdlib__Domain.cmt,569431
2026-10-05T16:16:28Z,23a7bba69fdb3d4bcfc7b30f6155e5f6f1f35a52,7344,size_in_bytes,lib/ocaml/stdlib__Out_channel.cmt,81068
2026-10-05T16:16:28Z,23a7bba69fdb3d4bcfc7b30f6155e5f6f1f35a52,7344,size_in_bytes,lib/ocaml/stdlib__Backoff.cmt,100399
2026-10-05T16:16:28Z,23a7bba69fdb3d4bcfc7b30f6155e5f6f1f35a52,7344,size_in_bytes,lib/ocaml/stdlib__Sys.cmt,252145
2026-10-05T16:16:28Z,23a7bba69fdb3d4bcfc7b30f6155e5f6f1f35a52,7344,size_in_bytes,lib/ocaml/compiler_owee__Owee_location.cmt,325111
2026-10-05T16:16:28Z,23a7bba69fdb3d4bcfc7b30f6155e5f6f1f35a52,7344,size_in_bytes,lib/ocaml/stdlib__Modes.cmt,23395
2026-10-05T16:16:28Z,23a7bba69fdb3d4bcfc7b30f6155e5f6f1f35a52,7344,size_in_bytes,lib/ocaml/stdlib__Pair.cmt,60883
2026-10-05T16:16:28Z,23a7bba69fdb3d4bcfc7b30f6155e5f6f1f35a52,7344,size_in_bytes,lib/ocaml/stdlib__Ephemeron.cmt,1932159
2026-10-05T16:16:28Z,23a7bba69fdb3d4bcfc7b30f6155e5f6f1f35a52,7344,size_in_bytes,lib/ocaml/stdlib__Stack.cmt,81466
2026-10-05T16:16:28Z,23a7bba69fdb3d4bcfc7b30f6155e5f6f1f35a52,7344,size_in_bytes,lib/ocaml/stdlib__Array.cmt,1113301
2026-10-05T16:16:28Z,23a7bba69fdb3d4bcfc7b30f6155e5f6f1f35a52,7344,size_in_bytes,lib/ocaml/stdlib__Either.cmt,75273
2026-10-05T16:16:28Z,23a7bba69fdb3d4bcfc7b30f6155e5f6f1f35a52,7344,size_in_bytes,lib/ocaml/stdlib__Bigarray.cmt,672740
2026-10-05T16:16:28Z,23a7bba69fdb3d4bcfc7b30f6155e5f6f1f35a52,7344,size_in_bytes,lib/ocaml/stdlib__Char.cmt,176102
2026-10-05T16:16:28Z,23a7bba69fdb3d4bcfc7b30f6155e5f6f1f35a52,7344,size_in_bytes,lib/ocaml/stdlib__Marshal.cmt,83461
2026-10-05T16:16:28Z,23a7bba69fdb3d4bcfc7b30f6155e5f6f1f35a52,7344,size_in_bytes,lib/ocaml/stdlib__Fun.cmt,45167
2026-10-05T16:16:28Z,23a7bba69fdb3d4bcfc7b30f6155e5f6f1f35a52,7344,size_in_bytes,lib/ocaml/compiler_owee__Owee_object.cmt,214750
2026-10-05T16:16:28Z,23a7bba69fdb3d4bcfc7b30f6155e5f6f1f35a52,7344,size_in_bytes,lib/ocaml/compiler_owee__Owee_archive.cmt,292070
2026-10-05T16:16:28Z,23a7bba69fdb3d4bcfc7b30f6155e5f6f1f35a52,7344,size_in_bytes,lib/ocaml/compiler_owee__Owee_linux_maps.cmt,67018
2026-10-05T16:16:28Z,23a7bba69fdb3d4bcfc7b30f6155e5f6f1f35a52,7344,size_in_bytes,lib/ocaml/stdlib__Scanf.cmt,1944637
2026-10-05T16:16:28Z,23a7bba69fdb3d4bcfc7b30f6155e5f6f1f35a52,7344,size_in_bytes,lib/ocaml/stdlib__Parsing.cmt,214116
2026-10-05T16:16:28Z,23a7bba69fdb3d4bcfc7b30f6155e5f6f1f35a52,7344,size_in_bytes,lib/ocaml/stdlib__Oo.cmt,15813
2026-10-05T16:16:28Z,23a7bba69fdb3d4bcfc7b30f6155e5f6f1f35a52,7344,size_in_bytes,lib/ocaml/stdlib__Mutex.cmt,23859
2026-10-05T16:16:28Z,23a7bba69fdb3d4bcfc7b30f6155e5f6f1f35a52,7344,size_in_bytes,lib/ocaml/stdlib__MoreLabels.cmt,21493
2026-10-05T16:16:28Z,23a7bba69fdb3d4bcfc7b30f6155e5f6f1f35a52,7344,size_in_bytes,lib/ocaml/compiler_owee__Unix_intf.cmt,31587
2026-10-05T16:16:28Z,23a7bba69fdb3d4bcfc7b30f6155e5f6f1f35a52,7344,size_in_bytes,lib/ocaml/topdirs.cmt,705127
2026-10-05T16:16:28Z,23a7bba69fdb3d4bcfc7b30f6155e5f6f1f35a52,7344,size_in_bytes,lib/ocaml/stdlib__Unit.cmt,17460
2026-10-05T16:16:28Z,23a7bba69fdb3d4bcfc7b30f6155e5f6f1f35a52,7344,size_in_bytes,lib/ocaml/stdlib__Lazy.cmt,59966
2026-10-05T16:16:28Z,23a7bba69fdb3d4bcfc7b30f6155e5f6f1f35a52,7344,size_in_bytes,lib/ocaml/stdlib__Result.cmt,108311
2026-10-05T16:16:28Z,23a7bba69fdb3d4bcfc7b30f6155e5f6f1f35a52,7344,size_in_bytes,lib/ocaml/stdlib__Int.cmt,67471
2026-10-05T16:16:28Z,23a7bba69fdb3d4bcfc7b30f6155e5f6f1f35a52,7344,size_in_bytes,lib/ocaml/stdlib__Map.cmt,1865937
2026-10-05T16:16:28Z,23a7bba69fdb3d4bcfc7b30f6155e5f6f1f35a52,7344,size_in_bytes,lib/ocaml/stdlib__Hashtbl.cmt,1235267
2026-10-05T16:16:28Z,23a7bba69fdb3d4bcfc7b30f6155e5f6f1f35a52,7344,size_in_bytes,lib/ocaml/stdlib__ListLabels.cmt,70718
2026-10-05T16:16:28Z,23a7bba69fdb3d4bcfc7b30f6155e5f6f1f35a52,7344,size_in_bytes,lib/ocaml/stdlib__Filename.cmt,695225
2026-10-05T16:16:28Z,23a7bba69fdb3d4bcfc7b30f6155e5f6f1f35a52,7344,size_in_bytes,lib/ocaml/stdlib__Pqueue.cmt,296984
2026-10-05T16:16:28Z,23a7bba69fdb3d4bcfc7b30f6155e5f6f1f35a52,7344,size_in_bytes,lib/ocaml/stdlib__Repr.cmt,16958
2026-10-05T16:16:28Z,23a7bba69fdb3d4bcfc7b30f6155e5f6f1f35a52,7344,size_in_bytes,lib/ocaml/camlinternalComprehension.cmt,52324
2026-10-05T16:16:28Z,23a7bba69fdb3d4bcfc7b30f6155e5f6f1f35a52,7344,size_in_bytes,lib/ocaml/stdlib__Uchar.cmt,151866
2026-10-05T16:16:28Z,23a7bba69fdb3d4bcfc7b30f6155e5f6f1f35a52,7344,size_in_bytes,lib/ocaml/compiler_owee__Owee_elf.cmt,879283
2026-10-05T16:16:28Z,23a7bba69fdb3d4bcfc7b30f6155e5f6f1f35a52,7344,size_in_bytes,lib/ocaml/camlinternalFormat.cmt,5225138
2026-10-05T16:16:28Z,23a7bba69fdb3d4bcfc7b30f6155e5f6f1f35a52,7344,size_in_bytes,lib/ocaml/compiler_owee__Owee_elf_notes.cmt,247461
2026-10-05T16:16:28Z,23a7bba69fdb3d4bcfc7b30f6155e5f6f1f35a52,7344,size_in_bytes,lib/ocaml/eval.cmt,230899
2026-10-05T16:16:28Z,23a7bba69fdb3d4bcfc7b30f6155e5f6f1f35a52,7344,size_in_bytes,lib/ocaml/stdlib__Digest.cmt,311372
2026-10-05T16:16:28Z,23a7bba69fdb3d4bcfc7b30f6155e5f6f1f35a52,7344,size_in_bytes,lib/ocaml/opttopdirs.cmt,222492
2026-10-05T16:16:28Z,23a7bba69fdb3d4bcfc7b30f6155e5f6f1f35a52,7344,size_in_bytes,lib/ocaml/compiler_owee__Owee_macho.cmt,999045
2026-10-05T16:16:28Z,23a7bba69fdb3d4bcfc7b30f6155e5f6f1f35a52,7344,size_in_bytes,lib/ocaml/stdlib__Weak.cmt,659213
2026-10-05T16:16:28Z,23a7bba69fdb3d4bcfc7b30f6155e5f6f1f35a52,7344,size_in_bytes,lib/ocaml/stdlib__BytesLabels.cmt,79444
2026-10-05T16:16:28Z,23a7bba69fdb3d4bcfc7b30f6155e5f6f1f35a52,7344,size_in_bytes,lib/ocaml/compiler_owee__Owee_interval_map.cmt,330982
2026-10-05T16:16:28Z,23a7bba69fdb3d4bcfc7b30f6155e5f6f1f35a52,7344,size_in_bytes,lib/ocaml/stdlib__Int64.cmt,138016
2026-10-05T16:16:28Z,23a7bba69fdb3d4bcfc7b30f6155e5f6f1f35a52,7344,size_in_bytes,lib/ocaml/stdlib__StringLabels.cmt,59383
2026-10-05T16:16:28Z,23a7bba69fdb3d4bcfc7b30f6155e5f6f1f35a52,7344,size_in_bytes,lib/ocaml/stdlib__Quote.cmt,79686
2026-10-05T16:16:28Z,23a7bba69fdb3d4bcfc7b30f6155e5f6f1f35a52,7344,size_in_bytes,lib/ocaml/stdlib__Condition.cmt,15959
2026-10-05T16:16:28Z,23a7bba69fdb3d4bcfc7b30f6155e5f6f1f35a52,7344,size_in_bytes,lib/ocaml/stdlib__Printf.cmt,75095
2026-10-05T16:16:28Z,23a7bba69fdb3d4bcfc7b30f6155e5f6f1f35a52,7344,size_in_bytes,lib/ocaml/stdlib__Callback.cmt,36303
2026-10-05T16:16:28Z,23a7bba69fdb3d4bcfc7b30f6155e5f6f1f35a52,7344,size_in_bytes,lib/ocaml/compiler_owee__Owee_elf_string_table.cmt,35656
2026-10-05T16:16:28Z,23a7bba69fdb3d4bcfc7b30f6155e5f6f1f35a52,7344,size_in_bytes,lib/ocaml/stdlib__Obj.cmt,288817
2026-10-05T16:16:28Z,23a7bba69fdb3d4bcfc7b30f6155e5f6f1f35a52,7344,size_in_bytes,lib/ocaml/stdlib__Random.cmt,561013
2026-10-05T16:16:28Z,23a7bba69fdb3d4bcfc7b30f6155e5f6f1f35a52,7344,size_in_bytes,lib/ocaml/stdlib__Atomic.cmt,51096
2026-10-05T16:16:28Z,23a7bba69fdb3d4bcfc7b30f6155e5f6f1f35a52,7344,size_in_bytes,lib/ocaml/stdlib__Float.cmt,1054220
2026-10-05T16:16:28Z,23a7bba69fdb3d4bcfc7b30f6155e5f6f1f35a52,7344,size_in_bytes,lib/ocaml/stdlib__String.cmt,798079
2026-10-05T16:16:28Z,23a7bba69fdb3d4bcfc7b30f6155e5f6f1f35a52,7344,size_in_bytes,lib/ocaml/stdlib.cmt,647658
2026-10-05T16:16:28Z,23a7bba69fdb3d4bcfc7b30f6155e5f6f1f35a52,7344,size_in_bytes,lib/ocaml/compiler_owee__Owee_form.cmt,75534
2026-10-05T16:16:28Z,23a7bba69fdb3d4bcfc7b30f6155e5f6f1f35a52,7344,size_in_bytes,lib/ocaml/stdlib__Seq.cmt,734504
2026-10-05T16:16:28Z,23a7bba69fdb3d4bcfc7b30f6155e5f6f1f35a52,7344,size_in_bytes,lib/ocaml/compiler_owee__Owee_traverse.cmt,231893
2026-10-05T16:16:28Z,23a7bba69fdb3d4bcfc7b30f6155e5f6f1f35a52,7344,size_in_bytes,lib/ocaml/stdlib__Nativeint.cmt,141907
2026-10-05T16:16:28Z,23a7bba69fdb3d4bcfc7b30f6155e5f6f1f35a52,7344,size_in_bytes,lib/ocaml/camlinternalAtomic.cmt,42111
2026-10-05T16:16:28Z,23a7bba69fdb3d4bcfc7b30f6155e5f6f1f35a52,7344,size_in_bytes,lib/ocaml/compiler_owee__Owee_graph.cmt,229363
2026-10-05T16:16:28Z,23a7bba69fdb3d4bcfc7b30f6155e5f6f1f35a52,7344,size_in_bytes,lib/ocaml/stdlib__StdLabels.cmt,14000
2026-10-05T16:16:28Z,23a7bba69fdb3d4bcfc7b30f6155e5f6f1f35a52,7344,size_in_bytes,lib/ocaml/stdlib__List.cmt,1082764
2026-10-05T16:16:28Z,23a7bba69fdb3d4bcfc7b30f6155e5f6f1f35a52,7344,size_in_bytes,lib/ocaml/stdlib__Int32.cmt,143575
2026-10-05T16:16:28Z,23a7bba69fdb3d4bcfc7b30f6155e5f6f1f35a52,7344,size_in_bytes,lib/ocaml/compiler_owee.cmt,22403
2026-10-05T16:16:28Z,23a7bba69fdb3d4bcfc7b30f6155e5f6f1f35a52,7344,size_in_bytes,lib/ocaml/stdlib__Arg.cmt,599023
2026-10-05T16:16:28Z,23a7bba69fdb3d4bcfc7b30f6155e5f6f1f35a52,7344,size_in_bytes,lib/ocaml/compiler_owee__Owee_elf_relocation.cmt,142677
2026-10-05T16:16:28Z,23a7bba69fdb3d4bcfc7b30f6155e5f6f1f35a52,7344,size_in_bytes,lib/ocaml/stdlib__ArrayLabels.cmt,55800
2026-10-05T16:16:28Z,23a7bba69fdb3d4bcfc7b30f6155e5f6f1f35a52,7344,size_in_bytes,lib/ocaml/stdlib__Set.cmt,1816640
2026-10-05T16:16:28Z,23a7bba69fdb3d4bcfc7b30f6155e5f6f1f35a52,7344,size_in_bytes,lib/ocaml/stdlib__Type.cmt,29493
2026-10-05T16:16:28Z,23a7bba69fdb3d4bcfc7b30f6155e5f6f1f35a52,7344,size_in_bytes,lib/ocaml/camlinternalFormatBasics.cmt,520321
2026-10-05T16:16:28Z,23a7bba69fdb3d4bcfc7b30f6155e5f6f1f35a52,7344,size_in_bytes,lib/ocaml/stdlib__Buffer.cmt,668059
2026-10-05T16:16:28Z,23a7bba69fdb3d4bcfc7b30f6155e5f6f1f35a52,7344,size_in_bytes,lib/ocaml/std_exit.cmt,13065
2026-10-05T16:16:28Z,23a7bba69fdb3d4bcfc7b30f6155e5f6f1f35a52,7344,size_in_bytes,lib/ocaml/stdlib__Iarray.cmt,548617
2026-10-05T16:16:28Z,23a7bba69fdb3d4bcfc7b30f6155e5f6f1f35a52,7344,size_in_bytes,lib/ocaml/stdlib__Bool.cmt,35282
2026-10-05T16:16:28Z,23a7bba69fdb3d4bcfc7b30f6155e5f6f1f35a52,7344,size_in_bytes,lib/ocaml/stdlib__Semaphore.cmt,80671
2026-10-05T16:16:28Z,23a7bba69fdb3d4bcfc7b30f6155e5f6f1f35a52,7344,size_in_bytes,lib/ocaml/stdlib__Gc.cmt,205120
2026-10-05T16:16:28Z,23a7bba69fdb3d4bcfc7b30f6155e5f6f1f35a52,7344,size_in_bytes,lib/ocaml/stdlib__Lexing.cmt,239737
2026-10-05T16:16:28Z,23a7bba69fdb3d4bcfc7b30f6155e5f6f1f35a52,7344,size_in_bytes,lib/ocaml/stdlib__Queue.cmt,149264
2026-10-05T16:16:28Z,23a7bba69fdb3d4bcfc7b30f6155e5f6f1f35a52,7344,size_in_bytes,lib/ocaml/stdlib__Effect.cmt,738411
2026-10-05T16:16:28Z,23a7bba69fdb3d4bcfc7b30f6155e5f6f1f35a52,7344,size_in_bytes,lib/ocaml/camlinternalOO.cmt,1060999
2026-10-05T16:16:28Z,23a7bba69fdb3d4bcfc7b30f6155e5f6f1f35a52,7344,size_in_bytes,lib/ocaml/ocaml-jit/jit.cmt,784076
2026-10-05T16:16:28Z,23a7bba69fdb3d4bcfc7b30f6155e5f6f1f35a52,7344,size_in_bytes,lib/ocaml/stdlib_alpha/stdlib_alpha.cmt,11645
2026-10-05T16:16:28Z,23a7bba69fdb3d4bcfc7b30f6155e5f6f1f35a52,7344,size_in_bytes,lib/ocaml/dynlink/dynlink.cmt,69369
2026-10-05T16:16:28Z,23a7bba69fdb3d4bcfc7b30f6155e5f6f1f35a52,7344,size_in_bytes,lib/ocaml/stdlib_upstream_compatible/stdlib_upstream_compatible__Nativeint_u.cmt,198094
2026-10-05T16:16:28Z,23a7bba69fdb3d4bcfc7b30f6155e5f6f1f35a52,7344,size_in_bytes,lib/ocaml/stdlib_upstream_compatible/stdlib_upstream_compatible__Int32_u.cmt,187545
2026-10-05T16:16:28Z,23a7bba69fdb3d4bcfc7b30f6155e5f6f1f35a52,7344,size_in_bytes,lib/ocaml/stdlib_upstream_compatible/stdlib_upstream_compatible.cmt,10748
2026-10-05T16:16:28Z,23a7bba69fdb3d4bcfc7b30f6155e5f6f1f35a52,7344,size_in_bytes,lib/ocaml/stdlib_upstream_compatible/stdlib_upstream_compatible__Int64_u.cmt,219347
2026-10-05T16:16:28Z,23a7bba69fdb3d4bcfc7b30f6155e5f6f1f35a52,7344,size_in_bytes,lib/ocaml/stdlib_upstream_compatible/stdlib_upstream_compatible__Float_u.cmt,308615
2026-10-05T16:16:28Z,23a7bba69fdb3d4bcfc7b30f6155e5f6f1f35a52,7344,size_in_bytes,lib/ocaml/stdlib_upstream_compatible/stdlib_upstream_compatible__.cmt,14196
2026-10-05T16:16:28Z,23a7bba69fdb3d4bcfc7b30f6155e5f6f1f35a52,7344,size_in_bytes,lib/ocaml/compiler-libs/global_module.cmt,965417
2026-10-05T16:16:28Z,23a7bba69fdb3d4bcfc7b30f6155e5f6f1f35a52,7344,size_in_bytes,lib/ocaml/compiler-libs/dwarf_low__Dwarf_value.cmt,570878
2026-10-05T16:16:28Z,23a7bba69fdb3d4bcfc7b30f6155e5f6f1f35a52,7344,size_in_bytes,lib/ocaml/compiler-libs/typetexp.cmt,2835423
2026-10-05T16:16:28Z,23a7bba69fdb3d4bcfc7b30f6155e5f6f1f35a52,7344,size_in_bytes,lib/ocaml/compiler-libs/afl_instrument.cmt,159464
2026-10-05T16:16:28Z,23a7bba69fdb3d4bcfc7b30f6155e5f6f1f35a52,7344,size_in_bytes,lib/ocaml/compiler-libs/flambda2_identifiers__Symbol.cmt,43334
2026-10-05T16:16:28Z,23a7bba69fdb3d4bcfc7b30f6155e5f6f1f35a52,7344,size_in_bytes,lib/ocaml/compiler-libs/linkenv.cmt,482023
2026-10-05T16:16:28Z,23a7bba69fdb3d4bcfc7b30f6155e5f6f1f35a52,7344,size_in_bytes,lib/ocaml/compiler-libs/flambda2_parser__Fexpr_prim_descr.cmt,851718
2026-10-05T16:16:28Z,23a7bba69fdb3d4bcfc7b30f6155e5f6f1f35a52,7344,size_in_bytes,lib/ocaml/compiler-libs/cfg_liveness_validate.cmt,769526
2026-10-05T16:16:28Z,23a7bba69fdb3d4bcfc7b30f6155e5f6f1f35a52,7344,size_in_bytes,lib/ocaml/compiler-libs/flambda2_term_basics__String_info.cmt,174796
2026-10-05T16:16:28Z,23a7bba69fdb3d4bcfc7b30f6155e5f6f1f35a52,7344,size_in_bytes,lib/ocaml/compiler-libs/symbol.cmt,212399
2026-10-05T16:16:28Z,23a7bba69fdb3d4bcfc7b30f6155e5f6f1f35a52,7344,size_in_bytes,lib/ocaml/compiler-libs/ssa_simplify.cmt,85493
2026-10-05T16:16:28Z,23a7bba69fdb3d4bcfc7b30f6155e5f6f1f35a52,7344,size_in_bytes,lib/ocaml/compiler-libs/profile.cmt,682622
2026-10-05T16:16:28Z,23a7bba69fdb3d4bcfc7b30f6155e5f6f1f35a52,7344,size_in_bytes,lib/ocaml/compiler-libs/translmod.cmt,2186648
2026-10-05T16:16:28Z,23a7bba69fdb3d4bcfc7b30f6155e5f6f1f35a52,7344,size_in_bytes,lib/ocaml/compiler-libs/functorizer.cmt,368908
2026-10-05T16:16:28Z,23a7bba69fdb3d4bcfc7b30f6155e5f6f1f35a52,7344,size_in_bytes,lib/ocaml/compiler-libs/linkage_name.cmt,179968
2026-10-05T16:16:28Z,23a7bba69fdb3d4bcfc7b30f6155e5f6f1f35a52,7344,size_in_bytes,lib/ocaml/compiler-libs/optlibrarian.cmt,202120
2026-10-05T16:16:28Z,23a7bba69fdb3d4bcfc7b30f6155e5f6f1f35a52,7344,size_in_bytes,lib/ocaml/compiler-libs/regalloc_rewrite.cmt,523293
2026-10-05T16:16:28Z,23a7bba69fdb3d4bcfc7b30f6155e5f6f1f35a52,7344,size_in_bytes,lib/ocaml/compiler-libs/asm_targets__Asm_symbol.cmt,272496
2026-10-05T16:16:28Z,23a7bba69fdb3d4bcfc7b30f6155e5f6f1f35a52,7344,size_in_bytes,lib/ocaml/compiler-libs/byteinstantiator.cmt,32440
2026-10-05T16:16:28Z,23a7bba69fdb3d4bcfc7b30f6155e5f6f1f35a52,7344,size_in_bytes,lib/ocaml/compiler-libs/partition.cmt,51805
2026-10-05T16:16:28Z,23a7bba69fdb3d4bcfc7b30f6155e5f6f1f35a52,7344,size_in_bytes,lib/ocaml/compiler-libs/profile_counters_functions.cmt,138848
2026-10-05T16:16:28Z,23a7bba69fdb3d4bcfc7b30f6155e5f6f1f35a52,7344,size_in_bytes,lib/ocaml/compiler-libs/flambda2_simplify__Simplify_common.cmt,394418
2026-10-05T16:16:28Z,23a7bba69fdb3d4bcfc7b30f6155e5f6f1f35a52,7344,size_in_bytes,lib/ocaml/compiler-libs/flambda2_nominal__Bindable.cmt,32822
2026-10-05T16:16:28Z,23a7bba69fdb3d4bcfc7b30f6155e5f6f1f35a52,7344,size_in_bytes,lib/ocaml/compiler-libs/cfg_dominators_validate.cmt,555567
2026-10-05T16:16:28Z,23a7bba69fdb3d4bcfc7b30f6155e5f6f1f35a52,7344,size_in_bytes,lib/ocaml/compiler-libs/x86_peephole_utils.cmt,310695
2026-10-05T16:16:28Z,23a7bba69fdb3d4bcfc7b30f6155e5f6f1f35a52,7344,size_in_bytes,lib/ocaml/compiler-libs/flambda2_simplify__Flow_analysis.cmt,215298
2026-10-05T16:16:28Z,23a7bba69fdb3d4bcfc7b30f6155e5f6f1f35a52,7344,size_in_bytes,lib/ocaml/compiler-libs/arch.cmt,859597
2026-10-05T16:16:28Z,23a7bba69fdb3d4bcfc7b30f6155e5f6f1f35a52,7344,size_in_bytes,lib/ocaml/compiler-libs/parse.cmt,229291
2026-10-05T16:16:28Z,23a7bba69fdb3d4bcfc7b30f6155e5f6f1f35a52,7344,size_in_bytes,lib/ocaml/compiler-libs/tmc.cmt,1134482
2026-10-05T16:16:28Z,23a7bba69fdb3d4bcfc7b30f6155e5f6f1f35a52,7344,size_in_bytes,lib/ocaml/compiler-libs/printreg.cmt,159346
2026-10-05T16:16:28Z,23a7bba69fdb3d4bcfc7b30f6155e5f6f1f35a52,7344,size_in_bytes,lib/ocaml/compiler-libs/build_linker_args.cmt,37020
2026-10-05T16:16:28Z,23a7bba69fdb3d4bcfc7b30f6155e5f6f1f35a52,7344,size_in_bytes,lib/ocaml/compiler-libs/arm64_binary_emitter__Shift_immh_immb_helpers.cmt,57424
2026-10-05T16:16:28Z,23a7bba69fdb3d4bcfc7b30f6155e5f6f1f35a52,7344,size_in_bytes,lib/ocaml/compiler-libs/flambda2_datalog__Planner.cmt,405757
2026-10-05T16:16:28Z,23a7bba69fdb3d4bcfc7b30f6155e5f6f1f35a52,7344,size_in_bytes,lib/ocaml/compiler-libs/printast.cmt,3499220
2026-10-05T16:16:28Z,23a7bba69fdb3d4bcfc7b30f6155e5f6f1f35a52,7344,size_in_bytes,lib/ocaml/compiler-libs/flambda2_simplify__Flow_types.cmt,395671
2026-10-05T16:16:28Z,23a7bba69fdb3d4bcfc7b30f6155e5f6f1f35a52,7344,size_in_bytes,lib/ocaml/compiler-libs/flambda2_datalog__Datalog_imports.cmt,73326
2026-10-05T16:16:28Z,23a7bba69fdb3d4bcfc7b30f6155e5f6f1f35a52,7344,size_in_bytes,lib/ocaml/compiler-libs/flambda2_simplify__Simplify_apply_expr.cmt,1517948
2026-10-05T16:16:28Z,23a7bba69fdb3d4bcfc7b30f6155e5f6f1f35a52,7344,size_in_bytes,lib/ocaml/compiler-libs/flambda2_simplify_shared__Function_decl_inlining_decision.cmt,82463
2026-10-05T16:16:28Z,23a7bba69fdb3d4bcfc7b30f6155e5f6f1f35a52,7344,size_in_bytes,lib/ocaml/compiler-libs/subst.cmt,2123003
2026-10-05T16:16:28Z,23a7bba69fdb3d4bcfc7b30f6155e5f6f1f35a52,7344,size_in_bytes,lib/ocaml/compiler-libs/linkdeps.cmt,210373
2026-10-05T16:16:28Z,23a7bba69fdb3d4bcfc7b30f6155e5f6f1f35a52,7344,size_in_bytes,lib/ocaml/compiler-libs/data_types.cmt,69072
2026-10-05T16:16:28Z,23a7bba69fdb3d4bcfc7b30f6155e5f6f1f35a52,7344,size_in_bytes,lib/ocaml/compiler-libs/typedtree.cmt,1106378
2026-10-05T16:16:28Z,23a7bba69fdb3d4bcfc7b30f6155e5f6f1f35a52,7344,size_in_bytes,lib/ocaml/compiler-libs/cfg_invariants.cmt,1017323
2026-10-05T16:16:28Z,23a7bba69fdb3d4bcfc7b30f6155e5f6f1f35a52,7344,size_in_bytes,lib/ocaml/compiler-libs/arm64_binary_emitter__Encode_directive.cmt,536443
2026-10-05T16:16:28Z,23a7bba69fdb3d4bcfc7b30f6155e5f6f1f35a52,7344,size_in_bytes,lib/ocaml/compiler-libs/regalloc_gi.cmt,376440
2026-10-05T16:16:28Z,23a7bba69fdb3d4bcfc7b30f6155e5f6f1f35a52,7344,size_in_bytes,lib/ocaml/compiler-libs/flambda2_algorithms__Patricia_tree.cmt,3434539
2026-10-05T16:16:28Z,23a7bba69fdb3d4bcfc7b30f6155e5f6f1f35a52,7344,size_in_bytes,lib/ocaml/compiler-libs/flambda2_simplify__Simplify_set_of_closures.cmt,1209969
2026-10-05T16:16:28Z,23a7bba69fdb3d4bcfc7b30f6155e5f6f1f35a52,7344,size_in_bytes,lib/ocaml/compiler-libs/fdo_info.cmt,36064
2026-10-05T16:16:28Z,23a7bba69fdb3d4bcfc7b30f6155e5f6f1f35a52,7344,size_in_bytes,lib/ocaml/compiler-libs/build_path_prefix_map.cmt,162984
2026-10-05T16:16:28Z,23a7bba69fdb3d4bcfc7b30f6155e5f6f1f35a52,7344,size_in_bytes,lib/ocaml/compiler-libs/flambda2_cmx__Flambda_cmx.cmt,231324
2026-10-05T16:16:28Z,23a7bba69fdb3d4bcfc7b30f6155e5f6f1f35a52,7344,size_in_bytes,lib/ocaml/compiler-libs/asm_targets__Asm_label_or_symbol.cmt,38171
2026-10-05T16:16:28Z,23a7bba69fdb3d4bcfc7b30f6155e5f6f1f35a52,7344,size_in_bytes,lib/ocaml/compiler-libs/dwarf_high__Assign_abbrevs.cmt,76927
2026-10-05T16:16:28Z,23a7bba69fdb3d4bcfc7b30f6155e5f6f1f35a52,7344,size_in_bytes,lib/ocaml/compiler-libs/flambda2_datalog__Column.cmt,304419
2026-10-05T16:16:28Z,23a7bba69fdb3d4bcfc7b30f6155e5f6f1f35a52,7344,size_in_bytes,lib/ocaml/compiler-libs/strongly_connected_components.cmt,272097
2026-10-05T16:16:28Z,23a7bba69fdb3d4bcfc7b30f6155e5f6f1f35a52,7344,size_in_bytes,lib/ocaml/compiler-libs/priority_queue.cmt,258917
2026-10-05T16:16:28Z,23a7bba69fdb3d4bcfc7b30f6155e5f6f1f35a52,7344,size_in_bytes,lib/ocaml/compiler-libs/solver.cmt,3849399
2026-10-05T16:16:28Z,23a7bba69fdb3d4bcfc7b30f6155e5f6f1f35a52,7344,size_in_bytes,lib/ocaml/compiler-libs/flambda2_to_cmm__To_cmm_effects.cmt,78266
2026-10-05T16:16:28Z,23a7bba69fdb3d4bcfc7b30f6155e5f6f1f35a52,7344,size_in_bytes,lib/ocaml/compiler-libs/language_extension_kernel.cmt,24630
2026-10-05T16:16:28Z,23a7bba69fdb3d4bcfc7b30f6155e5f6f1f35a52,7344,size_in_bytes,lib/ocaml/compiler-libs/flambda2_term_basics__Scope.cmt,122629
2026-10-05T16:16:28Z,23a7bba69fdb3d4bcfc7b30f6155e5f6f1f35a52,7344,size_in_bytes,lib/ocaml/compiler-libs/regalloc_irc.cmt,844326
2026-10-05T16:16:28Z,23a7bba69fdb3d4bcfc7b30f6155e5f6f1f35a52,7344,size_in_bytes,lib/ocaml/compiler-libs/jkind.cmt,5829423
2026-10-05T16:16:28Z,23a7bba69fdb3d4bcfc7b30f6155e5f6f1f35a52,7344,size_in_bytes,lib/ocaml/compiler-libs/flambda2_simplify__Simplify_import.cmt,45157
2026-10-05T16:16:28Z,23a7bba69fdb3d4bcfc7b30f6155e5f6f1f35a52,7344,size_in_bytes,lib/ocaml/compiler-libs/asmgen.cmt,1174488
2026-10-05T16:16:28Z,23a7bba69fdb3d4bcfc7b30f6155e5f6f1f35a52,7344,size_in_bytes,lib/ocaml/compiler-libs/flambda2_simplify__Simplify_named.cmt,310115
2026-10-05T16:16:28Z,23a7bba69fdb3d4bcfc7b30f6155e5f6f1f35a52,7344,size_in_bytes,lib/ocaml/compiler-libs/ctype.cmt,12326451
2026-10-05T16:16:28Z,23a7bba69fdb3d4bcfc7b30f6155e5f6f1f35a52,7344,size_in_bytes,lib/ocaml/compiler-libs/flambda2_simplify__Flow_acc.cmt,684002
2026-10-05T16:16:28Z,23a7bba69fdb3d4bcfc7b30f6155e5f6f1f35a52,7344,size_in_bytes,lib/ocaml/compiler-libs/dissector_log.cmt,34018
2026-10-05T16:16:28Z,23a7bba69fdb3d4bcfc7b30f6155e5f6f1f35a52,7344,size_in_bytes,lib/ocaml/compiler-libs/x86_dsl.cmt,257119
2026-10-05T16:16:28Z,23a7bba69fdb3d4bcfc7b30f6155e5f6f1f35a52,7344,size_in_bytes,lib/ocaml/compiler-libs/cfg_available_regs.cmt,440276
2026-10-05T16:16:28Z,23a7bba69fdb3d4bcfc7b30f6155e5f6f1f35a52,7344,size_in_bytes,lib/ocaml/compiler-libs/flambda2_simplify__Lifted_constant.cmt,347741
2026-10-05T16:16:28Z,23a7bba69fdb3d4bcfc7b30f6155e5f6f1f35a52,7344,size_in_bytes,lib/ocaml/compiler-libs/flambda2_identifiers__Code_id.cmt,26959
2026-10-05T16:16:28Z,23a7bba69fdb3d4bcfc7b30f6155e5f6f1f35a52,7344,size_in_bytes,lib/ocaml/compiler-libs/flambda2_simplify__Simplify_named_result.cmt,63153
2026-10-05T16:16:28Z,23a7bba69fdb3d4bcfc7b30f6155e5f6f1f35a52,7344,size_in_bytes,lib/ocaml/compiler-libs/flambda2_lattices__Or_unknown_or_bottom.cmt,73124
2026-10-05T16:16:28Z,23a7bba69fdb3d4bcfc7b30f6155e5f6f1f35a52,7344,size_in_bytes,lib/ocaml/compiler-libs/flambda2_bound_identifiers__Alloc_mode.cmt,325517
2026-10-05T16:16:28Z,23a7bba69fdb3d4bcfc7b30f6155e5f6f1f35a52,7344,size_in_bytes,lib/ocaml/compiler-libs/symtable.cmt,725272
2026-10-05T16:16:28Z,23a7bba69fdb3d4bcfc7b30f6155e5f6f1f35a52,7344,size_in_bytes,lib/ocaml/compiler-libs/envaux.cmt,166961
2026-10-05T16:16:28Z,23a7bba69fdb3d4bcfc7b30f6155e5f6f1f35a52,7344,size_in_bytes,lib/ocaml/compiler-libs/zero_alloc_checker.cmt,3541466
2026-10-05T16:16:28Z,23a7bba69fdb3d4bcfc7b30f6155e5f6f1f35a52,7344,size_in_bytes,lib/ocaml/compiler-libs/compenv.cmt,1138466
2026-10-05T16:16:28Z,23a7bba69fdb3d4bcfc7b30f6155e5f6f1f35a52,7344,size_in_bytes,lib/ocaml/compiler-libs/flambda2_term_basics__Value_slot_set.cmt,183718
2026-10-05T16:16:28Z,23a7bba69fdb3d4bcfc7b30f6155e5f6f1f35a52,7344,size_in_bytes,lib/ocaml/compiler-libs/printast_with_mappings.cmt,3574184
2026-10-05T16:16:28Z,23a7bba69fdb3d4bcfc7b30f6155e5f6f1f35a52,7344,size_in_bytes,lib/ocaml/compiler-libs/flambda2_types__Type_grammar.cmt,6063771
2026-10-05T16:16:28Z,23a7bba69fdb3d4bcfc7b30f6155e5f6f1f35a52,7344,size_in_bytes,lib/ocaml/compiler-libs/flambda2_algorithms__Leapfrog.cmt,177073
2026-10-05T16:16:28Z,23a7bba69fdb3d4bcfc7b30f6155e5f6f1f35a52,7344,size_in_bytes,lib/ocaml/compiler-libs/datarepr.cmt,354804
2026-10-05T16:16:28Z,23a7bba69fdb3d4bcfc7b30f6155e5f6f1f35a52,7344,size_in_bytes,lib/ocaml/compiler-libs/flambda2_simplify__Call_site_inlining_decision.cmt,336586
2026-10-05T16:16:28Z,23a7bba69fdb3d4bcfc7b30f6155e5f6f1f35a52,7344,size_in_bytes,lib/ocaml/compiler-libs/ast_iterator.cmt,1468285
2026-10-05T16:16:28Z,23a7bba69fdb3d4bcfc7b30f6155e5f6f1f35a52,7344,size_in_bytes,lib/ocaml/compiler-libs/flambda2_reaper__Slot_offsets_analysis.cmt,158459
2026-10-05T16:16:28Z,23a7bba69fdb3d4bcfc7b30f6155e5f6f1f35a52,7344,size_in_bytes,lib/ocaml/compiler-libs/flambda2_simplify__Loopify_state.cmt,37380
2026-10-05T16:16:28Z,23a7bba69fdb3d4bcfc7b30f6155e5f6f1f35a52,7344,size_in_bytes,lib/ocaml/compiler-libs/cfg_to_linear_desc.cmt,33907
2026-10-05T16:16:28Z,23a7bba69fdb3d4bcfc7b30f6155e5f6f1f35a52,7344,size_in_bytes,lib/ocaml/compiler-libs/flambda2_terms.cmt,40787
2026-10-05T16:16:28Z,23a7bba69fdb3d4bcfc7b30f6155e5f6f1f35a52,7344,size_in_bytes,lib/ocaml/compiler-libs/stack_class_utils.cmt,185525
2026-10-05T16:16:28Z,23a7bba69fdb3d4bcfc7b30f6155e5f6f1f35a52,7344,size_in_bytes,lib/ocaml/compiler-libs/flambda2_from_lambda__Lambda_to_flambda.cmt,2335320
2026-10-05T16:16:28Z,23a7bba69fdb3d4bcfc7b30f6155e5f6f1f35a52,7344,size_in_bytes,lib/ocaml/compiler-libs/flambda2_term_basics__Or_invalid.cmt,32043
2026-10-05T16:16:28Z,23a7bba69fdb3d4bcfc7b30f6155e5f6f1f35a52,7344,size_in_bytes,lib/ocaml/compiler-libs/printcfg.cmt,571758
2026-10-05T16:16:28Z,23a7bba69fdb3d4bcfc7b30f6155e5f6f1f35a52,7344,size_in_bytes,lib/ocaml/compiler-libs/flambda2_nominal__Contains_names.cmt,26189
2026-10-05T16:16:28Z,23a7bba69fdb3d4bcfc7b30f6155e5f6f1f35a52,7344,size_in_bytes,lib/ocaml/compiler-libs/partition_object_files.cmt,123405
2026-10-05T16:16:28Z,23a7bba69fdb3d4bcfc7b30f6155e5f6f1f35a52,7344,size_in_bytes,lib/ocaml/compiler-libs/flambda2_term_basics__Or_variable.cmt,59312
2026-10-05T16:16:28Z,23a7bba69fdb3d4bcfc7b30f6155e5f6f1f35a52,7344,size_in_bytes,lib/ocaml/compiler-libs/emitaux.cmt,1205140
2026-10-05T16:16:28Z,23a7bba69fdb3d4bcfc7b30f6155e5f6f1f35a52,7344,size_in_bytes,lib/ocaml/compiler-libs/flambda2_terms__Removed_operations.cmt,157283
2026-10-05T16:16:28Z,23a7bba69fdb3d4bcfc7b30f6155e5f6f1f35a52,7344,size_in_bytes,lib/ocaml/compiler-libs/flambda2_types__Provers.cmt,1561440
2026-10-05T16:16:28Z,23a7bba69fdb3d4bcfc7b30f6155e5f6f1f35a52,7344,size_in_bytes,lib/ocaml/compiler-libs/flambda2_simplify__Continuation_shortcut.cmt,86637
2026-10-05T16:16:28Z,23a7bba69fdb3d4bcfc7b30f6155e5f6f1f35a52,7344,size_in_bytes,lib/ocaml/compiler-libs/dwarf_low__Range_list.cmt,20142
2026-10-05T16:16:28Z,23a7bba69fdb3d4bcfc7b30f6155e5f6f1f35a52,7344,size_in_bytes,lib/ocaml/compiler-libs/dwarf_type.cmt,1643076
2026-10-05T16:16:28Z,23a7bba69fdb3d4bcfc7b30f6155e5f6f1f35a52,7344,size_in_bytes,lib/ocaml/compiler-libs/cfg_loop_infos.cmt,253262
2026-10-05T16:16:28Z,23a7bba69fdb3d4bcfc7b30f6155e5f6f1f35a52,7344,size_in_bytes,lib/ocaml/compiler-libs/flambda2_simplify__Continuation_uses.cmt,224073
2026-10-05T16:16:28Z,23a7bba69fdb3d4bcfc7b30f6155e5f6f1f35a52,7344,size_in_bytes,lib/ocaml/compiler-libs/flambda2_floats.cmt,10838
2026-10-05T16:16:28Z,23a7bba69fdb3d4bcfc7b30f6155e5f6f1f35a52,7344,size_in_bytes,lib/ocaml/compiler-libs/includemod_errorprinter.cmt,2155151
2026-10-05T16:16:28Z,23a7bba69fdb3d4bcfc7b30f6155e5f6f1f35a52,7344,size_in_bytes,lib/ocaml/compiler-libs/cfg_cse_target_intf.cmt,41607
2026-10-05T16:16:28Z,23a7bba69fdb3d4bcfc7b30f6155e5f6f1f35a52,7344,size_in_bytes,lib/ocaml/compiler-libs/cfg_stack_checks.cmt,196370
2026-10-05T16:16:28Z,23a7bba69fdb3d4bcfc7b30f6155e5f6f1f35a52,7344,size_in_bytes,lib/ocaml/compiler-libs/flambda2_nominal__Contains_ids.cmt,23596
2026-10-05T16:16:28Z,23a7bba69fdb3d4bcfc7b30f6155e5f6f1f35a52,7344,size_in_bytes,lib/ocaml/compiler-libs/simd.cmt,4994633
2026-10-05T16:16:28Z,23a7bba69fdb3d4bcfc7b30f6155e5f6f1f35a52,7344,size_in_bytes,lib/ocaml/compiler-libs/runtimedef.cmt,101437
2026-10-05T16:16:28Z,23a7bba69fdb3d4bcfc7b30f6155e5f6f1f35a52,7344,size_in_bytes,lib/ocaml/compiler-libs/translmode.cmt,51978
2026-10-05T16:16:28Z,23a7bba69fdb3d4bcfc7b30f6155e5f6f1f35a52,7344,size_in_bytes,lib/ocaml/compiler-libs/location.cmt,1530619
2026-10-05T16:16:28Z,23a7bba69fdb3d4bcfc7b30f6155e5f6f1f35a52,7344,size_in_bytes,lib/ocaml/compiler-libs/reg_with_debug_info.cmt,310040
2026-10-05T16:16:28Z,23a7bba69fdb3d4bcfc7b30f6155e5f6f1f35a52,7344,size_in_bytes,lib/ocaml/compiler-libs/cfg_liveness.cmt,105958
2026-10-05T16:16:28Z,23a7bba69fdb3d4bcfc7b30f6155e5f6f1f35a52,7344,size_in_bytes,lib/ocaml/compiler-libs/cfg_edge.cmt,106270
2026-10-05T16:16:28Z,23a7bba69fdb3d4bcfc7b30f6155e5f6f1f35a52,7344,size_in_bytes,lib/ocaml/compiler-libs/flambda2_simplify__Non_constructed_code.cmt,57456
2026-10-05T16:16:28Z,23a7bba69fdb3d4bcfc7b30f6155e5f6f1f35a52,7344,size_in_bytes,lib/ocaml/compiler-libs/flambda2_simplify__One_continuation_use.cmt,66156
2026-10-05T16:16:28Z,23a7bba69fdb3d4bcfc7b30f6155e5f6f1f35a52,7344,size_in_bytes,lib/ocaml/compiler-libs/optmaindriver.cmt,346117
2026-10-05T16:16:28Z,23a7bba69fdb3d4bcfc7b30f6155e5f6f1f35a52,7344,size_in_bytes,lib/ocaml/compiler-libs/flambda2_identifiers__Variable.cmt,50869
2026-10-05T16:16:28Z,23a7bba69fdb3d4bcfc7b30f6155e5f6f1f35a52,7344,size_in_bytes,lib/ocaml/compiler-libs/arm64_binary_emitter__Nop_helpers.cmt,15490
2026-10-05T16:16:28Z,23a7bba69fdb3d4bcfc7b30f6155e5f6f1f35a52,7344,size_in_bytes,lib/ocaml/compiler-libs/flambda2_parser__Fexpr_to_flambda_commons.cmt,468317
2026-10-05T16:16:28Z,23a7bba69fdb3d4bcfc7b30f6155e5f6f1f35a52,7344,size_in_bytes,lib/ocaml/compiler-libs/flambda2_simplify.cmt,72073
2026-10-05T16:16:28Z,23a7bba69fdb3d4bcfc7b30f6155e5f6f1f35a52,7344,size_in_bytes,lib/ocaml/compiler-libs/flambda2_terms__Trap_action.cmt,122440
2026-10-05T16:16:28Z,23a7bba69fdb3d4bcfc7b30f6155e5f6f1f35a52,7344,size_in_bytes,lib/ocaml/compiler-libs/type_shape.cmt,1291762
2026-10-05T16:16:28Z,23a7bba69fdb3d4bcfc7b30f6155e5f6f1f35a52,7344,size_in_bytes,lib/ocaml/compiler-libs/flambda2_terms__Expr_std.cmt,33525
2026-10-05T16:16:28Z,23a7bba69fdb3d4bcfc7b30f6155e5f6f1f35a52,7344,size_in_bytes,lib/ocaml/compiler-libs/printlinear.cmt,292270
2026-10-05T16:16:28Z,23a7bba69fdb3d4bcfc7b30f6155e5f6f1f35a52,7344,size_in_bytes,lib/ocaml/compiler-libs/cmm_invariants.cmt,205354
2026-10-05T16:16:28Z,23a7bba69fdb3d4bcfc7b30f6155e5f6f1f35a52,7344,size_in_bytes,lib/ocaml/compiler-libs/flambda2_simplify__Specialization_cost.cmt,207455
2026-10-05T16:16:28Z,23a7bba69fdb3d4bcfc7b30f6155e5f6f1f35a52,7344,size_in_bytes,lib/ocaml/compiler-libs/flambda2_terms__Code_size.cmt,445490
2026-10-05T16:16:28Z,23a7bba69fdb3d4bcfc7b30f6155e5f6f1f35a52,7344,size_in_bytes,lib/ocaml/compiler-libs/builtin_attributes.cmt,1276931
2026-10-05T16:16:28Z,23a7bba69fdb3d4bcfc7b30f6155e5f6f1f35a52,7344,size_in_bytes,lib/ocaml/compiler-libs/dwarf_high__Dwarf_world.cmt,89671
2026-10-05T16:16:28Z,23a7bba69fdb3d4bcfc7b30f6155e5f6f1f35a52,7344,size_in_bytes,lib/ocaml/compiler-libs/pprintast.cmt,5940076
2026-10-05T16:16:28Z,23a7bba69fdb3d4bcfc7b30f6155e5f6f1f35a52,7344,size_in_bytes,lib/ocaml/compiler-libs/flambda2_reaper.cmt,22530
2026-10-05T16:16:28Z,23a7bba69fdb3d4bcfc7b30f6155e5f6f1f35a52,7344,size_in_bytes,lib/ocaml/compiler-libs/longident.cmt,79985
2026-10-05T16:16:28Z,23a7bba69fdb3d4bcfc7b30f6155e5f6f1f35a52,7344,size_in_bytes,lib/ocaml/compiler-libs/flambda2_simplify__Lifted_cont_params.cmt,116424
2026-10-05T16:16:28Z,23a7bba69fdb3d4bcfc7b30f6155e5f6f1f35a52,7344,size_in_bytes,lib/ocaml/compiler-libs/flambda2_to_cmm__To_cmm_result.cmt,194128
2026-10-05T16:16:28Z,23a7bba69fdb3d4bcfc7b30f6155e5f6f1f35a52,7344,size_in_bytes,lib/ocaml/compiler-libs/trace.cmt,228603
2026-10-05T16:16:28Z,23a7bba69fdb3d4bcfc7b30f6155e5f6f1f35a52,7344,size_in_bytes,lib/ocaml/compiler-libs/flambda2_to_jsir__To_jsir_result.cmt,179609
2026-10-05T16:16:28Z,23a7bba69fdb3d4bcfc7b30f6155e5f6f1f35a52,7344,size_in_bytes,lib/ocaml/compiler-libs/flambda2_from_lambda__Closure_conversion_aux.cmt,1311349
2026-10-05T16:16:28Z,23a7bba69fdb3d4bcfc7b30f6155e5f6f1f35a52,7344,size_in_bytes,lib/ocaml/compiler-libs/zero_alloc_info.cmt,84338
2026-10-05T16:16:28Z,23a7bba69fdb3d4bcfc7b30f6155e5f6f1f35a52,7344,size_in_bytes,lib/ocaml/compiler-libs/cmm.cmt,688267
2026-10-05T16:16:28Z,23a7bba69fdb3d4bcfc7b30f6155e5f6f1f35a52,7344,size_in_bytes,lib/ocaml/compiler-libs/flambda2_terms__Inlined_attribute.cmt,115554
2026-10-05T16:16:28Z,23a7bba69fdb3d4bcfc7b30f6155e5f6f1f35a52,7344,size_in_bytes,lib/ocaml/compiler-libs/oxcaml_flags.cmt,514232
2026-10-05T16:16:28Z,23a7bba69fdb3d4bcfc7b30f6155e5f6f1f35a52,7344,size_in_bytes,lib/ocaml/compiler-libs/flambda2_cmx__Exported_code.cmt,152395
2026-10-05T16:16:28Z,23a7bba69fdb3d4bcfc7b30f6155e5f6f1f35a52,7344,size_in_bytes,lib/ocaml/compiler-libs/flambda2_term_basics__Simple.cmt,667269
2026-10-05T16:16:28Z,23a7bba69fdb3d4bcfc7b30f6155e5f6f1f35a52,7344,size_in_bytes,lib/ocaml/compiler-libs/flambda2_terms__Inlining_state.cmt,93260
2026-10-05T16:16:28Z,23a7bba69fdb3d4bcfc7b30f6155e5f6f1f35a52,7344,size_in_bytes,lib/ocaml/compiler-libs/flambda2_datalog.cmt,408832
2026-10-05T16:16:28Z,23a7bba69fdb3d4bcfc7b30f6155e5f6f1f35a52,7344,size_in_bytes,lib/ocaml/compiler-libs/flambda2_reaper__Rebuild.cmt,2660937
2026-10-05T16:16:28Z,23a7bba69fdb3d4bcfc7b30f6155e5f6f1f35a52,7344,size_in_bytes,lib/ocaml/compiler-libs/flambda2_numbers__Or_infinity.cmt,39032
2026-10-05T16:16:28Z,23a7bba69fdb3d4bcfc7b30f6155e5f6f1f35a52,7344,size_in_bytes,lib/ocaml/compiler-libs/flambda2_simplify__Dominator_graph.cmt,449833
2026-10-05T16:16:28Z,23a7bba69fdb3d4bcfc7b30f6155e5f6f1f35a52,7344,size_in_bytes,lib/ocaml/compiler-libs/x86_masm.cmt,616533
2026-10-05T16:16:28Z,23a7bba69fdb3d4bcfc7b30f6155e5f6f1f35a52,7344,size_in_bytes,lib/ocaml/compiler-libs/dwarf_low.cmt,43233
2026-10-05T16:16:28Z,23a7bba69fdb3d4bcfc7b30f6155e5f6f1f35a52,7344,size_in_bytes,lib/ocaml/compiler-libs/x86_section.cmt,110670
2026-10-05T16:16:28Z,23a7bba69fdb3d4bcfc7b30f6155e5f6f1f35a52,7344,size_in_bytes,lib/ocaml/compiler-libs/x86_peephole_optimize.cmt,35432
2026-10-05T16:16:28Z,23a7bba69fdb3d4bcfc7b30f6155e5f6f1f35a52,7344,size_in_bytes,lib/ocaml/compiler-libs/flambda2_to_cmm__To_cmm_shared.cmt,526846
2026-10-05T16:16:28Z,23a7bba69fdb3d4bcfc7b30f6155e5f6f1f35a52,7344,size_in_bytes,lib/ocaml/compiler-libs/signature_group.cmt,181682
2026-10-05T16:16:28Z,23a7bba69fdb3d4bcfc7b30f6155e5f6f1f35a52,7344,size_in_bytes,lib/ocaml/compiler-libs/flambda2_terms__Flambda_unit.cmt,78741
2026-10-05T16:16:28Z,23a7bba69fdb3d4bcfc7b30f6155e5f6f1f35a52,7344,size_in_bytes,lib/ocaml/compiler-libs/flambda2_terms__Function_declarations.cmt,129307
2026-10-05T16:16:28Z,23a7bba69fdb3d4bcfc7b30f6155e5f6f1f35a52,7344,size_in_bytes,lib/ocaml/compiler-libs/arm64_binary_emitter__All_section_states.cmt,171818
2026-10-05T16:16:28Z,23a7bba69fdb3d4bcfc7b30f6155e5f6f1f35a52,7344,size_in_bytes,lib/ocaml/compiler-libs/language_extension.cmt,563208
2026-10-05T16:16:28Z,23a7bba69fdb3d4bcfc7b30f6155e5f6f1f35a52,7344,size_in_bytes,lib/ocaml/compiler-libs/asm_targets__Asm_label.cmt,253544
2026-10-05T16:16:28Z,23a7bba69fdb3d4bcfc7b30f6155e5f6f1f35a52,7344,size_in_bytes,lib/ocaml/compiler-libs/flambda2_terms__Probe.cmt,33181
2026-10-05T16:16:28Z,23a7bba69fdb3d4bcfc7b30f6155e5f6f1f35a52,7344,size_in_bytes,lib/ocaml/compiler-libs/flambda2_terms__Result_types.cmt,233184
2026-10-05T16:16:28Z,23a7bba69fdb3d4bcfc7b30f6155e5f6f1f35a52,7344,size_in_bytes,lib/ocaml/compiler-libs/cfg_validation_facts.cmt,146782
2026-10-05T16:16:28Z,23a7bba69fdb3d4bcfc7b30f6155e5f6f1f35a52,7344,size_in_bytes,lib/ocaml/compiler-libs/printlambda.cmt,3300488
2026-10-05T16:16:28Z,23a7bba69fdb3d4bcfc7b30f6155e5f6f1f35a52,7344,size_in_bytes,lib/ocaml/compiler-libs/arm64_binary_emitter__Data_proc_helpers.cmt,159399
2026-10-05T16:16:28Z,23a7bba69fdb3d4bcfc7b30f6155e5f6f1f35a52,7344,size_in_bytes,lib/ocaml/compiler-libs/arm64_binary_emitter__Section_state.cmt,233879
2026-10-05T16:16:28Z,23a7bba69fdb3d4bcfc7b30f6155e5f6f1f35a52,7344,size_in_bytes,lib/ocaml/compiler-libs/mode.cmt,12989153
2026-10-05T16:16:28Z,23a7bba69fdb3d4bcfc7b30f6155e5f6f1f35a52,7344,size_in_bytes,lib/ocaml/compiler-libs/cfg_deadcode.cmt,74076
2026-10-05T16:16:28Z,23a7bba69fdb3d4bcfc7b30f6155e5f6f1f35a52,7344,size_in_bytes,lib/ocaml/compiler-libs/flambda2_reaper__Types_rewriter.cmt,1522270
2026-10-05T16:16:28Z,23a7bba69fdb3d4bcfc7b30f6155e5f6f1f35a52,7344,size_in_bytes,lib/ocaml/compiler-libs/flambda2_to_cmm__To_cmm_env.cmt,1415005
2026-10-05T16:16:28Z,23a7bba69fdb3d4bcfc7b30f6155e5f6f1f35a52,7344,size_in_bytes,lib/ocaml/compiler-libs/flambda2_parser__Flambda_parser_messages.cmt,73950
2026-10-05T16:16:28Z,23a7bba69fdb3d4bcfc7b30f6155e5f6f1f35a52,7344,size_in_bytes,lib/ocaml/compiler-libs/dwarf_low__Composite_location_description.cmt,38481
2026-10-05T16:16:28Z,23a7bba69fdb3d4bcfc7b30f6155e5f6f1f35a52,7344,size_in_bytes,lib/ocaml/compiler-libs/arm64_binary_emitter__Condition_helpers.cmt,29285
2026-10-05T16:16:28Z,23a7bba69fdb3d4bcfc7b30f6155e5f6f1f35a52,7344,size_in_bytes,lib/ocaml/compiler-libs/asttypes.cmt,27920
2026-10-05T16:16:28Z,23a7bba69fdb3d4bcfc7b30f6155e5f6f1f35a52,7344,size_in_bytes,lib/ocaml/compiler-libs/runtimetags.cmt,21783
2026-10-05T16:16:28Z,23a7bba69fdb3d4bcfc7b30f6155e5f6f1f35a52,7344,size_in_bytes,lib/ocaml/compiler-libs/flambda2_types__Reify.cmt,536877
2026-10-05T16:16:28Z,23a7bba69fdb3d4bcfc7b30f6155e5f6f1f35a52,7344,size_in_bytes,lib/ocaml/compiler-libs/regalloc_ls_utils.cmt,501797
2026-10-05T16:16:28Z,23a7bba69fdb3d4bcfc7b30f6155e5f6f1f35a52,7344,size_in_bytes,lib/ocaml/compiler-libs/arm64_binary_emitter__For_jit.cmt,159709
2026-10-05T16:16:28Z,23a7bba69fdb3d4bcfc7b30f6155e5f6f1f35a52,7344,size_in_bytes,lib/ocaml/compiler-libs/doubly_linked_list.cmt,571404
2026-10-05T16:16:28Z,23a7bba69fdb3d4bcfc7b30f6155e5f6f1f35a52,7344,size_in_bytes,lib/ocaml/compiler-libs/terminfo.cmt,50739
2026-10-05T16:16:28Z,23a7bba69fdb3d4bcfc7b30f6155e5f6f1f35a52,7344,size_in_bytes,lib/ocaml/compiler-libs/x86_binary_emitter.cmt,3416330
2026-10-05T16:16:28Z,23a7bba69fdb3d4bcfc7b30f6155e5f6f1f35a52,7344,size_in_bytes,lib/ocaml/compiler-libs/dwarf_low__Debugging_information_entry.cmt,64076
2026-10-05T16:16:28Z,23a7bba69fdb3d4bcfc7b30f6155e5f6f1f35a52,7344,size_in_bytes,lib/ocaml/compiler-libs/slambdaeval.cmt,1421250
2026-10-05T16:16:28Z,23a7bba69fdb3d4bcfc7b30f6155e5f6f1f35a52,7344,size_in_bytes,lib/ocaml/compiler-libs/flambda2_terms__Effects.cmt,55428
2026-10-05T16:16:28Z,23a7bba69fdb3d4bcfc7b30f6155e5f6f1f35a52,7344,size_in_bytes,lib/ocaml/compiler-libs/flambda2_ui__Flambda_features.cmt,386188
2026-10-05T16:16:28Z,23a7bba69fdb3d4bcfc7b30f6155e5f6f1f35a52,7344,size_in_bytes,lib/ocaml/compiler-libs/translattribute.cmt,531524
2026-10-05T16:16:28Z,23a7bba69fdb3d4bcfc7b30f6155e5f6f1f35a52,7344,size_in_bytes,lib/ocaml/compiler-libs/dwarf_low__Dwarf_attribute_values.cmt,203068
2026-10-05T16:16:28Z,23a7bba69fdb3d4bcfc7b30f6155e5f6f1f35a52,7344,size_in_bytes,lib/ocaml/compiler-libs/transl_array_comprehension.cmt,541661
2026-10-05T16:16:28Z,23a7bba69fdb3d4bcfc7b30f6155e5f6f1f35a52,7344,size_in_bytes,lib/ocaml/compiler-libs/flambda2_datalog__Schedule.cmt,708965
2026-10-05T16:16:28Z,23a7bba69fdb3d4bcfc7b30f6155e5f6f1f35a52,7344,size_in_bytes,lib/ocaml/compiler-libs/flambda2_reaper__Unboxing_analysis.cmt,1307141
2026-10-05T16:16:28Z,23a7bba69fdb3d4bcfc7b30f6155e5f6f1f35a52,7344,size_in_bytes,lib/ocaml/compiler-libs/flambda2_numbers__Target_ocaml_int.cmt,1081830
2026-10-05T16:16:28Z,23a7bba69fdb3d4bcfc7b30f6155e5f6f1f35a52,7344,size_in_bytes,lib/ocaml/compiler-libs/untypeast.cmt,2043282
2026-10-05T16:16:28Z,23a7bba69fdb3d4bcfc7b30f6155e5f6f1f35a52,7344,size_in_bytes,lib/ocaml/compiler-libs/cfg_format.cmt,116787
2026-10-05T16:16:28Z,23a7bba69fdb3d4bcfc7b30f6155e5f6f1f35a52,7344,size_in_bytes,lib/ocaml/compiler-libs/flambda2_simplify__Simplify_nullary_primitive.cmt,104977
2026-10-05T16:16:28Z,23a7bba69fdb3d4bcfc7b30f6155e5f6f1f35a52,7344,size_in_bytes,lib/ocaml/compiler-libs/cfg_colours.cmt,43908
2026-10-05T16:16:28Z,23a7bba69fdb3d4bcfc7b30f6155e5f6f1f35a52,7344,size_in_bytes,lib/ocaml/compiler-libs/flambda2_term_basics__Symbol_projection.cmt,169602
2026-10-05T16:16:28Z,23a7bba69fdb3d4bcfc7b30f6155e5f6f1f35a52,7344,size_in_bytes,lib/ocaml/compiler-libs/errortrace.cmt,171029
2026-10-05T16:16:28Z,23a7bba69fdb3d4bcfc7b30f6155e5f6f1f35a52,7344,size_in_bytes,lib/ocaml/compiler-libs/flambda2_simplify__Apply_cont_rewrite.cmt,294613
2026-10-05T16:16:28Z,23a7bba69fdb3d4bcfc7b30f6155e5f6f1f35a52,7344,size_in_bytes,lib/ocaml/compiler-libs/flambda2_terms__Code_or_metadata.cmt,243687
2026-10-05T16:16:28Z,23a7bba69fdb3d4bcfc7b30f6155e5f6f1f35a52,7344,size_in_bytes,lib/ocaml/compiler-libs/dwarf_low__Counted_location_description.cmt,31237
2026-10-05T16:16:28Z,23a7bba69fdb3d4bcfc7b30f6155e5f6f1f35a52,7344,size_in_bytes,lib/ocaml/compiler-libs/regalloc_ls_state.cmt,320495
2026-10-05T16:16:28Z,23a7bba69fdb3d4bcfc7b30f6155e5f6f1f35a52,7344,size_in_bytes,lib/ocaml/compiler-libs/translcore.cmt,3620272
2026-10-05T16:16:28Z,23a7bba69fdb3d4bcfc7b30f6155e5f6f1f35a52,7344,size_in_bytes,lib/ocaml/compiler-libs/flambda2_simplify_shared__Exported_offsets.cmt,203742
2026-10-05T16:16:28Z,23a7bba69fdb3d4bcfc7b30f6155e5f6f1f35a52,7344,size_in_bytes,lib/ocaml/compiler-libs/flambda2_to_cmm.cmt,16769
2026-10-05T16:16:28Z,23a7bba69fdb3d4bcfc7b30f6155e5f6f1f35a52,7344,size_in_bytes,lib/ocaml/compiler-libs/flambda2_term_basics__Unit.cmt,169206
2026-10-05T16:16:28Z,23a7bba69fdb3d4bcfc7b30f6155e5f6f1f35a52,7344,size_in_bytes,lib/ocaml/compiler-libs/flambda2_to_jsir__To_jsir_shared.cmt,150772
2026-10-05T16:16:28Z,23a7bba69fdb3d4bcfc7b30f6155e5f6f1f35a52,7344,size_in_bytes,lib/ocaml/compiler-libs/dwarf_low__Dwarf_operator.cmt,421072
2026-10-05T16:16:28Z,23a7bba69fdb3d4bcfc7b30f6155e5f6f1f35a52,7344,size_in_bytes,lib/ocaml/compiler-libs/out_type.cmt,5352542
2026-10-05T16:16:28Z,23a7bba69fdb3d4bcfc7b30f6155e5f6f1f35a52,7344,size_in_bytes,lib/ocaml/compiler-libs/flambda2_cmx.cmt,12262
2026-10-05T16:16:28Z,23a7bba69fdb3d4bcfc7b30f6155e5f6f1f35a52,7344,size_in_bytes,lib/ocaml/compiler-libs/flambda2_simplify__Simplified_named.cmt,98757
2026-10-05T16:16:28Z,23a7bba69fdb3d4bcfc7b30f6155e5f6f1f35a52,7344,size_in_bytes,lib/ocaml/compiler-libs/flambda2_types__Aliases.cmt,937318
2026-10-05T16:16:28Z,23a7bba69fdb3d4bcfc7b30f6155e5f6f1f35a52,7344,size_in_bytes,lib/ocaml/compiler-libs/regalloc_invariants.cmt,265730
2026-10-05T16:16:28Z,23a7bba69fdb3d4bcfc7b30f6155e5f6f1f35a52,7344,size_in_bytes,lib/ocaml/compiler-libs/cfg_simplify.cmt,307391
2026-10-05T16:16:28Z,23a7bba69fdb3d4bcfc7b30f6155e5f6f1f35a52,7344,size_in_bytes,lib/ocaml/compiler-libs/reg_availability_set.cmt,137359
2026-10-05T16:16:28Z,23a7bba69fdb3d4bcfc7b30f6155e5f6f1f35a52,7344,size_in_bytes,lib/ocaml/compiler-libs/string_table.cmt,36987
2026-10-05T16:16:28Z,23a7bba69fdb3d4bcfc7b30f6155e5f6f1f35a52,7344,size_in_bytes,lib/ocaml/compiler-libs/flambda2_bound_identifiers__Bound_var.cmt,83940
2026-10-05T16:16:28Z,23a7bba69fdb3d4bcfc7b30f6155e5f6f1f35a52,7344,size_in_bytes,lib/ocaml/compiler-libs/flambda2_simplify__Simplify_primitive.cmt,324224
2026-10-05T16:16:28Z,23a7bba69fdb3d4bcfc7b30f6155e5f6f1f35a52,7344,size_in_bytes,lib/ocaml/compiler-libs/dwarf_low__Dwarf_int.cmt,119577
2026-10-05T16:16:28Z,23a7bba69fdb3d4bcfc7b30f6155e5f6f1f35a52,7344,size_in_bytes,lib/ocaml/compiler-libs/import_info.cmt,179353
2026-10-05T16:16:28Z,23a7bba69fdb3d4bcfc7b30f6155e5f6f1f35a52,7344,size_in_bytes,lib/ocaml/compiler-libs/flambda2_classic_mode_types__Value_approximation.cmt,90497
2026-10-05T16:16:28Z,23a7bba69fdb3d4bcfc7b30f6155e5f6f1f35a52,7344,size_in_bytes,lib/ocaml/compiler-libs/stack_class.cmt,65277
2026-10-05T16:16:28Z,23a7bba69fdb3d4bcfc7b30f6155e5f6f1f35a52,7344,size_in_bytes,lib/ocaml/compiler-libs/ir_config_fingerprint.cmt,77303
2026-10-05T16:16:28Z,23a7bba69fdb3d4bcfc7b30f6155e5f6f1f35a52,7344,size_in_bytes,lib/ocaml/compiler-libs/flambda2_types__Meet.cmt,68166
2026-10-05T16:16:28Z,23a7bba69fdb3d4bcfc7b30f6155e5f6f1f35a52,7344,size_in_bytes,lib/ocaml/compiler-libs/cfg_selectgen_target_intf.cmt,74026
2026-10-05T16:16:28Z,23a7bba69fdb3d4bcfc7b30f6155e5f6f1f35a52,7344,size_in_bytes,lib/ocaml/compiler-libs/flambda2_types.cmt,468736
2026-10-05T16:16:28Z,23a7bba69fdb3d4bcfc7b30f6155e5f6f1f35a52,7344,size_in_bytes,lib/ocaml/compiler-libs/flambda2_floats__Float32.cmt,30852
2026-10-05T16:16:28Z,23a7bba69fdb3d4bcfc7b30f6155e5f6f1f35a52,7344,size_in_bytes,lib/ocaml/compiler-libs/cm_bundle.cmt,135582
2026-10-05T16:16:28Z,23a7bba69fdb3d4bcfc7b30f6155e5f6f1f35a52,7344,size_in_bytes,lib/ocaml/compiler-libs/flambda2_parser__Fexpr_to_flambda.cmt,1227520
2026-10-05T16:16:28Z,23a7bba69fdb3d4bcfc7b30f6155e5f6f1f35a52,7344,size_in_bytes,lib/ocaml/compiler-libs/dwarf_low__Range_list_entry.cmt,33366
2026-10-05T16:16:28Z,23a7bba69fdb3d4bcfc7b30f6155e5f6f1f35a52,7344,size_in_bytes,lib/ocaml/compiler-libs/measure_object_files.cmt,230440
2026-10-05T16:16:28Z,23a7bba69fdb3d4bcfc7b30f6155e5f6f1f35a52,7344,size_in_bytes,lib/ocaml/compiler-libs/flambda2_bound_identifiers__Bound_pattern.cmt,246677
2026-10-05T16:16:28Z,23a7bba69fdb3d4bcfc7b30f6155e5f6f1f35a52,7344,size_in_bytes,lib/ocaml/compiler-libs/dwarf_low__Dwarf_version.cmt,33384
2026-10-05T16:16:28Z,23a7bba69fdb3d4bcfc7b30f6155e5f6f1f35a52,7344,size_in_bytes,lib/ocaml/compiler-libs/flambda2_compare.cmt,10824
2026-10-05T16:16:28Z,23a7bba69fdb3d4bcfc7b30f6155e5f6f1f35a52,7344,size_in_bytes,lib/ocaml/compiler-libs/binutils.cmt,882725
2026-10-05T16:16:28Z,23a7bba69fdb3d4bcfc7b30f6155e5f6f1f35a52,7344,size_in_bytes,lib/ocaml/compiler-libs/gprinttyp.cmt,1806714
2026-10-05T16:16:28Z,23a7bba69fdb3d4bcfc7b30f6155e5f6f1f35a52,7344,size_in_bytes,lib/ocaml/compiler-libs/diffing.cmt,571854
2026-10-05T16:16:28Z,23a7bba69fdb3d4bcfc7b30f6155e5f6f1f35a52,7344,size_in_bytes,lib/ocaml/compiler-libs/compilenv.cmt,370332
2026-10-05T16:16:28Z,23a7bba69fdb3d4bcfc7b30f6155e5f6f1f35a52,7344,size_in_bytes,lib/ocaml/compiler-libs/dwarf_low__Debug_ranges_table.cmt,45464
2026-10-05T16:16:28Z,23a7bba69fdb3d4bcfc7b30f6155e5f6f1f35a52,7344,size_in_bytes,lib/ocaml/compiler-libs/flambda2_simplify__Expr_builder.cmt,739726
2026-10-05T16:16:28Z,23a7bba69fdb3d4bcfc7b30f6155e5f6f1f35a52,7344,size_in_bytes,lib/ocaml/compiler-libs/dwarf_low__Single_location_description.cmt,28815
2026-10-05T16:16:28Z,23a7bba69fdb3d4bcfc7b30f6155e5f6f1f35a52,7344,size_in_bytes,lib/ocaml/compiler-libs/eh_frame_registration.cmt,37260
2026-10-05T16:16:28Z,23a7bba69fdb3d4bcfc7b30f6155e5f6f1f35a52,7344,size_in_bytes,lib/ocaml/compiler-libs/dwarf_low__Dwarf_arch_sizes.cmt,11945
2026-10-05T16:16:28Z,23a7bba69fdb3d4bcfc7b30f6155e5f6f1f35a52,7344,size_in_bytes,lib/ocaml/compiler-libs/regalloc_split_utils.cmt,149596
2026-10-05T16:16:28Z,23a7bba69fdb3d4bcfc7b30f6155e5f6f1f35a52,7344,size_in_bytes,lib/ocaml/compiler-libs/instantiator.cmt,317144
2026-10-05T16:16:28Z,23a7bba69fdb3d4bcfc7b30f6155e5f6f1f35a52,7344,size_in_bytes,lib/ocaml/compiler-libs/iplt.cmt,132934
2026-10-05T16:16:28Z,23a7bba69fdb3d4bcfc7b30f6155e5f6f1f35a52,7344,size_in_bytes,lib/ocaml/compiler-libs/scalar.cmt,680030
2026-10-05T16:16:28Z,23a7bba69fdb3d4bcfc7b30f6155e5f6f1f35a52,7344,size_in_bytes,lib/ocaml/compiler-libs/cmt2annot.cmt,258398
2026-10-05T16:16:28Z,23a7bba69fdb3d4bcfc7b30f6155e5f6f1f35a52,7344,size_in_bytes,lib/ocaml/compiler-libs/arm64_ast.cmt,11399
2026-10-05T16:16:28Z,23a7bba69fdb3d4bcfc7b30f6155e5f6f1f35a52,7344,size_in_bytes,lib/ocaml/compiler-libs/available_ranges_vars.cmt,207764
2026-10-05T16:16:28Z,23a7bba69fdb3d4bcfc7b30f6155e5f6f1f35a52,7344,size_in_bytes,lib/ocaml/compiler-libs/flambda2_from_lambda__Lambda_to_flambda_primitives.cmt,4530483
2026-10-05T16:16:28Z,23a7bba69fdb3d4bcfc7b30f6155e5f6f1f35a52,7344,size_in_bytes,lib/ocaml/compiler-libs/ikind.cmt,2250478
2026-10-05T16:16:28Z,23a7bba69fdb3d4bcfc7b30f6155e5f6f1f35a52,7344,size_in_bytes,lib/ocaml/compiler-libs/generic_fns.cmt,469256
2026-10-05T16:16:28Z,23a7bba69fdb3d4bcfc7b30f6155e5f6f1f35a52,7344,size_in_bytes,lib/ocaml/compiler-libs/flambda2_bound_identifiers__Bound_continuations.cmt,77117
2026-10-05T16:16:28Z,23a7bba69fdb3d4bcfc7b30f6155e5f6f1f35a52,7344,size_in_bytes,lib/ocaml/compiler-libs/location_tracker_formatter.cmt,176814
2026-10-05T16:16:28Z,23a7bba69fdb3d4bcfc7b30f6155e5f6f1f35a52,7344,size_in_bytes,lib/ocaml/compiler-libs/regs_utils.cmt,172737
2026-10-05T16:16:28Z,23a7bba69fdb3d4bcfc7b30f6155e5f6f1f35a52,7344,size_in_bytes,lib/ocaml/compiler-libs/flambda2_cmx__Flambda_cmx_format.cmt,242309
2026-10-05T16:16:28Z,23a7bba69fdb3d4bcfc7b30f6155e5f6f1f35a52,7344,size_in_bytes,lib/ocaml/compiler-libs/arm64_binary_emitter__Bitfield_helpers.cmt,62068
2026-10-05T16:16:28Z,23a7bba69fdb3d4bcfc7b30f6155e5f6f1f35a52,7344,size_in_bytes,lib/ocaml/compiler-libs/asmlink.cmt,623230
2026-10-05T16:16:28Z,23a7bba69fdb3d4bcfc7b30f6155e5f6f1f35a52,7344,size_in_bytes,lib/ocaml/compiler-libs/arm64_binary_emitter__Fp_helpers.cmt,321720
2026-10-05T16:16:28Z,23a7bba69fdb3d4bcfc7b30f6155e5f6f1f35a52,7344,size_in_bytes,lib/ocaml/compiler-libs/camlinternalMenhirLib.cmt,2351882
2026-10-05T16:16:28Z,23a7bba69fdb3d4bcfc7b30f6155e5f6f1f35a52,7344,size_in_bytes,lib/ocaml/compiler-libs/binary_emitter_helpers.cmt,19441
2026-10-05T16:16:28Z,23a7bba69fdb3d4bcfc7b30f6155e5f6f1f35a52,7344,size_in_bytes,lib/ocaml/compiler-libs/compute_ranges_intf.cmt,190955
2026-10-05T16:16:28Z,23a7bba69fdb3d4bcfc7b30f6155e5f6f1f35a52,7344,size_in_bytes,lib/ocaml/compiler-libs/x86_peephole_rules.cmt,237263
2026-10-05T16:16:28Z,23a7bba69fdb3d4bcfc7b30f6155e5f6f1f35a52,7344,size_in_bytes,lib/ocaml/compiler-libs/flambda2_terms__First_complex_local_param.cmt,36016
2026-10-05T16:16:28Z,23a7bba69fdb3d4bcfc7b30f6155e5f6f1f35a52,7344,size_in_bytes,lib/ocaml/compiler-libs/flambda2_terms__Loopify_attribute.cmt,42586
2026-10-05T16:16:28Z,23a7bba69fdb3d4bcfc7b30f6155e5f6f1f35a52,7344,size_in_bytes,lib/ocaml/compiler-libs/cmm_builtins.cmt,2314746
2026-10-05T16:16:28Z,23a7bba69fdb3d4bcfc7b30f6155e5f6f1f35a52,7344,size_in_bytes,lib/ocaml/compiler-libs/dwarf_flags.cmt,180688
2026-10-05T16:16:28Z,23a7bba69fdb3d4bcfc7b30f6155e5f6f1f35a52,7344,size_in_bytes,lib/ocaml/compiler-libs/linear.cmt,112218
2026-10-05T16:16:28Z,23a7bba69fdb3d4bcfc7b30f6155e5f6f1f35a52,7344,size_in_bytes,lib/ocaml/compiler-libs/zero_alloc_utils.cmt,265511
2026-10-05T16:16:28Z,23a7bba69fdb3d4bcfc7b30f6155e5f6f1f35a52,7344,size_in_bytes,lib/ocaml/compiler-libs/flambda2_identifiers.cmt,23875
2026-10-05T16:16:28Z,23a7bba69fdb3d4bcfc7b30f6155e5f6f1f35a52,7344,size_in_bytes,lib/ocaml/compiler-libs/dwarf_low__Location_list_entry.cmt,29602
2026-10-05T16:16:28Z,23a7bba69fdb3d4bcfc7b30f6155e5f6f1f35a52,7344,size_in_bytes,lib/ocaml/compiler-libs/rewrite_sections.cmt,425773
2026-10-05T16:16:28Z,23a7bba69fdb3d4bcfc7b30f6155e5f6f1f35a52,7344,size_in_bytes,lib/ocaml/compiler-libs/mixed_block_shape.cmt,357643
2026-10-05T16:16:28Z,23a7bba69fdb3d4bcfc7b30f6155e5f6f1f35a52,7344,size_in_bytes,lib/ocaml/compiler-libs/flambda2_terms__Exn_continuation.cmt,294728
2026-10-05T16:16:28Z,23a7bba69fdb3d4bcfc7b30f6155e5f6f1f35a52,7344,size_in_bytes,lib/ocaml/compiler-libs/binary_emitter_intf.cmt,58665
2026-10-05T16:16:28Z,23a7bba69fdb3d4bcfc7b30f6155e5f6f1f35a52,7344,size_in_bytes,lib/ocaml/compiler-libs/regalloc_irc_state.cmt,1001579
2026-10-05T16:16:28Z,23a7bba69fdb3d4bcfc7b30f6155e5f6f1f35a52,7344,size_in_bytes,lib/ocaml/compiler-libs/flambda2_simplify__Simplify_simple.cmt,80828
2026-10-05T16:16:28Z,23a7bba69fdb3d4bcfc7b30f6155e5f6f1f35a52,7344,size_in_bytes,lib/ocaml/compiler-libs/dwarf_low__Abbreviations_table_entry.cmt,65082
2026-10-05T16:16:28Z,23a7bba69fdb3d4bcfc7b30f6155e5f6f1f35a52,7344,size_in_bytes,lib/ocaml/compiler-libs/structured_mangling.cmt,585490
2026-10-05T16:16:28Z,23a7bba69fdb3d4bcfc7b30f6155e5f6f1f35a52,7344,size_in_bytes,lib/ocaml/compiler-libs/jkind_intf.cmt,159661
2026-10-05T16:16:28Z,23a7bba69fdb3d4bcfc7b30f6155e5f6f1f35a52,7344,size_in_bytes,lib/ocaml/compiler-libs/dwarf_inlined_frames.cmt,548740
2026-10-05T16:16:28Z,23a7bba69fdb3d4bcfc7b30f6155e5f6f1f35a52,7344,size_in_bytes,lib/ocaml/compiler-libs/stack_check.cmt,34345
2026-10-05T16:16:28Z,23a7bba69fdb3d4bcfc7b30f6155e5f6f1f35a52,7344,size_in_bytes,lib/ocaml/compiler-libs/path.cmt,331950
2026-10-05T16:16:28Z,23a7bba69fdb3d4bcfc7b30f6155e5f6f1f35a52,7344,size_in_bytes,lib/ocaml/compiler-libs/signature_with_global_bindings.cmt,89151
2026-10-05T16:16:28Z,23a7bba69fdb3d4bcfc7b30f6155e5f6f1f35a52,7344,size_in_bytes,lib/ocaml/compiler-libs/flambda2_identifiers__Flambda_debug_uid.cmt,201815
2026-10-05T16:16:28Z,23a7bba69fdb3d4bcfc7b30f6155e5f6f1f35a52,7344,size_in_bytes,lib/ocaml/compiler-libs/flambda2_bound_identifiers__Bound_continuation.cmt,39659
2026-10-05T16:16:28Z,23a7bba69fdb3d4bcfc7b30f6155e5f6f1f35a52,7344,size_in_bytes,lib/ocaml/compiler-libs/flambda2_types__Meet_and_join.cmt,3362868
2026-10-05T16:16:28Z,23a7bba69fdb3d4bcfc7b30f6155e5f6f1f35a52,7344,size_in_bytes,lib/ocaml/compiler-libs/extract_relocations.cmt,222859
2026-10-05T16:16:28Z,23a7bba69fdb3d4bcfc7b30f6155e5f6f1f35a52,7344,size_in_bytes,lib/ocaml/compiler-libs/diffing_with_keys.cmt,279557
2026-10-05T16:16:28Z,23a7bba69fdb3d4bcfc7b30f6155e5f6f1f35a52,7344,size_in_bytes,lib/ocaml/compiler-libs/arrayset.cmt,199364
2026-10-05T16:16:28Z,23a7bba69fdb3d4bcfc7b30f6155e5f6f1f35a52,7344,size_in_bytes,lib/ocaml/compiler-libs/printtyp.cmt,291981
2026-10-05T16:16:28Z,23a7bba69fdb3d4bcfc7b30f6155e5f6f1f35a52,7344,size_in_bytes,lib/ocaml/compiler-libs/cfg_with_layout.cmt,624774
2026-10-05T16:16:28Z,23a7bba69fdb3d4bcfc7b30f6155e5f6f1f35a52,7344,size_in_bytes,lib/ocaml/compiler-libs/flambda2_identifiers__Slot.cmt,368136
2026-10-05T16:16:28Z,23a7bba69fdb3d4bcfc7b30f6155e5f6f1f35a52,7344,size_in_bytes,lib/ocaml/compiler-libs/dwarf_low__Debug_info_section.cmt,91031
2026-10-05T16:16:28Z,23a7bba69fdb3d4bcfc7b30f6155e5f6f1f35a52,7344,size_in_bytes,lib/ocaml/compiler-libs/compute_ranges.cmt,648381
2026-10-05T16:16:28Z,23a7bba69fdb3d4bcfc7b30f6155e5f6f1f35a52,7344,size_in_bytes,lib/ocaml/compiler-libs/internal_assembler.cmt,395861
2026-10-05T16:16:28Z,23a7bba69fdb3d4bcfc7b30f6155e5f6f1f35a52,7344,size_in_bytes,lib/ocaml/compiler-libs/flambda2_bound_identifiers.cmt,18289
2026-10-05T16:16:28Z,23a7bba69fdb3d4bcfc7b30f6155e5f6f1f35a52,7344,size_in_bytes,lib/ocaml/compiler-libs/jit_backend.cmt,159596
2026-10-05T16:16:28Z,23a7bba69fdb3d4bcfc7b30f6155e5f6f1f35a52,7344,size_in_bytes,lib/ocaml/compiler-libs/flambda2_reaper__Field.cmt,458066
2026-10-05T16:16:28Z,23a7bba69fdb3d4bcfc7b30f6155e5f6f1f35a52,7344,size_in_bytes,lib/ocaml/compiler-libs/flambda2_simplify__Original_handlers.cmt,112439
2026-10-05T16:16:28Z,23a7bba69fdb3d4bcfc7b30f6155e5f6f1f35a52,7344,size_in_bytes,lib/ocaml/compiler-libs/cfg_selectgen.cmt,2438606
2026-10-05T16:16:28Z,23a7bba69fdb3d4bcfc7b30f6155e5f6f1f35a52,7344,size_in_bytes,lib/ocaml/compiler-libs/arm64_binary_emitter__Add_sub_helpers.cmt,275195
2026-10-05T16:16:28Z,23a7bba69fdb3d4bcfc7b30f6155e5f6f1f35a52,7344,size_in_bytes,lib/ocaml/compiler-libs/flambda2_terms__Mutability.cmt,45496
2026-10-05T16:16:28Z,23a7bba69fdb3d4bcfc7b30f6155e5f6f1f35a52,7344,size_in_bytes,lib/ocaml/compiler-libs/ccomp.cmt,270463
2026-10-05T16:16:28Z,23a7bba69fdb3d4bcfc7b30f6155e5f6f1f35a52,7344,size_in_bytes,lib/ocaml/compiler-libs/dwarf_low__Location_or_range_list_entry.cmt,158837
2026-10-05T16:16:28Z,23a7bba69fdb3d4bcfc7b30f6155e5f6f1f35a52,7344,size_in_bytes,lib/ocaml/compiler-libs/flambda2_parser__Fexpr_prim.cmt,1609783
2026-10-05T16:16:28Z,23a7bba69fdb3d4bcfc7b30f6155e5f6f1f35a52,7344,size_in_bytes,lib/ocaml/compiler-libs/flambda2_simplify__Upwards_acc.cmt,240112
2026-10-05T16:16:28Z,23a7bba69fdb3d4bcfc7b30f6155e5f6f1f35a52,7344,size_in_bytes,lib/ocaml/compiler-libs/arm64_binary_emitter__Yield_helpers.cmt,15506
2026-10-05T16:16:28Z,23a7bba69fdb3d4bcfc7b30f6155e5f6f1f35a52,7344,size_in_bytes,lib/ocaml/compiler-libs/flambda2_simplify__Is_unboxing_beneficial.cmt,101976
2026-10-05T16:16:28Z,23a7bba69fdb3d4bcfc7b30f6155e5f6f1f35a52,7344,size_in_bytes,lib/ocaml/compiler-libs/local_store.cmt,78854
2026-10-05T16:16:28Z,23a7bba69fdb3d4bcfc7b30f6155e5f6f1f35a52,7344,size_in_bytes,lib/ocaml/compiler-libs/flambda2_term_basics.cmt,20775
2026-10-05T16:16:28Z,23a7bba69fdb3d4bcfc7b30f6155e5f6f1f35a52,7344,size_in_bytes,lib/ocaml/compiler-libs/flambda2_to_jsir__To_jsir.cmt,800715
2026-10-05T16:16:28Z,23a7bba69fdb3d4bcfc7b30f6155e5f6f1f35a52,7344,size_in_bytes,lib/ocaml/compiler-libs/domainstate.cmt,284226
2026-10-05T16:16:28Z,23a7bba69fdb3d4bcfc7b30f6155e5f6f1f35a52,7344,size_in_bytes,lib/ocaml/compiler-libs/flambda2_terms__Recursive.cmt,29804
2026-10-05T16:16:28Z,23a7bba69fdb3d4bcfc7b30f6155e5f6f1f35a52,7344,size_in_bytes,lib/ocaml/compiler-libs/arm64_binary_emitter.cmt,27266
2026-10-05T16:16:28Z,23a7bba69fdb3d4bcfc7b30f6155e5f6f1f35a52,7344,size_in_bytes,lib/ocaml/compiler-libs/flambda2_identifiers__Continuation.cmt,302975
2026-10-05T16:16:28Z,23a7bba69fdb3d4bcfc7b30f6155e5f6f1f35a52,7344,size_in_bytes,lib/ocaml/compiler-libs/rawprinttyp.cmt,502250
2026-10-05T16:16:28Z,23a7bba69fdb3d4bcfc7b30f6155e5f6f1f35a52,7344,size_in_bytes,lib/ocaml/compiler-libs/blambda.cmt,73923
2026-10-05T16:16:28Z,23a7bba69fdb3d4bcfc7b30f6155e5f6f1f35a52,7344,size_in_bytes,lib/ocaml/compiler-libs/shape.cmt,1882457
2026-10-05T16:16:28Z,23a7bba69fdb3d4bcfc7b30f6155e5f6f1f35a52,7344,size_in_bytes,lib/ocaml/compiler-libs/flambda2_algorithms__Channel.cmt,28297
2026-10-05T16:16:28Z,23a7bba69fdb3d4bcfc7b30f6155e5f6f1f35a52,7344,size_in_bytes,lib/ocaml/compiler-libs/regalloc_gi_state.cmt,71659
2026-10-05T16:16:28Z,23a7bba69fdb3d4bcfc7b30f6155e5f6f1f35a52,7344,size_in_bytes,lib/ocaml/compiler-libs/topdirs.cmt,705127
2026-10-05T16:16:28Z,23a7bba69fdb3d4bcfc7b30f6155e5f6f1f35a52,7344,size_in_bytes,lib/ocaml/compiler-libs/btype.cmt,2635076
2026-10-05T16:16:28Z,23a7bba69fdb3d4bcfc7b30f6155e5f6f1f35a52,7344,size_in_bytes,lib/ocaml/compiler-libs/flambda2_identifiers__Coercion0.cmt,107778
2026-10-05T16:16:28Z,23a7bba69fdb3d4bcfc7b30f6155e5f6f1f35a52,7344,size_in_bytes,lib/ocaml/compiler-libs/dwarf_low__Dwarf_4_range_list_entry.cmt,107945
2026-10-05T16:16:28Z,23a7bba69fdb3d4bcfc7b30f6155e5f6f1f35a52,7344,size_in_bytes,lib/ocaml/compiler-libs/flambda2_nominal__Name_abstraction.cmt,149867
2026-10-05T16:16:28Z,23a7bba69fdb3d4bcfc7b30f6155e5f6f1f35a52,7344,size_in_bytes,lib/ocaml/compiler-libs/flambda2_terms__Coeffects.cmt,39365
2026-10-05T16:16:28Z,23a7bba69fdb3d4bcfc7b30f6155e5f6f1f35a52,7344,size_in_bytes,lib/ocaml/compiler-libs/bytesections.cmt,140847
2026-10-05T16:16:28Z,23a7bba69fdb3d4bcfc7b30f6155e5f6f1f35a52,7344,size_in_bytes,lib/ocaml/compiler-libs/flambda2_algorithms__Table_by_int_id.cmt,167108
2026-10-05T16:16:28Z,23a7bba69fdb3d4bcfc7b30f6155e5f6f1f35a52,7344,size_in_bytes,lib/ocaml/compiler-libs/flambda2_types__Code_age_relation.cmt,128317
2026-10-05T16:16:28Z,23a7bba69fdb3d4bcfc7b30f6155e5f6f1f35a52,7344,size_in_bytes,lib/ocaml/compiler-libs/is_parameter.cmt,156034
2026-10-05T16:16:28Z,23a7bba69fdb3d4bcfc7b30f6155e5f6f1f35a52,7344,size_in_bytes,lib/ocaml/compiler-libs/cfg_quick_hash.cmt,92140
2026-10-05T16:16:28Z,23a7bba69fdb3d4bcfc7b30f6155e5f6f1f35a52,7344,size_in_bytes,lib/ocaml/compiler-libs/flambda2_simplify__Simplify_unary_primitive.cmt,1207026
2026-10-05T16:16:28Z,23a7bba69fdb3d4bcfc7b30f6155e5f6f1f35a52,7344,size_in_bytes,lib/ocaml/compiler-libs/typedecl_separability.cmt,528615
2026-10-05T16:16:28Z,23a7bba69fdb3d4bcfc7b30f6155e5f6f1f35a52,7344,size_in_bytes,lib/ocaml/compiler-libs/cfg_cse.cmt,597903
2026-10-05T16:16:28Z,23a7bba69fdb3d4bcfc7b30f6155e5f6f1f35a52,7344,size_in_bytes,lib/ocaml/compiler-libs/regalloc_affinity.cmt,186273
2026-10-05T16:16:28Z,23a7bba69fdb3d4bcfc7b30f6155e5f6f1f35a52,7344,size_in_bytes,lib/ocaml/compiler-libs/int_replace_polymorphic_compare.cmt,32337
2026-10-05T16:16:28Z,23a7bba69fdb3d4bcfc7b30f6155e5f6f1f35a52,7344,size_in_bytes,lib/ocaml/compiler-libs/unit_info.cmt,223087
2026-10-05T16:16:28Z,23a7bba69fdb3d4bcfc7b30f6155e5f6f1f35a52,7344,size_in_bytes,lib/ocaml/compiler-libs/flambda2_identifiers__Continuation_callsite_map.cmt,41367
2026-10-05T16:16:28Z,23a7bba69fdb3d4bcfc7b30f6155e5f6f1f35a52,7344,size_in_bytes,lib/ocaml/compiler-libs/flambda2_simplify__Replay_history.cmt,245427
2026-10-05T16:16:28Z,23a7bba69fdb3d4bcfc7b30f6155e5f6f1f35a52,7344,size_in_bytes,lib/ocaml/compiler-libs/flambda2_terms__Code.cmt,68166
2026-10-05T16:16:28Z,23a7bba69fdb3d4bcfc7b30f6155e5f6f1f35a52,7344,size_in_bytes,lib/ocaml/compiler-libs/dwarf_low__Aranges_table.cmt,53960
2026-10-05T16:16:28Z,23a7bba69fdb3d4bcfc7b30f6155e5f6f1f35a52,7344,size_in_bytes,lib/ocaml/compiler-libs/dwarf_low__Range_list_table.cmt,21791
2026-10-05T16:16:28Z,23a7bba69fdb3d4bcfc7b30f6155e5f6f1f35a52,7344,size_in_bytes,lib/ocaml/compiler-libs/consistbl.cmt,158988
2026-10-05T16:16:28Z,23a7bba69fdb3d4bcfc7b30f6155e5f6f1f35a52,7344,size_in_bytes,lib/ocaml/compiler-libs/dwarf_low__Dwarf_language.cmt,39582
2026-10-05T16:16:28Z,23a7bba69fdb3d4bcfc7b30f6155e5f6f1f35a52,7344,size_in_bytes,lib/ocaml/compiler-libs/printcmm.cmt,1038652
2026-10-05T16:16:28Z,23a7bba69fdb3d4bcfc7b30f6155e5f6f1f35a52,7344,size_in_bytes,lib/ocaml/compiler-libs/env.cmt,8257573
2026-10-05T16:16:28Z,23a7bba69fdb3d4bcfc7b30f6155e5f6f1f35a52,7344,size_in_bytes,lib/ocaml/compiler-libs/flambda2_simplify__Are_lifting_conts.cmt,88965
2026-10-05T16:16:28Z,23a7bba69fdb3d4bcfc7b30f6155e5f6f1f35a52,7344,size_in_bytes,lib/ocaml/compiler-libs/compile_common.cmt,223065
2026-10-05T16:16:28Z,23a7bba69fdb3d4bcfc7b30f6155e5f6f1f35a52,7344,size_in_bytes,lib/ocaml/compiler-libs/flambda2_simplify__Lifted_constant_state.cmt,253782
2026-10-05T16:16:28Z,23a7bba69fdb3d4bcfc7b30f6155e5f6f1f35a52,7344,size_in_bytes,lib/ocaml/compiler-libs/flambda2_reaper__Reaper.cmt,101507
2026-10-05T16:16:28Z,23a7bba69fdb3d4bcfc7b30f6155e5f6f1f35a52,7344,size_in_bytes,lib/ocaml/compiler-libs/flambda2_simplify__Simplify_binary_primitive.cmt,3915131
2026-10-05T16:16:28Z,23a7bba69fdb3d4bcfc7b30f6155e5f6f1f35a52,7344,size_in_bytes,lib/ocaml/compiler-libs/flambda2_simplify_shared__Call_site_inlining_decision_type.cmt,375051
2026-10-05T16:16:28Z,23a7bba69fdb3d4bcfc7b30f6155e5f6f1f35a52,7344,size_in_bytes,lib/ocaml/compiler-libs/flambda2_types__Cached_level.cmt,139897
2026-10-05T16:16:28Z,23a7bba69fdb3d4bcfc7b30f6155e5f6f1f35a52,7344,size_in_bytes,lib/ocaml/compiler-libs/zero_alloc_annotations.cmt,49859
2026-10-05T16:16:28Z,23a7bba69fdb3d4bcfc7b30f6155e5f6f1f35a52,7344,size_in_bytes,lib/ocaml/compiler-libs/regalloc_gi_utils.cmt,747088
2026-10-05T16:16:28Z,23a7bba69fdb3d4bcfc7b30f6155e5f6f1f35a52,7344,size_in_bytes,lib/ocaml/compiler-libs/flambda2_terms__Regalloc_attribute.cmt,39426
2026-10-05T16:16:28Z,23a7bba69fdb3d4bcfc7b30f6155e5f6f1f35a52,7344,size_in_bytes,lib/ocaml/compiler-libs/includemod.cmt,2210301
2026-10-05T16:16:28Z,23a7bba69fdb3d4bcfc7b30f6155e5f6f1f35a52,7344,size_in_bytes,lib/ocaml/compiler-libs/printinstr.cmt,297234
2026-10-05T16:16:28Z,23a7bba69fdb3d4bcfc7b30f6155e5f6f1f35a52,7344,size_in_bytes,lib/ocaml/compiler-libs/dwarf_low__Dwarf_4_entry_sorting.cmt,30104
2026-10-05T16:16:28Z,23a7bba69fdb3d4bcfc7b30f6155e5f6f1f35a52,7344,size_in_bytes,lib/ocaml/compiler-libs/regalloc_substitution.cmt,101231
2026-10-05T16:16:28Z,23a7bba69fdb3d4bcfc7b30f6155e5f6f1f35a52,7344,size_in_bytes,lib/ocaml/compiler-libs/flambda2_terms__Call_kind.cmt,620067
2026-10-05T16:16:28Z,23a7bba69fdb3d4bcfc7b30f6155e5f6f1f35a52,7344,size_in_bytes,lib/ocaml/compiler-libs/flambda2_simplify__Simplify_let_expr.cmt,398950
2026-10-05T16:16:28Z,23a7bba69fdb3d4bcfc7b30f6155e5f6f1f35a52,7344,size_in_bytes,lib/ocaml/compiler-libs/dwarf_low__Dwarf_tag.cmt,90046
2026-10-05T16:16:28Z,23a7bba69fdb3d4bcfc7b30f6155e5f6f1f35a52,7344,size_in_bytes,lib/ocaml/compiler-libs/arm64_binary_emitter__Binary_emitter.cmt,183856
2026-10-05T16:16:28Z,23a7bba69fdb3d4bcfc7b30f6155e5f6f1f35a52,7344,size_in_bytes,lib/ocaml/compiler-libs/flambda2_kinds__Tag.cmt,450197
2026-10-05T16:16:28Z,23a7bba69fdb3d4bcfc7b30f6155e5f6f1f35a52,7344,size_in_bytes,lib/ocaml/compiler-libs/blambda_of_lambda.cmt,1629431
2026-10-05T16:16:28Z,23a7bba69fdb3d4bcfc7b30f6155e5f6f1f35a52,7344,size_in_bytes,lib/ocaml/compiler-libs/dwarf_low__Inline_code.cmt,23046
2026-10-05T16:16:28Z,23a7bba69fdb3d4bcfc7b30f6155e5f6f1f35a52,7344,size_in_bytes,lib/ocaml/compiler-libs/flambda2_to_jsir.cmt,15439
2026-10-05T16:16:28Z,23a7bba69fdb3d4bcfc7b30f6155e5f6f1f35a52,7344,size_in_bytes,lib/ocaml/compiler-libs/flambda2_simplify__Number_adjuncts.cmt,1970413
2026-10-05T16:16:28Z,23a7bba69fdb3d4bcfc7b30f6155e5f6f1f35a52,7344,size_in_bytes,lib/ocaml/compiler-libs/flambda2_reaper__Points_to_analysis.cmt,1709531
2026-10-05T16:16:28Z,23a7bba69fdb3d4bcfc7b30f6155e5f6f1f35a52,7344,size_in_bytes,lib/ocaml/compiler-libs/flambda2_nominal__Name_occurrences.cmt,1468489
2026-10-05T16:16:28Z,23a7bba69fdb3d4bcfc7b30f6155e5f6f1f35a52,7344,size_in_bytes,lib/ocaml/compiler-libs/flambda2_reaper__Traverse.cmt,1133994
2026-10-05T16:16:28Z,23a7bba69fdb3d4bcfc7b30f6155e5f6f1f35a52,7344,size_in_bytes,lib/ocaml/compiler-libs/vectorize.cmt,3649116
2026-10-05T16:16:28Z,23a7bba69fdb3d4bcfc7b30f6155e5f6f1f35a52,7344,size_in_bytes,lib/ocaml/compiler-libs/flambda2_to_jsir__To_jsir_static_const.cmt,360910
2026-10-05T16:16:28Z,23a7bba69fdb3d4bcfc7b30f6155e5f6f1f35a52,7344,size_in_bytes,lib/ocaml/compiler-libs/x86_gas.cmt,897072
2026-10-05T16:16:28Z,23a7bba69fdb3d4bcfc7b30f6155e5f6f1f35a52,7344,size_in_bytes,lib/ocaml/compiler-libs/flambda2_simplify__Mutable_unboxing.cmt,760198
2026-10-05T16:16:28Z,23a7bba69fdb3d4bcfc7b30f6155e5f6f1f35a52,7344,size_in_bytes,lib/ocaml/compiler-libs/flambda2_simplify__Common_subexpression_elimination.cmt,705925
2026-10-05T16:16:28Z,23a7bba69fdb3d4bcfc7b30f6155e5f6f1f35a52,7344,size_in_bytes,lib/ocaml/compiler-libs/flambda2_terms__Code0.cmt,170933
2026-10-05T16:16:28Z,23a7bba69fdb3d4bcfc7b30f6155e5f6f1f35a52,7344,size_in_bytes,lib/ocaml/compiler-libs/dwarf_concrete_instances.cmt,105980
2026-10-05T16:16:28Z,23a7bba69fdb3d4bcfc7b30f6155e5f6f1f35a52,7344,size_in_bytes,lib/ocaml/compiler-libs/flambda2_identifiers__Name.cmt,244414
2026-10-05T16:16:28Z,23a7bba69fdb3d4bcfc7b30f6155e5f6f1f35a52,7344,size_in_bytes,lib/ocaml/compiler-libs/cfg_prologue.cmt,567205
2026-10-05T16:16:28Z,23a7bba69fdb3d4bcfc7b30f6155e5f6f1f35a52,7344,size_in_bytes,lib/ocaml/compiler-libs/flambda2_numbers__Vector_types.cmt,686612
2026-10-05T16:16:28Z,23a7bba69fdb3d4bcfc7b30f6155e5f6f1f35a52,7344,size_in_bytes,lib/ocaml/compiler-libs/cfg_to_linear.cmt,447965
2026-10-05T16:16:28Z,23a7bba69fdb3d4bcfc7b30f6155e5f6f1f35a52,7344,size_in_bytes,lib/ocaml/compiler-libs/printblambda.cmt,528562
2026-10-05T16:16:28Z,23a7bba69fdb3d4bcfc7b30f6155e5f6f1f35a52,7344,size_in_bytes,lib/ocaml/compiler-libs/dwarf_low__Abbreviations_table.cmt,190738
2026-10-05T16:16:28Z,23a7bba69fdb3d4bcfc7b30f6155e5f6f1f35a52,7344,size_in_bytes,lib/ocaml/compiler-libs/dwarf_low__Dwarf_attributes.cmt,668779
2026-10-05T16:16:28Z,23a7bba69fdb3d4bcfc7b30f6155e5f6f1f35a52,7344,size_in_bytes,lib/ocaml/compiler-libs/bytefunctorizer.cmt,27811
2026-10-05T16:16:28Z,23a7bba69fdb3d4bcfc7b30f6155e5f6f1f35a52,7344,size_in_bytes,lib/ocaml/compiler-libs/runtime_shape.cmt,809519
2026-10-05T16:16:28Z,23a7bba69fdb3d4bcfc7b30f6155e5f6f1f35a52,7344,size_in_bytes,lib/ocaml/compiler-libs/dwarf_low__Location_list.cmt,20347
2026-10-05T16:16:28Z,23a7bba69fdb3d4bcfc7b30f6155e5f6f1f35a52,7344,size_in_bytes,lib/ocaml/compiler-libs/flambda2_simplify__Upwards_env.cmt,254313
2026-10-05T16:16:28Z,23a7bba69fdb3d4bcfc7b30f6155e5f6f1f35a52,7344,size_in_bytes,lib/ocaml/compiler-libs/dwarf_low__Child_determination.cmt,28717
2026-10-05T16:16:28Z,23a7bba69fdb3d4bcfc7b30f6155e5f6f1f35a52,7344,size_in_bytes,lib/ocaml/compiler-libs/flambda2_terms__Effects_and_coeffects.cmt,62572
2026-10-05T16:16:28Z,23a7bba69fdb3d4bcfc7b30f6155e5f6f1f35a52,7344,size_in_bytes,lib/ocaml/compiler-libs/linear_utils.cmt,40496
2026-10-05T16:16:28Z,23a7bba69fdb3d4bcfc7b30f6155e5f6f1f35a52,7344,size_in_bytes,lib/ocaml/compiler-libs/binary_emitter_verify.cmt,652691
2026-10-05T16:16:28Z,23a7bba69fdb3d4bcfc7b30f6155e5f6f1f35a52,7344,size_in_bytes,lib/ocaml/compiler-libs/flambda2_datalog__Heterogenous_list.cmt,45832
2026-10-05T16:16:28Z,23a7bba69fdb3d4bcfc7b30f6155e5f6f1f35a52,7344,size_in_bytes,lib/ocaml/compiler-libs/slambda_fracture.cmt,835256
2026-10-05T16:16:28Z,23a7bba69fdb3d4bcfc7b30f6155e5f6f1f35a52,7344,size_in_bytes,lib/ocaml/compiler-libs/flambda2_simplify__Continuation_in_env.cmt,109768
2026-10-05T16:16:28Z,23a7bba69fdb3d4bcfc7b30f6155e5f6f1f35a52,7344,size_in_bytes,lib/ocaml/compiler-libs/flambda2_types__Typing_env_extension.cmt,198686
2026-10-05T16:16:28Z,23a7bba69fdb3d4bcfc7b30f6155e5f6f1f35a52,7344,size_in_bytes,lib/ocaml/compiler-libs/cfg_intf.cmt,79219
2026-10-05T16:16:28Z,23a7bba69fdb3d4bcfc7b30f6155e5f6f1f35a52,7344,size_in_bytes,lib/ocaml/compiler-libs/flambda2_bound_identifiers__Bound_static.cmt,199088
2026-10-05T16:16:28Z,23a7bba69fdb3d4bcfc7b30f6155e5f6f1f35a52,7344,size_in_bytes,lib/ocaml/compiler-libs/transl_comprehension_utils.cmt,222823
2026-10-05T16:16:28Z,23a7bba69fdb3d4bcfc7b30f6155e5f6f1f35a52,7344,size_in_bytes,lib/ocaml/compiler-libs/dwarf_abstract_instances.cmt,142556
2026-10-05T16:16:28Z,23a7bba69fdb3d4bcfc7b30f6155e5f6f1f35a52,7344,size_in_bytes,lib/ocaml/compiler-libs/flambda2_simplify__Downwards_acc.cmt,500397
2026-10-05T16:16:28Z,23a7bba69fdb3d4bcfc7b30f6155e5f6f1f35a52,7344,size_in_bytes,lib/ocaml/compiler-libs/ast_helper.cmt,1766030
2026-10-05T16:16:28Z,23a7bba69fdb3d4bcfc7b30f6155e5f6f1f35a52,7344,size_in_bytes,lib/ocaml/compiler-libs/file_sections.cmt,163114
2026-10-05T16:16:28Z,23a7bba69fdb3d4bcfc7b30f6155e5f6f1f35a52,7344,size_in_bytes,lib/ocaml/compiler-libs/arm64_ast__Ast.cmt,3546962
2026-10-05T16:16:28Z,23a7bba69fdb3d4bcfc7b30f6155e5f6f1f35a52,7344,size_in_bytes,lib/ocaml/compiler-libs/format_doc.cmt,1164106
2026-10-05T16:16:28Z,23a7bba69fdb3d4bcfc7b30f6155e5f6f1f35a52,7344,size_in_bytes,lib/ocaml/compiler-libs/flambda2_simplify__Build_unboxing_denv.cmt,298689
2026-10-05T16:16:28Z,23a7bba69fdb3d4bcfc7b30f6155e5f6f1f35a52,7344,size_in_bytes,lib/ocaml/compiler-libs/switch.cmt,1435484
2026-10-05T16:16:28Z,23a7bba69fdb3d4bcfc7b30f6155e5f6f1f35a52,7344,size_in_bytes,lib/ocaml/compiler-libs/opcodes.cmt,527810
2026-10-05T16:16:28Z,23a7bba69fdb3d4bcfc7b30f6155e5f6f1f35a52,7344,size_in_bytes,lib/ocaml/compiler-libs/flambda2_simplify__Simplify_extcall.cmt,313966
2026-10-05T16:16:28Z,23a7bba69fdb3d4bcfc7b30f6155e5f6f1f35a52,7344,size_in_bytes,lib/ocaml/compiler-libs/flambda2_simplify__Unboxing_types.cmt,259377
2026-10-05T16:16:28Z,23a7bba69fdb3d4bcfc7b30f6155e5f6f1f35a52,7344,size_in_bytes,lib/ocaml/compiler-libs/opttopdirs.cmt,222492
2026-10-05T16:16:28Z,23a7bba69fdb3d4bcfc7b30f6155e5f6f1f35a52,7344,size_in_bytes,lib/ocaml/compiler-libs/flambda2_nominal__Permutation.cmt,140791
2026-10-05T16:16:28Z,23a7bba69fdb3d4bcfc7b30f6155e5f6f1f35a52,7344,size_in_bytes,lib/ocaml/compiler-libs/flambda2_simplify_shared.cmt,16088
2026-10-05T16:16:28Z,23a7bba69fdb3d4bcfc7b30f6155e5f6f1f35a52,7344,size_in_bytes,lib/ocaml/compiler-libs/dwarf_name_laundry.cmt,39777
2026-10-05T16:16:28Z,23a7bba69fdb3d4bcfc7b30f6155e5f6f1f35a52,7344,size_in_bytes,lib/ocaml/compiler-libs/oprint.cmt,2300320
2026-10-05T16:16:28Z,23a7bba69fdb3d4bcfc7b30f6155e5f6f1f35a52,7344,size_in_bytes,lib/ocaml/compiler-libs/flambda2_simplify__Reification.cmt,282860
2026-10-05T16:16:28Z,23a7bba69fdb3d4bcfc7b30f6155e5f6f1f35a52,7344,size_in_bytes,lib/ocaml/compiler-libs/topstart.cmt,13265
2026-10-05T16:16:28Z,23a7bba69fdb3d4bcfc7b30f6155e5f6f1f35a52,7344,size_in_bytes,lib/ocaml/compiler-libs/section_table.cmt,80231
2026-10-05T16:16:28Z,23a7bba69fdb3d4bcfc7b30f6155e5f6f1f35a52,7344,size_in_bytes,lib/ocaml/compiler-libs/ldd.cmt,1074400
2026-10-05T16:16:28Z,23a7bba69fdb3d4bcfc7b30f6155e5f6f1f35a52,7344,size_in_bytes,lib/ocaml/compiler-libs/flambda2_terms__Flambda_primitive.cmt,4095344
2026-10-05T16:16:28Z,23a7bba69fdb3d4bcfc7b30f6155e5f6f1f35a52,7344,size_in_bytes,lib/ocaml/compiler-libs/flambda2_parser__Parse_flambda.cmt,114704
2026-10-05T16:16:28Z,23a7bba69fdb3d4bcfc7b30f6155e5f6f1f35a52,7344,size_in_bytes,lib/ocaml/compiler-libs/cfg_polling.cmt,412992
2026-10-05T16:16:28Z,23a7bba69fdb3d4bcfc7b30f6155e5f6f1f35a52,7344,size_in_bytes,lib/ocaml/compiler-libs/relocatable_symbol_name.cmt,17641
2026-10-05T16:16:28Z,23a7bba69fdb3d4bcfc7b30f6155e5f6f1f35a52,7344,size_in_bytes,lib/ocaml/compiler-libs/flambda2_lattices__Or_unknown.cmt,261793
2026-10-05T16:16:28Z,23a7bba69fdb3d4bcfc7b30f6155e5f6f1f35a52,7344,size_in_bytes,lib/ocaml/compiler-libs/select_utils.cmt,1064296
2026-10-05T16:16:28Z,23a7bba69fdb3d4bcfc7b30f6155e5f6f1f35a52,7344,size_in_bytes,lib/ocaml/compiler-libs/stypes.cmt,225336
2026-10-05T16:16:28Z,23a7bba69fdb3d4bcfc7b30f6155e5f6f1f35a52,7344,size_in_bytes,lib/ocaml/compiler-libs/topmain.cmt,295485
2026-10-05T16:16:28Z,23a7bba69fdb3d4bcfc7b30f6155e5f6f1f35a52,7344,size_in_bytes,lib/ocaml/compiler-libs/flambda2_parser__Flambda_to_fexpr.cmt,1143968
2026-10-05T16:16:28Z,23a7bba69fdb3d4bcfc7b30f6155e5f6f1f35a52,7344,size_in_bytes,lib/ocaml/compiler-libs/branch_relaxation.cmt,298290
2026-10-05T16:16:28Z,23a7bba69fdb3d4bcfc7b30f6155e5f6f1f35a52,7344,size_in_bytes,lib/ocaml/compiler-libs/arm64_binary_emitter__Simd_helpers.cmt,526753
2026-10-05T16:16:28Z,23a7bba69fdb3d4bcfc7b30f6155e5f6f1f35a52,7344,size_in_bytes,lib/ocaml/compiler-libs/allowance.cmt,45517
2026-10-05T16:16:28Z,23a7bba69fdb3d4bcfc7b30f6155e5f6f1f35a52,7344,size_in_bytes,lib/ocaml/compiler-libs/flambda2_simplify__Continuation_uses_env_intf.cmt,43826
2026-10-05T16:16:28Z,23a7bba69fdb3d4bcfc7b30f6155e5f6f1f35a52,7344,size_in_bytes,lib/ocaml/compiler-libs/flambda2_terms__Regalloc_param_attribute.cmt,54909
2026-10-05T16:16:28Z,23a7bba69fdb3d4bcfc7b30f6155e5f6f1f35a52,7344,size_in_bytes,lib/ocaml/compiler-libs/operation.cmt,664339
2026-10-05T16:16:28Z,23a7bba69fdb3d4bcfc7b30f6155e5f6f1f35a52,7344,size_in_bytes,lib/ocaml/compiler-libs/flambda2_terms__Cost_metrics.cmt,112761
2026-10-05T16:16:28Z,23a7bba69fdb3d4bcfc7b30f6155e5f6f1f35a52,7344,size_in_bytes,lib/ocaml/compiler-libs/flambda2_terms__Set_of_closures.cmt,304097
2026-10-05T16:16:28Z,23a7bba69fdb3d4bcfc7b30f6155e5f6f1f35a52,7344,size_in_bytes,lib/ocaml/compiler-libs/dwarf_reg_locations.cmt,86411
2026-10-05T16:16:28Z,23a7bba69fdb3d4bcfc7b30f6155e5f6f1f35a52,7344,size_in_bytes,lib/ocaml/compiler-libs/matching.cmt,6039878
2026-10-05T16:16:28Z,23a7bba69fdb3d4bcfc7b30f6155e5f6f1f35a52,7344,size_in_bytes,lib/ocaml/compiler-libs/dwarf_high__Proto_die.cmt,117552
2026-10-05T16:16:28Z,23a7bba69fdb3d4bcfc7b30f6155e5f6f1f35a52,7344,size_in_bytes,lib/ocaml/compiler-libs/emit.cmt,4759716
2026-10-05T16:16:28Z,23a7bba69fdb3d4bcfc7b30f6155e5f6f1f35a52,7344,size_in_bytes,lib/ocaml/compiler-libs/peephole_rules.cmt,299233
2026-10-05T16:16:28Z,23a7bba69fdb3d4bcfc7b30f6155e5f6f1f35a52,7344,size_in_bytes,lib/ocaml/compiler-libs/flambda2_terms__Apply_cont_expr.cmt,352084
2026-10-05T16:16:28Z,23a7bba69fdb3d4bcfc7b30f6155e5f6f1f35a52,7344,size_in_bytes,lib/ocaml/compiler-libs/errors.cmt,13675
2026-10-05T16:16:28Z,23a7bba69fdb3d4bcfc7b30f6155e5f6f1f35a52,7344,size_in_bytes,lib/ocaml/compiler-libs/flambda2_types__With_cached_free_names.cmt,87392
2026-10-05T16:16:28Z,23a7bba69fdb3d4bcfc7b30f6155e5f6f1f35a52,7344,size_in_bytes,lib/ocaml/compiler-libs/flambda2_simplify__Simplify_expr.cmt,208592
2026-10-05T16:16:28Z,23a7bba69fdb3d4bcfc7b30f6155e5f6f1f35a52,7344,size_in_bytes,lib/ocaml/compiler-libs/flambda2_kinds__Flambda_kind.cmt,2094937
2026-10-05T16:16:28Z,23a7bba69fdb3d4bcfc7b30f6155e5f6f1f35a52,7344,size_in_bytes,lib/ocaml/compiler-libs/bytepackager.cmt,397273
2026-10-05T16:16:28Z,23a7bba69fdb3d4bcfc7b30f6155e5f6f1f35a52,7344,size_in_bytes,lib/ocaml/compiler-libs/flambda2_simplify__Simplify_static_const.cmt,513655
2026-10-05T16:16:28Z,23a7bba69fdb3d4bcfc7b30f6155e5f6f1f35a52,7344,size_in_bytes,lib/ocaml/compiler-libs/flambda2_simplify__Optimistic_unboxing_decision.cmt,243965
2026-10-05T16:16:28Z,23a7bba69fdb3d4bcfc7b30f6155e5f6f1f35a52,7344,size_in_bytes,lib/ocaml/compiler-libs/dwarf_low__Location_or_range_list_table.cmt,96218
2026-10-05T16:16:28Z,23a7bba69fdb3d4bcfc7b30f6155e5f6f1f35a52,7344,size_in_bytes,lib/ocaml/compiler-libs/flambda2_from_lambda__Lambda_to_flambda_primitives_helpers.cmt,715944
2026-10-05T16:16:28Z,23a7bba69fdb3d4bcfc7b30f6155e5f6f1f35a52,7344,size_in_bytes,lib/ocaml/compiler-libs/flambda2_reaper__Global_flow_graph.cmt,344203
2026-10-05T16:16:28Z,23a7bba69fdb3d4bcfc7b30f6155e5f6f1f35a52,7344,size_in_bytes,lib/ocaml/compiler-libs/printoperation.cmt,400573
2026-10-05T16:16:28Z,23a7bba69fdb3d4bcfc7b30f6155e5f6f1f35a52,7344,size_in_bytes,lib/ocaml/compiler-libs/ident.cmt,726107
2026-10-05T16:16:28Z,23a7bba69fdb3d4bcfc7b30f6155e5f6f1f35a52,7344,size_in_bytes,lib/ocaml/compiler-libs/cmm_helpers.cmt,8298259
2026-10-05T16:16:28Z,23a7bba69fdb3d4bcfc7b30f6155e5f6f1f35a52,7344,size_in_bytes,lib/ocaml/compiler-libs/instruct.cmt,52075
2026-10-05T16:16:28Z,23a7bba69fdb3d4bcfc7b30f6155e5f6f1f35a52,7344,size_in_bytes,lib/ocaml/compiler-libs/dwarf_low__Simple_location_description.cmt,22707
2026-10-05T16:16:28Z,23a7bba69fdb3d4bcfc7b30f6155e5f6f1f35a52,7344,size_in_bytes,lib/ocaml/compiler-libs/flambda2_ui.cmt,11539
2026-10-05T16:16:28Z,23a7bba69fdb3d4bcfc7b30f6155e5f6f1f35a52,7344,size_in_bytes,lib/ocaml/compiler-libs/arm64_binary_emitter__Encode_instruction.cmt,2073260
2026-10-05T16:16:28Z,23a7bba69fdb3d4bcfc7b30f6155e5f6f1f35a52,7344,size_in_bytes,lib/ocaml/compiler-libs/regalloc_stack_slots.cmt,454138
2026-10-05T16:16:28Z,23a7bba69fdb3d4bcfc7b30f6155e5f6f1f35a52,7344,size_in_bytes,lib/ocaml/compiler-libs/simplify_terminator.cmt,684400
2026-10-05T16:16:28Z,23a7bba69fdb3d4bcfc7b30f6155e5f6f1f35a52,7344,size_in_bytes,lib/ocaml/compiler-libs/flambda2_terms__Flambda.cmt,2281549
2026-10-05T16:16:28Z,23a7bba69fdb3d4bcfc7b30f6155e5f6f1f35a52,7344,size_in_bytes,lib/ocaml/compiler-libs/flambda2_identifiers__Rec_info_expr0.cmt,207586
2026-10-05T16:16:28Z,23a7bba69fdb3d4bcfc7b30f6155e5f6f1f35a52,7344,size_in_bytes,lib/ocaml/compiler-libs/arm64_binary_emitter__Csel_helpers.cmt,67799
2026-10-05T16:16:28Z,23a7bba69fdb3d4bcfc7b30f6155e5f6f1f35a52,7344,size_in_bytes,lib/ocaml/compiler-libs/dwarf_low__Dwarf_emittable.cmt,21415
2026-10-05T16:16:28Z,23a7bba69fdb3d4bcfc7b30f6155e5f6f1f35a52,7344,size_in_bytes,lib/ocaml/compiler-libs/flambda2_simplify__Simplify_quaternary_primitive.cmt,146383
2026-10-05T16:16:28Z,23a7bba69fdb3d4bcfc7b30f6155e5f6f1f35a52,7344,size_in_bytes,lib/ocaml/compiler-libs/x86_ast_utils.cmt,184743
2026-10-05T16:16:28Z,23a7bba69fdb3d4bcfc7b30f6155e5f6f1f35a52,7344,size_in_bytes,lib/ocaml/compiler-libs/slambdaident.cmt,210072
2026-10-05T16:16:28Z,23a7bba69fdb3d4bcfc7b30f6155e5f6f1f35a52,7344,size_in_bytes,lib/ocaml/compiler-libs/typemode.cmt,883679
2026-10-05T16:16:28Z,23a7bba69fdb3d4bcfc7b30f6155e5f6f1f35a52,7344,size_in_bytes,lib/ocaml/compiler-libs/flambda2_to_jsir__To_jsir_primitive.cmt,765686
2026-10-05T16:16:28Z,23a7bba69fdb3d4bcfc7b30f6155e5f6f1f35a52,7344,size_in_bytes,lib/ocaml/compiler-libs/arm64_binary_emitter__Branch_helpers.cmt,287938
2026-10-05T16:16:28Z,23a7bba69fdb3d4bcfc7b30f6155e5f6f1f35a52,7344,size_in_bytes,lib/ocaml/compiler-libs/dwarf_low__Dwarf_4_range_list.cmt,61603
2026-10-05T16:16:28Z,23a7bba69fdb3d4bcfc7b30f6155e5f6f1f35a52,7344,size_in_bytes,lib/ocaml/compiler-libs/parmatch.cmt,3024160
2026-10-05T16:16:28Z,23a7bba69fdb3d4bcfc7b30f6155e5f6f1f35a52,7344,size_in_bytes,lib/ocaml/compiler-libs/arm64_binary_emitter__Load_store_helpers.cmt,1054653
2026-10-05T16:16:28Z,23a7bba69fdb3d4bcfc7b30f6155e5f6f1f35a52,7344,size_in_bytes,lib/ocaml/compiler-libs/flambda2_datalog__Cursor.cmt,536271
2026-10-05T16:16:28Z,23a7bba69fdb3d4bcfc7b30f6155e5f6f1f35a52,7344,size_in_bytes,lib/ocaml/compiler-libs/flambda2_terms__Static_const.cmt,1206277
2026-10-05T16:16:28Z,23a7bba69fdb3d4bcfc7b30f6155e5f6f1f35a52,7344,size_in_bytes,lib/ocaml/compiler-libs/flambda2_simplify__Simplify_apply_cont_expr.cmt,182426
2026-10-05T16:16:28Z,23a7bba69fdb3d4bcfc7b30f6155e5f6f1f35a52,7344,size_in_bytes,lib/ocaml/compiler-libs/flambda2_terms__Inlining_arguments.cmt,398799
2026-10-05T16:16:28Z,23a7bba69fdb3d4bcfc7b30f6155e5f6f1f35a52,7344,size_in_bytes,lib/ocaml/compiler-libs/probe_emission.cmt,228323
2026-10-05T16:16:28Z,23a7bba69fdb3d4bcfc7b30f6155e5f6f1f35a52,7344,size_in_bytes,lib/ocaml/compiler-libs/flambda2_algorithms.cmt,16134
2026-10-05T16:16:28Z,23a7bba69fdb3d4bcfc7b30f6155e5f6f1f35a52,7344,size_in_bytes,lib/ocaml/compiler-libs/flambda2_types__Typing_env_level.cmt,290904
2026-10-05T16:16:28Z,23a7bba69fdb3d4bcfc7b30f6155e5f6f1f35a52,7344,size_in_bytes,lib/ocaml/compiler-libs/flambda2_simplify__Rebuilt_static_const.cmt,502145
2026-10-05T16:16:28Z,23a7bba69fdb3d4bcfc7b30f6155e5f6f1f35a52,7344,size_in_bytes,lib/ocaml/compiler-libs/flambda2_terms__Inlining_history.cmt,364640
2026-10-05T16:16:28Z,23a7bba69fdb3d4bcfc7b30f6155e5f6f1f35a52,7344,size_in_bytes,lib/ocaml/compiler-libs/flambda2_simplify__Unboxing_epa.cmt,548687
2026-10-05T16:16:28Z,23a7bba69fdb3d4bcfc7b30f6155e5f6f1f35a52,7344,size_in_bytes,lib/ocaml/compiler-libs/flambda2_types__Set_of_closures_contents.cmt,503366
2026-10-05T16:16:28Z,23a7bba69fdb3d4bcfc7b30f6155e5f6f1f35a52,7344,size_in_bytes,lib/ocaml/compiler-libs/compilation_unit.cmt,1147727
2026-10-05T16:16:28Z,23a7bba69fdb3d4bcfc7b30f6155e5f6f1f35a52,7344,size_in_bytes,lib/ocaml/compiler-libs/arm64_binary_emitter__Logical_helpers.cmt,129118
2026-10-05T16:16:28Z,23a7bba69fdb3d4bcfc7b30f6155e5f6f1f35a52,7344,size_in_bytes,lib/ocaml/compiler-libs/flambda2_terms__Apply_expr.cmt,593819
2026-10-05T16:16:28Z,23a7bba69fdb3d4bcfc7b30f6155e5f6f1f35a52,7344,size_in_bytes,lib/ocaml/compiler-libs/clflags.cmt,1189882
2026-10-05T16:16:28Z,23a7bba69fdb3d4bcfc7b30f6155e5f6f1f35a52,7344,size_in_bytes,lib/ocaml/compiler-libs/flambda2_identifiers__Value_slot.cmt,181778
2026-10-05T16:16:28Z,23a7bba69fdb3d4bcfc7b30f6155e5f6f1f35a52,7344,size_in_bytes,lib/ocaml/compiler-libs/flambda2_datalog__Bytecode.cmt,724947
2026-10-05T16:16:28Z,23a7bba69fdb3d4bcfc7b30f6155e5f6f1f35a52,7344,size_in_bytes,lib/ocaml/compiler-libs/printpat.cmt,484552
2026-10-05T16:16:28Z,23a7bba69fdb3d4bcfc7b30f6155e5f6f1f35a52,7344,size_in_bytes,lib/ocaml/compiler-libs/toploop.cmt,519668
2026-10-05T16:16:28Z,23a7bba69fdb3d4bcfc7b30f6155e5f6f1f35a52,7344,size_in_bytes,lib/ocaml/compiler-libs/flambda2_parser.cmt,19178
2026-10-05T16:16:28Z,23a7bba69fdb3d4bcfc7b30f6155e5f6f1f35a52,7344,size_in_bytes,lib/ocaml/compiler-libs/vicuna_traverse_typed_tree.cmt,575883
2026-10-05T16:16:28Z,23a7bba69fdb3d4bcfc7b30f6155e5f6f1f35a52,7344,size_in_bytes,lib/ocaml/compiler-libs/llvmize.cmt,3145613
2026-10-05T16:16:28Z,23a7bba69fdb3d4bcfc7b30f6155e5f6f1f35a52,7344,size_in_bytes,lib/ocaml/compiler-libs/dwarf_low__Address_table.cmt,218232
2026-10-05T16:16:28Z,23a7bba69fdb3d4bcfc7b30f6155e5f6f1f35a52,7344,size_in_bytes,lib/ocaml/compiler-libs/inlined_frame_ranges.cmt,414328
2026-10-05T16:16:28Z,23a7bba69fdb3d4bcfc7b30f6155e5f6f1f35a52,7344,size_in_bytes,lib/ocaml/compiler-libs/dwarf_state.cmt,271562
2026-10-05T16:16:28Z,23a7bba69fdb3d4bcfc7b30f6155e5f6f1f35a52,7344,size_in_bytes,lib/ocaml/compiler-libs/flambda2_simplify__Simplify_ternary_primitive.cmt,185060
2026-10-05T16:16:28Z,23a7bba69fdb3d4bcfc7b30f6155e5f6f1f35a52,7344,size_in_bytes,lib/ocaml/compiler-libs/flambda2_kinds.cmt,12216
2026-10-05T16:16:28Z,23a7bba69fdb3d4bcfc7b30f6155e5f6f1f35a52,7344,size_in_bytes,lib/ocaml/compiler-libs/optcomp_intf.cmt,55157
2026-10-05T16:16:28Z,23a7bba69fdb3d4bcfc7b30f6155e5f6f1f35a52,7344,size_in_bytes,lib/ocaml/compiler-libs/amd64_simd_instrs.cmt,48839019
2026-10-05T16:16:28Z,23a7bba69fdb3d4bcfc7b30f6155e5f6f1f35a52,7344,size_in_bytes,lib/ocaml/compiler-libs/opttoploop.cmt,1469415
2026-10-05T16:16:28Z,23a7bba69fdb3d4bcfc7b30f6155e5f6f1f35a52,7344,size_in_bytes,lib/ocaml/compiler-libs/config.cmt,303262
2026-10-05T16:16:28Z,23a7bba69fdb3d4bcfc7b30f6155e5f6f1f35a52,7344,size_in_bytes,lib/ocaml/compiler-libs/flambda2_simplify_shared__Are_rebuilding_terms.cmt,26033
2026-10-05T16:16:28Z,23a7bba69fdb3d4bcfc7b30f6155e5f6f1f35a52,7344,size_in_bytes,lib/ocaml/compiler-libs/flambda2_term_basics__Coercion.cmt,70849
2026-10-05T16:16:28Z,23a7bba69fdb3d4bcfc7b30f6155e5f6f1f35a52,7344,size_in_bytes,lib/ocaml/compiler-libs/flambda2_types__Traversals.cmt,2115800
2026-10-05T16:16:28Z,23a7bba69fdb3d4bcfc7b30f6155e5f6f1f35a52,7344,size_in_bytes,lib/ocaml/compiler-libs/flambda2_simplify__Non_recursive_handler.cmt,101197
2026-10-05T16:16:28Z,23a7bba69fdb3d4bcfc7b30f6155e5f6f1f35a52,7344,size_in_bytes,lib/ocaml/compiler-libs/flambda2_simplify__Join_points.cmt,342303
2026-10-05T16:16:28Z,23a7bba69fdb3d4bcfc7b30f6155e5f6f1f35a52,7344,size_in_bytes,lib/ocaml/compiler-libs/flambda2_types__.cmt,28730
2026-10-05T16:16:28Z,23a7bba69fdb3d4bcfc7b30f6155e5f6f1f35a52,7344,size_in_bytes,lib/ocaml/compiler-libs/flambda2_nominal__Renaming.cmt,283682
2026-10-05T16:16:28Z,23a7bba69fdb3d4bcfc7b30f6155e5f6f1f35a52,7344,size_in_bytes,lib/ocaml/compiler-libs/makedepend.cmt,1073847
2026-10-05T16:16:28Z,23a7bba69fdb3d4bcfc7b30f6155e5f6f1f35a52,7344,size_in_bytes,lib/ocaml/compiler-libs/ssa_reducer.cmt,412905
2026-10-05T16:16:28Z,23a7bba69fdb3d4bcfc7b30f6155e5f6f1f35a52,7344,size_in_bytes,lib/ocaml/compiler-libs/flambda2_identifiers__Reg_width_const.cmt,217349
2026-10-05T16:16:28Z,23a7bba69fdb3d4bcfc7b30f6155e5f6f1f35a52,7344,size_in_bytes,lib/ocaml/compiler-libs/flambda2_parser__Flambda_lex.cmt,269045
2026-10-05T16:16:28Z,23a7bba69fdb3d4bcfc7b30f6155e5f6f1f35a52,7344,size_in_bytes,lib/ocaml/compiler-libs/lru.cmt,98064
2026-10-05T16:16:28Z,23a7bba69fdb3d4bcfc7b30f6155e5f6f1f35a52,7344,size_in_bytes,lib/ocaml/compiler-libs/asm_targets__Asm_section.cmt,233349
2026-10-05T16:16:28Z,23a7bba69fdb3d4bcfc7b30f6155e5f6f1f35a52,7344,size_in_bytes,lib/ocaml/compiler-libs/flambda2_terms__Zero_alloc_attribute.cmt,80232
2026-10-05T16:16:28Z,23a7bba69fdb3d4bcfc7b30f6155e5f6f1f35a52,7344,size_in_bytes,lib/ocaml/compiler-libs/flambda2_types__Join_levels_old.cmt,305913
2026-10-05T16:16:28Z,23a7bba69fdb3d4bcfc7b30f6155e5f6f1f35a52,7344,size_in_bytes,lib/ocaml/compiler-libs/flambda2_nominal__Ids_for_export.cmt,139293
2026-10-05T16:16:28Z,23a7bba69fdb3d4bcfc7b30f6155e5f6f1f35a52,7344,size_in_bytes,lib/ocaml/compiler-libs/types.cmt,2035633
2026-10-05T16:16:28Z,23a7bba69fdb3d4bcfc7b30f6155e5f6f1f35a52,7344,size_in_bytes,lib/ocaml/compiler-libs/transl_list_comprehension.cmt,188701
2026-10-05T16:16:28Z,23a7bba69fdb3d4bcfc7b30f6155e5f6f1f35a52,7344,size_in_bytes,lib/ocaml/compiler-libs/label.cmt,55776
2026-10-05T16:16:28Z,23a7bba69fdb3d4bcfc7b30f6155e5f6f1f35a52,7344,size_in_bytes,lib/ocaml/compiler-libs/uniqueness_analysis.cmt,3186028
2026-10-05T16:16:28Z,23a7bba69fdb3d4bcfc7b30f6155e5f6f1f35a52,7344,size_in_bytes,lib/ocaml/compiler-libs/opterrors.cmt,15363
2026-10-05T16:16:28Z,23a7bba69fdb3d4bcfc7b30f6155e5f6f1f35a52,7344,size_in_bytes,lib/ocaml/compiler-libs/cfg.cmt,1002491
2026-10-05T16:16:28Z,23a7bba69fdb3d4bcfc7b30f6155e5f6f1f35a52,7344,size_in_bytes,lib/ocaml/compiler-libs/dwarf_high__Operator_builder.cmt,168329
2026-10-05T16:16:28Z,23a7bba69fdb3d4bcfc7b30f6155e5f6f1f35a52,7344,size_in_bytes,lib/ocaml/compiler-libs/compmisc.cmt,149573
2026-10-05T16:16:28Z,23a7bba69fdb3d4bcfc7b30f6155e5f6f1f35a52,7344,size_in_bytes,lib/ocaml/compiler-libs/flambda2_to_cmm__To_cmm_expr.cmt,1866963
2026-10-05T16:16:28Z,23a7bba69fdb3d4bcfc7b30f6155e5f6f1f35a52,7344,size_in_bytes,lib/ocaml/compiler-libs/warnings.cmt,2089843
2026-10-05T16:16:28Z,23a7bba69fdb3d4bcfc7b30f6155e5f6f1f35a52,7344,size_in_bytes,lib/ocaml/compiler-libs/flambda2_simplify__Unboxers.cmt,167461
2026-10-05T16:16:28Z,23a7bba69fdb3d4bcfc7b30f6155e5f6f1f35a52,7344,size_in_bytes,lib/ocaml/compiler-libs/flambda2_to_cmm__To_cmm.cmt,440178
2026-10-05T16:16:28Z,23a7bba69fdb3d4bcfc7b30f6155e5f6f1f35a52,7344,size_in_bytes,lib/ocaml/compiler-libs/regalloc_ls.cmt,469857
2026-10-05T16:16:28Z,23a7bba69fdb3d4bcfc7b30f6155e5f6f1f35a52,7344,size_in_bytes,lib/ocaml/compiler-libs/backend_var.cmt,204004
2026-10-05T16:16:28Z,23a7bba69fdb3d4bcfc7b30f6155e5f6f1f35a52,7344,size_in_bytes,lib/ocaml/compiler-libs/includeclass.cmt,175039
2026-10-05T16:16:28Z,23a7bba69fdb3d4bcfc7b30f6155e5f6f1f35a52,7344,size_in_bytes,lib/ocaml/compiler-libs/targetint.cmt,181899
2026-10-05T16:16:28Z,23a7bba69fdb3d4bcfc7b30f6155e5f6f1f35a52,7344,size_in_bytes,lib/ocaml/compiler-libs/jkind_axis.cmt,398451
2026-10-05T16:16:28Z,23a7bba69fdb3d4bcfc7b30f6155e5f6f1f35a52,7344,size_in_bytes,lib/ocaml/compiler-libs/errortrace_report.cmt,1019053
2026-10-05T16:16:28Z,23a7bba69fdb3d4bcfc7b30f6155e5f6f1f35a52,7344,size_in_bytes,lib/ocaml/compiler-libs/id_counter.cmt,147449
2026-10-05T16:16:28Z,23a7bba69fdb3d4bcfc7b30f6155e5f6f1f35a52,7344,size_in_bytes,lib/ocaml/compiler-libs/flambda2_terms__Placement.cmt,35693
2026-10-05T16:16:28Z,23a7bba69fdb3d4bcfc7b30f6155e5f6f1f35a52,7344,size_in_bytes,lib/ocaml/compiler-libs/cmmgen_state.cmt,189983
2026-10-05T16:16:28Z,23a7bba69fdb3d4bcfc7b30f6155e5f6f1f35a52,7344,size_in_bytes,lib/ocaml/compiler-libs/main_args.cmt,4192301
2026-10-05T16:16:28Z,23a7bba69fdb3d4bcfc7b30f6155e5f6f1f35a52,7344,size_in_bytes,lib/ocaml/compiler-libs/cfg_of_ssa.cmt,956072
2026-10-05T16:16:28Z,23a7bba69fdb3d4bcfc7b30f6155e5f6f1f35a52,7344,size_in_bytes,lib/ocaml/compiler-libs/flambda2_simplify__Simplify_set_of_closures_context.cmt,284334
2026-10-05T16:16:28Z,23a7bba69fdb3d4bcfc7b30f6155e5f6f1f35a52,7344,size_in_bytes,lib/ocaml/compiler-libs/flambda2_terms__Switch_expr.cmt,163556
2026-10-05T16:16:28Z,23a7bba69fdb3d4bcfc7b30f6155e5f6f1f35a52,7344,size_in_bytes,lib/ocaml/compiler-libs/flambda2_reaper__Dot_printer.cmt,138733
2026-10-05T16:16:28Z,23a7bba69fdb3d4bcfc7b30f6155e5f6f1f35a52,7344,size_in_bytes,lib/ocaml/compiler-libs/slambda.cmt,33204
2026-10-05T16:16:28Z,23a7bba69fdb3d4bcfc7b30f6155e5f6f1f35a52,7344,size_in_bytes,lib/ocaml/compiler-libs/flambda2_simplify_shared__Slot_offsets.cmt,1098433
2026-10-05T16:16:28Z,23a7bba69fdb3d4bcfc7b30f6155e5f6f1f35a52,7344,size_in_bytes,lib/ocaml/compiler-libs/target_system.cmt,106283
2026-10-05T16:16:28Z,23a7bba69fdb3d4bcfc7b30f6155e5f6f1f35a52,7344,size_in_bytes,lib/ocaml/compiler-libs/bytelibrarian.cmt,182312
2026-10-05T16:16:28Z,23a7bba69fdb3d4bcfc7b30f6155e5f6f1f35a52,7344,size_in_bytes,lib/ocaml/compiler-libs/docstrings.cmt,342672
2026-10-05T16:16:28Z,23a7bba69fdb3d4bcfc7b30f6155e5f6f1f35a52,7344,size_in_bytes,lib/ocaml/compiler-libs/flambda2_simplify__Simplify_rec_info_expr.cmt,154405
2026-10-05T16:16:28Z,23a7bba69fdb3d4bcfc7b30f6155e5f6f1f35a52,7344,size_in_bytes,lib/ocaml/compiler-libs/flambda2_numbers.cmt,14592
2026-10-05T16:16:28Z,23a7bba69fdb3d4bcfc7b30f6155e5f6f1f35a52,7344,size_in_bytes,lib/ocaml/compiler-libs/flambda2_types__Equal_types_for_debug.cmt,865544
2026-10-05T16:16:28Z,23a7bba69fdb3d4bcfc7b30f6155e5f6f1f35a52,7344,size_in_bytes,lib/ocaml/compiler-libs/primitive.cmt,1322020
2026-10-05T16:16:28Z,23a7bba69fdb3d4bcfc7b30f6155e5f6f1f35a52,7344,size_in_bytes,lib/ocaml/compiler-libs/flambda2_parser__Flambda_parser.cmt,7670013
2026-10-05T16:16:28Z,23a7bba69fdb3d4bcfc7b30f6155e5f6f1f35a52,7344,size_in_bytes,lib/ocaml/compiler-libs/dissector.cmt,234000
2026-10-05T16:16:28Z,23a7bba69fdb3d4bcfc7b30f6155e5f6f1f35a52,7344,size_in_bytes,lib/ocaml/compiler-libs/reg.cmt,596722
2026-10-05T16:16:28Z,23a7bba69fdb3d4bcfc7b30f6155e5f6f1f35a52,7344,size_in_bytes,lib/ocaml/compiler-libs/extra_debug.cmt,58783
2026-10-05T16:16:28Z,23a7bba69fdb3d4bcfc7b30f6155e5f6f1f35a52,7344,size_in_bytes,lib/ocaml/compiler-libs/dll.cmt,186029
2026-10-05T16:16:28Z,23a7bba69fdb3d4bcfc7b30f6155e5f6f1f35a52,7344,size_in_bytes,lib/ocaml/compiler-libs/flambda2_types__More_type_creators.cmt,598092
2026-10-05T16:16:28Z,23a7bba69fdb3d4bcfc7b30f6155e5f6f1f35a52,7344,size_in_bytes,lib/ocaml/compiler-libs/flambda2_reaper__Rev_expr.cmt,49810
2026-10-05T16:16:28Z,23a7bba69fdb3d4bcfc7b30f6155e5f6f1f35a52,7344,size_in_bytes,lib/ocaml/compiler-libs/flambda2_simplify__Simplify_switch_expr.cmt,1096744
2026-10-05T16:16:28Z,23a7bba69fdb3d4bcfc7b30f6155e5f6f1f35a52,7344,size_in_bytes,lib/ocaml/compiler-libs/flambda2_simplify__Unbox_continuation_params.cmt,239754
2026-10-05T16:16:28Z,23a7bba69fdb3d4bcfc7b30f6155e5f6f1f35a52,7344,size_in_bytes,lib/ocaml/compiler-libs/flambda2_term_basics__Empty_array_kind.cmt,60900
2026-10-05T16:16:28Z,23a7bba69fdb3d4bcfc7b30f6155e5f6f1f35a52,7344,size_in_bytes,lib/ocaml/compiler-libs/flambda2_simplify__Closure_info.cmt,76505
2026-10-05T16:16:28Z,23a7bba69fdb3d4bcfc7b30f6155e5f6f1f35a52,7344,size_in_bytes,lib/ocaml/compiler-libs/flambda2_to_jsir__To_jsir_set_of_closures.cmt,103665
2026-10-05T16:16:28Z,23a7bba69fdb3d4bcfc7b30f6155e5f6f1f35a52,7344,size_in_bytes,lib/ocaml/compiler-libs/flambda2_to_cmm__To_cmm_primitive.cmt,2608348
2026-10-05T16:16:28Z,23a7bba69fdb3d4bcfc7b30f6155e5f6f1f35a52,7344,size_in_bytes,lib/ocaml/compiler-libs/regalloc_validate.cmt,1732061
2026-10-05T16:16:28Z,23a7bba69fdb3d4bcfc7b30f6155e5f6f1f35a52,7344,size_in_bytes,lib/ocaml/compiler-libs/flambda2_types__Meet_env.cmt,641860
2026-10-05T16:16:28Z,23a7bba69fdb3d4bcfc7b30f6155e5f6f1f35a52,7344,size_in_bytes,lib/ocaml/compiler-libs/flambda2_terms__Validity.cmt,41434
2026-10-05T16:16:28Z,23a7bba69fdb3d4bcfc7b30f6155e5f6f1f35a52,7344,size_in_bytes,lib/ocaml/compiler-libs/flambda2_nominal__Num_occurrences.cmt,23196
2026-10-05T16:16:28Z,23a7bba69fdb3d4bcfc7b30f6155e5f6f1f35a52,7344,size_in_bytes,lib/ocaml/compiler-libs/flambda2_bound_identifiers__Bound_name.cmt,55343
2026-10-05T16:16:28Z,23a7bba69fdb3d4bcfc7b30f6155e5f6f1f35a52,7344,size_in_bytes,lib/ocaml/compiler-libs/arm64_binary_emitter__Mov_helpers.cmt,68920
2026-10-05T16:16:28Z,23a7bba69fdb3d4bcfc7b30f6155e5f6f1f35a52,7344,size_in_bytes,lib/ocaml/compiler-libs/amd64_simd_defs.cmt,392089
2026-10-05T16:16:28Z,23a7bba69fdb3d4bcfc7b30f6155e5f6f1f35a52,7344,size_in_bytes,lib/ocaml/compiler-libs/flambda2_simplify__Flow.cmt,26010
2026-10-05T16:16:28Z,23a7bba69fdb3d4bcfc7b30f6155e5f6f1f35a52,7344,size_in_bytes,lib/ocaml/compiler-libs/ast_invariants.cmt,500485
2026-10-05T16:16:28Z,23a7bba69fdb3d4bcfc7b30f6155e5f6f1f35a52,7344,size_in_bytes,lib/ocaml/compiler-libs/translquote.cmt,4951578
2026-10-05T16:16:28Z,23a7bba69fdb3d4bcfc7b30f6155e5f6f1f35a52,7344,size_in_bytes,lib/ocaml/compiler-libs/dwarf_low__Dwarf_format.cmt,23041
2026-10-05T16:16:28Z,23a7bba69fdb3d4bcfc7b30f6155e5f6f1f35a52,7344,size_in_bytes,lib/ocaml/compiler-libs/dwarf_high.cmt,14542
2026-10-05T16:16:28Z,23a7bba69fdb3d4bcfc7b30f6155e5f6f1f35a52,7344,size_in_bytes,lib/ocaml/compiler-libs/flambda2_identifiers__Code_id_or_symbol.cmt,24213
2026-10-05T16:16:28Z,23a7bba69fdb3d4bcfc7b30f6155e5f6f1f35a52,7344,size_in_bytes,lib/ocaml/compiler-libs/mixed_product_bytes.cmt,176207
2026-10-05T16:16:28Z,23a7bba69fdb3d4bcfc7b30f6155e5f6f1f35a52,7344,size_in_bytes,lib/ocaml/compiler-libs/genprintval.cmt,1313654
2026-10-05T16:16:28Z,23a7bba69fdb3d4bcfc7b30f6155e5f6f1f35a52,7344,size_in_bytes,lib/ocaml/compiler-libs/meta.cmt,20507
2026-10-05T16:16:28Z,23a7bba69fdb3d4bcfc7b30f6155e5f6f1f35a52,7344,size_in_bytes,lib/ocaml/compiler-libs/flambda2_algorithms__Container_types.cmt,796524
2026-10-05T16:16:28Z,23a7bba69fdb3d4bcfc7b30f6155e5f6f1f35a52,7344,size_in_bytes,lib/ocaml/compiler-libs/sub_cfg.cmt,198275
2026-10-05T16:16:28Z,23a7bba69fdb3d4bcfc7b30f6155e5f6f1f35a52,7344,size_in_bytes,lib/ocaml/compiler-libs/printtyped.cmt,4061344
2026-10-05T16:16:28Z,23a7bba69fdb3d4bcfc7b30f6155e5f6f1f35a52,7344,size_in_bytes,lib/ocaml/compiler-libs/flambda2_bound_identifiers__Bound_parameter.cmt,263356
2026-10-05T16:16:28Z,23a7bba69fdb3d4bcfc7b30f6155e5f6f1f35a52,7344,size_in_bytes,lib/ocaml/compiler-libs/flambda2_terms__Function_decl_inlining_decision_type.cmt,365336
2026-10-05T16:16:28Z,23a7bba69fdb3d4bcfc7b30f6155e5f6f1f35a52,7344,size_in_bytes,lib/ocaml/compiler-libs/ssa_tail_call.cmt,128918
2026-10-05T16:16:28Z,23a7bba69fdb3d4bcfc7b30f6155e5f6f1f35a52,7344,size_in_bytes,lib/ocaml/compiler-libs/flambda2_ui__Flambda_colours.cmt,104182
2026-10-05T16:16:28Z,23a7bba69fdb3d4bcfc7b30f6155e5f6f1f35a52,7344,size_in_bytes,lib/ocaml/compiler-libs/peephole_utils.cmt,155386
2026-10-05T16:16:28Z,23a7bba69fdb3d4bcfc7b30f6155e5f6f1f35a52,7344,size_in_bytes,lib/ocaml/compiler-libs/cfg_merge_blocks.cmt,178676
2026-10-05T16:16:28Z,23a7bba69fdb3d4bcfc7b30f6155e5f6f1f35a52,7344,size_in_bytes,lib/ocaml/compiler-libs/flambda2_lattices.cmt,12381
2026-10-05T16:16:28Z,23a7bba69fdb3d4bcfc7b30f6155e5f6f1f35a52,7344,size_in_bytes,lib/ocaml/compiler-libs/cmi_format.cmt,306062
2026-10-05T16:16:28Z,23a7bba69fdb3d4bcfc7b30f6155e5f6f1f35a52,7344,size_in_bytes,lib/ocaml/compiler-libs/dwarf_low__Address_index.cmt,250957
2026-10-05T16:16:28Z,23a7bba69fdb3d4bcfc7b30f6155e5f6f1f35a52,7344,size_in_bytes,lib/ocaml/compiler-libs/vectorize_specific.cmt,84014
2026-10-05T16:16:28Z,23a7bba69fdb3d4bcfc7b30f6155e5f6f1f35a52,7344,size_in_bytes,lib/ocaml/compiler-libs/dwarf_low__Debug_loc_table.cmt,46969
2026-10-05T16:16:28Z,23a7bba69fdb3d4bcfc7b30f6155e5f6f1f35a52,7344,size_in_bytes,lib/ocaml/compiler-libs/complex_shape.cmt,1040110
2026-10-05T16:16:28Z,23a7bba69fdb3d4bcfc7b30f6155e5f6f1f35a52,7344,size_in_bytes,lib/ocaml/compiler-libs/dwarf.cmt,273291
2026-10-05T16:16:28Z,23a7bba69fdb3d4bcfc7b30f6155e5f6f1f35a52,7344,size_in_bytes,lib/ocaml/compiler-libs/stack_reg_offset.cmt,32673
2026-10-05T16:16:28Z,23a7bba69fdb3d4bcfc7b30f6155e5f6f1f35a52,7344,size_in_bytes,lib/ocaml/compiler-libs/parser.cmt,84154404
2026-10-05T16:16:28Z,23a7bba69fdb3d4bcfc7b30f6155e5f6f1f35a52,7344,size_in_bytes,lib/ocaml/compiler-libs/cfg_z3.cmt,174378
2026-10-05T16:16:28Z,23a7bba69fdb3d4bcfc7b30f6155e5f6f1f35a52,7344,size_in_bytes,lib/ocaml/compiler-libs/cms_format.cmt,156635
2026-10-05T16:16:28Z,23a7bba69fdb3d4bcfc7b30f6155e5f6f1f35a52,7344,size_in_bytes,lib/ocaml/compiler-libs/arm64_binary_emitter__Adr_helpers.cmt,64572
2026-10-05T16:16:28Z,23a7bba69fdb3d4bcfc7b30f6155e5f6f1f35a52,7344,size_in_bytes,lib/ocaml/compiler-libs/flambda2_simplify__Inlining_transforms.cmt,214023
2026-10-05T16:16:28Z,23a7bba69fdb3d4bcfc7b30f6155e5f6f1f35a52,7344,size_in_bytes,lib/ocaml/compiler-libs/flambda2_datalog__Datalog.cmt,228082
2026-10-05T16:16:28Z,23a7bba69fdb3d4bcfc7b30f6155e5f6f1f35a52,7344,size_in_bytes,lib/ocaml/compiler-libs/hash_consed.cmt,75439
2026-10-05T16:16:28Z,23a7bba69fdb3d4bcfc7b30f6155e5f6f1f35a52,7344,size_in_bytes,lib/ocaml/compiler-libs/igot.cmt,97519
2026-10-05T16:16:28Z,23a7bba69fdb3d4bcfc7b30f6155e5f6f1f35a52,7344,size_in_bytes,lib/ocaml/compiler-libs/patterns.cmt,315209
2026-10-05T16:16:28Z,23a7bba69fdb3d4bcfc7b30f6155e5f6f1f35a52,7344,size_in_bytes,lib/ocaml/compiler-libs/cfg_reachability_validate.cmt,405946
2026-10-05T16:16:28Z,23a7bba69fdb3d4bcfc7b30f6155e5f6f1f35a52,7344,size_in_bytes,lib/ocaml/compiler-libs/build_igot_and_iplt.cmt,43033
2026-10-05T16:16:28Z,23a7bba69fdb3d4bcfc7b30f6155e5f6f1f35a52,7344,size_in_bytes,lib/ocaml/compiler-libs/identifiable.cmt,676205
2026-10-05T16:16:28Z,23a7bba69fdb3d4bcfc7b30f6155e5f6f1f35a52,7344,size_in_bytes,lib/ocaml/compiler-libs/dwarf_low__Location_list_table.cmt,22106
2026-10-05T16:16:28Z,23a7bba69fdb3d4bcfc7b30f6155e5f6f1f35a52,7344,size_in_bytes,lib/ocaml/compiler-libs/lexer.cmt,1826583
2026-10-05T16:16:28Z,23a7bba69fdb3d4bcfc7b30f6155e5f6f1f35a52,7344,size_in_bytes,lib/ocaml/compiler-libs/cfg_dominators.cmt,581053
2026-10-05T16:16:28Z,23a7bba69fdb3d4bcfc7b30f6155e5f6f1f35a52,7344,size_in_bytes,lib/ocaml/compiler-libs/flambda2_terms__Poll_attribute.cmt,35765
2026-10-05T16:16:28Z,23a7bba69fdb3d4bcfc7b30f6155e5f6f1f35a52,7344,size_in_bytes,lib/ocaml/compiler-libs/flambda2_algorithms__Container_types_intf.cmt,738437
2026-10-05T16:16:28Z,23a7bba69fdb3d4bcfc7b30f6155e5f6f1f35a52,7344,size_in_bytes,lib/ocaml/compiler-libs/typedecl.cmt,6003964
2026-10-05T16:16:28Z,23a7bba69fdb3d4bcfc7b30f6155e5f6f1f35a52,7344,size_in_bytes,lib/ocaml/compiler-libs/compiler_hooks.cmt,166571
2026-10-05T16:16:28Z,23a7bba69fdb3d4bcfc7b30f6155e5f6f1f35a52,7344,size_in_bytes,lib/ocaml/compiler-libs/jkind_types.cmt,1357929
2026-10-05T16:16:28Z,23a7bba69fdb3d4bcfc7b30f6155e5f6f1f35a52,7344,size_in_bytes,lib/ocaml/compiler-libs/arg_helper.cmt,146682
2026-10-05T16:16:28Z,23a7bba69fdb3d4bcfc7b30f6155e5f6f1f35a52,7344,size_in_bytes,lib/ocaml/compiler-libs/flambda2_identifiers__Named_rewrite_id.cmt,31224
2026-10-05T16:16:28Z,23a7bba69fdb3d4bcfc7b30f6155e5f6f1f35a52,7344,size_in_bytes,lib/ocaml/compiler-libs/flambda2_terms__Code_metadata.cmt,763792
2026-10-05T16:16:28Z,23a7bba69fdb3d4bcfc7b30f6155e5f6f1f35a52,7344,size_in_bytes,lib/ocaml/compiler-libs/flambda2_types__Join_env.cmt,3222890
2026-10-05T16:16:28Z,23a7bba69fdb3d4bcfc7b30f6155e5f6f1f35a52,7344,size_in_bytes,lib/ocaml/compiler-libs/flambda2_term_basics__Continuation_use_kind.cmt,14532
2026-10-05T16:16:28Z,23a7bba69fdb3d4bcfc7b30f6155e5f6f1f35a52,7344,size_in_bytes,lib/ocaml/compiler-libs/regalloc_stack_operands.cmt,351343
2026-10-05T16:16:28Z,23a7bba69fdb3d4bcfc7b30f6155e5f6f1f35a52,7344,size_in_bytes,lib/ocaml/compiler-libs/arm64_ast__Logical_immediates.cmt,216086
2026-10-05T16:16:28Z,23a7bba69fdb3d4bcfc7b30f6155e5f6f1f35a52,7344,size_in_bytes,lib/ocaml/compiler-libs/cfg_dataflow.cmt,480854
2026-10-05T16:16:28Z,23a7bba69fdb3d4bcfc7b30f6155e5f6f1f35a52,7344,size_in_bytes,lib/ocaml/compiler-libs/translclass.cmt,1718285
2026-10-05T16:16:28Z,23a7bba69fdb3d4bcfc7b30f6155e5f6f1f35a52,7344,size_in_bytes,lib/ocaml/compiler-libs/dwarf_low__Abbreviation_code.cmt,49042
2026-10-05T16:16:28Z,23a7bba69fdb3d4bcfc7b30f6155e5f6f1f35a52,7344,size_in_bytes,lib/ocaml/compiler-libs/flambda2_types__Join_levels.cmt,159938
2026-10-05T16:16:28Z,23a7bba69fdb3d4bcfc7b30f6155e5f6f1f35a52,7344,size_in_bytes,lib/ocaml/compiler-libs/cfg_block_layout.cmt,180251
2026-10-05T16:16:28Z,23a7bba69fdb3d4bcfc7b30f6155e5f6f1f35a52,7344,size_in_bytes,lib/ocaml/compiler-libs/flambda2_types__Meet_and_n_way_join.cmt,3897979
2026-10-05T16:16:28Z,23a7bba69fdb3d4bcfc7b30f6155e5f6f1f35a52,7344,size_in_bytes,lib/ocaml/compiler-libs/dwarf_variables_and_parameters.cmt,248816
2026-10-05T16:16:28Z,23a7bba69fdb3d4bcfc7b30f6155e5f6f1f35a52,7344,size_in_bytes,lib/ocaml/compiler-libs/dwarf_low__Unit_type.cmt,28360
2026-10-05T16:16:28Z,23a7bba69fdb3d4bcfc7b30f6155e5f6f1f35a52,7344,size_in_bytes,lib/ocaml/compiler-libs/mtype.cmt,1157208
2026-10-05T16:16:28Z,23a7bba69fdb3d4bcfc7b30f6155e5f6f1f35a52,7344,size_in_bytes,lib/ocaml/compiler-libs/value_rec_compiler.cmt,878994
2026-10-05T16:16:28Z,23a7bba69fdb3d4bcfc7b30f6155e5f6f1f35a52,7344,size_in_bytes,lib/ocaml/compiler-libs/flambda2_bound_identifiers__Bound_for_function.cmt,215441
2026-10-05T16:16:28Z,23a7bba69fdb3d4bcfc7b30f6155e5f6f1f35a52,7344,size_in_bytes,lib/ocaml/compiler-libs/dwarf_base_address_selection.cmt,28094
2026-10-05T16:16:28Z,23a7bba69fdb3d4bcfc7b30f6155e5f6f1f35a52,7344,size_in_bytes,lib/ocaml/compiler-libs/flambda2_nominal__Name_mode.cmt,337424
2026-10-05T16:16:28Z,23a7bba69fdb3d4bcfc7b30f6155e5f6f1f35a52,7344,size_in_bytes,lib/ocaml/compiler-libs/partial_link.cmt,253707
2026-10-05T16:16:28Z,23a7bba69fdb3d4bcfc7b30f6155e5f6f1f35a52,7344,size_in_bytes,lib/ocaml/compiler-libs/flambda2_from_lambda.cmt,16085
2026-10-05T16:16:28Z,23a7bba69fdb3d4bcfc7b30f6155e5f6f1f35a52,7344,size_in_bytes,lib/ocaml/compiler-libs/flambda2_from_lambda__Lambda_to_lambda_transforms.cmt,1599050
2026-10-05T16:16:28Z,23a7bba69fdb3d4bcfc7b30f6155e5f6f1f35a52,7344,size_in_bytes,lib/ocaml/compiler-libs/static_label.cmt,36132
2026-10-05T16:16:28Z,23a7bba69fdb3d4bcfc7b30f6155e5f6f1f35a52,7344,size_in_bytes,lib/ocaml/compiler-libs/flambda2_simplify__Continuation_uses_env.cmt,193865
2026-10-05T16:16:28Z,23a7bba69fdb3d4bcfc7b30f6155e5f6f1f35a52,7344,size_in_bytes,lib/ocaml/compiler-libs/cmt_format.cmt,855770
2026-10-05T16:16:28Z,23a7bba69fdb3d4bcfc7b30f6155e5f6f1f35a52,7344,size_in_bytes,lib/ocaml/compiler-libs/arm64_binary_emitter__Relocation.cmt,277799
2026-10-05T16:16:28Z,23a7bba69fdb3d4bcfc7b30f6155e5f6f1f35a52,7344,size_in_bytes,lib/ocaml/compiler-libs/typemod.cmt,6577179
2026-10-05T16:16:28Z,23a7bba69fdb3d4bcfc7b30f6155e5f6f1f35a52,7344,size_in_bytes,lib/ocaml/compiler-libs/flambda2_algorithms__Or_null.cmt,37930
2026-10-05T16:16:28Z,23a7bba69fdb3d4bcfc7b30f6155e5f6f1f35a52,7344,size_in_bytes,lib/ocaml/compiler-libs/ssa_of_cmm.cmt,1022004
2026-10-05T16:16:28Z,23a7bba69fdb3d4bcfc7b30f6155e5f6f1f35a52,7344,size_in_bytes,lib/ocaml/compiler-libs/flambda2_types__Expand_head.cmt,1486923
2026-10-05T16:16:28Z,23a7bba69fdb3d4bcfc7b30f6155e5f6f1f35a52,7344,size_in_bytes,lib/ocaml/compiler-libs/typedecl_properties.cmt,115169
2026-10-05T16:16:28Z,23a7bba69fdb3d4bcfc7b30f6155e5f6f1f35a52,7344,size_in_bytes,lib/ocaml/compiler-libs/flambda2_import.cmt,11046
2026-10-05T16:16:28Z,23a7bba69fdb3d4bcfc7b30f6155e5f6f1f35a52,7344,size_in_bytes,lib/ocaml/compiler-libs/flambda2_types__Type_descr.cmt,263500
2026-10-05T16:16:28Z,23a7bba69fdb3d4bcfc7b30f6155e5f6f1f35a52,7344,size_in_bytes,lib/ocaml/compiler-libs/dwarf_high__Simple_location_description_lang.cmt,146995
2026-10-05T16:16:28Z,23a7bba69fdb3d4bcfc7b30f6155e5f6f1f35a52,7344,size_in_bytes,lib/ocaml/compiler-libs/translobj.cmt,242393
2026-10-05T16:16:28Z,23a7bba69fdb3d4bcfc7b30f6155e5f6f1f35a52,7344,size_in_bytes,lib/ocaml/compiler-libs/flambda2_lattices__Or_bottom.cmt,64424
2026-10-05T16:16:28Z,23a7bba69fdb3d4bcfc7b30f6155e5f6f1f35a52,7344,size_in_bytes,lib/ocaml/compiler-libs/flambda2.cmt,390483
2026-10-05T16:16:28Z,23a7bba69fdb3d4bcfc7b30f6155e5f6f1f35a52,7344,size_in_bytes,lib/ocaml/compiler-libs/flambda2_simplify__Continuation_extra_params_and_args.cmt,212397
2026-10-05T16:16:28Z,23a7bba69fdb3d4bcfc7b30f6155e5f6f1f35a52,7344,size_in_bytes,lib/ocaml/compiler-libs/vectorize_utils.cmt,132256
2026-10-05T16:16:28Z,23a7bba69fdb3d4bcfc7b30f6155e5f6f1f35a52,7344,size_in_bytes,lib/ocaml/compiler-libs/depend.cmt,1309680
2026-10-05T16:16:28Z,23a7bba69fdb3d4bcfc7b30f6155e5f6f1f35a52,7344,size_in_bytes,lib/ocaml/compiler-libs/cfg_comballoc.cmt,200170
2026-10-05T16:16:28Z,23a7bba69fdb3d4bcfc7b30f6155e5f6f1f35a52,7344,size_in_bytes,lib/ocaml/compiler-libs/regalloc_split_state.cmt,834701
2026-10-05T16:16:28Z,23a7bba69fdb3d4bcfc7b30f6155e5f6f1f35a52,7344,size_in_bytes,lib/ocaml/compiler-libs/ldd_intf.cmt,40825
2026-10-05T16:16:28Z,23a7bba69fdb3d4bcfc7b30f6155e5f6f1f35a52,7344,size_in_bytes,lib/ocaml/compiler-libs/flambda2_simplify__Simplify_let_cont_expr.cmt,1675909
2026-10-05T16:16:28Z,23a7bba69fdb3d4bcfc7b30f6155e5f6f1f35a52,7344,size_in_bytes,lib/ocaml/compiler-libs/current_unit.cmt,77208
2026-10-05T16:16:28Z,23a7bba69fdb3d4bcfc7b30f6155e5f6f1f35a52,7344,size_in_bytes,lib/ocaml/compiler-libs/cfg_selection.cmt,721586
2026-10-05T16:16:28Z,23a7bba69fdb3d4bcfc7b30f6155e5f6f1f35a52,7344,size_in_bytes,lib/ocaml/compiler-libs/typeopt.cmt,1746631
2026-10-05T16:16:28Z,23a7bba69fdb3d4bcfc7b30f6155e5f6f1f35a52,7344,size_in_bytes,lib/ocaml/compiler-libs/load_path.cmt,766896
2026-10-05T16:16:28Z,23a7bba69fdb3d4bcfc7b30f6155e5f6f1f35a52,7344,size_in_bytes,lib/ocaml/compiler-libs/flambda2_nominal.cmt,17520
2026-10-05T16:16:28Z,23a7bba69fdb3d4bcfc7b30f6155e5f6f1f35a52,7344,size_in_bytes,lib/ocaml/compiler-libs/flambda2_parser__Fexpr.cmt,175976
2026-10-05T16:16:28Z,23a7bba69fdb3d4bcfc7b30f6155e5f6f1f35a52,7344,size_in_bytes,lib/ocaml/compiler-libs/includecore.cmt,2412196
2026-10-05T16:16:28Z,23a7bba69fdb3d4bcfc7b30f6155e5f6f1f35a52,7344,size_in_bytes,lib/ocaml/compiler-libs/cmm_peephole_engine.cmt,476430
2026-10-05T16:16:28Z,23a7bba69fdb3d4bcfc7b30f6155e5f6f1f35a52,7344,size_in_bytes,lib/ocaml/compiler-libs/shape_reduce.cmt,976199
2026-10-05T16:16:28Z,23a7bba69fdb3d4bcfc7b30f6155e5f6f1f35a52,7344,size_in_bytes,lib/ocaml/compiler-libs/flambda2_parser__Flambda_to_fexpr_commons.cmt,705766
2026-10-05T16:16:28Z,23a7bba69fdb3d4bcfc7b30f6155e5f6f1f35a52,7344,size_in_bytes,lib/ocaml/compiler-libs/flambda2_simplify__Simplify_primitive_result.cmt,75503
2026-10-05T16:16:28Z,23a7bba69fdb3d4bcfc7b30f6155e5f6f1f35a52,7344,size_in_bytes,lib/ocaml/compiler-libs/optcompile.cmt,410498
2026-10-05T16:16:28Z,23a7bba69fdb3d4bcfc7b30f6155e5f6f1f35a52,7344,size_in_bytes,lib/ocaml/compiler-libs/flambda2_to_cmm__To_cmm_static.cmt,1421428
2026-10-05T16:16:28Z,23a7bba69fdb3d4bcfc7b30f6155e5f6f1f35a52,7344,size_in_bytes,lib/ocaml/compiler-libs/dwarf_compilation_unit.cmt,90364
2026-10-05T16:16:28Z,23a7bba69fdb3d4bcfc7b30f6155e5f6f1f35a52,7344,size_in_bytes,lib/ocaml/compiler-libs/asm_targets.cmt,14381
2026-10-05T16:16:28Z,23a7bba69fdb3d4bcfc7b30f6155e5f6f1f35a52,7344,size_in_bytes,lib/ocaml/compiler-libs/flambda2_term_basics__Rec_info_expr.cmt,66021
2026-10-05T16:16:28Z,23a7bba69fdb3d4bcfc7b30f6155e5f6f1f35a52,7344,size_in_bytes,lib/ocaml/compiler-libs/flambda2_from_lambda__Lambda_to_flambda_env.cmt,645247
2026-10-05T16:16:28Z,23a7bba69fdb3d4bcfc7b30f6155e5f6f1f35a52,7344,size_in_bytes,lib/ocaml/compiler-libs/flambda2_algorithms__Lmap.cmt,230332
2026-10-05T16:16:28Z,23a7bba69fdb3d4bcfc7b30f6155e5f6f1f35a52,7344,size_in_bytes,lib/ocaml/compiler-libs/expunge.cmt,97455
2026-10-05T16:16:28Z,23a7bba69fdb3d4bcfc7b30f6155e5f6f1f35a52,7344,size_in_bytes,lib/ocaml/compiler-libs/attr_helper.cmt,53556
2026-10-05T16:16:28Z,23a7bba69fdb3d4bcfc7b30f6155e5f6f1f35a52,7344,size_in_bytes,lib/ocaml/compiler-libs/flambda2_simplify__Data_flow_graph.cmt,605027
2026-10-05T16:16:28Z,23a7bba69fdb3d4bcfc7b30f6155e5f6f1f35a52,7344,size_in_bytes,lib/ocaml/compiler-libs/flambda2_simplify__Simplify_variadic_primitive.cmt,221466
2026-10-05T16:16:28Z,23a7bba69fdb3d4bcfc7b30f6155e5f6f1f35a52,7344,size_in_bytes,lib/ocaml/compiler-libs/instructionId.cmt,50983
2026-10-05T16:16:28Z,23a7bba69fdb3d4bcfc7b30f6155e5f6f1f35a52,7344,size_in_bytes,lib/ocaml/compiler-libs/linker_script.cmt,68597
2026-10-05T16:16:28Z,23a7bba69fdb3d4bcfc7b30f6155e5f6f1f35a52,7344,size_in_bytes,lib/ocaml/compiler-libs/flambda2_simplify__Simplify.cmt,102196
2026-10-05T16:16:28Z,23a7bba69fdb3d4bcfc7b30f6155e5f6f1f35a52,7344,size_in_bytes,lib/ocaml/compiler-libs/flambda2_classic_mode_types.cmt,11111
2026-10-05T16:16:28Z,23a7bba69fdb3d4bcfc7b30f6155e5f6f1f35a52,7344,size_in_bytes,lib/ocaml/compiler-libs/flambda2_datalog__Trie.cmt,354285
2026-10-05T16:16:28Z,23a7bba69fdb3d4bcfc7b30f6155e5f6f1f35a52,7344,size_in_bytes,lib/ocaml/compiler-libs/asm_targets__Asm_directives.cmt,1885379
2026-10-05T16:16:28Z,23a7bba69fdb3d4bcfc7b30f6155e5f6f1f35a52,7344,size_in_bytes,lib/ocaml/compiler-libs/lambda.cmt,3749282
2026-10-05T16:16:28Z,23a7bba69fdb3d4bcfc7b30f6155e5f6f1f35a52,7344,size_in_bytes,lib/ocaml/compiler-libs/flambda2_types__Typing_env.cmt,1576156
2026-10-05T16:16:28Z,23a7bba69fdb3d4bcfc7b30f6155e5f6f1f35a52,7344,size_in_bytes,lib/ocaml/compiler-libs/CSE.cmt,79090
2026-10-05T16:16:28Z,23a7bba69fdb3d4bcfc7b30f6155e5f6f1f35a52,7344,size_in_bytes,lib/ocaml/compiler-libs/flambda2_numbers__One_bit_fewer.cmt,159080
2026-10-05T16:16:28Z,23a7bba69fdb3d4bcfc7b30f6155e5f6f1f35a52,7344,size_in_bytes,lib/ocaml/compiler-libs/flambda2_numbers__Targetint_32_64.cmt,1034349
2026-10-05T16:16:28Z,23a7bba69fdb3d4bcfc7b30f6155e5f6f1f35a52,7344,size_in_bytes,lib/ocaml/compiler-libs/vicuna_value_shapes.cmt,249532
2026-10-05T16:16:28Z,23a7bba69fdb3d4bcfc7b30f6155e5f6f1f35a52,7344,size_in_bytes,lib/ocaml/compiler-libs/flambda2_simplify__Named_rewrite.cmt,49320
2026-10-05T16:16:28Z,23a7bba69fdb3d4bcfc7b30f6155e5f6f1f35a52,7344,size_in_bytes,lib/ocaml/compiler-libs/axis_lattice.cmt,642930
2026-10-05T16:16:28Z,23a7bba69fdb3d4bcfc7b30f6155e5f6f1f35a52,7344,size_in_bytes,lib/ocaml/compiler-libs/simplif.cmt,1672973
2026-10-05T16:16:28Z,23a7bba69fdb3d4bcfc7b30f6155e5f6f1f35a52,7344,size_in_bytes,lib/ocaml/compiler-libs/ssa_print.cmt,126187
2026-10-05T16:16:28Z,23a7bba69fdb3d4bcfc7b30f6155e5f6f1f35a52,7344,size_in_bytes,lib/ocaml/compiler-libs/flambda2_parser__Print_fexpr.cmt,1777177
2026-10-05T16:16:28Z,23a7bba69fdb3d4bcfc7b30f6155e5f6f1f35a52,7344,size_in_bytes,lib/ocaml/compiler-libs/dwarf_high__Dwarf_attribute_helpers.cmt,471872
2026-10-05T16:16:28Z,23a7bba69fdb3d4bcfc7b30f6155e5f6f1f35a52,7344,size_in_bytes,lib/ocaml/compiler-libs/flambda2_reaper__Traverse_acc.cmt,706330
2026-10-05T16:16:28Z,23a7bba69fdb3d4bcfc7b30f6155e5f6f1f35a52,7344,size_in_bytes,lib/ocaml/compiler-libs/flambda2_identifiers__Int_ids.cmt,1866011
2026-10-05T16:16:28Z,23a7bba69fdb3d4bcfc7b30f6155e5f6f1f35a52,7344,size_in_bytes,lib/ocaml/compiler-libs/flambda2_term_basics__Inlined_debuginfo.cmt,121673
2026-10-05T16:16:28Z,23a7bba69fdb3d4bcfc7b30f6155e5f6f1f35a52,7344,size_in_bytes,lib/ocaml/compiler-libs/flambda2_identifiers__Code_id_or_name.cmt,34185
2026-10-05T16:16:28Z,23a7bba69fdb3d4bcfc7b30f6155e5f6f1f35a52,7344,size_in_bytes,lib/ocaml/compiler-libs/dwarf_low__Initial_length.cmt,38982
2026-10-05T16:16:28Z,23a7bba69fdb3d4bcfc7b30f6155e5f6f1f35a52,7344,size_in_bytes,lib/ocaml/compiler-libs/llvm_ir.cmt,1660855
2026-10-05T16:16:28Z,23a7bba69fdb3d4bcfc7b30f6155e5f6f1f35a52,7344,size_in_bytes,lib/ocaml/compiler-libs/flambda2_from_lambda__Closure_conversion.cmt,4572351
2026-10-05T16:16:28Z,23a7bba69fdb3d4bcfc7b30f6155e5f6f1f35a52,7344,size_in_bytes,lib/ocaml/compiler-libs/flambda2_identifiers__Apply_cont_rewrite_id.cmt,31254
2026-10-05T16:16:28Z,23a7bba69fdb3d4bcfc7b30f6155e5f6f1f35a52,7344,size_in_bytes,lib/ocaml/compiler-libs/syntaxerr.cmt,35193
2026-10-05T16:16:28Z,23a7bba69fdb3d4bcfc7b30f6155e5f6f1f35a52,7344,size_in_bytes,lib/ocaml/compiler-libs/bytegen.cmt,1408393
2026-10-05T16:16:28Z,23a7bba69fdb3d4bcfc7b30f6155e5f6f1f35a52,7344,size_in_bytes,lib/ocaml/compiler-libs/flambda2_terms__Inline_attribute.cmt,57819
2026-10-05T16:16:28Z,23a7bba69fdb3d4bcfc7b30f6155e5f6f1f35a52,7344,size_in_bytes,lib/ocaml/compiler-libs/compile.cmt,191153
2026-10-05T16:16:28Z,23a7bba69fdb3d4bcfc7b30f6155e5f6f1f35a52,7344,size_in_bytes,lib/ocaml/compiler-libs/typedecl_variance.cmt,691987
2026-10-05T16:16:28Z,23a7bba69fdb3d4bcfc7b30f6155e5f6f1f35a52,7344,size_in_bytes,lib/ocaml/compiler-libs/flambda2_simplify__Downwards_env.cmt,1128594
2026-10-05T16:16:28Z,23a7bba69fdb3d4bcfc7b30f6155e5f6f1f35a52,7344,size_in_bytes,lib/ocaml/compiler-libs/regalloc_utils.cmt,767592
2026-10-05T16:16:28Z,23a7bba69fdb3d4bcfc7b30f6155e5f6f1f35a52,7344,size_in_bytes,lib/ocaml/compiler-libs/emitcode.cmt,930204
2026-10-05T16:16:28Z,23a7bba69fdb3d4bcfc7b30f6155e5f6f1f35a52,7344,size_in_bytes,lib/ocaml/compiler-libs/simd_selection.cmt,2713825
2026-10-05T16:16:28Z,23a7bba69fdb3d4bcfc7b30f6155e5f6f1f35a52,7344,size_in_bytes,lib/ocaml/compiler-libs/ssa.cmt,1406848
2026-10-05T16:16:28Z,23a7bba69fdb3d4bcfc7b30f6155e5f6f1f35a52,7344,size_in_bytes,lib/ocaml/compiler-libs/flambda2_simplify__Comparison_result.cmt,101208
2026-10-05T16:16:28Z,23a7bba69fdb3d4bcfc7b30f6155e5f6f1f35a52,7344,size_in_bytes,lib/ocaml/compiler-libs/misc.cmt,4221864
2026-10-05T16:16:28Z,23a7bba69fdb3d4bcfc7b30f6155e5f6f1f35a52,7344,size_in_bytes,lib/ocaml/compiler-libs/flambda2_reaper__Rebuilt_expr.cmt,112076
2026-10-05T16:16:28Z,23a7bba69fdb3d4bcfc7b30f6155e5f6f1f35a52,7344,size_in_bytes,lib/ocaml/compiler-libs/tast_mapper.cmt,2044059
2026-10-05T16:16:28Z,23a7bba69fdb3d4bcfc7b30f6155e5f6f1f35a52,7344,size_in_bytes,lib/ocaml/compiler-libs/maindriver.cmt,155517
2026-10-05T16:16:28Z,23a7bba69fdb3d4bcfc7b30f6155e5f6f1f35a52,7344,size_in_bytes,lib/ocaml/compiler-libs/flambda2_term_basics__Tag_and_size.cmt,177974
2026-10-05T16:16:28Z,23a7bba69fdb3d4bcfc7b30f6155e5f6f1f35a52,7344,size_in_bytes,lib/ocaml/compiler-libs/typecore.cmt,16498849
2026-10-05T16:16:28Z,23a7bba69fdb3d4bcfc7b30f6155e5f6f1f35a52,7344,size_in_bytes,lib/ocaml/compiler-libs/cfg_with_infos.cmt,119280
2026-10-05T16:16:28Z,23a7bba69fdb3d4bcfc7b30f6155e5f6f1f35a52,7344,size_in_bytes,lib/ocaml/compiler-libs/flambda2_reaper__Traverse_env.cmt,85802
2026-10-05T16:16:28Z,23a7bba69fdb3d4bcfc7b30f6155e5f6f1f35a52,7344,size_in_bytes,lib/ocaml/compiler-libs/oxcaml_args.cmt,3346455
2026-10-05T16:16:28Z,23a7bba69fdb3d4bcfc7b30f6155e5f6f1f35a52,7344,size_in_bytes,lib/ocaml/compiler-libs/flambda2_datalog__Lang.cmt,348345
2026-10-05T16:16:28Z,23a7bba69fdb3d4bcfc7b30f6155e5f6f1f35a52,7344,size_in_bytes,lib/ocaml/compiler-libs/flambda2_simplify__Control_flow_graph.cmt,547388
2026-10-05T16:16:28Z,23a7bba69fdb3d4bcfc7b30f6155e5f6f1f35a52,7344,size_in_bytes,lib/ocaml/compiler-libs/flambda2_reaper__Datalog_helpers.cmt,713106
2026-10-05T16:16:28Z,23a7bba69fdb3d4bcfc7b30f6155e5f6f1f35a52,7344,size_in_bytes,lib/ocaml/compiler-libs/value_rec_check.cmt,1251804
2026-10-05T16:16:28Z,23a7bba69fdb3d4bcfc7b30f6155e5f6f1f35a52,7344,size_in_bytes,lib/ocaml/compiler-libs/pparse.cmt,339856
2026-10-05T16:16:28Z,23a7bba69fdb3d4bcfc7b30f6155e5f6f1f35a52,7344,size_in_bytes,lib/ocaml/compiler-libs/zero_alloc.cmt,213493
2026-10-05T16:16:28Z,23a7bba69fdb3d4bcfc7b30f6155e5f6f1f35a52,7344,size_in_bytes,lib/ocaml/compiler-libs/x86_proc.cmt,368422
2026-10-05T16:16:28Z,23a7bba69fdb3d4bcfc7b30f6155e5f6f1f35a52,7344,size_in_bytes,lib/ocaml/compiler-libs/parser_types.cmt,17699
2026-10-05T16:16:28Z,23a7bba69fdb3d4bcfc7b30f6155e5f6f1f35a52,7344,size_in_bytes,lib/ocaml/compiler-libs/flambda2_bound_identifiers__Bound_parameters.cmt,154751
2026-10-05T16:16:28Z,23a7bba69fdb3d4bcfc7b30f6155e5f6f1f35a52,7344,size_in_bytes,lib/ocaml/compiler-libs/dwarf_low__Dwarf_4_location_list.cmt,62037
2026-10-05T16:16:28Z,23a7bba69fdb3d4bcfc7b30f6155e5f6f1f35a52,7344,size_in_bytes,lib/ocaml/compiler-libs/dwarf_low__Location_or_range_list.cmt,37915
2026-10-05T16:16:28Z,23a7bba69fdb3d4bcfc7b30f6155e5f6f1f35a52,7344,size_in_bytes,lib/ocaml/compiler-libs/flambda2_numbers__Numeric_types.cmt,1757662
2026-10-05T16:16:28Z,23a7bba69fdb3d4bcfc7b30f6155e5f6f1f35a52,7344,size_in_bytes,lib/ocaml/compiler-libs/persistent_env.cmt,1536282
2026-10-05T16:16:28Z,23a7bba69fdb3d4bcfc7b30f6155e5f6f1f35a52,7344,size_in_bytes,lib/ocaml/compiler-libs/predef.cmt,1314192
2026-10-05T16:16:28Z,23a7bba69fdb3d4bcfc7b30f6155e5f6f1f35a52,7344,size_in_bytes,lib/ocaml/compiler-libs/optlink.cmt,460882
2026-10-05T16:16:28Z,23a7bba69fdb3d4bcfc7b30f6155e5f6f1f35a52,7344,size_in_bytes,lib/ocaml/compiler-libs/flambda2_to_cmm__To_cmm_set_of_closures.cmt,1160254
2026-10-05T16:16:28Z,23a7bba69fdb3d4bcfc7b30f6155e5f6f1f35a52,7344,size_in_bytes,lib/ocaml/compiler-libs/flambda2_simplify_shared__Inlining_report.cmt,952588
2026-10-05T16:16:28Z,23a7bba69fdb3d4bcfc7b30f6155e5f6f1f35a52,7344,size_in_bytes,lib/ocaml/compiler-libs/opt_fuel.cmt,164685
2026-10-05T16:16:28Z,23a7bba69fdb3d4bcfc7b30f6155e5f6f1f35a52,7344,size_in_bytes,lib/ocaml/compiler-libs/flambda2_simplify__One_recursive_handler.cmt,56104
2026-10-05T16:16:28Z,23a7bba69fdb3d4bcfc7b30f6155e5f6f1f35a52,7344,size_in_bytes,lib/ocaml/compiler-libs/flambda2_identifiers__Function_slot.cmt,175448
2026-10-05T16:16:28Z,23a7bba69fdb3d4bcfc7b30f6155e5f6f1f35a52,7344,size_in_bytes,lib/ocaml/compiler-libs/asm_targets__Asm_directives_dwarf.cmt,13573
2026-10-05T16:16:28Z,23a7bba69fdb3d4bcfc7b30f6155e5f6f1f35a52,7344,size_in_bytes,lib/ocaml/compiler-libs/regalloc_split.cmt,602778
2026-10-05T16:16:28Z,23a7bba69fdb3d4bcfc7b30f6155e5f6f1f35a52,7344,size_in_bytes,lib/ocaml/compiler-libs/cfg_compare.cmt,1166212
2026-10-05T16:16:28Z,23a7bba69fdb3d4bcfc7b30f6155e5f6f1f35a52,7344,size_in_bytes,lib/ocaml/compiler-libs/form_rewrite_plan.cmt,467333
2026-10-05T16:16:28Z,23a7bba69fdb3d4bcfc7b30f6155e5f6f1f35a52,7344,size_in_bytes,lib/ocaml/compiler-libs/lazy_backtrack.cmt,88899
2026-10-05T16:16:28Z,23a7bba69fdb3d4bcfc7b30f6155e5f6f1f35a52,7344,size_in_bytes,lib/ocaml/compiler-libs/translprim.cmt,3137749
2026-10-05T16:16:28Z,23a7bba69fdb3d4bcfc7b30f6155e5f6f1f35a52,7344,size_in_bytes,lib/ocaml/compiler-libs/flambda2_simplify__Rebuilt_expr.cmt,646565
2026-10-05T16:16:28Z,23a7bba69fdb3d4bcfc7b30f6155e5f6f1f35a52,7344,size_in_bytes,lib/ocaml/compiler-libs/flambda2_types__Binding_time.cmt,208626
2026-10-05T16:16:28Z,23a7bba69fdb3d4bcfc7b30f6155e5f6f1f35a52,7344,size_in_bytes,lib/ocaml/compiler-libs/regalloc_irc_utils.cmt,159949
2026-10-05T16:16:28Z,23a7bba69fdb3d4bcfc7b30f6155e5f6f1f35a52,7344,size_in_bytes,lib/ocaml/compiler-libs/dsl_helpers.cmt,11954
2026-10-05T16:16:28Z,23a7bba69fdb3d4bcfc7b30f6155e5f6f1f35a52,7344,size_in_bytes,lib/ocaml/compiler-libs/flambda2_to_jsir__To_jsir_env.cmt,322246
2026-10-05T16:16:28Z,23a7bba69fdb3d4bcfc7b30f6155e5f6f1f35a52,7344,size_in_bytes,lib/ocaml/compiler-libs/cmo_io.cmt,46025
2026-10-05T16:16:28Z,23a7bba69fdb3d4bcfc7b30f6155e5f6f1f35a52,7344,size_in_bytes,lib/ocaml/compiler-libs/flambda2_datalog__Table.cmt,407681
2026-10-05T16:16:28Z,23a7bba69fdb3d4bcfc7b30f6155e5f6f1f35a52,7344,size_in_bytes,lib/ocaml/compiler-libs/optpackager.cmt,360870
2026-10-05T16:16:28Z,23a7bba69fdb3d4bcfc7b30f6155e5f6f1f35a52,7344,size_in_bytes,lib/ocaml/compiler-libs/dwarf_low__Encoding_attribute.cmt,26928
2026-10-05T16:16:28Z,23a7bba69fdb3d4bcfc7b30f6155e5f6f1f35a52,7344,size_in_bytes,lib/ocaml/compiler-libs/debuginfo.cmt,642946
2026-10-05T16:16:28Z,23a7bba69fdb3d4bcfc7b30f6155e5f6f1f35a52,7344,size_in_bytes,lib/ocaml/compiler-libs/peephole_optimize.cmt,52655
2026-10-05T16:16:28Z,23a7bba69fdb3d4bcfc7b30f6155e5f6f1f35a52,7344,size_in_bytes,lib/ocaml/compiler-libs/dwarf_low__Dwarf_4_location_list_entry.cmt,129689
2026-10-05T16:16:28Z,23a7bba69fdb3d4bcfc7b30f6155e5f6f1f35a52,7344,size_in_bytes,lib/ocaml/compiler-libs/linear_format.cmt,116865
2026-10-05T16:16:28Z,23a7bba69fdb3d4bcfc7b30f6155e5f6f1f35a52,7344,size_in_bytes,lib/ocaml/compiler-libs/flambda2_datalog__.cmt,18809
2026-10-05T16:16:28Z,23a7bba69fdb3d4bcfc7b30f6155e5f6f1f35a52,7344,size_in_bytes,lib/ocaml/compiler-libs/typeclass.cmt,3110846
2026-10-05T16:16:28Z,23a7bba69fdb3d4bcfc7b30f6155e5f6f1f35a52,7344,size_in_bytes,lib/ocaml/compiler-libs/regs.cmt,433022
2026-10-05T16:16:28Z,23a7bba69fdb3d4bcfc7b30f6155e5f6f1f35a52,7344,size_in_bytes,lib/ocaml/compiler-libs/debug.cmt,20894
2026-10-05T16:16:28Z,23a7bba69fdb3d4bcfc7b30f6155e5f6f1f35a52,7344,size_in_bytes,lib/ocaml/compiler-libs/flambda2_reaper__Analysis.cmt,180495
2026-10-05T16:16:28Z,23a7bba69fdb3d4bcfc7b30f6155e5f6f1f35a52,7344,size_in_bytes,lib/ocaml/compiler-libs/numbers.cmt,573311
2026-10-05T16:16:28Z,23a7bba69fdb3d4bcfc7b30f6155e5f6f1f35a52,7344,size_in_bytes,lib/ocaml/compiler-libs/flambda2_kinds__Flambda_arity.cmt,228586
2026-10-05T16:16:28Z,23a7bba69fdb3d4bcfc7b30f6155e5f6f1f35a52,7344,size_in_bytes,lib/ocaml/compiler-libs/bytelink.cmt,1128564
2026-10-05T16:16:28Z,23a7bba69fdb3d4bcfc7b30f6155e5f6f1f35a52,7344,size_in_bytes,lib/ocaml/compiler-libs/symbol_table.cmt,175071
2026-10-05T16:16:28Z,23a7bba69fdb3d4bcfc7b30f6155e5f6f1f35a52,7344,size_in_bytes,lib/ocaml/compiler-libs/cfg_reducibility.cmt,88375
2026-10-05T16:16:28Z,23a7bba69fdb3d4bcfc7b30f6155e5f6f1f35a52,7344,size_in_bytes,lib/ocaml/compiler-libs/flambda2_simplify_shared__Inlining_helpers.cmt,154740
2026-10-05T16:16:28Z,23a7bba69fdb3d4bcfc7b30f6155e5f6f1f35a52,7344,size_in_bytes,lib/ocaml/compiler-libs/regalloc_interf_graph.cmt,439567
2026-10-05T16:16:28Z,23a7bba69fdb3d4bcfc7b30f6155e5f6f1f35a52,7344,size_in_bytes,lib/ocaml/compiler-libs/relocation_entry.cmt,100456
2026-10-05T16:16:28Z,23a7bba69fdb3d4bcfc7b30f6155e5f6f1f35a52,7344,size_in_bytes,lib/ocaml/compiler-libs/proc.cmt,750341
2026-10-05T16:16:28Z,23a7bba69fdb3d4bcfc7b30f6155e5f6f1f35a52,7344,size_in_bytes,lib/ocaml/compiler-libs/flambda2_reaper__Cofield.cmt,146489
2026-10-05T16:16:28Z,23a7bba69fdb3d4bcfc7b30f6155e5f6f1f35a52,7344,size_in_bytes,lib/ocaml/compiler-libs/tast_iterator.cmt,1629430
2026-10-05T16:16:28Z,23a7bba69fdb3d4bcfc7b30f6155e5f6f1f35a52,7344,size_in_bytes,lib/ocaml/compiler-libs/ast_mapper.cmt,2673460
2026-10-05T16:16:28Z,23a7bba69fdb3d4bcfc7b30f6155e5f6f1f35a52,7344,size_in_bytes,lib/ocaml/compiler-libs/flambda2_simplify__Simplify_coercion.cmt,40721
2026-10-05T16:16:28Z,23a7bba69fdb3d4bcfc7b30f6155e5f6f1f35a52,7344,size_in_bytes,lib/ocaml/str/str.cmt,1248150
2026-10-05T16:16:28Z,23a7bba69fdb3d4bcfc7b30f6155e5f6f1f35a52,7344,size_in_bytes,lib/ocaml/stdlib_beta/stdlib_beta.cmt,11662
2026-10-05T16:16:28Z,23a7bba69fdb3d4bcfc7b30f6155e5f6f1f35a52,7344,size_in_bytes,lib/ocaml/runtime_events/runtime_events.cmt,199154
2026-10-05T16:16:28Z,23a7bba69fdb3d4bcfc7b30f6155e5f6f1f35a52,7344,size_in_bytes,lib/ocaml/stdlib_stable/stdlib_stable__Int8_u.cmt,80517
2026-10-05T16:16:28Z,23a7bba69fdb3d4bcfc7b30f6155e5f6f1f35a52,7344,size_in_bytes,lib/ocaml/stdlib_stable/stdlib_stable__Float32.cmt,261233
2026-10-05T16:16:28Z,23a7bba69fdb3d4bcfc7b30f6155e5f6f1f35a52,7344,size_in_bytes,lib/ocaml/stdlib_stable/stdlib_stable__Idx_atomic.cmt,34200
2026-10-05T16:16:28Z,23a7bba69fdb3d4bcfc7b30f6155e5f6f1f35a52,7344,size_in_bytes,lib/ocaml/stdlib_stable/stdlib_stable__Idx_imm.cmt,20738
2026-10-05T16:16:28Z,23a7bba69fdb3d4bcfc7b30f6155e5f6f1f35a52,7344,size_in_bytes,lib/ocaml/stdlib_stable/stdlib_stable__Int8.cmt,70982
2026-10-05T16:16:28Z,23a7bba69fdb3d4bcfc7b30f6155e5f6f1f35a52,7344,size_in_bytes,lib/ocaml/stdlib_stable/stdlib_stable__Int.cmt,83281
2026-10-05T16:16:28Z,23a7bba69fdb3d4bcfc7b30f6155e5f6f1f35a52,7344,size_in_bytes,lib/ocaml/stdlib_stable/stdlib_stable__Or_null.cmt,68241
2026-10-05T16:16:28Z,23a7bba69fdb3d4bcfc7b30f6155e5f6f1f35a52,7344,size_in_bytes,lib/ocaml/stdlib_stable/stdlib_stable__Idx_mut.cmt,22142
2026-10-05T16:16:28Z,23a7bba69fdb3d4bcfc7b30f6155e5f6f1f35a52,7344,size_in_bytes,lib/ocaml/stdlib_stable/stdlib_stable__Int_u.cmt,95777
2026-10-05T16:16:28Z,23a7bba69fdb3d4bcfc7b30f6155e5f6f1f35a52,7344,size_in_bytes,lib/ocaml/stdlib_stable/stdlib_stable__Iarray.cmt,45805
2026-10-05T16:16:28Z,23a7bba69fdb3d4bcfc7b30f6155e5f6f1f35a52,7344,size_in_bytes,lib/ocaml/stdlib_stable/stdlib_stable__IarrayLabels.cmt,1394841
2026-10-05T16:16:28Z,23a7bba69fdb3d4bcfc7b30f6155e5f6f1f35a52,7344,size_in_bytes,lib/ocaml/stdlib_stable/stdlib_stable__.cmt,21244
2026-10-05T16:16:28Z,23a7bba69fdb3d4bcfc7b30f6155e5f6f1f35a52,7344,size_in_bytes,lib/ocaml/stdlib_stable/stdlib_stable__Int16.cmt,71068
2026-10-05T16:16:28Z,23a7bba69fdb3d4bcfc7b30f6155e5f6f1f35a52,7344,size_in_bytes,lib/ocaml/stdlib_stable/stdlib_stable.cmt,16398
2026-10-05T16:16:28Z,23a7bba69fdb3d4bcfc7b30f6155e5f6f1f35a52,7344,size_in_bytes,lib/ocaml/stdlib_stable/stdlib_stable__Float32_u.cmt,559964
2026-10-05T16:16:28Z,23a7bba69fdb3d4bcfc7b30f6155e5f6f1f35a52,7344,size_in_bytes,lib/ocaml/stdlib_stable/stdlib_stable__Int16_u.cmt,80617
2026-10-05T16:16:28Z,23a7bba69fdb3d4bcfc7b30f6155e5f6f1f35a52,7344,size_in_bytes,lib/ocaml/stdlib_stable/stdlib_stable__Char_u.cmt,52181
2026-10-05T16:16:28Z,23a7bba69fdb3d4bcfc7b30f6155e5f6f1f35a52,7344,size_in_bytes,lib/ocaml/unix/unixLabels.cmt,170733
2026-10-05T16:16:28Z,23a7bba69fdb3d4bcfc7b30f6155e5f6f1f35a52,7344,size_in_bytes,lib/ocaml/unix/unix.cmt,1057365
2026-10-05T16:16:28Z,23a7bba69fdb3d4bcfc7b30f6155e5f6f1f35a52,7344,size_in_bytes,lib/ocaml/stdlib__MoreLabels.cmti,575612
2026-10-05T16:16:28Z,23a7bba69fdb3d4bcfc7b30f6155e5f6f1f35a52,7344,size_in_bytes,lib/ocaml/stdlib__Weak.cmti,62023
2026-10-05T16:16:28Z,23a7bba69fdb3d4bcfc7b30f6155e5f6f1f35a52,7344,size_in_bytes,lib/ocaml/stdlib__Printf.cmti,49658
2026-10-05T16:16:28Z,23a7bba69fdb3d4bcfc7b30f6155e5f6f1f35a52,7344,size_in_bytes,lib/ocaml/stdlib__Atomic.cmti,65710
2026-10-05T16:16:28Z,23a7bba69fdb3d4bcfc7b30f6155e5f6f1f35a52,7344,size_in_bytes,lib/ocaml/stdlib__Hashtbl.cmti,235500
2026-10-05T16:16:28Z,23a7bba69fdb3d4bcfc7b30f6155e5f6f1f35a52,7344,size_in_bytes,lib/ocaml/stdlib__Dynamic.cmti,19263
2026-10-05T16:16:28Z,23a7bba69fdb3d4bcfc7b30f6155e5f6f1f35a52,7344,size_in_bytes,lib/ocaml/compiler_owee__Owee_traverse.cmti,18043
2026-10-05T16:16:28Z,23a7bba69fdb3d4bcfc7b30f6155e5f6f1f35a52,7344,size_in_bytes,lib/ocaml/stdlib__Complex.cmti,30792
2026-10-05T16:16:28Z,23a7bba69fdb3d4bcfc7b30f6155e5f6f1f35a52,7344,size_in_bytes,lib/ocaml/stdlib__Seq.cmti,165031
2026-10-05T16:16:28Z,23a7bba69fdb3d4bcfc7b30f6155e5f6f1f35a52,7344,size_in_bytes,lib/ocaml/camlinternalAtomic.cmti,19066
2026-10-05T16:16:28Z,23a7bba69fdb3d4bcfc7b30f6155e5f6f1f35a52,7344,size_in_bytes,lib/ocaml/stdlib__Modes.cmti,26117
2026-10-05T16:16:28Z,23a7bba69fdb3d4bcfc7b30f6155e5f6f1f35a52,7344,size_in_bytes,lib/ocaml/stdlib__Bytes.cmti,183552
2026-10-05T16:16:28Z,23a7bba69fdb3d4bcfc7b30f6155e5f6f1f35a52,7344,size_in_bytes,lib/ocaml/opttopdirs.cmti,26568
2026-10-05T16:16:28Z,23a7bba69fdb3d4bcfc7b30f6155e5f6f1f35a52,7344,size_in_bytes,lib/ocaml/compiler_owee__Owee_elf_string_table.cmti,18026
2026-10-05T16:16:28Z,23a7bba69fdb3d4bcfc7b30f6155e5f6f1f35a52,7344,size_in_bytes,lib/ocaml/stdlib__Bigarray.cmti,349092
2026-10-05T16:16:28Z,23a7bba69fdb3d4bcfc7b30f6155e5f6f1f35a52,7344,size_in_bytes,lib/ocaml/stdlib__Condition.cmti,30576
2026-10-05T16:16:28Z,23a7bba69fdb3d4bcfc7b30f6155e5f6f1f35a52,7344,size_in_bytes,lib/ocaml/stdlib__Effect.cmti,155959
2026-10-05T16:16:28Z,23a7bba69fdb3d4bcfc7b30f6155e5f6f1f35a52,7344,size_in_bytes,lib/ocaml/stdlib__Gc.cmti,129958
2026-10-05T16:16:28Z,23a7bba69fdb3d4bcfc7b30f6155e5f6f1f35a52,7344,size_in_bytes,lib/ocaml/stdlib__Fun.cmti,37560
2026-10-05T16:16:28Z,23a7bba69fdb3d4bcfc7b30f6155e5f6f1f35a52,7344,size_in_bytes,lib/ocaml/stdlib__Int64.cmti,70000
2026-10-05T16:16:28Z,23a7bba69fdb3d4bcfc7b30f6155e5f6f1f35a52,7344,size_in_bytes,lib/ocaml/compiler_owee__Owee_location.cmti,19847
2026-10-05T16:16:28Z,23a7bba69fdb3d4bcfc7b30f6155e5f6f1f35a52,7344,size_in_bytes,lib/ocaml/compiler_owee__Owee_elf.cmti,98563
2026-10-05T16:16:28Z,23a7bba69fdb3d4bcfc7b30f6155e5f6f1f35a52,7344,size_in_bytes,lib/ocaml/stdlib__Pair.cmti,34055
2026-10-05T16:16:28Z,23a7bba69fdb3d4bcfc7b30f6155e5f6f1f35a52,7344,size_in_bytes,lib/ocaml/stdlib__Float.cmti,320514
2026-10-05T16:16:28Z,23a7bba69fdb3d4bcfc7b30f6155e5f6f1f35a52,7344,size_in_bytes,lib/ocaml/stdlib__Domain.cmti,81199
2026-10-05T16:16:28Z,23a7bba69fdb3d4bcfc7b30f6155e5f6f1f35a52,7344,size_in_bytes,lib/ocaml/camlinternalMod.cmti,17173
2026-10-05T16:16:28Z,23a7bba69fdb3d4bcfc7b30f6155e5f6f1f35a52,7344,size_in_bytes,lib/ocaml/stdlib__Type.cmti,25556
2026-10-05T16:16:28Z,23a7bba69fdb3d4bcfc7b30f6155e5f6f1f35a52,7344,size_in_bytes,lib/ocaml/stdlib__Result.cmti,65046
2026-10-05T16:16:28Z,23a7bba69fdb3d4bcfc7b30f6155e5f6f1f35a52,7344,size_in_bytes,lib/ocaml/stdlib__Format.cmti,333043
2026-10-05T16:16:28Z,23a7bba69fdb3d4bcfc7b30f6155e5f6f1f35a52,7344,size_in_bytes,lib/ocaml/stdlib__ListLabels.cmti,159287
2026-10-05T16:16:28Z,23a7bba69fdb3d4bcfc7b30f6155e5f6f1f35a52,7344,size_in_bytes,lib/ocaml/stdlib__Out_channel.cmti,57546
2026-10-05T16:16:28Z,23a7bba69fdb3d4bcfc7b30f6155e5f6f1f35a52,7344,size_in_bytes,lib/ocaml/stdlib__Random.cmti,69635
2026-10-05T16:16:28Z,23a7bba69fdb3d4bcfc7b30f6155e5f6f1f35a52,7344,size_in_bytes,lib/ocaml/compiler_owee__Owee_debug_line.cmti,26749
2026-10-05T16:16:28Z,23a7bba69fdb3d4bcfc7b30f6155e5f6f1f35a52,7344,size_in_bytes,lib/ocaml/stdlib__Printexc.cmti,81192
2026-10-05T16:16:28Z,23a7bba69fdb3d4bcfc7b30f6155e5f6f1f35a52,7344,size_in_bytes,lib/ocaml/stdlib__In_channel.cmti,61978
2026-10-05T16:16:28Z,23a7bba69fdb3d4bcfc7b30f6155e5f6f1f35a52,7344,size_in_bytes,lib/ocaml/compiler_owee__Owee_macho.cmti,114759
2026-10-05T16:16:28Z,23a7bba69fdb3d4bcfc7b30f6155e5f6f1f35a52,7344,size_in_bytes,lib/ocaml/stdlib__Option.cmti,38635
2026-10-05T16:16:28Z,23a7bba69fdb3d4bcfc7b30f6155e5f6f1f35a52,7344,size_in_bytes,lib/ocaml/stdlib__Repr.cmti,23037
2026-10-05T16:16:28Z,23a7bba69fdb3d4bcfc7b30f6155e5f6f1f35a52,7344,size_in_bytes,lib/ocaml/stdlib__Semaphore.cmti,30022
2026-10-05T16:16:28Z,23a7bba69fdb3d4bcfc7b30f6155e5f6f1f35a52,7344,size_in_bytes,lib/ocaml/compiler_owee__Owee_buf.cmti,53642
2026-10-05T16:16:28Z,23a7bba69fdb3d4bcfc7b30f6155e5f6f1f35a52,7344,size_in_bytes,lib/ocaml/eval.cmti,16664
2026-10-05T16:16:28Z,23a7bba69fdb3d4bcfc7b30f6155e5f6f1f35a52,7344,size_in_bytes,lib/ocaml/stdlib__Marshal.cmti,42548
2026-10-05T16:16:28Z,23a7bba69fdb3d4bcfc7b30f6155e5f6f1f35a52,7344,size_in_bytes,lib/ocaml/stdlib__Callback.cmti,20778
2026-10-05T16:16:28Z,23a7bba69fdb3d4bcfc7b30f6155e5f6f1f35a52,7344,size_in_bytes,lib/ocaml/compiler_owee__Owee_elf_notes.cmti,29300
2026-10-05T16:16:28Z,23a7bba69fdb3d4bcfc7b30f6155e5f6f1f35a52,7344,size_in_bytes,lib/ocaml/compiler_owee__Owee_form.cmti,17654
2026-10-05T16:16:28Z,23a7bba69fdb3d4bcfc7b30f6155e5f6f1f35a52,7344,size_in_bytes,lib/ocaml/stdlib__Mutex.cmti,21257
2026-10-05T16:16:28Z,23a7bba69fdb3d4bcfc7b30f6155e5f6f1f35a52,7344,size_in_bytes,lib/ocaml/compiler_owee__Owee_marker.cmti,59330
2026-10-05T16:16:28Z,23a7bba69fdb3d4bcfc7b30f6155e5f6f1f35a52,7344,size_in_bytes,lib/ocaml/camlinternalQuote.cmti,295096
2026-10-05T16:16:28Z,23a7bba69fdb3d4bcfc7b30f6155e5f6f1f35a52,7344,size_in_bytes,lib/ocaml/stdlib__Arg.cmti,66433
2026-10-05T16:16:28Z,23a7bba69fdb3d4bcfc7b30f6155e5f6f1f35a52,7344,size_in_bytes,lib/ocaml/stdlib__Filename.cmti,50366
2026-10-05T16:16:28Z,23a7bba69fdb3d4bcfc7b30f6155e5f6f1f35a52,7344,size_in_bytes,lib/ocaml/stdlib__Parsing.cmti,37538
2026-10-05T16:16:28Z,23a7bba69fdb3d4bcfc7b30f6155e5f6f1f35a52,7344,size_in_bytes,lib/ocaml/compiler_owee__Owee_object.cmti,28800
2026-10-05T16:16:28Z,23a7bba69fdb3d4bcfc7b30f6155e5f6f1f35a52,7344,size_in_bytes,lib/ocaml/stdlib__Digest.cmti,69488
2026-10-05T16:16:28Z,23a7bba69fdb3d4bcfc7b30f6155e5f6f1f35a52,7344,size_in_bytes,lib/ocaml/stdlib__Quote.cmti,24265
2026-10-05T16:16:28Z,23a7bba69fdb3d4bcfc7b30f6155e5f6f1f35a52,7344,size_in_bytes,lib/ocaml/compiler_owee__Owee_archive.cmti,27505
2026-10-05T16:16:28Z,23a7bba69fdb3d4bcfc7b30f6155e5f6f1f35a52,7344,size_in_bytes,lib/ocaml/topdirs.cmti,25825
2026-10-05T16:16:28Z,23a7bba69fdb3d4bcfc7b30f6155e5f6f1f35a52,7344,size_in_bytes,lib/ocaml/stdlib__Stack.cmti,37045
2026-10-05T16:16:28Z,23a7bba69fdb3d4bcfc7b30f6155e5f6f1f35a52,7344,size_in_bytes,lib/ocaml/camlinternalOO.cmti,66921
2026-10-05T16:16:28Z,23a7bba69fdb3d4bcfc7b30f6155e5f6f1f35a52,7344,size_in_bytes,lib/ocaml/stdlib__List.cmti,158740
2026-10-05T16:16:28Z,23a7bba69fdb3d4bcfc7b30f6155e5f6f1f35a52,7344,size_in_bytes,lib/ocaml/stdlib__Ephemeron.cmti,308431
2026-10-05T16:16:28Z,23a7bba69fdb3d4bcfc7b30f6155e5f6f1f35a52,7344,size_in_bytes,lib/ocaml/stdlib__StringLabels.cmti,126953
2026-10-05T16:16:28Z,23a7bba69fdb3d4bcfc7b30f6155e5f6f1f35a52,7344,size_in_bytes,lib/ocaml/stdlib.cmti,369692
2026-10-05T16:16:28Z,23a7bba69fdb3d4bcfc7b30f6155e5f6f1f35a52,7344,size_in_bytes,lib/ocaml/stdlib__Backoff.cmti,19814
2026-10-05T16:16:28Z,23a7bba69fdb3d4bcfc7b30f6155e5f6f1f35a52,7344,size_in_bytes,lib/ocaml/stdlib__String.cmti,126518
2026-10-05T16:16:28Z,23a7bba69fdb3d4bcfc7b30f6155e5f6f1f35a52,7344,size_in_bytes,lib/ocaml/stdlib__Pqueue.cmti,150344
2026-10-05T16:16:28Z,23a7bba69fdb3d4bcfc7b30f6155e5f6f1f35a52,7344,size_in_bytes,lib/ocaml/stdlib__Obj.cmti,78429
2026-10-05T16:16:28Z,23a7bba69fdb3d4bcfc7b30f6155e5f6f1f35a52,7344,size_in_bytes,lib/ocaml/stdlib__StdLabels.cmti,15247
2026-10-05T16:16:28Z,23a7bba69fdb3d4bcfc7b30f6155e5f6f1f35a52,7344,size_in_bytes,lib/ocaml/stdlib__BytesLabels.cmti,184210
2026-10-05T16:16:28Z,23a7bba69fdb3d4bcfc7b30f6155e5f6f1f35a52,7344,size_in_bytes,lib/ocaml/camlinternalComprehension.cmti,24197
2026-10-05T16:16:28Z,23a7bba69fdb3d4bcfc7b30f6155e5f6f1f35a52,7344,size_in_bytes,lib/ocaml/stdlib__Map.cmti,182563
2026-10-05T16:16:28Z,23a7bba69fdb3d4bcfc7b30f6155e5f6f1f35a52,7344,size_in_bytes,lib/ocaml/stdlib__Char.cmti,51020
2026-10-05T16:16:28Z,23a7bba69fdb3d4bcfc7b30f6155e5f6f1f35a52,7344,size_in_bytes,lib/ocaml/stdlib__Int.cmti,48540
2026-10-05T16:16:28Z,23a7bba69fdb3d4bcfc7b30f6155e5f6f1f35a52,7344,size_in_bytes,lib/ocaml/camlinternalFormatBasics.cmti,211783
2026-10-05T16:16:28Z,23a7bba69fdb3d4bcfc7b30f6155e5f6f1f35a52,7344,size_in_bytes,lib/ocaml/stdlib__Iarray.cmti,101139
2026-10-05T16:16:28Z,23a7bba69fdb3d4bcfc7b30f6155e5f6f1f35a52,7344,size_in_bytes,lib/ocaml/stdlib__ArrayLabels.cmti,137878
2026-10-05T16:16:28Z,23a7bba69fdb3d4bcfc7b30f6155e5f6f1f35a52,7344,size_in_bytes,lib/ocaml/stdlib__Int32.cmti,64996
2026-10-05T16:16:28Z,23a7bba69fdb3d4bcfc7b30f6155e5f6f1f35a52,7344,size_in_bytes,lib/ocaml/stdlib__Buffer.cmti,75483
2026-10-05T16:16:28Z,23a7bba69fdb3d4bcfc7b30f6155e5f6f1f35a52,7344,size_in_bytes,lib/ocaml/stdlib__Dynarray.cmti,138421
2026-10-05T16:16:28Z,23a7bba69fdb3d4bcfc7b30f6155e5f6f1f35a52,7344,size_in_bytes,lib/ocaml/stdlib__Bool.cmti,29337
2026-10-05T16:16:28Z,23a7bba69fdb3d4bcfc7b30f6155e5f6f1f35a52,7344,size_in_bytes,lib/ocaml/stdlib__Oo.cmti,18015
2026-10-05T16:16:28Z,23a7bba69fdb3d4bcfc7b30f6155e5f6f1f35a52,7344,size_in_bytes,lib/ocaml/stdlib__Uchar.cmti,41966
2026-10-05T16:16:28Z,23a7bba69fdb3d4bcfc7b30f6155e5f6f1f35a52,7344,size_in_bytes,lib/ocaml/compiler_owee__Owee_interval_map.cmti,19862
2026-10-05T16:16:28Z,23a7bba69fdb3d4bcfc7b30f6155e5f6f1f35a52,7344,size_in_bytes,lib/ocaml/stdlib__Nativeint.cmti,66076
2026-10-05T16:16:28Z,23a7bba69fdb3d4bcfc7b30f6155e5f6f1f35a52,7344,size_in_bytes,lib/ocaml/stdlib__Queue.cmti,47480
2026-10-05T16:16:28Z,23a7bba69fdb3d4bcfc7b30f6155e5f6f1f35a52,7344,size_in_bytes,lib/ocaml/stdlib__Lexing.cmti,58790
2026-10-05T16:16:28Z,23a7bba69fdb3d4bcfc7b30f6155e5f6f1f35a52,7344,size_in_bytes,lib/ocaml/stdlib__Lazy.cmti,30558
2026-10-05T16:16:28Z,23a7bba69fdb3d4bcfc7b30f6155e5f6f1f35a52,7344,size_in_bytes,lib/ocaml/stdlib__Array.cmti,137233
2026-10-05T16:16:28Z,23a7bba69fdb3d4bcfc7b30f6155e5f6f1f35a52,7344,size_in_bytes,lib/ocaml/stdlib__Either.cmti,49352
2026-10-05T16:16:28Z,23a7bba69fdb3d4bcfc7b30f6155e5f6f1f35a52,7344,size_in_bytes,lib/ocaml/compiler_owee__Owee_elf_relocation.cmti,55146
2026-10-05T16:16:28Z,23a7bba69fdb3d4bcfc7b30f6155e5f6f1f35a52,7344,size_in_bytes,lib/ocaml/stdlib__Scanf.cmti,98232
2026-10-05T16:16:28Z,23a7bba69fdb3d4bcfc7b30f6155e5f6f1f35a52,7344,size_in_bytes,lib/ocaml/stdlib__Set.cmti,141166
2026-10-05T16:16:28Z,23a7bba69fdb3d4bcfc7b30f6155e5f6f1f35a52,7344,size_in_bytes,lib/ocaml/stdlib__Sys.cmti,117541
2026-10-05T16:16:28Z,23a7bba69fdb3d4bcfc7b30f6155e5f6f1f35a52,7344,size_in_bytes,lib/ocaml/camlinternalFormat.cmti,71677
2026-10-05T16:16:28Z,23a7bba69fdb3d4bcfc7b30f6155e5f6f1f35a52,7344,size_in_bytes,lib/ocaml/compiler_owee__Owee_linux_maps.cmti,19918
2026-10-05T16:16:28Z,23a7bba69fdb3d4bcfc7b30f6155e5f6f1f35a52,7344,size_in_bytes,lib/ocaml/stdlib__Unit.cmti,16613
2026-10-05T16:16:28Z,23a7bba69fdb3d4bcfc7b30f6155e5f6f1f35a52,7344,size_in_bytes,lib/ocaml/gc_timings.cmti,12490
2026-10-05T16:16:28Z,23a7bba69fdb3d4bcfc7b30f6155e5f6f1f35a52,7344,size_in_bytes,lib/ocaml/camlinternalLazy.cmti,16386
2026-10-05T16:16:28Z,23a7bba69fdb3d4bcfc7b30f6155e5f6f1f35a52,7344,size_in_bytes,lib/ocaml/ocaml-jit/jit.cmti,35952
2026-10-05T16:16:28Z,23a7bba69fdb3d4bcfc7b30f6155e5f6f1f35a52,7344,size_in_bytes,lib/ocaml/stdlib_alpha/stdlib_alpha.cmti,11856
2026-10-05T16:16:28Z,23a7bba69fdb3d4bcfc7b30f6155e5f6f1f35a52,7344,size_in_bytes,lib/ocaml/threads/multicore.cmti,22449
2026-10-05T16:16:28Z,23a7bba69fdb3d4bcfc7b30f6155e5f6f1f35a52,7344,size_in_bytes,lib/ocaml/threads/event.cmti,30362
2026-10-05T16:16:28Z,23a7bba69fdb3d4bcfc7b30f6155e5f6f1f35a52,7344,size_in_bytes,lib/ocaml/threads/thread.cmti,57488
2026-10-05T16:16:28Z,23a7bba69fdb3d4bcfc7b30f6155e5f6f1f35a52,7344,size_in_bytes,lib/ocaml/dynlink/dynlink.cmti,43955
2026-10-05T16:16:28Z,23a7bba69fdb3d4bcfc7b30f6155e5f6f1f35a52,7344,size_in_bytes,lib/ocaml/stdlib_upstream_compatible/stdlib_upstream_compatible__Int64_u.cmti,64114
2026-10-05T16:16:28Z,23a7bba69fdb3d4bcfc7b30f6155e5f6f1f35a52,7344,size_in_bytes,lib/ocaml/stdlib_upstream_compatible/stdlib_upstream_compatible__Nativeint_u.cmti,58460
2026-10-05T16:16:28Z,23a7bba69fdb3d4bcfc7b30f6155e5f6f1f35a52,7344,size_in_bytes,lib/ocaml/stdlib_upstream_compatible/stdlib_upstream_compatible__Int32_u.cmti,55138
2026-10-05T16:16:28Z,23a7bba69fdb3d4bcfc7b30f6155e5f6f1f35a52,7344,size_in_bytes,lib/ocaml/stdlib_upstream_compatible/stdlib_upstream_compatible.cmti,11675
2026-10-05T16:16:28Z,23a7bba69fdb3d4bcfc7b30f6155e5f6f1f35a52,7344,size_in_bytes,lib/ocaml/stdlib_upstream_compatible/stdlib_upstream_compatible__Float_u.cmti,87415
2026-10-05T16:16:28Z,23a7bba69fdb3d4bcfc7b30f6155e5f6f1f35a52,7344,size_in_bytes,lib/ocaml/compiler-libs/shape_reduce.cmti,46635
2026-10-05T16:16:28Z,23a7bba69fdb3d4bcfc7b30f6155e5f6f1f35a52,7344,size_in_bytes,lib/ocaml/compiler-libs/terminfo.cmti,17225
2026-10-05T16:16:28Z,23a7bba69fdb3d4bcfc7b30f6155e5f6f1f35a52,7344,size_in_bytes,lib/ocaml/compiler-libs/flambda2_simplify__Are_lifting_conts.cmti,45621
2026-10-05T16:16:28Z,23a7bba69fdb3d4bcfc7b30f6155e5f6f1f35a52,7344,size_in_bytes,lib/ocaml/compiler-libs/errors.cmti,13462
2026-10-05T16:16:28Z,23a7bba69fdb3d4bcfc7b30f6155e5f6f1f35a52,7344,size_in_bytes,lib/ocaml/compiler-libs/flambda2_simplify__Simplify_import.cmti,52013
2026-10-05T16:16:28Z,23a7bba69fdb3d4bcfc7b30f6155e5f6f1f35a52,7344,size_in_bytes,lib/ocaml/compiler-libs/flambda2_simplify__Flow.cmti,76461
2026-10-05T16:16:28Z,23a7bba69fdb3d4bcfc7b30f6155e5f6f1f35a52,7344,size_in_bytes,lib/ocaml/compiler-libs/pparse.cmti,35335
2026-10-05T16:16:28Z,23a7bba69fdb3d4bcfc7b30f6155e5f6f1f35a52,7344,size_in_bytes,lib/ocaml/compiler-libs/flambda2_kinds__Flambda_arity.cmti,52255
2026-10-05T16:16:28Z,23a7bba69fdb3d4bcfc7b30f6155e5f6f1f35a52,7344,size_in_bytes,lib/ocaml/compiler-libs/location.cmti,144816
2026-10-05T16:16:28Z,23a7bba69fdb3d4bcfc7b30f6155e5f6f1f35a52,7344,size_in_bytes,lib/ocaml/compiler-libs/cfg_prologue.cmti,34859
2026-10-05T16:16:28Z,23a7bba69fdb3d4bcfc7b30f6155e5f6f1f35a52,7344,size_in_bytes,lib/ocaml/compiler-libs/dwarf_reg_locations.cmti,35199
2026-10-05T16:16:28Z,23a7bba69fdb3d4bcfc7b30f6155e5f6f1f35a52,7344,size_in_bytes,lib/ocaml/compiler-libs/arm64_binary_emitter__Fp_helpers.cmti,28591
2026-10-05T16:16:28Z,23a7bba69fdb3d4bcfc7b30f6155e5f6f1f35a52,7344,size_in_bytes,lib/ocaml/compiler-libs/depend.cmti,27379
2026-10-05T16:16:28Z,23a7bba69fdb3d4bcfc7b30f6155e5f6f1f35a52,7344,size_in_bytes,lib/ocaml/compiler-libs/syntaxerr.cmti,25828
2026-10-05T16:16:28Z,23a7bba69fdb3d4bcfc7b30f6155e5f6f1f35a52,7344,size_in_bytes,lib/ocaml/compiler-libs/btype.cmti,524499
2026-10-05T16:16:28Z,23a7bba69fdb3d4bcfc7b30f6155e5f6f1f35a52,7344,size_in_bytes,lib/ocaml/compiler-libs/cfg_compare.cmti,36403
2026-10-05T16:16:28Z,23a7bba69fdb3d4bcfc7b30f6155e5f6f1f35a52,7344,size_in_bytes,lib/ocaml/compiler-libs/flambda2_terms__Flambda_primitive.cmti,537658
2026-10-05T16:16:28Z,23a7bba69fdb3d4bcfc7b30f6155e5f6f1f35a52,7344,size_in_bytes,lib/ocaml/compiler-libs/flambda2_bound_identifiers__Bound_static.cmti,45300
2026-10-05T16:16:28Z,23a7bba69fdb3d4bcfc7b30f6155e5f6f1f35a52,7344,size_in_bytes,lib/ocaml/compiler-libs/vectorize.cmti,34241
2026-10-05T16:16:28Z,23a7bba69fdb3d4bcfc7b30f6155e5f6f1f35a52,7344,size_in_bytes,lib/ocaml/compiler-libs/x86_ast_utils.cmti,26854
2026-10-05T16:16:28Z,23a7bba69fdb3d4bcfc7b30f6155e5f6f1f35a52,7344,size_in_bytes,lib/ocaml/compiler-libs/debuginfo.cmti,77203
2026-10-05T16:16:28Z,23a7bba69fdb3d4bcfc7b30f6155e5f6f1f35a52,7344,size_in_bytes,lib/ocaml/compiler-libs/flambda2_terms__Validity.cmti,36248
2026-10-05T16:16:28Z,23a7bba69fdb3d4bcfc7b30f6155e5f6f1f35a52,7344,size_in_bytes,lib/ocaml/compiler-libs/ssa.cmti,263386
2026-10-05T16:16:28Z,23a7bba69fdb3d4bcfc7b30f6155e5f6f1f35a52,7344,size_in_bytes,lib/ocaml/compiler-libs/flambda2_terms__Regalloc_param_attribute.cmti,31768
2026-10-05T16:16:28Z,23a7bba69fdb3d4bcfc7b30f6155e5f6f1f35a52,7344,size_in_bytes,lib/ocaml/compiler-libs/meta.cmti,24377
2026-10-05T16:16:28Z,23a7bba69fdb3d4bcfc7b30f6155e5f6f1f35a52,7344,size_in_bytes,lib/ocaml/compiler-libs/flambda2_reaper__Slot_offsets_analysis.cmti,35269
2026-10-05T16:16:28Z,23a7bba69fdb3d4bcfc7b30f6155e5f6f1f35a52,7344,size_in_bytes,lib/ocaml/compiler-libs/flambda2_algorithms__Leapfrog.cmti,44401
2026-10-05T16:16:28Z,23a7bba69fdb3d4bcfc7b30f6155e5f6f1f35a52,7344,size_in_bytes,lib/ocaml/compiler-libs/ast_mapper.cmti,101251
2026-10-05T16:16:28Z,23a7bba69fdb3d4bcfc7b30f6155e5f6f1f35a52,7344,size_in_bytes,lib/ocaml/compiler-libs/data_types.cmti,47725
2026-10-05T16:16:28Z,23a7bba69fdb3d4bcfc7b30f6155e5f6f1f35a52,7344,size_in_bytes,lib/ocaml/compiler-libs/regalloc_affinity.cmti,44214
2026-10-05T16:16:28Z,23a7bba69fdb3d4bcfc7b30f6155e5f6f1f35a52,7344,size_in_bytes,lib/ocaml/compiler-libs/strongly_connected_components.cmti,44428
2026-10-05T16:16:28Z,23a7bba69fdb3d4bcfc7b30f6155e5f6f1f35a52,7344,size_in_bytes,lib/ocaml/compiler-libs/reg.cmti,253643
2026-10-05T16:16:28Z,23a7bba69fdb3d4bcfc7b30f6155e5f6f1f35a52,7344,size_in_bytes,lib/ocaml/compiler-libs/ikind.cmti,56523
2026-10-05T16:16:28Z,23a7bba69fdb3d4bcfc7b30f6155e5f6f1f35a52,7344,size_in_bytes,lib/ocaml/compiler-libs/flambda2_to_jsir__To_jsir_static_const.cmti,44954
2026-10-05T16:16:28Z,23a7bba69fdb3d4bcfc7b30f6155e5f6f1f35a52,7344,size_in_bytes,lib/ocaml/compiler-libs/proc.cmti,70257
2026-10-05T16:16:28Z,23a7bba69fdb3d4bcfc7b30f6155e5f6f1f35a52,7344,size_in_bytes,lib/ocaml/compiler-libs/afl_instrument.cmti,34865
2026-10-05T16:16:28Z,23a7bba69fdb3d4bcfc7b30f6155e5f6f1f35a52,7344,size_in_bytes,lib/ocaml/compiler-libs/flambda2_simplify__Inlining_transforms.cmti,38821
2026-10-05T16:16:28Z,23a7bba69fdb3d4bcfc7b30f6155e5f6f1f35a52,7344,size_in_bytes,lib/ocaml/compiler-libs/format_doc.cmti,140458
2026-10-05T16:16:28Z,23a7bba69fdb3d4bcfc7b30f6155e5f6f1f35a52,7344,size_in_bytes,lib/ocaml/compiler-libs/flambda2_datalog__Bytecode.cmti,47716
2026-10-05T16:16:28Z,23a7bba69fdb3d4bcfc7b30f6155e5f6f1f35a52,7344,size_in_bytes,lib/ocaml/compiler-libs/asm_targets__Asm_label_or_symbol.cmti,18649
2026-10-05T16:16:28Z,23a7bba69fdb3d4bcfc7b30f6155e5f6f1f35a52,7344,size_in_bytes,lib/ocaml/compiler-libs/flambda2_term_basics__Rec_info_expr.cmti,45540
2026-10-05T16:16:28Z,23a7bba69fdb3d4bcfc7b30f6155e5f6f1f35a52,7344,size_in_bytes,lib/ocaml/compiler-libs/flambda2_reaper__Traverse_acc.cmti,122717
2026-10-05T16:16:28Z,23a7bba69fdb3d4bcfc7b30f6155e5f6f1f35a52,7344,size_in_bytes,lib/ocaml/compiler-libs/cfg_liveness_validate.cmti,34572
2026-10-05T16:16:28Z,23a7bba69fdb3d4bcfc7b30f6155e5f6f1f35a52,7344,size_in_bytes,lib/ocaml/compiler-libs/flambda2_reaper__Global_flow_graph.cmti,81912
2026-10-05T16:16:28Z,23a7bba69fdb3d4bcfc7b30f6155e5f6f1f35a52,7344,size_in_bytes,lib/ocaml/compiler-libs/cm_bundle.cmti,21523
2026-10-05T16:16:28Z,23a7bba69fdb3d4bcfc7b30f6155e5f6f1f35a52,7344,size_in_bytes,lib/ocaml/compiler-libs/ssa_tail_call.cmti,36693
2026-10-05T16:16:28Z,23a7bba69fdb3d4bcfc7b30f6155e5f6f1f35a52,7344,size_in_bytes,lib/ocaml/compiler-libs/flambda2_simplify__Simplify_let_cont_expr.cmti,40154
2026-10-05T16:16:28Z,23a7bba69fdb3d4bcfc7b30f6155e5f6f1f35a52,7344,size_in_bytes,lib/ocaml/compiler-libs/value_rec_types.cmti,13978
2026-10-05T16:16:28Z,23a7bba69fdb3d4bcfc7b30f6155e5f6f1f35a52,7344,size_in_bytes,lib/ocaml/compiler-libs/arm64_binary_emitter__All_section_states.cmti,44436
2026-10-05T16:16:28Z,23a7bba69fdb3d4bcfc7b30f6155e5f6f1f35a52,7344,size_in_bytes,lib/ocaml/compiler-libs/flambda2_to_jsir__To_jsir_result.cmti,45216
2026-10-05T16:16:28Z,23a7bba69fdb3d4bcfc7b30f6155e5f6f1f35a52,7344,size_in_bytes,lib/ocaml/compiler-libs/flambda2_simplify__Continuation_shortcut.cmti,33965
2026-10-05T16:16:28Z,23a7bba69fdb3d4bcfc7b30f6155e5f6f1f35a52,7344,size_in_bytes,lib/ocaml/compiler-libs/cmt2annot.cmti,20793
2026-10-05T16:16:28Z,23a7bba69fdb3d4bcfc7b30f6155e5f6f1f35a52,7344,size_in_bytes,lib/ocaml/compiler-libs/flambda2_bound_identifiers__Alloc_mode.cmti,70754
2026-10-05T16:16:28Z,23a7bba69fdb3d4bcfc7b30f6155e5f6f1f35a52,7344,size_in_bytes,lib/ocaml/compiler-libs/persistent_env.cmti,180891
2026-10-05T16:16:28Z,23a7bba69fdb3d4bcfc7b30f6155e5f6f1f35a52,7344,size_in_bytes,lib/ocaml/compiler-libs/asm_targets__Asm_directives_dwarf.cmti,13178
2026-10-05T16:16:28Z,23a7bba69fdb3d4bcfc7b30f6155e5f6f1f35a52,7344,size_in_bytes,lib/ocaml/compiler-libs/flambda2_types__Typing_env_extension.cmti,67251
2026-10-05T16:16:28Z,23a7bba69fdb3d4bcfc7b30f6155e5f6f1f35a52,7344,size_in_bytes,lib/ocaml/compiler-libs/arm64_binary_emitter__Branch_helpers.cmti,27736
2026-10-05T16:16:28Z,23a7bba69fdb3d4bcfc7b30f6155e5f6f1f35a52,7344,size_in_bytes,lib/ocaml/compiler-libs/flambda2_terms__Apply_cont_expr.cmti,183615
2026-10-05T16:16:28Z,23a7bba69fdb3d4bcfc7b30f6155e5f6f1f35a52,7344,size_in_bytes,lib/ocaml/compiler-libs/printlambda.cmti,39830
2026-10-05T16:16:28Z,23a7bba69fdb3d4bcfc7b30f6155e5f6f1f35a52,7344,size_in_bytes,lib/ocaml/compiler-libs/ast_iterator.cmti,70484
2026-10-05T16:16:28Z,23a7bba69fdb3d4bcfc7b30f6155e5f6f1f35a52,7344,size_in_bytes,lib/ocaml/compiler-libs/flambda2_datalog__Cursor.cmti,45628
2026-10-05T16:16:28Z,23a7bba69fdb3d4bcfc7b30f6155e5f6f1f35a52,7344,size_in_bytes,lib/ocaml/compiler-libs/flambda2_simplify__Non_recursive_handler.cmti,43122
2026-10-05T16:16:28Z,23a7bba69fdb3d4bcfc7b30f6155e5f6f1f35a52,7344,size_in_bytes,lib/ocaml/compiler-libs/flambda2_terms__Trap_action.cmti,42811
2026-10-05T16:16:28Z,23a7bba69fdb3d4bcfc7b30f6155e5f6f1f35a52,7344,size_in_bytes,lib/ocaml/compiler-libs/flambda2_cmx__Flambda_cmx.cmti,46298
2026-10-05T16:16:28Z,23a7bba69fdb3d4bcfc7b30f6155e5f6f1f35a52,7344,size_in_bytes,lib/ocaml/compiler-libs/profile.cmti,38546
2026-10-05T16:16:28Z,23a7bba69fdb3d4bcfc7b30f6155e5f6f1f35a52,7344,size_in_bytes,lib/ocaml/compiler-libs/flambda2_parser__Flambda_to_fexpr.cmti,30891
2026-10-05T16:16:28Z,23a7bba69fdb3d4bcfc7b30f6155e5f6f1f35a52,7344,size_in_bytes,lib/ocaml/compiler-libs/flambda2_identifiers__Name.cmti,188898
2026-10-05T16:16:28Z,23a7bba69fdb3d4bcfc7b30f6155e5f6f1f35a52,7344,size_in_bytes,lib/ocaml/compiler-libs/dwarf_abstract_instances.cmti,29764
2026-10-05T16:16:28Z,23a7bba69fdb3d4bcfc7b30f6155e5f6f1f35a52,7344,size_in_bytes,lib/ocaml/compiler-libs/cmmgen_state.cmti,53950
2026-10-05T16:16:28Z,23a7bba69fdb3d4bcfc7b30f6155e5f6f1f35a52,7344,size_in_bytes,lib/ocaml/compiler-libs/generic_fns.cmti,80221
2026-10-05T16:16:28Z,23a7bba69fdb3d4bcfc7b30f6155e5f6f1f35a52,7344,size_in_bytes,lib/ocaml/compiler-libs/flambda2_terms__Switch_expr.cmti,42622
2026-10-05T16:16:28Z,23a7bba69fdb3d4bcfc7b30f6155e5f6f1f35a52,7344,size_in_bytes,lib/ocaml/compiler-libs/ssa_reducer.cmti,91265
2026-10-05T16:16:28Z,23a7bba69fdb3d4bcfc7b30f6155e5f6f1f35a52,7344,size_in_bytes,lib/ocaml/compiler-libs/cfg_block_layout.cmti,33973
2026-10-05T16:16:28Z,23a7bba69fdb3d4bcfc7b30f6155e5f6f1f35a52,7344,size_in_bytes,lib/ocaml/compiler-libs/arm64_binary_emitter__Load_store_helpers.cmti,57609
2026-10-05T16:16:28Z,23a7bba69fdb3d4bcfc7b30f6155e5f6f1f35a52,7344,size_in_bytes,lib/ocaml/compiler-libs/flambda2_reaper__Rebuilt_expr.cmti,49110
2026-10-05T16:16:28Z,23a7bba69fdb3d4bcfc7b30f6155e5f6f1f35a52,7344,size_in_bytes,lib/ocaml/compiler-libs/flambda2_identifiers__Code_id.cmti,41450
2026-10-05T16:16:28Z,23a7bba69fdb3d4bcfc7b30f6155e5f6f1f35a52,7344,size_in_bytes,lib/ocaml/compiler-libs/translobj.cmti,29428
2026-10-05T16:16:28Z,23a7bba69fdb3d4bcfc7b30f6155e5f6f1f35a52,7344,size_in_bytes,lib/ocaml/compiler-libs/dwarf_concrete_instances.cmti,41732
2026-10-05T16:16:28Z,23a7bba69fdb3d4bcfc7b30f6155e5f6f1f35a52,7344,size_in_bytes,lib/ocaml/compiler-libs/flambda2_datalog__Lang.cmti,213620
2026-10-05T16:16:28Z,23a7bba69fdb3d4bcfc7b30f6155e5f6f1f35a52,7344,size_in_bytes,lib/ocaml/compiler-libs/ssa_simplify.cmti,36089
2026-10-05T16:16:28Z,23a7bba69fdb3d4bcfc7b30f6155e5f6f1f35a52,7344,size_in_bytes,lib/ocaml/compiler-libs/flambda2_datalog__Datalog.cmti,51363
2026-10-05T16:16:28Z,23a7bba69fdb3d4bcfc7b30f6155e5f6f1f35a52,7344,size_in_bytes,lib/ocaml/compiler-libs/id_counter.cmti,111675
2026-10-05T16:16:28Z,23a7bba69fdb3d4bcfc7b30f6155e5f6f1f35a52,7344,size_in_bytes,lib/ocaml/compiler-libs/flambda2_simplify_shared__Function_decl_inlining_decision.cmti,32680
2026-10-05T16:16:28Z,23a7bba69fdb3d4bcfc7b30f6155e5f6f1f35a52,7344,size_in_bytes,lib/ocaml/compiler-libs/flambda2_simplify__Simplify_unary_primitive.cmti,39678
2026-10-05T16:16:28Z,23a7bba69fdb3d4bcfc7b30f6155e5f6f1f35a52,7344,size_in_bytes,lib/ocaml/compiler-libs/flambda2_reaper__Field.cmti,194623
2026-10-05T16:16:28Z,23a7bba69fdb3d4bcfc7b30f6155e5f6f1f35a52,7344,size_in_bytes,lib/ocaml/compiler-libs/flambda2_reaper__Traverse_env.cmti,54903
2026-10-05T16:16:28Z,23a7bba69fdb3d4bcfc7b30f6155e5f6f1f35a52,7344,size_in_bytes,lib/ocaml/compiler-libs/flambda2.cmti,48077
2026-10-05T16:16:28Z,23a7bba69fdb3d4bcfc7b30f6155e5f6f1f35a52,7344,size_in_bytes,lib/ocaml/compiler-libs/flambda2_simplify__Flow_acc.cmti,76662
2026-10-05T16:16:28Z,23a7bba69fdb3d4bcfc7b30f6155e5f6f1f35a52,7344,size_in_bytes,lib/ocaml/compiler-libs/flambda2_simplify__Simplify_variadic_primitive.cmti,39710
2026-10-05T16:16:28Z,23a7bba69fdb3d4bcfc7b30f6155e5f6f1f35a52,7344,size_in_bytes,lib/ocaml/compiler-libs/simplif.cmti,23872
2026-10-05T16:16:28Z,23a7bba69fdb3d4bcfc7b30f6155e5f6f1f35a52,7344,size_in_bytes,lib/ocaml/compiler-libs/flambda2_to_cmm__To_cmm_effects.cmti,47831
2026-10-05T16:16:28Z,23a7bba69fdb3d4bcfc7b30f6155e5f6f1f35a52,7344,size_in_bytes,lib/ocaml/compiler-libs/flambda2_parser__Flambda_parser.cmti,83722
2026-10-05T16:16:28Z,23a7bba69fdb3d4bcfc7b30f6155e5f6f1f35a52,7344,size_in_bytes,lib/ocaml/compiler-libs/signature_group.cmti,45348
2026-10-05T16:16:28Z,23a7bba69fdb3d4bcfc7b30f6155e5f6f1f35a52,7344,size_in_bytes,lib/ocaml/compiler-libs/arm64_ast__Logical_immediates.cmti,16944
2026-10-05T16:16:28Z,23a7bba69fdb3d4bcfc7b30f6155e5f6f1f35a52,7344,size_in_bytes,lib/ocaml/compiler-libs/dwarf_inlined_frames.cmti,42267
2026-10-05T16:16:28Z,23a7bba69fdb3d4bcfc7b30f6155e5f6f1f35a52,7344,size_in_bytes,lib/ocaml/compiler-libs/debug.cmti,13685
2026-10-05T16:16:28Z,23a7bba69fdb3d4bcfc7b30f6155e5f6f1f35a52,7344,size_in_bytes,lib/ocaml/compiler-libs/flambda2_to_cmm__To_cmm_expr.cmti,35446
2026-10-05T16:16:28Z,23a7bba69fdb3d4bcfc7b30f6155e5f6f1f35a52,7344,size_in_bytes,lib/ocaml/compiler-libs/flambda2_algorithms__Lmap.cmti,84509
2026-10-05T16:16:28Z,23a7bba69fdb3d4bcfc7b30f6155e5f6f1f35a52,7344,size_in_bytes,lib/ocaml/compiler-libs/typeclass.cmti,69530
2026-10-05T16:16:28Z,23a7bba69fdb3d4bcfc7b30f6155e5f6f1f35a52,7344,size_in_bytes,lib/ocaml/compiler-libs/regalloc_rewrite.cmti,49969
2026-10-05T16:16:28Z,23a7bba69fdb3d4bcfc7b30f6155e5f6f1f35a52,7344,size_in_bytes,lib/ocaml/compiler-libs/dsl_helpers.cmti,12189
2026-10-05T16:16:28Z,23a7bba69fdb3d4bcfc7b30f6155e5f6f1f35a52,7344,size_in_bytes,lib/ocaml/compiler-libs/flambda2_simplify__Simplified_named.cmti,51096
2026-10-05T16:16:28Z,23a7bba69fdb3d4bcfc7b30f6155e5f6f1f35a52,7344,size_in_bytes,lib/ocaml/compiler-libs/flambda2_types__Code_age_relation.cmti,39045
2026-10-05T16:16:28Z,23a7bba69fdb3d4bcfc7b30f6155e5f6f1f35a52,7344,size_in_bytes,lib/ocaml/compiler-libs/flambda2_simplify__Is_unboxing_beneficial.cmti,33168
2026-10-05T16:16:28Z,23a7bba69fdb3d4bcfc7b30f6155e5f6f1f35a52,7344,size_in_bytes,lib/ocaml/compiler-libs/mode.cmti,997946
2026-10-05T16:16:28Z,23a7bba69fdb3d4bcfc7b30f6155e5f6f1f35a52,7344,size_in_bytes,lib/ocaml/compiler-libs/flambda2_floats__Float32.cmti,27016
2026-10-05T16:16:28Z,23a7bba69fdb3d4bcfc7b30f6155e5f6f1f35a52,7344,size_in_bytes,lib/ocaml/compiler-libs/typecore.cmti,188215
2026-10-05T16:16:28Z,23a7bba69fdb3d4bcfc7b30f6155e5f6f1f35a52,7344,size_in_bytes,lib/ocaml/compiler-libs/translprim.cmti,43439
2026-10-05T16:16:28Z,23a7bba69fdb3d4bcfc7b30f6155e5f6f1f35a52,7344,size_in_bytes,lib/ocaml/compiler-libs/slambdaident.cmti,149980
2026-10-05T16:16:28Z,23a7bba69fdb3d4bcfc7b30f6155e5f6f1f35a52,7344,size_in_bytes,lib/ocaml/compiler-libs/compile_common.cmti,44879
2026-10-05T16:16:28Z,23a7bba69fdb3d4bcfc7b30f6155e5f6f1f35a52,7344,size_in_bytes,lib/ocaml/compiler-libs/parsetree.cmti,385545
2026-10-05T16:16:28Z,23a7bba69fdb3d4bcfc7b30f6155e5f6f1f35a52,7344,size_in_bytes,lib/ocaml/compiler-libs/flambda2_simplify__Downwards_acc.cmti,108999
2026-10-05T16:16:28Z,23a7bba69fdb3d4bcfc7b30f6155e5f6f1f35a52,7344,size_in_bytes,lib/ocaml/compiler-libs/flambda2_reaper__Points_to_analysis.cmti,112205
2026-10-05T16:16:28Z,23a7bba69fdb3d4bcfc7b30f6155e5f6f1f35a52,7344,size_in_bytes,lib/ocaml/compiler-libs/instantiator.cmti,39817
2026-10-05T16:16:28Z,23a7bba69fdb3d4bcfc7b30f6155e5f6f1f35a52,7344,size_in_bytes,lib/ocaml/compiler-libs/flambda2_simplify__Rebuilt_static_const.cmti,112051
2026-10-05T16:16:28Z,23a7bba69fdb3d4bcfc7b30f6155e5f6f1f35a52,7344,size_in_bytes,lib/ocaml/compiler-libs/language_extension.cmti,71807
2026-10-05T16:16:28Z,23a7bba69fdb3d4bcfc7b30f6155e5f6f1f35a52,7344,size_in_bytes,lib/ocaml/compiler-libs/x86_proc.cmti,56216
2026-10-05T16:16:28Z,23a7bba69fdb3d4bcfc7b30f6155e5f6f1f35a52,7344,size_in_bytes,lib/ocaml/compiler-libs/stypes.cmti,24041
2026-10-05T16:16:28Z,23a7bba69fdb3d4bcfc7b30f6155e5f6f1f35a52,7344,size_in_bytes,lib/ocaml/compiler-libs/flambda2_terms__Coeffects.cmti,33033
2026-10-05T16:16:28Z,23a7bba69fdb3d4bcfc7b30f6155e5f6f1f35a52,7344,size_in_bytes,lib/ocaml/compiler-libs/toploop.cmti,102836
2026-10-05T16:16:28Z,23a7bba69fdb3d4bcfc7b30f6155e5f6f1f35a52,7344,size_in_bytes,lib/ocaml/compiler-libs/mtype.cmti,56084
2026-10-05T16:16:28Z,23a7bba69fdb3d4bcfc7b30f6155e5f6f1f35a52,7344,size_in_bytes,lib/ocaml/compiler-libs/mixed_product_bytes.cmti,44638
2026-10-05T16:16:28Z,23a7bba69fdb3d4bcfc7b30f6155e5f6f1f35a52,7344,size_in_bytes,lib/ocaml/compiler-libs/flambda2_types__Type_descr.cmti,62741
2026-10-05T16:16:28Z,23a7bba69fdb3d4bcfc7b30f6155e5f6f1f35a52,7344,size_in_bytes,lib/ocaml/compiler-libs/flambda2_lattices__Or_bottom.cmti,28261
2026-10-05T16:16:28Z,23a7bba69fdb3d4bcfc7b30f6155e5f6f1f35a52,7344,size_in_bytes,lib/ocaml/compiler-libs/compute_ranges.cmti,64778
2026-10-05T16:16:28Z,23a7bba69fdb3d4bcfc7b30f6155e5f6f1f35a52,7344,size_in_bytes,lib/ocaml/compiler-libs/misc.cmti,737383
2026-10-05T16:16:28Z,23a7bba69fdb3d4bcfc7b30f6155e5f6f1f35a52,7344,size_in_bytes,lib/ocaml/compiler-libs/flambda2_to_cmm__To_cmm_static.cmti,39641
2026-10-05T16:16:28Z,23a7bba69fdb3d4bcfc7b30f6155e5f6f1f35a52,7344,size_in_bytes,lib/ocaml/compiler-libs/regalloc_irc_state.cmti,119058
2026-10-05T16:16:28Z,23a7bba69fdb3d4bcfc7b30f6155e5f6f1f35a52,7344,size_in_bytes,lib/ocaml/compiler-libs/flambda2_reaper__Datalog_helpers.cmti,295296
2026-10-05T16:16:28Z,23a7bba69fdb3d4bcfc7b30f6155e5f6f1f35a52,7344,size_in_bytes,lib/ocaml/compiler-libs/jkind_axis.cmti,78718
2026-10-05T16:16:28Z,23a7bba69fdb3d4bcfc7b30f6155e5f6f1f35a52,7344,size_in_bytes,lib/ocaml/compiler-libs/opttopdirs.cmti,26568
2026-10-05T16:16:28Z,23a7bba69fdb3d4bcfc7b30f6155e5f6f1f35a52,7344,size_in_bytes,lib/ocaml/compiler-libs/arm64_binary_emitter__Adr_helpers.cmti,17395
2026-10-05T16:16:28Z,23a7bba69fdb3d4bcfc7b30f6155e5f6f1f35a52,7344,size_in_bytes,lib/ocaml/compiler-libs/printreg.cmti,46273
2026-10-05T16:16:28Z,23a7bba69fdb3d4bcfc7b30f6155e5f6f1f35a52,7344,size_in_bytes,lib/ocaml/compiler-libs/flambda2_simplify__Continuation_uses.cmti,52123
2026-10-05T16:16:28Z,23a7bba69fdb3d4bcfc7b30f6155e5f6f1f35a52,7344,size_in_bytes,lib/ocaml/compiler-libs/mode_intf.cmti,1986735
2026-10-05T16:16:28Z,23a7bba69fdb3d4bcfc7b30f6155e5f6f1f35a52,7344,size_in_bytes,lib/ocaml/compiler-libs/flambda2_terms__Inlining_state.cmti,38050
2026-10-05T16:16:28Z,23a7bba69fdb3d4bcfc7b30f6155e5f6f1f35a52,7344,size_in_bytes,lib/ocaml/compiler-libs/errortrace_report.cmti,32099
2026-10-05T16:16:28Z,23a7bba69fdb3d4bcfc7b30f6155e5f6f1f35a52,7344,size_in_bytes,lib/ocaml/compiler-libs/flambda2_types__Join_levels.cmti,32292
2026-10-05T16:16:28Z,23a7bba69fdb3d4bcfc7b30f6155e5f6f1f35a52,7344,size_in_bytes,lib/ocaml/compiler-libs/flambda2_nominal__Name_occurrences.cmti,107656
2026-10-05T16:16:28Z,23a7bba69fdb3d4bcfc7b30f6155e5f6f1f35a52,7344,size_in_bytes,lib/ocaml/compiler-libs/flambda2_term_basics__Simple.cmti,475376
2026-10-05T16:16:28Z,23a7bba69fdb3d4bcfc7b30f6155e5f6f1f35a52,7344,size_in_bytes,lib/ocaml/compiler-libs/cfg_to_linear_desc.cmti,33675
2026-10-05T16:16:28Z,23a7bba69fdb3d4bcfc7b30f6155e5f6f1f35a52,7344,size_in_bytes,lib/ocaml/compiler-libs/partial_link.cmti,28816
2026-10-05T16:16:28Z,23a7bba69fdb3d4bcfc7b30f6155e5f6f1f35a52,7344,size_in_bytes,lib/ocaml/compiler-libs/flambda2_terms__Poll_attribute.cmti,31323
2026-10-05T16:16:28Z,23a7bba69fdb3d4bcfc7b30f6155e5f6f1f35a52,7344,size_in_bytes,lib/ocaml/compiler-libs/flambda2_parser__Fexpr_prim_descr.cmti,143360
2026-10-05T16:16:28Z,23a7bba69fdb3d4bcfc7b30f6155e5f6f1f35a52,7344,size_in_bytes,lib/ocaml/compiler-libs/shape.cmti,396481
2026-10-05T16:16:28Z,23a7bba69fdb3d4bcfc7b30f6155e5f6f1f35a52,7344,size_in_bytes,lib/ocaml/compiler-libs/flambda2_types__Expand_head.cmti,91307
2026-10-05T16:16:28Z,23a7bba69fdb3d4bcfc7b30f6155e5f6f1f35a52,7344,size_in_bytes,lib/ocaml/compiler-libs/flambda2_terms__Regalloc_attribute.cmti,31690
2026-10-05T16:16:28Z,23a7bba69fdb3d4bcfc7b30f6155e5f6f1f35a52,7344,size_in_bytes,lib/ocaml/compiler-libs/flambda2_terms__Function_decl_inlining_decision_type.cmti,40981
2026-10-05T16:16:28Z,23a7bba69fdb3d4bcfc7b30f6155e5f6f1f35a52,7344,size_in_bytes,lib/ocaml/compiler-libs/flambda2_terms__Code_metadata.cmti,126252
2026-10-05T16:16:28Z,23a7bba69fdb3d4bcfc7b30f6155e5f6f1f35a52,7344,size_in_bytes,lib/ocaml/compiler-libs/zero_alloc_checker.cmti,57642
2026-10-05T16:16:28Z,23a7bba69fdb3d4bcfc7b30f6155e5f6f1f35a52,7344,size_in_bytes,lib/ocaml/compiler-libs/flambda2_from_lambda__Lambda_to_flambda_env.cmti,86093
2026-10-05T16:16:28Z,23a7bba69fdb3d4bcfc7b30f6155e5f6f1f35a52,7344,size_in_bytes,lib/ocaml/compiler-libs/vectorize_utils.cmti,60479
2026-10-05T16:16:28Z,23a7bba69fdb3d4bcfc7b30f6155e5f6f1f35a52,7344,size_in_bytes,lib/ocaml/compiler-libs/relocatable_symbol_name.cmti,17490
2026-10-05T16:16:28Z,23a7bba69fdb3d4bcfc7b30f6155e5f6f1f35a52,7344,size_in_bytes,lib/ocaml/compiler-libs/is_parameter.cmti,147329
2026-10-05T16:16:28Z,23a7bba69fdb3d4bcfc7b30f6155e5f6f1f35a52,7344,size_in_bytes,lib/ocaml/compiler-libs/flambda2_from_lambda__Closure_conversion_aux.cmti,248924
2026-10-05T16:16:28Z,23a7bba69fdb3d4bcfc7b30f6155e5f6f1f35a52,7344,size_in_bytes,lib/ocaml/compiler-libs/flambda2_nominal__Ids_for_export.cmti,44361
2026-10-05T16:16:28Z,23a7bba69fdb3d4bcfc7b30f6155e5f6f1f35a52,7344,size_in_bytes,lib/ocaml/compiler-libs/x86_gas.cmti,18849
2026-10-05T16:16:28Z,23a7bba69fdb3d4bcfc7b30f6155e5f6f1f35a52,7344,size_in_bytes,lib/ocaml/compiler-libs/types.cmti,690077
2026-10-05T16:16:28Z,23a7bba69fdb3d4bcfc7b30f6155e5f6f1f35a52,7344,size_in_bytes,lib/ocaml/compiler-libs/regalloc_stack_operands.cmti,37027
2026-10-05T16:16:28Z,23a7bba69fdb3d4bcfc7b30f6155e5f6f1f35a52,7344,size_in_bytes,lib/ocaml/compiler-libs/flambda2_algorithms__Or_null.cmti,22834
2026-10-05T16:16:28Z,23a7bba69fdb3d4bcfc7b30f6155e5f6f1f35a52,7344,size_in_bytes,lib/ocaml/compiler-libs/transl_comprehension_utils.cmti,87295
2026-10-05T16:16:28Z,23a7bba69fdb3d4bcfc7b30f6155e5f6f1f35a52,7344,size_in_bytes,lib/ocaml/compiler-libs/flambda2_simplify__Simplify.cmti,39922
2026-10-05T16:16:28Z,23a7bba69fdb3d4bcfc7b30f6155e5f6f1f35a52,7344,size_in_bytes,lib/ocaml/compiler-libs/peephole_utils.cmti,49949
2026-10-05T16:16:28Z,23a7bba69fdb3d4bcfc7b30f6155e5f6f1f35a52,7344,size_in_bytes,lib/ocaml/compiler-libs/cmo_format.cmti,33817
2026-10-05T16:16:28Z,23a7bba69fdb3d4bcfc7b30f6155e5f6f1f35a52,7344,size_in_bytes,lib/ocaml/compiler-libs/flambda2_types__Join_levels_old.cmti,31418
2026-10-05T16:16:28Z,23a7bba69fdb3d4bcfc7b30f6155e5f6f1f35a52,7344,size_in_bytes,lib/ocaml/compiler-libs/dwarf_name_laundry.cmti,23391
2026-10-05T16:16:28Z,23a7bba69fdb3d4bcfc7b30f6155e5f6f1f35a52,7344,size_in_bytes,lib/ocaml/compiler-libs/tmc.cmti,22157
2026-10-05T16:16:28Z,23a7bba69fdb3d4bcfc7b30f6155e5f6f1f35a52,7344,size_in_bytes,lib/ocaml/compiler-libs/flambda2_simplify__Loopify_state.cmti,30414
2026-10-05T16:16:28Z,23a7bba69fdb3d4bcfc7b30f6155e5f6f1f35a52,7344,size_in_bytes,lib/ocaml/compiler-libs/envaux.cmti,23098
2026-10-05T16:16:28Z,23a7bba69fdb3d4bcfc7b30f6155e5f6f1f35a52,7344,size_in_bytes,lib/ocaml/compiler-libs/docstrings.cmti,78377
2026-10-05T16:16:28Z,23a7bba69fdb3d4bcfc7b30f6155e5f6f1f35a52,7344,size_in_bytes,lib/ocaml/compiler-libs/arm64_binary_emitter__Section_state.cmti,44840
2026-10-05T16:16:28Z,23a7bba69fdb3d4bcfc7b30f6155e5f6f1f35a52,7344,size_in_bytes,lib/ocaml/compiler-libs/warnings.cmti,86790
2026-10-05T16:16:28Z,23a7bba69fdb3d4bcfc7b30f6155e5f6f1f35a52,7344,size_in_bytes,lib/ocaml/compiler-libs/binutils.cmti,17743
2026-10-05T16:16:28Z,23a7bba69fdb3d4bcfc7b30f6155e5f6f1f35a52,7344,size_in_bytes,lib/ocaml/compiler-libs/flambda2_from_lambda__Lambda_to_flambda.cmti,36922
2026-10-05T16:16:28Z,23a7bba69fdb3d4bcfc7b30f6155e5f6f1f35a52,7344,size_in_bytes,lib/ocaml/compiler-libs/flambda2_identifiers__Continuation_callsite_map.cmti,25015
2026-10-05T16:16:28Z,23a7bba69fdb3d4bcfc7b30f6155e5f6f1f35a52,7344,size_in_bytes,lib/ocaml/compiler-libs/flambda2_simplify__Simplify_apply_cont_expr.cmti,37499
2026-10-05T16:16:28Z,23a7bba69fdb3d4bcfc7b30f6155e5f6f1f35a52,7344,size_in_bytes,lib/ocaml/compiler-libs/path.cmti,123364
2026-10-05T16:16:28Z,23a7bba69fdb3d4bcfc7b30f6155e5f6f1f35a52,7344,size_in_bytes,lib/ocaml/compiler-libs/binary_emitter_helpers.cmti,19842
2026-10-05T16:16:28Z,23a7bba69fdb3d4bcfc7b30f6155e5f6f1f35a52,7344,size_in_bytes,lib/ocaml/compiler-libs/cfg_dominators_validate.cmti,34414
2026-10-05T16:16:28Z,23a7bba69fdb3d4bcfc7b30f6155e5f6f1f35a52,7344,size_in_bytes,lib/ocaml/compiler-libs/printtyped.cmti,19819
2026-10-05T16:16:28Z,23a7bba69fdb3d4bcfc7b30f6155e5f6f1f35a52,7344,size_in_bytes,lib/ocaml/compiler-libs/branch_relaxation_intf.cmti,46283
2026-10-05T16:16:28Z,23a7bba69fdb3d4bcfc7b30f6155e5f6f1f35a52,7344,size_in_bytes,lib/ocaml/compiler-libs/flambda2_classic_mode_types__Value_approximation.cmti,33981
2026-10-05T16:16:28Z,23a7bba69fdb3d4bcfc7b30f6155e5f6f1f35a52,7344,size_in_bytes,lib/ocaml/compiler-libs/flambda2_simplify__Apply_cont_rewrite.cmti,47379
2026-10-05T16:16:28Z,23a7bba69fdb3d4bcfc7b30f6155e5f6f1f35a52,7344,size_in_bytes,lib/ocaml/compiler-libs/select_utils.cmti,161437
2026-10-05T16:16:28Z,23a7bba69fdb3d4bcfc7b30f6155e5f6f1f35a52,7344,size_in_bytes,lib/ocaml/compiler-libs/regalloc_interf_graph.cmti,86660
2026-10-05T16:16:28Z,23a7bba69fdb3d4bcfc7b30f6155e5f6f1f35a52,7344,size_in_bytes,lib/ocaml/compiler-libs/flambda2_types__Traversals.cmti,263537
2026-10-05T16:16:28Z,23a7bba69fdb3d4bcfc7b30f6155e5f6f1f35a52,7344,size_in_bytes,lib/ocaml/compiler-libs/cfg_with_infos.cmti,51594
2026-10-05T16:16:28Z,23a7bba69fdb3d4bcfc7b30f6155e5f6f1f35a52,7344,size_in_bytes,lib/ocaml/compiler-libs/arch.cmti,88705
2026-10-05T16:16:28Z,23a7bba69fdb3d4bcfc7b30f6155e5f6f1f35a52,7344,size_in_bytes,lib/ocaml/compiler-libs/targetint.cmti,60617
2026-10-05T16:16:28Z,23a7bba69fdb3d4bcfc7b30f6155e5f6f1f35a52,7344,size_in_bytes,lib/ocaml/compiler-libs/cfg_selectgen.cmti,45488
2026-10-05T16:16:28Z,23a7bba69fdb3d4bcfc7b30f6155e5f6f1f35a52,7344,size_in_bytes,lib/ocaml/compiler-libs/cmm_invariants.cmti,34481
2026-10-05T16:16:28Z,23a7bba69fdb3d4bcfc7b30f6155e5f6f1f35a52,7344,size_in_bytes,lib/ocaml/compiler-libs/x86_peephole_utils.cmti,30035
2026-10-05T16:16:28Z,23a7bba69fdb3d4bcfc7b30f6155e5f6f1f35a52,7344,size_in_bytes,lib/ocaml/compiler-libs/bytesections.cmti,32833
2026-10-05T16:16:28Z,23a7bba69fdb3d4bcfc7b30f6155e5f6f1f35a52,7344,size_in_bytes,lib/ocaml/compiler-libs/cmi_format.cmti,37707
2026-10-05T16:16:28Z,23a7bba69fdb3d4bcfc7b30f6155e5f6f1f35a52,7344,size_in_bytes,lib/ocaml/compiler-libs/x86_dsl.cmti,95419
2026-10-05T16:16:28Z,23a7bba69fdb3d4bcfc7b30f6155e5f6f1f35a52,7344,size_in_bytes,lib/ocaml/compiler-libs/typedecl_separability.cmti,34469
2026-10-05T16:16:28Z,23a7bba69fdb3d4bcfc7b30f6155e5f6f1f35a52,7344,size_in_bytes,lib/ocaml/compiler-libs/arm64_binary_emitter__Mov_helpers.cmti,18291
2026-10-05T16:16:28Z,23a7bba69fdb3d4bcfc7b30f6155e5f6f1f35a52,7344,size_in_bytes,lib/ocaml/compiler-libs/flambda2_terms__Flambda.cmti,390158
2026-10-05T16:16:28Z,23a7bba69fdb3d4bcfc7b30f6155e5f6f1f35a52,7344,size_in_bytes,lib/ocaml/compiler-libs/printcmm.cmti,53472
2026-10-05T16:16:28Z,23a7bba69fdb3d4bcfc7b30f6155e5f6f1f35a52,7344,size_in_bytes,lib/ocaml/compiler-libs/flambda2_bound_identifiers__Bound_pattern.cmti,47425
2026-10-05T16:16:28Z,23a7bba69fdb3d4bcfc7b30f6155e5f6f1f35a52,7344,size_in_bytes,lib/ocaml/compiler-libs/llvm_ir.cmti,373776
2026-10-05T16:16:28Z,23a7bba69fdb3d4bcfc7b30f6155e5f6f1f35a52,7344,size_in_bytes,lib/ocaml/compiler-libs/flambda2_terms__Inlining_arguments.cmti,40921
2026-10-05T16:16:28Z,23a7bba69fdb3d4bcfc7b30f6155e5f6f1f35a52,7344,size_in_bytes,lib/ocaml/compiler-libs/simplify_terminator.cmti,36826
2026-10-05T16:16:28Z,23a7bba69fdb3d4bcfc7b30f6155e5f6f1f35a52,7344,size_in_bytes,lib/ocaml/compiler-libs/cmm_helpers.cmti,689795
2026-10-05T16:16:28Z,23a7bba69fdb3d4bcfc7b30f6155e5f6f1f35a52,7344,size_in_bytes,lib/ocaml/compiler-libs/flambda2_simplify_shared__Exported_offsets.cmti,45439
2026-10-05T16:16:28Z,23a7bba69fdb3d4bcfc7b30f6155e5f6f1f35a52,7344,size_in_bytes,lib/ocaml/compiler-libs/cmm.cmti,219083
2026-10-05T16:16:28Z,23a7bba69fdb3d4bcfc7b30f6155e5f6f1f35a52,7344,size_in_bytes,lib/ocaml/compiler-libs/flambda2_simplify__Simplify_ternary_primitive.cmti,41239
2026-10-05T16:16:28Z,23a7bba69fdb3d4bcfc7b30f6155e5f6f1f35a52,7344,size_in_bytes,lib/ocaml/compiler-libs/section_table.cmti,26844
2026-10-05T16:16:28Z,23a7bba69fdb3d4bcfc7b30f6155e5f6f1f35a52,7344,size_in_bytes,lib/ocaml/compiler-libs/cfg_validation_facts.cmti,43465
2026-10-05T16:16:28Z,23a7bba69fdb3d4bcfc7b30f6155e5f6f1f35a52,7344,size_in_bytes,lib/ocaml/compiler-libs/translmode.cmti,26712
2026-10-05T16:16:28Z,23a7bba69fdb3d4bcfc7b30f6155e5f6f1f35a52,7344,size_in_bytes,lib/ocaml/compiler-libs/cfg_simplify.cmti,33837
2026-10-05T16:16:28Z,23a7bba69fdb3d4bcfc7b30f6155e5f6f1f35a52,7344,size_in_bytes,lib/ocaml/compiler-libs/flambda2_bound_identifiers__Bound_parameters.cmti,47737
2026-10-05T16:16:28Z,23a7bba69fdb3d4bcfc7b30f6155e5f6f1f35a52,7344,size_in_bytes,lib/ocaml/compiler-libs/domainstate.cmti,26004
2026-10-05T16:16:28Z,23a7bba69fdb3d4bcfc7b30f6155e5f6f1f35a52,7344,size_in_bytes,lib/ocaml/compiler-libs/flambda2_terms__Inline_attribute.cmti,32468
2026-10-05T16:16:28Z,23a7bba69fdb3d4bcfc7b30f6155e5f6f1f35a52,7344,size_in_bytes,lib/ocaml/compiler-libs/typedtree.cmti,611306
2026-10-05T16:16:28Z,23a7bba69fdb3d4bcfc7b30f6155e5f6f1f35a52,7344,size_in_bytes,lib/ocaml/compiler-libs/opt_fuel.cmti,14527
2026-10-05T16:16:28Z,23a7bba69fdb3d4bcfc7b30f6155e5f6f1f35a52,7344,size_in_bytes,lib/ocaml/compiler-libs/slambdaeval.cmti,36048
2026-10-05T16:16:28Z,23a7bba69fdb3d4bcfc7b30f6155e5f6f1f35a52,7344,size_in_bytes,lib/ocaml/compiler-libs/asm_targets__Asm_directives.cmti,183407
2026-10-05T16:16:28Z,23a7bba69fdb3d4bcfc7b30f6155e5f6f1f35a52,7344,size_in_bytes,lib/ocaml/compiler-libs/cfg_cse.cmti,36329
2026-10-05T16:16:28Z,23a7bba69fdb3d4bcfc7b30f6155e5f6f1f35a52,7344,size_in_bytes,lib/ocaml/compiler-libs/oxcaml_args.cmti,548112
2026-10-05T16:16:28Z,23a7bba69fdb3d4bcfc7b30f6155e5f6f1f35a52,7344,size_in_bytes,lib/ocaml/compiler-libs/bytelink.cmti,59886
2026-10-05T16:16:28Z,23a7bba69fdb3d4bcfc7b30f6155e5f6f1f35a52,7344,size_in_bytes,lib/ocaml/compiler-libs/byteinstantiator.cmti,14016
2026-10-05T16:16:28Z,23a7bba69fdb3d4bcfc7b30f6155e5f6f1f35a52,7344,size_in_bytes,lib/ocaml/compiler-libs/flambda2_bound_identifiers__Bound_continuations.cmti,30605
2026-10-05T16:16:28Z,23a7bba69fdb3d4bcfc7b30f6155e5f6f1f35a52,7344,size_in_bytes,lib/ocaml/compiler-libs/stack_check.cmti,35237
2026-10-05T16:16:28Z,23a7bba69fdb3d4bcfc7b30f6155e5f6f1f35a52,7344,size_in_bytes,lib/ocaml/compiler-libs/arm64_binary_emitter__Csel_helpers.cmti,18153
2026-10-05T16:16:28Z,23a7bba69fdb3d4bcfc7b30f6155e5f6f1f35a52,7344,size_in_bytes,lib/ocaml/compiler-libs/flambda2_terms__Code.cmti,65523
2026-10-05T16:16:28Z,23a7bba69fdb3d4bcfc7b30f6155e5f6f1f35a52,7344,size_in_bytes,lib/ocaml/compiler-libs/value_rec_compiler.cmti,21159
2026-10-05T16:16:28Z,23a7bba69fdb3d4bcfc7b30f6155e5f6f1f35a52,7344,size_in_bytes,lib/ocaml/compiler-libs/flambda2_simplify__Simplify_set_of_closures_context.cmti,53274
2026-10-05T16:16:28Z,23a7bba69fdb3d4bcfc7b30f6155e5f6f1f35a52,7344,size_in_bytes,lib/ocaml/compiler-libs/includemod.cmti,193973
2026-10-05T16:16:28Z,23a7bba69fdb3d4bcfc7b30f6155e5f6f1f35a52,7344,size_in_bytes,lib/ocaml/compiler-libs/typemod.cmti,87349
2026-10-05T16:16:28Z,23a7bba69fdb3d4bcfc7b30f6155e5f6f1f35a52,7344,size_in_bytes,lib/ocaml/compiler-libs/linear_format.cmti,43397
2026-10-05T16:16:28Z,23a7bba69fdb3d4bcfc7b30f6155e5f6f1f35a52,7344,size_in_bytes,lib/ocaml/compiler-libs/flambda2_parser__Parse_flambda.cmti,34833
2026-10-05T16:16:28Z,23a7bba69fdb3d4bcfc7b30f6155e5f6f1f35a52,7344,size_in_bytes,lib/ocaml/compiler-libs/flambda2_simplify__Lifted_constant_state.cmti,47202
2026-10-05T16:16:28Z,23a7bba69fdb3d4bcfc7b30f6155e5f6f1f35a52,7344,size_in_bytes,lib/ocaml/compiler-libs/symbol.cmti,153727
2026-10-05T16:16:28Z,23a7bba69fdb3d4bcfc7b30f6155e5f6f1f35a52,7344,size_in_bytes,lib/ocaml/compiler-libs/symbol_table.cmti,32739
2026-10-05T16:16:28Z,23a7bba69fdb3d4bcfc7b30f6155e5f6f1f35a52,7344,size_in_bytes,lib/ocaml/compiler-libs/flambda2_cmx__Exported_code.cmti,55349
2026-10-05T16:16:28Z,23a7bba69fdb3d4bcfc7b30f6155e5f6f1f35a52,7344,size_in_bytes,lib/ocaml/compiler-libs/arm64_binary_emitter__Binary_emitter.cmti,44088
2026-10-05T16:16:28Z,23a7bba69fdb3d4bcfc7b30f6155e5f6f1f35a52,7344,size_in_bytes,lib/ocaml/compiler-libs/peephole_optimize.cmti,33746
2026-10-05T16:16:28Z,23a7bba69fdb3d4bcfc7b30f6155e5f6f1f35a52,7344,size_in_bytes,lib/ocaml/compiler-libs/functorizer.cmti,25161
2026-10-05T16:16:28Z,23a7bba69fdb3d4bcfc7b30f6155e5f6f1f35a52,7344,size_in_bytes,lib/ocaml/compiler-libs/flambda2_kinds__Tag.cmti,395388
2026-10-05T16:16:28Z,23a7bba69fdb3d4bcfc7b30f6155e5f6f1f35a52,7344,size_in_bytes,lib/ocaml/compiler-libs/flambda2_identifiers__Code_id_or_name.cmti,38765
2026-10-05T16:16:28Z,23a7bba69fdb3d4bcfc7b30f6155e5f6f1f35a52,7344,size_in_bytes,lib/ocaml/compiler-libs/regalloc_utils.cmti,339673
2026-10-05T16:16:28Z,23a7bba69fdb3d4bcfc7b30f6155e5f6f1f35a52,7344,size_in_bytes,lib/ocaml/compiler-libs/flambda2_types__Set_of_closures_contents.cmti,414423
2026-10-05T16:16:28Z,23a7bba69fdb3d4bcfc7b30f6155e5f6f1f35a52,7344,size_in_bytes,lib/ocaml/compiler-libs/typedecl.cmti,117451
2026-10-05T16:16:28Z,23a7bba69fdb3d4bcfc7b30f6155e5f6f1f35a52,7344,size_in_bytes,lib/ocaml/compiler-libs/flambda2_to_cmm__To_cmm_set_of_closures.cmti,48770
2026-10-05T16:16:28Z,23a7bba69fdb3d4bcfc7b30f6155e5f6f1f35a52,7344,size_in_bytes,lib/ocaml/compiler-libs/dwarf_type.cmti,29606
2026-10-05T16:16:28Z,23a7bba69fdb3d4bcfc7b30f6155e5f6f1f35a52,7344,size_in_bytes,lib/ocaml/compiler-libs/bytegen.cmti,20701
2026-10-05T16:16:28Z,23a7bba69fdb3d4bcfc7b30f6155e5f6f1f35a52,7344,size_in_bytes,lib/ocaml/compiler-libs/flambda2_to_cmm__To_cmm_primitive.cmti,39756
2026-10-05T16:16:28Z,23a7bba69fdb3d4bcfc7b30f6155e5f6f1f35a52,7344,size_in_bytes,lib/ocaml/compiler-libs/cfg_invariants.cmti,36333
2026-10-05T16:16:28Z,23a7bba69fdb3d4bcfc7b30f6155e5f6f1f35a52,7344,size_in_bytes,lib/ocaml/compiler-libs/regalloc_ls_state.cmti,52243
2026-10-05T16:16:28Z,23a7bba69fdb3d4bcfc7b30f6155e5f6f1f35a52,7344,size_in_bytes,lib/ocaml/compiler-libs/regalloc_irc.cmti,35228
2026-10-05T16:16:28Z,23a7bba69fdb3d4bcfc7b30f6155e5f6f1f35a52,7344,size_in_bytes,lib/ocaml/compiler-libs/diffing_with_keys.cmti,43147
2026-10-05T16:16:28Z,23a7bba69fdb3d4bcfc7b30f6155e5f6f1f35a52,7344,size_in_bytes,lib/ocaml/compiler-libs/jkind.cmti,492635
2026-10-05T16:16:28Z,23a7bba69fdb3d4bcfc7b30f6155e5f6f1f35a52,7344,size_in_bytes,lib/ocaml/compiler-libs/rewrite_sections.cmti,23196
2026-10-05T16:16:28Z,23a7bba69fdb3d4bcfc7b30f6155e5f6f1f35a52,7344,size_in_bytes,lib/ocaml/compiler-libs/subst.cmti,147903
2026-10-05T16:16:28Z,23a7bba69fdb3d4bcfc7b30f6155e5f6f1f35a52,7344,size_in_bytes,lib/ocaml/compiler-libs/errortrace.cmti,98167
2026-10-05T16:16:28Z,23a7bba69fdb3d4bcfc7b30f6155e5f6f1f35a52,7344,size_in_bytes,lib/ocaml/compiler-libs/reg_with_debug_info.cmti,143077
2026-10-05T16:16:28Z,23a7bba69fdb3d4bcfc7b30f6155e5f6f1f35a52,7344,size_in_bytes,lib/ocaml/compiler-libs/flambda2_to_cmm__To_cmm_env.cmti,144955
2026-10-05T16:16:28Z,23a7bba69fdb3d4bcfc7b30f6155e5f6f1f35a52,7344,size_in_bytes,lib/ocaml/compiler-libs/regalloc_stack_slots.cmti,44508
2026-10-05T16:16:28Z,23a7bba69fdb3d4bcfc7b30f6155e5f6f1f35a52,7344,size_in_bytes,lib/ocaml/compiler-libs/gprinttyp.cmti,73678
2026-10-05T16:16:28Z,23a7bba69fdb3d4bcfc7b30f6155e5f6f1f35a52,7344,size_in_bytes,lib/ocaml/compiler-libs/cfg_stack_checks.cmti,35921
2026-10-05T16:16:28Z,23a7bba69fdb3d4bcfc7b30f6155e5f6f1f35a52,7344,size_in_bytes,lib/ocaml/compiler-libs/unit_info.cmti,71669
2026-10-05T16:16:28Z,23a7bba69fdb3d4bcfc7b30f6155e5f6f1f35a52,7344,size_in_bytes,lib/ocaml/compiler-libs/zero_alloc_utils.cmti,94096
2026-10-05T16:16:28Z,23a7bba69fdb3d4bcfc7b30f6155e5f6f1f35a52,7344,size_in_bytes,lib/ocaml/compiler-libs/longident.cmti,22502
2026-10-05T16:16:28Z,23a7bba69fdb3d4bcfc7b30f6155e5f6f1f35a52,7344,size_in_bytes,lib/ocaml/compiler-libs/flambda2_simplify__Rebuilt_expr.cmti,80144
2026-10-05T16:16:28Z,23a7bba69fdb3d4bcfc7b30f6155e5f6f1f35a52,7344,size_in_bytes,lib/ocaml/compiler-libs/flambda2_bound_identifiers__Bound_name.cmti,30402
2026-10-05T16:16:28Z,23a7bba69fdb3d4bcfc7b30f6155e5f6f1f35a52,7344,size_in_bytes,lib/ocaml/compiler-libs/regalloc_split_utils.cmti,47793
2026-10-05T16:16:28Z,23a7bba69fdb3d4bcfc7b30f6155e5f6f1f35a52,7344,size_in_bytes,lib/ocaml/compiler-libs/cfg_quick_hash.cmti,37867
2026-10-05T16:16:28Z,23a7bba69fdb3d4bcfc7b30f6155e5f6f1f35a52,7344,size_in_bytes,lib/ocaml/compiler-libs/genprintval.cmti,51869
2026-10-05T16:16:28Z,23a7bba69fdb3d4bcfc7b30f6155e5f6f1f35a52,7344,size_in_bytes,lib/ocaml/compiler-libs/compilenv.cmti,63030
2026-10-05T16:16:28Z,23a7bba69fdb3d4bcfc7b30f6155e5f6f1f35a52,7344,size_in_bytes,lib/ocaml/compiler-libs/flambda2_simplify_shared__Call_site_inlining_decision_type.cmti,41183
2026-10-05T16:16:28Z,23a7bba69fdb3d4bcfc7b30f6155e5f6f1f35a52,7344,size_in_bytes,lib/ocaml/compiler-libs/translattribute.cmti,30557
2026-10-05T16:16:28Z,23a7bba69fdb3d4bcfc7b30f6155e5f6f1f35a52,7344,size_in_bytes,lib/ocaml/compiler-libs/value_rec_check.cmti,19027
2026-10-05T16:16:28Z,23a7bba69fdb3d4bcfc7b30f6155e5f6f1f35a52,7344,size_in_bytes,lib/ocaml/compiler-libs/flambda2_simplify__Original_handlers.cmti,42792
2026-10-05T16:16:28Z,23a7bba69fdb3d4bcfc7b30f6155e5f6f1f35a52,7344,size_in_bytes,lib/ocaml/compiler-libs/flambda2_simplify__Unbox_continuation_params.cmti,43728
2026-10-05T16:16:28Z,23a7bba69fdb3d4bcfc7b30f6155e5f6f1f35a52,7344,size_in_bytes,lib/ocaml/compiler-libs/flambda2_lattices__Or_unknown.cmti,190889
2026-10-05T16:16:28Z,23a7bba69fdb3d4bcfc7b30f6155e5f6f1f35a52,7344,size_in_bytes,lib/ocaml/compiler-libs/cfg_to_linear.cmti,36092
2026-10-05T16:16:28Z,23a7bba69fdb3d4bcfc7b30f6155e5f6f1f35a52,7344,size_in_bytes,lib/ocaml/compiler-libs/trace.cmti,28203
2026-10-05T16:16:28Z,23a7bba69fdb3d4bcfc7b30f6155e5f6f1f35a52,7344,size_in_bytes,lib/ocaml/compiler-libs/x86_ast.cmti,70905
2026-10-05T16:16:28Z,23a7bba69fdb3d4bcfc7b30f6155e5f6f1f35a52,7344,size_in_bytes,lib/ocaml/compiler-libs/jit_backend.cmti,70276
2026-10-05T16:16:28Z,23a7bba69fdb3d4bcfc7b30f6155e5f6f1f35a52,7344,size_in_bytes,lib/ocaml/compiler-libs/flambda2_identifiers__Reg_width_const.cmti,76134
2026-10-05T16:16:28Z,23a7bba69fdb3d4bcfc7b30f6155e5f6f1f35a52,7344,size_in_bytes,lib/ocaml/compiler-libs/flambda2_to_cmm__To_cmm.cmti,35211
2026-10-05T16:16:28Z,23a7bba69fdb3d4bcfc7b30f6155e5f6f1f35a52,7344,size_in_bytes,lib/ocaml/compiler-libs/debug_event.cmti,38534
2026-10-05T16:16:28Z,23a7bba69fdb3d4bcfc7b30f6155e5f6f1f35a52,7344,size_in_bytes,lib/ocaml/compiler-libs/compmisc.cmti,24310
2026-10-05T16:16:28Z,23a7bba69fdb3d4bcfc7b30f6155e5f6f1f35a52,7344,size_in_bytes,lib/ocaml/compiler-libs/makedepend.cmti,13913
2026-10-05T16:16:28Z,23a7bba69fdb3d4bcfc7b30f6155e5f6f1f35a52,7344,size_in_bytes,lib/ocaml/compiler-libs/flambda2_nominal__Permutation.cmti,23846
2026-10-05T16:16:28Z,23a7bba69fdb3d4bcfc7b30f6155e5f6f1f35a52,7344,size_in_bytes,lib/ocaml/compiler-libs/config.cmti,87828
2026-10-05T16:16:28Z,23a7bba69fdb3d4bcfc7b30f6155e5f6f1f35a52,7344,size_in_bytes,lib/ocaml/compiler-libs/flambda2_identifiers__Int_ids.cmti,1430253
2026-10-05T16:16:28Z,23a7bba69fdb3d4bcfc7b30f6155e5f6f1f35a52,7344,size_in_bytes,lib/ocaml/compiler-libs/arg_helper.cmti,74440
2026-10-05T16:16:28Z,23a7bba69fdb3d4bcfc7b30f6155e5f6f1f35a52,7344,size_in_bytes,lib/ocaml/compiler-libs/flambda2_simplify__Upwards_env.cmti,60366
2026-10-05T16:16:28Z,23a7bba69fdb3d4bcfc7b30f6155e5f6f1f35a52,7344,size_in_bytes,lib/ocaml/compiler-libs/opcodes.cmti,74624
2026-10-05T16:16:28Z,23a7bba69fdb3d4bcfc7b30f6155e5f6f1f35a52,7344,size_in_bytes,lib/ocaml/compiler-libs/numbers.cmti,383957
2026-10-05T16:16:28Z,23a7bba69fdb3d4bcfc7b30f6155e5f6f1f35a52,7344,size_in_bytes,lib/ocaml/compiler-libs/cfg_available_regs.cmti,33699
2026-10-05T16:16:28Z,23a7bba69fdb3d4bcfc7b30f6155e5f6f1f35a52,7344,size_in_bytes,lib/ocaml/compiler-libs/profile_counters_functions.cmti,17478
2026-10-05T16:16:28Z,23a7bba69fdb3d4bcfc7b30f6155e5f6f1f35a52,7344,size_in_bytes,lib/ocaml/compiler-libs/flambda2_types__Meet_and_join.cmti,32708
2026-10-05T16:16:28Z,23a7bba69fdb3d4bcfc7b30f6155e5f6f1f35a52,7344,size_in_bytes,lib/ocaml/compiler-libs/flambda2_terms__Result_types.cmti,36712
2026-10-05T16:16:28Z,23a7bba69fdb3d4bcfc7b30f6155e5f6f1f35a52,7344,size_in_bytes,lib/ocaml/compiler-libs/priority_queue.cmti,35156
2026-10-05T16:16:28Z,23a7bba69fdb3d4bcfc7b30f6155e5f6f1f35a52,7344,size_in_bytes,lib/ocaml/compiler-libs/flambda2_term_basics__Unit.cmti,164865
2026-10-05T16:16:28Z,23a7bba69fdb3d4bcfc7b30f6155e5f6f1f35a52,7344,size_in_bytes,lib/ocaml/compiler-libs/cfg_edge.cmti,85112
2026-10-05T16:16:28Z,23a7bba69fdb3d4bcfc7b30f6155e5f6f1f35a52,7344,size_in_bytes,lib/ocaml/compiler-libs/switch.cmti,58430
2026-10-05T16:16:28Z,23a7bba69fdb3d4bcfc7b30f6155e5f6f1f35a52,7344,size_in_bytes,lib/ocaml/compiler-libs/arm64_binary_emitter__Simd_helpers.cmti,41362
2026-10-05T16:16:28Z,23a7bba69fdb3d4bcfc7b30f6155e5f6f1f35a52,7344,size_in_bytes,lib/ocaml/compiler-libs/cfg_dataflow.cmti,79485
2026-10-05T16:16:28Z,23a7bba69fdb3d4bcfc7b30f6155e5f6f1f35a52,7344,size_in_bytes,lib/ocaml/compiler-libs/x86_peephole_rules.cmti,19462
2026-10-05T16:16:28Z,23a7bba69fdb3d4bcfc7b30f6155e5f6f1f35a52,7344,size_in_bytes,lib/ocaml/compiler-libs/flambda2_terms__Exn_continuation.cmti,177208
2026-10-05T16:16:28Z,23a7bba69fdb3d4bcfc7b30f6155e5f6f1f35a52,7344,size_in_bytes,lib/ocaml/compiler-libs/flambda2_identifiers__Continuation.cmti,192846
2026-10-05T16:16:28Z,23a7bba69fdb3d4bcfc7b30f6155e5f6f1f35a52,7344,size_in_bytes,lib/ocaml/compiler-libs/arm64_binary_emitter__Bitfield_helpers.cmti,17824
2026-10-05T16:16:28Z,23a7bba69fdb3d4bcfc7b30f6155e5f6f1f35a52,7344,size_in_bytes,lib/ocaml/compiler-libs/flambda2_simplify__Data_flow_graph.cmti,41209
2026-10-05T16:16:28Z,23a7bba69fdb3d4bcfc7b30f6155e5f6f1f35a52,7344,size_in_bytes,lib/ocaml/compiler-libs/type_shape.cmti,47931
2026-10-05T16:16:28Z,23a7bba69fdb3d4bcfc7b30f6155e5f6f1f35a52,7344,size_in_bytes,lib/ocaml/compiler-libs/untypeast.cmti,76462
2026-10-05T16:16:28Z,23a7bba69fdb3d4bcfc7b30f6155e5f6f1f35a52,7344,size_in_bytes,lib/ocaml/compiler-libs/opttoploop.cmti,96447
2026-10-05T16:16:28Z,23a7bba69fdb3d4bcfc7b30f6155e5f6f1f35a52,7344,size_in_bytes,lib/ocaml/compiler-libs/flambda2_reaper__Cofield.cmti,167432
2026-10-05T16:16:28Z,23a7bba69fdb3d4bcfc7b30f6155e5f6f1f35a52,7344,size_in_bytes,lib/ocaml/compiler-libs/flambda2_reaper__Rev_expr.cmti,73500
2026-10-05T16:16:28Z,23a7bba69fdb3d4bcfc7b30f6155e5f6f1f35a52,7344,size_in_bytes,lib/ocaml/compiler-libs/dissector.cmti,34028
2026-10-05T16:16:28Z,23a7bba69fdb3d4bcfc7b30f6155e5f6f1f35a52,7344,size_in_bytes,lib/ocaml/compiler-libs/arm64_binary_emitter__Logical_helpers.cmti,23783
2026-10-05T16:16:28Z,23a7bba69fdb3d4bcfc7b30f6155e5f6f1f35a52,7344,size_in_bytes,lib/ocaml/compiler-libs/flambda2_simplify__Lifted_constant.cmti,72382
2026-10-05T16:16:28Z,23a7bba69fdb3d4bcfc7b30f6155e5f6f1f35a52,7344,size_in_bytes,lib/ocaml/compiler-libs/doubly_linked_list.cmti,82709
2026-10-05T16:16:28Z,23a7bba69fdb3d4bcfc7b30f6155e5f6f1f35a52,7344,size_in_bytes,lib/ocaml/compiler-libs/maindriver.cmti,13734
2026-10-05T16:16:28Z,23a7bba69fdb3d4bcfc7b30f6155e5f6f1f35a52,7344,size_in_bytes,lib/ocaml/compiler-libs/printtyp.cmti,67336
2026-10-05T16:16:28Z,23a7bba69fdb3d4bcfc7b30f6155e5f6f1f35a52,7344,size_in_bytes,lib/ocaml/compiler-libs/instruct.cmti,71213
2026-10-05T16:16:28Z,23a7bba69fdb3d4bcfc7b30f6155e5f6f1f35a52,7344,size_in_bytes,lib/ocaml/compiler-libs/build_igot_and_iplt.cmti,24699
2026-10-05T16:16:28Z,23a7bba69fdb3d4bcfc7b30f6155e5f6f1f35a52,7344,size_in_bytes,lib/ocaml/compiler-libs/dwarf.cmti,53464
2026-10-05T16:16:28Z,23a7bba69fdb3d4bcfc7b30f6155e5f6f1f35a52,7344,size_in_bytes,lib/ocaml/compiler-libs/flambda2_terms__Call_kind.cmti,74010
2026-10-05T16:16:28Z,23a7bba69fdb3d4bcfc7b30f6155e5f6f1f35a52,7344,size_in_bytes,lib/ocaml/compiler-libs/flambda2_types__Meet_env.cmti,74828
2026-10-05T16:16:28Z,23a7bba69fdb3d4bcfc7b30f6155e5f6f1f35a52,7344,size_in_bytes,lib/ocaml/compiler-libs/printpat.cmti,22753
2026-10-05T16:16:28Z,23a7bba69fdb3d4bcfc7b30f6155e5f6f1f35a52,7344,size_in_bytes,lib/ocaml/compiler-libs/flambda2_simplify__Closure_info.cmti,35817
2026-10-05T16:16:28Z,23a7bba69fdb3d4bcfc7b30f6155e5f6f1f35a52,7344,size_in_bytes,lib/ocaml/compiler-libs/emitaux.cmti,94072
2026-10-05T16:16:28Z,23a7bba69fdb3d4bcfc7b30f6155e5f6f1f35a52,7344,size_in_bytes,lib/ocaml/compiler-libs/allowance.cmti,34497
2026-10-05T16:16:28Z,23a7bba69fdb3d4bcfc7b30f6155e5f6f1f35a52,7344,size_in_bytes,lib/ocaml/compiler-libs/translcore.cmti,40856
2026-10-05T16:16:28Z,23a7bba69fdb3d4bcfc7b30f6155e5f6f1f35a52,7344,size_in_bytes,lib/ocaml/compiler-libs/slambda.cmti,21631
2026-10-05T16:16:28Z,23a7bba69fdb3d4bcfc7b30f6155e5f6f1f35a52,7344,size_in_bytes,lib/ocaml/compiler-libs/flambda2_simplify__Number_adjuncts.cmti,766615
2026-10-05T16:16:28Z,23a7bba69fdb3d4bcfc7b30f6155e5f6f1f35a52,7344,size_in_bytes,lib/ocaml/compiler-libs/flambda2_numbers__Numeric_types.cmti,1667154
2026-10-05T16:16:28Z,23a7bba69fdb3d4bcfc7b30f6155e5f6f1f35a52,7344,size_in_bytes,lib/ocaml/compiler-libs/arm64_binary_emitter__Data_proc_helpers.cmti,24927
2026-10-05T16:16:28Z,23a7bba69fdb3d4bcfc7b30f6155e5f6f1f35a52,7344,size_in_bytes,lib/ocaml/compiler-libs/flambda2_datalog__Schedule.cmti,23095
2026-10-05T16:16:28Z,23a7bba69fdb3d4bcfc7b30f6155e5f6f1f35a52,7344,size_in_bytes,lib/ocaml/compiler-libs/flambda2_simplify__Build_unboxing_denv.cmti,36148
2026-10-05T16:16:28Z,23a7bba69fdb3d4bcfc7b30f6155e5f6f1f35a52,7344,size_in_bytes,lib/ocaml/compiler-libs/flambda2_types__Type_grammar.cmti,665881
2026-10-05T16:16:28Z,23a7bba69fdb3d4bcfc7b30f6155e5f6f1f35a52,7344,size_in_bytes,lib/ocaml/compiler-libs/regalloc_split.cmti,39078
2026-10-05T16:16:28Z,23a7bba69fdb3d4bcfc7b30f6155e5f6f1f35a52,7344,size_in_bytes,lib/ocaml/compiler-libs/flambda2_term_basics__Scope.cmti,160806
2026-10-05T16:16:28Z,23a7bba69fdb3d4bcfc7b30f6155e5f6f1f35a52,7344,size_in_bytes,lib/ocaml/compiler-libs/cfg_format.cmti,42090
2026-10-05T16:16:28Z,23a7bba69fdb3d4bcfc7b30f6155e5f6f1f35a52,7344,size_in_bytes,lib/ocaml/compiler-libs/parse.cmti,32751
2026-10-05T16:16:28Z,23a7bba69fdb3d4bcfc7b30f6155e5f6f1f35a52,7344,size_in_bytes,lib/ocaml/compiler-libs/typetexp.cmti,86043
2026-10-05T16:16:28Z,23a7bba69fdb3d4bcfc7b30f6155e5f6f1f35a52,7344,size_in_bytes,lib/ocaml/compiler-libs/flambda2_datalog__Column.cmti,185239
2026-10-05T16:16:28Z,23a7bba69fdb3d4bcfc7b30f6155e5f6f1f35a52,7344,size_in_bytes,lib/ocaml/compiler-libs/flambda2_simplify__Simplify_primitive.cmti,38337
2026-10-05T16:16:28Z,23a7bba69fdb3d4bcfc7b30f6155e5f6f1f35a52,7344,size_in_bytes,lib/ocaml/compiler-libs/flambda2_numbers__One_bit_fewer.cmti,72220
2026-10-05T16:16:28Z,23a7bba69fdb3d4bcfc7b30f6155e5f6f1f35a52,7344,size_in_bytes,lib/ocaml/compiler-libs/flambda2_simplify__Simplify_nullary_primitive.cmti,38751
2026-10-05T16:16:28Z,23a7bba69fdb3d4bcfc7b30f6155e5f6f1f35a52,7344,size_in_bytes,lib/ocaml/compiler-libs/flambda2_terms__Loopify_attribute.cmti,31001
2026-10-05T16:16:28Z,23a7bba69fdb3d4bcfc7b30f6155e5f6f1f35a52,7344,size_in_bytes,lib/ocaml/compiler-libs/flambda2_datalog__Trie.cmti,47670
2026-10-05T16:16:28Z,23a7bba69fdb3d4bcfc7b30f6155e5f6f1f35a52,7344,size_in_bytes,lib/ocaml/compiler-libs/uniqueness_analysis.cmti,31580
2026-10-05T16:16:28Z,23a7bba69fdb3d4bcfc7b30f6155e5f6f1f35a52,7344,size_in_bytes,lib/ocaml/compiler-libs/local_store.cmti,21626
2026-10-05T16:16:28Z,23a7bba69fdb3d4bcfc7b30f6155e5f6f1f35a52,7344,size_in_bytes,lib/ocaml/compiler-libs/flambda2_terms__Removed_operations.cmti,37933
2026-10-05T16:16:28Z,23a7bba69fdb3d4bcfc7b30f6155e5f6f1f35a52,7344,size_in_bytes,lib/ocaml/compiler-libs/optmaindriver.cmti,36593
2026-10-05T16:16:28Z,23a7bba69fdb3d4bcfc7b30f6155e5f6f1f35a52,7344,size_in_bytes,lib/ocaml/compiler-libs/asm_targets__Asm_section.cmti,51743
2026-10-05T16:16:28Z,23a7bba69fdb3d4bcfc7b30f6155e5f6f1f35a52,7344,size_in_bytes,lib/ocaml/compiler-libs/linker_script.cmti,19028
2026-10-05T16:16:28Z,23a7bba69fdb3d4bcfc7b30f6155e5f6f1f35a52,7344,size_in_bytes,lib/ocaml/compiler-libs/llvmize.cmti,41904
2026-10-05T16:16:28Z,23a7bba69fdb3d4bcfc7b30f6155e5f6f1f35a52,7344,size_in_bytes,lib/ocaml/compiler-libs/flambda2_from_lambda__Lambda_to_lambda_transforms.cmti,36759
2026-10-05T16:16:28Z,23a7bba69fdb3d4bcfc7b30f6155e5f6f1f35a52,7344,size_in_bytes,lib/ocaml/compiler-libs/global_module.cmti,419880
2026-10-05T16:16:28Z,23a7bba69fdb3d4bcfc7b30f6155e5f6f1f35a52,7344,size_in_bytes,lib/ocaml/compiler-libs/cfg_with_layout.cmti,71962
2026-10-05T16:16:28Z,23a7bba69fdb3d4bcfc7b30f6155e5f6f1f35a52,7344,size_in_bytes,lib/ocaml/compiler-libs/printlinear.cmti,40923
2026-10-05T16:16:28Z,23a7bba69fdb3d4bcfc7b30f6155e5f6f1f35a52,7344,size_in_bytes,lib/ocaml/compiler-libs/linear.cmti,82556
2026-10-05T16:16:28Z,23a7bba69fdb3d4bcfc7b30f6155e5f6f1f35a52,7344,size_in_bytes,lib/ocaml/compiler-libs/asm_targets__Asm_label.cmti,162788
2026-10-05T16:16:28Z,23a7bba69fdb3d4bcfc7b30f6155e5f6f1f35a52,7344,size_in_bytes,lib/ocaml/compiler-libs/flambda2_reaper__Analysis.cmti,47120
2026-10-05T16:16:28Z,23a7bba69fdb3d4bcfc7b30f6155e5f6f1f35a52,7344,size_in_bytes,lib/ocaml/compiler-libs/flambda2_types__Equal_types_for_debug.cmti,41530
2026-10-05T16:16:28Z,23a7bba69fdb3d4bcfc7b30f6155e5f6f1f35a52,7344,size_in_bytes,lib/ocaml/compiler-libs/transl_list_comprehension.cmti,19997
2026-10-05T16:16:28Z,23a7bba69fdb3d4bcfc7b30f6155e5f6f1f35a52,7344,size_in_bytes,lib/ocaml/compiler-libs/x86_masm.cmti,17038
2026-10-05T16:16:28Z,23a7bba69fdb3d4bcfc7b30f6155e5f6f1f35a52,7344,size_in_bytes,lib/ocaml/compiler-libs/arm64_binary_emitter__Yield_helpers.cmti,13897
2026-10-05T16:16:28Z,23a7bba69fdb3d4bcfc7b30f6155e5f6f1f35a52,7344,size_in_bytes,lib/ocaml/compiler-libs/import_info.cmti,49044
2026-10-05T16:16:28Z,23a7bba69fdb3d4bcfc7b30f6155e5f6f1f35a52,7344,size_in_bytes,lib/ocaml/compiler-libs/typeopt.cmti,68213
2026-10-05T16:16:28Z,23a7bba69fdb3d4bcfc7b30f6155e5f6f1f35a52,7344,size_in_bytes,lib/ocaml/compiler-libs/build_linker_args.cmti,23922
2026-10-05T16:16:28Z,23a7bba69fdb3d4bcfc7b30f6155e5f6f1f35a52,7344,size_in_bytes,lib/ocaml/compiler-libs/flambda2_simplify__Replay_history.cmti,49634
2026-10-05T16:16:28Z,23a7bba69fdb3d4bcfc7b30f6155e5f6f1f35a52,7344,size_in_bytes,lib/ocaml/compiler-libs/flambda2_reaper__Unboxing_analysis.cmti,81656
2026-10-05T16:16:28Z,23a7bba69fdb3d4bcfc7b30f6155e5f6f1f35a52,7344,size_in_bytes,lib/ocaml/compiler-libs/flambda2_simplify__Simplify_named_result.cmti,45140
2026-10-05T16:16:28Z,23a7bba69fdb3d4bcfc7b30f6155e5f6f1f35a52,7344,size_in_bytes,lib/ocaml/compiler-libs/flambda2_lattices__Or_unknown_or_bottom.cmti,27084
2026-10-05T16:16:28Z,23a7bba69fdb3d4bcfc7b30f6155e5f6f1f35a52,7344,size_in_bytes,lib/ocaml/compiler-libs/flambda2_simplify__Simplify_let_expr.cmti,38717
2026-10-05T16:16:28Z,23a7bba69fdb3d4bcfc7b30f6155e5f6f1f35a52,7344,size_in_bytes,lib/ocaml/compiler-libs/includemod_errorprinter.cmti,19893
2026-10-05T16:16:28Z,23a7bba69fdb3d4bcfc7b30f6155e5f6f1f35a52,7344,size_in_bytes,lib/ocaml/compiler-libs/linkdeps.cmti,27909
2026-10-05T16:16:28Z,23a7bba69fdb3d4bcfc7b30f6155e5f6f1f35a52,7344,size_in_bytes,lib/ocaml/compiler-libs/includecore.cmti,98659
2026-10-05T16:16:28Z,23a7bba69fdb3d4bcfc7b30f6155e5f6f1f35a52,7344,size_in_bytes,lib/ocaml/compiler-libs/flambda2_nominal__Num_occurrences.cmti,15694
2026-10-05T16:16:28Z,23a7bba69fdb3d4bcfc7b30f6155e5f6f1f35a52,7344,size_in_bytes,lib/ocaml/compiler-libs/ldd.cmti,32856
2026-10-05T16:16:28Z,23a7bba69fdb3d4bcfc7b30f6155e5f6f1f35a52,7344,size_in_bytes,lib/ocaml/compiler-libs/flambda2_simplify__Upwards_acc.cmti,79778
2026-10-05T16:16:28Z,23a7bba69fdb3d4bcfc7b30f6155e5f6f1f35a52,7344,size_in_bytes,lib/ocaml/compiler-libs/regalloc_gi.cmti,34991
2026-10-05T16:16:28Z,23a7bba69fdb3d4bcfc7b30f6155e5f6f1f35a52,7344,size_in_bytes,lib/ocaml/compiler-libs/flambda2_simplify_shared__Inlining_report.cmti,116437
2026-10-05T16:16:28Z,23a7bba69fdb3d4bcfc7b30f6155e5f6f1f35a52,7344,size_in_bytes,lib/ocaml/compiler-libs/flambda2_identifiers__Rec_info_expr0.cmti,49054
2026-10-05T16:16:28Z,23a7bba69fdb3d4bcfc7b30f6155e5f6f1f35a52,7344,size_in_bytes,lib/ocaml/compiler-libs/flambda2_terms__First_complex_local_param.cmti,31205
2026-10-05T16:16:28Z,23a7bba69fdb3d4bcfc7b30f6155e5f6f1f35a52,7344,size_in_bytes,lib/ocaml/compiler-libs/translquote.cmti,20509
2026-10-05T16:16:28Z,23a7bba69fdb3d4bcfc7b30f6155e5f6f1f35a52,7344,size_in_bytes,lib/ocaml/compiler-libs/vicuna_value_shapes.cmti,29274
2026-10-05T16:16:28Z,23a7bba69fdb3d4bcfc7b30f6155e5f6f1f35a52,7344,size_in_bytes,lib/ocaml/compiler-libs/zero_alloc_annotations.cmti,22027
2026-10-05T16:16:28Z,23a7bba69fdb3d4bcfc7b30f6155e5f6f1f35a52,7344,size_in_bytes,lib/ocaml/compiler-libs/flambda2_bound_identifiers__Bound_continuation.cmti,29951
2026-10-05T16:16:28Z,23a7bba69fdb3d4bcfc7b30f6155e5f6f1f35a52,7344,size_in_bytes,lib/ocaml/compiler-libs/cfg_merge_blocks.cmti,35091
2026-10-05T16:16:28Z,23a7bba69fdb3d4bcfc7b30f6155e5f6f1f35a52,7344,size_in_bytes,lib/ocaml/compiler-libs/tast_mapper.cmti,69396
2026-10-05T16:16:28Z,23a7bba69fdb3d4bcfc7b30f6155e5f6f1f35a52,7344,size_in_bytes,lib/ocaml/compiler-libs/runtimetags.cmti,19022
2026-10-05T16:16:28Z,23a7bba69fdb3d4bcfc7b30f6155e5f6f1f35a52,7344,size_in_bytes,lib/ocaml/compiler-libs/flambda2_simplify__Comparison_result.cmti,32568
2026-10-05T16:16:28Z,23a7bba69fdb3d4bcfc7b30f6155e5f6f1f35a52,7344,size_in_bytes,lib/ocaml/compiler-libs/flambda2_simplify__One_recursive_handler.cmti,37747
2026-10-05T16:16:28Z,23a7bba69fdb3d4bcfc7b30f6155e5f6f1f35a52,7344,size_in_bytes,lib/ocaml/compiler-libs/flambda2_identifiers__Slot.cmti,291937
2026-10-05T16:16:28Z,23a7bba69fdb3d4bcfc7b30f6155e5f6f1f35a52,7344,size_in_bytes,lib/ocaml/compiler-libs/tast_iterator.cmti,67933
2026-10-05T16:16:28Z,23a7bba69fdb3d4bcfc7b30f6155e5f6f1f35a52,7344,size_in_bytes,lib/ocaml/compiler-libs/datarepr.cmti,30263
2026-10-05T16:16:28Z,23a7bba69fdb3d4bcfc7b30f6155e5f6f1f35a52,7344,size_in_bytes,lib/ocaml/compiler-libs/flambda2_term_basics__Or_invalid.cmti,19288
2026-10-05T16:16:28Z,23a7bba69fdb3d4bcfc7b30f6155e5f6f1f35a52,7344,size_in_bytes,lib/ocaml/compiler-libs/flambda2_terms__Function_declarations.cmti,43720
2026-10-05T16:16:28Z,23a7bba69fdb3d4bcfc7b30f6155e5f6f1f35a52,7344,size_in_bytes,lib/ocaml/compiler-libs/cfg.cmti,177386
2026-10-05T16:16:28Z,23a7bba69fdb3d4bcfc7b30f6155e5f6f1f35a52,7344,size_in_bytes,lib/ocaml/compiler-libs/relocation_entry.cmti,20495
2026-10-05T16:16:28Z,23a7bba69fdb3d4bcfc7b30f6155e5f6f1f35a52,7344,size_in_bytes,lib/ocaml/compiler-libs/flambda2_simplify__Common_subexpression_elimination.cmti,47073
2026-10-05T16:16:28Z,23a7bba69fdb3d4bcfc7b30f6155e5f6f1f35a52,7344,size_in_bytes,lib/ocaml/compiler-libs/topdirs.cmti,25825
2026-10-05T16:16:28Z,23a7bba69fdb3d4bcfc7b30f6155e5f6f1f35a52,7344,size_in_bytes,lib/ocaml/compiler-libs/flambda2_to_cmm__To_cmm_shared.cmti,95012
2026-10-05T16:16:28Z,23a7bba69fdb3d4bcfc7b30f6155e5f6f1f35a52,7344,size_in_bytes,lib/ocaml/compiler-libs/flambda2_reaper__Rebuild.cmti,44531
2026-10-05T16:16:28Z,23a7bba69fdb3d4bcfc7b30f6155e5f6f1f35a52,7344,size_in_bytes,lib/ocaml/compiler-libs/bytepackager.cmti,22635
2026-10-05T16:16:28Z,23a7bba69fdb3d4bcfc7b30f6155e5f6f1f35a52,7344,size_in_bytes,lib/ocaml/compiler-libs/flambda2_simplify__Simplify_simple.cmti,43166
2026-10-05T16:16:28Z,23a7bba69fdb3d4bcfc7b30f6155e5f6f1f35a52,7344,size_in_bytes,lib/ocaml/compiler-libs/flambda2_identifiers__Coercion0.cmti,34473
2026-10-05T16:16:28Z,23a7bba69fdb3d4bcfc7b30f6155e5f6f1f35a52,7344,size_in_bytes,lib/ocaml/compiler-libs/consistbl.cmti,132445
2026-10-05T16:16:28Z,23a7bba69fdb3d4bcfc7b30f6155e5f6f1f35a52,7344,size_in_bytes,lib/ocaml/compiler-libs/regalloc_gi_utils.cmti,88889
2026-10-05T16:16:28Z,23a7bba69fdb3d4bcfc7b30f6155e5f6f1f35a52,7344,size_in_bytes,lib/ocaml/compiler-libs/load_path.cmti,42995
2026-10-05T16:16:28Z,23a7bba69fdb3d4bcfc7b30f6155e5f6f1f35a52,7344,size_in_bytes,lib/ocaml/compiler-libs/dwarf_base_address_selection.cmti,24430
2026-10-05T16:16:28Z,23a7bba69fdb3d4bcfc7b30f6155e5f6f1f35a52,7344,size_in_bytes,lib/ocaml/compiler-libs/compiler_hooks.cmti,50680
2026-10-05T16:16:28Z,23a7bba69fdb3d4bcfc7b30f6155e5f6f1f35a52,7344,size_in_bytes,lib/ocaml/compiler-libs/zero_alloc.cmti,30127
2026-10-05T16:16:28Z,23a7bba69fdb3d4bcfc7b30f6155e5f6f1f35a52,7344,size_in_bytes,lib/ocaml/compiler-libs/regalloc_validate.cmti,39779
2026-10-05T16:16:28Z,23a7bba69fdb3d4bcfc7b30f6155e5f6f1f35a52,7344,size_in_bytes,lib/ocaml/compiler-libs/flambda2_bound_identifiers__Bound_parameter.cmti,175190
2026-10-05T16:16:28Z,23a7bba69fdb3d4bcfc7b30f6155e5f6f1f35a52,7344,size_in_bytes,lib/ocaml/compiler-libs/signature_with_global_bindings.cmti,25533
2026-10-05T16:16:28Z,23a7bba69fdb3d4bcfc7b30f6155e5f6f1f35a52,7344,size_in_bytes,lib/ocaml/compiler-libs/cmm_peephole_engine.cmti,64777
2026-10-05T16:16:28Z,23a7bba69fdb3d4bcfc7b30f6155e5f6f1f35a52,7344,size_in_bytes,lib/ocaml/compiler-libs/ssa_of_cmm.cmti,36035
2026-10-05T16:16:28Z,23a7bba69fdb3d4bcfc7b30f6155e5f6f1f35a52,7344,size_in_bytes,lib/ocaml/compiler-libs/cmo_io.cmti,21012
2026-10-05T16:16:28Z,23a7bba69fdb3d4bcfc7b30f6155e5f6f1f35a52,7344,size_in_bytes,lib/ocaml/compiler-libs/regalloc_substitution.cmti,42878
2026-10-05T16:16:28Z,23a7bba69fdb3d4bcfc7b30f6155e5f6f1f35a52,7344,size_in_bytes,lib/ocaml/compiler-libs/linkage_name.cmti,120623
2026-10-05T16:16:28Z,23a7bba69fdb3d4bcfc7b30f6155e5f6f1f35a52,7344,size_in_bytes,lib/ocaml/compiler-libs/compile.cmti,30324
2026-10-05T16:16:28Z,23a7bba69fdb3d4bcfc7b30f6155e5f6f1f35a52,7344,size_in_bytes,lib/ocaml/compiler-libs/flambda2_terms__Flambda_unit.cmti,40338
2026-10-05T16:16:28Z,23a7bba69fdb3d4bcfc7b30f6155e5f6f1f35a52,7344,size_in_bytes,lib/ocaml/compiler-libs/flambda2_simplify__Reification.cmti,39342
2026-10-05T16:16:28Z,23a7bba69fdb3d4bcfc7b30f6155e5f6f1f35a52,7344,size_in_bytes,lib/ocaml/compiler-libs/string_table.cmti,18135
2026-10-05T16:16:28Z,23a7bba69fdb3d4bcfc7b30f6155e5f6f1f35a52,7344,size_in_bytes,lib/ocaml/compiler-libs/arm64_binary_emitter__Add_sub_helpers.cmti,33493
2026-10-05T16:16:28Z,23a7bba69fdb3d4bcfc7b30f6155e5f6f1f35a52,7344,size_in_bytes,lib/ocaml/compiler-libs/location_tracker_formatter.cmti,30389
2026-10-05T16:16:28Z,23a7bba69fdb3d4bcfc7b30f6155e5f6f1f35a52,7344,size_in_bytes,lib/ocaml/compiler-libs/flambda2_parser__Fexpr_to_flambda.cmti,34081
2026-10-05T16:16:28Z,23a7bba69fdb3d4bcfc7b30f6155e5f6f1f35a52,7344,size_in_bytes,lib/ocaml/compiler-libs/partition_object_files.cmti,23936
2026-10-05T16:16:28Z,23a7bba69fdb3d4bcfc7b30f6155e5f6f1f35a52,7344,size_in_bytes,lib/ocaml/compiler-libs/regalloc_gi_state.cmti,46982
2026-10-05T16:16:28Z,23a7bba69fdb3d4bcfc7b30f6155e5f6f1f35a52,7344,size_in_bytes,lib/ocaml/compiler-libs/flambda2_terms__Cost_metrics.cmti,44230
2026-10-05T16:16:28Z,23a7bba69fdb3d4bcfc7b30f6155e5f6f1f35a52,7344,size_in_bytes,lib/ocaml/compiler-libs/label.cmti,153604
2026-10-05T16:16:28Z,23a7bba69fdb3d4bcfc7b30f6155e5f6f1f35a52,7344,size_in_bytes,lib/ocaml/compiler-libs/flambda2_from_lambda__Lambda_to_flambda_primitives.cmti,42116
2026-10-05T16:16:28Z,23a7bba69fdb3d4bcfc7b30f6155e5f6f1f35a52,7344,size_in_bytes,lib/ocaml/compiler-libs/flambda2_simplify__Unboxers.cmti,52928
2026-10-05T16:16:28Z,23a7bba69fdb3d4bcfc7b30f6155e5f6f1f35a52,7344,size_in_bytes,lib/ocaml/compiler-libs/dwarf_state.cmti,84893
2026-10-05T16:16:28Z,23a7bba69fdb3d4bcfc7b30f6155e5f6f1f35a52,7344,size_in_bytes,lib/ocaml/compiler-libs/flambda2_types__Aliases.cmti,62458
2026-10-05T16:16:28Z,23a7bba69fdb3d4bcfc7b30f6155e5f6f1f35a52,7344,size_in_bytes,lib/ocaml/compiler-libs/flambda2_from_lambda__Lambda_to_flambda_primitives_helpers.cmti,65494
2026-10-05T16:16:28Z,23a7bba69fdb3d4bcfc7b30f6155e5f6f1f35a52,7344,size_in_bytes,lib/ocaml/compiler-libs/flambda2_algorithms__Patricia_tree.cmti,195658
2026-10-05T16:16:28Z,23a7bba69fdb3d4bcfc7b30f6155e5f6f1f35a52,7344,size_in_bytes,lib/ocaml/compiler-libs/opterrors.cmti,15083
2026-10-05T16:16:28Z,23a7bba69fdb3d4bcfc7b30f6155e5f6f1f35a52,7344,size_in_bytes,lib/ocaml/compiler-libs/arm64_binary_emitter__Shift_immh_immb_helpers.cmti,19252
2026-10-05T16:16:28Z,23a7bba69fdb3d4bcfc7b30f6155e5f6f1f35a52,7344,size_in_bytes,lib/ocaml/compiler-libs/rawprinttyp.cmti,19083
2026-10-05T16:16:28Z,23a7bba69fdb3d4bcfc7b30f6155e5f6f1f35a52,7344,size_in_bytes,lib/ocaml/compiler-libs/flambda2_simplify_shared__Inlining_helpers.cmti,53126
2026-10-05T16:16:28Z,23a7bba69fdb3d4bcfc7b30f6155e5f6f1f35a52,7344,size_in_bytes,lib/ocaml/compiler-libs/flambda2_to_jsir__To_jsir.cmti,37553
2026-10-05T16:16:28Z,23a7bba69fdb3d4bcfc7b30f6155e5f6f1f35a52,7344,size_in_bytes,lib/ocaml/compiler-libs/regalloc_invariants.cmti,35622
2026-10-05T16:16:28Z,23a7bba69fdb3d4bcfc7b30f6155e5f6f1f35a52,7344,size_in_bytes,lib/ocaml/compiler-libs/flambda2_identifiers__Symbol.cmti,42238
2026-10-05T16:16:28Z,23a7bba69fdb3d4bcfc7b30f6155e5f6f1f35a52,7344,size_in_bytes,lib/ocaml/compiler-libs/ir_config_fingerprint.cmti,20333
2026-10-05T16:16:28Z,23a7bba69fdb3d4bcfc7b30f6155e5f6f1f35a52,7344,size_in_bytes,lib/ocaml/compiler-libs/regalloc_irc_utils.cmti,57033
2026-10-05T16:16:28Z,23a7bba69fdb3d4bcfc7b30f6155e5f6f1f35a52,7344,size_in_bytes,lib/ocaml/compiler-libs/extract_relocations.cmti,32366
2026-10-05T16:16:28Z,23a7bba69fdb3d4bcfc7b30f6155e5f6f1f35a52,7344,size_in_bytes,lib/ocaml/compiler-libs/scalar.cmti,171265
2026-10-05T16:16:28Z,23a7bba69fdb3d4bcfc7b30f6155e5f6f1f35a52,7344,size_in_bytes,lib/ocaml/compiler-libs/cfg_deadcode.cmti,34165
2026-10-05T16:16:28Z,23a7bba69fdb3d4bcfc7b30f6155e5f6f1f35a52,7344,size_in_bytes,lib/ocaml/compiler-libs/flambda2_identifiers__Named_rewrite_id.cmti,154453
2026-10-05T16:16:28Z,23a7bba69fdb3d4bcfc7b30f6155e5f6f1f35a52,7344,size_in_bytes,lib/ocaml/compiler-libs/flambda2_ui__Flambda_colours.cmti,31870
2026-10-05T16:16:28Z,23a7bba69fdb3d4bcfc7b30f6155e5f6f1f35a52,7344,size_in_bytes,lib/ocaml/compiler-libs/extra_debug.cmti,36892
2026-10-05T16:16:28Z,23a7bba69fdb3d4bcfc7b30f6155e5f6f1f35a52,7344,size_in_bytes,lib/ocaml/compiler-libs/flambda2_types__Typing_env_level.cmti,51022
2026-10-05T16:16:28Z,23a7bba69fdb3d4bcfc7b30f6155e5f6f1f35a52,7344,size_in_bytes,lib/ocaml/compiler-libs/flambda2_term_basics__String_info.cmti,153562
2026-10-05T16:16:28Z,23a7bba69fdb3d4bcfc7b30f6155e5f6f1f35a52,7344,size_in_bytes,lib/ocaml/compiler-libs/flambda2_simplify__Control_flow_graph.cmti,53133
2026-10-05T16:16:28Z,23a7bba69fdb3d4bcfc7b30f6155e5f6f1f35a52,7344,size_in_bytes,lib/ocaml/compiler-libs/flambda2_parser__Print_fexpr.cmti,29855
2026-10-05T16:16:28Z,23a7bba69fdb3d4bcfc7b30f6155e5f6f1f35a52,7344,size_in_bytes,lib/ocaml/compiler-libs/patterns.cmti,71622
2026-10-05T16:16:28Z,23a7bba69fdb3d4bcfc7b30f6155e5f6f1f35a52,7344,size_in_bytes,lib/ocaml/compiler-libs/flambda2_terms__Placement.cmti,31685
2026-10-05T16:16:28Z,23a7bba69fdb3d4bcfc7b30f6155e5f6f1f35a52,7344,size_in_bytes,lib/ocaml/compiler-libs/cmt_format.cmti,54597
2026-10-05T16:16:28Z,23a7bba69fdb3d4bcfc7b30f6155e5f6f1f35a52,7344,size_in_bytes,lib/ocaml/compiler-libs/flambda2_terms__Code_size.cmti,45876
2026-10-05T16:16:28Z,23a7bba69fdb3d4bcfc7b30f6155e5f6f1f35a52,7344,size_in_bytes,lib/ocaml/compiler-libs/emit.cmti,39900
2026-10-05T16:16:28Z,23a7bba69fdb3d4bcfc7b30f6155e5f6f1f35a52,7344,size_in_bytes,lib/ocaml/compiler-libs/flambda2_nominal__Name_mode.cmti,290016
2026-10-05T16:16:28Z,23a7bba69fdb3d4bcfc7b30f6155e5f6f1f35a52,7344,size_in_bytes,lib/ocaml/compiler-libs/mixed_block_shape.cmti,43605
2026-10-05T16:16:28Z,23a7bba69fdb3d4bcfc7b30f6155e5f6f1f35a52,7344,size_in_bytes,lib/ocaml/compiler-libs/ctype.cmti,390397
2026-10-05T16:16:28Z,23a7bba69fdb3d4bcfc7b30f6155e5f6f1f35a52,7344,size_in_bytes,lib/ocaml/compiler-libs/symtable.cmti,240415
2026-10-05T16:16:28Z,23a7bba69fdb3d4bcfc7b30f6155e5f6f1f35a52,7344,size_in_bytes,lib/ocaml/compiler-libs/flambda2_identifiers__Function_slot.cmti,195230
2026-10-05T16:16:28Z,23a7bba69fdb3d4bcfc7b30f6155e5f6f1f35a52,7344,size_in_bytes,lib/ocaml/compiler-libs/typedecl_variance.cmti,43286
2026-10-05T16:16:28Z,23a7bba69fdb3d4bcfc7b30f6155e5f6f1f35a52,7344,size_in_bytes,lib/ocaml/compiler-libs/form_rewrite_plan.cmti,66971
2026-10-05T16:16:28Z,23a7bba69fdb3d4bcfc7b30f6155e5f6f1f35a52,7344,size_in_bytes,lib/ocaml/compiler-libs/x86_section.cmti,85425
2026-10-05T16:16:28Z,23a7bba69fdb3d4bcfc7b30f6155e5f6f1f35a52,7344,size_in_bytes,lib/ocaml/compiler-libs/sub_cfg.cmti,65847
2026-10-05T16:16:28Z,23a7bba69fdb3d4bcfc7b30f6155e5f6f1f35a52,7344,size_in_bytes,lib/ocaml/compiler-libs/regalloc_ls.cmti,34991
2026-10-05T16:16:28Z,23a7bba69fdb3d4bcfc7b30f6155e5f6f1f35a52,7344,size_in_bytes,lib/ocaml/compiler-libs/main_args.cmti,594179
2026-10-05T16:16:28Z,23a7bba69fdb3d4bcfc7b30f6155e5f6f1f35a52,7344,size_in_bytes,lib/ocaml/compiler-libs/flambda2_nominal__Renaming.cmti,50254
2026-10-05T16:16:28Z,23a7bba69fdb3d4bcfc7b30f6155e5f6f1f35a52,7344,size_in_bytes,lib/ocaml/compiler-libs/flambda2_simplify__Dominator_graph.cmti,51582
2026-10-05T16:16:28Z,23a7bba69fdb3d4bcfc7b30f6155e5f6f1f35a52,7344,size_in_bytes,lib/ocaml/compiler-libs/branch_relaxation.cmti,37960
2026-10-05T16:16:28Z,23a7bba69fdb3d4bcfc7b30f6155e5f6f1f35a52,7344,size_in_bytes,lib/ocaml/compiler-libs/cfg_reducibility.cmti,34035
2026-10-05T16:16:28Z,23a7bba69fdb3d4bcfc7b30f6155e5f6f1f35a52,7344,size_in_bytes,lib/ocaml/compiler-libs/flambda2_from_lambda__Closure_conversion.cmti,73052
2026-10-05T16:16:28Z,23a7bba69fdb3d4bcfc7b30f6155e5f6f1f35a52,7344,size_in_bytes,lib/ocaml/compiler-libs/flambda2_bound_identifiers__Bound_for_function.cmti,40663
2026-10-05T16:16:28Z,23a7bba69fdb3d4bcfc7b30f6155e5f6f1f35a52,7344,size_in_bytes,lib/ocaml/compiler-libs/printoperation.cmti,41130
2026-10-05T16:16:28Z,23a7bba69fdb3d4bcfc7b30f6155e5f6f1f35a52,7344,size_in_bytes,lib/ocaml/compiler-libs/internal_assembler.cmti,19307
2026-10-05T16:16:28Z,23a7bba69fdb3d4bcfc7b30f6155e5f6f1f35a52,7344,size_in_bytes,lib/ocaml/compiler-libs/flambda2_types__Typing_env.cmti,114210
2026-10-05T16:16:28Z,23a7bba69fdb3d4bcfc7b30f6155e5f6f1f35a52,7344,size_in_bytes,lib/ocaml/compiler-libs/complex_shape.cmti,38565
2026-10-05T16:16:28Z,23a7bba69fdb3d4bcfc7b30f6155e5f6f1f35a52,7344,size_in_bytes,lib/ocaml/compiler-libs/flambda2_compare__Compare.cmti,35500
2026-10-05T16:16:28Z,23a7bba69fdb3d4bcfc7b30f6155e5f6f1f35a52,7344,size_in_bytes,lib/ocaml/compiler-libs/blambda_of_lambda.cmti,18623
2026-10-05T16:16:28Z,23a7bba69fdb3d4bcfc7b30f6155e5f6f1f35a52,7344,size_in_bytes,lib/ocaml/compiler-libs/printinstr.cmti,19334
2026-10-05T16:16:28Z,23a7bba69fdb3d4bcfc7b30f6155e5f6f1f35a52,7344,size_in_bytes,lib/ocaml/compiler-libs/topmain.cmti,12617
2026-10-05T16:16:28Z,23a7bba69fdb3d4bcfc7b30f6155e5f6f1f35a52,7344,size_in_bytes,lib/ocaml/compiler-libs/ast_helper.cmti,448881
2026-10-05T16:16:28Z,23a7bba69fdb3d4bcfc7b30f6155e5f6f1f35a52,7344,size_in_bytes,lib/ocaml/compiler-libs/diffing.cmti,46418
2026-10-05T16:16:28Z,23a7bba69fdb3d4bcfc7b30f6155e5f6f1f35a52,7344,size_in_bytes,lib/ocaml/compiler-libs/flambda2_types__Meet_and_n_way_join.cmti,32428
2026-10-05T16:16:28Z,23a7bba69fdb3d4bcfc7b30f6155e5f6f1f35a52,7344,size_in_bytes,lib/ocaml/compiler-libs/flambda2_numbers__Vector_types.cmti,471097
2026-10-05T16:16:28Z,23a7bba69fdb3d4bcfc7b30f6155e5f6f1f35a52,7344,size_in_bytes,lib/ocaml/compiler-libs/partition.cmti,30204
2026-10-05T16:16:28Z,23a7bba69fdb3d4bcfc7b30f6155e5f6f1f35a52,7344,size_in_bytes,lib/ocaml/compiler-libs/primitive.cmti,68122
2026-10-05T16:16:28Z,23a7bba69fdb3d4bcfc7b30f6155e5f6f1f35a52,7344,size_in_bytes,lib/ocaml/compiler-libs/flambda2_simplify__Continuation_uses_env.cmti,53737
2026-10-05T16:16:28Z,23a7bba69fdb3d4bcfc7b30f6155e5f6f1f35a52,7344,size_in_bytes,lib/ocaml/compiler-libs/flambda2_simplify__Simplify_named.cmti,40120
2026-10-05T16:16:28Z,23a7bba69fdb3d4bcfc7b30f6155e5f6f1f35a52,7344,size_in_bytes,lib/ocaml/compiler-libs/flambda2_parser__Flambda_lex.cmti,31656
2026-10-05T16:16:28Z,23a7bba69fdb3d4bcfc7b30f6155e5f6f1f35a52,7344,size_in_bytes,lib/ocaml/compiler-libs/flambda2_types__Cached_level.cmti,43753
2026-10-05T16:16:28Z,23a7bba69fdb3d4bcfc7b30f6155e5f6f1f35a52,7344,size_in_bytes,lib/ocaml/compiler-libs/peephole_rules.cmti,34488
2026-10-05T16:16:28Z,23a7bba69fdb3d4bcfc7b30f6155e5f6f1f35a52,7344,size_in_bytes,lib/ocaml/compiler-libs/typemode.cmti,45794
2026-10-05T16:16:28Z,23a7bba69fdb3d4bcfc7b30f6155e5f6f1f35a52,7344,size_in_bytes,lib/ocaml/compiler-libs/flambda2_simplify__Expr_builder.cmti,84360
2026-10-05T16:16:28Z,23a7bba69fdb3d4bcfc7b30f6155e5f6f1f35a52,7344,size_in_bytes,lib/ocaml/compiler-libs/flambda2_to_jsir__To_jsir_shared.cmti,54651
2026-10-05T16:16:28Z,23a7bba69fdb3d4bcfc7b30f6155e5f6f1f35a52,7344,size_in_bytes,lib/ocaml/compiler-libs/flambda2_types__Reify.cmti,51479
2026-10-05T16:16:28Z,23a7bba69fdb3d4bcfc7b30f6155e5f6f1f35a52,7344,size_in_bytes,lib/ocaml/compiler-libs/flambda2_simplify__Simplify_common.cmti,77675
2026-10-05T16:16:28Z,23a7bba69fdb3d4bcfc7b30f6155e5f6f1f35a52,7344,size_in_bytes,lib/ocaml/compiler-libs/ssa_print.cmti,37171
2026-10-05T16:16:28Z,23a7bba69fdb3d4bcfc7b30f6155e5f6f1f35a52,7344,size_in_bytes,lib/ocaml/compiler-libs/dwarf_compilation_unit.cmti,26002
2026-10-05T16:16:28Z,23a7bba69fdb3d4bcfc7b30f6155e5f6f1f35a52,7344,size_in_bytes,lib/ocaml/compiler-libs/lru.cmti,24671
2026-10-05T16:16:28Z,23a7bba69fdb3d4bcfc7b30f6155e5f6f1f35a52,7344,size_in_bytes,lib/ocaml/compiler-libs/dissector_log.cmti,17054
2026-10-05T16:16:28Z,23a7bba69fdb3d4bcfc7b30f6155e5f6f1f35a52,7344,size_in_bytes,lib/ocaml/compiler-libs/flambda2_numbers__Or_infinity.cmti,21651
2026-10-05T16:16:28Z,23a7bba69fdb3d4bcfc7b30f6155e5f6f1f35a52,7344,size_in_bytes,lib/ocaml/compiler-libs/available_ranges_vars.cmti,158324
2026-10-05T16:16:28Z,23a7bba69fdb3d4bcfc7b30f6155e5f6f1f35a52,7344,size_in_bytes,lib/ocaml/compiler-libs/cfg_polling.cmti,36712
2026-10-05T16:16:28Z,23a7bba69fdb3d4bcfc7b30f6155e5f6f1f35a52,7344,size_in_bytes,lib/ocaml/compiler-libs/ccomp.cmti,23057
2026-10-05T16:16:28Z,23a7bba69fdb3d4bcfc7b30f6155e5f6f1f35a52,7344,size_in_bytes,lib/ocaml/compiler-libs/bytefunctorizer.cmti,15178
2026-10-05T16:16:28Z,23a7bba69fdb3d4bcfc7b30f6155e5f6f1f35a52,7344,size_in_bytes,lib/ocaml/compiler-libs/zero_alloc_info.cmti,21693
2026-10-05T16:16:28Z,23a7bba69fdb3d4bcfc7b30f6155e5f6f1f35a52,7344,size_in_bytes,lib/ocaml/compiler-libs/flambda2_simplify__Unboxing_types.cmti,66913
2026-10-05T16:16:28Z,23a7bba69fdb3d4bcfc7b30f6155e5f6f1f35a52,7344,size_in_bytes,lib/ocaml/compiler-libs/arm64_binary_emitter__Encode_instruction.cmti,18022
2026-10-05T16:16:28Z,23a7bba69fdb3d4bcfc7b30f6155e5f6f1f35a52,7344,size_in_bytes,lib/ocaml/compiler-libs/lazy_backtrack.cmti,23429
2026-10-05T16:16:28Z,23a7bba69fdb3d4bcfc7b30f6155e5f6f1f35a52,7344,size_in_bytes,lib/ocaml/compiler-libs/flambda2_types__With_cached_free_names.cmti,43349
2026-10-05T16:16:28Z,23a7bba69fdb3d4bcfc7b30f6155e5f6f1f35a52,7344,size_in_bytes,lib/ocaml/compiler-libs/binary_emitter_verify.cmti,32418
2026-10-05T16:16:28Z,23a7bba69fdb3d4bcfc7b30f6155e5f6f1f35a52,7344,size_in_bytes,lib/ocaml/compiler-libs/cfg_loop_infos.cmti,46215
2026-10-05T16:16:28Z,23a7bba69fdb3d4bcfc7b30f6155e5f6f1f35a52,7344,size_in_bytes,lib/ocaml/compiler-libs/stack_class_utils.cmti,68262
2026-10-05T16:16:28Z,23a7bba69fdb3d4bcfc7b30f6155e5f6f1f35a52,7344,size_in_bytes,lib/ocaml/compiler-libs/axis_lattice.cmti,50365
2026-10-05T16:16:28Z,23a7bba69fdb3d4bcfc7b30f6155e5f6f1f35a52,7344,size_in_bytes,lib/ocaml/compiler-libs/flambda2_simplify__Named_rewrite.cmti,36968
2026-10-05T16:16:28Z,23a7bba69fdb3d4bcfc7b30f6155e5f6f1f35a52,7344,size_in_bytes,lib/ocaml/compiler-libs/parser.cmti,398925
2026-10-05T16:16:28Z,23a7bba69fdb3d4bcfc7b30f6155e5f6f1f35a52,7344,size_in_bytes,lib/ocaml/compiler-libs/flambda2_terms__Effects.cmti,36278
2026-10-05T16:16:28Z,23a7bba69fdb3d4bcfc7b30f6155e5f6f1f35a52,7344,size_in_bytes,lib/ocaml/compiler-libs/cfg_liveness.cmti,48558
2026-10-05T16:16:28Z,23a7bba69fdb3d4bcfc7b30f6155e5f6f1f35a52,7344,size_in_bytes,lib/ocaml/compiler-libs/flambda2_simplify__Simplify_set_of_closures.cmti,48555
2026-10-05T16:16:28Z,23a7bba69fdb3d4bcfc7b30f6155e5f6f1f35a52,7344,size_in_bytes,lib/ocaml/compiler-libs/flambda2_simplify__Non_constructed_code.cmti,55472
2026-10-05T16:16:28Z,23a7bba69fdb3d4bcfc7b30f6155e5f6f1f35a52,7344,size_in_bytes,lib/ocaml/compiler-libs/language_extension_kernel.cmti,20374
2026-10-05T16:16:28Z,23a7bba69fdb3d4bcfc7b30f6155e5f6f1f35a52,7344,size_in_bytes,lib/ocaml/compiler-libs/flambda2_simplify__Mutable_unboxing.cmti,42000
2026-10-05T16:16:28Z,23a7bba69fdb3d4bcfc7b30f6155e5f6f1f35a52,7344,size_in_bytes,lib/ocaml/compiler-libs/flambda2_simplify__Continuation_extra_params_and_args.cmti,53162
2026-10-05T16:16:28Z,23a7bba69fdb3d4bcfc7b30f6155e5f6f1f35a52,7344,size_in_bytes,lib/ocaml/compiler-libs/flambda2_simplify__One_continuation_use.cmti,41892
2026-10-05T16:16:28Z,23a7bba69fdb3d4bcfc7b30f6155e5f6f1f35a52,7344,size_in_bytes,lib/ocaml/compiler-libs/flambda2_terms__Inlining_history.cmti,61990
2026-10-05T16:16:28Z,23a7bba69fdb3d4bcfc7b30f6155e5f6f1f35a52,7344,size_in_bytes,lib/ocaml/compiler-libs/printast_with_mappings.cmti,23180
2026-10-05T16:16:28Z,23a7bba69fdb3d4bcfc7b30f6155e5f6f1f35a52,7344,size_in_bytes,lib/ocaml/compiler-libs/int_replace_polymorphic_compare.cmti,16905
2026-10-05T16:16:28Z,23a7bba69fdb3d4bcfc7b30f6155e5f6f1f35a52,7344,size_in_bytes,lib/ocaml/compiler-libs/flambda2_datalog__Table.cmti,60082
2026-10-05T16:16:28Z,23a7bba69fdb3d4bcfc7b30f6155e5f6f1f35a52,7344,size_in_bytes,lib/ocaml/compiler-libs/pprintast.cmti,52565
2026-10-05T16:16:28Z,23a7bba69fdb3d4bcfc7b30f6155e5f6f1f35a52,7344,size_in_bytes,lib/ocaml/compiler-libs/regs_utils.cmti,196763
2026-10-05T16:16:28Z,23a7bba69fdb3d4bcfc7b30f6155e5f6f1f35a52,7344,size_in_bytes,lib/ocaml/compiler-libs/flambda2_simplify__Simplify_primitive_result.cmti,54712
2026-10-05T16:16:28Z,23a7bba69fdb3d4bcfc7b30f6155e5f6f1f35a52,7344,size_in_bytes,lib/ocaml/compiler-libs/typedecl_properties.cmti,34086
2026-10-05T16:16:28Z,23a7bba69fdb3d4bcfc7b30f6155e5f6f1f35a52,7344,size_in_bytes,lib/ocaml/compiler-libs/compilation_unit.cmti,443537
2026-10-05T16:16:28Z,23a7bba69fdb3d4bcfc7b30f6155e5f6f1f35a52,7344,size_in_bytes,lib/ocaml/compiler-libs/translmod.cmti,40862
2026-10-05T16:16:28Z,23a7bba69fdb3d4bcfc7b30f6155e5f6f1f35a52,7344,size_in_bytes,lib/ocaml/compiler-libs/camlinternalMenhirLib.cmti,500756
2026-10-05T16:16:28Z,23a7bba69fdb3d4bcfc7b30f6155e5f6f1f35a52,7344,size_in_bytes,lib/ocaml/compiler-libs/cfg_z3.cmti,46910
2026-10-05T16:16:28Z,23a7bba69fdb3d4bcfc7b30f6155e5f6f1f35a52,7344,size_in_bytes,lib/ocaml/compiler-libs/reg_availability_set.cmti,46934
2026-10-05T16:16:28Z,23a7bba69fdb3d4bcfc7b30f6155e5f6f1f35a52,7344,size_in_bytes,lib/ocaml/compiler-libs/flambda2_term_basics__Symbol_projection.cmti,40803
2026-10-05T16:16:28Z,23a7bba69fdb3d4bcfc7b30f6155e5f6f1f35a52,7344,size_in_bytes,lib/ocaml/compiler-libs/asmgen.cmti,58598
2026-10-05T16:16:28Z,23a7bba69fdb3d4bcfc7b30f6155e5f6f1f35a52,7344,size_in_bytes,lib/ocaml/compiler-libs/flambda2_types__Binding_time.cmti,166878
2026-10-05T16:16:28Z,23a7bba69fdb3d4bcfc7b30f6155e5f6f1f35a52,7344,size_in_bytes,lib/ocaml/compiler-libs/build_path_prefix_map.cmti,25786
2026-10-05T16:16:28Z,23a7bba69fdb3d4bcfc7b30f6155e5f6f1f35a52,7344,size_in_bytes,lib/ocaml/compiler-libs/stack_reg_offset.cmti,16219
2026-10-05T16:16:28Z,23a7bba69fdb3d4bcfc7b30f6155e5f6f1f35a52,7344,size_in_bytes,lib/ocaml/compiler-libs/flambda2_simplify__Simplify_expr.cmti,41471
2026-10-05T16:16:28Z,23a7bba69fdb3d4bcfc7b30f6155e5f6f1f35a52,7344,size_in_bytes,lib/ocaml/compiler-libs/flambda2_types__Meet.cmti,31750
2026-10-05T16:16:28Z,23a7bba69fdb3d4bcfc7b30f6155e5f6f1f35a52,7344,size_in_bytes,lib/ocaml/compiler-libs/flambda2_types__Provers.cmti,152536
2026-10-05T16:16:28Z,23a7bba69fdb3d4bcfc7b30f6155e5f6f1f35a52,7344,size_in_bytes,lib/ocaml/compiler-libs/current_unit.cmti,24915
2026-10-05T16:16:28Z,23a7bba69fdb3d4bcfc7b30f6155e5f6f1f35a52,7344,size_in_bytes,lib/ocaml/compiler-libs/ast_invariants.cmti,18423
2026-10-05T16:16:28Z,23a7bba69fdb3d4bcfc7b30f6155e5f6f1f35a52,7344,size_in_bytes,lib/ocaml/compiler-libs/flambda2_simplify__Specialization_cost.cmti,49665
2026-10-05T16:16:28Z,23a7bba69fdb3d4bcfc7b30f6155e5f6f1f35a52,7344,size_in_bytes,lib/ocaml/compiler-libs/stack_class.cmti,47211
2026-10-05T16:16:28Z,23a7bba69fdb3d4bcfc7b30f6155e5f6f1f35a52,7344,size_in_bytes,lib/ocaml/compiler-libs/cmxs_format.cmti,21845
2026-10-05T16:16:28Z,23a7bba69fdb3d4bcfc7b30f6155e5f6f1f35a52,7344,size_in_bytes,lib/ocaml/compiler-libs/cfg_colours.cmti,23368
2026-10-05T16:16:28Z,23a7bba69fdb3d4bcfc7b30f6155e5f6f1f35a52,7344,size_in_bytes,lib/ocaml/compiler-libs/flambda2_terms__Apply_expr.cmti,215233
2026-10-05T16:16:28Z,23a7bba69fdb3d4bcfc7b30f6155e5f6f1f35a52,7344,size_in_bytes,lib/ocaml/compiler-libs/flambda2_reaper__Types_rewriter.cmti,43879
2026-10-05T16:16:28Z,23a7bba69fdb3d4bcfc7b30f6155e5f6f1f35a52,7344,size_in_bytes,lib/ocaml/compiler-libs/asttypes.cmti,28680
2026-10-05T16:16:28Z,23a7bba69fdb3d4bcfc7b30f6155e5f6f1f35a52,7344,size_in_bytes,lib/ocaml/compiler-libs/flambda2_terms__Static_const.cmti,237130
2026-10-05T16:16:28Z,23a7bba69fdb3d4bcfc7b30f6155e5f6f1f35a52,7344,size_in_bytes,lib/ocaml/compiler-libs/flambda2_reaper__Reaper.cmti,36330
2026-10-05T16:16:28Z,23a7bba69fdb3d4bcfc7b30f6155e5f6f1f35a52,7344,size_in_bytes,lib/ocaml/compiler-libs/cfg_of_ssa.cmti,36043
2026-10-05T16:16:28Z,23a7bba69fdb3d4bcfc7b30f6155e5f6f1f35a52,7344,size_in_bytes,lib/ocaml/compiler-libs/emitcode.cmti,27782
2026-10-05T16:16:28Z,23a7bba69fdb3d4bcfc7b30f6155e5f6f1f35a52,7344,size_in_bytes,lib/ocaml/compiler-libs/flambda2_datalog.cmti,447740
2026-10-05T16:16:28Z,23a7bba69fdb3d4bcfc7b30f6155e5f6f1f35a52,7344,size_in_bytes,lib/ocaml/compiler-libs/cmj_format.cmti,17121
2026-10-05T16:16:28Z,23a7bba69fdb3d4bcfc7b30f6155e5f6f1f35a52,7344,size_in_bytes,lib/ocaml/compiler-libs/flambda2_types__Join_env.cmti,62309
2026-10-05T16:16:28Z,23a7bba69fdb3d4bcfc7b30f6155e5f6f1f35a52,7344,size_in_bytes,lib/ocaml/compiler-libs/out_type.cmti,114508
2026-10-05T16:16:28Z,23a7bba69fdb3d4bcfc7b30f6155e5f6f1f35a52,7344,size_in_bytes,lib/ocaml/compiler-libs/flambda2_identifiers__Variable.cmti,43959
2026-10-05T16:16:28Z,23a7bba69fdb3d4bcfc7b30f6155e5f6f1f35a52,7344,size_in_bytes,lib/ocaml/compiler-libs/cfg_comballoc.cmti,33769
2026-10-05T16:16:28Z,23a7bba69fdb3d4bcfc7b30f6155e5f6f1f35a52,7344,size_in_bytes,lib/ocaml/compiler-libs/flambda2_simplify__Optimistic_unboxing_decision.cmti,35377
2026-10-05T16:16:28Z,23a7bba69fdb3d4bcfc7b30f6155e5f6f1f35a52,7344,size_in_bytes,lib/ocaml/compiler-libs/flambda2_to_jsir__To_jsir_env.cmti,87213
2026-10-05T16:16:28Z,23a7bba69fdb3d4bcfc7b30f6155e5f6f1f35a52,7344,size_in_bytes,lib/ocaml/compiler-libs/flambda2_to_cmm__To_cmm_result.cmti,57700
2026-10-05T16:16:28Z,23a7bba69fdb3d4bcfc7b30f6155e5f6f1f35a52,7344,size_in_bytes,lib/ocaml/compiler-libs/translclass.cmti,23010
2026-10-05T16:16:28Z,23a7bba69fdb3d4bcfc7b30f6155e5f6f1f35a52,7344,size_in_bytes,lib/ocaml/compiler-libs/arm64_binary_emitter__Encode_directive.cmti,25811
2026-10-05T16:16:28Z,23a7bba69fdb3d4bcfc7b30f6155e5f6f1f35a52,7344,size_in_bytes,lib/ocaml/compiler-libs/arm64_ast__Ast.cmti,849254
2026-10-05T16:16:28Z,23a7bba69fdb3d4bcfc7b30f6155e5f6f1f35a52,7344,size_in_bytes,lib/ocaml/compiler-libs/flambda2_terms__Recursive.cmti,29253
2026-10-05T16:16:28Z,23a7bba69fdb3d4bcfc7b30f6155e5f6f1f35a52,7344,size_in_bytes,lib/ocaml/compiler-libs/regalloc_split_state.cmti,43773
2026-10-05T16:16:28Z,23a7bba69fdb3d4bcfc7b30f6155e5f6f1f35a52,7344,size_in_bytes,lib/ocaml/compiler-libs/flambda2_term_basics__Empty_array_kind.cmti,26270
2026-10-05T16:16:28Z,23a7bba69fdb3d4bcfc7b30f6155e5f6f1f35a52,7344,size_in_bytes,lib/ocaml/compiler-libs/includeclass.cmti,24062
2026-10-05T16:16:28Z,23a7bba69fdb3d4bcfc7b30f6155e5f6f1f35a52,7344,size_in_bytes,lib/ocaml/compiler-libs/flambda2_terms__Zero_alloc_attribute.cmti,33448
2026-10-05T16:16:28Z,23a7bba69fdb3d4bcfc7b30f6155e5f6f1f35a52,7344,size_in_bytes,lib/ocaml/compiler-libs/flambda2_simplify__Lifted_cont_params.cmti,45177
2026-10-05T16:16:28Z,23a7bba69fdb3d4bcfc7b30f6155e5f6f1f35a52,7344,size_in_bytes,lib/ocaml/compiler-libs/transl_array_comprehension.cmti,21448
2026-10-05T16:16:28Z,23a7bba69fdb3d4bcfc7b30f6155e5f6f1f35a52,7344,size_in_bytes,lib/ocaml/compiler-libs/env.cmti,478374
2026-10-05T16:16:28Z,23a7bba69fdb3d4bcfc7b30f6155e5f6f1f35a52,7344,size_in_bytes,lib/ocaml/compiler-libs/dll.cmti,23820
2026-10-05T16:16:28Z,23a7bba69fdb3d4bcfc7b30f6155e5f6f1f35a52,7344,size_in_bytes,lib/ocaml/compiler-libs/flambda2_simplify__Simplify_coercion.cmti,37093
2026-10-05T16:16:28Z,23a7bba69fdb3d4bcfc7b30f6155e5f6f1f35a52,7344,size_in_bytes,lib/ocaml/compiler-libs/identifiable.cmti,351228
2026-10-05T16:16:28Z,23a7bba69fdb3d4bcfc7b30f6155e5f6f1f35a52,7344,size_in_bytes,lib/ocaml/compiler-libs/flambda2_algorithms__Channel.cmti,24008
2026-10-05T16:16:28Z,23a7bba69fdb3d4bcfc7b30f6155e5f6f1f35a52,7344,size_in_bytes,lib/ocaml/compiler-libs/flambda2_simplify__Unboxing_epa.cmti,39700
2026-10-05T16:16:28Z,23a7bba69fdb3d4bcfc7b30f6155e5f6f1f35a52,7344,size_in_bytes,lib/ocaml/compiler-libs/lambda.cmti,652379
2026-10-05T16:16:28Z,23a7bba69fdb3d4bcfc7b30f6155e5f6f1f35a52,7344,size_in_bytes,lib/ocaml/compiler-libs/cmx_format.cmti,79719
2026-10-05T16:16:28Z,23a7bba69fdb3d4bcfc7b30f6155e5f6f1f35a52,7344,size_in_bytes,lib/ocaml/compiler-libs/flambda2_parser__Flambda_parser_messages.cmti,14186
2026-10-05T16:16:28Z,23a7bba69fdb3d4bcfc7b30f6155e5f6f1f35a52,7344,size_in_bytes,lib/ocaml/compiler-libs/flambda2_simplify__Simplify_extcall.cmti,40983
2026-10-05T16:16:28Z,23a7bba69fdb3d4bcfc7b30f6155e5f6f1f35a52,7344,size_in_bytes,lib/ocaml/compiler-libs/oxcaml_flags.cmti,152677
2026-10-05T16:16:28Z,23a7bba69fdb3d4bcfc7b30f6155e5f6f1f35a52,7344,size_in_bytes,lib/ocaml/compiler-libs/ident.cmti,190376
2026-10-05T16:16:28Z,23a7bba69fdb3d4bcfc7b30f6155e5f6f1f35a52,7344,size_in_bytes,lib/ocaml/compiler-libs/lexer.cmti,36009
2026-10-05T16:16:28Z,23a7bba69fdb3d4bcfc7b30f6155e5f6f1f35a52,7344,size_in_bytes,lib/ocaml/compiler-libs/bytelibrarian.cmti,18522
2026-10-05T16:16:28Z,23a7bba69fdb3d4bcfc7b30f6155e5f6f1f35a52,7344,size_in_bytes,lib/ocaml/compiler-libs/flambda2_numbers__Targetint_32_64.cmti,329024
2026-10-05T16:16:28Z,23a7bba69fdb3d4bcfc7b30f6155e5f6f1f35a52,7344,size_in_bytes,lib/ocaml/compiler-libs/flambda2_term_basics__Coercion.cmti,41908
2026-10-05T16:16:28Z,23a7bba69fdb3d4bcfc7b30f6155e5f6f1f35a52,7344,size_in_bytes,lib/ocaml/compiler-libs/flambda2_terms__Probe.cmti,30234
2026-10-05T16:16:28Z,23a7bba69fdb3d4bcfc7b30f6155e5f6f1f35a52,7344,size_in_bytes,lib/ocaml/compiler-libs/flambda2_kinds__Flambda_kind.cmti,879063
2026-10-05T16:16:28Z,23a7bba69fdb3d4bcfc7b30f6155e5f6f1f35a52,7344,size_in_bytes,lib/ocaml/compiler-libs/cms_format.cmti,38068
2026-10-05T16:16:28Z,23a7bba69fdb3d4bcfc7b30f6155e5f6f1f35a52,7344,size_in_bytes,lib/ocaml/compiler-libs/structured_mangling.cmti,31614
2026-10-05T16:16:28Z,23a7bba69fdb3d4bcfc7b30f6155e5f6f1f35a52,7344,size_in_bytes,lib/ocaml/compiler-libs/regs.cmti,231240
2026-10-05T16:16:28Z,23a7bba69fdb3d4bcfc7b30f6155e5f6f1f35a52,7344,size_in_bytes,lib/ocaml/compiler-libs/flambda2_terms__Effects_and_coeffects.cmti,36131
2026-10-05T16:16:28Z,23a7bba69fdb3d4bcfc7b30f6155e5f6f1f35a52,7344,size_in_bytes,lib/ocaml/compiler-libs/regalloc_ls_utils.cmti,80224
2026-10-05T16:16:28Z,23a7bba69fdb3d4bcfc7b30f6155e5f6f1f35a52,7344,size_in_bytes,lib/ocaml/compiler-libs/flambda2_to_jsir__To_jsir_set_of_closures.cmti,36189
2026-10-05T16:16:28Z,23a7bba69fdb3d4bcfc7b30f6155e5f6f1f35a52,7344,size_in_bytes,lib/ocaml/compiler-libs/static_label.cmti,153008
2026-10-05T16:16:28Z,23a7bba69fdb3d4bcfc7b30f6155e5f6f1f35a52,7344,size_in_bytes,lib/ocaml/compiler-libs/x86_peephole_optimize.cmti,16282
2026-10-05T16:16:28Z,23a7bba69fdb3d4bcfc7b30f6155e5f6f1f35a52,7344,size_in_bytes,lib/ocaml/compiler-libs/linkenv.cmti,74782
2026-10-05T16:16:28Z,23a7bba69fdb3d4bcfc7b30f6155e5f6f1f35a52,7344,size_in_bytes,lib/ocaml/compiler-libs/flambda2_identifiers__Value_slot.cmti,199690
2026-10-05T16:16:28Z,23a7bba69fdb3d4bcfc7b30f6155e5f6f1f35a52,7344,size_in_bytes,lib/ocaml/compiler-libs/mode_hint.cmti,93172
2026-10-05T16:16:28Z,23a7bba69fdb3d4bcfc7b30f6155e5f6f1f35a52,7344,size_in_bytes,lib/ocaml/compiler-libs/predef.cmti,153018
2026-10-05T16:16:28Z,23a7bba69fdb3d4bcfc7b30f6155e5f6f1f35a52,7344,size_in_bytes,lib/ocaml/compiler-libs/operation.cmti,87617
2026-10-05T16:16:28Z,23a7bba69fdb3d4bcfc7b30f6155e5f6f1f35a52,7344,size_in_bytes,lib/ocaml/compiler-libs/backend_var.cmti,95839
2026-10-05T16:16:28Z,23a7bba69fdb3d4bcfc7b30f6155e5f6f1f35a52,7344,size_in_bytes,lib/ocaml/compiler-libs/attr_helper.cmti,19866
2026-10-05T16:16:28Z,23a7bba69fdb3d4bcfc7b30f6155e5f6f1f35a52,7344,size_in_bytes,lib/ocaml/compiler-libs/flambda2_algorithms__Container_types.cmti,329363
2026-10-05T16:16:28Z,23a7bba69fdb3d4bcfc7b30f6155e5f6f1f35a52,7344,size_in_bytes,lib/ocaml/compiler-libs/probe_emission.cmti,50570
2026-10-05T16:16:28Z,23a7bba69fdb3d4bcfc7b30f6155e5f6f1f35a52,7344,size_in_bytes,lib/ocaml/compiler-libs/matching.cmti,45393
2026-10-05T16:16:28Z,23a7bba69fdb3d4bcfc7b30f6155e5f6f1f35a52,7344,size_in_bytes,lib/ocaml/compiler-libs/flambda2_simplify__Simplify_rec_info_expr.cmti,46026
2026-10-05T16:16:28Z,23a7bba69fdb3d4bcfc7b30f6155e5f6f1f35a52,7344,size_in_bytes,lib/ocaml/compiler-libs/flambda2_identifiers__Flambda_debug_uid.cmti,157363
2026-10-05T16:16:28Z,23a7bba69fdb3d4bcfc7b30f6155e5f6f1f35a52,7344,size_in_bytes,lib/ocaml/compiler-libs/outcometree.cmti,108206
2026-10-05T16:16:28Z,23a7bba69fdb3d4bcfc7b30f6155e5f6f1f35a52,7344,size_in_bytes,lib/ocaml/compiler-libs/flambda2_simplify_shared__Slot_offsets.cmti,58545
2026-10-05T16:16:28Z,23a7bba69fdb3d4bcfc7b30f6155e5f6f1f35a52,7344,size_in_bytes,lib/ocaml/compiler-libs/flambda2_numbers__Target_ocaml_int.cmti,335068
2026-10-05T16:16:28Z,23a7bba69fdb3d4bcfc7b30f6155e5f6f1f35a52,7344,size_in_bytes,lib/ocaml/compiler-libs/flambda2_terms__Code_or_metadata.cmti,54534
2026-10-05T16:16:28Z,23a7bba69fdb3d4bcfc7b30f6155e5f6f1f35a52,7344,size_in_bytes,lib/ocaml/compiler-libs/jkind_types.cmti,129797
2026-10-05T16:16:28Z,23a7bba69fdb3d4bcfc7b30f6155e5f6f1f35a52,7344,size_in_bytes,lib/ocaml/compiler-libs/flambda2_term_basics__Inlined_debuginfo.cmti,40685
2026-10-05T16:16:28Z,23a7bba69fdb3d4bcfc7b30f6155e5f6f1f35a52,7344,size_in_bytes,lib/ocaml/compiler-libs/cmm_builtins.cmti,38911
2026-10-05T16:16:28Z,23a7bba69fdb3d4bcfc7b30f6155e5f6f1f35a52,7344,size_in_bytes,lib/ocaml/compiler-libs/flambda2_term_basics__Value_slot_set.cmti,161606
2026-10-05T16:16:28Z,23a7bba69fdb3d4bcfc7b30f6155e5f6f1f35a52,7344,size_in_bytes,lib/ocaml/compiler-libs/flambda2_terms__Code0.cmti,77270
2026-10-05T16:16:28Z,23a7bba69fdb3d4bcfc7b30f6155e5f6f1f35a52,7344,size_in_bytes,lib/ocaml/compiler-libs/flambda2_simplify_shared__Are_rebuilding_terms.cmti,19392
2026-10-05T16:16:28Z,23a7bba69fdb3d4bcfc7b30f6155e5f6f1f35a52,7344,size_in_bytes,lib/ocaml/compiler-libs/flambda2_term_basics__Or_variable.cmti,35600
2026-10-05T16:16:28Z,23a7bba69fdb3d4bcfc7b30f6155e5f6f1f35a52,7344,size_in_bytes,lib/ocaml/compiler-libs/flambda2_types.cmti,698031
2026-10-05T16:16:28Z,23a7bba69fdb3d4bcfc7b30f6155e5f6f1f35a52,7344,size_in_bytes,lib/ocaml/compiler-libs/dwarf_variables_and_parameters.cmti,43467
2026-10-05T16:16:28Z,23a7bba69fdb3d4bcfc7b30f6155e5f6f1f35a52,7344,size_in_bytes,lib/ocaml/compiler-libs/vicuna_traverse_typed_tree.cmti,17541
2026-10-05T16:16:28Z,23a7bba69fdb3d4bcfc7b30f6155e5f6f1f35a52,7344,size_in_bytes,lib/ocaml/compiler-libs/flambda2_reaper__Traverse.cmti,51174
2026-10-05T16:16:28Z,23a7bba69fdb3d4bcfc7b30f6155e5f6f1f35a52,7344,size_in_bytes,lib/ocaml/compiler-libs/iplt.cmti,36389
2026-10-05T16:16:28Z,23a7bba69fdb3d4bcfc7b30f6155e5f6f1f35a52,7344,size_in_bytes,lib/ocaml/compiler-libs/dwarf_flags.cmti,39911
2026-10-05T16:16:28Z,23a7bba69fdb3d4bcfc7b30f6155e5f6f1f35a52,7344,size_in_bytes,lib/ocaml/compiler-libs/parmatch.cmti,58823
2026-10-05T16:16:28Z,23a7bba69fdb3d4bcfc7b30f6155e5f6f1f35a52,7344,size_in_bytes,lib/ocaml/compiler-libs/oprint.cmti,27129
2026-10-05T16:16:28Z,23a7bba69fdb3d4bcfc7b30f6155e5f6f1f35a52,7344,size_in_bytes,lib/ocaml/compiler-libs/flambda2_terms__Set_of_closures.cmti,178473
2026-10-05T16:16:28Z,23a7bba69fdb3d4bcfc7b30f6155e5f6f1f35a52,7344,size_in_bytes,lib/ocaml/compiler-libs/solver.cmti,79615
2026-10-05T16:16:28Z,23a7bba69fdb3d4bcfc7b30f6155e5f6f1f35a52,7344,size_in_bytes,lib/ocaml/compiler-libs/measure_object_files.cmti,31603
2026-10-05T16:16:28Z,23a7bba69fdb3d4bcfc7b30f6155e5f6f1f35a52,7344,size_in_bytes,lib/ocaml/compiler-libs/flambda2_simplify__Downwards_env.cmti,155277
2026-10-05T16:16:28Z,23a7bba69fdb3d4bcfc7b30f6155e5f6f1f35a52,7344,size_in_bytes,lib/ocaml/compiler-libs/flambda2_identifiers__Code_id_or_symbol.cmti,36164
2026-10-05T16:16:28Z,23a7bba69fdb3d4bcfc7b30f6155e5f6f1f35a52,7344,size_in_bytes,lib/ocaml/compiler-libs/arrayset.cmti,28582
2026-10-05T16:16:28Z,23a7bba69fdb3d4bcfc7b30f6155e5f6f1f35a52,7344,size_in_bytes,lib/ocaml/compiler-libs/flambda2_datalog__Planner.cmti,33337
2026-10-05T16:16:28Z,23a7bba69fdb3d4bcfc7b30f6155e5f6f1f35a52,7344,size_in_bytes,lib/ocaml/compiler-libs/flambda2_nominal__Name_abstraction.cmti,61652
2026-10-05T16:16:28Z,23a7bba69fdb3d4bcfc7b30f6155e5f6f1f35a52,7344,size_in_bytes,lib/ocaml/compiler-libs/arm64_binary_emitter__Nop_helpers.cmti,13879
2026-10-05T16:16:28Z,23a7bba69fdb3d4bcfc7b30f6155e5f6f1f35a52,7344,size_in_bytes,lib/ocaml/compiler-libs/cfg_reachability_validate.cmti,33470
2026-10-05T16:16:28Z,23a7bba69fdb3d4bcfc7b30f6155e5f6f1f35a52,7344,size_in_bytes,lib/ocaml/compiler-libs/printast.cmti,26542
2026-10-05T16:16:28Z,23a7bba69fdb3d4bcfc7b30f6155e5f6f1f35a52,7344,size_in_bytes,lib/ocaml/compiler-libs/flambda2_simplify__Simplify_static_const.cmti,39808
2026-10-05T16:16:28Z,23a7bba69fdb3d4bcfc7b30f6155e5f6f1f35a52,7344,size_in_bytes,lib/ocaml/compiler-libs/flambda2_terms__Inlined_attribute.cmti,38257
2026-10-05T16:16:28Z,23a7bba69fdb3d4bcfc7b30f6155e5f6f1f35a52,7344,size_in_bytes,lib/ocaml/compiler-libs/flambda2_identifiers__Apply_cont_rewrite_id.cmti,154508
2026-10-05T16:16:28Z,23a7bba69fdb3d4bcfc7b30f6155e5f6f1f35a52,7344,size_in_bytes,lib/ocaml/compiler-libs/flambda2_term_basics__Continuation_use_kind.cmti,15248
2026-10-05T16:16:28Z,23a7bba69fdb3d4bcfc7b30f6155e5f6f1f35a52,7344,size_in_bytes,lib/ocaml/compiler-libs/flambda2_simplify__Continuation_in_env.cmti,41830
2026-10-05T16:16:28Z,23a7bba69fdb3d4bcfc7b30f6155e5f6f1f35a52,7344,size_in_bytes,lib/ocaml/compiler-libs/igot.cmti,34093
2026-10-05T16:16:28Z,23a7bba69fdb3d4bcfc7b30f6155e5f6f1f35a52,7344,size_in_bytes,lib/ocaml/compiler-libs/flambda2_bound_identifiers__Bound_var.cmti,35425
2026-10-05T16:16:28Z,23a7bba69fdb3d4bcfc7b30f6155e5f6f1f35a52,7344,size_in_bytes,lib/ocaml/compiler-libs/instructionId.cmti,153735
2026-10-05T16:16:28Z,23a7bba69fdb3d4bcfc7b30f6155e5f6f1f35a52,7344,size_in_bytes,lib/ocaml/compiler-libs/flambda2_types__More_type_creators.cmti,109441
2026-10-05T16:16:28Z,23a7bba69fdb3d4bcfc7b30f6155e5f6f1f35a52,7344,size_in_bytes,lib/ocaml/compiler-libs/arm64_binary_emitter__Relocation.cmti,37142
2026-10-05T16:16:28Z,23a7bba69fdb3d4bcfc7b30f6155e5f6f1f35a52,7344,size_in_bytes,lib/ocaml/compiler-libs/builtin_attributes.cmti,103870
2026-10-05T16:16:28Z,23a7bba69fdb3d4bcfc7b30f6155e5f6f1f35a52,7344,size_in_bytes,lib/ocaml/compiler-libs/cfg_dominators.cmti,45985
2026-10-05T16:16:28Z,23a7bba69fdb3d4bcfc7b30f6155e5f6f1f35a52,7344,size_in_bytes,lib/ocaml/compiler-libs/flambda2_to_jsir__To_jsir_primitive.cmti,36517
2026-10-05T16:16:28Z,23a7bba69fdb3d4bcfc7b30f6155e5f6f1f35a52,7344,size_in_bytes,lib/ocaml/compiler-libs/flambda2_simplify__Flow_types.cmti,115306
2026-10-05T16:16:28Z,23a7bba69fdb3d4bcfc7b30f6155e5f6f1f35a52,7344,size_in_bytes,lib/ocaml/compiler-libs/printcfg.cmti,61177
2026-10-05T16:16:28Z,23a7bba69fdb3d4bcfc7b30f6155e5f6f1f35a52,7344,size_in_bytes,lib/ocaml/compiler-libs/flambda2_simplify__Flow_analysis.cmti,44497
2026-10-05T16:16:28Z,23a7bba69fdb3d4bcfc7b30f6155e5f6f1f35a52,7344,size_in_bytes,lib/ocaml/compiler-libs/hash_consed.cmti,31305
2026-10-05T16:16:28Z,23a7bba69fdb3d4bcfc7b30f6155e5f6f1f35a52,7344,size_in_bytes,lib/ocaml/compiler-libs/file_sections.cmti,23803
2026-10-05T16:16:28Z,23a7bba69fdb3d4bcfc7b30f6155e5f6f1f35a52,7344,size_in_bytes,lib/ocaml/compiler-libs/flambda2_simplify__Simplify_apply_expr.cmti,38160
2026-10-05T16:16:28Z,23a7bba69fdb3d4bcfc7b30f6155e5f6f1f35a52,7344,size_in_bytes,lib/ocaml/compiler-libs/fdo_info.cmti,24341
2026-10-05T16:16:28Z,23a7bba69fdb3d4bcfc7b30f6155e5f6f1f35a52,7344,size_in_bytes,lib/ocaml/compiler-libs/compenv.cmti,50208
2026-10-05T16:16:28Z,23a7bba69fdb3d4bcfc7b30f6155e5f6f1f35a52,7344,size_in_bytes,lib/ocaml/compiler-libs/x86_binary_emitter.cmti,97925
2026-10-05T16:16:28Z,23a7bba69fdb3d4bcfc7b30f6155e5f6f1f35a52,7344,size_in_bytes,lib/ocaml/compiler-libs/arm64_binary_emitter__For_jit.cmti,36580
2026-10-05T16:16:28Z,23a7bba69fdb3d4bcfc7b30f6155e5f6f1f35a52,7344,size_in_bytes,lib/ocaml/compiler-libs/clflags.cmti,221815
2026-10-05T16:16:28Z,23a7bba69fdb3d4bcfc7b30f6155e5f6f1f35a52,7344,size_in_bytes,lib/ocaml/compiler-libs/parser_types.cmti,20569
2026-10-05T16:16:28Z,23a7bba69fdb3d4bcfc7b30f6155e5f6f1f35a52,7344,size_in_bytes,lib/ocaml/compiler-libs/flambda2_algorithms__Table_by_int_id.cmti,28374
2026-10-05T16:16:28Z,23a7bba69fdb3d4bcfc7b30f6155e5f6f1f35a52,7344,size_in_bytes,lib/ocaml/compiler-libs/flambda2_ui__Flambda_features.cmti,79109
2026-10-05T16:16:28Z,23a7bba69fdb3d4bcfc7b30f6155e5f6f1f35a52,7344,size_in_bytes,lib/ocaml/compiler-libs/flambda2_terms__Mutability.cmti,33503
2026-10-05T16:16:28Z,23a7bba69fdb3d4bcfc7b30f6155e5f6f1f35a52,7344,size_in_bytes,lib/ocaml/compiler-libs/slambda_fracture.cmti,19322
2026-10-05T16:16:28Z,23a7bba69fdb3d4bcfc7b30f6155e5f6f1f35a52,7344,size_in_bytes,lib/ocaml/compiler-libs/linear_utils.cmti,39609
2026-10-05T16:16:28Z,23a7bba69fdb3d4bcfc7b30f6155e5f6f1f35a52,7344,size_in_bytes,lib/ocaml/compiler-libs/arm64_binary_emitter__Condition_helpers.cmti,17072
2026-10-05T16:16:28Z,23a7bba69fdb3d4bcfc7b30f6155e5f6f1f35a52,7344,size_in_bytes,lib/ocaml/compiler-libs/runtimedef.cmti,12928
2026-10-05T16:16:28Z,23a7bba69fdb3d4bcfc7b30f6155e5f6f1f35a52,7344,size_in_bytes,lib/ocaml/compiler-libs/eh_frame_registration.cmti,17602
2026-10-05T16:16:28Z,23a7bba69fdb3d4bcfc7b30f6155e5f6f1f35a52,7344,size_in_bytes,lib/ocaml/compiler-libs/flambda2_simplify__Call_site_inlining_decision.cmti,41540
2026-10-05T16:16:28Z,23a7bba69fdb3d4bcfc7b30f6155e5f6f1f35a52,7344,size_in_bytes,lib/ocaml/compiler-libs/flambda2_simplify__Simplify_binary_primitive.cmti,40459
2026-10-05T16:16:28Z,23a7bba69fdb3d4bcfc7b30f6155e5f6f1f35a52,7344,size_in_bytes,lib/ocaml/compiler-libs/solver_intf.cmti,318426
2026-10-05T16:16:28Z,23a7bba69fdb3d4bcfc7b30f6155e5f6f1f35a52,7344,size_in_bytes,lib/ocaml/compiler-libs/runtime_shape.cmti,109699
2026-10-05T16:16:28Z,23a7bba69fdb3d4bcfc7b30f6155e5f6f1f35a52,7344,size_in_bytes,lib/ocaml/compiler-libs/asm_targets__Asm_symbol.cmti,148835
2026-10-05T16:16:28Z,23a7bba69fdb3d4bcfc7b30f6155e5f6f1f35a52,7344,size_in_bytes,lib/ocaml/compiler-libs/annot.cmti,15716
2026-10-05T16:16:28Z,23a7bba69fdb3d4bcfc7b30f6155e5f6f1f35a52,7344,size_in_bytes,lib/ocaml/compiler-libs/asmlink.cmti,42429
2026-10-05T16:16:28Z,23a7bba69fdb3d4bcfc7b30f6155e5f6f1f35a52,7344,size_in_bytes,lib/ocaml/compiler-libs/target_system.cmti,31928
2026-10-05T16:16:28Z,23a7bba69fdb3d4bcfc7b30f6155e5f6f1f35a52,7344,size_in_bytes,lib/ocaml/compiler-libs/flambda2_term_basics__Tag_and_size.cmti,156464
2026-10-05T16:16:28Z,23a7bba69fdb3d4bcfc7b30f6155e5f6f1f35a52,7344,size_in_bytes,lib/ocaml/compiler-libs/flambda2_simplify__Join_points.cmti,43981
2026-10-05T16:16:28Z,23a7bba69fdb3d4bcfc7b30f6155e5f6f1f35a52,7344,size_in_bytes,lib/ocaml/compiler-libs/flambda2_simplify__Simplify_switch_expr.cmti,37455
2026-10-05T16:16:28Z,23a7bba69fdb3d4bcfc7b30f6155e5f6f1f35a52,7344,size_in_bytes,lib/ocaml/compiler-libs/flambda2_cmx__Flambda_cmx_format.cmti,43683
2026-10-05T16:16:28Z,23a7bba69fdb3d4bcfc7b30f6155e5f6f1f35a52,7344,size_in_bytes,lib/ocaml/str/str.cmti,68714
2026-10-05T16:16:28Z,23a7bba69fdb3d4bcfc7b30f6155e5f6f1f35a52,7344,size_in_bytes,lib/ocaml/stdlib_beta/stdlib_beta.cmti,11875
2026-10-05T16:16:28Z,23a7bba69fdb3d4bcfc7b30f6155e5f6f1f35a52,7344,size_in_bytes,lib/ocaml/runtime_events/runtime_events.cmti,102876
2026-10-05T16:16:28Z,23a7bba69fdb3d4bcfc7b30f6155e5f6f1f35a52,7344,size_in_bytes,lib/ocaml/stdlib_stable/stdlib_stable.cmti,15800
2026-10-05T16:16:28Z,23a7bba69fdb3d4bcfc7b30f6155e5f6f1f35a52,7344,size_in_bytes,lib/ocaml/stdlib_stable/stdlib_stable__Float32.cmti,203245
2026-10-05T16:16:28Z,23a7bba69fdb3d4bcfc7b30f6155e5f6f1f35a52,7344,size_in_bytes,lib/ocaml/stdlib_stable/stdlib_stable__Int_u.cmti,57135
2026-10-05T16:16:28Z,23a7bba69fdb3d4bcfc7b30f6155e5f6f1f35a52,7344,size_in_bytes,lib/ocaml/stdlib_stable/stdlib_stable__Iarray.cmti,90773
2026-10-05T16:16:28Z,23a7bba69fdb3d4bcfc7b30f6155e5f6f1f35a52,7344,size_in_bytes,lib/ocaml/stdlib_stable/stdlib_stable__Int8.cmti,55623
2026-10-05T16:16:28Z,23a7bba69fdb3d4bcfc7b30f6155e5f6f1f35a52,7344,size_in_bytes,lib/ocaml/stdlib_stable/stdlib_stable__Idx_atomic.cmti,39820
2026-10-05T16:16:28Z,23a7bba69fdb3d4bcfc7b30f6155e5f6f1f35a52,7344,size_in_bytes,lib/ocaml/stdlib_stable/stdlib_stable__Or_null.cmti,38521
2026-10-05T16:16:28Z,23a7bba69fdb3d4bcfc7b30f6155e5f6f1f35a52,7344,size_in_bytes,lib/ocaml/stdlib_stable/stdlib_stable__Int.cmti,56263
2026-10-05T16:16:28Z,23a7bba69fdb3d4bcfc7b30f6155e5f6f1f35a52,7344,size_in_bytes,lib/ocaml/stdlib_stable/stdlib_stable__IarrayLabels.cmti,207260
2026-10-05T16:16:28Z,23a7bba69fdb3d4bcfc7b30f6155e5f6f1f35a52,7344,size_in_bytes,lib/ocaml/stdlib_stable/stdlib_stable__Int8_u.cmti,59282
2026-10-05T16:16:28Z,23a7bba69fdb3d4bcfc7b30f6155e5f6f1f35a52,7344,size_in_bytes,lib/ocaml/stdlib_stable/stdlib_stable__Int16.cmti,55829
2026-10-05T16:16:28Z,23a7bba69fdb3d4bcfc7b30f6155e5f6f1f35a52,7344,size_in_bytes,lib/ocaml/stdlib_stable/stdlib_stable__Idx_mut.cmti,26541
2026-10-05T16:16:28Z,23a7bba69fdb3d4bcfc7b30f6155e5f6f1f35a52,7344,size_in_bytes,lib/ocaml/stdlib_stable/stdlib_stable__Float32_u.cmti,164313
2026-10-05T16:16:28Z,23a7bba69fdb3d4bcfc7b30f6155e5f6f1f35a52,7344,size_in_bytes,lib/ocaml/stdlib_stable/stdlib_stable__Char_u.cmti,25639
2026-10-05T16:16:28Z,23a7bba69fdb3d4bcfc7b30f6155e5f6f1f35a52,7344,size_in_bytes,lib/ocaml/stdlib_stable/stdlib_stable__Idx_imm.cmti,24123
2026-10-05T16:16:28Z,23a7bba69fdb3d4bcfc7b30f6155e5f6f1f35a52,7344,size_in_bytes,lib/ocaml/stdlib_stable/stdlib_stable__Int16_u.cmti,59498
2026-10-05T16:16:28Z,23a7bba69fdb3d4bcfc7b30f6155e5f6f1f35a52,7344,size_in_bytes,lib/ocaml/unix/unixLabels.cmti,488149
2026-10-05T16:16:28Z,23a7bba69fdb3d4bcfc7b30f6155e5f6f1f35a52,7344,size_in_bytes,lib/ocaml/unix/unix.cmti,473149
2026-10-05T16:16:28Z,23a7bba69fdb3d4bcfc7b30f6155e5f6f1f35a52,7344,size_in_bytes,lib/ocaml/std_exit.o,5160
