timestamp,commit_hash,pr_number,kind,name,value
2026-07-28T18:02:55Z,a160052ab46b811cc9a9b6484c69f255fe82d9d6,6342,size_in_bytes,bin/generate_cached_generic_functions.exe,68873464
2026-07-28T18:02:55Z,a160052ab46b811cc9a9b6484c69f255fe82d9d6,6342,size_in_bytes,bin/ocamlmklib.opt,39725632
2026-07-28T18:02:55Z,a160052ab46b811cc9a9b6484c69f255fe82d9d6,6342,size_in_bytes,bin/dumpobj.opt,9190856
2026-07-28T18:02:55Z,a160052ab46b811cc9a9b6484c69f255fe82d9d6,6342,size_in_bytes,bin/ocamldep.opt,39680160
2026-07-28T18:02:55Z,a160052ab46b811cc9a9b6484c69f255fe82d9d6,6342,size_in_bytes,bin/ocamldoc.opt,53755480
2026-07-28T18:02:55Z,a160052ab46b811cc9a9b6484c69f255fe82d9d6,6342,size_in_bytes,bin/ocamlc.opt,40492000
2026-07-28T18:02:55Z,a160052ab46b811cc9a9b6484c69f255fe82d9d6,6342,size_in_bytes,bin/ocamllex.opt,4867920
2026-07-28T18:02:55Z,a160052ab46b811cc9a9b6484c69f255fe82d9d6,6342,size_in_bytes,bin/ocamlj.opt,71985288
2026-07-28T18:02:55Z,a160052ab46b811cc9a9b6484c69f255fe82d9d6,6342,size_in_bytes,bin/ocamlobjinfo.opt,57636112
2026-07-28T18:02:55Z,a160052ab46b811cc9a9b6484c69f255fe82d9d6,6342,size_in_bytes,bin/ocamlmktop.opt,39681112
2026-07-28T18:02:55Z,a160052ab46b811cc9a9b6484c69f255fe82d9d6,6342,size_in_bytes,bin/extract_externals.opt,39795688
2026-07-28T18:02:55Z,a160052ab46b811cc9a9b6484c69f255fe82d9d6,6342,size_in_bytes,bin/ocamlopt.opt,83149200
2026-07-28T18:02:55Z,a160052ab46b811cc9a9b6484c69f255fe82d9d6,6342,size_in_bytes,lib/ocaml/libunix_stubs_native.a,1320428
2026-07-28T18:02:55Z,a160052ab46b811cc9a9b6484c69f255fe82d9d6,6342,size_in_bytes,lib/ocaml/libcamlrund.a,6310250
2026-07-28T18:02:55Z,a160052ab46b811cc9a9b6484c69f255fe82d9d6,6342,size_in_bytes,lib/ocaml/libthreadsnat_stubs_native.a,121268
2026-07-28T18:02:55Z,a160052ab46b811cc9a9b6484c69f255fe82d9d6,6342,size_in_bytes,lib/ocaml/libeval_stubs.a,5060
2026-07-28T18:02:55Z,a160052ab46b811cc9a9b6484c69f255fe82d9d6,6342,size_in_bytes,lib/ocaml/stdlib.a,5678502
2026-07-28T18:02:55Z,a160052ab46b811cc9a9b6484c69f255fe82d9d6,6342,size_in_bytes,lib/ocaml/libasmrun.a,5585026
2026-07-28T18:02:55Z,a160052ab46b811cc9a9b6484c69f255fe82d9d6,6342,size_in_bytes,lib/ocaml/libcamlrun_pic.a,5297852
2026-07-28T18:02:55Z,a160052ab46b811cc9a9b6484c69f255fe82d9d6,6342,size_in_bytes,lib/ocaml/libasmruni.a,5586370
2026-07-28T18:02:55Z,a160052ab46b811cc9a9b6484c69f255fe82d9d6,6342,size_in_bytes,lib/ocaml/libasmrun_pic.a,5157040
2026-07-28T18:02:55Z,a160052ab46b811cc9a9b6484c69f255fe82d9d6,6342,size_in_bytes,lib/ocaml/libruntime_events_stubs_native.a,137632
2026-07-28T18:02:55Z,a160052ab46b811cc9a9b6484c69f255fe82d9d6,6342,size_in_bytes,lib/ocaml/libcamlrun.a,5733954
2026-07-28T18:02:55Z,a160052ab46b811cc9a9b6484c69f255fe82d9d6,6342,size_in_bytes,lib/ocaml/eval.a,45670
2026-07-28T18:02:55Z,a160052ab46b811cc9a9b6484c69f255fe82d9d6,6342,size_in_bytes,lib/ocaml/libstr_stubs_native.a,47218
2026-07-28T18:02:55Z,a160052ab46b811cc9a9b6484c69f255fe82d9d6,6342,size_in_bytes,lib/ocaml/libthreads_stubs.a,122148
2026-07-28T18:02:55Z,a160052ab46b811cc9a9b6484c69f255fe82d9d6,6342,size_in_bytes,lib/ocaml/libthreadsnat_stubs.a,121268
2026-07-28T18:02:55Z,a160052ab46b811cc9a9b6484c69f255fe82d9d6,6342,size_in_bytes,lib/ocaml/libasmrund.a,6091078
2026-07-28T18:02:55Z,a160052ab46b811cc9a9b6484c69f255fe82d9d6,6342,size_in_bytes,lib/ocaml/libcamlruni.a,5735116
2026-07-28T18:02:55Z,a160052ab46b811cc9a9b6484c69f255fe82d9d6,6342,size_in_bytes,lib/ocaml/unix/libunix_stubs.a,1320428
2026-07-28T18:02:55Z,a160052ab46b811cc9a9b6484c69f255fe82d9d6,6342,size_in_bytes,lib/ocaml/unix/unix.a,321656
2026-07-28T18:02:55Z,a160052ab46b811cc9a9b6484c69f255fe82d9d6,6342,size_in_bytes,lib/ocaml/dynlink/dynlink.a,36581510
2026-07-28T18:02:55Z,a160052ab46b811cc9a9b6484c69f255fe82d9d6,6342,size_in_bytes,lib/ocaml/stdlib_stable/stdlib_stable.a,414750
2026-07-28T18:02:55Z,a160052ab46b811cc9a9b6484c69f255fe82d9d6,6342,size_in_bytes,lib/ocaml/runtime_events/libruntime_events_stubs.a,137632
2026-07-28T18:02:55Z,a160052ab46b811cc9a9b6484c69f255fe82d9d6,6342,size_in_bytes,lib/ocaml/runtime_events/runtime_events.a,48122
2026-07-28T18:02:55Z,a160052ab46b811cc9a9b6484c69f255fe82d9d6,6342,size_in_bytes,lib/ocaml/compiler-libs/ocamlbytecomp.a,1375294
2026-07-28T18:02:55Z,a160052ab46b811cc9a9b6484c69f255fe82d9d6,6342,size_in_bytes,lib/ocaml/compiler-libs/ocamloptcomp.a,68158808
2026-07-28T18:02:55Z,a160052ab46b811cc9a9b6484c69f255fe82d9d6,6342,size_in_bytes,lib/ocaml/compiler-libs/libflambda2_algorithms_stubs_native.a,5546
2026-07-28T18:02:55Z,a160052ab46b811cc9a9b6484c69f255fe82d9d6,6342,size_in_bytes,lib/ocaml/compiler-libs/libflambda2_algorithms_stubs.a,5546
2026-07-28T18:02:55Z,a160052ab46b811cc9a9b6484c69f255fe82d9d6,6342,size_in_bytes,lib/ocaml/compiler-libs/libgc_timings_stubs.a,22758
2026-07-28T18:02:55Z,a160052ab46b811cc9a9b6484c69f255fe82d9d6,6342,size_in_bytes,lib/ocaml/compiler-libs/libflambda2_floats_stubs.a,44246
2026-07-28T18:02:55Z,a160052ab46b811cc9a9b6484c69f255fe82d9d6,6342,size_in_bytes,lib/ocaml/compiler-libs/libcompiler_owee_stubs.a,16932
2026-07-28T18:02:55Z,a160052ab46b811cc9a9b6484c69f255fe82d9d6,6342,size_in_bytes,lib/ocaml/compiler-libs/libcompiler_owee_stubs_native.a,16932
2026-07-28T18:02:55Z,a160052ab46b811cc9a9b6484c69f255fe82d9d6,6342,size_in_bytes,lib/ocaml/compiler-libs/libgc_timings_stubs_native.a,22758
2026-07-28T18:02:55Z,a160052ab46b811cc9a9b6484c69f255fe82d9d6,6342,size_in_bytes,lib/ocaml/compiler-libs/ocamlcommon.a,51927284
2026-07-28T18:02:55Z,a160052ab46b811cc9a9b6484c69f255fe82d9d6,6342,size_in_bytes,lib/ocaml/compiler-libs/ocamlopttoplevel.a,916112
2026-07-28T18:02:55Z,a160052ab46b811cc9a9b6484c69f255fe82d9d6,6342,size_in_bytes,lib/ocaml/compiler-libs/libflambda2_floats_stubs_native.a,44246
2026-07-28T18:02:55Z,a160052ab46b811cc9a9b6484c69f255fe82d9d6,6342,size_in_bytes,lib/ocaml/ocaml-jit/jit.a,273182
2026-07-28T18:02:55Z,a160052ab46b811cc9a9b6484c69f255fe82d9d6,6342,size_in_bytes,lib/ocaml/ocaml-jit/libjit_stubs.a,43670
2026-07-28T18:02:55Z,a160052ab46b811cc9a9b6484c69f255fe82d9d6,6342,size_in_bytes,lib/ocaml/stdlib_beta/stdlib_beta.a,4414
2026-07-28T18:02:55Z,a160052ab46b811cc9a9b6484c69f255fe82d9d6,6342,size_in_bytes,lib/ocaml/str/str.a,181208
2026-07-28T18:02:55Z,a160052ab46b811cc9a9b6484c69f255fe82d9d6,6342,size_in_bytes,lib/ocaml/str/libstr_stubs.a,47218
2026-07-28T18:02:55Z,a160052ab46b811cc9a9b6484c69f255fe82d9d6,6342,size_in_bytes,lib/ocaml/stdlib_upstream_compatible/stdlib_upstream_compatible.a,166500
2026-07-28T18:02:55Z,a160052ab46b811cc9a9b6484c69f255fe82d9d6,6342,size_in_bytes,lib/ocaml/threads/threads.a,119720
2026-07-28T18:02:55Z,a160052ab46b811cc9a9b6484c69f255fe82d9d6,6342,size_in_bytes,lib/ocaml/stdlib_alpha/stdlib_alpha.a,4430
2026-07-28T18:02:55Z,a160052ab46b811cc9a9b6484c69f255fe82d9d6,6342,size_in_bytes,lib/ocaml/stdlib.cmxa,17822
2026-07-28T18:02:55Z,a160052ab46b811cc9a9b6484c69f255fe82d9d6,6342,size_in_bytes,lib/ocaml/eval.cmxa,12490
2026-07-28T18:02:55Z,a160052ab46b811cc9a9b6484c69f255fe82d9d6,6342,size_in_bytes,lib/ocaml/unix/unix.cmxa,4534
2026-07-28T18:02:55Z,a160052ab46b811cc9a9b6484c69f255fe82d9d6,6342,size_in_bytes,lib/ocaml/dynlink/dynlink.cmxa,26154
2026-07-28T18:02:55Z,a160052ab46b811cc9a9b6484c69f255fe82d9d6,6342,size_in_bytes,lib/ocaml/stdlib_stable/stdlib_stable.cmxa,3813
2026-07-28T18:02:55Z,a160052ab46b811cc9a9b6484c69f255fe82d9d6,6342,size_in_bytes,lib/ocaml/runtime_events/runtime_events.cmxa,1255
2026-07-28T18:02:55Z,a160052ab46b811cc9a9b6484c69f255fe82d9d6,6342,size_in_bytes,lib/ocaml/compiler-libs/ocamlbytecomp.cmxa,9128
2026-07-28T18:02:55Z,a160052ab46b811cc9a9b6484c69f255fe82d9d6,6342,size_in_bytes,lib/ocaml/compiler-libs/ocamlcommon.cmxa,33125
2026-07-28T18:02:55Z,a160052ab46b811cc9a9b6484c69f255fe82d9d6,6342,size_in_bytes,lib/ocaml/compiler-libs/ocamloptcomp.cmxa,198851
2026-07-28T18:02:55Z,a160052ab46b811cc9a9b6484c69f255fe82d9d6,6342,size_in_bytes,lib/ocaml/compiler-libs/ocamlopttoplevel.cmxa,19955
2026-07-28T18:02:55Z,a160052ab46b811cc9a9b6484c69f255fe82d9d6,6342,size_in_bytes,lib/ocaml/ocaml-jit/jit.cmxa,16788
2026-07-28T18:02:55Z,a160052ab46b811cc9a9b6484c69f255fe82d9d6,6342,size_in_bytes,lib/ocaml/stdlib_beta/stdlib_beta.cmxa,232
2026-07-28T18:02:55Z,a160052ab46b811cc9a9b6484c69f255fe82d9d6,6342,size_in_bytes,lib/ocaml/str/str.cmxa,1126
2026-07-28T18:02:55Z,a160052ab46b811cc9a9b6484c69f255fe82d9d6,6342,size_in_bytes,lib/ocaml/stdlib_upstream_compatible/stdlib_upstream_compatible.cmxa,1441
2026-07-28T18:02:55Z,a160052ab46b811cc9a9b6484c69f255fe82d9d6,6342,size_in_bytes,lib/ocaml/threads/threads.cmxa,2223
2026-07-28T18:02:55Z,a160052ab46b811cc9a9b6484c69f255fe82d9d6,6342,size_in_bytes,lib/ocaml/stdlib_alpha/stdlib_alpha.cmxa,234
2026-07-28T18:02:55Z,a160052ab46b811cc9a9b6484c69f255fe82d9d6,6342,size_in_bytes,lib/ocaml/stdlib.cma,12092416
2026-07-28T18:02:55Z,a160052ab46b811cc9a9b6484c69f255fe82d9d6,6342,size_in_bytes,lib/ocaml/eval.cma,56867
2026-07-28T18:02:55Z,a160052ab46b811cc9a9b6484c69f255fe82d9d6,6342,size_in_bytes,lib/ocaml/unix/unix.cma,428880
2026-07-28T18:02:55Z,a160052ab46b811cc9a9b6484c69f255fe82d9d6,6342,size_in_bytes,lib/ocaml/dynlink/dynlink.cma,67034371
2026-07-28T18:02:55Z,a160052ab46b811cc9a9b6484c69f255fe82d9d6,6342,size_in_bytes,lib/ocaml/stdlib_stable/stdlib_stable.cma,918731
2026-07-28T18:02:55Z,a160052ab46b811cc9a9b6484c69f255fe82d9d6,6342,size_in_bytes,lib/ocaml/runtime_events/runtime_events.cma,79259
2026-07-28T18:02:55Z,a160052ab46b811cc9a9b6484c69f255fe82d9d6,6342,size_in_bytes,lib/ocaml/compiler-libs/ocamloptcomp.cma,84971941
2026-07-28T18:02:55Z,a160052ab46b811cc9a9b6484c69f255fe82d9d6,6342,size_in_bytes,lib/ocaml/compiler-libs/ocamltoplevel.cma,1078436
2026-07-28T18:02:55Z,a160052ab46b811cc9a9b6484c69f255fe82d9d6,6342,size_in_bytes,lib/ocaml/compiler-libs/ocamlcommon.cma,93165475
2026-07-28T18:02:55Z,a160052ab46b811cc9a9b6484c69f255fe82d9d6,6342,size_in_bytes,lib/ocaml/compiler-libs/ocamlbytecomp.cma,1584213
2026-07-28T18:02:55Z,a160052ab46b811cc9a9b6484c69f255fe82d9d6,6342,size_in_bytes,lib/ocaml/ocaml-jit/jit.cma,755523
2026-07-28T18:02:55Z,a160052ab46b811cc9a9b6484c69f255fe82d9d6,6342,size_in_bytes,lib/ocaml/stdlib_beta/stdlib_beta.cma,10033
2026-07-28T18:02:55Z,a160052ab46b811cc9a9b6484c69f255fe82d9d6,6342,size_in_bytes,lib/ocaml/str/str.cma,297453
2026-07-28T18:02:55Z,a160052ab46b811cc9a9b6484c69f255fe82d9d6,6342,size_in_bytes,lib/ocaml/stdlib_upstream_compatible/stdlib_upstream_compatible.cma,263958
2026-07-28T18:02:55Z,a160052ab46b811cc9a9b6484c69f255fe82d9d6,6342,size_in_bytes,lib/ocaml/threads/threads.cma,180243
2026-07-28T18:02:55Z,a160052ab46b811cc9a9b6484c69f255fe82d9d6,6342,size_in_bytes,lib/ocaml/stdlib_alpha/stdlib_alpha.cma,11068
2026-07-28T18:02:55Z,a160052ab46b811cc9a9b6484c69f255fe82d9d6,6342,size_in_bytes,lib/ocaml/stdlib__Printexc.cmi,12829
2026-07-28T18:02:55Z,a160052ab46b811cc9a9b6484c69f255fe82d9d6,6342,size_in_bytes,lib/ocaml/stdlib__Hashtbl.cmi,71575
2026-07-28T18:02:55Z,a160052ab46b811cc9a9b6484c69f255fe82d9d6,6342,size_in_bytes,lib/ocaml/stdlib__BytesLabels.cmi,36188
2026-07-28T18:02:55Z,a160052ab46b811cc9a9b6484c69f255fe82d9d6,6342,size_in_bytes,lib/ocaml/stdlib__Complex.cmi,4406
2026-07-28T18:02:55Z,a160052ab46b811cc9a9b6484c69f255fe82d9d6,6342,size_in_bytes,lib/ocaml/stdlib__Bool.cmi,3929
2026-07-28T18:02:55Z,a160052ab46b811cc9a9b6484c69f255fe82d9d6,6342,size_in_bytes,lib/ocaml/stdlib__Callback.cmi,2154
2026-07-28T18:02:55Z,a160052ab46b811cc9a9b6484c69f255fe82d9d6,6342,size_in_bytes,lib/ocaml/stdlib__Oo.cmi,1594
2026-07-28T18:02:55Z,a160052ab46b811cc9a9b6484c69f255fe82d9d6,6342,size_in_bytes,lib/ocaml/compiler_owee__Owee_debug_line.cmi,4635
2026-07-28T18:02:55Z,a160052ab46b811cc9a9b6484c69f255fe82d9d6,6342,size_in_bytes,lib/ocaml/gc_timings.cmi,902
2026-07-28T18:02:55Z,a160052ab46b811cc9a9b6484c69f255fe82d9d6,6342,size_in_bytes,lib/ocaml/stdlib__Modes.cmi,3470
2026-07-28T18:02:55Z,a160052ab46b811cc9a9b6484c69f255fe82d9d6,6342,size_in_bytes,lib/ocaml/stdlib__Marshal.cmi,4406
2026-07-28T18:02:55Z,a160052ab46b811cc9a9b6484c69f255fe82d9d6,6342,size_in_bytes,lib/ocaml/stdlib__Map.cmi,61939
2026-07-28T18:02:55Z,a160052ab46b811cc9a9b6484c69f255fe82d9d6,6342,size_in_bytes,lib/ocaml/stdlib__Dynarray.cmi,24675
2026-07-28T18:02:55Z,a160052ab46b811cc9a9b6484c69f255fe82d9d6,6342,size_in_bytes,lib/ocaml/stdlib__Filename.cmi,6522
2026-07-28T18:02:55Z,a160052ab46b811cc9a9b6484c69f255fe82d9d6,6342,size_in_bytes,lib/ocaml/stdlib__Repr.cmi,2042
2026-07-28T18:02:55Z,a160052ab46b811cc9a9b6484c69f255fe82d9d6,6342,size_in_bytes,lib/ocaml/topdirs.cmi,4820
2026-07-28T18:02:55Z,a160052ab46b811cc9a9b6484c69f255fe82d9d6,6342,size_in_bytes,lib/ocaml/stdlib__Sys.cmi,21584
2026-07-28T18:02:55Z,a160052ab46b811cc9a9b6484c69f255fe82d9d6,6342,size_in_bytes,lib/ocaml/stdlib__Unit.cmi,1238
2026-07-28T18:02:55Z,a160052ab46b811cc9a9b6484c69f255fe82d9d6,6342,size_in_bytes,lib/ocaml/stdlib__Digest.cmi,22941
2026-07-28T18:02:55Z,a160052ab46b811cc9a9b6484c69f255fe82d9d6,6342,size_in_bytes,lib/ocaml/compiler_owee__Owee_graph.cmi,44559
2026-07-28T18:02:55Z,a160052ab46b811cc9a9b6484c69f255fe82d9d6,6342,size_in_bytes,lib/ocaml/stdlib__Char.cmi,7381
2026-07-28T18:02:55Z,a160052ab46b811cc9a9b6484c69f255fe82d9d6,6342,size_in_bytes,lib/ocaml/stdlib__Quote.cmi,3448
2026-07-28T18:02:55Z,a160052ab46b811cc9a9b6484c69f255fe82d9d6,6342,size_in_bytes,lib/ocaml/compiler_owee__Owee_location.cmi,2704
2026-07-28T18:02:55Z,a160052ab46b811cc9a9b6484c69f255fe82d9d6,6342,size_in_bytes,lib/ocaml/stdlib__Lexing.cmi,10674
2026-07-28T18:02:55Z,a160052ab46b811cc9a9b6484c69f255fe82d9d6,6342,size_in_bytes,lib/ocaml/stdlib__Option.cmi,6811
2026-07-28T18:02:55Z,a160052ab46b811cc9a9b6484c69f255fe82d9d6,6342,size_in_bytes,lib/ocaml/stdlib__Result.cmi,12690
2026-07-28T18:02:55Z,a160052ab46b811cc9a9b6484c69f255fe82d9d6,6342,size_in_bytes,lib/ocaml/camlinternalOO.cmi,16843
2026-07-28T18:02:55Z,a160052ab46b811cc9a9b6484c69f255fe82d9d6,6342,size_in_bytes,lib/ocaml/compiler_owee__Owee_elf_notes.cmi,4862
2026-07-28T18:02:55Z,a160052ab46b811cc9a9b6484c69f255fe82d9d6,6342,size_in_bytes,lib/ocaml/stdlib__Int32.cmi,11634
2026-07-28T18:02:55Z,a160052ab46b811cc9a9b6484c69f255fe82d9d6,6342,size_in_bytes,lib/ocaml/stdlib__Int64.cmi,12842
2026-07-28T18:02:55Z,a160052ab46b811cc9a9b6484c69f255fe82d9d6,6342,size_in_bytes,lib/ocaml/compiler_owee__Owee_linux_maps.cmi,3145
2026-07-28T18:02:55Z,a160052ab46b811cc9a9b6484c69f255fe82d9d6,6342,size_in_bytes,lib/ocaml/stdlib__Pair.cmi,6057
2026-07-28T18:02:55Z,a160052ab46b811cc9a9b6484c69f255fe82d9d6,6342,size_in_bytes,lib/ocaml/stdlib__MoreLabels.cmi,182320
2026-07-28T18:02:55Z,a160052ab46b811cc9a9b6484c69f255fe82d9d6,6342,size_in_bytes,lib/ocaml/stdlib__Parsing.cmi,6520
2026-07-28T18:02:55Z,a160052ab46b811cc9a9b6484c69f255fe82d9d6,6342,size_in_bytes,lib/ocaml/stdlib__ArrayLabels.cmi,28066
2026-07-28T18:02:55Z,a160052ab46b811cc9a9b6484c69f255fe82d9d6,6342,size_in_bytes,lib/ocaml/camlinternalLazy.cmi,1433
2026-07-28T18:02:55Z,a160052ab46b811cc9a9b6484c69f255fe82d9d6,6342,size_in_bytes,lib/ocaml/compiler_owee__Owee_form.cmi,2144
2026-07-28T18:02:55Z,a160052ab46b811cc9a9b6484c69f255fe82d9d6,6342,size_in_bytes,lib/ocaml/compiler_owee__Unix_intf.cmi,6390
2026-07-28T18:02:55Z,a160052ab46b811cc9a9b6484c69f255fe82d9d6,6342,size_in_bytes,lib/ocaml/stdlib__Scanf.cmi,9933
2026-07-28T18:02:55Z,a160052ab46b811cc9a9b6484c69f255fe82d9d6,6342,size_in_bytes,lib/ocaml/stdlib__Type.cmi,1991
2026-07-28T18:02:55Z,a160052ab46b811cc9a9b6484c69f255fe82d9d6,6342,size_in_bytes,lib/ocaml/compiler_owee__Owee_elf_relocation.cmi,10201
2026-07-28T18:02:55Z,a160052ab46b811cc9a9b6484c69f255fe82d9d6,6342,size_in_bytes,lib/ocaml/stdlib__List.cmi,34130
2026-07-28T18:02:55Z,a160052ab46b811cc9a9b6484c69f255fe82d9d6,6342,size_in_bytes,lib/ocaml/compiler_owee__Owee_marker.cmi,11120
2026-07-28T18:02:55Z,a160052ab46b811cc9a9b6484c69f255fe82d9d6,6342,size_in_bytes,lib/ocaml/stdlib__Lazy.cmi,2874
2026-07-28T18:02:55Z,a160052ab46b811cc9a9b6484c69f255fe82d9d6,6342,size_in_bytes,lib/ocaml/stdlib__Queue.cmi,7275
2026-07-28T18:02:55Z,a160052ab46b811cc9a9b6484c69f255fe82d9d6,6342,size_in_bytes,lib/ocaml/compiler_owee__Owee_object.cmi,4417
2026-07-28T18:02:55Z,a160052ab46b811cc9a9b6484c69f255fe82d9d6,6342,size_in_bytes,lib/ocaml/stdlib__Out_channel.cmi,9627
2026-07-28T18:02:55Z,a160052ab46b811cc9a9b6484c69f255fe82d9d6,6342,size_in_bytes,lib/ocaml/stdlib__Iarray.cmi,19961
2026-07-28T18:02:55Z,a160052ab46b811cc9a9b6484c69f255fe82d9d6,6342,size_in_bytes,lib/ocaml/stdlib__Condition.cmi,1398
2026-07-28T18:02:55Z,a160052ab46b811cc9a9b6484c69f255fe82d9d6,6342,size_in_bytes,lib/ocaml/stdlib__Stack.cmi,5972
2026-07-28T18:02:55Z,a160052ab46b811cc9a9b6484c69f255fe82d9d6,6342,size_in_bytes,lib/ocaml/compiler_owee__Owee_buf.cmi,12427
2026-07-28T18:02:55Z,a160052ab46b811cc9a9b6484c69f255fe82d9d6,6342,size_in_bytes,lib/ocaml/stdlib__Array.cmi,27880
2026-07-28T18:02:55Z,a160052ab46b811cc9a9b6484c69f255fe82d9d6,6342,size_in_bytes,lib/ocaml/compiler_owee__Owee_archive.cmi,3035
2026-07-28T18:02:55Z,a160052ab46b811cc9a9b6484c69f255fe82d9d6,6342,size_in_bytes,lib/ocaml/stdlib__Arg.cmi,10340
2026-07-28T18:02:55Z,a160052ab46b811cc9a9b6484c69f255fe82d9d6,6342,size_in_bytes,lib/ocaml/stdlib__Random.cmi,11754
2026-07-28T18:02:55Z,a160052ab46b811cc9a9b6484c69f255fe82d9d6,6342,size_in_bytes,lib/ocaml/stdlib__String.cmi,25048
2026-07-28T18:02:55Z,a160052ab46b811cc9a9b6484c69f255fe82d9d6,6342,size_in_bytes,lib/ocaml/stdlib__Domain.cmi,15448
2026-07-28T18:02:55Z,a160052ab46b811cc9a9b6484c69f255fe82d9d6,6342,size_in_bytes,lib/ocaml/stdlib__Weak.cmi,13064
2026-07-28T18:02:55Z,a160052ab46b811cc9a9b6484c69f255fe82d9d6,6342,size_in_bytes,lib/ocaml/stdlib__Nativeint.cmi,11668
2026-07-28T18:02:55Z,a160052ab46b811cc9a9b6484c69f255fe82d9d6,6342,size_in_bytes,lib/ocaml/camlinternalComprehension.cmi,2903
2026-07-28T18:02:55Z,a160052ab46b811cc9a9b6484c69f255fe82d9d6,6342,size_in_bytes,lib/ocaml/camlinternalFormat.cmi,14761
2026-07-28T18:02:55Z,a160052ab46b811cc9a9b6484c69f255fe82d9d6,6342,size_in_bytes,lib/ocaml/stdlib__Bytes.cmi,35971
2026-07-28T18:02:55Z,a160052ab46b811cc9a9b6484c69f255fe82d9d6,6342,size_in_bytes,lib/ocaml/stdlib__Either.cmi,8676
2026-07-28T18:02:55Z,a160052ab46b811cc9a9b6484c69f255fe82d9d6,6342,size_in_bytes,lib/ocaml/stdlib__Pqueue.cmi,48440
2026-07-28T18:02:55Z,a160052ab46b811cc9a9b6484c69f255fe82d9d6,6342,size_in_bytes,lib/ocaml/stdlib__Gc.cmi,18831
2026-07-28T18:02:55Z,a160052ab46b811cc9a9b6484c69f255fe82d9d6,6342,size_in_bytes,lib/ocaml/stdlib__Bigarray.cmi,60306
2026-07-28T18:02:55Z,a160052ab46b811cc9a9b6484c69f255fe82d9d6,6342,size_in_bytes,lib/ocaml/stdlib__Float.cmi,67057
2026-07-28T18:02:55Z,a160052ab46b811cc9a9b6484c69f255fe82d9d6,6342,size_in_bytes,lib/ocaml/stdlib__Dynamic.cmi,1662
2026-07-28T18:02:55Z,a160052ab46b811cc9a9b6484c69f255fe82d9d6,6342,size_in_bytes,lib/ocaml/std_exit.cmi,223
2026-07-28T18:02:55Z,a160052ab46b811cc9a9b6484c69f255fe82d9d6,6342,size_in_bytes,lib/ocaml/stdlib__StringLabels.cmi,25173
2026-07-28T18:02:55Z,a160052ab46b811cc9a9b6484c69f255fe82d9d6,6342,size_in_bytes,lib/ocaml/stdlib__StdLabels.cmi,552
2026-07-28T18:02:55Z,a160052ab46b811cc9a9b6484c69f255fe82d9d6,6342,size_in_bytes,lib/ocaml/stdlib.cmi,71409
2026-07-28T18:02:55Z,a160052ab46b811cc9a9b6484c69f255fe82d9d6,6342,size_in_bytes,lib/ocaml/compiler_owee__Owee_elf_string_table.cmi,1453
2026-07-28T18:02:55Z,a160052ab46b811cc9a9b6484c69f255fe82d9d6,6342,size_in_bytes,lib/ocaml/stdlib__Mutex.cmi,1695
2026-07-28T18:02:55Z,a160052ab46b811cc9a9b6484c69f255fe82d9d6,6342,size_in_bytes,lib/ocaml/stdlib__Uchar.cmi,6330
2026-07-28T18:02:55Z,a160052ab46b811cc9a9b6484c69f255fe82d9d6,6342,size_in_bytes,lib/ocaml/stdlib__In_channel.cmi,10148
2026-07-28T18:02:55Z,a160052ab46b811cc9a9b6484c69f255fe82d9d6,6342,size_in_bytes,lib/ocaml/opttopdirs.cmi,4198
2026-07-28T18:02:55Z,a160052ab46b811cc9a9b6484c69f255fe82d9d6,6342,size_in_bytes,lib/ocaml/stdlib__Fun.cmi,3107
2026-07-28T18:02:55Z,a160052ab46b811cc9a9b6484c69f255fe82d9d6,6342,size_in_bytes,lib/ocaml/compiler_owee__Owee_traverse.cmi,2507
2026-07-28T18:02:55Z,a160052ab46b811cc9a9b6484c69f255fe82d9d6,6342,size_in_bytes,lib/ocaml/stdlib__Obj.cmi,17847
2026-07-28T18:02:55Z,a160052ab46b811cc9a9b6484c69f255fe82d9d6,6342,size_in_bytes,lib/ocaml/compiler_owee.cmi,2379
2026-07-28T18:02:55Z,a160052ab46b811cc9a9b6484c69f255fe82d9d6,6342,size_in_bytes,lib/ocaml/stdlib__Printf.cmi,6634
2026-07-28T18:02:55Z,a160052ab46b811cc9a9b6484c69f255fe82d9d6,6342,size_in_bytes,lib/ocaml/stdlib__Format.cmi,63579
2026-07-28T18:02:55Z,a160052ab46b811cc9a9b6484c69f255fe82d9d6,6342,size_in_bytes,lib/ocaml/stdlib__Seq.cmi,28953
2026-07-28T18:02:55Z,a160052ab46b811cc9a9b6484c69f255fe82d9d6,6342,size_in_bytes,lib/ocaml/eval.cmi,529
2026-07-28T18:02:55Z,a160052ab46b811cc9a9b6484c69f255fe82d9d6,6342,size_in_bytes,lib/ocaml/camlinternalAtomic.cmi,2914
2026-07-28T18:02:55Z,a160052ab46b811cc9a9b6484c69f255fe82d9d6,6342,size_in_bytes,lib/ocaml/stdlib__Atomic.cmi,11790
2026-07-28T18:02:55Z,a160052ab46b811cc9a9b6484c69f255fe82d9d6,6342,size_in_bytes,lib/ocaml/compiler_owee__Owee_macho.cmi,24152
2026-07-28T18:02:55Z,a160052ab46b811cc9a9b6484c69f255fe82d9d6,6342,size_in_bytes,lib/ocaml/compiler_owee__Owee_elf.cmi,23939
2026-07-28T18:02:55Z,a160052ab46b811cc9a9b6484c69f255fe82d9d6,6342,size_in_bytes,lib/ocaml/stdlib__ListLabels.cmi,34296
2026-07-28T18:02:55Z,a160052ab46b811cc9a9b6484c69f255fe82d9d6,6342,size_in_bytes,lib/ocaml/stdlib__Backoff.cmi,1771
2026-07-28T18:02:55Z,a160052ab46b811cc9a9b6484c69f255fe82d9d6,6342,size_in_bytes,lib/ocaml/camlinternalFormatBasics.cmi,40802
2026-07-28T18:02:55Z,a160052ab46b811cc9a9b6484c69f255fe82d9d6,6342,size_in_bytes,lib/ocaml/stdlib__Effect.cmi,34247
2026-07-28T18:02:55Z,a160052ab46b811cc9a9b6484c69f255fe82d9d6,6342,size_in_bytes,lib/ocaml/compiler_owee__Owee_interval_map.cmi,2880
2026-07-28T18:02:55Z,a160052ab46b811cc9a9b6484c69f255fe82d9d6,6342,size_in_bytes,lib/ocaml/stdlib__Set.cmi,43659
2026-07-28T18:02:55Z,a160052ab46b811cc9a9b6484c69f255fe82d9d6,6342,size_in_bytes,lib/ocaml/stdlib__Int.cmi,8118
2026-07-28T18:02:55Z,a160052ab46b811cc9a9b6484c69f255fe82d9d6,6342,size_in_bytes,lib/ocaml/stdlib__Buffer.cmi,13596
2026-07-28T18:02:55Z,a160052ab46b811cc9a9b6484c69f255fe82d9d6,6342,size_in_bytes,lib/ocaml/stdlib__Semaphore.cmi,2730
2026-07-28T18:02:55Z,a160052ab46b811cc9a9b6484c69f255fe82d9d6,6342,size_in_bytes,lib/ocaml/camlinternalMod.cmi,1645
2026-07-28T18:02:55Z,a160052ab46b811cc9a9b6484c69f255fe82d9d6,6342,size_in_bytes,lib/ocaml/stdlib__Ephemeron.cmi,118562
2026-07-28T18:02:55Z,a160052ab46b811cc9a9b6484c69f255fe82d9d6,6342,size_in_bytes,lib/ocaml/camlinternalQuote.cmi,75460
2026-07-28T18:02:55Z,a160052ab46b811cc9a9b6484c69f255fe82d9d6,6342,size_in_bytes,lib/ocaml/unix/unixLabels.cmi,94229
2026-07-28T18:02:55Z,a160052ab46b811cc9a9b6484c69f255fe82d9d6,6342,size_in_bytes,lib/ocaml/unix/unix.cmi,91827
2026-07-28T18:02:55Z,a160052ab46b811cc9a9b6484c69f255fe82d9d6,6342,size_in_bytes,lib/ocaml/dynlink/dynlink.cmi,5598
2026-07-28T18:02:55Z,a160052ab46b811cc9a9b6484c69f255fe82d9d6,6342,size_in_bytes,lib/ocaml/stdlib_stable/stdlib_stable__Char_u.cmi,3552
2026-07-28T18:02:55Z,a160052ab46b811cc9a9b6484c69f255fe82d9d6,6342,size_in_bytes,lib/ocaml/stdlib_stable/stdlib_stable__IarrayLabels.cmi,45962
2026-07-28T18:02:55Z,a160052ab46b811cc9a9b6484c69f255fe82d9d6,6342,size_in_bytes,lib/ocaml/stdlib_stable/stdlib_stable__Int16.cmi,10702
2026-07-28T18:02:55Z,a160052ab46b811cc9a9b6484c69f255fe82d9d6,6342,size_in_bytes,lib/ocaml/stdlib_stable/stdlib_stable__Int8_u.cmi,11728
2026-07-28T18:02:55Z,a160052ab46b811cc9a9b6484c69f255fe82d9d6,6342,size_in_bytes,lib/ocaml/stdlib_stable/stdlib_stable__Idx_mut.cmi,4230
2026-07-28T18:02:55Z,a160052ab46b811cc9a9b6484c69f255fe82d9d6,6342,size_in_bytes,lib/ocaml/stdlib_stable/stdlib_stable__Int16_u.cmi,11802
2026-07-28T18:02:55Z,a160052ab46b811cc9a9b6484c69f255fe82d9d6,6342,size_in_bytes,lib/ocaml/stdlib_stable/stdlib_stable__Float32_u.cmi,33522
2026-07-28T18:02:55Z,a160052ab46b811cc9a9b6484c69f255fe82d9d6,6342,size_in_bytes,lib/ocaml/stdlib_stable/stdlib_stable.cmi,1211
2026-07-28T18:02:55Z,a160052ab46b811cc9a9b6484c69f255fe82d9d6,6342,size_in_bytes,lib/ocaml/stdlib_stable/stdlib_stable__Idx_imm.cmi,3652
2026-07-28T18:02:55Z,a160052ab46b811cc9a9b6484c69f255fe82d9d6,6342,size_in_bytes,lib/ocaml/stdlib_stable/stdlib_stable__Int8.cmi,10636
2026-07-28T18:02:55Z,a160052ab46b811cc9a9b6484c69f255fe82d9d6,6342,size_in_bytes,lib/ocaml/stdlib_stable/stdlib_stable__Float32.cmi,46545
2026-07-28T18:02:55Z,a160052ab46b811cc9a9b6484c69f255fe82d9d6,6342,size_in_bytes,lib/ocaml/stdlib_stable/stdlib_stable__Int_u.cmi,11061
2026-07-28T18:02:55Z,a160052ab46b811cc9a9b6484c69f255fe82d9d6,6342,size_in_bytes,lib/ocaml/stdlib_stable/stdlib_stable__Int.cmi,10460
2026-07-28T18:02:55Z,a160052ab46b811cc9a9b6484c69f255fe82d9d6,6342,size_in_bytes,lib/ocaml/stdlib_stable/stdlib_stable__.cmi,1984
2026-07-28T18:02:55Z,a160052ab46b811cc9a9b6484c69f255fe82d9d6,6342,size_in_bytes,lib/ocaml/stdlib_stable/stdlib_stable__Iarray.cmi,17579
2026-07-28T18:02:55Z,a160052ab46b811cc9a9b6484c69f255fe82d9d6,6342,size_in_bytes,lib/ocaml/stdlib_stable/stdlib_stable__Or_null.cmi,6978
2026-07-28T18:02:55Z,a160052ab46b811cc9a9b6484c69f255fe82d9d6,6342,size_in_bytes,lib/ocaml/runtime_events/runtime_events.cmi,17292
2026-07-28T18:02:55Z,a160052ab46b811cc9a9b6484c69f255fe82d9d6,6342,size_in_bytes,lib/ocaml/compiler-libs/typeopt.cmi,11853
2026-07-28T18:02:55Z,a160052ab46b811cc9a9b6484c69f255fe82d9d6,6342,size_in_bytes,lib/ocaml/compiler-libs/runtime_shape.cmi,30040
2026-07-28T18:02:55Z,a160052ab46b811cc9a9b6484c69f255fe82d9d6,6342,size_in_bytes,lib/ocaml/compiler-libs/dwarf_low__Dwarf_int.cmi,4886
2026-07-28T18:02:55Z,a160052ab46b811cc9a9b6484c69f255fe82d9d6,6342,size_in_bytes,lib/ocaml/compiler-libs/doubly_linked_list.cmi,22340
2026-07-28T18:02:55Z,a160052ab46b811cc9a9b6484c69f255fe82d9d6,6342,size_in_bytes,lib/ocaml/compiler-libs/dwarf_reg_locations.cmi,10173
2026-07-28T18:02:55Z,a160052ab46b811cc9a9b6484c69f255fe82d9d6,6342,size_in_bytes,lib/ocaml/compiler-libs/extra_debug.cmi,10243
2026-07-28T18:02:55Z,a160052ab46b811cc9a9b6484c69f255fe82d9d6,6342,size_in_bytes,lib/ocaml/compiler-libs/docstrings.cmi,16722
2026-07-28T18:02:55Z,a160052ab46b811cc9a9b6484c69f255fe82d9d6,6342,size_in_bytes,lib/ocaml/compiler-libs/flambda2_term_basics__Continuation_use_kind.cmi,1009
2026-07-28T18:02:55Z,a160052ab46b811cc9a9b6484c69f255fe82d9d6,6342,size_in_bytes,lib/ocaml/compiler-libs/internal_assembler.cmi,2324
2026-07-28T18:02:55Z,a160052ab46b811cc9a9b6484c69f255fe82d9d6,6342,size_in_bytes,lib/ocaml/compiler-libs/debug_event.cmi,9518
2026-07-28T18:02:55Z,a160052ab46b811cc9a9b6484c69f255fe82d9d6,6342,size_in_bytes,lib/ocaml/compiler-libs/flambda2_simplify.cmi,12528
2026-07-28T18:02:55Z,a160052ab46b811cc9a9b6484c69f255fe82d9d6,6342,size_in_bytes,lib/ocaml/compiler-libs/symtable.cmi,116697
2026-07-28T18:02:55Z,a160052ab46b811cc9a9b6484c69f255fe82d9d6,6342,size_in_bytes,lib/ocaml/compiler-libs/asmgen.cmi,16683
2026-07-28T18:02:55Z,a160052ab46b811cc9a9b6484c69f255fe82d9d6,6342,size_in_bytes,lib/ocaml/compiler-libs/flambda2_nominal__Bindable.cmi,7161
2026-07-28T18:02:55Z,a160052ab46b811cc9a9b6484c69f255fe82d9d6,6342,size_in_bytes,lib/ocaml/compiler-libs/flambda2_types__Binding_time.cmi,60486
2026-07-28T18:02:55Z,a160052ab46b811cc9a9b6484c69f255fe82d9d6,6342,size_in_bytes,lib/ocaml/compiler-libs/flambda2_types__Code_age_relation.cmi,9198
2026-07-28T18:02:55Z,a160052ab46b811cc9a9b6484c69f255fe82d9d6,6342,size_in_bytes,lib/ocaml/compiler-libs/flambda2_kinds__Tag.cmi,178208
2026-07-28T18:02:55Z,a160052ab46b811cc9a9b6484c69f255fe82d9d6,6342,size_in_bytes,lib/ocaml/compiler-libs/flambda2_datalog__Column.cmi,65683
2026-07-28T18:02:55Z,a160052ab46b811cc9a9b6484c69f255fe82d9d6,6342,size_in_bytes,lib/ocaml/compiler-libs/flambda2_datalog.cmi,172019
2026-07-28T18:02:55Z,a160052ab46b811cc9a9b6484c69f255fe82d9d6,6342,size_in_bytes,lib/ocaml/compiler-libs/parse.cmi,4765
2026-07-28T18:02:55Z,a160052ab46b811cc9a9b6484c69f255fe82d9d6,6342,size_in_bytes,lib/ocaml/compiler-libs/tmc.cmi,2849
2026-07-28T18:02:55Z,a160052ab46b811cc9a9b6484c69f255fe82d9d6,6342,size_in_bytes,lib/ocaml/compiler-libs/cmm_invariants.cmi,9348
2026-07-28T18:02:55Z,a160052ab46b811cc9a9b6484c69f255fe82d9d6,6342,size_in_bytes,lib/ocaml/compiler-libs/flambda2_numbers__Targetint_32_64.cmi,125218
2026-07-28T18:02:55Z,a160052ab46b811cc9a9b6484c69f255fe82d9d6,6342,size_in_bytes,lib/ocaml/compiler-libs/flambda2_classic_mode_types.cmi,463
2026-07-28T18:02:55Z,a160052ab46b811cc9a9b6484c69f255fe82d9d6,6342,size_in_bytes,lib/ocaml/compiler-libs/vectorize_utils.cmi,17300
2026-07-28T18:02:55Z,a160052ab46b811cc9a9b6484c69f255fe82d9d6,6342,size_in_bytes,lib/ocaml/compiler-libs/lambda.cmi,145060
2026-07-28T18:02:55Z,a160052ab46b811cc9a9b6484c69f255fe82d9d6,6342,size_in_bytes,lib/ocaml/compiler-libs/flambda2_term_basics__Coercion.cmi,9764
2026-07-28T18:02:55Z,a160052ab46b811cc9a9b6484c69f255fe82d9d6,6342,size_in_bytes,lib/ocaml/compiler-libs/value_rec_check.cmi,3270
2026-07-28T18:02:55Z,a160052ab46b811cc9a9b6484c69f255fe82d9d6,6342,size_in_bytes,lib/ocaml/compiler-libs/dwarf_low__Range_list_entry.cmi,3593
2026-07-28T18:02:55Z,a160052ab46b811cc9a9b6484c69f255fe82d9d6,6342,size_in_bytes,lib/ocaml/compiler-libs/flambda2_types__.cmi,3653
2026-07-28T18:02:55Z,a160052ab46b811cc9a9b6484c69f255fe82d9d6,6342,size_in_bytes,lib/ocaml/compiler-libs/flambda2_types__Typing_env_extension.cmi,20377
2026-07-28T18:02:55Z,a160052ab46b811cc9a9b6484c69f255fe82d9d6,6342,size_in_bytes,lib/ocaml/compiler-libs/regalloc_split.cmi,11528
2026-07-28T18:02:55Z,a160052ab46b811cc9a9b6484c69f255fe82d9d6,6342,size_in_bytes,lib/ocaml/compiler-libs/ast_iterator.cmi,18671
2026-07-28T18:02:55Z,a160052ab46b811cc9a9b6484c69f255fe82d9d6,6342,size_in_bytes,lib/ocaml/compiler-libs/flambda2_cmx__Flambda_cmx.cmi,12877
2026-07-28T18:02:55Z,a160052ab46b811cc9a9b6484c69f255fe82d9d6,6342,size_in_bytes,lib/ocaml/compiler-libs/import_info.cmi,8833
2026-07-28T18:02:55Z,a160052ab46b811cc9a9b6484c69f255fe82d9d6,6342,size_in_bytes,lib/ocaml/compiler-libs/flambda2_reaper__Datalog_helpers.cmi,104619
2026-07-28T18:02:55Z,a160052ab46b811cc9a9b6484c69f255fe82d9d6,6342,size_in_bytes,lib/ocaml/compiler-libs/flambda2_simplify__Unbox_continuation_params.cmi,12904
2026-07-28T18:02:55Z,a160052ab46b811cc9a9b6484c69f255fe82d9d6,6342,size_in_bytes,lib/ocaml/compiler-libs/flambda2_identifiers__Int_ids.cmi,592557
2026-07-28T18:02:55Z,a160052ab46b811cc9a9b6484c69f255fe82d9d6,6342,size_in_bytes,lib/ocaml/compiler-libs/dwarf_high__Simple_location_description_lang.cmi,10804
2026-07-28T18:02:55Z,a160052ab46b811cc9a9b6484c69f255fe82d9d6,6342,size_in_bytes,lib/ocaml/compiler-libs/dwarf_low__Dwarf_format.cmi,1055
2026-07-28T18:02:55Z,a160052ab46b811cc9a9b6484c69f255fe82d9d6,6342,size_in_bytes,lib/ocaml/compiler-libs/amd64_simd_instrs.cmi,252757
2026-07-28T18:02:55Z,a160052ab46b811cc9a9b6484c69f255fe82d9d6,6342,size_in_bytes,lib/ocaml/compiler-libs/arm64_binary_emitter__Mov_helpers.cmi,2135
2026-07-28T18:02:55Z,a160052ab46b811cc9a9b6484c69f255fe82d9d6,6342,size_in_bytes,lib/ocaml/compiler-libs/x86_ast_utils.cmi,4581
2026-07-28T18:02:55Z,a160052ab46b811cc9a9b6484c69f255fe82d9d6,6342,size_in_bytes,lib/ocaml/compiler-libs/flambda2_simplify__Downwards_acc.cmi,32316
2026-07-28T18:02:55Z,a160052ab46b811cc9a9b6484c69f255fe82d9d6,6342,size_in_bytes,lib/ocaml/compiler-libs/flambda2_to_cmm__To_cmm_result.cmi,15512
2026-07-28T18:02:55Z,a160052ab46b811cc9a9b6484c69f255fe82d9d6,6342,size_in_bytes,lib/ocaml/compiler-libs/flambda2_terms__Validity.cmi,7523
2026-07-28T18:02:55Z,a160052ab46b811cc9a9b6484c69f255fe82d9d6,6342,size_in_bytes,lib/ocaml/compiler-libs/flambda2_types.cmi,231954
2026-07-28T18:02:55Z,a160052ab46b811cc9a9b6484c69f255fe82d9d6,6342,size_in_bytes,lib/ocaml/compiler-libs/flambda2_simplify_shared__Function_decl_inlining_decision.cmi,8755
2026-07-28T18:02:55Z,a160052ab46b811cc9a9b6484c69f255fe82d9d6,6342,size_in_bytes,lib/ocaml/compiler-libs/arch.cmi,24431
2026-07-28T18:02:55Z,a160052ab46b811cc9a9b6484c69f255fe82d9d6,6342,size_in_bytes,lib/ocaml/compiler-libs/compile.cmi,5890
2026-07-28T18:02:55Z,a160052ab46b811cc9a9b6484c69f255fe82d9d6,6342,size_in_bytes,lib/ocaml/compiler-libs/arm64_ast__Ast.cmi,190521
2026-07-28T18:02:55Z,a160052ab46b811cc9a9b6484c69f255fe82d9d6,6342,size_in_bytes,lib/ocaml/compiler-libs/local_store.cmi,2162
2026-07-28T18:02:55Z,a160052ab46b811cc9a9b6484c69f255fe82d9d6,6342,size_in_bytes,lib/ocaml/compiler-libs/flambda2_terms__Inlining_state.cmi,9700
2026-07-28T18:02:55Z,a160052ab46b811cc9a9b6484c69f255fe82d9d6,6342,size_in_bytes,lib/ocaml/compiler-libs/flambda2_parser__Flambda_to_fexpr_commons.cmi,77726
2026-07-28T18:02:55Z,a160052ab46b811cc9a9b6484c69f255fe82d9d6,6342,size_in_bytes,lib/ocaml/compiler-libs/zero_alloc_utils.cmi,24837
2026-07-28T18:02:55Z,a160052ab46b811cc9a9b6484c69f255fe82d9d6,6342,size_in_bytes,lib/ocaml/compiler-libs/binutils.cmi,2129
2026-07-28T18:02:55Z,a160052ab46b811cc9a9b6484c69f255fe82d9d6,6342,size_in_bytes,lib/ocaml/compiler-libs/flambda2_simplify_shared__Call_site_inlining_decision_type.cmi,11182
2026-07-28T18:02:55Z,a160052ab46b811cc9a9b6484c69f255fe82d9d6,6342,size_in_bytes,lib/ocaml/compiler-libs/flambda2_numbers__Or_infinity.cmi,3287
2026-07-28T18:02:55Z,a160052ab46b811cc9a9b6484c69f255fe82d9d6,6342,size_in_bytes,lib/ocaml/compiler-libs/arm64_binary_emitter__Simd_helpers.cmi,9460
2026-07-28T18:02:55Z,a160052ab46b811cc9a9b6484c69f255fe82d9d6,6342,size_in_bytes,lib/ocaml/compiler-libs/flambda2_identifiers__Symbol.cmi,8620
2026-07-28T18:02:55Z,a160052ab46b811cc9a9b6484c69f255fe82d9d6,6342,size_in_bytes,lib/ocaml/compiler-libs/flambda2_terms__Regalloc_param_attribute.cmi,7859
2026-07-28T18:02:55Z,a160052ab46b811cc9a9b6484c69f255fe82d9d6,6342,size_in_bytes,lib/ocaml/compiler-libs/flambda2_term_basics__Unit.cmi,61457
2026-07-28T18:02:55Z,a160052ab46b811cc9a9b6484c69f255fe82d9d6,6342,size_in_bytes,lib/ocaml/compiler-libs/flambda2_simplify__Are_lifting_conts.cmi,12345
2026-07-28T18:02:55Z,a160052ab46b811cc9a9b6484c69f255fe82d9d6,6342,size_in_bytes,lib/ocaml/compiler-libs/typemod.cmi,20016
2026-07-28T18:02:55Z,a160052ab46b811cc9a9b6484c69f255fe82d9d6,6342,size_in_bytes,lib/ocaml/compiler-libs/expunge.cmi,454
2026-07-28T18:02:55Z,a160052ab46b811cc9a9b6484c69f255fe82d9d6,6342,size_in_bytes,lib/ocaml/compiler-libs/flambda2_simplify__Downwards_env.cmi,45770
2026-07-28T18:02:55Z,a160052ab46b811cc9a9b6484c69f255fe82d9d6,6342,size_in_bytes,lib/ocaml/compiler-libs/flambda2_types__Meet.cmi,7909
2026-07-28T18:02:55Z,a160052ab46b811cc9a9b6484c69f255fe82d9d6,6342,size_in_bytes,lib/ocaml/compiler-libs/builtin_attributes.cmi,22217
2026-07-28T18:02:55Z,a160052ab46b811cc9a9b6484c69f255fe82d9d6,6342,size_in_bytes,lib/ocaml/compiler-libs/cfg_simplify.cmi,10257
2026-07-28T18:02:55Z,a160052ab46b811cc9a9b6484c69f255fe82d9d6,6342,size_in_bytes,lib/ocaml/compiler-libs/flambda2_term_basics__Symbol_projection.cmi,10218
2026-07-28T18:02:55Z,a160052ab46b811cc9a9b6484c69f255fe82d9d6,6342,size_in_bytes,lib/ocaml/compiler-libs/flambda2_types__With_cached_free_names.cmi,11080
2026-07-28T18:02:55Z,a160052ab46b811cc9a9b6484c69f255fe82d9d6,6342,size_in_bytes,lib/ocaml/compiler-libs/types.cmi,234771
2026-07-28T18:02:55Z,a160052ab46b811cc9a9b6484c69f255fe82d9d6,6342,size_in_bytes,lib/ocaml/compiler-libs/dwarf_variables_and_parameters.cmi,13219
2026-07-28T18:02:55Z,a160052ab46b811cc9a9b6484c69f255fe82d9d6,6342,size_in_bytes,lib/ocaml/compiler-libs/arm64_binary_emitter__Yield_helpers.cmi,622
2026-07-28T18:02:55Z,a160052ab46b811cc9a9b6484c69f255fe82d9d6,6342,size_in_bytes,lib/ocaml/compiler-libs/flambda2_terms__Exn_continuation.cmi,65014
2026-07-28T18:02:55Z,a160052ab46b811cc9a9b6484c69f255fe82d9d6,6342,size_in_bytes,lib/ocaml/compiler-libs/fdo_info.cmi,3174
2026-07-28T18:02:55Z,a160052ab46b811cc9a9b6484c69f255fe82d9d6,6342,size_in_bytes,lib/ocaml/compiler-libs/section_table.cmi,4677
2026-07-28T18:02:55Z,a160052ab46b811cc9a9b6484c69f255fe82d9d6,6342,size_in_bytes,lib/ocaml/compiler-libs/optcomp_intf.cmi,15068
2026-07-28T18:02:55Z,a160052ab46b811cc9a9b6484c69f255fe82d9d6,6342,size_in_bytes,lib/ocaml/compiler-libs/flambda2_types__Equal_types_for_debug.cmi,10950
2026-07-28T18:02:55Z,a160052ab46b811cc9a9b6484c69f255fe82d9d6,6342,size_in_bytes,lib/ocaml/compiler-libs/linkenv.cmi,18910
2026-07-28T18:02:55Z,a160052ab46b811cc9a9b6484c69f255fe82d9d6,6342,size_in_bytes,lib/ocaml/compiler-libs/maindriver.cmi,812
2026-07-28T18:02:55Z,a160052ab46b811cc9a9b6484c69f255fe82d9d6,6342,size_in_bytes,lib/ocaml/compiler-libs/flambda2_identifiers__Name.cmi,65970
2026-07-28T18:02:55Z,a160052ab46b811cc9a9b6484c69f255fe82d9d6,6342,size_in_bytes,lib/ocaml/compiler-libs/flambda2_simplify__Simplify_named.cmi,12073
2026-07-28T18:02:55Z,a160052ab46b811cc9a9b6484c69f255fe82d9d6,6342,size_in_bytes,lib/ocaml/compiler-libs/subst.cmi,45089
2026-07-28T18:02:55Z,a160052ab46b811cc9a9b6484c69f255fe82d9d6,6342,size_in_bytes,lib/ocaml/compiler-libs/afl_instrument.cmi,9803
2026-07-28T18:02:55Z,a160052ab46b811cc9a9b6484c69f255fe82d9d6,6342,size_in_bytes,lib/ocaml/compiler-libs/flambda2_simplify__Rebuilt_expr.cmi,21130
2026-07-28T18:02:55Z,a160052ab46b811cc9a9b6484c69f255fe82d9d6,6342,size_in_bytes,lib/ocaml/compiler-libs/scalar.cmi,39067
2026-07-28T18:02:55Z,a160052ab46b811cc9a9b6484c69f255fe82d9d6,6342,size_in_bytes,lib/ocaml/compiler-libs/dwarf_high__Assign_abbrevs.cmi,3558
2026-07-28T18:02:55Z,a160052ab46b811cc9a9b6484c69f255fe82d9d6,6342,size_in_bytes,lib/ocaml/compiler-libs/flambda2_simplify__Simplify_variadic_primitive.cmi,11836
2026-07-28T18:02:55Z,a160052ab46b811cc9a9b6484c69f255fe82d9d6,6342,size_in_bytes,lib/ocaml/compiler-libs/flambda2_reaper__Traverse_acc.cmi,31357
2026-07-28T18:02:55Z,a160052ab46b811cc9a9b6484c69f255fe82d9d6,6342,size_in_bytes,lib/ocaml/compiler-libs/printinstr.cmi,3421
2026-07-28T18:02:55Z,a160052ab46b811cc9a9b6484c69f255fe82d9d6,6342,size_in_bytes,lib/ocaml/compiler-libs/flambda2_term_basics__Scope.cmi,58929
2026-07-28T18:02:55Z,a160052ab46b811cc9a9b6484c69f255fe82d9d6,6342,size_in_bytes,lib/ocaml/compiler-libs/flambda2_types__Join_levels_old.cmi,7732
2026-07-28T18:02:55Z,a160052ab46b811cc9a9b6484c69f255fe82d9d6,6342,size_in_bytes,lib/ocaml/compiler-libs/flambda2_nominal__Name_abstraction.cmi,14127
2026-07-28T18:02:55Z,a160052ab46b811cc9a9b6484c69f255fe82d9d6,6342,size_in_bytes,lib/ocaml/compiler-libs/dwarf_low__Location_or_range_list.cmi,2994
2026-07-28T18:02:55Z,a160052ab46b811cc9a9b6484c69f255fe82d9d6,6342,size_in_bytes,lib/ocaml/compiler-libs/emit.cmi,11355
2026-07-28T18:02:55Z,a160052ab46b811cc9a9b6484c69f255fe82d9d6,6342,size_in_bytes,lib/ocaml/compiler-libs/linkdeps.cmi,4427
2026-07-28T18:02:55Z,a160052ab46b811cc9a9b6484c69f255fe82d9d6,6342,size_in_bytes,lib/ocaml/compiler-libs/flambda2_algorithms__Leapfrog.cmi,10059
2026-07-28T18:02:55Z,a160052ab46b811cc9a9b6484c69f255fe82d9d6,6342,size_in_bytes,lib/ocaml/compiler-libs/dwarf_low__Abbreviations_table.cmi,3239
2026-07-28T18:02:55Z,a160052ab46b811cc9a9b6484c69f255fe82d9d6,6342,size_in_bytes,lib/ocaml/compiler-libs/relocatable_symbol_name.cmi,889
2026-07-28T18:02:55Z,a160052ab46b811cc9a9b6484c69f255fe82d9d6,6342,size_in_bytes,lib/ocaml/compiler-libs/main_args.cmi,259363
2026-07-28T18:02:55Z,a160052ab46b811cc9a9b6484c69f255fe82d9d6,6342,size_in_bytes,lib/ocaml/compiler-libs/cfg_with_infos.cmi,15261
2026-07-28T18:02:55Z,a160052ab46b811cc9a9b6484c69f255fe82d9d6,6342,size_in_bytes,lib/ocaml/compiler-libs/flambda2_to_cmm__To_cmm_expr.cmi,9820
2026-07-28T18:02:55Z,a160052ab46b811cc9a9b6484c69f255fe82d9d6,6342,size_in_bytes,lib/ocaml/compiler-libs/byteinstantiator.cmi,1866
2026-07-28T18:02:55Z,a160052ab46b811cc9a9b6484c69f255fe82d9d6,6342,size_in_bytes,lib/ocaml/compiler-libs/compiler_hooks.cmi,13779
2026-07-28T18:02:55Z,a160052ab46b811cc9a9b6484c69f255fe82d9d6,6342,size_in_bytes,lib/ocaml/compiler-libs/flambda2_kinds__Flambda_kind.cmi,368920
2026-07-28T18:02:55Z,a160052ab46b811cc9a9b6484c69f255fe82d9d6,6342,size_in_bytes,lib/ocaml/compiler-libs/printast.cmi,5231
2026-07-28T18:02:55Z,a160052ab46b811cc9a9b6484c69f255fe82d9d6,6342,size_in_bytes,lib/ocaml/compiler-libs/flambda2_simplify__Simplify_switch_expr.cmi,11373
2026-07-28T18:02:55Z,a160052ab46b811cc9a9b6484c69f255fe82d9d6,6342,size_in_bytes,lib/ocaml/compiler-libs/flambda2_terms__Trap_action.cmi,10465
2026-07-28T18:02:55Z,a160052ab46b811cc9a9b6484c69f255fe82d9d6,6342,size_in_bytes,lib/ocaml/compiler-libs/flambda2_terms__Apply_cont_expr.cmi,67308
2026-07-28T18:02:55Z,a160052ab46b811cc9a9b6484c69f255fe82d9d6,6342,size_in_bytes,lib/ocaml/compiler-libs/dwarf_low__Dwarf_4_location_list.cmi,3067
2026-07-28T18:02:55Z,a160052ab46b811cc9a9b6484c69f255fe82d9d6,6342,size_in_bytes,lib/ocaml/compiler-libs/flambda2_simplify_shared__Inlining_report.cmi,41618
2026-07-28T18:02:55Z,a160052ab46b811cc9a9b6484c69f255fe82d9d6,6342,size_in_bytes,lib/ocaml/compiler-libs/flambda2_simplify__Inlining_transforms.cmi,11558
2026-07-28T18:02:55Z,a160052ab46b811cc9a9b6484c69f255fe82d9d6,6342,size_in_bytes,lib/ocaml/compiler-libs/dwarf_concrete_instances.cmi,12940
2026-07-28T18:02:55Z,a160052ab46b811cc9a9b6484c69f255fe82d9d6,6342,size_in_bytes,lib/ocaml/compiler-libs/vectorize.cmi,10363
2026-07-28T18:02:55Z,a160052ab46b811cc9a9b6484c69f255fe82d9d6,6342,size_in_bytes,lib/ocaml/compiler-libs/target_system.cmi,7036
2026-07-28T18:02:55Z,a160052ab46b811cc9a9b6484c69f255fe82d9d6,6342,size_in_bytes,lib/ocaml/compiler-libs/flambda2_term_basics__Empty_array_kind.cmi,5454
2026-07-28T18:02:55Z,a160052ab46b811cc9a9b6484c69f255fe82d9d6,6342,size_in_bytes,lib/ocaml/compiler-libs/dwarf_low__Simple_location_description.cmi,2578
2026-07-28T18:02:55Z,a160052ab46b811cc9a9b6484c69f255fe82d9d6,6342,size_in_bytes,lib/ocaml/compiler-libs/topdirs.cmi,4820
2026-07-28T18:02:55Z,a160052ab46b811cc9a9b6484c69f255fe82d9d6,6342,size_in_bytes,lib/ocaml/compiler-libs/flambda2_parser__Parse_flambda.cmi,10059
2026-07-28T18:02:55Z,a160052ab46b811cc9a9b6484c69f255fe82d9d6,6342,size_in_bytes,lib/ocaml/compiler-libs/flambda2_terms__Inline_attribute.cmi,8054
2026-07-28T18:02:55Z,a160052ab46b811cc9a9b6484c69f255fe82d9d6,6342,size_in_bytes,lib/ocaml/compiler-libs/mode.cmi,359155
2026-07-28T18:02:55Z,a160052ab46b811cc9a9b6484c69f255fe82d9d6,6342,size_in_bytes,lib/ocaml/compiler-libs/oxcaml_flags.cmi,39086
2026-07-28T18:02:55Z,a160052ab46b811cc9a9b6484c69f255fe82d9d6,6342,size_in_bytes,lib/ocaml/compiler-libs/flambda2_term_basics__Inlined_debuginfo.cmi,6211
2026-07-28T18:02:55Z,a160052ab46b811cc9a9b6484c69f255fe82d9d6,6342,size_in_bytes,lib/ocaml/compiler-libs/parsetree.cmi,82567
2026-07-28T18:02:55Z,a160052ab46b811cc9a9b6484c69f255fe82d9d6,6342,size_in_bytes,lib/ocaml/compiler-libs/typedecl_properties.cmi,6981
2026-07-28T18:02:55Z,a160052ab46b811cc9a9b6484c69f255fe82d9d6,6342,size_in_bytes,lib/ocaml/compiler-libs/CSE.cmi,10523
2026-07-28T18:02:55Z,a160052ab46b811cc9a9b6484c69f255fe82d9d6,6342,size_in_bytes,lib/ocaml/compiler-libs/printtyp.cmi,14186
2026-07-28T18:02:55Z,a160052ab46b811cc9a9b6484c69f255fe82d9d6,6342,size_in_bytes,lib/ocaml/compiler-libs/flambda2_types__Reify.cmi,12943
2026-07-28T18:02:55Z,a160052ab46b811cc9a9b6484c69f255fe82d9d6,6342,size_in_bytes,lib/ocaml/compiler-libs/consistbl.cmi,50252
2026-07-28T18:02:55Z,a160052ab46b811cc9a9b6484c69f255fe82d9d6,6342,size_in_bytes,lib/ocaml/compiler-libs/regalloc_substitution.cmi,12792
2026-07-28T18:02:55Z,a160052ab46b811cc9a9b6484c69f255fe82d9d6,6342,size_in_bytes,lib/ocaml/compiler-libs/datarepr.cmi,6477
2026-07-28T18:02:55Z,a160052ab46b811cc9a9b6484c69f255fe82d9d6,6342,size_in_bytes,lib/ocaml/compiler-libs/flambda2_lattices__Or_unknown_or_bottom.cmi,4755
2026-07-28T18:02:55Z,a160052ab46b811cc9a9b6484c69f255fe82d9d6,6342,size_in_bytes,lib/ocaml/compiler-libs/flambda2_identifiers__Function_slot.cmi,78980
2026-07-28T18:02:55Z,a160052ab46b811cc9a9b6484c69f255fe82d9d6,6342,size_in_bytes,lib/ocaml/compiler-libs/x86_dsl.cmi,25506
2026-07-28T18:02:55Z,a160052ab46b811cc9a9b6484c69f255fe82d9d6,6342,size_in_bytes,lib/ocaml/compiler-libs/flambda2_simplify__Number_adjuncts.cmi,391000
2026-07-28T18:02:55Z,a160052ab46b811cc9a9b6484c69f255fe82d9d6,6342,size_in_bytes,lib/ocaml/compiler-libs/bytelink.cmi,21117
2026-07-28T18:02:55Z,a160052ab46b811cc9a9b6484c69f255fe82d9d6,6342,size_in_bytes,lib/ocaml/compiler-libs/peephole_rules.cmi,10345
2026-07-28T18:02:55Z,a160052ab46b811cc9a9b6484c69f255fe82d9d6,6342,size_in_bytes,lib/ocaml/compiler-libs/flambda2_types__Type_grammar.cmi,225395
2026-07-28T18:02:55Z,a160052ab46b811cc9a9b6484c69f255fe82d9d6,6342,size_in_bytes,lib/ocaml/compiler-libs/cfg.cmi,45030
2026-07-28T18:02:55Z,a160052ab46b811cc9a9b6484c69f255fe82d9d6,6342,size_in_bytes,lib/ocaml/compiler-libs/dwarf_low__Single_location_description.cmi,2684
2026-07-28T18:02:55Z,a160052ab46b811cc9a9b6484c69f255fe82d9d6,6342,size_in_bytes,lib/ocaml/compiler-libs/typetexp.cmi,20851
2026-07-28T18:02:55Z,a160052ab46b811cc9a9b6484c69f255fe82d9d6,6342,size_in_bytes,lib/ocaml/compiler-libs/flambda2_simplify__Call_site_inlining_decision.cmi,12519
2026-07-28T18:02:55Z,a160052ab46b811cc9a9b6484c69f255fe82d9d6,6342,size_in_bytes,lib/ocaml/compiler-libs/ast_helper.cmi,139252
2026-07-28T18:02:55Z,a160052ab46b811cc9a9b6484c69f255fe82d9d6,6342,size_in_bytes,lib/ocaml/compiler-libs/slambda.cmi,4484
2026-07-28T18:02:55Z,a160052ab46b811cc9a9b6484c69f255fe82d9d6,6342,size_in_bytes,lib/ocaml/compiler-libs/depend.cmi,4916
2026-07-28T18:02:55Z,a160052ab46b811cc9a9b6484c69f255fe82d9d6,6342,size_in_bytes,lib/ocaml/compiler-libs/mixed_product_bytes.cmi,9325
2026-07-28T18:02:55Z,a160052ab46b811cc9a9b6484c69f255fe82d9d6,6342,size_in_bytes,lib/ocaml/compiler-libs/cfg_available_regs.cmi,10281
2026-07-28T18:02:55Z,a160052ab46b811cc9a9b6484c69f255fe82d9d6,6342,size_in_bytes,lib/ocaml/compiler-libs/asttypes.cmi,5017
2026-07-28T18:02:55Z,a160052ab46b811cc9a9b6484c69f255fe82d9d6,6342,size_in_bytes,lib/ocaml/compiler-libs/flambda2_types__Provers.cmi,40886
2026-07-28T18:02:55Z,a160052ab46b811cc9a9b6484c69f255fe82d9d6,6342,size_in_bytes,lib/ocaml/compiler-libs/dwarf_low__Debugging_information_entry.cmi,4771
2026-07-28T18:02:55Z,a160052ab46b811cc9a9b6484c69f255fe82d9d6,6342,size_in_bytes,lib/ocaml/compiler-libs/flambda2_simplify_shared.cmi,1494
2026-07-28T18:02:55Z,a160052ab46b811cc9a9b6484c69f255fe82d9d6,6342,size_in_bytes,lib/ocaml/compiler-libs/flambda2_to_jsir__To_jsir_env.cmi,21085
2026-07-28T18:02:55Z,a160052ab46b811cc9a9b6484c69f255fe82d9d6,6342,size_in_bytes,lib/ocaml/compiler-libs/ast_invariants.cmi,2401
2026-07-28T18:02:55Z,a160052ab46b811cc9a9b6484c69f255fe82d9d6,6342,size_in_bytes,lib/ocaml/compiler-libs/flambda2_simplify__Simplify_binary_primitive.cmi,12078
2026-07-28T18:02:55Z,a160052ab46b811cc9a9b6484c69f255fe82d9d6,6342,size_in_bytes,lib/ocaml/compiler-libs/regalloc_rewrite.cmi,14826
2026-07-28T18:02:55Z,a160052ab46b811cc9a9b6484c69f255fe82d9d6,6342,size_in_bytes,lib/ocaml/compiler-libs/flambda2_simplify__Replay_history.cmi,11422
2026-07-28T18:02:55Z,a160052ab46b811cc9a9b6484c69f255fe82d9d6,6342,size_in_bytes,lib/ocaml/compiler-libs/flambda2_to_jsir__To_jsir_static_const.cmi,12188
2026-07-28T18:02:55Z,a160052ab46b811cc9a9b6484c69f255fe82d9d6,6342,size_in_bytes,lib/ocaml/compiler-libs/errors.cmi,779
2026-07-28T18:02:55Z,a160052ab46b811cc9a9b6484c69f255fe82d9d6,6342,size_in_bytes,lib/ocaml/compiler-libs/typedecl_variance.cmi,10291
2026-07-28T18:02:55Z,a160052ab46b811cc9a9b6484c69f255fe82d9d6,6342,size_in_bytes,lib/ocaml/compiler-libs/symbol.cmi,56180
2026-07-28T18:02:55Z,a160052ab46b811cc9a9b6484c69f255fe82d9d6,6342,size_in_bytes,lib/ocaml/compiler-libs/flambda2_lattices.cmi,646
2026-07-28T18:02:55Z,a160052ab46b811cc9a9b6484c69f255fe82d9d6,6342,size_in_bytes,lib/ocaml/compiler-libs/linear_utils.cmi,11510
2026-07-28T18:02:55Z,a160052ab46b811cc9a9b6484c69f255fe82d9d6,6342,size_in_bytes,lib/ocaml/compiler-libs/regalloc_stack_operands.cmi,11231
2026-07-28T18:02:55Z,a160052ab46b811cc9a9b6484c69f255fe82d9d6,6342,size_in_bytes,lib/ocaml/compiler-libs/flambda2_term_basics__Value_slot_set.cmi,59951
2026-07-28T18:02:55Z,a160052ab46b811cc9a9b6484c69f255fe82d9d6,6342,size_in_bytes,lib/ocaml/compiler-libs/stack_class_utils.cmi,23015
2026-07-28T18:02:55Z,a160052ab46b811cc9a9b6484c69f255fe82d9d6,6342,size_in_bytes,lib/ocaml/compiler-libs/flambda2_reaper__Global_flow_graph.cmi,23300
2026-07-28T18:02:55Z,a160052ab46b811cc9a9b6484c69f255fe82d9d6,6342,size_in_bytes,lib/ocaml/compiler-libs/flambda2_simplify__Loopify_state.cmi,7446
2026-07-28T18:02:55Z,a160052ab46b811cc9a9b6484c69f255fe82d9d6,6342,size_in_bytes,lib/ocaml/compiler-libs/flambda2_cmx__Exported_code.cmi,15187
2026-07-28T18:02:55Z,a160052ab46b811cc9a9b6484c69f255fe82d9d6,6342,size_in_bytes,lib/ocaml/compiler-libs/flambda2_simplify_shared__Are_rebuilding_terms.cmi,2131
2026-07-28T18:02:55Z,a160052ab46b811cc9a9b6484c69f255fe82d9d6,6342,size_in_bytes,lib/ocaml/compiler-libs/operation.cmi,25244
2026-07-28T18:02:55Z,a160052ab46b811cc9a9b6484c69f255fe82d9d6,6342,size_in_bytes,lib/ocaml/compiler-libs/flambda2_nominal__Name_mode.cmi,116732
2026-07-28T18:02:55Z,a160052ab46b811cc9a9b6484c69f255fe82d9d6,6342,size_in_bytes,lib/ocaml/compiler-libs/flambda2_to_jsir__To_jsir.cmi,10483
2026-07-28T18:02:55Z,a160052ab46b811cc9a9b6484c69f255fe82d9d6,6342,size_in_bytes,lib/ocaml/compiler-libs/tast_iterator.cmi,18636
2026-07-28T18:02:55Z,a160052ab46b811cc9a9b6484c69f255fe82d9d6,6342,size_in_bytes,lib/ocaml/compiler-libs/igot.cmi,4682
2026-07-28T18:02:55Z,a160052ab46b811cc9a9b6484c69f255fe82d9d6,6342,size_in_bytes,lib/ocaml/compiler-libs/dwarf_flags.cmi,8579
2026-07-28T18:02:55Z,a160052ab46b811cc9a9b6484c69f255fe82d9d6,6342,size_in_bytes,lib/ocaml/compiler-libs/branch_relaxation.cmi,10675
2026-07-28T18:02:55Z,a160052ab46b811cc9a9b6484c69f255fe82d9d6,6342,size_in_bytes,lib/ocaml/compiler-libs/branch_relaxation_intf.cmi,13166
2026-07-28T18:02:55Z,a160052ab46b811cc9a9b6484c69f255fe82d9d6,6342,size_in_bytes,lib/ocaml/compiler-libs/flambda2_terms__Inlining_history.cmi,15694
2026-07-28T18:02:55Z,a160052ab46b811cc9a9b6484c69f255fe82d9d6,6342,size_in_bytes,lib/ocaml/compiler-libs/profile_counters_functions.cmi,3196
2026-07-28T18:02:55Z,a160052ab46b811cc9a9b6484c69f255fe82d9d6,6342,size_in_bytes,lib/ocaml/compiler-libs/jkind.cmi,116768
2026-07-28T18:02:55Z,a160052ab46b811cc9a9b6484c69f255fe82d9d6,6342,size_in_bytes,lib/ocaml/compiler-libs/flambda2_simplify__Join_points.cmi,13304
2026-07-28T18:02:55Z,a160052ab46b811cc9a9b6484c69f255fe82d9d6,6342,size_in_bytes,lib/ocaml/compiler-libs/flambda2_simplify__Simplify_quaternary_primitive.cmi,17023
2026-07-28T18:02:55Z,a160052ab46b811cc9a9b6484c69f255fe82d9d6,6342,size_in_bytes,lib/ocaml/compiler-libs/mixed_block_shape.cmi,8893
2026-07-28T18:02:55Z,a160052ab46b811cc9a9b6484c69f255fe82d9d6,6342,size_in_bytes,lib/ocaml/compiler-libs/flambda2_terms__Static_const.cmi,80316
2026-07-28T18:02:55Z,a160052ab46b811cc9a9b6484c69f255fe82d9d6,6342,size_in_bytes,lib/ocaml/compiler-libs/typemode.cmi,8449
2026-07-28T18:02:55Z,a160052ab46b811cc9a9b6484c69f255fe82d9d6,6342,size_in_bytes,lib/ocaml/compiler-libs/flambda2_reaper__Cofield.cmi,62085
2026-07-28T18:02:55Z,a160052ab46b811cc9a9b6484c69f255fe82d9d6,6342,size_in_bytes,lib/ocaml/compiler-libs/flambda2_types__Set_of_closures_contents.cmi,176534
2026-07-28T18:02:55Z,a160052ab46b811cc9a9b6484c69f255fe82d9d6,6342,size_in_bytes,lib/ocaml/compiler-libs/simd_selection.cmi,31602
2026-07-28T18:02:55Z,a160052ab46b811cc9a9b6484c69f255fe82d9d6,6342,size_in_bytes,lib/ocaml/compiler-libs/flambda2_simplify__Unboxers.cmi,14335
2026-07-28T18:02:55Z,a160052ab46b811cc9a9b6484c69f255fe82d9d6,6342,size_in_bytes,lib/ocaml/compiler-libs/measure_object_files.cmi,3404
2026-07-28T18:02:55Z,a160052ab46b811cc9a9b6484c69f255fe82d9d6,6342,size_in_bytes,lib/ocaml/compiler-libs/gprinttyp.cmi,14907
2026-07-28T18:02:55Z,a160052ab46b811cc9a9b6484c69f255fe82d9d6,6342,size_in_bytes,lib/ocaml/compiler-libs/flambda2_types__More_type_creators.cmi,28864
2026-07-28T18:02:55Z,a160052ab46b811cc9a9b6484c69f255fe82d9d6,6342,size_in_bytes,lib/ocaml/compiler-libs/printpat.cmi,4370
2026-07-28T18:02:55Z,a160052ab46b811cc9a9b6484c69f255fe82d9d6,6342,size_in_bytes,lib/ocaml/compiler-libs/dwarf_low__Dwarf_4_range_list_entry.cmi,3479
2026-07-28T18:02:55Z,a160052ab46b811cc9a9b6484c69f255fe82d9d6,6342,size_in_bytes,lib/ocaml/compiler-libs/flambda2_identifiers__Slot.cmi,79489
2026-07-28T18:02:55Z,a160052ab46b811cc9a9b6484c69f255fe82d9d6,6342,size_in_bytes,lib/ocaml/compiler-libs/flambda2_terms__Coeffects.cmi,7669
2026-07-28T18:02:55Z,a160052ab46b811cc9a9b6484c69f255fe82d9d6,6342,size_in_bytes,lib/ocaml/compiler-libs/flambda2_from_lambda.cmi,1499
2026-07-28T18:02:55Z,a160052ab46b811cc9a9b6484c69f255fe82d9d6,6342,size_in_bytes,lib/ocaml/compiler-libs/flambda2_datalog__Datalog_imports.cmi,7237
2026-07-28T18:02:55Z,a160052ab46b811cc9a9b6484c69f255fe82d9d6,6342,size_in_bytes,lib/ocaml/compiler-libs/linear_format.cmi,12560
2026-07-28T18:02:55Z,a160052ab46b811cc9a9b6484c69f255fe82d9d6,6342,size_in_bytes,lib/ocaml/compiler-libs/switch.cmi,13023
2026-07-28T18:02:55Z,a160052ab46b811cc9a9b6484c69f255fe82d9d6,6342,size_in_bytes,lib/ocaml/compiler-libs/flambda2_terms__Removed_operations.cmi,9909
2026-07-28T18:02:55Z,a160052ab46b811cc9a9b6484c69f255fe82d9d6,6342,size_in_bytes,lib/ocaml/compiler-libs/stack_class.cmi,16934
2026-07-28T18:02:55Z,a160052ab46b811cc9a9b6484c69f255fe82d9d6,6342,size_in_bytes,lib/ocaml/compiler-libs/stypes.cmi,4639
2026-07-28T18:02:55Z,a160052ab46b811cc9a9b6484c69f255fe82d9d6,6342,size_in_bytes,lib/ocaml/compiler-libs/cfg_polling.cmi,11011
2026-07-28T18:02:55Z,a160052ab46b811cc9a9b6484c69f255fe82d9d6,6342,size_in_bytes,lib/ocaml/compiler-libs/flambda2_terms__Placement.cmi,7430
2026-07-28T18:02:55Z,a160052ab46b811cc9a9b6484c69f255fe82d9d6,6342,size_in_bytes,lib/ocaml/compiler-libs/syntaxerr.cmi,4676
2026-07-28T18:02:55Z,a160052ab46b811cc9a9b6484c69f255fe82d9d6,6342,size_in_bytes,lib/ocaml/compiler-libs/flambda2_terms__Inlining_arguments.cmi,10178
2026-07-28T18:02:55Z,a160052ab46b811cc9a9b6484c69f255fe82d9d6,6342,size_in_bytes,lib/ocaml/compiler-libs/flambda2_identifiers__Flambda_debug_uid.cmi,57902
2026-07-28T18:02:55Z,a160052ab46b811cc9a9b6484c69f255fe82d9d6,6342,size_in_bytes,lib/ocaml/compiler-libs/flambda2_terms__Effects.cmi,7849
2026-07-28T18:02:55Z,a160052ab46b811cc9a9b6484c69f255fe82d9d6,6342,size_in_bytes,lib/ocaml/compiler-libs/flambda2_nominal__Name_occurrences.cmi,30042
2026-07-28T18:02:55Z,a160052ab46b811cc9a9b6484c69f255fe82d9d6,6342,size_in_bytes,lib/ocaml/compiler-libs/arm64_binary_emitter__Load_store_helpers.cmi,14576
2026-07-28T18:02:55Z,a160052ab46b811cc9a9b6484c69f255fe82d9d6,6342,size_in_bytes,lib/ocaml/compiler-libs/flambda2_term_basics__Simple.cmi,190921
2026-07-28T18:02:55Z,a160052ab46b811cc9a9b6484c69f255fe82d9d6,6342,size_in_bytes,lib/ocaml/compiler-libs/cmx_format.cmi,19730
2026-07-28T18:02:55Z,a160052ab46b811cc9a9b6484c69f255fe82d9d6,6342,size_in_bytes,lib/ocaml/compiler-libs/flambda2_term_basics__String_info.cmi,58136
2026-07-28T18:02:55Z,a160052ab46b811cc9a9b6484c69f255fe82d9d6,6342,size_in_bytes,lib/ocaml/compiler-libs/flambda2_bound_identifiers__Bound_continuation.cmi,7171
2026-07-28T18:02:55Z,a160052ab46b811cc9a9b6484c69f255fe82d9d6,6342,size_in_bytes,lib/ocaml/compiler-libs/flambda2_to_cmm__To_cmm.cmi,9818
2026-07-28T18:02:55Z,a160052ab46b811cc9a9b6484c69f255fe82d9d6,6342,size_in_bytes,lib/ocaml/compiler-libs/predef.cmi,40832
2026-07-28T18:02:55Z,a160052ab46b811cc9a9b6484c69f255fe82d9d6,6342,size_in_bytes,lib/ocaml/compiler-libs/flambda2_datalog__Datalog.cmi,11867
2026-07-28T18:02:55Z,a160052ab46b811cc9a9b6484c69f255fe82d9d6,6342,size_in_bytes,lib/ocaml/compiler-libs/pparse.cmi,7550
2026-07-28T18:02:55Z,a160052ab46b811cc9a9b6484c69f255fe82d9d6,6342,size_in_bytes,lib/ocaml/compiler-libs/dwarf_compilation_unit.cmi,5118
2026-07-28T18:02:55Z,a160052ab46b811cc9a9b6484c69f255fe82d9d6,6342,size_in_bytes,lib/ocaml/compiler-libs/cfg_cse.cmi,10488
2026-07-28T18:02:55Z,a160052ab46b811cc9a9b6484c69f255fe82d9d6,6342,size_in_bytes,lib/ocaml/compiler-libs/cfg_comballoc.cmi,10264
2026-07-28T18:02:55Z,a160052ab46b811cc9a9b6484c69f255fe82d9d6,6342,size_in_bytes,lib/ocaml/compiler-libs/dwarf_low__Dwarf_value.cmi,17321
2026-07-28T18:02:55Z,a160052ab46b811cc9a9b6484c69f255fe82d9d6,6342,size_in_bytes,lib/ocaml/compiler-libs/dwarf_type.cmi,6205
2026-07-28T18:02:55Z,a160052ab46b811cc9a9b6484c69f255fe82d9d6,6342,size_in_bytes,lib/ocaml/compiler-libs/arm64_binary_emitter__For_jit.cmi,9601
2026-07-28T18:02:55Z,a160052ab46b811cc9a9b6484c69f255fe82d9d6,6342,size_in_bytes,lib/ocaml/compiler-libs/flambda2_nominal__Num_occurrences.cmi,1295
2026-07-28T18:02:55Z,a160052ab46b811cc9a9b6484c69f255fe82d9d6,6342,size_in_bytes,lib/ocaml/compiler-libs/cmxs_format.cmi,2910
2026-07-28T18:02:55Z,a160052ab46b811cc9a9b6484c69f255fe82d9d6,6342,size_in_bytes,lib/ocaml/compiler-libs/dsl_helpers.cmi,229
2026-07-28T18:02:55Z,a160052ab46b811cc9a9b6484c69f255fe82d9d6,6342,size_in_bytes,lib/ocaml/compiler-libs/uniqueness_analysis.cmi,10143
2026-07-28T18:02:55Z,a160052ab46b811cc9a9b6484c69f255fe82d9d6,6342,size_in_bytes,lib/ocaml/compiler-libs/typeclass.cmi,19477
2026-07-28T18:02:55Z,a160052ab46b811cc9a9b6484c69f255fe82d9d6,6342,size_in_bytes,lib/ocaml/compiler-libs/flambda2_terms__Flambda.cmi,123780
2026-07-28T18:02:55Z,a160052ab46b811cc9a9b6484c69f255fe82d9d6,6342,size_in_bytes,lib/ocaml/compiler-libs/axis_lattice.cmi,9891
2026-07-28T18:02:55Z,a160052ab46b811cc9a9b6484c69f255fe82d9d6,6342,size_in_bytes,lib/ocaml/compiler-libs/priority_queue.cmi,8160
2026-07-28T18:02:55Z,a160052ab46b811cc9a9b6484c69f255fe82d9d6,6342,size_in_bytes,lib/ocaml/compiler-libs/flambda2_algorithms__Container_types.cmi,139261
2026-07-28T18:02:55Z,a160052ab46b811cc9a9b6484c69f255fe82d9d6,6342,size_in_bytes,lib/ocaml/compiler-libs/dwarf_low__Inline_code.cmi,1807
2026-07-28T18:02:55Z,a160052ab46b811cc9a9b6484c69f255fe82d9d6,6342,size_in_bytes,lib/ocaml/compiler-libs/pprintast.cmi,11881
2026-07-28T18:02:55Z,a160052ab46b811cc9a9b6484c69f255fe82d9d6,6342,size_in_bytes,lib/ocaml/compiler-libs/flambda2_terms__Inlined_attribute.cmi,9280
2026-07-28T18:02:55Z,a160052ab46b811cc9a9b6484c69f255fe82d9d6,6342,size_in_bytes,lib/ocaml/compiler-libs/flambda2_nominal__Contains_ids.cmi,4875
2026-07-28T18:02:55Z,a160052ab46b811cc9a9b6484c69f255fe82d9d6,6342,size_in_bytes,lib/ocaml/compiler-libs/makedepend.cmi,675
2026-07-28T18:02:55Z,a160052ab46b811cc9a9b6484c69f255fe82d9d6,6342,size_in_bytes,lib/ocaml/compiler-libs/ident.cmi,65253
2026-07-28T18:02:55Z,a160052ab46b811cc9a9b6484c69f255fe82d9d6,6342,size_in_bytes,lib/ocaml/compiler-libs/flambda2_reaper__Traverse_env.cmi,12608
2026-07-28T18:02:55Z,a160052ab46b811cc9a9b6484c69f255fe82d9d6,6342,size_in_bytes,lib/ocaml/compiler-libs/config.cmi,16040
2026-07-28T18:02:55Z,a160052ab46b811cc9a9b6484c69f255fe82d9d6,6342,size_in_bytes,lib/ocaml/compiler-libs/x86_peephole_optimize.cmi,1640
2026-07-28T18:02:55Z,a160052ab46b811cc9a9b6484c69f255fe82d9d6,6342,size_in_bytes,lib/ocaml/compiler-libs/llvm_ir.cmi,125416
2026-07-28T18:02:55Z,a160052ab46b811cc9a9b6484c69f255fe82d9d6,6342,size_in_bytes,lib/ocaml/compiler-libs/flambda2_to_jsir__To_jsir_set_of_closures.cmi,9074
2026-07-28T18:02:55Z,a160052ab46b811cc9a9b6484c69f255fe82d9d6,6342,size_in_bytes,lib/ocaml/compiler-libs/flambda2_simplify__Simplified_named.cmi,14593
2026-07-28T18:02:55Z,a160052ab46b811cc9a9b6484c69f255fe82d9d6,6342,size_in_bytes,lib/ocaml/compiler-libs/vectorize_specific.cmi,10392
2026-07-28T18:02:55Z,a160052ab46b811cc9a9b6484c69f255fe82d9d6,6342,size_in_bytes,lib/ocaml/compiler-libs/reg_with_debug_info.cmi,52247
2026-07-28T18:02:55Z,a160052ab46b811cc9a9b6484c69f255fe82d9d6,6342,size_in_bytes,lib/ocaml/compiler-libs/file_sections.cmi,3631
2026-07-28T18:02:55Z,a160052ab46b811cc9a9b6484c69f255fe82d9d6,6342,size_in_bytes,lib/ocaml/compiler-libs/optlink.cmi,14664
2026-07-28T18:02:55Z,a160052ab46b811cc9a9b6484c69f255fe82d9d6,6342,size_in_bytes,lib/ocaml/compiler-libs/flambda2_parser__Flambda_lex.cmi,8345
2026-07-28T18:02:55Z,a160052ab46b811cc9a9b6484c69f255fe82d9d6,6342,size_in_bytes,lib/ocaml/compiler-libs/cfg_stack_checks.cmi,10277
2026-07-28T18:02:55Z,a160052ab46b811cc9a9b6484c69f255fe82d9d6,6342,size_in_bytes,lib/ocaml/compiler-libs/string_table.cmi,1799
2026-07-28T18:02:55Z,a160052ab46b811cc9a9b6484c69f255fe82d9d6,6342,size_in_bytes,lib/ocaml/compiler-libs/flambda2_types__Aliases.cmi,14426
2026-07-28T18:02:55Z,a160052ab46b811cc9a9b6484c69f255fe82d9d6,6342,size_in_bytes,lib/ocaml/compiler-libs/flambda2_datalog__Value.cmi,2619
2026-07-28T18:02:55Z,a160052ab46b811cc9a9b6484c69f255fe82d9d6,6342,size_in_bytes,lib/ocaml/compiler-libs/flambda2_types__Cached_level.cmi,12206
2026-07-28T18:02:55Z,a160052ab46b811cc9a9b6484c69f255fe82d9d6,6342,size_in_bytes,lib/ocaml/compiler-libs/slambda_fracture.cmi,2901
2026-07-28T18:02:55Z,a160052ab46b811cc9a9b6484c69f255fe82d9d6,6342,size_in_bytes,lib/ocaml/compiler-libs/translmod.cmi,7930
2026-07-28T18:02:55Z,a160052ab46b811cc9a9b6484c69f255fe82d9d6,6342,size_in_bytes,lib/ocaml/compiler-libs/dwarf_high__Operator_builder.cmi,5884
2026-07-28T18:02:55Z,a160052ab46b811cc9a9b6484c69f255fe82d9d6,6342,size_in_bytes,lib/ocaml/compiler-libs/outcometree.cmi,27269
2026-07-28T18:02:55Z,a160052ab46b811cc9a9b6484c69f255fe82d9d6,6342,size_in_bytes,lib/ocaml/compiler-libs/asmlink.cmi,11951
2026-07-28T18:02:55Z,a160052ab46b811cc9a9b6484c69f255fe82d9d6,6342,size_in_bytes,lib/ocaml/compiler-libs/topstart.cmi,223
2026-07-28T18:02:55Z,a160052ab46b811cc9a9b6484c69f255fe82d9d6,6342,size_in_bytes,lib/ocaml/compiler-libs/flambda2_nominal__Contains_names.cmi,5682
2026-07-28T18:02:55Z,a160052ab46b811cc9a9b6484c69f255fe82d9d6,6342,size_in_bytes,lib/ocaml/compiler-libs/flambda2_simplify__Upwards_env.cmi,16015
2026-07-28T18:02:55Z,a160052ab46b811cc9a9b6484c69f255fe82d9d6,6342,size_in_bytes,lib/ocaml/compiler-libs/strongly_connected_components.cmi,10306
2026-07-28T18:02:55Z,a160052ab46b811cc9a9b6484c69f255fe82d9d6,6342,size_in_bytes,lib/ocaml/compiler-libs/flambda2_to_cmm__To_cmm_set_of_closures.cmi,13485
2026-07-28T18:02:55Z,a160052ab46b811cc9a9b6484c69f255fe82d9d6,6342,size_in_bytes,lib/ocaml/compiler-libs/trace.cmi,5698
2026-07-28T18:02:55Z,a160052ab46b811cc9a9b6484c69f255fe82d9d6,6342,size_in_bytes,lib/ocaml/compiler-libs/stack_check.cmi,10207
2026-07-28T18:02:55Z,a160052ab46b811cc9a9b6484c69f255fe82d9d6,6342,size_in_bytes,lib/ocaml/compiler-libs/llvmize.cmi,12128
2026-07-28T18:02:55Z,a160052ab46b811cc9a9b6484c69f255fe82d9d6,6342,size_in_bytes,lib/ocaml/compiler-libs/misc.cmi,216660
2026-07-28T18:02:55Z,a160052ab46b811cc9a9b6484c69f255fe82d9d6,6342,size_in_bytes,lib/ocaml/compiler-libs/flambda2_reaper__Traverse.cmi,15832
2026-07-28T18:02:55Z,a160052ab46b811cc9a9b6484c69f255fe82d9d6,6342,size_in_bytes,lib/ocaml/compiler-libs/x86_peephole_rules.cmi,2654
2026-07-28T18:02:55Z,a160052ab46b811cc9a9b6484c69f255fe82d9d6,6342,size_in_bytes,lib/ocaml/compiler-libs/profile.cmi,7952
2026-07-28T18:02:55Z,a160052ab46b811cc9a9b6484c69f255fe82d9d6,6342,size_in_bytes,lib/ocaml/compiler-libs/vicuna_value_shapes.cmi,3492
2026-07-28T18:02:55Z,a160052ab46b811cc9a9b6484c69f255fe82d9d6,6342,size_in_bytes,lib/ocaml/compiler-libs/slambdaident.cmi,54827
2026-07-28T18:02:55Z,a160052ab46b811cc9a9b6484c69f255fe82d9d6,6342,size_in_bytes,lib/ocaml/compiler-libs/partition_object_files.cmi,2375
2026-07-28T18:02:55Z,a160052ab46b811cc9a9b6484c69f255fe82d9d6,6342,size_in_bytes,lib/ocaml/compiler-libs/build_linker_args.cmi,2184
2026-07-28T18:02:55Z,a160052ab46b811cc9a9b6484c69f255fe82d9d6,6342,size_in_bytes,lib/ocaml/compiler-libs/flambda2_terms__Cost_metrics.cmi,12202
2026-07-28T18:02:55Z,a160052ab46b811cc9a9b6484c69f255fe82d9d6,6342,size_in_bytes,lib/ocaml/compiler-libs/linkage_name.cmi,53935
2026-07-28T18:02:55Z,a160052ab46b811cc9a9b6484c69f255fe82d9d6,6342,size_in_bytes,lib/ocaml/compiler-libs/regalloc_gi_state.cmi,14519
2026-07-28T18:02:55Z,a160052ab46b811cc9a9b6484c69f255fe82d9d6,6342,size_in_bytes,lib/ocaml/compiler-libs/flambda2_simplify_shared__Inlining_helpers.cmi,15169
2026-07-28T18:02:55Z,a160052ab46b811cc9a9b6484c69f255fe82d9d6,6342,size_in_bytes,lib/ocaml/compiler-libs/arm64_binary_emitter__Encode_directive.cmi,3720
2026-07-28T18:02:55Z,a160052ab46b811cc9a9b6484c69f255fe82d9d6,6342,size_in_bytes,lib/ocaml/compiler-libs/translobj.cmi,6043
2026-07-28T18:02:55Z,a160052ab46b811cc9a9b6484c69f255fe82d9d6,6342,size_in_bytes,lib/ocaml/compiler-libs/binary_emitter_helpers.cmi,1820
2026-07-28T18:02:55Z,a160052ab46b811cc9a9b6484c69f255fe82d9d6,6342,size_in_bytes,lib/ocaml/compiler-libs/flambda2_identifiers__Apply_cont_rewrite_id.cmi,57012
2026-07-28T18:02:55Z,a160052ab46b811cc9a9b6484c69f255fe82d9d6,6342,size_in_bytes,lib/ocaml/compiler-libs/translattribute.cmi,6574
2026-07-28T18:02:55Z,a160052ab46b811cc9a9b6484c69f255fe82d9d6,6342,size_in_bytes,lib/ocaml/compiler-libs/peephole_utils.cmi,14726
2026-07-28T18:02:55Z,a160052ab46b811cc9a9b6484c69f255fe82d9d6,6342,size_in_bytes,lib/ocaml/compiler-libs/dwarf_low__Location_list_entry.cmi,3778
2026-07-28T18:02:55Z,a160052ab46b811cc9a9b6484c69f255fe82d9d6,6342,size_in_bytes,lib/ocaml/compiler-libs/flambda2_term_basics__Rec_info_expr.cmi,10504
2026-07-28T18:02:55Z,a160052ab46b811cc9a9b6484c69f255fe82d9d6,6342,size_in_bytes,lib/ocaml/compiler-libs/dwarf_low__Range_list.cmi,2975
2026-07-28T18:02:55Z,a160052ab46b811cc9a9b6484c69f255fe82d9d6,6342,size_in_bytes,lib/ocaml/compiler-libs/dwarf_high__Proto_die.cmi,8548
2026-07-28T18:02:55Z,a160052ab46b811cc9a9b6484c69f255fe82d9d6,6342,size_in_bytes,lib/ocaml/compiler-libs/flambda2_simplify__Comparison_result.cmi,8221
2026-07-28T18:02:55Z,a160052ab46b811cc9a9b6484c69f255fe82d9d6,6342,size_in_bytes,lib/ocaml/compiler-libs/transl_comprehension_utils.cmi,20746
2026-07-28T18:02:55Z,a160052ab46b811cc9a9b6484c69f255fe82d9d6,6342,size_in_bytes,lib/ocaml/compiler-libs/typedecl_separability.cmi,4240
2026-07-28T18:02:55Z,a160052ab46b811cc9a9b6484c69f255fe82d9d6,6342,size_in_bytes,lib/ocaml/compiler-libs/flambda2_simplify__Lifted_constant_state.cmi,13791
2026-07-28T18:02:55Z,a160052ab46b811cc9a9b6484c69f255fe82d9d6,6342,size_in_bytes,lib/ocaml/compiler-libs/iplt.cmi,5025
2026-07-28T18:02:55Z,a160052ab46b811cc9a9b6484c69f255fe82d9d6,6342,size_in_bytes,lib/ocaml/compiler-libs/mode_hint.cmi,15478
2026-07-28T18:02:55Z,a160052ab46b811cc9a9b6484c69f255fe82d9d6,6342,size_in_bytes,lib/ocaml/compiler-libs/printast_with_mappings.cmi,3538
2026-07-28T18:02:55Z,a160052ab46b811cc9a9b6484c69f255fe82d9d6,6342,size_in_bytes,lib/ocaml/compiler-libs/flambda2_terms__Function_declarations.cmi,11163
2026-07-28T18:02:55Z,a160052ab46b811cc9a9b6484c69f255fe82d9d6,6342,size_in_bytes,lib/ocaml/compiler-libs/flambda2_simplify__Simplify_set_of_closures_context.cmi,15914
2026-07-28T18:02:55Z,a160052ab46b811cc9a9b6484c69f255fe82d9d6,6342,size_in_bytes,lib/ocaml/compiler-libs/translmode.cmi,4975
2026-07-28T18:02:55Z,a160052ab46b811cc9a9b6484c69f255fe82d9d6,6342,size_in_bytes,lib/ocaml/compiler-libs/slambdaeval.cmi,5398
2026-07-28T18:02:55Z,a160052ab46b811cc9a9b6484c69f255fe82d9d6,6342,size_in_bytes,lib/ocaml/compiler-libs/flambda2_terms__Expr_std.cmi,8417
2026-07-28T18:02:55Z,a160052ab46b811cc9a9b6484c69f255fe82d9d6,6342,size_in_bytes,lib/ocaml/compiler-libs/flambda2_simplify__Rebuilt_static_const.cmi,31129
2026-07-28T18:02:55Z,a160052ab46b811cc9a9b6484c69f255fe82d9d6,6342,size_in_bytes,lib/ocaml/compiler-libs/flambda2_classic_mode_types__Value_approximation.cmi,8021
2026-07-28T18:02:55Z,a160052ab46b811cc9a9b6484c69f255fe82d9d6,6342,size_in_bytes,lib/ocaml/compiler-libs/is_parameter.cmi,53809
2026-07-28T18:02:55Z,a160052ab46b811cc9a9b6484c69f255fe82d9d6,6342,size_in_bytes,lib/ocaml/compiler-libs/flambda2_simplify__Simplify_apply_cont_expr.cmi,11397
2026-07-28T18:02:55Z,a160052ab46b811cc9a9b6484c69f255fe82d9d6,6342,size_in_bytes,lib/ocaml/compiler-libs/flambda2_types__Join_env.cmi,16413
2026-07-28T18:02:55Z,a160052ab46b811cc9a9b6484c69f255fe82d9d6,6342,size_in_bytes,lib/ocaml/compiler-libs/dwarf_low__Abbreviation_code.cmi,2976
2026-07-28T18:02:55Z,a160052ab46b811cc9a9b6484c69f255fe82d9d6,6342,size_in_bytes,lib/ocaml/compiler-libs/translprim.cmi,9792
2026-07-28T18:02:55Z,a160052ab46b811cc9a9b6484c69f255fe82d9d6,6342,size_in_bytes,lib/ocaml/compiler-libs/regalloc_invariants.cmi,10948
2026-07-28T18:02:55Z,a160052ab46b811cc9a9b6484c69f255fe82d9d6,6342,size_in_bytes,lib/ocaml/compiler-libs/debuginfo.cmi,18606
2026-07-28T18:02:55Z,a160052ab46b811cc9a9b6484c69f255fe82d9d6,6342,size_in_bytes,lib/ocaml/compiler-libs/flambda2_reaper__Rebuilt_expr.cmi,14131
2026-07-28T18:02:55Z,a160052ab46b811cc9a9b6484c69f255fe82d9d6,6342,size_in_bytes,lib/ocaml/compiler-libs/flambda2_simplify__Non_constructed_code.cmi,16911
2026-07-28T18:02:55Z,a160052ab46b811cc9a9b6484c69f255fe82d9d6,6342,size_in_bytes,lib/ocaml/compiler-libs/flambda2_terms__Result_types.cmi,9361
2026-07-28T18:02:55Z,a160052ab46b811cc9a9b6484c69f255fe82d9d6,6342,size_in_bytes,lib/ocaml/compiler-libs/flambda2_parser__Flambda_to_fexpr.cmi,8930
2026-07-28T18:02:55Z,a160052ab46b811cc9a9b6484c69f255fe82d9d6,6342,size_in_bytes,lib/ocaml/compiler-libs/cmmgen_state.cmi,15080
2026-07-28T18:02:55Z,a160052ab46b811cc9a9b6484c69f255fe82d9d6,6342,size_in_bytes,lib/ocaml/compiler-libs/flambda2_simplify__Simplify_static_const.cmi,11945
2026-07-28T18:02:55Z,a160052ab46b811cc9a9b6484c69f255fe82d9d6,6342,size_in_bytes,lib/ocaml/compiler-libs/transl_list_comprehension.cmi,3620
2026-07-28T18:02:55Z,a160052ab46b811cc9a9b6484c69f255fe82d9d6,6342,size_in_bytes,lib/ocaml/compiler-libs/arg_helper.cmi,24940
2026-07-28T18:02:55Z,a160052ab46b811cc9a9b6484c69f255fe82d9d6,6342,size_in_bytes,lib/ocaml/compiler-libs/flambda2_identifiers__Coercion0.cmi,7644
2026-07-28T18:02:55Z,a160052ab46b811cc9a9b6484c69f255fe82d9d6,6342,size_in_bytes,lib/ocaml/compiler-libs/compile_common.cmi,10199
2026-07-28T18:02:55Z,a160052ab46b811cc9a9b6484c69f255fe82d9d6,6342,size_in_bytes,lib/ocaml/compiler-libs/reg_availability_set.cmi,12992
2026-07-28T18:02:55Z,a160052ab46b811cc9a9b6484c69f255fe82d9d6,6342,size_in_bytes,lib/ocaml/compiler-libs/flambda2_numbers__Numeric_types.cmi,819934
2026-07-28T18:02:55Z,a160052ab46b811cc9a9b6484c69f255fe82d9d6,6342,size_in_bytes,lib/ocaml/compiler-libs/cfg_deadcode.cmi,10452
2026-07-28T18:02:55Z,a160052ab46b811cc9a9b6484c69f255fe82d9d6,6342,size_in_bytes,lib/ocaml/compiler-libs/flambda2_numbers__Vector_types.cmi,184515
2026-07-28T18:02:55Z,a160052ab46b811cc9a9b6484c69f255fe82d9d6,6342,size_in_bytes,lib/ocaml/compiler-libs/data_types.cmi,11415
2026-07-28T18:02:55Z,a160052ab46b811cc9a9b6484c69f255fe82d9d6,6342,size_in_bytes,lib/ocaml/compiler-libs/flambda2_simplify__Simplify_import.cmi,12857
2026-07-28T18:02:55Z,a160052ab46b811cc9a9b6484c69f255fe82d9d6,6342,size_in_bytes,lib/ocaml/compiler-libs/parmatch.cmi,12139
2026-07-28T18:02:55Z,a160052ab46b811cc9a9b6484c69f255fe82d9d6,6342,size_in_bytes,lib/ocaml/compiler-libs/simplif.cmi,4639
2026-07-28T18:02:55Z,a160052ab46b811cc9a9b6484c69f255fe82d9d6,6342,size_in_bytes,lib/ocaml/compiler-libs/flambda2_lattices__Or_bottom.cmi,5034
2026-07-28T18:02:55Z,a160052ab46b811cc9a9b6484c69f255fe82d9d6,6342,size_in_bytes,lib/ocaml/compiler-libs/flambda2_identifiers.cmi,2801
2026-07-28T18:02:55Z,a160052ab46b811cc9a9b6484c69f255fe82d9d6,6342,size_in_bytes,lib/ocaml/compiler-libs/domainstate.cmi,5941
2026-07-28T18:02:55Z,a160052ab46b811cc9a9b6484c69f255fe82d9d6,6342,size_in_bytes,lib/ocaml/compiler-libs/flambda2_to_cmm__To_cmm_effects.cmi,12266
2026-07-28T18:02:55Z,a160052ab46b811cc9a9b6484c69f255fe82d9d6,6342,size_in_bytes,lib/ocaml/compiler-libs/diffing.cmi,9284
2026-07-28T18:02:55Z,a160052ab46b811cc9a9b6484c69f255fe82d9d6,6342,size_in_bytes,lib/ocaml/compiler-libs/warnings.cmi,20713
2026-07-28T18:02:55Z,a160052ab46b811cc9a9b6484c69f255fe82d9d6,6342,size_in_bytes,lib/ocaml/compiler-libs/global_module.cmi,171096
2026-07-28T18:02:55Z,a160052ab46b811cc9a9b6484c69f255fe82d9d6,6342,size_in_bytes,lib/ocaml/compiler-libs/flambda2_reaper__Dot_printer.cmi,12585
2026-07-28T18:02:55Z,a160052ab46b811cc9a9b6484c69f255fe82d9d6,6342,size_in_bytes,lib/ocaml/compiler-libs/flambda2_nominal__Ids_for_export.cmi,11085
2026-07-28T18:02:55Z,a160052ab46b811cc9a9b6484c69f255fe82d9d6,6342,size_in_bytes,lib/ocaml/compiler-libs/flambda2_datalog__.cmi,1695
2026-07-28T18:02:55Z,a160052ab46b811cc9a9b6484c69f255fe82d9d6,6342,size_in_bytes,lib/ocaml/compiler-libs/jkind_intf.cmi,35311
2026-07-28T18:02:55Z,a160052ab46b811cc9a9b6484c69f255fe82d9d6,6342,size_in_bytes,lib/ocaml/compiler-libs/flambda2_terms__Zero_alloc_attribute.cmi,8310
2026-07-28T18:02:55Z,a160052ab46b811cc9a9b6484c69f255fe82d9d6,6342,size_in_bytes,lib/ocaml/compiler-libs/flambda2_nominal__Permutation.cmi,3592
2026-07-28T18:02:55Z,a160052ab46b811cc9a9b6484c69f255fe82d9d6,6342,size_in_bytes,lib/ocaml/compiler-libs/dwarf_abstract_instances.cmi,5943
2026-07-28T18:02:55Z,a160052ab46b811cc9a9b6484c69f255fe82d9d6,6342,size_in_bytes,lib/ocaml/compiler-libs/dll.cmi,3353
2026-07-28T18:02:55Z,a160052ab46b811cc9a9b6484c69f255fe82d9d6,6342,size_in_bytes,lib/ocaml/compiler-libs/flambda2_simplify__Simplify.cmi,11262
2026-07-28T18:02:55Z,a160052ab46b811cc9a9b6484c69f255fe82d9d6,6342,size_in_bytes,lib/ocaml/compiler-libs/regalloc_gi.cmi,10719
2026-07-28T18:02:55Z,a160052ab46b811cc9a9b6484c69f255fe82d9d6,6342,size_in_bytes,lib/ocaml/compiler-libs/flambda2_terms__Flambda_primitive.cmi,183450
2026-07-28T18:02:55Z,a160052ab46b811cc9a9b6484c69f255fe82d9d6,6342,size_in_bytes,lib/ocaml/compiler-libs/arm64_binary_emitter__Shift_immh_immb_helpers.cmi,2285
2026-07-28T18:02:55Z,a160052ab46b811cc9a9b6484c69f255fe82d9d6,6342,size_in_bytes,lib/ocaml/compiler-libs/flambda2_terms__Apply_expr.cmi,74653
2026-07-28T18:02:55Z,a160052ab46b811cc9a9b6484c69f255fe82d9d6,6342,size_in_bytes,lib/ocaml/compiler-libs/path.cmi,49742
2026-07-28T18:02:55Z,a160052ab46b811cc9a9b6484c69f255fe82d9d6,6342,size_in_bytes,lib/ocaml/compiler-libs/asm_targets__Asm_symbol.cmi,61135
2026-07-28T18:02:55Z,a160052ab46b811cc9a9b6484c69f255fe82d9d6,6342,size_in_bytes,lib/ocaml/compiler-libs/flambda2_simplify__Common_subexpression_elimination.cmi,12734
2026-07-28T18:02:55Z,a160052ab46b811cc9a9b6484c69f255fe82d9d6,6342,size_in_bytes,lib/ocaml/compiler-libs/regs_utils.cmi,69850
2026-07-28T18:02:55Z,a160052ab46b811cc9a9b6484c69f255fe82d9d6,6342,size_in_bytes,lib/ocaml/compiler-libs/regalloc_validate.cmi,12124
2026-07-28T18:02:55Z,a160052ab46b811cc9a9b6484c69f255fe82d9d6,6342,size_in_bytes,lib/ocaml/compiler-libs/arm64_binary_emitter__Nop_helpers.cmi,612
2026-07-28T18:02:55Z,a160052ab46b811cc9a9b6484c69f255fe82d9d6,6342,size_in_bytes,lib/ocaml/compiler-libs/oxcaml_args.cmi,222064
2026-07-28T18:02:55Z,a160052ab46b811cc9a9b6484c69f255fe82d9d6,6342,size_in_bytes,lib/ocaml/compiler-libs/compute_ranges.cmi,16125
2026-07-28T18:02:55Z,a160052ab46b811cc9a9b6484c69f255fe82d9d6,6342,size_in_bytes,lib/ocaml/compiler-libs/flambda2_cmx.cmi,600
2026-07-28T18:02:55Z,a160052ab46b811cc9a9b6484c69f255fe82d9d6,6342,size_in_bytes,lib/ocaml/compiler-libs/type_shape.cmi,9346
2026-07-28T18:02:55Z,a160052ab46b811cc9a9b6484c69f255fe82d9d6,6342,size_in_bytes,lib/ocaml/compiler-libs/zero_alloc.cmi,6031
2026-07-28T18:02:55Z,a160052ab46b811cc9a9b6484c69f255fe82d9d6,6342,size_in_bytes,lib/ocaml/compiler-libs/complex_shape.cmi,7122
2026-07-28T18:02:55Z,a160052ab46b811cc9a9b6484c69f255fe82d9d6,6342,size_in_bytes,lib/ocaml/compiler-libs/binary_emitter_verify.cmi,4869
2026-07-28T18:02:55Z,a160052ab46b811cc9a9b6484c69f255fe82d9d6,6342,size_in_bytes,lib/ocaml/compiler-libs/flambda2_terms__Mutability.cmi,8159
2026-07-28T18:02:55Z,a160052ab46b811cc9a9b6484c69f255fe82d9d6,6342,size_in_bytes,lib/ocaml/compiler-libs/cfg_to_linear_desc.cmi,10192
2026-07-28T18:02:55Z,a160052ab46b811cc9a9b6484c69f255fe82d9d6,6342,size_in_bytes,lib/ocaml/compiler-libs/typedtree.cmi,155897
2026-07-28T18:02:55Z,a160052ab46b811cc9a9b6484c69f255fe82d9d6,6342,size_in_bytes,lib/ocaml/compiler-libs/opttoploop.cmi,24177
2026-07-28T18:02:55Z,a160052ab46b811cc9a9b6484c69f255fe82d9d6,6342,size_in_bytes,lib/ocaml/compiler-libs/flambda2_from_lambda__Closure_conversion_aux.cmi,70791
2026-07-28T18:02:55Z,a160052ab46b811cc9a9b6484c69f255fe82d9d6,6342,size_in_bytes,lib/ocaml/compiler-libs/cfg_selection.cmi,23533
2026-07-28T18:02:55Z,a160052ab46b811cc9a9b6484c69f255fe82d9d6,6342,size_in_bytes,lib/ocaml/compiler-libs/current_unit.cmi,4244
2026-07-28T18:02:55Z,a160052ab46b811cc9a9b6484c69f255fe82d9d6,6342,size_in_bytes,lib/ocaml/compiler-libs/flambda2_from_lambda__Closure_conversion.cmi,20608
2026-07-28T18:02:55Z,a160052ab46b811cc9a9b6484c69f255fe82d9d6,6342,size_in_bytes,lib/ocaml/compiler-libs/cfg_loop_infos.cmi,14496
2026-07-28T18:02:55Z,a160052ab46b811cc9a9b6484c69f255fe82d9d6,6342,size_in_bytes,lib/ocaml/compiler-libs/build_path_prefix_map.cmi,3585
2026-07-28T18:02:55Z,a160052ab46b811cc9a9b6484c69f255fe82d9d6,6342,size_in_bytes,lib/ocaml/compiler-libs/flambda2_simplify__Simplify_rec_info_expr.cmi,13830
2026-07-28T18:02:55Z,a160052ab46b811cc9a9b6484c69f255fe82d9d6,6342,size_in_bytes,lib/ocaml/compiler-libs/flambda2_to_cmm__To_cmm_shared.cmi,24934
2026-07-28T18:02:55Z,a160052ab46b811cc9a9b6484c69f255fe82d9d6,6342,size_in_bytes,lib/ocaml/compiler-libs/flambda2_simplify__Lifted_cont_params.cmi,10866
2026-07-28T18:02:55Z,a160052ab46b811cc9a9b6484c69f255fe82d9d6,6342,size_in_bytes,lib/ocaml/compiler-libs/flambda2_algorithms__Channel.cmi,3270
2026-07-28T18:02:55Z,a160052ab46b811cc9a9b6484c69f255fe82d9d6,6342,size_in_bytes,lib/ocaml/compiler-libs/cfg_quick_hash.cmi,11149
2026-07-28T18:02:55Z,a160052ab46b811cc9a9b6484c69f255fe82d9d6,6342,size_in_bytes,lib/ocaml/compiler-libs/jkind_axis.cmi,22769
2026-07-28T18:02:55Z,a160052ab46b811cc9a9b6484c69f255fe82d9d6,6342,size_in_bytes,lib/ocaml/compiler-libs/flambda2_types__Expand_head.cmi,25065
2026-07-28T18:02:55Z,a160052ab46b811cc9a9b6484c69f255fe82d9d6,6342,size_in_bytes,lib/ocaml/compiler-libs/flambda2_terms__Code0.cmi,24820
2026-07-28T18:02:55Z,a160052ab46b811cc9a9b6484c69f255fe82d9d6,6342,size_in_bytes,lib/ocaml/compiler-libs/sub_cfg.cmi,17053
2026-07-28T18:02:55Z,a160052ab46b811cc9a9b6484c69f255fe82d9d6,6342,size_in_bytes,lib/ocaml/compiler-libs/amd64_simd_defs.cmi,12715
2026-07-28T18:02:55Z,a160052ab46b811cc9a9b6484c69f255fe82d9d6,6342,size_in_bytes,lib/ocaml/compiler-libs/dwarf_high__Dwarf_attribute_helpers.cmi,23739
2026-07-28T18:02:55Z,a160052ab46b811cc9a9b6484c69f255fe82d9d6,6342,size_in_bytes,lib/ocaml/compiler-libs/dwarf_low__Dwarf_tag.cmi,6736
2026-07-28T18:02:55Z,a160052ab46b811cc9a9b6484c69f255fe82d9d6,6342,size_in_bytes,lib/ocaml/compiler-libs/flambda2_algorithms.cmi,1333
2026-07-28T18:02:55Z,a160052ab46b811cc9a9b6484c69f255fe82d9d6,6342,size_in_bytes,lib/ocaml/compiler-libs/allowance.cmi,5850
2026-07-28T18:02:55Z,a160052ab46b811cc9a9b6484c69f255fe82d9d6,6342,size_in_bytes,lib/ocaml/compiler-libs/flambda2_term_basics.cmi,2212
2026-07-28T18:02:55Z,a160052ab46b811cc9a9b6484c69f255fe82d9d6,6342,size_in_bytes,lib/ocaml/compiler-libs/arm64_binary_emitter__Adr_helpers.cmi,1864
2026-07-28T18:02:55Z,a160052ab46b811cc9a9b6484c69f255fe82d9d6,6342,size_in_bytes,lib/ocaml/compiler-libs/relocation_entry.cmi,2955
2026-07-28T18:02:55Z,a160052ab46b811cc9a9b6484c69f255fe82d9d6,6342,size_in_bytes,lib/ocaml/compiler-libs/dwarf_low__Initial_length.cmi,2249
2026-07-28T18:02:55Z,a160052ab46b811cc9a9b6484c69f255fe82d9d6,6342,size_in_bytes,lib/ocaml/compiler-libs/simplify_terminator.cmi,10470
2026-07-28T18:02:55Z,a160052ab46b811cc9a9b6484c69f255fe82d9d6,6342,size_in_bytes,lib/ocaml/compiler-libs/dwarf.cmi,15919
2026-07-28T18:02:55Z,a160052ab46b811cc9a9b6484c69f255fe82d9d6,6342,size_in_bytes,lib/ocaml/compiler-libs/flambda2_terms__Code_metadata.cmi,43884
2026-07-28T18:02:55Z,a160052ab46b811cc9a9b6484c69f255fe82d9d6,6342,size_in_bytes,lib/ocaml/compiler-libs/opcodes.cmi,19961
2026-07-28T18:02:55Z,a160052ab46b811cc9a9b6484c69f255fe82d9d6,6342,size_in_bytes,lib/ocaml/compiler-libs/instruct.cmi,20770
2026-07-28T18:02:55Z,a160052ab46b811cc9a9b6484c69f255fe82d9d6,6342,size_in_bytes,lib/ocaml/compiler-libs/flambda2_to_cmm__To_cmm_primitive.cmi,10988
2026-07-28T18:02:55Z,a160052ab46b811cc9a9b6484c69f255fe82d9d6,6342,size_in_bytes,lib/ocaml/compiler-libs/optlibrarian.cmi,17271
2026-07-28T18:02:55Z,a160052ab46b811cc9a9b6484c69f255fe82d9d6,6342,size_in_bytes,lib/ocaml/compiler-libs/dwarf_low__Dwarf_4_range_list.cmi,2818
2026-07-28T18:02:55Z,a160052ab46b811cc9a9b6484c69f255fe82d9d6,6342,size_in_bytes,lib/ocaml/compiler-libs/opt_fuel.cmi,902
2026-07-28T18:02:55Z,a160052ab46b811cc9a9b6484c69f255fe82d9d6,6342,size_in_bytes,lib/ocaml/compiler-libs/flambda2_simplify__Simplify_common.cmi,20168
2026-07-28T18:02:55Z,a160052ab46b811cc9a9b6484c69f255fe82d9d6,6342,size_in_bytes,lib/ocaml/compiler-libs/flambda2_to_jsir.cmi,1228
2026-07-28T18:02:55Z,a160052ab46b811cc9a9b6484c69f255fe82d9d6,6342,size_in_bytes,lib/ocaml/compiler-libs/flambda2_parser__Fexpr_to_flambda_commons.cmi,104078
2026-07-28T18:02:55Z,a160052ab46b811cc9a9b6484c69f255fe82d9d6,6342,size_in_bytes,lib/ocaml/compiler-libs/transl_array_comprehension.cmi,3736
2026-07-28T18:02:55Z,a160052ab46b811cc9a9b6484c69f255fe82d9d6,6342,size_in_bytes,lib/ocaml/compiler-libs/asm_targets__Asm_directives.cmi,40523
2026-07-28T18:02:55Z,a160052ab46b811cc9a9b6484c69f255fe82d9d6,6342,size_in_bytes,lib/ocaml/compiler-libs/flambda2_parser__Print_fexpr.cmi,7896
2026-07-28T18:02:55Z,a160052ab46b811cc9a9b6484c69f255fe82d9d6,6342,size_in_bytes,lib/ocaml/compiler-libs/arm64_ast__Logical_immediates.cmi,1361
2026-07-28T18:02:55Z,a160052ab46b811cc9a9b6484c69f255fe82d9d6,6342,size_in_bytes,lib/ocaml/compiler-libs/flambda2_reaper__Field.cmi,67703
2026-07-28T18:02:55Z,a160052ab46b811cc9a9b6484c69f255fe82d9d6,6342,size_in_bytes,lib/ocaml/compiler-libs/regalloc_stack_slots.cmi,13452
2026-07-28T18:02:55Z,a160052ab46b811cc9a9b6484c69f255fe82d9d6,6342,size_in_bytes,lib/ocaml/compiler-libs/reg.cmi,113536
2026-07-28T18:02:55Z,a160052ab46b811cc9a9b6484c69f255fe82d9d6,6342,size_in_bytes,lib/ocaml/compiler-libs/targetint.cmi,11007
2026-07-28T18:02:55Z,a160052ab46b811cc9a9b6484c69f255fe82d9d6,6342,size_in_bytes,lib/ocaml/compiler-libs/printreg.cmi,13147
2026-07-28T18:02:55Z,a160052ab46b811cc9a9b6484c69f255fe82d9d6,6342,size_in_bytes,lib/ocaml/compiler-libs/cfg_format.cmi,12187
2026-07-28T18:02:55Z,a160052ab46b811cc9a9b6484c69f255fe82d9d6,6342,size_in_bytes,lib/ocaml/compiler-libs/includemod_errorprinter.cmi,3536
2026-07-28T18:02:55Z,a160052ab46b811cc9a9b6484c69f255fe82d9d6,6342,size_in_bytes,lib/ocaml/compiler-libs/flambda2_terms__Call_kind.cmi,18716
2026-07-28T18:02:55Z,a160052ab46b811cc9a9b6484c69f255fe82d9d6,6342,size_in_bytes,lib/ocaml/compiler-libs/arm64_binary_emitter__Section_state.cmi,9357
2026-07-28T18:02:55Z,a160052ab46b811cc9a9b6484c69f255fe82d9d6,6342,size_in_bytes,lib/ocaml/compiler-libs/translcore.cmi,9923
2026-07-28T18:02:55Z,a160052ab46b811cc9a9b6484c69f255fe82d9d6,6342,size_in_bytes,lib/ocaml/compiler-libs/mode_intf.cmi,412580
2026-07-28T18:02:55Z,a160052ab46b811cc9a9b6484c69f255fe82d9d6,6342,size_in_bytes,lib/ocaml/compiler-libs/flambda2.cmi,13460
2026-07-28T18:02:55Z,a160052ab46b811cc9a9b6484c69f255fe82d9d6,6342,size_in_bytes,lib/ocaml/compiler-libs/dwarf_low__Dwarf_attribute_values.cmi,19529
2026-07-28T18:02:55Z,a160052ab46b811cc9a9b6484c69f255fe82d9d6,6342,size_in_bytes,lib/ocaml/compiler-libs/flambda2_to_jsir__To_jsir_result.cmi,8571
2026-07-28T18:02:55Z,a160052ab46b811cc9a9b6484c69f255fe82d9d6,6342,size_in_bytes,lib/ocaml/compiler-libs/regalloc_interf_graph.cmi,21289
2026-07-28T18:02:55Z,a160052ab46b811cc9a9b6484c69f255fe82d9d6,6342,size_in_bytes,lib/ocaml/compiler-libs/cmm_helpers.cmi,180559
2026-07-28T18:02:55Z,a160052ab46b811cc9a9b6484c69f255fe82d9d6,6342,size_in_bytes,lib/ocaml/compiler-libs/flambda2_simplify__Build_unboxing_denv.cmi,10345
2026-07-28T18:02:55Z,a160052ab46b811cc9a9b6484c69f255fe82d9d6,6342,size_in_bytes,lib/ocaml/compiler-libs/flambda2_simplify_shared__Exported_offsets.cmi,9858
2026-07-28T18:02:55Z,a160052ab46b811cc9a9b6484c69f255fe82d9d6,6342,size_in_bytes,lib/ocaml/compiler-libs/dwarf_low__Location_list_table.cmi,4479
2026-07-28T18:02:55Z,a160052ab46b811cc9a9b6484c69f255fe82d9d6,6342,size_in_bytes,lib/ocaml/compiler-libs/flambda2_simplify__Simplify_ternary_primitive.cmi,12305
2026-07-28T18:02:55Z,a160052ab46b811cc9a9b6484c69f255fe82d9d6,6342,size_in_bytes,lib/ocaml/compiler-libs/flambda2_types__Meet_and_n_way_join.cmi,7913
2026-07-28T18:02:55Z,a160052ab46b811cc9a9b6484c69f255fe82d9d6,6342,size_in_bytes,lib/ocaml/compiler-libs/camlinternalMenhirLib.cmi,151857
2026-07-28T18:02:55Z,a160052ab46b811cc9a9b6484c69f255fe82d9d6,6342,size_in_bytes,lib/ocaml/compiler-libs/location.cmi,33651
2026-07-28T18:02:55Z,a160052ab46b811cc9a9b6484c69f255fe82d9d6,6342,size_in_bytes,lib/ocaml/compiler-libs/language_extension_kernel.cmi,2297
2026-07-28T18:02:55Z,a160052ab46b811cc9a9b6484c69f255fe82d9d6,6342,size_in_bytes,lib/ocaml/compiler-libs/terminfo.cmi,1923
2026-07-28T18:02:55Z,a160052ab46b811cc9a9b6484c69f255fe82d9d6,6342,size_in_bytes,lib/ocaml/compiler-libs/flambda2_simplify__Simplify_apply_expr.cmi,11532
2026-07-28T18:02:55Z,a160052ab46b811cc9a9b6484c69f255fe82d9d6,6342,size_in_bytes,lib/ocaml/compiler-libs/runtimedef.cmi,560
2026-07-28T18:02:55Z,a160052ab46b811cc9a9b6484c69f255fe82d9d6,6342,size_in_bytes,lib/ocaml/compiler-libs/cmm_peephole_engine.cmi,15870
2026-07-28T18:02:55Z,a160052ab46b811cc9a9b6484c69f255fe82d9d6,6342,size_in_bytes,lib/ocaml/compiler-libs/cfg_colours.cmi,2698
2026-07-28T18:02:55Z,a160052ab46b811cc9a9b6484c69f255fe82d9d6,6342,size_in_bytes,lib/ocaml/compiler-libs/x86_masm.cmi,1559
2026-07-28T18:02:55Z,a160052ab46b811cc9a9b6484c69f255fe82d9d6,6342,size_in_bytes,lib/ocaml/compiler-libs/flambda2_import.cmi,367
2026-07-28T18:02:55Z,a160052ab46b811cc9a9b6484c69f255fe82d9d6,6342,size_in_bytes,lib/ocaml/compiler-libs/dwarf_low__Dwarf_language.cmi,3396
2026-07-28T18:02:55Z,a160052ab46b811cc9a9b6484c69f255fe82d9d6,6342,size_in_bytes,lib/ocaml/compiler-libs/cfg_liveness.cmi,16452
2026-07-28T18:02:55Z,a160052ab46b811cc9a9b6484c69f255fe82d9d6,6342,size_in_bytes,lib/ocaml/compiler-libs/diffing_with_keys.cmi,8088
2026-07-28T18:02:55Z,a160052ab46b811cc9a9b6484c69f255fe82d9d6,6342,size_in_bytes,lib/ocaml/compiler-libs/flambda2_simplify__Apply_cont_rewrite.cmi,13170
2026-07-28T18:02:55Z,a160052ab46b811cc9a9b6484c69f255fe82d9d6,6342,size_in_bytes,lib/ocaml/compiler-libs/dwarf_state.cmi,14058
2026-07-28T18:02:55Z,a160052ab46b811cc9a9b6484c69f255fe82d9d6,6342,size_in_bytes,lib/ocaml/compiler-libs/backend_var.cmi,22916
2026-07-28T18:02:55Z,a160052ab46b811cc9a9b6484c69f255fe82d9d6,6342,size_in_bytes,lib/ocaml/compiler-libs/solver_intf.cmi,63332
2026-07-28T18:02:55Z,a160052ab46b811cc9a9b6484c69f255fe82d9d6,6342,size_in_bytes,lib/ocaml/compiler-libs/available_ranges_vars.cmi,57881
2026-07-28T18:02:55Z,a160052ab46b811cc9a9b6484c69f255fe82d9d6,6342,size_in_bytes,lib/ocaml/compiler-libs/flambda2_bound_identifiers__Bound_static.cmi,10923
2026-07-28T18:02:55Z,a160052ab46b811cc9a9b6484c69f255fe82d9d6,6342,size_in_bytes,lib/ocaml/compiler-libs/printlambda.cmi,10127
2026-07-28T18:02:55Z,a160052ab46b811cc9a9b6484c69f255fe82d9d6,6342,size_in_bytes,lib/ocaml/compiler-libs/x86_proc.cmi,13052
2026-07-28T18:02:55Z,a160052ab46b811cc9a9b6484c69f255fe82d9d6,6342,size_in_bytes,lib/ocaml/compiler-libs/dwarf_low__Child_determination.cmi,2177
2026-07-28T18:02:55Z,a160052ab46b811cc9a9b6484c69f255fe82d9d6,6342,size_in_bytes,lib/ocaml/compiler-libs/toploop.cmi,23984
2026-07-28T18:02:55Z,a160052ab46b811cc9a9b6484c69f255fe82d9d6,6342,size_in_bytes,lib/ocaml/compiler-libs/printcmm.cmi,15388
2026-07-28T18:02:55Z,a160052ab46b811cc9a9b6484c69f255fe82d9d6,6342,size_in_bytes,lib/ocaml/compiler-libs/flambda2_datalog__Schedule.cmi,4423
2026-07-28T18:02:55Z,a160052ab46b811cc9a9b6484c69f255fe82d9d6,6342,size_in_bytes,lib/ocaml/compiler-libs/flambda2_identifiers__Rec_info_expr0.cmi,13213
2026-07-28T18:02:55Z,a160052ab46b811cc9a9b6484c69f255fe82d9d6,6342,size_in_bytes,lib/ocaml/compiler-libs/flambda2_bound_identifiers__Bound_parameters.cmi,12868
2026-07-28T18:02:55Z,a160052ab46b811cc9a9b6484c69f255fe82d9d6,6342,size_in_bytes,lib/ocaml/compiler-libs/flambda2_ui.cmi,469
2026-07-28T18:02:55Z,a160052ab46b811cc9a9b6484c69f255fe82d9d6,6342,size_in_bytes,lib/ocaml/compiler-libs/dwarf_name_laundry.cmi,4090
2026-07-28T18:02:55Z,a160052ab46b811cc9a9b6484c69f255fe82d9d6,6342,size_in_bytes,lib/ocaml/compiler-libs/dwarf_low__Location_or_range_list_entry.cmi,8611
2026-07-28T18:02:55Z,a160052ab46b811cc9a9b6484c69f255fe82d9d6,6342,size_in_bytes,lib/ocaml/compiler-libs/flambda2_identifiers__Code_id.cmi,8677
2026-07-28T18:02:55Z,a160052ab46b811cc9a9b6484c69f255fe82d9d6,6342,size_in_bytes,lib/ocaml/compiler-libs/flambda2_simplify__Named_rewrite.cmi,9000
2026-07-28T18:02:55Z,a160052ab46b811cc9a9b6484c69f255fe82d9d6,6342,size_in_bytes,lib/ocaml/compiler-libs/arm64_binary_emitter__All_section_states.cmi,9498
2026-07-28T18:02:55Z,a160052ab46b811cc9a9b6484c69f255fe82d9d6,6342,size_in_bytes,lib/ocaml/compiler-libs/flambda2_kinds__Flambda_arity.cmi,11422
2026-07-28T18:02:55Z,a160052ab46b811cc9a9b6484c69f255fe82d9d6,6342,size_in_bytes,lib/ocaml/compiler-libs/bytesections.cmi,5199
2026-07-28T18:02:55Z,a160052ab46b811cc9a9b6484c69f255fe82d9d6,6342,size_in_bytes,lib/ocaml/compiler-libs/arm64_binary_emitter__Branch_helpers.cmi,5240
2026-07-28T18:02:55Z,a160052ab46b811cc9a9b6484c69f255fe82d9d6,6342,size_in_bytes,lib/ocaml/compiler-libs/x86_peephole_utils.cmi,5242
2026-07-28T18:02:55Z,a160052ab46b811cc9a9b6484c69f255fe82d9d6,6342,size_in_bytes,lib/ocaml/compiler-libs/dwarf_low__Dwarf_version.cmi,2372
2026-07-28T18:02:55Z,a160052ab46b811cc9a9b6484c69f255fe82d9d6,6342,size_in_bytes,lib/ocaml/compiler-libs/probe_emission.cmi,14232
2026-07-28T18:02:55Z,a160052ab46b811cc9a9b6484c69f255fe82d9d6,6342,size_in_bytes,lib/ocaml/compiler-libs/flambda2_from_lambda__Lambda_to_flambda_primitives.cmi,11737
2026-07-28T18:02:55Z,a160052ab46b811cc9a9b6484c69f255fe82d9d6,6342,size_in_bytes,lib/ocaml/compiler-libs/flambda2_reaper__Reaper.cmi,10018
2026-07-28T18:02:55Z,a160052ab46b811cc9a9b6484c69f255fe82d9d6,6342,size_in_bytes,lib/ocaml/compiler-libs/ccomp.cmi,3307
2026-07-28T18:02:55Z,a160052ab46b811cc9a9b6484c69f255fe82d9d6,6342,size_in_bytes,lib/ocaml/compiler-libs/flambda2_datalog__Virtual_machine.cmi,10759
2026-07-28T18:02:55Z,a160052ab46b811cc9a9b6484c69f255fe82d9d6,6342,size_in_bytes,lib/ocaml/compiler-libs/flambda2_compare.cmi,347
2026-07-28T18:02:55Z,a160052ab46b811cc9a9b6484c69f255fe82d9d6,6342,size_in_bytes,lib/ocaml/compiler-libs/flambda2_term_basics__Or_invalid.cmi,2251
2026-07-28T18:02:55Z,a160052ab46b811cc9a9b6484c69f255fe82d9d6,6342,size_in_bytes,lib/ocaml/compiler-libs/numbers.cmi,169925
2026-07-28T18:02:55Z,a160052ab46b811cc9a9b6484c69f255fe82d9d6,6342,size_in_bytes,lib/ocaml/compiler-libs/cfg_edge.cmi,35690
2026-07-28T18:02:55Z,a160052ab46b811cc9a9b6484c69f255fe82d9d6,6342,size_in_bytes,lib/ocaml/compiler-libs/flambda2_bound_identifiers.cmi,1876
2026-07-28T18:02:55Z,a160052ab46b811cc9a9b6484c69f255fe82d9d6,6342,size_in_bytes,lib/ocaml/compiler-libs/parser_types.cmi,3383
2026-07-28T18:02:55Z,a160052ab46b811cc9a9b6484c69f255fe82d9d6,6342,size_in_bytes,lib/ocaml/compiler-libs/flambda2_simplify__Is_unboxing_beneficial.cmi,9187
2026-07-28T18:02:55Z,a160052ab46b811cc9a9b6484c69f255fe82d9d6,6342,size_in_bytes,lib/ocaml/compiler-libs/eh_frame_registration.cmi,662
2026-07-28T18:02:55Z,a160052ab46b811cc9a9b6484c69f255fe82d9d6,6342,size_in_bytes,lib/ocaml/compiler-libs/flambda2_numbers__One_bit_fewer.cmi,28778
2026-07-28T18:02:55Z,a160052ab46b811cc9a9b6484c69f255fe82d9d6,6342,size_in_bytes,lib/ocaml/compiler-libs/flambda2_identifiers__Continuation_callsite_map.cmi,3771
2026-07-28T18:02:55Z,a160052ab46b811cc9a9b6484c69f255fe82d9d6,6342,size_in_bytes,lib/ocaml/compiler-libs/flambda2_datalog__Trie.cmi,12467
2026-07-28T18:02:55Z,a160052ab46b811cc9a9b6484c69f255fe82d9d6,6342,size_in_bytes,lib/ocaml/compiler-libs/flambda2_simplify__Expr_builder.cmi,24762
2026-07-28T18:02:55Z,a160052ab46b811cc9a9b6484c69f255fe82d9d6,6342,size_in_bytes,lib/ocaml/compiler-libs/flambda2_simplify__Simplify_expr.cmi,11511
2026-07-28T18:02:55Z,a160052ab46b811cc9a9b6484c69f255fe82d9d6,6342,size_in_bytes,lib/ocaml/compiler-libs/flambda2_from_lambda__Lambda_to_lambda_transforms.cmi,8439
2026-07-28T18:02:55Z,a160052ab46b811cc9a9b6484c69f255fe82d9d6,6342,size_in_bytes,lib/ocaml/compiler-libs/arm64_binary_emitter__Relocation.cmi,7236
2026-07-28T18:02:55Z,a160052ab46b811cc9a9b6484c69f255fe82d9d6,6342,size_in_bytes,lib/ocaml/compiler-libs/untypeast.cmi,20662
2026-07-28T18:02:55Z,a160052ab46b811cc9a9b6484c69f255fe82d9d6,6342,size_in_bytes,lib/ocaml/compiler-libs/dissector_log.cmi,931
2026-07-28T18:02:55Z,a160052ab46b811cc9a9b6484c69f255fe82d9d6,6342,size_in_bytes,lib/ocaml/compiler-libs/flambda2_algorithms__Container_types_intf.cmi,356305
2026-07-28T18:02:55Z,a160052ab46b811cc9a9b6484c69f255fe82d9d6,6342,size_in_bytes,lib/ocaml/compiler-libs/bytelibrarian.cmi,2400
2026-07-28T18:02:55Z,a160052ab46b811cc9a9b6484c69f255fe82d9d6,6342,size_in_bytes,lib/ocaml/compiler-libs/flambda2_simplify__One_continuation_use.cmi,12104
2026-07-28T18:02:55Z,a160052ab46b811cc9a9b6484c69f255fe82d9d6,6342,size_in_bytes,lib/ocaml/compiler-libs/cfg_selectgen_target_intf.cmi,20344
2026-07-28T18:02:55Z,a160052ab46b811cc9a9b6484c69f255fe82d9d6,6342,size_in_bytes,lib/ocaml/compiler-libs/blambda_of_lambda.cmi,3160
2026-07-28T18:02:55Z,a160052ab46b811cc9a9b6484c69f255fe82d9d6,6342,size_in_bytes,lib/ocaml/compiler-libs/flambda2_parser__Fexpr.cmi,47282
2026-07-28T18:02:55Z,a160052ab46b811cc9a9b6484c69f255fe82d9d6,6342,size_in_bytes,lib/ocaml/compiler-libs/includemod.cmi,66346
2026-07-28T18:02:55Z,a160052ab46b811cc9a9b6484c69f255fe82d9d6,6342,size_in_bytes,lib/ocaml/compiler-libs/linker_script.cmi,1263
2026-07-28T18:02:55Z,a160052ab46b811cc9a9b6484c69f255fe82d9d6,6342,size_in_bytes,lib/ocaml/compiler-libs/binary_emitter_intf.cmi,14098
2026-07-28T18:02:55Z,a160052ab46b811cc9a9b6484c69f255fe82d9d6,6342,size_in_bytes,lib/ocaml/compiler-libs/flambda2_ui__Flambda_features.cmi,20955
2026-07-28T18:02:55Z,a160052ab46b811cc9a9b6484c69f255fe82d9d6,6342,size_in_bytes,lib/ocaml/compiler-libs/bytegen.cmi,3768
2026-07-28T18:02:55Z,a160052ab46b811cc9a9b6484c69f255fe82d9d6,6342,size_in_bytes,lib/ocaml/compiler-libs/flambda2_term_basics__Or_variable.cmi,8453
2026-07-28T18:02:55Z,a160052ab46b811cc9a9b6484c69f255fe82d9d6,6342,size_in_bytes,lib/ocaml/compiler-libs/lru.cmi,4562
2026-07-28T18:02:55Z,a160052ab46b811cc9a9b6484c69f255fe82d9d6,6342,size_in_bytes,lib/ocaml/compiler-libs/solver.cmi,18819
2026-07-28T18:02:55Z,a160052ab46b811cc9a9b6484c69f255fe82d9d6,6342,size_in_bytes,lib/ocaml/compiler-libs/flambda2_floats.cmi,348
2026-07-28T18:02:55Z,a160052ab46b811cc9a9b6484c69f255fe82d9d6,6342,size_in_bytes,lib/ocaml/compiler-libs/flambda2_algorithms__Patricia_tree.cmi,61160
2026-07-28T18:02:55Z,a160052ab46b811cc9a9b6484c69f255fe82d9d6,6342,size_in_bytes,lib/ocaml/compiler-libs/label.cmi,55346
2026-07-28T18:02:55Z,a160052ab46b811cc9a9b6484c69f255fe82d9d6,6342,size_in_bytes,lib/ocaml/compiler-libs/arm64_binary_emitter__Encode_instruction.cmi,2132
2026-07-28T18:02:55Z,a160052ab46b811cc9a9b6484c69f255fe82d9d6,6342,size_in_bytes,lib/ocaml/compiler-libs/flambda2_to_jsir__To_jsir_shared.cmi,13895
2026-07-28T18:02:55Z,a160052ab46b811cc9a9b6484c69f255fe82d9d6,6342,size_in_bytes,lib/ocaml/compiler-libs/regalloc_irc.cmi,10755
2026-07-28T18:02:55Z,a160052ab46b811cc9a9b6484c69f255fe82d9d6,6342,size_in_bytes,lib/ocaml/compiler-libs/flambda2_numbers.cmi,1046
2026-07-28T18:02:55Z,a160052ab46b811cc9a9b6484c69f255fe82d9d6,6342,size_in_bytes,lib/ocaml/compiler-libs/x86_binary_emitter.cmi,37317
2026-07-28T18:02:55Z,a160052ab46b811cc9a9b6484c69f255fe82d9d6,6342,size_in_bytes,lib/ocaml/compiler-libs/zero_alloc_annotations.cmi,3147
2026-07-28T18:02:55Z,a160052ab46b811cc9a9b6484c69f255fe82d9d6,6342,size_in_bytes,lib/ocaml/compiler-libs/translclass.cmi,4283
2026-07-28T18:02:55Z,a160052ab46b811cc9a9b6484c69f255fe82d9d6,6342,size_in_bytes,lib/ocaml/compiler-libs/flambda2_datalog__Table.cmi,11800
2026-07-28T18:02:55Z,a160052ab46b811cc9a9b6484c69f255fe82d9d6,6342,size_in_bytes,lib/ocaml/compiler-libs/jkind_types.cmi,28298
2026-07-28T18:02:55Z,a160052ab46b811cc9a9b6484c69f255fe82d9d6,6342,size_in_bytes,lib/ocaml/compiler-libs/ast_mapper.cmi,25141
2026-07-28T18:02:55Z,a160052ab46b811cc9a9b6484c69f255fe82d9d6,6342,size_in_bytes,lib/ocaml/compiler-libs/regalloc_split_utils.cmi,14390
2026-07-28T18:02:55Z,a160052ab46b811cc9a9b6484c69f255fe82d9d6,6342,size_in_bytes,lib/ocaml/compiler-libs/signature_with_global_bindings.cmi,4819
2026-07-28T18:02:55Z,a160052ab46b811cc9a9b6484c69f255fe82d9d6,6342,size_in_bytes,lib/ocaml/compiler-libs/ldd.cmi,7446
2026-07-28T18:02:55Z,a160052ab46b811cc9a9b6484c69f255fe82d9d6,6342,size_in_bytes,lib/ocaml/compiler-libs/flambda2_reaper__Rebuild.cmi,12884
2026-07-28T18:02:55Z,a160052ab46b811cc9a9b6484c69f255fe82d9d6,6342,size_in_bytes,lib/ocaml/compiler-libs/partition.cmi,3609
2026-07-28T18:02:55Z,a160052ab46b811cc9a9b6484c69f255fe82d9d6,6342,size_in_bytes,lib/ocaml/compiler-libs/flambda2_term_basics__Tag_and_size.cmi,57764
2026-07-28T18:02:55Z,a160052ab46b811cc9a9b6484c69f255fe82d9d6,6342,size_in_bytes,lib/ocaml/compiler-libs/flambda2_lattices__Or_unknown.cmi,67862
2026-07-28T18:02:55Z,a160052ab46b811cc9a9b6484c69f255fe82d9d6,6342,size_in_bytes,lib/ocaml/compiler-libs/topmain.cmi,458
2026-07-28T18:02:55Z,a160052ab46b811cc9a9b6484c69f255fe82d9d6,6342,size_in_bytes,lib/ocaml/compiler-libs/flambda2_terms__Recursive.cmi,7154
2026-07-28T18:02:55Z,a160052ab46b811cc9a9b6484c69f255fe82d9d6,6342,size_in_bytes,lib/ocaml/compiler-libs/identifiable.cmi,164627
2026-07-28T18:02:55Z,a160052ab46b811cc9a9b6484c69f255fe82d9d6,6342,size_in_bytes,lib/ocaml/compiler-libs/rawprinttyp.cmi,2955
2026-07-28T18:02:55Z,a160052ab46b811cc9a9b6484c69f255fe82d9d6,6342,size_in_bytes,lib/ocaml/compiler-libs/errortrace.cmi,24301
2026-07-28T18:02:55Z,a160052ab46b811cc9a9b6484c69f255fe82d9d6,6342,size_in_bytes,lib/ocaml/compiler-libs/flambda2_simplify__Specialization_cost.cmi,13118
2026-07-28T18:02:55Z,a160052ab46b811cc9a9b6484c69f255fe82d9d6,6342,size_in_bytes,lib/ocaml/compiler-libs/flambda2_parser__Flambda_parser_messages.cmi,1048
2026-07-28T18:02:55Z,a160052ab46b811cc9a9b6484c69f255fe82d9d6,6342,size_in_bytes,lib/ocaml/compiler-libs/cmj_format.cmi,1833
2026-07-28T18:02:55Z,a160052ab46b811cc9a9b6484c69f255fe82d9d6,6342,size_in_bytes,lib/ocaml/compiler-libs/arm64_binary_emitter__Csel_helpers.cmi,2027
2026-07-28T18:02:55Z,a160052ab46b811cc9a9b6484c69f255fe82d9d6,6342,size_in_bytes,lib/ocaml/compiler-libs/unit_info.cmi,13621
2026-07-28T18:02:55Z,a160052ab46b811cc9a9b6484c69f255fe82d9d6,6342,size_in_bytes,lib/ocaml/compiler-libs/dwarf_low__Range_list_table.cmi,4173
2026-07-28T18:02:55Z,a160052ab46b811cc9a9b6484c69f255fe82d9d6,6342,size_in_bytes,lib/ocaml/compiler-libs/linear.cmi,19365
2026-07-28T18:02:55Z,a160052ab46b811cc9a9b6484c69f255fe82d9d6,6342,size_in_bytes,lib/ocaml/compiler-libs/dwarf_low__Debug_ranges_table.cmi,3140
2026-07-28T18:02:55Z,a160052ab46b811cc9a9b6484c69f255fe82d9d6,6342,size_in_bytes,lib/ocaml/compiler-libs/flambda2_identifiers__Variable.cmi,9692
2026-07-28T18:02:55Z,a160052ab46b811cc9a9b6484c69f255fe82d9d6,6342,size_in_bytes,lib/ocaml/compiler-libs/flambda2_simplify__Mutable_unboxing.cmi,12396
2026-07-28T18:02:55Z,a160052ab46b811cc9a9b6484c69f255fe82d9d6,6342,size_in_bytes,lib/ocaml/compiler-libs/cfg_intf.cmi,20089
2026-07-28T18:02:55Z,a160052ab46b811cc9a9b6484c69f255fe82d9d6,6342,size_in_bytes,lib/ocaml/compiler-libs/flambda2_from_lambda__Lambda_to_flambda_primitives_helpers.cmi,18447
2026-07-28T18:02:55Z,a160052ab46b811cc9a9b6484c69f255fe82d9d6,6342,size_in_bytes,lib/ocaml/compiler-libs/vicuna_traverse_typed_tree.cmi,2858
2026-07-28T18:02:55Z,a160052ab46b811cc9a9b6484c69f255fe82d9d6,6342,size_in_bytes,lib/ocaml/compiler-libs/x86_gas.cmi,2060
2026-07-28T18:02:55Z,a160052ab46b811cc9a9b6484c69f255fe82d9d6,6342,size_in_bytes,lib/ocaml/compiler-libs/peephole_optimize.cmi,10301
2026-07-28T18:02:55Z,a160052ab46b811cc9a9b6484c69f255fe82d9d6,6342,size_in_bytes,lib/ocaml/compiler-libs/flambda2_bound_identifiers__Bound_continuations.cmi,7406
2026-07-28T18:02:55Z,a160052ab46b811cc9a9b6484c69f255fe82d9d6,6342,size_in_bytes,lib/ocaml/compiler-libs/errortrace_report.cmi,6917
2026-07-28T18:02:55Z,a160052ab46b811cc9a9b6484c69f255fe82d9d6,6342,size_in_bytes,lib/ocaml/compiler-libs/dwarf_low__Address_index.cmi,108167
2026-07-28T18:02:55Z,a160052ab46b811cc9a9b6484c69f255fe82d9d6,6342,size_in_bytes,lib/ocaml/compiler-libs/zero_alloc_checker.cmi,15648
2026-07-28T18:02:55Z,a160052ab46b811cc9a9b6484c69f255fe82d9d6,6342,size_in_bytes,lib/ocaml/compiler-libs/flambda2_types__Typing_env.cmi,32049
2026-07-28T18:02:55Z,a160052ab46b811cc9a9b6484c69f255fe82d9d6,6342,size_in_bytes,lib/ocaml/compiler-libs/flambda2_simplify__Upwards_acc.cmi,23489
2026-07-28T18:02:55Z,a160052ab46b811cc9a9b6484c69f255fe82d9d6,6342,size_in_bytes,lib/ocaml/compiler-libs/form_rewrite_plan.cmi,12764
2026-07-28T18:02:55Z,a160052ab46b811cc9a9b6484c69f255fe82d9d6,6342,size_in_bytes,lib/ocaml/compiler-libs/dwarf_low__Dwarf_4_entry_sorting.cmi,1178
2026-07-28T18:02:55Z,a160052ab46b811cc9a9b6484c69f255fe82d9d6,6342,size_in_bytes,lib/ocaml/compiler-libs/cfg_dataflow.cmi,25154
2026-07-28T18:02:55Z,a160052ab46b811cc9a9b6484c69f255fe82d9d6,6342,size_in_bytes,lib/ocaml/compiler-libs/debug.cmi,773
2026-07-28T18:02:55Z,a160052ab46b811cc9a9b6484c69f255fe82d9d6,6342,size_in_bytes,lib/ocaml/compiler-libs/flambda2_identifiers__Code_id_or_name.cmi,8654
2026-07-28T18:02:55Z,a160052ab46b811cc9a9b6484c69f255fe82d9d6,6342,size_in_bytes,lib/ocaml/compiler-libs/persistent_env.cmi,33807
2026-07-28T18:02:55Z,a160052ab46b811cc9a9b6484c69f255fe82d9d6,6342,size_in_bytes,lib/ocaml/compiler-libs/flambda2_to_cmm__To_cmm_env.cmi,36532
2026-07-28T18:02:55Z,a160052ab46b811cc9a9b6484c69f255fe82d9d6,6342,size_in_bytes,lib/ocaml/compiler-libs/flambda2_simplify__Simplify_unary_primitive.cmi,11850
2026-07-28T18:02:55Z,a160052ab46b811cc9a9b6484c69f255fe82d9d6,6342,size_in_bytes,lib/ocaml/compiler-libs/x86_ast.cmi,17462
2026-07-28T18:02:55Z,a160052ab46b811cc9a9b6484c69f255fe82d9d6,6342,size_in_bytes,lib/ocaml/compiler-libs/flambda2_terms__Code_or_metadata.cmi,15426
2026-07-28T18:02:55Z,a160052ab46b811cc9a9b6484c69f255fe82d9d6,6342,size_in_bytes,lib/ocaml/compiler-libs/compilation_unit.cmi,174329
2026-07-28T18:02:55Z,a160052ab46b811cc9a9b6484c69f255fe82d9d6,6342,size_in_bytes,lib/ocaml/compiler-libs/dwarf_low__Unit_type.cmi,2042
2026-07-28T18:02:55Z,a160052ab46b811cc9a9b6484c69f255fe82d9d6,6342,size_in_bytes,lib/ocaml/compiler-libs/flambda2_algorithms__Lmap.cmi,28342
2026-07-28T18:02:55Z,a160052ab46b811cc9a9b6484c69f255fe82d9d6,6342,size_in_bytes,lib/ocaml/compiler-libs/flambda2_from_lambda__Lambda_to_flambda.cmi,10545
2026-07-28T18:02:55Z,a160052ab46b811cc9a9b6484c69f255fe82d9d6,6342,size_in_bytes,lib/ocaml/compiler-libs/compute_ranges_intf.cmi,63410
2026-07-28T18:02:55Z,a160052ab46b811cc9a9b6484c69f255fe82d9d6,6342,size_in_bytes,lib/ocaml/compiler-libs/flambda2_terms__Loopify_attribute.cmi,7817
2026-07-28T18:02:55Z,a160052ab46b811cc9a9b6484c69f255fe82d9d6,6342,size_in_bytes,lib/ocaml/compiler-libs/opttopdirs.cmi,4198
2026-07-28T18:02:55Z,a160052ab46b811cc9a9b6484c69f255fe82d9d6,6342,size_in_bytes,lib/ocaml/compiler-libs/includeclass.cmi,4653
2026-07-28T18:02:55Z,a160052ab46b811cc9a9b6484c69f255fe82d9d6,6342,size_in_bytes,lib/ocaml/compiler-libs/cmo_format.cmi,7249
2026-07-28T18:02:55Z,a160052ab46b811cc9a9b6484c69f255fe82d9d6,6342,size_in_bytes,lib/ocaml/compiler-libs/compilenv.cmi,16842
2026-07-28T18:02:55Z,a160052ab46b811cc9a9b6484c69f255fe82d9d6,6342,size_in_bytes,lib/ocaml/compiler-libs/flambda2_simplify__Dominator_graph.cmi,15535
2026-07-28T18:02:55Z,a160052ab46b811cc9a9b6484c69f255fe82d9d6,6342,size_in_bytes,lib/ocaml/compiler-libs/flambda2_simplify__Simplify_simple.cmi,12815
2026-07-28T18:02:55Z,a160052ab46b811cc9a9b6484c69f255fe82d9d6,6342,size_in_bytes,lib/ocaml/compiler-libs/structured_mangling.cmi,4045
2026-07-28T18:02:55Z,a160052ab46b811cc9a9b6484c69f255fe82d9d6,6342,size_in_bytes,lib/ocaml/compiler-libs/arm64_binary_emitter__Bitfield_helpers.cmi,1976
2026-07-28T18:02:55Z,a160052ab46b811cc9a9b6484c69f255fe82d9d6,6342,size_in_bytes,lib/ocaml/compiler-libs/typedecl.cmi,31008
2026-07-28T18:02:55Z,a160052ab46b811cc9a9b6484c69f255fe82d9d6,6342,size_in_bytes,lib/ocaml/compiler-libs/emitcode.cmi,5504
2026-07-28T18:02:55Z,a160052ab46b811cc9a9b6484c69f255fe82d9d6,6342,size_in_bytes,lib/ocaml/compiler-libs/dwarf_low__Abbreviations_table_entry.cmi,3653
2026-07-28T18:02:55Z,a160052ab46b811cc9a9b6484c69f255fe82d9d6,6342,size_in_bytes,lib/ocaml/compiler-libs/flambda2_simplify__Continuation_uses.cmi,15012
2026-07-28T18:02:55Z,a160052ab46b811cc9a9b6484c69f255fe82d9d6,6342,size_in_bytes,lib/ocaml/compiler-libs/flambda2_reaper__Types_rewriter.cmi,9896
2026-07-28T18:02:55Z,a160052ab46b811cc9a9b6484c69f255fe82d9d6,6342,size_in_bytes,lib/ocaml/compiler-libs/includecore.cmi,26268
2026-07-28T18:02:55Z,a160052ab46b811cc9a9b6484c69f255fe82d9d6,6342,size_in_bytes,lib/ocaml/compiler-libs/ldd_intf.cmi,8017
2026-07-28T18:02:55Z,a160052ab46b811cc9a9b6484c69f255fe82d9d6,6342,size_in_bytes,lib/ocaml/compiler-libs/cfg_with_layout.cmi,20960
2026-07-28T18:02:55Z,a160052ab46b811cc9a9b6484c69f255fe82d9d6,6342,size_in_bytes,lib/ocaml/compiler-libs/flambda2_terms.cmi,5830
2026-07-28T18:02:55Z,a160052ab46b811cc9a9b6484c69f255fe82d9d6,6342,size_in_bytes,lib/ocaml/compiler-libs/flambda2_bound_identifiers__Bound_name.cmi,7080
2026-07-28T18:02:55Z,a160052ab46b811cc9a9b6484c69f255fe82d9d6,6342,size_in_bytes,lib/ocaml/compiler-libs/dwarf_low__Composite_location_description.cmi,2438
2026-07-28T18:02:55Z,a160052ab46b811cc9a9b6484c69f255fe82d9d6,6342,size_in_bytes,lib/ocaml/compiler-libs/dwarf_low__Counted_location_description.cmi,2451
2026-07-28T18:02:55Z,a160052ab46b811cc9a9b6484c69f255fe82d9d6,6342,size_in_bytes,lib/ocaml/compiler-libs/parser.cmi,102132
2026-07-28T18:02:55Z,a160052ab46b811cc9a9b6484c69f255fe82d9d6,6342,size_in_bytes,lib/ocaml/compiler-libs/flambda2_simplify_shared__Slot_offsets.cmi,14956
2026-07-28T18:02:55Z,a160052ab46b811cc9a9b6484c69f255fe82d9d6,6342,size_in_bytes,lib/ocaml/compiler-libs/flambda2_algorithms__Table_by_int_id.cmi,4284
2026-07-28T18:02:55Z,a160052ab46b811cc9a9b6484c69f255fe82d9d6,6342,size_in_bytes,lib/ocaml/compiler-libs/instructionId.cmi,56186
2026-07-28T18:02:55Z,a160052ab46b811cc9a9b6484c69f255fe82d9d6,6342,size_in_bytes,lib/ocaml/compiler-libs/longident.cmi,3009
2026-07-28T18:02:55Z,a160052ab46b811cc9a9b6484c69f255fe82d9d6,6342,size_in_bytes,lib/ocaml/compiler-libs/flambda2_simplify__Flow_analysis.cmi,12482
2026-07-28T18:02:55Z,a160052ab46b811cc9a9b6484c69f255fe82d9d6,6342,size_in_bytes,lib/ocaml/compiler-libs/extract_relocations.cmi,4189
2026-07-28T18:02:55Z,a160052ab46b811cc9a9b6484c69f255fe82d9d6,6342,size_in_bytes,lib/ocaml/compiler-libs/cfg_cse_target_intf.cmi,11189
2026-07-28T18:02:55Z,a160052ab46b811cc9a9b6484c69f255fe82d9d6,6342,size_in_bytes,lib/ocaml/compiler-libs/patterns.cmi,20389
2026-07-28T18:02:55Z,a160052ab46b811cc9a9b6484c69f255fe82d9d6,6342,size_in_bytes,lib/ocaml/compiler-libs/flambda2_simplify__Continuation_shortcut.cmi,8423
2026-07-28T18:02:55Z,a160052ab46b811cc9a9b6484c69f255fe82d9d6,6342,size_in_bytes,lib/ocaml/compiler-libs/signature_group.cmi,11615
2026-07-28T18:02:55Z,a160052ab46b811cc9a9b6484c69f255fe82d9d6,6342,size_in_bytes,lib/ocaml/compiler-libs/asm_targets__Asm_label.cmi,56415
2026-07-28T18:02:55Z,a160052ab46b811cc9a9b6484c69f255fe82d9d6,6342,size_in_bytes,lib/ocaml/compiler-libs/dwarf_low__Encoding_attribute.cmi,2278
2026-07-28T18:02:55Z,a160052ab46b811cc9a9b6484c69f255fe82d9d6,6342,size_in_bytes,lib/ocaml/compiler-libs/flambda2_simplify__Data_flow_graph.cmi,11912
2026-07-28T18:02:55Z,a160052ab46b811cc9a9b6484c69f255fe82d9d6,6342,size_in_bytes,lib/ocaml/compiler-libs/asm_targets__Asm_directives_dwarf.cmi,751
2026-07-28T18:02:55Z,a160052ab46b811cc9a9b6484c69f255fe82d9d6,6342,size_in_bytes,lib/ocaml/compiler-libs/lexer.cmi,7073
2026-07-28T18:02:55Z,a160052ab46b811cc9a9b6484c69f255fe82d9d6,6342,size_in_bytes,lib/ocaml/compiler-libs/x86_section.cmi,32532
2026-07-28T18:02:55Z,a160052ab46b811cc9a9b6484c69f255fe82d9d6,6342,size_in_bytes,lib/ocaml/compiler-libs/flambda2_simplify__Non_recursive_handler.cmi,12358
2026-07-28T18:02:55Z,a160052ab46b811cc9a9b6484c69f255fe82d9d6,6342,size_in_bytes,lib/ocaml/compiler-libs/flambda2_nominal__Renaming.cmi,14176
2026-07-28T18:02:55Z,a160052ab46b811cc9a9b6484c69f255fe82d9d6,6342,size_in_bytes,lib/ocaml/compiler-libs/dwarf_low__Dwarf_arch_sizes.cmi,581
2026-07-28T18:02:55Z,a160052ab46b811cc9a9b6484c69f255fe82d9d6,6342,size_in_bytes,lib/ocaml/compiler-libs/build_igot_and_iplt.cmi,2461
2026-07-28T18:02:55Z,a160052ab46b811cc9a9b6484c69f255fe82d9d6,6342,size_in_bytes,lib/ocaml/compiler-libs/clflags.cmi,61931
2026-07-28T18:02:55Z,a160052ab46b811cc9a9b6484c69f255fe82d9d6,6342,size_in_bytes,lib/ocaml/compiler-libs/flambda2_nominal.cmi,1564
2026-07-28T18:02:55Z,a160052ab46b811cc9a9b6484c69f255fe82d9d6,6342,size_in_bytes,lib/ocaml/compiler-libs/flambda2_simplify__Optimistic_unboxing_decision.cmi,9531
2026-07-28T18:02:55Z,a160052ab46b811cc9a9b6484c69f255fe82d9d6,6342,size_in_bytes,lib/ocaml/compiler-libs/flambda2_simplify__Control_flow_graph.cmi,15363
2026-07-28T18:02:55Z,a160052ab46b811cc9a9b6484c69f255fe82d9d6,6342,size_in_bytes,lib/ocaml/compiler-libs/flambda2_datalog__Cursor.cmi,18444
2026-07-28T18:02:55Z,a160052ab46b811cc9a9b6484c69f255fe82d9d6,6342,size_in_bytes,lib/ocaml/compiler-libs/dwarf_low__Dwarf_4_location_list_entry.cmi,4021
2026-07-28T18:02:55Z,a160052ab46b811cc9a9b6484c69f255fe82d9d6,6342,size_in_bytes,lib/ocaml/compiler-libs/cmm_builtins.cmi,11264
2026-07-28T18:02:55Z,a160052ab46b811cc9a9b6484c69f255fe82d9d6,6342,size_in_bytes,lib/ocaml/compiler-libs/ctype.cmi,105536
2026-07-28T18:02:55Z,a160052ab46b811cc9a9b6484c69f255fe82d9d6,6342,size_in_bytes,lib/ocaml/compiler-libs/flambda2_simplify__Continuation_uses_env.cmi,15071
2026-07-28T18:02:55Z,a160052ab46b811cc9a9b6484c69f255fe82d9d6,6342,size_in_bytes,lib/ocaml/compiler-libs/flambda2_to_cmm.cmi,1425
2026-07-28T18:02:55Z,a160052ab46b811cc9a9b6484c69f255fe82d9d6,6342,size_in_bytes,lib/ocaml/compiler-libs/regalloc_affinity.cmi,11875
2026-07-28T18:02:55Z,a160052ab46b811cc9a9b6484c69f255fe82d9d6,6342,size_in_bytes,lib/ocaml/compiler-libs/cmt_format.cmi,12413
2026-07-28T18:02:55Z,a160052ab46b811cc9a9b6484c69f255fe82d9d6,6342,size_in_bytes,lib/ocaml/compiler-libs/runtimetags.cmi,2507
2026-07-28T18:02:55Z,a160052ab46b811cc9a9b6484c69f255fe82d9d6,6342,size_in_bytes,lib/ocaml/compiler-libs/cms_format.cmi,8488
2026-07-28T18:02:55Z,a160052ab46b811cc9a9b6484c69f255fe82d9d6,6342,size_in_bytes,lib/ocaml/compiler-libs/flambda2_parser.cmi,1907
2026-07-28T18:02:55Z,a160052ab46b811cc9a9b6484c69f255fe82d9d6,6342,size_in_bytes,lib/ocaml/compiler-libs/dwarf_high.cmi,1028
2026-07-28T18:02:55Z,a160052ab46b811cc9a9b6484c69f255fe82d9d6,6342,size_in_bytes,lib/ocaml/compiler-libs/opterrors.cmi,791
2026-07-28T18:02:55Z,a160052ab46b811cc9a9b6484c69f255fe82d9d6,6342,size_in_bytes,lib/ocaml/compiler-libs/cfg_invariants.cmi,10370
2026-07-28T18:02:55Z,a160052ab46b811cc9a9b6484c69f255fe82d9d6,6342,size_in_bytes,lib/ocaml/compiler-libs/arm64_binary_emitter__Fp_helpers.cmi,5437
2026-07-28T18:02:55Z,a160052ab46b811cc9a9b6484c69f255fe82d9d6,6342,size_in_bytes,lib/ocaml/compiler-libs/arm64_binary_emitter__Logical_helpers.cmi,3814
2026-07-28T18:02:55Z,a160052ab46b811cc9a9b6484c69f255fe82d9d6,6342,size_in_bytes,lib/ocaml/compiler-libs/flambda2_cmx__Flambda_cmx_format.cmi,12147
2026-07-28T18:02:55Z,a160052ab46b811cc9a9b6484c69f255fe82d9d6,6342,size_in_bytes,lib/ocaml/compiler-libs/flambda2_simplify__Unboxing_types.cmi,20574
2026-07-28T18:02:55Z,a160052ab46b811cc9a9b6484c69f255fe82d9d6,6342,size_in_bytes,lib/ocaml/compiler-libs/flambda2_simplify__Closure_info.cmi,9003
2026-07-28T18:02:55Z,a160052ab46b811cc9a9b6484c69f255fe82d9d6,6342,size_in_bytes,lib/ocaml/compiler-libs/flambda2_simplify__Original_handlers.cmi,12241
2026-07-28T18:02:55Z,a160052ab46b811cc9a9b6484c69f255fe82d9d6,6342,size_in_bytes,lib/ocaml/compiler-libs/flambda2_terms__Code.cmi,19999
2026-07-28T18:02:55Z,a160052ab46b811cc9a9b6484c69f255fe82d9d6,6342,size_in_bytes,lib/ocaml/compiler-libs/flambda2_compare__Compare.cmi,10095
2026-07-28T18:02:55Z,a160052ab46b811cc9a9b6484c69f255fe82d9d6,6342,size_in_bytes,lib/ocaml/compiler-libs/compmisc.cmi,4818
2026-07-28T18:02:55Z,a160052ab46b811cc9a9b6484c69f255fe82d9d6,6342,size_in_bytes,lib/ocaml/compiler-libs/flambda2_bound_identifiers__Alloc_mode.cmi,17615
2026-07-28T18:02:55Z,a160052ab46b811cc9a9b6484c69f255fe82d9d6,6342,size_in_bytes,lib/ocaml/compiler-libs/cmi_format.cmi,9041
2026-07-28T18:02:55Z,a160052ab46b811cc9a9b6484c69f255fe82d9d6,6342,size_in_bytes,lib/ocaml/compiler-libs/flambda2_types__Type_descr.cmi,16787
2026-07-28T18:02:55Z,a160052ab46b811cc9a9b6484c69f255fe82d9d6,6342,size_in_bytes,lib/ocaml/compiler-libs/regs.cmi,74306
2026-07-28T18:02:55Z,a160052ab46b811cc9a9b6484c69f255fe82d9d6,6342,size_in_bytes,lib/ocaml/compiler-libs/flambda2_simplify__Simplify_extcall.cmi,12232
2026-07-28T18:02:55Z,a160052ab46b811cc9a9b6484c69f255fe82d9d6,6342,size_in_bytes,lib/ocaml/compiler-libs/flambda2_types__Traversals.cmi,114255
2026-07-28T18:02:55Z,a160052ab46b811cc9a9b6484c69f255fe82d9d6,6342,size_in_bytes,lib/ocaml/compiler-libs/cmt2annot.cmi,3815
2026-07-28T18:02:55Z,a160052ab46b811cc9a9b6484c69f255fe82d9d6,6342,size_in_bytes,lib/ocaml/compiler-libs/flambda2_types__Meet_and_join.cmi,8005
2026-07-28T18:02:55Z,a160052ab46b811cc9a9b6484c69f255fe82d9d6,6342,size_in_bytes,lib/ocaml/compiler-libs/flambda2_reaper.cmi,2260
2026-07-28T18:02:55Z,a160052ab46b811cc9a9b6484c69f255fe82d9d6,6342,size_in_bytes,lib/ocaml/compiler-libs/arm64_binary_emitter__Condition_helpers.cmi,1740
2026-07-28T18:02:55Z,a160052ab46b811cc9a9b6484c69f255fe82d9d6,6342,size_in_bytes,lib/ocaml/compiler-libs/oprint.cmi,4997
2026-07-28T18:02:55Z,a160052ab46b811cc9a9b6484c69f255fe82d9d6,6342,size_in_bytes,lib/ocaml/compiler-libs/arm64_binary_emitter__Binary_emitter.cmi,12697
2026-07-28T18:02:55Z,a160052ab46b811cc9a9b6484c69f255fe82d9d6,6342,size_in_bytes,lib/ocaml/compiler-libs/flambda2_terms__Effects_and_coeffects.cmi,8448
2026-07-28T18:02:55Z,a160052ab46b811cc9a9b6484c69f255fe82d9d6,6342,size_in_bytes,lib/ocaml/compiler-libs/flambda2_simplify__Flow_types.cmi,39398
2026-07-28T18:02:55Z,a160052ab46b811cc9a9b6484c69f255fe82d9d6,6342,size_in_bytes,lib/ocaml/compiler-libs/primitive.cmi,17186
2026-07-28T18:02:55Z,a160052ab46b811cc9a9b6484c69f255fe82d9d6,6342,size_in_bytes,lib/ocaml/compiler-libs/location_tracker_formatter.cmi,5622
2026-07-28T18:02:55Z,a160052ab46b811cc9a9b6484c69f255fe82d9d6,6342,size_in_bytes,lib/ocaml/compiler-libs/regalloc_ls_state.cmi,15950
2026-07-28T18:02:55Z,a160052ab46b811cc9a9b6484c69f255fe82d9d6,6342,size_in_bytes,lib/ocaml/compiler-libs/regalloc_irc_state.cmi,36501
2026-07-28T18:02:55Z,a160052ab46b811cc9a9b6484c69f255fe82d9d6,6342,size_in_bytes,lib/ocaml/compiler-libs/arm64_ast.cmi,415
2026-07-28T18:02:55Z,a160052ab46b811cc9a9b6484c69f255fe82d9d6,6342,size_in_bytes,lib/ocaml/compiler-libs/flambda2_simplify__Flow.cmi,21228
2026-07-28T18:02:55Z,a160052ab46b811cc9a9b6484c69f255fe82d9d6,6342,size_in_bytes,lib/ocaml/compiler-libs/cfg_prologue.cmi,10677
2026-07-28T18:02:55Z,a160052ab46b811cc9a9b6484c69f255fe82d9d6,6342,size_in_bytes,lib/ocaml/compiler-libs/dwarf_high__Dwarf_world.cmi,4184
2026-07-28T18:02:55Z,a160052ab46b811cc9a9b6484c69f255fe82d9d6,6342,size_in_bytes,lib/ocaml/compiler-libs/flambda2_reaper__Rev_expr.cmi,24474
2026-07-28T18:02:55Z,a160052ab46b811cc9a9b6484c69f255fe82d9d6,6342,size_in_bytes,lib/ocaml/compiler-libs/flambda2_terms__Poll_attribute.cmi,7827
2026-07-28T18:02:55Z,a160052ab46b811cc9a9b6484c69f255fe82d9d6,6342,size_in_bytes,lib/ocaml/compiler-libs/flambda2_simplify__Continuation_uses_env_intf.cmi,12235
2026-07-28T18:02:55Z,a160052ab46b811cc9a9b6484c69f255fe82d9d6,6342,size_in_bytes,lib/ocaml/compiler-libs/flambda2_identifiers__Code_id_or_symbol.cmi,7627
2026-07-28T18:02:55Z,a160052ab46b811cc9a9b6484c69f255fe82d9d6,6342,size_in_bytes,lib/ocaml/compiler-libs/compenv.cmi,12212
2026-07-28T18:02:55Z,a160052ab46b811cc9a9b6484c69f255fe82d9d6,6342,size_in_bytes,lib/ocaml/compiler-libs/optmaindriver.cmi,10334
2026-07-28T18:02:55Z,a160052ab46b811cc9a9b6484c69f255fe82d9d6,6342,size_in_bytes,lib/ocaml/compiler-libs/optpackager.cmi,19537
2026-07-28T18:02:55Z,a160052ab46b811cc9a9b6484c69f255fe82d9d6,6342,size_in_bytes,lib/ocaml/compiler-libs/arrayset.cmi,7121
2026-07-28T18:02:55Z,a160052ab46b811cc9a9b6484c69f255fe82d9d6,6342,size_in_bytes,lib/ocaml/compiler-libs/flambda2_bound_identifiers__Bound_var.cmi,8893
2026-07-28T18:02:55Z,a160052ab46b811cc9a9b6484c69f255fe82d9d6,6342,size_in_bytes,lib/ocaml/compiler-libs/flambda2_algorithms__Or_null.cmi,3507
2026-07-28T18:02:55Z,a160052ab46b811cc9a9b6484c69f255fe82d9d6,6342,size_in_bytes,lib/ocaml/compiler-libs/dissector.cmi,4219
2026-07-28T18:02:55Z,a160052ab46b811cc9a9b6484c69f255fe82d9d6,6342,size_in_bytes,lib/ocaml/compiler-libs/attr_helper.cmi,2663
2026-07-28T18:02:55Z,a160052ab46b811cc9a9b6484c69f255fe82d9d6,6342,size_in_bytes,lib/ocaml/compiler-libs/regalloc_ls.cmi,10719
2026-07-28T18:02:55Z,a160052ab46b811cc9a9b6484c69f255fe82d9d6,6342,size_in_bytes,lib/ocaml/compiler-libs/arm64_binary_emitter.cmi,3519
2026-07-28T18:02:55Z,a160052ab46b811cc9a9b6484c69f255fe82d9d6,6342,size_in_bytes,lib/ocaml/compiler-libs/dwarf_low__Dwarf_emittable.cmi,2928
2026-07-28T18:02:55Z,a160052ab46b811cc9a9b6484c69f255fe82d9d6,6342,size_in_bytes,lib/ocaml/compiler-libs/printcfg.cmi,16386
2026-07-28T18:02:55Z,a160052ab46b811cc9a9b6484c69f255fe82d9d6,6342,size_in_bytes,lib/ocaml/compiler-libs/flambda2_simplify__Lifted_constant.cmi,20681
2026-07-28T18:02:55Z,a160052ab46b811cc9a9b6484c69f255fe82d9d6,6342,size_in_bytes,lib/ocaml/compiler-libs/rewrite_sections.cmi,2043
2026-07-28T18:02:55Z,a160052ab46b811cc9a9b6484c69f255fe82d9d6,6342,size_in_bytes,lib/ocaml/compiler-libs/flambda2_identifiers__Continuation.cmi,73343
2026-07-28T18:02:55Z,a160052ab46b811cc9a9b6484c69f255fe82d9d6,6342,size_in_bytes,lib/ocaml/compiler-libs/flambda2_simplify__Simplify_primitive_result.cmi,16992
2026-07-28T18:02:55Z,a160052ab46b811cc9a9b6484c69f255fe82d9d6,6342,size_in_bytes,lib/ocaml/compiler-libs/regalloc_split_state.cmi,12567
2026-07-28T18:02:55Z,a160052ab46b811cc9a9b6484c69f255fe82d9d6,6342,size_in_bytes,lib/ocaml/compiler-libs/language_extension.cmi,15480
2026-07-28T18:02:55Z,a160052ab46b811cc9a9b6484c69f255fe82d9d6,6342,size_in_bytes,lib/ocaml/compiler-libs/flambda2_simplify__One_recursive_handler.cmi,10552
2026-07-28T18:02:55Z,a160052ab46b811cc9a9b6484c69f255fe82d9d6,6342,size_in_bytes,lib/ocaml/compiler-libs/proc.cmi,19019
2026-07-28T18:02:55Z,a160052ab46b811cc9a9b6484c69f255fe82d9d6,6342,size_in_bytes,lib/ocaml/compiler-libs/flambda2_datalog__Heterogenous_list.cmi,3487
2026-07-28T18:02:55Z,a160052ab46b811cc9a9b6484c69f255fe82d9d6,6342,size_in_bytes,lib/ocaml/compiler-libs/cfg_reducibility.cmi,10478
2026-07-28T18:02:55Z,a160052ab46b811cc9a9b6484c69f255fe82d9d6,6342,size_in_bytes,lib/ocaml/compiler-libs/flambda2_numbers__Target_ocaml_int.cmi,128047
2026-07-28T18:02:55Z,a160052ab46b811cc9a9b6484c69f255fe82d9d6,6342,size_in_bytes,lib/ocaml/compiler-libs/typecore.cmi,51237
2026-07-28T18:02:55Z,a160052ab46b811cc9a9b6484c69f255fe82d9d6,6342,size_in_bytes,lib/ocaml/compiler-libs/cfg_to_linear.cmi,10287
2026-07-28T18:02:55Z,a160052ab46b811cc9a9b6484c69f255fe82d9d6,6342,size_in_bytes,lib/ocaml/compiler-libs/arm64_binary_emitter__Data_proc_helpers.cmi,4024
2026-07-28T18:02:55Z,a160052ab46b811cc9a9b6484c69f255fe82d9d6,6342,size_in_bytes,lib/ocaml/compiler-libs/partial_link.cmi,3438
2026-07-28T18:02:55Z,a160052ab46b811cc9a9b6484c69f255fe82d9d6,6342,size_in_bytes,lib/ocaml/compiler-libs/int_replace_polymorphic_compare.cmi,2369
2026-07-28T18:02:55Z,a160052ab46b811cc9a9b6484c69f255fe82d9d6,6342,size_in_bytes,lib/ocaml/compiler-libs/flambda2_parser__Flambda_parser.cmi,27563
2026-07-28T18:02:55Z,a160052ab46b811cc9a9b6484c69f255fe82d9d6,6342,size_in_bytes,lib/ocaml/compiler-libs/cfg_selectgen.cmi,11035
2026-07-28T18:02:55Z,a160052ab46b811cc9a9b6484c69f255fe82d9d6,6342,size_in_bytes,lib/ocaml/compiler-libs/flambda2_terms__Flambda_unit.cmi,12794
2026-07-28T18:02:55Z,a160052ab46b811cc9a9b6484c69f255fe82d9d6,6342,size_in_bytes,lib/ocaml/compiler-libs/shape_reduce.cmi,10117
2026-07-28T18:02:55Z,a160052ab46b811cc9a9b6484c69f255fe82d9d6,6342,size_in_bytes,lib/ocaml/compiler-libs/flambda2_simplify__Simplify_coercion.cmi,11123
2026-07-28T18:02:55Z,a160052ab46b811cc9a9b6484c69f255fe82d9d6,6342,size_in_bytes,lib/ocaml/compiler-libs/dwarf_low__Dwarf_attributes.cmi,143229
2026-07-28T18:02:55Z,a160052ab46b811cc9a9b6484c69f255fe82d9d6,6342,size_in_bytes,lib/ocaml/compiler-libs/flambda2_bound_identifiers__Bound_pattern.cmi,12462
2026-07-28T18:02:55Z,a160052ab46b811cc9a9b6484c69f255fe82d9d6,6342,size_in_bytes,lib/ocaml/compiler-libs/asm_targets__Asm_section.cmi,15081
2026-07-28T18:02:55Z,a160052ab46b811cc9a9b6484c69f255fe82d9d6,6342,size_in_bytes,lib/ocaml/compiler-libs/envaux.cmi,3997
2026-07-28T18:02:55Z,a160052ab46b811cc9a9b6484c69f255fe82d9d6,6342,size_in_bytes,lib/ocaml/compiler-libs/flambda2_ui__Flambda_colours.cmi,6066
2026-07-28T18:02:55Z,a160052ab46b811cc9a9b6484c69f255fe82d9d6,6342,size_in_bytes,lib/ocaml/compiler-libs/regalloc_utils.cmi,143277
2026-07-28T18:02:55Z,a160052ab46b811cc9a9b6484c69f255fe82d9d6,6342,size_in_bytes,lib/ocaml/compiler-libs/zero_alloc_info.cmi,2887
2026-07-28T18:02:55Z,a160052ab46b811cc9a9b6484c69f255fe82d9d6,6342,size_in_bytes,lib/ocaml/compiler-libs/flambda2_terms__Function_decl_inlining_decision_type.cmi,10959
2026-07-28T18:02:55Z,a160052ab46b811cc9a9b6484c69f255fe82d9d6,6342,size_in_bytes,lib/ocaml/compiler-libs/inlined_frame_ranges.cmi,81211
2026-07-28T18:02:55Z,a160052ab46b811cc9a9b6484c69f255fe82d9d6,6342,size_in_bytes,lib/ocaml/compiler-libs/simd.cmi,279779
2026-07-28T18:02:55Z,a160052ab46b811cc9a9b6484c69f255fe82d9d6,6342,size_in_bytes,lib/ocaml/compiler-libs/dwarf_low__Location_list.cmi,3275
2026-07-28T18:02:55Z,a160052ab46b811cc9a9b6484c69f255fe82d9d6,6342,size_in_bytes,lib/ocaml/compiler-libs/flambda2_simplify__Unboxing_epa.cmi,10987
2026-07-28T18:02:55Z,a160052ab46b811cc9a9b6484c69f255fe82d9d6,6342,size_in_bytes,lib/ocaml/compiler-libs/shape.cmi,137492
2026-07-28T18:02:55Z,a160052ab46b811cc9a9b6484c69f255fe82d9d6,6342,size_in_bytes,lib/ocaml/compiler-libs/flambda2_simplify__Flow_acc.cmi,22334
2026-07-28T18:02:55Z,a160052ab46b811cc9a9b6484c69f255fe82d9d6,6342,size_in_bytes,lib/ocaml/compiler-libs/printtyped.cmi,3518
2026-07-28T18:02:55Z,a160052ab46b811cc9a9b6484c69f255fe82d9d6,6342,size_in_bytes,lib/ocaml/compiler-libs/cfg_merge_blocks.cmi,10559
2026-07-28T18:02:55Z,a160052ab46b811cc9a9b6484c69f255fe82d9d6,6342,size_in_bytes,lib/ocaml/compiler-libs/blambda.cmi,17028
2026-07-28T18:02:55Z,a160052ab46b811cc9a9b6484c69f255fe82d9d6,6342,size_in_bytes,lib/ocaml/compiler-libs/genprintval.cmi,15147
2026-07-28T18:02:55Z,a160052ab46b811cc9a9b6484c69f255fe82d9d6,6342,size_in_bytes,lib/ocaml/compiler-libs/flambda2_types__Join_levels.cmi,7972
2026-07-28T18:02:55Z,a160052ab46b811cc9a9b6484c69f255fe82d9d6,6342,size_in_bytes,lib/ocaml/compiler-libs/meta.cmi,4744
2026-07-28T18:02:55Z,a160052ab46b811cc9a9b6484c69f255fe82d9d6,6342,size_in_bytes,lib/ocaml/compiler-libs/dwarf_low.cmi,6350
2026-07-28T18:02:55Z,a160052ab46b811cc9a9b6484c69f255fe82d9d6,6342,size_in_bytes,lib/ocaml/compiler-libs/flambda2_terms__Regalloc_attribute.cmi,7817
2026-07-28T18:02:55Z,a160052ab46b811cc9a9b6484c69f255fe82d9d6,6342,size_in_bytes,lib/ocaml/compiler-libs/flambda2_floats__Float32.cmi,4378
2026-07-28T18:02:55Z,a160052ab46b811cc9a9b6484c69f255fe82d9d6,6342,size_in_bytes,lib/ocaml/compiler-libs/static_label.cmi,55243
2026-07-28T18:02:55Z,a160052ab46b811cc9a9b6484c69f255fe82d9d6,6342,size_in_bytes,lib/ocaml/compiler-libs/flambda2_reaper__Analysis.cmi,14044
2026-07-28T18:02:55Z,a160052ab46b811cc9a9b6484c69f255fe82d9d6,6342,size_in_bytes,lib/ocaml/compiler-libs/regalloc_ls_utils.cmi,24003
2026-07-28T18:02:55Z,a160052ab46b811cc9a9b6484c69f255fe82d9d6,6342,size_in_bytes,lib/ocaml/compiler-libs/stack_reg_offset.cmi,1171
2026-07-28T18:02:55Z,a160052ab46b811cc9a9b6484c69f255fe82d9d6,6342,size_in_bytes,lib/ocaml/compiler-libs/flambda2_kinds.cmi,578
2026-07-28T18:02:55Z,a160052ab46b811cc9a9b6484c69f255fe82d9d6,6342,size_in_bytes,lib/ocaml/compiler-libs/flambda2_simplify__Simplify_named_result.cmi,13744
2026-07-28T18:02:55Z,a160052ab46b811cc9a9b6484c69f255fe82d9d6,6342,size_in_bytes,lib/ocaml/compiler-libs/cfg_dominators.cmi,12818
2026-07-28T18:02:55Z,a160052ab46b811cc9a9b6484c69f255fe82d9d6,6342,size_in_bytes,lib/ocaml/compiler-libs/flambda2_terms__Probe.cmi,7385
2026-07-28T18:02:55Z,a160052ab46b811cc9a9b6484c69f255fe82d9d6,6342,size_in_bytes,lib/ocaml/compiler-libs/flambda2_bound_identifiers__Bound_parameter.cmi,64221
2026-07-28T18:02:55Z,a160052ab46b811cc9a9b6484c69f255fe82d9d6,6342,size_in_bytes,lib/ocaml/compiler-libs/flambda2_parser__Fexpr_to_flambda.cmi,10008
2026-07-28T18:02:55Z,a160052ab46b811cc9a9b6484c69f255fe82d9d6,6342,size_in_bytes,lib/ocaml/compiler-libs/flambda2_reaper__Points_to_analysis.cmi,30945
2026-07-28T18:02:55Z,a160052ab46b811cc9a9b6484c69f255fe82d9d6,6342,size_in_bytes,lib/ocaml/compiler-libs/flambda2_reaper__Unboxing_analysis.cmi,16408
2026-07-28T18:02:55Z,a160052ab46b811cc9a9b6484c69f255fe82d9d6,6342,size_in_bytes,lib/ocaml/compiler-libs/instantiator.cmi,7882
2026-07-28T18:02:55Z,a160052ab46b811cc9a9b6484c69f255fe82d9d6,6342,size_in_bytes,lib/ocaml/compiler-libs/flambda2_parser__Fexpr_prim.cmi,40219
2026-07-28T18:02:55Z,a160052ab46b811cc9a9b6484c69f255fe82d9d6,6342,size_in_bytes,lib/ocaml/compiler-libs/flambda2_from_lambda__Lambda_to_flambda_env.cmi,20865
2026-07-28T18:02:55Z,a160052ab46b811cc9a9b6484c69f255fe82d9d6,6342,size_in_bytes,lib/ocaml/compiler-libs/flambda2_to_jsir__To_jsir_primitive.cmi,9160
2026-07-28T18:02:55Z,a160052ab46b811cc9a9b6484c69f255fe82d9d6,6342,size_in_bytes,lib/ocaml/compiler-libs/flambda2_identifiers__Reg_width_const.cmi,17464
2026-07-28T18:02:55Z,a160052ab46b811cc9a9b6484c69f255fe82d9d6,6342,size_in_bytes,lib/ocaml/compiler-libs/flambda2_simplify__Simplify_let_expr.cmi,11721
2026-07-28T18:02:55Z,a160052ab46b811cc9a9b6484c69f255fe82d9d6,6342,size_in_bytes,lib/ocaml/compiler-libs/dwarf_low__Dwarf_operator.cmi,18140
2026-07-28T18:02:55Z,a160052ab46b811cc9a9b6484c69f255fe82d9d6,6342,size_in_bytes,lib/ocaml/compiler-libs/flambda2_simplify__Continuation_extra_params_and_args.cmi,15365
2026-07-28T18:02:55Z,a160052ab46b811cc9a9b6484c69f255fe82d9d6,6342,size_in_bytes,lib/ocaml/compiler-libs/flambda2_terms__Code_size.cmi,12324
2026-07-28T18:02:55Z,a160052ab46b811cc9a9b6484c69f255fe82d9d6,6342,size_in_bytes,lib/ocaml/compiler-libs/bytepackager.cmi,4167
2026-07-28T18:02:55Z,a160052ab46b811cc9a9b6484c69f255fe82d9d6,6342,size_in_bytes,lib/ocaml/compiler-libs/dwarf_low__Address_table.cmi,2992
2026-07-28T18:02:55Z,a160052ab46b811cc9a9b6484c69f255fe82d9d6,6342,size_in_bytes,lib/ocaml/compiler-libs/optcompile.cmi,19737
2026-07-28T18:02:55Z,a160052ab46b811cc9a9b6484c69f255fe82d9d6,6342,size_in_bytes,lib/ocaml/compiler-libs/translquote.cmi,3356
2026-07-28T18:02:55Z,a160052ab46b811cc9a9b6484c69f255fe82d9d6,6342,size_in_bytes,lib/ocaml/compiler-libs/printlinear.cmi,11971
2026-07-28T18:02:55Z,a160052ab46b811cc9a9b6484c69f255fe82d9d6,6342,size_in_bytes,lib/ocaml/compiler-libs/flambda2_identifiers__Value_slot.cmi,78974
2026-07-28T18:02:55Z,a160052ab46b811cc9a9b6484c69f255fe82d9d6,6342,size_in_bytes,lib/ocaml/compiler-libs/mtype.cmi,12996
2026-07-28T18:02:55Z,a160052ab46b811cc9a9b6484c69f255fe82d9d6,6342,size_in_bytes,lib/ocaml/compiler-libs/printblambda.cmi,5347
2026-07-28T18:02:55Z,a160052ab46b811cc9a9b6484c69f255fe82d9d6,6342,size_in_bytes,lib/ocaml/compiler-libs/flambda2_to_cmm__To_cmm_static.cmi,11021
2026-07-28T18:02:55Z,a160052ab46b811cc9a9b6484c69f255fe82d9d6,6342,size_in_bytes,lib/ocaml/compiler-libs/flambda2_simplify__Simplify_primitive.cmi,11456
2026-07-28T18:02:55Z,a160052ab46b811cc9a9b6484c69f255fe82d9d6,6342,size_in_bytes,lib/ocaml/compiler-libs/flambda2_simplify__Continuation_in_env.cmi,11362
2026-07-28T18:02:55Z,a160052ab46b811cc9a9b6484c69f255fe82d9d6,6342,size_in_bytes,lib/ocaml/compiler-libs/flambda2_terms__Set_of_closures.cmi,65544
2026-07-28T18:02:55Z,a160052ab46b811cc9a9b6484c69f255fe82d9d6,6342,size_in_bytes,lib/ocaml/compiler-libs/flambda2_identifiers__Named_rewrite_id.cmi,56972
2026-07-28T18:02:55Z,a160052ab46b811cc9a9b6484c69f255fe82d9d6,6342,size_in_bytes,lib/ocaml/compiler-libs/tast_mapper.cmi,19106
2026-07-28T18:02:55Z,a160052ab46b811cc9a9b6484c69f255fe82d9d6,6342,size_in_bytes,lib/ocaml/compiler-libs/flambda2_terms__First_complex_local_param.cmi,7280
2026-07-28T18:02:55Z,a160052ab46b811cc9a9b6484c69f255fe82d9d6,6342,size_in_bytes,lib/ocaml/compiler-libs/load_path.cmi,8108
2026-07-28T18:02:55Z,a160052ab46b811cc9a9b6484c69f255fe82d9d6,6342,size_in_bytes,lib/ocaml/compiler-libs/dwarf_low__Location_or_range_list_table.cmi,4850
2026-07-28T18:02:55Z,a160052ab46b811cc9a9b6484c69f255fe82d9d6,6342,size_in_bytes,lib/ocaml/compiler-libs/cm_bundle.cmi,2492
2026-07-28T18:02:55Z,a160052ab46b811cc9a9b6484c69f255fe82d9d6,6342,size_in_bytes,lib/ocaml/compiler-libs/emitaux.cmi,26968
2026-07-28T18:02:55Z,a160052ab46b811cc9a9b6484c69f255fe82d9d6,6342,size_in_bytes,lib/ocaml/compiler-libs/generic_fns.cmi,27873
2026-07-28T18:02:55Z,a160052ab46b811cc9a9b6484c69f255fe82d9d6,6342,size_in_bytes,lib/ocaml/compiler-libs/dwarf_inlined_frames.cmi,12575
2026-07-28T18:02:55Z,a160052ab46b811cc9a9b6484c69f255fe82d9d6,6342,size_in_bytes,lib/ocaml/compiler-libs/value_rec_types.cmi,513
2026-07-28T18:02:55Z,a160052ab46b811cc9a9b6484c69f255fe82d9d6,6342,size_in_bytes,lib/ocaml/compiler-libs/ikind.cmi,9032
2026-07-28T18:02:55Z,a160052ab46b811cc9a9b6484c69f255fe82d9d6,6342,size_in_bytes,lib/ocaml/compiler-libs/flambda2_types__Typing_env_level.cmi,13331
2026-07-28T18:02:55Z,a160052ab46b811cc9a9b6484c69f255fe82d9d6,6342,size_in_bytes,lib/ocaml/compiler-libs/regalloc_irc_utils.cmi,17143
2026-07-28T18:02:55Z,a160052ab46b811cc9a9b6484c69f255fe82d9d6,6342,size_in_bytes,lib/ocaml/compiler-libs/flambda2_parser__Fexpr_prim_descr.cmi,36803
2026-07-28T18:02:55Z,a160052ab46b811cc9a9b6484c69f255fe82d9d6,6342,size_in_bytes,lib/ocaml/compiler-libs/flambda2_simplify__Simplify_nullary_primitive.cmi,11623
2026-07-28T18:02:55Z,a160052ab46b811cc9a9b6484c69f255fe82d9d6,6342,size_in_bytes,lib/ocaml/compiler-libs/flambda2_simplify__Reification.cmi,11684
2026-07-28T18:02:55Z,a160052ab46b811cc9a9b6484c69f255fe82d9d6,6342,size_in_bytes,lib/ocaml/compiler-libs/annot.cmi,1661
2026-07-28T18:02:55Z,a160052ab46b811cc9a9b6484c69f255fe82d9d6,6342,size_in_bytes,lib/ocaml/compiler-libs/flambda2_simplify__Simplify_set_of_closures.cmi,13948
2026-07-28T18:02:55Z,a160052ab46b811cc9a9b6484c69f255fe82d9d6,6342,size_in_bytes,lib/ocaml/compiler-libs/symbol_table.cmi,6546
2026-07-28T18:02:55Z,a160052ab46b811cc9a9b6484c69f255fe82d9d6,6342,size_in_bytes,lib/ocaml/compiler-libs/out_type.cmi,28060
2026-07-28T18:02:55Z,a160052ab46b811cc9a9b6484c69f255fe82d9d6,6342,size_in_bytes,lib/ocaml/compiler-libs/dwarf_low__Debug_info_section.cmi,3407
2026-07-28T18:02:55Z,a160052ab46b811cc9a9b6484c69f255fe82d9d6,6342,size_in_bytes,lib/ocaml/compiler-libs/btype.cmi,172407
2026-07-28T18:02:55Z,a160052ab46b811cc9a9b6484c69f255fe82d9d6,6342,size_in_bytes,lib/ocaml/compiler-libs/regalloc_gi_utils.cmi,26863
2026-07-28T18:02:55Z,a160052ab46b811cc9a9b6484c69f255fe82d9d6,6342,size_in_bytes,lib/ocaml/compiler-libs/matching.cmi,11132
2026-07-28T18:02:55Z,a160052ab46b811cc9a9b6484c69f255fe82d9d6,6342,size_in_bytes,lib/ocaml/compiler-libs/value_rec_compiler.cmi,3182
2026-07-28T18:02:55Z,a160052ab46b811cc9a9b6484c69f255fe82d9d6,6342,size_in_bytes,lib/ocaml/compiler-libs/flambda2_simplify__Simplify_let_cont_expr.cmi,12065
2026-07-28T18:02:55Z,a160052ab46b811cc9a9b6484c69f255fe82d9d6,6342,size_in_bytes,lib/ocaml/compiler-libs/select_utils.cmi,40748
2026-07-28T18:02:55Z,a160052ab46b811cc9a9b6484c69f255fe82d9d6,6342,size_in_bytes,lib/ocaml/compiler-libs/printoperation.cmi,12024
2026-07-28T18:02:55Z,a160052ab46b811cc9a9b6484c69f255fe82d9d6,6342,size_in_bytes,lib/ocaml/compiler-libs/flambda2_bound_identifiers__Bound_for_function.cmi,10574
2026-07-28T18:02:55Z,a160052ab46b811cc9a9b6484c69f255fe82d9d6,6342,size_in_bytes,lib/ocaml/compiler-libs/asm_targets.cmi,822
2026-07-28T18:02:55Z,a160052ab46b811cc9a9b6484c69f255fe82d9d6,6342,size_in_bytes,lib/ocaml/compiler-libs/format_doc.cmi,35466
2026-07-28T18:02:55Z,a160052ab46b811cc9a9b6484c69f255fe82d9d6,6342,size_in_bytes,lib/ocaml/compiler-libs/flambda2_types__Meet_env.cmi,19375
2026-07-28T18:02:55Z,a160052ab46b811cc9a9b6484c69f255fe82d9d6,6342,size_in_bytes,lib/ocaml/compiler-libs/flambda2_terms__Switch_expr.cmi,10598
2026-07-28T18:02:55Z,a160052ab46b811cc9a9b6484c69f255fe82d9d6,6342,size_in_bytes,lib/ocaml/compiler-libs/arm64_binary_emitter__Add_sub_helpers.cmi,6680
2026-07-28T18:02:55Z,a160052ab46b811cc9a9b6484c69f255fe82d9d6,6342,size_in_bytes,lib/ocaml/compiler-libs/dwarf_low__Aranges_table.cmi,2412
2026-07-28T18:02:55Z,a160052ab46b811cc9a9b6484c69f255fe82d9d6,6342,size_in_bytes,lib/ocaml/compiler-libs/cmm.cmi,60457
2026-07-28T18:02:55Z,a160052ab46b811cc9a9b6484c69f255fe82d9d6,6342,size_in_bytes,lib/ocaml/compiler-libs/dwarf_low__Debug_loc_table.cmi,3394
2026-07-28T18:02:55Z,a160052ab46b811cc9a9b6484c69f255fe82d9d6,6342,size_in_bytes,lib/ocaml/compiler-libs/env.cmi,142867
2026-07-28T18:02:55Z,a160052ab46b811cc9a9b6484c69f255fe82d9d6,6342,size_in_bytes,lib/ocaml/compiler-libs/jit_backend.cmi,22150
2026-07-28T18:02:55Z,a160052ab46b811cc9a9b6484c69f255fe82d9d6,6342,size_in_bytes,lib/ocaml/compiler-libs/lazy_backtrack.cmi,3592
2026-07-28T18:02:55Z,a160052ab46b811cc9a9b6484c69f255fe82d9d6,6342,size_in_bytes,lib/ocaml/ocaml-jit/jit.cmi,5373
2026-07-28T18:02:55Z,a160052ab46b811cc9a9b6484c69f255fe82d9d6,6342,size_in_bytes,lib/ocaml/stdlib_beta/stdlib_beta.cmi,229
2026-07-28T18:02:55Z,a160052ab46b811cc9a9b6484c69f255fe82d9d6,6342,size_in_bytes,lib/ocaml/str/str.cmi,10664
2026-07-28T18:02:55Z,a160052ab46b811cc9a9b6484c69f255fe82d9d6,6342,size_in_bytes,lib/ocaml/stdlib_upstream_compatible/stdlib_upstream_compatible__Int64_u.cmi,11501
2026-07-28T18:02:55Z,a160052ab46b811cc9a9b6484c69f255fe82d9d6,6342,size_in_bytes,lib/ocaml/stdlib_upstream_compatible/stdlib_upstream_compatible.cmi,799
2026-07-28T18:02:55Z,a160052ab46b811cc9a9b6484c69f255fe82d9d6,6342,size_in_bytes,lib/ocaml/stdlib_upstream_compatible/stdlib_upstream_compatible__Float_u.cmi,15817
2026-07-28T18:02:55Z,a160052ab46b811cc9a9b6484c69f255fe82d9d6,6342,size_in_bytes,lib/ocaml/stdlib_upstream_compatible/stdlib_upstream_compatible__Int32_u.cmi,9677
2026-07-28T18:02:55Z,a160052ab46b811cc9a9b6484c69f255fe82d9d6,6342,size_in_bytes,lib/ocaml/stdlib_upstream_compatible/stdlib_upstream_compatible__Nativeint_u.cmi,10282
2026-07-28T18:02:55Z,a160052ab46b811cc9a9b6484c69f255fe82d9d6,6342,size_in_bytes,lib/ocaml/stdlib_upstream_compatible/stdlib_upstream_compatible__.cmi,1095
2026-07-28T18:02:55Z,a160052ab46b811cc9a9b6484c69f255fe82d9d6,6342,size_in_bytes,lib/ocaml/threads/thread.cmi,8492
2026-07-28T18:02:55Z,a160052ab46b811cc9a9b6484c69f255fe82d9d6,6342,size_in_bytes,lib/ocaml/threads/event.cmi,4247
2026-07-28T18:02:55Z,a160052ab46b811cc9a9b6484c69f255fe82d9d6,6342,size_in_bytes,lib/ocaml/threads/multicore.cmi,2253
2026-07-28T18:02:55Z,a160052ab46b811cc9a9b6484c69f255fe82d9d6,6342,size_in_bytes,lib/ocaml/stdlib_alpha/stdlib_alpha.cmi,231
2026-07-28T18:02:55Z,a160052ab46b811cc9a9b6484c69f255fe82d9d6,6342,size_in_bytes,lib/ocaml/compiler_owee__Unix_intf.cmx,585
2026-07-28T18:02:55Z,a160052ab46b811cc9a9b6484c69f255fe82d9d6,6342,size_in_bytes,lib/ocaml/camlinternalAtomic.cmx,10002
2026-07-28T18:02:55Z,a160052ab46b811cc9a9b6484c69f255fe82d9d6,6342,size_in_bytes,lib/ocaml/stdlib__Backoff.cmx,8628
2026-07-28T18:02:55Z,a160052ab46b811cc9a9b6484c69f255fe82d9d6,6342,size_in_bytes,lib/ocaml/compiler_owee__Owee_elf_notes.cmx,121869
2026-07-28T18:02:55Z,a160052ab46b811cc9a9b6484c69f255fe82d9d6,6342,size_in_bytes,lib/ocaml/stdlib__List.cmx,206524
2026-07-28T18:02:55Z,a160052ab46b811cc9a9b6484c69f255fe82d9d6,6342,size_in_bytes,lib/ocaml/stdlib__Gc.cmx,45335
2026-07-28T18:02:55Z,a160052ab46b811cc9a9b6484c69f255fe82d9d6,6342,size_in_bytes,lib/ocaml/stdlib__In_channel.cmx,19399
2026-07-28T18:02:55Z,a160052ab46b811cc9a9b6484c69f255fe82d9d6,6342,size_in_bytes,lib/ocaml/stdlib__Weak.cmx,238398
2026-07-28T18:02:55Z,a160052ab46b811cc9a9b6484c69f255fe82d9d6,6342,size_in_bytes,lib/ocaml/stdlib__StringLabels.cmx,6542
2026-07-28T18:02:55Z,a160052ab46b811cc9a9b6484c69f255fe82d9d6,6342,size_in_bytes,lib/ocaml/stdlib__Quote.cmx,9629
2026-07-28T18:02:55Z,a160052ab46b811cc9a9b6484c69f255fe82d9d6,6342,size_in_bytes,lib/ocaml/dynlink_compilerlibs__Axis_lattice.cmx,205730
2026-07-28T18:02:55Z,a160052ab46b811cc9a9b6484c69f255fe82d9d6,6342,size_in_bytes,lib/ocaml/stdlib__Int64.cmx,35061
2026-07-28T18:02:55Z,a160052ab46b811cc9a9b6484c69f255fe82d9d6,6342,size_in_bytes,lib/ocaml/stdlib__Ephemeron.cmx,939373
2026-07-28T18:02:55Z,a160052ab46b811cc9a9b6484c69f255fe82d9d6,6342,size_in_bytes,lib/ocaml/stdlib__BytesLabels.cmx,8409
2026-07-28T18:02:55Z,a160052ab46b811cc9a9b6484c69f255fe82d9d6,6342,size_in_bytes,lib/ocaml/stdlib__Lazy.cmx,35173
2026-07-28T18:02:55Z,a160052ab46b811cc9a9b6484c69f255fe82d9d6,6342,size_in_bytes,lib/ocaml/stdlib__Sys.cmx,16338
2026-07-28T18:02:55Z,a160052ab46b811cc9a9b6484c69f255fe82d9d6,6342,size_in_bytes,lib/ocaml/stdlib__Semaphore.cmx,8450
2026-07-28T18:02:55Z,a160052ab46b811cc9a9b6484c69f255fe82d9d6,6342,size_in_bytes,lib/ocaml/stdlib__Random.cmx,230670
2026-07-28T18:02:55Z,a160052ab46b811cc9a9b6484c69f255fe82d9d6,6342,size_in_bytes,lib/ocaml/stdlib__Pqueue.cmx,79561
2026-07-28T18:02:55Z,a160052ab46b811cc9a9b6484c69f255fe82d9d6,6342,size_in_bytes,lib/ocaml/compiler_owee__Owee_elf_relocation.cmx,61861
2026-07-28T18:02:55Z,a160052ab46b811cc9a9b6484c69f255fe82d9d6,6342,size_in_bytes,lib/ocaml/camlinternalFormatBasics.cmx,11526
2026-07-28T18:02:55Z,a160052ab46b811cc9a9b6484c69f255fe82d9d6,6342,size_in_bytes,lib/ocaml/stdlib__Effect.cmx,49739
2026-07-28T18:02:55Z,a160052ab46b811cc9a9b6484c69f255fe82d9d6,6342,size_in_bytes,lib/ocaml/stdlib__Mutex.cmx,6913
2026-07-28T18:02:55Z,a160052ab46b811cc9a9b6484c69f255fe82d9d6,6342,size_in_bytes,lib/ocaml/stdlib__Bool.cmx,15649
2026-07-28T18:02:55Z,a160052ab46b811cc9a9b6484c69f255fe82d9d6,6342,size_in_bytes,lib/ocaml/camlinternalOO.cmx,34212
2026-07-28T18:02:55Z,a160052ab46b811cc9a9b6484c69f255fe82d9d6,6342,size_in_bytes,lib/ocaml/stdlib__Filename.cmx,357108
2026-07-28T18:02:55Z,a160052ab46b811cc9a9b6484c69f255fe82d9d6,6342,size_in_bytes,lib/ocaml/stdlib__Oo.cmx,711
2026-07-28T18:02:55Z,a160052ab46b811cc9a9b6484c69f255fe82d9d6,6342,size_in_bytes,lib/ocaml/compiler_owee__Owee_object.cmx,191067
2026-07-28T18:02:55Z,a160052ab46b811cc9a9b6484c69f255fe82d9d6,6342,size_in_bytes,lib/ocaml/stdlib__Modes.cmx,642
2026-07-28T18:02:55Z,a160052ab46b811cc9a9b6484c69f255fe82d9d6,6342,size_in_bytes,lib/ocaml/stdlib__Printexc.cmx,198515
2026-07-28T18:02:55Z,a160052ab46b811cc9a9b6484c69f255fe82d9d6,6342,size_in_bytes,lib/ocaml/dynlink_compilerlibs__Ldd_intf.cmx,2139
2026-07-28T18:02:55Z,a160052ab46b811cc9a9b6484c69f255fe82d9d6,6342,size_in_bytes,lib/ocaml/stdlib__Either.cmx,29731
2026-07-28T18:02:55Z,a160052ab46b811cc9a9b6484c69f255fe82d9d6,6342,size_in_bytes,lib/ocaml/compiler_owee__Owee_elf_string_table.cmx,25636
2026-07-28T18:02:55Z,a160052ab46b811cc9a9b6484c69f255fe82d9d6,6342,size_in_bytes,lib/ocaml/stdlib__Seq.cmx,174429
2026-07-28T18:02:55Z,a160052ab46b811cc9a9b6484c69f255fe82d9d6,6342,size_in_bytes,lib/ocaml/stdlib__ArrayLabels.cmx,4321
2026-07-28T18:02:55Z,a160052ab46b811cc9a9b6484c69f255fe82d9d6,6342,size_in_bytes,lib/ocaml/compiler_owee__Owee_debug_line.cmx,19710
2026-07-28T18:02:55Z,a160052ab46b811cc9a9b6484c69f255fe82d9d6,6342,size_in_bytes,lib/ocaml/stdlib__Float.cmx,217094
2026-07-28T18:02:55Z,a160052ab46b811cc9a9b6484c69f255fe82d9d6,6342,size_in_bytes,lib/ocaml/stdlib__Complex.cmx,45369
2026-07-28T18:02:55Z,a160052ab46b811cc9a9b6484c69f255fe82d9d6,6342,size_in_bytes,lib/ocaml/stdlib__Nativeint.cmx,36468
2026-07-28T18:02:55Z,a160052ab46b811cc9a9b6484c69f255fe82d9d6,6342,size_in_bytes,lib/ocaml/compiler_owee__Owee_location.cmx,39222
2026-07-28T18:02:55Z,a160052ab46b811cc9a9b6484c69f255fe82d9d6,6342,size_in_bytes,lib/ocaml/compiler_owee__Owee_linux_maps.cmx,41546
2026-07-28T18:02:55Z,a160052ab46b811cc9a9b6484c69f255fe82d9d6,6342,size_in_bytes,lib/ocaml/compiler_owee__Owee_marker.cmx,106418
2026-07-28T18:02:55Z,a160052ab46b811cc9a9b6484c69f255fe82d9d6,6342,size_in_bytes,lib/ocaml/stdlib__Int.cmx,13258
2026-07-28T18:02:55Z,a160052ab46b811cc9a9b6484c69f255fe82d9d6,6342,size_in_bytes,lib/ocaml/stdlib__Bytes.cmx,371866
2026-07-28T18:02:55Z,a160052ab46b811cc9a9b6484c69f255fe82d9d6,6342,size_in_bytes,lib/ocaml/stdlib__Stack.cmx,36666
2026-07-28T18:02:55Z,a160052ab46b811cc9a9b6484c69f255fe82d9d6,6342,size_in_bytes,lib/ocaml/camlinternalFormat.cmx,208946
2026-07-28T18:02:55Z,a160052ab46b811cc9a9b6484c69f255fe82d9d6,6342,size_in_bytes,lib/ocaml/camlinternalQuote.cmx,433216
2026-07-28T18:02:55Z,a160052ab46b811cc9a9b6484c69f255fe82d9d6,6342,size_in_bytes,lib/ocaml/stdlib__Obj.cmx,77398
2026-07-28T18:02:55Z,a160052ab46b811cc9a9b6484c69f255fe82d9d6,6342,size_in_bytes,lib/ocaml/stdlib__Domain.cmx,237308
2026-07-28T18:02:55Z,a160052ab46b811cc9a9b6484c69f255fe82d9d6,6342,size_in_bytes,lib/ocaml/compiler_owee__Owee_macho.cmx,105424
2026-07-28T18:02:55Z,a160052ab46b811cc9a9b6484c69f255fe82d9d6,6342,size_in_bytes,lib/ocaml/stdlib__Result.cmx,48860
2026-07-28T18:02:55Z,a160052ab46b811cc9a9b6484c69f255fe82d9d6,6342,size_in_bytes,lib/ocaml/dynlink_compilerlibs__Ldd.cmx,592818
2026-07-28T18:02:55Z,a160052ab46b811cc9a9b6484c69f255fe82d9d6,6342,size_in_bytes,lib/ocaml/compiler_owee__Owee_traverse.cmx,88500
2026-07-28T18:02:55Z,a160052ab46b811cc9a9b6484c69f255fe82d9d6,6342,size_in_bytes,lib/ocaml/stdlib.cmx,215767
2026-07-28T18:02:55Z,a160052ab46b811cc9a9b6484c69f255fe82d9d6,6342,size_in_bytes,lib/ocaml/std_exit.cmx,474
2026-07-28T18:02:55Z,a160052ab46b811cc9a9b6484c69f255fe82d9d6,6342,size_in_bytes,lib/ocaml/stdlib__Parsing.cmx,66338
2026-07-28T18:02:55Z,a160052ab46b811cc9a9b6484c69f255fe82d9d6,6342,size_in_bytes,lib/ocaml/stdlib__Int32.cmx,34741
2026-07-28T18:02:55Z,a160052ab46b811cc9a9b6484c69f255fe82d9d6,6342,size_in_bytes,lib/ocaml/stdlib__Queue.cmx,54597
2026-07-28T18:02:55Z,a160052ab46b811cc9a9b6484c69f255fe82d9d6,6342,size_in_bytes,lib/ocaml/stdlib__Hashtbl.cmx,477728
2026-07-28T18:02:55Z,a160052ab46b811cc9a9b6484c69f255fe82d9d6,6342,size_in_bytes,lib/ocaml/dynlink_compilerlibs__Misc.cmx,2149458
2026-07-28T18:02:55Z,a160052ab46b811cc9a9b6484c69f255fe82d9d6,6342,size_in_bytes,lib/ocaml/stdlib__Pair.cmx,11201
2026-07-28T18:02:55Z,a160052ab46b811cc9a9b6484c69f255fe82d9d6,6342,size_in_bytes,lib/ocaml/stdlib__Unit.cmx,3693
2026-07-28T18:02:55Z,a160052ab46b811cc9a9b6484c69f255fe82d9d6,6342,size_in_bytes,lib/ocaml/stdlib__Iarray.cmx,172293
2026-07-28T18:02:55Z,a160052ab46b811cc9a9b6484c69f255fe82d9d6,6342,size_in_bytes,lib/ocaml/stdlib__ListLabels.cmx,6338
2026-07-28T18:02:55Z,a160052ab46b811cc9a9b6484c69f255fe82d9d6,6342,size_in_bytes,lib/ocaml/stdlib__Fun.cmx,13732
2026-07-28T18:02:55Z,a160052ab46b811cc9a9b6484c69f255fe82d9d6,6342,size_in_bytes,lib/ocaml/stdlib__Lexing.cmx,91810
2026-07-28T18:02:55Z,a160052ab46b811cc9a9b6484c69f255fe82d9d6,6342,size_in_bytes,lib/ocaml/stdlib__Array.cmx,204125
2026-07-28T18:02:55Z,a160052ab46b811cc9a9b6484c69f255fe82d9d6,6342,size_in_bytes,lib/ocaml/stdlib__Arg.cmx,183120
2026-07-28T18:02:55Z,a160052ab46b811cc9a9b6484c69f255fe82d9d6,6342,size_in_bytes,lib/ocaml/stdlib__Format.cmx,1076371
2026-07-28T18:02:55Z,a160052ab46b811cc9a9b6484c69f255fe82d9d6,6342,size_in_bytes,lib/ocaml/compiler_owee__Owee_form.cmx,13868
2026-07-28T18:02:55Z,a160052ab46b811cc9a9b6484c69f255fe82d9d6,6342,size_in_bytes,lib/ocaml/stdlib__Dynarray.cmx,58201
2026-07-28T18:02:55Z,a160052ab46b811cc9a9b6484c69f255fe82d9d6,6342,size_in_bytes,lib/ocaml/stdlib__Scanf.cmx,272796
2026-07-28T18:02:55Z,a160052ab46b811cc9a9b6484c69f255fe82d9d6,6342,size_in_bytes,lib/ocaml/compiler_owee__Owee_archive.cmx,14316
2026-07-28T18:02:55Z,a160052ab46b811cc9a9b6484c69f255fe82d9d6,6342,size_in_bytes,lib/ocaml/stdlib__Uchar.cmx,48095
2026-07-28T18:02:55Z,a160052ab46b811cc9a9b6484c69f255fe82d9d6,6342,size_in_bytes,lib/ocaml/eval.cmx,36875
2026-07-28T18:02:55Z,a160052ab46b811cc9a9b6484c69f255fe82d9d6,6342,size_in_bytes,lib/ocaml/compiler_owee__Owee_graph.cmx,171363
2026-07-28T18:02:55Z,a160052ab46b811cc9a9b6484c69f255fe82d9d6,6342,size_in_bytes,lib/ocaml/stdlib__Atomic.cmx,6331
2026-07-28T18:02:55Z,a160052ab46b811cc9a9b6484c69f255fe82d9d6,6342,size_in_bytes,lib/ocaml/stdlib__Digest.cmx,212844
2026-07-28T18:02:55Z,a160052ab46b811cc9a9b6484c69f255fe82d9d6,6342,size_in_bytes,lib/ocaml/stdlib__Repr.cmx,559
2026-07-28T18:02:55Z,a160052ab46b811cc9a9b6484c69f255fe82d9d6,6342,size_in_bytes,lib/ocaml/stdlib__Type.cmx,5509
2026-07-28T18:02:55Z,a160052ab46b811cc9a9b6484c69f255fe82d9d6,6342,size_in_bytes,lib/ocaml/camlinternalComprehension.cmx,6381
2026-07-28T18:02:55Z,a160052ab46b811cc9a9b6484c69f255fe82d9d6,6342,size_in_bytes,lib/ocaml/stdlib__Printf.cmx,70852
2026-07-28T18:02:55Z,a160052ab46b811cc9a9b6484c69f255fe82d9d6,6342,size_in_bytes,lib/ocaml/stdlib__Buffer.cmx,239170
2026-07-28T18:02:55Z,a160052ab46b811cc9a9b6484c69f255fe82d9d6,6342,size_in_bytes,lib/ocaml/compiler_owee__Owee_buf.cmx,126117
2026-07-28T18:02:55Z,a160052ab46b811cc9a9b6484c69f255fe82d9d6,6342,size_in_bytes,lib/ocaml/stdlib__Out_channel.cmx,14658
2026-07-28T18:02:55Z,a160052ab46b811cc9a9b6484c69f255fe82d9d6,6342,size_in_bytes,lib/ocaml/stdlib__StdLabels.cmx,414
2026-07-28T18:02:55Z,a160052ab46b811cc9a9b6484c69f255fe82d9d6,6342,size_in_bytes,lib/ocaml/stdlib__Marshal.cmx,21216
2026-07-28T18:02:55Z,a160052ab46b811cc9a9b6484c69f255fe82d9d6,6342,size_in_bytes,lib/ocaml/camlinternalMod.cmx,2909
2026-07-28T18:02:55Z,a160052ab46b811cc9a9b6484c69f255fe82d9d6,6342,size_in_bytes,lib/ocaml/stdlib__Char.cmx,59574
2026-07-28T18:02:55Z,a160052ab46b811cc9a9b6484c69f255fe82d9d6,6342,size_in_bytes,lib/ocaml/stdlib__Dynamic.cmx,8022
2026-07-28T18:02:55Z,a160052ab46b811cc9a9b6484c69f255fe82d9d6,6342,size_in_bytes,lib/ocaml/stdlib__Option.cmx,29991
2026-07-28T18:02:55Z,a160052ab46b811cc9a9b6484c69f255fe82d9d6,6342,size_in_bytes,lib/ocaml/stdlib__Map.cmx,798735
2026-07-28T18:02:55Z,a160052ab46b811cc9a9b6484c69f255fe82d9d6,6342,size_in_bytes,lib/ocaml/compiler_owee.cmx,852
2026-07-28T18:02:55Z,a160052ab46b811cc9a9b6484c69f255fe82d9d6,6342,size_in_bytes,lib/ocaml/stdlib__String.cmx,282402
2026-07-28T18:02:55Z,a160052ab46b811cc9a9b6484c69f255fe82d9d6,6342,size_in_bytes,lib/ocaml/stdlib__Set.cmx,796127
2026-07-28T18:02:55Z,a160052ab46b811cc9a9b6484c69f255fe82d9d6,6342,size_in_bytes,lib/ocaml/compiler_owee__Owee_interval_map.cmx,48271
2026-07-28T18:02:55Z,a160052ab46b811cc9a9b6484c69f255fe82d9d6,6342,size_in_bytes,lib/ocaml/stdlib__MoreLabels.cmx,925
2026-07-28T18:02:55Z,a160052ab46b811cc9a9b6484c69f255fe82d9d6,6342,size_in_bytes,lib/ocaml/gc_timings.cmx,4960
2026-07-28T18:02:55Z,a160052ab46b811cc9a9b6484c69f255fe82d9d6,6342,size_in_bytes,lib/ocaml/stdlib__Bigarray.cmx,139560
2026-07-28T18:02:55Z,a160052ab46b811cc9a9b6484c69f255fe82d9d6,6342,size_in_bytes,lib/ocaml/compiler_owee__Owee_elf.cmx,392224
2026-07-28T18:02:55Z,a160052ab46b811cc9a9b6484c69f255fe82d9d6,6342,size_in_bytes,lib/ocaml/stdlib__Callback.cmx,11634
2026-07-28T18:02:55Z,a160052ab46b811cc9a9b6484c69f255fe82d9d6,6342,size_in_bytes,lib/ocaml/camlinternalLazy.cmx,30048
2026-07-28T18:02:55Z,a160052ab46b811cc9a9b6484c69f255fe82d9d6,6342,size_in_bytes,lib/ocaml/stdlib__Condition.cmx,6647
2026-07-28T18:02:55Z,a160052ab46b811cc9a9b6484c69f255fe82d9d6,6342,size_in_bytes,lib/ocaml/unix/unix.cmx,526608
2026-07-28T18:02:55Z,a160052ab46b811cc9a9b6484c69f255fe82d9d6,6342,size_in_bytes,lib/ocaml/unix/unixLabels.cmx,20120
2026-07-28T18:02:55Z,a160052ab46b811cc9a9b6484c69f255fe82d9d6,6342,size_in_bytes,lib/ocaml/dynlink/dynlink_internal_native.cmx,392104
2026-07-28T18:02:55Z,a160052ab46b811cc9a9b6484c69f255fe82d9d6,6342,size_in_bytes,lib/ocaml/dynlink/dynlink_internal_byte.cmx,520909
2026-07-28T18:02:55Z,a160052ab46b811cc9a9b6484c69f255fe82d9d6,6342,size_in_bytes,lib/ocaml/dynlink/dynlink_platform_intf.cmx,603
2026-07-28T18:02:55Z,a160052ab46b811cc9a9b6484c69f255fe82d9d6,6342,size_in_bytes,lib/ocaml/dynlink/dynlink_types.cmx,2467
2026-07-28T18:02:55Z,a160052ab46b811cc9a9b6484c69f255fe82d9d6,6342,size_in_bytes,lib/ocaml/dynlink/dynlink.cmx,106191
2026-07-28T18:02:55Z,a160052ab46b811cc9a9b6484c69f255fe82d9d6,6342,size_in_bytes,lib/ocaml/dynlink/dynlink_common.cmx,464893
2026-07-28T18:02:55Z,a160052ab46b811cc9a9b6484c69f255fe82d9d6,6342,size_in_bytes,lib/ocaml/stdlib_stable/stdlib_stable__Int.cmx,21181
2026-07-28T18:02:55Z,a160052ab46b811cc9a9b6484c69f255fe82d9d6,6342,size_in_bytes,lib/ocaml/stdlib_stable/stdlib_stable__Int16.cmx,16574
2026-07-28T18:02:55Z,a160052ab46b811cc9a9b6484c69f255fe82d9d6,6342,size_in_bytes,lib/ocaml/stdlib_stable/stdlib_stable__Int_u.cmx,29097
2026-07-28T18:02:55Z,a160052ab46b811cc9a9b6484c69f255fe82d9d6,6342,size_in_bytes,lib/ocaml/stdlib_stable/stdlib_stable__Or_null.cmx,30782
2026-07-28T18:02:55Z,a160052ab46b811cc9a9b6484c69f255fe82d9d6,6342,size_in_bytes,lib/ocaml/stdlib_stable/stdlib_stable__Int16_u.cmx,22251
2026-07-28T18:02:55Z,a160052ab46b811cc9a9b6484c69f255fe82d9d6,6342,size_in_bytes,lib/ocaml/stdlib_stable/stdlib_stable__Char_u.cmx,34382
2026-07-28T18:02:55Z,a160052ab46b811cc9a9b6484c69f255fe82d9d6,6342,size_in_bytes,lib/ocaml/stdlib_stable/stdlib_stable__Int8.cmx,16462
2026-07-28T18:02:55Z,a160052ab46b811cc9a9b6484c69f255fe82d9d6,6342,size_in_bytes,lib/ocaml/stdlib_stable/stdlib_stable.cmx,429
2026-07-28T18:02:55Z,a160052ab46b811cc9a9b6484c69f255fe82d9d6,6342,size_in_bytes,lib/ocaml/stdlib_stable/stdlib_stable__Float32_u.cmx,188494
2026-07-28T18:02:55Z,a160052ab46b811cc9a9b6484c69f255fe82d9d6,6342,size_in_bytes,lib/ocaml/stdlib_stable/stdlib_stable__Idx_mut.cmx,475
2026-07-28T18:02:55Z,a160052ab46b811cc9a9b6484c69f255fe82d9d6,6342,size_in_bytes,lib/ocaml/stdlib_stable/stdlib_stable__Iarray.cmx,3508
2026-07-28T18:02:55Z,a160052ab46b811cc9a9b6484c69f255fe82d9d6,6342,size_in_bytes,lib/ocaml/stdlib_stable/stdlib_stable__.cmx,844
2026-07-28T18:02:55Z,a160052ab46b811cc9a9b6484c69f255fe82d9d6,6342,size_in_bytes,lib/ocaml/stdlib_stable/stdlib_stable__IarrayLabels.cmx,482807
2026-07-28T18:02:55Z,a160052ab46b811cc9a9b6484c69f255fe82d9d6,6342,size_in_bytes,lib/ocaml/stdlib_stable/stdlib_stable__Idx_imm.cmx,475
2026-07-28T18:02:55Z,a160052ab46b811cc9a9b6484c69f255fe82d9d6,6342,size_in_bytes,lib/ocaml/stdlib_stable/stdlib_stable__Int8_u.cmx,22105
2026-07-28T18:02:55Z,a160052ab46b811cc9a9b6484c69f255fe82d9d6,6342,size_in_bytes,lib/ocaml/stdlib_stable/stdlib_stable__Float32.cmx,60642
2026-07-28T18:02:55Z,a160052ab46b811cc9a9b6484c69f255fe82d9d6,6342,size_in_bytes,lib/ocaml/runtime_events/runtime_events.cmx,82041
2026-07-28T18:02:55Z,a160052ab46b811cc9a9b6484c69f255fe82d9d6,6342,size_in_bytes,lib/ocaml/compiler-libs/regalloc_gi.cmx,88093
2026-07-28T18:02:55Z,a160052ab46b811cc9a9b6484c69f255fe82d9d6,6342,size_in_bytes,lib/ocaml/compiler-libs/dwarf_high__Dwarf_world.cmx,10580
2026-07-28T18:02:55Z,a160052ab46b811cc9a9b6484c69f255fe82d9d6,6342,size_in_bytes,lib/ocaml/compiler-libs/printblambda.cmx,38578
2026-07-28T18:02:55Z,a160052ab46b811cc9a9b6484c69f255fe82d9d6,6342,size_in_bytes,lib/ocaml/compiler-libs/out_type.cmx,1484154
2026-07-28T18:02:55Z,a160052ab46b811cc9a9b6484c69f255fe82d9d6,6342,size_in_bytes,lib/ocaml/compiler-libs/dwarf_low__Dwarf_tag.cmx,36941
2026-07-28T18:02:55Z,a160052ab46b811cc9a9b6484c69f255fe82d9d6,6342,size_in_bytes,lib/ocaml/compiler-libs/regalloc_irc_state.cmx,741280
2026-07-28T18:02:55Z,a160052ab46b811cc9a9b6484c69f255fe82d9d6,6342,size_in_bytes,lib/ocaml/compiler-libs/translquote.cmx,302068
2026-07-28T18:02:55Z,a160052ab46b811cc9a9b6484c69f255fe82d9d6,6342,size_in_bytes,lib/ocaml/compiler-libs/CSE.cmx,26694
2026-07-28T18:02:55Z,a160052ab46b811cc9a9b6484c69f255fe82d9d6,6342,size_in_bytes,lib/ocaml/compiler-libs/dwarf_low__Abbreviations_table_entry.cmx,91429
2026-07-28T18:02:55Z,a160052ab46b811cc9a9b6484c69f255fe82d9d6,6342,size_in_bytes,lib/ocaml/compiler-libs/typedtree.cmx,424956
2026-07-28T18:02:55Z,a160052ab46b811cc9a9b6484c69f255fe82d9d6,6342,size_in_bytes,lib/ocaml/compiler-libs/dwarf_low__Range_list.cmx,39028
2026-07-28T18:02:55Z,a160052ab46b811cc9a9b6484c69f255fe82d9d6,6342,size_in_bytes,lib/ocaml/compiler-libs/cfg_cse_target_intf.cmx,9812
2026-07-28T18:02:55Z,a160052ab46b811cc9a9b6484c69f255fe82d9d6,6342,size_in_bytes,lib/ocaml/compiler-libs/printtyped.cmx,850507
2026-07-28T18:02:55Z,a160052ab46b811cc9a9b6484c69f255fe82d9d6,6342,size_in_bytes,lib/ocaml/compiler-libs/symbol_table.cmx,108669
2026-07-28T18:02:55Z,a160052ab46b811cc9a9b6484c69f255fe82d9d6,6342,size_in_bytes,lib/ocaml/compiler-libs/arm64_binary_emitter__Bitfield_helpers.cmx,9911
2026-07-28T18:02:55Z,a160052ab46b811cc9a9b6484c69f255fe82d9d6,6342,size_in_bytes,lib/ocaml/compiler-libs/linkenv.cmx,355073
2026-07-28T18:02:55Z,a160052ab46b811cc9a9b6484c69f255fe82d9d6,6342,size_in_bytes,lib/ocaml/compiler-libs/build_igot_and_iplt.cmx,17988
2026-07-28T18:02:55Z,a160052ab46b811cc9a9b6484c69f255fe82d9d6,6342,size_in_bytes,lib/ocaml/compiler-libs/priority_queue.cmx,83432
2026-07-28T18:02:55Z,a160052ab46b811cc9a9b6484c69f255fe82d9d6,6342,size_in_bytes,lib/ocaml/compiler-libs/runtime_shape.cmx,262798
2026-07-28T18:02:55Z,a160052ab46b811cc9a9b6484c69f255fe82d9d6,6342,size_in_bytes,lib/ocaml/compiler-libs/ldd.cmx,549896
2026-07-28T18:02:55Z,a160052ab46b811cc9a9b6484c69f255fe82d9d6,6342,size_in_bytes,lib/ocaml/compiler-libs/arm64_ast__Logical_immediates.cmx,54428
2026-07-28T18:02:55Z,a160052ab46b811cc9a9b6484c69f255fe82d9d6,6342,size_in_bytes,lib/ocaml/compiler-libs/regalloc_split_state.cmx,347706
2026-07-28T18:02:55Z,a160052ab46b811cc9a9b6484c69f255fe82d9d6,6342,size_in_bytes,lib/ocaml/compiler-libs/arg_helper.cmx,84706
2026-07-28T18:02:55Z,a160052ab46b811cc9a9b6484c69f255fe82d9d6,6342,size_in_bytes,lib/ocaml/compiler-libs/binutils.cmx,311368
2026-07-28T18:02:55Z,a160052ab46b811cc9a9b6484c69f255fe82d9d6,6342,size_in_bytes,lib/ocaml/compiler-libs/dwarf_low__Location_list.cmx,39416
2026-07-28T18:02:55Z,a160052ab46b811cc9a9b6484c69f255fe82d9d6,6342,size_in_bytes,lib/ocaml/compiler-libs/partial_link.cmx,140736
2026-07-28T18:02:55Z,a160052ab46b811cc9a9b6484c69f255fe82d9d6,6342,size_in_bytes,lib/ocaml/compiler-libs/diffing_with_keys.cmx,231766
2026-07-28T18:02:55Z,a160052ab46b811cc9a9b6484c69f255fe82d9d6,6342,size_in_bytes,lib/ocaml/compiler-libs/typedecl.cmx,758528
2026-07-28T18:02:55Z,a160052ab46b811cc9a9b6484c69f255fe82d9d6,6342,size_in_bytes,lib/ocaml/compiler-libs/arm64_binary_emitter__For_jit.cmx,104454
2026-07-28T18:02:55Z,a160052ab46b811cc9a9b6484c69f255fe82d9d6,6342,size_in_bytes,lib/ocaml/compiler-libs/ctype.cmx,3065011
2026-07-28T18:02:55Z,a160052ab46b811cc9a9b6484c69f255fe82d9d6,6342,size_in_bytes,lib/ocaml/compiler-libs/llvm_ir.cmx,827364
2026-07-28T18:02:55Z,a160052ab46b811cc9a9b6484c69f255fe82d9d6,6342,size_in_bytes,lib/ocaml/compiler-libs/probe_emission.cmx,141213
2026-07-28T18:02:55Z,a160052ab46b811cc9a9b6484c69f255fe82d9d6,6342,size_in_bytes,lib/ocaml/compiler-libs/cfg_comballoc.cmx,74323
2026-07-28T18:02:55Z,a160052ab46b811cc9a9b6484c69f255fe82d9d6,6342,size_in_bytes,lib/ocaml/compiler-libs/dwarf_low__Encoding_attribute.cmx,10319
2026-07-28T18:02:55Z,a160052ab46b811cc9a9b6484c69f255fe82d9d6,6342,size_in_bytes,lib/ocaml/compiler-libs/arm64_binary_emitter__Load_store_helpers.cmx,89788
2026-07-28T18:02:55Z,a160052ab46b811cc9a9b6484c69f255fe82d9d6,6342,size_in_bytes,lib/ocaml/compiler-libs/partition_object_files.cmx,83310
2026-07-28T18:02:55Z,a160052ab46b811cc9a9b6484c69f255fe82d9d6,6342,size_in_bytes,lib/ocaml/compiler-libs/cfg_stack_checks.cmx,138547
2026-07-28T18:02:55Z,a160052ab46b811cc9a9b6484c69f255fe82d9d6,6342,size_in_bytes,lib/ocaml/compiler-libs/simd_selection.cmx,262929
2026-07-28T18:02:55Z,a160052ab46b811cc9a9b6484c69f255fe82d9d6,6342,size_in_bytes,lib/ocaml/compiler-libs/targetint.cmx,54625
2026-07-28T18:02:55Z,a160052ab46b811cc9a9b6484c69f255fe82d9d6,6342,size_in_bytes,lib/ocaml/compiler-libs/pparse.cmx,206016
2026-07-28T18:02:55Z,a160052ab46b811cc9a9b6484c69f255fe82d9d6,6342,size_in_bytes,lib/ocaml/compiler-libs/profile.cmx,273760
2026-07-28T18:02:55Z,a160052ab46b811cc9a9b6484c69f255fe82d9d6,6342,size_in_bytes,lib/ocaml/compiler-libs/stack_class_utils.cmx,92828
2026-07-28T18:02:55Z,a160052ab46b811cc9a9b6484c69f255fe82d9d6,6342,size_in_bytes,lib/ocaml/compiler-libs/arm64_binary_emitter__Binary_emitter.cmx,168158
2026-07-28T18:02:55Z,a160052ab46b811cc9a9b6484c69f255fe82d9d6,6342,size_in_bytes,lib/ocaml/compiler-libs/parser_types.cmx,1289
2026-07-28T18:02:55Z,a160052ab46b811cc9a9b6484c69f255fe82d9d6,6342,size_in_bytes,lib/ocaml/compiler-libs/patterns.cmx,146283
2026-07-28T18:02:55Z,a160052ab46b811cc9a9b6484c69f255fe82d9d6,6342,size_in_bytes,lib/ocaml/compiler-libs/path.cmx,319966
2026-07-28T18:02:55Z,a160052ab46b811cc9a9b6484c69f255fe82d9d6,6342,size_in_bytes,lib/ocaml/compiler-libs/cms_format.cmx,104936
2026-07-28T18:02:55Z,a160052ab46b811cc9a9b6484c69f255fe82d9d6,6342,size_in_bytes,lib/ocaml/compiler-libs/reg.cmx,850778
2026-07-28T18:02:55Z,a160052ab46b811cc9a9b6484c69f255fe82d9d6,6342,size_in_bytes,lib/ocaml/compiler-libs/cfg_cse.cmx,357230
2026-07-28T18:02:55Z,a160052ab46b811cc9a9b6484c69f255fe82d9d6,6342,size_in_bytes,lib/ocaml/compiler-libs/rewrite_sections.cmx,10301
2026-07-28T18:02:55Z,a160052ab46b811cc9a9b6484c69f255fe82d9d6,6342,size_in_bytes,lib/ocaml/compiler-libs/x86_dsl.cmx,474780
2026-07-28T18:02:55Z,a160052ab46b811cc9a9b6484c69f255fe82d9d6,6342,size_in_bytes,lib/ocaml/compiler-libs/oxcaml_flags.cmx,65046
2026-07-28T18:02:55Z,a160052ab46b811cc9a9b6484c69f255fe82d9d6,6342,size_in_bytes,lib/ocaml/compiler-libs/printcfg.cmx,177248
2026-07-28T18:02:55Z,a160052ab46b811cc9a9b6484c69f255fe82d9d6,6342,size_in_bytes,lib/ocaml/compiler-libs/typedecl_variance.cmx,187721
2026-07-28T18:02:55Z,a160052ab46b811cc9a9b6484c69f255fe82d9d6,6342,size_in_bytes,lib/ocaml/compiler-libs/pprintast.cmx,177168
2026-07-28T18:02:55Z,a160052ab46b811cc9a9b6484c69f255fe82d9d6,6342,size_in_bytes,lib/ocaml/compiler-libs/vicuna_value_shapes.cmx,78554
2026-07-28T18:02:55Z,a160052ab46b811cc9a9b6484c69f255fe82d9d6,6342,size_in_bytes,lib/ocaml/compiler-libs/fdo_info.cmx,23448
2026-07-28T18:02:55Z,a160052ab46b811cc9a9b6484c69f255fe82d9d6,6342,size_in_bytes,lib/ocaml/compiler-libs/slambdaeval.cmx,97442
2026-07-28T18:02:55Z,a160052ab46b811cc9a9b6484c69f255fe82d9d6,6342,size_in_bytes,lib/ocaml/compiler-libs/allowance.cmx,8324
2026-07-28T18:02:55Z,a160052ab46b811cc9a9b6484c69f255fe82d9d6,6342,size_in_bytes,lib/ocaml/compiler-libs/int_replace_polymorphic_compare.cmx,12862
2026-07-28T18:02:55Z,a160052ab46b811cc9a9b6484c69f255fe82d9d6,6342,size_in_bytes,lib/ocaml/compiler-libs/amd64_simd_defs.cmx,97773
2026-07-28T18:02:55Z,a160052ab46b811cc9a9b6484c69f255fe82d9d6,6342,size_in_bytes,lib/ocaml/compiler-libs/static_label.cmx,17031
2026-07-28T18:02:55Z,a160052ab46b811cc9a9b6484c69f255fe82d9d6,6342,size_in_bytes,lib/ocaml/compiler-libs/x86_gas.cmx,40574
2026-07-28T18:02:55Z,a160052ab46b811cc9a9b6484c69f255fe82d9d6,6342,size_in_bytes,lib/ocaml/compiler-libs/llvmize.cmx,436396
2026-07-28T18:02:55Z,a160052ab46b811cc9a9b6484c69f255fe82d9d6,6342,size_in_bytes,lib/ocaml/compiler-libs/runtimedef.cmx,698
2026-07-28T18:02:55Z,a160052ab46b811cc9a9b6484c69f255fe82d9d6,6342,size_in_bytes,lib/ocaml/compiler-libs/build_linker_args.cmx,18789
2026-07-28T18:02:55Z,a160052ab46b811cc9a9b6484c69f255fe82d9d6,6342,size_in_bytes,lib/ocaml/compiler-libs/dwarf_low__Dwarf_4_range_list_entry.cmx,68708
2026-07-28T18:02:55Z,a160052ab46b811cc9a9b6484c69f255fe82d9d6,6342,size_in_bytes,lib/ocaml/compiler-libs/cmi_format.cmx,131253
2026-07-28T18:02:55Z,a160052ab46b811cc9a9b6484c69f255fe82d9d6,6342,size_in_bytes,lib/ocaml/compiler-libs/persistent_env.cmx,838651
2026-07-28T18:02:55Z,a160052ab46b811cc9a9b6484c69f255fe82d9d6,6342,size_in_bytes,lib/ocaml/compiler-libs/dwarf_high__Simple_location_description_lang.cmx,186848
2026-07-28T18:02:55Z,a160052ab46b811cc9a9b6484c69f255fe82d9d6,6342,size_in_bytes,lib/ocaml/compiler-libs/parmatch.cmx,508366
2026-07-28T18:02:55Z,a160052ab46b811cc9a9b6484c69f255fe82d9d6,6342,size_in_bytes,lib/ocaml/compiler-libs/debuginfo.cmx,534932
2026-07-28T18:02:55Z,a160052ab46b811cc9a9b6484c69f255fe82d9d6,6342,size_in_bytes,lib/ocaml/compiler-libs/dwarf_low__Simple_location_description.cmx,22054
2026-07-28T18:02:55Z,a160052ab46b811cc9a9b6484c69f255fe82d9d6,6342,size_in_bytes,lib/ocaml/compiler-libs/includeclass.cmx,45947
2026-07-28T18:02:55Z,a160052ab46b811cc9a9b6484c69f255fe82d9d6,6342,size_in_bytes,lib/ocaml/compiler-libs/profile_counters_functions.cmx,5014
2026-07-28T18:02:55Z,a160052ab46b811cc9a9b6484c69f255fe82d9d6,6342,size_in_bytes,lib/ocaml/compiler-libs/dwarf_low__Dwarf_emittable.cmx,1154
2026-07-28T18:02:55Z,a160052ab46b811cc9a9b6484c69f255fe82d9d6,6342,size_in_bytes,lib/ocaml/compiler-libs/maindriver.cmx,7350
2026-07-28T18:02:55Z,a160052ab46b811cc9a9b6484c69f255fe82d9d6,6342,size_in_bytes,lib/ocaml/compiler-libs/x86_section.cmx,291611
2026-07-28T18:02:55Z,a160052ab46b811cc9a9b6484c69f255fe82d9d6,6342,size_in_bytes,lib/ocaml/compiler-libs/domainstate.cmx,1761
2026-07-28T18:02:55Z,a160052ab46b811cc9a9b6484c69f255fe82d9d6,6342,size_in_bytes,lib/ocaml/compiler-libs/cfg_dominators.cmx,92735
2026-07-28T18:02:55Z,a160052ab46b811cc9a9b6484c69f255fe82d9d6,6342,size_in_bytes,lib/ocaml/compiler-libs/dwarf_low__Dwarf_4_range_list.cmx,60369
2026-07-28T18:02:55Z,a160052ab46b811cc9a9b6484c69f255fe82d9d6,6342,size_in_bytes,lib/ocaml/compiler-libs/dwarf_low__Debug_loc_table.cmx,24549
2026-07-28T18:02:55Z,a160052ab46b811cc9a9b6484c69f255fe82d9d6,6342,size_in_bytes,lib/ocaml/compiler-libs/signature_with_global_bindings.cmx,72712
2026-07-28T18:02:55Z,a160052ab46b811cc9a9b6484c69f255fe82d9d6,6342,size_in_bytes,lib/ocaml/compiler-libs/generic_fns.cmx,488444
2026-07-28T18:02:55Z,a160052ab46b811cc9a9b6484c69f255fe82d9d6,6342,size_in_bytes,lib/ocaml/compiler-libs/location_tracker_formatter.cmx,101934
2026-07-28T18:02:55Z,a160052ab46b811cc9a9b6484c69f255fe82d9d6,6342,size_in_bytes,lib/ocaml/compiler-libs/lru.cmx,68742
2026-07-28T18:02:55Z,a160052ab46b811cc9a9b6484c69f255fe82d9d6,6342,size_in_bytes,lib/ocaml/compiler-libs/dsl_helpers.cmx,384
2026-07-28T18:02:55Z,a160052ab46b811cc9a9b6484c69f255fe82d9d6,6342,size_in_bytes,lib/ocaml/compiler-libs/oprint.cmx,24819
2026-07-28T18:02:55Z,a160052ab46b811cc9a9b6484c69f255fe82d9d6,6342,size_in_bytes,lib/ocaml/compiler-libs/x86_ast_utils.cmx,79102
2026-07-28T18:02:55Z,a160052ab46b811cc9a9b6484c69f255fe82d9d6,6342,size_in_bytes,lib/ocaml/compiler-libs/includecore.cmx,388746
2026-07-28T18:02:55Z,a160052ab46b811cc9a9b6484c69f255fe82d9d6,6342,size_in_bytes,lib/ocaml/compiler-libs/cfg_deadcode.cmx,53551
2026-07-28T18:02:55Z,a160052ab46b811cc9a9b6484c69f255fe82d9d6,6342,size_in_bytes,lib/ocaml/compiler-libs/envaux.cmx,40017
2026-07-28T18:02:55Z,a160052ab46b811cc9a9b6484c69f255fe82d9d6,6342,size_in_bytes,lib/ocaml/compiler-libs/regalloc_invariants.cmx,101087
2026-07-28T18:02:55Z,a160052ab46b811cc9a9b6484c69f255fe82d9d6,6342,size_in_bytes,lib/ocaml/compiler-libs/regalloc_stack_operands.cmx,21192
2026-07-28T18:02:55Z,a160052ab46b811cc9a9b6484c69f255fe82d9d6,6342,size_in_bytes,lib/ocaml/compiler-libs/primitive.cmx,82459
2026-07-28T18:02:55Z,a160052ab46b811cc9a9b6484c69f255fe82d9d6,6342,size_in_bytes,lib/ocaml/compiler-libs/compile_common.cmx,250121
2026-07-28T18:02:55Z,a160052ab46b811cc9a9b6484c69f255fe82d9d6,6342,size_in_bytes,lib/ocaml/compiler-libs/regalloc_substitution.cmx,64810
2026-07-28T18:02:55Z,a160052ab46b811cc9a9b6484c69f255fe82d9d6,6342,size_in_bytes,lib/ocaml/compiler-libs/file_sections.cmx,118889
2026-07-28T18:02:55Z,a160052ab46b811cc9a9b6484c69f255fe82d9d6,6342,size_in_bytes,lib/ocaml/compiler-libs/subst.cmx,710795
2026-07-28T18:02:55Z,a160052ab46b811cc9a9b6484c69f255fe82d9d6,6342,size_in_bytes,lib/ocaml/compiler-libs/value_rec_compiler.cmx,8049
2026-07-28T18:02:55Z,a160052ab46b811cc9a9b6484c69f255fe82d9d6,6342,size_in_bytes,lib/ocaml/compiler-libs/stack_class.cmx,209716
2026-07-28T18:02:55Z,a160052ab46b811cc9a9b6484c69f255fe82d9d6,6342,size_in_bytes,lib/ocaml/compiler-libs/datarepr.cmx,155797
2026-07-28T18:02:55Z,a160052ab46b811cc9a9b6484c69f255fe82d9d6,6342,size_in_bytes,lib/ocaml/compiler-libs/cfg_available_regs.cmx,160592
2026-07-28T18:02:55Z,a160052ab46b811cc9a9b6484c69f255fe82d9d6,6342,size_in_bytes,lib/ocaml/compiler-libs/solver.cmx,1023830
2026-07-28T18:02:55Z,a160052ab46b811cc9a9b6484c69f255fe82d9d6,6342,size_in_bytes,lib/ocaml/compiler-libs/regalloc_ls_utils.cmx,337344
2026-07-28T18:02:55Z,a160052ab46b811cc9a9b6484c69f255fe82d9d6,6342,size_in_bytes,lib/ocaml/compiler-libs/dwarf_low__Location_or_range_list_table.cmx,153977
2026-07-28T18:02:55Z,a160052ab46b811cc9a9b6484c69f255fe82d9d6,6342,size_in_bytes,lib/ocaml/compiler-libs/arm64_binary_emitter__Data_proc_helpers.cmx,31377
2026-07-28T18:02:55Z,a160052ab46b811cc9a9b6484c69f255fe82d9d6,6342,size_in_bytes,lib/ocaml/compiler-libs/includemod_errorprinter.cmx,394382
2026-07-28T18:02:55Z,a160052ab46b811cc9a9b6484c69f255fe82d9d6,6342,size_in_bytes,lib/ocaml/compiler-libs/matching.cmx,1133478
2026-07-28T18:02:55Z,a160052ab46b811cc9a9b6484c69f255fe82d9d6,6342,size_in_bytes,lib/ocaml/compiler-libs/docstrings.cmx,459717
2026-07-28T18:02:55Z,a160052ab46b811cc9a9b6484c69f255fe82d9d6,6342,size_in_bytes,lib/ocaml/compiler-libs/structured_mangling.cmx,199835
2026-07-28T18:02:55Z,a160052ab46b811cc9a9b6484c69f255fe82d9d6,6342,size_in_bytes,lib/ocaml/compiler-libs/cfg_edge.cmx,192945
2026-07-28T18:02:55Z,a160052ab46b811cc9a9b6484c69f255fe82d9d6,6342,size_in_bytes,lib/ocaml/compiler-libs/arm64_binary_emitter__Yield_helpers.cmx,2066
2026-07-28T18:02:55Z,a160052ab46b811cc9a9b6484c69f255fe82d9d6,6342,size_in_bytes,lib/ocaml/compiler-libs/iplt.cmx,71055
2026-07-28T18:02:55Z,a160052ab46b811cc9a9b6484c69f255fe82d9d6,6342,size_in_bytes,lib/ocaml/compiler-libs/printreg.cmx,118592
2026-07-28T18:02:55Z,a160052ab46b811cc9a9b6484c69f255fe82d9d6,6342,size_in_bytes,lib/ocaml/compiler-libs/dissector_log.cmx,37982
2026-07-28T18:02:55Z,a160052ab46b811cc9a9b6484c69f255fe82d9d6,6342,size_in_bytes,lib/ocaml/compiler-libs/eh_frame_registration.cmx,23899
2026-07-28T18:02:55Z,a160052ab46b811cc9a9b6484c69f255fe82d9d6,6342,size_in_bytes,lib/ocaml/compiler-libs/cmmgen_state.cmx,57544
2026-07-28T18:02:55Z,a160052ab46b811cc9a9b6484c69f255fe82d9d6,6342,size_in_bytes,lib/ocaml/compiler-libs/import_info.cmx,177984
2026-07-28T18:02:55Z,a160052ab46b811cc9a9b6484c69f255fe82d9d6,6342,size_in_bytes,lib/ocaml/compiler-libs/printpat.cmx,111695
2026-07-28T18:02:55Z,a160052ab46b811cc9a9b6484c69f255fe82d9d6,6342,size_in_bytes,lib/ocaml/compiler-libs/dwarf_low__Inline_code.cmx,5174
2026-07-28T18:02:55Z,a160052ab46b811cc9a9b6484c69f255fe82d9d6,6342,size_in_bytes,lib/ocaml/compiler-libs/misc.cmx,1991787
2026-07-28T18:02:55Z,a160052ab46b811cc9a9b6484c69f255fe82d9d6,6342,size_in_bytes,lib/ocaml/compiler-libs/dwarf_low__Dwarf_int.cmx,95380
2026-07-28T18:02:55Z,a160052ab46b811cc9a9b6484c69f255fe82d9d6,6342,size_in_bytes,lib/ocaml/compiler-libs/compiler_hooks.cmx,55663
2026-07-28T18:02:55Z,a160052ab46b811cc9a9b6484c69f255fe82d9d6,6342,size_in_bytes,lib/ocaml/compiler-libs/branch_relaxation.cmx,142932
2026-07-28T18:02:55Z,a160052ab46b811cc9a9b6484c69f255fe82d9d6,6342,size_in_bytes,lib/ocaml/compiler-libs/opcodes.cmx,6291
2026-07-28T18:02:55Z,a160052ab46b811cc9a9b6484c69f255fe82d9d6,6342,size_in_bytes,lib/ocaml/compiler-libs/arm64_binary_emitter.cmx,1245
2026-07-28T18:02:55Z,a160052ab46b811cc9a9b6484c69f255fe82d9d6,6342,size_in_bytes,lib/ocaml/compiler-libs/arm64_binary_emitter__Relocation.cmx,75346
2026-07-28T18:02:55Z,a160052ab46b811cc9a9b6484c69f255fe82d9d6,6342,size_in_bytes,lib/ocaml/compiler-libs/regalloc_ls_state.cmx,169040
2026-07-28T18:02:55Z,a160052ab46b811cc9a9b6484c69f255fe82d9d6,6342,size_in_bytes,lib/ocaml/compiler-libs/mtype.cmx,169908
2026-07-28T18:02:55Z,a160052ab46b811cc9a9b6484c69f255fe82d9d6,6342,size_in_bytes,lib/ocaml/compiler-libs/optpackager.cmx,394321
2026-07-28T18:02:55Z,a160052ab46b811cc9a9b6484c69f255fe82d9d6,6342,size_in_bytes,lib/ocaml/compiler-libs/asttypes.cmx,5161
2026-07-28T18:02:55Z,a160052ab46b811cc9a9b6484c69f255fe82d9d6,6342,size_in_bytes,lib/ocaml/compiler-libs/ast_invariants.cmx,146345
2026-07-28T18:02:55Z,a160052ab46b811cc9a9b6484c69f255fe82d9d6,6342,size_in_bytes,lib/ocaml/compiler-libs/dwarf_low__Dwarf_attributes.cmx,1553430
2026-07-28T18:02:55Z,a160052ab46b811cc9a9b6484c69f255fe82d9d6,6342,size_in_bytes,lib/ocaml/compiler-libs/translobj.cmx,179409
2026-07-28T18:02:55Z,a160052ab46b811cc9a9b6484c69f255fe82d9d6,6342,size_in_bytes,lib/ocaml/compiler-libs/dwarf_low__Dwarf_attribute_values.cmx,232357
2026-07-28T18:02:55Z,a160052ab46b811cc9a9b6484c69f255fe82d9d6,6342,size_in_bytes,lib/ocaml/compiler-libs/lexer.cmx,153232
2026-07-28T18:02:55Z,a160052ab46b811cc9a9b6484c69f255fe82d9d6,6342,size_in_bytes,lib/ocaml/compiler-libs/arm64_binary_emitter__All_section_states.cmx,119926
2026-07-28T18:02:55Z,a160052ab46b811cc9a9b6484c69f255fe82d9d6,6342,size_in_bytes,lib/ocaml/compiler-libs/mode.cmx,9490108
2026-07-28T18:02:55Z,a160052ab46b811cc9a9b6484c69f255fe82d9d6,6342,size_in_bytes,lib/ocaml/compiler-libs/stack_check.cmx,46482
2026-07-28T18:02:55Z,a160052ab46b811cc9a9b6484c69f255fe82d9d6,6342,size_in_bytes,lib/ocaml/compiler-libs/peephole_rules.cmx,41856
2026-07-28T18:02:55Z,a160052ab46b811cc9a9b6484c69f255fe82d9d6,6342,size_in_bytes,lib/ocaml/compiler-libs/jkind_intf.cmx,1463
2026-07-28T18:02:55Z,a160052ab46b811cc9a9b6484c69f255fe82d9d6,6342,size_in_bytes,lib/ocaml/compiler-libs/arm64_binary_emitter__Logical_helpers.cmx,26343
2026-07-28T18:02:55Z,a160052ab46b811cc9a9b6484c69f255fe82d9d6,6342,size_in_bytes,lib/ocaml/compiler-libs/dwarf_flags.cmx,87196
2026-07-28T18:02:55Z,a160052ab46b811cc9a9b6484c69f255fe82d9d6,6342,size_in_bytes,lib/ocaml/compiler-libs/optcompile.cmx,321845
2026-07-28T18:02:55Z,a160052ab46b811cc9a9b6484c69f255fe82d9d6,6342,size_in_bytes,lib/ocaml/compiler-libs/arrayset.cmx,58943
2026-07-28T18:02:55Z,a160052ab46b811cc9a9b6484c69f255fe82d9d6,6342,size_in_bytes,lib/ocaml/compiler-libs/peephole_optimize.cmx,30556
2026-07-28T18:02:55Z,a160052ab46b811cc9a9b6484c69f255fe82d9d6,6342,size_in_bytes,lib/ocaml/compiler-libs/printtyp.cmx,427019
2026-07-28T18:02:55Z,a160052ab46b811cc9a9b6484c69f255fe82d9d6,6342,size_in_bytes,lib/ocaml/compiler-libs/diffing.cmx,324969
2026-07-28T18:02:55Z,a160052ab46b811cc9a9b6484c69f255fe82d9d6,6342,size_in_bytes,lib/ocaml/compiler-libs/x86_peephole_utils.cmx,74560
2026-07-28T18:02:55Z,a160052ab46b811cc9a9b6484c69f255fe82d9d6,6342,size_in_bytes,lib/ocaml/compiler-libs/dwarf_low__Debug_ranges_table.cmx,31128
2026-07-28T18:02:55Z,a160052ab46b811cc9a9b6484c69f255fe82d9d6,6342,size_in_bytes,lib/ocaml/compiler-libs/dwarf_low__Dwarf_4_location_list_entry.cmx,152418
2026-07-28T18:02:55Z,a160052ab46b811cc9a9b6484c69f255fe82d9d6,6342,size_in_bytes,lib/ocaml/compiler-libs/printast.cmx,638207
2026-07-28T18:02:55Z,a160052ab46b811cc9a9b6484c69f255fe82d9d6,6342,size_in_bytes,lib/ocaml/compiler-libs/ast_iterator.cmx,385208
2026-07-28T18:02:55Z,a160052ab46b811cc9a9b6484c69f255fe82d9d6,6342,size_in_bytes,lib/ocaml/compiler-libs/linear_utils.cmx,13137
2026-07-28T18:02:55Z,a160052ab46b811cc9a9b6484c69f255fe82d9d6,6342,size_in_bytes,lib/ocaml/compiler-libs/arm64_binary_emitter__Mov_helpers.cmx,13741
2026-07-28T18:02:55Z,a160052ab46b811cc9a9b6484c69f255fe82d9d6,6342,size_in_bytes,lib/ocaml/compiler-libs/dwarf_reg_locations.cmx,77158
2026-07-28T18:02:55Z,a160052ab46b811cc9a9b6484c69f255fe82d9d6,6342,size_in_bytes,lib/ocaml/compiler-libs/linear.cmx,22055
2026-07-28T18:02:55Z,a160052ab46b811cc9a9b6484c69f255fe82d9d6,6342,size_in_bytes,lib/ocaml/compiler-libs/gprinttyp.cmx,634571
2026-07-28T18:02:55Z,a160052ab46b811cc9a9b6484c69f255fe82d9d6,6342,size_in_bytes,lib/ocaml/compiler-libs/asmgen.cmx,656031
2026-07-28T18:02:55Z,a160052ab46b811cc9a9b6484c69f255fe82d9d6,6342,size_in_bytes,lib/ocaml/compiler-libs/dwarf_low__Dwarf_version.cmx,12779
2026-07-28T18:02:55Z,a160052ab46b811cc9a9b6484c69f255fe82d9d6,6342,size_in_bytes,lib/ocaml/compiler-libs/relocatable_symbol_name.cmx,2784
2026-07-28T18:02:55Z,a160052ab46b811cc9a9b6484c69f255fe82d9d6,6342,size_in_bytes,lib/ocaml/compiler-libs/dwarf_low__Location_or_range_list_entry.cmx,138137
2026-07-28T18:02:55Z,a160052ab46b811cc9a9b6484c69f255fe82d9d6,6342,size_in_bytes,lib/ocaml/compiler-libs/builtin_attributes.cmx,891727
2026-07-28T18:02:55Z,a160052ab46b811cc9a9b6484c69f255fe82d9d6,6342,size_in_bytes,lib/ocaml/compiler-libs/dwarf_type.cmx,24746
2026-07-28T18:02:55Z,a160052ab46b811cc9a9b6484c69f255fe82d9d6,6342,size_in_bytes,lib/ocaml/compiler-libs/jit_backend.cmx,135004
2026-07-28T18:02:55Z,a160052ab46b811cc9a9b6484c69f255fe82d9d6,6342,size_in_bytes,lib/ocaml/compiler-libs/bytepackager.cmx,74245
2026-07-28T18:02:55Z,a160052ab46b811cc9a9b6484c69f255fe82d9d6,6342,size_in_bytes,lib/ocaml/compiler-libs/cfg_format.cmx,28720
2026-07-28T18:02:55Z,a160052ab46b811cc9a9b6484c69f255fe82d9d6,6342,size_in_bytes,lib/ocaml/compiler-libs/main_args.cmx,2575906
2026-07-28T18:02:55Z,a160052ab46b811cc9a9b6484c69f255fe82d9d6,6342,size_in_bytes,lib/ocaml/compiler-libs/dwarf_high.cmx,506
2026-07-28T18:02:55Z,a160052ab46b811cc9a9b6484c69f255fe82d9d6,6342,size_in_bytes,lib/ocaml/compiler-libs/location.cmx,716251
2026-07-28T18:02:55Z,a160052ab46b811cc9a9b6484c69f255fe82d9d6,6342,size_in_bytes,lib/ocaml/compiler-libs/complex_shape.cmx,50473
2026-07-28T18:02:55Z,a160052ab46b811cc9a9b6484c69f255fe82d9d6,6342,size_in_bytes,lib/ocaml/compiler-libs/printinstr.cmx,16731
2026-07-28T18:02:55Z,a160052ab46b811cc9a9b6484c69f255fe82d9d6,6342,size_in_bytes,lib/ocaml/compiler-libs/compenv.cmx,238478
2026-07-28T18:02:55Z,a160052ab46b811cc9a9b6484c69f255fe82d9d6,6342,size_in_bytes,lib/ocaml/compiler-libs/blambda.cmx,2814
2026-07-28T18:02:55Z,a160052ab46b811cc9a9b6484c69f255fe82d9d6,6342,size_in_bytes,lib/ocaml/compiler-libs/parse.cmx,31077
2026-07-28T18:02:55Z,a160052ab46b811cc9a9b6484c69f255fe82d9d6,6342,size_in_bytes,lib/ocaml/compiler-libs/simd.cmx,238217
2026-07-28T18:02:55Z,a160052ab46b811cc9a9b6484c69f255fe82d9d6,6342,size_in_bytes,lib/ocaml/compiler-libs/numbers.cmx,2117524
2026-07-28T18:02:55Z,a160052ab46b811cc9a9b6484c69f255fe82d9d6,6342,size_in_bytes,lib/ocaml/compiler-libs/cfg_to_linear.cmx,13801
2026-07-28T18:02:55Z,a160052ab46b811cc9a9b6484c69f255fe82d9d6,6342,size_in_bytes,lib/ocaml/compiler-libs/instructionId.cmx,28476
2026-07-28T18:02:55Z,a160052ab46b811cc9a9b6484c69f255fe82d9d6,6342,size_in_bytes,lib/ocaml/compiler-libs/extra_debug.cmx,38159
2026-07-28T18:02:55Z,a160052ab46b811cc9a9b6484c69f255fe82d9d6,6342,size_in_bytes,lib/ocaml/compiler-libs/vectorize_utils.cmx,81210
2026-07-28T18:02:55Z,a160052ab46b811cc9a9b6484c69f255fe82d9d6,6342,size_in_bytes,lib/ocaml/compiler-libs/local_store.cmx,32706
2026-07-28T18:02:55Z,a160052ab46b811cc9a9b6484c69f255fe82d9d6,6342,size_in_bytes,lib/ocaml/compiler-libs/dwarf.cmx,109119
2026-07-28T18:02:55Z,a160052ab46b811cc9a9b6484c69f255fe82d9d6,6342,size_in_bytes,lib/ocaml/compiler-libs/arm64_binary_emitter__Encode_directive.cmx,95129
2026-07-28T18:02:55Z,a160052ab46b811cc9a9b6484c69f255fe82d9d6,6342,size_in_bytes,lib/ocaml/compiler-libs/tmc.cmx,39567
2026-07-28T18:02:55Z,a160052ab46b811cc9a9b6484c69f255fe82d9d6,6342,size_in_bytes,lib/ocaml/compiler-libs/parser.cmx,1500544
2026-07-28T18:02:55Z,a160052ab46b811cc9a9b6484c69f255fe82d9d6,6342,size_in_bytes,lib/ocaml/compiler-libs/dwarf_low__Location_list_table.cmx,83697
2026-07-28T18:02:55Z,a160052ab46b811cc9a9b6484c69f255fe82d9d6,6342,size_in_bytes,lib/ocaml/compiler-libs/ident.cmx,965363
2026-07-28T18:02:55Z,a160052ab46b811cc9a9b6484c69f255fe82d9d6,6342,size_in_bytes,lib/ocaml/compiler-libs/tast_iterator.cmx,438458
2026-07-28T18:02:55Z,a160052ab46b811cc9a9b6484c69f255fe82d9d6,6342,size_in_bytes,lib/ocaml/compiler-libs/cfg_with_layout.cmx,231625
2026-07-28T18:02:55Z,a160052ab46b811cc9a9b6484c69f255fe82d9d6,6342,size_in_bytes,lib/ocaml/compiler-libs/linear_format.cmx,28789
2026-07-28T18:02:55Z,a160052ab46b811cc9a9b6484c69f255fe82d9d6,6342,size_in_bytes,lib/ocaml/compiler-libs/cmm.cmx,270785
2026-07-28T18:02:55Z,a160052ab46b811cc9a9b6484c69f255fe82d9d6,6342,size_in_bytes,lib/ocaml/compiler-libs/asm_targets.cmx,459
2026-07-28T18:02:55Z,a160052ab46b811cc9a9b6484c69f255fe82d9d6,6342,size_in_bytes,lib/ocaml/compiler-libs/switch.cmx,541483
2026-07-28T18:02:55Z,a160052ab46b811cc9a9b6484c69f255fe82d9d6,6342,size_in_bytes,lib/ocaml/compiler-libs/compilation_unit.cmx,2640232
2026-07-28T18:02:55Z,a160052ab46b811cc9a9b6484c69f255fe82d9d6,6342,size_in_bytes,lib/ocaml/compiler-libs/arm64_binary_emitter__Fp_helpers.cmx,34160
2026-07-28T18:02:55Z,a160052ab46b811cc9a9b6484c69f255fe82d9d6,6342,size_in_bytes,lib/ocaml/compiler-libs/cfg_quick_hash.cmx,36264
2026-07-28T18:02:55Z,a160052ab46b811cc9a9b6484c69f255fe82d9d6,6342,size_in_bytes,lib/ocaml/compiler-libs/cmt_format.cmx,133541
2026-07-28T18:02:55Z,a160052ab46b811cc9a9b6484c69f255fe82d9d6,6342,size_in_bytes,lib/ocaml/compiler-libs/symbol.cmx,869605
2026-07-28T18:02:55Z,a160052ab46b811cc9a9b6484c69f255fe82d9d6,6342,size_in_bytes,lib/ocaml/compiler-libs/regalloc_validate.cmx,1365563
2026-07-28T18:02:55Z,a160052ab46b811cc9a9b6484c69f255fe82d9d6,6342,size_in_bytes,lib/ocaml/compiler-libs/dwarf_variables_and_parameters.cmx,69750
2026-07-28T18:02:55Z,a160052ab46b811cc9a9b6484c69f255fe82d9d6,6342,size_in_bytes,lib/ocaml/compiler-libs/dwarf_low__Initial_length.cmx,12929
2026-07-28T18:02:55Z,a160052ab46b811cc9a9b6484c69f255fe82d9d6,6342,size_in_bytes,lib/ocaml/compiler-libs/transl_list_comprehension.cmx,45384
2026-07-28T18:02:55Z,a160052ab46b811cc9a9b6484c69f255fe82d9d6,6342,size_in_bytes,lib/ocaml/compiler-libs/cmm_invariants.cmx,53628
2026-07-28T18:02:55Z,a160052ab46b811cc9a9b6484c69f255fe82d9d6,6342,size_in_bytes,lib/ocaml/compiler-libs/cmt2annot.cmx,20737
2026-07-28T18:02:55Z,a160052ab46b811cc9a9b6484c69f255fe82d9d6,6342,size_in_bytes,lib/ocaml/compiler-libs/linkdeps.cmx,119454
2026-07-28T18:02:55Z,a160052ab46b811cc9a9b6484c69f255fe82d9d6,6342,size_in_bytes,lib/ocaml/compiler-libs/reg_with_debug_info.cmx,362723
2026-07-28T18:02:55Z,a160052ab46b811cc9a9b6484c69f255fe82d9d6,6342,size_in_bytes,lib/ocaml/compiler-libs/btype.cmx,1620488
2026-07-28T18:02:55Z,a160052ab46b811cc9a9b6484c69f255fe82d9d6,6342,size_in_bytes,lib/ocaml/compiler-libs/compilenv.cmx,199766
2026-07-28T18:02:55Z,a160052ab46b811cc9a9b6484c69f255fe82d9d6,6342,size_in_bytes,lib/ocaml/compiler-libs/reg_availability_set.cmx,111702
2026-07-28T18:02:55Z,a160052ab46b811cc9a9b6484c69f255fe82d9d6,6342,size_in_bytes,lib/ocaml/compiler-libs/inlined_frame_ranges.cmx,1067920
2026-07-28T18:02:55Z,a160052ab46b811cc9a9b6484c69f255fe82d9d6,6342,size_in_bytes,lib/ocaml/compiler-libs/dwarf_low__Composite_location_description.cmx,41913
2026-07-28T18:02:55Z,a160052ab46b811cc9a9b6484c69f255fe82d9d6,6342,size_in_bytes,lib/ocaml/compiler-libs/jkind.cmx,1649647
2026-07-28T18:02:55Z,a160052ab46b811cc9a9b6484c69f255fe82d9d6,6342,size_in_bytes,lib/ocaml/compiler-libs/consistbl.cmx,63134
2026-07-28T18:02:55Z,a160052ab46b811cc9a9b6484c69f255fe82d9d6,6342,size_in_bytes,lib/ocaml/compiler-libs/cfg_polling.cmx,14710
2026-07-28T18:02:55Z,a160052ab46b811cc9a9b6484c69f255fe82d9d6,6342,size_in_bytes,lib/ocaml/compiler-libs/asm_targets__Asm_section.cmx,160317
2026-07-28T18:02:55Z,a160052ab46b811cc9a9b6484c69f255fe82d9d6,6342,size_in_bytes,lib/ocaml/compiler-libs/dwarf_low__Dwarf_language.cmx,14097
2026-07-28T18:02:55Z,a160052ab46b811cc9a9b6484c69f255fe82d9d6,6342,size_in_bytes,lib/ocaml/compiler-libs/identifiable.cmx,389317
2026-07-28T18:02:55Z,a160052ab46b811cc9a9b6484c69f255fe82d9d6,6342,size_in_bytes,lib/ocaml/compiler-libs/dwarf_low__Abbreviations_table.cmx,86209
2026-07-28T18:02:55Z,a160052ab46b811cc9a9b6484c69f255fe82d9d6,6342,size_in_bytes,lib/ocaml/compiler-libs/dwarf_low__Child_determination.cmx,12085
2026-07-28T18:02:55Z,a160052ab46b811cc9a9b6484c69f255fe82d9d6,6342,size_in_bytes,lib/ocaml/compiler-libs/ccomp.cmx,99002
2026-07-28T18:02:55Z,a160052ab46b811cc9a9b6484c69f255fe82d9d6,6342,size_in_bytes,lib/ocaml/compiler-libs/cfg_simplify.cmx,226490
2026-07-28T18:02:55Z,a160052ab46b811cc9a9b6484c69f255fe82d9d6,6342,size_in_bytes,lib/ocaml/compiler-libs/asm_targets__Asm_symbol.cmx,858732
2026-07-28T18:02:55Z,a160052ab46b811cc9a9b6484c69f255fe82d9d6,6342,size_in_bytes,lib/ocaml/compiler-libs/arm64_binary_emitter__Adr_helpers.cmx,13905
2026-07-28T18:02:55Z,a160052ab46b811cc9a9b6484c69f255fe82d9d6,6342,size_in_bytes,lib/ocaml/compiler-libs/dwarf_high__Assign_abbrevs.cmx,45311
2026-07-28T18:02:55Z,a160052ab46b811cc9a9b6484c69f255fe82d9d6,6342,size_in_bytes,lib/ocaml/compiler-libs/dwarf_low__Range_list_table.cmx,83207
2026-07-28T18:02:55Z,a160052ab46b811cc9a9b6484c69f255fe82d9d6,6342,size_in_bytes,lib/ocaml/compiler-libs/dwarf_high__Operator_builder.cmx,131049
2026-07-28T18:02:55Z,a160052ab46b811cc9a9b6484c69f255fe82d9d6,6342,size_in_bytes,lib/ocaml/compiler-libs/target_system.cmx,54421
2026-07-28T18:02:55Z,a160052ab46b811cc9a9b6484c69f255fe82d9d6,6342,size_in_bytes,lib/ocaml/compiler-libs/unit_info.cmx,229986
2026-07-28T18:02:55Z,a160052ab46b811cc9a9b6484c69f255fe82d9d6,6342,size_in_bytes,lib/ocaml/compiler-libs/lazy_backtrack.cmx,25105
2026-07-28T18:02:55Z,a160052ab46b811cc9a9b6484c69f255fe82d9d6,6342,size_in_bytes,lib/ocaml/compiler-libs/clflags.cmx,545732
2026-07-28T18:02:55Z,a160052ab46b811cc9a9b6484c69f255fe82d9d6,6342,size_in_bytes,lib/ocaml/compiler-libs/dwarf_low__Address_index.cmx,1418743
2026-07-28T18:02:55Z,a160052ab46b811cc9a9b6484c69f255fe82d9d6,6342,size_in_bytes,lib/ocaml/compiler-libs/errors.cmx,1259
2026-07-28T18:02:55Z,a160052ab46b811cc9a9b6484c69f255fe82d9d6,6342,size_in_bytes,lib/ocaml/compiler-libs/cmm_peephole_engine.cmx,95573
2026-07-28T18:02:55Z,a160052ab46b811cc9a9b6484c69f255fe82d9d6,6342,size_in_bytes,lib/ocaml/compiler-libs/cmm_helpers.cmx,4405757
2026-07-28T18:02:55Z,a160052ab46b811cc9a9b6484c69f255fe82d9d6,6342,size_in_bytes,lib/ocaml/compiler-libs/slambda.cmx,41792
2026-07-28T18:02:55Z,a160052ab46b811cc9a9b6484c69f255fe82d9d6,6342,size_in_bytes,lib/ocaml/compiler-libs/scalar.cmx,432224
2026-07-28T18:02:55Z,a160052ab46b811cc9a9b6484c69f255fe82d9d6,6342,size_in_bytes,lib/ocaml/compiler-libs/dwarf_concrete_instances.cmx,15320
2026-07-28T18:02:55Z,a160052ab46b811cc9a9b6484c69f255fe82d9d6,6342,size_in_bytes,lib/ocaml/compiler-libs/bytelibrarian.cmx,101342
2026-07-28T18:02:55Z,a160052ab46b811cc9a9b6484c69f255fe82d9d6,6342,size_in_bytes,lib/ocaml/compiler-libs/typemode.cmx,301757
2026-07-28T18:02:55Z,a160052ab46b811cc9a9b6484c69f255fe82d9d6,6342,size_in_bytes,lib/ocaml/compiler-libs/typedecl_properties.cmx,84088
2026-07-28T18:02:55Z,a160052ab46b811cc9a9b6484c69f255fe82d9d6,6342,size_in_bytes,lib/ocaml/compiler-libs/ikind.cmx,336556
2026-07-28T18:02:55Z,a160052ab46b811cc9a9b6484c69f255fe82d9d6,6342,size_in_bytes,lib/ocaml/compiler-libs/typeclass.cmx,627314
2026-07-28T18:02:55Z,a160052ab46b811cc9a9b6484c69f255fe82d9d6,6342,size_in_bytes,lib/ocaml/compiler-libs/instantiator.cmx,87776
2026-07-28T18:02:55Z,a160052ab46b811cc9a9b6484c69f255fe82d9d6,6342,size_in_bytes,lib/ocaml/compiler-libs/stack_reg_offset.cmx,15743
2026-07-28T18:02:55Z,a160052ab46b811cc9a9b6484c69f255fe82d9d6,6342,size_in_bytes,lib/ocaml/compiler-libs/type_shape.cmx,322369
2026-07-28T18:02:55Z,a160052ab46b811cc9a9b6484c69f255fe82d9d6,6342,size_in_bytes,lib/ocaml/compiler-libs/load_path.cmx,277603
2026-07-28T18:02:55Z,a160052ab46b811cc9a9b6484c69f255fe82d9d6,6342,size_in_bytes,lib/ocaml/compiler-libs/string_table.cmx,14603
2026-07-28T18:02:55Z,a160052ab46b811cc9a9b6484c69f255fe82d9d6,6342,size_in_bytes,lib/ocaml/compiler-libs/language_extension.cmx,243911
2026-07-28T18:02:55Z,a160052ab46b811cc9a9b6484c69f255fe82d9d6,6342,size_in_bytes,lib/ocaml/compiler-libs/ast_helper.cmx,1543975
2026-07-28T18:02:55Z,a160052ab46b811cc9a9b6484c69f255fe82d9d6,6342,size_in_bytes,lib/ocaml/compiler-libs/simplif.cmx,54891
2026-07-28T18:02:55Z,a160052ab46b811cc9a9b6484c69f255fe82d9d6,6342,size_in_bytes,lib/ocaml/compiler-libs/dwarf_high__Proto_die.cmx,57884
2026-07-28T18:02:55Z,a160052ab46b811cc9a9b6484c69f255fe82d9d6,6342,size_in_bytes,lib/ocaml/compiler-libs/asm_targets__Asm_directives_dwarf.cmx,1921
2026-07-28T18:02:55Z,a160052ab46b811cc9a9b6484c69f255fe82d9d6,6342,size_in_bytes,lib/ocaml/compiler-libs/asm_targets__Asm_directives.cmx,806353
2026-07-28T18:02:55Z,a160052ab46b811cc9a9b6484c69f255fe82d9d6,6342,size_in_bytes,lib/ocaml/compiler-libs/attr_helper.cmx,36983
2026-07-28T18:02:55Z,a160052ab46b811cc9a9b6484c69f255fe82d9d6,6342,size_in_bytes,lib/ocaml/compiler-libs/dll.cmx,77646
2026-07-28T18:02:55Z,a160052ab46b811cc9a9b6484c69f255fe82d9d6,6342,size_in_bytes,lib/ocaml/compiler-libs/optlink.cmx,291894
2026-07-28T18:02:55Z,a160052ab46b811cc9a9b6484c69f255fe82d9d6,6342,size_in_bytes,lib/ocaml/compiler-libs/dwarf_name_laundry.cmx,19686
2026-07-28T18:02:55Z,a160052ab46b811cc9a9b6484c69f255fe82d9d6,6342,size_in_bytes,lib/ocaml/compiler-libs/section_table.cmx,42080
2026-07-28T18:02:55Z,a160052ab46b811cc9a9b6484c69f255fe82d9d6,6342,size_in_bytes,lib/ocaml/compiler-libs/peephole_utils.cmx,163722
2026-07-28T18:02:55Z,a160052ab46b811cc9a9b6484c69f255fe82d9d6,6342,size_in_bytes,lib/ocaml/compiler-libs/shape.cmx,1523678
2026-07-28T18:02:55Z,a160052ab46b811cc9a9b6484c69f255fe82d9d6,6342,size_in_bytes,lib/ocaml/compiler-libs/warnings.cmx,331081
2026-07-28T18:02:55Z,a160052ab46b811cc9a9b6484c69f255fe82d9d6,6342,size_in_bytes,lib/ocaml/compiler-libs/arm64_binary_emitter__Add_sub_helpers.cmx,61552
2026-07-28T18:02:55Z,a160052ab46b811cc9a9b6484c69f255fe82d9d6,6342,size_in_bytes,lib/ocaml/compiler-libs/arm64_binary_emitter__Branch_helpers.cmx,74765
2026-07-28T18:02:55Z,a160052ab46b811cc9a9b6484c69f255fe82d9d6,6342,size_in_bytes,lib/ocaml/compiler-libs/uniqueness_analysis.cmx,657662
2026-07-28T18:02:55Z,a160052ab46b811cc9a9b6484c69f255fe82d9d6,6342,size_in_bytes,lib/ocaml/compiler-libs/lambda.cmx,859221
2026-07-28T18:02:55Z,a160052ab46b811cc9a9b6484c69f255fe82d9d6,6342,size_in_bytes,lib/ocaml/compiler-libs/relocation_entry.cmx,52346
2026-07-28T18:02:55Z,a160052ab46b811cc9a9b6484c69f255fe82d9d6,6342,size_in_bytes,lib/ocaml/compiler-libs/compute_ranges.cmx,373047
2026-07-28T18:02:55Z,a160052ab46b811cc9a9b6484c69f255fe82d9d6,6342,size_in_bytes,lib/ocaml/compiler-libs/dwarf_low__Counted_location_description.cmx,66182
2026-07-28T18:02:55Z,a160052ab46b811cc9a9b6484c69f255fe82d9d6,6342,size_in_bytes,lib/ocaml/compiler-libs/compile.cmx,183056
2026-07-28T18:02:55Z,a160052ab46b811cc9a9b6484c69f255fe82d9d6,6342,size_in_bytes,lib/ocaml/compiler-libs/cfg.cmx,264374
2026-07-28T18:02:55Z,a160052ab46b811cc9a9b6484c69f255fe82d9d6,6342,size_in_bytes,lib/ocaml/compiler-libs/cfg_prologue.cmx,573516
2026-07-28T18:02:55Z,a160052ab46b811cc9a9b6484c69f255fe82d9d6,6342,size_in_bytes,lib/ocaml/compiler-libs/cfg_with_infos.cmx,100388
2026-07-28T18:02:55Z,a160052ab46b811cc9a9b6484c69f255fe82d9d6,6342,size_in_bytes,lib/ocaml/compiler-libs/arm64_binary_emitter__Csel_helpers.cmx,11504
2026-07-28T18:02:55Z,a160052ab46b811cc9a9b6484c69f255fe82d9d6,6342,size_in_bytes,lib/ocaml/compiler-libs/jkind_types.cmx,365570
2026-07-28T18:02:55Z,a160052ab46b811cc9a9b6484c69f255fe82d9d6,6342,size_in_bytes,lib/ocaml/compiler-libs/dwarf_compilation_unit.cmx,84484
2026-07-28T18:02:55Z,a160052ab46b811cc9a9b6484c69f255fe82d9d6,6342,size_in_bytes,lib/ocaml/compiler-libs/optcomp_intf.cmx,9282
2026-07-28T18:02:55Z,a160052ab46b811cc9a9b6484c69f255fe82d9d6,6342,size_in_bytes,lib/ocaml/compiler-libs/arch.cmx,144858
2026-07-28T18:02:55Z,a160052ab46b811cc9a9b6484c69f255fe82d9d6,6342,size_in_bytes,lib/ocaml/compiler-libs/regs_utils.cmx,43502
2026-07-28T18:02:55Z,a160052ab46b811cc9a9b6484c69f255fe82d9d6,6342,size_in_bytes,lib/ocaml/compiler-libs/printcmm.cmx,269251
2026-07-28T18:02:55Z,a160052ab46b811cc9a9b6484c69f255fe82d9d6,6342,size_in_bytes,lib/ocaml/compiler-libs/dwarf_low__Range_list_entry.cmx,20508
2026-07-28T18:02:55Z,a160052ab46b811cc9a9b6484c69f255fe82d9d6,6342,size_in_bytes,lib/ocaml/compiler-libs/sub_cfg.cmx,142894
2026-07-28T18:02:55Z,a160052ab46b811cc9a9b6484c69f255fe82d9d6,6342,size_in_bytes,lib/ocaml/compiler-libs/asmlink.cmx,43754
2026-07-28T18:02:55Z,a160052ab46b811cc9a9b6484c69f255fe82d9d6,6342,size_in_bytes,lib/ocaml/compiler-libs/dwarf_low__Unit_type.cmx,16259
2026-07-28T18:02:55Z,a160052ab46b811cc9a9b6484c69f255fe82d9d6,6342,size_in_bytes,lib/ocaml/compiler-libs/cfg_intf.cmx,10052
2026-07-28T18:02:55Z,a160052ab46b811cc9a9b6484c69f255fe82d9d6,6342,size_in_bytes,lib/ocaml/compiler-libs/binary_emitter_intf.cmx,951
2026-07-28T18:02:55Z,a160052ab46b811cc9a9b6484c69f255fe82d9d6,6342,size_in_bytes,lib/ocaml/compiler-libs/build_path_prefix_map.cmx,137037
2026-07-28T18:02:55Z,a160052ab46b811cc9a9b6484c69f255fe82d9d6,6342,size_in_bytes,lib/ocaml/compiler-libs/mixed_block_shape.cmx,105940
2026-07-28T18:02:55Z,a160052ab46b811cc9a9b6484c69f255fe82d9d6,6342,size_in_bytes,lib/ocaml/compiler-libs/cfg_selectgen.cmx,1631515
2026-07-28T18:02:55Z,a160052ab46b811cc9a9b6484c69f255fe82d9d6,6342,size_in_bytes,lib/ocaml/compiler-libs/mixed_product_bytes.cmx,77721
2026-07-28T18:02:55Z,a160052ab46b811cc9a9b6484c69f255fe82d9d6,6342,size_in_bytes,lib/ocaml/compiler-libs/depend.cmx,259965
2026-07-28T18:02:55Z,a160052ab46b811cc9a9b6484c69f255fe82d9d6,6342,size_in_bytes,lib/ocaml/compiler-libs/typetexp.cmx,805043
2026-07-28T18:02:55Z,a160052ab46b811cc9a9b6484c69f255fe82d9d6,6342,size_in_bytes,lib/ocaml/compiler-libs/typeopt.cmx,315973
2026-07-28T18:02:55Z,a160052ab46b811cc9a9b6484c69f255fe82d9d6,6342,size_in_bytes,lib/ocaml/compiler-libs/regalloc_irc_utils.cmx,62166
2026-07-28T18:02:55Z,a160052ab46b811cc9a9b6484c69f255fe82d9d6,6342,size_in_bytes,lib/ocaml/compiler-libs/env.cmx,3553224
2026-07-28T18:02:55Z,a160052ab46b811cc9a9b6484c69f255fe82d9d6,6342,size_in_bytes,lib/ocaml/compiler-libs/x86_peephole_rules.cmx,70938
2026-07-28T18:02:55Z,a160052ab46b811cc9a9b6484c69f255fe82d9d6,6342,size_in_bytes,lib/ocaml/compiler-libs/cfg_colours.cmx,90165
2026-07-28T18:02:55Z,a160052ab46b811cc9a9b6484c69f255fe82d9d6,6342,size_in_bytes,lib/ocaml/compiler-libs/regalloc_irc.cmx,19127
2026-07-28T18:02:55Z,a160052ab46b811cc9a9b6484c69f255fe82d9d6,6342,size_in_bytes,lib/ocaml/compiler-libs/arm64_binary_emitter__Section_state.cmx,98380
2026-07-28T18:02:55Z,a160052ab46b811cc9a9b6484c69f255fe82d9d6,6342,size_in_bytes,lib/ocaml/compiler-libs/select_utils.cmx,334252
2026-07-28T18:02:55Z,a160052ab46b811cc9a9b6484c69f255fe82d9d6,6342,size_in_bytes,lib/ocaml/compiler-libs/dwarf_low__Location_or_range_list.cmx,35484
2026-07-28T18:02:55Z,a160052ab46b811cc9a9b6484c69f255fe82d9d6,6342,size_in_bytes,lib/ocaml/compiler-libs/proc.cmx,252683
2026-07-28T18:02:55Z,a160052ab46b811cc9a9b6484c69f255fe82d9d6,6342,size_in_bytes,lib/ocaml/compiler-libs/config.cmx,94953
2026-07-28T18:02:55Z,a160052ab46b811cc9a9b6484c69f255fe82d9d6,6342,size_in_bytes,lib/ocaml/compiler-libs/zero_alloc_annotations.cmx,20989
2026-07-28T18:02:55Z,a160052ab46b811cc9a9b6484c69f255fe82d9d6,6342,size_in_bytes,lib/ocaml/compiler-libs/regalloc_interf_graph.cmx,289206
2026-07-28T18:02:55Z,a160052ab46b811cc9a9b6484c69f255fe82d9d6,6342,size_in_bytes,lib/ocaml/compiler-libs/instruct.cmx,2865
2026-07-28T18:02:55Z,a160052ab46b811cc9a9b6484c69f255fe82d9d6,6342,size_in_bytes,lib/ocaml/compiler-libs/byteinstantiator.cmx,45627
2026-07-28T18:02:55Z,a160052ab46b811cc9a9b6484c69f255fe82d9d6,6342,size_in_bytes,lib/ocaml/compiler-libs/emitcode.cmx,58678
2026-07-28T18:02:55Z,a160052ab46b811cc9a9b6484c69f255fe82d9d6,6342,size_in_bytes,lib/ocaml/compiler-libs/value_rec_check.cmx,160427
2026-07-28T18:02:55Z,a160052ab46b811cc9a9b6484c69f255fe82d9d6,6342,size_in_bytes,lib/ocaml/compiler-libs/linkage_name.cmx,733900
2026-07-28T18:02:55Z,a160052ab46b811cc9a9b6484c69f255fe82d9d6,6342,size_in_bytes,lib/ocaml/compiler-libs/dwarf_low__Dwarf_format.cmx,5548
2026-07-28T18:02:55Z,a160052ab46b811cc9a9b6484c69f255fe82d9d6,6342,size_in_bytes,lib/ocaml/compiler-libs/arm64_binary_emitter__Encode_instruction.cmx,8596
2026-07-28T18:02:55Z,a160052ab46b811cc9a9b6484c69f255fe82d9d6,6342,size_in_bytes,lib/ocaml/compiler-libs/types.cmx,1200223
2026-07-28T18:02:55Z,a160052ab46b811cc9a9b6484c69f255fe82d9d6,6342,size_in_bytes,lib/ocaml/compiler-libs/dwarf_low__Dwarf_4_location_list.cmx,72597
2026-07-28T18:02:55Z,a160052ab46b811cc9a9b6484c69f255fe82d9d6,6342,size_in_bytes,lib/ocaml/compiler-libs/emitaux.cmx,270194
2026-07-28T18:02:55Z,a160052ab46b811cc9a9b6484c69f255fe82d9d6,6342,size_in_bytes,lib/ocaml/compiler-libs/shape_reduce.cmx,843459
2026-07-28T18:02:55Z,a160052ab46b811cc9a9b6484c69f255fe82d9d6,6342,size_in_bytes,lib/ocaml/compiler-libs/bytegen.cmx,120867
2026-07-28T18:02:55Z,a160052ab46b811cc9a9b6484c69f255fe82d9d6,6342,size_in_bytes,lib/ocaml/compiler-libs/data_types.cmx,36767
2026-07-28T18:02:55Z,a160052ab46b811cc9a9b6484c69f255fe82d9d6,6342,size_in_bytes,lib/ocaml/compiler-libs/linker_script.cmx,7790
2026-07-28T18:02:55Z,a160052ab46b811cc9a9b6484c69f255fe82d9d6,6342,size_in_bytes,lib/ocaml/compiler-libs/measure_object_files.cmx,26196
2026-07-28T18:02:55Z,a160052ab46b811cc9a9b6484c69f255fe82d9d6,6342,size_in_bytes,lib/ocaml/compiler-libs/backend_var.cmx,129515
2026-07-28T18:02:55Z,a160052ab46b811cc9a9b6484c69f255fe82d9d6,6342,size_in_bytes,lib/ocaml/compiler-libs/format_doc.cmx,614420
2026-07-28T18:02:55Z,a160052ab46b811cc9a9b6484c69f255fe82d9d6,6342,size_in_bytes,lib/ocaml/compiler-libs/arm64_binary_emitter__Nop_helpers.cmx,2022
2026-07-28T18:02:55Z,a160052ab46b811cc9a9b6484c69f255fe82d9d6,6342,size_in_bytes,lib/ocaml/compiler-libs/arm64_binary_emitter__Simd_helpers.cmx,60109
2026-07-28T18:02:55Z,a160052ab46b811cc9a9b6484c69f255fe82d9d6,6342,size_in_bytes,lib/ocaml/compiler-libs/includemod.cmx,963863
2026-07-28T18:02:55Z,a160052ab46b811cc9a9b6484c69f255fe82d9d6,6342,size_in_bytes,lib/ocaml/compiler-libs/translcore.cmx,443948
2026-07-28T18:02:55Z,a160052ab46b811cc9a9b6484c69f255fe82d9d6,6342,size_in_bytes,lib/ocaml/compiler-libs/cfg_selectgen_target_intf.cmx,10161
2026-07-28T18:02:55Z,a160052ab46b811cc9a9b6484c69f255fe82d9d6,6342,size_in_bytes,lib/ocaml/compiler-libs/opterrors.cmx,1274
2026-07-28T18:02:55Z,a160052ab46b811cc9a9b6484c69f255fe82d9d6,6342,size_in_bytes,lib/ocaml/compiler-libs/printlinear.cmx,68330
2026-07-28T18:02:55Z,a160052ab46b811cc9a9b6484c69f255fe82d9d6,6342,size_in_bytes,lib/ocaml/compiler-libs/operation.cmx,95004
2026-07-28T18:02:55Z,a160052ab46b811cc9a9b6484c69f255fe82d9d6,6342,size_in_bytes,lib/ocaml/compiler-libs/regs.cmx,868254
2026-07-28T18:02:55Z,a160052ab46b811cc9a9b6484c69f255fe82d9d6,6342,size_in_bytes,lib/ocaml/compiler-libs/terminfo.cmx,24354
2026-07-28T18:02:55Z,a160052ab46b811cc9a9b6484c69f255fe82d9d6,6342,size_in_bytes,lib/ocaml/compiler-libs/dwarf_state.cmx,52307
2026-07-28T18:02:55Z,a160052ab46b811cc9a9b6484c69f255fe82d9d6,6342,size_in_bytes,lib/ocaml/compiler-libs/camlinternalMenhirLib.cmx,955676
2026-07-28T18:02:55Z,a160052ab46b811cc9a9b6484c69f255fe82d9d6,6342,size_in_bytes,lib/ocaml/compiler-libs/regalloc_utils.cmx,658599
2026-07-28T18:02:55Z,a160052ab46b811cc9a9b6484c69f255fe82d9d6,6342,size_in_bytes,lib/ocaml/compiler-libs/optlibrarian.cmx,210063
2026-07-28T18:02:55Z,a160052ab46b811cc9a9b6484c69f255fe82d9d6,6342,size_in_bytes,lib/ocaml/compiler-libs/is_parameter.cmx,826725
2026-07-28T18:02:55Z,a160052ab46b811cc9a9b6484c69f255fe82d9d6,6342,size_in_bytes,lib/ocaml/compiler-libs/untypeast.cmx,600034
2026-07-28T18:02:55Z,a160052ab46b811cc9a9b6484c69f255fe82d9d6,6342,size_in_bytes,lib/ocaml/compiler-libs/zero_alloc_checker.cmx,1502489
2026-07-28T18:02:55Z,a160052ab46b811cc9a9b6484c69f255fe82d9d6,6342,size_in_bytes,lib/ocaml/compiler-libs/translclass.cmx,35788
2026-07-28T18:02:55Z,a160052ab46b811cc9a9b6484c69f255fe82d9d6,6342,size_in_bytes,lib/ocaml/compiler-libs/rawprinttyp.cmx,59998
2026-07-28T18:02:55Z,a160052ab46b811cc9a9b6484c69f255fe82d9d6,6342,size_in_bytes,lib/ocaml/compiler-libs/bytelink.cmx,323695
2026-07-28T18:02:55Z,a160052ab46b811cc9a9b6484c69f255fe82d9d6,6342,size_in_bytes,lib/ocaml/compiler-libs/regalloc_gi_utils.cmx,383021
2026-07-28T18:02:55Z,a160052ab46b811cc9a9b6484c69f255fe82d9d6,6342,size_in_bytes,lib/ocaml/compiler-libs/errortrace_report.cmx,259039
2026-07-28T18:02:55Z,a160052ab46b811cc9a9b6484c69f255fe82d9d6,6342,size_in_bytes,lib/ocaml/compiler-libs/amd64_simd_instrs.cmx,1125749
2026-07-28T18:02:55Z,a160052ab46b811cc9a9b6484c69f255fe82d9d6,6342,size_in_bytes,lib/ocaml/compiler-libs/emit.cmx,66168
2026-07-28T18:02:55Z,a160052ab46b811cc9a9b6484c69f255fe82d9d6,6342,size_in_bytes,lib/ocaml/compiler-libs/dwarf_low__Dwarf_value.cmx,120839
2026-07-28T18:02:55Z,a160052ab46b811cc9a9b6484c69f255fe82d9d6,6342,size_in_bytes,lib/ocaml/compiler-libs/longident.cmx,23600
2026-07-28T18:02:55Z,a160052ab46b811cc9a9b6484c69f255fe82d9d6,6342,size_in_bytes,lib/ocaml/compiler-libs/jkind_axis.cmx,394764
2026-07-28T18:02:55Z,a160052ab46b811cc9a9b6484c69f255fe82d9d6,6342,size_in_bytes,lib/ocaml/compiler-libs/x86_binary_emitter.cmx,309028
2026-07-28T18:02:55Z,a160052ab46b811cc9a9b6484c69f255fe82d9d6,6342,size_in_bytes,lib/ocaml/compiler-libs/translmod.cmx,491408
2026-07-28T18:02:55Z,a160052ab46b811cc9a9b6484c69f255fe82d9d6,6342,size_in_bytes,lib/ocaml/compiler-libs/cmm_builtins.cmx,38713
2026-07-28T18:02:55Z,a160052ab46b811cc9a9b6484c69f255fe82d9d6,6342,size_in_bytes,lib/ocaml/compiler-libs/translprim.cmx,239329
2026-07-28T18:02:55Z,a160052ab46b811cc9a9b6484c69f255fe82d9d6,6342,size_in_bytes,lib/ocaml/compiler-libs/regalloc_stack_slots.cmx,74391
2026-07-28T18:02:55Z,a160052ab46b811cc9a9b6484c69f255fe82d9d6,6342,size_in_bytes,lib/ocaml/compiler-libs/dissector.cmx,44976
2026-07-28T18:02:55Z,a160052ab46b811cc9a9b6484c69f255fe82d9d6,6342,size_in_bytes,lib/ocaml/compiler-libs/global_module.cmx,2281125
2026-07-28T18:02:55Z,a160052ab46b811cc9a9b6484c69f255fe82d9d6,6342,size_in_bytes,lib/ocaml/compiler-libs/debug.cmx,19596
2026-07-28T18:02:55Z,a160052ab46b811cc9a9b6484c69f255fe82d9d6,6342,size_in_bytes,lib/ocaml/compiler-libs/regalloc_gi_state.cmx,48248
2026-07-28T18:02:55Z,a160052ab46b811cc9a9b6484c69f255fe82d9d6,6342,size_in_bytes,lib/ocaml/compiler-libs/typedecl_separability.cmx,142922
2026-07-28T18:02:55Z,a160052ab46b811cc9a9b6484c69f255fe82d9d6,6342,size_in_bytes,lib/ocaml/compiler-libs/dwarf_low__Debug_info_section.cmx,84225
2026-07-28T18:02:55Z,a160052ab46b811cc9a9b6484c69f255fe82d9d6,6342,size_in_bytes,lib/ocaml/compiler-libs/syntaxerr.cmx,7290
2026-07-28T18:02:55Z,a160052ab46b811cc9a9b6484c69f255fe82d9d6,6342,size_in_bytes,lib/ocaml/compiler-libs/cfg_loop_infos.cmx,110010
2026-07-28T18:02:55Z,a160052ab46b811cc9a9b6484c69f255fe82d9d6,6342,size_in_bytes,lib/ocaml/compiler-libs/cfg_invariants.cmx,96986
2026-07-28T18:02:55Z,a160052ab46b811cc9a9b6484c69f255fe82d9d6,6342,size_in_bytes,lib/ocaml/compiler-libs/dwarf_low__Location_list_entry.cmx,16704
2026-07-28T18:02:55Z,a160052ab46b811cc9a9b6484c69f255fe82d9d6,6342,size_in_bytes,lib/ocaml/compiler-libs/printast_with_mappings.cmx,667283
2026-07-28T18:02:55Z,a160052ab46b811cc9a9b6484c69f255fe82d9d6,6342,size_in_bytes,lib/ocaml/compiler-libs/slambdaident.cmx,917963
2026-07-28T18:02:55Z,a160052ab46b811cc9a9b6484c69f255fe82d9d6,6342,size_in_bytes,lib/ocaml/compiler-libs/cfg_dataflow.cmx,258580
2026-07-28T18:02:55Z,a160052ab46b811cc9a9b6484c69f255fe82d9d6,6342,size_in_bytes,lib/ocaml/compiler-libs/cfg_reducibility.cmx,59586
2026-07-28T18:02:55Z,a160052ab46b811cc9a9b6484c69f255fe82d9d6,6342,size_in_bytes,lib/ocaml/compiler-libs/transl_comprehension_utils.cmx,322880
2026-07-28T18:02:55Z,a160052ab46b811cc9a9b6484c69f255fe82d9d6,6342,size_in_bytes,lib/ocaml/compiler-libs/dwarf_low__Aranges_table.cmx,31998
2026-07-28T18:02:55Z,a160052ab46b811cc9a9b6484c69f255fe82d9d6,6342,size_in_bytes,lib/ocaml/compiler-libs/transl_array_comprehension.cmx,327924
2026-07-28T18:02:55Z,a160052ab46b811cc9a9b6484c69f255fe82d9d6,6342,size_in_bytes,lib/ocaml/compiler-libs/vicuna_traverse_typed_tree.cmx,89592
2026-07-28T18:02:55Z,a160052ab46b811cc9a9b6484c69f255fe82d9d6,6342,size_in_bytes,lib/ocaml/compiler-libs/form_rewrite_plan.cmx,80055
2026-07-28T18:02:55Z,a160052ab46b811cc9a9b6484c69f255fe82d9d6,6342,size_in_bytes,lib/ocaml/compiler-libs/stypes.cmx,59741
2026-07-28T18:02:55Z,a160052ab46b811cc9a9b6484c69f255fe82d9d6,6342,size_in_bytes,lib/ocaml/compiler-libs/typecore.cmx,1445869
2026-07-28T18:02:55Z,a160052ab46b811cc9a9b6484c69f255fe82d9d6,6342,size_in_bytes,lib/ocaml/compiler-libs/dwarf_low__Dwarf_4_entry_sorting.cmx,10110
2026-07-28T18:02:55Z,a160052ab46b811cc9a9b6484c69f255fe82d9d6,6342,size_in_bytes,lib/ocaml/compiler-libs/arm64_binary_emitter__Shift_immh_immb_helpers.cmx,12086
2026-07-28T18:02:55Z,a160052ab46b811cc9a9b6484c69f255fe82d9d6,6342,size_in_bytes,lib/ocaml/compiler-libs/arm64_ast.cmx,353
2026-07-28T18:02:55Z,a160052ab46b811cc9a9b6484c69f255fe82d9d6,6342,size_in_bytes,lib/ocaml/compiler-libs/dwarf_low__Dwarf_operator.cmx,213463
2026-07-28T18:02:55Z,a160052ab46b811cc9a9b6484c69f255fe82d9d6,6342,size_in_bytes,lib/ocaml/compiler-libs/symtable.cmx,794253
2026-07-28T18:02:55Z,a160052ab46b811cc9a9b6484c69f255fe82d9d6,6342,size_in_bytes,lib/ocaml/compiler-libs/slambda_fracture.cmx,52350
2026-07-28T18:02:55Z,a160052ab46b811cc9a9b6484c69f255fe82d9d6,6342,size_in_bytes,lib/ocaml/compiler-libs/regalloc_rewrite.cmx,43385
2026-07-28T18:02:55Z,a160052ab46b811cc9a9b6484c69f255fe82d9d6,6342,size_in_bytes,lib/ocaml/compiler-libs/strongly_connected_components.cmx,159333
2026-07-28T18:02:55Z,a160052ab46b811cc9a9b6484c69f255fe82d9d6,6342,size_in_bytes,lib/ocaml/compiler-libs/bytesections.cmx,77339
2026-07-28T18:02:55Z,a160052ab46b811cc9a9b6484c69f255fe82d9d6,6342,size_in_bytes,lib/ocaml/compiler-libs/typemod.cmx,542455
2026-07-28T18:02:55Z,a160052ab46b811cc9a9b6484c69f255fe82d9d6,6342,size_in_bytes,lib/ocaml/compiler-libs/vectorize.cmx,108809
2026-07-28T18:02:55Z,a160052ab46b811cc9a9b6484c69f255fe82d9d6,6342,size_in_bytes,lib/ocaml/compiler-libs/simplify_terminator.cmx,23264
2026-07-28T18:02:55Z,a160052ab46b811cc9a9b6484c69f255fe82d9d6,6342,size_in_bytes,lib/ocaml/compiler-libs/errortrace.cmx,71137
2026-07-28T18:02:55Z,a160052ab46b811cc9a9b6484c69f255fe82d9d6,6342,size_in_bytes,lib/ocaml/compiler-libs/oxcaml_args.cmx,1807399
2026-07-28T18:02:55Z,a160052ab46b811cc9a9b6484c69f255fe82d9d6,6342,size_in_bytes,lib/ocaml/compiler-libs/cfg_merge_blocks.cmx,95444
2026-07-28T18:02:55Z,a160052ab46b811cc9a9b6484c69f255fe82d9d6,6342,size_in_bytes,lib/ocaml/compiler-libs/compmisc.cmx,96723
2026-07-28T18:02:55Z,a160052ab46b811cc9a9b6484c69f255fe82d9d6,6342,size_in_bytes,lib/ocaml/compiler-libs/dwarf_low.cmx,1732
2026-07-28T18:02:55Z,a160052ab46b811cc9a9b6484c69f255fe82d9d6,6342,size_in_bytes,lib/ocaml/compiler-libs/zero_alloc.cmx,107240
2026-07-28T18:02:55Z,a160052ab46b811cc9a9b6484c69f255fe82d9d6,6342,size_in_bytes,lib/ocaml/compiler-libs/x86_masm.cmx,38223
2026-07-28T18:02:55Z,a160052ab46b811cc9a9b6484c69f255fe82d9d6,6342,size_in_bytes,lib/ocaml/compiler-libs/asm_targets__Asm_label.cmx,982009
2026-07-28T18:02:55Z,a160052ab46b811cc9a9b6484c69f255fe82d9d6,6342,size_in_bytes,lib/ocaml/compiler-libs/dwarf_low__Single_location_description.cmx,44769
2026-07-28T18:02:55Z,a160052ab46b811cc9a9b6484c69f255fe82d9d6,6342,size_in_bytes,lib/ocaml/compiler-libs/internal_assembler.cmx,17052
2026-07-28T18:02:55Z,a160052ab46b811cc9a9b6484c69f255fe82d9d6,6342,size_in_bytes,lib/ocaml/compiler-libs/signature_group.cmx,94127
2026-07-28T18:02:55Z,a160052ab46b811cc9a9b6484c69f255fe82d9d6,6342,size_in_bytes,lib/ocaml/compiler-libs/ast_mapper.cmx,986828
2026-07-28T18:02:55Z,a160052ab46b811cc9a9b6484c69f255fe82d9d6,6342,size_in_bytes,lib/ocaml/compiler-libs/x86_peephole_optimize.cmx,32074
2026-07-28T18:02:55Z,a160052ab46b811cc9a9b6484c69f255fe82d9d6,6342,size_in_bytes,lib/ocaml/compiler-libs/meta.cmx,2576
2026-07-28T18:02:55Z,a160052ab46b811cc9a9b6484c69f255fe82d9d6,6342,size_in_bytes,lib/ocaml/compiler-libs/tast_mapper.cmx,613889
2026-07-28T18:02:55Z,a160052ab46b811cc9a9b6484c69f255fe82d9d6,6342,size_in_bytes,lib/ocaml/compiler-libs/label.cmx,24277
2026-07-28T18:02:55Z,a160052ab46b811cc9a9b6484c69f255fe82d9d6,6342,size_in_bytes,lib/ocaml/compiler-libs/afl_instrument.cmx,26167
2026-07-28T18:02:55Z,a160052ab46b811cc9a9b6484c69f255fe82d9d6,6342,size_in_bytes,lib/ocaml/compiler-libs/binary_emitter_helpers.cmx,6234
2026-07-28T18:02:55Z,a160052ab46b811cc9a9b6484c69f255fe82d9d6,6342,size_in_bytes,lib/ocaml/compiler-libs/zero_alloc_utils.cmx,205365
2026-07-28T18:02:55Z,a160052ab46b811cc9a9b6484c69f255fe82d9d6,6342,size_in_bytes,lib/ocaml/compiler-libs/printoperation.cmx,41600
2026-07-28T18:02:55Z,a160052ab46b811cc9a9b6484c69f255fe82d9d6,6342,size_in_bytes,lib/ocaml/compiler-libs/vectorize_specific.cmx,31096
2026-07-28T18:02:55Z,a160052ab46b811cc9a9b6484c69f255fe82d9d6,6342,size_in_bytes,lib/ocaml/compiler-libs/ldd_intf.cmx,1538
2026-07-28T18:02:55Z,a160052ab46b811cc9a9b6484c69f255fe82d9d6,6342,size_in_bytes,lib/ocaml/compiler-libs/available_ranges_vars.cmx,288114
2026-07-28T18:02:55Z,a160052ab46b811cc9a9b6484c69f255fe82d9d6,6342,size_in_bytes,lib/ocaml/compiler-libs/x86_proc.cmx,212022
2026-07-28T18:02:55Z,a160052ab46b811cc9a9b6484c69f255fe82d9d6,6342,size_in_bytes,lib/ocaml/compiler-libs/dwarf_inlined_frames.cmx,221769
2026-07-28T18:02:55Z,a160052ab46b811cc9a9b6484c69f255fe82d9d6,6342,size_in_bytes,lib/ocaml/compiler-libs/compute_ranges_intf.cmx,10013
2026-07-28T18:02:55Z,a160052ab46b811cc9a9b6484c69f255fe82d9d6,6342,size_in_bytes,lib/ocaml/compiler-libs/regalloc_ls.cmx,190109
2026-07-28T18:02:55Z,a160052ab46b811cc9a9b6484c69f255fe82d9d6,6342,size_in_bytes,lib/ocaml/compiler-libs/zero_alloc_info.cmx,46619
2026-07-28T18:02:55Z,a160052ab46b811cc9a9b6484c69f255fe82d9d6,6342,size_in_bytes,lib/ocaml/compiler-libs/extract_relocations.cmx,144178
2026-07-28T18:02:55Z,a160052ab46b811cc9a9b6484c69f255fe82d9d6,6342,size_in_bytes,lib/ocaml/compiler-libs/igot.cmx,57658
2026-07-28T18:02:55Z,a160052ab46b811cc9a9b6484c69f255fe82d9d6,6342,size_in_bytes,lib/ocaml/compiler-libs/blambda_of_lambda.cmx,48991
2026-07-28T18:02:55Z,a160052ab46b811cc9a9b6484c69f255fe82d9d6,6342,size_in_bytes,lib/ocaml/compiler-libs/translattribute.cmx,672491
2026-07-28T18:02:55Z,a160052ab46b811cc9a9b6484c69f255fe82d9d6,6342,size_in_bytes,lib/ocaml/compiler-libs/cfg_to_linear_desc.cmx,15389
2026-07-28T18:02:55Z,a160052ab46b811cc9a9b6484c69f255fe82d9d6,6342,size_in_bytes,lib/ocaml/compiler-libs/dwarf_low__Address_table.cmx,88797
2026-07-28T18:02:55Z,a160052ab46b811cc9a9b6484c69f255fe82d9d6,6342,size_in_bytes,lib/ocaml/compiler-libs/regalloc_affinity.cmx,25117
2026-07-28T18:02:55Z,a160052ab46b811cc9a9b6484c69f255fe82d9d6,6342,size_in_bytes,lib/ocaml/compiler-libs/regalloc_split_utils.cmx,137821
2026-07-28T18:02:55Z,a160052ab46b811cc9a9b6484c69f255fe82d9d6,6342,size_in_bytes,lib/ocaml/compiler-libs/predef.cmx,192935
2026-07-28T18:02:55Z,a160052ab46b811cc9a9b6484c69f255fe82d9d6,6342,size_in_bytes,lib/ocaml/compiler-libs/dwarf_abstract_instances.cmx,127025
2026-07-28T18:02:55Z,a160052ab46b811cc9a9b6484c69f255fe82d9d6,6342,size_in_bytes,lib/ocaml/compiler-libs/cm_bundle.cmx,15694
2026-07-28T18:02:55Z,a160052ab46b811cc9a9b6484c69f255fe82d9d6,6342,size_in_bytes,lib/ocaml/compiler-libs/regalloc_split.cmx,339178
2026-07-28T18:02:55Z,a160052ab46b811cc9a9b6484c69f255fe82d9d6,6342,size_in_bytes,lib/ocaml/compiler-libs/dwarf_low__Abbreviation_code.cmx,40207
2026-07-28T18:02:55Z,a160052ab46b811cc9a9b6484c69f255fe82d9d6,6342,size_in_bytes,lib/ocaml/compiler-libs/makedepend.cmx,35604
2026-07-28T18:02:55Z,a160052ab46b811cc9a9b6484c69f255fe82d9d6,6342,size_in_bytes,lib/ocaml/compiler-libs/doubly_linked_list.cmx,212538
2026-07-28T18:02:55Z,a160052ab46b811cc9a9b6484c69f255fe82d9d6,6342,size_in_bytes,lib/ocaml/compiler-libs/partition.cmx,23315
2026-07-28T18:02:55Z,a160052ab46b811cc9a9b6484c69f255fe82d9d6,6342,size_in_bytes,lib/ocaml/compiler-libs/cfg_selection.cmx,133445
2026-07-28T18:02:55Z,a160052ab46b811cc9a9b6484c69f255fe82d9d6,6342,size_in_bytes,lib/ocaml/compiler-libs/printlambda.cmx,173119
2026-07-28T18:02:55Z,a160052ab46b811cc9a9b6484c69f255fe82d9d6,6342,size_in_bytes,lib/ocaml/compiler-libs/binary_emitter_verify.cmx,58599
2026-07-28T18:02:55Z,a160052ab46b811cc9a9b6484c69f255fe82d9d6,6342,size_in_bytes,lib/ocaml/compiler-libs/opt_fuel.cmx,41503
2026-07-28T18:02:55Z,a160052ab46b811cc9a9b6484c69f255fe82d9d6,6342,size_in_bytes,lib/ocaml/compiler-libs/arm64_binary_emitter__Condition_helpers.cmx,6946
2026-07-28T18:02:55Z,a160052ab46b811cc9a9b6484c69f255fe82d9d6,6342,size_in_bytes,lib/ocaml/compiler-libs/dwarf_high__Dwarf_attribute_helpers.cmx,392467
2026-07-28T18:02:55Z,a160052ab46b811cc9a9b6484c69f255fe82d9d6,6342,size_in_bytes,lib/ocaml/compiler-libs/dwarf_low__Debugging_information_entry.cmx,51198
2026-07-28T18:02:55Z,a160052ab46b811cc9a9b6484c69f255fe82d9d6,6342,size_in_bytes,lib/ocaml/compiler-libs/current_unit.cmx,74750
2026-07-28T18:02:55Z,a160052ab46b811cc9a9b6484c69f255fe82d9d6,6342,size_in_bytes,lib/ocaml/compiler-libs/dwarf_low__Dwarf_arch_sizes.cmx,619
2026-07-28T18:02:55Z,a160052ab46b811cc9a9b6484c69f255fe82d9d6,6342,size_in_bytes,lib/ocaml/compiler-libs/runtimetags.cmx,1066
2026-07-28T18:02:55Z,a160052ab46b811cc9a9b6484c69f255fe82d9d6,6342,size_in_bytes,lib/ocaml/compiler-libs/axis_lattice.cmx,191643
2026-07-28T18:02:55Z,a160052ab46b811cc9a9b6484c69f255fe82d9d6,6342,size_in_bytes,lib/ocaml/compiler-libs/translmode.cmx,69668
2026-07-28T18:02:55Z,a160052ab46b811cc9a9b6484c69f255fe82d9d6,6342,size_in_bytes,lib/ocaml/compiler-libs/cfg_liveness.cmx,174435
2026-07-28T18:02:55Z,a160052ab46b811cc9a9b6484c69f255fe82d9d6,6342,size_in_bytes,lib/ocaml/compiler-libs/language_extension_kernel.cmx,4456
2026-07-28T18:02:55Z,a160052ab46b811cc9a9b6484c69f255fe82d9d6,6342,size_in_bytes,lib/ocaml/compiler-libs/arm64_ast__Ast.cmx,1196154
2026-07-28T18:02:55Z,a160052ab46b811cc9a9b6484c69f255fe82d9d6,6342,size_in_bytes,lib/ocaml/ocaml-jit/jit.cmx,68765
2026-07-28T18:02:55Z,a160052ab46b811cc9a9b6484c69f255fe82d9d6,6342,size_in_bytes,lib/ocaml/stdlib_beta/stdlib_beta.cmx,384
2026-07-28T18:02:55Z,a160052ab46b811cc9a9b6484c69f255fe82d9d6,6342,size_in_bytes,lib/ocaml/str/str.cmx,237564
2026-07-28T18:02:55Z,a160052ab46b811cc9a9b6484c69f255fe82d9d6,6342,size_in_bytes,lib/ocaml/stdlib_upstream_compatible/stdlib_upstream_compatible__Int64_u.cmx,77549
2026-07-28T18:02:55Z,a160052ab46b811cc9a9b6484c69f255fe82d9d6,6342,size_in_bytes,lib/ocaml/stdlib_upstream_compatible/stdlib_upstream_compatible__Nativeint_u.cmx,70147
2026-07-28T18:02:55Z,a160052ab46b811cc9a9b6484c69f255fe82d9d6,6342,size_in_bytes,lib/ocaml/stdlib_upstream_compatible/stdlib_upstream_compatible__Float_u.cmx,114528
2026-07-28T18:02:55Z,a160052ab46b811cc9a9b6484c69f255fe82d9d6,6342,size_in_bytes,lib/ocaml/stdlib_upstream_compatible/stdlib_upstream_compatible__Int32_u.cmx,64611
2026-07-28T18:02:55Z,a160052ab46b811cc9a9b6484c69f255fe82d9d6,6342,size_in_bytes,lib/ocaml/stdlib_upstream_compatible/stdlib_upstream_compatible__.cmx,737
2026-07-28T18:02:55Z,a160052ab46b811cc9a9b6484c69f255fe82d9d6,6342,size_in_bytes,lib/ocaml/stdlib_upstream_compatible/stdlib_upstream_compatible.cmx,545
2026-07-28T18:02:55Z,a160052ab46b811cc9a9b6484c69f255fe82d9d6,6342,size_in_bytes,lib/ocaml/threads/thread.cmx,28212
2026-07-28T18:02:55Z,a160052ab46b811cc9a9b6484c69f255fe82d9d6,6342,size_in_bytes,lib/ocaml/threads/event.cmx,161897
2026-07-28T18:02:55Z,a160052ab46b811cc9a9b6484c69f255fe82d9d6,6342,size_in_bytes,lib/ocaml/threads/multicore.cmx,47421
2026-07-28T18:02:55Z,a160052ab46b811cc9a9b6484c69f255fe82d9d6,6342,size_in_bytes,lib/ocaml/stdlib_alpha/stdlib_alpha.cmx,389
2026-07-28T18:02:55Z,a160052ab46b811cc9a9b6484c69f255fe82d9d6,6342,size_in_bytes,lib/ocaml/compiler_owee__Owee_graph.cmo,93262
2026-07-28T18:02:55Z,a160052ab46b811cc9a9b6484c69f255fe82d9d6,6342,size_in_bytes,lib/ocaml/compiler_owee__Owee_marker.cmo,77520
2026-07-28T18:02:55Z,a160052ab46b811cc9a9b6484c69f255fe82d9d6,6342,size_in_bytes,lib/ocaml/compiler_owee__Owee_elf_string_table.cmo,16247
2026-07-28T18:02:55Z,a160052ab46b811cc9a9b6484c69f255fe82d9d6,6342,size_in_bytes,lib/ocaml/compiler_owee__Owee_buf.cmo,93043
2026-07-28T18:02:55Z,a160052ab46b811cc9a9b6484c69f255fe82d9d6,6342,size_in_bytes,lib/ocaml/compiler_owee__Owee_interval_map.cmo,107778
2026-07-28T18:02:55Z,a160052ab46b811cc9a9b6484c69f255fe82d9d6,6342,size_in_bytes,lib/ocaml/compiler_owee__Owee_debug_line.cmo,106022
2026-07-28T18:02:55Z,a160052ab46b811cc9a9b6484c69f255fe82d9d6,6342,size_in_bytes,lib/ocaml/compiler_owee__Owee_elf.cmo,206008
2026-07-28T18:02:55Z,a160052ab46b811cc9a9b6484c69f255fe82d9d6,6342,size_in_bytes,lib/ocaml/compiler_owee__Owee_form.cmo,30180
2026-07-28T18:02:55Z,a160052ab46b811cc9a9b6484c69f255fe82d9d6,6342,size_in_bytes,lib/ocaml/compiler_owee__Owee_object.cmo,75450
2026-07-28T18:02:55Z,a160052ab46b811cc9a9b6484c69f255fe82d9d6,6342,size_in_bytes,lib/ocaml/std_exit.cmo,10059
2026-07-28T18:02:55Z,a160052ab46b811cc9a9b6484c69f255fe82d9d6,6342,size_in_bytes,lib/ocaml/compiler_owee.cmo,13698
2026-07-28T18:02:55Z,a160052ab46b811cc9a9b6484c69f255fe82d9d6,6342,size_in_bytes,lib/ocaml/compiler_owee__Owee_elf_notes.cmo,60640
2026-07-28T18:02:55Z,a160052ab46b811cc9a9b6484c69f255fe82d9d6,6342,size_in_bytes,lib/ocaml/compiler_owee__Owee_linux_maps.cmo,22874
2026-07-28T18:02:55Z,a160052ab46b811cc9a9b6484c69f255fe82d9d6,6342,size_in_bytes,lib/ocaml/compiler_owee__Owee_traverse.cmo,72098
2026-07-28T18:02:55Z,a160052ab46b811cc9a9b6484c69f255fe82d9d6,6342,size_in_bytes,lib/ocaml/compiler_owee__Owee_archive.cmo,77045
2026-07-28T18:02:55Z,a160052ab46b811cc9a9b6484c69f255fe82d9d6,6342,size_in_bytes,lib/ocaml/compiler_owee__Owee_location.cmo,74535
2026-07-28T18:02:55Z,a160052ab46b811cc9a9b6484c69f255fe82d9d6,6342,size_in_bytes,lib/ocaml/compiler_owee__Owee_elf_relocation.cmo,52851
2026-07-28T18:02:55Z,a160052ab46b811cc9a9b6484c69f255fe82d9d6,6342,size_in_bytes,lib/ocaml/compiler_owee__Owee_macho.cmo,296874
2026-07-28T18:02:55Z,a160052ab46b811cc9a9b6484c69f255fe82d9d6,6342,size_in_bytes,lib/ocaml/compiler_owee__Unix_intf.cmo,15631
2026-07-28T18:02:55Z,a160052ab46b811cc9a9b6484c69f255fe82d9d6,6342,size_in_bytes,lib/ocaml/compiler-libs/topstart.cmo,9945
2026-07-28T18:02:55Z,a160052ab46b811cc9a9b6484c69f255fe82d9d6,6342,size_in_bytes,lib/ocaml/stdlib__ArrayLabels.cms,13581
2026-07-28T18:02:55Z,a160052ab46b811cc9a9b6484c69f255fe82d9d6,6342,size_in_bytes,lib/ocaml/stdlib__Result.cms,18361
2026-07-28T18:02:55Z,a160052ab46b811cc9a9b6484c69f255fe82d9d6,6342,size_in_bytes,lib/ocaml/camlinternalMod.cms,19143
2026-07-28T18:02:55Z,a160052ab46b811cc9a9b6484c69f255fe82d9d6,6342,size_in_bytes,lib/ocaml/stdlib__Dynarray.cms,138847
2026-07-28T18:02:55Z,a160052ab46b811cc9a9b6484c69f255fe82d9d6,6342,size_in_bytes,lib/ocaml/stdlib__Parsing.cms,33483
2026-07-28T18:02:55Z,a160052ab46b811cc9a9b6484c69f255fe82d9d6,6342,size_in_bytes,lib/ocaml/stdlib__Bytes.cms,113217
2026-07-28T18:02:55Z,a160052ab46b811cc9a9b6484c69f255fe82d9d6,6342,size_in_bytes,lib/ocaml/stdlib__Bigarray.cms,60686
2026-07-28T18:02:55Z,a160052ab46b811cc9a9b6484c69f255fe82d9d6,6342,size_in_bytes,lib/ocaml/stdlib__Modes.cms,13391
2026-07-28T18:02:55Z,a160052ab46b811cc9a9b6484c69f255fe82d9d6,6342,size_in_bytes,lib/ocaml/stdlib__Condition.cms,12018
2026-07-28T18:02:55Z,a160052ab46b811cc9a9b6484c69f255fe82d9d6,6342,size_in_bytes,lib/ocaml/stdlib__Array.cms,66506
2026-07-28T18:02:55Z,a160052ab46b811cc9a9b6484c69f255fe82d9d6,6342,size_in_bytes,lib/ocaml/stdlib__Buffer.cms,58060
2026-07-28T18:02:55Z,a160052ab46b811cc9a9b6484c69f255fe82d9d6,6342,size_in_bytes,lib/ocaml/stdlib__Printf.cms,15150
2026-07-28T18:02:55Z,a160052ab46b811cc9a9b6484c69f255fe82d9d6,6342,size_in_bytes,lib/ocaml/stdlib__Marshal.cms,16527
2026-07-28T18:02:55Z,a160052ab46b811cc9a9b6484c69f255fe82d9d6,6342,size_in_bytes,lib/ocaml/stdlib__Callback.cms,13492
2026-07-28T18:02:55Z,a160052ab46b811cc9a9b6484c69f255fe82d9d6,6342,size_in_bytes,lib/ocaml/camlinternalComprehension.cms,12690
2026-07-28T18:02:55Z,a160052ab46b811cc9a9b6484c69f255fe82d9d6,6342,size_in_bytes,lib/ocaml/stdlib__Format.cms,187575
2026-07-28T18:02:55Z,a160052ab46b811cc9a9b6484c69f255fe82d9d6,6342,size_in_bytes,lib/ocaml/stdlib__StdLabels.cms,11905
2026-07-28T18:02:55Z,a160052ab46b811cc9a9b6484c69f255fe82d9d6,6342,size_in_bytes,lib/ocaml/stdlib__Set.cms,149743
2026-07-28T18:02:55Z,a160052ab46b811cc9a9b6484c69f255fe82d9d6,6342,size_in_bytes,lib/ocaml/stdlib__Printexc.cms,46559
2026-07-28T18:02:55Z,a160052ab46b811cc9a9b6484c69f255fe82d9d6,6342,size_in_bytes,lib/ocaml/stdlib__Mutex.cms,12711
2026-07-28T18:02:55Z,a160052ab46b811cc9a9b6484c69f255fe82d9d6,6342,size_in_bytes,lib/ocaml/stdlib__MoreLabels.cms,19503
2026-07-28T18:02:55Z,a160052ab46b811cc9a9b6484c69f255fe82d9d6,6342,size_in_bytes,lib/ocaml/stdlib__Sys.cms,36034
2026-07-28T18:02:55Z,a160052ab46b811cc9a9b6484c69f255fe82d9d6,6342,size_in_bytes,lib/ocaml/stdlib__Iarray.cms,43439
2026-07-28T18:02:55Z,a160052ab46b811cc9a9b6484c69f255fe82d9d6,6342,size_in_bytes,lib/ocaml/stdlib__String.cms,59496
2026-07-28T18:02:55Z,a160052ab46b811cc9a9b6484c69f255fe82d9d6,6342,size_in_bytes,lib/ocaml/camlinternalQuote.cms,414276
2026-07-28T18:02:55Z,a160052ab46b811cc9a9b6484c69f255fe82d9d6,6342,size_in_bytes,lib/ocaml/stdlib__Nativeint.cms,21381
2026-07-28T18:02:55Z,a160052ab46b811cc9a9b6484c69f255fe82d9d6,6342,size_in_bytes,lib/ocaml/stdlib__Queue.cms,24299
2026-07-28T18:02:55Z,a160052ab46b811cc9a9b6484c69f255fe82d9d6,6342,size_in_bytes,lib/ocaml/stdlib__Arg.cms,53198
2026-07-28T18:02:55Z,a160052ab46b811cc9a9b6484c69f255fe82d9d6,6342,size_in_bytes,lib/ocaml/stdlib__BytesLabels.cms,15778
2026-07-28T18:02:55Z,a160052ab46b811cc9a9b6484c69f255fe82d9d6,6342,size_in_bytes,lib/ocaml/stdlib__Either.cms,16042
2026-07-28T18:02:55Z,a160052ab46b811cc9a9b6484c69f255fe82d9d6,6342,size_in_bytes,lib/ocaml/stdlib__Ephemeron.cms,152857
2026-07-28T18:02:55Z,a160052ab46b811cc9a9b6484c69f255fe82d9d6,6342,size_in_bytes,lib/ocaml/stdlib__StringLabels.cms,14467
2026-07-28T18:02:55Z,a160052ab46b811cc9a9b6484c69f255fe82d9d6,6342,size_in_bytes,lib/ocaml/stdlib__Map.cms,144146
2026-07-28T18:02:55Z,a160052ab46b811cc9a9b6484c69f255fe82d9d6,6342,size_in_bytes,lib/ocaml/stdlib__Oo.cms,11917
2026-07-28T18:02:55Z,a160052ab46b811cc9a9b6484c69f255fe82d9d6,6342,size_in_bytes,lib/ocaml/stdlib__List.cms,80656
2026-07-28T18:02:55Z,a160052ab46b811cc9a9b6484c69f255fe82d9d6,6342,size_in_bytes,lib/ocaml/camlinternalOO.cms,87638
2026-07-28T18:02:55Z,a160052ab46b811cc9a9b6484c69f255fe82d9d6,6342,size_in_bytes,lib/ocaml/stdlib__Seq.cms,57906
2026-07-28T18:02:55Z,a160052ab46b811cc9a9b6484c69f255fe82d9d6,6342,size_in_bytes,lib/ocaml/stdlib__Weak.cms,50232
2026-07-28T18:02:55Z,a160052ab46b811cc9a9b6484c69f255fe82d9d6,6342,size_in_bytes,lib/ocaml/stdlib__Backoff.cms,17681
2026-07-28T18:02:55Z,a160052ab46b811cc9a9b6484c69f255fe82d9d6,6342,size_in_bytes,lib/ocaml/stdlib__Domain.cms,63869
2026-07-28T18:02:55Z,a160052ab46b811cc9a9b6484c69f255fe82d9d6,6342,size_in_bytes,lib/ocaml/stdlib__Option.cms,15657
2026-07-28T18:02:55Z,a160052ab46b811cc9a9b6484c69f255fe82d9d6,6342,size_in_bytes,lib/ocaml/stdlib__Quote.cms,18598
2026-07-28T18:02:55Z,a160052ab46b811cc9a9b6484c69f255fe82d9d6,6342,size_in_bytes,lib/ocaml/stdlib__Unit.cms,11796
2026-07-28T18:02:55Z,a160052ab46b811cc9a9b6484c69f255fe82d9d6,6342,size_in_bytes,lib/ocaml/stdlib__Uchar.cms,19713
2026-07-28T18:02:55Z,a160052ab46b811cc9a9b6484c69f255fe82d9d6,6342,size_in_bytes,lib/ocaml/stdlib__ListLabels.cms,14285
2026-07-28T18:02:55Z,a160052ab46b811cc9a9b6484c69f255fe82d9d6,6342,size_in_bytes,lib/ocaml/camlinternalLazy.cms,21338
2026-07-28T18:02:55Z,a160052ab46b811cc9a9b6484c69f255fe82d9d6,6342,size_in_bytes,lib/ocaml/camlinternalFormat.cms,424261
2026-07-28T18:02:55Z,a160052ab46b811cc9a9b6484c69f255fe82d9d6,6342,size_in_bytes,lib/ocaml/stdlib__Filename.cms,56513
2026-07-28T18:02:55Z,a160052ab46b811cc9a9b6484c69f255fe82d9d6,6342,size_in_bytes,lib/ocaml/stdlib__Lexing.cms,33962
2026-07-28T18:02:55Z,a160052ab46b811cc9a9b6484c69f255fe82d9d6,6342,size_in_bytes,lib/ocaml/stdlib__Int64.cms,21690
2026-07-28T18:02:55Z,a160052ab46b811cc9a9b6484c69f255fe82d9d6,6342,size_in_bytes,lib/ocaml/stdlib__Fun.cms,13541
2026-07-28T18:02:55Z,a160052ab46b811cc9a9b6484c69f255fe82d9d6,6342,size_in_bytes,lib/ocaml/stdlib__Out_channel.cms,19017
2026-07-28T18:02:55Z,a160052ab46b811cc9a9b6484c69f255fe82d9d6,6342,size_in_bytes,lib/ocaml/stdlib__Int.cms,15286
2026-07-28T18:02:55Z,a160052ab46b811cc9a9b6484c69f255fe82d9d6,6342,size_in_bytes,lib/ocaml/std_exit.cms,11440
2026-07-28T18:02:55Z,a160052ab46b811cc9a9b6484c69f255fe82d9d6,6342,size_in_bytes,lib/ocaml/camlinternalFormatBasics.cms,68188
2026-07-28T18:02:55Z,a160052ab46b811cc9a9b6484c69f255fe82d9d6,6342,size_in_bytes,lib/ocaml/stdlib__Type.cms,13656
2026-07-28T18:02:55Z,a160052ab46b811cc9a9b6484c69f255fe82d9d6,6342,size_in_bytes,lib/ocaml/stdlib__Complex.cms,22935
2026-07-28T18:02:55Z,a160052ab46b811cc9a9b6484c69f255fe82d9d6,6342,size_in_bytes,lib/ocaml/stdlib__Pqueue.cms,38131
2026-07-28T18:02:55Z,a160052ab46b811cc9a9b6484c69f255fe82d9d6,6342,size_in_bytes,lib/ocaml/stdlib__Hashtbl.cms,103609
2026-07-28T18:02:55Z,a160052ab46b811cc9a9b6484c69f255fe82d9d6,6342,size_in_bytes,lib/ocaml/stdlib__Semaphore.cms,18354
2026-07-28T18:02:55Z,a160052ab46b811cc9a9b6484c69f255fe82d9d6,6342,size_in_bytes,lib/ocaml/camlinternalAtomic.cms,14591
2026-07-28T18:02:55Z,a160052ab46b811cc9a9b6484c69f255fe82d9d6,6342,size_in_bytes,lib/ocaml/stdlib__Float.cms,81751
2026-07-28T18:02:55Z,a160052ab46b811cc9a9b6484c69f255fe82d9d6,6342,size_in_bytes,lib/ocaml/stdlib__Obj.cms,34371
2026-07-28T18:02:55Z,a160052ab46b811cc9a9b6484c69f255fe82d9d6,6342,size_in_bytes,lib/ocaml/stdlib__Repr.cms,11693
2026-07-28T18:02:55Z,a160052ab46b811cc9a9b6484c69f255fe82d9d6,6342,size_in_bytes,lib/ocaml/stdlib.cms,82573
2026-07-28T18:02:55Z,a160052ab46b811cc9a9b6484c69f255fe82d9d6,6342,size_in_bytes,lib/ocaml/stdlib__Random.cms,53680
2026-07-28T18:02:55Z,a160052ab46b811cc9a9b6484c69f255fe82d9d6,6342,size_in_bytes,lib/ocaml/stdlib__Bool.cms,13272
2026-07-28T18:02:55Z,a160052ab46b811cc9a9b6484c69f255fe82d9d6,6342,size_in_bytes,lib/ocaml/stdlib__Scanf.cms,176228
2026-07-28T18:02:55Z,a160052ab46b811cc9a9b6484c69f255fe82d9d6,6342,size_in_bytes,lib/ocaml/stdlib__Digest.cms,31746
2026-07-28T18:02:55Z,a160052ab46b811cc9a9b6484c69f255fe82d9d6,6342,size_in_bytes,lib/ocaml/stdlib__Gc.cms,35291
2026-07-28T18:02:55Z,a160052ab46b811cc9a9b6484c69f255fe82d9d6,6342,size_in_bytes,lib/ocaml/stdlib__Pair.cms,13568
2026-07-28T18:02:55Z,a160052ab46b811cc9a9b6484c69f255fe82d9d6,6342,size_in_bytes,lib/ocaml/stdlib__Int32.cms,21725
2026-07-28T18:02:55Z,a160052ab46b811cc9a9b6484c69f255fe82d9d6,6342,size_in_bytes,lib/ocaml/stdlib__Lazy.cms,16539
2026-07-28T18:02:55Z,a160052ab46b811cc9a9b6484c69f255fe82d9d6,6342,size_in_bytes,lib/ocaml/stdlib__Stack.cms,16353
2026-07-28T18:02:55Z,a160052ab46b811cc9a9b6484c69f255fe82d9d6,6342,size_in_bytes,lib/ocaml/stdlib__Char.cms,19290
2026-07-28T18:02:55Z,a160052ab46b811cc9a9b6484c69f255fe82d9d6,6342,size_in_bytes,lib/ocaml/stdlib__Atomic.cms,15046
2026-07-28T18:02:55Z,a160052ab46b811cc9a9b6484c69f255fe82d9d6,6342,size_in_bytes,lib/ocaml/stdlib__In_channel.cms,30660
2026-07-28T18:02:55Z,a160052ab46b811cc9a9b6484c69f255fe82d9d6,6342,size_in_bytes,lib/ocaml/stdlib__Effect.cms,63920
2026-07-28T18:02:55Z,a160052ab46b811cc9a9b6484c69f255fe82d9d6,6342,size_in_bytes,lib/ocaml/stdlib_stable/stdlib_stable__Iarray.cms,12572
2026-07-28T18:02:55Z,a160052ab46b811cc9a9b6484c69f255fe82d9d6,6342,size_in_bytes,lib/ocaml/stdlib_stable/stdlib_stable__.cms,13483
2026-07-28T18:02:55Z,a160052ab46b811cc9a9b6484c69f255fe82d9d6,6342,size_in_bytes,lib/ocaml/stdlib_stable/stdlib_stable__Float32.cms,46805
2026-07-28T18:02:55Z,a160052ab46b811cc9a9b6484c69f255fe82d9d6,6342,size_in_bytes,lib/ocaml/stdlib_stable/stdlib_stable.cms,11359
2026-07-28T18:02:55Z,a160052ab46b811cc9a9b6484c69f255fe82d9d6,6342,size_in_bytes,lib/ocaml/stdlib_stable/stdlib_stable__Int8.cms,16324
2026-07-28T18:02:55Z,a160052ab46b811cc9a9b6484c69f255fe82d9d6,6342,size_in_bytes,lib/ocaml/stdlib_stable/stdlib_stable__Or_null.cms,13966
2026-07-28T18:02:55Z,a160052ab46b811cc9a9b6484c69f255fe82d9d6,6342,size_in_bytes,lib/ocaml/stdlib_stable/stdlib_stable__Idx_mut.cms,12367
2026-07-28T18:02:55Z,a160052ab46b811cc9a9b6484c69f255fe82d9d6,6342,size_in_bytes,lib/ocaml/stdlib_stable/stdlib_stable__IarrayLabels.cms,88464
2026-07-28T18:02:55Z,a160052ab46b811cc9a9b6484c69f255fe82d9d6,6342,size_in_bytes,lib/ocaml/stdlib_stable/stdlib_stable__Char_u.cms,14269
2026-07-28T18:02:55Z,a160052ab46b811cc9a9b6484c69f255fe82d9d6,6342,size_in_bytes,lib/ocaml/stdlib_stable/stdlib_stable__Int.cms,17956
2026-07-28T18:02:55Z,a160052ab46b811cc9a9b6484c69f255fe82d9d6,6342,size_in_bytes,lib/ocaml/stdlib_stable/stdlib_stable__Int16_u.cms,16813
2026-07-28T18:02:55Z,a160052ab46b811cc9a9b6484c69f255fe82d9d6,6342,size_in_bytes,lib/ocaml/stdlib_stable/stdlib_stable__Int8_u.cms,16818
2026-07-28T18:02:55Z,a160052ab46b811cc9a9b6484c69f255fe82d9d6,6342,size_in_bytes,lib/ocaml/stdlib_stable/stdlib_stable__Idx_imm.cms,12240
2026-07-28T18:02:55Z,a160052ab46b811cc9a9b6484c69f255fe82d9d6,6342,size_in_bytes,lib/ocaml/stdlib_stable/stdlib_stable__Int16.cms,16325
2026-07-28T18:02:55Z,a160052ab46b811cc9a9b6484c69f255fe82d9d6,6342,size_in_bytes,lib/ocaml/stdlib_stable/stdlib_stable__Int_u.cms,18157
2026-07-28T18:02:55Z,a160052ab46b811cc9a9b6484c69f255fe82d9d6,6342,size_in_bytes,lib/ocaml/stdlib_stable/stdlib_stable__Float32_u.cms,57616
2026-07-28T18:02:55Z,a160052ab46b811cc9a9b6484c69f255fe82d9d6,6342,size_in_bytes,lib/ocaml/compiler-libs/flambda2_simplify__Call_site_inlining_decision.cms,48879
2026-07-28T18:02:55Z,a160052ab46b811cc9a9b6484c69f255fe82d9d6,6342,size_in_bytes,lib/ocaml/compiler-libs/flambda2_simplify_shared__Exported_offsets.cms,31260
2026-07-28T18:02:55Z,a160052ab46b811cc9a9b6484c69f255fe82d9d6,6342,size_in_bytes,lib/ocaml/compiler-libs/flambda2_parser__Fexpr_prim_descr.cms,74317
2026-07-28T18:02:55Z,a160052ab46b811cc9a9b6484c69f255fe82d9d6,6342,size_in_bytes,lib/ocaml/compiler-libs/flambda2_simplify__Simplify_apply_cont_expr.cms,31077
2026-07-28T18:02:55Z,a160052ab46b811cc9a9b6484c69f255fe82d9d6,6342,size_in_bytes,lib/ocaml/compiler-libs/flambda2_simplify__Simplify_variadic_primitive.cms,32830
2026-07-28T18:02:55Z,a160052ab46b811cc9a9b6484c69f255fe82d9d6,6342,size_in_bytes,lib/ocaml/compiler-libs/flambda2_identifiers__Int_ids.cms,165806
2026-07-28T18:02:55Z,a160052ab46b811cc9a9b6484c69f255fe82d9d6,6342,size_in_bytes,lib/ocaml/compiler-libs/flambda2_to_cmm__To_cmm_shared.cms,82004
2026-07-28T18:02:55Z,a160052ab46b811cc9a9b6484c69f255fe82d9d6,6342,size_in_bytes,lib/ocaml/compiler-libs/flambda2_simplify__Expr_builder.cms,96475
2026-07-28T18:02:55Z,a160052ab46b811cc9a9b6484c69f255fe82d9d6,6342,size_in_bytes,lib/ocaml/compiler-libs/flambda2_reaper__Traverse_env.cms,15914
2026-07-28T18:02:55Z,a160052ab46b811cc9a9b6484c69f255fe82d9d6,6342,size_in_bytes,lib/ocaml/compiler-libs/flambda2_simplify_shared__Are_rebuilding_terms.cms,12579
2026-07-28T18:02:55Z,a160052ab46b811cc9a9b6484c69f255fe82d9d6,6342,size_in_bytes,lib/ocaml/compiler-libs/flambda2_simplify__Continuation_shortcut.cms,18020
2026-07-28T18:02:55Z,a160052ab46b811cc9a9b6484c69f255fe82d9d6,6342,size_in_bytes,lib/ocaml/compiler-libs/flambda2_to_cmm__To_cmm.cms,26842
2026-07-28T18:02:55Z,a160052ab46b811cc9a9b6484c69f255fe82d9d6,6342,size_in_bytes,lib/ocaml/compiler-libs/flambda2_term_basics__String_info.cms,23148
2026-07-28T18:02:55Z,a160052ab46b811cc9a9b6484c69f255fe82d9d6,6342,size_in_bytes,lib/ocaml/compiler-libs/flambda2_nominal__Permutation.cms,24860
2026-07-28T18:02:55Z,a160052ab46b811cc9a9b6484c69f255fe82d9d6,6342,size_in_bytes,lib/ocaml/compiler-libs/flambda2_terms__Flambda_primitive.cms,487243
2026-07-28T18:02:55Z,a160052ab46b811cc9a9b6484c69f255fe82d9d6,6342,size_in_bytes,lib/ocaml/compiler-libs/flambda2_reaper__Rev_expr.cms,18617
2026-07-28T18:02:55Z,a160052ab46b811cc9a9b6484c69f255fe82d9d6,6342,size_in_bytes,lib/ocaml/compiler-libs/flambda2_nominal__Contains_ids.cms,11452
2026-07-28T18:02:55Z,a160052ab46b811cc9a9b6484c69f255fe82d9d6,6342,size_in_bytes,lib/ocaml/compiler-libs/flambda2_term_basics.cms,13878
2026-07-28T18:02:55Z,a160052ab46b811cc9a9b6484c69f255fe82d9d6,6342,size_in_bytes,lib/ocaml/compiler-libs/flambda2_types__Reify.cms,84704
2026-07-28T18:02:55Z,a160052ab46b811cc9a9b6484c69f255fe82d9d6,6342,size_in_bytes,lib/ocaml/compiler-libs/flambda2_numbers__Target_ocaml_int.cms,106534
2026-07-28T18:02:55Z,a160052ab46b811cc9a9b6484c69f255fe82d9d6,6342,size_in_bytes,lib/ocaml/compiler-libs/flambda2_types__Provers.cms,194132
2026-07-28T18:02:55Z,a160052ab46b811cc9a9b6484c69f255fe82d9d6,6342,size_in_bytes,lib/ocaml/compiler-libs/flambda2_simplify__Downwards_env.cms,110483
2026-07-28T18:02:55Z,a160052ab46b811cc9a9b6484c69f255fe82d9d6,6342,size_in_bytes,lib/ocaml/compiler-libs/flambda2_types__Aliases.cms,119304
2026-07-28T18:02:55Z,a160052ab46b811cc9a9b6484c69f255fe82d9d6,6342,size_in_bytes,lib/ocaml/compiler-libs/flambda2_parser__Fexpr_to_flambda_commons.cms,41965
2026-07-28T18:02:55Z,a160052ab46b811cc9a9b6484c69f255fe82d9d6,6342,size_in_bytes,lib/ocaml/compiler-libs/flambda2_nominal__Renaming.cms,47184
2026-07-28T18:02:55Z,a160052ab46b811cc9a9b6484c69f255fe82d9d6,6342,size_in_bytes,lib/ocaml/compiler-libs/flambda2_terms__Apply_cont_expr.cms,35694
2026-07-28T18:02:55Z,a160052ab46b811cc9a9b6484c69f255fe82d9d6,6342,size_in_bytes,lib/ocaml/compiler-libs/flambda2_parser__Flambda_parser_messages.cms,10371
2026-07-28T18:02:55Z,a160052ab46b811cc9a9b6484c69f255fe82d9d6,6342,size_in_bytes,lib/ocaml/compiler-libs/flambda2_cmx__Exported_code.cms,24659
2026-07-28T18:02:55Z,a160052ab46b811cc9a9b6484c69f255fe82d9d6,6342,size_in_bytes,lib/ocaml/compiler-libs/flambda2_simplify__Rebuilt_expr.cms,26287
2026-07-28T18:02:55Z,a160052ab46b811cc9a9b6484c69f255fe82d9d6,6342,size_in_bytes,lib/ocaml/compiler-libs/flambda2_simplify__Flow_types.cms,60895
2026-07-28T18:02:55Z,a160052ab46b811cc9a9b6484c69f255fe82d9d6,6342,size_in_bytes,lib/ocaml/compiler-libs/flambda2_terms__Function_decl_inlining_decision_type.cms,48380
2026-07-28T18:02:55Z,a160052ab46b811cc9a9b6484c69f255fe82d9d6,6342,size_in_bytes,lib/ocaml/compiler-libs/flambda2_datalog__Heterogenous_list.cms,12488
2026-07-28T18:02:55Z,a160052ab46b811cc9a9b6484c69f255fe82d9d6,6342,size_in_bytes,lib/ocaml/compiler-libs/flambda2_simplify__Simplify_static_const.cms,66308
2026-07-28T18:02:55Z,a160052ab46b811cc9a9b6484c69f255fe82d9d6,6342,size_in_bytes,lib/ocaml/compiler-libs/flambda2_simplify__Apply_cont_rewrite.cms,42427
2026-07-28T18:02:55Z,a160052ab46b811cc9a9b6484c69f255fe82d9d6,6342,size_in_bytes,lib/ocaml/compiler-libs/flambda2_to_cmm__To_cmm_static.cms,117224
2026-07-28T18:02:55Z,a160052ab46b811cc9a9b6484c69f255fe82d9d6,6342,size_in_bytes,lib/ocaml/compiler-libs/flambda2_types__Equal_types_for_debug.cms,88770
2026-07-28T18:02:55Z,a160052ab46b811cc9a9b6484c69f255fe82d9d6,6342,size_in_bytes,lib/ocaml/compiler-libs/flambda2_to_jsir__To_jsir_shared.cms,26985
2026-07-28T18:02:55Z,a160052ab46b811cc9a9b6484c69f255fe82d9d6,6342,size_in_bytes,lib/ocaml/compiler-libs/flambda2_identifiers__Apply_cont_rewrite_id.cms,18011
2026-07-28T18:02:55Z,a160052ab46b811cc9a9b6484c69f255fe82d9d6,6342,size_in_bytes,lib/ocaml/compiler-libs/flambda2_terms__First_complex_local_param.cms,13810
2026-07-28T18:02:55Z,a160052ab46b811cc9a9b6484c69f255fe82d9d6,6342,size_in_bytes,lib/ocaml/compiler-libs/flambda2_bound_identifiers.cms,12956
2026-07-28T18:02:55Z,a160052ab46b811cc9a9b6484c69f255fe82d9d6,6342,size_in_bytes,lib/ocaml/compiler-libs/flambda2_simplify__Are_lifting_conts.cms,19162
2026-07-28T18:02:55Z,a160052ab46b811cc9a9b6484c69f255fe82d9d6,6342,size_in_bytes,lib/ocaml/compiler-libs/flambda2_cmx__Flambda_cmx.cms,36007
2026-07-28T18:02:55Z,a160052ab46b811cc9a9b6484c69f255fe82d9d6,6342,size_in_bytes,lib/ocaml/compiler-libs/flambda2_simplify__Comparison_result.cms,20436
2026-07-28T18:02:55Z,a160052ab46b811cc9a9b6484c69f255fe82d9d6,6342,size_in_bytes,lib/ocaml/compiler-libs/flambda2_simplify__Simplify_quaternary_primitive.cms,19557
2026-07-28T18:02:55Z,a160052ab46b811cc9a9b6484c69f255fe82d9d6,6342,size_in_bytes,lib/ocaml/compiler-libs/flambda2_datalog__Cursor.cms,58530
2026-07-28T18:02:55Z,a160052ab46b811cc9a9b6484c69f255fe82d9d6,6342,size_in_bytes,lib/ocaml/compiler-libs/flambda2_term_basics__Unit.cms,18788
2026-07-28T18:02:55Z,a160052ab46b811cc9a9b6484c69f255fe82d9d6,6342,size_in_bytes,lib/ocaml/compiler-libs/flambda2_terms__Zero_alloc_attribute.cms,17310
2026-07-28T18:02:55Z,a160052ab46b811cc9a9b6484c69f255fe82d9d6,6342,size_in_bytes,lib/ocaml/compiler-libs/flambda2_simplify__Closure_info.cms,18342
2026-07-28T18:02:55Z,a160052ab46b811cc9a9b6484c69f255fe82d9d6,6342,size_in_bytes,lib/ocaml/compiler-libs/flambda2_from_lambda__Closure_conversion.cms,562646
2026-07-28T18:02:55Z,a160052ab46b811cc9a9b6484c69f255fe82d9d6,6342,size_in_bytes,lib/ocaml/compiler-libs/flambda2_numbers__Vector_types.cms,37469
2026-07-28T18:02:55Z,a160052ab46b811cc9a9b6484c69f255fe82d9d6,6342,size_in_bytes,lib/ocaml/compiler-libs/flambda2_from_lambda__Lambda_to_lambda_transforms.cms,191690
2026-07-28T18:02:55Z,a160052ab46b811cc9a9b6484c69f255fe82d9d6,6342,size_in_bytes,lib/ocaml/compiler-libs/flambda2_term_basics__Scope.cms,18614
2026-07-28T18:02:55Z,a160052ab46b811cc9a9b6484c69f255fe82d9d6,6342,size_in_bytes,lib/ocaml/compiler-libs/flambda2_from_lambda__Lambda_to_flambda_primitives_helpers.cms,78483
2026-07-28T18:02:55Z,a160052ab46b811cc9a9b6484c69f255fe82d9d6,6342,size_in_bytes,lib/ocaml/compiler-libs/flambda2_simplify__Simplify_set_of_closures_context.cms,45134
2026-07-28T18:02:55Z,a160052ab46b811cc9a9b6484c69f255fe82d9d6,6342,size_in_bytes,lib/ocaml/compiler-libs/flambda2_terms__Inlining_arguments.cms,53721
2026-07-28T18:02:55Z,a160052ab46b811cc9a9b6484c69f255fe82d9d6,6342,size_in_bytes,lib/ocaml/compiler-libs/flambda2_numbers__Or_infinity.cms,13212
2026-07-28T18:02:55Z,a160052ab46b811cc9a9b6484c69f255fe82d9d6,6342,size_in_bytes,lib/ocaml/compiler-libs/flambda2_datalog__Datalog_imports.cms,14859
2026-07-28T18:02:55Z,a160052ab46b811cc9a9b6484c69f255fe82d9d6,6342,size_in_bytes,lib/ocaml/compiler-libs/flambda2_terms__Regalloc_attribute.cms,13635
2026-07-28T18:02:55Z,a160052ab46b811cc9a9b6484c69f255fe82d9d6,6342,size_in_bytes,lib/ocaml/compiler-libs/flambda2_simplify__Continuation_uses_env.cms,20694
2026-07-28T18:02:55Z,a160052ab46b811cc9a9b6484c69f255fe82d9d6,6342,size_in_bytes,lib/ocaml/compiler-libs/flambda2_identifiers__Rec_info_expr0.cms,34418
2026-07-28T18:02:55Z,a160052ab46b811cc9a9b6484c69f255fe82d9d6,6342,size_in_bytes,lib/ocaml/compiler-libs/flambda2_simplify__Simplify_named_result.cms,15371
2026-07-28T18:02:55Z,a160052ab46b811cc9a9b6484c69f255fe82d9d6,6342,size_in_bytes,lib/ocaml/compiler-libs/flambda2_terms__Apply_expr.cms,62001
2026-07-28T18:02:55Z,a160052ab46b811cc9a9b6484c69f255fe82d9d6,6342,size_in_bytes,lib/ocaml/compiler-libs/flambda2_reaper__Field.cms,38072
2026-07-28T18:02:55Z,a160052ab46b811cc9a9b6484c69f255fe82d9d6,6342,size_in_bytes,lib/ocaml/compiler-libs/flambda2_from_lambda__Lambda_to_flambda.cms,243177
2026-07-28T18:02:55Z,a160052ab46b811cc9a9b6484c69f255fe82d9d6,6342,size_in_bytes,lib/ocaml/compiler-libs/flambda2_identifiers__Continuation.cms,34663
2026-07-28T18:02:55Z,a160052ab46b811cc9a9b6484c69f255fe82d9d6,6342,size_in_bytes,lib/ocaml/compiler-libs/flambda2_terms__Code_or_metadata.cms,35973
2026-07-28T18:02:55Z,a160052ab46b811cc9a9b6484c69f255fe82d9d6,6342,size_in_bytes,lib/ocaml/compiler-libs/flambda2_identifiers__Variable.cms,14158
2026-07-28T18:02:55Z,a160052ab46b811cc9a9b6484c69f255fe82d9d6,6342,size_in_bytes,lib/ocaml/compiler-libs/flambda2_term_basics__Or_invalid.cms,13226
2026-07-28T18:02:55Z,a160052ab46b811cc9a9b6484c69f255fe82d9d6,6342,size_in_bytes,lib/ocaml/compiler-libs/flambda2_identifiers__Code_id_or_name.cms,12316
2026-07-28T18:02:55Z,a160052ab46b811cc9a9b6484c69f255fe82d9d6,6342,size_in_bytes,lib/ocaml/compiler-libs/flambda2_terms__Function_declarations.cms,24309
2026-07-28T18:02:55Z,a160052ab46b811cc9a9b6484c69f255fe82d9d6,6342,size_in_bytes,lib/ocaml/compiler-libs/flambda2_terms__Call_kind.cms,76159
2026-07-28T18:02:55Z,a160052ab46b811cc9a9b6484c69f255fe82d9d6,6342,size_in_bytes,lib/ocaml/compiler-libs/flambda2_terms__Flambda.cms,230260
2026-07-28T18:02:55Z,a160052ab46b811cc9a9b6484c69f255fe82d9d6,6342,size_in_bytes,lib/ocaml/compiler-libs/flambda2_simplify__Replay_history.cms,36933
2026-07-28T18:02:55Z,a160052ab46b811cc9a9b6484c69f255fe82d9d6,6342,size_in_bytes,lib/ocaml/compiler-libs/flambda2_bound_identifiers__Bound_continuation.cms,12873
2026-07-28T18:02:55Z,a160052ab46b811cc9a9b6484c69f255fe82d9d6,6342,size_in_bytes,lib/ocaml/compiler-libs/flambda2_import.cms,9723
2026-07-28T18:02:55Z,a160052ab46b811cc9a9b6484c69f255fe82d9d6,6342,size_in_bytes,lib/ocaml/compiler-libs/flambda2_simplify__Simplify_named.cms,46994
2026-07-28T18:02:55Z,a160052ab46b811cc9a9b6484c69f255fe82d9d6,6342,size_in_bytes,lib/ocaml/compiler-libs/flambda2_datalog__Trie.cms,33743
2026-07-28T18:02:55Z,a160052ab46b811cc9a9b6484c69f255fe82d9d6,6342,size_in_bytes,lib/ocaml/compiler-libs/flambda2_simplify__Specialization_cost.cms,31705
2026-07-28T18:02:55Z,a160052ab46b811cc9a9b6484c69f255fe82d9d6,6342,size_in_bytes,lib/ocaml/compiler-libs/flambda2_simplify__Continuation_uses_env_intf.cms,13571
2026-07-28T18:02:55Z,a160052ab46b811cc9a9b6484c69f255fe82d9d6,6342,size_in_bytes,lib/ocaml/compiler-libs/flambda2_simplify__Build_unboxing_denv.cms,45987
2026-07-28T18:02:55Z,a160052ab46b811cc9a9b6484c69f255fe82d9d6,6342,size_in_bytes,lib/ocaml/compiler-libs/flambda2_terms__Set_of_closures.cms,32410
2026-07-28T18:02:55Z,a160052ab46b811cc9a9b6484c69f255fe82d9d6,6342,size_in_bytes,lib/ocaml/compiler-libs/flambda2_simplify.cms,35008
2026-07-28T18:02:55Z,a160052ab46b811cc9a9b6484c69f255fe82d9d6,6342,size_in_bytes,lib/ocaml/compiler-libs/flambda2_to_cmm__To_cmm_effects.cms,20502
2026-07-28T18:02:55Z,a160052ab46b811cc9a9b6484c69f255fe82d9d6,6342,size_in_bytes,lib/ocaml/compiler-libs/flambda2_term_basics__Empty_array_kind.cms,20430
2026-07-28T18:02:55Z,a160052ab46b811cc9a9b6484c69f255fe82d9d6,6342,size_in_bytes,lib/ocaml/compiler-libs/flambda2_term_basics__Or_variable.cms,15042
2026-07-28T18:02:55Z,a160052ab46b811cc9a9b6484c69f255fe82d9d6,6342,size_in_bytes,lib/ocaml/compiler-libs/flambda2_ui.cms,10211
2026-07-28T18:02:55Z,a160052ab46b811cc9a9b6484c69f255fe82d9d6,6342,size_in_bytes,lib/ocaml/compiler-libs/flambda2_simplify__Lifted_constant_state.cms,38375
2026-07-28T18:02:55Z,a160052ab46b811cc9a9b6484c69f255fe82d9d6,6342,size_in_bytes,lib/ocaml/compiler-libs/flambda2_simplify__Simplify_set_of_closures.cms,150318
2026-07-28T18:02:55Z,a160052ab46b811cc9a9b6484c69f255fe82d9d6,6342,size_in_bytes,lib/ocaml/compiler-libs/flambda2_reaper__Traverse_acc.cms,73953
2026-07-28T18:02:55Z,a160052ab46b811cc9a9b6484c69f255fe82d9d6,6342,size_in_bytes,lib/ocaml/compiler-libs/flambda2_algorithms__Leapfrog.cms,28106
2026-07-28T18:02:55Z,a160052ab46b811cc9a9b6484c69f255fe82d9d6,6342,size_in_bytes,lib/ocaml/compiler-libs/flambda2_from_lambda__Lambda_to_flambda_env.cms,56679
2026-07-28T18:02:55Z,a160052ab46b811cc9a9b6484c69f255fe82d9d6,6342,size_in_bytes,lib/ocaml/compiler-libs/flambda2_numbers__Targetint_32_64.cms,72960
2026-07-28T18:02:55Z,a160052ab46b811cc9a9b6484c69f255fe82d9d6,6342,size_in_bytes,lib/ocaml/compiler-libs/flambda2_datalog__Datalog.cms,59729
2026-07-28T18:02:55Z,a160052ab46b811cc9a9b6484c69f255fe82d9d6,6342,size_in_bytes,lib/ocaml/compiler-libs/flambda2_terms__Code.cms,16574
2026-07-28T18:02:55Z,a160052ab46b811cc9a9b6484c69f255fe82d9d6,6342,size_in_bytes,lib/ocaml/compiler-libs/flambda2_simplify__Simplify_apply_expr.cms,181871
2026-07-28T18:02:55Z,a160052ab46b811cc9a9b6484c69f255fe82d9d6,6342,size_in_bytes,lib/ocaml/compiler-libs/flambda2_types__Typing_env_level.cms,40853
2026-07-28T18:02:55Z,a160052ab46b811cc9a9b6484c69f255fe82d9d6,6342,size_in_bytes,lib/ocaml/compiler-libs/flambda2_to_cmm__To_cmm_result.cms,31410
2026-07-28T18:02:55Z,a160052ab46b811cc9a9b6484c69f255fe82d9d6,6342,size_in_bytes,lib/ocaml/compiler-libs/flambda2_datalog__Column.cms,26225
2026-07-28T18:02:55Z,a160052ab46b811cc9a9b6484c69f255fe82d9d6,6342,size_in_bytes,lib/ocaml/compiler-libs/flambda2_terms__Code0.cms,24891
2026-07-28T18:02:55Z,a160052ab46b811cc9a9b6484c69f255fe82d9d6,6342,size_in_bytes,lib/ocaml/compiler-libs/flambda2_bound_identifiers__Alloc_mode.cms,47346
2026-07-28T18:02:55Z,a160052ab46b811cc9a9b6484c69f255fe82d9d6,6342,size_in_bytes,lib/ocaml/compiler-libs/flambda2_nominal.cms,12548
2026-07-28T18:02:55Z,a160052ab46b811cc9a9b6484c69f255fe82d9d6,6342,size_in_bytes,lib/ocaml/compiler-libs/flambda2_to_cmm__To_cmm_expr.cms,193098
2026-07-28T18:02:55Z,a160052ab46b811cc9a9b6484c69f255fe82d9d6,6342,size_in_bytes,lib/ocaml/compiler-libs/flambda2_parser__Parse_flambda.cms,20339
2026-07-28T18:02:55Z,a160052ab46b811cc9a9b6484c69f255fe82d9d6,6342,size_in_bytes,lib/ocaml/compiler-libs/flambda2_bound_identifiers__Bound_var.cms,17904
2026-07-28T18:02:55Z,a160052ab46b811cc9a9b6484c69f255fe82d9d6,6342,size_in_bytes,lib/ocaml/compiler-libs/flambda2_datalog__Virtual_machine.cms,32906
2026-07-28T18:02:55Z,a160052ab46b811cc9a9b6484c69f255fe82d9d6,6342,size_in_bytes,lib/ocaml/compiler-libs/flambda2_simplify__Dominator_graph.cms,51899
2026-07-28T18:02:55Z,a160052ab46b811cc9a9b6484c69f255fe82d9d6,6342,size_in_bytes,lib/ocaml/compiler-libs/flambda2_simplify__Simplify_rec_info_expr.cms,27864
2026-07-28T18:02:55Z,a160052ab46b811cc9a9b6484c69f255fe82d9d6,6342,size_in_bytes,lib/ocaml/compiler-libs/flambda2_kinds__Flambda_arity.cms,33058
2026-07-28T18:02:55Z,a160052ab46b811cc9a9b6484c69f255fe82d9d6,6342,size_in_bytes,lib/ocaml/compiler-libs/flambda2_parser__Fexpr_to_flambda.cms,146736
2026-07-28T18:02:55Z,a160052ab46b811cc9a9b6484c69f255fe82d9d6,6342,size_in_bytes,lib/ocaml/compiler-libs/flambda2_identifiers__Reg_width_const.cms,35645
2026-07-28T18:02:55Z,a160052ab46b811cc9a9b6484c69f255fe82d9d6,6342,size_in_bytes,lib/ocaml/compiler-libs/flambda2_to_cmm__To_cmm_env.cms,165045
2026-07-28T18:02:55Z,a160052ab46b811cc9a9b6484c69f255fe82d9d6,6342,size_in_bytes,lib/ocaml/compiler-libs/flambda2_terms__Cost_metrics.cms,22084
2026-07-28T18:02:55Z,a160052ab46b811cc9a9b6484c69f255fe82d9d6,6342,size_in_bytes,lib/ocaml/compiler-libs/flambda2_types__Code_age_relation.cms,23855
2026-07-28T18:02:55Z,a160052ab46b811cc9a9b6484c69f255fe82d9d6,6342,size_in_bytes,lib/ocaml/compiler-libs/flambda2_terms__Exn_continuation.cms,31500
2026-07-28T18:02:55Z,a160052ab46b811cc9a9b6484c69f255fe82d9d6,6342,size_in_bytes,lib/ocaml/compiler-libs/flambda2_identifiers__Code_id.cms,11891
2026-07-28T18:02:55Z,a160052ab46b811cc9a9b6484c69f255fe82d9d6,6342,size_in_bytes,lib/ocaml/compiler-libs/flambda2_simplify__Simplify_primitive.cms,41739
2026-07-28T18:02:55Z,a160052ab46b811cc9a9b6484c69f255fe82d9d6,6342,size_in_bytes,lib/ocaml/compiler-libs/flambda2_term_basics__Tag_and_size.cms,12392
2026-07-28T18:02:55Z,a160052ab46b811cc9a9b6484c69f255fe82d9d6,6342,size_in_bytes,lib/ocaml/compiler-libs/flambda2_terms__Coeffects.cms,14294
2026-07-28T18:02:55Z,a160052ab46b811cc9a9b6484c69f255fe82d9d6,6342,size_in_bytes,lib/ocaml/compiler-libs/flambda2_terms__Inline_attribute.cms,16481
2026-07-28T18:02:55Z,a160052ab46b811cc9a9b6484c69f255fe82d9d6,6342,size_in_bytes,lib/ocaml/compiler-libs/flambda2_simplify__Mutable_unboxing.cms,95843
2026-07-28T18:02:55Z,a160052ab46b811cc9a9b6484c69f255fe82d9d6,6342,size_in_bytes,lib/ocaml/compiler-libs/flambda2_types__Meet.cms,16461
2026-07-28T18:02:55Z,a160052ab46b811cc9a9b6484c69f255fe82d9d6,6342,size_in_bytes,lib/ocaml/compiler-libs/flambda2_term_basics__Coercion.cms,16238
2026-07-28T18:02:55Z,a160052ab46b811cc9a9b6484c69f255fe82d9d6,6342,size_in_bytes,lib/ocaml/compiler-libs/flambda2_types__Type_grammar.cms,636727
2026-07-28T18:02:55Z,a160052ab46b811cc9a9b6484c69f255fe82d9d6,6342,size_in_bytes,lib/ocaml/compiler-libs/flambda2_types__Meet_and_join.cms,321784
2026-07-28T18:02:55Z,a160052ab46b811cc9a9b6484c69f255fe82d9d6,6342,size_in_bytes,lib/ocaml/compiler-libs/flambda2_identifiers.cms,15125
2026-07-28T18:02:55Z,a160052ab46b811cc9a9b6484c69f255fe82d9d6,6342,size_in_bytes,lib/ocaml/compiler-libs/flambda2_identifiers__Value_slot.cms,12064
2026-07-28T18:02:55Z,a160052ab46b811cc9a9b6484c69f255fe82d9d6,6342,size_in_bytes,lib/ocaml/compiler-libs/flambda2_identifiers__Symbol.cms,12314
2026-07-28T18:02:55Z,a160052ab46b811cc9a9b6484c69f255fe82d9d6,6342,size_in_bytes,lib/ocaml/compiler-libs/flambda2_parser__Flambda_parser.cms,2269821
2026-07-28T18:02:55Z,a160052ab46b811cc9a9b6484c69f255fe82d9d6,6342,size_in_bytes,lib/ocaml/compiler-libs/flambda2_term_basics__Inlined_debuginfo.cms,22855
2026-07-28T18:02:55Z,a160052ab46b811cc9a9b6484c69f255fe82d9d6,6342,size_in_bytes,lib/ocaml/compiler-libs/flambda2_floats.cms,9926
2026-07-28T18:02:55Z,a160052ab46b811cc9a9b6484c69f255fe82d9d6,6342,size_in_bytes,lib/ocaml/compiler-libs/flambda2_kinds__Flambda_kind.cms,201431
2026-07-28T18:02:55Z,a160052ab46b811cc9a9b6484c69f255fe82d9d6,6342,size_in_bytes,lib/ocaml/compiler-libs/flambda2_types__With_cached_free_names.cms,17211
2026-07-28T18:02:55Z,a160052ab46b811cc9a9b6484c69f255fe82d9d6,6342,size_in_bytes,lib/ocaml/compiler-libs/flambda2_parser__Fexpr_prim.cms,168771
2026-07-28T18:02:55Z,a160052ab46b811cc9a9b6484c69f255fe82d9d6,6342,size_in_bytes,lib/ocaml/compiler-libs/flambda2_reaper__Reaper.cms,17947
2026-07-28T18:02:55Z,a160052ab46b811cc9a9b6484c69f255fe82d9d6,6342,size_in_bytes,lib/ocaml/compiler-libs/flambda2_reaper__Analysis.cms,18795
2026-07-28T18:02:55Z,a160052ab46b811cc9a9b6484c69f255fe82d9d6,6342,size_in_bytes,lib/ocaml/compiler-libs/flambda2_datalog.cms,37849
2026-07-28T18:02:55Z,a160052ab46b811cc9a9b6484c69f255fe82d9d6,6342,size_in_bytes,lib/ocaml/compiler-libs/flambda2_identifiers__Function_slot.cms,12073
2026-07-28T18:02:55Z,a160052ab46b811cc9a9b6484c69f255fe82d9d6,6342,size_in_bytes,lib/ocaml/compiler-libs/flambda2_datalog__Table.cms,35497
2026-07-28T18:02:55Z,a160052ab46b811cc9a9b6484c69f255fe82d9d6,6342,size_in_bytes,lib/ocaml/compiler-libs/flambda2_terms__Effects_and_coeffects.cms,16251
2026-07-28T18:02:55Z,a160052ab46b811cc9a9b6484c69f255fe82d9d6,6342,size_in_bytes,lib/ocaml/compiler-libs/flambda2_terms__Expr_std.cms,12311
2026-07-28T18:02:55Z,a160052ab46b811cc9a9b6484c69f255fe82d9d6,6342,size_in_bytes,lib/ocaml/compiler-libs/flambda2_terms__Removed_operations.cms,24232
2026-07-28T18:02:55Z,a160052ab46b811cc9a9b6484c69f255fe82d9d6,6342,size_in_bytes,lib/ocaml/compiler-libs/flambda2_identifiers__Flambda_debug_uid.cms,20264
2026-07-28T18:02:55Z,a160052ab46b811cc9a9b6484c69f255fe82d9d6,6342,size_in_bytes,lib/ocaml/compiler-libs/flambda2_terms__Inlined_attribute.cms,19669
2026-07-28T18:02:55Z,a160052ab46b811cc9a9b6484c69f255fe82d9d6,6342,size_in_bytes,lib/ocaml/compiler-libs/flambda2_nominal__Bindable.cms,14122
2026-07-28T18:02:55Z,a160052ab46b811cc9a9b6484c69f255fe82d9d6,6342,size_in_bytes,lib/ocaml/compiler-libs/flambda2_term_basics__Value_slot_set.cms,19916
2026-07-28T18:02:55Z,a160052ab46b811cc9a9b6484c69f255fe82d9d6,6342,size_in_bytes,lib/ocaml/compiler-libs/flambda2_types__Meet_and_n_way_join.cms,366781
2026-07-28T18:02:55Z,a160052ab46b811cc9a9b6484c69f255fe82d9d6,6342,size_in_bytes,lib/ocaml/compiler-libs/flambda2_simplify__Number_adjuncts.cms,123937
2026-07-28T18:02:55Z,a160052ab46b811cc9a9b6484c69f255fe82d9d6,6342,size_in_bytes,lib/ocaml/compiler-libs/flambda2_lattices__Or_bottom.cms,15241
2026-07-28T18:02:55Z,a160052ab46b811cc9a9b6484c69f255fe82d9d6,6342,size_in_bytes,lib/ocaml/compiler-libs/flambda2_lattices__Or_unknown.cms,26081
2026-07-28T18:02:55Z,a160052ab46b811cc9a9b6484c69f255fe82d9d6,6342,size_in_bytes,lib/ocaml/compiler-libs/flambda2_term_basics__Rec_info_expr.cms,15581
2026-07-28T18:02:55Z,a160052ab46b811cc9a9b6484c69f255fe82d9d6,6342,size_in_bytes,lib/ocaml/compiler-libs/flambda2_terms__Inlining_history.cms,45836
2026-07-28T18:02:55Z,a160052ab46b811cc9a9b6484c69f255fe82d9d6,6342,size_in_bytes,lib/ocaml/compiler-libs/flambda2_lattices__Or_unknown_or_bottom.cms,16698
2026-07-28T18:02:55Z,a160052ab46b811cc9a9b6484c69f255fe82d9d6,6342,size_in_bytes,lib/ocaml/compiler-libs/flambda2_terms__Poll_attribute.cms,13275
2026-07-28T18:02:55Z,a160052ab46b811cc9a9b6484c69f255fe82d9d6,6342,size_in_bytes,lib/ocaml/compiler-libs/flambda2_parser.cms,13238
2026-07-28T18:02:55Z,a160052ab46b811cc9a9b6484c69f255fe82d9d6,6342,size_in_bytes,lib/ocaml/compiler-libs/flambda2_parser__Flambda_to_fexpr.cms,130063
2026-07-28T18:02:55Z,a160052ab46b811cc9a9b6484c69f255fe82d9d6,6342,size_in_bytes,lib/ocaml/compiler-libs/flambda2_simplify__Simplify_expr.cms,29088
2026-07-28T18:02:55Z,a160052ab46b811cc9a9b6484c69f255fe82d9d6,6342,size_in_bytes,lib/ocaml/compiler-libs/flambda2_simplify__Upwards_acc.cms,32978
2026-07-28T18:02:55Z,a160052ab46b811cc9a9b6484c69f255fe82d9d6,6342,size_in_bytes,lib/ocaml/compiler-libs/flambda2_types__.cms,16848
2026-07-28T18:02:55Z,a160052ab46b811cc9a9b6484c69f255fe82d9d6,6342,size_in_bytes,lib/ocaml/compiler-libs/flambda2_types__Join_levels.cms,25743
2026-07-28T18:02:55Z,a160052ab46b811cc9a9b6484c69f255fe82d9d6,6342,size_in_bytes,lib/ocaml/compiler-libs/flambda2_reaper__Dot_printer.cms,19624
2026-07-28T18:02:55Z,a160052ab46b811cc9a9b6484c69f255fe82d9d6,6342,size_in_bytes,lib/ocaml/compiler-libs/flambda2_types__Cached_level.cms,32694
2026-07-28T18:02:55Z,a160052ab46b811cc9a9b6484c69f255fe82d9d6,6342,size_in_bytes,lib/ocaml/compiler-libs/flambda2_simplify__One_continuation_use.cms,16107
2026-07-28T18:02:55Z,a160052ab46b811cc9a9b6484c69f255fe82d9d6,6342,size_in_bytes,lib/ocaml/compiler-libs/flambda2_types.cms,41779
2026-07-28T18:02:55Z,a160052ab46b811cc9a9b6484c69f255fe82d9d6,6342,size_in_bytes,lib/ocaml/compiler-libs/flambda2_reaper__Rebuild.cms,340264
2026-07-28T18:02:55Z,a160052ab46b811cc9a9b6484c69f255fe82d9d6,6342,size_in_bytes,lib/ocaml/compiler-libs/flambda2_simplify__Common_subexpression_elimination.cms,65173
2026-07-28T18:02:55Z,a160052ab46b811cc9a9b6484c69f255fe82d9d6,6342,size_in_bytes,lib/ocaml/compiler-libs/flambda2_from_lambda__Closure_conversion_aux.cms,154773
2026-07-28T18:02:55Z,a160052ab46b811cc9a9b6484c69f255fe82d9d6,6342,size_in_bytes,lib/ocaml/compiler-libs/flambda2_simplify__Simplify_ternary_primitive.cms,23032
2026-07-28T18:02:55Z,a160052ab46b811cc9a9b6484c69f255fe82d9d6,6342,size_in_bytes,lib/ocaml/compiler-libs/flambda2_reaper__Unboxing_analysis.cms,101560
2026-07-28T18:02:55Z,a160052ab46b811cc9a9b6484c69f255fe82d9d6,6342,size_in_bytes,lib/ocaml/compiler-libs/flambda2_to_cmm__To_cmm_set_of_closures.cms,105875
2026-07-28T18:02:55Z,a160052ab46b811cc9a9b6484c69f255fe82d9d6,6342,size_in_bytes,lib/ocaml/compiler-libs/flambda2_simplify__Upwards_env.cms,32139
2026-07-28T18:02:55Z,a160052ab46b811cc9a9b6484c69f255fe82d9d6,6342,size_in_bytes,lib/ocaml/compiler-libs/flambda2_terms__Trap_action.cms,23093
2026-07-28T18:02:55Z,a160052ab46b811cc9a9b6484c69f255fe82d9d6,6342,size_in_bytes,lib/ocaml/compiler-libs/flambda2_simplify__Flow_analysis.cms,33325
2026-07-28T18:02:55Z,a160052ab46b811cc9a9b6484c69f255fe82d9d6,6342,size_in_bytes,lib/ocaml/compiler-libs/flambda2_simplify_shared__Slot_offsets.cms,131460
2026-07-28T18:02:55Z,a160052ab46b811cc9a9b6484c69f255fe82d9d6,6342,size_in_bytes,lib/ocaml/compiler-libs/flambda2_datalog__Schedule.cms,79694
2026-07-28T18:02:55Z,a160052ab46b811cc9a9b6484c69f255fe82d9d6,6342,size_in_bytes,lib/ocaml/compiler-libs/flambda2_algorithms.cms,12011
2026-07-28T18:02:55Z,a160052ab46b811cc9a9b6484c69f255fe82d9d6,6342,size_in_bytes,lib/ocaml/compiler-libs/flambda2_nominal__Contains_names.cms,12165
2026-07-28T18:02:55Z,a160052ab46b811cc9a9b6484c69f255fe82d9d6,6342,size_in_bytes,lib/ocaml/compiler-libs/flambda2_floats__Float32.cms,14852
2026-07-28T18:02:55Z,a160052ab46b811cc9a9b6484c69f255fe82d9d6,6342,size_in_bytes,lib/ocaml/compiler-libs/flambda2_algorithms__Container_types.cms,49487
2026-07-28T18:02:55Z,a160052ab46b811cc9a9b6484c69f255fe82d9d6,6342,size_in_bytes,lib/ocaml/compiler-libs/flambda2_types__Set_of_closures_contents.cms,42514
2026-07-28T18:02:55Z,a160052ab46b811cc9a9b6484c69f255fe82d9d6,6342,size_in_bytes,lib/ocaml/compiler-libs/flambda2_simplify__Named_rewrite.cms,15164
2026-07-28T18:02:55Z,a160052ab46b811cc9a9b6484c69f255fe82d9d6,6342,size_in_bytes,lib/ocaml/compiler-libs/flambda2_types__Traversals.cms,201928
2026-07-28T18:02:55Z,a160052ab46b811cc9a9b6484c69f255fe82d9d6,6342,size_in_bytes,lib/ocaml/compiler-libs/flambda2_terms__Mutability.cms,15505
2026-07-28T18:02:55Z,a160052ab46b811cc9a9b6484c69f255fe82d9d6,6342,size_in_bytes,lib/ocaml/compiler-libs/flambda2_identifiers__Coercion0.cms,22186
2026-07-28T18:02:55Z,a160052ab46b811cc9a9b6484c69f255fe82d9d6,6342,size_in_bytes,lib/ocaml/compiler-libs/flambda2_simplify__Reification.cms,40422
2026-07-28T18:02:55Z,a160052ab46b811cc9a9b6484c69f255fe82d9d6,6342,size_in_bytes,lib/ocaml/compiler-libs/flambda2_terms__Probe.cms,12437
2026-07-28T18:02:55Z,a160052ab46b811cc9a9b6484c69f255fe82d9d6,6342,size_in_bytes,lib/ocaml/compiler-libs/flambda2_simplify__Simplify_binary_primitive.cms,158582
2026-07-28T18:02:55Z,a160052ab46b811cc9a9b6484c69f255fe82d9d6,6342,size_in_bytes,lib/ocaml/compiler-libs/flambda2_nominal__Num_occurrences.cms,12677
2026-07-28T18:02:55Z,a160052ab46b811cc9a9b6484c69f255fe82d9d6,6342,size_in_bytes,lib/ocaml/compiler-libs/flambda2_simplify__Unbox_continuation_params.cms,30247
2026-07-28T18:02:55Z,a160052ab46b811cc9a9b6484c69f255fe82d9d6,6342,size_in_bytes,lib/ocaml/compiler-libs/flambda2_nominal__Name_occurrences.cms,137636
2026-07-28T18:02:55Z,a160052ab46b811cc9a9b6484c69f255fe82d9d6,6342,size_in_bytes,lib/ocaml/compiler-libs/flambda2_types__Typing_env_extension.cms,32130
2026-07-28T18:02:55Z,a160052ab46b811cc9a9b6484c69f255fe82d9d6,6342,size_in_bytes,lib/ocaml/compiler-libs/flambda2_numbers__Numeric_types.cms,86735
2026-07-28T18:02:55Z,a160052ab46b811cc9a9b6484c69f255fe82d9d6,6342,size_in_bytes,lib/ocaml/compiler-libs/flambda2_reaper__Types_rewriter.cms,164650
2026-07-28T18:02:55Z,a160052ab46b811cc9a9b6484c69f255fe82d9d6,6342,size_in_bytes,lib/ocaml/compiler-libs/flambda2_nominal__Name_abstraction.cms,20942
2026-07-28T18:02:55Z,a160052ab46b811cc9a9b6484c69f255fe82d9d6,6342,size_in_bytes,lib/ocaml/compiler-libs/flambda2_simplify__Simplify_let_expr.cms,55897
2026-07-28T18:02:55Z,a160052ab46b811cc9a9b6484c69f255fe82d9d6,6342,size_in_bytes,lib/ocaml/compiler-libs/flambda2_simplify__Simplify_extcall.cms,43705
2026-07-28T18:02:55Z,a160052ab46b811cc9a9b6484c69f255fe82d9d6,6342,size_in_bytes,lib/ocaml/compiler-libs/flambda2_simplify__Data_flow_graph.cms,62392
2026-07-28T18:02:55Z,a160052ab46b811cc9a9b6484c69f255fe82d9d6,6342,size_in_bytes,lib/ocaml/compiler-libs/flambda2_bound_identifiers__Bound_static.cms,31870
2026-07-28T18:02:55Z,a160052ab46b811cc9a9b6484c69f255fe82d9d6,6342,size_in_bytes,lib/ocaml/compiler-libs/flambda2_bound_identifiers__Bound_parameter.cms,28955
2026-07-28T18:02:55Z,a160052ab46b811cc9a9b6484c69f255fe82d9d6,6342,size_in_bytes,lib/ocaml/compiler-libs/flambda2_simplify__Rebuilt_static_const.cms,68612
2026-07-28T18:02:55Z,a160052ab46b811cc9a9b6484c69f255fe82d9d6,6342,size_in_bytes,lib/ocaml/compiler-libs/flambda2_types__Expand_head.cms,106189
2026-07-28T18:02:55Z,a160052ab46b811cc9a9b6484c69f255fe82d9d6,6342,size_in_bytes,lib/ocaml/compiler-libs/flambda2_identifiers__Name.cms,18559
2026-07-28T18:02:55Z,a160052ab46b811cc9a9b6484c69f255fe82d9d6,6342,size_in_bytes,lib/ocaml/compiler-libs/flambda2_types__Join_levels_old.cms,43531
2026-07-28T18:02:55Z,a160052ab46b811cc9a9b6484c69f255fe82d9d6,6342,size_in_bytes,lib/ocaml/compiler-libs/flambda2_terms__Result_types.cms,32143
2026-07-28T18:02:55Z,a160052ab46b811cc9a9b6484c69f255fe82d9d6,6342,size_in_bytes,lib/ocaml/compiler-libs/flambda2_reaper__Points_to_analysis.cms,162338
2026-07-28T18:02:55Z,a160052ab46b811cc9a9b6484c69f255fe82d9d6,6342,size_in_bytes,lib/ocaml/compiler-libs/flambda2_terms__Loopify_attribute.cms,14801
2026-07-28T18:02:55Z,a160052ab46b811cc9a9b6484c69f255fe82d9d6,6342,size_in_bytes,lib/ocaml/compiler-libs/flambda2_classic_mode_types__Value_approximation.cms,20035
2026-07-28T18:02:55Z,a160052ab46b811cc9a9b6484c69f255fe82d9d6,6342,size_in_bytes,lib/ocaml/compiler-libs/flambda2_terms__Regalloc_param_attribute.cms,14738
2026-07-28T18:02:55Z,a160052ab46b811cc9a9b6484c69f255fe82d9d6,6342,size_in_bytes,lib/ocaml/compiler-libs/flambda2_terms__Flambda_unit.cms,20781
2026-07-28T18:02:55Z,a160052ab46b811cc9a9b6484c69f255fe82d9d6,6342,size_in_bytes,lib/ocaml/compiler-libs/flambda2_simplify__Simplify_nullary_primitive.cms,21721
2026-07-28T18:02:55Z,a160052ab46b811cc9a9b6484c69f255fe82d9d6,6342,size_in_bytes,lib/ocaml/compiler-libs/flambda2_bound_identifiers__Bound_pattern.cms,33904
2026-07-28T18:02:55Z,a160052ab46b811cc9a9b6484c69f255fe82d9d6,6342,size_in_bytes,lib/ocaml/compiler-libs/flambda2_simplify__Simplify_common.cms,63836
2026-07-28T18:02:55Z,a160052ab46b811cc9a9b6484c69f255fe82d9d6,6342,size_in_bytes,lib/ocaml/compiler-libs/flambda2_cmx__Flambda_cmx_format.cms,43285
2026-07-28T18:02:55Z,a160052ab46b811cc9a9b6484c69f255fe82d9d6,6342,size_in_bytes,lib/ocaml/compiler-libs/flambda2_to_jsir__To_jsir_static_const.cms,47887
2026-07-28T18:02:55Z,a160052ab46b811cc9a9b6484c69f255fe82d9d6,6342,size_in_bytes,lib/ocaml/compiler-libs/flambda2_simplify_shared__Inlining_helpers.cms,26016
2026-07-28T18:02:55Z,a160052ab46b811cc9a9b6484c69f255fe82d9d6,6342,size_in_bytes,lib/ocaml/compiler-libs/flambda2_simplify__Inlining_transforms.cms,29717
2026-07-28T18:02:55Z,a160052ab46b811cc9a9b6484c69f255fe82d9d6,6342,size_in_bytes,lib/ocaml/compiler-libs/flambda2_types__Join_env.cms,271578
2026-07-28T18:02:55Z,a160052ab46b811cc9a9b6484c69f255fe82d9d6,6342,size_in_bytes,lib/ocaml/compiler-libs/flambda2_reaper__Cofield.cms,12936
2026-07-28T18:02:55Z,a160052ab46b811cc9a9b6484c69f255fe82d9d6,6342,size_in_bytes,lib/ocaml/compiler-libs/flambda2_terms__Recursive.cms,12656
2026-07-28T18:02:55Z,a160052ab46b811cc9a9b6484c69f255fe82d9d6,6342,size_in_bytes,lib/ocaml/compiler-libs/flambda2_to_cmm__To_cmm_primitive.cms,283932
2026-07-28T18:02:55Z,a160052ab46b811cc9a9b6484c69f255fe82d9d6,6342,size_in_bytes,lib/ocaml/compiler-libs/flambda2_simplify_shared.cms,12099
2026-07-28T18:02:55Z,a160052ab46b811cc9a9b6484c69f255fe82d9d6,6342,size_in_bytes,lib/ocaml/compiler-libs/flambda2_simplify__Unboxers.cms,32868
2026-07-28T18:02:55Z,a160052ab46b811cc9a9b6484c69f255fe82d9d6,6342,size_in_bytes,lib/ocaml/compiler-libs/flambda2_to_jsir__To_jsir_env.cms,43160
2026-07-28T18:02:55Z,a160052ab46b811cc9a9b6484c69f255fe82d9d6,6342,size_in_bytes,lib/ocaml/compiler-libs/flambda2_simplify__Continuation_uses.cms,32055
2026-07-28T18:02:55Z,a160052ab46b811cc9a9b6484c69f255fe82d9d6,6342,size_in_bytes,lib/ocaml/compiler-libs/flambda2_simplify__One_recursive_handler.cms,14702
2026-07-28T18:02:55Z,a160052ab46b811cc9a9b6484c69f255fe82d9d6,6342,size_in_bytes,lib/ocaml/compiler-libs/flambda2_types__More_type_creators.cms,85611
2026-07-28T18:02:55Z,a160052ab46b811cc9a9b6484c69f255fe82d9d6,6342,size_in_bytes,lib/ocaml/compiler-libs/flambda2_simplify__Non_recursive_handler.cms,19646
2026-07-28T18:02:55Z,a160052ab46b811cc9a9b6484c69f255fe82d9d6,6342,size_in_bytes,lib/ocaml/compiler-libs/flambda2_cmx.cms,10492
2026-07-28T18:02:55Z,a160052ab46b811cc9a9b6484c69f255fe82d9d6,6342,size_in_bytes,lib/ocaml/compiler-libs/flambda2_algorithms__Channel.cms,14213
2026-07-28T18:02:55Z,a160052ab46b811cc9a9b6484c69f255fe82d9d6,6342,size_in_bytes,lib/ocaml/compiler-libs/flambda2_simplify__Simplify_simple.cms,17044
2026-07-28T18:02:55Z,a160052ab46b811cc9a9b6484c69f255fe82d9d6,6342,size_in_bytes,lib/ocaml/compiler-libs/flambda2_types__Type_descr.cms,38009
2026-07-28T18:02:55Z,a160052ab46b811cc9a9b6484c69f255fe82d9d6,6342,size_in_bytes,lib/ocaml/compiler-libs/flambda2_numbers.cms,11414
2026-07-28T18:02:55Z,a160052ab46b811cc9a9b6484c69f255fe82d9d6,6342,size_in_bytes,lib/ocaml/compiler-libs/flambda2_simplify__Simplified_named.cms,21008
2026-07-28T18:02:55Z,a160052ab46b811cc9a9b6484c69f255fe82d9d6,6342,size_in_bytes,lib/ocaml/compiler-libs/flambda2_to_jsir__To_jsir_set_of_closures.cms,20516
2026-07-28T18:02:55Z,a160052ab46b811cc9a9b6484c69f255fe82d9d6,6342,size_in_bytes,lib/ocaml/compiler-libs/flambda2_simplify__Simplify_coercion.cms,12939
2026-07-28T18:02:55Z,a160052ab46b811cc9a9b6484c69f255fe82d9d6,6342,size_in_bytes,lib/ocaml/compiler-libs/flambda2_algorithms__Table_by_int_id.cms,20618
2026-07-28T18:02:55Z,a160052ab46b811cc9a9b6484c69f255fe82d9d6,6342,size_in_bytes,lib/ocaml/compiler-libs/flambda2_numbers__One_bit_fewer.cms,34398
2026-07-28T18:02:55Z,a160052ab46b811cc9a9b6484c69f255fe82d9d6,6342,size_in_bytes,lib/ocaml/compiler-libs/flambda2_simplify__Simplify.cms,21970
2026-07-28T18:02:55Z,a160052ab46b811cc9a9b6484c69f255fe82d9d6,6342,size_in_bytes,lib/ocaml/compiler-libs/flambda2_nominal__Name_mode.cms,33657
2026-07-28T18:02:55Z,a160052ab46b811cc9a9b6484c69f255fe82d9d6,6342,size_in_bytes,lib/ocaml/compiler-libs/flambda2_term_basics__Symbol_projection.cms,27675
2026-07-28T18:02:55Z,a160052ab46b811cc9a9b6484c69f255fe82d9d6,6342,size_in_bytes,lib/ocaml/compiler-libs/flambda2_bound_identifiers__Bound_continuations.cms,17149
2026-07-28T18:02:55Z,a160052ab46b811cc9a9b6484c69f255fe82d9d6,6342,size_in_bytes,lib/ocaml/compiler-libs/flambda2_simplify__Optimistic_unboxing_decision.cms,37771
2026-07-28T18:02:55Z,a160052ab46b811cc9a9b6484c69f255fe82d9d6,6342,size_in_bytes,lib/ocaml/compiler-libs/flambda2_reaper__Datalog_helpers.cms,55488
2026-07-28T18:02:55Z,a160052ab46b811cc9a9b6484c69f255fe82d9d6,6342,size_in_bytes,lib/ocaml/compiler-libs/flambda2_simplify__Is_unboxing_beneficial.cms,21150
2026-07-28T18:02:55Z,a160052ab46b811cc9a9b6484c69f255fe82d9d6,6342,size_in_bytes,lib/ocaml/compiler-libs/flambda2_algorithms__Patricia_tree.cms,265136
2026-07-28T18:02:55Z,a160052ab46b811cc9a9b6484c69f255fe82d9d6,6342,size_in_bytes,lib/ocaml/compiler-libs/flambda2_kinds__Tag.cms,35626
2026-07-28T18:02:55Z,a160052ab46b811cc9a9b6484c69f255fe82d9d6,6342,size_in_bytes,lib/ocaml/compiler-libs/flambda2_simplify__Unboxing_types.cms,40014
2026-07-28T18:02:55Z,a160052ab46b811cc9a9b6484c69f255fe82d9d6,6342,size_in_bytes,lib/ocaml/compiler-libs/flambda2_algorithms__Container_types_intf.cms,39097
2026-07-28T18:02:55Z,a160052ab46b811cc9a9b6484c69f255fe82d9d6,6342,size_in_bytes,lib/ocaml/compiler-libs/flambda2_from_lambda__Lambda_to_flambda_primitives.cms,505668
2026-07-28T18:02:55Z,a160052ab46b811cc9a9b6484c69f255fe82d9d6,6342,size_in_bytes,lib/ocaml/compiler-libs/flambda2_types__Meet_env.cms,59245
2026-07-28T18:02:55Z,a160052ab46b811cc9a9b6484c69f255fe82d9d6,6342,size_in_bytes,lib/ocaml/compiler-libs/flambda2_simplify_shared__Inlining_report.cms,93764
2026-07-28T18:02:55Z,a160052ab46b811cc9a9b6484c69f255fe82d9d6,6342,size_in_bytes,lib/ocaml/compiler-libs/flambda2_to_jsir.cms,11756
2026-07-28T18:02:55Z,a160052ab46b811cc9a9b6484c69f255fe82d9d6,6342,size_in_bytes,lib/ocaml/compiler-libs/flambda2_simplify__Simplify_let_cont_expr.cms,221467
2026-07-28T18:02:55Z,a160052ab46b811cc9a9b6484c69f255fe82d9d6,6342,size_in_bytes,lib/ocaml/compiler-libs/flambda2_to_cmm.cms,12253
2026-07-28T18:02:55Z,a160052ab46b811cc9a9b6484c69f255fe82d9d6,6342,size_in_bytes,lib/ocaml/compiler-libs/flambda2_identifiers__Slot.cms,29798
2026-07-28T18:02:55Z,a160052ab46b811cc9a9b6484c69f255fe82d9d6,6342,size_in_bytes,lib/ocaml/compiler-libs/flambda2_parser__Fexpr.cms,47021
2026-07-28T18:02:55Z,a160052ab46b811cc9a9b6484c69f255fe82d9d6,6342,size_in_bytes,lib/ocaml/compiler-libs/flambda2_from_lambda.cms,12111
2026-07-28T18:02:55Z,a160052ab46b811cc9a9b6484c69f255fe82d9d6,6342,size_in_bytes,lib/ocaml/compiler-libs/flambda2_simplify__Continuation_in_env.cms,21751
2026-07-28T18:02:55Z,a160052ab46b811cc9a9b6484c69f255fe82d9d6,6342,size_in_bytes,lib/ocaml/compiler-libs/flambda2_terms__Switch_expr.cms,25803
2026-07-28T18:02:55Z,a160052ab46b811cc9a9b6484c69f255fe82d9d6,6342,size_in_bytes,lib/ocaml/compiler-libs/flambda2_simplify__Lifted_constant.cms,49314
2026-07-28T18:02:55Z,a160052ab46b811cc9a9b6484c69f255fe82d9d6,6342,size_in_bytes,lib/ocaml/compiler-libs/flambda2_identifiers__Named_rewrite_id.cms,17996
2026-07-28T18:02:55Z,a160052ab46b811cc9a9b6484c69f255fe82d9d6,6342,size_in_bytes,lib/ocaml/compiler-libs/flambda2_nominal__Ids_for_export.cms,24520
2026-07-28T18:02:55Z,a160052ab46b811cc9a9b6484c69f255fe82d9d6,6342,size_in_bytes,lib/ocaml/compiler-libs/flambda2_terms__Effects.cms,16885
2026-07-28T18:02:55Z,a160052ab46b811cc9a9b6484c69f255fe82d9d6,6342,size_in_bytes,lib/ocaml/compiler-libs/flambda2_simplify__Flow.cms,12501
2026-07-28T18:02:55Z,a160052ab46b811cc9a9b6484c69f255fe82d9d6,6342,size_in_bytes,lib/ocaml/compiler-libs/flambda2_terms__Inlining_state.cms,18090
2026-07-28T18:02:55Z,a160052ab46b811cc9a9b6484c69f255fe82d9d6,6342,size_in_bytes,lib/ocaml/compiler-libs/flambda2_simplify__Continuation_extra_params_and_args.cms,33369
2026-07-28T18:02:55Z,a160052ab46b811cc9a9b6484c69f255fe82d9d6,6342,size_in_bytes,lib/ocaml/compiler-libs/flambda2_terms.cms,21808
2026-07-28T18:02:55Z,a160052ab46b811cc9a9b6484c69f255fe82d9d6,6342,size_in_bytes,lib/ocaml/compiler-libs/flambda2.cms,48140
2026-07-28T18:02:55Z,a160052ab46b811cc9a9b6484c69f255fe82d9d6,6342,size_in_bytes,lib/ocaml/compiler-libs/flambda2_reaper__Rebuilt_expr.cms,23082
2026-07-28T18:02:55Z,a160052ab46b811cc9a9b6484c69f255fe82d9d6,6342,size_in_bytes,lib/ocaml/compiler-libs/flambda2_bound_identifiers__Bound_name.cms,15399
2026-07-28T18:02:55Z,a160052ab46b811cc9a9b6484c69f255fe82d9d6,6342,size_in_bytes,lib/ocaml/compiler-libs/flambda2_bound_identifiers__Bound_for_function.cms,35755
2026-07-28T18:02:55Z,a160052ab46b811cc9a9b6484c69f255fe82d9d6,6342,size_in_bytes,lib/ocaml/compiler-libs/flambda2_reaper__Global_flow_graph.cms,38718
2026-07-28T18:02:55Z,a160052ab46b811cc9a9b6484c69f255fe82d9d6,6342,size_in_bytes,lib/ocaml/compiler-libs/flambda2_kinds.cms,10458
2026-07-28T18:02:55Z,a160052ab46b811cc9a9b6484c69f255fe82d9d6,6342,size_in_bytes,lib/ocaml/compiler-libs/flambda2_ui__Flambda_features.cms,52979
2026-07-28T18:02:55Z,a160052ab46b811cc9a9b6484c69f255fe82d9d6,6342,size_in_bytes,lib/ocaml/compiler-libs/flambda2_terms__Validity.cms,14012
2026-07-28T18:02:55Z,a160052ab46b811cc9a9b6484c69f255fe82d9d6,6342,size_in_bytes,lib/ocaml/compiler-libs/flambda2_lattices.cms,10540
2026-07-28T18:02:55Z,a160052ab46b811cc9a9b6484c69f255fe82d9d6,6342,size_in_bytes,lib/ocaml/compiler-libs/flambda2_term_basics__Continuation_use_kind.cms,11599
2026-07-28T18:02:55Z,a160052ab46b811cc9a9b6484c69f255fe82d9d6,6342,size_in_bytes,lib/ocaml/compiler-libs/flambda2_compare.cms,9924
2026-07-28T18:02:55Z,a160052ab46b811cc9a9b6484c69f255fe82d9d6,6342,size_in_bytes,lib/ocaml/compiler-libs/flambda2_simplify__Loopify_state.cms,13258
2026-07-28T18:02:55Z,a160052ab46b811cc9a9b6484c69f255fe82d9d6,6342,size_in_bytes,lib/ocaml/compiler-libs/flambda2_datalog__Value.cms,13836
2026-07-28T18:02:55Z,a160052ab46b811cc9a9b6484c69f255fe82d9d6,6342,size_in_bytes,lib/ocaml/compiler-libs/flambda2_parser__Flambda_to_fexpr_commons.cms,54491
2026-07-28T18:02:55Z,a160052ab46b811cc9a9b6484c69f255fe82d9d6,6342,size_in_bytes,lib/ocaml/compiler-libs/flambda2_simplify__Unboxing_epa.cms,76235
2026-07-28T18:02:55Z,a160052ab46b811cc9a9b6484c69f255fe82d9d6,6342,size_in_bytes,lib/ocaml/compiler-libs/flambda2_simplify__Simplify_switch_expr.cms,133228
2026-07-28T18:02:55Z,a160052ab46b811cc9a9b6484c69f255fe82d9d6,6342,size_in_bytes,lib/ocaml/compiler-libs/flambda2_bound_identifiers__Bound_parameters.cms,23666
2026-07-28T18:02:55Z,a160052ab46b811cc9a9b6484c69f255fe82d9d6,6342,size_in_bytes,lib/ocaml/compiler-libs/flambda2_algorithms__Or_null.cms,14214
2026-07-28T18:02:55Z,a160052ab46b811cc9a9b6484c69f255fe82d9d6,6342,size_in_bytes,lib/ocaml/compiler-libs/flambda2_parser__Print_fexpr.cms,147040
2026-07-28T18:02:55Z,a160052ab46b811cc9a9b6484c69f255fe82d9d6,6342,size_in_bytes,lib/ocaml/compiler-libs/flambda2_classic_mode_types.cms,10040
2026-07-28T18:02:55Z,a160052ab46b811cc9a9b6484c69f255fe82d9d6,6342,size_in_bytes,lib/ocaml/compiler-libs/flambda2_types__Typing_env.cms,171836
2026-07-28T18:02:55Z,a160052ab46b811cc9a9b6484c69f255fe82d9d6,6342,size_in_bytes,lib/ocaml/compiler-libs/flambda2_simplify__Downwards_acc.cms,54407
2026-07-28T18:02:55Z,a160052ab46b811cc9a9b6484c69f255fe82d9d6,6342,size_in_bytes,lib/ocaml/compiler-libs/flambda2_parser__Flambda_lex.cms,40303
2026-07-28T18:02:55Z,a160052ab46b811cc9a9b6484c69f255fe82d9d6,6342,size_in_bytes,lib/ocaml/compiler-libs/flambda2_simplify_shared__Call_site_inlining_decision_type.cms,49367
2026-07-28T18:02:55Z,a160052ab46b811cc9a9b6484c69f255fe82d9d6,6342,size_in_bytes,lib/ocaml/compiler-libs/flambda2_to_jsir__To_jsir_primitive.cms,93094
2026-07-28T18:02:55Z,a160052ab46b811cc9a9b6484c69f255fe82d9d6,6342,size_in_bytes,lib/ocaml/compiler-libs/flambda2_to_jsir__To_jsir_result.cms,32855
2026-07-28T18:02:55Z,a160052ab46b811cc9a9b6484c69f255fe82d9d6,6342,size_in_bytes,lib/ocaml/compiler-libs/flambda2_simplify__Non_constructed_code.cms,14470
2026-07-28T18:02:55Z,a160052ab46b811cc9a9b6484c69f255fe82d9d6,6342,size_in_bytes,lib/ocaml/compiler-libs/flambda2_terms__Code_size.cms,73383
2026-07-28T18:02:55Z,a160052ab46b811cc9a9b6484c69f255fe82d9d6,6342,size_in_bytes,lib/ocaml/compiler-libs/flambda2_terms__Static_const.cms,129871
2026-07-28T18:02:55Z,a160052ab46b811cc9a9b6484c69f255fe82d9d6,6342,size_in_bytes,lib/ocaml/compiler-libs/flambda2_ui__Flambda_colours.cms,20458
2026-07-28T18:02:55Z,a160052ab46b811cc9a9b6484c69f255fe82d9d6,6342,size_in_bytes,lib/ocaml/compiler-libs/flambda2_reaper__Traverse.cms,137283
2026-07-28T18:02:55Z,a160052ab46b811cc9a9b6484c69f255fe82d9d6,6342,size_in_bytes,lib/ocaml/compiler-libs/flambda2_simplify_shared__Function_decl_inlining_decision.cms,18646
2026-07-28T18:02:55Z,a160052ab46b811cc9a9b6484c69f255fe82d9d6,6342,size_in_bytes,lib/ocaml/compiler-libs/flambda2_terms__Placement.cms,13106
2026-07-28T18:02:55Z,a160052ab46b811cc9a9b6484c69f255fe82d9d6,6342,size_in_bytes,lib/ocaml/compiler-libs/flambda2_identifiers__Code_id_or_symbol.cms,11585
2026-07-28T18:02:55Z,a160052ab46b811cc9a9b6484c69f255fe82d9d6,6342,size_in_bytes,lib/ocaml/compiler-libs/flambda2_simplify__Flow_acc.cms,76500
2026-07-28T18:02:55Z,a160052ab46b811cc9a9b6484c69f255fe82d9d6,6342,size_in_bytes,lib/ocaml/compiler-libs/flambda2_simplify__Simplify_primitive_result.cms,17164
2026-07-28T18:02:55Z,a160052ab46b811cc9a9b6484c69f255fe82d9d6,6342,size_in_bytes,lib/ocaml/compiler-libs/flambda2_reaper.cms,14177
2026-07-28T18:02:55Z,a160052ab46b811cc9a9b6484c69f255fe82d9d6,6342,size_in_bytes,lib/ocaml/compiler-libs/flambda2_simplify__Simplify_unary_primitive.cms,144661
2026-07-28T18:02:55Z,a160052ab46b811cc9a9b6484c69f255fe82d9d6,6342,size_in_bytes,lib/ocaml/compiler-libs/flambda2_to_jsir__To_jsir.cms,97355
2026-07-28T18:02:55Z,a160052ab46b811cc9a9b6484c69f255fe82d9d6,6342,size_in_bytes,lib/ocaml/compiler-libs/flambda2_simplify__Lifted_cont_params.cms,20892
2026-07-28T18:02:55Z,a160052ab46b811cc9a9b6484c69f255fe82d9d6,6342,size_in_bytes,lib/ocaml/compiler-libs/flambda2_types__Binding_time.cms,24117
2026-07-28T18:02:55Z,a160052ab46b811cc9a9b6484c69f255fe82d9d6,6342,size_in_bytes,lib/ocaml/compiler-libs/flambda2_simplify__Control_flow_graph.cms,65587
2026-07-28T18:02:55Z,a160052ab46b811cc9a9b6484c69f255fe82d9d6,6342,size_in_bytes,lib/ocaml/compiler-libs/flambda2_simplify__Simplify_import.cms,19174
2026-07-28T18:02:55Z,a160052ab46b811cc9a9b6484c69f255fe82d9d6,6342,size_in_bytes,lib/ocaml/compiler-libs/flambda2_terms__Code_metadata.cms,83374
2026-07-28T18:02:55Z,a160052ab46b811cc9a9b6484c69f255fe82d9d6,6342,size_in_bytes,lib/ocaml/compiler-libs/flambda2_simplify__Original_handlers.cms,21846
2026-07-28T18:02:55Z,a160052ab46b811cc9a9b6484c69f255fe82d9d6,6342,size_in_bytes,lib/ocaml/compiler-libs/flambda2_algorithms__Lmap.cms,27583
2026-07-28T18:02:55Z,a160052ab46b811cc9a9b6484c69f255fe82d9d6,6342,size_in_bytes,lib/ocaml/compiler-libs/flambda2_term_basics__Simple.cms,52889
2026-07-28T18:02:55Z,a160052ab46b811cc9a9b6484c69f255fe82d9d6,6342,size_in_bytes,lib/ocaml/compiler-libs/flambda2_identifiers__Continuation_callsite_map.cms,14151
2026-07-28T18:02:55Z,a160052ab46b811cc9a9b6484c69f255fe82d9d6,6342,size_in_bytes,lib/ocaml/compiler-libs/flambda2_simplify__Join_points.cms,50115
2026-07-28T18:02:55Z,a160052ab46b811cc9a9b6484c69f255fe82d9d6,6342,size_in_bytes,lib/ocaml/compiler-libs/flambda2_datalog__.cms,12645
2026-07-28T18:02:55Z,a160052ab46b811cc9a9b6484c69f255fe82d9d6,6342,size_in_bytes,lib/ocaml/stdlib_beta/stdlib_beta.cms,9889
2026-07-28T18:02:55Z,a160052ab46b811cc9a9b6484c69f255fe82d9d6,6342,size_in_bytes,lib/ocaml/stdlib_upstream_compatible/stdlib_upstream_compatible__Float_u.cms,35723
2026-07-28T18:02:55Z,a160052ab46b811cc9a9b6484c69f255fe82d9d6,6342,size_in_bytes,lib/ocaml/stdlib_upstream_compatible/stdlib_upstream_compatible__.cms,11138
2026-07-28T18:02:55Z,a160052ab46b811cc9a9b6484c69f255fe82d9d6,6342,size_in_bytes,lib/ocaml/stdlib_upstream_compatible/stdlib_upstream_compatible__Int32_u.cms,23428
2026-07-28T18:02:55Z,a160052ab46b811cc9a9b6484c69f255fe82d9d6,6342,size_in_bytes,lib/ocaml/stdlib_upstream_compatible/stdlib_upstream_compatible__Int64_u.cms,26913
2026-07-28T18:02:55Z,a160052ab46b811cc9a9b6484c69f255fe82d9d6,6342,size_in_bytes,lib/ocaml/stdlib_upstream_compatible/stdlib_upstream_compatible.cms,8218
2026-07-28T18:02:55Z,a160052ab46b811cc9a9b6484c69f255fe82d9d6,6342,size_in_bytes,lib/ocaml/stdlib_upstream_compatible/stdlib_upstream_compatible__Nativeint_u.cms,25089
2026-07-28T18:02:55Z,a160052ab46b811cc9a9b6484c69f255fe82d9d6,6342,size_in_bytes,lib/ocaml/stdlib_alpha/stdlib_alpha.cms,10919
2026-07-28T18:02:55Z,a160052ab46b811cc9a9b6484c69f255fe82d9d6,6342,size_in_bytes,lib/ocaml/stdlib__Atomic.cmsi,24304
2026-07-28T18:02:55Z,a160052ab46b811cc9a9b6484c69f255fe82d9d6,6342,size_in_bytes,lib/ocaml/camlinternalQuote.cmsi,61583
2026-07-28T18:02:55Z,a160052ab46b811cc9a9b6484c69f255fe82d9d6,6342,size_in_bytes,lib/ocaml/stdlib__Option.cmsi,16246
2026-07-28T18:02:55Z,a160052ab46b811cc9a9b6484c69f255fe82d9d6,6342,size_in_bytes,lib/ocaml/stdlib__Condition.cmsi,20574
2026-07-28T18:02:55Z,a160052ab46b811cc9a9b6484c69f255fe82d9d6,6342,size_in_bytes,lib/ocaml/stdlib__Seq.cmsi,66150
2026-07-28T18:02:55Z,a160052ab46b811cc9a9b6484c69f255fe82d9d6,6342,size_in_bytes,lib/ocaml/stdlib__Unit.cmsi,12477
2026-07-28T18:02:55Z,a160052ab46b811cc9a9b6484c69f255fe82d9d6,6342,size_in_bytes,lib/ocaml/stdlib__StdLabels.cmsi,12168
2026-07-28T18:02:55Z,a160052ab46b811cc9a9b6484c69f255fe82d9d6,6342,size_in_bytes,lib/ocaml/camlinternalOO.cmsi,20295
2026-07-28T18:02:55Z,a160052ab46b811cc9a9b6484c69f255fe82d9d6,6342,size_in_bytes,lib/ocaml/stdlib__Int64.cmsi,29518
2026-07-28T18:02:55Z,a160052ab46b811cc9a9b6484c69f255fe82d9d6,6342,size_in_bytes,lib/ocaml/stdlib.cmsi,138275
2026-07-28T18:02:55Z,a160052ab46b811cc9a9b6484c69f255fe82d9d6,6342,size_in_bytes,lib/ocaml/stdlib__ListLabels.cmsi,45718
2026-07-28T18:02:55Z,a160052ab46b811cc9a9b6484c69f255fe82d9d6,6342,size_in_bytes,lib/ocaml/stdlib__Complex.cmsi,16949
2026-07-28T18:02:55Z,a160052ab46b811cc9a9b6484c69f255fe82d9d6,6342,size_in_bytes,lib/ocaml/stdlib__Either.cmsi,19612
2026-07-28T18:02:55Z,a160052ab46b811cc9a9b6484c69f255fe82d9d6,6342,size_in_bytes,lib/ocaml/camlinternalLazy.cmsi,11677
2026-07-28T18:02:55Z,a160052ab46b811cc9a9b6484c69f255fe82d9d6,6342,size_in_bytes,lib/ocaml/stdlib__Filename.cmsi,30122
2026-07-28T18:02:55Z,a160052ab46b811cc9a9b6484c69f255fe82d9d6,6342,size_in_bytes,lib/ocaml/stdlib__Type.cmsi,16683
2026-07-28T18:02:55Z,a160052ab46b811cc9a9b6484c69f255fe82d9d6,6342,size_in_bytes,lib/ocaml/stdlib__Fun.cmsi,21392
2026-07-28T18:02:55Z,a160052ab46b811cc9a9b6484c69f255fe82d9d6,6342,size_in_bytes,lib/ocaml/stdlib__Queue.cmsi,21366
2026-07-28T18:02:55Z,a160052ab46b811cc9a9b6484c69f255fe82d9d6,6342,size_in_bytes,lib/ocaml/stdlib__Int32.cmsi,27762
2026-07-28T18:02:55Z,a160052ab46b811cc9a9b6484c69f255fe82d9d6,6342,size_in_bytes,lib/ocaml/stdlib__Bigarray.cmsi,112287
2026-07-28T18:02:55Z,a160052ab46b811cc9a9b6484c69f255fe82d9d6,6342,size_in_bytes,lib/ocaml/camlinternalFormat.cmsi,17616
2026-07-28T18:02:55Z,a160052ab46b811cc9a9b6484c69f255fe82d9d6,6342,size_in_bytes,lib/ocaml/stdlib__Uchar.cmsi,23082
2026-07-28T18:02:55Z,a160052ab46b811cc9a9b6484c69f255fe82d9d6,6342,size_in_bytes,lib/ocaml/stdlib__Weak.cmsi,26944
2026-07-28T18:02:55Z,a160052ab46b811cc9a9b6484c69f255fe82d9d6,6342,size_in_bytes,lib/ocaml/stdlib__Out_channel.cmsi,28399
2026-07-28T18:02:55Z,a160052ab46b811cc9a9b6484c69f255fe82d9d6,6342,size_in_bytes,lib/ocaml/stdlib__Repr.cmsi,16408
2026-07-28T18:02:55Z,a160052ab46b811cc9a9b6484c69f255fe82d9d6,6342,size_in_bytes,lib/ocaml/stdlib__ArrayLabels.cmsi,42931
2026-07-28T18:02:55Z,a160052ab46b811cc9a9b6484c69f255fe82d9d6,6342,size_in_bytes,lib/ocaml/stdlib__Quote.cmsi,12773
2026-07-28T18:02:55Z,a160052ab46b811cc9a9b6484c69f255fe82d9d6,6342,size_in_bytes,lib/ocaml/camlinternalComprehension.cmsi,14442
2026-07-28T18:02:55Z,a160052ab46b811cc9a9b6484c69f255fe82d9d6,6342,size_in_bytes,lib/ocaml/stdlib__Int.cmsi,21019
2026-07-28T18:02:55Z,a160052ab46b811cc9a9b6484c69f255fe82d9d6,6342,size_in_bytes,lib/ocaml/stdlib__Pair.cmsi,14164
2026-07-28T18:02:55Z,a160052ab46b811cc9a9b6484c69f255fe82d9d6,6342,size_in_bytes,lib/ocaml/stdlib__Set.cmsi,38517
2026-07-28T18:02:55Z,a160052ab46b811cc9a9b6484c69f255fe82d9d6,6342,size_in_bytes,lib/ocaml/stdlib__Mutex.cmsi,15975
2026-07-28T18:02:55Z,a160052ab46b811cc9a9b6484c69f255fe82d9d6,6342,size_in_bytes,lib/ocaml/camlinternalAtomic.cmsi,10488
2026-07-28T18:02:55Z,a160052ab46b811cc9a9b6484c69f255fe82d9d6,6342,size_in_bytes,lib/ocaml/stdlib__Iarray.cmsi,32772
2026-07-28T18:02:55Z,a160052ab46b811cc9a9b6484c69f255fe82d9d6,6342,size_in_bytes,lib/ocaml/stdlib__MoreLabels.cmsi,129077
2026-07-28T18:02:55Z,a160052ab46b811cc9a9b6484c69f255fe82d9d6,6342,size_in_bytes,lib/ocaml/stdlib__Bytes.cmsi,68992
2026-07-28T18:02:55Z,a160052ab46b811cc9a9b6484c69f255fe82d9d6,6342,size_in_bytes,lib/ocaml/stdlib__Stack.cmsi,17791
2026-07-28T18:02:55Z,a160052ab46b811cc9a9b6484c69f255fe82d9d6,6342,size_in_bytes,lib/ocaml/stdlib__Map.cmsi,43549
2026-07-28T18:02:55Z,a160052ab46b811cc9a9b6484c69f255fe82d9d6,6342,size_in_bytes,lib/ocaml/stdlib__Result.cmsi,21434
2026-07-28T18:02:55Z,a160052ab46b811cc9a9b6484c69f255fe82d9d6,6342,size_in_bytes,lib/ocaml/stdlib__Effect.cmsi,43463
2026-07-28T18:02:55Z,a160052ab46b811cc9a9b6484c69f255fe82d9d6,6342,size_in_bytes,lib/ocaml/stdlib__In_channel.cmsi,31268
2026-07-28T18:02:55Z,a160052ab46b811cc9a9b6484c69f255fe82d9d6,6342,size_in_bytes,lib/ocaml/stdlib__Obj.cmsi,23401
2026-07-28T18:02:55Z,a160052ab46b811cc9a9b6484c69f255fe82d9d6,6342,size_in_bytes,lib/ocaml/stdlib__Char.cmsi,25429
2026-07-28T18:02:55Z,a160052ab46b811cc9a9b6484c69f255fe82d9d6,6342,size_in_bytes,lib/ocaml/stdlib__Pqueue.cmsi,33185
2026-07-28T18:02:55Z,a160052ab46b811cc9a9b6484c69f255fe82d9d6,6342,size_in_bytes,lib/ocaml/camlinternalFormatBasics.cmsi,29006
2026-07-28T18:02:55Z,a160052ab46b811cc9a9b6484c69f255fe82d9d6,6342,size_in_bytes,lib/ocaml/stdlib__List.cmsi,45642
2026-07-28T18:02:55Z,a160052ab46b811cc9a9b6484c69f255fe82d9d6,6342,size_in_bytes,lib/ocaml/stdlib__Digest.cmsi,24830
2026-07-28T18:02:55Z,a160052ab46b811cc9a9b6484c69f255fe82d9d6,6342,size_in_bytes,lib/ocaml/stdlib__Backoff.cmsi,14644
2026-07-28T18:02:55Z,a160052ab46b811cc9a9b6484c69f255fe82d9d6,6342,size_in_bytes,lib/ocaml/stdlib__Buffer.cmsi,33666
2026-07-28T18:02:55Z,a160052ab46b811cc9a9b6484c69f255fe82d9d6,6342,size_in_bytes,lib/ocaml/stdlib__Arg.cmsi,34048
2026-07-28T18:02:55Z,a160052ab46b811cc9a9b6484c69f255fe82d9d6,6342,size_in_bytes,lib/ocaml/stdlib__Semaphore.cmsi,18720
2026-07-28T18:02:55Z,a160052ab46b811cc9a9b6484c69f255fe82d9d6,6342,size_in_bytes,lib/ocaml/stdlib__Parsing.cmsi,18311
2026-07-28T18:02:55Z,a160052ab46b811cc9a9b6484c69f255fe82d9d6,6342,size_in_bytes,lib/ocaml/stdlib__Float.cmsi,112098
2026-07-28T18:02:55Z,a160052ab46b811cc9a9b6484c69f255fe82d9d6,6342,size_in_bytes,lib/ocaml/stdlib__Gc.cmsi,75782
2026-07-28T18:02:55Z,a160052ab46b811cc9a9b6484c69f255fe82d9d6,6342,size_in_bytes,lib/ocaml/stdlib__Scanf.cmsi,47248
2026-07-28T18:02:55Z,a160052ab46b811cc9a9b6484c69f255fe82d9d6,6342,size_in_bytes,lib/ocaml/stdlib__StringLabels.cmsi,46769
2026-07-28T18:02:55Z,a160052ab46b811cc9a9b6484c69f255fe82d9d6,6342,size_in_bytes,lib/ocaml/stdlib__Marshal.cmsi,26757
2026-07-28T18:02:55Z,a160052ab46b811cc9a9b6484c69f255fe82d9d6,6342,size_in_bytes,lib/ocaml/stdlib__BytesLabels.cmsi,69054
2026-07-28T18:02:55Z,a160052ab46b811cc9a9b6484c69f255fe82d9d6,6342,size_in_bytes,lib/ocaml/stdlib__Lexing.cmsi,26716
2026-07-28T18:02:55Z,a160052ab46b811cc9a9b6484c69f255fe82d9d6,6342,size_in_bytes,lib/ocaml/stdlib__Random.cmsi,31844
2026-07-28T18:02:55Z,a160052ab46b811cc9a9b6484c69f255fe82d9d6,6342,size_in_bytes,lib/ocaml/stdlib__Nativeint.cmsi,28067
2026-07-28T18:02:55Z,a160052ab46b811cc9a9b6484c69f255fe82d9d6,6342,size_in_bytes,lib/ocaml/stdlib__Printexc.cmsi,42920
2026-07-28T18:02:55Z,a160052ab46b811cc9a9b6484c69f255fe82d9d6,6342,size_in_bytes,lib/ocaml/stdlib__Lazy.cmsi,21169
2026-07-28T18:02:55Z,a160052ab46b811cc9a9b6484c69f255fe82d9d6,6342,size_in_bytes,lib/ocaml/stdlib__Bool.cmsi,16517
2026-07-28T18:02:55Z,a160052ab46b811cc9a9b6484c69f255fe82d9d6,6342,size_in_bytes,lib/ocaml/stdlib__Sys.cmsi,54887
2026-07-28T18:02:55Z,a160052ab46b811cc9a9b6484c69f255fe82d9d6,6342,size_in_bytes,lib/ocaml/stdlib__Domain.cmsi,35095
2026-07-28T18:02:55Z,a160052ab46b811cc9a9b6484c69f255fe82d9d6,6342,size_in_bytes,lib/ocaml/stdlib__Format.cmsi,128444
2026-07-28T18:02:55Z,a160052ab46b811cc9a9b6484c69f255fe82d9d6,6342,size_in_bytes,lib/ocaml/stdlib__Hashtbl.cmsi,60160
2026-07-28T18:02:55Z,a160052ab46b811cc9a9b6484c69f255fe82d9d6,6342,size_in_bytes,lib/ocaml/stdlib__Printf.cmsi,29097
2026-07-28T18:02:55Z,a160052ab46b811cc9a9b6484c69f255fe82d9d6,6342,size_in_bytes,lib/ocaml/stdlib__Ephemeron.cmsi,40122
2026-07-28T18:02:55Z,a160052ab46b811cc9a9b6484c69f255fe82d9d6,6342,size_in_bytes,lib/ocaml/stdlib__String.cmsi,46736
2026-07-28T18:02:55Z,a160052ab46b811cc9a9b6484c69f255fe82d9d6,6342,size_in_bytes,lib/ocaml/stdlib__Oo.cmsi,13570
2026-07-28T18:02:55Z,a160052ab46b811cc9a9b6484c69f255fe82d9d6,6342,size_in_bytes,lib/ocaml/std_exit.cmsi,11433
2026-07-28T18:02:55Z,a160052ab46b811cc9a9b6484c69f255fe82d9d6,6342,size_in_bytes,lib/ocaml/stdlib__Array.cmsi,42822
2026-07-28T18:02:55Z,a160052ab46b811cc9a9b6484c69f255fe82d9d6,6342,size_in_bytes,lib/ocaml/stdlib__Callback.cmsi,14522
2026-07-28T18:02:55Z,a160052ab46b811cc9a9b6484c69f255fe82d9d6,6342,size_in_bytes,lib/ocaml/stdlib__Modes.cmsi,13994
2026-07-28T18:02:55Z,a160052ab46b811cc9a9b6484c69f255fe82d9d6,6342,size_in_bytes,lib/ocaml/stdlib__Dynarray.cmsi,57975
2026-07-28T18:02:55Z,a160052ab46b811cc9a9b6484c69f255fe82d9d6,6342,size_in_bytes,lib/ocaml/camlinternalMod.cmsi,12237
2026-07-28T18:02:55Z,a160052ab46b811cc9a9b6484c69f255fe82d9d6,6342,size_in_bytes,lib/ocaml/stdlib_stable/stdlib_stable__Float32_u.cmsi,63052
2026-07-28T18:02:55Z,a160052ab46b811cc9a9b6484c69f255fe82d9d6,6342,size_in_bytes,lib/ocaml/stdlib_stable/stdlib_stable__IarrayLabels.cmsi,45421
2026-07-28T18:02:55Z,a160052ab46b811cc9a9b6484c69f255fe82d9d6,6342,size_in_bytes,lib/ocaml/stdlib_stable/stdlib_stable__Float32.cmsi,75876
2026-07-28T18:02:55Z,a160052ab46b811cc9a9b6484c69f255fe82d9d6,6342,size_in_bytes,lib/ocaml/stdlib_stable/stdlib_stable__Or_null.cmsi,17449
2026-07-28T18:02:55Z,a160052ab46b811cc9a9b6484c69f255fe82d9d6,6342,size_in_bytes,lib/ocaml/stdlib_stable/stdlib_stable__Idx_imm.cmsi,12945
2026-07-28T18:02:55Z,a160052ab46b811cc9a9b6484c69f255fe82d9d6,6342,size_in_bytes,lib/ocaml/stdlib_stable/stdlib_stable__Int8_u.cmsi,23470
2026-07-28T18:02:55Z,a160052ab46b811cc9a9b6484c69f255fe82d9d6,6342,size_in_bytes,lib/ocaml/stdlib_stable/stdlib_stable__Iarray.cmsi,30275
2026-07-28T18:02:55Z,a160052ab46b811cc9a9b6484c69f255fe82d9d6,6342,size_in_bytes,lib/ocaml/stdlib_stable/stdlib_stable__Idx_mut.cmsi,13573
2026-07-28T18:02:55Z,a160052ab46b811cc9a9b6484c69f255fe82d9d6,6342,size_in_bytes,lib/ocaml/stdlib_stable/stdlib_stable__Int16_u.cmsi,23507
2026-07-28T18:02:55Z,a160052ab46b811cc9a9b6484c69f255fe82d9d6,6342,size_in_bytes,lib/ocaml/stdlib_stable/stdlib_stable.cmsi,10900
2026-07-28T18:02:55Z,a160052ab46b811cc9a9b6484c69f255fe82d9d6,6342,size_in_bytes,lib/ocaml/stdlib_stable/stdlib_stable__Char_u.cmsi,14527
2026-07-28T18:02:55Z,a160052ab46b811cc9a9b6484c69f255fe82d9d6,6342,size_in_bytes,lib/ocaml/stdlib_stable/stdlib_stable__Int8.cmsi,23049
2026-07-28T18:02:55Z,a160052ab46b811cc9a9b6484c69f255fe82d9d6,6342,size_in_bytes,lib/ocaml/stdlib_stable/stdlib_stable__Int_u.cmsi,23134
2026-07-28T18:02:55Z,a160052ab46b811cc9a9b6484c69f255fe82d9d6,6342,size_in_bytes,lib/ocaml/stdlib_stable/stdlib_stable__Int.cmsi,24062
2026-07-28T18:02:55Z,a160052ab46b811cc9a9b6484c69f255fe82d9d6,6342,size_in_bytes,lib/ocaml/stdlib_stable/stdlib_stable__Int16.cmsi,23090
2026-07-28T18:02:55Z,a160052ab46b811cc9a9b6484c69f255fe82d9d6,6342,size_in_bytes,lib/ocaml/compiler-libs/flambda2_simplify__Upwards_acc.cmsi,22510
2026-07-28T18:02:55Z,a160052ab46b811cc9a9b6484c69f255fe82d9d6,6342,size_in_bytes,lib/ocaml/compiler-libs/flambda2_simplify__Unboxers.cmsi,16466
2026-07-28T18:02:55Z,a160052ab46b811cc9a9b6484c69f255fe82d9d6,6342,size_in_bytes,lib/ocaml/compiler-libs/flambda2_simplify__Simplify_coercion.cmsi,11771
2026-07-28T18:02:55Z,a160052ab46b811cc9a9b6484c69f255fe82d9d6,6342,size_in_bytes,lib/ocaml/compiler-libs/flambda2_reaper__Rebuild.cmsi,15702
2026-07-28T18:02:55Z,a160052ab46b811cc9a9b6484c69f255fe82d9d6,6342,size_in_bytes,lib/ocaml/compiler-libs/flambda2_simplify__Simplify_named_result.cmsi,13111
2026-07-28T18:02:55Z,a160052ab46b811cc9a9b6484c69f255fe82d9d6,6342,size_in_bytes,lib/ocaml/compiler-libs/flambda2_simplify_shared__Inlining_helpers.cmsi,15199
2026-07-28T18:02:55Z,a160052ab46b811cc9a9b6484c69f255fe82d9d6,6342,size_in_bytes,lib/ocaml/compiler-libs/flambda2_bound_identifiers__Alloc_mode.cmsi,21137
2026-07-28T18:02:55Z,a160052ab46b811cc9a9b6484c69f255fe82d9d6,6342,size_in_bytes,lib/ocaml/compiler-libs/flambda2_simplify__Inlining_transforms.cmsi,12168
2026-07-28T18:02:55Z,a160052ab46b811cc9a9b6484c69f255fe82d9d6,6342,size_in_bytes,lib/ocaml/compiler-libs/flambda2_terms__Probe.cmsi,11706
2026-07-28T18:02:55Z,a160052ab46b811cc9a9b6484c69f255fe82d9d6,6342,size_in_bytes,lib/ocaml/compiler-libs/flambda2_lattices__Or_bottom.cmsi,12423
2026-07-28T18:02:55Z,a160052ab46b811cc9a9b6484c69f255fe82d9d6,6342,size_in_bytes,lib/ocaml/compiler-libs/flambda2_simplify__Simplify_let_cont_expr.cmsi,12693
2026-07-28T18:02:55Z,a160052ab46b811cc9a9b6484c69f255fe82d9d6,6342,size_in_bytes,lib/ocaml/compiler-libs/flambda2_types__Provers.cmsi,43960
2026-07-28T18:02:55Z,a160052ab46b811cc9a9b6484c69f255fe82d9d6,6342,size_in_bytes,lib/ocaml/compiler-libs/flambda2_simplify__Continuation_extra_params_and_args.cmsi,16322
2026-07-28T18:02:55Z,a160052ab46b811cc9a9b6484c69f255fe82d9d6,6342,size_in_bytes,lib/ocaml/compiler-libs/flambda2_to_jsir__To_jsir_primitive.cmsi,13926
2026-07-28T18:02:55Z,a160052ab46b811cc9a9b6484c69f255fe82d9d6,6342,size_in_bytes,lib/ocaml/compiler-libs/flambda2_simplify__Simplify_named.cmsi,12695
2026-07-28T18:02:55Z,a160052ab46b811cc9a9b6484c69f255fe82d9d6,6342,size_in_bytes,lib/ocaml/compiler-libs/flambda2_terms__Validity.cmsi,17584
2026-07-28T18:02:55Z,a160052ab46b811cc9a9b6484c69f255fe82d9d6,6342,size_in_bytes,lib/ocaml/compiler-libs/flambda2_terms__Trap_action.cmsi,15587
2026-07-28T18:02:55Z,a160052ab46b811cc9a9b6484c69f255fe82d9d6,6342,size_in_bytes,lib/ocaml/compiler-libs/flambda2_simplify__Simplify_ternary_primitive.cmsi,12959
2026-07-28T18:02:55Z,a160052ab46b811cc9a9b6484c69f255fe82d9d6,6342,size_in_bytes,lib/ocaml/compiler-libs/flambda2_identifiers__Apply_cont_rewrite_id.cmsi,11542
2026-07-28T18:02:55Z,a160052ab46b811cc9a9b6484c69f255fe82d9d6,6342,size_in_bytes,lib/ocaml/compiler-libs/flambda2_types__Type_grammar.cmsi,110110
2026-07-28T18:02:55Z,a160052ab46b811cc9a9b6484c69f255fe82d9d6,6342,size_in_bytes,lib/ocaml/compiler-libs/flambda2_simplify__Simplify_expr.cmsi,15384
2026-07-28T18:02:55Z,a160052ab46b811cc9a9b6484c69f255fe82d9d6,6342,size_in_bytes,lib/ocaml/compiler-libs/flambda2_terms__Inlined_attribute.cmsi,13350
2026-07-28T18:02:55Z,a160052ab46b811cc9a9b6484c69f255fe82d9d6,6342,size_in_bytes,lib/ocaml/compiler-libs/flambda2_to_jsir__To_jsir_static_const.cmsi,15755
2026-07-28T18:02:55Z,a160052ab46b811cc9a9b6484c69f255fe82d9d6,6342,size_in_bytes,lib/ocaml/compiler-libs/flambda2_simplify__Lifted_constant_state.cmsi,13588
2026-07-28T18:02:55Z,a160052ab46b811cc9a9b6484c69f255fe82d9d6,6342,size_in_bytes,lib/ocaml/compiler-libs/flambda2_simplify__One_continuation_use.cmsi,13097
2026-07-28T18:02:55Z,a160052ab46b811cc9a9b6484c69f255fe82d9d6,6342,size_in_bytes,lib/ocaml/compiler-libs/flambda2_simplify_shared__Are_rebuilding_terms.cmsi,12475
2026-07-28T18:02:55Z,a160052ab46b811cc9a9b6484c69f255fe82d9d6,6342,size_in_bytes,lib/ocaml/compiler-libs/flambda2_identifiers__Code_id_or_symbol.cmsi,11163
2026-07-28T18:02:55Z,a160052ab46b811cc9a9b6484c69f255fe82d9d6,6342,size_in_bytes,lib/ocaml/compiler-libs/flambda2_simplify__Non_recursive_handler.cmsi,13356
2026-07-28T18:02:55Z,a160052ab46b811cc9a9b6484c69f255fe82d9d6,6342,size_in_bytes,lib/ocaml/compiler-libs/flambda2_to_cmm__To_cmm_shared.cmsi,30776
2026-07-28T18:02:55Z,a160052ab46b811cc9a9b6484c69f255fe82d9d6,6342,size_in_bytes,lib/ocaml/compiler-libs/flambda2_simplify__Specialization_cost.cmsi,17075
2026-07-28T18:02:55Z,a160052ab46b811cc9a9b6484c69f255fe82d9d6,6342,size_in_bytes,lib/ocaml/compiler-libs/flambda2_algorithms__Patricia_tree.cmsi,12306
2026-07-28T18:02:55Z,a160052ab46b811cc9a9b6484c69f255fe82d9d6,6342,size_in_bytes,lib/ocaml/compiler-libs/flambda2_algorithms__Channel.cmsi,13803
2026-07-28T18:02:55Z,a160052ab46b811cc9a9b6484c69f255fe82d9d6,6342,size_in_bytes,lib/ocaml/compiler-libs/flambda2_simplify__Number_adjuncts.cmsi,24747
2026-07-28T18:02:55Z,a160052ab46b811cc9a9b6484c69f255fe82d9d6,6342,size_in_bytes,lib/ocaml/compiler-libs/flambda2_reaper__Reaper.cmsi,12488
2026-07-28T18:02:55Z,a160052ab46b811cc9a9b6484c69f255fe82d9d6,6342,size_in_bytes,lib/ocaml/compiler-libs/flambda2.cmsi,15005
2026-07-28T18:02:55Z,a160052ab46b811cc9a9b6484c69f255fe82d9d6,6342,size_in_bytes,lib/ocaml/compiler-libs/flambda2_identifiers__Continuation_callsite_map.cmsi,13524
2026-07-28T18:02:55Z,a160052ab46b811cc9a9b6484c69f255fe82d9d6,6342,size_in_bytes,lib/ocaml/compiler-libs/flambda2_simplify__Rebuilt_expr.cmsi,21765
2026-07-28T18:02:55Z,a160052ab46b811cc9a9b6484c69f255fe82d9d6,6342,size_in_bytes,lib/ocaml/compiler-libs/flambda2_simplify__Comparison_result.cmsi,12156
2026-07-28T18:02:55Z,a160052ab46b811cc9a9b6484c69f255fe82d9d6,6342,size_in_bytes,lib/ocaml/compiler-libs/flambda2_simplify__Simplify_switch_expr.cmsi,11769
2026-07-28T18:02:55Z,a160052ab46b811cc9a9b6484c69f255fe82d9d6,6342,size_in_bytes,lib/ocaml/compiler-libs/flambda2_simplify__Closure_info.cmsi,13434
2026-07-28T18:02:55Z,a160052ab46b811cc9a9b6484c69f255fe82d9d6,6342,size_in_bytes,lib/ocaml/compiler-libs/flambda2_to_jsir__To_jsir_shared.cmsi,19881
2026-07-28T18:02:55Z,a160052ab46b811cc9a9b6484c69f255fe82d9d6,6342,size_in_bytes,lib/ocaml/compiler-libs/flambda2_simplify_shared__Inlining_report.cmsi,19518
2026-07-28T18:02:55Z,a160052ab46b811cc9a9b6484c69f255fe82d9d6,6342,size_in_bytes,lib/ocaml/compiler-libs/flambda2_term_basics__Symbol_projection.cmsi,14412
2026-07-28T18:02:55Z,a160052ab46b811cc9a9b6484c69f255fe82d9d6,6342,size_in_bytes,lib/ocaml/compiler-libs/flambda2_simplify__Mutable_unboxing.cmsi,13080
2026-07-28T18:02:55Z,a160052ab46b811cc9a9b6484c69f255fe82d9d6,6342,size_in_bytes,lib/ocaml/compiler-libs/flambda2_types__Join_env.cmsi,17134
2026-07-28T18:02:55Z,a160052ab46b811cc9a9b6484c69f255fe82d9d6,6342,size_in_bytes,lib/ocaml/compiler-libs/flambda2_simplify__Simplify_let_expr.cmsi,12072
2026-07-28T18:02:55Z,a160052ab46b811cc9a9b6484c69f255fe82d9d6,6342,size_in_bytes,lib/ocaml/compiler-libs/flambda2_terms__Inlining_state.cmsi,12996
2026-07-28T18:02:55Z,a160052ab46b811cc9a9b6484c69f255fe82d9d6,6342,size_in_bytes,lib/ocaml/compiler-libs/flambda2_simplify__Simplify_simple.cmsi,13334
2026-07-28T18:02:55Z,a160052ab46b811cc9a9b6484c69f255fe82d9d6,6342,size_in_bytes,lib/ocaml/compiler-libs/flambda2_simplify__Simplified_named.cmsi,16179
2026-07-28T18:02:55Z,a160052ab46b811cc9a9b6484c69f255fe82d9d6,6342,size_in_bytes,lib/ocaml/compiler-libs/flambda2_simplify__Simplify_unary_primitive.cmsi,12615
2026-07-28T18:02:55Z,a160052ab46b811cc9a9b6484c69f255fe82d9d6,6342,size_in_bytes,lib/ocaml/compiler-libs/flambda2_numbers__Or_infinity.cmsi,11648
2026-07-28T18:02:55Z,a160052ab46b811cc9a9b6484c69f255fe82d9d6,6342,size_in_bytes,lib/ocaml/compiler-libs/flambda2_simplify__Apply_cont_rewrite.cmsi,15686
2026-07-28T18:02:55Z,a160052ab46b811cc9a9b6484c69f255fe82d9d6,6342,size_in_bytes,lib/ocaml/compiler-libs/flambda2_simplify__Build_unboxing_denv.cmsi,12247
2026-07-28T18:02:55Z,a160052ab46b811cc9a9b6484c69f255fe82d9d6,6342,size_in_bytes,lib/ocaml/compiler-libs/flambda2_types__Set_of_closures_contents.cmsi,14650
2026-07-28T18:02:55Z,a160052ab46b811cc9a9b6484c69f255fe82d9d6,6342,size_in_bytes,lib/ocaml/compiler-libs/flambda2_nominal__Name_mode.cmsi,15689
2026-07-28T18:02:55Z,a160052ab46b811cc9a9b6484c69f255fe82d9d6,6342,size_in_bytes,lib/ocaml/compiler-libs/flambda2_bound_identifiers__Bound_parameter.cmsi,14783
2026-07-28T18:02:55Z,a160052ab46b811cc9a9b6484c69f255fe82d9d6,6342,size_in_bytes,lib/ocaml/compiler-libs/flambda2_terms__Code_or_metadata.cmsi,15655
2026-07-28T18:02:55Z,a160052ab46b811cc9a9b6484c69f255fe82d9d6,6342,size_in_bytes,lib/ocaml/compiler-libs/flambda2_simplify__Call_site_inlining_decision.cmsi,12895
2026-07-28T18:02:55Z,a160052ab46b811cc9a9b6484c69f255fe82d9d6,6342,size_in_bytes,lib/ocaml/compiler-libs/flambda2_from_lambda__Lambda_to_lambda_transforms.cmsi,14787
2026-07-28T18:02:55Z,a160052ab46b811cc9a9b6484c69f255fe82d9d6,6342,size_in_bytes,lib/ocaml/compiler-libs/flambda2_simplify__Replay_history.cmsi,20965
2026-07-28T18:02:55Z,a160052ab46b811cc9a9b6484c69f255fe82d9d6,6342,size_in_bytes,lib/ocaml/compiler-libs/flambda2_to_cmm__To_cmm_expr.cmsi,12232
2026-07-28T18:02:55Z,a160052ab46b811cc9a9b6484c69f255fe82d9d6,6342,size_in_bytes,lib/ocaml/compiler-libs/flambda2_terms__Regalloc_attribute.cmsi,12225
2026-07-28T18:02:55Z,a160052ab46b811cc9a9b6484c69f255fe82d9d6,6342,size_in_bytes,lib/ocaml/compiler-libs/flambda2_nominal__Name_occurrences.cmsi,30650
2026-07-28T18:02:55Z,a160052ab46b811cc9a9b6484c69f255fe82d9d6,6342,size_in_bytes,lib/ocaml/compiler-libs/flambda2_parser__Fexpr_prim_descr.cmsi,33607
2026-07-28T18:02:55Z,a160052ab46b811cc9a9b6484c69f255fe82d9d6,6342,size_in_bytes,lib/ocaml/compiler-libs/flambda2_simplify_shared__Call_site_inlining_decision_type.cmsi,14060
2026-07-28T18:02:55Z,a160052ab46b811cc9a9b6484c69f255fe82d9d6,6342,size_in_bytes,lib/ocaml/compiler-libs/flambda2_terms__Function_decl_inlining_decision_type.cmsi,14460
2026-07-28T18:02:55Z,a160052ab46b811cc9a9b6484c69f255fe82d9d6,6342,size_in_bytes,lib/ocaml/compiler-libs/flambda2_parser__Flambda_parser.cmsi,18021
2026-07-28T18:02:55Z,a160052ab46b811cc9a9b6484c69f255fe82d9d6,6342,size_in_bytes,lib/ocaml/compiler-libs/flambda2_types__Code_age_relation.cmsi,15268
2026-07-28T18:02:55Z,a160052ab46b811cc9a9b6484c69f255fe82d9d6,6342,size_in_bytes,lib/ocaml/compiler-libs/flambda2_to_jsir__To_jsir.cmsi,12972
2026-07-28T18:02:55Z,a160052ab46b811cc9a9b6484c69f255fe82d9d6,6342,size_in_bytes,lib/ocaml/compiler-libs/flambda2_simplify__Control_flow_graph.cmsi,15807
2026-07-28T18:02:55Z,a160052ab46b811cc9a9b6484c69f255fe82d9d6,6342,size_in_bytes,lib/ocaml/compiler-libs/flambda2_identifiers__Value_slot.cmsi,12003
2026-07-28T18:02:55Z,a160052ab46b811cc9a9b6484c69f255fe82d9d6,6342,size_in_bytes,lib/ocaml/compiler-libs/flambda2_simplify__Named_rewrite.cmsi,13940
2026-07-28T18:02:55Z,a160052ab46b811cc9a9b6484c69f255fe82d9d6,6342,size_in_bytes,lib/ocaml/compiler-libs/flambda2_bound_identifiers__Bound_continuations.cmsi,12112
2026-07-28T18:02:55Z,a160052ab46b811cc9a9b6484c69f255fe82d9d6,6342,size_in_bytes,lib/ocaml/compiler-libs/flambda2_terms__Flambda_unit.cmsi,14903
2026-07-28T18:02:55Z,a160052ab46b811cc9a9b6484c69f255fe82d9d6,6342,size_in_bytes,lib/ocaml/compiler-libs/flambda2_reaper__Traverse_env.cmsi,18903
2026-07-28T18:02:55Z,a160052ab46b811cc9a9b6484c69f255fe82d9d6,6342,size_in_bytes,lib/ocaml/compiler-libs/flambda2_terms__Set_of_closures.cmsi,14567
2026-07-28T18:02:55Z,a160052ab46b811cc9a9b6484c69f255fe82d9d6,6342,size_in_bytes,lib/ocaml/compiler-libs/flambda2_types__Type_descr.cmsi,18171
2026-07-28T18:02:55Z,a160052ab46b811cc9a9b6484c69f255fe82d9d6,6342,size_in_bytes,lib/ocaml/compiler-libs/flambda2_datalog__Cursor.cmsi,25980
2026-07-28T18:02:55Z,a160052ab46b811cc9a9b6484c69f255fe82d9d6,6342,size_in_bytes,lib/ocaml/compiler-libs/flambda2_kinds__Tag.cmsi,16985
2026-07-28T18:02:55Z,a160052ab46b811cc9a9b6484c69f255fe82d9d6,6342,size_in_bytes,lib/ocaml/compiler-libs/flambda2_term_basics__Or_invalid.cmsi,11940
2026-07-28T18:02:55Z,a160052ab46b811cc9a9b6484c69f255fe82d9d6,6342,size_in_bytes,lib/ocaml/compiler-libs/flambda2_nominal__Ids_for_export.cmsi,15961
2026-07-28T18:02:55Z,a160052ab46b811cc9a9b6484c69f255fe82d9d6,6342,size_in_bytes,lib/ocaml/compiler-libs/flambda2_types__Meet_and_n_way_join.cmsi,13184
2026-07-28T18:02:55Z,a160052ab46b811cc9a9b6484c69f255fe82d9d6,6342,size_in_bytes,lib/ocaml/compiler-libs/flambda2_from_lambda__Closure_conversion.cmsi,21176
2026-07-28T18:02:55Z,a160052ab46b811cc9a9b6484c69f255fe82d9d6,6342,size_in_bytes,lib/ocaml/compiler-libs/flambda2_types__Meet.cmsi,12498
2026-07-28T18:02:55Z,a160052ab46b811cc9a9b6484c69f255fe82d9d6,6342,size_in_bytes,lib/ocaml/compiler-libs/flambda2_simplify__Common_subexpression_elimination.cmsi,15609
2026-07-28T18:02:55Z,a160052ab46b811cc9a9b6484c69f255fe82d9d6,6342,size_in_bytes,lib/ocaml/compiler-libs/flambda2_term_basics__Or_variable.cmsi,13495
2026-07-28T18:02:55Z,a160052ab46b811cc9a9b6484c69f255fe82d9d6,6342,size_in_bytes,lib/ocaml/compiler-libs/flambda2_reaper__Unboxing_analysis.cmsi,15723
2026-07-28T18:02:55Z,a160052ab46b811cc9a9b6484c69f255fe82d9d6,6342,size_in_bytes,lib/ocaml/compiler-libs/flambda2_simplify__Original_handlers.cmsi,13668
2026-07-28T18:02:55Z,a160052ab46b811cc9a9b6484c69f255fe82d9d6,6342,size_in_bytes,lib/ocaml/compiler-libs/flambda2_identifiers__Code_id.cmsi,11328
2026-07-28T18:02:55Z,a160052ab46b811cc9a9b6484c69f255fe82d9d6,6342,size_in_bytes,lib/ocaml/compiler-libs/flambda2_from_lambda__Lambda_to_flambda.cmsi,12728
2026-07-28T18:02:55Z,a160052ab46b811cc9a9b6484c69f255fe82d9d6,6342,size_in_bytes,lib/ocaml/compiler-libs/flambda2_types__Meet_and_join.cmsi,13231
2026-07-28T18:02:55Z,a160052ab46b811cc9a9b6484c69f255fe82d9d6,6342,size_in_bytes,lib/ocaml/compiler-libs/flambda2_terms__Inlining_history.cmsi,20476
2026-07-28T18:02:55Z,a160052ab46b811cc9a9b6484c69f255fe82d9d6,6342,size_in_bytes,lib/ocaml/compiler-libs/flambda2_types__Join_levels.cmsi,13058
2026-07-28T18:02:55Z,a160052ab46b811cc9a9b6484c69f255fe82d9d6,6342,size_in_bytes,lib/ocaml/compiler-libs/flambda2_terms__Call_kind.cmsi,23800
2026-07-28T18:02:55Z,a160052ab46b811cc9a9b6484c69f255fe82d9d6,6342,size_in_bytes,lib/ocaml/compiler-libs/flambda2_cmx__Flambda_cmx_format.cmsi,14270
2026-07-28T18:02:55Z,a160052ab46b811cc9a9b6484c69f255fe82d9d6,6342,size_in_bytes,lib/ocaml/compiler-libs/flambda2_term_basics__Scope.cmsi,12589
2026-07-28T18:02:55Z,a160052ab46b811cc9a9b6484c69f255fe82d9d6,6342,size_in_bytes,lib/ocaml/compiler-libs/flambda2_parser__Flambda_parser_messages.cmsi,9944
2026-07-28T18:02:55Z,a160052ab46b811cc9a9b6484c69f255fe82d9d6,6342,size_in_bytes,lib/ocaml/compiler-libs/flambda2_bound_identifiers__Bound_static.cmsi,16663
2026-07-28T18:02:55Z,a160052ab46b811cc9a9b6484c69f255fe82d9d6,6342,size_in_bytes,lib/ocaml/compiler-libs/flambda2_ui__Flambda_features.cmsi,19083
2026-07-28T18:02:55Z,a160052ab46b811cc9a9b6484c69f255fe82d9d6,6342,size_in_bytes,lib/ocaml/compiler-libs/flambda2_terms__Apply_expr.cmsi,22544
2026-07-28T18:02:55Z,a160052ab46b811cc9a9b6484c69f255fe82d9d6,6342,size_in_bytes,lib/ocaml/compiler-libs/flambda2_simplify__Downwards_env.cmsi,37047
2026-07-28T18:02:55Z,a160052ab46b811cc9a9b6484c69f255fe82d9d6,6342,size_in_bytes,lib/ocaml/compiler-libs/flambda2_identifiers__Code_id_or_name.cmsi,11579
2026-07-28T18:02:55Z,a160052ab46b811cc9a9b6484c69f255fe82d9d6,6342,size_in_bytes,lib/ocaml/compiler-libs/flambda2_terms__Regalloc_param_attribute.cmsi,12255
2026-07-28T18:02:55Z,a160052ab46b811cc9a9b6484c69f255fe82d9d6,6342,size_in_bytes,lib/ocaml/compiler-libs/flambda2_reaper__Rebuilt_expr.cmsi,15059
2026-07-28T18:02:55Z,a160052ab46b811cc9a9b6484c69f255fe82d9d6,6342,size_in_bytes,lib/ocaml/compiler-libs/flambda2_algorithms__Leapfrog.cmsi,19415
2026-07-28T18:02:55Z,a160052ab46b811cc9a9b6484c69f255fe82d9d6,6342,size_in_bytes,lib/ocaml/compiler-libs/flambda2_numbers__Targetint_32_64.cmsi,32259
2026-07-28T18:02:55Z,a160052ab46b811cc9a9b6484c69f255fe82d9d6,6342,size_in_bytes,lib/ocaml/compiler-libs/flambda2_identifiers__Named_rewrite_id.cmsi,11532
2026-07-28T18:02:55Z,a160052ab46b811cc9a9b6484c69f255fe82d9d6,6342,size_in_bytes,lib/ocaml/compiler-libs/flambda2_simplify__Optimistic_unboxing_decision.cmsi,13050
2026-07-28T18:02:55Z,a160052ab46b811cc9a9b6484c69f255fe82d9d6,6342,size_in_bytes,lib/ocaml/compiler-libs/flambda2_terms__Code_size.cmsi,14808
2026-07-28T18:02:55Z,a160052ab46b811cc9a9b6484c69f255fe82d9d6,6342,size_in_bytes,lib/ocaml/compiler-libs/flambda2_terms__Effects_and_coeffects.cmsi,14650
2026-07-28T18:02:55Z,a160052ab46b811cc9a9b6484c69f255fe82d9d6,6342,size_in_bytes,lib/ocaml/compiler-libs/flambda2_simplify__Simplify_extcall.cmsi,12828
2026-07-28T18:02:55Z,a160052ab46b811cc9a9b6484c69f255fe82d9d6,6342,size_in_bytes,lib/ocaml/compiler-libs/flambda2_to_jsir__To_jsir_env.cmsi,31632
2026-07-28T18:02:55Z,a160052ab46b811cc9a9b6484c69f255fe82d9d6,6342,size_in_bytes,lib/ocaml/compiler-libs/flambda2_simplify__Simplify_set_of_closures_context.cmsi,16162
2026-07-28T18:02:55Z,a160052ab46b811cc9a9b6484c69f255fe82d9d6,6342,size_in_bytes,lib/ocaml/compiler-libs/flambda2_datalog__Table.cmsi,15253
2026-07-28T18:02:55Z,a160052ab46b811cc9a9b6484c69f255fe82d9d6,6342,size_in_bytes,lib/ocaml/compiler-libs/flambda2_parser__Fexpr_to_flambda.cmsi,10696
2026-07-28T18:02:55Z,a160052ab46b811cc9a9b6484c69f255fe82d9d6,6342,size_in_bytes,lib/ocaml/compiler-libs/flambda2_simplify__Unbox_continuation_params.cmsi,13499
2026-07-28T18:02:55Z,a160052ab46b811cc9a9b6484c69f255fe82d9d6,6342,size_in_bytes,lib/ocaml/compiler-libs/flambda2_terms__Code.cmsi,15717
2026-07-28T18:02:55Z,a160052ab46b811cc9a9b6484c69f255fe82d9d6,6342,size_in_bytes,lib/ocaml/compiler-libs/flambda2_reaper__Cofield.cmsi,11841
2026-07-28T18:02:55Z,a160052ab46b811cc9a9b6484c69f255fe82d9d6,6342,size_in_bytes,lib/ocaml/compiler-libs/flambda2_ui__Flambda_colours.cmsi,15745
2026-07-28T18:02:55Z,a160052ab46b811cc9a9b6484c69f255fe82d9d6,6342,size_in_bytes,lib/ocaml/compiler-libs/flambda2_kinds__Flambda_arity.cmsi,21522
2026-07-28T18:02:55Z,a160052ab46b811cc9a9b6484c69f255fe82d9d6,6342,size_in_bytes,lib/ocaml/compiler-libs/flambda2_simplify_shared__Exported_offsets.cmsi,18473
2026-07-28T18:02:55Z,a160052ab46b811cc9a9b6484c69f255fe82d9d6,6342,size_in_bytes,lib/ocaml/compiler-libs/flambda2_reaper__Analysis.cmsi,14873
2026-07-28T18:02:55Z,a160052ab46b811cc9a9b6484c69f255fe82d9d6,6342,size_in_bytes,lib/ocaml/compiler-libs/flambda2_simplify__Dominator_graph.cmsi,15291
2026-07-28T18:02:55Z,a160052ab46b811cc9a9b6484c69f255fe82d9d6,6342,size_in_bytes,lib/ocaml/compiler-libs/flambda2_types__Join_levels_old.cmsi,12804
2026-07-28T18:02:55Z,a160052ab46b811cc9a9b6484c69f255fe82d9d6,6342,size_in_bytes,lib/ocaml/compiler-libs/flambda2_simplify__Non_constructed_code.cmsi,13192
2026-07-28T18:02:55Z,a160052ab46b811cc9a9b6484c69f255fe82d9d6,6342,size_in_bytes,lib/ocaml/compiler-libs/flambda2_simplify__One_recursive_handler.cmsi,12499
2026-07-28T18:02:55Z,a160052ab46b811cc9a9b6484c69f255fe82d9d6,6342,size_in_bytes,lib/ocaml/compiler-libs/flambda2_terms__Switch_expr.cmsi,15634
2026-07-28T18:02:55Z,a160052ab46b811cc9a9b6484c69f255fe82d9d6,6342,size_in_bytes,lib/ocaml/compiler-libs/flambda2_simplify__Flow.cmsi,23290
2026-07-28T18:02:55Z,a160052ab46b811cc9a9b6484c69f255fe82d9d6,6342,size_in_bytes,lib/ocaml/compiler-libs/flambda2_simplify__Simplify_apply_cont_expr.cmsi,11785
2026-07-28T18:02:55Z,a160052ab46b811cc9a9b6484c69f255fe82d9d6,6342,size_in_bytes,lib/ocaml/compiler-libs/flambda2_types__Typing_env.cmsi,29948
2026-07-28T18:02:55Z,a160052ab46b811cc9a9b6484c69f255fe82d9d6,6342,size_in_bytes,lib/ocaml/compiler-libs/flambda2_types__Expand_head.cmsi,27453
2026-07-28T18:02:55Z,a160052ab46b811cc9a9b6484c69f255fe82d9d6,6342,size_in_bytes,lib/ocaml/compiler-libs/flambda2_datalog__Datalog.cmsi,16672
2026-07-28T18:02:55Z,a160052ab46b811cc9a9b6484c69f255fe82d9d6,6342,size_in_bytes,lib/ocaml/compiler-libs/flambda2_terms__Removed_operations.cmsi,13023
2026-07-28T18:02:55Z,a160052ab46b811cc9a9b6484c69f255fe82d9d6,6342,size_in_bytes,lib/ocaml/compiler-libs/flambda2_to_cmm__To_cmm_static.cmsi,13235
2026-07-28T18:02:55Z,a160052ab46b811cc9a9b6484c69f255fe82d9d6,6342,size_in_bytes,lib/ocaml/compiler-libs/flambda2_types__With_cached_free_names.cmsi,14319
2026-07-28T18:02:55Z,a160052ab46b811cc9a9b6484c69f255fe82d9d6,6342,size_in_bytes,lib/ocaml/compiler-libs/flambda2_bound_identifiers__Bound_continuation.cmsi,11949
2026-07-28T18:02:55Z,a160052ab46b811cc9a9b6484c69f255fe82d9d6,6342,size_in_bytes,lib/ocaml/compiler-libs/flambda2_terms__Cost_metrics.cmsi,13976
2026-07-28T18:02:55Z,a160052ab46b811cc9a9b6484c69f255fe82d9d6,6342,size_in_bytes,lib/ocaml/compiler-libs/flambda2_bound_identifiers__Bound_var.cmsi,13041
2026-07-28T18:02:55Z,a160052ab46b811cc9a9b6484c69f255fe82d9d6,6342,size_in_bytes,lib/ocaml/compiler-libs/flambda2_simplify__Simplify_static_const.cmsi,12603
2026-07-28T18:02:55Z,a160052ab46b811cc9a9b6484c69f255fe82d9d6,6342,size_in_bytes,lib/ocaml/compiler-libs/flambda2_reaper__Field.cmsi,17571
2026-07-28T18:02:55Z,a160052ab46b811cc9a9b6484c69f255fe82d9d6,6342,size_in_bytes,lib/ocaml/compiler-libs/flambda2_to_cmm__To_cmm_effects.cmsi,18459
2026-07-28T18:02:55Z,a160052ab46b811cc9a9b6484c69f255fe82d9d6,6342,size_in_bytes,lib/ocaml/compiler-libs/flambda2_simplify__Simplify_nullary_primitive.cmsi,12296
2026-07-28T18:02:55Z,a160052ab46b811cc9a9b6484c69f255fe82d9d6,6342,size_in_bytes,lib/ocaml/compiler-libs/flambda2_simplify__Downwards_acc.cmsi,27888
2026-07-28T18:02:55Z,a160052ab46b811cc9a9b6484c69f255fe82d9d6,6342,size_in_bytes,lib/ocaml/compiler-libs/flambda2_from_lambda__Lambda_to_flambda_primitives.cmsi,13591
2026-07-28T18:02:55Z,a160052ab46b811cc9a9b6484c69f255fe82d9d6,6342,size_in_bytes,lib/ocaml/compiler-libs/flambda2_identifiers__Function_slot.cmsi,12347
2026-07-28T18:02:55Z,a160052ab46b811cc9a9b6484c69f255fe82d9d6,6342,size_in_bytes,lib/ocaml/compiler-libs/flambda2_simplify__Rebuilt_static_const.cmsi,32087
2026-07-28T18:02:55Z,a160052ab46b811cc9a9b6484c69f255fe82d9d6,6342,size_in_bytes,lib/ocaml/compiler-libs/flambda2_datalog__Trie.cmsi,15609
2026-07-28T18:02:55Z,a160052ab46b811cc9a9b6484c69f255fe82d9d6,6342,size_in_bytes,lib/ocaml/compiler-libs/flambda2_reaper__Traverse_acc.cmsi,38588
2026-07-28T18:02:55Z,a160052ab46b811cc9a9b6484c69f255fe82d9d6,6342,size_in_bytes,lib/ocaml/compiler-libs/flambda2_term_basics__Empty_array_kind.cmsi,12903
2026-07-28T18:02:55Z,a160052ab46b811cc9a9b6484c69f255fe82d9d6,6342,size_in_bytes,lib/ocaml/compiler-libs/flambda2_cmx__Exported_code.cmsi,16316
2026-07-28T18:02:55Z,a160052ab46b811cc9a9b6484c69f255fe82d9d6,6342,size_in_bytes,lib/ocaml/compiler-libs/flambda2_types__Aliases.cmsi,25462
2026-07-28T18:02:55Z,a160052ab46b811cc9a9b6484c69f255fe82d9d6,6342,size_in_bytes,lib/ocaml/compiler-libs/flambda2_from_lambda__Lambda_to_flambda_primitives_helpers.cmsi,19464
2026-07-28T18:02:55Z,a160052ab46b811cc9a9b6484c69f255fe82d9d6,6342,size_in_bytes,lib/ocaml/compiler-libs/flambda2_identifiers__Symbol.cmsi,11788
2026-07-28T18:02:55Z,a160052ab46b811cc9a9b6484c69f255fe82d9d6,6342,size_in_bytes,lib/ocaml/compiler-libs/flambda2_simplify__Flow_acc.cmsi,23121
2026-07-28T18:02:55Z,a160052ab46b811cc9a9b6484c69f255fe82d9d6,6342,size_in_bytes,lib/ocaml/compiler-libs/flambda2_reaper__Global_flow_graph.cmsi,24326
2026-07-28T18:02:55Z,a160052ab46b811cc9a9b6484c69f255fe82d9d6,6342,size_in_bytes,lib/ocaml/compiler-libs/flambda2_to_cmm__To_cmm_primitive.cmsi,13527
2026-07-28T18:02:55Z,a160052ab46b811cc9a9b6484c69f255fe82d9d6,6342,size_in_bytes,lib/ocaml/compiler-libs/flambda2_term_basics__Simple.cmsi,21781
2026-07-28T18:02:55Z,a160052ab46b811cc9a9b6484c69f255fe82d9d6,6342,size_in_bytes,lib/ocaml/compiler-libs/flambda2_terms__Poll_attribute.cmsi,12000
2026-07-28T18:02:55Z,a160052ab46b811cc9a9b6484c69f255fe82d9d6,6342,size_in_bytes,lib/ocaml/compiler-libs/flambda2_datalog__Virtual_machine.cmsi,19941
2026-07-28T18:02:55Z,a160052ab46b811cc9a9b6484c69f255fe82d9d6,6342,size_in_bytes,lib/ocaml/compiler-libs/flambda2_numbers__Target_ocaml_int.cmsi,31679
2026-07-28T18:02:55Z,a160052ab46b811cc9a9b6484c69f255fe82d9d6,6342,size_in_bytes,lib/ocaml/compiler-libs/flambda2_identifiers__Int_ids.cmsi,37905
2026-07-28T18:02:55Z,a160052ab46b811cc9a9b6484c69f255fe82d9d6,6342,size_in_bytes,lib/ocaml/compiler-libs/flambda2_numbers__One_bit_fewer.cmsi,17580
2026-07-28T18:02:55Z,a160052ab46b811cc9a9b6484c69f255fe82d9d6,6342,size_in_bytes,lib/ocaml/compiler-libs/flambda2_terms__Code0.cmsi,15146
2026-07-28T18:02:55Z,a160052ab46b811cc9a9b6484c69f255fe82d9d6,6342,size_in_bytes,lib/ocaml/compiler-libs/flambda2_identifiers__Variable.cmsi,12505
2026-07-28T18:02:55Z,a160052ab46b811cc9a9b6484c69f255fe82d9d6,6342,size_in_bytes,lib/ocaml/compiler-libs/flambda2_to_cmm__To_cmm_env.cmsi,46162
2026-07-28T18:02:55Z,a160052ab46b811cc9a9b6484c69f255fe82d9d6,6342,size_in_bytes,lib/ocaml/compiler-libs/flambda2_reaper__Points_to_analysis.cmsi,28377
2026-07-28T18:02:55Z,a160052ab46b811cc9a9b6484c69f255fe82d9d6,6342,size_in_bytes,lib/ocaml/compiler-libs/flambda2_term_basics__Rec_info_expr.cmsi,12209
2026-07-28T18:02:55Z,a160052ab46b811cc9a9b6484c69f255fe82d9d6,6342,size_in_bytes,lib/ocaml/compiler-libs/flambda2_datalog.cmsi,53925
2026-07-28T18:02:55Z,a160052ab46b811cc9a9b6484c69f255fe82d9d6,6342,size_in_bytes,lib/ocaml/compiler-libs/flambda2_nominal__Permutation.cmsi,12908
2026-07-28T18:02:55Z,a160052ab46b811cc9a9b6484c69f255fe82d9d6,6342,size_in_bytes,lib/ocaml/compiler-libs/flambda2_algorithms__Lmap.cmsi,20275
2026-07-28T18:02:55Z,a160052ab46b811cc9a9b6484c69f255fe82d9d6,6342,size_in_bytes,lib/ocaml/compiler-libs/flambda2_term_basics__Unit.cmsi,11782
2026-07-28T18:02:55Z,a160052ab46b811cc9a9b6484c69f255fe82d9d6,6342,size_in_bytes,lib/ocaml/compiler-libs/flambda2_term_basics__Inlined_debuginfo.cmsi,24407
2026-07-28T18:02:55Z,a160052ab46b811cc9a9b6484c69f255fe82d9d6,6342,size_in_bytes,lib/ocaml/compiler-libs/flambda2_terms__First_complex_local_param.cmsi,13241
2026-07-28T18:02:55Z,a160052ab46b811cc9a9b6484c69f255fe82d9d6,6342,size_in_bytes,lib/ocaml/compiler-libs/flambda2_terms__Loopify_attribute.cmsi,11924
2026-07-28T18:02:55Z,a160052ab46b811cc9a9b6484c69f255fe82d9d6,6342,size_in_bytes,lib/ocaml/compiler-libs/flambda2_simplify__Flow_analysis.cmsi,15242
2026-07-28T18:02:55Z,a160052ab46b811cc9a9b6484c69f255fe82d9d6,6342,size_in_bytes,lib/ocaml/compiler-libs/flambda2_terms__Inlining_arguments.cmsi,13621
2026-07-28T18:02:55Z,a160052ab46b811cc9a9b6484c69f255fe82d9d6,6342,size_in_bytes,lib/ocaml/compiler-libs/flambda2_term_basics__String_info.cmsi,12271
2026-07-28T18:02:55Z,a160052ab46b811cc9a9b6484c69f255fe82d9d6,6342,size_in_bytes,lib/ocaml/compiler-libs/flambda2_reaper__Types_rewriter.cmsi,14330
2026-07-28T18:02:55Z,a160052ab46b811cc9a9b6484c69f255fe82d9d6,6342,size_in_bytes,lib/ocaml/compiler-libs/flambda2_simplify__Continuation_in_env.cmsi,14720
2026-07-28T18:02:55Z,a160052ab46b811cc9a9b6484c69f255fe82d9d6,6342,size_in_bytes,lib/ocaml/compiler-libs/flambda2_simplify__Lifted_cont_params.cmsi,18109
2026-07-28T18:02:55Z,a160052ab46b811cc9a9b6484c69f255fe82d9d6,6342,size_in_bytes,lib/ocaml/compiler-libs/flambda2_terms__Apply_cont_expr.cmsi,14998
2026-07-28T18:02:55Z,a160052ab46b811cc9a9b6484c69f255fe82d9d6,6342,size_in_bytes,lib/ocaml/compiler-libs/flambda2_parser__Flambda_to_fexpr.cmsi,10143
2026-07-28T18:02:55Z,a160052ab46b811cc9a9b6484c69f255fe82d9d6,6342,size_in_bytes,lib/ocaml/compiler-libs/flambda2_types__Meet_env.cmsi,21952
2026-07-28T18:02:55Z,a160052ab46b811cc9a9b6484c69f255fe82d9d6,6342,size_in_bytes,lib/ocaml/compiler-libs/flambda2_identifiers__Reg_width_const.cmsi,15473
2026-07-28T18:02:55Z,a160052ab46b811cc9a9b6484c69f255fe82d9d6,6342,size_in_bytes,lib/ocaml/compiler-libs/flambda2_identifiers__Flambda_debug_uid.cmsi,13054
2026-07-28T18:02:55Z,a160052ab46b811cc9a9b6484c69f255fe82d9d6,6342,size_in_bytes,lib/ocaml/compiler-libs/flambda2_simplify__Reification.cmsi,12522
2026-07-28T18:02:55Z,a160052ab46b811cc9a9b6484c69f255fe82d9d6,6342,size_in_bytes,lib/ocaml/compiler-libs/flambda2_terms__Function_declarations.cmsi,15281
2026-07-28T18:02:55Z,a160052ab46b811cc9a9b6484c69f255fe82d9d6,6342,size_in_bytes,lib/ocaml/compiler-libs/flambda2_simplify__Simplify_primitive.cmsi,12238
2026-07-28T18:02:55Z,a160052ab46b811cc9a9b6484c69f255fe82d9d6,6342,size_in_bytes,lib/ocaml/compiler-libs/flambda2_bound_identifiers__Bound_parameters.cmsi,14613
2026-07-28T18:02:55Z,a160052ab46b811cc9a9b6484c69f255fe82d9d6,6342,size_in_bytes,lib/ocaml/compiler-libs/flambda2_types__Typing_env_level.cmsi,17296
2026-07-28T18:02:55Z,a160052ab46b811cc9a9b6484c69f255fe82d9d6,6342,size_in_bytes,lib/ocaml/compiler-libs/flambda2_terms__Placement.cmsi,13170
2026-07-28T18:02:55Z,a160052ab46b811cc9a9b6484c69f255fe82d9d6,6342,size_in_bytes,lib/ocaml/compiler-libs/flambda2_simplify__Data_flow_graph.cmsi,13351
2026-07-28T18:02:55Z,a160052ab46b811cc9a9b6484c69f255fe82d9d6,6342,size_in_bytes,lib/ocaml/compiler-libs/flambda2_reaper__Datalog_helpers.cmsi,27002
2026-07-28T18:02:55Z,a160052ab46b811cc9a9b6484c69f255fe82d9d6,6342,size_in_bytes,lib/ocaml/compiler-libs/flambda2_from_lambda__Closure_conversion_aux.cmsi,61562
2026-07-28T18:02:55Z,a160052ab46b811cc9a9b6484c69f255fe82d9d6,6342,size_in_bytes,lib/ocaml/compiler-libs/flambda2_identifiers__Name.cmsi,14093
2026-07-28T18:02:55Z,a160052ab46b811cc9a9b6484c69f255fe82d9d6,6342,size_in_bytes,lib/ocaml/compiler-libs/flambda2_datalog__Column.cmsi,14913
2026-07-28T18:02:55Z,a160052ab46b811cc9a9b6484c69f255fe82d9d6,6342,size_in_bytes,lib/ocaml/compiler-libs/flambda2_nominal__Num_occurrences.cmsi,11543
2026-07-28T18:02:55Z,a160052ab46b811cc9a9b6484c69f255fe82d9d6,6342,size_in_bytes,lib/ocaml/compiler-libs/flambda2_simplify__Expr_builder.cmsi,25257
2026-07-28T18:02:55Z,a160052ab46b811cc9a9b6484c69f255fe82d9d6,6342,size_in_bytes,lib/ocaml/compiler-libs/flambda2_types__Binding_time.cmsi,13480
2026-07-28T18:02:55Z,a160052ab46b811cc9a9b6484c69f255fe82d9d6,6342,size_in_bytes,lib/ocaml/compiler-libs/flambda2_identifiers__Continuation.cmsi,13631
2026-07-28T18:02:55Z,a160052ab46b811cc9a9b6484c69f255fe82d9d6,6342,size_in_bytes,lib/ocaml/compiler-libs/flambda2_terms__Inline_attribute.cmsi,12496
2026-07-28T18:02:55Z,a160052ab46b811cc9a9b6484c69f255fe82d9d6,6342,size_in_bytes,lib/ocaml/compiler-libs/flambda2_bound_identifiers__Bound_pattern.cmsi,15476
2026-07-28T18:02:55Z,a160052ab46b811cc9a9b6484c69f255fe82d9d6,6342,size_in_bytes,lib/ocaml/compiler-libs/flambda2_to_cmm__To_cmm_result.cmsi,18792
2026-07-28T18:02:55Z,a160052ab46b811cc9a9b6484c69f255fe82d9d6,6342,size_in_bytes,lib/ocaml/compiler-libs/flambda2_simplify__Upwards_env.cmsi,16853
2026-07-28T18:02:55Z,a160052ab46b811cc9a9b6484c69f255fe82d9d6,6342,size_in_bytes,lib/ocaml/compiler-libs/flambda2_term_basics__Continuation_use_kind.cmsi,11458
2026-07-28T18:02:55Z,a160052ab46b811cc9a9b6484c69f255fe82d9d6,6342,size_in_bytes,lib/ocaml/compiler-libs/flambda2_simplify__Are_lifting_conts.cmsi,15672
2026-07-28T18:02:55Z,a160052ab46b811cc9a9b6484c69f255fe82d9d6,6342,size_in_bytes,lib/ocaml/compiler-libs/flambda2_simplify_shared__Function_decl_inlining_decision.cmsi,12008
2026-07-28T18:02:55Z,a160052ab46b811cc9a9b6484c69f255fe82d9d6,6342,size_in_bytes,lib/ocaml/compiler-libs/flambda2_simplify__Simplify_rec_info_expr.cmsi,13682
2026-07-28T18:02:55Z,a160052ab46b811cc9a9b6484c69f255fe82d9d6,6342,size_in_bytes,lib/ocaml/compiler-libs/flambda2_simplify__Join_points.cmsi,13286
2026-07-28T18:02:55Z,a160052ab46b811cc9a9b6484c69f255fe82d9d6,6342,size_in_bytes,lib/ocaml/compiler-libs/flambda2_numbers__Vector_types.cmsi,14337
2026-07-28T18:02:55Z,a160052ab46b811cc9a9b6484c69f255fe82d9d6,6342,size_in_bytes,lib/ocaml/compiler-libs/flambda2_simplify__Unboxing_epa.cmsi,13813
2026-07-28T18:02:55Z,a160052ab46b811cc9a9b6484c69f255fe82d9d6,6342,size_in_bytes,lib/ocaml/compiler-libs/flambda2_kinds__Flambda_kind.cmsi,35588
2026-07-28T18:02:55Z,a160052ab46b811cc9a9b6484c69f255fe82d9d6,6342,size_in_bytes,lib/ocaml/compiler-libs/flambda2_simplify__Lifted_constant.cmsi,21782
2026-07-28T18:02:55Z,a160052ab46b811cc9a9b6484c69f255fe82d9d6,6342,size_in_bytes,lib/ocaml/compiler-libs/flambda2_terms__Exn_continuation.cmsi,14899
2026-07-28T18:02:55Z,a160052ab46b811cc9a9b6484c69f255fe82d9d6,6342,size_in_bytes,lib/ocaml/compiler-libs/flambda2_simplify__Loopify_state.cmsi,11893
2026-07-28T18:02:55Z,a160052ab46b811cc9a9b6484c69f255fe82d9d6,6342,size_in_bytes,lib/ocaml/compiler-libs/flambda2_nominal__Renaming.cmsi,20492
2026-07-28T18:02:55Z,a160052ab46b811cc9a9b6484c69f255fe82d9d6,6342,size_in_bytes,lib/ocaml/compiler-libs/flambda2_lattices__Or_unknown_or_bottom.cmsi,12389
2026-07-28T18:02:55Z,a160052ab46b811cc9a9b6484c69f255fe82d9d6,6342,size_in_bytes,lib/ocaml/compiler-libs/flambda2_simplify__Simplify_apply_expr.cmsi,11963
2026-07-28T18:02:55Z,a160052ab46b811cc9a9b6484c69f255fe82d9d6,6342,size_in_bytes,lib/ocaml/compiler-libs/flambda2_parser__Parse_flambda.cmsi,10924
2026-07-28T18:02:55Z,a160052ab46b811cc9a9b6484c69f255fe82d9d6,6342,size_in_bytes,lib/ocaml/compiler-libs/flambda2_simplify__Continuation_uses.cmsi,15762
2026-07-28T18:02:55Z,a160052ab46b811cc9a9b6484c69f255fe82d9d6,6342,size_in_bytes,lib/ocaml/compiler-libs/flambda2_terms__Recursive.cmsi,11746
2026-07-28T18:02:55Z,a160052ab46b811cc9a9b6484c69f255fe82d9d6,6342,size_in_bytes,lib/ocaml/compiler-libs/flambda2_types__Cached_level.cmsi,16122
2026-07-28T18:02:55Z,a160052ab46b811cc9a9b6484c69f255fe82d9d6,6342,size_in_bytes,lib/ocaml/compiler-libs/flambda2_terms__Zero_alloc_attribute.cmsi,12546
2026-07-28T18:02:55Z,a160052ab46b811cc9a9b6484c69f255fe82d9d6,6342,size_in_bytes,lib/ocaml/compiler-libs/flambda2_compare__Compare.cmsi,11333
2026-07-28T18:02:55Z,a160052ab46b811cc9a9b6484c69f255fe82d9d6,6342,size_in_bytes,lib/ocaml/compiler-libs/flambda2_simplify__Simplify_set_of_closures.cmsi,16330
2026-07-28T18:02:55Z,a160052ab46b811cc9a9b6484c69f255fe82d9d6,6342,size_in_bytes,lib/ocaml/compiler-libs/flambda2_types__More_type_creators.cmsi,35691
2026-07-28T18:02:55Z,a160052ab46b811cc9a9b6484c69f255fe82d9d6,6342,size_in_bytes,lib/ocaml/compiler-libs/flambda2_terms__Static_const.cmsi,33374
2026-07-28T18:02:55Z,a160052ab46b811cc9a9b6484c69f255fe82d9d6,6342,size_in_bytes,lib/ocaml/compiler-libs/flambda2_simplify__Simplify.cmsi,13505
2026-07-28T18:02:55Z,a160052ab46b811cc9a9b6484c69f255fe82d9d6,6342,size_in_bytes,lib/ocaml/compiler-libs/flambda2_simplify__Continuation_shortcut.cmsi,12988
2026-07-28T18:02:55Z,a160052ab46b811cc9a9b6484c69f255fe82d9d6,6342,size_in_bytes,lib/ocaml/compiler-libs/flambda2_reaper__Rev_expr.cmsi,17723
2026-07-28T18:02:55Z,a160052ab46b811cc9a9b6484c69f255fe82d9d6,6342,size_in_bytes,lib/ocaml/compiler-libs/flambda2_types__Typing_env_extension.cmsi,17315
2026-07-28T18:02:55Z,a160052ab46b811cc9a9b6484c69f255fe82d9d6,6342,size_in_bytes,lib/ocaml/compiler-libs/flambda2_nominal__Name_abstraction.cmsi,16549
2026-07-28T18:02:55Z,a160052ab46b811cc9a9b6484c69f255fe82d9d6,6342,size_in_bytes,lib/ocaml/compiler-libs/flambda2_term_basics__Coercion.cmsi,12135
2026-07-28T18:02:55Z,a160052ab46b811cc9a9b6484c69f255fe82d9d6,6342,size_in_bytes,lib/ocaml/compiler-libs/flambda2_reaper__Traverse.cmsi,14006
2026-07-28T18:02:55Z,a160052ab46b811cc9a9b6484c69f255fe82d9d6,6342,size_in_bytes,lib/ocaml/compiler-libs/flambda2_from_lambda__Lambda_to_flambda_env.cmsi,27850
2026-07-28T18:02:55Z,a160052ab46b811cc9a9b6484c69f255fe82d9d6,6342,size_in_bytes,lib/ocaml/compiler-libs/flambda2_floats__Float32.cmsi,14421
2026-07-28T18:02:55Z,a160052ab46b811cc9a9b6484c69f255fe82d9d6,6342,size_in_bytes,lib/ocaml/compiler-libs/flambda2_algorithms__Or_null.cmsi,12681
2026-07-28T18:02:55Z,a160052ab46b811cc9a9b6484c69f255fe82d9d6,6342,size_in_bytes,lib/ocaml/compiler-libs/flambda2_simplify__Simplify_import.cmsi,17298
2026-07-28T18:02:55Z,a160052ab46b811cc9a9b6484c69f255fe82d9d6,6342,size_in_bytes,lib/ocaml/compiler-libs/flambda2_bound_identifiers__Bound_for_function.cmsi,14202
2026-07-28T18:02:55Z,a160052ab46b811cc9a9b6484c69f255fe82d9d6,6342,size_in_bytes,lib/ocaml/compiler-libs/flambda2_bound_identifiers__Bound_name.cmsi,12834
2026-07-28T18:02:55Z,a160052ab46b811cc9a9b6484c69f255fe82d9d6,6342,size_in_bytes,lib/ocaml/compiler-libs/flambda2_term_basics__Tag_and_size.cmsi,12045
2026-07-28T18:02:55Z,a160052ab46b811cc9a9b6484c69f255fe82d9d6,6342,size_in_bytes,lib/ocaml/compiler-libs/flambda2_identifiers__Rec_info_expr0.cmsi,17029
2026-07-28T18:02:55Z,a160052ab46b811cc9a9b6484c69f255fe82d9d6,6342,size_in_bytes,lib/ocaml/compiler-libs/flambda2_to_jsir__To_jsir_set_of_closures.cmsi,14011
2026-07-28T18:02:55Z,a160052ab46b811cc9a9b6484c69f255fe82d9d6,6342,size_in_bytes,lib/ocaml/compiler-libs/flambda2_types.cmsi,125905
2026-07-28T18:02:55Z,a160052ab46b811cc9a9b6484c69f255fe82d9d6,6342,size_in_bytes,lib/ocaml/compiler-libs/flambda2_types__Traversals.cmsi,25762
2026-07-28T18:02:55Z,a160052ab46b811cc9a9b6484c69f255fe82d9d6,6342,size_in_bytes,lib/ocaml/compiler-libs/flambda2_simplify__Unboxing_types.cmsi,20104
2026-07-28T18:02:55Z,a160052ab46b811cc9a9b6484c69f255fe82d9d6,6342,size_in_bytes,lib/ocaml/compiler-libs/flambda2_terms__Effects.cmsi,16617
2026-07-28T18:02:55Z,a160052ab46b811cc9a9b6484c69f255fe82d9d6,6342,size_in_bytes,lib/ocaml/compiler-libs/flambda2_identifiers__Slot.cmsi,13114
2026-07-28T18:02:55Z,a160052ab46b811cc9a9b6484c69f255fe82d9d6,6342,size_in_bytes,lib/ocaml/compiler-libs/flambda2_numbers__Numeric_types.cmsi,20804
2026-07-28T18:02:55Z,a160052ab46b811cc9a9b6484c69f255fe82d9d6,6342,size_in_bytes,lib/ocaml/compiler-libs/flambda2_simplify_shared__Slot_offsets.cmsi,21247
2026-07-28T18:02:55Z,a160052ab46b811cc9a9b6484c69f255fe82d9d6,6342,size_in_bytes,lib/ocaml/compiler-libs/flambda2_terms__Mutability.cmsi,13240
2026-07-28T18:02:55Z,a160052ab46b811cc9a9b6484c69f255fe82d9d6,6342,size_in_bytes,lib/ocaml/compiler-libs/flambda2_simplify__Flow_types.cmsi,28696
2026-07-28T18:02:55Z,a160052ab46b811cc9a9b6484c69f255fe82d9d6,6342,size_in_bytes,lib/ocaml/compiler-libs/flambda2_parser__Print_fexpr.cmsi,10572
2026-07-28T18:02:55Z,a160052ab46b811cc9a9b6484c69f255fe82d9d6,6342,size_in_bytes,lib/ocaml/compiler-libs/flambda2_simplify__Simplify_variadic_primitive.cmsi,12661
2026-07-28T18:02:55Z,a160052ab46b811cc9a9b6484c69f255fe82d9d6,6342,size_in_bytes,lib/ocaml/compiler-libs/flambda2_lattices__Or_unknown.cmsi,14297
2026-07-28T18:02:55Z,a160052ab46b811cc9a9b6484c69f255fe82d9d6,6342,size_in_bytes,lib/ocaml/compiler-libs/flambda2_datalog__Schedule.cmsi,12732
2026-07-28T18:02:55Z,a160052ab46b811cc9a9b6484c69f255fe82d9d6,6342,size_in_bytes,lib/ocaml/compiler-libs/flambda2_cmx__Flambda_cmx.cmsi,15477
2026-07-28T18:02:55Z,a160052ab46b811cc9a9b6484c69f255fe82d9d6,6342,size_in_bytes,lib/ocaml/compiler-libs/flambda2_types__Equal_types_for_debug.cmsi,14714
2026-07-28T18:02:55Z,a160052ab46b811cc9a9b6484c69f255fe82d9d6,6342,size_in_bytes,lib/ocaml/compiler-libs/flambda2_classic_mode_types__Value_approximation.cmsi,13768
2026-07-28T18:02:55Z,a160052ab46b811cc9a9b6484c69f255fe82d9d6,6342,size_in_bytes,lib/ocaml/compiler-libs/flambda2_simplify__Simplify_common.cmsi,26794
2026-07-28T18:02:55Z,a160052ab46b811cc9a9b6484c69f255fe82d9d6,6342,size_in_bytes,lib/ocaml/compiler-libs/flambda2_algorithms__Container_types.cmsi,13989
2026-07-28T18:02:55Z,a160052ab46b811cc9a9b6484c69f255fe82d9d6,6342,size_in_bytes,lib/ocaml/compiler-libs/flambda2_terms__Code_metadata.cmsi,23947
2026-07-28T18:02:55Z,a160052ab46b811cc9a9b6484c69f255fe82d9d6,6342,size_in_bytes,lib/ocaml/compiler-libs/flambda2_simplify__Is_unboxing_beneficial.cmsi,11833
2026-07-28T18:02:55Z,a160052ab46b811cc9a9b6484c69f255fe82d9d6,6342,size_in_bytes,lib/ocaml/compiler-libs/flambda2_term_basics__Value_slot_set.cmsi,12079
2026-07-28T18:02:55Z,a160052ab46b811cc9a9b6484c69f255fe82d9d6,6342,size_in_bytes,lib/ocaml/compiler-libs/flambda2_terms__Flambda.cmsi,69533
2026-07-28T18:02:55Z,a160052ab46b811cc9a9b6484c69f255fe82d9d6,6342,size_in_bytes,lib/ocaml/compiler-libs/flambda2_simplify__Continuation_uses_env.cmsi,14207
2026-07-28T18:02:55Z,a160052ab46b811cc9a9b6484c69f255fe82d9d6,6342,size_in_bytes,lib/ocaml/compiler-libs/flambda2_simplify__Simplify_binary_primitive.cmsi,12785
2026-07-28T18:02:55Z,a160052ab46b811cc9a9b6484c69f255fe82d9d6,6342,size_in_bytes,lib/ocaml/compiler-libs/flambda2_parser__Flambda_lex.cmsi,10833
2026-07-28T18:02:55Z,a160052ab46b811cc9a9b6484c69f255fe82d9d6,6342,size_in_bytes,lib/ocaml/compiler-libs/flambda2_types__Reify.cmsi,18257
2026-07-28T18:02:55Z,a160052ab46b811cc9a9b6484c69f255fe82d9d6,6342,size_in_bytes,lib/ocaml/compiler-libs/flambda2_to_cmm__To_cmm_set_of_closures.cmsi,15896
2026-07-28T18:02:55Z,a160052ab46b811cc9a9b6484c69f255fe82d9d6,6342,size_in_bytes,lib/ocaml/compiler-libs/flambda2_to_jsir__To_jsir_result.cmsi,21003
2026-07-28T18:02:55Z,a160052ab46b811cc9a9b6484c69f255fe82d9d6,6342,size_in_bytes,lib/ocaml/compiler-libs/flambda2_terms__Flambda_primitive.cmsi,88226
2026-07-28T18:02:55Z,a160052ab46b811cc9a9b6484c69f255fe82d9d6,6342,size_in_bytes,lib/ocaml/compiler-libs/flambda2_to_cmm__To_cmm.cmsi,11983
2026-07-28T18:02:55Z,a160052ab46b811cc9a9b6484c69f255fe82d9d6,6342,size_in_bytes,lib/ocaml/compiler-libs/flambda2_algorithms__Table_by_int_id.cmsi,12628
2026-07-28T18:02:55Z,a160052ab46b811cc9a9b6484c69f255fe82d9d6,6342,size_in_bytes,lib/ocaml/compiler-libs/flambda2_simplify__Simplify_primitive_result.cmsi,15165
2026-07-28T18:02:55Z,a160052ab46b811cc9a9b6484c69f255fe82d9d6,6342,size_in_bytes,lib/ocaml/compiler-libs/flambda2_terms__Result_types.cmsi,13050
2026-07-28T18:02:55Z,a160052ab46b811cc9a9b6484c69f255fe82d9d6,6342,size_in_bytes,lib/ocaml/compiler-libs/flambda2_terms__Coeffects.cmsi,13900
2026-07-28T18:02:55Z,a160052ab46b811cc9a9b6484c69f255fe82d9d6,6342,size_in_bytes,lib/ocaml/compiler-libs/flambda2_datalog__Value.cmsi,12518
2026-07-28T18:02:55Z,a160052ab46b811cc9a9b6484c69f255fe82d9d6,6342,size_in_bytes,lib/ocaml/compiler-libs/flambda2_identifiers__Coercion0.cmsi,14999
2026-07-28T18:02:55Z,a160052ab46b811cc9a9b6484c69f255fe82d9d6,6342,size_in_bytes,lib/ocaml/stdlib_beta/stdlib_beta.cmsi,9876
2026-07-28T18:02:55Z,a160052ab46b811cc9a9b6484c69f255fe82d9d6,6342,size_in_bytes,lib/ocaml/stdlib_upstream_compatible/stdlib_upstream_compatible__Float_u.cmsi,40667
2026-07-28T18:02:55Z,a160052ab46b811cc9a9b6484c69f255fe82d9d6,6342,size_in_bytes,lib/ocaml/stdlib_upstream_compatible/stdlib_upstream_compatible__Nativeint_u.cmsi,27943
2026-07-28T18:02:55Z,a160052ab46b811cc9a9b6484c69f255fe82d9d6,6342,size_in_bytes,lib/ocaml/stdlib_upstream_compatible/stdlib_upstream_compatible__Int32_u.cmsi,26440
2026-07-28T18:02:55Z,a160052ab46b811cc9a9b6484c69f255fe82d9d6,6342,size_in_bytes,lib/ocaml/stdlib_upstream_compatible/stdlib_upstream_compatible__Int64_u.cmsi,30181
2026-07-28T18:02:55Z,a160052ab46b811cc9a9b6484c69f255fe82d9d6,6342,size_in_bytes,lib/ocaml/stdlib_upstream_compatible/stdlib_upstream_compatible.cmsi,9147
2026-07-28T18:02:55Z,a160052ab46b811cc9a9b6484c69f255fe82d9d6,6342,size_in_bytes,lib/ocaml/stdlib_alpha/stdlib_alpha.cmsi,10906
2026-07-28T18:02:55Z,a160052ab46b811cc9a9b6484c69f255fe82d9d6,6342,size_in_bytes,lib/ocaml/stdlib__Char.cmt,168830
2026-07-28T18:02:55Z,a160052ab46b811cc9a9b6484c69f255fe82d9d6,6342,size_in_bytes,lib/ocaml/stdlib__Obj.cmt,241775
2026-07-28T18:02:55Z,a160052ab46b811cc9a9b6484c69f255fe82d9d6,6342,size_in_bytes,lib/ocaml/stdlib__Complex.cmt,197420
2026-07-28T18:02:55Z,a160052ab46b811cc9a9b6484c69f255fe82d9d6,6342,size_in_bytes,lib/ocaml/stdlib__Domain.cmt,535966
2026-07-28T18:02:55Z,a160052ab46b811cc9a9b6484c69f255fe82d9d6,6342,size_in_bytes,lib/ocaml/compiler_owee__Owee_elf_notes.cmt,238014
2026-07-28T18:02:55Z,a160052ab46b811cc9a9b6484c69f255fe82d9d6,6342,size_in_bytes,lib/ocaml/stdlib__ArrayLabels.cmt,53997
2026-07-28T18:02:55Z,a160052ab46b811cc9a9b6484c69f255fe82d9d6,6342,size_in_bytes,lib/ocaml/stdlib__Parsing.cmt,204165
2026-07-28T18:02:55Z,a160052ab46b811cc9a9b6484c69f255fe82d9d6,6342,size_in_bytes,lib/ocaml/compiler_owee__Owee_archive.cmt,279052
2026-07-28T18:02:55Z,a160052ab46b811cc9a9b6484c69f255fe82d9d6,6342,size_in_bytes,lib/ocaml/compiler_owee__Owee_elf_relocation.cmt,137691
2026-07-28T18:02:55Z,a160052ab46b811cc9a9b6484c69f255fe82d9d6,6342,size_in_bytes,lib/ocaml/compiler_owee__Owee_elf.cmt,834215
2026-07-28T18:02:55Z,a160052ab46b811cc9a9b6484c69f255fe82d9d6,6342,size_in_bytes,lib/ocaml/stdlib__Uchar.cmt,143758
2026-07-28T18:02:55Z,a160052ab46b811cc9a9b6484c69f255fe82d9d6,6342,size_in_bytes,lib/ocaml/stdlib__Arg.cmt,574289
2026-07-28T18:02:55Z,a160052ab46b811cc9a9b6484c69f255fe82d9d6,6342,size_in_bytes,lib/ocaml/stdlib__Backoff.cmt,94615
2026-07-28T18:02:55Z,a160052ab46b811cc9a9b6484c69f255fe82d9d6,6342,size_in_bytes,lib/ocaml/stdlib__Digest.cmt,293740
2026-07-28T18:02:55Z,a160052ab46b811cc9a9b6484c69f255fe82d9d6,6342,size_in_bytes,lib/ocaml/stdlib__Condition.cmt,15989
2026-07-28T18:02:55Z,a160052ab46b811cc9a9b6484c69f255fe82d9d6,6342,size_in_bytes,lib/ocaml/compiler_owee__Owee_buf.cmt,319506
2026-07-28T18:02:55Z,a160052ab46b811cc9a9b6484c69f255fe82d9d6,6342,size_in_bytes,lib/ocaml/stdlib__Hashtbl.cmt,1171485
2026-07-28T18:02:55Z,a160052ab46b811cc9a9b6484c69f255fe82d9d6,6342,size_in_bytes,lib/ocaml/stdlib__Set.cmt,1731696
2026-07-28T18:02:55Z,a160052ab46b811cc9a9b6484c69f255fe82d9d6,6342,size_in_bytes,lib/ocaml/stdlib__String.cmt,748611
2026-07-28T18:02:55Z,a160052ab46b811cc9a9b6484c69f255fe82d9d6,6342,size_in_bytes,lib/ocaml/stdlib__Result.cmt,102107
2026-07-28T18:02:55Z,a160052ab46b811cc9a9b6484c69f255fe82d9d6,6342,size_in_bytes,lib/ocaml/stdlib__MoreLabels.cmt,21506
2026-07-28T18:02:55Z,a160052ab46b811cc9a9b6484c69f255fe82d9d6,6342,size_in_bytes,lib/ocaml/camlinternalFormatBasics.cmt,517492
2026-07-28T18:02:55Z,a160052ab46b811cc9a9b6484c69f255fe82d9d6,6342,size_in_bytes,lib/ocaml/stdlib__Int64.cmt,129682
2026-07-28T18:02:55Z,a160052ab46b811cc9a9b6484c69f255fe82d9d6,6342,size_in_bytes,lib/ocaml/compiler_owee.cmt,21865
2026-07-28T18:02:55Z,a160052ab46b811cc9a9b6484c69f255fe82d9d6,6342,size_in_bytes,lib/ocaml/stdlib__Lexing.cmt,224695
2026-07-28T18:02:55Z,a160052ab46b811cc9a9b6484c69f255fe82d9d6,6342,size_in_bytes,lib/ocaml/compiler_owee__Owee_debug_line.cmt,368409
2026-07-28T18:02:55Z,a160052ab46b811cc9a9b6484c69f255fe82d9d6,6342,size_in_bytes,lib/ocaml/eval.cmt,222955
2026-07-28T18:02:55Z,a160052ab46b811cc9a9b6484c69f255fe82d9d6,6342,size_in_bytes,lib/ocaml/camlinternalLazy.cmt,86020
2026-07-28T18:02:55Z,a160052ab46b811cc9a9b6484c69f255fe82d9d6,6342,size_in_bytes,lib/ocaml/stdlib__Atomic.cmt,49889
2026-07-28T18:02:55Z,a160052ab46b811cc9a9b6484c69f255fe82d9d6,6342,size_in_bytes,lib/ocaml/stdlib__Random.cmt,521435
2026-07-28T18:02:55Z,a160052ab46b811cc9a9b6484c69f255fe82d9d6,6342,size_in_bytes,lib/ocaml/compiler_owee__Owee_traverse.cmt,223331
2026-07-28T18:02:55Z,a160052ab46b811cc9a9b6484c69f255fe82d9d6,6342,size_in_bytes,lib/ocaml/stdlib__Int32.cmt,134862
2026-07-28T18:02:55Z,a160052ab46b811cc9a9b6484c69f255fe82d9d6,6342,size_in_bytes,lib/ocaml/stdlib__Printf.cmt,70098
2026-07-28T18:02:55Z,a160052ab46b811cc9a9b6484c69f255fe82d9d6,6342,size_in_bytes,lib/ocaml/stdlib__Seq.cmt,685891
2026-07-28T18:02:55Z,a160052ab46b811cc9a9b6484c69f255fe82d9d6,6342,size_in_bytes,lib/ocaml/stdlib__StdLabels.cmt,13983
2026-07-28T18:02:55Z,a160052ab46b811cc9a9b6484c69f255fe82d9d6,6342,size_in_bytes,lib/ocaml/stdlib__List.cmt,1032333
2026-07-28T18:02:55Z,a160052ab46b811cc9a9b6484c69f255fe82d9d6,6342,size_in_bytes,lib/ocaml/compiler_owee__Owee_object.cmt,205558
2026-07-28T18:02:55Z,a160052ab46b811cc9a9b6484c69f255fe82d9d6,6342,size_in_bytes,lib/ocaml/stdlib__Buffer.cmt,627965
2026-07-28T18:02:55Z,a160052ab46b811cc9a9b6484c69f255fe82d9d6,6342,size_in_bytes,lib/ocaml/stdlib__Fun.cmt,42894
2026-07-28T18:02:55Z,a160052ab46b811cc9a9b6484c69f255fe82d9d6,6342,size_in_bytes,lib/ocaml/stdlib__Stack.cmt,77960
2026-07-28T18:02:55Z,a160052ab46b811cc9a9b6484c69f255fe82d9d6,6342,size_in_bytes,lib/ocaml/stdlib__Float.cmt,994757
2026-07-28T18:02:55Z,a160052ab46b811cc9a9b6484c69f255fe82d9d6,6342,size_in_bytes,lib/ocaml/stdlib__Mutex.cmt,23452
2026-07-28T18:02:55Z,a160052ab46b811cc9a9b6484c69f255fe82d9d6,6342,size_in_bytes,lib/ocaml/stdlib__BytesLabels.cmt,77911
2026-07-28T18:02:55Z,a160052ab46b811cc9a9b6484c69f255fe82d9d6,6342,size_in_bytes,lib/ocaml/stdlib__StringLabels.cmt,58301
2026-07-28T18:02:55Z,a160052ab46b811cc9a9b6484c69f255fe82d9d6,6342,size_in_bytes,lib/ocaml/stdlib__Bool.cmt,33509
2026-07-28T18:02:55Z,a160052ab46b811cc9a9b6484c69f255fe82d9d6,6342,size_in_bytes,lib/ocaml/stdlib__Out_channel.cmt,76789
2026-07-28T18:02:55Z,a160052ab46b811cc9a9b6484c69f255fe82d9d6,6342,size_in_bytes,lib/ocaml/compiler_owee__Owee_form.cmt,73815
2026-07-28T18:02:55Z,a160052ab46b811cc9a9b6484c69f255fe82d9d6,6342,size_in_bytes,lib/ocaml/stdlib__Pqueue.cmt,285781
2026-07-28T18:02:55Z,a160052ab46b811cc9a9b6484c69f255fe82d9d6,6342,size_in_bytes,lib/ocaml/compiler_owee__Owee_macho.cmt,961963
2026-07-28T18:02:55Z,a160052ab46b811cc9a9b6484c69f255fe82d9d6,6342,size_in_bytes,lib/ocaml/stdlib__Filename.cmt,657896
2026-07-28T18:02:55Z,a160052ab46b811cc9a9b6484c69f255fe82d9d6,6342,size_in_bytes,lib/ocaml/stdlib__Array.cmt,1042965
2026-07-28T18:02:55Z,a160052ab46b811cc9a9b6484c69f255fe82d9d6,6342,size_in_bytes,lib/ocaml/compiler_owee__Owee_linux_maps.cmt,66724
2026-07-28T18:02:55Z,a160052ab46b811cc9a9b6484c69f255fe82d9d6,6342,size_in_bytes,lib/ocaml/compiler_owee__Owee_interval_map.cmt,315450
2026-07-28T18:02:55Z,a160052ab46b811cc9a9b6484c69f255fe82d9d6,6342,size_in_bytes,lib/ocaml/stdlib__Modes.cmt,23217
2026-07-28T18:02:55Z,a160052ab46b811cc9a9b6484c69f255fe82d9d6,6342,size_in_bytes,lib/ocaml/stdlib__Printexc.cmt,382792
2026-07-28T18:02:55Z,a160052ab46b811cc9a9b6484c69f255fe82d9d6,6342,size_in_bytes,lib/ocaml/stdlib__Option.cmt,61675
2026-07-28T18:02:55Z,a160052ab46b811cc9a9b6484c69f255fe82d9d6,6342,size_in_bytes,lib/ocaml/camlinternalFormat.cmt,5072930
2026-07-28T18:02:55Z,a160052ab46b811cc9a9b6484c69f255fe82d9d6,6342,size_in_bytes,lib/ocaml/stdlib.cmt,613805
2026-07-28T18:02:55Z,a160052ab46b811cc9a9b6484c69f255fe82d9d6,6342,size_in_bytes,lib/ocaml/stdlib__Either.cmt,71189
2026-07-28T18:02:55Z,a160052ab46b811cc9a9b6484c69f255fe82d9d6,6342,size_in_bytes,lib/ocaml/compiler_owee__Owee_location.cmt,308674
2026-07-28T18:02:55Z,a160052ab46b811cc9a9b6484c69f255fe82d9d6,6342,size_in_bytes,lib/ocaml/stdlib__Oo.cmt,15785
2026-07-28T18:02:55Z,a160052ab46b811cc9a9b6484c69f255fe82d9d6,6342,size_in_bytes,lib/ocaml/stdlib__Scanf.cmt,1861624
2026-07-28T18:02:55Z,a160052ab46b811cc9a9b6484c69f255fe82d9d6,6342,size_in_bytes,lib/ocaml/stdlib__Lazy.cmt,57141
2026-07-28T18:02:55Z,a160052ab46b811cc9a9b6484c69f255fe82d9d6,6342,size_in_bytes,lib/ocaml/stdlib__Ephemeron.cmt,1839333
2026-07-28T18:02:55Z,a160052ab46b811cc9a9b6484c69f255fe82d9d6,6342,size_in_bytes,lib/ocaml/stdlib__Repr.cmt,16888
2026-07-28T18:02:55Z,a160052ab46b811cc9a9b6484c69f255fe82d9d6,6342,size_in_bytes,lib/ocaml/stdlib__Sys.cmt,238792
2026-07-28T18:02:55Z,a160052ab46b811cc9a9b6484c69f255fe82d9d6,6342,size_in_bytes,lib/ocaml/camlinternalQuote.cmt,4231904
2026-07-28T18:02:55Z,a160052ab46b811cc9a9b6484c69f255fe82d9d6,6342,size_in_bytes,lib/ocaml/opttopdirs.cmt,217262
2026-07-28T18:02:55Z,a160052ab46b811cc9a9b6484c69f255fe82d9d6,6342,size_in_bytes,lib/ocaml/stdlib__Type.cmt,29041
2026-07-28T18:02:55Z,a160052ab46b811cc9a9b6484c69f255fe82d9d6,6342,size_in_bytes,lib/ocaml/stdlib__Gc.cmt,204709
2026-07-28T18:02:55Z,a160052ab46b811cc9a9b6484c69f255fe82d9d6,6342,size_in_bytes,lib/ocaml/stdlib__Queue.cmt,143278
2026-07-28T18:02:55Z,a160052ab46b811cc9a9b6484c69f255fe82d9d6,6342,size_in_bytes,lib/ocaml/stdlib__Iarray.cmt,504153
2026-07-28T18:02:55Z,a160052ab46b811cc9a9b6484c69f255fe82d9d6,6342,size_in_bytes,lib/ocaml/stdlib__Format.cmt,1847387
2026-07-28T18:02:55Z,a160052ab46b811cc9a9b6484c69f255fe82d9d6,6342,size_in_bytes,lib/ocaml/stdlib__Int.cmt,63853
2026-07-28T18:02:55Z,a160052ab46b811cc9a9b6484c69f255fe82d9d6,6342,size_in_bytes,lib/ocaml/compiler_owee__Unix_intf.cmt,31779
2026-07-28T18:02:55Z,a160052ab46b811cc9a9b6484c69f255fe82d9d6,6342,size_in_bytes,lib/ocaml/camlinternalAtomic.cmt,39808
2026-07-28T18:02:55Z,a160052ab46b811cc9a9b6484c69f255fe82d9d6,6342,size_in_bytes,lib/ocaml/topdirs.cmt,682802
2026-07-28T18:02:55Z,a160052ab46b811cc9a9b6484c69f255fe82d9d6,6342,size_in_bytes,lib/ocaml/camlinternalMod.cmt,103984
2026-07-28T18:02:55Z,a160052ab46b811cc9a9b6484c69f255fe82d9d6,6342,size_in_bytes,lib/ocaml/compiler_owee__Owee_elf_string_table.cmt,34764
2026-07-28T18:02:55Z,a160052ab46b811cc9a9b6484c69f255fe82d9d6,6342,size_in_bytes,lib/ocaml/stdlib__Unit.cmt,17059
2026-07-28T18:02:55Z,a160052ab46b811cc9a9b6484c69f255fe82d9d6,6342,size_in_bytes,lib/ocaml/std_exit.cmt,13162
2026-07-28T18:02:55Z,a160052ab46b811cc9a9b6484c69f255fe82d9d6,6342,size_in_bytes,lib/ocaml/stdlib__Nativeint.cmt,133113
2026-07-28T18:02:55Z,a160052ab46b811cc9a9b6484c69f255fe82d9d6,6342,size_in_bytes,lib/ocaml/stdlib__Weak.cmt,615396
2026-07-28T18:02:55Z,a160052ab46b811cc9a9b6484c69f255fe82d9d6,6342,size_in_bytes,lib/ocaml/compiler_owee__Owee_graph.cmt,225418
2026-07-28T18:02:55Z,a160052ab46b811cc9a9b6484c69f255fe82d9d6,6342,size_in_bytes,lib/ocaml/compiler_owee__Owee_marker.cmt,221106
2026-07-28T18:02:55Z,a160052ab46b811cc9a9b6484c69f255fe82d9d6,6342,size_in_bytes,lib/ocaml/stdlib__Dynarray.cmt,1415635
2026-07-28T18:02:55Z,a160052ab46b811cc9a9b6484c69f255fe82d9d6,6342,size_in_bytes,lib/ocaml/stdlib__Callback.cmt,34719
2026-07-28T18:02:55Z,a160052ab46b811cc9a9b6484c69f255fe82d9d6,6342,size_in_bytes,lib/ocaml/stdlib__In_channel.cmt,231017
2026-07-28T18:02:55Z,a160052ab46b811cc9a9b6484c69f255fe82d9d6,6342,size_in_bytes,lib/ocaml/stdlib__ListLabels.cmt,69558
2026-07-28T18:02:55Z,a160052ab46b811cc9a9b6484c69f255fe82d9d6,6342,size_in_bytes,lib/ocaml/stdlib__Dynamic.cmt,26340
2026-07-28T18:02:55Z,a160052ab46b811cc9a9b6484c69f255fe82d9d6,6342,size_in_bytes,lib/ocaml/camlinternalComprehension.cmt,48914
2026-07-28T18:02:55Z,a160052ab46b811cc9a9b6484c69f255fe82d9d6,6342,size_in_bytes,lib/ocaml/stdlib__Quote.cmt,76275
2026-07-28T18:02:55Z,a160052ab46b811cc9a9b6484c69f255fe82d9d6,6342,size_in_bytes,lib/ocaml/stdlib__Map.cmt,1798735
2026-07-28T18:02:55Z,a160052ab46b811cc9a9b6484c69f255fe82d9d6,6342,size_in_bytes,lib/ocaml/stdlib__Bigarray.cmt,633190
2026-07-28T18:02:55Z,a160052ab46b811cc9a9b6484c69f255fe82d9d6,6342,size_in_bytes,lib/ocaml/stdlib__Semaphore.cmt,77084
2026-07-28T18:02:55Z,a160052ab46b811cc9a9b6484c69f255fe82d9d6,6342,size_in_bytes,lib/ocaml/stdlib__Effect.cmt,687873
2026-07-28T18:02:55Z,a160052ab46b811cc9a9b6484c69f255fe82d9d6,6342,size_in_bytes,lib/ocaml/camlinternalOO.cmt,1004876
2026-07-28T18:02:55Z,a160052ab46b811cc9a9b6484c69f255fe82d9d6,6342,size_in_bytes,lib/ocaml/stdlib__Bytes.cmt,1852511
2026-07-28T18:02:55Z,a160052ab46b811cc9a9b6484c69f255fe82d9d6,6342,size_in_bytes,lib/ocaml/stdlib__Marshal.cmt,78259
2026-07-28T18:02:55Z,a160052ab46b811cc9a9b6484c69f255fe82d9d6,6342,size_in_bytes,lib/ocaml/stdlib__Pair.cmt,56908
2026-07-28T18:02:55Z,a160052ab46b811cc9a9b6484c69f255fe82d9d6,6342,size_in_bytes,lib/ocaml/unix/unixLabels.cmt,162532
2026-07-28T18:02:55Z,a160052ab46b811cc9a9b6484c69f255fe82d9d6,6342,size_in_bytes,lib/ocaml/unix/unix.cmt,1005680
2026-07-28T18:02:55Z,a160052ab46b811cc9a9b6484c69f255fe82d9d6,6342,size_in_bytes,lib/ocaml/dynlink/dynlink.cmt,67457
2026-07-28T18:02:55Z,a160052ab46b811cc9a9b6484c69f255fe82d9d6,6342,size_in_bytes,lib/ocaml/stdlib_stable/stdlib_stable__Int16.cmt,68828
2026-07-28T18:02:55Z,a160052ab46b811cc9a9b6484c69f255fe82d9d6,6342,size_in_bytes,lib/ocaml/stdlib_stable/stdlib_stable__Int.cmt,80501
2026-07-28T18:02:55Z,a160052ab46b811cc9a9b6484c69f255fe82d9d6,6342,size_in_bytes,lib/ocaml/stdlib_stable/stdlib_stable.cmt,15728
2026-07-28T18:02:55Z,a160052ab46b811cc9a9b6484c69f255fe82d9d6,6342,size_in_bytes,lib/ocaml/stdlib_stable/stdlib_stable__Char_u.cmt,50357
2026-07-28T18:02:55Z,a160052ab46b811cc9a9b6484c69f255fe82d9d6,6342,size_in_bytes,lib/ocaml/stdlib_stable/stdlib_stable__.cmt,20045
2026-07-28T18:02:55Z,a160052ab46b811cc9a9b6484c69f255fe82d9d6,6342,size_in_bytes,lib/ocaml/stdlib_stable/stdlib_stable__Idx_mut.cmt,22022
2026-07-28T18:02:55Z,a160052ab46b811cc9a9b6484c69f255fe82d9d6,6342,size_in_bytes,lib/ocaml/stdlib_stable/stdlib_stable__Or_null.cmt,64014
2026-07-28T18:02:55Z,a160052ab46b811cc9a9b6484c69f255fe82d9d6,6342,size_in_bytes,lib/ocaml/stdlib_stable/stdlib_stable__Iarray.cmt,45231
2026-07-28T18:02:55Z,a160052ab46b811cc9a9b6484c69f255fe82d9d6,6342,size_in_bytes,lib/ocaml/stdlib_stable/stdlib_stable__Float32.cmt,250539
2026-07-28T18:02:55Z,a160052ab46b811cc9a9b6484c69f255fe82d9d6,6342,size_in_bytes,lib/ocaml/stdlib_stable/stdlib_stable__Int16_u.cmt,77685
2026-07-28T18:02:55Z,a160052ab46b811cc9a9b6484c69f255fe82d9d6,6342,size_in_bytes,lib/ocaml/stdlib_stable/stdlib_stable__Int_u.cmt,92113
2026-07-28T18:02:55Z,a160052ab46b811cc9a9b6484c69f255fe82d9d6,6342,size_in_bytes,lib/ocaml/stdlib_stable/stdlib_stable__Int8_u.cmt,77585
2026-07-28T18:02:55Z,a160052ab46b811cc9a9b6484c69f255fe82d9d6,6342,size_in_bytes,lib/ocaml/stdlib_stable/stdlib_stable__Float32_u.cmt,523009
2026-07-28T18:02:55Z,a160052ab46b811cc9a9b6484c69f255fe82d9d6,6342,size_in_bytes,lib/ocaml/stdlib_stable/stdlib_stable__Int8.cmt,68741
2026-07-28T18:02:55Z,a160052ab46b811cc9a9b6484c69f255fe82d9d6,6342,size_in_bytes,lib/ocaml/stdlib_stable/stdlib_stable__IarrayLabels.cmt,1300945
2026-07-28T18:02:55Z,a160052ab46b811cc9a9b6484c69f255fe82d9d6,6342,size_in_bytes,lib/ocaml/stdlib_stable/stdlib_stable__Idx_imm.cmt,20640
2026-07-28T18:02:55Z,a160052ab46b811cc9a9b6484c69f255fe82d9d6,6342,size_in_bytes,lib/ocaml/runtime_events/runtime_events.cmt,190194
2026-07-28T18:02:55Z,a160052ab46b811cc9a9b6484c69f255fe82d9d6,6342,size_in_bytes,lib/ocaml/compiler-libs/flambda2_kinds__Flambda_arity.cmt,224218
2026-07-28T18:02:55Z,a160052ab46b811cc9a9b6484c69f255fe82d9d6,6342,size_in_bytes,lib/ocaml/compiler-libs/parser_types.cmt,17877
2026-07-28T18:02:55Z,a160052ab46b811cc9a9b6484c69f255fe82d9d6,6342,size_in_bytes,lib/ocaml/compiler-libs/dwarf_low__Location_list.cmt,20265
2026-07-28T18:02:55Z,a160052ab46b811cc9a9b6484c69f255fe82d9d6,6342,size_in_bytes,lib/ocaml/compiler-libs/flambda2_identifiers__Function_slot.cmt,96087
2026-07-28T18:02:55Z,a160052ab46b811cc9a9b6484c69f255fe82d9d6,6342,size_in_bytes,lib/ocaml/compiler-libs/genprintval.cmt,1176809
2026-07-28T18:02:55Z,a160052ab46b811cc9a9b6484c69f255fe82d9d6,6342,size_in_bytes,lib/ocaml/compiler-libs/flambda2_identifiers__Slot.cmt,327395
2026-07-28T18:02:55Z,a160052ab46b811cc9a9b6484c69f255fe82d9d6,6342,size_in_bytes,lib/ocaml/compiler-libs/flambda2_types__Code_age_relation.cmt,122797
2026-07-28T18:02:55Z,a160052ab46b811cc9a9b6484c69f255fe82d9d6,6342,size_in_bytes,lib/ocaml/compiler-libs/is_parameter.cmt,155237
2026-07-28T18:02:55Z,a160052ab46b811cc9a9b6484c69f255fe82d9d6,6342,size_in_bytes,lib/ocaml/compiler-libs/flambda2_from_lambda.cmt,15937
2026-07-28T18:02:55Z,a160052ab46b811cc9a9b6484c69f255fe82d9d6,6342,size_in_bytes,lib/ocaml/compiler-libs/flambda2_floats__Float32.cmt,30273
2026-07-28T18:02:55Z,a160052ab46b811cc9a9b6484c69f255fe82d9d6,6342,size_in_bytes,lib/ocaml/compiler-libs/config.cmt,297386
2026-07-28T18:02:55Z,a160052ab46b811cc9a9b6484c69f255fe82d9d6,6342,size_in_bytes,lib/ocaml/compiler-libs/arm64_binary_emitter__Bitfield_helpers.cmt,57245
2026-07-28T18:02:55Z,a160052ab46b811cc9a9b6484c69f255fe82d9d6,6342,size_in_bytes,lib/ocaml/compiler-libs/lexer.cmt,1750624
2026-07-28T18:02:55Z,a160052ab46b811cc9a9b6484c69f255fe82d9d6,6342,size_in_bytes,lib/ocaml/compiler-libs/regs_utils.cmt,170990
2026-07-28T18:02:55Z,a160052ab46b811cc9a9b6484c69f255fe82d9d6,6342,size_in_bytes,lib/ocaml/compiler-libs/flambda2_types__Aliases.cmt,989573
2026-07-28T18:02:55Z,a160052ab46b811cc9a9b6484c69f255fe82d9d6,6342,size_in_bytes,lib/ocaml/compiler-libs/flambda2_simplify__Continuation_uses_env_intf.cmt,42132
2026-07-28T18:02:55Z,a160052ab46b811cc9a9b6484c69f255fe82d9d6,6342,size_in_bytes,lib/ocaml/compiler-libs/flambda2_simplify__Flow_acc.cmt,663591
2026-07-28T18:02:55Z,a160052ab46b811cc9a9b6484c69f255fe82d9d6,6342,size_in_bytes,lib/ocaml/compiler-libs/tmc.cmt,1075008
2026-07-28T18:02:55Z,a160052ab46b811cc9a9b6484c69f255fe82d9d6,6342,size_in_bytes,lib/ocaml/compiler-libs/optlibrarian.cmt,197608
2026-07-28T18:02:55Z,a160052ab46b811cc9a9b6484c69f255fe82d9d6,6342,size_in_bytes,lib/ocaml/compiler-libs/x86_section.cmt,107852
2026-07-28T18:02:55Z,a160052ab46b811cc9a9b6484c69f255fe82d9d6,6342,size_in_bytes,lib/ocaml/compiler-libs/language_extension.cmt,526370
2026-07-28T18:02:55Z,a160052ab46b811cc9a9b6484c69f255fe82d9d6,6342,size_in_bytes,lib/ocaml/compiler-libs/flambda2_datalog__Trie.cmt,385713
2026-07-28T18:02:55Z,a160052ab46b811cc9a9b6484c69f255fe82d9d6,6342,size_in_bytes,lib/ocaml/compiler-libs/flambda2_simplify__Common_subexpression_elimination.cmt,694860
2026-07-28T18:02:55Z,a160052ab46b811cc9a9b6484c69f255fe82d9d6,6342,size_in_bytes,lib/ocaml/compiler-libs/flambda2_algorithms__Container_types.cmt,765925
2026-07-28T18:02:55Z,a160052ab46b811cc9a9b6484c69f255fe82d9d6,6342,size_in_bytes,lib/ocaml/compiler-libs/arm64_binary_emitter__Logical_helpers.cmt,118100
2026-07-28T18:02:55Z,a160052ab46b811cc9a9b6484c69f255fe82d9d6,6342,size_in_bytes,lib/ocaml/compiler-libs/flambda2_algorithms__Container_types_intf.cmt,735188
2026-07-28T18:02:55Z,a160052ab46b811cc9a9b6484c69f255fe82d9d6,6342,size_in_bytes,lib/ocaml/compiler-libs/flambda2_simplify__Simplify_common.cmt,384053
2026-07-28T18:02:55Z,a160052ab46b811cc9a9b6484c69f255fe82d9d6,6342,size_in_bytes,lib/ocaml/compiler-libs/flambda2_simplify__Simplify_quaternary_primitive.cmt,118476
2026-07-28T18:02:55Z,a160052ab46b811cc9a9b6484c69f255fe82d9d6,6342,size_in_bytes,lib/ocaml/compiler-libs/cfg_dataflow.cmt,463680
2026-07-28T18:02:55Z,a160052ab46b811cc9a9b6484c69f255fe82d9d6,6342,size_in_bytes,lib/ocaml/compiler-libs/dwarf_low__Dwarf_4_range_list.cmt,59662
2026-07-28T18:02:55Z,a160052ab46b811cc9a9b6484c69f255fe82d9d6,6342,size_in_bytes,lib/ocaml/compiler-libs/errors.cmt,13703
2026-07-28T18:02:55Z,a160052ab46b811cc9a9b6484c69f255fe82d9d6,6342,size_in_bytes,lib/ocaml/compiler-libs/flambda2_simplify__Replay_history.cmt,253159
2026-07-28T18:02:55Z,a160052ab46b811cc9a9b6484c69f255fe82d9d6,6342,size_in_bytes,lib/ocaml/compiler-libs/flambda2_identifiers__Apply_cont_rewrite_id.cmt,30189
2026-07-28T18:02:55Z,a160052ab46b811cc9a9b6484c69f255fe82d9d6,6342,size_in_bytes,lib/ocaml/compiler-libs/asm_targets.cmt,13545
2026-07-28T18:02:55Z,a160052ab46b811cc9a9b6484c69f255fe82d9d6,6342,size_in_bytes,lib/ocaml/compiler-libs/flambda2_reaper__Field.cmt,373981
2026-07-28T18:02:55Z,a160052ab46b811cc9a9b6484c69f255fe82d9d6,6342,size_in_bytes,lib/ocaml/compiler-libs/dwarf_high__Operator_builder.cmt,148511
2026-07-28T18:02:55Z,a160052ab46b811cc9a9b6484c69f255fe82d9d6,6342,size_in_bytes,lib/ocaml/compiler-libs/signature_group.cmt,176743
2026-07-28T18:02:55Z,a160052ab46b811cc9a9b6484c69f255fe82d9d6,6342,size_in_bytes,lib/ocaml/compiler-libs/flambda2_to_jsir__To_jsir_primitive.cmt,739984
2026-07-28T18:02:55Z,a160052ab46b811cc9a9b6484c69f255fe82d9d6,6342,size_in_bytes,lib/ocaml/compiler-libs/flambda2_simplify_shared.cmt,15940
2026-07-28T18:02:55Z,a160052ab46b811cc9a9b6484c69f255fe82d9d6,6342,size_in_bytes,lib/ocaml/compiler-libs/flambda2_from_lambda__Lambda_to_flambda_env.cmt,631727
2026-07-28T18:02:55Z,a160052ab46b811cc9a9b6484c69f255fe82d9d6,6342,size_in_bytes,lib/ocaml/compiler-libs/flambda2_datalog__Cursor.cmt,490001
2026-07-28T18:02:55Z,a160052ab46b811cc9a9b6484c69f255fe82d9d6,6342,size_in_bytes,lib/ocaml/compiler-libs/flambda2_bound_identifiers__Alloc_mode.cmt,316979
2026-07-28T18:02:55Z,a160052ab46b811cc9a9b6484c69f255fe82d9d6,6342,size_in_bytes,lib/ocaml/compiler-libs/bytepackager.cmt,388924
2026-07-28T18:02:55Z,a160052ab46b811cc9a9b6484c69f255fe82d9d6,6342,size_in_bytes,lib/ocaml/compiler-libs/flambda2_lattices__Or_unknown.cmt,253061
2026-07-28T18:02:55Z,a160052ab46b811cc9a9b6484c69f255fe82d9d6,6342,size_in_bytes,lib/ocaml/compiler-libs/dwarf_low__Location_list_table.cmt,22560
2026-07-28T18:02:55Z,a160052ab46b811cc9a9b6484c69f255fe82d9d6,6342,size_in_bytes,lib/ocaml/compiler-libs/arg_helper.cmt,141288
2026-07-28T18:02:55Z,a160052ab46b811cc9a9b6484c69f255fe82d9d6,6342,size_in_bytes,lib/ocaml/compiler-libs/zero_alloc_info.cmt,81705
2026-07-28T18:02:55Z,a160052ab46b811cc9a9b6484c69f255fe82d9d6,6342,size_in_bytes,lib/ocaml/compiler-libs/flambda2_nominal__Renaming.cmt,357055
2026-07-28T18:02:55Z,a160052ab46b811cc9a9b6484c69f255fe82d9d6,6342,size_in_bytes,lib/ocaml/compiler-libs/flambda2_to_cmm__To_cmm_static.cmt,1313548
2026-07-28T18:02:55Z,a160052ab46b811cc9a9b6484c69f255fe82d9d6,6342,size_in_bytes,lib/ocaml/compiler-libs/dwarf_low__Encoding_attribute.cmt,26295
2026-07-28T18:02:55Z,a160052ab46b811cc9a9b6484c69f255fe82d9d6,6342,size_in_bytes,lib/ocaml/compiler-libs/flambda2_to_cmm__To_cmm_primitive.cmt,2422027
2026-07-28T18:02:55Z,a160052ab46b811cc9a9b6484c69f255fe82d9d6,6342,size_in_bytes,lib/ocaml/compiler-libs/dwarf_concrete_instances.cmt,102076
2026-07-28T18:02:55Z,a160052ab46b811cc9a9b6484c69f255fe82d9d6,6342,size_in_bytes,lib/ocaml/compiler-libs/regalloc_rewrite.cmt,504791
2026-07-28T18:02:55Z,a160052ab46b811cc9a9b6484c69f255fe82d9d6,6342,size_in_bytes,lib/ocaml/compiler-libs/linear.cmt,66992
2026-07-28T18:02:55Z,a160052ab46b811cc9a9b6484c69f255fe82d9d6,6342,size_in_bytes,lib/ocaml/compiler-libs/complex_shape.cmt,886747
2026-07-28T18:02:55Z,a160052ab46b811cc9a9b6484c69f255fe82d9d6,6342,size_in_bytes,lib/ocaml/compiler-libs/value_rec_check.cmt,1247952
2026-07-28T18:02:55Z,a160052ab46b811cc9a9b6484c69f255fe82d9d6,6342,size_in_bytes,lib/ocaml/compiler-libs/toploop.cmt,498214
2026-07-28T18:02:55Z,a160052ab46b811cc9a9b6484c69f255fe82d9d6,6342,size_in_bytes,lib/ocaml/compiler-libs/dwarf_low__Abbreviation_code.cmt,47765
2026-07-28T18:02:55Z,a160052ab46b811cc9a9b6484c69f255fe82d9d6,6342,size_in_bytes,lib/ocaml/compiler-libs/path.cmt,321134
2026-07-28T18:02:55Z,a160052ab46b811cc9a9b6484c69f255fe82d9d6,6342,size_in_bytes,lib/ocaml/compiler-libs/datarepr.cmt,342905
2026-07-28T18:02:55Z,a160052ab46b811cc9a9b6484c69f255fe82d9d6,6342,size_in_bytes,lib/ocaml/compiler-libs/flambda2_reaper__Types_rewriter.cmt,1488023
2026-07-28T18:02:55Z,a160052ab46b811cc9a9b6484c69f255fe82d9d6,6342,size_in_bytes,lib/ocaml/compiler-libs/flambda2_simplify__Simplify_expr.cmt,194835
2026-07-28T18:02:55Z,a160052ab46b811cc9a9b6484c69f255fe82d9d6,6342,size_in_bytes,lib/ocaml/compiler-libs/trace.cmt,224698
2026-07-28T18:02:55Z,a160052ab46b811cc9a9b6484c69f255fe82d9d6,6342,size_in_bytes,lib/ocaml/compiler-libs/vectorize.cmt,3542600
2026-07-28T18:02:55Z,a160052ab46b811cc9a9b6484c69f255fe82d9d6,6342,size_in_bytes,lib/ocaml/compiler-libs/flambda2_ui.cmt,11580
2026-07-28T18:02:55Z,a160052ab46b811cc9a9b6484c69f255fe82d9d6,6342,size_in_bytes,lib/ocaml/compiler-libs/printlambda.cmt,3110155
2026-07-28T18:02:55Z,a160052ab46b811cc9a9b6484c69f255fe82d9d6,6342,size_in_bytes,lib/ocaml/compiler-libs/proc.cmt,658530
2026-07-28T18:02:55Z,a160052ab46b811cc9a9b6484c69f255fe82d9d6,6342,size_in_bytes,lib/ocaml/compiler-libs/flambda2_parser__Fexpr_to_flambda.cmt,1112493
2026-07-28T18:02:55Z,a160052ab46b811cc9a9b6484c69f255fe82d9d6,6342,size_in_bytes,lib/ocaml/compiler-libs/flambda2_types__Traversals.cmt,2059298
2026-07-28T18:02:55Z,a160052ab46b811cc9a9b6484c69f255fe82d9d6,6342,size_in_bytes,lib/ocaml/compiler-libs/peephole_rules.cmt,227317
2026-07-28T18:02:55Z,a160052ab46b811cc9a9b6484c69f255fe82d9d6,6342,size_in_bytes,lib/ocaml/compiler-libs/flambda2_types__Binding_time.cmt,201833
2026-07-28T18:02:55Z,a160052ab46b811cc9a9b6484c69f255fe82d9d6,6342,size_in_bytes,lib/ocaml/compiler-libs/flambda2_identifiers__Symbol.cmt,28421
2026-07-28T18:02:55Z,a160052ab46b811cc9a9b6484c69f255fe82d9d6,6342,size_in_bytes,lib/ocaml/compiler-libs/flambda2_parser__Fexpr.cmt,172435
2026-07-28T18:02:55Z,a160052ab46b811cc9a9b6484c69f255fe82d9d6,6342,size_in_bytes,lib/ocaml/compiler-libs/flambda2_terms__Removed_operations.cmt,153161
2026-07-28T18:02:55Z,a160052ab46b811cc9a9b6484c69f255fe82d9d6,6342,size_in_bytes,lib/ocaml/compiler-libs/arm64_binary_emitter__Add_sub_helpers.cmt,252579
2026-07-28T18:02:55Z,a160052ab46b811cc9a9b6484c69f255fe82d9d6,6342,size_in_bytes,lib/ocaml/compiler-libs/flambda2_bound_identifiers__Bound_var.cmt,80900
2026-07-28T18:02:55Z,a160052ab46b811cc9a9b6484c69f255fe82d9d6,6342,size_in_bytes,lib/ocaml/compiler-libs/jit_backend.cmt,153587
2026-07-28T18:02:55Z,a160052ab46b811cc9a9b6484c69f255fe82d9d6,6342,size_in_bytes,lib/ocaml/compiler-libs/flambda2_reaper__Global_flow_graph.cmt,332052
2026-07-28T18:02:55Z,a160052ab46b811cc9a9b6484c69f255fe82d9d6,6342,size_in_bytes,lib/ocaml/compiler-libs/flambda2_terms__Apply_expr.cmt,597897
2026-07-28T18:02:55Z,a160052ab46b811cc9a9b6484c69f255fe82d9d6,6342,size_in_bytes,lib/ocaml/compiler-libs/stack_class.cmt,63512
2026-07-28T18:02:55Z,a160052ab46b811cc9a9b6484c69f255fe82d9d6,6342,size_in_bytes,lib/ocaml/compiler-libs/amd64_simd_defs.cmt,162475
2026-07-28T18:02:55Z,a160052ab46b811cc9a9b6484c69f255fe82d9d6,6342,size_in_bytes,lib/ocaml/compiler-libs/profile.cmt,647575
2026-07-28T18:02:55Z,a160052ab46b811cc9a9b6484c69f255fe82d9d6,6342,size_in_bytes,lib/ocaml/compiler-libs/flambda2_terms__Coeffects.cmt,38346
2026-07-28T18:02:55Z,a160052ab46b811cc9a9b6484c69f255fe82d9d6,6342,size_in_bytes,lib/ocaml/compiler-libs/env.cmt,7782801
2026-07-28T18:02:55Z,a160052ab46b811cc9a9b6484c69f255fe82d9d6,6342,size_in_bytes,lib/ocaml/compiler-libs/flambda2_terms__Regalloc_attribute.cmt,37860
2026-07-28T18:02:55Z,a160052ab46b811cc9a9b6484c69f255fe82d9d6,6342,size_in_bytes,lib/ocaml/compiler-libs/arm64_binary_emitter__Nop_helpers.cmt,15434
2026-07-28T18:02:55Z,a160052ab46b811cc9a9b6484c69f255fe82d9d6,6342,size_in_bytes,lib/ocaml/compiler-libs/regalloc_invariants.cmt,261081
2026-07-28T18:02:55Z,a160052ab46b811cc9a9b6484c69f255fe82d9d6,6342,size_in_bytes,lib/ocaml/compiler-libs/flambda2_terms__Inlined_attribute.cmt,81846
2026-07-28T18:02:55Z,a160052ab46b811cc9a9b6484c69f255fe82d9d6,6342,size_in_bytes,lib/ocaml/compiler-libs/flambda2_terms__Mutability.cmt,43771
2026-07-28T18:02:55Z,a160052ab46b811cc9a9b6484c69f255fe82d9d6,6342,size_in_bytes,lib/ocaml/compiler-libs/simplif.cmt,1619763
2026-07-28T18:02:55Z,a160052ab46b811cc9a9b6484c69f255fe82d9d6,6342,size_in_bytes,lib/ocaml/compiler-libs/asm_targets__Asm_directives.cmt,1727189
2026-07-28T18:02:55Z,a160052ab46b811cc9a9b6484c69f255fe82d9d6,6342,size_in_bytes,lib/ocaml/compiler-libs/dwarf_low__Dwarf_operator.cmt,376800
2026-07-28T18:02:55Z,a160052ab46b811cc9a9b6484c69f255fe82d9d6,6342,size_in_bytes,lib/ocaml/compiler-libs/flambda2_to_cmm.cmt,16542
2026-07-28T18:02:55Z,a160052ab46b811cc9a9b6484c69f255fe82d9d6,6342,size_in_bytes,lib/ocaml/compiler-libs/dwarf_low__Dwarf_4_location_list.cmt,60096
2026-07-28T18:02:55Z,a160052ab46b811cc9a9b6484c69f255fe82d9d6,6342,size_in_bytes,lib/ocaml/compiler-libs/priority_queue.cmt,220620
2026-07-28T18:02:55Z,a160052ab46b811cc9a9b6484c69f255fe82d9d6,6342,size_in_bytes,lib/ocaml/compiler-libs/flambda2_simplify__Simplified_named.cmt,97981
2026-07-28T18:02:55Z,a160052ab46b811cc9a9b6484c69f255fe82d9d6,6342,size_in_bytes,lib/ocaml/compiler-libs/optcompile.cmt,371294
2026-07-28T18:02:55Z,a160052ab46b811cc9a9b6484c69f255fe82d9d6,6342,size_in_bytes,lib/ocaml/compiler-libs/flambda2_types__Equal_types_for_debug.cmt,800965
2026-07-28T18:02:55Z,a160052ab46b811cc9a9b6484c69f255fe82d9d6,6342,size_in_bytes,lib/ocaml/compiler-libs/dwarf_low__Location_or_range_list_table.cmt,117099
2026-07-28T18:02:55Z,a160052ab46b811cc9a9b6484c69f255fe82d9d6,6342,size_in_bytes,lib/ocaml/compiler-libs/mixed_product_bytes.cmt,163047
2026-07-28T18:02:55Z,a160052ab46b811cc9a9b6484c69f255fe82d9d6,6342,size_in_bytes,lib/ocaml/compiler-libs/slambdaident.cmt,203187
2026-07-28T18:02:55Z,a160052ab46b811cc9a9b6484c69f255fe82d9d6,6342,size_in_bytes,lib/ocaml/compiler-libs/flambda2_identifiers__Reg_width_const.cmt,193223
2026-07-28T18:02:55Z,a160052ab46b811cc9a9b6484c69f255fe82d9d6,6342,size_in_bytes,lib/ocaml/compiler-libs/stack_check.cmt,33303
2026-07-28T18:02:55Z,a160052ab46b811cc9a9b6484c69f255fe82d9d6,6342,size_in_bytes,lib/ocaml/compiler-libs/dwarf_high.cmt,14433
2026-07-28T18:02:55Z,a160052ab46b811cc9a9b6484c69f255fe82d9d6,6342,size_in_bytes,lib/ocaml/compiler-libs/cmi_format.cmt,296115
2026-07-28T18:02:55Z,a160052ab46b811cc9a9b6484c69f255fe82d9d6,6342,size_in_bytes,lib/ocaml/compiler-libs/typetexp.cmt,2756277
2026-07-28T18:02:55Z,a160052ab46b811cc9a9b6484c69f255fe82d9d6,6342,size_in_bytes,lib/ocaml/compiler-libs/flambda2_identifiers__Code_id_or_symbol.cmt,23480
2026-07-28T18:02:55Z,a160052ab46b811cc9a9b6484c69f255fe82d9d6,6342,size_in_bytes,lib/ocaml/compiler-libs/flambda2_nominal__Contains_ids.cmt,22930
2026-07-28T18:02:55Z,a160052ab46b811cc9a9b6484c69f255fe82d9d6,6342,size_in_bytes,lib/ocaml/compiler-libs/includemod_errorprinter.cmt,2151324
2026-07-28T18:02:55Z,a160052ab46b811cc9a9b6484c69f255fe82d9d6,6342,size_in_bytes,lib/ocaml/compiler-libs/flambda2_simplify__Continuation_uses_env.cmt,107687
2026-07-28T18:02:55Z,a160052ab46b811cc9a9b6484c69f255fe82d9d6,6342,size_in_bytes,lib/ocaml/compiler-libs/printcfg.cmt,538671
2026-07-28T18:02:55Z,a160052ab46b811cc9a9b6484c69f255fe82d9d6,6342,size_in_bytes,lib/ocaml/compiler-libs/printtyp.cmt,272335
2026-07-28T18:02:55Z,a160052ab46b811cc9a9b6484c69f255fe82d9d6,6342,size_in_bytes,lib/ocaml/compiler-libs/cfg_deadcode.cmt,71464
2026-07-28T18:02:55Z,a160052ab46b811cc9a9b6484c69f255fe82d9d6,6342,size_in_bytes,lib/ocaml/compiler-libs/flambda2_simplify__Dominator_graph.cmt,436672
2026-07-28T18:02:55Z,a160052ab46b811cc9a9b6484c69f255fe82d9d6,6342,size_in_bytes,lib/ocaml/compiler-libs/topstart.cmt,13336
2026-07-28T18:02:55Z,a160052ab46b811cc9a9b6484c69f255fe82d9d6,6342,size_in_bytes,lib/ocaml/compiler-libs/dwarf_name_laundry.cmt,39428
2026-07-28T18:02:55Z,a160052ab46b811cc9a9b6484c69f255fe82d9d6,6342,size_in_bytes,lib/ocaml/compiler-libs/diffing.cmt,546488
2026-07-28T18:02:55Z,a160052ab46b811cc9a9b6484c69f255fe82d9d6,6342,size_in_bytes,lib/ocaml/compiler-libs/partition.cmt,50407
2026-07-28T18:02:55Z,a160052ab46b811cc9a9b6484c69f255fe82d9d6,6342,size_in_bytes,lib/ocaml/compiler-libs/global_module.cmt,940779
2026-07-28T18:02:55Z,a160052ab46b811cc9a9b6484c69f255fe82d9d6,6342,size_in_bytes,lib/ocaml/compiler-libs/dwarf_low__Range_list_table.cmt,22245
2026-07-28T18:02:55Z,a160052ab46b811cc9a9b6484c69f255fe82d9d6,6342,size_in_bytes,lib/ocaml/compiler-libs/warnings.cmt,2155642
2026-07-28T18:02:55Z,a160052ab46b811cc9a9b6484c69f255fe82d9d6,6342,size_in_bytes,lib/ocaml/compiler-libs/gprinttyp.cmt,1765687
2026-07-28T18:02:55Z,a160052ab46b811cc9a9b6484c69f255fe82d9d6,6342,size_in_bytes,lib/ocaml/compiler-libs/debuginfo.cmt,584250
2026-07-28T18:02:55Z,a160052ab46b811cc9a9b6484c69f255fe82d9d6,6342,size_in_bytes,lib/ocaml/compiler-libs/flambda2_simplify__Flow.cmt,25650
2026-07-28T18:02:55Z,a160052ab46b811cc9a9b6484c69f255fe82d9d6,6342,size_in_bytes,lib/ocaml/compiler-libs/transl_comprehension_utils.cmt,211789
2026-07-28T18:02:55Z,a160052ab46b811cc9a9b6484c69f255fe82d9d6,6342,size_in_bytes,lib/ocaml/compiler-libs/flambda2_identifiers.cmt,23296
2026-07-28T18:02:55Z,a160052ab46b811cc9a9b6484c69f255fe82d9d6,6342,size_in_bytes,lib/ocaml/compiler-libs/rawprinttyp.cmt,535919
2026-07-28T18:02:55Z,a160052ab46b811cc9a9b6484c69f255fe82d9d6,6342,size_in_bytes,lib/ocaml/compiler-libs/doubly_linked_list.cmt,515975
2026-07-28T18:02:55Z,a160052ab46b811cc9a9b6484c69f255fe82d9d6,6342,size_in_bytes,lib/ocaml/compiler-libs/emitaux.cmt,897069
2026-07-28T18:02:55Z,a160052ab46b811cc9a9b6484c69f255fe82d9d6,6342,size_in_bytes,lib/ocaml/compiler-libs/flambda2_identifiers__Continuation.cmt,291917
2026-07-28T18:02:55Z,a160052ab46b811cc9a9b6484c69f255fe82d9d6,6342,size_in_bytes,lib/ocaml/compiler-libs/patterns.cmt,321263
2026-07-28T18:02:55Z,a160052ab46b811cc9a9b6484c69f255fe82d9d6,6342,size_in_bytes,lib/ocaml/compiler-libs/cfg_liveness.cmt,102587
2026-07-28T18:02:55Z,a160052ab46b811cc9a9b6484c69f255fe82d9d6,6342,size_in_bytes,lib/ocaml/compiler-libs/flambda2_algorithms.cmt,15945
2026-07-28T18:02:55Z,a160052ab46b811cc9a9b6484c69f255fe82d9d6,6342,size_in_bytes,lib/ocaml/compiler-libs/load_path.cmt,627632
2026-07-28T18:02:55Z,a160052ab46b811cc9a9b6484c69f255fe82d9d6,6342,size_in_bytes,lib/ocaml/compiler-libs/printpat.cmt,501708
2026-07-28T18:02:55Z,a160052ab46b811cc9a9b6484c69f255fe82d9d6,6342,size_in_bytes,lib/ocaml/compiler-libs/uniqueness_analysis.cmt,3099800
2026-07-28T18:02:55Z,a160052ab46b811cc9a9b6484c69f255fe82d9d6,6342,size_in_bytes,lib/ocaml/compiler-libs/untypeast.cmt,1991778
2026-07-28T18:02:55Z,a160052ab46b811cc9a9b6484c69f255fe82d9d6,6342,size_in_bytes,lib/ocaml/compiler-libs/arm64_binary_emitter__All_section_states.cmt,162070
2026-07-28T18:02:55Z,a160052ab46b811cc9a9b6484c69f255fe82d9d6,6342,size_in_bytes,lib/ocaml/compiler-libs/cms_format.cmt,152571
2026-07-28T18:02:55Z,a160052ab46b811cc9a9b6484c69f255fe82d9d6,6342,size_in_bytes,lib/ocaml/compiler-libs/flambda2_terms__Inlining_arguments.cmt,391118
2026-07-28T18:02:55Z,a160052ab46b811cc9a9b6484c69f255fe82d9d6,6342,size_in_bytes,lib/ocaml/compiler-libs/flambda2_types__Join_levels.cmt,159987
2026-07-28T18:02:55Z,a160052ab46b811cc9a9b6484c69f255fe82d9d6,6342,size_in_bytes,lib/ocaml/compiler-libs/flambda2_simplify__Loopify_state.cmt,37640
2026-07-28T18:02:55Z,a160052ab46b811cc9a9b6484c69f255fe82d9d6,6342,size_in_bytes,lib/ocaml/compiler-libs/flambda2_nominal__Bindable.cmt,32168
2026-07-28T18:02:55Z,a160052ab46b811cc9a9b6484c69f255fe82d9d6,6342,size_in_bytes,lib/ocaml/compiler-libs/flambda2_nominal__Name_mode.cmt,332227
2026-07-28T18:02:55Z,a160052ab46b811cc9a9b6484c69f255fe82d9d6,6342,size_in_bytes,lib/ocaml/compiler-libs/typedecl_properties.cmt,111610
2026-07-28T18:02:55Z,a160052ab46b811cc9a9b6484c69f255fe82d9d6,6342,size_in_bytes,lib/ocaml/compiler-libs/arrayset.cmt,187318
2026-07-28T18:02:55Z,a160052ab46b811cc9a9b6484c69f255fe82d9d6,6342,size_in_bytes,lib/ocaml/compiler-libs/linear_utils.cmt,39357
2026-07-28T18:02:55Z,a160052ab46b811cc9a9b6484c69f255fe82d9d6,6342,size_in_bytes,lib/ocaml/compiler-libs/flambda2_bound_identifiers__Bound_continuation.cmt,37767
2026-07-28T18:02:55Z,a160052ab46b811cc9a9b6484c69f255fe82d9d6,6342,size_in_bytes,lib/ocaml/compiler-libs/bytegen.cmt,1294932
2026-07-28T18:02:55Z,a160052ab46b811cc9a9b6484c69f255fe82d9d6,6342,size_in_bytes,lib/ocaml/compiler-libs/flambda2_simplify__Rebuilt_expr.cmt,162564
2026-07-28T18:02:55Z,a160052ab46b811cc9a9b6484c69f255fe82d9d6,6342,size_in_bytes,lib/ocaml/compiler-libs/flambda2_to_cmm__To_cmm_result.cmt,186753
2026-07-28T18:02:55Z,a160052ab46b811cc9a9b6484c69f255fe82d9d6,6342,size_in_bytes,lib/ocaml/compiler-libs/translcore.cmt,3445281
2026-07-28T18:02:55Z,a160052ab46b811cc9a9b6484c69f255fe82d9d6,6342,size_in_bytes,lib/ocaml/compiler-libs/flambda2_terms__Inline_attribute.cmt,57495
2026-07-28T18:02:55Z,a160052ab46b811cc9a9b6484c69f255fe82d9d6,6342,size_in_bytes,lib/ocaml/compiler-libs/primitive.cmt,1185118
2026-07-28T18:02:55Z,a160052ab46b811cc9a9b6484c69f255fe82d9d6,6342,size_in_bytes,lib/ocaml/compiler-libs/flambda2_datalog.cmt,390453
2026-07-28T18:02:55Z,a160052ab46b811cc9a9b6484c69f255fe82d9d6,6342,size_in_bytes,lib/ocaml/compiler-libs/flambda2_simplify__Simplify_let_expr.cmt,388460
2026-07-28T18:02:55Z,a160052ab46b811cc9a9b6484c69f255fe82d9d6,6342,size_in_bytes,lib/ocaml/compiler-libs/flambda2_from_lambda__Lambda_to_lambda_transforms.cmt,1561351
2026-07-28T18:02:55Z,a160052ab46b811cc9a9b6484c69f255fe82d9d6,6342,size_in_bytes,lib/ocaml/compiler-libs/dwarf_reg_locations.cmt,84896
2026-07-28T18:02:55Z,a160052ab46b811cc9a9b6484c69f255fe82d9d6,6342,size_in_bytes,lib/ocaml/compiler-libs/symbol.cmt,206339
2026-07-28T18:02:55Z,a160052ab46b811cc9a9b6484c69f255fe82d9d6,6342,size_in_bytes,lib/ocaml/compiler-libs/flambda2_nominal__Ids_for_export.cmt,132108
2026-07-28T18:02:55Z,a160052ab46b811cc9a9b6484c69f255fe82d9d6,6342,size_in_bytes,lib/ocaml/compiler-libs/translclass.cmt,1676063
2026-07-28T18:02:55Z,a160052ab46b811cc9a9b6484c69f255fe82d9d6,6342,size_in_bytes,lib/ocaml/compiler-libs/flambda2_simplify__Control_flow_graph.cmt,529968
2026-07-28T18:02:55Z,a160052ab46b811cc9a9b6484c69f255fe82d9d6,6342,size_in_bytes,lib/ocaml/compiler-libs/flambda2_identifiers__Int_ids.cmt,1742594
2026-07-28T18:02:55Z,a160052ab46b811cc9a9b6484c69f255fe82d9d6,6342,size_in_bytes,lib/ocaml/compiler-libs/dwarf_abstract_instances.cmt,140944
2026-07-28T18:02:55Z,a160052ab46b811cc9a9b6484c69f255fe82d9d6,6342,size_in_bytes,lib/ocaml/compiler-libs/arm64_binary_emitter__Shift_immh_immb_helpers.cmt,55645
2026-07-28T18:02:55Z,a160052ab46b811cc9a9b6484c69f255fe82d9d6,6342,size_in_bytes,lib/ocaml/compiler-libs/flambda2_lattices.cmt,12379
2026-07-28T18:02:55Z,a160052ab46b811cc9a9b6484c69f255fe82d9d6,6342,size_in_bytes,lib/ocaml/compiler-libs/flambda2_term_basics__Inlined_debuginfo.cmt,120385
2026-07-28T18:02:55Z,a160052ab46b811cc9a9b6484c69f255fe82d9d6,6342,size_in_bytes,lib/ocaml/compiler-libs/value_rec_compiler.cmt,805255
2026-07-28T18:02:55Z,a160052ab46b811cc9a9b6484c69f255fe82d9d6,6342,size_in_bytes,lib/ocaml/compiler-libs/flambda2_types__Typing_env_extension.cmt,194432
2026-07-28T18:02:55Z,a160052ab46b811cc9a9b6484c69f255fe82d9d6,6342,size_in_bytes,lib/ocaml/compiler-libs/dwarf_compilation_unit.cmt,70066
2026-07-28T18:02:55Z,a160052ab46b811cc9a9b6484c69f255fe82d9d6,6342,size_in_bytes,lib/ocaml/compiler-libs/dwarf_state.cmt,87245
2026-07-28T18:02:55Z,a160052ab46b811cc9a9b6484c69f255fe82d9d6,6342,size_in_bytes,lib/ocaml/compiler-libs/expunge.cmt,94258
2026-07-28T18:02:55Z,a160052ab46b811cc9a9b6484c69f255fe82d9d6,6342,size_in_bytes,lib/ocaml/compiler-libs/consistbl.cmt,152634
2026-07-28T18:02:55Z,a160052ab46b811cc9a9b6484c69f255fe82d9d6,6342,size_in_bytes,lib/ocaml/compiler-libs/binary_emitter_intf.cmt,58938
2026-07-28T18:02:55Z,a160052ab46b811cc9a9b6484c69f255fe82d9d6,6342,size_in_bytes,lib/ocaml/compiler-libs/x86_masm.cmt,484718
2026-07-28T18:02:55Z,a160052ab46b811cc9a9b6484c69f255fe82d9d6,6342,size_in_bytes,lib/ocaml/compiler-libs/topmain.cmt,287147
2026-07-28T18:02:55Z,a160052ab46b811cc9a9b6484c69f255fe82d9d6,6342,size_in_bytes,lib/ocaml/compiler-libs/flambda2_parser__Parse_flambda.cmt,111645
2026-07-28T18:02:55Z,a160052ab46b811cc9a9b6484c69f255fe82d9d6,6342,size_in_bytes,lib/ocaml/compiler-libs/flambda2_numbers__Or_infinity.cmt,37014
2026-07-28T18:02:55Z,a160052ab46b811cc9a9b6484c69f255fe82d9d6,6342,size_in_bytes,lib/ocaml/compiler-libs/string_table.cmt,35585
2026-07-28T18:02:55Z,a160052ab46b811cc9a9b6484c69f255fe82d9d6,6342,size_in_bytes,lib/ocaml/compiler-libs/flambda2_import.cmt,11093
2026-07-28T18:02:55Z,a160052ab46b811cc9a9b6484c69f255fe82d9d6,6342,size_in_bytes,lib/ocaml/compiler-libs/zero_alloc_annotations.cmt,48948
2026-07-28T18:02:55Z,a160052ab46b811cc9a9b6484c69f255fe82d9d6,6342,size_in_bytes,lib/ocaml/compiler-libs/x86_dsl.cmt,239096
2026-07-28T18:02:55Z,a160052ab46b811cc9a9b6484c69f255fe82d9d6,6342,size_in_bytes,lib/ocaml/compiler-libs/slambdaeval.cmt,717114
2026-07-28T18:02:55Z,a160052ab46b811cc9a9b6484c69f255fe82d9d6,6342,size_in_bytes,lib/ocaml/compiler-libs/flambda2_simplify__Join_points.cmt,334006
2026-07-28T18:02:55Z,a160052ab46b811cc9a9b6484c69f255fe82d9d6,6342,size_in_bytes,lib/ocaml/compiler-libs/zero_alloc.cmt,209113
2026-07-28T18:02:55Z,a160052ab46b811cc9a9b6484c69f255fe82d9d6,6342,size_in_bytes,lib/ocaml/compiler-libs/targetint.cmt,163459
2026-07-28T18:02:55Z,a160052ab46b811cc9a9b6484c69f255fe82d9d6,6342,size_in_bytes,lib/ocaml/compiler-libs/arm64_binary_emitter__Branch_helpers.cmt,273073
2026-07-28T18:02:55Z,a160052ab46b811cc9a9b6484c69f255fe82d9d6,6342,size_in_bytes,lib/ocaml/compiler-libs/flambda2_algorithms__Table_by_int_id.cmt,136082
2026-07-28T18:02:55Z,a160052ab46b811cc9a9b6484c69f255fe82d9d6,6342,size_in_bytes,lib/ocaml/compiler-libs/cfg_format.cmt,105996
2026-07-28T18:02:55Z,a160052ab46b811cc9a9b6484c69f255fe82d9d6,6342,size_in_bytes,lib/ocaml/compiler-libs/arm64_binary_emitter__Section_state.cmt,218960
2026-07-28T18:02:55Z,a160052ab46b811cc9a9b6484c69f255fe82d9d6,6342,size_in_bytes,lib/ocaml/compiler-libs/flambda2_algorithms__Channel.cmt,27960
2026-07-28T18:02:55Z,a160052ab46b811cc9a9b6484c69f255fe82d9d6,6342,size_in_bytes,lib/ocaml/compiler-libs/cmm.cmt,673238
2026-07-28T18:02:55Z,a160052ab46b811cc9a9b6484c69f255fe82d9d6,6342,size_in_bytes,lib/ocaml/compiler-libs/flambda2_simplify__Inlining_transforms.cmt,202052
2026-07-28T18:02:55Z,a160052ab46b811cc9a9b6484c69f255fe82d9d6,6342,size_in_bytes,lib/ocaml/compiler-libs/flambda2_simplify__Named_rewrite.cmt,48436
2026-07-28T18:02:55Z,a160052ab46b811cc9a9b6484c69f255fe82d9d6,6342,size_in_bytes,lib/ocaml/compiler-libs/dwarf_variables_and_parameters.cmt,233458
2026-07-28T18:02:55Z,a160052ab46b811cc9a9b6484c69f255fe82d9d6,6342,size_in_bytes,lib/ocaml/compiler-libs/arm64_binary_emitter__Mov_helpers.cmt,64901
2026-07-28T18:02:55Z,a160052ab46b811cc9a9b6484c69f255fe82d9d6,6342,size_in_bytes,lib/ocaml/compiler-libs/errortrace_report.cmt,993065
2026-07-28T18:02:55Z,a160052ab46b811cc9a9b6484c69f255fe82d9d6,6342,size_in_bytes,lib/ocaml/compiler-libs/pparse.cmt,323175
2026-07-28T18:02:55Z,a160052ab46b811cc9a9b6484c69f255fe82d9d6,6342,size_in_bytes,lib/ocaml/compiler-libs/reg_availability_set.cmt,132646
2026-07-28T18:02:55Z,a160052ab46b811cc9a9b6484c69f255fe82d9d6,6342,size_in_bytes,lib/ocaml/compiler-libs/flambda2_simplify__Data_flow_graph.cmt,598889
2026-07-28T18:02:55Z,a160052ab46b811cc9a9b6484c69f255fe82d9d6,6342,size_in_bytes,lib/ocaml/compiler-libs/bytesections.cmt,135708
2026-07-28T18:02:55Z,a160052ab46b811cc9a9b6484c69f255fe82d9d6,6342,size_in_bytes,lib/ocaml/compiler-libs/flambda2_to_jsir__To_jsir_set_of_closures.cmt,99296
2026-07-28T18:02:55Z,a160052ab46b811cc9a9b6484c69f255fe82d9d6,6342,size_in_bytes,lib/ocaml/compiler-libs/binary_emitter_verify.cmt,651142
2026-07-28T18:02:55Z,a160052ab46b811cc9a9b6484c69f255fe82d9d6,6342,size_in_bytes,lib/ocaml/compiler-libs/ast_invariants.cmt,477288
2026-07-28T18:02:55Z,a160052ab46b811cc9a9b6484c69f255fe82d9d6,6342,size_in_bytes,lib/ocaml/compiler-libs/ast_iterator.cmt,1420571
2026-07-28T18:02:55Z,a160052ab46b811cc9a9b6484c69f255fe82d9d6,6342,size_in_bytes,lib/ocaml/compiler-libs/printast_with_mappings.cmt,3477459
2026-07-28T18:02:55Z,a160052ab46b811cc9a9b6484c69f255fe82d9d6,6342,size_in_bytes,lib/ocaml/compiler-libs/dwarf_low__Range_list.cmt,20060
2026-07-28T18:02:55Z,a160052ab46b811cc9a9b6484c69f255fe82d9d6,6342,size_in_bytes,lib/ocaml/compiler-libs/zero_alloc_checker.cmt,3416431
2026-07-28T18:02:55Z,a160052ab46b811cc9a9b6484c69f255fe82d9d6,6342,size_in_bytes,lib/ocaml/compiler-libs/dwarf_flags.cmt,175114
2026-07-28T18:02:55Z,a160052ab46b811cc9a9b6484c69f255fe82d9d6,6342,size_in_bytes,lib/ocaml/compiler-libs/arm64_binary_emitter__Condition_helpers.cmt,28862
2026-07-28T18:02:55Z,a160052ab46b811cc9a9b6484c69f255fe82d9d6,6342,size_in_bytes,lib/ocaml/compiler-libs/flambda2_parser__Flambda_to_fexpr.cmt,1102930
2026-07-28T18:02:55Z,a160052ab46b811cc9a9b6484c69f255fe82d9d6,6342,size_in_bytes,lib/ocaml/compiler-libs/zero_alloc_utils.cmt,254759
2026-07-28T18:02:55Z,a160052ab46b811cc9a9b6484c69f255fe82d9d6,6342,size_in_bytes,lib/ocaml/compiler-libs/printinstr.cmt,313185
2026-07-28T18:02:55Z,a160052ab46b811cc9a9b6484c69f255fe82d9d6,6342,size_in_bytes,lib/ocaml/compiler-libs/flambda2_datalog__Table.cmt,384063
2026-07-28T18:02:55Z,a160052ab46b811cc9a9b6484c69f255fe82d9d6,6342,size_in_bytes,lib/ocaml/compiler-libs/flambda2_numbers__Numeric_types.cmt,1733125
2026-07-28T18:02:55Z,a160052ab46b811cc9a9b6484c69f255fe82d9d6,6342,size_in_bytes,lib/ocaml/compiler-libs/flambda2_types__More_type_creators.cmt,553124
2026-07-28T18:02:55Z,a160052ab46b811cc9a9b6484c69f255fe82d9d6,6342,size_in_bytes,lib/ocaml/compiler-libs/cfg_to_linear_desc.cmt,33625
2026-07-28T18:02:55Z,a160052ab46b811cc9a9b6484c69f255fe82d9d6,6342,size_in_bytes,lib/ocaml/compiler-libs/flambda2_bound_identifiers__Bound_parameters.cmt,149235
2026-07-28T18:02:55Z,a160052ab46b811cc9a9b6484c69f255fe82d9d6,6342,size_in_bytes,lib/ocaml/compiler-libs/mixed_block_shape.cmt,309205
2026-07-28T18:02:55Z,a160052ab46b811cc9a9b6484c69f255fe82d9d6,6342,size_in_bytes,lib/ocaml/compiler-libs/flambda2_types__.cmt,27838
2026-07-28T18:02:55Z,a160052ab46b811cc9a9b6484c69f255fe82d9d6,6342,size_in_bytes,lib/ocaml/compiler-libs/flambda2_terms__Cost_metrics.cmt,106885
2026-07-28T18:02:55Z,a160052ab46b811cc9a9b6484c69f255fe82d9d6,6342,size_in_bytes,lib/ocaml/compiler-libs/flambda2_identifiers__Flambda_debug_uid.cmt,201583
2026-07-28T18:02:55Z,a160052ab46b811cc9a9b6484c69f255fe82d9d6,6342,size_in_bytes,lib/ocaml/compiler-libs/flambda2_types__Meet_and_n_way_join.cmt,3674451
2026-07-28T18:02:55Z,a160052ab46b811cc9a9b6484c69f255fe82d9d6,6342,size_in_bytes,lib/ocaml/compiler-libs/flambda2_kinds__Tag.cmt,445061
2026-07-28T18:02:55Z,a160052ab46b811cc9a9b6484c69f255fe82d9d6,6342,size_in_bytes,lib/ocaml/compiler-libs/amd64_simd_instrs.cmt,8719622
2026-07-28T18:02:55Z,a160052ab46b811cc9a9b6484c69f255fe82d9d6,6342,size_in_bytes,lib/ocaml/compiler-libs/flambda2_types__Meet_env.cmt,518462
2026-07-28T18:02:55Z,a160052ab46b811cc9a9b6484c69f255fe82d9d6,6342,size_in_bytes,lib/ocaml/compiler-libs/dwarf_low__Address_index.cmt,245284
2026-07-28T18:02:55Z,a160052ab46b811cc9a9b6484c69f255fe82d9d6,6342,size_in_bytes,lib/ocaml/compiler-libs/flambda2_from_lambda__Lambda_to_flambda.cmt,2240195
2026-07-28T18:02:55Z,a160052ab46b811cc9a9b6484c69f255fe82d9d6,6342,size_in_bytes,lib/ocaml/compiler-libs/flambda2_identifiers__Named_rewrite_id.cmt,30159
2026-07-28T18:02:55Z,a160052ab46b811cc9a9b6484c69f255fe82d9d6,6342,size_in_bytes,lib/ocaml/compiler-libs/switch.cmt,1367886
2026-07-28T18:02:55Z,a160052ab46b811cc9a9b6484c69f255fe82d9d6,6342,size_in_bytes,lib/ocaml/compiler-libs/printcmm.cmt,1047895
2026-07-28T18:02:55Z,a160052ab46b811cc9a9b6484c69f255fe82d9d6,6342,size_in_bytes,lib/ocaml/compiler-libs/symtable.cmt,699446
2026-07-28T18:02:55Z,a160052ab46b811cc9a9b6484c69f255fe82d9d6,6342,size_in_bytes,lib/ocaml/compiler-libs/flambda2_bound_identifiers__Bound_parameter.cmt,259169
2026-07-28T18:02:55Z,a160052ab46b811cc9a9b6484c69f255fe82d9d6,6342,size_in_bytes,lib/ocaml/compiler-libs/flambda2_reaper__Points_to_analysis.cmt,1611821
2026-07-28T18:02:55Z,a160052ab46b811cc9a9b6484c69f255fe82d9d6,6342,size_in_bytes,lib/ocaml/compiler-libs/flambda2_simplify__Simplify_simple.cmt,79205
2026-07-28T18:02:55Z,a160052ab46b811cc9a9b6484c69f255fe82d9d6,6342,size_in_bytes,lib/ocaml/compiler-libs/flambda2_simplify__Number_adjuncts.cmt,1886215
2026-07-28T18:02:55Z,a160052ab46b811cc9a9b6484c69f255fe82d9d6,6342,size_in_bytes,lib/ocaml/compiler-libs/regalloc_split_state.cmt,817044
2026-07-28T18:02:55Z,a160052ab46b811cc9a9b6484c69f255fe82d9d6,6342,size_in_bytes,lib/ocaml/compiler-libs/cmt2annot.cmt,248410
2026-07-28T18:02:55Z,a160052ab46b811cc9a9b6484c69f255fe82d9d6,6342,size_in_bytes,lib/ocaml/compiler-libs/arm64_binary_emitter__Adr_helpers.cmt,61162
2026-07-28T18:02:55Z,a160052ab46b811cc9a9b6484c69f255fe82d9d6,6342,size_in_bytes,lib/ocaml/compiler-libs/x86_peephole_optimize.cmt,34860
2026-07-28T18:02:55Z,a160052ab46b811cc9a9b6484c69f255fe82d9d6,6342,size_in_bytes,lib/ocaml/compiler-libs/partition_object_files.cmt,121265
2026-07-28T18:02:55Z,a160052ab46b811cc9a9b6484c69f255fe82d9d6,6342,size_in_bytes,lib/ocaml/compiler-libs/flambda2_types.cmt,427824
2026-07-28T18:02:55Z,a160052ab46b811cc9a9b6484c69f255fe82d9d6,6342,size_in_bytes,lib/ocaml/compiler-libs/flambda2_term_basics__Empty_array_kind.cmt,57037
2026-07-28T18:02:55Z,a160052ab46b811cc9a9b6484c69f255fe82d9d6,6342,size_in_bytes,lib/ocaml/compiler-libs/flambda2_cmx__Flambda_cmx.cmt,222012
2026-07-28T18:02:55Z,a160052ab46b811cc9a9b6484c69f255fe82d9d6,6342,size_in_bytes,lib/ocaml/compiler-libs/flambda2_simplify__Simplify_let_cont_expr.cmt,1574800
2026-07-28T18:02:55Z,a160052ab46b811cc9a9b6484c69f255fe82d9d6,6342,size_in_bytes,lib/ocaml/compiler-libs/printtyped.cmt,3953154
2026-07-28T18:02:55Z,a160052ab46b811cc9a9b6484c69f255fe82d9d6,6342,size_in_bytes,lib/ocaml/compiler-libs/flambda2_term_basics__Unit.cmt,167154
2026-07-28T18:02:55Z,a160052ab46b811cc9a9b6484c69f255fe82d9d6,6342,size_in_bytes,lib/ocaml/compiler-libs/numbers.cmt,529959
2026-07-28T18:02:55Z,a160052ab46b811cc9a9b6484c69f255fe82d9d6,6342,size_in_bytes,lib/ocaml/compiler-libs/emit.cmt,4293812
2026-07-28T18:02:55Z,a160052ab46b811cc9a9b6484c69f255fe82d9d6,6342,size_in_bytes,lib/ocaml/compiler-libs/optcomp_intf.cmt,54229
2026-07-28T18:02:55Z,a160052ab46b811cc9a9b6484c69f255fe82d9d6,6342,size_in_bytes,lib/ocaml/compiler-libs/regalloc_substitution.cmt,97702
2026-07-28T18:02:55Z,a160052ab46b811cc9a9b6484c69f255fe82d9d6,6342,size_in_bytes,lib/ocaml/compiler-libs/eh_frame_registration.cmt,36913
2026-07-28T18:02:55Z,a160052ab46b811cc9a9b6484c69f255fe82d9d6,6342,size_in_bytes,lib/ocaml/compiler-libs/flambda2_term_basics.cmt,20358
2026-07-28T18:02:55Z,a160052ab46b811cc9a9b6484c69f255fe82d9d6,6342,size_in_bytes,lib/ocaml/compiler-libs/dissector_log.cmt,34239
2026-07-28T18:02:55Z,a160052ab46b811cc9a9b6484c69f255fe82d9d6,6342,size_in_bytes,lib/ocaml/compiler-libs/arm64_binary_emitter__Encode_directive.cmt,519185
2026-07-28T18:02:55Z,a160052ab46b811cc9a9b6484c69f255fe82d9d6,6342,size_in_bytes,lib/ocaml/compiler-libs/flambda2_simplify__Unbox_continuation_params.cmt,232505
2026-07-28T18:02:55Z,a160052ab46b811cc9a9b6484c69f255fe82d9d6,6342,size_in_bytes,lib/ocaml/compiler-libs/strongly_connected_components.cmt,261422
2026-07-28T18:02:55Z,a160052ab46b811cc9a9b6484c69f255fe82d9d6,6342,size_in_bytes,lib/ocaml/compiler-libs/flambda2_numbers__Target_ocaml_int.cmt,1077906
2026-07-28T18:02:55Z,a160052ab46b811cc9a9b6484c69f255fe82d9d6,6342,size_in_bytes,lib/ocaml/compiler-libs/llvmize.cmt,3016723
2026-07-28T18:02:55Z,a160052ab46b811cc9a9b6484c69f255fe82d9d6,6342,size_in_bytes,lib/ocaml/compiler-libs/flambda2_bound_identifiers__Bound_continuations.cmt,75289
2026-07-28T18:02:55Z,a160052ab46b811cc9a9b6484c69f255fe82d9d6,6342,size_in_bytes,lib/ocaml/compiler-libs/lazy_backtrack.cmt,85162
2026-07-28T18:02:55Z,a160052ab46b811cc9a9b6484c69f255fe82d9d6,6342,size_in_bytes,lib/ocaml/compiler-libs/printreg.cmt,154546
2026-07-28T18:02:55Z,a160052ab46b811cc9a9b6484c69f255fe82d9d6,6342,size_in_bytes,lib/ocaml/compiler-libs/int_replace_polymorphic_compare.cmt,28746
2026-07-28T18:02:55Z,a160052ab46b811cc9a9b6484c69f255fe82d9d6,6342,size_in_bytes,lib/ocaml/compiler-libs/flambda2_bound_identifiers__Bound_static.cmt,195433
2026-07-28T18:02:55Z,a160052ab46b811cc9a9b6484c69f255fe82d9d6,6342,size_in_bytes,lib/ocaml/compiler-libs/fdo_info.cmt,34675
2026-07-28T18:02:55Z,a160052ab46b811cc9a9b6484c69f255fe82d9d6,6342,size_in_bytes,lib/ocaml/compiler-libs/dwarf_high__Dwarf_world.cmt,78977
2026-07-28T18:02:55Z,a160052ab46b811cc9a9b6484c69f255fe82d9d6,6342,size_in_bytes,lib/ocaml/compiler-libs/flambda2_algorithms__Or_null.cmt,36263
2026-07-28T18:02:55Z,a160052ab46b811cc9a9b6484c69f255fe82d9d6,6342,size_in_bytes,lib/ocaml/compiler-libs/ldd.cmt,936708
2026-07-28T18:02:55Z,a160052ab46b811cc9a9b6484c69f255fe82d9d6,6342,size_in_bytes,lib/ocaml/compiler-libs/build_path_prefix_map.cmt,159074
2026-07-28T18:02:55Z,a160052ab46b811cc9a9b6484c69f255fe82d9d6,6342,size_in_bytes,lib/ocaml/compiler-libs/cfg.cmt,858607
2026-07-28T18:02:55Z,a160052ab46b811cc9a9b6484c69f255fe82d9d6,6342,size_in_bytes,lib/ocaml/compiler-libs/translquote.cmt,4823021
2026-07-28T18:02:55Z,a160052ab46b811cc9a9b6484c69f255fe82d9d6,6342,size_in_bytes,lib/ocaml/compiler-libs/dwarf_low__Debugging_information_entry.cmt,61497
2026-07-28T18:02:55Z,a160052ab46b811cc9a9b6484c69f255fe82d9d6,6342,size_in_bytes,lib/ocaml/compiler-libs/typemode.cmt,856923
2026-07-28T18:02:55Z,a160052ab46b811cc9a9b6484c69f255fe82d9d6,6342,size_in_bytes,lib/ocaml/compiler-libs/flambda2_term_basics__Scope.cmt,119468
2026-07-28T18:02:55Z,a160052ab46b811cc9a9b6484c69f255fe82d9d6,6342,size_in_bytes,lib/ocaml/compiler-libs/typedecl_variance.cmt,660939
2026-07-28T18:02:55Z,a160052ab46b811cc9a9b6484c69f255fe82d9d6,6342,size_in_bytes,lib/ocaml/compiler-libs/linkage_name.cmt,177267
2026-07-28T18:02:55Z,a160052ab46b811cc9a9b6484c69f255fe82d9d6,6342,size_in_bytes,lib/ocaml/compiler-libs/cmm_helpers.cmt,7639332
2026-07-28T18:02:55Z,a160052ab46b811cc9a9b6484c69f255fe82d9d6,6342,size_in_bytes,lib/ocaml/compiler-libs/maindriver.cmt,141510
2026-07-28T18:02:55Z,a160052ab46b811cc9a9b6484c69f255fe82d9d6,6342,size_in_bytes,lib/ocaml/compiler-libs/cfg_selection.cmt,617769
2026-07-28T18:02:55Z,a160052ab46b811cc9a9b6484c69f255fe82d9d6,6342,size_in_bytes,lib/ocaml/compiler-libs/flambda2_kinds__Flambda_kind.cmt,2022153
2026-07-28T18:02:55Z,a160052ab46b811cc9a9b6484c69f255fe82d9d6,6342,size_in_bytes,lib/ocaml/compiler-libs/dwarf_low__Dwarf_attribute_values.cmt,203803
2026-07-28T18:02:55Z,a160052ab46b811cc9a9b6484c69f255fe82d9d6,6342,size_in_bytes,lib/ocaml/compiler-libs/flambda2_terms__Placement.cmt,34778
2026-07-28T18:02:55Z,a160052ab46b811cc9a9b6484c69f255fe82d9d6,6342,size_in_bytes,lib/ocaml/compiler-libs/asttypes.cmt,27323
2026-07-28T18:02:55Z,a160052ab46b811cc9a9b6484c69f255fe82d9d6,6342,size_in_bytes,lib/ocaml/compiler-libs/reg_with_debug_info.cmt,297245
2026-07-28T18:02:55Z,a160052ab46b811cc9a9b6484c69f255fe82d9d6,6342,size_in_bytes,lib/ocaml/compiler-libs/solver.cmt,1769569
2026-07-28T18:02:55Z,a160052ab46b811cc9a9b6484c69f255fe82d9d6,6342,size_in_bytes,lib/ocaml/compiler-libs/oxcaml_args.cmt,3074383
2026-07-28T18:02:55Z,a160052ab46b811cc9a9b6484c69f255fe82d9d6,6342,size_in_bytes,lib/ocaml/compiler-libs/location_tracker_formatter.cmt,168022
2026-07-28T18:02:55Z,a160052ab46b811cc9a9b6484c69f255fe82d9d6,6342,size_in_bytes,lib/ocaml/compiler-libs/data_types.cmt,67150
2026-07-28T18:02:55Z,a160052ab46b811cc9a9b6484c69f255fe82d9d6,6342,size_in_bytes,lib/ocaml/compiler-libs/afl_instrument.cmt,155963
2026-07-28T18:02:55Z,a160052ab46b811cc9a9b6484c69f255fe82d9d6,6342,size_in_bytes,lib/ocaml/compiler-libs/flambda2_to_jsir.cmt,15291
2026-07-28T18:02:55Z,a160052ab46b811cc9a9b6484c69f255fe82d9d6,6342,size_in_bytes,lib/ocaml/compiler-libs/select_utils.cmt,843828
2026-07-28T18:02:55Z,a160052ab46b811cc9a9b6484c69f255fe82d9d6,6342,size_in_bytes,lib/ocaml/compiler-libs/compute_ranges_intf.cmt,190367
2026-07-28T18:02:55Z,a160052ab46b811cc9a9b6484c69f255fe82d9d6,6342,size_in_bytes,lib/ocaml/compiler-libs/flambda2_simplify__Call_site_inlining_decision.cmt,273837
2026-07-28T18:02:55Z,a160052ab46b811cc9a9b6484c69f255fe82d9d6,6342,size_in_bytes,lib/ocaml/compiler-libs/optpackager.cmt,354441
2026-07-28T18:02:55Z,a160052ab46b811cc9a9b6484c69f255fe82d9d6,6342,size_in_bytes,lib/ocaml/compiler-libs/lru.cmt,93401
2026-07-28T18:02:55Z,a160052ab46b811cc9a9b6484c69f255fe82d9d6,6342,size_in_bytes,lib/ocaml/compiler-libs/arm64_binary_emitter__Csel_helpers.cmt,62516
2026-07-28T18:02:55Z,a160052ab46b811cc9a9b6484c69f255fe82d9d6,6342,size_in_bytes,lib/ocaml/compiler-libs/form_rewrite_plan.cmt,451369
2026-07-28T18:02:55Z,a160052ab46b811cc9a9b6484c69f255fe82d9d6,6342,size_in_bytes,lib/ocaml/compiler-libs/relocation_entry.cmt,95942
2026-07-28T18:02:55Z,a160052ab46b811cc9a9b6484c69f255fe82d9d6,6342,size_in_bytes,lib/ocaml/compiler-libs/typemod.cmt,6156982
2026-07-28T18:02:55Z,a160052ab46b811cc9a9b6484c69f255fe82d9d6,6342,size_in_bytes,lib/ocaml/compiler-libs/flambda2_numbers__Targetint_32_64.cmt,1012797
2026-07-28T18:02:55Z,a160052ab46b811cc9a9b6484c69f255fe82d9d6,6342,size_in_bytes,lib/ocaml/compiler-libs/pprintast.cmt,6006685
2026-07-28T18:02:55Z,a160052ab46b811cc9a9b6484c69f255fe82d9d6,6342,size_in_bytes,lib/ocaml/compiler-libs/flambda2_datalog__Column.cmt,199147
2026-07-28T18:02:55Z,a160052ab46b811cc9a9b6484c69f255fe82d9d6,6342,size_in_bytes,lib/ocaml/compiler-libs/x86_gas.cmt,750760
2026-07-28T18:02:55Z,a160052ab46b811cc9a9b6484c69f255fe82d9d6,6342,size_in_bytes,lib/ocaml/compiler-libs/arm64_binary_emitter__For_jit.cmt,154178
2026-07-28T18:02:55Z,a160052ab46b811cc9a9b6484c69f255fe82d9d6,6342,size_in_bytes,lib/ocaml/compiler-libs/flambda2_parser.cmt,18844
2026-07-28T18:02:55Z,a160052ab46b811cc9a9b6484c69f255fe82d9d6,6342,size_in_bytes,lib/ocaml/compiler-libs/depend.cmt,1256204
2026-07-28T18:02:55Z,a160052ab46b811cc9a9b6484c69f255fe82d9d6,6342,size_in_bytes,lib/ocaml/compiler-libs/flambda2.cmt,331116
2026-07-28T18:02:55Z,a160052ab46b811cc9a9b6484c69f255fe82d9d6,6342,size_in_bytes,lib/ocaml/compiler-libs/compilation_unit.cmt,1118714
2026-07-28T18:02:55Z,a160052ab46b811cc9a9b6484c69f255fe82d9d6,6342,size_in_bytes,lib/ocaml/compiler-libs/internal_assembler.cmt,379066
2026-07-28T18:02:55Z,a160052ab46b811cc9a9b6484c69f255fe82d9d6,6342,size_in_bytes,lib/ocaml/compiler-libs/flambda2_simplify__Expr_builder.cmt,716720
2026-07-28T18:02:55Z,a160052ab46b811cc9a9b6484c69f255fe82d9d6,6342,size_in_bytes,lib/ocaml/compiler-libs/dsl_helpers.cmt,11985
2026-07-28T18:02:55Z,a160052ab46b811cc9a9b6484c69f255fe82d9d6,6342,size_in_bytes,lib/ocaml/compiler-libs/dwarf_low__Composite_location_description.cmt,38061
2026-07-28T18:02:55Z,a160052ab46b811cc9a9b6484c69f255fe82d9d6,6342,size_in_bytes,lib/ocaml/compiler-libs/flambda2_bound_identifiers__Bound_for_function.cmt,214639
2026-07-28T18:02:55Z,a160052ab46b811cc9a9b6484c69f255fe82d9d6,6342,size_in_bytes,lib/ocaml/compiler-libs/dwarf_low__Dwarf_arch_sizes.cmt,11991
2026-07-28T18:02:55Z,a160052ab46b811cc9a9b6484c69f255fe82d9d6,6342,size_in_bytes,lib/ocaml/compiler-libs/bytelink.cmt,1090172
2026-07-28T18:02:55Z,a160052ab46b811cc9a9b6484c69f255fe82d9d6,6342,size_in_bytes,lib/ocaml/compiler-libs/flambda2_simplify__Flow_types.cmt,427189
2026-07-28T18:02:55Z,a160052ab46b811cc9a9b6484c69f255fe82d9d6,6342,size_in_bytes,lib/ocaml/compiler-libs/asm_targets__Asm_symbol.cmt,265902
2026-07-28T18:02:55Z,a160052ab46b811cc9a9b6484c69f255fe82d9d6,6342,size_in_bytes,lib/ocaml/compiler-libs/flambda2_terms__Probe.cmt,32403
2026-07-28T18:02:55Z,a160052ab46b811cc9a9b6484c69f255fe82d9d6,6342,size_in_bytes,lib/ocaml/compiler-libs/flambda2_simplify__Lifted_constant.cmt,342273
2026-07-28T18:02:55Z,a160052ab46b811cc9a9b6484c69f255fe82d9d6,6342,size_in_bytes,lib/ocaml/compiler-libs/flambda2_simplify__Simplify_variadic_primitive.cmt,216688
2026-07-28T18:02:55Z,a160052ab46b811cc9a9b6484c69f255fe82d9d6,6342,size_in_bytes,lib/ocaml/compiler-libs/dwarf_low__Dwarf_4_entry_sorting.cmt,29111
2026-07-28T18:02:55Z,a160052ab46b811cc9a9b6484c69f255fe82d9d6,6342,size_in_bytes,lib/ocaml/compiler-libs/flambda2_simplify__Mutable_unboxing.cmt,739522
2026-07-28T18:02:55Z,a160052ab46b811cc9a9b6484c69f255fe82d9d6,6342,size_in_bytes,lib/ocaml/compiler-libs/flambda2_simplify__Simplify_static_const.cmt,493530
2026-07-28T18:02:55Z,a160052ab46b811cc9a9b6484c69f255fe82d9d6,6342,size_in_bytes,lib/ocaml/compiler-libs/iplt.cmt,129565
2026-07-28T18:02:55Z,a160052ab46b811cc9a9b6484c69f255fe82d9d6,6342,size_in_bytes,lib/ocaml/compiler-libs/scalar.cmt,662451
2026-07-28T18:02:55Z,a160052ab46b811cc9a9b6484c69f255fe82d9d6,6342,size_in_bytes,lib/ocaml/compiler-libs/unit_info.cmt,214093
2026-07-28T18:02:55Z,a160052ab46b811cc9a9b6484c69f255fe82d9d6,6342,size_in_bytes,lib/ocaml/compiler-libs/section_table.cmt,76455
2026-07-28T18:02:55Z,a160052ab46b811cc9a9b6484c69f255fe82d9d6,6342,size_in_bytes,lib/ocaml/compiler-libs/flambda2_bound_identifiers__Bound_name.cmt,56563
2026-07-28T18:02:55Z,a160052ab46b811cc9a9b6484c69f255fe82d9d6,6342,size_in_bytes,lib/ocaml/compiler-libs/asm_targets__Asm_label.cmt,231903
2026-07-28T18:02:55Z,a160052ab46b811cc9a9b6484c69f255fe82d9d6,6342,size_in_bytes,lib/ocaml/compiler-libs/target_system.cmt,103421
2026-07-28T18:02:55Z,a160052ab46b811cc9a9b6484c69f255fe82d9d6,6342,size_in_bytes,lib/ocaml/compiler-libs/flambda2_term_basics__Rec_info_expr.cmt,63126
2026-07-28T18:02:55Z,a160052ab46b811cc9a9b6484c69f255fe82d9d6,6342,size_in_bytes,lib/ocaml/compiler-libs/dwarf_low__Dwarf_value.cmt,499638
2026-07-28T18:02:55Z,a160052ab46b811cc9a9b6484c69f255fe82d9d6,6342,size_in_bytes,lib/ocaml/compiler-libs/debug.cmt,21027
2026-07-28T18:02:55Z,a160052ab46b811cc9a9b6484c69f255fe82d9d6,6342,size_in_bytes,lib/ocaml/compiler-libs/emitcode.cmt,884271
2026-07-28T18:02:55Z,a160052ab46b811cc9a9b6484c69f255fe82d9d6,6342,size_in_bytes,lib/ocaml/compiler-libs/flambda2_simplify__Non_constructed_code.cmt,55534
2026-07-28T18:02:55Z,a160052ab46b811cc9a9b6484c69f255fe82d9d6,6342,size_in_bytes,lib/ocaml/compiler-libs/dwarf_high__Simple_location_description_lang.cmt,121909
2026-07-28T18:02:55Z,a160052ab46b811cc9a9b6484c69f255fe82d9d6,6342,size_in_bytes,lib/ocaml/compiler-libs/opt_fuel.cmt,158393
2026-07-28T18:02:55Z,a160052ab46b811cc9a9b6484c69f255fe82d9d6,6342,size_in_bytes,lib/ocaml/compiler-libs/flambda2_simplify__Simplify_named.cmt,307247
2026-07-28T18:02:55Z,a160052ab46b811cc9a9b6484c69f255fe82d9d6,6342,size_in_bytes,lib/ocaml/compiler-libs/cfg_comballoc.cmt,187346
2026-07-28T18:02:55Z,a160052ab46b811cc9a9b6484c69f255fe82d9d6,6342,size_in_bytes,lib/ocaml/compiler-libs/regalloc_ls_state.cmt,309835
2026-07-28T18:02:55Z,a160052ab46b811cc9a9b6484c69f255fe82d9d6,6342,size_in_bytes,lib/ocaml/compiler-libs/dwarf_low__Location_or_range_list.cmt,34592
2026-07-28T18:02:55Z,a160052ab46b811cc9a9b6484c69f255fe82d9d6,6342,size_in_bytes,lib/ocaml/compiler-libs/static_label.cmt,35153
2026-07-28T18:02:55Z,a160052ab46b811cc9a9b6484c69f255fe82d9d6,6342,size_in_bytes,lib/ocaml/compiler-libs/transl_array_comprehension.cmt,533978
2026-07-28T18:02:55Z,a160052ab46b811cc9a9b6484c69f255fe82d9d6,6342,size_in_bytes,lib/ocaml/compiler-libs/flambda2_simplify_shared__Slot_offsets.cmt,1053298
2026-07-28T18:02:55Z,a160052ab46b811cc9a9b6484c69f255fe82d9d6,6342,size_in_bytes,lib/ocaml/compiler-libs/flambda2_simplify__Simplify_set_of_closures.cmt,1184219
2026-07-28T18:02:55Z,a160052ab46b811cc9a9b6484c69f255fe82d9d6,6342,size_in_bytes,lib/ocaml/compiler-libs/opcodes.cmt,95250
2026-07-28T18:02:55Z,a160052ab46b811cc9a9b6484c69f255fe82d9d6,6342,size_in_bytes,lib/ocaml/compiler-libs/language_extension_kernel.cmt,23269
2026-07-28T18:02:55Z,a160052ab46b811cc9a9b6484c69f255fe82d9d6,6342,size_in_bytes,lib/ocaml/compiler-libs/partial_link.cmt,238408
2026-07-28T18:02:55Z,a160052ab46b811cc9a9b6484c69f255fe82d9d6,6342,size_in_bytes,lib/ocaml/compiler-libs/igot.cmt,94784
2026-07-28T18:02:55Z,a160052ab46b811cc9a9b6484c69f255fe82d9d6,6342,size_in_bytes,lib/ocaml/compiler-libs/longident.cmt,77170
2026-07-28T18:02:55Z,a160052ab46b811cc9a9b6484c69f255fe82d9d6,6342,size_in_bytes,lib/ocaml/compiler-libs/flambda2_to_jsir__To_jsir.cmt,786712
2026-07-28T18:02:55Z,a160052ab46b811cc9a9b6484c69f255fe82d9d6,6342,size_in_bytes,lib/ocaml/compiler-libs/symbol_table.cmt,165654
2026-07-28T18:02:55Z,a160052ab46b811cc9a9b6484c69f255fe82d9d6,6342,size_in_bytes,lib/ocaml/compiler-libs/parser.cmt,81919706
2026-07-28T18:02:55Z,a160052ab46b811cc9a9b6484c69f255fe82d9d6,6342,size_in_bytes,lib/ocaml/compiler-libs/flambda2_bound_identifiers.cmt,18029
2026-07-28T18:02:55Z,a160052ab46b811cc9a9b6484c69f255fe82d9d6,6342,size_in_bytes,lib/ocaml/compiler-libs/blambda.cmt,73784
2026-07-28T18:02:55Z,a160052ab46b811cc9a9b6484c69f255fe82d9d6,6342,size_in_bytes,lib/ocaml/compiler-libs/flambda2_types__Cached_level.cmt,207694
2026-07-28T18:02:55Z,a160052ab46b811cc9a9b6484c69f255fe82d9d6,6342,size_in_bytes,lib/ocaml/compiler-libs/dwarf_low__Aranges_table.cmt,53613
2026-07-28T18:02:55Z,a160052ab46b811cc9a9b6484c69f255fe82d9d6,6342,size_in_bytes,lib/ocaml/compiler-libs/flambda2_simplify__Flow_analysis.cmt,212244
2026-07-28T18:02:55Z,a160052ab46b811cc9a9b6484c69f255fe82d9d6,6342,size_in_bytes,lib/ocaml/compiler-libs/flambda2_terms__Flambda_primitive.cmt,3881665
2026-07-28T18:02:55Z,a160052ab46b811cc9a9b6484c69f255fe82d9d6,6342,size_in_bytes,lib/ocaml/compiler-libs/flambda2_parser__Flambda_to_fexpr_commons.cmt,709325
2026-07-28T18:02:55Z,a160052ab46b811cc9a9b6484c69f255fe82d9d6,6342,size_in_bytes,lib/ocaml/compiler-libs/opterrors.cmt,15334
2026-07-28T18:02:55Z,a160052ab46b811cc9a9b6484c69f255fe82d9d6,6342,size_in_bytes,lib/ocaml/compiler-libs/branch_relaxation.cmt,286025
2026-07-28T18:02:55Z,a160052ab46b811cc9a9b6484c69f255fe82d9d6,6342,size_in_bytes,lib/ocaml/compiler-libs/flambda2_types__Typing_env.cmt,1516628
2026-07-28T18:02:55Z,a160052ab46b811cc9a9b6484c69f255fe82d9d6,6342,size_in_bytes,lib/ocaml/compiler-libs/compile_common.cmt,213013
2026-07-28T18:02:55Z,a160052ab46b811cc9a9b6484c69f255fe82d9d6,6342,size_in_bytes,lib/ocaml/compiler-libs/relocatable_symbol_name.cmt,17554
2026-07-28T18:02:55Z,a160052ab46b811cc9a9b6484c69f255fe82d9d6,6342,size_in_bytes,lib/ocaml/compiler-libs/flambda2_parser__Fexpr_prim.cmt,1528120
2026-07-28T18:02:55Z,a160052ab46b811cc9a9b6484c69f255fe82d9d6,6342,size_in_bytes,lib/ocaml/compiler-libs/types.cmt,1930206
2026-07-28T18:02:55Z,a160052ab46b811cc9a9b6484c69f255fe82d9d6,6342,size_in_bytes,lib/ocaml/compiler-libs/flambda2_bound_identifiers__Bound_pattern.cmt,241807
2026-07-28T18:02:55Z,a160052ab46b811cc9a9b6484c69f255fe82d9d6,6342,size_in_bytes,lib/ocaml/compiler-libs/regalloc_split.cmt,589477
2026-07-28T18:02:55Z,a160052ab46b811cc9a9b6484c69f255fe82d9d6,6342,size_in_bytes,lib/ocaml/compiler-libs/format_doc.cmt,1093750
2026-07-28T18:02:55Z,a160052ab46b811cc9a9b6484c69f255fe82d9d6,6342,size_in_bytes,lib/ocaml/compiler-libs/flambda2_nominal__Contains_names.cmt,25524
2026-07-28T18:02:55Z,a160052ab46b811cc9a9b6484c69f255fe82d9d6,6342,size_in_bytes,lib/ocaml/compiler-libs/cfg_selectgen_target_intf.cmt,69538
2026-07-28T18:02:55Z,a160052ab46b811cc9a9b6484c69f255fe82d9d6,6342,size_in_bytes,lib/ocaml/compiler-libs/flambda2_types__Join_env.cmt,3304091
2026-07-28T18:02:55Z,a160052ab46b811cc9a9b6484c69f255fe82d9d6,6342,size_in_bytes,lib/ocaml/compiler-libs/flambda2_types__Meet_and_join.cmt,3154385
2026-07-28T18:02:55Z,a160052ab46b811cc9a9b6484c69f255fe82d9d6,6342,size_in_bytes,lib/ocaml/compiler-libs/flambda2_simplify__Simplify_ternary_primitive.cmt,169953
2026-07-28T18:02:55Z,a160052ab46b811cc9a9b6484c69f255fe82d9d6,6342,size_in_bytes,lib/ocaml/compiler-libs/flambda2_algorithms__Leapfrog.cmt,168728
2026-07-28T18:02:55Z,a160052ab46b811cc9a9b6484c69f255fe82d9d6,6342,size_in_bytes,lib/ocaml/compiler-libs/flambda2_kinds.cmt,12214
2026-07-28T18:02:55Z,a160052ab46b811cc9a9b6484c69f255fe82d9d6,6342,size_in_bytes,lib/ocaml/compiler-libs/instructionId.cmt,49906
2026-07-28T18:02:55Z,a160052ab46b811cc9a9b6484c69f255fe82d9d6,6342,size_in_bytes,lib/ocaml/compiler-libs/arm64_binary_emitter__Data_proc_helpers.cmt,144874
2026-07-28T18:02:55Z,a160052ab46b811cc9a9b6484c69f255fe82d9d6,6342,size_in_bytes,lib/ocaml/compiler-libs/syntaxerr.cmt,34934
2026-07-28T18:02:55Z,a160052ab46b811cc9a9b6484c69f255fe82d9d6,6342,size_in_bytes,lib/ocaml/compiler-libs/compmisc.cmt,142579
2026-07-28T18:02:55Z,a160052ab46b811cc9a9b6484c69f255fe82d9d6,6342,size_in_bytes,lib/ocaml/compiler-libs/arm64_binary_emitter__Load_store_helpers.cmt,994960
2026-07-28T18:02:55Z,a160052ab46b811cc9a9b6484c69f255fe82d9d6,6342,size_in_bytes,lib/ocaml/compiler-libs/regalloc_validate.cmt,1694189
2026-07-28T18:02:55Z,a160052ab46b811cc9a9b6484c69f255fe82d9d6,6342,size_in_bytes,lib/ocaml/compiler-libs/arm64_ast__Logical_immediates.cmt,204376
2026-07-28T18:02:55Z,a160052ab46b811cc9a9b6484c69f255fe82d9d6,6342,size_in_bytes,lib/ocaml/compiler-libs/regalloc_gi_state.cmt,67449
2026-07-28T18:02:55Z,a160052ab46b811cc9a9b6484c69f255fe82d9d6,6342,size_in_bytes,lib/ocaml/compiler-libs/cmm_peephole_engine.cmt,442029
2026-07-28T18:02:55Z,a160052ab46b811cc9a9b6484c69f255fe82d9d6,6342,size_in_bytes,lib/ocaml/compiler-libs/flambda2_simplify__Continuation_uses.cmt,225988
2026-07-28T18:02:55Z,a160052ab46b811cc9a9b6484c69f255fe82d9d6,6342,size_in_bytes,lib/ocaml/compiler-libs/flambda2_identifiers__Rec_info_expr0.cmt,205786
2026-07-28T18:02:55Z,a160052ab46b811cc9a9b6484c69f255fe82d9d6,6342,size_in_bytes,lib/ocaml/compiler-libs/dwarf_low__Debug_loc_table.cmt,45475
2026-07-28T18:02:55Z,a160052ab46b811cc9a9b6484c69f255fe82d9d6,6342,size_in_bytes,lib/ocaml/compiler-libs/flambda2_from_lambda__Lambda_to_flambda_primitives_helpers.cmt,691054
2026-07-28T18:02:55Z,a160052ab46b811cc9a9b6484c69f255fe82d9d6,6342,size_in_bytes,lib/ocaml/compiler-libs/vectorize_utils.cmt,127660
2026-07-28T18:02:55Z,a160052ab46b811cc9a9b6484c69f255fe82d9d6,6342,size_in_bytes,lib/ocaml/compiler-libs/optmaindriver.cmt,327382
2026-07-28T18:02:55Z,a160052ab46b811cc9a9b6484c69f255fe82d9d6,6342,size_in_bytes,lib/ocaml/compiler-libs/cmm_invariants.cmt,198679
2026-07-28T18:02:55Z,a160052ab46b811cc9a9b6484c69f255fe82d9d6,6342,size_in_bytes,lib/ocaml/compiler-libs/flambda2_numbers.cmt,14483
2026-07-28T18:02:55Z,a160052ab46b811cc9a9b6484c69f255fe82d9d6,6342,size_in_bytes,lib/ocaml/compiler-libs/backend_var.cmt,199848
2026-07-28T18:02:55Z,a160052ab46b811cc9a9b6484c69f255fe82d9d6,6342,size_in_bytes,lib/ocaml/compiler-libs/jkind_types.cmt,1135457
2026-07-28T18:02:55Z,a160052ab46b811cc9a9b6484c69f255fe82d9d6,6342,size_in_bytes,lib/ocaml/compiler-libs/flambda2_simplify__Continuation_in_env.cmt,120112
2026-07-28T18:02:55Z,a160052ab46b811cc9a9b6484c69f255fe82d9d6,6342,size_in_bytes,lib/ocaml/compiler-libs/oxcaml_flags.cmt,463884
2026-07-28T18:02:55Z,a160052ab46b811cc9a9b6484c69f255fe82d9d6,6342,size_in_bytes,lib/ocaml/compiler-libs/cfg_stack_checks.cmt,190733
2026-07-28T18:02:55Z,a160052ab46b811cc9a9b6484c69f255fe82d9d6,6342,size_in_bytes,lib/ocaml/compiler-libs/flambda2_terms__Code_size.cmt,421883
2026-07-28T18:02:55Z,a160052ab46b811cc9a9b6484c69f255fe82d9d6,6342,size_in_bytes,lib/ocaml/compiler-libs/flambda2_simplify__Simplify_switch_expr.cmt,1063660
2026-07-28T18:02:55Z,a160052ab46b811cc9a9b6484c69f255fe82d9d6,6342,size_in_bytes,lib/ocaml/compiler-libs/ident.cmt,691328
2026-07-28T18:02:55Z,a160052ab46b811cc9a9b6484c69f255fe82d9d6,6342,size_in_bytes,lib/ocaml/compiler-libs/flambda2_simplify__Simplify_apply_expr.cmt,1421940
2026-07-28T18:02:55Z,a160052ab46b811cc9a9b6484c69f255fe82d9d6,6342,size_in_bytes,lib/ocaml/compiler-libs/runtimetags.cmt,21623
2026-07-28T18:02:55Z,a160052ab46b811cc9a9b6484c69f255fe82d9d6,6342,size_in_bytes,lib/ocaml/compiler-libs/flambda2_lattices__Or_bottom.cmt,61438
2026-07-28T18:02:55Z,a160052ab46b811cc9a9b6484c69f255fe82d9d6,6342,size_in_bytes,lib/ocaml/compiler-libs/llvm_ir.cmt,1617677
2026-07-28T18:02:55Z,a160052ab46b811cc9a9b6484c69f255fe82d9d6,6342,size_in_bytes,lib/ocaml/compiler-libs/flambda2_simplify__Simplify_set_of_closures_context.cmt,274983
2026-07-28T18:02:55Z,a160052ab46b811cc9a9b6484c69f255fe82d9d6,6342,size_in_bytes,lib/ocaml/compiler-libs/CSE.cmt,77191
2026-07-28T18:02:55Z,a160052ab46b811cc9a9b6484c69f255fe82d9d6,6342,size_in_bytes,lib/ocaml/compiler-libs/out_type.cmt,3651277
2026-07-28T18:02:55Z,a160052ab46b811cc9a9b6484c69f255fe82d9d6,6342,size_in_bytes,lib/ocaml/compiler-libs/flambda2_reaper__Traverse_env.cmt,64370
2026-07-28T18:02:55Z,a160052ab46b811cc9a9b6484c69f255fe82d9d6,6342,size_in_bytes,lib/ocaml/compiler-libs/flambda2_identifiers__Continuation_callsite_map.cmt,39883
2026-07-28T18:02:55Z,a160052ab46b811cc9a9b6484c69f255fe82d9d6,6342,size_in_bytes,lib/ocaml/compiler-libs/flambda2_compare.cmt,10902
2026-07-28T18:02:55Z,a160052ab46b811cc9a9b6484c69f255fe82d9d6,6342,size_in_bytes,lib/ocaml/compiler-libs/shape.cmt,1707652
2026-07-28T18:02:55Z,a160052ab46b811cc9a9b6484c69f255fe82d9d6,6342,size_in_bytes,lib/ocaml/compiler-libs/flambda2_reaper.cmt,21230
2026-07-28T18:02:55Z,a160052ab46b811cc9a9b6484c69f255fe82d9d6,6342,size_in_bytes,lib/ocaml/compiler-libs/flambda2_simplify_shared__Function_decl_inlining_decision.cmt,79592
2026-07-28T18:02:55Z,a160052ab46b811cc9a9b6484c69f255fe82d9d6,6342,size_in_bytes,lib/ocaml/compiler-libs/tast_iterator.cmt,1577859
2026-07-28T18:02:55Z,a160052ab46b811cc9a9b6484c69f255fe82d9d6,6342,size_in_bytes,lib/ocaml/compiler-libs/flambda2_terms__Effects_and_coeffects.cmt,61339
2026-07-28T18:02:55Z,a160052ab46b811cc9a9b6484c69f255fe82d9d6,6342,size_in_bytes,lib/ocaml/compiler-libs/dwarf_low__Abbreviations_table_entry.cmt,62561
2026-07-28T18:02:55Z,a160052ab46b811cc9a9b6484c69f255fe82d9d6,6342,size_in_bytes,lib/ocaml/compiler-libs/flambda2_types__Reify.cmt,501727
2026-07-28T18:02:55Z,a160052ab46b811cc9a9b6484c69f255fe82d9d6,6342,size_in_bytes,lib/ocaml/compiler-libs/regalloc_irc_utils.cmt,150805
2026-07-28T18:02:55Z,a160052ab46b811cc9a9b6484c69f255fe82d9d6,6342,size_in_bytes,lib/ocaml/compiler-libs/flambda2_from_lambda__Lambda_to_flambda_primitives.cmt,3966070
2026-07-28T18:02:55Z,a160052ab46b811cc9a9b6484c69f255fe82d9d6,6342,size_in_bytes,lib/ocaml/compiler-libs/diffing_with_keys.cmt,274094
2026-07-28T18:02:55Z,a160052ab46b811cc9a9b6484c69f255fe82d9d6,6342,size_in_bytes,lib/ocaml/compiler-libs/optlink.cmt,433168
2026-07-28T18:02:55Z,a160052ab46b811cc9a9b6484c69f255fe82d9d6,6342,size_in_bytes,lib/ocaml/compiler-libs/cfg_quick_hash.cmt,88819
2026-07-28T18:02:55Z,a160052ab46b811cc9a9b6484c69f255fe82d9d6,6342,size_in_bytes,lib/ocaml/compiler-libs/cfg_cse_target_intf.cmt,40658
2026-07-28T18:02:55Z,a160052ab46b811cc9a9b6484c69f255fe82d9d6,6342,size_in_bytes,lib/ocaml/compiler-libs/flambda2_types__Meet.cmt,69551
2026-07-28T18:02:55Z,a160052ab46b811cc9a9b6484c69f255fe82d9d6,6342,size_in_bytes,lib/ocaml/compiler-libs/build_igot_and_iplt.cmt,42008
2026-07-28T18:02:55Z,a160052ab46b811cc9a9b6484c69f255fe82d9d6,6342,size_in_bytes,lib/ocaml/compiler-libs/measure_object_files.cmt,223949
2026-07-28T18:02:55Z,a160052ab46b811cc9a9b6484c69f255fe82d9d6,6342,size_in_bytes,lib/ocaml/compiler-libs/flambda2_simplify__Rebuilt_static_const.cmt,480062
2026-07-28T18:02:55Z,a160052ab46b811cc9a9b6484c69f255fe82d9d6,6342,size_in_bytes,lib/ocaml/compiler-libs/printblambda.cmt,552619
2026-07-28T18:02:55Z,a160052ab46b811cc9a9b6484c69f255fe82d9d6,6342,size_in_bytes,lib/ocaml/compiler-libs/dwarf_low.cmt,41682
2026-07-28T18:02:55Z,a160052ab46b811cc9a9b6484c69f255fe82d9d6,6342,size_in_bytes,lib/ocaml/compiler-libs/ldd_intf.cmt,38912
2026-07-28T18:02:55Z,a160052ab46b811cc9a9b6484c69f255fe82d9d6,6342,size_in_bytes,lib/ocaml/compiler-libs/available_ranges_vars.cmt,201965
2026-07-28T18:02:55Z,a160052ab46b811cc9a9b6484c69f255fe82d9d6,6342,size_in_bytes,lib/ocaml/compiler-libs/cfg_with_layout.cmt,609715
2026-07-28T18:02:55Z,a160052ab46b811cc9a9b6484c69f255fe82d9d6,6342,size_in_bytes,lib/ocaml/compiler-libs/dwarf_high__Dwarf_attribute_helpers.cmt,478707
2026-07-28T18:02:55Z,a160052ab46b811cc9a9b6484c69f255fe82d9d6,6342,size_in_bytes,lib/ocaml/compiler-libs/flambda2_simplify__One_continuation_use.cmt,66991
2026-07-28T18:02:55Z,a160052ab46b811cc9a9b6484c69f255fe82d9d6,6342,size_in_bytes,lib/ocaml/compiler-libs/flambda2_nominal__Permutation.cmt,135610
2026-07-28T18:02:55Z,a160052ab46b811cc9a9b6484c69f255fe82d9d6,6342,size_in_bytes,lib/ocaml/compiler-libs/flambda2_to_jsir__To_jsir_env.cmt,304513
2026-07-28T18:02:55Z,a160052ab46b811cc9a9b6484c69f255fe82d9d6,6342,size_in_bytes,lib/ocaml/compiler-libs/flambda2_types__Typing_env_level.cmt,291199
2026-07-28T18:02:55Z,a160052ab46b811cc9a9b6484c69f255fe82d9d6,6342,size_in_bytes,lib/ocaml/compiler-libs/flambda2_simplify__Specialization_cost.cmt,206618
2026-07-28T18:02:55Z,a160052ab46b811cc9a9b6484c69f255fe82d9d6,6342,size_in_bytes,lib/ocaml/compiler-libs/flambda2_datalog__Datalog_imports.cmt,55441
2026-07-28T18:02:55Z,a160052ab46b811cc9a9b6484c69f255fe82d9d6,6342,size_in_bytes,lib/ocaml/compiler-libs/flambda2_terms__Inlining_history.cmt,356326
2026-07-28T18:02:55Z,a160052ab46b811cc9a9b6484c69f255fe82d9d6,6342,size_in_bytes,lib/ocaml/compiler-libs/x86_peephole_rules.cmt,176584
2026-07-28T18:02:55Z,a160052ab46b811cc9a9b6484c69f255fe82d9d6,6342,size_in_bytes,lib/ocaml/compiler-libs/flambda2_identifiers__Coercion0.cmt,105201
2026-07-28T18:02:55Z,a160052ab46b811cc9a9b6484c69f255fe82d9d6,6342,size_in_bytes,lib/ocaml/compiler-libs/flambda2_cmx.cmt,12260
2026-07-28T18:02:55Z,a160052ab46b811cc9a9b6484c69f255fe82d9d6,6342,size_in_bytes,lib/ocaml/compiler-libs/flambda2_nominal__Num_occurrences.cmt,23386
2026-07-28T18:02:55Z,a160052ab46b811cc9a9b6484c69f255fe82d9d6,6342,size_in_bytes,lib/ocaml/compiler-libs/flambda2_simplify__Comparison_result.cmt,94241
2026-07-28T18:02:55Z,a160052ab46b811cc9a9b6484c69f255fe82d9d6,6342,size_in_bytes,lib/ocaml/compiler-libs/linker_script.cmt,67839
2026-07-28T18:02:55Z,a160052ab46b811cc9a9b6484c69f255fe82d9d6,6342,size_in_bytes,lib/ocaml/compiler-libs/linkdeps.cmt,206337
2026-07-28T18:02:55Z,a160052ab46b811cc9a9b6484c69f255fe82d9d6,6342,size_in_bytes,lib/ocaml/compiler-libs/flambda2_terms__Flambda.cmt,2244520
2026-07-28T18:02:55Z,a160052ab46b811cc9a9b6484c69f255fe82d9d6,6342,size_in_bytes,lib/ocaml/compiler-libs/flambda2_simplify__Simplify.cmt,111733
2026-07-28T18:02:55Z,a160052ab46b811cc9a9b6484c69f255fe82d9d6,6342,size_in_bytes,lib/ocaml/compiler-libs/dwarf_low__Unit_type.cmt,27644
2026-07-28T18:02:55Z,a160052ab46b811cc9a9b6484c69f255fe82d9d6,6342,size_in_bytes,lib/ocaml/compiler-libs/arm64_ast__Ast.cmt,3528652
2026-07-28T18:02:55Z,a160052ab46b811cc9a9b6484c69f255fe82d9d6,6342,size_in_bytes,lib/ocaml/compiler-libs/btype.cmt,2572530
2026-07-28T18:02:55Z,a160052ab46b811cc9a9b6484c69f255fe82d9d6,6342,size_in_bytes,lib/ocaml/compiler-libs/dwarf_type.cmt,1745432
2026-07-28T18:02:55Z,a160052ab46b811cc9a9b6484c69f255fe82d9d6,6342,size_in_bytes,lib/ocaml/compiler-libs/dwarf_low__Address_table.cmt,209977
2026-07-28T18:02:55Z,a160052ab46b811cc9a9b6484c69f255fe82d9d6,6342,size_in_bytes,lib/ocaml/compiler-libs/dwarf_low__Inline_code.cmt,22696
2026-07-28T18:02:55Z,a160052ab46b811cc9a9b6484c69f255fe82d9d6,6342,size_in_bytes,lib/ocaml/compiler-libs/cmm_builtins.cmt,2228422
2026-07-28T18:02:55Z,a160052ab46b811cc9a9b6484c69f255fe82d9d6,6342,size_in_bytes,lib/ocaml/compiler-libs/flambda2_nominal.cmt,17260
2026-07-28T18:02:55Z,a160052ab46b811cc9a9b6484c69f255fe82d9d6,6342,size_in_bytes,lib/ocaml/compiler-libs/flambda2_simplify__Simplify_apply_cont_expr.cmt,175656
2026-07-28T18:02:55Z,a160052ab46b811cc9a9b6484c69f255fe82d9d6,6342,size_in_bytes,lib/ocaml/compiler-libs/sub_cfg.cmt,173657
2026-07-28T18:02:55Z,a160052ab46b811cc9a9b6484c69f255fe82d9d6,6342,size_in_bytes,lib/ocaml/compiler-libs/persistent_env.cmt,1506225
2026-07-28T18:02:55Z,a160052ab46b811cc9a9b6484c69f255fe82d9d6,6342,size_in_bytes,lib/ocaml/compiler-libs/flambda2_identifiers__Code_id_or_name.cmt,32704
2026-07-28T18:02:55Z,a160052ab46b811cc9a9b6484c69f255fe82d9d6,6342,size_in_bytes,lib/ocaml/compiler-libs/opttopdirs.cmt,217262
2026-07-28T18:02:55Z,a160052ab46b811cc9a9b6484c69f255fe82d9d6,6342,size_in_bytes,lib/ocaml/compiler-libs/dwarf_low__Abbreviations_table.cmt,186519
2026-07-28T18:02:55Z,a160052ab46b811cc9a9b6484c69f255fe82d9d6,6342,size_in_bytes,lib/ocaml/compiler-libs/ikind.cmt,1400782
2026-07-28T18:02:55Z,a160052ab46b811cc9a9b6484c69f255fe82d9d6,6342,size_in_bytes,lib/ocaml/compiler-libs/misc.cmt,4074425
2026-07-28T18:02:55Z,a160052ab46b811cc9a9b6484c69f255fe82d9d6,6342,size_in_bytes,lib/ocaml/compiler-libs/asmlink.cmt,588378
2026-07-28T18:02:55Z,a160052ab46b811cc9a9b6484c69f255fe82d9d6,6342,size_in_bytes,lib/ocaml/compiler-libs/flambda2_to_cmm__To_cmm_shared.cmt,496317
2026-07-28T18:02:55Z,a160052ab46b811cc9a9b6484c69f255fe82d9d6,6342,size_in_bytes,lib/ocaml/compiler-libs/flambda2_simplify.cmt,69319
2026-07-28T18:02:55Z,a160052ab46b811cc9a9b6484c69f255fe82d9d6,6342,size_in_bytes,lib/ocaml/compiler-libs/vicuna_value_shapes.cmt,268155
2026-07-28T18:02:55Z,a160052ab46b811cc9a9b6484c69f255fe82d9d6,6342,size_in_bytes,lib/ocaml/compiler-libs/terminfo.cmt,49923
2026-07-28T18:02:55Z,a160052ab46b811cc9a9b6484c69f255fe82d9d6,6342,size_in_bytes,lib/ocaml/compiler-libs/ast_helper.cmt,1604489
2026-07-28T18:02:55Z,a160052ab46b811cc9a9b6484c69f255fe82d9d6,6342,size_in_bytes,lib/ocaml/compiler-libs/flambda2_simplify__Closure_info.cmt,80905
2026-07-28T18:02:55Z,a160052ab46b811cc9a9b6484c69f255fe82d9d6,6342,size_in_bytes,lib/ocaml/compiler-libs/ast_mapper.cmt,2586090
2026-07-28T18:02:55Z,a160052ab46b811cc9a9b6484c69f255fe82d9d6,6342,size_in_bytes,lib/ocaml/compiler-libs/flambda2_simplify__Simplify_primitive.cmt,315461
2026-07-28T18:02:55Z,a160052ab46b811cc9a9b6484c69f255fe82d9d6,6342,size_in_bytes,lib/ocaml/compiler-libs/flambda2_reaper__Cofield.cmt,144803
2026-07-28T18:02:55Z,a160052ab46b811cc9a9b6484c69f255fe82d9d6,6342,size_in_bytes,lib/ocaml/compiler-libs/arm64_binary_emitter__Fp_helpers.cmt,293756
2026-07-28T18:02:55Z,a160052ab46b811cc9a9b6484c69f255fe82d9d6,6342,size_in_bytes,lib/ocaml/compiler-libs/flambda2_reaper__Datalog_helpers.cmt,692950
2026-07-28T18:02:55Z,a160052ab46b811cc9a9b6484c69f255fe82d9d6,6342,size_in_bytes,lib/ocaml/compiler-libs/dwarf_low__Dwarf_4_range_list_entry.cmt,98105
2026-07-28T18:02:55Z,a160052ab46b811cc9a9b6484c69f255fe82d9d6,6342,size_in_bytes,lib/ocaml/compiler-libs/flambda2_simplify__Non_recursive_handler.cmt,106555
2026-07-28T18:02:55Z,a160052ab46b811cc9a9b6484c69f255fe82d9d6,6342,size_in_bytes,lib/ocaml/compiler-libs/compenv.cmt,1074329
2026-07-28T18:02:55Z,a160052ab46b811cc9a9b6484c69f255fe82d9d6,6342,size_in_bytes,lib/ocaml/compiler-libs/flambda2_simplify_shared__Exported_offsets.cmt,198946
2026-07-28T18:02:55Z,a160052ab46b811cc9a9b6484c69f255fe82d9d6,6342,size_in_bytes,lib/ocaml/compiler-libs/flambda2_from_lambda__Closure_conversion.cmt,4352197
2026-07-28T18:02:55Z,a160052ab46b811cc9a9b6484c69f255fe82d9d6,6342,size_in_bytes,lib/ocaml/compiler-libs/flambda2_algorithms__Lmap.cmt,222082
2026-07-28T18:02:55Z,a160052ab46b811cc9a9b6484c69f255fe82d9d6,6342,size_in_bytes,lib/ocaml/compiler-libs/peephole_utils.cmt,141903
2026-07-28T18:02:55Z,a160052ab46b811cc9a9b6484c69f255fe82d9d6,6342,size_in_bytes,lib/ocaml/compiler-libs/flambda2_simplify__Simplify_unary_primitive.cmt,1136088
2026-07-28T18:02:55Z,a160052ab46b811cc9a9b6484c69f255fe82d9d6,6342,size_in_bytes,lib/ocaml/compiler-libs/flambda2_terms__Loopify_attribute.cmt,41919
2026-07-28T18:02:55Z,a160052ab46b811cc9a9b6484c69f255fe82d9d6,6342,size_in_bytes,lib/ocaml/compiler-libs/operation.cmt,639641
2026-07-28T18:02:55Z,a160052ab46b811cc9a9b6484c69f255fe82d9d6,6342,size_in_bytes,lib/ocaml/compiler-libs/cfg_reducibility.cmt,86123
2026-07-28T18:02:55Z,a160052ab46b811cc9a9b6484c69f255fe82d9d6,6342,size_in_bytes,lib/ocaml/compiler-libs/flambda2_terms__Apply_cont_expr.cmt,342879
2026-07-28T18:02:55Z,a160052ab46b811cc9a9b6484c69f255fe82d9d6,6342,size_in_bytes,lib/ocaml/compiler-libs/regalloc_utils.cmt,719768
2026-07-28T18:02:55Z,a160052ab46b811cc9a9b6484c69f255fe82d9d6,6342,size_in_bytes,lib/ocaml/compiler-libs/typeclass.cmt,3037282
2026-07-28T18:02:55Z,a160052ab46b811cc9a9b6484c69f255fe82d9d6,6342,size_in_bytes,lib/ocaml/compiler-libs/flambda2_term_basics__Continuation_use_kind.cmt,14619
2026-07-28T18:02:55Z,a160052ab46b811cc9a9b6484c69f255fe82d9d6,6342,size_in_bytes,lib/ocaml/compiler-libs/asm_targets__Asm_directives_dwarf.cmt,13563
2026-07-28T18:02:55Z,a160052ab46b811cc9a9b6484c69f255fe82d9d6,6342,size_in_bytes,lib/ocaml/compiler-libs/arm64_binary_emitter__Yield_helpers.cmt,15450
2026-07-28T18:02:55Z,a160052ab46b811cc9a9b6484c69f255fe82d9d6,6342,size_in_bytes,lib/ocaml/compiler-libs/flambda2_reaper__Rev_expr.cmt,49820
2026-07-28T18:02:55Z,a160052ab46b811cc9a9b6484c69f255fe82d9d6,6342,size_in_bytes,lib/ocaml/compiler-libs/dwarf_low__Location_or_range_list_entry.cmt,146496
2026-07-28T18:02:55Z,a160052ab46b811cc9a9b6484c69f255fe82d9d6,6342,size_in_bytes,lib/ocaml/compiler-libs/simplify_terminator.cmt,657010
2026-07-28T18:02:55Z,a160052ab46b811cc9a9b6484c69f255fe82d9d6,6342,size_in_bytes,lib/ocaml/compiler-libs/flambda2_parser__Flambda_parser_messages.cmt,74582
2026-07-28T18:02:55Z,a160052ab46b811cc9a9b6484c69f255fe82d9d6,6342,size_in_bytes,lib/ocaml/compiler-libs/matching.cmt,5866435
2026-07-28T18:02:55Z,a160052ab46b811cc9a9b6484c69f255fe82d9d6,6342,size_in_bytes,lib/ocaml/compiler-libs/current_unit.cmt,73261
2026-07-28T18:02:55Z,a160052ab46b811cc9a9b6484c69f255fe82d9d6,6342,size_in_bytes,lib/ocaml/compiler-libs/flambda2_term_basics__Tag_and_size.cmt,177409
2026-07-28T18:02:55Z,a160052ab46b811cc9a9b6484c69f255fe82d9d6,6342,size_in_bytes,lib/ocaml/compiler-libs/flambda2_datalog__Heterogenous_list.cmt,25890
2026-07-28T18:02:55Z,a160052ab46b811cc9a9b6484c69f255fe82d9d6,6342,size_in_bytes,lib/ocaml/compiler-libs/cfg_merge_blocks.cmt,172015
2026-07-28T18:02:55Z,a160052ab46b811cc9a9b6484c69f255fe82d9d6,6342,size_in_bytes,lib/ocaml/compiler-libs/allowance.cmt,45287
2026-07-28T18:02:55Z,a160052ab46b811cc9a9b6484c69f255fe82d9d6,6342,size_in_bytes,lib/ocaml/compiler-libs/cfg_available_regs.cmt,436836
2026-07-28T18:02:55Z,a160052ab46b811cc9a9b6484c69f255fe82d9d6,6342,size_in_bytes,lib/ocaml/compiler-libs/flambda2_simplify__Unboxing_epa.cmt,531459
2026-07-28T18:02:55Z,a160052ab46b811cc9a9b6484c69f255fe82d9d6,6342,size_in_bytes,lib/ocaml/compiler-libs/flambda2_to_jsir__To_jsir_shared.cmt,143543
2026-07-28T18:02:55Z,a160052ab46b811cc9a9b6484c69f255fe82d9d6,6342,size_in_bytes,lib/ocaml/compiler-libs/flambda2_simplify__Simplify_binary_primitive.cmt,3829600
2026-07-28T18:02:55Z,a160052ab46b811cc9a9b6484c69f255fe82d9d6,6342,size_in_bytes,lib/ocaml/compiler-libs/includecore.cmt,2319238
2026-07-28T18:02:55Z,a160052ab46b811cc9a9b6484c69f255fe82d9d6,6342,size_in_bytes,lib/ocaml/compiler-libs/mtype.cmt,1105448
2026-07-28T18:02:55Z,a160052ab46b811cc9a9b6484c69f255fe82d9d6,6342,size_in_bytes,lib/ocaml/compiler-libs/flambda2_identifiers__Value_slot.cmt,96069
2026-07-28T18:02:55Z,a160052ab46b811cc9a9b6484c69f255fe82d9d6,6342,size_in_bytes,lib/ocaml/compiler-libs/profile_counters_functions.cmt,136263
2026-07-28T18:02:55Z,a160052ab46b811cc9a9b6484c69f255fe82d9d6,6342,size_in_bytes,lib/ocaml/compiler-libs/flambda2_reaper__Traverse_acc.cmt,596506
2026-07-28T18:02:55Z,a160052ab46b811cc9a9b6484c69f255fe82d9d6,6342,size_in_bytes,lib/ocaml/compiler-libs/linkenv.cmt,481598
2026-07-28T18:02:55Z,a160052ab46b811cc9a9b6484c69f255fe82d9d6,6342,size_in_bytes,lib/ocaml/compiler-libs/extract_relocations.cmt,218227
2026-07-28T18:02:55Z,a160052ab46b811cc9a9b6484c69f255fe82d9d6,6342,size_in_bytes,lib/ocaml/compiler-libs/flambda2_datalog__Virtual_machine.cmt,268606
2026-07-28T18:02:55Z,a160052ab46b811cc9a9b6484c69f255fe82d9d6,6342,size_in_bytes,lib/ocaml/compiler-libs/printoperation.cmt,397021
2026-07-28T18:02:55Z,a160052ab46b811cc9a9b6484c69f255fe82d9d6,6342,size_in_bytes,lib/ocaml/compiler-libs/flambda2_datalog__.cmt,17826
2026-07-28T18:02:55Z,a160052ab46b811cc9a9b6484c69f255fe82d9d6,6342,size_in_bytes,lib/ocaml/compiler-libs/cfg_dominators.cmt,557909
2026-07-28T18:02:55Z,a160052ab46b811cc9a9b6484c69f255fe82d9d6,6342,size_in_bytes,lib/ocaml/compiler-libs/opttoploop.cmt,1387515
2026-07-28T18:02:55Z,a160052ab46b811cc9a9b6484c69f255fe82d9d6,6342,size_in_bytes,lib/ocaml/compiler-libs/flambda2_identifiers__Code_id.cmt,25892
2026-07-28T18:02:55Z,a160052ab46b811cc9a9b6484c69f255fe82d9d6,6342,size_in_bytes,lib/ocaml/compiler-libs/runtime_shape.cmt,692213
2026-07-28T18:02:55Z,a160052ab46b811cc9a9b6484c69f255fe82d9d6,6342,size_in_bytes,lib/ocaml/compiler-libs/flambda2_to_cmm__To_cmm.cmt,415713
2026-07-28T18:02:55Z,a160052ab46b811cc9a9b6484c69f255fe82d9d6,6342,size_in_bytes,lib/ocaml/compiler-libs/cfg_edge.cmt,105500
2026-07-28T18:02:55Z,a160052ab46b811cc9a9b6484c69f255fe82d9d6,6342,size_in_bytes,lib/ocaml/compiler-libs/flambda2_terms__Zero_alloc_attribute.cmt,78582
2026-07-28T18:02:55Z,a160052ab46b811cc9a9b6484c69f255fe82d9d6,6342,size_in_bytes,lib/ocaml/compiler-libs/flambda2_terms__Code_metadata.cmt,767761
2026-07-28T18:02:55Z,a160052ab46b811cc9a9b6484c69f255fe82d9d6,6342,size_in_bytes,lib/ocaml/compiler-libs/flambda2_simplify__Unboxers.cmt,149554
2026-07-28T18:02:55Z,a160052ab46b811cc9a9b6484c69f255fe82d9d6,6342,size_in_bytes,lib/ocaml/compiler-libs/x86_proc.cmt,353624
2026-07-28T18:02:55Z,a160052ab46b811cc9a9b6484c69f255fe82d9d6,6342,size_in_bytes,lib/ocaml/compiler-libs/flambda2_cmx__Exported_code.cmt,140746
2026-07-28T18:02:55Z,a160052ab46b811cc9a9b6484c69f255fe82d9d6,6342,size_in_bytes,lib/ocaml/compiler-libs/label.cmt,54373
2026-07-28T18:02:55Z,a160052ab46b811cc9a9b6484c69f255fe82d9d6,6342,size_in_bytes,lib/ocaml/compiler-libs/cfg_colours.cmt,42627
2026-07-28T18:02:55Z,a160052ab46b811cc9a9b6484c69f255fe82d9d6,6342,size_in_bytes,lib/ocaml/compiler-libs/flambda2_simplify__Lifted_constant_state.cmt,246437
2026-07-28T18:02:55Z,a160052ab46b811cc9a9b6484c69f255fe82d9d6,6342,size_in_bytes,lib/ocaml/compiler-libs/flambda2_reaper__Rebuilt_expr.cmt,107424
2026-07-28T18:02:55Z,a160052ab46b811cc9a9b6484c69f255fe82d9d6,6342,size_in_bytes,lib/ocaml/compiler-libs/flambda2_terms__Static_const.cmt,1169280
2026-07-28T18:02:55Z,a160052ab46b811cc9a9b6484c69f255fe82d9d6,6342,size_in_bytes,lib/ocaml/compiler-libs/compile.cmt,175380
2026-07-28T18:02:55Z,a160052ab46b811cc9a9b6484c69f255fe82d9d6,6342,size_in_bytes,lib/ocaml/compiler-libs/flambda2_terms__Code_or_metadata.cmt,243883
2026-07-28T18:02:55Z,a160052ab46b811cc9a9b6484c69f255fe82d9d6,6342,size_in_bytes,lib/ocaml/compiler-libs/flambda2_simplify__Continuation_shortcut.cmt,88266
2026-07-28T18:02:55Z,a160052ab46b811cc9a9b6484c69f255fe82d9d6,6342,size_in_bytes,lib/ocaml/compiler-libs/cmt_format.cmt,831871
2026-07-28T18:02:55Z,a160052ab46b811cc9a9b6484c69f255fe82d9d6,6342,size_in_bytes,lib/ocaml/compiler-libs/flambda2_parser__Flambda_parser.cmt,7526888
2026-07-28T18:02:55Z,a160052ab46b811cc9a9b6484c69f255fe82d9d6,6342,size_in_bytes,lib/ocaml/compiler-libs/slambda.cmt,32939
2026-07-28T18:02:55Z,a160052ab46b811cc9a9b6484c69f255fe82d9d6,6342,size_in_bytes,lib/ocaml/compiler-libs/regalloc_split_utils.cmt,145198
2026-07-28T18:02:55Z,a160052ab46b811cc9a9b6484c69f255fe82d9d6,6342,size_in_bytes,lib/ocaml/compiler-libs/flambda2_types__Type_grammar.cmt,5731704
2026-07-28T18:02:55Z,a160052ab46b811cc9a9b6484c69f255fe82d9d6,6342,size_in_bytes,lib/ocaml/compiler-libs/flambda2_parser__Fexpr_prim_descr.cmt,823506
2026-07-28T18:02:55Z,a160052ab46b811cc9a9b6484c69f255fe82d9d6,6342,size_in_bytes,lib/ocaml/compiler-libs/flambda2_nominal__Name_abstraction.cmt,138331
2026-07-28T18:02:55Z,a160052ab46b811cc9a9b6484c69f255fe82d9d6,6342,size_in_bytes,lib/ocaml/compiler-libs/reg.cmt,568191
2026-07-28T18:02:55Z,a160052ab46b811cc9a9b6484c69f255fe82d9d6,6342,size_in_bytes,lib/ocaml/compiler-libs/vicuna_traverse_typed_tree.cmt,567326
2026-07-28T18:02:55Z,a160052ab46b811cc9a9b6484c69f255fe82d9d6,6342,size_in_bytes,lib/ocaml/compiler-libs/arm64_binary_emitter__Encode_instruction.cmt,2043450
2026-07-28T18:02:55Z,a160052ab46b811cc9a9b6484c69f255fe82d9d6,6342,size_in_bytes,lib/ocaml/compiler-libs/printast.cmt,3400036
2026-07-28T18:02:55Z,a160052ab46b811cc9a9b6484c69f255fe82d9d6,6342,size_in_bytes,lib/ocaml/compiler-libs/translprim.cmt,2894106
2026-07-28T18:02:55Z,a160052ab46b811cc9a9b6484c69f255fe82d9d6,6342,size_in_bytes,lib/ocaml/compiler-libs/flambda2_numbers__Vector_types.cmt,543578
2026-07-28T18:02:55Z,a160052ab46b811cc9a9b6484c69f255fe82d9d6,6342,size_in_bytes,lib/ocaml/compiler-libs/flambda2_simplify__Simplify_import.cmt,43403
2026-07-28T18:02:55Z,a160052ab46b811cc9a9b6484c69f255fe82d9d6,6342,size_in_bytes,lib/ocaml/compiler-libs/vectorize_specific.cmt,82486
2026-07-28T18:02:55Z,a160052ab46b811cc9a9b6484c69f255fe82d9d6,6342,size_in_bytes,lib/ocaml/compiler-libs/typedecl_separability.cmt,508281
2026-07-28T18:02:55Z,a160052ab46b811cc9a9b6484c69f255fe82d9d6,6342,size_in_bytes,lib/ocaml/compiler-libs/flambda2_terms__Expr_std.cmt,32875
2026-07-28T18:02:55Z,a160052ab46b811cc9a9b6484c69f255fe82d9d6,6342,size_in_bytes,lib/ocaml/compiler-libs/peephole_optimize.cmt,50834
2026-07-28T18:02:55Z,a160052ab46b811cc9a9b6484c69f255fe82d9d6,6342,size_in_bytes,lib/ocaml/compiler-libs/flambda2_datalog__Schedule.cmt,809342
2026-07-28T18:02:55Z,a160052ab46b811cc9a9b6484c69f255fe82d9d6,6342,size_in_bytes,lib/ocaml/compiler-libs/extra_debug.cmt,56110
2026-07-28T18:02:55Z,a160052ab46b811cc9a9b6484c69f255fe82d9d6,6342,size_in_bytes,lib/ocaml/compiler-libs/regalloc_stack_slots.cmt,444999
2026-07-28T18:02:55Z,a160052ab46b811cc9a9b6484c69f255fe82d9d6,6342,size_in_bytes,lib/ocaml/compiler-libs/flambda2_floats.cmt,10916
2026-07-28T18:02:55Z,a160052ab46b811cc9a9b6484c69f255fe82d9d6,6342,size_in_bytes,lib/ocaml/compiler-libs/flambda2_reaper__Rebuild.cmt,2825464
2026-07-28T18:02:55Z,a160052ab46b811cc9a9b6484c69f255fe82d9d6,6342,size_in_bytes,lib/ocaml/compiler-libs/dwarf_high__Assign_abbrevs.cmt,67842
2026-07-28T18:02:55Z,a160052ab46b811cc9a9b6484c69f255fe82d9d6,6342,size_in_bytes,lib/ocaml/compiler-libs/regalloc_ls.cmt,457960
2026-07-28T18:02:55Z,a160052ab46b811cc9a9b6484c69f255fe82d9d6,6342,size_in_bytes,lib/ocaml/compiler-libs/flambda2_algorithms__Patricia_tree.cmt,3227857
2026-07-28T18:02:55Z,a160052ab46b811cc9a9b6484c69f255fe82d9d6,6342,size_in_bytes,lib/ocaml/compiler-libs/flambda2_terms__Poll_attribute.cmt,34602
2026-07-28T18:02:55Z,a160052ab46b811cc9a9b6484c69f255fe82d9d6,6342,size_in_bytes,lib/ocaml/compiler-libs/cfg_invariants.cmt,830214
2026-07-28T18:02:55Z,a160052ab46b811cc9a9b6484c69f255fe82d9d6,6342,size_in_bytes,lib/ocaml/compiler-libs/flambda2_to_jsir__To_jsir_result.cmt,174749
2026-07-28T18:02:55Z,a160052ab46b811cc9a9b6484c69f255fe82d9d6,6342,size_in_bytes,lib/ocaml/compiler-libs/dll.cmt,177955
2026-07-28T18:02:55Z,a160052ab46b811cc9a9b6484c69f255fe82d9d6,6342,size_in_bytes,lib/ocaml/compiler-libs/topdirs.cmt,682802
2026-07-28T18:02:55Z,a160052ab46b811cc9a9b6484c69f255fe82d9d6,6342,size_in_bytes,lib/ocaml/compiler-libs/dwarf_low__Initial_length.cmt,28930
2026-07-28T18:02:55Z,a160052ab46b811cc9a9b6484c69f255fe82d9d6,6342,size_in_bytes,lib/ocaml/compiler-libs/flambda2_terms__Code0.cmt,164812
2026-07-28T18:02:55Z,a160052ab46b811cc9a9b6484c69f255fe82d9d6,6342,size_in_bytes,lib/ocaml/compiler-libs/dwarf_low__Debug_ranges_table.cmt,44007
2026-07-28T18:02:55Z,a160052ab46b811cc9a9b6484c69f255fe82d9d6,6342,size_in_bytes,lib/ocaml/compiler-libs/tast_mapper.cmt,1991375
2026-07-28T18:02:55Z,a160052ab46b811cc9a9b6484c69f255fe82d9d6,6342,size_in_bytes,lib/ocaml/compiler-libs/typecore.cmt,15741692
2026-07-28T18:02:55Z,a160052ab46b811cc9a9b6484c69f255fe82d9d6,6342,size_in_bytes,lib/ocaml/compiler-libs/arm64_binary_emitter.cmt,26517
2026-07-28T18:02:55Z,a160052ab46b811cc9a9b6484c69f255fe82d9d6,6342,size_in_bytes,lib/ocaml/compiler-libs/oprint.cmt,2294792
2026-07-28T18:02:55Z,a160052ab46b811cc9a9b6484c69f255fe82d9d6,6342,size_in_bytes,lib/ocaml/compiler-libs/flambda2_term_basics__Coercion.cmt,68638
2026-07-28T18:02:55Z,a160052ab46b811cc9a9b6484c69f255fe82d9d6,6342,size_in_bytes,lib/ocaml/compiler-libs/dwarf_low__Simple_location_description.cmt,26545
2026-07-28T18:02:55Z,a160052ab46b811cc9a9b6484c69f255fe82d9d6,6342,size_in_bytes,lib/ocaml/compiler-libs/flambda2_simplify__Simplify_primitive_result.cmt,72283
2026-07-28T18:02:55Z,a160052ab46b811cc9a9b6484c69f255fe82d9d6,6342,size_in_bytes,lib/ocaml/compiler-libs/flambda2_types__Set_of_closures_contents.cmt,501335
2026-07-28T18:02:55Z,a160052ab46b811cc9a9b6484c69f255fe82d9d6,6342,size_in_bytes,lib/ocaml/compiler-libs/flambda2_terms__First_complex_local_param.cmt,35242
2026-07-28T18:02:55Z,a160052ab46b811cc9a9b6484c69f255fe82d9d6,6342,size_in_bytes,lib/ocaml/compiler-libs/flambda2_term_basics__Or_variable.cmt,56087
2026-07-28T18:02:55Z,a160052ab46b811cc9a9b6484c69f255fe82d9d6,6342,size_in_bytes,lib/ocaml/compiler-libs/parse.cmt,230323
2026-07-28T18:02:55Z,a160052ab46b811cc9a9b6484c69f255fe82d9d6,6342,size_in_bytes,lib/ocaml/compiler-libs/flambda2_terms__Result_types.cmt,233832
2026-07-28T18:02:55Z,a160052ab46b811cc9a9b6484c69f255fe82d9d6,6342,size_in_bytes,lib/ocaml/compiler-libs/jkind_axis.cmt,375593
2026-07-28T18:02:55Z,a160052ab46b811cc9a9b6484c69f255fe82d9d6,6342,size_in_bytes,lib/ocaml/compiler-libs/build_linker_args.cmt,36568
2026-07-28T18:02:55Z,a160052ab46b811cc9a9b6484c69f255fe82d9d6,6342,size_in_bytes,lib/ocaml/compiler-libs/clflags.cmt,1101549
2026-07-28T18:02:55Z,a160052ab46b811cc9a9b6484c69f255fe82d9d6,6342,size_in_bytes,lib/ocaml/compiler-libs/flambda2_ui__Flambda_features.cmt,366502
2026-07-28T18:02:55Z,a160052ab46b811cc9a9b6484c69f255fe82d9d6,6342,size_in_bytes,lib/ocaml/compiler-libs/flambda2_terms__Exn_continuation.cmt,292787
2026-07-28T18:02:55Z,a160052ab46b811cc9a9b6484c69f255fe82d9d6,6342,size_in_bytes,lib/ocaml/compiler-libs/flambda2_terms__Call_kind.cmt,629153
2026-07-28T18:02:55Z,a160052ab46b811cc9a9b6484c69f255fe82d9d6,6342,size_in_bytes,lib/ocaml/compiler-libs/flambda2_from_lambda__Closure_conversion_aux.cmt,1273455
2026-07-28T18:02:55Z,a160052ab46b811cc9a9b6484c69f255fe82d9d6,6342,size_in_bytes,lib/ocaml/compiler-libs/envaux.cmt,163251
2026-07-28T18:02:55Z,a160052ab46b811cc9a9b6484c69f255fe82d9d6,6342,size_in_bytes,lib/ocaml/compiler-libs/main_args.cmt,3896613
2026-07-28T18:02:55Z,a160052ab46b811cc9a9b6484c69f255fe82d9d6,6342,size_in_bytes,lib/ocaml/compiler-libs/simd_selection.cmt,2444578
2026-07-28T18:02:55Z,a160052ab46b811cc9a9b6484c69f255fe82d9d6,6342,size_in_bytes,lib/ocaml/compiler-libs/inlined_frame_ranges.cmt,400891
2026-07-28T18:02:55Z,a160052ab46b811cc9a9b6484c69f255fe82d9d6,6342,size_in_bytes,lib/ocaml/compiler-libs/cm_bundle.cmt,130851
2026-07-28T18:02:55Z,a160052ab46b811cc9a9b6484c69f255fe82d9d6,6342,size_in_bytes,lib/ocaml/compiler-libs/x86_binary_emitter.cmt,3041212
2026-07-28T18:02:55Z,a160052ab46b811cc9a9b6484c69f255fe82d9d6,6342,size_in_bytes,lib/ocaml/compiler-libs/flambda2_simplify_shared__Call_site_inlining_decision_type.cmt,440601
2026-07-28T18:02:55Z,a160052ab46b811cc9a9b6484c69f255fe82d9d6,6342,size_in_bytes,lib/ocaml/compiler-libs/flambda2_terms__Set_of_closures.cmt,304822
2026-07-28T18:02:55Z,a160052ab46b811cc9a9b6484c69f255fe82d9d6,6342,size_in_bytes,lib/ocaml/compiler-libs/simd.cmt,1029731
2026-07-28T18:02:55Z,a160052ab46b811cc9a9b6484c69f255fe82d9d6,6342,size_in_bytes,lib/ocaml/compiler-libs/arm64_ast.cmt,11440
2026-07-28T18:02:55Z,a160052ab46b811cc9a9b6484c69f255fe82d9d6,6342,size_in_bytes,lib/ocaml/compiler-libs/stack_reg_offset.cmt,34269
2026-07-28T18:02:55Z,a160052ab46b811cc9a9b6484c69f255fe82d9d6,6342,size_in_bytes,lib/ocaml/compiler-libs/flambda2_types__Type_descr.cmt,251176
2026-07-28T18:02:55Z,a160052ab46b811cc9a9b6484c69f255fe82d9d6,6342,size_in_bytes,lib/ocaml/compiler-libs/flambda2_reaper__Unboxing_analysis.cmt,965731
2026-07-28T18:02:55Z,a160052ab46b811cc9a9b6484c69f255fe82d9d6,6342,size_in_bytes,lib/ocaml/compiler-libs/file_sections.cmt,156959
2026-07-28T18:02:55Z,a160052ab46b811cc9a9b6484c69f255fe82d9d6,6342,size_in_bytes,lib/ocaml/compiler-libs/cfg_intf.cmt,77391
2026-07-28T18:02:55Z,a160052ab46b811cc9a9b6484c69f255fe82d9d6,6342,size_in_bytes,lib/ocaml/compiler-libs/flambda2_term_basics__Or_invalid.cmt,31933
2026-07-28T18:02:55Z,a160052ab46b811cc9a9b6484c69f255fe82d9d6,6342,size_in_bytes,lib/ocaml/compiler-libs/compiler_hooks.cmt,146966
2026-07-28T18:02:55Z,a160052ab46b811cc9a9b6484c69f255fe82d9d6,6342,size_in_bytes,lib/ocaml/compiler-libs/regalloc_stack_operands.cmt,336025
2026-07-28T18:02:55Z,a160052ab46b811cc9a9b6484c69f255fe82d9d6,6342,size_in_bytes,lib/ocaml/compiler-libs/flambda2_types__With_cached_free_names.cmt,81148
2026-07-28T18:02:55Z,a160052ab46b811cc9a9b6484c69f255fe82d9d6,6342,size_in_bytes,lib/ocaml/compiler-libs/flambda2_simplify__Downwards_env.cmt,1071150
2026-07-28T18:02:55Z,a160052ab46b811cc9a9b6484c69f255fe82d9d6,6342,size_in_bytes,lib/ocaml/compiler-libs/meta.cmt,20428
2026-07-28T18:02:55Z,a160052ab46b811cc9a9b6484c69f255fe82d9d6,6342,size_in_bytes,lib/ocaml/compiler-libs/dwarf_low__Dwarf_language.cmt,38646
2026-07-28T18:02:55Z,a160052ab46b811cc9a9b6484c69f255fe82d9d6,6342,size_in_bytes,lib/ocaml/compiler-libs/bytelibrarian.cmt,174617
2026-07-28T18:02:55Z,a160052ab46b811cc9a9b6484c69f255fe82d9d6,6342,size_in_bytes,lib/ocaml/compiler-libs/lambda.cmt,3295085
2026-07-28T18:02:55Z,a160052ab46b811cc9a9b6484c69f255fe82d9d6,6342,size_in_bytes,lib/ocaml/compiler-libs/printlinear.cmt,291466
2026-07-28T18:02:55Z,a160052ab46b811cc9a9b6484c69f255fe82d9d6,6342,size_in_bytes,lib/ocaml/compiler-libs/flambda2_simplify__Is_unboxing_beneficial.cmt,100709
2026-07-28T18:02:55Z,a160052ab46b811cc9a9b6484c69f255fe82d9d6,6342,size_in_bytes,lib/ocaml/compiler-libs/flambda2_parser__Print_fexpr.cmt,1748407
2026-07-28T18:02:55Z,a160052ab46b811cc9a9b6484c69f255fe82d9d6,6342,size_in_bytes,lib/ocaml/compiler-libs/flambda2_datalog__Datalog.cmt,545974
2026-07-28T18:02:55Z,a160052ab46b811cc9a9b6484c69f255fe82d9d6,6342,size_in_bytes,lib/ocaml/compiler-libs/axis_lattice.cmt,556496
2026-07-28T18:02:55Z,a160052ab46b811cc9a9b6484c69f255fe82d9d6,6342,size_in_bytes,lib/ocaml/compiler-libs/dwarf_low__Location_list_entry.cmt,28446
2026-07-28T18:02:55Z,a160052ab46b811cc9a9b6484c69f255fe82d9d6,6342,size_in_bytes,lib/ocaml/compiler-libs/flambda2_term_basics__Symbol_projection.cmt,172859
2026-07-28T18:02:55Z,a160052ab46b811cc9a9b6484c69f255fe82d9d6,6342,size_in_bytes,lib/ocaml/compiler-libs/identifiable.cmt,664651
2026-07-28T18:02:55Z,a160052ab46b811cc9a9b6484c69f255fe82d9d6,6342,size_in_bytes,lib/ocaml/compiler-libs/compilenv.cmt,344405
2026-07-28T18:02:55Z,a160052ab46b811cc9a9b6484c69f255fe82d9d6,6342,size_in_bytes,lib/ocaml/compiler-libs/cfg_loop_infos.cmt,236469
2026-07-28T18:02:55Z,a160052ab46b811cc9a9b6484c69f255fe82d9d6,6342,size_in_bytes,lib/ocaml/compiler-libs/cfg_with_infos.cmt,109764
2026-07-28T18:02:55Z,a160052ab46b811cc9a9b6484c69f255fe82d9d6,6342,size_in_bytes,lib/ocaml/compiler-libs/flambda2_to_jsir__To_jsir_static_const.cmt,352884
2026-07-28T18:02:55Z,a160052ab46b811cc9a9b6484c69f255fe82d9d6,6342,size_in_bytes,lib/ocaml/compiler-libs/import_info.cmt,174557
2026-07-28T18:02:55Z,a160052ab46b811cc9a9b6484c69f255fe82d9d6,6342,size_in_bytes,lib/ocaml/compiler-libs/regalloc_gi_utils.cmt,718141
2026-07-28T18:02:55Z,a160052ab46b811cc9a9b6484c69f255fe82d9d6,6342,size_in_bytes,lib/ocaml/compiler-libs/flambda2_identifiers__Name.cmt,240793
2026-07-28T18:02:55Z,a160052ab46b811cc9a9b6484c69f255fe82d9d6,6342,size_in_bytes,lib/ocaml/compiler-libs/flambda2_reaper__Reaper.cmt,79179
2026-07-28T18:02:55Z,a160052ab46b811cc9a9b6484c69f255fe82d9d6,6342,size_in_bytes,lib/ocaml/compiler-libs/flambda2_simplify_shared__Inlining_report.cmt,955543
2026-07-28T18:02:55Z,a160052ab46b811cc9a9b6484c69f255fe82d9d6,6342,size_in_bytes,lib/ocaml/compiler-libs/flambda2_numbers__One_bit_fewer.cmt,178316
2026-07-28T18:02:55Z,a160052ab46b811cc9a9b6484c69f255fe82d9d6,6342,size_in_bytes,lib/ocaml/compiler-libs/regalloc_ls_utils.cmt,485071
2026-07-28T18:02:55Z,a160052ab46b811cc9a9b6484c69f255fe82d9d6,6342,size_in_bytes,lib/ocaml/compiler-libs/flambda2_simplify__Optimistic_unboxing_decision.cmt,238156
2026-07-28T18:02:55Z,a160052ab46b811cc9a9b6484c69f255fe82d9d6,6342,size_in_bytes,lib/ocaml/compiler-libs/flambda2_reaper__Analysis.cmt,90921
2026-07-28T18:02:55Z,a160052ab46b811cc9a9b6484c69f255fe82d9d6,6342,size_in_bytes,lib/ocaml/compiler-libs/flambda2_types__Expand_head.cmt,678712
2026-07-28T18:02:55Z,a160052ab46b811cc9a9b6484c69f255fe82d9d6,6342,size_in_bytes,lib/ocaml/compiler-libs/typedecl.cmt,5908325
2026-07-28T18:02:55Z,a160052ab46b811cc9a9b6484c69f255fe82d9d6,6342,size_in_bytes,lib/ocaml/compiler-libs/regs.cmt,382104
2026-07-28T18:02:55Z,a160052ab46b811cc9a9b6484c69f255fe82d9d6,6342,size_in_bytes,lib/ocaml/compiler-libs/dissector.cmt,230880
2026-07-28T18:02:55Z,a160052ab46b811cc9a9b6484c69f255fe82d9d6,6342,size_in_bytes,lib/ocaml/compiler-libs/flambda2_cmx__Flambda_cmx_format.cmt,493924
2026-07-28T18:02:55Z,a160052ab46b811cc9a9b6484c69f255fe82d9d6,6342,size_in_bytes,lib/ocaml/compiler-libs/dwarf_low__Dwarf_tag.cmt,87098
2026-07-28T18:02:55Z,a160052ab46b811cc9a9b6484c69f255fe82d9d6,6342,size_in_bytes,lib/ocaml/compiler-libs/attr_helper.cmt,52734
2026-07-28T18:02:55Z,a160052ab46b811cc9a9b6484c69f255fe82d9d6,6342,size_in_bytes,lib/ocaml/compiler-libs/flambda2_term_basics__Value_slot_set.cmt,183094
2026-07-28T18:02:55Z,a160052ab46b811cc9a9b6484c69f255fe82d9d6,6342,size_in_bytes,lib/ocaml/compiler-libs/flambda2_simplify__Reification.cmt,271425
2026-07-28T18:02:55Z,a160052ab46b811cc9a9b6484c69f255fe82d9d6,6342,size_in_bytes,lib/ocaml/compiler-libs/parmatch.cmt,2936869
2026-07-28T18:02:55Z,a160052ab46b811cc9a9b6484c69f255fe82d9d6,6342,size_in_bytes,lib/ocaml/compiler-libs/type_shape.cmt,1210749
2026-07-28T18:02:55Z,a160052ab46b811cc9a9b6484c69f255fe82d9d6,6342,size_in_bytes,lib/ocaml/compiler-libs/translmod.cmt,1780131
2026-07-28T18:02:55Z,a160052ab46b811cc9a9b6484c69f255fe82d9d6,6342,size_in_bytes,lib/ocaml/compiler-libs/flambda2_terms__Trap_action.cmt,118667
2026-07-28T18:02:55Z,a160052ab46b811cc9a9b6484c69f255fe82d9d6,6342,size_in_bytes,lib/ocaml/compiler-libs/makedepend.cmt,1035025
2026-07-28T18:02:55Z,a160052ab46b811cc9a9b6484c69f255fe82d9d6,6342,size_in_bytes,lib/ocaml/compiler-libs/includeclass.cmt,180087
2026-07-28T18:02:55Z,a160052ab46b811cc9a9b6484c69f255fe82d9d6,6342,size_in_bytes,lib/ocaml/compiler-libs/dwarf_low__Single_location_description.cmt,28464
2026-07-28T18:02:55Z,a160052ab46b811cc9a9b6484c69f255fe82d9d6,6342,size_in_bytes,lib/ocaml/compiler-libs/cfg_to_linear.cmt,462096
2026-07-28T18:02:55Z,a160052ab46b811cc9a9b6484c69f255fe82d9d6,6342,size_in_bytes,lib/ocaml/compiler-libs/dwarf.cmt,236994
2026-07-28T18:02:55Z,a160052ab46b811cc9a9b6484c69f255fe82d9d6,6342,size_in_bytes,lib/ocaml/compiler-libs/flambda2_simplify__Original_handlers.cmt,115625
2026-07-28T18:02:55Z,a160052ab46b811cc9a9b6484c69f255fe82d9d6,6342,size_in_bytes,lib/ocaml/compiler-libs/probe_emission.cmt,218438
2026-07-28T18:02:55Z,a160052ab46b811cc9a9b6484c69f255fe82d9d6,6342,size_in_bytes,lib/ocaml/compiler-libs/predef.cmt,1242067
2026-07-28T18:02:55Z,a160052ab46b811cc9a9b6484c69f255fe82d9d6,6342,size_in_bytes,lib/ocaml/compiler-libs/flambda2_simplify__Simplify_named_result.cmt,61366
2026-07-28T18:02:55Z,a160052ab46b811cc9a9b6484c69f255fe82d9d6,6342,size_in_bytes,lib/ocaml/compiler-libs/cfg_prologue.cmt,543120
2026-07-28T18:02:55Z,a160052ab46b811cc9a9b6484c69f255fe82d9d6,6342,size_in_bytes,lib/ocaml/compiler-libs/flambda2_terms__Function_decl_inlining_decision_type.cmt,416500
2026-07-28T18:02:55Z,a160052ab46b811cc9a9b6484c69f255fe82d9d6,6342,size_in_bytes,lib/ocaml/compiler-libs/flambda2_simplify__Downwards_acc.cmt,499003
2026-07-28T18:02:55Z,a160052ab46b811cc9a9b6484c69f255fe82d9d6,6342,size_in_bytes,lib/ocaml/compiler-libs/flambda2_simplify__Lifted_cont_params.cmt,113734
2026-07-28T18:02:55Z,a160052ab46b811cc9a9b6484c69f255fe82d9d6,6342,size_in_bytes,lib/ocaml/compiler-libs/dwarf_low__Child_determination.cmt,27792
2026-07-28T18:02:55Z,a160052ab46b811cc9a9b6484c69f255fe82d9d6,6342,size_in_bytes,lib/ocaml/compiler-libs/ccomp.cmt,262815
2026-07-28T18:02:55Z,a160052ab46b811cc9a9b6484c69f255fe82d9d6,6342,size_in_bytes,lib/ocaml/compiler-libs/flambda2_term_basics__Simple.cmt,652784
2026-07-28T18:02:55Z,a160052ab46b811cc9a9b6484c69f255fe82d9d6,6342,size_in_bytes,lib/ocaml/compiler-libs/flambda2_parser__Flambda_lex.cmt,277680
2026-07-28T18:02:55Z,a160052ab46b811cc9a9b6484c69f255fe82d9d6,6342,size_in_bytes,lib/ocaml/compiler-libs/linear_format.cmt,105403
2026-07-28T18:02:55Z,a160052ab46b811cc9a9b6484c69f255fe82d9d6,6342,size_in_bytes,lib/ocaml/compiler-libs/flambda2_simplify__Apply_cont_rewrite.cmt,293181
2026-07-28T18:02:55Z,a160052ab46b811cc9a9b6484c69f255fe82d9d6,6342,size_in_bytes,lib/ocaml/compiler-libs/flambda2_simplify__Unboxing_types.cmt,282621
2026-07-28T18:02:55Z,a160052ab46b811cc9a9b6484c69f255fe82d9d6,6342,size_in_bytes,lib/ocaml/compiler-libs/arm64_binary_emitter__Binary_emitter.cmt,178862
2026-07-28T18:02:55Z,a160052ab46b811cc9a9b6484c69f255fe82d9d6,6342,size_in_bytes,lib/ocaml/compiler-libs/flambda2_simplify__Continuation_extra_params_and_args.cmt,213819
2026-07-28T18:02:55Z,a160052ab46b811cc9a9b6484c69f255fe82d9d6,6342,size_in_bytes,lib/ocaml/compiler-libs/ctype.cmt,11518534
2026-07-28T18:02:55Z,a160052ab46b811cc9a9b6484c69f255fe82d9d6,6342,size_in_bytes,lib/ocaml/compiler-libs/cfg_selectgen.cmt,2151587
2026-07-28T18:02:55Z,a160052ab46b811cc9a9b6484c69f255fe82d9d6,6342,size_in_bytes,lib/ocaml/compiler-libs/dwarf_low__Dwarf_emittable.cmt,21526
2026-07-28T18:02:55Z,a160052ab46b811cc9a9b6484c69f255fe82d9d6,6342,size_in_bytes,lib/ocaml/compiler-libs/compute_ranges.cmt,643292
2026-07-28T18:02:55Z,a160052ab46b811cc9a9b6484c69f255fe82d9d6,6342,size_in_bytes,lib/ocaml/compiler-libs/flambda2_simplify__Simplify_extcall.cmt,309084
2026-07-28T18:02:55Z,a160052ab46b811cc9a9b6484c69f255fe82d9d6,6342,size_in_bytes,lib/ocaml/compiler-libs/flambda2_terms__Code.cmt,65710
2026-07-28T18:02:55Z,a160052ab46b811cc9a9b6484c69f255fe82d9d6,6342,size_in_bytes,lib/ocaml/compiler-libs/flambda2_simplify__One_recursive_handler.cmt,58373
2026-07-28T18:02:55Z,a160052ab46b811cc9a9b6484c69f255fe82d9d6,6342,size_in_bytes,lib/ocaml/compiler-libs/cfg_simplify.cmt,285066
2026-07-28T18:02:55Z,a160052ab46b811cc9a9b6484c69f255fe82d9d6,6342,size_in_bytes,lib/ocaml/compiler-libs/regalloc_affinity.cmt,158984
2026-07-28T18:02:55Z,a160052ab46b811cc9a9b6484c69f255fe82d9d6,6342,size_in_bytes,lib/ocaml/compiler-libs/flambda2_terms.cmt,39344
2026-07-28T18:02:55Z,a160052ab46b811cc9a9b6484c69f255fe82d9d6,6342,size_in_bytes,lib/ocaml/compiler-libs/flambda2_reaper__Dot_printer.cmt,129382
2026-07-28T18:02:55Z,a160052ab46b811cc9a9b6484c69f255fe82d9d6,6342,size_in_bytes,lib/ocaml/compiler-libs/flambda2_term_basics__String_info.cmt,203834
2026-07-28T18:02:55Z,a160052ab46b811cc9a9b6484c69f255fe82d9d6,6342,size_in_bytes,lib/ocaml/compiler-libs/rewrite_sections.cmt,411757
2026-07-28T18:02:55Z,a160052ab46b811cc9a9b6484c69f255fe82d9d6,6342,size_in_bytes,lib/ocaml/compiler-libs/mode.cmt,10644803
2026-07-28T18:02:55Z,a160052ab46b811cc9a9b6484c69f255fe82d9d6,6342,size_in_bytes,lib/ocaml/compiler-libs/flambda2_terms__Effects.cmt,53997
2026-07-28T18:02:55Z,a160052ab46b811cc9a9b6484c69f255fe82d9d6,6342,size_in_bytes,lib/ocaml/compiler-libs/flambda2_to_cmm__To_cmm_env.cmt,1384505
2026-07-28T18:02:55Z,a160052ab46b811cc9a9b6484c69f255fe82d9d6,6342,size_in_bytes,lib/ocaml/compiler-libs/regalloc_interf_graph.cmt,417327
2026-07-28T18:02:55Z,a160052ab46b811cc9a9b6484c69f255fe82d9d6,6342,size_in_bytes,lib/ocaml/compiler-libs/jkind_intf.cmt,152701
2026-07-28T18:02:55Z,a160052ab46b811cc9a9b6484c69f255fe82d9d6,6342,size_in_bytes,lib/ocaml/compiler-libs/translobj.cmt,213888
2026-07-28T18:02:55Z,a160052ab46b811cc9a9b6484c69f255fe82d9d6,6342,size_in_bytes,lib/ocaml/compiler-libs/flambda2_simplify_shared__Inlining_helpers.cmt,145066
2026-07-28T18:02:55Z,a160052ab46b811cc9a9b6484c69f255fe82d9d6,6342,size_in_bytes,lib/ocaml/compiler-libs/translattribute.cmt,497124
2026-07-28T18:02:55Z,a160052ab46b811cc9a9b6484c69f255fe82d9d6,6342,size_in_bytes,lib/ocaml/compiler-libs/flambda2_identifiers__Variable.cmt,51935
2026-07-28T18:02:55Z,a160052ab46b811cc9a9b6484c69f255fe82d9d6,6342,size_in_bytes,lib/ocaml/compiler-libs/dwarf_low__Counted_location_description.cmt,30515
2026-07-28T18:02:55Z,a160052ab46b811cc9a9b6484c69f255fe82d9d6,6342,size_in_bytes,lib/ocaml/compiler-libs/arch.cmt,760726
2026-07-28T18:02:55Z,a160052ab46b811cc9a9b6484c69f255fe82d9d6,6342,size_in_bytes,lib/ocaml/compiler-libs/slambda_fracture.cmt,654275
2026-07-28T18:02:55Z,a160052ab46b811cc9a9b6484c69f255fe82d9d6,6342,size_in_bytes,lib/ocaml/compiler-libs/instruct.cmt,51976
2026-07-28T18:02:55Z,a160052ab46b811cc9a9b6484c69f255fe82d9d6,6342,size_in_bytes,lib/ocaml/compiler-libs/x86_ast_utils.cmt,167185
2026-07-28T18:02:55Z,a160052ab46b811cc9a9b6484c69f255fe82d9d6,6342,size_in_bytes,lib/ocaml/compiler-libs/docstrings.cmt,325848
2026-07-28T18:02:55Z,a160052ab46b811cc9a9b6484c69f255fe82d9d6,6342,size_in_bytes,lib/ocaml/compiler-libs/flambda2_types__Provers.cmt,1393916
2026-07-28T18:02:55Z,a160052ab46b811cc9a9b6484c69f255fe82d9d6,6342,size_in_bytes,lib/ocaml/compiler-libs/dwarf_low__Dwarf_4_location_list_entry.cmt,124426
2026-07-28T18:02:55Z,a160052ab46b811cc9a9b6484c69f255fe82d9d6,6342,size_in_bytes,lib/ocaml/compiler-libs/runtimedef.cmt,98499
2026-07-28T18:02:55Z,a160052ab46b811cc9a9b6484c69f255fe82d9d6,6342,size_in_bytes,lib/ocaml/compiler-libs/flambda2_ui__Flambda_colours.cmt,99976
2026-07-28T18:02:55Z,a160052ab46b811cc9a9b6484c69f255fe82d9d6,6342,size_in_bytes,lib/ocaml/compiler-libs/translmode.cmt,44317
2026-07-28T18:02:55Z,a160052ab46b811cc9a9b6484c69f255fe82d9d6,6342,size_in_bytes,lib/ocaml/compiler-libs/regalloc_irc_state.cmt,887110
2026-07-28T18:02:55Z,a160052ab46b811cc9a9b6484c69f255fe82d9d6,6342,size_in_bytes,lib/ocaml/compiler-libs/typeopt.cmt,1500097
2026-07-28T18:02:55Z,a160052ab46b811cc9a9b6484c69f255fe82d9d6,6342,size_in_bytes,lib/ocaml/compiler-libs/flambda2_simplify__Simplify_nullary_primitive.cmt,101548
2026-07-28T18:02:55Z,a160052ab46b811cc9a9b6484c69f255fe82d9d6,6342,size_in_bytes,lib/ocaml/compiler-libs/flambda2_terms__Function_declarations.cmt,125417
2026-07-28T18:02:55Z,a160052ab46b811cc9a9b6484c69f255fe82d9d6,6342,size_in_bytes,lib/ocaml/compiler-libs/dwarf_low__Dwarf_int.cmt,115170
2026-07-28T18:02:55Z,a160052ab46b811cc9a9b6484c69f255fe82d9d6,6342,size_in_bytes,lib/ocaml/compiler-libs/byteinstantiator.cmt,61837
2026-07-28T18:02:55Z,a160052ab46b811cc9a9b6484c69f255fe82d9d6,6342,size_in_bytes,lib/ocaml/compiler-libs/jkind.cmt,4878264
2026-07-28T18:02:55Z,a160052ab46b811cc9a9b6484c69f255fe82d9d6,6342,size_in_bytes,lib/ocaml/compiler-libs/flambda2_to_cmm__To_cmm_expr.cmt,1799835
2026-07-28T18:02:55Z,a160052ab46b811cc9a9b6484c69f255fe82d9d6,6342,size_in_bytes,lib/ocaml/compiler-libs/regalloc_gi.cmt,371824
2026-07-28T18:02:55Z,a160052ab46b811cc9a9b6484c69f255fe82d9d6,6342,size_in_bytes,lib/ocaml/compiler-libs/flambda2_simplify__Build_unboxing_denv.cmt,283704
2026-07-28T18:02:55Z,a160052ab46b811cc9a9b6484c69f255fe82d9d6,6342,size_in_bytes,lib/ocaml/compiler-libs/subst.cmt,1904094
2026-07-28T18:02:55Z,a160052ab46b811cc9a9b6484c69f255fe82d9d6,6342,size_in_bytes,lib/ocaml/compiler-libs/flambda2_simplify__Simplify_coercion.cmt,39415
2026-07-28T18:02:55Z,a160052ab46b811cc9a9b6484c69f255fe82d9d6,6342,size_in_bytes,lib/ocaml/compiler-libs/flambda2_simplify__Are_lifting_conts.cmt,94557
2026-07-28T18:02:55Z,a160052ab46b811cc9a9b6484c69f255fe82d9d6,6342,size_in_bytes,lib/ocaml/compiler-libs/dwarf_low__Debug_info_section.cmt,87705
2026-07-28T18:02:55Z,a160052ab46b811cc9a9b6484c69f255fe82d9d6,6342,size_in_bytes,lib/ocaml/compiler-libs/arm64_binary_emitter__Simd_helpers.cmt,484302
2026-07-28T18:02:55Z,a160052ab46b811cc9a9b6484c69f255fe82d9d6,6342,size_in_bytes,lib/ocaml/compiler-libs/generic_fns.cmt,450820
2026-07-28T18:02:55Z,a160052ab46b811cc9a9b6484c69f255fe82d9d6,6342,size_in_bytes,lib/ocaml/compiler-libs/flambda2_types__Join_levels_old.cmt,296201
2026-07-28T18:02:55Z,a160052ab46b811cc9a9b6484c69f255fe82d9d6,6342,size_in_bytes,lib/ocaml/compiler-libs/dwarf_high__Proto_die.cmt,108167
2026-07-28T18:02:55Z,a160052ab46b811cc9a9b6484c69f255fe82d9d6,6342,size_in_bytes,lib/ocaml/compiler-libs/dwarf_low__Dwarf_attributes.cmt,654049
2026-07-28T18:02:55Z,a160052ab46b811cc9a9b6484c69f255fe82d9d6,6342,size_in_bytes,lib/ocaml/compiler-libs/structured_mangling.cmt,562730
2026-07-28T18:02:55Z,a160052ab46b811cc9a9b6484c69f255fe82d9d6,6342,size_in_bytes,lib/ocaml/compiler-libs/builtin_attributes.cmt,1222490
2026-07-28T18:02:55Z,a160052ab46b811cc9a9b6484c69f255fe82d9d6,6342,size_in_bytes,lib/ocaml/compiler-libs/flambda2_terms__Flambda_unit.cmt,116225
2026-07-28T18:02:55Z,a160052ab46b811cc9a9b6484c69f255fe82d9d6,6342,size_in_bytes,lib/ocaml/compiler-libs/shape_reduce.cmt,938237
2026-07-28T18:02:55Z,a160052ab46b811cc9a9b6484c69f255fe82d9d6,6342,size_in_bytes,lib/ocaml/compiler-libs/camlinternalMenhirLib.cmt,2252493
2026-07-28T18:02:55Z,a160052ab46b811cc9a9b6484c69f255fe82d9d6,6342,size_in_bytes,lib/ocaml/compiler-libs/transl_list_comprehension.cmt,182221
2026-07-28T18:02:55Z,a160052ab46b811cc9a9b6484c69f255fe82d9d6,6342,size_in_bytes,lib/ocaml/compiler-libs/stypes.cmt,214748
2026-07-28T18:02:55Z,a160052ab46b811cc9a9b6484c69f255fe82d9d6,6342,size_in_bytes,lib/ocaml/compiler-libs/location.cmt,1467448
2026-07-28T18:02:55Z,a160052ab46b811cc9a9b6484c69f255fe82d9d6,6342,size_in_bytes,lib/ocaml/compiler-libs/cmmgen_state.cmt,179556
2026-07-28T18:02:55Z,a160052ab46b811cc9a9b6484c69f255fe82d9d6,6342,size_in_bytes,lib/ocaml/compiler-libs/asm_targets__Asm_section.cmt,231315
2026-07-28T18:02:55Z,a160052ab46b811cc9a9b6484c69f255fe82d9d6,6342,size_in_bytes,lib/ocaml/compiler-libs/flambda2_terms__Regalloc_param_attribute.cmt,53534
2026-07-28T18:02:55Z,a160052ab46b811cc9a9b6484c69f255fe82d9d6,6342,size_in_bytes,lib/ocaml/compiler-libs/typedtree.cmt,1332287
2026-07-28T18:02:55Z,a160052ab46b811cc9a9b6484c69f255fe82d9d6,6342,size_in_bytes,lib/ocaml/compiler-libs/dwarf_low__Dwarf_format.cmt,22434
2026-07-28T18:02:55Z,a160052ab46b811cc9a9b6484c69f255fe82d9d6,6342,size_in_bytes,lib/ocaml/compiler-libs/includemod.cmt,2095854
2026-07-28T18:02:55Z,a160052ab46b811cc9a9b6484c69f255fe82d9d6,6342,size_in_bytes,lib/ocaml/compiler-libs/flambda2_simplify__Upwards_acc.cmt,237922
2026-07-28T18:02:55Z,a160052ab46b811cc9a9b6484c69f255fe82d9d6,6342,size_in_bytes,lib/ocaml/compiler-libs/domainstate.cmt,267902
2026-07-28T18:02:55Z,a160052ab46b811cc9a9b6484c69f255fe82d9d6,6342,size_in_bytes,lib/ocaml/compiler-libs/flambda2_terms__Inlining_state.cmt,90757
2026-07-28T18:02:55Z,a160052ab46b811cc9a9b6484c69f255fe82d9d6,6342,size_in_bytes,lib/ocaml/compiler-libs/instantiator.cmt,311830
2026-07-28T18:02:55Z,a160052ab46b811cc9a9b6484c69f255fe82d9d6,6342,size_in_bytes,lib/ocaml/compiler-libs/flambda2_simplify__Upwards_env.cmt,216513
2026-07-28T18:02:55Z,a160052ab46b811cc9a9b6484c69f255fe82d9d6,6342,size_in_bytes,lib/ocaml/compiler-libs/flambda2_terms__Recursive.cmt,28916
2026-07-28T18:02:55Z,a160052ab46b811cc9a9b6484c69f255fe82d9d6,6342,size_in_bytes,lib/ocaml/compiler-libs/flambda2_terms__Validity.cmt,40466
2026-07-28T18:02:55Z,a160052ab46b811cc9a9b6484c69f255fe82d9d6,6342,size_in_bytes,lib/ocaml/compiler-libs/asmgen.cmt,1039805
2026-07-28T18:02:55Z,a160052ab46b811cc9a9b6484c69f255fe82d9d6,6342,size_in_bytes,lib/ocaml/compiler-libs/binutils.cmt,848669
2026-07-28T18:02:55Z,a160052ab46b811cc9a9b6484c69f255fe82d9d6,6342,size_in_bytes,lib/ocaml/compiler-libs/cfg_polling.cmt,406016
2026-07-28T18:02:55Z,a160052ab46b811cc9a9b6484c69f255fe82d9d6,6342,size_in_bytes,lib/ocaml/compiler-libs/flambda2_simplify__Simplify_rec_info_expr.cmt,151655
2026-07-28T18:02:55Z,a160052ab46b811cc9a9b6484c69f255fe82d9d6,6342,size_in_bytes,lib/ocaml/compiler-libs/flambda2_classic_mode_types__Value_approximation.cmt,89834
2026-07-28T18:02:55Z,a160052ab46b811cc9a9b6484c69f255fe82d9d6,6342,size_in_bytes,lib/ocaml/compiler-libs/flambda2_classic_mode_types.cmt,11189
2026-07-28T18:02:55Z,a160052ab46b811cc9a9b6484c69f255fe82d9d6,6342,size_in_bytes,lib/ocaml/compiler-libs/local_store.cmt,75526
2026-07-28T18:02:55Z,a160052ab46b811cc9a9b6484c69f255fe82d9d6,6342,size_in_bytes,lib/ocaml/compiler-libs/binary_emitter_helpers.cmt,19103
2026-07-28T18:02:55Z,a160052ab46b811cc9a9b6484c69f255fe82d9d6,6342,size_in_bytes,lib/ocaml/compiler-libs/flambda2_terms__Switch_expr.cmt,161173
2026-07-28T18:02:55Z,a160052ab46b811cc9a9b6484c69f255fe82d9d6,6342,size_in_bytes,lib/ocaml/compiler-libs/flambda2_reaper__Traverse.cmt,1126961
2026-07-28T18:02:55Z,a160052ab46b811cc9a9b6484c69f255fe82d9d6,6342,size_in_bytes,lib/ocaml/compiler-libs/flambda2_simplify_shared__Are_rebuilding_terms.cmt,25814
2026-07-28T18:02:55Z,a160052ab46b811cc9a9b6484c69f255fe82d9d6,6342,size_in_bytes,lib/ocaml/compiler-libs/regalloc_irc.cmt,822338
2026-07-28T18:02:55Z,a160052ab46b811cc9a9b6484c69f255fe82d9d6,6342,size_in_bytes,lib/ocaml/compiler-libs/flambda2_lattices__Or_unknown_or_bottom.cmt,70614
2026-07-28T18:02:55Z,a160052ab46b811cc9a9b6484c69f255fe82d9d6,6342,size_in_bytes,lib/ocaml/compiler-libs/stack_class_utils.cmt,179639
2026-07-28T18:02:55Z,a160052ab46b811cc9a9b6484c69f255fe82d9d6,6342,size_in_bytes,lib/ocaml/compiler-libs/flambda2_to_cmm__To_cmm_set_of_closures.cmt,1108379
2026-07-28T18:02:55Z,a160052ab46b811cc9a9b6484c69f255fe82d9d6,6342,size_in_bytes,lib/ocaml/compiler-libs/arm64_binary_emitter__Relocation.cmt,266151
2026-07-28T18:02:55Z,a160052ab46b811cc9a9b6484c69f255fe82d9d6,6342,size_in_bytes,lib/ocaml/compiler-libs/errortrace.cmt,162504
2026-07-28T18:02:55Z,a160052ab46b811cc9a9b6484c69f255fe82d9d6,6342,size_in_bytes,lib/ocaml/compiler-libs/blambda_of_lambda.cmt,1538310
2026-07-28T18:02:55Z,a160052ab46b811cc9a9b6484c69f255fe82d9d6,6342,size_in_bytes,lib/ocaml/compiler-libs/dwarf_inlined_frames.cmt,461147
2026-07-28T18:02:55Z,a160052ab46b811cc9a9b6484c69f255fe82d9d6,6342,size_in_bytes,lib/ocaml/compiler-libs/signature_with_global_bindings.cmt,87049
2026-07-28T18:02:55Z,a160052ab46b811cc9a9b6484c69f255fe82d9d6,6342,size_in_bytes,lib/ocaml/compiler-libs/flambda2_to_cmm__To_cmm_effects.cmt,75008
2026-07-28T18:02:55Z,a160052ab46b811cc9a9b6484c69f255fe82d9d6,6342,size_in_bytes,lib/ocaml/compiler-libs/dwarf_low__Dwarf_version.cmt,32314
2026-07-28T18:02:55Z,a160052ab46b811cc9a9b6484c69f255fe82d9d6,6342,size_in_bytes,lib/ocaml/compiler-libs/x86_peephole_utils.cmt,286399
2026-07-28T18:02:55Z,a160052ab46b811cc9a9b6484c69f255fe82d9d6,6342,size_in_bytes,lib/ocaml/compiler-libs/dwarf_low__Range_list_entry.cmt,31769
2026-07-28T18:02:55Z,a160052ab46b811cc9a9b6484c69f255fe82d9d6,6342,size_in_bytes,lib/ocaml/compiler-libs/cfg_cse.cmt,577550
2026-07-28T18:02:55Z,a160052ab46b811cc9a9b6484c69f255fe82d9d6,6342,size_in_bytes,lib/ocaml/compiler-libs/flambda2_datalog__Value.cmt,33238
2026-07-28T18:02:55Z,a160052ab46b811cc9a9b6484c69f255fe82d9d6,6342,size_in_bytes,lib/ocaml/compiler-libs/flambda2_nominal__Name_occurrences.cmt,1410740
2026-07-28T18:02:55Z,a160052ab46b811cc9a9b6484c69f255fe82d9d6,6342,size_in_bytes,lib/ocaml/compiler-libs/flambda2_parser__Fexpr_to_flambda_commons.cmt,443163
2026-07-28T18:02:55Z,a160052ab46b811cc9a9b6484c69f255fe82d9d6,6342,size_in_bytes,lib/ocaml/ocaml-jit/jit.cmt,763012
2026-07-28T18:02:55Z,a160052ab46b811cc9a9b6484c69f255fe82d9d6,6342,size_in_bytes,lib/ocaml/stdlib_beta/stdlib_beta.cmt,10594
2026-07-28T18:02:55Z,a160052ab46b811cc9a9b6484c69f255fe82d9d6,6342,size_in_bytes,lib/ocaml/str/str.cmt,1189794
2026-07-28T18:02:55Z,a160052ab46b811cc9a9b6484c69f255fe82d9d6,6342,size_in_bytes,lib/ocaml/stdlib_upstream_compatible/stdlib_upstream_compatible__Int32_u.cmt,175266
2026-07-28T18:02:55Z,a160052ab46b811cc9a9b6484c69f255fe82d9d6,6342,size_in_bytes,lib/ocaml/stdlib_upstream_compatible/stdlib_upstream_compatible__Nativeint_u.cmt,185259
2026-07-28T18:02:55Z,a160052ab46b811cc9a9b6484c69f255fe82d9d6,6342,size_in_bytes,lib/ocaml/stdlib_upstream_compatible/stdlib_upstream_compatible.cmt,10712
2026-07-28T18:02:55Z,a160052ab46b811cc9a9b6484c69f255fe82d9d6,6342,size_in_bytes,lib/ocaml/stdlib_upstream_compatible/stdlib_upstream_compatible__Int64_u.cmt,205286
2026-07-28T18:02:55Z,a160052ab46b811cc9a9b6484c69f255fe82d9d6,6342,size_in_bytes,lib/ocaml/stdlib_upstream_compatible/stdlib_upstream_compatible__.cmt,14094
2026-07-28T18:02:55Z,a160052ab46b811cc9a9b6484c69f255fe82d9d6,6342,size_in_bytes,lib/ocaml/stdlib_upstream_compatible/stdlib_upstream_compatible__Float_u.cmt,290465
2026-07-28T18:02:55Z,a160052ab46b811cc9a9b6484c69f255fe82d9d6,6342,size_in_bytes,lib/ocaml/stdlib_alpha/stdlib_alpha.cmt,11604
2026-07-28T18:02:55Z,a160052ab46b811cc9a9b6484c69f255fe82d9d6,6342,size_in_bytes,lib/ocaml/compiler_owee__Owee_traverse.cmti,18182
2026-07-28T18:02:55Z,a160052ab46b811cc9a9b6484c69f255fe82d9d6,6342,size_in_bytes,lib/ocaml/stdlib__Lazy.cmti,30680
2026-07-28T18:02:55Z,a160052ab46b811cc9a9b6484c69f255fe82d9d6,6342,size_in_bytes,lib/ocaml/stdlib__Complex.cmti,30922
2026-07-28T18:02:55Z,a160052ab46b811cc9a9b6484c69f255fe82d9d6,6342,size_in_bytes,lib/ocaml/compiler_owee__Owee_form.cmti,17780
2026-07-28T18:02:55Z,a160052ab46b811cc9a9b6484c69f255fe82d9d6,6342,size_in_bytes,lib/ocaml/compiler_owee__Owee_elf.cmti,98848
2026-07-28T18:02:55Z,a160052ab46b811cc9a9b6484c69f255fe82d9d6,6342,size_in_bytes,lib/ocaml/stdlib__Nativeint.cmti,66199
2026-07-28T18:02:55Z,a160052ab46b811cc9a9b6484c69f255fe82d9d6,6342,size_in_bytes,lib/ocaml/stdlib__Parsing.cmti,37713
2026-07-28T18:02:55Z,a160052ab46b811cc9a9b6484c69f255fe82d9d6,6342,size_in_bytes,lib/ocaml/stdlib__Quote.cmti,24359
2026-07-28T18:02:55Z,a160052ab46b811cc9a9b6484c69f255fe82d9d6,6342,size_in_bytes,lib/ocaml/compiler_owee__Owee_interval_map.cmti,20018
2026-07-28T18:02:55Z,a160052ab46b811cc9a9b6484c69f255fe82d9d6,6342,size_in_bytes,lib/ocaml/camlinternalAtomic.cmti,19152
2026-07-28T18:02:55Z,a160052ab46b811cc9a9b6484c69f255fe82d9d6,6342,size_in_bytes,lib/ocaml/stdlib__List.cmti,158698
2026-07-28T18:02:55Z,a160052ab46b811cc9a9b6484c69f255fe82d9d6,6342,size_in_bytes,lib/ocaml/stdlib__Queue.cmti,47620
2026-07-28T18:02:55Z,a160052ab46b811cc9a9b6484c69f255fe82d9d6,6342,size_in_bytes,lib/ocaml/compiler_owee__Owee_object.cmti,28942
2026-07-28T18:02:55Z,a160052ab46b811cc9a9b6484c69f255fe82d9d6,6342,size_in_bytes,lib/ocaml/camlinternalFormat.cmti,71849
2026-07-28T18:02:55Z,a160052ab46b811cc9a9b6484c69f255fe82d9d6,6342,size_in_bytes,lib/ocaml/gc_timings.cmti,12609
2026-07-28T18:02:55Z,a160052ab46b811cc9a9b6484c69f255fe82d9d6,6342,size_in_bytes,lib/ocaml/stdlib__Result.cmti,65135
2026-07-28T18:02:55Z,a160052ab46b811cc9a9b6484c69f255fe82d9d6,6342,size_in_bytes,lib/ocaml/stdlib__Map.cmti,183106
2026-07-28T18:02:55Z,a160052ab46b811cc9a9b6484c69f255fe82d9d6,6342,size_in_bytes,lib/ocaml/camlinternalFormatBasics.cmti,211978
2026-07-28T18:02:55Z,a160052ab46b811cc9a9b6484c69f255fe82d9d6,6342,size_in_bytes,lib/ocaml/stdlib__ListLabels.cmti,159247
2026-07-28T18:02:55Z,a160052ab46b811cc9a9b6484c69f255fe82d9d6,6342,size_in_bytes,lib/ocaml/camlinternalLazy.cmti,16495
2026-07-28T18:02:55Z,a160052ab46b811cc9a9b6484c69f255fe82d9d6,6342,size_in_bytes,lib/ocaml/stdlib__StringLabels.cmti,127025
2026-07-28T18:02:55Z,a160052ab46b811cc9a9b6484c69f255fe82d9d6,6342,size_in_bytes,lib/ocaml/stdlib__Fun.cmti,37651
2026-07-28T18:02:55Z,a160052ab46b811cc9a9b6484c69f255fe82d9d6,6342,size_in_bytes,lib/ocaml/stdlib__Bool.cmti,29444
2026-07-28T18:02:55Z,a160052ab46b811cc9a9b6484c69f255fe82d9d6,6342,size_in_bytes,lib/ocaml/compiler_owee__Owee_buf.cmti,53877
2026-07-28T18:02:55Z,a160052ab46b811cc9a9b6484c69f255fe82d9d6,6342,size_in_bytes,lib/ocaml/stdlib__Digest.cmti,69772
2026-07-28T18:02:55Z,a160052ab46b811cc9a9b6484c69f255fe82d9d6,6342,size_in_bytes,lib/ocaml/stdlib__Scanf.cmti,98378
2026-07-28T18:02:55Z,a160052ab46b811cc9a9b6484c69f255fe82d9d6,6342,size_in_bytes,lib/ocaml/stdlib__Set.cmti,141662
2026-07-28T18:02:55Z,a160052ab46b811cc9a9b6484c69f255fe82d9d6,6342,size_in_bytes,lib/ocaml/stdlib__Char.cmti,51120
2026-07-28T18:02:55Z,a160052ab46b811cc9a9b6484c69f255fe82d9d6,6342,size_in_bytes,lib/ocaml/stdlib__Either.cmti,49475
2026-07-28T18:02:55Z,a160052ab46b811cc9a9b6484c69f255fe82d9d6,6342,size_in_bytes,lib/ocaml/compiler_owee__Owee_macho.cmti,114985
2026-07-28T18:02:55Z,a160052ab46b811cc9a9b6484c69f255fe82d9d6,6342,size_in_bytes,lib/ocaml/stdlib__Atomic.cmti,65523
2026-07-28T18:02:55Z,a160052ab46b811cc9a9b6484c69f255fe82d9d6,6342,size_in_bytes,lib/ocaml/stdlib__Int.cmti,48651
2026-07-28T18:02:55Z,a160052ab46b811cc9a9b6484c69f255fe82d9d6,6342,size_in_bytes,lib/ocaml/stdlib__Int32.cmti,65118
2026-07-28T18:02:55Z,a160052ab46b811cc9a9b6484c69f255fe82d9d6,6342,size_in_bytes,lib/ocaml/stdlib__Bigarray.cmti,344031
2026-07-28T18:02:55Z,a160052ab46b811cc9a9b6484c69f255fe82d9d6,6342,size_in_bytes,lib/ocaml/stdlib__Option.cmti,38838
2026-07-28T18:02:55Z,a160052ab46b811cc9a9b6484c69f255fe82d9d6,6342,size_in_bytes,lib/ocaml/stdlib__Oo.cmti,18125
2026-07-28T18:02:55Z,a160052ab46b811cc9a9b6484c69f255fe82d9d6,6342,size_in_bytes,lib/ocaml/stdlib__Int64.cmti,70126
2026-07-28T18:02:55Z,a160052ab46b811cc9a9b6484c69f255fe82d9d6,6342,size_in_bytes,lib/ocaml/compiler_owee__Owee_location.cmti,19979
2026-07-28T18:02:55Z,a160052ab46b811cc9a9b6484c69f255fe82d9d6,6342,size_in_bytes,lib/ocaml/stdlib__Arg.cmti,66641
2026-07-28T18:02:55Z,a160052ab46b811cc9a9b6484c69f255fe82d9d6,6342,size_in_bytes,lib/ocaml/stdlib__Iarray.cmti,101185
2026-07-28T18:02:55Z,a160052ab46b811cc9a9b6484c69f255fe82d9d6,6342,size_in_bytes,lib/ocaml/stdlib__Stack.cmti,37182
2026-07-28T18:02:55Z,a160052ab46b811cc9a9b6484c69f255fe82d9d6,6342,size_in_bytes,lib/ocaml/stdlib__Hashtbl.cmti,235822
2026-07-28T18:02:55Z,a160052ab46b811cc9a9b6484c69f255fe82d9d6,6342,size_in_bytes,lib/ocaml/stdlib__Array.cmti,137296
2026-07-28T18:02:55Z,a160052ab46b811cc9a9b6484c69f255fe82d9d6,6342,size_in_bytes,lib/ocaml/stdlib__Bytes.cmti,183576
2026-07-28T18:02:55Z,a160052ab46b811cc9a9b6484c69f255fe82d9d6,6342,size_in_bytes,lib/ocaml/stdlib__StdLabels.cmti,15425
2026-07-28T18:02:55Z,a160052ab46b811cc9a9b6484c69f255fe82d9d6,6342,size_in_bytes,lib/ocaml/stdlib__Repr.cmti,23141
2026-07-28T18:02:55Z,a160052ab46b811cc9a9b6484c69f255fe82d9d6,6342,size_in_bytes,lib/ocaml/stdlib__Ephemeron.cmti,308806
2026-07-28T18:02:55Z,a160052ab46b811cc9a9b6484c69f255fe82d9d6,6342,size_in_bytes,lib/ocaml/stdlib__Lexing.cmti,59041
2026-07-28T18:02:55Z,a160052ab46b811cc9a9b6484c69f255fe82d9d6,6342,size_in_bytes,lib/ocaml/camlinternalOO.cmti,67267
2026-07-28T18:02:55Z,a160052ab46b811cc9a9b6484c69f255fe82d9d6,6342,size_in_bytes,lib/ocaml/camlinternalComprehension.cmti,24320
2026-07-28T18:02:55Z,a160052ab46b811cc9a9b6484c69f255fe82d9d6,6342,size_in_bytes,lib/ocaml/camlinternalMod.cmti,17305
2026-07-28T18:02:55Z,a160052ab46b811cc9a9b6484c69f255fe82d9d6,6342,size_in_bytes,lib/ocaml/stdlib.cmti,370370
2026-07-28T18:02:55Z,a160052ab46b811cc9a9b6484c69f255fe82d9d6,6342,size_in_bytes,lib/ocaml/stdlib__Mutex.cmti,21370
2026-07-28T18:02:55Z,a160052ab46b811cc9a9b6484c69f255fe82d9d6,6342,size_in_bytes,lib/ocaml/stdlib__Uchar.cmti,42117
2026-07-28T18:02:55Z,a160052ab46b811cc9a9b6484c69f255fe82d9d6,6342,size_in_bytes,lib/ocaml/compiler_owee__Owee_linux_maps.cmti,20094
2026-07-28T18:02:55Z,a160052ab46b811cc9a9b6484c69f255fe82d9d6,6342,size_in_bytes,lib/ocaml/stdlib__BytesLabels.cmti,184234
2026-07-28T18:02:55Z,a160052ab46b811cc9a9b6484c69f255fe82d9d6,6342,size_in_bytes,lib/ocaml/stdlib__Printexc.cmti,81354
2026-07-28T18:02:55Z,a160052ab46b811cc9a9b6484c69f255fe82d9d6,6342,size_in_bytes,lib/ocaml/compiler_owee__Owee_debug_line.cmti,26953
2026-07-28T18:02:55Z,a160052ab46b811cc9a9b6484c69f255fe82d9d6,6342,size_in_bytes,lib/ocaml/stdlib__Weak.cmti,62278
2026-07-28T18:02:55Z,a160052ab46b811cc9a9b6484c69f255fe82d9d6,6342,size_in_bytes,lib/ocaml/stdlib__Sys.cmti,117673
2026-07-28T18:02:55Z,a160052ab46b811cc9a9b6484c69f255fe82d9d6,6342,size_in_bytes,lib/ocaml/stdlib__Semaphore.cmti,30175
2026-07-28T18:02:55Z,a160052ab46b811cc9a9b6484c69f255fe82d9d6,6342,size_in_bytes,lib/ocaml/topdirs.cmti,25892
2026-07-28T18:02:55Z,a160052ab46b811cc9a9b6484c69f255fe82d9d6,6342,size_in_bytes,lib/ocaml/compiler_owee__Owee_elf_string_table.cmti,18161
2026-07-28T18:02:55Z,a160052ab46b811cc9a9b6484c69f255fe82d9d6,6342,size_in_bytes,lib/ocaml/compiler_owee__Owee_elf_notes.cmti,29464
2026-07-28T18:02:55Z,a160052ab46b811cc9a9b6484c69f255fe82d9d6,6342,size_in_bytes,lib/ocaml/stdlib__Type.cmti,25677
2026-07-28T18:02:55Z,a160052ab46b811cc9a9b6484c69f255fe82d9d6,6342,size_in_bytes,lib/ocaml/stdlib__In_channel.cmti,62141
2026-07-28T18:02:55Z,a160052ab46b811cc9a9b6484c69f255fe82d9d6,6342,size_in_bytes,lib/ocaml/stdlib__String.cmti,126589
2026-07-28T18:02:55Z,a160052ab46b811cc9a9b6484c69f255fe82d9d6,6342,size_in_bytes,lib/ocaml/stdlib__Buffer.cmti,75626
2026-07-28T18:02:55Z,a160052ab46b811cc9a9b6484c69f255fe82d9d6,6342,size_in_bytes,lib/ocaml/stdlib__Printf.cmti,49756
2026-07-28T18:02:55Z,a160052ab46b811cc9a9b6484c69f255fe82d9d6,6342,size_in_bytes,lib/ocaml/stdlib__Out_channel.cmti,57709
2026-07-28T18:02:55Z,a160052ab46b811cc9a9b6484c69f255fe82d9d6,6342,size_in_bytes,lib/ocaml/camlinternalQuote.cmti,314962
2026-07-28T18:02:55Z,a160052ab46b811cc9a9b6484c69f255fe82d9d6,6342,size_in_bytes,lib/ocaml/stdlib__Gc.cmti,132423
2026-07-28T18:02:55Z,a160052ab46b811cc9a9b6484c69f255fe82d9d6,6342,size_in_bytes,lib/ocaml/stdlib__Condition.cmti,30701
2026-07-28T18:02:55Z,a160052ab46b811cc9a9b6484c69f255fe82d9d6,6342,size_in_bytes,lib/ocaml/stdlib__ArrayLabels.cmti,137943
2026-07-28T18:02:55Z,a160052ab46b811cc9a9b6484c69f255fe82d9d6,6342,size_in_bytes,lib/ocaml/stdlib__Modes.cmti,26280
2026-07-28T18:02:55Z,a160052ab46b811cc9a9b6484c69f255fe82d9d6,6342,size_in_bytes,lib/ocaml/stdlib__Unit.cmti,16730
2026-07-28T18:02:55Z,a160052ab46b811cc9a9b6484c69f255fe82d9d6,6342,size_in_bytes,lib/ocaml/stdlib__Dynarray.cmti,138599
2026-07-28T18:02:55Z,a160052ab46b811cc9a9b6484c69f255fe82d9d6,6342,size_in_bytes,lib/ocaml/stdlib__Dynamic.cmti,19389
2026-07-28T18:02:55Z,a160052ab46b811cc9a9b6484c69f255fe82d9d6,6342,size_in_bytes,lib/ocaml/stdlib__MoreLabels.cmti,575342
2026-07-28T18:02:55Z,a160052ab46b811cc9a9b6484c69f255fe82d9d6,6342,size_in_bytes,lib/ocaml/eval.cmti,16750
2026-07-28T18:02:55Z,a160052ab46b811cc9a9b6484c69f255fe82d9d6,6342,size_in_bytes,lib/ocaml/compiler_owee__Owee_marker.cmti,59694
2026-07-28T18:02:55Z,a160052ab46b811cc9a9b6484c69f255fe82d9d6,6342,size_in_bytes,lib/ocaml/compiler_owee__Owee_archive.cmti,27674
2026-07-28T18:02:55Z,a160052ab46b811cc9a9b6484c69f255fe82d9d6,6342,size_in_bytes,lib/ocaml/stdlib__Marshal.cmti,42654
2026-07-28T18:02:55Z,a160052ab46b811cc9a9b6484c69f255fe82d9d6,6342,size_in_bytes,lib/ocaml/stdlib__Seq.cmti,165129
2026-07-28T18:02:55Z,a160052ab46b811cc9a9b6484c69f255fe82d9d6,6342,size_in_bytes,lib/ocaml/stdlib__Obj.cmti,77880
2026-07-28T18:02:55Z,a160052ab46b811cc9a9b6484c69f255fe82d9d6,6342,size_in_bytes,lib/ocaml/stdlib__Format.cmti,333076
2026-07-28T18:02:55Z,a160052ab46b811cc9a9b6484c69f255fe82d9d6,6342,size_in_bytes,lib/ocaml/stdlib__Backoff.cmti,19940
2026-07-28T18:02:55Z,a160052ab46b811cc9a9b6484c69f255fe82d9d6,6342,size_in_bytes,lib/ocaml/stdlib__Pair.cmti,34148
2026-07-28T18:02:55Z,a160052ab46b811cc9a9b6484c69f255fe82d9d6,6342,size_in_bytes,lib/ocaml/stdlib__Random.cmti,69747
2026-07-28T18:02:55Z,a160052ab46b811cc9a9b6484c69f255fe82d9d6,6342,size_in_bytes,lib/ocaml/compiler_owee__Owee_elf_relocation.cmti,55424
2026-07-28T18:02:55Z,a160052ab46b811cc9a9b6484c69f255fe82d9d6,6342,size_in_bytes,lib/ocaml/stdlib__Filename.cmti,50453
2026-07-28T18:02:55Z,a160052ab46b811cc9a9b6484c69f255fe82d9d6,6342,size_in_bytes,lib/ocaml/stdlib__Effect.cmti,156388
2026-07-28T18:02:55Z,a160052ab46b811cc9a9b6484c69f255fe82d9d6,6342,size_in_bytes,lib/ocaml/stdlib__Float.cmti,320459
2026-07-28T18:02:55Z,a160052ab46b811cc9a9b6484c69f255fe82d9d6,6342,size_in_bytes,lib/ocaml/stdlib__Pqueue.cmti,150826
2026-07-28T18:02:55Z,a160052ab46b811cc9a9b6484c69f255fe82d9d6,6342,size_in_bytes,lib/ocaml/opttopdirs.cmti,26647
2026-07-28T18:02:55Z,a160052ab46b811cc9a9b6484c69f255fe82d9d6,6342,size_in_bytes,lib/ocaml/stdlib__Callback.cmti,20893
2026-07-28T18:02:55Z,a160052ab46b811cc9a9b6484c69f255fe82d9d6,6342,size_in_bytes,lib/ocaml/stdlib__Domain.cmti,81470
2026-07-28T18:02:55Z,a160052ab46b811cc9a9b6484c69f255fe82d9d6,6342,size_in_bytes,lib/ocaml/unix/unix.cmti,473129
2026-07-28T18:02:55Z,a160052ab46b811cc9a9b6484c69f255fe82d9d6,6342,size_in_bytes,lib/ocaml/unix/unixLabels.cmti,488058
2026-07-28T18:02:55Z,a160052ab46b811cc9a9b6484c69f255fe82d9d6,6342,size_in_bytes,lib/ocaml/dynlink/dynlink.cmti,44097
2026-07-28T18:02:55Z,a160052ab46b811cc9a9b6484c69f255fe82d9d6,6342,size_in_bytes,lib/ocaml/stdlib_stable/stdlib_stable__Iarray.cmti,90836
2026-07-28T18:02:55Z,a160052ab46b811cc9a9b6484c69f255fe82d9d6,6342,size_in_bytes,lib/ocaml/stdlib_stable/stdlib_stable.cmti,15665
2026-07-28T18:02:55Z,a160052ab46b811cc9a9b6484c69f255fe82d9d6,6342,size_in_bytes,lib/ocaml/stdlib_stable/stdlib_stable__Int16.cmti,55961
2026-07-28T18:02:55Z,a160052ab46b811cc9a9b6484c69f255fe82d9d6,6342,size_in_bytes,lib/ocaml/stdlib_stable/stdlib_stable__Int8.cmti,55755
2026-07-28T18:02:55Z,a160052ab46b811cc9a9b6484c69f255fe82d9d6,6342,size_in_bytes,lib/ocaml/stdlib_stable/stdlib_stable__Float32.cmti,203619
2026-07-28T18:02:55Z,a160052ab46b811cc9a9b6484c69f255fe82d9d6,6342,size_in_bytes,lib/ocaml/stdlib_stable/stdlib_stable__Int_u.cmti,57261
2026-07-28T18:02:55Z,a160052ab46b811cc9a9b6484c69f255fe82d9d6,6342,size_in_bytes,lib/ocaml/stdlib_stable/stdlib_stable__Idx_imm.cmti,24246
2026-07-28T18:02:55Z,a160052ab46b811cc9a9b6484c69f255fe82d9d6,6342,size_in_bytes,lib/ocaml/stdlib_stable/stdlib_stable__Int8_u.cmti,59415
2026-07-28T18:02:55Z,a160052ab46b811cc9a9b6484c69f255fe82d9d6,6342,size_in_bytes,lib/ocaml/stdlib_stable/stdlib_stable__Idx_mut.cmti,26663
2026-07-28T18:02:55Z,a160052ab46b811cc9a9b6484c69f255fe82d9d6,6342,size_in_bytes,lib/ocaml/stdlib_stable/stdlib_stable__Char_u.cmti,25753
2026-07-28T18:02:55Z,a160052ab46b811cc9a9b6484c69f255fe82d9d6,6342,size_in_bytes,lib/ocaml/stdlib_stable/stdlib_stable__Int.cmti,56389
2026-07-28T18:02:55Z,a160052ab46b811cc9a9b6484c69f255fe82d9d6,6342,size_in_bytes,lib/ocaml/stdlib_stable/stdlib_stable__Or_null.cmti,38650
2026-07-28T18:02:55Z,a160052ab46b811cc9a9b6484c69f255fe82d9d6,6342,size_in_bytes,lib/ocaml/stdlib_stable/stdlib_stable__IarrayLabels.cmti,207229
2026-07-28T18:02:55Z,a160052ab46b811cc9a9b6484c69f255fe82d9d6,6342,size_in_bytes,lib/ocaml/stdlib_stable/stdlib_stable__Float32_u.cmti,164534
2026-07-28T18:02:55Z,a160052ab46b811cc9a9b6484c69f255fe82d9d6,6342,size_in_bytes,lib/ocaml/stdlib_stable/stdlib_stable__Int16_u.cmti,59631
2026-07-28T18:02:55Z,a160052ab46b811cc9a9b6484c69f255fe82d9d6,6342,size_in_bytes,lib/ocaml/runtime_events/runtime_events.cmti,103227
2026-07-28T18:02:55Z,a160052ab46b811cc9a9b6484c69f255fe82d9d6,6342,size_in_bytes,lib/ocaml/compiler-libs/build_igot_and_iplt.cmti,24746
2026-07-28T18:02:55Z,a160052ab46b811cc9a9b6484c69f255fe82d9d6,6342,size_in_bytes,lib/ocaml/compiler-libs/flambda2_simplify__Original_handlers.cmti,42168
2026-07-28T18:02:55Z,a160052ab46b811cc9a9b6484c69f255fe82d9d6,6342,size_in_bytes,lib/ocaml/compiler-libs/flambda2_simplify__Simplify.cmti,39309
2026-07-28T18:02:55Z,a160052ab46b811cc9a9b6484c69f255fe82d9d6,6342,size_in_bytes,lib/ocaml/compiler-libs/flambda2_reaper__Unboxing_analysis.cmti,58621
2026-07-28T18:02:55Z,a160052ab46b811cc9a9b6484c69f255fe82d9d6,6342,size_in_bytes,lib/ocaml/compiler-libs/partial_link.cmti,27943
2026-07-28T18:02:55Z,a160052ab46b811cc9a9b6484c69f255fe82d9d6,6342,size_in_bytes,lib/ocaml/compiler-libs/x86_binary_emitter.cmti,98114
2026-07-28T18:02:55Z,a160052ab46b811cc9a9b6484c69f255fe82d9d6,6342,size_in_bytes,lib/ocaml/compiler-libs/flambda2_algorithms__Channel.cmti,24179
2026-07-28T18:02:55Z,a160052ab46b811cc9a9b6484c69f255fe82d9d6,6342,size_in_bytes,lib/ocaml/compiler-libs/extra_debug.cmti,35928
2026-07-28T18:02:55Z,a160052ab46b811cc9a9b6484c69f255fe82d9d6,6342,size_in_bytes,lib/ocaml/compiler-libs/signature_group.cmti,45637
2026-07-28T18:02:55Z,a160052ab46b811cc9a9b6484c69f255fe82d9d6,6342,size_in_bytes,lib/ocaml/compiler-libs/arm64_binary_emitter__Encode_instruction.cmti,18002
2026-07-28T18:02:55Z,a160052ab46b811cc9a9b6484c69f255fe82d9d6,6342,size_in_bytes,lib/ocaml/compiler-libs/cmt_format.cmti,54422
2026-07-28T18:02:55Z,a160052ab46b811cc9a9b6484c69f255fe82d9d6,6342,size_in_bytes,lib/ocaml/compiler-libs/flambda2_simplify__Simplify_switch_expr.cmti,36780
2026-07-28T18:02:55Z,a160052ab46b811cc9a9b6484c69f255fe82d9d6,6342,size_in_bytes,lib/ocaml/compiler-libs/domainstate.cmti,26339
2026-07-28T18:02:55Z,a160052ab46b811cc9a9b6484c69f255fe82d9d6,6342,size_in_bytes,lib/ocaml/compiler-libs/load_path.cmti,43248
2026-07-28T18:02:55Z,a160052ab46b811cc9a9b6484c69f255fe82d9d6,6342,size_in_bytes,lib/ocaml/compiler-libs/lambda.cmti,588517
2026-07-28T18:02:55Z,a160052ab46b811cc9a9b6484c69f255fe82d9d6,6342,size_in_bytes,lib/ocaml/compiler-libs/flambda2_term_basics__Empty_array_kind.cmti,26217
2026-07-28T18:02:55Z,a160052ab46b811cc9a9b6484c69f255fe82d9d6,6342,size_in_bytes,lib/ocaml/compiler-libs/flambda2_terms__Mutability.cmti,32841
2026-07-28T18:02:55Z,a160052ab46b811cc9a9b6484c69f255fe82d9d6,6342,size_in_bytes,lib/ocaml/compiler-libs/toploop.cmti,102835
2026-07-28T18:02:55Z,a160052ab46b811cc9a9b6484c69f255fe82d9d6,6342,size_in_bytes,lib/ocaml/compiler-libs/regs.cmti,225476
2026-07-28T18:02:55Z,a160052ab46b811cc9a9b6484c69f255fe82d9d6,6342,size_in_bytes,lib/ocaml/compiler-libs/ast_mapper.cmti,101587
2026-07-28T18:02:55Z,a160052ab46b811cc9a9b6484c69f255fe82d9d6,6342,size_in_bytes,lib/ocaml/compiler-libs/printast_with_mappings.cmti,23205
2026-07-28T18:02:55Z,a160052ab46b811cc9a9b6484c69f255fe82d9d6,6342,size_in_bytes,lib/ocaml/compiler-libs/x86_section.cmti,85748
2026-07-28T18:02:55Z,a160052ab46b811cc9a9b6484c69f255fe82d9d6,6342,size_in_bytes,lib/ocaml/compiler-libs/flambda2_types__Set_of_closures_contents.cmti,413773
2026-07-28T18:02:55Z,a160052ab46b811cc9a9b6484c69f255fe82d9d6,6342,size_in_bytes,lib/ocaml/compiler-libs/vicuna_traverse_typed_tree.cmti,17605
2026-07-28T18:02:55Z,a160052ab46b811cc9a9b6484c69f255fe82d9d6,6342,size_in_bytes,lib/ocaml/compiler-libs/regalloc_ls.cmti,34035
2026-07-28T18:02:55Z,a160052ab46b811cc9a9b6484c69f255fe82d9d6,6342,size_in_bytes,lib/ocaml/compiler-libs/symbol_table.cmti,32637
2026-07-28T18:02:55Z,a160052ab46b811cc9a9b6484c69f255fe82d9d6,6342,size_in_bytes,lib/ocaml/compiler-libs/flambda2_types__Type_grammar.cmti,654069
2026-07-28T18:02:55Z,a160052ab46b811cc9a9b6484c69f255fe82d9d6,6342,size_in_bytes,lib/ocaml/compiler-libs/regalloc_stack_operands.cmti,36061
2026-07-28T18:02:55Z,a160052ab46b811cc9a9b6484c69f255fe82d9d6,6342,size_in_bytes,lib/ocaml/compiler-libs/envaux.cmti,23175
2026-07-28T18:02:55Z,a160052ab46b811cc9a9b6484c69f255fe82d9d6,6342,size_in_bytes,lib/ocaml/compiler-libs/flambda2_simplify__Call_site_inlining_decision.cmti,40863
2026-07-28T18:02:55Z,a160052ab46b811cc9a9b6484c69f255fe82d9d6,6342,size_in_bytes,lib/ocaml/compiler-libs/flambda2_parser__Flambda_lex.cmti,30983
2026-07-28T18:02:55Z,a160052ab46b811cc9a9b6484c69f255fe82d9d6,6342,size_in_bytes,lib/ocaml/compiler-libs/asttypes.cmti,28184
2026-07-28T18:02:55Z,a160052ab46b811cc9a9b6484c69f255fe82d9d6,6342,size_in_bytes,lib/ocaml/compiler-libs/flambda2_simplify__Unboxing_epa.cmti,39037
2026-07-28T18:02:55Z,a160052ab46b811cc9a9b6484c69f255fe82d9d6,6342,size_in_bytes,lib/ocaml/compiler-libs/arrayset.cmti,28888
2026-07-28T18:02:55Z,a160052ab46b811cc9a9b6484c69f255fe82d9d6,6342,size_in_bytes,lib/ocaml/compiler-libs/igot.cmti,34185
2026-07-28T18:02:55Z,a160052ab46b811cc9a9b6484c69f255fe82d9d6,6342,size_in_bytes,lib/ocaml/compiler-libs/cfg_dataflow.cmti,78435
2026-07-28T18:02:55Z,a160052ab46b811cc9a9b6484c69f255fe82d9d6,6342,size_in_bytes,lib/ocaml/compiler-libs/build_linker_args.cmti,23756
2026-07-28T18:02:55Z,a160052ab46b811cc9a9b6484c69f255fe82d9d6,6342,size_in_bytes,lib/ocaml/compiler-libs/flambda2_simplify__Simplify_expr.cmti,40795
2026-07-28T18:02:55Z,a160052ab46b811cc9a9b6484c69f255fe82d9d6,6342,size_in_bytes,lib/ocaml/compiler-libs/terminfo.cmti,17423
2026-07-28T18:02:55Z,a160052ab46b811cc9a9b6484c69f255fe82d9d6,6342,size_in_bytes,lib/ocaml/compiler-libs/regalloc_interf_graph.cmti,85975
2026-07-28T18:02:55Z,a160052ab46b811cc9a9b6484c69f255fe82d9d6,6342,size_in_bytes,lib/ocaml/compiler-libs/zero_alloc_checker.cmti,56775
2026-07-28T18:02:55Z,a160052ab46b811cc9a9b6484c69f255fe82d9d6,6342,size_in_bytes,lib/ocaml/compiler-libs/vectorize_utils.cmti,59671
2026-07-28T18:02:55Z,a160052ab46b811cc9a9b6484c69f255fe82d9d6,6342,size_in_bytes,lib/ocaml/compiler-libs/flambda2_identifiers__Rec_info_expr0.cmti,48524
2026-07-28T18:02:55Z,a160052ab46b811cc9a9b6484c69f255fe82d9d6,6342,size_in_bytes,lib/ocaml/compiler-libs/cmm.cmti,215993
2026-07-28T18:02:55Z,a160052ab46b811cc9a9b6484c69f255fe82d9d6,6342,size_in_bytes,lib/ocaml/compiler-libs/flambda2_term_basics__Value_slot_set.cmti,161319
2026-07-28T18:02:55Z,a160052ab46b811cc9a9b6484c69f255fe82d9d6,6342,size_in_bytes,lib/ocaml/compiler-libs/attr_helper.cmti,20065
2026-07-28T18:02:55Z,a160052ab46b811cc9a9b6484c69f255fe82d9d6,6342,size_in_bytes,lib/ocaml/compiler-libs/flambda2_terms__Code0.cmti,76666
2026-07-28T18:02:55Z,a160052ab46b811cc9a9b6484c69f255fe82d9d6,6342,size_in_bytes,lib/ocaml/compiler-libs/flambda2_simplify__Specialization_cost.cmti,49025
2026-07-28T18:02:55Z,a160052ab46b811cc9a9b6484c69f255fe82d9d6,6342,size_in_bytes,lib/ocaml/compiler-libs/parmatch.cmti,58856
2026-07-28T18:02:55Z,a160052ab46b811cc9a9b6484c69f255fe82d9d6,6342,size_in_bytes,lib/ocaml/compiler-libs/flambda2_terms__Static_const.cmti,233253
2026-07-28T18:02:55Z,a160052ab46b811cc9a9b6484c69f255fe82d9d6,6342,size_in_bytes,lib/ocaml/compiler-libs/flambda2_parser__Print_fexpr.cmti,29178
2026-07-28T18:02:55Z,a160052ab46b811cc9a9b6484c69f255fe82d9d6,6342,size_in_bytes,lib/ocaml/compiler-libs/ctype.cmti,377718
2026-07-28T18:02:55Z,a160052ab46b811cc9a9b6484c69f255fe82d9d6,6342,size_in_bytes,lib/ocaml/compiler-libs/shape_reduce.cmti,46788
2026-07-28T18:02:55Z,a160052ab46b811cc9a9b6484c69f255fe82d9d6,6342,size_in_bytes,lib/ocaml/compiler-libs/arm64_binary_emitter__Add_sub_helpers.cmti,33572
2026-07-28T18:02:55Z,a160052ab46b811cc9a9b6484c69f255fe82d9d6,6342,size_in_bytes,lib/ocaml/compiler-libs/translattribute.cmti,30610
2026-07-28T18:02:55Z,a160052ab46b811cc9a9b6484c69f255fe82d9d6,6342,size_in_bytes,lib/ocaml/compiler-libs/flambda2_simplify__Simplify_named.cmti,39445
2026-07-28T18:02:55Z,a160052ab46b811cc9a9b6484c69f255fe82d9d6,6342,size_in_bytes,lib/ocaml/compiler-libs/flambda2_bound_identifiers__Bound_pattern.cmti,46802
2026-07-28T18:02:55Z,a160052ab46b811cc9a9b6484c69f255fe82d9d6,6342,size_in_bytes,lib/ocaml/compiler-libs/flambda2_reaper__Rev_expr.cmti,73324
2026-07-28T18:02:55Z,a160052ab46b811cc9a9b6484c69f255fe82d9d6,6342,size_in_bytes,lib/ocaml/compiler-libs/label.cmti,153871
2026-07-28T18:02:55Z,a160052ab46b811cc9a9b6484c69f255fe82d9d6,6342,size_in_bytes,lib/ocaml/compiler-libs/flambda2_types__Provers.cmti,143916
2026-07-28T18:02:55Z,a160052ab46b811cc9a9b6484c69f255fe82d9d6,6342,size_in_bytes,lib/ocaml/compiler-libs/flambda2_datalog__Trie.cmti,52017
2026-07-28T18:02:55Z,a160052ab46b811cc9a9b6484c69f255fe82d9d6,6342,size_in_bytes,lib/ocaml/compiler-libs/flambda2_terms__Effects.cmti,35614
2026-07-28T18:02:55Z,a160052ab46b811cc9a9b6484c69f255fe82d9d6,6342,size_in_bytes,lib/ocaml/compiler-libs/cfg_cse.cmti,35372
2026-07-28T18:02:55Z,a160052ab46b811cc9a9b6484c69f255fe82d9d6,6342,size_in_bytes,lib/ocaml/compiler-libs/bytelibrarian.cmti,18628
2026-07-28T18:02:55Z,a160052ab46b811cc9a9b6484c69f255fe82d9d6,6342,size_in_bytes,lib/ocaml/compiler-libs/flambda2_simplify__Data_flow_graph.cmti,40545
2026-07-28T18:02:55Z,a160052ab46b811cc9a9b6484c69f255fe82d9d6,6342,size_in_bytes,lib/ocaml/compiler-libs/location_tracker_formatter.cmti,30471
2026-07-28T18:02:55Z,a160052ab46b811cc9a9b6484c69f255fe82d9d6,6342,size_in_bytes,lib/ocaml/compiler-libs/arm64_binary_emitter__Fp_helpers.cmti,28671
2026-07-28T18:02:55Z,a160052ab46b811cc9a9b6484c69f255fe82d9d6,6342,size_in_bytes,lib/ocaml/compiler-libs/regalloc_gi_state.cmti,46039
2026-07-28T18:02:55Z,a160052ab46b811cc9a9b6484c69f255fe82d9d6,6342,size_in_bytes,lib/ocaml/compiler-libs/tast_iterator.cmti,68153
2026-07-28T18:02:55Z,a160052ab46b811cc9a9b6484c69f255fe82d9d6,6342,size_in_bytes,lib/ocaml/compiler-libs/path.cmti,123745
2026-07-28T18:02:55Z,a160052ab46b811cc9a9b6484c69f255fe82d9d6,6342,size_in_bytes,lib/ocaml/compiler-libs/arm64_binary_emitter__Data_proc_helpers.cmti,25011
2026-07-28T18:02:55Z,a160052ab46b811cc9a9b6484c69f255fe82d9d6,6342,size_in_bytes,lib/ocaml/compiler-libs/cmm_invariants.cmti,33687
2026-07-28T18:02:55Z,a160052ab46b811cc9a9b6484c69f255fe82d9d6,6342,size_in_bytes,lib/ocaml/compiler-libs/flambda2_terms__Set_of_closures.cmti,178011
2026-07-28T18:02:55Z,a160052ab46b811cc9a9b6484c69f255fe82d9d6,6342,size_in_bytes,lib/ocaml/compiler-libs/profile.cmti,38752
2026-07-28T18:02:55Z,a160052ab46b811cc9a9b6484c69f255fe82d9d6,6342,size_in_bytes,lib/ocaml/compiler-libs/stack_reg_offset.cmti,16259
2026-07-28T18:02:55Z,a160052ab46b811cc9a9b6484c69f255fe82d9d6,6342,size_in_bytes,lib/ocaml/compiler-libs/flambda2_types__Traversals.cmti,263179
2026-07-28T18:02:55Z,a160052ab46b811cc9a9b6484c69f255fe82d9d6,6342,size_in_bytes,lib/ocaml/compiler-libs/opterrors.cmti,15115
2026-07-28T18:02:55Z,a160052ab46b811cc9a9b6484c69f255fe82d9d6,6342,size_in_bytes,lib/ocaml/compiler-libs/flambda2_simplify__Simplify_unary_primitive.cmti,39003
2026-07-28T18:02:55Z,a160052ab46b811cc9a9b6484c69f255fe82d9d6,6342,size_in_bytes,lib/ocaml/compiler-libs/flambda2_nominal__Renaming.cmti,56719
2026-07-28T18:02:55Z,a160052ab46b811cc9a9b6484c69f255fe82d9d6,6342,size_in_bytes,lib/ocaml/compiler-libs/opt_fuel.cmti,14719
2026-07-28T18:02:55Z,a160052ab46b811cc9a9b6484c69f255fe82d9d6,6342,size_in_bytes,lib/ocaml/compiler-libs/flambda2_bound_identifiers__Bound_continuations.cmti,29960
2026-07-28T18:02:55Z,a160052ab46b811cc9a9b6484c69f255fe82d9d6,6342,size_in_bytes,lib/ocaml/compiler-libs/flambda2_simplify_shared__Exported_offsets.cmti,44815
2026-07-28T18:02:55Z,a160052ab46b811cc9a9b6484c69f255fe82d9d6,6342,size_in_bytes,lib/ocaml/compiler-libs/flambda2_types__Join_levels_old.cmti,30743
2026-07-28T18:02:55Z,a160052ab46b811cc9a9b6484c69f255fe82d9d6,6342,size_in_bytes,lib/ocaml/compiler-libs/transl_array_comprehension.cmti,21509
2026-07-28T18:02:55Z,a160052ab46b811cc9a9b6484c69f255fe82d9d6,6342,size_in_bytes,lib/ocaml/compiler-libs/flambda2_identifiers__Continuation_callsite_map.cmti,24402
2026-07-28T18:02:55Z,a160052ab46b811cc9a9b6484c69f255fe82d9d6,6342,size_in_bytes,lib/ocaml/compiler-libs/flambda2_identifiers__Variable.cmti,42779
2026-07-28T18:02:55Z,a160052ab46b811cc9a9b6484c69f255fe82d9d6,6342,size_in_bytes,lib/ocaml/compiler-libs/partition.cmti,29809
2026-07-28T18:02:55Z,a160052ab46b811cc9a9b6484c69f255fe82d9d6,6342,size_in_bytes,lib/ocaml/compiler-libs/stack_class_utils.cmti,67626
2026-07-28T18:02:55Z,a160052ab46b811cc9a9b6484c69f255fe82d9d6,6342,size_in_bytes,lib/ocaml/compiler-libs/main_args.cmti,577560
2026-07-28T18:02:55Z,a160052ab46b811cc9a9b6484c69f255fe82d9d6,6342,size_in_bytes,lib/ocaml/compiler-libs/meta.cmti,24458
2026-07-28T18:02:55Z,a160052ab46b811cc9a9b6484c69f255fe82d9d6,6342,size_in_bytes,lib/ocaml/compiler-libs/flambda2_cmx__Flambda_cmx.cmti,45635
2026-07-28T18:02:55Z,a160052ab46b811cc9a9b6484c69f255fe82d9d6,6342,size_in_bytes,lib/ocaml/compiler-libs/regalloc_gi_utils.cmti,88097
2026-07-28T18:02:55Z,a160052ab46b811cc9a9b6484c69f255fe82d9d6,6342,size_in_bytes,lib/ocaml/compiler-libs/flambda2_simplify__Simplify_named_result.cmti,44482
2026-07-28T18:02:55Z,a160052ab46b811cc9a9b6484c69f255fe82d9d6,6342,size_in_bytes,lib/ocaml/compiler-libs/flambda2_simplify_shared__Function_decl_inlining_decision.cmti,32005
2026-07-28T18:02:55Z,a160052ab46b811cc9a9b6484c69f255fe82d9d6,6342,size_in_bytes,lib/ocaml/compiler-libs/flambda2_simplify__Named_rewrite.cmti,36322
2026-07-28T18:02:55Z,a160052ab46b811cc9a9b6484c69f255fe82d9d6,6342,size_in_bytes,lib/ocaml/compiler-libs/tast_mapper.cmti,69614
2026-07-28T18:02:55Z,a160052ab46b811cc9a9b6484c69f255fe82d9d6,6342,size_in_bytes,lib/ocaml/compiler-libs/cm_bundle.cmti,21578
2026-07-28T18:02:55Z,a160052ab46b811cc9a9b6484c69f255fe82d9d6,6342,size_in_bytes,lib/ocaml/compiler-libs/flambda2_from_lambda__Lambda_to_flambda_primitives_helpers.cmti,63502
2026-07-28T18:02:55Z,a160052ab46b811cc9a9b6484c69f255fe82d9d6,6342,size_in_bytes,lib/ocaml/compiler-libs/gprinttyp.cmti,73998
2026-07-28T18:02:55Z,a160052ab46b811cc9a9b6484c69f255fe82d9d6,6342,size_in_bytes,lib/ocaml/compiler-libs/flambda2_reaper__Global_flow_graph.cmti,81318
2026-07-28T18:02:55Z,a160052ab46b811cc9a9b6484c69f255fe82d9d6,6342,size_in_bytes,lib/ocaml/compiler-libs/static_label.cmti,153343
2026-07-28T18:02:55Z,a160052ab46b811cc9a9b6484c69f255fe82d9d6,6342,size_in_bytes,lib/ocaml/compiler-libs/depend.cmti,27620
2026-07-28T18:02:55Z,a160052ab46b811cc9a9b6484c69f255fe82d9d6,6342,size_in_bytes,lib/ocaml/compiler-libs/flambda2_to_cmm__To_cmm_env.cmti,144456
2026-07-28T18:02:55Z,a160052ab46b811cc9a9b6484c69f255fe82d9d6,6342,size_in_bytes,lib/ocaml/compiler-libs/flambda2_types__Expand_head.cmti,87361
2026-07-28T18:02:55Z,a160052ab46b811cc9a9b6484c69f255fe82d9d6,6342,size_in_bytes,lib/ocaml/compiler-libs/flambda2_reaper__Cofield.cmti,165844
2026-07-28T18:02:55Z,a160052ab46b811cc9a9b6484c69f255fe82d9d6,6342,size_in_bytes,lib/ocaml/compiler-libs/regalloc_ls_utils.cmti,79401
2026-07-28T18:02:55Z,a160052ab46b811cc9a9b6484c69f255fe82d9d6,6342,size_in_bytes,lib/ocaml/compiler-libs/flambda2_terms__Inlining_state.cmti,36887
2026-07-28T18:02:55Z,a160052ab46b811cc9a9b6484c69f255fe82d9d6,6342,size_in_bytes,lib/ocaml/compiler-libs/global_module.cmti,420079
2026-07-28T18:02:55Z,a160052ab46b811cc9a9b6484c69f255fe82d9d6,6342,size_in_bytes,lib/ocaml/compiler-libs/flambda2_terms__Exn_continuation.cmti,176753
2026-07-28T18:02:55Z,a160052ab46b811cc9a9b6484c69f255fe82d9d6,6342,size_in_bytes,lib/ocaml/compiler-libs/language_extension_kernel.cmti,19869
2026-07-28T18:02:55Z,a160052ab46b811cc9a9b6484c69f255fe82d9d6,6342,size_in_bytes,lib/ocaml/compiler-libs/flambda2_simplify__Lifted_cont_params.cmti,44519
2026-07-28T18:02:55Z,a160052ab46b811cc9a9b6484c69f255fe82d9d6,6342,size_in_bytes,lib/ocaml/compiler-libs/untypeast.cmti,76673
2026-07-28T18:02:55Z,a160052ab46b811cc9a9b6484c69f255fe82d9d6,6342,size_in_bytes,lib/ocaml/compiler-libs/translmod.cmti,36264
2026-07-28T18:02:55Z,a160052ab46b811cc9a9b6484c69f255fe82d9d6,6342,size_in_bytes,lib/ocaml/compiler-libs/out_type.cmti,114598
2026-07-28T18:02:55Z,a160052ab46b811cc9a9b6484c69f255fe82d9d6,6342,size_in_bytes,lib/ocaml/compiler-libs/flambda2_simplify__Inlining_transforms.cmti,38145
2026-07-28T18:02:55Z,a160052ab46b811cc9a9b6484c69f255fe82d9d6,6342,size_in_bytes,lib/ocaml/compiler-libs/rawprinttyp.cmti,19244
2026-07-28T18:02:55Z,a160052ab46b811cc9a9b6484c69f255fe82d9d6,6342,size_in_bytes,lib/ocaml/compiler-libs/flambda2_terms__Call_kind.cmti,72329
2026-07-28T18:02:55Z,a160052ab46b811cc9a9b6484c69f255fe82d9d6,6342,size_in_bytes,lib/ocaml/compiler-libs/flambda2_types__Equal_types_for_debug.cmti,40868
2026-07-28T18:02:55Z,a160052ab46b811cc9a9b6484c69f255fe82d9d6,6342,size_in_bytes,lib/ocaml/compiler-libs/parser_types.cmti,20816
2026-07-28T18:02:55Z,a160052ab46b811cc9a9b6484c69f255fe82d9d6,6342,size_in_bytes,lib/ocaml/compiler-libs/flambda2_types__Join_env.cmti,60283
2026-07-28T18:02:55Z,a160052ab46b811cc9a9b6484c69f255fe82d9d6,6342,size_in_bytes,lib/ocaml/compiler-libs/slambda_fracture.cmti,19385
2026-07-28T18:02:55Z,a160052ab46b811cc9a9b6484c69f255fe82d9d6,6342,size_in_bytes,lib/ocaml/compiler-libs/operation.cmti,86512
2026-07-28T18:02:55Z,a160052ab46b811cc9a9b6484c69f255fe82d9d6,6342,size_in_bytes,lib/ocaml/compiler-libs/compile.cmti,28804
2026-07-28T18:02:55Z,a160052ab46b811cc9a9b6484c69f255fe82d9d6,6342,size_in_bytes,lib/ocaml/compiler-libs/dwarf_name_laundry.cmti,22658
2026-07-28T18:02:55Z,a160052ab46b811cc9a9b6484c69f255fe82d9d6,6342,size_in_bytes,lib/ocaml/compiler-libs/parsetree.cmti,384578
2026-07-28T18:02:55Z,a160052ab46b811cc9a9b6484c69f255fe82d9d6,6342,size_in_bytes,lib/ocaml/compiler-libs/linear_utils.cmti,38398
2026-07-28T18:02:55Z,a160052ab46b811cc9a9b6484c69f255fe82d9d6,6342,size_in_bytes,lib/ocaml/compiler-libs/build_path_prefix_map.cmti,26003
2026-07-28T18:02:55Z,a160052ab46b811cc9a9b6484c69f255fe82d9d6,6342,size_in_bytes,lib/ocaml/compiler-libs/dwarf_concrete_instances.cmti,40498
2026-07-28T18:02:55Z,a160052ab46b811cc9a9b6484c69f255fe82d9d6,6342,size_in_bytes,lib/ocaml/compiler-libs/regalloc_gi.cmti,34035
2026-07-28T18:02:55Z,a160052ab46b811cc9a9b6484c69f255fe82d9d6,6342,size_in_bytes,lib/ocaml/compiler-libs/asm_targets__Asm_directives_dwarf.cmti,13276
2026-07-28T18:02:55Z,a160052ab46b811cc9a9b6484c69f255fe82d9d6,6342,size_in_bytes,lib/ocaml/compiler-libs/flambda2_simplify__Continuation_extra_params_and_args.cmti,52541
2026-07-28T18:02:55Z,a160052ab46b811cc9a9b6484c69f255fe82d9d6,6342,size_in_bytes,lib/ocaml/compiler-libs/flambda2_identifiers__Continuation.cmti,192056
2026-07-28T18:02:55Z,a160052ab46b811cc9a9b6484c69f255fe82d9d6,6342,size_in_bytes,lib/ocaml/compiler-libs/flambda2_simplify__Continuation_uses.cmti,51503
2026-07-28T18:02:55Z,a160052ab46b811cc9a9b6484c69f255fe82d9d6,6342,size_in_bytes,lib/ocaml/compiler-libs/arm64_ast__Logical_immediates.cmti,17046
2026-07-28T18:02:55Z,a160052ab46b811cc9a9b6484c69f255fe82d9d6,6342,size_in_bytes,lib/ocaml/compiler-libs/compile_common.cmti,44849
2026-07-28T18:02:55Z,a160052ab46b811cc9a9b6484c69f255fe82d9d6,6342,size_in_bytes,lib/ocaml/compiler-libs/warnings.cmti,81780
2026-07-28T18:02:55Z,a160052ab46b811cc9a9b6484c69f255fe82d9d6,6342,size_in_bytes,lib/ocaml/compiler-libs/symbol.cmti,154158
2026-07-28T18:02:55Z,a160052ab46b811cc9a9b6484c69f255fe82d9d6,6342,size_in_bytes,lib/ocaml/compiler-libs/byteinstantiator.cmti,17502
2026-07-28T18:02:55Z,a160052ab46b811cc9a9b6484c69f255fe82d9d6,6342,size_in_bytes,lib/ocaml/compiler-libs/cmm_peephole_engine.cmti,64111
2026-07-28T18:02:55Z,a160052ab46b811cc9a9b6484c69f255fe82d9d6,6342,size_in_bytes,lib/ocaml/compiler-libs/flambda2_to_jsir__To_jsir_env.cmti,86602
2026-07-28T18:02:55Z,a160052ab46b811cc9a9b6484c69f255fe82d9d6,6342,size_in_bytes,lib/ocaml/compiler-libs/errortrace_report.cmti,32157
2026-07-28T18:02:55Z,a160052ab46b811cc9a9b6484c69f255fe82d9d6,6342,size_in_bytes,lib/ocaml/compiler-libs/flambda2_datalog.cmti,456523
2026-07-28T18:02:55Z,a160052ab46b811cc9a9b6484c69f255fe82d9d6,6342,size_in_bytes,lib/ocaml/compiler-libs/switch.cmti,58743
2026-07-28T18:02:55Z,a160052ab46b811cc9a9b6484c69f255fe82d9d6,6342,size_in_bytes,lib/ocaml/compiler-libs/regalloc_split.cmti,38148
2026-07-28T18:02:55Z,a160052ab46b811cc9a9b6484c69f255fe82d9d6,6342,size_in_bytes,lib/ocaml/compiler-libs/flambda2_simplify__Simplify_set_of_closures_context.cmti,52615
2026-07-28T18:02:55Z,a160052ab46b811cc9a9b6484c69f255fe82d9d6,6342,size_in_bytes,lib/ocaml/compiler-libs/rewrite_sections.cmti,22754
2026-07-28T18:02:55Z,a160052ab46b811cc9a9b6484c69f255fe82d9d6,6342,size_in_bytes,lib/ocaml/compiler-libs/cms_format.cmti,38264
2026-07-28T18:02:55Z,a160052ab46b811cc9a9b6484c69f255fe82d9d6,6342,size_in_bytes,lib/ocaml/compiler-libs/emit.cmti,38931
2026-07-28T18:02:55Z,a160052ab46b811cc9a9b6484c69f255fe82d9d6,6342,size_in_bytes,lib/ocaml/compiler-libs/arm64_binary_emitter__Adr_helpers.cmti,17480
2026-07-28T18:02:55Z,a160052ab46b811cc9a9b6484c69f255fe82d9d6,6342,size_in_bytes,lib/ocaml/compiler-libs/cmxs_format.cmti,21936
2026-07-28T18:02:55Z,a160052ab46b811cc9a9b6484c69f255fe82d9d6,6342,size_in_bytes,lib/ocaml/compiler-libs/flambda2_simplify__Flow.cmti,75821
2026-07-28T18:02:55Z,a160052ab46b811cc9a9b6484c69f255fe82d9d6,6342,size_in_bytes,lib/ocaml/compiler-libs/flambda2_simplify__Simplify_common.cmti,76998
2026-07-28T18:02:55Z,a160052ab46b811cc9a9b6484c69f255fe82d9d6,6342,size_in_bytes,lib/ocaml/compiler-libs/printinstr.cmti,19394
2026-07-28T18:02:55Z,a160052ab46b811cc9a9b6484c69f255fe82d9d6,6342,size_in_bytes,lib/ocaml/compiler-libs/flambda2_datalog__Value.cmti,20573
2026-07-28T18:02:55Z,a160052ab46b811cc9a9b6484c69f255fe82d9d6,6342,size_in_bytes,lib/ocaml/compiler-libs/optmaindriver.cmti,35799
2026-07-28T18:02:55Z,a160052ab46b811cc9a9b6484c69f255fe82d9d6,6342,size_in_bytes,lib/ocaml/compiler-libs/linear.cmti,65375
2026-07-28T18:02:55Z,a160052ab46b811cc9a9b6484c69f255fe82d9d6,6342,size_in_bytes,lib/ocaml/compiler-libs/annot.cmti,15817
2026-07-28T18:02:55Z,a160052ab46b811cc9a9b6484c69f255fe82d9d6,6342,size_in_bytes,lib/ocaml/compiler-libs/llvm_ir.cmti,372535
2026-07-28T18:02:55Z,a160052ab46b811cc9a9b6484c69f255fe82d9d6,6342,size_in_bytes,lib/ocaml/compiler-libs/branch_relaxation_intf.cmti,45347
2026-07-28T18:02:55Z,a160052ab46b811cc9a9b6484c69f255fe82d9d6,6342,size_in_bytes,lib/ocaml/compiler-libs/flambda2_algorithms__Table_by_int_id.cmti,25356
2026-07-28T18:02:55Z,a160052ab46b811cc9a9b6484c69f255fe82d9d6,6342,size_in_bytes,lib/ocaml/compiler-libs/cfg_merge_blocks.cmti,33920
2026-07-28T18:02:55Z,a160052ab46b811cc9a9b6484c69f255fe82d9d6,6342,size_in_bytes,lib/ocaml/compiler-libs/flambda2_to_cmm__To_cmm_primitive.cmti,39018
2026-07-28T18:02:55Z,a160052ab46b811cc9a9b6484c69f255fe82d9d6,6342,size_in_bytes,lib/ocaml/compiler-libs/ast_invariants.cmti,18612
2026-07-28T18:02:55Z,a160052ab46b811cc9a9b6484c69f255fe82d9d6,6342,size_in_bytes,lib/ocaml/compiler-libs/typedtree.cmti,594588
2026-07-28T18:02:55Z,a160052ab46b811cc9a9b6484c69f255fe82d9d6,6342,size_in_bytes,lib/ocaml/compiler-libs/flambda2_algorithms__Patricia_tree.cmti,194404
2026-07-28T18:02:55Z,a160052ab46b811cc9a9b6484c69f255fe82d9d6,6342,size_in_bytes,lib/ocaml/compiler-libs/relocation_entry.cmti,20368
2026-07-28T18:02:55Z,a160052ab46b811cc9a9b6484c69f255fe82d9d6,6342,size_in_bytes,lib/ocaml/compiler-libs/printtyped.cmti,19876
2026-07-28T18:02:55Z,a160052ab46b811cc9a9b6484c69f255fe82d9d6,6342,size_in_bytes,lib/ocaml/compiler-libs/mode_hint.cmti,75178
2026-07-28T18:02:55Z,a160052ab46b811cc9a9b6484c69f255fe82d9d6,6342,size_in_bytes,lib/ocaml/compiler-libs/flambda2_terms__Inline_attribute.cmti,31808
2026-07-28T18:02:55Z,a160052ab46b811cc9a9b6484c69f255fe82d9d6,6342,size_in_bytes,lib/ocaml/compiler-libs/env.cmti,469872
2026-07-28T18:02:55Z,a160052ab46b811cc9a9b6484c69f255fe82d9d6,6342,size_in_bytes,lib/ocaml/compiler-libs/printoperation.cmti,40164
2026-07-28T18:02:55Z,a160052ab46b811cc9a9b6484c69f255fe82d9d6,6342,size_in_bytes,lib/ocaml/compiler-libs/flambda2_to_jsir__To_jsir_primitive.cmti,35732
2026-07-28T18:02:55Z,a160052ab46b811cc9a9b6484c69f255fe82d9d6,6342,size_in_bytes,lib/ocaml/compiler-libs/includemod.cmti,193160
2026-07-28T18:02:55Z,a160052ab46b811cc9a9b6484c69f255fe82d9d6,6342,size_in_bytes,lib/ocaml/compiler-libs/eh_frame_registration.cmti,17632
2026-07-28T18:02:55Z,a160052ab46b811cc9a9b6484c69f255fe82d9d6,6342,size_in_bytes,lib/ocaml/compiler-libs/translclass.cmti,23078
2026-07-28T18:02:55Z,a160052ab46b811cc9a9b6484c69f255fe82d9d6,6342,size_in_bytes,lib/ocaml/compiler-libs/flambda2_numbers__Or_infinity.cmti,21748
2026-07-28T18:02:55Z,a160052ab46b811cc9a9b6484c69f255fe82d9d6,6342,size_in_bytes,lib/ocaml/compiler-libs/flambda2_simplify__One_continuation_use.cmti,41260
2026-07-28T18:02:55Z,a160052ab46b811cc9a9b6484c69f255fe82d9d6,6342,size_in_bytes,lib/ocaml/compiler-libs/patterns.cmti,72100
2026-07-28T18:02:55Z,a160052ab46b811cc9a9b6484c69f255fe82d9d6,6342,size_in_bytes,lib/ocaml/compiler-libs/flambda2_algorithms__Leapfrog.cmti,44576
2026-07-28T18:02:55Z,a160052ab46b811cc9a9b6484c69f255fe82d9d6,6342,size_in_bytes,lib/ocaml/compiler-libs/profile_counters_functions.cmti,17548
2026-07-28T18:02:55Z,a160052ab46b811cc9a9b6484c69f255fe82d9d6,6342,size_in_bytes,lib/ocaml/compiler-libs/dll.cmti,23921
2026-07-28T18:02:55Z,a160052ab46b811cc9a9b6484c69f255fe82d9d6,6342,size_in_bytes,lib/ocaml/compiler-libs/diffing_with_keys.cmti,43493
2026-07-28T18:02:55Z,a160052ab46b811cc9a9b6484c69f255fe82d9d6,6342,size_in_bytes,lib/ocaml/compiler-libs/emitcode.cmti,27839
2026-07-28T18:02:55Z,a160052ab46b811cc9a9b6484c69f255fe82d9d6,6342,size_in_bytes,lib/ocaml/compiler-libs/peephole_rules.cmti,33523
2026-07-28T18:02:55Z,a160052ab46b811cc9a9b6484c69f255fe82d9d6,6342,size_in_bytes,lib/ocaml/compiler-libs/flambda2_to_jsir__To_jsir_static_const.cmti,44277
2026-07-28T18:02:55Z,a160052ab46b811cc9a9b6484c69f255fe82d9d6,6342,size_in_bytes,lib/ocaml/compiler-libs/runtimetags.cmti,19182
2026-07-28T18:02:55Z,a160052ab46b811cc9a9b6484c69f255fe82d9d6,6342,size_in_bytes,lib/ocaml/compiler-libs/flambda2_identifiers__Int_ids.cmti,1416538
2026-07-28T18:02:55Z,a160052ab46b811cc9a9b6484c69f255fe82d9d6,6342,size_in_bytes,lib/ocaml/compiler-libs/flambda2_terms__Zero_alloc_attribute.cmti,32792
2026-07-28T18:02:55Z,a160052ab46b811cc9a9b6484c69f255fe82d9d6,6342,size_in_bytes,lib/ocaml/compiler-libs/flambda2_simplify_shared__Call_site_inlining_decision_type.cmti,40355
2026-07-28T18:02:55Z,a160052ab46b811cc9a9b6484c69f255fe82d9d6,6342,size_in_bytes,lib/ocaml/compiler-libs/flambda2_terms__Flambda_primitive.cmti,527868
2026-07-28T18:02:55Z,a160052ab46b811cc9a9b6484c69f255fe82d9d6,6342,size_in_bytes,lib/ocaml/compiler-libs/flambda2_simplify__Simplify_rec_info_expr.cmti,45366
2026-07-28T18:02:55Z,a160052ab46b811cc9a9b6484c69f255fe82d9d6,6342,size_in_bytes,lib/ocaml/compiler-libs/peephole_utils.cmti,48985
2026-07-28T18:02:55Z,a160052ab46b811cc9a9b6484c69f255fe82d9d6,6342,size_in_bytes,lib/ocaml/compiler-libs/ast_helper.cmti,448073
2026-07-28T18:02:55Z,a160052ab46b811cc9a9b6484c69f255fe82d9d6,6342,size_in_bytes,lib/ocaml/compiler-libs/builtin_attributes.cmti,103784
2026-07-28T18:02:55Z,a160052ab46b811cc9a9b6484c69f255fe82d9d6,6342,size_in_bytes,lib/ocaml/compiler-libs/matching.cmti,45446
2026-07-28T18:02:55Z,a160052ab46b811cc9a9b6484c69f255fe82d9d6,6342,size_in_bytes,lib/ocaml/compiler-libs/flambda2_nominal__Ids_for_export.cmti,43768
2026-07-28T18:02:55Z,a160052ab46b811cc9a9b6484c69f255fe82d9d6,6342,size_in_bytes,lib/ocaml/compiler-libs/cfg_with_layout.cmti,72096
2026-07-28T18:02:55Z,a160052ab46b811cc9a9b6484c69f255fe82d9d6,6342,size_in_bytes,lib/ocaml/compiler-libs/regalloc_irc.cmti,34272
2026-07-28T18:02:55Z,a160052ab46b811cc9a9b6484c69f255fe82d9d6,6342,size_in_bytes,lib/ocaml/compiler-libs/flambda2_kinds__Flambda_kind.cmti,873930
2026-07-28T18:02:55Z,a160052ab46b811cc9a9b6484c69f255fe82d9d6,6342,size_in_bytes,lib/ocaml/compiler-libs/regalloc_affinity.cmti,39630
2026-07-28T18:02:55Z,a160052ab46b811cc9a9b6484c69f255fe82d9d6,6342,size_in_bytes,lib/ocaml/compiler-libs/flambda2_identifiers__Named_rewrite_id.cmti,154194
2026-07-28T18:02:55Z,a160052ab46b811cc9a9b6484c69f255fe82d9d6,6342,size_in_bytes,lib/ocaml/compiler-libs/includemod_errorprinter.cmti,19906
2026-07-28T18:02:55Z,a160052ab46b811cc9a9b6484c69f255fe82d9d6,6342,size_in_bytes,lib/ocaml/compiler-libs/cmi_format.cmti,38017
2026-07-28T18:02:55Z,a160052ab46b811cc9a9b6484c69f255fe82d9d6,6342,size_in_bytes,lib/ocaml/compiler-libs/arm64_binary_emitter__Logical_helpers.cmti,23868
2026-07-28T18:02:55Z,a160052ab46b811cc9a9b6484c69f255fe82d9d6,6342,size_in_bytes,lib/ocaml/compiler-libs/binutils.cmti,17962
2026-07-28T18:02:55Z,a160052ab46b811cc9a9b6484c69f255fe82d9d6,6342,size_in_bytes,lib/ocaml/compiler-libs/flambda2_identifiers__Symbol.cmti,39234
2026-07-28T18:02:55Z,a160052ab46b811cc9a9b6484c69f255fe82d9d6,6342,size_in_bytes,lib/ocaml/compiler-libs/linker_script.cmti,18586
2026-07-28T18:02:55Z,a160052ab46b811cc9a9b6484c69f255fe82d9d6,6342,size_in_bytes,lib/ocaml/compiler-libs/flambda2_simplify__Closure_info.cmti,35171
2026-07-28T18:02:55Z,a160052ab46b811cc9a9b6484c69f255fe82d9d6,6342,size_in_bytes,lib/ocaml/compiler-libs/flambda2_nominal__Name_occurrences.cmti,107050
2026-07-28T18:02:55Z,a160052ab46b811cc9a9b6484c69f255fe82d9d6,6342,size_in_bytes,lib/ocaml/compiler-libs/flambda2_parser__Flambda_to_fexpr.cmti,30216
2026-07-28T18:02:55Z,a160052ab46b811cc9a9b6484c69f255fe82d9d6,6342,size_in_bytes,lib/ocaml/compiler-libs/flambda2_nominal__Num_occurrences.cmti,15792
2026-07-28T18:02:55Z,a160052ab46b811cc9a9b6484c69f255fe82d9d6,6342,size_in_bytes,lib/ocaml/compiler-libs/flambda2_terms__Regalloc_attribute.cmti,31021
2026-07-28T18:02:55Z,a160052ab46b811cc9a9b6484c69f255fe82d9d6,6342,size_in_bytes,lib/ocaml/compiler-libs/reg_with_debug_info.cmti,142562
2026-07-28T18:02:55Z,a160052ab46b811cc9a9b6484c69f255fe82d9d6,6342,size_in_bytes,lib/ocaml/compiler-libs/flambda2_terms__Code_size.cmti,45225
2026-07-28T18:02:55Z,a160052ab46b811cc9a9b6484c69f255fe82d9d6,6342,size_in_bytes,lib/ocaml/compiler-libs/flambda2_nominal__Name_abstraction.cmti,61097
2026-07-28T18:02:55Z,a160052ab46b811cc9a9b6484c69f255fe82d9d6,6342,size_in_bytes,lib/ocaml/compiler-libs/is_parameter.cmti,147597
2026-07-28T18:02:55Z,a160052ab46b811cc9a9b6484c69f255fe82d9d6,6342,size_in_bytes,lib/ocaml/compiler-libs/slambdaident.cmti,149640
2026-07-28T18:02:55Z,a160052ab46b811cc9a9b6484c69f255fe82d9d6,6342,size_in_bytes,lib/ocaml/compiler-libs/runtimedef.cmti,13015
2026-07-28T18:02:55Z,a160052ab46b811cc9a9b6484c69f255fe82d9d6,6342,size_in_bytes,lib/ocaml/compiler-libs/dwarf_abstract_instances.cmti,29508
2026-07-28T18:02:55Z,a160052ab46b811cc9a9b6484c69f255fe82d9d6,6342,size_in_bytes,lib/ocaml/compiler-libs/strongly_connected_components.cmti,44835
2026-07-28T18:02:55Z,a160052ab46b811cc9a9b6484c69f255fe82d9d6,6342,size_in_bytes,lib/ocaml/compiler-libs/cfg_format.cmti,41183
2026-07-28T18:02:55Z,a160052ab46b811cc9a9b6484c69f255fe82d9d6,6342,size_in_bytes,lib/ocaml/compiler-libs/structured_mangling.cmti,31828
2026-07-28T18:02:55Z,a160052ab46b811cc9a9b6484c69f255fe82d9d6,6342,size_in_bytes,lib/ocaml/compiler-libs/arch.cmti,82936
2026-07-28T18:02:55Z,a160052ab46b811cc9a9b6484c69f255fe82d9d6,6342,size_in_bytes,lib/ocaml/compiler-libs/dwarf_type.cmti,27072
2026-07-28T18:02:55Z,a160052ab46b811cc9a9b6484c69f255fe82d9d6,6342,size_in_bytes,lib/ocaml/compiler-libs/flambda2_simplify__Continuation_in_env.cmti,41224
2026-07-28T18:02:55Z,a160052ab46b811cc9a9b6484c69f255fe82d9d6,6342,size_in_bytes,lib/ocaml/compiler-libs/cmm_builtins.cmti,38166
2026-07-28T18:02:55Z,a160052ab46b811cc9a9b6484c69f255fe82d9d6,6342,size_in_bytes,lib/ocaml/compiler-libs/x86_peephole_utils.cmti,28392
2026-07-28T18:02:55Z,a160052ab46b811cc9a9b6484c69f255fe82d9d6,6342,size_in_bytes,lib/ocaml/compiler-libs/local_store.cmti,21826
2026-07-28T18:02:55Z,a160052ab46b811cc9a9b6484c69f255fe82d9d6,6342,size_in_bytes,lib/ocaml/compiler-libs/diffing.cmti,46793
2026-07-28T18:02:55Z,a160052ab46b811cc9a9b6484c69f255fe82d9d6,6342,size_in_bytes,lib/ocaml/compiler-libs/printpat.cmti,22819
2026-07-28T18:02:55Z,a160052ab46b811cc9a9b6484c69f255fe82d9d6,6342,size_in_bytes,lib/ocaml/compiler-libs/flambda2_bound_identifiers__Bound_name.cmti,29744
2026-07-28T18:02:55Z,a160052ab46b811cc9a9b6484c69f255fe82d9d6,6342,size_in_bytes,lib/ocaml/compiler-libs/runtime_shape.cmti,109292
2026-07-28T18:02:55Z,a160052ab46b811cc9a9b6484c69f255fe82d9d6,6342,size_in_bytes,lib/ocaml/compiler-libs/flambda2_simplify__Upwards_env.cmti,54911
2026-07-28T18:02:55Z,a160052ab46b811cc9a9b6484c69f255fe82d9d6,6342,size_in_bytes,lib/ocaml/compiler-libs/predef.cmti,150693
2026-07-28T18:02:55Z,a160052ab46b811cc9a9b6484c69f255fe82d9d6,6342,size_in_bytes,lib/ocaml/compiler-libs/flambda2_simplify__Replay_history.cmti,48987
2026-07-28T18:02:55Z,a160052ab46b811cc9a9b6484c69f255fe82d9d6,6342,size_in_bytes,lib/ocaml/compiler-libs/flambda2_parser__Fexpr_to_flambda.cmti,33441
2026-07-28T18:02:55Z,a160052ab46b811cc9a9b6484c69f255fe82d9d6,6342,size_in_bytes,lib/ocaml/compiler-libs/arm64_binary_emitter__Condition_helpers.cmti,17157
2026-07-28T18:02:55Z,a160052ab46b811cc9a9b6484c69f255fe82d9d6,6342,size_in_bytes,lib/ocaml/compiler-libs/flambda2_cmx__Exported_code.cmti,53694
2026-07-28T18:02:55Z,a160052ab46b811cc9a9b6484c69f255fe82d9d6,6342,size_in_bytes,lib/ocaml/compiler-libs/flambda2_classic_mode_types__Value_approximation.cmti,33353
2026-07-28T18:02:55Z,a160052ab46b811cc9a9b6484c69f255fe82d9d6,6342,size_in_bytes,lib/ocaml/compiler-libs/flambda2_to_jsir__To_jsir_result.cmti,45364
2026-07-28T18:02:55Z,a160052ab46b811cc9a9b6484c69f255fe82d9d6,6342,size_in_bytes,lib/ocaml/compiler-libs/flambda2_to_jsir__To_jsir_shared.cmti,53961
2026-07-28T18:02:55Z,a160052ab46b811cc9a9b6484c69f255fe82d9d6,6342,size_in_bytes,lib/ocaml/compiler-libs/unit_info.cmti,72015
2026-07-28T18:02:55Z,a160052ab46b811cc9a9b6484c69f255fe82d9d6,6342,size_in_bytes,lib/ocaml/compiler-libs/flambda2_terms__Code_metadata.cmti,125764
2026-07-28T18:02:55Z,a160052ab46b811cc9a9b6484c69f255fe82d9d6,6342,size_in_bytes,lib/ocaml/compiler-libs/zero_alloc_annotations.cmti,22257
2026-07-28T18:02:55Z,a160052ab46b811cc9a9b6484c69f255fe82d9d6,6342,size_in_bytes,lib/ocaml/compiler-libs/peephole_optimize.cmti,32782
2026-07-28T18:02:55Z,a160052ab46b811cc9a9b6484c69f255fe82d9d6,6342,size_in_bytes,lib/ocaml/compiler-libs/includeclass.cmti,24070
2026-07-28T18:02:55Z,a160052ab46b811cc9a9b6484c69f255fe82d9d6,6342,size_in_bytes,lib/ocaml/compiler-libs/flambda2_algorithms__Container_types.cmti,329256
2026-07-28T18:02:55Z,a160052ab46b811cc9a9b6484c69f255fe82d9d6,6342,size_in_bytes,lib/ocaml/compiler-libs/cfg_edge.cmti,85472
2026-07-28T18:02:55Z,a160052ab46b811cc9a9b6484c69f255fe82d9d6,6342,size_in_bytes,lib/ocaml/compiler-libs/asmgen.cmti,57392
2026-07-28T18:02:55Z,a160052ab46b811cc9a9b6484c69f255fe82d9d6,6342,size_in_bytes,lib/ocaml/compiler-libs/opcodes.cmti,73969
2026-07-28T18:02:55Z,a160052ab46b811cc9a9b6484c69f255fe82d9d6,6342,size_in_bytes,lib/ocaml/compiler-libs/flambda2_reaper__Field.cmti,186502
2026-07-28T18:02:55Z,a160052ab46b811cc9a9b6484c69f255fe82d9d6,6342,size_in_bytes,lib/ocaml/compiler-libs/regalloc_utils.cmti,334567
2026-07-28T18:02:55Z,a160052ab46b811cc9a9b6484c69f255fe82d9d6,6342,size_in_bytes,lib/ocaml/compiler-libs/x86_ast_utils.cmti,25896
2026-07-28T18:02:55Z,a160052ab46b811cc9a9b6484c69f255fe82d9d6,6342,size_in_bytes,lib/ocaml/compiler-libs/flambda2_identifiers__Apply_cont_rewrite_id.cmti,154249
2026-07-28T18:02:55Z,a160052ab46b811cc9a9b6484c69f255fe82d9d6,6342,size_in_bytes,lib/ocaml/compiler-libs/backend_var.cmti,92073
2026-07-28T18:02:55Z,a160052ab46b811cc9a9b6484c69f255fe82d9d6,6342,size_in_bytes,lib/ocaml/compiler-libs/asm_targets__Asm_symbol.cmti,149139
2026-07-28T18:02:55Z,a160052ab46b811cc9a9b6484c69f255fe82d9d6,6342,size_in_bytes,lib/ocaml/compiler-libs/vectorize.cmti,33277
2026-07-28T18:02:55Z,a160052ab46b811cc9a9b6484c69f255fe82d9d6,6342,size_in_bytes,lib/ocaml/compiler-libs/data_types.cmti,47848
2026-07-28T18:02:55Z,a160052ab46b811cc9a9b6484c69f255fe82d9d6,6342,size_in_bytes,lib/ocaml/compiler-libs/flambda2_simplify__Continuation_uses_env.cmti,49928
2026-07-28T18:02:55Z,a160052ab46b811cc9a9b6484c69f255fe82d9d6,6342,size_in_bytes,lib/ocaml/compiler-libs/cmm_helpers.cmti,656617
2026-07-28T18:02:55Z,a160052ab46b811cc9a9b6484c69f255fe82d9d6,6342,size_in_bytes,lib/ocaml/compiler-libs/arm64_binary_emitter__Binary_emitter.cmti,44174
2026-07-28T18:02:55Z,a160052ab46b811cc9a9b6484c69f255fe82d9d6,6342,size_in_bytes,lib/ocaml/compiler-libs/flambda2_simplify__Flow_acc.cmti,76167
2026-07-28T18:02:55Z,a160052ab46b811cc9a9b6484c69f255fe82d9d6,6342,size_in_bytes,lib/ocaml/compiler-libs/form_rewrite_plan.cmti,66905
2026-07-28T18:02:55Z,a160052ab46b811cc9a9b6484c69f255fe82d9d6,6342,size_in_bytes,lib/ocaml/compiler-libs/regalloc_invariants.cmti,34656
2026-07-28T18:02:55Z,a160052ab46b811cc9a9b6484c69f255fe82d9d6,6342,size_in_bytes,lib/ocaml/compiler-libs/flambda2_terms__Code_or_metadata.cmti,53949
2026-07-28T18:02:55Z,a160052ab46b811cc9a9b6484c69f255fe82d9d6,6342,size_in_bytes,lib/ocaml/compiler-libs/priority_queue.cmti,31235
2026-07-28T18:02:55Z,a160052ab46b811cc9a9b6484c69f255fe82d9d6,6342,size_in_bytes,lib/ocaml/compiler-libs/flambda2_lattices__Or_bottom.cmti,28369
2026-07-28T18:02:55Z,a160052ab46b811cc9a9b6484c69f255fe82d9d6,6342,size_in_bytes,lib/ocaml/compiler-libs/bytepackager.cmti,22721
2026-07-28T18:02:55Z,a160052ab46b811cc9a9b6484c69f255fe82d9d6,6342,size_in_bytes,lib/ocaml/compiler-libs/arm64_ast__Ast.cmti,849890
2026-07-28T18:02:55Z,a160052ab46b811cc9a9b6484c69f255fe82d9d6,6342,size_in_bytes,lib/ocaml/compiler-libs/translquote.cmti,20577
2026-07-28T18:02:55Z,a160052ab46b811cc9a9b6484c69f255fe82d9d6,6342,size_in_bytes,lib/ocaml/compiler-libs/flambda2_simplify__Simplify_apply_expr.cmti,37484
2026-07-28T18:02:55Z,a160052ab46b811cc9a9b6484c69f255fe82d9d6,6342,size_in_bytes,lib/ocaml/compiler-libs/topmain.cmti,12706
2026-07-28T18:02:55Z,a160052ab46b811cc9a9b6484c69f255fe82d9d6,6342,size_in_bytes,lib/ocaml/compiler-libs/vicuna_value_shapes.cmti,29423
2026-07-28T18:02:55Z,a160052ab46b811cc9a9b6484c69f255fe82d9d6,6342,size_in_bytes,lib/ocaml/compiler-libs/includecore.cmti,102149
2026-07-28T18:02:55Z,a160052ab46b811cc9a9b6484c69f255fe82d9d6,6342,size_in_bytes,lib/ocaml/compiler-libs/ccomp.cmti,23254
2026-07-28T18:02:55Z,a160052ab46b811cc9a9b6484c69f255fe82d9d6,6342,size_in_bytes,lib/ocaml/compiler-libs/flambda2_simplify__Simplify_simple.cmti,42507
2026-07-28T18:02:55Z,a160052ab46b811cc9a9b6484c69f255fe82d9d6,6342,size_in_bytes,lib/ocaml/compiler-libs/persistent_env.cmti,176341
2026-07-28T18:02:55Z,a160052ab46b811cc9a9b6484c69f255fe82d9d6,6342,size_in_bytes,lib/ocaml/compiler-libs/signature_with_global_bindings.cmti,25679
2026-07-28T18:02:55Z,a160052ab46b811cc9a9b6484c69f255fe82d9d6,6342,size_in_bytes,lib/ocaml/compiler-libs/dwarf_state.cmti,55011
2026-07-28T18:02:55Z,a160052ab46b811cc9a9b6484c69f255fe82d9d6,6342,size_in_bytes,lib/ocaml/compiler-libs/identifiable.cmti,351326
2026-07-28T18:02:55Z,a160052ab46b811cc9a9b6484c69f255fe82d9d6,6342,size_in_bytes,lib/ocaml/compiler-libs/lexer.cmti,34261
2026-07-28T18:02:55Z,a160052ab46b811cc9a9b6484c69f255fe82d9d6,6342,size_in_bytes,lib/ocaml/compiler-libs/flambda2_to_cmm__To_cmm_result.cmti,57037
2026-07-28T18:02:55Z,a160052ab46b811cc9a9b6484c69f255fe82d9d6,6342,size_in_bytes,lib/ocaml/compiler-libs/dsl_helpers.cmti,12219
2026-07-28T18:02:55Z,a160052ab46b811cc9a9b6484c69f255fe82d9d6,6342,size_in_bytes,lib/ocaml/compiler-libs/flambda2_types__Meet.cmti,31073
2026-07-28T18:02:55Z,a160052ab46b811cc9a9b6484c69f255fe82d9d6,6342,size_in_bytes,lib/ocaml/compiler-libs/cfg_dominators.cmti,45058
2026-07-28T18:02:55Z,a160052ab46b811cc9a9b6484c69f255fe82d9d6,6342,size_in_bytes,lib/ocaml/compiler-libs/flambda2_terms__Inlining_history.cmti,61460
2026-07-28T18:02:55Z,a160052ab46b811cc9a9b6484c69f255fe82d9d6,6342,size_in_bytes,lib/ocaml/compiler-libs/x86_masm.cmti,16838
2026-07-28T18:02:55Z,a160052ab46b811cc9a9b6484c69f255fe82d9d6,6342,size_in_bytes,lib/ocaml/compiler-libs/flambda2_terms__Apply_expr.cmti,214769
2026-07-28T18:02:55Z,a160052ab46b811cc9a9b6484c69f255fe82d9d6,6342,size_in_bytes,lib/ocaml/compiler-libs/flambda2_identifiers__Name.cmti,187985
2026-07-28T18:02:55Z,a160052ab46b811cc9a9b6484c69f255fe82d9d6,6342,size_in_bytes,lib/ocaml/compiler-libs/current_unit.cmti,24999
2026-07-28T18:02:55Z,a160052ab46b811cc9a9b6484c69f255fe82d9d6,6342,size_in_bytes,lib/ocaml/compiler-libs/debug.cmti,13875
2026-07-28T18:02:55Z,a160052ab46b811cc9a9b6484c69f255fe82d9d6,6342,size_in_bytes,lib/ocaml/compiler-libs/regalloc_substitution.cmti,42021
2026-07-28T18:02:55Z,a160052ab46b811cc9a9b6484c69f255fe82d9d6,6342,size_in_bytes,lib/ocaml/compiler-libs/simplif.cmti,23923
2026-07-28T18:02:55Z,a160052ab46b811cc9a9b6484c69f255fe82d9d6,6342,size_in_bytes,lib/ocaml/compiler-libs/flambda2_simplify__Build_unboxing_denv.cmti,35472
2026-07-28T18:02:55Z,a160052ab46b811cc9a9b6484c69f255fe82d9d6,6342,size_in_bytes,lib/ocaml/compiler-libs/flambda2_from_lambda__Lambda_to_lambda_transforms.cmti,36160
2026-07-28T18:02:55Z,a160052ab46b811cc9a9b6484c69f255fe82d9d6,6342,size_in_bytes,lib/ocaml/compiler-libs/cfg_polling.cmti,35747
2026-07-28T18:02:55Z,a160052ab46b811cc9a9b6484c69f255fe82d9d6,6342,size_in_bytes,lib/ocaml/compiler-libs/jit_backend.cmti,69635
2026-07-28T18:02:55Z,a160052ab46b811cc9a9b6484c69f255fe82d9d6,6342,size_in_bytes,lib/ocaml/compiler-libs/relocatable_symbol_name.cmti,17533
2026-07-28T18:02:55Z,a160052ab46b811cc9a9b6484c69f255fe82d9d6,6342,size_in_bytes,lib/ocaml/compiler-libs/flambda2_simplify__Simplify_coercion.cmti,36418
2026-07-28T18:02:55Z,a160052ab46b811cc9a9b6484c69f255fe82d9d6,6342,size_in_bytes,lib/ocaml/compiler-libs/flambda2_types__Meet_env.cmti,70308
2026-07-28T18:02:55Z,a160052ab46b811cc9a9b6484c69f255fe82d9d6,6342,size_in_bytes,lib/ocaml/compiler-libs/flambda2_term_basics__String_info.cmti,158156
2026-07-28T18:02:55Z,a160052ab46b811cc9a9b6484c69f255fe82d9d6,6342,size_in_bytes,lib/ocaml/compiler-libs/flambda2_reaper__Points_to_analysis.cmti,103529
2026-07-28T18:02:55Z,a160052ab46b811cc9a9b6484c69f255fe82d9d6,6342,size_in_bytes,lib/ocaml/compiler-libs/oxcaml_args.cmti,515219
2026-07-28T18:02:55Z,a160052ab46b811cc9a9b6484c69f255fe82d9d6,6342,size_in_bytes,lib/ocaml/compiler-libs/flambda2_simplify__Dominator_graph.cmti,51055
2026-07-28T18:02:55Z,a160052ab46b811cc9a9b6484c69f255fe82d9d6,6342,size_in_bytes,lib/ocaml/compiler-libs/flambda2_terms__Trap_action.cmti,42171
2026-07-28T18:02:55Z,a160052ab46b811cc9a9b6484c69f255fe82d9d6,6342,size_in_bytes,lib/ocaml/compiler-libs/jkind_types.cmti,105181
2026-07-28T18:02:55Z,a160052ab46b811cc9a9b6484c69f255fe82d9d6,6342,size_in_bytes,lib/ocaml/compiler-libs/cmo_format.cmti,34005
2026-07-28T18:02:55Z,a160052ab46b811cc9a9b6484c69f255fe82d9d6,6342,size_in_bytes,lib/ocaml/compiler-libs/int_replace_polymorphic_compare.cmti,17092
2026-07-28T18:02:55Z,a160052ab46b811cc9a9b6484c69f255fe82d9d6,6342,size_in_bytes,lib/ocaml/compiler-libs/trace.cmti,28306
2026-07-28T18:02:55Z,a160052ab46b811cc9a9b6484c69f255fe82d9d6,6342,size_in_bytes,lib/ocaml/compiler-libs/flambda2_simplify__Join_points.cmti,43364
2026-07-28T18:02:55Z,a160052ab46b811cc9a9b6484c69f255fe82d9d6,6342,size_in_bytes,lib/ocaml/compiler-libs/printtyp.cmti,67393
2026-07-28T18:02:55Z,a160052ab46b811cc9a9b6484c69f255fe82d9d6,6342,size_in_bytes,lib/ocaml/compiler-libs/lru.cmti,24993
2026-07-28T18:02:55Z,a160052ab46b811cc9a9b6484c69f255fe82d9d6,6342,size_in_bytes,lib/ocaml/compiler-libs/cfg_loop_infos.cmti,48664
2026-07-28T18:02:55Z,a160052ab46b811cc9a9b6484c69f255fe82d9d6,6342,size_in_bytes,lib/ocaml/compiler-libs/flambda2_reaper__Reaper.cmti,35435
2026-07-28T18:02:55Z,a160052ab46b811cc9a9b6484c69f255fe82d9d6,6342,size_in_bytes,lib/ocaml/compiler-libs/blambda_of_lambda.cmti,18686
2026-07-28T18:02:55Z,a160052ab46b811cc9a9b6484c69f255fe82d9d6,6342,size_in_bytes,lib/ocaml/compiler-libs/flambda2_simplify__Common_subexpression_elimination.cmti,46447
2026-07-28T18:02:55Z,a160052ab46b811cc9a9b6484c69f255fe82d9d6,6342,size_in_bytes,lib/ocaml/compiler-libs/flambda2_terms__Coeffects.cmti,32367
2026-07-28T18:02:55Z,a160052ab46b811cc9a9b6484c69f255fe82d9d6,6342,size_in_bytes,lib/ocaml/compiler-libs/flambda2_identifiers__Value_slot.cmti,172467
2026-07-28T18:02:55Z,a160052ab46b811cc9a9b6484c69f255fe82d9d6,6342,size_in_bytes,lib/ocaml/compiler-libs/translmode.cmti,24881
2026-07-28T18:02:55Z,a160052ab46b811cc9a9b6484c69f255fe82d9d6,6342,size_in_bytes,lib/ocaml/compiler-libs/flambda2_simplify__Loopify_state.cmti,29746
2026-07-28T18:02:55Z,a160052ab46b811cc9a9b6484c69f255fe82d9d6,6342,size_in_bytes,lib/ocaml/compiler-libs/flambda2_simplify__Simplify_let_cont_expr.cmti,39477
2026-07-28T18:02:55Z,a160052ab46b811cc9a9b6484c69f255fe82d9d6,6342,size_in_bytes,lib/ocaml/compiler-libs/afl_instrument.cmti,34070
2026-07-28T18:02:55Z,a160052ab46b811cc9a9b6484c69f255fe82d9d6,6342,size_in_bytes,lib/ocaml/compiler-libs/flambda2_simplify__Simplified_named.cmti,50537
2026-07-28T18:02:55Z,a160052ab46b811cc9a9b6484c69f255fe82d9d6,6342,size_in_bytes,lib/ocaml/compiler-libs/dwarf.cmti,51043
2026-07-28T18:02:55Z,a160052ab46b811cc9a9b6484c69f255fe82d9d6,6342,size_in_bytes,lib/ocaml/compiler-libs/compiler_hooks.cmti,47365
2026-07-28T18:02:55Z,a160052ab46b811cc9a9b6484c69f255fe82d9d6,6342,size_in_bytes,lib/ocaml/compiler-libs/zero_alloc_info.cmti,21768
2026-07-28T18:02:55Z,a160052ab46b811cc9a9b6484c69f255fe82d9d6,6342,size_in_bytes,lib/ocaml/compiler-libs/flambda2_simplify__Non_recursive_handler.cmti,42493
2026-07-28T18:02:55Z,a160052ab46b811cc9a9b6484c69f255fe82d9d6,6342,size_in_bytes,lib/ocaml/compiler-libs/transl_list_comprehension.cmti,20058
2026-07-28T18:02:55Z,a160052ab46b811cc9a9b6484c69f255fe82d9d6,6342,size_in_bytes,lib/ocaml/compiler-libs/stack_check.cmti,34271
2026-07-28T18:02:55Z,a160052ab46b811cc9a9b6484c69f255fe82d9d6,6342,size_in_bytes,lib/ocaml/compiler-libs/flambda2_terms__Recursive.cmti,28585
2026-07-28T18:02:55Z,a160052ab46b811cc9a9b6484c69f255fe82d9d6,6342,size_in_bytes,lib/ocaml/compiler-libs/flambda2_term_basics__Or_invalid.cmti,19384
2026-07-28T18:02:55Z,a160052ab46b811cc9a9b6484c69f255fe82d9d6,6342,size_in_bytes,lib/ocaml/compiler-libs/flambda2_simplify__Mutable_unboxing.cmti,41336
2026-07-28T18:02:55Z,a160052ab46b811cc9a9b6484c69f255fe82d9d6,6342,size_in_bytes,lib/ocaml/compiler-libs/select_utils.cmti,141257
2026-07-28T18:02:55Z,a160052ab46b811cc9a9b6484c69f255fe82d9d6,6342,size_in_bytes,lib/ocaml/compiler-libs/flambda2_datalog__Datalog.cmti,51321
2026-07-28T18:02:55Z,a160052ab46b811cc9a9b6484c69f255fe82d9d6,6342,size_in_bytes,lib/ocaml/compiler-libs/flambda2_terms__Validity.cmti,35584
2026-07-28T18:02:55Z,a160052ab46b811cc9a9b6484c69f255fe82d9d6,6342,size_in_bytes,lib/ocaml/compiler-libs/flambda2_terms__Effects_and_coeffects.cmti,35448
2026-07-28T18:02:55Z,a160052ab46b811cc9a9b6484c69f255fe82d9d6,6342,size_in_bytes,lib/ocaml/compiler-libs/arm64_binary_emitter__All_section_states.cmti,44512
2026-07-28T18:02:55Z,a160052ab46b811cc9a9b6484c69f255fe82d9d6,6342,size_in_bytes,lib/ocaml/compiler-libs/section_table.cmti,26663
2026-07-28T18:02:55Z,a160052ab46b811cc9a9b6484c69f255fe82d9d6,6342,size_in_bytes,lib/ocaml/compiler-libs/flambda2_simplify__Optimistic_unboxing_decision.cmti,34702
2026-07-28T18:02:55Z,a160052ab46b811cc9a9b6484c69f255fe82d9d6,6342,size_in_bytes,lib/ocaml/compiler-libs/flambda2_terms__Placement.cmti,31018
2026-07-28T18:02:55Z,a160052ab46b811cc9a9b6484c69f255fe82d9d6,6342,size_in_bytes,lib/ocaml/compiler-libs/printcfg.cmti,60202
2026-07-28T18:02:55Z,a160052ab46b811cc9a9b6484c69f255fe82d9d6,6342,size_in_bytes,lib/ocaml/compiler-libs/sub_cfg.cmti,59232
2026-07-28T18:02:55Z,a160052ab46b811cc9a9b6484c69f255fe82d9d6,6342,size_in_bytes,lib/ocaml/compiler-libs/language_extension.cmti,71335
2026-07-28T18:02:55Z,a160052ab46b811cc9a9b6484c69f255fe82d9d6,6342,size_in_bytes,lib/ocaml/compiler-libs/flambda2_datalog__Virtual_machine.cmti,52067
2026-07-28T18:02:55Z,a160052ab46b811cc9a9b6484c69f255fe82d9d6,6342,size_in_bytes,lib/ocaml/compiler-libs/measure_object_files.cmti,28737
2026-07-28T18:02:55Z,a160052ab46b811cc9a9b6484c69f255fe82d9d6,6342,size_in_bytes,lib/ocaml/compiler-libs/dissector_log.cmti,17084
2026-07-28T18:02:55Z,a160052ab46b811cc9a9b6484c69f255fe82d9d6,6342,size_in_bytes,lib/ocaml/compiler-libs/slambdaeval.cmti,25817
2026-07-28T18:02:55Z,a160052ab46b811cc9a9b6484c69f255fe82d9d6,6342,size_in_bytes,lib/ocaml/compiler-libs/flambda2_identifiers__Flambda_debug_uid.cmti,156921
2026-07-28T18:02:55Z,a160052ab46b811cc9a9b6484c69f255fe82d9d6,6342,size_in_bytes,lib/ocaml/compiler-libs/flambda2_simplify__Simplify_primitive_result.cmti,54151
2026-07-28T18:02:55Z,a160052ab46b811cc9a9b6484c69f255fe82d9d6,6342,size_in_bytes,lib/ocaml/compiler-libs/flambda2_kinds__Tag.cmti,395459
2026-07-28T18:02:55Z,a160052ab46b811cc9a9b6484c69f255fe82d9d6,6342,size_in_bytes,lib/ocaml/compiler-libs/flambda2_types__Typing_env.cmti,111578
2026-07-28T18:02:55Z,a160052ab46b811cc9a9b6484c69f255fe82d9d6,6342,size_in_bytes,lib/ocaml/compiler-libs/flambda2_to_jsir__To_jsir.cmti,36877
2026-07-28T18:02:55Z,a160052ab46b811cc9a9b6484c69f255fe82d9d6,6342,size_in_bytes,lib/ocaml/compiler-libs/dwarf_flags.cmti,40541
2026-07-28T18:02:55Z,a160052ab46b811cc9a9b6484c69f255fe82d9d6,6342,size_in_bytes,lib/ocaml/compiler-libs/numbers.cmti,380369
2026-07-28T18:02:55Z,a160052ab46b811cc9a9b6484c69f255fe82d9d6,6342,size_in_bytes,lib/ocaml/compiler-libs/asmlink.cmti,41510
2026-07-28T18:02:55Z,a160052ab46b811cc9a9b6484c69f255fe82d9d6,6342,size_in_bytes,lib/ocaml/compiler-libs/flambda2_types__Meet_and_join.cmti,32032
2026-07-28T18:02:55Z,a160052ab46b811cc9a9b6484c69f255fe82d9d6,6342,size_in_bytes,lib/ocaml/compiler-libs/flambda2_from_lambda__Lambda_to_flambda.cmti,36755
2026-07-28T18:02:55Z,a160052ab46b811cc9a9b6484c69f255fe82d9d6,6342,size_in_bytes,lib/ocaml/compiler-libs/instruct.cmti,71301
2026-07-28T18:02:55Z,a160052ab46b811cc9a9b6484c69f255fe82d9d6,6342,size_in_bytes,lib/ocaml/compiler-libs/bytelink.cmti,60169
2026-07-28T18:02:55Z,a160052ab46b811cc9a9b6484c69f255fe82d9d6,6342,size_in_bytes,lib/ocaml/compiler-libs/camlinternalMenhirLib.cmti,501198
2026-07-28T18:02:55Z,a160052ab46b811cc9a9b6484c69f255fe82d9d6,6342,size_in_bytes,lib/ocaml/compiler-libs/flambda2_term_basics__Scope.cmti,161107
2026-07-28T18:02:55Z,a160052ab46b811cc9a9b6484c69f255fe82d9d6,6342,size_in_bytes,lib/ocaml/compiler-libs/oxcaml_flags.cmti,147627
2026-07-28T18:02:55Z,a160052ab46b811cc9a9b6484c69f255fe82d9d6,6342,size_in_bytes,lib/ocaml/compiler-libs/available_ranges_vars.cmti,157764
2026-07-28T18:02:55Z,a160052ab46b811cc9a9b6484c69f255fe82d9d6,6342,size_in_bytes,lib/ocaml/compiler-libs/misc.cmti,730007
2026-07-28T18:02:55Z,a160052ab46b811cc9a9b6484c69f255fe82d9d6,6342,size_in_bytes,lib/ocaml/compiler-libs/flambda2_compare__Compare.cmti,34843
2026-07-28T18:02:55Z,a160052ab46b811cc9a9b6484c69f255fe82d9d6,6342,size_in_bytes,lib/ocaml/compiler-libs/flambda2_to_cmm__To_cmm_static.cmti,38903
2026-07-28T18:02:55Z,a160052ab46b811cc9a9b6484c69f255fe82d9d6,6342,size_in_bytes,lib/ocaml/compiler-libs/x86_ast.cmti,70600
2026-07-28T18:02:55Z,a160052ab46b811cc9a9b6484c69f255fe82d9d6,6342,size_in_bytes,lib/ocaml/compiler-libs/flambda2_simplify__Simplify_let_expr.cmti,38041
2026-07-28T18:02:55Z,a160052ab46b811cc9a9b6484c69f255fe82d9d6,6342,size_in_bytes,lib/ocaml/compiler-libs/flambda2_reaper__Rebuild.cmti,45623
2026-07-28T18:02:55Z,a160052ab46b811cc9a9b6484c69f255fe82d9d6,6342,size_in_bytes,lib/ocaml/compiler-libs/flambda2_types__Type_descr.cmti,62110
2026-07-28T18:02:55Z,a160052ab46b811cc9a9b6484c69f255fe82d9d6,6342,size_in_bytes,lib/ocaml/compiler-libs/mixed_product_bytes.cmti,44951
2026-07-28T18:02:55Z,a160052ab46b811cc9a9b6484c69f255fe82d9d6,6342,size_in_bytes,lib/ocaml/compiler-libs/bytesections.cmti,33005
2026-07-28T18:02:55Z,a160052ab46b811cc9a9b6484c69f255fe82d9d6,6342,size_in_bytes,lib/ocaml/compiler-libs/flambda2_types__Join_levels.cmti,31617
2026-07-28T18:02:55Z,a160052ab46b811cc9a9b6484c69f255fe82d9d6,6342,size_in_bytes,lib/ocaml/compiler-libs/typedecl_separability.cmti,34541
2026-07-28T18:02:55Z,a160052ab46b811cc9a9b6484c69f255fe82d9d6,6342,size_in_bytes,lib/ocaml/compiler-libs/flambda2_identifiers__Code_id_or_name.cmti,37640
2026-07-28T18:02:55Z,a160052ab46b811cc9a9b6484c69f255fe82d9d6,6342,size_in_bytes,lib/ocaml/compiler-libs/regalloc_split_utils.cmti,46261
2026-07-28T18:02:55Z,a160052ab46b811cc9a9b6484c69f255fe82d9d6,6342,size_in_bytes,lib/ocaml/compiler-libs/flambda2_to_cmm__To_cmm_shared.cmti,93560
2026-07-28T18:02:55Z,a160052ab46b811cc9a9b6484c69f255fe82d9d6,6342,size_in_bytes,lib/ocaml/compiler-libs/flambda2_terms__Apply_cont_expr.cmti,183145
2026-07-28T18:02:55Z,a160052ab46b811cc9a9b6484c69f255fe82d9d6,6342,size_in_bytes,lib/ocaml/compiler-libs/flambda2_simplify__Simplify_extcall.cmti,40342
2026-07-28T18:02:55Z,a160052ab46b811cc9a9b6484c69f255fe82d9d6,6342,size_in_bytes,lib/ocaml/compiler-libs/flambda2_from_lambda__Lambda_to_flambda_env.cmti,85541
2026-07-28T18:02:55Z,a160052ab46b811cc9a9b6484c69f255fe82d9d6,6342,size_in_bytes,lib/ocaml/compiler-libs/branch_relaxation.cmti,37005
2026-07-28T18:02:55Z,a160052ab46b811cc9a9b6484c69f255fe82d9d6,6342,size_in_bytes,lib/ocaml/compiler-libs/consistbl.cmti,132968
2026-07-28T18:02:55Z,a160052ab46b811cc9a9b6484c69f255fe82d9d6,6342,size_in_bytes,lib/ocaml/compiler-libs/transl_comprehension_utils.cmti,87410
2026-07-28T18:02:55Z,a160052ab46b811cc9a9b6484c69f255fe82d9d6,6342,size_in_bytes,lib/ocaml/compiler-libs/flambda2_simplify_shared__Inlining_report.cmti,114261
2026-07-28T18:02:55Z,a160052ab46b811cc9a9b6484c69f255fe82d9d6,6342,size_in_bytes,lib/ocaml/compiler-libs/flambda2_terms__Flambda_unit.cmti,45047
2026-07-28T18:02:55Z,a160052ab46b811cc9a9b6484c69f255fe82d9d6,6342,size_in_bytes,lib/ocaml/compiler-libs/flambda2_term_basics__Inlined_debuginfo.cmti,40026
2026-07-28T18:02:55Z,a160052ab46b811cc9a9b6484c69f255fe82d9d6,6342,size_in_bytes,lib/ocaml/compiler-libs/flambda2_simplify__Simplify_set_of_closures.cmti,47877
2026-07-28T18:02:55Z,a160052ab46b811cc9a9b6484c69f255fe82d9d6,6342,size_in_bytes,lib/ocaml/compiler-libs/x86_peephole_rules.cmti,19346
2026-07-28T18:02:55Z,a160052ab46b811cc9a9b6484c69f255fe82d9d6,6342,size_in_bytes,lib/ocaml/compiler-libs/flambda2_reaper__Traverse_env.cmti,49181
2026-07-28T18:02:55Z,a160052ab46b811cc9a9b6484c69f255fe82d9d6,6342,size_in_bytes,lib/ocaml/compiler-libs/ldd.cmti,31631
2026-07-28T18:02:55Z,a160052ab46b811cc9a9b6484c69f255fe82d9d6,6342,size_in_bytes,lib/ocaml/compiler-libs/shape.cmti,405844
2026-07-28T18:02:55Z,a160052ab46b811cc9a9b6484c69f255fe82d9d6,6342,size_in_bytes,lib/ocaml/compiler-libs/cmj_format.cmti,17231
2026-07-28T18:02:55Z,a160052ab46b811cc9a9b6484c69f255fe82d9d6,6342,size_in_bytes,lib/ocaml/compiler-libs/target_system.cmti,32215
2026-07-28T18:02:55Z,a160052ab46b811cc9a9b6484c69f255fe82d9d6,6342,size_in_bytes,lib/ocaml/compiler-libs/slambda.cmti,23696
2026-07-28T18:02:55Z,a160052ab46b811cc9a9b6484c69f255fe82d9d6,6342,size_in_bytes,lib/ocaml/compiler-libs/flambda2_reaper__Rebuilt_expr.cmti,48501
2026-07-28T18:02:55Z,a160052ab46b811cc9a9b6484c69f255fe82d9d6,6342,size_in_bytes,lib/ocaml/compiler-libs/outcometree.cmti,107370
2026-07-28T18:02:55Z,a160052ab46b811cc9a9b6484c69f255fe82d9d6,6342,size_in_bytes,lib/ocaml/compiler-libs/errors.cmti,13550
2026-07-28T18:02:55Z,a160052ab46b811cc9a9b6484c69f255fe82d9d6,6342,size_in_bytes,lib/ocaml/compiler-libs/type_shape.cmti,46964
2026-07-28T18:02:55Z,a160052ab46b811cc9a9b6484c69f255fe82d9d6,6342,size_in_bytes,lib/ocaml/compiler-libs/flambda2_simplify__Number_adjuncts.cmti,765466
2026-07-28T18:02:55Z,a160052ab46b811cc9a9b6484c69f255fe82d9d6,6342,size_in_bytes,lib/ocaml/compiler-libs/regalloc_stack_slots.cmti,43568
2026-07-28T18:02:55Z,a160052ab46b811cc9a9b6484c69f255fe82d9d6,6342,size_in_bytes,lib/ocaml/compiler-libs/flambda2_simplify__Rebuilt_static_const.cmti,108733
2026-07-28T18:02:55Z,a160052ab46b811cc9a9b6484c69f255fe82d9d6,6342,size_in_bytes,lib/ocaml/compiler-libs/flambda2_reaper__Types_rewriter.cmti,37942
2026-07-28T18:02:55Z,a160052ab46b811cc9a9b6484c69f255fe82d9d6,6342,size_in_bytes,lib/ocaml/compiler-libs/typeopt.cmti,52750
2026-07-28T18:02:55Z,a160052ab46b811cc9a9b6484c69f255fe82d9d6,6342,size_in_bytes,lib/ocaml/compiler-libs/compmisc.cmti,24369
2026-07-28T18:02:55Z,a160052ab46b811cc9a9b6484c69f255fe82d9d6,6342,size_in_bytes,lib/ocaml/compiler-libs/printcmm.cmti,52651
2026-07-28T18:02:55Z,a160052ab46b811cc9a9b6484c69f255fe82d9d6,6342,size_in_bytes,lib/ocaml/compiler-libs/proc.cmti,68977
2026-07-28T18:02:55Z,a160052ab46b811cc9a9b6484c69f255fe82d9d6,6342,size_in_bytes,lib/ocaml/compiler-libs/flambda2_terms__Flambda.cmti,389345
2026-07-28T18:02:55Z,a160052ab46b811cc9a9b6484c69f255fe82d9d6,6342,size_in_bytes,lib/ocaml/compiler-libs/flambda2_identifiers__Reg_width_const.cmti,71718
2026-07-28T18:02:55Z,a160052ab46b811cc9a9b6484c69f255fe82d9d6,6342,size_in_bytes,lib/ocaml/compiler-libs/format_doc.cmti,140739
2026-07-28T18:02:55Z,a160052ab46b811cc9a9b6484c69f255fe82d9d6,6342,size_in_bytes,lib/ocaml/compiler-libs/solver.cmti,48038
2026-07-28T18:02:55Z,a160052ab46b811cc9a9b6484c69f255fe82d9d6,6342,size_in_bytes,lib/ocaml/compiler-libs/jkind.cmti,479390
2026-07-28T18:02:55Z,a160052ab46b811cc9a9b6484c69f255fe82d9d6,6342,size_in_bytes,lib/ocaml/compiler-libs/flambda2_simplify__Simplify_apply_cont_expr.cmti,36824
2026-07-28T18:02:55Z,a160052ab46b811cc9a9b6484c69f255fe82d9d6,6342,size_in_bytes,lib/ocaml/compiler-libs/flambda2_simplify_shared__Slot_offsets.cmti,58428
2026-07-28T18:02:55Z,a160052ab46b811cc9a9b6484c69f255fe82d9d6,6342,size_in_bytes,lib/ocaml/compiler-libs/fdo_info.cmti,24387
2026-07-28T18:02:55Z,a160052ab46b811cc9a9b6484c69f255fe82d9d6,6342,size_in_bytes,lib/ocaml/compiler-libs/flambda2_simplify__Simplify_variadic_primitive.cmti,39035
2026-07-28T18:02:55Z,a160052ab46b811cc9a9b6484c69f255fe82d9d6,6342,size_in_bytes,lib/ocaml/compiler-libs/iplt.cmti,36483
2026-07-28T18:02:55Z,a160052ab46b811cc9a9b6484c69f255fe82d9d6,6342,size_in_bytes,lib/ocaml/compiler-libs/flambda2_lattices__Or_unknown_or_bottom.cmti,27194
2026-07-28T18:02:55Z,a160052ab46b811cc9a9b6484c69f255fe82d9d6,6342,size_in_bytes,lib/ocaml/compiler-libs/probe_emission.cmti,49384
2026-07-28T18:02:55Z,a160052ab46b811cc9a9b6484c69f255fe82d9d6,6342,size_in_bytes,lib/ocaml/compiler-libs/flambda2_term_basics__Coercion.cmti,40876
2026-07-28T18:02:55Z,a160052ab46b811cc9a9b6484c69f255fe82d9d6,6342,size_in_bytes,lib/ocaml/compiler-libs/compilation_unit.cmti,443482
2026-07-28T18:02:55Z,a160052ab46b811cc9a9b6484c69f255fe82d9d6,6342,size_in_bytes,lib/ocaml/compiler-libs/regalloc_validate.cmti,38857
2026-07-28T18:02:55Z,a160052ab46b811cc9a9b6484c69f255fe82d9d6,6342,size_in_bytes,lib/ocaml/compiler-libs/x86_dsl.cmti,95094
2026-07-28T18:02:55Z,a160052ab46b811cc9a9b6484c69f255fe82d9d6,6342,size_in_bytes,lib/ocaml/compiler-libs/axis_lattice.cmti,46574
2026-07-28T18:02:55Z,a160052ab46b811cc9a9b6484c69f255fe82d9d6,6342,size_in_bytes,lib/ocaml/compiler-libs/typetexp.cmti,85626
2026-07-28T18:02:55Z,a160052ab46b811cc9a9b6484c69f255fe82d9d6,6342,size_in_bytes,lib/ocaml/compiler-libs/instantiator.cmti,38759
2026-07-28T18:02:55Z,a160052ab46b811cc9a9b6484c69f255fe82d9d6,6342,size_in_bytes,lib/ocaml/compiler-libs/flambda2_numbers__Targetint_32_64.cmti,329154
2026-07-28T18:02:55Z,a160052ab46b811cc9a9b6484c69f255fe82d9d6,6342,size_in_bytes,lib/ocaml/compiler-libs/arm64_binary_emitter__Load_store_helpers.cmti,57569
2026-07-28T18:02:55Z,a160052ab46b811cc9a9b6484c69f255fe82d9d6,6342,size_in_bytes,lib/ocaml/compiler-libs/typedecl_variance.cmti,43413
2026-07-28T18:02:55Z,a160052ab46b811cc9a9b6484c69f255fe82d9d6,6342,size_in_bytes,lib/ocaml/compiler-libs/cfg_selectgen.cmti,37984
2026-07-28T18:02:55Z,a160052ab46b811cc9a9b6484c69f255fe82d9d6,6342,size_in_bytes,lib/ocaml/compiler-libs/dissector.cmti,33000
2026-07-28T18:02:55Z,a160052ab46b811cc9a9b6484c69f255fe82d9d6,6342,size_in_bytes,lib/ocaml/compiler-libs/file_sections.cmti,24053
2026-07-28T18:02:55Z,a160052ab46b811cc9a9b6484c69f255fe82d9d6,6342,size_in_bytes,lib/ocaml/compiler-libs/cfg_deadcode.cmti,33201
2026-07-28T18:02:55Z,a160052ab46b811cc9a9b6484c69f255fe82d9d6,6342,size_in_bytes,lib/ocaml/compiler-libs/arm64_binary_emitter__Encode_directive.cmti,25826
2026-07-28T18:02:55Z,a160052ab46b811cc9a9b6484c69f255fe82d9d6,6342,size_in_bytes,lib/ocaml/compiler-libs/flambda2.cmti,47371
2026-07-28T18:02:55Z,a160052ab46b811cc9a9b6484c69f255fe82d9d6,6342,size_in_bytes,lib/ocaml/compiler-libs/regalloc_rewrite.cmti,49016
2026-07-28T18:02:55Z,a160052ab46b811cc9a9b6484c69f255fe82d9d6,6342,size_in_bytes,lib/ocaml/compiler-libs/allowance.cmti,34660
2026-07-28T18:02:55Z,a160052ab46b811cc9a9b6484c69f255fe82d9d6,6342,size_in_bytes,lib/ocaml/compiler-libs/cmx_format.cmti,76783
2026-07-28T18:02:55Z,a160052ab46b811cc9a9b6484c69f255fe82d9d6,6342,size_in_bytes,lib/ocaml/compiler-libs/topdirs.cmti,25892
2026-07-28T18:02:55Z,a160052ab46b811cc9a9b6484c69f255fe82d9d6,6342,size_in_bytes,lib/ocaml/compiler-libs/flambda2_terms__Code.cmti,64931
2026-07-28T18:02:55Z,a160052ab46b811cc9a9b6484c69f255fe82d9d6,6342,size_in_bytes,lib/ocaml/compiler-libs/value_rec_types.cmti,14071
2026-07-28T18:02:55Z,a160052ab46b811cc9a9b6484c69f255fe82d9d6,6342,size_in_bytes,lib/ocaml/compiler-libs/zero_alloc_utils.cmti,94350
2026-07-28T18:02:55Z,a160052ab46b811cc9a9b6484c69f255fe82d9d6,6342,size_in_bytes,lib/ocaml/compiler-libs/flambda2_to_cmm__To_cmm_set_of_closures.cmti,48033
2026-07-28T18:02:55Z,a160052ab46b811cc9a9b6484c69f255fe82d9d6,6342,size_in_bytes,lib/ocaml/compiler-libs/ident.cmti,189516
2026-07-28T18:02:55Z,a160052ab46b811cc9a9b6484c69f255fe82d9d6,6342,size_in_bytes,lib/ocaml/compiler-libs/llvmize.cmti,40933
2026-07-28T18:02:55Z,a160052ab46b811cc9a9b6484c69f255fe82d9d6,6342,size_in_bytes,lib/ocaml/compiler-libs/flambda2_simplify__Simplify_primitive.cmti,37662
2026-07-28T18:02:55Z,a160052ab46b811cc9a9b6484c69f255fe82d9d6,6342,size_in_bytes,lib/ocaml/compiler-libs/asm_targets__Asm_label.cmti,159716
2026-07-28T18:02:55Z,a160052ab46b811cc9a9b6484c69f255fe82d9d6,6342,size_in_bytes,lib/ocaml/compiler-libs/binary_emitter_verify.cmti,32534
2026-07-28T18:02:55Z,a160052ab46b811cc9a9b6484c69f255fe82d9d6,6342,size_in_bytes,lib/ocaml/compiler-libs/arm64_binary_emitter__For_jit.cmti,36763
2026-07-28T18:02:55Z,a160052ab46b811cc9a9b6484c69f255fe82d9d6,6342,size_in_bytes,lib/ocaml/compiler-libs/arm64_binary_emitter__Branch_helpers.cmti,27816
2026-07-28T18:02:55Z,a160052ab46b811cc9a9b6484c69f255fe82d9d6,6342,size_in_bytes,lib/ocaml/compiler-libs/types.cmti,678166
2026-07-28T18:02:55Z,a160052ab46b811cc9a9b6484c69f255fe82d9d6,6342,size_in_bytes,lib/ocaml/compiler-libs/flambda2_simplify__Simplify_import.cmti,51683
2026-07-28T18:02:55Z,a160052ab46b811cc9a9b6484c69f255fe82d9d6,6342,size_in_bytes,lib/ocaml/compiler-libs/regalloc_split_state.cmti,42504
2026-07-28T18:02:55Z,a160052ab46b811cc9a9b6484c69f255fe82d9d6,6342,size_in_bytes,lib/ocaml/compiler-libs/stypes.cmti,24119
2026-07-28T18:02:55Z,a160052ab46b811cc9a9b6484c69f255fe82d9d6,6342,size_in_bytes,lib/ocaml/compiler-libs/flambda2_terms__Function_declarations.cmti,43105
2026-07-28T18:02:55Z,a160052ab46b811cc9a9b6484c69f255fe82d9d6,6342,size_in_bytes,lib/ocaml/compiler-libs/dwarf_compilation_unit.cmti,25284
2026-07-28T18:02:55Z,a160052ab46b811cc9a9b6484c69f255fe82d9d6,6342,size_in_bytes,lib/ocaml/compiler-libs/arm64_binary_emitter__Shift_immh_immb_helpers.cmti,19337
2026-07-28T18:02:55Z,a160052ab46b811cc9a9b6484c69f255fe82d9d6,6342,size_in_bytes,lib/ocaml/compiler-libs/flambda2_to_cmm__To_cmm_effects.cmti,47120
2026-07-28T18:02:55Z,a160052ab46b811cc9a9b6484c69f255fe82d9d6,6342,size_in_bytes,lib/ocaml/compiler-libs/flambda2_terms__Cost_metrics.cmti,43569
2026-07-28T18:02:55Z,a160052ab46b811cc9a9b6484c69f255fe82d9d6,6342,size_in_bytes,lib/ocaml/compiler-libs/linkenv.cmti,71528
2026-07-28T18:02:55Z,a160052ab46b811cc9a9b6484c69f255fe82d9d6,6342,size_in_bytes,lib/ocaml/compiler-libs/flambda2_datalog__Column.cmti,180622
2026-07-28T18:02:55Z,a160052ab46b811cc9a9b6484c69f255fe82d9d6,6342,size_in_bytes,lib/ocaml/compiler-libs/flambda2_simplify__Apply_cont_rewrite.cmti,46737
2026-07-28T18:02:55Z,a160052ab46b811cc9a9b6484c69f255fe82d9d6,6342,size_in_bytes,lib/ocaml/compiler-libs/dwarf_variables_and_parameters.cmti,42230
2026-07-28T18:02:55Z,a160052ab46b811cc9a9b6484c69f255fe82d9d6,6342,size_in_bytes,lib/ocaml/compiler-libs/flambda2_types__Aliases.cmti,62968
2026-07-28T18:02:55Z,a160052ab46b811cc9a9b6484c69f255fe82d9d6,6342,size_in_bytes,lib/ocaml/compiler-libs/linkage_name.cmti,121077
2026-07-28T18:02:55Z,a160052ab46b811cc9a9b6484c69f255fe82d9d6,6342,size_in_bytes,lib/ocaml/compiler-libs/flambda2_bound_identifiers__Bound_parameter.cmti,174728
2026-07-28T18:02:55Z,a160052ab46b811cc9a9b6484c69f255fe82d9d6,6342,size_in_bytes,lib/ocaml/compiler-libs/flambda2_terms__Result_types.cmti,36055
2026-07-28T18:02:55Z,a160052ab46b811cc9a9b6484c69f255fe82d9d6,6342,size_in_bytes,lib/ocaml/compiler-libs/flambda2_simplify__Expr_builder.cmti,83839
2026-07-28T18:02:55Z,a160052ab46b811cc9a9b6484c69f255fe82d9d6,6342,size_in_bytes,lib/ocaml/compiler-libs/flambda2_types__Meet_and_n_way_join.cmti,31752
2026-07-28T18:02:55Z,a160052ab46b811cc9a9b6484c69f255fe82d9d6,6342,size_in_bytes,lib/ocaml/compiler-libs/flambda2_types__Binding_time.cmti,167183
2026-07-28T18:02:55Z,a160052ab46b811cc9a9b6484c69f255fe82d9d6,6342,size_in_bytes,lib/ocaml/compiler-libs/printlinear.cmti,39954
2026-07-28T18:02:55Z,a160052ab46b811cc9a9b6484c69f255fe82d9d6,6342,size_in_bytes,lib/ocaml/compiler-libs/clflags.cmti,216869
2026-07-28T18:02:55Z,a160052ab46b811cc9a9b6484c69f255fe82d9d6,6342,size_in_bytes,lib/ocaml/compiler-libs/cfg_colours.cmti,23408
2026-07-28T18:02:55Z,a160052ab46b811cc9a9b6484c69f255fe82d9d6,6342,size_in_bytes,lib/ocaml/compiler-libs/flambda2_simplify__Simplify_nullary_primitive.cmti,38076
2026-07-28T18:02:55Z,a160052ab46b811cc9a9b6484c69f255fe82d9d6,6342,size_in_bytes,lib/ocaml/compiler-libs/extract_relocations.cmti,32439
2026-07-28T18:02:55Z,a160052ab46b811cc9a9b6484c69f255fe82d9d6,6342,size_in_bytes,lib/ocaml/compiler-libs/flambda2_from_lambda__Closure_conversion.cmti,72551
2026-07-28T18:02:55Z,a160052ab46b811cc9a9b6484c69f255fe82d9d6,6342,size_in_bytes,lib/ocaml/compiler-libs/flambda2_parser__Flambda_parser.cmti,83072
2026-07-28T18:02:55Z,a160052ab46b811cc9a9b6484c69f255fe82d9d6,6342,size_in_bytes,lib/ocaml/compiler-libs/flambda2_datalog__Schedule.cmti,24743
2026-07-28T18:02:55Z,a160052ab46b811cc9a9b6484c69f255fe82d9d6,6342,size_in_bytes,lib/ocaml/compiler-libs/x86_gas.cmti,18648
2026-07-28T18:02:55Z,a160052ab46b811cc9a9b6484c69f255fe82d9d6,6342,size_in_bytes,lib/ocaml/compiler-libs/flambda2_terms__Regalloc_param_attribute.cmti,31099
2026-07-28T18:02:55Z,a160052ab46b811cc9a9b6484c69f255fe82d9d6,6342,size_in_bytes,lib/ocaml/compiler-libs/cfg_quick_hash.cmti,36910
2026-07-28T18:02:55Z,a160052ab46b811cc9a9b6484c69f255fe82d9d6,6342,size_in_bytes,lib/ocaml/compiler-libs/mode.cmti,732509
2026-07-28T18:02:55Z,a160052ab46b811cc9a9b6484c69f255fe82d9d6,6342,size_in_bytes,lib/ocaml/compiler-libs/oprint.cmti,27305
2026-07-28T18:02:55Z,a160052ab46b811cc9a9b6484c69f255fe82d9d6,6342,size_in_bytes,lib/ocaml/compiler-libs/flambda2_datalog__Table.cmti,53993
2026-07-28T18:02:55Z,a160052ab46b811cc9a9b6484c69f255fe82d9d6,6342,size_in_bytes,lib/ocaml/compiler-libs/flambda2_types__Reify.cmti,49286
2026-07-28T18:02:55Z,a160052ab46b811cc9a9b6484c69f255fe82d9d6,6342,size_in_bytes,lib/ocaml/compiler-libs/cfg_reducibility.cmti,33071
2026-07-28T18:02:55Z,a160052ab46b811cc9a9b6484c69f255fe82d9d6,6342,size_in_bytes,lib/ocaml/compiler-libs/tmc.cmti,22219
2026-07-28T18:02:55Z,a160052ab46b811cc9a9b6484c69f255fe82d9d6,6342,size_in_bytes,lib/ocaml/compiler-libs/flambda2_kinds__Flambda_arity.cmti,52361
2026-07-28T18:02:55Z,a160052ab46b811cc9a9b6484c69f255fe82d9d6,6342,size_in_bytes,lib/ocaml/compiler-libs/flambda2_to_cmm__To_cmm_expr.cmti,34709
2026-07-28T18:02:55Z,a160052ab46b811cc9a9b6484c69f255fe82d9d6,6342,size_in_bytes,lib/ocaml/compiler-libs/flambda2_ui__Flambda_colours.cmti,31984
2026-07-28T18:02:55Z,a160052ab46b811cc9a9b6484c69f255fe82d9d6,6342,size_in_bytes,lib/ocaml/compiler-libs/x86_peephole_optimize.cmti,16092
2026-07-28T18:02:55Z,a160052ab46b811cc9a9b6484c69f255fe82d9d6,6342,size_in_bytes,lib/ocaml/compiler-libs/flambda2_terms__Poll_attribute.cmti,30659
2026-07-28T18:02:55Z,a160052ab46b811cc9a9b6484c69f255fe82d9d6,6342,size_in_bytes,lib/ocaml/compiler-libs/flambda2_simplify__Unboxing_types.cmti,66508
2026-07-28T18:02:55Z,a160052ab46b811cc9a9b6484c69f255fe82d9d6,6342,size_in_bytes,lib/ocaml/compiler-libs/flambda2_terms__Switch_expr.cmti,41976
2026-07-28T18:02:55Z,a160052ab46b811cc9a9b6484c69f255fe82d9d6,6342,size_in_bytes,lib/ocaml/compiler-libs/flambda2_from_lambda__Lambda_to_flambda_primitives.cmti,41462
2026-07-28T18:02:55Z,a160052ab46b811cc9a9b6484c69f255fe82d9d6,6342,size_in_bytes,lib/ocaml/compiler-libs/import_info.cmti,49318
2026-07-28T18:02:55Z,a160052ab46b811cc9a9b6484c69f255fe82d9d6,6342,size_in_bytes,lib/ocaml/compiler-libs/regalloc_irc_state.cmti,118159
2026-07-28T18:02:55Z,a160052ab46b811cc9a9b6484c69f255fe82d9d6,6342,size_in_bytes,lib/ocaml/compiler-libs/flambda2_lattices__Or_unknown.cmti,190426
2026-07-28T18:02:55Z,a160052ab46b811cc9a9b6484c69f255fe82d9d6,6342,size_in_bytes,lib/ocaml/compiler-libs/mixed_block_shape.cmti,38257
2026-07-28T18:02:55Z,a160052ab46b811cc9a9b6484c69f255fe82d9d6,6342,size_in_bytes,lib/ocaml/compiler-libs/flambda2_reaper__Traverse.cmti,49351
2026-07-28T18:02:55Z,a160052ab46b811cc9a9b6484c69f255fe82d9d6,6342,size_in_bytes,lib/ocaml/compiler-libs/linkdeps.cmti,28143
2026-07-28T18:02:55Z,a160052ab46b811cc9a9b6484c69f255fe82d9d6,6342,size_in_bytes,lib/ocaml/compiler-libs/longident.cmti,22706
2026-07-28T18:02:55Z,a160052ab46b811cc9a9b6484c69f255fe82d9d6,6342,size_in_bytes,lib/ocaml/compiler-libs/bytegen.cmti,20761
2026-07-28T18:02:55Z,a160052ab46b811cc9a9b6484c69f255fe82d9d6,6342,size_in_bytes,lib/ocaml/compiler-libs/cfg_stack_checks.cmti,34957
2026-07-28T18:02:55Z,a160052ab46b811cc9a9b6484c69f255fe82d9d6,6342,size_in_bytes,lib/ocaml/compiler-libs/datarepr.cmti,30428
2026-07-28T18:02:55Z,a160052ab46b811cc9a9b6484c69f255fe82d9d6,6342,size_in_bytes,lib/ocaml/compiler-libs/flambda2_term_basics__Simple.cmti,471567
2026-07-28T18:02:55Z,a160052ab46b811cc9a9b6484c69f255fe82d9d6,6342,size_in_bytes,lib/ocaml/compiler-libs/pparse.cmti,35541
2026-07-28T18:02:55Z,a160052ab46b811cc9a9b6484c69f255fe82d9d6,6342,size_in_bytes,lib/ocaml/compiler-libs/flambda2_numbers__One_bit_fewer.cmti,82755
2026-07-28T18:02:55Z,a160052ab46b811cc9a9b6484c69f255fe82d9d6,6342,size_in_bytes,lib/ocaml/compiler-libs/flambda2_algorithms__Or_null.cmti,22931
2026-07-28T18:02:55Z,a160052ab46b811cc9a9b6484c69f255fe82d9d6,6342,size_in_bytes,lib/ocaml/compiler-libs/flambda2_bound_identifiers__Bound_parameters.cmti,47106
2026-07-28T18:02:55Z,a160052ab46b811cc9a9b6484c69f255fe82d9d6,6342,size_in_bytes,lib/ocaml/compiler-libs/arm64_binary_emitter__Section_state.cmti,45031
2026-07-28T18:02:55Z,a160052ab46b811cc9a9b6484c69f255fe82d9d6,6342,size_in_bytes,lib/ocaml/compiler-libs/flambda2_term_basics__Or_variable.cmti,34944
2026-07-28T18:02:55Z,a160052ab46b811cc9a9b6484c69f255fe82d9d6,6342,size_in_bytes,lib/ocaml/compiler-libs/flambda2_bound_identifiers__Bound_continuation.cmti,29293
2026-07-28T18:02:55Z,a160052ab46b811cc9a9b6484c69f255fe82d9d6,6342,size_in_bytes,lib/ocaml/compiler-libs/flambda2_parser__Parse_flambda.cmti,34166
2026-07-28T18:02:55Z,a160052ab46b811cc9a9b6484c69f255fe82d9d6,6342,size_in_bytes,lib/ocaml/compiler-libs/flambda2_simplify__Are_lifting_conts.cmti,44986
2026-07-28T18:02:55Z,a160052ab46b811cc9a9b6484c69f255fe82d9d6,6342,size_in_bytes,lib/ocaml/compiler-libs/arm64_binary_emitter__Nop_helpers.cmti,13968
2026-07-28T18:02:55Z,a160052ab46b811cc9a9b6484c69f255fe82d9d6,6342,size_in_bytes,lib/ocaml/compiler-libs/flambda2_numbers__Numeric_types.cmti,1660649
2026-07-28T18:02:55Z,a160052ab46b811cc9a9b6484c69f255fe82d9d6,6342,size_in_bytes,lib/ocaml/compiler-libs/cfg_to_linear.cmti,35128
2026-07-28T18:02:55Z,a160052ab46b811cc9a9b6484c69f255fe82d9d6,6342,size_in_bytes,lib/ocaml/compiler-libs/flambda2_from_lambda__Closure_conversion_aux.cmti,247636
2026-07-28T18:02:55Z,a160052ab46b811cc9a9b6484c69f255fe82d9d6,6342,size_in_bytes,lib/ocaml/compiler-libs/flambda2_types__Code_age_relation.cmti,38389
2026-07-28T18:02:55Z,a160052ab46b811cc9a9b6484c69f255fe82d9d6,6342,size_in_bytes,lib/ocaml/compiler-libs/arm64_binary_emitter__Relocation.cmti,37320
2026-07-28T18:02:55Z,a160052ab46b811cc9a9b6484c69f255fe82d9d6,6342,size_in_bytes,lib/ocaml/compiler-libs/config.cmti,87187
2026-07-28T18:02:55Z,a160052ab46b811cc9a9b6484c69f255fe82d9d6,6342,size_in_bytes,lib/ocaml/compiler-libs/cfg_with_infos.cmti,50680
2026-07-28T18:02:55Z,a160052ab46b811cc9a9b6484c69f255fe82d9d6,6342,size_in_bytes,lib/ocaml/compiler-libs/cfg_invariants.cmti,35369
2026-07-28T18:02:55Z,a160052ab46b811cc9a9b6484c69f255fe82d9d6,6342,size_in_bytes,lib/ocaml/compiler-libs/simplify_terminator.cmti,36071
2026-07-28T18:02:55Z,a160052ab46b811cc9a9b6484c69f255fe82d9d6,6342,size_in_bytes,lib/ocaml/compiler-libs/flambda2_simplify__Reification.cmti,38667
2026-07-28T18:02:55Z,a160052ab46b811cc9a9b6484c69f255fe82d9d6,6342,size_in_bytes,lib/ocaml/compiler-libs/flambda2_identifiers__Code_id_or_symbol.cmti,35005
2026-07-28T18:02:55Z,a160052ab46b811cc9a9b6484c69f255fe82d9d6,6342,size_in_bytes,lib/ocaml/compiler-libs/flambda2_term_basics__Continuation_use_kind.cmti,15343
2026-07-28T18:02:55Z,a160052ab46b811cc9a9b6484c69f255fe82d9d6,6342,size_in_bytes,lib/ocaml/compiler-libs/flambda2_simplify__Non_constructed_code.cmti,54864
2026-07-28T18:02:55Z,a160052ab46b811cc9a9b6484c69f255fe82d9d6,6342,size_in_bytes,lib/ocaml/compiler-libs/arm64_binary_emitter__Mov_helpers.cmti,18376
2026-07-28T18:02:55Z,a160052ab46b811cc9a9b6484c69f255fe82d9d6,6342,size_in_bytes,lib/ocaml/compiler-libs/zero_alloc.cmti,30309
2026-07-28T18:02:55Z,a160052ab46b811cc9a9b6484c69f255fe82d9d6,6342,size_in_bytes,lib/ocaml/compiler-libs/flambda2_simplify__Comparison_result.cmti,31625
2026-07-28T18:02:55Z,a160052ab46b811cc9a9b6484c69f255fe82d9d6,6342,size_in_bytes,lib/ocaml/compiler-libs/flambda2_to_jsir__To_jsir_set_of_closures.cmti,35513
2026-07-28T18:02:55Z,a160052ab46b811cc9a9b6484c69f255fe82d9d6,6342,size_in_bytes,lib/ocaml/compiler-libs/translobj.cmti,28090
2026-07-28T18:02:55Z,a160052ab46b811cc9a9b6484c69f255fe82d9d6,6342,size_in_bytes,lib/ocaml/compiler-libs/typecore.cmti,181292
2026-07-28T18:02:55Z,a160052ab46b811cc9a9b6484c69f255fe82d9d6,6342,size_in_bytes,lib/ocaml/compiler-libs/flambda2_bound_identifiers__Alloc_mode.cmti,70062
2026-07-28T18:02:55Z,a160052ab46b811cc9a9b6484c69f255fe82d9d6,6342,size_in_bytes,lib/ocaml/compiler-libs/flambda2_nominal__Name_mode.cmti,290185
2026-07-28T18:02:55Z,a160052ab46b811cc9a9b6484c69f255fe82d9d6,6342,size_in_bytes,lib/ocaml/compiler-libs/compute_ranges.cmti,63976
2026-07-28T18:02:55Z,a160052ab46b811cc9a9b6484c69f255fe82d9d6,6342,size_in_bytes,lib/ocaml/compiler-libs/typemod.cmti,79369
2026-07-28T18:02:55Z,a160052ab46b811cc9a9b6484c69f255fe82d9d6,6342,size_in_bytes,lib/ocaml/compiler-libs/flambda2_identifiers__Code_id.cmti,39790
2026-07-28T18:02:55Z,a160052ab46b811cc9a9b6484c69f255fe82d9d6,6342,size_in_bytes,lib/ocaml/compiler-libs/flambda2_nominal__Permutation.cmti,23965
2026-07-28T18:02:55Z,a160052ab46b811cc9a9b6484c69f255fe82d9d6,6342,size_in_bytes,lib/ocaml/compiler-libs/dwarf_inlined_frames.cmti,41031
2026-07-28T18:02:55Z,a160052ab46b811cc9a9b6484c69f255fe82d9d6,6342,size_in_bytes,lib/ocaml/compiler-libs/compenv.cmti,50397
2026-07-28T18:02:55Z,a160052ab46b811cc9a9b6484c69f255fe82d9d6,6342,size_in_bytes,lib/ocaml/compiler-libs/flambda2_simplify_shared__Are_rebuilding_terms.cmti,19493
2026-07-28T18:02:55Z,a160052ab46b811cc9a9b6484c69f255fe82d9d6,6342,size_in_bytes,lib/ocaml/compiler-libs/arm64_binary_emitter__Csel_helpers.cmti,18240
2026-07-28T18:02:55Z,a160052ab46b811cc9a9b6484c69f255fe82d9d6,6342,size_in_bytes,lib/ocaml/compiler-libs/flambda2_term_basics__Unit.cmti,164572
2026-07-28T18:02:55Z,a160052ab46b811cc9a9b6484c69f255fe82d9d6,6342,size_in_bytes,lib/ocaml/compiler-libs/docstrings.cmti,78625
2026-07-28T18:02:55Z,a160052ab46b811cc9a9b6484c69f255fe82d9d6,6342,size_in_bytes,lib/ocaml/compiler-libs/flambda2_simplify__Rebuilt_expr.cmti,73310
2026-07-28T18:02:55Z,a160052ab46b811cc9a9b6484c69f255fe82d9d6,6342,size_in_bytes,lib/ocaml/compiler-libs/flambda2_bound_identifiers__Bound_for_function.cmti,40027
2026-07-28T18:02:55Z,a160052ab46b811cc9a9b6484c69f255fe82d9d6,6342,size_in_bytes,lib/ocaml/compiler-libs/flambda2_terms__Function_decl_inlining_decision_type.cmti,40367
2026-07-28T18:02:55Z,a160052ab46b811cc9a9b6484c69f255fe82d9d6,6342,size_in_bytes,lib/ocaml/compiler-libs/flambda2_parser__Flambda_parser_messages.cmti,14275
2026-07-28T18:02:55Z,a160052ab46b811cc9a9b6484c69f255fe82d9d6,6342,size_in_bytes,lib/ocaml/compiler-libs/flambda2_simplify__Flow_types.cmti,115199
2026-07-28T18:02:55Z,a160052ab46b811cc9a9b6484c69f255fe82d9d6,6342,size_in_bytes,lib/ocaml/compiler-libs/cfg_comballoc.cmti,32805
2026-07-28T18:02:55Z,a160052ab46b811cc9a9b6484c69f255fe82d9d6,6342,size_in_bytes,lib/ocaml/compiler-libs/flambda2_identifiers__Function_slot.cmti,172820
2026-07-28T18:02:55Z,a160052ab46b811cc9a9b6484c69f255fe82d9d6,6342,size_in_bytes,lib/ocaml/compiler-libs/syntaxerr.cmti,26068
2026-07-28T18:02:55Z,a160052ab46b811cc9a9b6484c69f255fe82d9d6,6342,size_in_bytes,lib/ocaml/compiler-libs/typeclass.cmti,68956
2026-07-28T18:02:55Z,a160052ab46b811cc9a9b6484c69f255fe82d9d6,6342,size_in_bytes,lib/ocaml/compiler-libs/ikind.cmti,40284
2026-07-28T18:02:55Z,a160052ab46b811cc9a9b6484c69f255fe82d9d6,6342,size_in_bytes,lib/ocaml/compiler-libs/compilenv.cmti,60101
2026-07-28T18:02:55Z,a160052ab46b811cc9a9b6484c69f255fe82d9d6,6342,size_in_bytes,lib/ocaml/compiler-libs/mode_intf.cmti,1479209
2026-07-28T18:02:55Z,a160052ab46b811cc9a9b6484c69f255fe82d9d6,6342,size_in_bytes,lib/ocaml/compiler-libs/lazy_backtrack.cmti,23666
2026-07-28T18:02:55Z,a160052ab46b811cc9a9b6484c69f255fe82d9d6,6342,size_in_bytes,lib/ocaml/compiler-libs/flambda2_terms__Loopify_attribute.cmti,30342
2026-07-28T18:02:55Z,a160052ab46b811cc9a9b6484c69f255fe82d9d6,6342,size_in_bytes,lib/ocaml/compiler-libs/flambda2_cmx__Flambda_cmx_format.cmti,43038
2026-07-28T18:02:55Z,a160052ab46b811cc9a9b6484c69f255fe82d9d6,6342,size_in_bytes,lib/ocaml/compiler-libs/pprintast.cmti,52732
2026-07-28T18:02:55Z,a160052ab46b811cc9a9b6484c69f255fe82d9d6,6342,size_in_bytes,lib/ocaml/compiler-libs/value_rec_compiler.cmti,21223
2026-07-28T18:02:55Z,a160052ab46b811cc9a9b6484c69f255fe82d9d6,6342,size_in_bytes,lib/ocaml/compiler-libs/cfg_simplify.cmti,32873
2026-07-28T18:02:55Z,a160052ab46b811cc9a9b6484c69f255fe82d9d6,6342,size_in_bytes,lib/ocaml/compiler-libs/dwarf_reg_locations.cmti,34404
2026-07-28T18:02:55Z,a160052ab46b811cc9a9b6484c69f255fe82d9d6,6342,size_in_bytes,lib/ocaml/compiler-libs/cfg_to_linear_desc.cmti,32710
2026-07-28T18:02:55Z,a160052ab46b811cc9a9b6484c69f255fe82d9d6,6342,size_in_bytes,lib/ocaml/compiler-libs/flambda2_terms__Probe.cmti,29567
2026-07-28T18:02:55Z,a160052ab46b811cc9a9b6484c69f255fe82d9d6,6342,size_in_bytes,lib/ocaml/compiler-libs/flambda2_simplify__Unbox_continuation_params.cmti,43113
2026-07-28T18:02:55Z,a160052ab46b811cc9a9b6484c69f255fe82d9d6,6342,size_in_bytes,lib/ocaml/compiler-libs/cfg_liveness.cmti,47688
2026-07-28T18:02:55Z,a160052ab46b811cc9a9b6484c69f255fe82d9d6,6342,size_in_bytes,lib/ocaml/compiler-libs/flambda2_terms__First_complex_local_param.cmti,30537
2026-07-28T18:02:55Z,a160052ab46b811cc9a9b6484c69f255fe82d9d6,6342,size_in_bytes,lib/ocaml/compiler-libs/stack_class.cmti,46522
2026-07-28T18:02:55Z,a160052ab46b811cc9a9b6484c69f255fe82d9d6,6342,size_in_bytes,lib/ocaml/compiler-libs/translprim.cmti,42627
2026-07-28T18:02:55Z,a160052ab46b811cc9a9b6484c69f255fe82d9d6,6342,size_in_bytes,lib/ocaml/compiler-libs/reg_availability_set.cmti,46161
2026-07-28T18:02:55Z,a160052ab46b811cc9a9b6484c69f255fe82d9d6,6342,size_in_bytes,lib/ocaml/compiler-libs/flambda2_numbers__Target_ocaml_int.cmti,335165
2026-07-28T18:02:55Z,a160052ab46b811cc9a9b6484c69f255fe82d9d6,6342,size_in_bytes,lib/ocaml/compiler-libs/printreg.cmti,45472
2026-07-28T18:02:55Z,a160052ab46b811cc9a9b6484c69f255fe82d9d6,6342,size_in_bytes,lib/ocaml/compiler-libs/doubly_linked_list.cmti,80302
2026-07-28T18:02:55Z,a160052ab46b811cc9a9b6484c69f255fe82d9d6,6342,size_in_bytes,lib/ocaml/compiler-libs/translcore.cmti,40732
2026-07-28T18:02:55Z,a160052ab46b811cc9a9b6484c69f255fe82d9d6,6342,size_in_bytes,lib/ocaml/compiler-libs/internal_assembler.cmti,19107
2026-07-28T18:02:55Z,a160052ab46b811cc9a9b6484c69f255fe82d9d6,6342,size_in_bytes,lib/ocaml/compiler-libs/value_rec_check.cmti,19090
2026-07-28T18:02:55Z,a160052ab46b811cc9a9b6484c69f255fe82d9d6,6342,size_in_bytes,lib/ocaml/compiler-libs/printlambda.cmti,39939
2026-07-28T18:02:55Z,a160052ab46b811cc9a9b6484c69f255fe82d9d6,6342,size_in_bytes,lib/ocaml/compiler-libs/flambda2_types__Typing_env_extension.cmti,66469
2026-07-28T18:02:55Z,a160052ab46b811cc9a9b6484c69f255fe82d9d6,6342,size_in_bytes,lib/ocaml/compiler-libs/linear_format.cmti,41175
2026-07-28T18:02:55Z,a160052ab46b811cc9a9b6484c69f255fe82d9d6,6342,size_in_bytes,lib/ocaml/compiler-libs/maindriver.cmti,13823
2026-07-28T18:02:55Z,a160052ab46b811cc9a9b6484c69f255fe82d9d6,6342,size_in_bytes,lib/ocaml/compiler-libs/flambda2_simplify__Flow_analysis.cmti,43820
2026-07-28T18:02:55Z,a160052ab46b811cc9a9b6484c69f255fe82d9d6,6342,size_in_bytes,lib/ocaml/compiler-libs/genprintval.cmti,52017
2026-07-28T18:02:55Z,a160052ab46b811cc9a9b6484c69f255fe82d9d6,6342,size_in_bytes,lib/ocaml/compiler-libs/flambda2_bound_identifiers__Bound_var.cmti,34785
2026-07-28T18:02:55Z,a160052ab46b811cc9a9b6484c69f255fe82d9d6,6342,size_in_bytes,lib/ocaml/compiler-libs/flambda2_algorithms__Lmap.cmti,84853
2026-07-28T18:02:55Z,a160052ab46b811cc9a9b6484c69f255fe82d9d6,6342,size_in_bytes,lib/ocaml/compiler-libs/flambda2_types__With_cached_free_names.cmti,42695
2026-07-28T18:02:55Z,a160052ab46b811cc9a9b6484c69f255fe82d9d6,6342,size_in_bytes,lib/ocaml/compiler-libs/flambda2_floats__Float32.cmti,27160
2026-07-28T18:02:55Z,a160052ab46b811cc9a9b6484c69f255fe82d9d6,6342,size_in_bytes,lib/ocaml/compiler-libs/flambda2_simplify__Simplify_binary_primitive.cmti,39784
2026-07-28T18:02:55Z,a160052ab46b811cc9a9b6484c69f255fe82d9d6,6342,size_in_bytes,lib/ocaml/compiler-libs/flambda2_simplify__Unboxers.cmti,52019
2026-07-28T18:02:55Z,a160052ab46b811cc9a9b6484c69f255fe82d9d6,6342,size_in_bytes,lib/ocaml/compiler-libs/ast_iterator.cmti,70846
2026-07-28T18:02:55Z,a160052ab46b811cc9a9b6484c69f255fe82d9d6,6342,size_in_bytes,lib/ocaml/compiler-libs/regalloc_irc_utils.cmti,56136
2026-07-28T18:02:55Z,a160052ab46b811cc9a9b6484c69f255fe82d9d6,6342,size_in_bytes,lib/ocaml/compiler-libs/flambda2_numbers__Vector_types.cmti,365104
2026-07-28T18:02:55Z,a160052ab46b811cc9a9b6484c69f255fe82d9d6,6342,size_in_bytes,lib/ocaml/compiler-libs/regalloc_ls_state.cmti,51309
2026-07-28T18:02:55Z,a160052ab46b811cc9a9b6484c69f255fe82d9d6,6342,size_in_bytes,lib/ocaml/compiler-libs/flambda2_simplify__Downwards_acc.cmti,107118
2026-07-28T18:02:55Z,a160052ab46b811cc9a9b6484c69f255fe82d9d6,6342,size_in_bytes,lib/ocaml/compiler-libs/flambda2_to_cmm__To_cmm.cmti,34474
2026-07-28T18:02:55Z,a160052ab46b811cc9a9b6484c69f255fe82d9d6,6342,size_in_bytes,lib/ocaml/compiler-libs/cfg_prologue.cmti,33894
2026-07-28T18:02:55Z,a160052ab46b811cc9a9b6484c69f255fe82d9d6,6342,size_in_bytes,lib/ocaml/compiler-libs/flambda2_types__More_type_creators.cmti,105937
2026-07-28T18:02:55Z,a160052ab46b811cc9a9b6484c69f255fe82d9d6,6342,size_in_bytes,lib/ocaml/compiler-libs/arm64_binary_emitter__Bitfield_helpers.cmti,17911
2026-07-28T18:02:55Z,a160052ab46b811cc9a9b6484c69f255fe82d9d6,6342,size_in_bytes,lib/ocaml/compiler-libs/subst.cmti,146993
2026-07-28T18:02:55Z,a160052ab46b811cc9a9b6484c69f255fe82d9d6,6342,size_in_bytes,lib/ocaml/compiler-libs/flambda2_term_basics__Rec_info_expr.cmti,44326
2026-07-28T18:02:55Z,a160052ab46b811cc9a9b6484c69f255fe82d9d6,6342,size_in_bytes,lib/ocaml/compiler-libs/flambda2_simplify__Simplify_static_const.cmti,39132
2026-07-28T18:02:55Z,a160052ab46b811cc9a9b6484c69f255fe82d9d6,6342,size_in_bytes,lib/ocaml/compiler-libs/flambda2_simplify__Is_unboxing_beneficial.cmti,32493
2026-07-28T18:02:55Z,a160052ab46b811cc9a9b6484c69f255fe82d9d6,6342,size_in_bytes,lib/ocaml/compiler-libs/flambda2_simplify__Simplify_ternary_primitive.cmti,40563
2026-07-28T18:02:55Z,a160052ab46b811cc9a9b6484c69f255fe82d9d6,6342,size_in_bytes,lib/ocaml/compiler-libs/symtable.cmti,240556
2026-07-28T18:02:55Z,a160052ab46b811cc9a9b6484c69f255fe82d9d6,6342,size_in_bytes,lib/ocaml/compiler-libs/asm_targets__Asm_section.cmti,51634
2026-07-28T18:02:55Z,a160052ab46b811cc9a9b6484c69f255fe82d9d6,6342,size_in_bytes,lib/ocaml/compiler-libs/flambda2_bound_identifiers__Bound_static.cmti,44684
2026-07-28T18:02:55Z,a160052ab46b811cc9a9b6484c69f255fe82d9d6,6342,size_in_bytes,lib/ocaml/compiler-libs/flambda2_types__Typing_env_level.cmti,50367
2026-07-28T18:02:55Z,a160052ab46b811cc9a9b6484c69f255fe82d9d6,6342,size_in_bytes,lib/ocaml/compiler-libs/arg_helper.cmti,74892
2026-07-28T18:02:55Z,a160052ab46b811cc9a9b6484c69f255fe82d9d6,6342,size_in_bytes,lib/ocaml/compiler-libs/cfg_available_regs.cmti,32735
2026-07-28T18:02:55Z,a160052ab46b811cc9a9b6484c69f255fe82d9d6,6342,size_in_bytes,lib/ocaml/compiler-libs/flambda2_types.cmti,680296
2026-07-28T18:02:55Z,a160052ab46b811cc9a9b6484c69f255fe82d9d6,6342,size_in_bytes,lib/ocaml/compiler-libs/emitaux.cmti,90580
2026-07-28T18:02:55Z,a160052ab46b811cc9a9b6484c69f255fe82d9d6,6342,size_in_bytes,lib/ocaml/compiler-libs/jkind_axis.cmti,77985
2026-07-28T18:02:55Z,a160052ab46b811cc9a9b6484c69f255fe82d9d6,6342,size_in_bytes,lib/ocaml/compiler-libs/opttoploop.cmti,96524
2026-07-28T18:02:55Z,a160052ab46b811cc9a9b6484c69f255fe82d9d6,6342,size_in_bytes,lib/ocaml/compiler-libs/flambda2_simplify__Downwards_env.cmti,151568
2026-07-28T18:02:55Z,a160052ab46b811cc9a9b6484c69f255fe82d9d6,6342,size_in_bytes,lib/ocaml/compiler-libs/parser.cmti,399274
2026-07-28T18:02:55Z,a160052ab46b811cc9a9b6484c69f255fe82d9d6,6342,size_in_bytes,lib/ocaml/compiler-libs/targetint.cmti,60860
2026-07-28T18:02:55Z,a160052ab46b811cc9a9b6484c69f255fe82d9d6,6342,size_in_bytes,lib/ocaml/compiler-libs/regs_utils.cmti,196247
2026-07-28T18:02:55Z,a160052ab46b811cc9a9b6484c69f255fe82d9d6,6342,size_in_bytes,lib/ocaml/compiler-libs/flambda2_simplify__One_recursive_handler.cmti,37097
2026-07-28T18:02:55Z,a160052ab46b811cc9a9b6484c69f255fe82d9d6,6342,size_in_bytes,lib/ocaml/compiler-libs/arm64_binary_emitter__Simd_helpers.cmti,41436
2026-07-28T18:02:55Z,a160052ab46b811cc9a9b6484c69f255fe82d9d6,6342,size_in_bytes,lib/ocaml/compiler-libs/flambda2_datalog__Cursor.cmti,78269
2026-07-28T18:02:55Z,a160052ab46b811cc9a9b6484c69f255fe82d9d6,6342,size_in_bytes,lib/ocaml/compiler-libs/flambda2_term_basics__Symbol_projection.cmti,40215
2026-07-28T18:02:55Z,a160052ab46b811cc9a9b6484c69f255fe82d9d6,6342,size_in_bytes,lib/ocaml/compiler-libs/string_table.cmti,18180
2026-07-28T18:02:55Z,a160052ab46b811cc9a9b6484c69f255fe82d9d6,6342,size_in_bytes,lib/ocaml/compiler-libs/cfg.cmti,153079
2026-07-28T18:02:55Z,a160052ab46b811cc9a9b6484c69f255fe82d9d6,6342,size_in_bytes,lib/ocaml/compiler-libs/typedecl_properties.cmti,34208
2026-07-28T18:02:55Z,a160052ab46b811cc9a9b6484c69f255fe82d9d6,6342,size_in_bytes,lib/ocaml/compiler-libs/btype.cmti,514128
2026-07-28T18:02:55Z,a160052ab46b811cc9a9b6484c69f255fe82d9d6,6342,size_in_bytes,lib/ocaml/compiler-libs/makedepend.cmti,13355
2026-07-28T18:02:55Z,a160052ab46b811cc9a9b6484c69f255fe82d9d6,6342,size_in_bytes,lib/ocaml/compiler-libs/uniqueness_analysis.cmti,31860
2026-07-28T18:02:55Z,a160052ab46b811cc9a9b6484c69f255fe82d9d6,6342,size_in_bytes,lib/ocaml/compiler-libs/errortrace.cmti,94753
2026-07-28T18:02:55Z,a160052ab46b811cc9a9b6484c69f255fe82d9d6,6342,size_in_bytes,lib/ocaml/compiler-libs/x86_proc.cmti,56046
2026-07-28T18:02:55Z,a160052ab46b811cc9a9b6484c69f255fe82d9d6,6342,size_in_bytes,lib/ocaml/compiler-libs/flambda2_terms__Inlining_arguments.cmti,38969
2026-07-28T18:02:55Z,a160052ab46b811cc9a9b6484c69f255fe82d9d6,6342,size_in_bytes,lib/ocaml/compiler-libs/instructionId.cmti,154017
2026-07-28T18:02:55Z,a160052ab46b811cc9a9b6484c69f255fe82d9d6,6342,size_in_bytes,lib/ocaml/compiler-libs/binary_emitter_helpers.cmti,19766
2026-07-28T18:02:55Z,a160052ab46b811cc9a9b6484c69f255fe82d9d6,6342,size_in_bytes,lib/ocaml/compiler-libs/asm_targets__Asm_directives.cmti,173523
2026-07-28T18:02:55Z,a160052ab46b811cc9a9b6484c69f255fe82d9d6,6342,size_in_bytes,lib/ocaml/compiler-libs/reg.cmti,251763
2026-07-28T18:02:55Z,a160052ab46b811cc9a9b6484c69f255fe82d9d6,6342,size_in_bytes,lib/ocaml/compiler-libs/typedecl.cmti,117396
2026-07-28T18:02:55Z,a160052ab46b811cc9a9b6484c69f255fe82d9d6,6342,size_in_bytes,lib/ocaml/compiler-libs/mtype.cmti,54678
2026-07-28T18:02:55Z,a160052ab46b811cc9a9b6484c69f255fe82d9d6,6342,size_in_bytes,lib/ocaml/compiler-libs/flambda2_simplify__Control_flow_graph.cmti,52502
2026-07-28T18:02:55Z,a160052ab46b811cc9a9b6484c69f255fe82d9d6,6342,size_in_bytes,lib/ocaml/compiler-libs/complex_shape.cmti,38784
2026-07-28T18:02:55Z,a160052ab46b811cc9a9b6484c69f255fe82d9d6,6342,size_in_bytes,lib/ocaml/compiler-libs/flambda2_terms__Removed_operations.cmti,37186
2026-07-28T18:02:55Z,a160052ab46b811cc9a9b6484c69f255fe82d9d6,6342,size_in_bytes,lib/ocaml/compiler-libs/generic_fns.cmti,79610
2026-07-28T18:02:55Z,a160052ab46b811cc9a9b6484c69f255fe82d9d6,6342,size_in_bytes,lib/ocaml/compiler-libs/parse.cmti,32930
2026-07-28T18:02:55Z,a160052ab46b811cc9a9b6484c69f255fe82d9d6,6342,size_in_bytes,lib/ocaml/compiler-libs/flambda2_reaper__Datalog_helpers.cmti,296629
2026-07-28T18:02:55Z,a160052ab46b811cc9a9b6484c69f255fe82d9d6,6342,size_in_bytes,lib/ocaml/compiler-libs/cmt2annot.cmti,20855
2026-07-28T18:02:55Z,a160052ab46b811cc9a9b6484c69f255fe82d9d6,6342,size_in_bytes,lib/ocaml/compiler-libs/flambda2_simplify__Lifted_constant.cmti,71826
2026-07-28T18:02:55Z,a160052ab46b811cc9a9b6484c69f255fe82d9d6,6342,size_in_bytes,lib/ocaml/compiler-libs/flambda2_identifiers__Coercion0.cmti,33907
2026-07-28T18:02:55Z,a160052ab46b811cc9a9b6484c69f255fe82d9d6,6342,size_in_bytes,lib/ocaml/compiler-libs/flambda2_reaper__Traverse_acc.cmti,118800
2026-07-28T18:02:55Z,a160052ab46b811cc9a9b6484c69f255fe82d9d6,6342,size_in_bytes,lib/ocaml/compiler-libs/partition_object_files.cmti,23501
2026-07-28T18:02:55Z,a160052ab46b811cc9a9b6484c69f255fe82d9d6,6342,size_in_bytes,lib/ocaml/compiler-libs/flambda2_term_basics__Tag_and_size.cmti,156942
2026-07-28T18:02:55Z,a160052ab46b811cc9a9b6484c69f255fe82d9d6,6342,size_in_bytes,lib/ocaml/compiler-libs/flambda2_simplify_shared__Inlining_helpers.cmti,52455
2026-07-28T18:02:55Z,a160052ab46b811cc9a9b6484c69f255fe82d9d6,6342,size_in_bytes,lib/ocaml/compiler-libs/flambda2_types__Cached_level.cmti,46485
2026-07-28T18:02:55Z,a160052ab46b811cc9a9b6484c69f255fe82d9d6,6342,size_in_bytes,lib/ocaml/compiler-libs/debug_event.cmti,38627
2026-07-28T18:02:55Z,a160052ab46b811cc9a9b6484c69f255fe82d9d6,6342,size_in_bytes,lib/ocaml/compiler-libs/primitive.cmti,68263
2026-07-28T18:02:55Z,a160052ab46b811cc9a9b6484c69f255fe82d9d6,6342,size_in_bytes,lib/ocaml/compiler-libs/flambda2_parser__Fexpr_prim_descr.cmti,142955
2026-07-28T18:02:55Z,a160052ab46b811cc9a9b6484c69f255fe82d9d6,6342,size_in_bytes,lib/ocaml/compiler-libs/scalar.cmti,171462
2026-07-28T18:02:55Z,a160052ab46b811cc9a9b6484c69f255fe82d9d6,6342,size_in_bytes,lib/ocaml/compiler-libs/typemode.cmti,42496
2026-07-28T18:02:55Z,a160052ab46b811cc9a9b6484c69f255fe82d9d6,6342,size_in_bytes,lib/ocaml/compiler-libs/flambda2_reaper__Analysis.cmti,48748
2026-07-28T18:02:55Z,a160052ab46b811cc9a9b6484c69f255fe82d9d6,6342,size_in_bytes,lib/ocaml/compiler-libs/flambda2_ui__Flambda_features.cmti,79155
2026-07-28T18:02:55Z,a160052ab46b811cc9a9b6484c69f255fe82d9d6,6342,size_in_bytes,lib/ocaml/compiler-libs/solver_intf.cmti,223752
2026-07-28T18:02:55Z,a160052ab46b811cc9a9b6484c69f255fe82d9d6,6342,size_in_bytes,lib/ocaml/compiler-libs/flambda2_simplify__Lifted_constant_state.cmti,46588
2026-07-28T18:02:55Z,a160052ab46b811cc9a9b6484c69f255fe82d9d6,6342,size_in_bytes,lib/ocaml/compiler-libs/flambda2_identifiers__Slot.cmti,183198
2026-07-28T18:02:55Z,a160052ab46b811cc9a9b6484c69f255fe82d9d6,6342,size_in_bytes,lib/ocaml/compiler-libs/opttopdirs.cmti,26647
2026-07-28T18:02:55Z,a160052ab46b811cc9a9b6484c69f255fe82d9d6,6342,size_in_bytes,lib/ocaml/compiler-libs/flambda2_simplify__Continuation_shortcut.cmti,33305
2026-07-28T18:02:55Z,a160052ab46b811cc9a9b6484c69f255fe82d9d6,6342,size_in_bytes,lib/ocaml/compiler-libs/printast.cmti,26724
2026-07-28T18:02:55Z,a160052ab46b811cc9a9b6484c69f255fe82d9d6,6342,size_in_bytes,lib/ocaml/compiler-libs/flambda2_terms__Inlined_attribute.cmti,35824
2026-07-28T18:02:55Z,a160052ab46b811cc9a9b6484c69f255fe82d9d6,6342,size_in_bytes,lib/ocaml/compiler-libs/arm64_binary_emitter__Yield_helpers.cmti,13986
2026-07-28T18:02:55Z,a160052ab46b811cc9a9b6484c69f255fe82d9d6,6342,size_in_bytes,lib/ocaml/compiler-libs/cmmgen_state.cmti,52904
2026-07-28T18:02:55Z,a160052ab46b811cc9a9b6484c69f255fe82d9d6,6342,size_in_bytes,lib/ocaml/compiler-libs/flambda2_simplify__Upwards_acc.cmti,79147
2026-07-28T18:02:55Z,a160052ab46b811cc9a9b6484c69f255fe82d9d6,6342,size_in_bytes,lib/ocaml/compiler-libs/debuginfo.cmti,74351
2026-07-28T18:02:55Z,a160052ab46b811cc9a9b6484c69f255fe82d9d6,6342,size_in_bytes,lib/ocaml/compiler-libs/location.cmti,145101
2026-07-28T18:02:55Z,a160052ab46b811cc9a9b6484c69f255fe82d9d6,6342,size_in_bytes,lib/ocaml/ocaml-jit/jit.cmti,36006
2026-07-28T18:02:55Z,a160052ab46b811cc9a9b6484c69f255fe82d9d6,6342,size_in_bytes,lib/ocaml/stdlib_beta/stdlib_beta.cmti,10806
2026-07-28T18:02:55Z,a160052ab46b811cc9a9b6484c69f255fe82d9d6,6342,size_in_bytes,lib/ocaml/str/str.cmti,68856
2026-07-28T18:02:55Z,a160052ab46b811cc9a9b6484c69f255fe82d9d6,6342,size_in_bytes,lib/ocaml/stdlib_upstream_compatible/stdlib_upstream_compatible.cmti,11833
2026-07-28T18:02:55Z,a160052ab46b811cc9a9b6484c69f255fe82d9d6,6342,size_in_bytes,lib/ocaml/stdlib_upstream_compatible/stdlib_upstream_compatible__Nativeint_u.cmti,58602
2026-07-28T18:02:55Z,a160052ab46b811cc9a9b6484c69f255fe82d9d6,6342,size_in_bytes,lib/ocaml/stdlib_upstream_compatible/stdlib_upstream_compatible__Float_u.cmti,87609
2026-07-28T18:02:55Z,a160052ab46b811cc9a9b6484c69f255fe82d9d6,6342,size_in_bytes,lib/ocaml/stdlib_upstream_compatible/stdlib_upstream_compatible__Int64_u.cmti,64253
2026-07-28T18:02:55Z,a160052ab46b811cc9a9b6484c69f255fe82d9d6,6342,size_in_bytes,lib/ocaml/stdlib_upstream_compatible/stdlib_upstream_compatible__Int32_u.cmti,55273
2026-07-28T18:02:55Z,a160052ab46b811cc9a9b6484c69f255fe82d9d6,6342,size_in_bytes,lib/ocaml/threads/event.cmti,30530
2026-07-28T18:02:55Z,a160052ab46b811cc9a9b6484c69f255fe82d9d6,6342,size_in_bytes,lib/ocaml/threads/thread.cmti,57642
2026-07-28T18:02:55Z,a160052ab46b811cc9a9b6484c69f255fe82d9d6,6342,size_in_bytes,lib/ocaml/threads/multicore.cmti,22575
2026-07-28T18:02:55Z,a160052ab46b811cc9a9b6484c69f255fe82d9d6,6342,size_in_bytes,lib/ocaml/stdlib_alpha/stdlib_alpha.cmti,11814
2026-07-28T18:02:55Z,a160052ab46b811cc9a9b6484c69f255fe82d9d6,6342,size_in_bytes,lib/ocaml/std_exit.o,4624
