timestamp,commit_hash,pr_number,kind,name,value
2026-08-26T20:15:32Z,712f87f035c6cfe581ffb290d71707e9bca5b59b,6929,size_in_bytes,bin/generate_cached_generic_functions.exe,71935432
2026-08-26T20:15:32Z,712f87f035c6cfe581ffb290d71707e9bca5b59b,6929,size_in_bytes,bin/ocamlc.opt,37978912
2026-08-26T20:15:32Z,712f87f035c6cfe581ffb290d71707e9bca5b59b,6929,size_in_bytes,bin/ocamlmktop.opt,37182120
2026-08-26T20:15:32Z,712f87f035c6cfe581ffb290d71707e9bca5b59b,6929,size_in_bytes,bin/ocamlmklib.opt,37222448
2026-08-26T20:15:32Z,712f87f035c6cfe581ffb290d71707e9bca5b59b,6929,size_in_bytes,bin/dumpobj.opt,9329600
2026-08-26T20:15:32Z,712f87f035c6cfe581ffb290d71707e9bca5b59b,6929,size_in_bytes,bin/ocamlj.opt,74429032
2026-08-26T20:15:32Z,712f87f035c6cfe581ffb290d71707e9bca5b59b,6929,size_in_bytes,bin/ocamlobjinfo.opt,61291408
2026-08-26T20:15:32Z,712f87f035c6cfe581ffb290d71707e9bca5b59b,6929,size_in_bytes,bin/ocamldoc.opt,50523120
2026-08-26T20:15:32Z,712f87f035c6cfe581ffb290d71707e9bca5b59b,6929,size_in_bytes,bin/ocamllex.opt,4930464
2026-08-26T20:15:32Z,712f87f035c6cfe581ffb290d71707e9bca5b59b,6929,size_in_bytes,bin/ocamlopt.opt,85004616
2026-08-26T20:15:32Z,712f87f035c6cfe581ffb290d71707e9bca5b59b,6929,size_in_bytes,bin/ocamldep.opt,37176992
2026-08-26T20:15:32Z,712f87f035c6cfe581ffb290d71707e9bca5b59b,6929,size_in_bytes,bin/extract_externals.opt,37280208
2026-08-26T20:15:32Z,712f87f035c6cfe581ffb290d71707e9bca5b59b,6929,size_in_bytes,lib/ocaml/libruntime_events_stubs_native.a,137472
2026-08-26T20:15:32Z,712f87f035c6cfe581ffb290d71707e9bca5b59b,6929,size_in_bytes,lib/ocaml/libcamlruni.a,5894656
2026-08-26T20:15:32Z,712f87f035c6cfe581ffb290d71707e9bca5b59b,6929,size_in_bytes,lib/ocaml/libstr_stubs_native.a,47218
2026-08-26T20:15:32Z,712f87f035c6cfe581ffb290d71707e9bca5b59b,6929,size_in_bytes,lib/ocaml/libcamlrund.a,6452100
2026-08-26T20:15:32Z,712f87f035c6cfe581ffb290d71707e9bca5b59b,6929,size_in_bytes,lib/ocaml/libasmrun.a,5881520
2026-08-26T20:15:32Z,712f87f035c6cfe581ffb290d71707e9bca5b59b,6929,size_in_bytes,lib/ocaml/libcamlrun_pic.a,5445504
2026-08-26T20:15:32Z,712f87f035c6cfe581ffb290d71707e9bca5b59b,6929,size_in_bytes,lib/ocaml/libeval_stubs.a,5060
2026-08-26T20:15:32Z,712f87f035c6cfe581ffb290d71707e9bca5b59b,6929,size_in_bytes,lib/ocaml/libthreads_stubs.a,121996
2026-08-26T20:15:32Z,712f87f035c6cfe581ffb290d71707e9bca5b59b,6929,size_in_bytes,lib/ocaml/libunix_stubs_native.a,1318212
2026-08-26T20:15:32Z,712f87f035c6cfe581ffb290d71707e9bca5b59b,6929,size_in_bytes,lib/ocaml/libasmrund.a,6373316
2026-08-26T20:15:32Z,712f87f035c6cfe581ffb290d71707e9bca5b59b,6929,size_in_bytes,lib/ocaml/stdlib.a,5687484
2026-08-26T20:15:32Z,712f87f035c6cfe581ffb290d71707e9bca5b59b,6929,size_in_bytes,lib/ocaml/libthreadsnat_stubs.a,121108
2026-08-26T20:15:32Z,712f87f035c6cfe581ffb290d71707e9bca5b59b,6929,size_in_bytes,lib/ocaml/libasmrun_pic.a,5437286
2026-08-26T20:15:32Z,712f87f035c6cfe581ffb290d71707e9bca5b59b,6929,size_in_bytes,lib/ocaml/libasmruni.a,5882344
2026-08-26T20:15:32Z,712f87f035c6cfe581ffb290d71707e9bca5b59b,6929,size_in_bytes,lib/ocaml/eval.a,49300
2026-08-26T20:15:32Z,712f87f035c6cfe581ffb290d71707e9bca5b59b,6929,size_in_bytes,lib/ocaml/libcamlrun.a,5893982
2026-08-26T20:15:32Z,712f87f035c6cfe581ffb290d71707e9bca5b59b,6929,size_in_bytes,lib/ocaml/libthreadsnat_stubs_native.a,121108
2026-08-26T20:15:32Z,712f87f035c6cfe581ffb290d71707e9bca5b59b,6929,size_in_bytes,lib/ocaml/runtime_events/runtime_events.a,49688
2026-08-26T20:15:32Z,712f87f035c6cfe581ffb290d71707e9bca5b59b,6929,size_in_bytes,lib/ocaml/runtime_events/libruntime_events_stubs.a,137472
2026-08-26T20:15:32Z,712f87f035c6cfe581ffb290d71707e9bca5b59b,6929,size_in_bytes,lib/ocaml/ocaml-jit/libjit_stubs.a,43646
2026-08-26T20:15:32Z,712f87f035c6cfe581ffb290d71707e9bca5b59b,6929,size_in_bytes,lib/ocaml/ocaml-jit/jit.a,277402
2026-08-26T20:15:32Z,712f87f035c6cfe581ffb290d71707e9bca5b59b,6929,size_in_bytes,lib/ocaml/compiler-libs/libcompiler_owee_stubs_native.a,16932
2026-08-26T20:15:32Z,712f87f035c6cfe581ffb290d71707e9bca5b59b,6929,size_in_bytes,lib/ocaml/compiler-libs/ocamlbytecomp.a,1371074
2026-08-26T20:15:32Z,712f87f035c6cfe581ffb290d71707e9bca5b59b,6929,size_in_bytes,lib/ocaml/compiler-libs/libflambda2_algorithms_stubs.a,5546
2026-08-26T20:15:32Z,712f87f035c6cfe581ffb290d71707e9bca5b59b,6929,size_in_bytes,lib/ocaml/compiler-libs/ocamlcommon.a,15287964
2026-08-26T20:15:32Z,712f87f035c6cfe581ffb290d71707e9bca5b59b,6929,size_in_bytes,lib/ocaml/compiler-libs/libflambda2_algorithms_stubs_native.a,5546
2026-08-26T20:15:32Z,712f87f035c6cfe581ffb290d71707e9bca5b59b,6929,size_in_bytes,lib/ocaml/compiler-libs/libgc_timings_stubs.a,22758
2026-08-26T20:15:32Z,712f87f035c6cfe581ffb290d71707e9bca5b59b,6929,size_in_bytes,lib/ocaml/compiler-libs/ocamloptcomp.a,79253016
2026-08-26T20:15:32Z,712f87f035c6cfe581ffb290d71707e9bca5b59b,6929,size_in_bytes,lib/ocaml/compiler-libs/libgc_timings_stubs_native.a,22758
2026-08-26T20:15:32Z,712f87f035c6cfe581ffb290d71707e9bca5b59b,6929,size_in_bytes,lib/ocaml/compiler-libs/ocamlopttoplevel.a,942142
2026-08-26T20:15:32Z,712f87f035c6cfe581ffb290d71707e9bca5b59b,6929,size_in_bytes,lib/ocaml/compiler-libs/libflambda2_floats_stubs_native.a,44246
2026-08-26T20:15:32Z,712f87f035c6cfe581ffb290d71707e9bca5b59b,6929,size_in_bytes,lib/ocaml/compiler-libs/libflambda2_floats_stubs.a,44246
2026-08-26T20:15:32Z,712f87f035c6cfe581ffb290d71707e9bca5b59b,6929,size_in_bytes,lib/ocaml/compiler-libs/ocamlfrontend.a,35040290
2026-08-26T20:15:32Z,712f87f035c6cfe581ffb290d71707e9bca5b59b,6929,size_in_bytes,lib/ocaml/compiler-libs/libcompiler_owee_stubs.a,16932
2026-08-26T20:15:32Z,712f87f035c6cfe581ffb290d71707e9bca5b59b,6929,size_in_bytes,lib/ocaml/threads/threads.a,124730
2026-08-26T20:15:32Z,712f87f035c6cfe581ffb290d71707e9bca5b59b,6929,size_in_bytes,lib/ocaml/dynlink/dynlink.a,35768696
2026-08-26T20:15:32Z,712f87f035c6cfe581ffb290d71707e9bca5b59b,6929,size_in_bytes,lib/ocaml/stdlib_beta/stdlib_beta.a,4486
2026-08-26T20:15:32Z,712f87f035c6cfe581ffb290d71707e9bca5b59b,6929,size_in_bytes,lib/ocaml/stdlib_alpha/stdlib_alpha.a,4502
2026-08-26T20:15:32Z,712f87f035c6cfe581ffb290d71707e9bca5b59b,6929,size_in_bytes,lib/ocaml/stdlib_upstream_compatible/stdlib_upstream_compatible.a,171294
2026-08-26T20:15:32Z,712f87f035c6cfe581ffb290d71707e9bca5b59b,6929,size_in_bytes,lib/ocaml/str/str.a,175352
2026-08-26T20:15:32Z,712f87f035c6cfe581ffb290d71707e9bca5b59b,6929,size_in_bytes,lib/ocaml/str/libstr_stubs.a,47218
2026-08-26T20:15:32Z,712f87f035c6cfe581ffb290d71707e9bca5b59b,6929,size_in_bytes,lib/ocaml/stdlib_stable/stdlib_stable.a,433756
2026-08-26T20:15:32Z,712f87f035c6cfe581ffb290d71707e9bca5b59b,6929,size_in_bytes,lib/ocaml/unix/libunix_stubs.a,1318212
2026-08-26T20:15:32Z,712f87f035c6cfe581ffb290d71707e9bca5b59b,6929,size_in_bytes,lib/ocaml/unix/unix.a,322190
2026-08-26T20:15:32Z,712f87f035c6cfe581ffb290d71707e9bca5b59b,6929,size_in_bytes,lib/ocaml/eval.cmxa,12566
2026-08-26T20:15:32Z,712f87f035c6cfe581ffb290d71707e9bca5b59b,6929,size_in_bytes,lib/ocaml/stdlib.cmxa,17822
2026-08-26T20:15:32Z,712f87f035c6cfe581ffb290d71707e9bca5b59b,6929,size_in_bytes,lib/ocaml/runtime_events/runtime_events.cmxa,1255
2026-08-26T20:15:32Z,712f87f035c6cfe581ffb290d71707e9bca5b59b,6929,size_in_bytes,lib/ocaml/ocaml-jit/jit.cmxa,16901
2026-08-26T20:15:32Z,712f87f035c6cfe581ffb290d71707e9bca5b59b,6929,size_in_bytes,lib/ocaml/compiler-libs/ocamlfrontend.cmxa,25384
2026-08-26T20:15:32Z,712f87f035c6cfe581ffb290d71707e9bca5b59b,6929,size_in_bytes,lib/ocaml/compiler-libs/ocamlbytecomp.cmxa,9623
2026-08-26T20:15:32Z,712f87f035c6cfe581ffb290d71707e9bca5b59b,6929,size_in_bytes,lib/ocaml/compiler-libs/ocamlcommon.cmxa,12414
2026-08-26T20:15:32Z,712f87f035c6cfe581ffb290d71707e9bca5b59b,6929,size_in_bytes,lib/ocaml/compiler-libs/ocamlopttoplevel.cmxa,20124
2026-08-26T20:15:32Z,712f87f035c6cfe581ffb290d71707e9bca5b59b,6929,size_in_bytes,lib/ocaml/compiler-libs/ocamloptcomp.cmxa,200306
2026-08-26T20:15:32Z,712f87f035c6cfe581ffb290d71707e9bca5b59b,6929,size_in_bytes,lib/ocaml/threads/threads.cmxa,2223
2026-08-26T20:15:32Z,712f87f035c6cfe581ffb290d71707e9bca5b59b,6929,size_in_bytes,lib/ocaml/dynlink/dynlink.cmxa,26380
2026-08-26T20:15:32Z,712f87f035c6cfe581ffb290d71707e9bca5b59b,6929,size_in_bytes,lib/ocaml/stdlib_beta/stdlib_beta.cmxa,232
2026-08-26T20:15:32Z,712f87f035c6cfe581ffb290d71707e9bca5b59b,6929,size_in_bytes,lib/ocaml/stdlib_alpha/stdlib_alpha.cmxa,234
2026-08-26T20:15:32Z,712f87f035c6cfe581ffb290d71707e9bca5b59b,6929,size_in_bytes,lib/ocaml/stdlib_upstream_compatible/stdlib_upstream_compatible.cmxa,1441
2026-08-26T20:15:32Z,712f87f035c6cfe581ffb290d71707e9bca5b59b,6929,size_in_bytes,lib/ocaml/str/str.cmxa,1126
2026-08-26T20:15:32Z,712f87f035c6cfe581ffb290d71707e9bca5b59b,6929,size_in_bytes,lib/ocaml/stdlib_stable/stdlib_stable.cmxa,3958
2026-08-26T20:15:32Z,712f87f035c6cfe581ffb290d71707e9bca5b59b,6929,size_in_bytes,lib/ocaml/unix/unix.cmxa,4534
2026-08-26T20:15:32Z,712f87f035c6cfe581ffb290d71707e9bca5b59b,6929,size_in_bytes,lib/ocaml/eval.cma,57318
2026-08-26T20:15:32Z,712f87f035c6cfe581ffb290d71707e9bca5b59b,6929,size_in_bytes,lib/ocaml/stdlib.cma,12089701
2026-08-26T20:15:32Z,712f87f035c6cfe581ffb290d71707e9bca5b59b,6929,size_in_bytes,lib/ocaml/runtime_events/runtime_events.cma,79491
2026-08-26T20:15:32Z,712f87f035c6cfe581ffb290d71707e9bca5b59b,6929,size_in_bytes,lib/ocaml/ocaml-jit/jit.cma,758973
2026-08-26T20:15:32Z,712f87f035c6cfe581ffb290d71707e9bca5b59b,6929,size_in_bytes,lib/ocaml/compiler-libs/ocamlbytecomp.cma,1657328
2026-08-26T20:15:32Z,712f87f035c6cfe581ffb290d71707e9bca5b59b,6929,size_in_bytes,lib/ocaml/compiler-libs/ocamloptcomp.cma,97127051
2026-08-26T20:15:32Z,712f87f035c6cfe581ffb290d71707e9bca5b59b,6929,size_in_bytes,lib/ocaml/compiler-libs/ocamlfrontend.cma,51401159
2026-08-26T20:15:32Z,712f87f035c6cfe581ffb290d71707e9bca5b59b,6929,size_in_bytes,lib/ocaml/compiler-libs/ocamlcommon.cma,42934289
2026-08-26T20:15:32Z,712f87f035c6cfe581ffb290d71707e9bca5b59b,6929,size_in_bytes,lib/ocaml/compiler-libs/ocamltoplevel.cma,1090431
2026-08-26T20:15:32Z,712f87f035c6cfe581ffb290d71707e9bca5b59b,6929,size_in_bytes,lib/ocaml/threads/threads.cma,180900
2026-08-26T20:15:32Z,712f87f035c6cfe581ffb290d71707e9bca5b59b,6929,size_in_bytes,lib/ocaml/dynlink/dynlink.cma,67823797
2026-08-26T20:15:32Z,712f87f035c6cfe581ffb290d71707e9bca5b59b,6929,size_in_bytes,lib/ocaml/stdlib_beta/stdlib_beta.cma,11434
2026-08-26T20:15:32Z,712f87f035c6cfe581ffb290d71707e9bca5b59b,6929,size_in_bytes,lib/ocaml/stdlib_alpha/stdlib_alpha.cma,11442
2026-08-26T20:15:32Z,712f87f035c6cfe581ffb290d71707e9bca5b59b,6929,size_in_bytes,lib/ocaml/stdlib_upstream_compatible/stdlib_upstream_compatible.cma,265230
2026-08-26T20:15:32Z,712f87f035c6cfe581ffb290d71707e9bca5b59b,6929,size_in_bytes,lib/ocaml/str/str.cma,297688
2026-08-26T20:15:32Z,712f87f035c6cfe581ffb290d71707e9bca5b59b,6929,size_in_bytes,lib/ocaml/stdlib_stable/stdlib_stable.cma,933739
2026-08-26T20:15:32Z,712f87f035c6cfe581ffb290d71707e9bca5b59b,6929,size_in_bytes,lib/ocaml/unix/unix.cma,429345
2026-08-26T20:15:32Z,712f87f035c6cfe581ffb290d71707e9bca5b59b,6929,size_in_bytes,lib/ocaml/std_exit.cmi,223
2026-08-26T20:15:32Z,712f87f035c6cfe581ffb290d71707e9bca5b59b,6929,size_in_bytes,lib/ocaml/stdlib__Stack.cmi,5897
2026-08-26T20:15:32Z,712f87f035c6cfe581ffb290d71707e9bca5b59b,6929,size_in_bytes,lib/ocaml/compiler_owee.cmi,2379
2026-08-26T20:15:32Z,712f87f035c6cfe581ffb290d71707e9bca5b59b,6929,size_in_bytes,lib/ocaml/stdlib__Effect.cmi,33900
2026-08-26T20:15:32Z,712f87f035c6cfe581ffb290d71707e9bca5b59b,6929,size_in_bytes,lib/ocaml/stdlib__Random.cmi,11614
2026-08-26T20:15:32Z,712f87f035c6cfe581ffb290d71707e9bca5b59b,6929,size_in_bytes,lib/ocaml/stdlib__Int64.cmi,12738
2026-08-26T20:15:32Z,712f87f035c6cfe581ffb290d71707e9bca5b59b,6929,size_in_bytes,lib/ocaml/stdlib__Seq.cmi,28708
2026-08-26T20:15:32Z,712f87f035c6cfe581ffb290d71707e9bca5b59b,6929,size_in_bytes,lib/ocaml/stdlib__Repr.cmi,2037
2026-08-26T20:15:32Z,712f87f035c6cfe581ffb290d71707e9bca5b59b,6929,size_in_bytes,lib/ocaml/stdlib__Oo.cmi,1586
2026-08-26T20:15:32Z,712f87f035c6cfe581ffb290d71707e9bca5b59b,6929,size_in_bytes,lib/ocaml/stdlib__Sys.cmi,21299
2026-08-26T20:15:32Z,712f87f035c6cfe581ffb290d71707e9bca5b59b,6929,size_in_bytes,lib/ocaml/stdlib__Float.cmi,66811
2026-08-26T20:15:32Z,712f87f035c6cfe581ffb290d71707e9bca5b59b,6929,size_in_bytes,lib/ocaml/stdlib__ListLabels.cmi,34164
2026-08-26T20:15:32Z,712f87f035c6cfe581ffb290d71707e9bca5b59b,6929,size_in_bytes,lib/ocaml/stdlib__Semaphore.cmi,2678
2026-08-26T20:15:32Z,712f87f035c6cfe581ffb290d71707e9bca5b59b,6929,size_in_bytes,lib/ocaml/compiler_owee__Owee_archive.cmi,2976
2026-08-26T20:15:32Z,712f87f035c6cfe581ffb290d71707e9bca5b59b,6929,size_in_bytes,lib/ocaml/compiler_owee__Owee_form.cmi,2130
2026-08-26T20:15:32Z,712f87f035c6cfe581ffb290d71707e9bca5b59b,6929,size_in_bytes,lib/ocaml/stdlib__Result.cmi,12629
2026-08-26T20:15:32Z,712f87f035c6cfe581ffb290d71707e9bca5b59b,6929,size_in_bytes,lib/ocaml/compiler_owee__Owee_buf.cmi,12219
2026-08-26T20:15:32Z,712f87f035c6cfe581ffb290d71707e9bca5b59b,6929,size_in_bytes,lib/ocaml/stdlib__Printf.cmi,6608
2026-08-26T20:15:32Z,712f87f035c6cfe581ffb290d71707e9bca5b59b,6929,size_in_bytes,lib/ocaml/stdlib__Hashtbl.cmi,71077
2026-08-26T20:15:32Z,712f87f035c6cfe581ffb290d71707e9bca5b59b,6929,size_in_bytes,lib/ocaml/compiler_owee__Owee_object.cmi,4356
2026-08-26T20:15:32Z,712f87f035c6cfe581ffb290d71707e9bca5b59b,6929,size_in_bytes,lib/ocaml/compiler_owee__Owee_linux_maps.cmi,3078
2026-08-26T20:15:32Z,712f87f035c6cfe581ffb290d71707e9bca5b59b,6929,size_in_bytes,lib/ocaml/stdlib__Atomic.cmi,11664
2026-08-26T20:15:32Z,712f87f035c6cfe581ffb290d71707e9bca5b59b,6929,size_in_bytes,lib/ocaml/stdlib__Condition.cmi,1376
2026-08-26T20:15:32Z,712f87f035c6cfe581ffb290d71707e9bca5b59b,6929,size_in_bytes,lib/ocaml/stdlib__Quote.cmi,3424
2026-08-26T20:15:32Z,712f87f035c6cfe581ffb290d71707e9bca5b59b,6929,size_in_bytes,lib/ocaml/opttopdirs.cmi,4176
2026-08-26T20:15:32Z,712f87f035c6cfe581ffb290d71707e9bca5b59b,6929,size_in_bytes,lib/ocaml/stdlib__Pqueue.cmi,47861
2026-08-26T20:15:32Z,712f87f035c6cfe581ffb290d71707e9bca5b59b,6929,size_in_bytes,lib/ocaml/stdlib__MoreLabels.cmi,181820
2026-08-26T20:15:32Z,712f87f035c6cfe581ffb290d71707e9bca5b59b,6929,size_in_bytes,lib/ocaml/stdlib__Buffer.cmi,13430
2026-08-26T20:15:32Z,712f87f035c6cfe581ffb290d71707e9bca5b59b,6929,size_in_bytes,lib/ocaml/stdlib__Queue.cmi,7184
2026-08-26T20:15:32Z,712f87f035c6cfe581ffb290d71707e9bca5b59b,6929,size_in_bytes,lib/ocaml/camlinternalMod.cmi,1621
2026-08-26T20:15:32Z,712f87f035c6cfe581ffb290d71707e9bca5b59b,6929,size_in_bytes,lib/ocaml/stdlib__Bytes.cmi,35784
2026-08-26T20:15:32Z,712f87f035c6cfe581ffb290d71707e9bca5b59b,6929,size_in_bytes,lib/ocaml/stdlib__Bigarray.cmi,59878
2026-08-26T20:15:32Z,712f87f035c6cfe581ffb290d71707e9bca5b59b,6929,size_in_bytes,lib/ocaml/stdlib__Ephemeron.cmi,117872
2026-08-26T20:15:32Z,712f87f035c6cfe581ffb290d71707e9bca5b59b,6929,size_in_bytes,lib/ocaml/camlinternalFormatBasics.cmi,40750
2026-08-26T20:15:32Z,712f87f035c6cfe581ffb290d71707e9bca5b59b,6929,size_in_bytes,lib/ocaml/stdlib__Printexc.cmi,12654
2026-08-26T20:15:32Z,712f87f035c6cfe581ffb290d71707e9bca5b59b,6929,size_in_bytes,lib/ocaml/stdlib__Bool.cmi,3897
2026-08-26T20:15:32Z,712f87f035c6cfe581ffb290d71707e9bca5b59b,6929,size_in_bytes,lib/ocaml/topdirs.cmi,4786
2026-08-26T20:15:32Z,712f87f035c6cfe581ffb290d71707e9bca5b59b,6929,size_in_bytes,lib/ocaml/stdlib__Lazy.cmi,2842
2026-08-26T20:15:32Z,712f87f035c6cfe581ffb290d71707e9bca5b59b,6929,size_in_bytes,lib/ocaml/stdlib__Iarray.cmi,19881
2026-08-26T20:15:32Z,712f87f035c6cfe581ffb290d71707e9bca5b59b,6929,size_in_bytes,lib/ocaml/stdlib__Int.cmi,8056
2026-08-26T20:15:32Z,712f87f035c6cfe581ffb290d71707e9bca5b59b,6929,size_in_bytes,lib/ocaml/stdlib__Parsing.cmi,6412
2026-08-26T20:15:32Z,712f87f035c6cfe581ffb290d71707e9bca5b59b,6929,size_in_bytes,lib/ocaml/stdlib__Digest.cmi,22655
2026-08-26T20:15:32Z,712f87f035c6cfe581ffb290d71707e9bca5b59b,6929,size_in_bytes,lib/ocaml/compiler_owee__Owee_marker.cmi,10882
2026-08-26T20:15:32Z,712f87f035c6cfe581ffb290d71707e9bca5b59b,6929,size_in_bytes,lib/ocaml/stdlib__BytesLabels.cmi,36001
2026-08-26T20:15:32Z,712f87f035c6cfe581ffb290d71707e9bca5b59b,6929,size_in_bytes,lib/ocaml/compiler_owee__Unix_intf.cmi,6278
2026-08-26T20:15:32Z,712f87f035c6cfe581ffb290d71707e9bca5b59b,6929,size_in_bytes,lib/ocaml/camlinternalQuote.cmi,69858
2026-08-26T20:15:32Z,712f87f035c6cfe581ffb290d71707e9bca5b59b,6929,size_in_bytes,lib/ocaml/stdlib__Complex.cmi,4328
2026-08-26T20:15:32Z,712f87f035c6cfe581ffb290d71707e9bca5b59b,6929,size_in_bytes,lib/ocaml/camlinternalComprehension.cmi,2875
2026-08-26T20:15:32Z,712f87f035c6cfe581ffb290d71707e9bca5b59b,6929,size_in_bytes,lib/ocaml/compiler_owee__Owee_elf.cmi,23660
2026-08-26T20:15:32Z,712f87f035c6cfe581ffb290d71707e9bca5b59b,6929,size_in_bytes,lib/ocaml/compiler_owee__Owee_traverse.cmi,2479
2026-08-26T20:15:32Z,712f87f035c6cfe581ffb290d71707e9bca5b59b,6929,size_in_bytes,lib/ocaml/stdlib__Weak.cmi,12854
2026-08-26T20:15:32Z,712f87f035c6cfe581ffb290d71707e9bca5b59b,6929,size_in_bytes,lib/ocaml/stdlib__Uchar.cmi,6212
2026-08-26T20:15:32Z,712f87f035c6cfe581ffb290d71707e9bca5b59b,6929,size_in_bytes,lib/ocaml/stdlib__Domain.cmi,15257
2026-08-26T20:15:32Z,712f87f035c6cfe581ffb290d71707e9bca5b59b,6929,size_in_bytes,lib/ocaml/stdlib__StdLabels.cmi,544
2026-08-26T20:15:32Z,712f87f035c6cfe581ffb290d71707e9bca5b59b,6929,size_in_bytes,lib/ocaml/eval.cmi,527
2026-08-26T20:15:32Z,712f87f035c6cfe581ffb290d71707e9bca5b59b,6929,size_in_bytes,lib/ocaml/compiler_owee__Owee_interval_map.cmi,2834
2026-08-26T20:15:32Z,712f87f035c6cfe581ffb290d71707e9bca5b59b,6929,size_in_bytes,lib/ocaml/compiler_owee__Owee_debug_line.cmi,4543
2026-08-26T20:15:32Z,712f87f035c6cfe581ffb290d71707e9bca5b59b,6929,size_in_bytes,lib/ocaml/stdlib__Dynarray.cmi,24433
2026-08-26T20:15:32Z,712f87f035c6cfe581ffb290d71707e9bca5b59b,6929,size_in_bytes,lib/ocaml/stdlib__Modes.cmi,3415
2026-08-26T20:15:32Z,712f87f035c6cfe581ffb290d71707e9bca5b59b,6929,size_in_bytes,lib/ocaml/camlinternalLazy.cmi,1423
2026-08-26T20:15:32Z,712f87f035c6cfe581ffb290d71707e9bca5b59b,6929,size_in_bytes,lib/ocaml/stdlib__List.cmi,33998
2026-08-26T20:15:32Z,712f87f035c6cfe581ffb290d71707e9bca5b59b,6929,size_in_bytes,lib/ocaml/gc_timings.cmi,896
2026-08-26T20:15:32Z,712f87f035c6cfe581ffb290d71707e9bca5b59b,6929,size_in_bytes,lib/ocaml/stdlib__Filename.cmi,6478
2026-08-26T20:15:32Z,712f87f035c6cfe581ffb290d71707e9bca5b59b,6929,size_in_bytes,lib/ocaml/compiler_owee__Owee_elf_notes.cmi,4802
2026-08-26T20:15:32Z,712f87f035c6cfe581ffb290d71707e9bca5b59b,6929,size_in_bytes,lib/ocaml/stdlib__Unit.cmi,1222
2026-08-26T20:15:32Z,712f87f035c6cfe581ffb290d71707e9bca5b59b,6929,size_in_bytes,lib/ocaml/camlinternalOO.cmi,16530
2026-08-26T20:15:32Z,712f87f035c6cfe581ffb290d71707e9bca5b59b,6929,size_in_bytes,lib/ocaml/stdlib__StringLabels.cmi,25007
2026-08-26T20:15:32Z,712f87f035c6cfe581ffb290d71707e9bca5b59b,6929,size_in_bytes,lib/ocaml/stdlib__Backoff.cmi,1743
2026-08-26T20:15:32Z,712f87f035c6cfe581ffb290d71707e9bca5b59b,6929,size_in_bytes,lib/ocaml/stdlib__Scanf.cmi,9811
2026-08-26T20:15:32Z,712f87f035c6cfe581ffb290d71707e9bca5b59b,6929,size_in_bytes,lib/ocaml/stdlib__ArrayLabels.cmi,27950
2026-08-26T20:15:32Z,712f87f035c6cfe581ffb290d71707e9bca5b59b,6929,size_in_bytes,lib/ocaml/stdlib__Fun.cmi,3099
2026-08-26T20:15:32Z,712f87f035c6cfe581ffb290d71707e9bca5b59b,6929,size_in_bytes,lib/ocaml/stdlib__In_channel.cmi,10014
2026-08-26T20:15:32Z,712f87f035c6cfe581ffb290d71707e9bca5b59b,6929,size_in_bytes,lib/ocaml/stdlib__String.cmi,24882
2026-08-26T20:15:32Z,712f87f035c6cfe581ffb290d71707e9bca5b59b,6929,size_in_bytes,lib/ocaml/stdlib__Arg.cmi,10189
2026-08-26T20:15:32Z,712f87f035c6cfe581ffb290d71707e9bca5b59b,6929,size_in_bytes,lib/ocaml/stdlib__Char.cmi,7307
2026-08-26T20:15:32Z,712f87f035c6cfe581ffb290d71707e9bca5b59b,6929,size_in_bytes,lib/ocaml/stdlib__Out_channel.cmi,9491
2026-08-26T20:15:32Z,712f87f035c6cfe581ffb290d71707e9bca5b59b,6929,size_in_bytes,lib/ocaml/stdlib__Callback.cmi,2144
2026-08-26T20:15:32Z,712f87f035c6cfe581ffb290d71707e9bca5b59b,6929,size_in_bytes,lib/ocaml/compiler_owee__Owee_elf_relocation.cmi,9972
2026-08-26T20:15:32Z,712f87f035c6cfe581ffb290d71707e9bca5b59b,6929,size_in_bytes,lib/ocaml/stdlib__Type.cmi,1963
2026-08-26T20:15:32Z,712f87f035c6cfe581ffb290d71707e9bca5b59b,6929,size_in_bytes,lib/ocaml/stdlib__Marshal.cmi,4377
2026-08-26T20:15:32Z,712f87f035c6cfe581ffb290d71707e9bca5b59b,6929,size_in_bytes,lib/ocaml/stdlib.cmi,71190
2026-08-26T20:15:32Z,712f87f035c6cfe581ffb290d71707e9bca5b59b,6929,size_in_bytes,lib/ocaml/stdlib__Lexing.cmi,10480
2026-08-26T20:15:32Z,712f87f035c6cfe581ffb290d71707e9bca5b59b,6929,size_in_bytes,lib/ocaml/stdlib__Dynamic.cmi,1641
2026-08-26T20:15:32Z,712f87f035c6cfe581ffb290d71707e9bca5b59b,6929,size_in_bytes,lib/ocaml/stdlib__Set.cmi,43055
2026-08-26T20:15:32Z,712f87f035c6cfe581ffb290d71707e9bca5b59b,6929,size_in_bytes,lib/ocaml/compiler_owee__Owee_location.cmi,2674
2026-08-26T20:15:32Z,712f87f035c6cfe581ffb290d71707e9bca5b59b,6929,size_in_bytes,lib/ocaml/stdlib__Map.cmi,61305
2026-08-26T20:15:32Z,712f87f035c6cfe581ffb290d71707e9bca5b59b,6929,size_in_bytes,lib/ocaml/stdlib__Mutex.cmi,1670
2026-08-26T20:15:32Z,712f87f035c6cfe581ffb290d71707e9bca5b59b,6929,size_in_bytes,lib/ocaml/stdlib__Either.cmi,8603
2026-08-26T20:15:32Z,712f87f035c6cfe581ffb290d71707e9bca5b59b,6929,size_in_bytes,lib/ocaml/camlinternalAtomic.cmi,2914
2026-08-26T20:15:32Z,712f87f035c6cfe581ffb290d71707e9bca5b59b,6929,size_in_bytes,lib/ocaml/stdlib__Array.cmi,27764
2026-08-26T20:15:32Z,712f87f035c6cfe581ffb290d71707e9bca5b59b,6929,size_in_bytes,lib/ocaml/stdlib__Gc.cmi,18597
2026-08-26T20:15:32Z,712f87f035c6cfe581ffb290d71707e9bca5b59b,6929,size_in_bytes,lib/ocaml/stdlib__Int32.cmi,11538
2026-08-26T20:15:32Z,712f87f035c6cfe581ffb290d71707e9bca5b59b,6929,size_in_bytes,lib/ocaml/stdlib__Option.cmi,6774
2026-08-26T20:15:32Z,712f87f035c6cfe581ffb290d71707e9bca5b59b,6929,size_in_bytes,lib/ocaml/camlinternalFormat.cmi,14653
2026-08-26T20:15:32Z,712f87f035c6cfe581ffb290d71707e9bca5b59b,6929,size_in_bytes,lib/ocaml/stdlib__Format.cmi,63182
2026-08-26T20:15:32Z,712f87f035c6cfe581ffb290d71707e9bca5b59b,6929,size_in_bytes,lib/ocaml/stdlib__Pair.cmi,6033
2026-08-26T20:15:32Z,712f87f035c6cfe581ffb290d71707e9bca5b59b,6929,size_in_bytes,lib/ocaml/stdlib__Nativeint.cmi,11570
2026-08-26T20:15:32Z,712f87f035c6cfe581ffb290d71707e9bca5b59b,6929,size_in_bytes,lib/ocaml/compiler_owee__Owee_macho.cmi,23924
2026-08-26T20:15:32Z,712f87f035c6cfe581ffb290d71707e9bca5b59b,6929,size_in_bytes,lib/ocaml/compiler_owee__Owee_elf_string_table.cmi,1431
2026-08-26T20:15:32Z,712f87f035c6cfe581ffb290d71707e9bca5b59b,6929,size_in_bytes,lib/ocaml/compiler_owee__Owee_graph.cmi,44083
2026-08-26T20:15:32Z,712f87f035c6cfe581ffb290d71707e9bca5b59b,6929,size_in_bytes,lib/ocaml/stdlib__Obj.cmi,17594
2026-08-26T20:15:32Z,712f87f035c6cfe581ffb290d71707e9bca5b59b,6929,size_in_bytes,lib/ocaml/runtime_events/runtime_events.cmi,17035
2026-08-26T20:15:32Z,712f87f035c6cfe581ffb290d71707e9bca5b59b,6929,size_in_bytes,lib/ocaml/ocaml-jit/jit.cmi,5399
2026-08-26T20:15:32Z,712f87f035c6cfe581ffb290d71707e9bca5b59b,6929,size_in_bytes,lib/ocaml/compiler-libs/optlink.cmi,14763
2026-08-26T20:15:32Z,712f87f035c6cfe581ffb290d71707e9bca5b59b,6929,size_in_bytes,lib/ocaml/compiler-libs/arm64_binary_emitter__Add_sub_helpers.cmi,6664
2026-08-26T20:15:32Z,712f87f035c6cfe581ffb290d71707e9bca5b59b,6929,size_in_bytes,lib/ocaml/compiler-libs/asm_targets__Asm_symbol.cmi,60543
2026-08-26T20:15:32Z,712f87f035c6cfe581ffb290d71707e9bca5b59b,6929,size_in_bytes,lib/ocaml/compiler-libs/dwarf_low__Aranges_table.cmi,2394
2026-08-26T20:15:32Z,712f87f035c6cfe581ffb290d71707e9bca5b59b,6929,size_in_bytes,lib/ocaml/compiler-libs/dwarf_high__Operator_builder.cmi,6757
2026-08-26T20:15:32Z,712f87f035c6cfe581ffb290d71707e9bca5b59b,6929,size_in_bytes,lib/ocaml/compiler-libs/typeclass.cmi,19304
2026-08-26T20:15:32Z,712f87f035c6cfe581ffb290d71707e9bca5b59b,6929,size_in_bytes,lib/ocaml/compiler-libs/jkind.cmi,119501
2026-08-26T20:15:32Z,712f87f035c6cfe581ffb290d71707e9bca5b59b,6929,size_in_bytes,lib/ocaml/compiler-libs/arm64_binary_emitter__Adr_helpers.cmi,1860
2026-08-26T20:15:32Z,712f87f035c6cfe581ffb290d71707e9bca5b59b,6929,size_in_bytes,lib/ocaml/compiler-libs/flambda2_types__Code_age_relation.cmi,9202
2026-08-26T20:15:32Z,712f87f035c6cfe581ffb290d71707e9bca5b59b,6929,size_in_bytes,lib/ocaml/compiler-libs/shape.cmi,130346
2026-08-26T20:15:32Z,712f87f035c6cfe581ffb290d71707e9bca5b59b,6929,size_in_bytes,lib/ocaml/compiler-libs/flambda2_to_cmm__To_cmm_primitive.cmi,11063
2026-08-26T20:15:32Z,712f87f035c6cfe581ffb290d71707e9bca5b59b,6929,size_in_bytes,lib/ocaml/compiler-libs/flambda2_simplify__Continuation_uses_env_intf.cmi,12257
2026-08-26T20:15:32Z,712f87f035c6cfe581ffb290d71707e9bca5b59b,6929,size_in_bytes,lib/ocaml/compiler-libs/maindriver.cmi,810
2026-08-26T20:15:32Z,712f87f035c6cfe581ffb290d71707e9bca5b59b,6929,size_in_bytes,lib/ocaml/compiler-libs/includemod.cmi,65739
2026-08-26T20:15:32Z,712f87f035c6cfe581ffb290d71707e9bca5b59b,6929,size_in_bytes,lib/ocaml/compiler-libs/dwarf_low__Child_determination.cmi,2159
2026-08-26T20:15:32Z,712f87f035c6cfe581ffb290d71707e9bca5b59b,6929,size_in_bytes,lib/ocaml/compiler-libs/flambda2_nominal__Ids_for_export.cmi,11013
2026-08-26T20:15:32Z,712f87f035c6cfe581ffb290d71707e9bca5b59b,6929,size_in_bytes,lib/ocaml/compiler-libs/flambda2_nominal__Contains_ids.cmi,4913
2026-08-26T20:15:32Z,712f87f035c6cfe581ffb290d71707e9bca5b59b,6929,size_in_bytes,lib/ocaml/compiler-libs/translcore.cmi,9917
2026-08-26T20:15:32Z,712f87f035c6cfe581ffb290d71707e9bca5b59b,6929,size_in_bytes,lib/ocaml/compiler-libs/flambda2_bound_identifiers__Bound_parameters.cmi,12808
2026-08-26T20:15:32Z,712f87f035c6cfe581ffb290d71707e9bca5b59b,6929,size_in_bytes,lib/ocaml/compiler-libs/flambda2_identifiers__Slot.cmi,79267
2026-08-26T20:15:32Z,712f87f035c6cfe581ffb290d71707e9bca5b59b,6929,size_in_bytes,lib/ocaml/compiler-libs/generic_fns.cmi,27630
2026-08-26T20:15:32Z,712f87f035c6cfe581ffb290d71707e9bca5b59b,6929,size_in_bytes,lib/ocaml/compiler-libs/flambda2_datalog__Column.cmi,65139
2026-08-26T20:15:32Z,712f87f035c6cfe581ffb290d71707e9bca5b59b,6929,size_in_bytes,lib/ocaml/compiler-libs/flambda2_simplify__Rebuilt_expr.cmi,21058
2026-08-26T20:15:32Z,712f87f035c6cfe581ffb290d71707e9bca5b59b,6929,size_in_bytes,lib/ocaml/compiler-libs/flambda2_reaper__Rebuilt_expr.cmi,14083
2026-08-26T20:15:32Z,712f87f035c6cfe581ffb290d71707e9bca5b59b,6929,size_in_bytes,lib/ocaml/compiler-libs/flambda2_simplify__Simplify_let_cont_expr.cmi,12111
2026-08-26T20:15:32Z,712f87f035c6cfe581ffb290d71707e9bca5b59b,6929,size_in_bytes,lib/ocaml/compiler-libs/asm_targets__Asm_directives_dwarf.cmi,741
2026-08-26T20:15:32Z,712f87f035c6cfe581ffb290d71707e9bca5b59b,6929,size_in_bytes,lib/ocaml/compiler-libs/topstart.cmi,223
2026-08-26T20:15:32Z,712f87f035c6cfe581ffb290d71707e9bca5b59b,6929,size_in_bytes,lib/ocaml/compiler-libs/flambda2_terms.cmi,5808
2026-08-26T20:15:32Z,712f87f035c6cfe581ffb290d71707e9bca5b59b,6929,size_in_bytes,lib/ocaml/compiler-libs/flambda2_terms__Probe.cmi,7414
2026-08-26T20:15:32Z,712f87f035c6cfe581ffb290d71707e9bca5b59b,6929,size_in_bytes,lib/ocaml/compiler-libs/flambda2_simplify__Number_adjuncts.cmi,390462
2026-08-26T20:15:32Z,712f87f035c6cfe581ffb290d71707e9bca5b59b,6929,size_in_bytes,lib/ocaml/compiler-libs/dwarf_low__Debugging_information_entry.cmi,4729
2026-08-26T20:15:32Z,712f87f035c6cfe581ffb290d71707e9bca5b59b,6929,size_in_bytes,lib/ocaml/compiler-libs/compile.cmi,6268
2026-08-26T20:15:32Z,712f87f035c6cfe581ffb290d71707e9bca5b59b,6929,size_in_bytes,lib/ocaml/compiler-libs/flambda2_simplify__Expr_builder.cmi,24664
2026-08-26T20:15:32Z,712f87f035c6cfe581ffb290d71707e9bca5b59b,6929,size_in_bytes,lib/ocaml/compiler-libs/flambda2_identifiers__Code_id_or_symbol.cmi,7627
2026-08-26T20:15:32Z,712f87f035c6cfe581ffb290d71707e9bca5b59b,6929,size_in_bytes,lib/ocaml/compiler-libs/flambda2_bound_identifiers__Alloc_mode.cmi,17513
2026-08-26T20:15:32Z,712f87f035c6cfe581ffb290d71707e9bca5b59b,6929,size_in_bytes,lib/ocaml/compiler-libs/flambda2_numbers.cmi,1046
2026-08-26T20:15:32Z,712f87f035c6cfe581ffb290d71707e9bca5b59b,6929,size_in_bytes,lib/ocaml/compiler-libs/branch_relaxation.cmi,10780
2026-08-26T20:15:32Z,712f87f035c6cfe581ffb290d71707e9bca5b59b,6929,size_in_bytes,lib/ocaml/compiler-libs/flambda2_term_basics__Continuation_use_kind.cmi,1001
2026-08-26T20:15:32Z,712f87f035c6cfe581ffb290d71707e9bca5b59b,6929,size_in_bytes,lib/ocaml/compiler-libs/flambda2_terms__Effects.cmi,7875
2026-08-26T20:15:32Z,712f87f035c6cfe581ffb290d71707e9bca5b59b,6929,size_in_bytes,lib/ocaml/compiler-libs/flambda2_terms__Code_or_metadata.cmi,15358
2026-08-26T20:15:32Z,712f87f035c6cfe581ffb290d71707e9bca5b59b,6929,size_in_bytes,lib/ocaml/compiler-libs/flambda2_types__Meet_and_join.cmi,8049
2026-08-26T20:15:32Z,712f87f035c6cfe581ffb290d71707e9bca5b59b,6929,size_in_bytes,lib/ocaml/compiler-libs/slambda.cmi,3485
2026-08-26T20:15:32Z,712f87f035c6cfe581ffb290d71707e9bca5b59b,6929,size_in_bytes,lib/ocaml/compiler-libs/flambda2_from_lambda__Closure_conversion.cmi,20515
2026-08-26T20:15:32Z,712f87f035c6cfe581ffb290d71707e9bca5b59b,6929,size_in_bytes,lib/ocaml/compiler-libs/global_module.cmi,170470
2026-08-26T20:15:32Z,712f87f035c6cfe581ffb290d71707e9bca5b59b,6929,size_in_bytes,lib/ocaml/compiler-libs/regalloc_validate.cmi,12203
2026-08-26T20:15:32Z,712f87f035c6cfe581ffb290d71707e9bca5b59b,6929,size_in_bytes,lib/ocaml/compiler-libs/compmisc.cmi,4854
2026-08-26T20:15:32Z,712f87f035c6cfe581ffb290d71707e9bca5b59b,6929,size_in_bytes,lib/ocaml/compiler-libs/backend_var.cmi,23005
2026-08-26T20:15:32Z,712f87f035c6cfe581ffb290d71707e9bca5b59b,6929,size_in_bytes,lib/ocaml/compiler-libs/signature_group.cmi,11475
2026-08-26T20:15:32Z,712f87f035c6cfe581ffb290d71707e9bca5b59b,6929,size_in_bytes,lib/ocaml/compiler-libs/flambda2_simplify__Simplify_unary_primitive.cmi,11898
2026-08-26T20:15:32Z,712f87f035c6cfe581ffb290d71707e9bca5b59b,6929,size_in_bytes,lib/ocaml/compiler-libs/parsetree.cmi,82378
2026-08-26T20:15:32Z,712f87f035c6cfe581ffb290d71707e9bca5b59b,6929,size_in_bytes,lib/ocaml/compiler-libs/flambda2_classic_mode_types.cmi,463
2026-08-26T20:15:32Z,712f87f035c6cfe581ffb290d71707e9bca5b59b,6929,size_in_bytes,lib/ocaml/compiler-libs/ldd.cmi,7854
2026-08-26T20:15:32Z,712f87f035c6cfe581ffb290d71707e9bca5b59b,6929,size_in_bytes,lib/ocaml/compiler-libs/flambda2_reaper__Analysis.cmi,14010
2026-08-26T20:15:32Z,712f87f035c6cfe581ffb290d71707e9bca5b59b,6929,size_in_bytes,lib/ocaml/compiler-libs/linker_script.cmi,1498
2026-08-26T20:15:32Z,712f87f035c6cfe581ffb290d71707e9bca5b59b,6929,size_in_bytes,lib/ocaml/compiler-libs/dwarf_low__Composite_location_description.cmi,2420
2026-08-26T20:15:32Z,712f87f035c6cfe581ffb290d71707e9bca5b59b,6929,size_in_bytes,lib/ocaml/compiler-libs/flambda2_types__Set_of_closures_contents.cmi,176055
2026-08-26T20:15:32Z,712f87f035c6cfe581ffb290d71707e9bca5b59b,6929,size_in_bytes,lib/ocaml/compiler-libs/amd64_simd_defs.cmi,20288
2026-08-26T20:15:32Z,712f87f035c6cfe581ffb290d71707e9bca5b59b,6929,size_in_bytes,lib/ocaml/compiler-libs/flambda2_reaper__Traverse_env.cmi,12594
2026-08-26T20:15:32Z,712f87f035c6cfe581ffb290d71707e9bca5b59b,6929,size_in_bytes,lib/ocaml/compiler-libs/simplify_terminator.cmi,10579
2026-08-26T20:15:32Z,712f87f035c6cfe581ffb290d71707e9bca5b59b,6929,size_in_bytes,lib/ocaml/compiler-libs/dwarf_low__Dwarf_4_entry_sorting.cmi,1176
2026-08-26T20:15:32Z,712f87f035c6cfe581ffb290d71707e9bca5b59b,6929,size_in_bytes,lib/ocaml/compiler-libs/regalloc_gi_utils.cmi,26705
2026-08-26T20:15:32Z,712f87f035c6cfe581ffb290d71707e9bca5b59b,6929,size_in_bytes,lib/ocaml/compiler-libs/cfg.cmi,48946
2026-08-26T20:15:32Z,712f87f035c6cfe581ffb290d71707e9bca5b59b,6929,size_in_bytes,lib/ocaml/compiler-libs/dll.cmi,3309
2026-08-26T20:15:32Z,712f87f035c6cfe581ffb290d71707e9bca5b59b,6929,size_in_bytes,lib/ocaml/compiler-libs/peephole_utils.cmi,14811
2026-08-26T20:15:32Z,712f87f035c6cfe581ffb290d71707e9bca5b59b,6929,size_in_bytes,lib/ocaml/compiler-libs/ctype.cmi,105294
2026-08-26T20:15:32Z,712f87f035c6cfe581ffb290d71707e9bca5b59b,6929,size_in_bytes,lib/ocaml/compiler-libs/pparse.cmi,7483
2026-08-26T20:15:32Z,712f87f035c6cfe581ffb290d71707e9bca5b59b,6929,size_in_bytes,lib/ocaml/compiler-libs/flambda2_reaper__Reaper.cmi,10066
2026-08-26T20:15:32Z,712f87f035c6cfe581ffb290d71707e9bca5b59b,6929,size_in_bytes,lib/ocaml/compiler-libs/cfg_simplify.cmi,10368
2026-08-26T20:15:32Z,712f87f035c6cfe581ffb290d71707e9bca5b59b,6929,size_in_bytes,lib/ocaml/compiler-libs/value_rec_types.cmi,507
2026-08-26T20:15:32Z,712f87f035c6cfe581ffb290d71707e9bca5b59b,6929,size_in_bytes,lib/ocaml/compiler-libs/debug_event.cmi,9434
2026-08-26T20:15:32Z,712f87f035c6cfe581ffb290d71707e9bca5b59b,6929,size_in_bytes,lib/ocaml/compiler-libs/dwarf_high.cmi,1028
2026-08-26T20:15:32Z,712f87f035c6cfe581ffb290d71707e9bca5b59b,6929,size_in_bytes,lib/ocaml/compiler-libs/binary_emitter_verify.cmi,4776
2026-08-26T20:15:32Z,712f87f035c6cfe581ffb290d71707e9bca5b59b,6929,size_in_bytes,lib/ocaml/compiler-libs/stack_class.cmi,16889
2026-08-26T20:15:32Z,712f87f035c6cfe581ffb290d71707e9bca5b59b,6929,size_in_bytes,lib/ocaml/compiler-libs/flambda2_terms__Flambda_primitive.cmi,184116
2026-08-26T20:15:32Z,712f87f035c6cfe581ffb290d71707e9bca5b59b,6929,size_in_bytes,lib/ocaml/compiler-libs/file_sections.cmi,3563
2026-08-26T20:15:32Z,712f87f035c6cfe581ffb290d71707e9bca5b59b,6929,size_in_bytes,lib/ocaml/compiler-libs/cfg_available_regs.cmi,10392
2026-08-26T20:15:32Z,712f87f035c6cfe581ffb290d71707e9bca5b59b,6929,size_in_bytes,lib/ocaml/compiler-libs/genprintval.cmi,15055
2026-08-26T20:15:32Z,712f87f035c6cfe581ffb290d71707e9bca5b59b,6929,size_in_bytes,lib/ocaml/compiler-libs/flambda2_numbers__Vector_types.cmi,244765
2026-08-26T20:15:32Z,712f87f035c6cfe581ffb290d71707e9bca5b59b,6929,size_in_bytes,lib/ocaml/compiler-libs/simd_selection.cmi,31640
2026-08-26T20:15:32Z,712f87f035c6cfe581ffb290d71707e9bca5b59b,6929,size_in_bytes,lib/ocaml/compiler-libs/rewrite_sections.cmi,2278
2026-08-26T20:15:32Z,712f87f035c6cfe581ffb290d71707e9bca5b59b,6929,size_in_bytes,lib/ocaml/compiler-libs/flambda2_types__Typing_env_extension.cmi,20278
2026-08-26T20:15:32Z,712f87f035c6cfe581ffb290d71707e9bca5b59b,6929,size_in_bytes,lib/ocaml/compiler-libs/flambda2_term_basics__Coercion.cmi,9740
2026-08-26T20:15:32Z,712f87f035c6cfe581ffb290d71707e9bca5b59b,6929,size_in_bytes,lib/ocaml/compiler-libs/flambda2_identifiers__Coercion0.cmi,7516
2026-08-26T20:15:32Z,712f87f035c6cfe581ffb290d71707e9bca5b59b,6929,size_in_bytes,lib/ocaml/compiler-libs/flambda2_simplify_shared__Are_rebuilding_terms.cmi,2105
2026-08-26T20:15:32Z,712f87f035c6cfe581ffb290d71707e9bca5b59b,6929,size_in_bytes,lib/ocaml/compiler-libs/local_store.cmi,2140
2026-08-26T20:15:32Z,712f87f035c6cfe581ffb290d71707e9bca5b59b,6929,size_in_bytes,lib/ocaml/compiler-libs/ast_iterator.cmi,18496
2026-08-26T20:15:32Z,712f87f035c6cfe581ffb290d71707e9bca5b59b,6929,size_in_bytes,lib/ocaml/compiler-libs/flambda2_simplify__Simplify_let_expr.cmi,11769
2026-08-26T20:15:32Z,712f87f035c6cfe581ffb290d71707e9bca5b59b,6929,size_in_bytes,lib/ocaml/compiler-libs/jit_backend.cmi,21862
2026-08-26T20:15:32Z,712f87f035c6cfe581ffb290d71707e9bca5b59b,6929,size_in_bytes,lib/ocaml/compiler-libs/flambda2_from_lambda.cmi,1499
2026-08-26T20:15:32Z,712f87f035c6cfe581ffb290d71707e9bca5b59b,6929,size_in_bytes,lib/ocaml/compiler-libs/flambda2_simplify__Apply_cont_rewrite.cmi,13164
2026-08-26T20:15:32Z,712f87f035c6cfe581ffb290d71707e9bca5b59b,6929,size_in_bytes,lib/ocaml/compiler-libs/typecore.cmi,52113
2026-08-26T20:15:32Z,712f87f035c6cfe581ffb290d71707e9bca5b59b,6929,size_in_bytes,lib/ocaml/compiler-libs/label.cmi,54830
2026-08-26T20:15:32Z,712f87f035c6cfe581ffb290d71707e9bca5b59b,6929,size_in_bytes,lib/ocaml/compiler-libs/unit_info.cmi,13339
2026-08-26T20:15:32Z,712f87f035c6cfe581ffb290d71707e9bca5b59b,6929,size_in_bytes,lib/ocaml/compiler-libs/cfg_intf.cmi,20286
2026-08-26T20:15:32Z,712f87f035c6cfe581ffb290d71707e9bca5b59b,6929,size_in_bytes,lib/ocaml/compiler-libs/flambda2_simplify_shared.cmi,1494
2026-08-26T20:15:32Z,712f87f035c6cfe581ffb290d71707e9bca5b59b,6929,size_in_bytes,lib/ocaml/compiler-libs/flambda2_identifiers__Symbol.cmi,9011
2026-08-26T20:15:32Z,712f87f035c6cfe581ffb290d71707e9bca5b59b,6929,size_in_bytes,lib/ocaml/compiler-libs/transl_array_comprehension.cmi,3784
2026-08-26T20:15:32Z,712f87f035c6cfe581ffb290d71707e9bca5b59b,6929,size_in_bytes,lib/ocaml/compiler-libs/flambda2_algorithms__Table_by_int_id.cmi,5113
2026-08-26T20:15:32Z,712f87f035c6cfe581ffb290d71707e9bca5b59b,6929,size_in_bytes,lib/ocaml/compiler-libs/regalloc_split_utils.cmi,14463
2026-08-26T20:15:32Z,712f87f035c6cfe581ffb290d71707e9bca5b59b,6929,size_in_bytes,lib/ocaml/compiler-libs/flambda2_classic_mode_types__Value_approximation.cmi,8027
2026-08-26T20:15:32Z,712f87f035c6cfe581ffb290d71707e9bca5b59b,6929,size_in_bytes,lib/ocaml/compiler-libs/zero_alloc_info.cmi,2831
2026-08-26T20:15:32Z,712f87f035c6cfe581ffb290d71707e9bca5b59b,6929,size_in_bytes,lib/ocaml/compiler-libs/blambda.cmi,16963
2026-08-26T20:15:32Z,712f87f035c6cfe581ffb290d71707e9bca5b59b,6929,size_in_bytes,lib/ocaml/compiler-libs/symbol.cmi,55662
2026-08-26T20:15:32Z,712f87f035c6cfe581ffb290d71707e9bca5b59b,6929,size_in_bytes,lib/ocaml/compiler-libs/language_extension_kernel.cmi,2253
2026-08-26T20:15:32Z,712f87f035c6cfe581ffb290d71707e9bca5b59b,6929,size_in_bytes,lib/ocaml/compiler-libs/zero_alloc_checker.cmi,15651
2026-08-26T20:15:32Z,712f87f035c6cfe581ffb290d71707e9bca5b59b,6929,size_in_bytes,lib/ocaml/compiler-libs/flambda2_simplify__Downwards_acc.cmi,32115
2026-08-26T20:15:32Z,712f87f035c6cfe581ffb290d71707e9bca5b59b,6929,size_in_bytes,lib/ocaml/compiler-libs/arm64_binary_emitter__Branch_helpers.cmi,5224
2026-08-26T20:15:32Z,712f87f035c6cfe581ffb290d71707e9bca5b59b,6929,size_in_bytes,lib/ocaml/compiler-libs/cmt_format.cmi,12374
2026-08-26T20:15:32Z,712f87f035c6cfe581ffb290d71707e9bca5b59b,6929,size_in_bytes,lib/ocaml/compiler-libs/is_parameter.cmi,53311
2026-08-26T20:15:32Z,712f87f035c6cfe581ffb290d71707e9bca5b59b,6929,size_in_bytes,lib/ocaml/compiler-libs/flambda2_simplify__Simplify_simple.cmi,12843
2026-08-26T20:15:32Z,712f87f035c6cfe581ffb290d71707e9bca5b59b,6929,size_in_bytes,lib/ocaml/compiler-libs/arm64_binary_emitter__For_jit.cmi,9499
2026-08-26T20:15:32Z,712f87f035c6cfe581ffb290d71707e9bca5b59b,6929,size_in_bytes,lib/ocaml/compiler-libs/x86_ast_utils.cmi,4837
2026-08-26T20:15:32Z,712f87f035c6cfe581ffb290d71707e9bca5b59b,6929,size_in_bytes,lib/ocaml/compiler-libs/regalloc_gi_state.cmi,14578
2026-08-26T20:15:32Z,712f87f035c6cfe581ffb290d71707e9bca5b59b,6929,size_in_bytes,lib/ocaml/compiler-libs/flambda2_simplify__Build_unboxing_denv.cmi,10393
2026-08-26T20:15:32Z,712f87f035c6cfe581ffb290d71707e9bca5b59b,6929,size_in_bytes,lib/ocaml/compiler-libs/oxcaml_args.cmi,223159
2026-08-26T20:15:32Z,712f87f035c6cfe581ffb290d71707e9bca5b59b,6929,size_in_bytes,lib/ocaml/compiler-libs/flambda2_simplify__Simplify_variadic_primitive.cmi,11884
2026-08-26T20:15:32Z,712f87f035c6cfe581ffb290d71707e9bca5b59b,6929,size_in_bytes,lib/ocaml/compiler-libs/flambda2_ui__Flambda_features.cmi,20765
2026-08-26T20:15:32Z,712f87f035c6cfe581ffb290d71707e9bca5b59b,6929,size_in_bytes,lib/ocaml/compiler-libs/data_types.cmi,11223
2026-08-26T20:15:32Z,712f87f035c6cfe581ffb290d71707e9bca5b59b,6929,size_in_bytes,lib/ocaml/compiler-libs/proc.cmi,19158
2026-08-26T20:15:32Z,712f87f035c6cfe581ffb290d71707e9bca5b59b,6929,size_in_bytes,lib/ocaml/compiler-libs/flambda2_reaper.cmi,2260
2026-08-26T20:15:32Z,712f87f035c6cfe581ffb290d71707e9bca5b59b,6929,size_in_bytes,lib/ocaml/compiler-libs/flambda2_simplify.cmi,12435
2026-08-26T20:15:32Z,712f87f035c6cfe581ffb290d71707e9bca5b59b,6929,size_in_bytes,lib/ocaml/compiler-libs/flambda2_identifiers__Value_slot.cmi,78750
2026-08-26T20:15:32Z,712f87f035c6cfe581ffb290d71707e9bca5b59b,6929,size_in_bytes,lib/ocaml/compiler-libs/cfg_format.cmi,12252
2026-08-26T20:15:32Z,712f87f035c6cfe581ffb290d71707e9bca5b59b,6929,size_in_bytes,lib/ocaml/compiler-libs/dwarf_low__Debug_info_section.cmi,3387
2026-08-26T20:15:32Z,712f87f035c6cfe581ffb290d71707e9bca5b59b,6929,size_in_bytes,lib/ocaml/compiler-libs/flambda2_simplify__Simplified_named.cmi,14545
2026-08-26T20:15:32Z,712f87f035c6cfe581ffb290d71707e9bca5b59b,6929,size_in_bytes,lib/ocaml/compiler-libs/annot.cmi,1645
2026-08-26T20:15:32Z,712f87f035c6cfe581ffb290d71707e9bca5b59b,6929,size_in_bytes,lib/ocaml/compiler-libs/flambda2_bound_identifiers__Bound_static.cmi,10867
2026-08-26T20:15:32Z,712f87f035c6cfe581ffb290d71707e9bca5b59b,6929,size_in_bytes,lib/ocaml/compiler-libs/cfg_loop_infos.cmi,14521
2026-08-26T20:15:32Z,712f87f035c6cfe581ffb290d71707e9bca5b59b,6929,size_in_bytes,lib/ocaml/compiler-libs/flambda2_datalog__Table.cmi,11662
2026-08-26T20:15:32Z,712f87f035c6cfe581ffb290d71707e9bca5b59b,6929,size_in_bytes,lib/ocaml/compiler-libs/printcmm.cmi,15427
2026-08-26T20:15:32Z,712f87f035c6cfe581ffb290d71707e9bca5b59b,6929,size_in_bytes,lib/ocaml/compiler-libs/opttopdirs.cmi,4176
2026-08-26T20:15:32Z,712f87f035c6cfe581ffb290d71707e9bca5b59b,6929,size_in_bytes,lib/ocaml/compiler-libs/flambda2_simplify__Rebuilt_static_const.cmi,31674
2026-08-26T20:15:32Z,712f87f035c6cfe581ffb290d71707e9bca5b59b,6929,size_in_bytes,lib/ocaml/compiler-libs/flambda2_to_jsir.cmi,1228
2026-08-26T20:15:32Z,712f87f035c6cfe581ffb290d71707e9bca5b59b,6929,size_in_bytes,lib/ocaml/compiler-libs/flambda2_terms__Inlining_arguments.cmi,10472
2026-08-26T20:15:32Z,712f87f035c6cfe581ffb290d71707e9bca5b59b,6929,size_in_bytes,lib/ocaml/compiler-libs/flambda2_numbers__Targetint_32_64.cmi,124686
2026-08-26T20:15:32Z,712f87f035c6cfe581ffb290d71707e9bca5b59b,6929,size_in_bytes,lib/ocaml/compiler-libs/linear.cmi,24273
2026-08-26T20:15:32Z,712f87f035c6cfe581ffb290d71707e9bca5b59b,6929,size_in_bytes,lib/ocaml/compiler-libs/flambda2_cmx.cmi,600
2026-08-26T20:15:32Z,712f87f035c6cfe581ffb290d71707e9bca5b59b,6929,size_in_bytes,lib/ocaml/compiler-libs/flambda2_simplify__Unbox_continuation_params.cmi,12906
2026-08-26T20:15:32Z,712f87f035c6cfe581ffb290d71707e9bca5b59b,6929,size_in_bytes,lib/ocaml/compiler-libs/partition.cmi,3782
2026-08-26T20:15:32Z,712f87f035c6cfe581ffb290d71707e9bca5b59b,6929,size_in_bytes,lib/ocaml/compiler-libs/flambda2_simplify_shared__Call_site_inlining_decision_type.cmi,11147
2026-08-26T20:15:32Z,712f87f035c6cfe581ffb290d71707e9bca5b59b,6929,size_in_bytes,lib/ocaml/compiler-libs/flambda2_simplify__Simplify_primitive_result.cmi,16946
2026-08-26T20:15:32Z,712f87f035c6cfe581ffb290d71707e9bca5b59b,6929,size_in_bytes,lib/ocaml/compiler-libs/flambda2_to_cmm__To_cmm_shared.cmi,25001
2026-08-26T20:15:32Z,712f87f035c6cfe581ffb290d71707e9bca5b59b,6929,size_in_bytes,lib/ocaml/compiler-libs/lru.cmi,4436
2026-08-26T20:15:32Z,712f87f035c6cfe581ffb290d71707e9bca5b59b,6929,size_in_bytes,lib/ocaml/compiler-libs/flambda2_simplify__Simplify_expr.cmi,11557
2026-08-26T20:15:32Z,712f87f035c6cfe581ffb290d71707e9bca5b59b,6929,size_in_bytes,lib/ocaml/compiler-libs/flambda2_simplify__Flow_types.cmi,38874
2026-08-26T20:15:32Z,712f87f035c6cfe581ffb290d71707e9bca5b59b,6929,size_in_bytes,lib/ocaml/compiler-libs/cfg_edge.cmi,35195
2026-08-26T20:15:32Z,712f87f035c6cfe581ffb290d71707e9bca5b59b,6929,size_in_bytes,lib/ocaml/compiler-libs/builtin_attributes.cmi,22038
2026-08-26T20:15:32Z,712f87f035c6cfe581ffb290d71707e9bca5b59b,6929,size_in_bytes,lib/ocaml/compiler-libs/flambda2_to_cmm__To_cmm_static.cmi,11100
2026-08-26T20:15:32Z,712f87f035c6cfe581ffb290d71707e9bca5b59b,6929,size_in_bytes,lib/ocaml/compiler-libs/optcompile.cmi,20175
2026-08-26T20:15:32Z,712f87f035c6cfe581ffb290d71707e9bca5b59b,6929,size_in_bytes,lib/ocaml/compiler-libs/typemod.cmi,21763
2026-08-26T20:15:32Z,712f87f035c6cfe581ffb290d71707e9bca5b59b,6929,size_in_bytes,lib/ocaml/compiler-libs/cmxs_format.cmi,2858
2026-08-26T20:15:32Z,712f87f035c6cfe581ffb290d71707e9bca5b59b,6929,size_in_bytes,lib/ocaml/compiler-libs/arm64_binary_emitter__Section_state.cmi,9219
2026-08-26T20:15:32Z,712f87f035c6cfe581ffb290d71707e9bca5b59b,6929,size_in_bytes,lib/ocaml/compiler-libs/arm64_ast__Ast.cmi,189831
2026-08-26T20:15:32Z,712f87f035c6cfe581ffb290d71707e9bca5b59b,6929,size_in_bytes,lib/ocaml/compiler-libs/location_tracker_formatter.cmi,5552
2026-08-26T20:15:32Z,712f87f035c6cfe581ffb290d71707e9bca5b59b,6929,size_in_bytes,lib/ocaml/compiler-libs/zero_alloc_utils.cmi,24477
2026-08-26T20:15:32Z,712f87f035c6cfe581ffb290d71707e9bca5b59b,6929,size_in_bytes,lib/ocaml/compiler-libs/dwarf_variables_and_parameters.cmi,13328
2026-08-26T20:15:32Z,712f87f035c6cfe581ffb290d71707e9bca5b59b,6929,size_in_bytes,lib/ocaml/compiler-libs/flambda2_terms__Set_of_closures.cmi,65109
2026-08-26T20:15:32Z,712f87f035c6cfe581ffb290d71707e9bca5b59b,6929,size_in_bytes,lib/ocaml/compiler-libs/cmmgen_state.cmi,15161
2026-08-26T20:15:32Z,712f87f035c6cfe581ffb290d71707e9bca5b59b,6929,size_in_bytes,lib/ocaml/compiler-libs/dwarf_low__Unit_type.cmi,2020
2026-08-26T20:15:32Z,712f87f035c6cfe581ffb290d71707e9bca5b59b,6929,size_in_bytes,lib/ocaml/compiler-libs/branch_relaxation_intf.cmi,13224
2026-08-26T20:15:32Z,712f87f035c6cfe581ffb290d71707e9bca5b59b,6929,size_in_bytes,lib/ocaml/compiler-libs/untypeast.cmi,20541
2026-08-26T20:15:32Z,712f87f035c6cfe581ffb290d71707e9bca5b59b,6929,size_in_bytes,lib/ocaml/compiler-libs/consistbl.cmi,49701
2026-08-26T20:15:32Z,712f87f035c6cfe581ffb290d71707e9bca5b59b,6929,size_in_bytes,lib/ocaml/compiler-libs/dwarf_low__Dwarf_arch_sizes.cmi,577
2026-08-26T20:15:32Z,712f87f035c6cfe581ffb290d71707e9bca5b59b,6929,size_in_bytes,lib/ocaml/compiler-libs/flambda2_identifiers__Code_id.cmi,8747
2026-08-26T20:15:32Z,712f87f035c6cfe581ffb290d71707e9bca5b59b,6929,size_in_bytes,lib/ocaml/compiler-libs/out_type.cmi,27911
2026-08-26T20:15:32Z,712f87f035c6cfe581ffb290d71707e9bca5b59b,6929,size_in_bytes,lib/ocaml/compiler-libs/flambda2_simplify__Replay_history.cmi,11414
2026-08-26T20:15:32Z,712f87f035c6cfe581ffb290d71707e9bca5b59b,6929,size_in_bytes,lib/ocaml/compiler-libs/dwarf_compilation_unit.cmi,5114
2026-08-26T20:15:32Z,712f87f035c6cfe581ffb290d71707e9bca5b59b,6929,size_in_bytes,lib/ocaml/compiler-libs/arm64_binary_emitter__Csel_helpers.cmi,2025
2026-08-26T20:15:32Z,712f87f035c6cfe581ffb290d71707e9bca5b59b,6929,size_in_bytes,lib/ocaml/compiler-libs/includemod_errorprinter.cmi,3605
2026-08-26T20:15:32Z,712f87f035c6cfe581ffb290d71707e9bca5b59b,6929,size_in_bytes,lib/ocaml/compiler-libs/flambda2_from_lambda__Lambda_to_lambda_transforms.cmi,8437
2026-08-26T20:15:32Z,712f87f035c6cfe581ffb290d71707e9bca5b59b,6929,size_in_bytes,lib/ocaml/compiler-libs/expunge.cmi,452
2026-08-26T20:15:32Z,712f87f035c6cfe581ffb290d71707e9bca5b59b,6929,size_in_bytes,lib/ocaml/compiler-libs/emitcode.cmi,5546
2026-08-26T20:15:32Z,712f87f035c6cfe581ffb290d71707e9bca5b59b,6929,size_in_bytes,lib/ocaml/compiler-libs/cfg_to_linear.cmi,10398
2026-08-26T20:15:32Z,712f87f035c6cfe581ffb290d71707e9bca5b59b,6929,size_in_bytes,lib/ocaml/compiler-libs/regalloc_substitution.cmi,12823
2026-08-26T20:15:32Z,712f87f035c6cfe581ffb290d71707e9bca5b59b,6929,size_in_bytes,lib/ocaml/compiler-libs/targetint.cmi,10827
2026-08-26T20:15:32Z,712f87f035c6cfe581ffb290d71707e9bca5b59b,6929,size_in_bytes,lib/ocaml/compiler-libs/regalloc_utils.cmi,143206
2026-08-26T20:15:32Z,712f87f035c6cfe581ffb290d71707e9bca5b59b,6929,size_in_bytes,lib/ocaml/compiler-libs/vicuna_traverse_typed_tree.cmi,2906
2026-08-26T20:15:32Z,712f87f035c6cfe581ffb290d71707e9bca5b59b,6929,size_in_bytes,lib/ocaml/compiler-libs/transl_comprehension_utils.cmi,20632
2026-08-26T20:15:32Z,712f87f035c6cfe581ffb290d71707e9bca5b59b,6929,size_in_bytes,lib/ocaml/compiler-libs/flambda2_types__Traversals.cmi,113676
2026-08-26T20:15:32Z,712f87f035c6cfe581ffb290d71707e9bca5b59b,6929,size_in_bytes,lib/ocaml/compiler-libs/printblambda.cmi,5383
2026-08-26T20:15:32Z,712f87f035c6cfe581ffb290d71707e9bca5b59b,6929,size_in_bytes,lib/ocaml/compiler-libs/flambda2_algorithms.cmi,1333
2026-08-26T20:15:32Z,712f87f035c6cfe581ffb290d71707e9bca5b59b,6929,size_in_bytes,lib/ocaml/compiler-libs/profile_counters_functions.cmi,3236
2026-08-26T20:15:32Z,712f87f035c6cfe581ffb290d71707e9bca5b59b,6929,size_in_bytes,lib/ocaml/compiler-libs/printtyped.cmi,3562
2026-08-26T20:15:32Z,712f87f035c6cfe581ffb290d71707e9bca5b59b,6929,size_in_bytes,lib/ocaml/compiler-libs/stypes.cmi,4659
2026-08-26T20:15:32Z,712f87f035c6cfe581ffb290d71707e9bca5b59b,6929,size_in_bytes,lib/ocaml/compiler-libs/dwarf_low__Dwarf_int.cmi,4818
2026-08-26T20:15:32Z,712f87f035c6cfe581ffb290d71707e9bca5b59b,6929,size_in_bytes,lib/ocaml/compiler-libs/printreg.cmi,13212
2026-08-26T20:15:32Z,712f87f035c6cfe581ffb290d71707e9bca5b59b,6929,size_in_bytes,lib/ocaml/compiler-libs/topdirs.cmi,4786
2026-08-26T20:15:32Z,712f87f035c6cfe581ffb290d71707e9bca5b59b,6929,size_in_bytes,lib/ocaml/compiler-libs/oxcaml_flags.cmi,39166
2026-08-26T20:15:32Z,712f87f035c6cfe581ffb290d71707e9bca5b59b,6929,size_in_bytes,lib/ocaml/compiler-libs/llvmize.cmi,12225
2026-08-26T20:15:32Z,712f87f035c6cfe581ffb290d71707e9bca5b59b,6929,size_in_bytes,lib/ocaml/compiler-libs/flambda2_simplify__Mutable_unboxing.cmi,12428
2026-08-26T20:15:32Z,712f87f035c6cfe581ffb290d71707e9bca5b59b,6929,size_in_bytes,lib/ocaml/compiler-libs/cfg_comballoc.cmi,10375
2026-08-26T20:15:32Z,712f87f035c6cfe581ffb290d71707e9bca5b59b,6929,size_in_bytes,lib/ocaml/compiler-libs/flambda2_types__Binding_time.cmi,59977
2026-08-26T20:15:32Z,712f87f035c6cfe581ffb290d71707e9bca5b59b,6929,size_in_bytes,lib/ocaml/compiler-libs/dwarf_low__Range_list_table.cmi,4137
2026-08-26T20:15:32Z,712f87f035c6cfe581ffb290d71707e9bca5b59b,6929,size_in_bytes,lib/ocaml/compiler-libs/flambda2_simplify__Original_handlers.cmi,12237
2026-08-26T20:15:32Z,712f87f035c6cfe581ffb290d71707e9bca5b59b,6929,size_in_bytes,lib/ocaml/compiler-libs/flambda2_terms__Code.cmi,19873
2026-08-26T20:15:32Z,712f87f035c6cfe581ffb290d71707e9bca5b59b,6929,size_in_bytes,lib/ocaml/compiler-libs/arm64_binary_emitter__Shift_immh_immb_helpers.cmi,2279
2026-08-26T20:15:32Z,712f87f035c6cfe581ffb290d71707e9bca5b59b,6929,size_in_bytes,lib/ocaml/compiler-libs/target_system.cmi,6888
2026-08-26T20:15:32Z,712f87f035c6cfe581ffb290d71707e9bca5b59b,6929,size_in_bytes,lib/ocaml/compiler-libs/flambda2_types__With_cached_free_names.cmi,11084
2026-08-26T20:15:32Z,712f87f035c6cfe581ffb290d71707e9bca5b59b,6929,size_in_bytes,lib/ocaml/compiler-libs/flambda2_simplify__Control_flow_graph.cmi,15365
2026-08-26T20:15:32Z,712f87f035c6cfe581ffb290d71707e9bca5b59b,6929,size_in_bytes,lib/ocaml/compiler-libs/dwarf_low__Debug_ranges_table.cmi,3118
2026-08-26T20:15:32Z,712f87f035c6cfe581ffb290d71707e9bca5b59b,6929,size_in_bytes,lib/ocaml/compiler-libs/meta.cmi,4770
2026-08-26T20:15:32Z,712f87f035c6cfe581ffb290d71707e9bca5b59b,6929,size_in_bytes,lib/ocaml/compiler-libs/flambda2_reaper__Rev_expr.cmi,24542
2026-08-26T20:15:32Z,712f87f035c6cfe581ffb290d71707e9bca5b59b,6929,size_in_bytes,lib/ocaml/compiler-libs/flambda2_types__Expand_head.cmi,26030
2026-08-26T20:15:32Z,712f87f035c6cfe581ffb290d71707e9bca5b59b,6929,size_in_bytes,lib/ocaml/compiler-libs/arm64_binary_emitter__Fp_helpers.cmi,5421
2026-08-26T20:15:32Z,712f87f035c6cfe581ffb290d71707e9bca5b59b,6929,size_in_bytes,lib/ocaml/compiler-libs/flambda2_from_lambda__Lambda_to_flambda_env.cmi,20699
2026-08-26T20:15:32Z,712f87f035c6cfe581ffb290d71707e9bca5b59b,6929,size_in_bytes,lib/ocaml/compiler-libs/flambda2_simplify__Simplify_common.cmi,20182
2026-08-26T20:15:32Z,712f87f035c6cfe581ffb290d71707e9bca5b59b,6929,size_in_bytes,lib/ocaml/compiler-libs/static_label.cmi,54723
2026-08-26T20:15:32Z,712f87f035c6cfe581ffb290d71707e9bca5b59b,6929,size_in_bytes,lib/ocaml/compiler-libs/flambda2_terms__Switch_expr.cmi,10598
2026-08-26T20:15:32Z,712f87f035c6cfe581ffb290d71707e9bca5b59b,6929,size_in_bytes,lib/ocaml/compiler-libs/flambda2_simplify__Data_flow_graph.cmi,11944
2026-08-26T20:15:32Z,712f87f035c6cfe581ffb290d71707e9bca5b59b,6929,size_in_bytes,lib/ocaml/compiler-libs/flambda2_simplify__Flow_acc.cmi,22224
2026-08-26T20:15:32Z,712f87f035c6cfe581ffb290d71707e9bca5b59b,6929,size_in_bytes,lib/ocaml/compiler-libs/string_table.cmi,1777
2026-08-26T20:15:32Z,712f87f035c6cfe581ffb290d71707e9bca5b59b,6929,size_in_bytes,lib/ocaml/compiler-libs/flambda2_term_basics__Symbol_projection.cmi,10174
2026-08-26T20:15:32Z,712f87f035c6cfe581ffb290d71707e9bca5b59b,6929,size_in_bytes,lib/ocaml/compiler-libs/printinstr.cmi,3467
2026-08-26T20:15:32Z,712f87f035c6cfe581ffb290d71707e9bca5b59b,6929,size_in_bytes,lib/ocaml/compiler-libs/flambda2_types__More_type_creators.cmi,29557
2026-08-26T20:15:32Z,712f87f035c6cfe581ffb290d71707e9bca5b59b,6929,size_in_bytes,lib/ocaml/compiler-libs/simplif.cmi,4681
2026-08-26T20:15:32Z,712f87f035c6cfe581ffb290d71707e9bca5b59b,6929,size_in_bytes,lib/ocaml/compiler-libs/flambda2_identifiers__Reg_width_const.cmi,17959
2026-08-26T20:15:32Z,712f87f035c6cfe581ffb290d71707e9bca5b59b,6929,size_in_bytes,lib/ocaml/compiler-libs/numbers.cmi,169393
2026-08-26T20:15:32Z,712f87f035c6cfe581ffb290d71707e9bca5b59b,6929,size_in_bytes,lib/ocaml/compiler-libs/dwarf.cmi,16594
2026-08-26T20:15:32Z,712f87f035c6cfe581ffb290d71707e9bca5b59b,6929,size_in_bytes,lib/ocaml/compiler-libs/flambda2_reaper__Datalog_helpers.cmi,104079
2026-08-26T20:15:32Z,712f87f035c6cfe581ffb290d71707e9bca5b59b,6929,size_in_bytes,lib/ocaml/compiler-libs/arm64_binary_emitter__All_section_states.cmi,9380
2026-08-26T20:15:32Z,712f87f035c6cfe581ffb290d71707e9bca5b59b,6929,size_in_bytes,lib/ocaml/compiler-libs/flambda2_types__Join_levels_old.cmi,7780
2026-08-26T20:15:32Z,712f87f035c6cfe581ffb290d71707e9bca5b59b,6929,size_in_bytes,lib/ocaml/compiler-libs/flambda2_compare__Compare.cmi,10127
2026-08-26T20:15:32Z,712f87f035c6cfe581ffb290d71707e9bca5b59b,6929,size_in_bytes,lib/ocaml/compiler-libs/regalloc_irc_state.cmi,36321
2026-08-26T20:15:32Z,712f87f035c6cfe581ffb290d71707e9bca5b59b,6929,size_in_bytes,lib/ocaml/compiler-libs/x86_binary_emitter.cmi,36914
2026-08-26T20:15:32Z,712f87f035c6cfe581ffb290d71707e9bca5b59b,6929,size_in_bytes,lib/ocaml/compiler-libs/flambda2_simplify_shared__Inlining_report.cmi,41294
2026-08-26T20:15:32Z,712f87f035c6cfe581ffb290d71707e9bca5b59b,6929,size_in_bytes,lib/ocaml/compiler-libs/typedecl_separability.cmi,4263
2026-08-26T20:15:32Z,712f87f035c6cfe581ffb290d71707e9bca5b59b,6929,size_in_bytes,lib/ocaml/compiler-libs/runtime_shape.cmi,24392
2026-08-26T20:15:32Z,712f87f035c6cfe581ffb290d71707e9bca5b59b,6929,size_in_bytes,lib/ocaml/compiler-libs/dwarf_low__Dwarf_4_location_list.cmi,3041
2026-08-26T20:15:32Z,712f87f035c6cfe581ffb290d71707e9bca5b59b,6929,size_in_bytes,lib/ocaml/compiler-libs/flambda2_nominal__Bindable.cmi,7175
2026-08-26T20:15:32Z,712f87f035c6cfe581ffb290d71707e9bca5b59b,6929,size_in_bytes,lib/ocaml/compiler-libs/linear_format.cmi,13289
2026-08-26T20:15:32Z,712f87f035c6cfe581ffb290d71707e9bca5b59b,6929,size_in_bytes,lib/ocaml/compiler-libs/flambda2_term_basics__Tag_and_size.cmi,57123
2026-08-26T20:15:32Z,712f87f035c6cfe581ffb290d71707e9bca5b59b,6929,size_in_bytes,lib/ocaml/compiler-libs/arm64_binary_emitter__Binary_emitter.cmi,12557
2026-08-26T20:15:32Z,712f87f035c6cfe581ffb290d71707e9bca5b59b,6929,size_in_bytes,lib/ocaml/compiler-libs/flambda2_simplify__Continuation_in_env.cmi,11357
2026-08-26T20:15:32Z,712f87f035c6cfe581ffb290d71707e9bca5b59b,6929,size_in_bytes,lib/ocaml/compiler-libs/iplt.cmi,4933
2026-08-26T20:15:32Z,712f87f035c6cfe581ffb290d71707e9bca5b59b,6929,size_in_bytes,lib/ocaml/compiler-libs/pprintast.cmi,11811
2026-08-26T20:15:32Z,712f87f035c6cfe581ffb290d71707e9bca5b59b,6929,size_in_bytes,lib/ocaml/compiler-libs/flambda2_types.cmi,233699
2026-08-26T20:15:32Z,712f87f035c6cfe581ffb290d71707e9bca5b59b,6929,size_in_bytes,lib/ocaml/compiler-libs/flambda2_datalog__Heterogenous_list.cmi,3427
2026-08-26T20:15:32Z,712f87f035c6cfe581ffb290d71707e9bca5b59b,6929,size_in_bytes,lib/ocaml/compiler-libs/flambda2_simplify__Upwards_env.cmi,16003
2026-08-26T20:15:32Z,712f87f035c6cfe581ffb290d71707e9bca5b59b,6929,size_in_bytes,lib/ocaml/compiler-libs/flambda2_types__Meet_and_n_way_join.cmi,7957
2026-08-26T20:15:32Z,712f87f035c6cfe581ffb290d71707e9bca5b59b,6929,size_in_bytes,lib/ocaml/compiler-libs/opcodes.cmi,19771
2026-08-26T20:15:32Z,712f87f035c6cfe581ffb290d71707e9bca5b59b,6929,size_in_bytes,lib/ocaml/compiler-libs/cfg_to_linear_desc.cmi,10303
2026-08-26T20:15:32Z,712f87f035c6cfe581ffb290d71707e9bca5b59b,6929,size_in_bytes,lib/ocaml/compiler-libs/flambda2_term_basics__Value_slot_set.cmi,59362
2026-08-26T20:15:32Z,712f87f035c6cfe581ffb290d71707e9bca5b59b,6929,size_in_bytes,lib/ocaml/compiler-libs/flambda2_identifiers__Variable.cmi,9626
2026-08-26T20:15:32Z,712f87f035c6cfe581ffb290d71707e9bca5b59b,6929,size_in_bytes,lib/ocaml/compiler-libs/location.cmi,33324
2026-08-26T20:15:32Z,712f87f035c6cfe581ffb290d71707e9bca5b59b,6929,size_in_bytes,lib/ocaml/compiler-libs/flambda2_types__Type_descr.cmi,16741
2026-08-26T20:15:32Z,712f87f035c6cfe581ffb290d71707e9bca5b59b,6929,size_in_bytes,lib/ocaml/compiler-libs/cmm_builtins.cmi,11311
2026-08-26T20:15:32Z,712f87f035c6cfe581ffb290d71707e9bca5b59b,6929,size_in_bytes,lib/ocaml/compiler-libs/solver.cmi,18533
2026-08-26T20:15:32Z,712f87f035c6cfe581ffb290d71707e9bca5b59b,6929,size_in_bytes,lib/ocaml/compiler-libs/errors.cmi,777
2026-08-26T20:15:32Z,712f87f035c6cfe581ffb290d71707e9bca5b59b,6929,size_in_bytes,lib/ocaml/compiler-libs/arm64_binary_emitter__Nop_helpers.cmi,610
2026-08-26T20:15:32Z,712f87f035c6cfe581ffb290d71707e9bca5b59b,6929,size_in_bytes,lib/ocaml/compiler-libs/debuginfo.cmi,18317
2026-08-26T20:15:32Z,712f87f035c6cfe581ffb290d71707e9bca5b59b,6929,size_in_bytes,lib/ocaml/compiler-libs/reg_availability_set.cmi,13023
2026-08-26T20:15:32Z,712f87f035c6cfe581ffb290d71707e9bca5b59b,6929,size_in_bytes,lib/ocaml/compiler-libs/switch.cmi,12759
2026-08-26T20:15:32Z,712f87f035c6cfe581ffb290d71707e9bca5b59b,6929,size_in_bytes,lib/ocaml/compiler-libs/flambda2_algorithms__Leapfrog.cmi,9923
2026-08-26T20:15:32Z,712f87f035c6cfe581ffb290d71707e9bca5b59b,6929,size_in_bytes,lib/ocaml/compiler-libs/cmm_helpers.cmi,187077
2026-08-26T20:15:32Z,712f87f035c6cfe581ffb290d71707e9bca5b59b,6929,size_in_bytes,lib/ocaml/compiler-libs/value_rec_check.cmi,3316
2026-08-26T20:15:32Z,712f87f035c6cfe581ffb290d71707e9bca5b59b,6929,size_in_bytes,lib/ocaml/compiler-libs/flambda2_identifiers__Continuation.cmi,72901
2026-08-26T20:15:32Z,712f87f035c6cfe581ffb290d71707e9bca5b59b,6929,size_in_bytes,lib/ocaml/compiler-libs/optmaindriver.cmi,10413
2026-08-26T20:15:32Z,712f87f035c6cfe581ffb290d71707e9bca5b59b,6929,size_in_bytes,lib/ocaml/compiler-libs/translobj.cmi,6073
2026-08-26T20:15:32Z,712f87f035c6cfe581ffb290d71707e9bca5b59b,6929,size_in_bytes,lib/ocaml/compiler-libs/x86_section.cmi,32105
2026-08-26T20:15:32Z,712f87f035c6cfe581ffb290d71707e9bca5b59b,6929,size_in_bytes,lib/ocaml/compiler-libs/cmm.cmi,60944
2026-08-26T20:15:32Z,712f87f035c6cfe581ffb290d71707e9bca5b59b,6929,size_in_bytes,lib/ocaml/compiler-libs/flambda2_floats.cmi,348
2026-08-26T20:15:32Z,712f87f035c6cfe581ffb290d71707e9bca5b59b,6929,size_in_bytes,lib/ocaml/compiler-libs/flambda2_nominal__Renaming.cmi,12150
2026-08-26T20:15:32Z,712f87f035c6cfe581ffb290d71707e9bca5b59b,6929,size_in_bytes,lib/ocaml/compiler-libs/flambda2_terms__Result_types.cmi,9377
2026-08-26T20:15:32Z,712f87f035c6cfe581ffb290d71707e9bca5b59b,6929,size_in_bytes,lib/ocaml/compiler-libs/flambda2_simplify__Is_unboxing_beneficial.cmi,9235
2026-08-26T20:15:32Z,712f87f035c6cfe581ffb290d71707e9bca5b59b,6929,size_in_bytes,lib/ocaml/compiler-libs/dwarf_low__Counted_location_description.cmi,2433
2026-08-26T20:15:32Z,712f87f035c6cfe581ffb290d71707e9bca5b59b,6929,size_in_bytes,lib/ocaml/compiler-libs/emit.cmi,11456
2026-08-26T20:15:32Z,712f87f035c6cfe581ffb290d71707e9bca5b59b,6929,size_in_bytes,lib/ocaml/compiler-libs/internal_assembler.cmi,2385
2026-08-26T20:15:32Z,712f87f035c6cfe581ffb290d71707e9bca5b59b,6929,size_in_bytes,lib/ocaml/compiler-libs/inlined_frame_ranges.cmi,80771
2026-08-26T20:15:32Z,712f87f035c6cfe581ffb290d71707e9bca5b59b,6929,size_in_bytes,lib/ocaml/compiler-libs/dwarf_low__Dwarf_version.cmi,2346
2026-08-26T20:15:32Z,712f87f035c6cfe581ffb290d71707e9bca5b59b,6929,size_in_bytes,lib/ocaml/compiler-libs/x86_peephole_rules.cmi,2664
2026-08-26T20:15:32Z,712f87f035c6cfe581ffb290d71707e9bca5b59b,6929,size_in_bytes,lib/ocaml/compiler-libs/cms_format.cmi,8426
2026-08-26T20:15:32Z,712f87f035c6cfe581ffb290d71707e9bca5b59b,6929,size_in_bytes,lib/ocaml/compiler-libs/translprim.cmi,9934
2026-08-26T20:15:32Z,712f87f035c6cfe581ffb290d71707e9bca5b59b,6929,size_in_bytes,lib/ocaml/compiler-libs/structured_mangling.cmi,4009
2026-08-26T20:15:32Z,712f87f035c6cfe581ffb290d71707e9bca5b59b,6929,size_in_bytes,lib/ocaml/compiler-libs/type_shape.cmi,9426
2026-08-26T20:15:32Z,712f87f035c6cfe581ffb290d71707e9bca5b59b,6929,size_in_bytes,lib/ocaml/compiler-libs/cfg_reducibility.cmi,10589
2026-08-26T20:15:32Z,712f87f035c6cfe581ffb290d71707e9bca5b59b,6929,size_in_bytes,lib/ocaml/compiler-libs/extract_relocations.cmi,4125
2026-08-26T20:15:32Z,712f87f035c6cfe581ffb290d71707e9bca5b59b,6929,size_in_bytes,lib/ocaml/compiler-libs/cfg_liveness.cmi,16465
2026-08-26T20:15:32Z,712f87f035c6cfe581ffb290d71707e9bca5b59b,6929,size_in_bytes,lib/ocaml/compiler-libs/asmlink.cmi,12050
2026-08-26T20:15:32Z,712f87f035c6cfe581ffb290d71707e9bca5b59b,6929,size_in_bytes,lib/ocaml/compiler-libs/flambda2_to_cmm__To_cmm_env.cmi,36293
2026-08-26T20:15:32Z,712f87f035c6cfe581ffb290d71707e9bca5b59b,6929,size_in_bytes,lib/ocaml/compiler-libs/flambda2_simplify__Simplify_apply_expr.cmi,11580
2026-08-26T20:15:32Z,712f87f035c6cfe581ffb290d71707e9bca5b59b,6929,size_in_bytes,lib/ocaml/compiler-libs/asm_targets__Asm_label.cmi,56242
2026-08-26T20:15:32Z,712f87f035c6cfe581ffb290d71707e9bca5b59b,6929,size_in_bytes,lib/ocaml/compiler-libs/zero_alloc.cmi,5912
2026-08-26T20:15:32Z,712f87f035c6cfe581ffb290d71707e9bca5b59b,6929,size_in_bytes,lib/ocaml/compiler-libs/relocation_entry.cmi,2973
2026-08-26T20:15:32Z,712f87f035c6cfe581ffb290d71707e9bca5b59b,6929,size_in_bytes,lib/ocaml/compiler-libs/flambda2_terms__Expr_std.cmi,8431
2026-08-26T20:15:32Z,712f87f035c6cfe581ffb290d71707e9bca5b59b,6929,size_in_bytes,lib/ocaml/compiler-libs/flambda2_datalog.cmi,171189
2026-08-26T20:15:32Z,712f87f035c6cfe581ffb290d71707e9bca5b59b,6929,size_in_bytes,lib/ocaml/compiler-libs/current_unit.cmi,4214
2026-08-26T20:15:32Z,712f87f035c6cfe581ffb290d71707e9bca5b59b,6929,size_in_bytes,lib/ocaml/compiler-libs/flambda2_simplify__Lifted_cont_params.cmi,10874
2026-08-26T20:15:32Z,712f87f035c6cfe581ffb290d71707e9bca5b59b,6929,size_in_bytes,lib/ocaml/compiler-libs/cfg_polling.cmi,11120
2026-08-26T20:15:32Z,712f87f035c6cfe581ffb290d71707e9bca5b59b,6929,size_in_bytes,lib/ocaml/compiler-libs/arm64_binary_emitter__Encode_directive.cmi,3696
2026-08-26T20:15:32Z,712f87f035c6cfe581ffb290d71707e9bca5b59b,6929,size_in_bytes,lib/ocaml/compiler-libs/flambda2_numbers__Target_ocaml_int.cmi,127523
2026-08-26T20:15:32Z,712f87f035c6cfe581ffb290d71707e9bca5b59b,6929,size_in_bytes,lib/ocaml/compiler-libs/regalloc_invariants.cmi,11055
2026-08-26T20:15:32Z,712f87f035c6cfe581ffb290d71707e9bca5b59b,6929,size_in_bytes,lib/ocaml/compiler-libs/tast_mapper.cmi,18994
2026-08-26T20:15:32Z,712f87f035c6cfe581ffb290d71707e9bca5b59b,6929,size_in_bytes,lib/ocaml/compiler-libs/lazy_backtrack.cmi,3534
2026-08-26T20:15:32Z,712f87f035c6cfe581ffb290d71707e9bca5b59b,6929,size_in_bytes,lib/ocaml/compiler-libs/flambda2_terms__Exn_continuation.cmi,64579
2026-08-26T20:15:32Z,712f87f035c6cfe581ffb290d71707e9bca5b59b,6929,size_in_bytes,lib/ocaml/compiler-libs/dwarf_flags.cmi,8277
2026-08-26T20:15:32Z,712f87f035c6cfe581ffb290d71707e9bca5b59b,6929,size_in_bytes,lib/ocaml/compiler-libs/errortrace.cmi,24061
2026-08-26T20:15:32Z,712f87f035c6cfe581ffb290d71707e9bca5b59b,6929,size_in_bytes,lib/ocaml/compiler-libs/flambda2_lattices__Or_unknown_or_bottom.cmi,4717
2026-08-26T20:15:32Z,712f87f035c6cfe581ffb290d71707e9bca5b59b,6929,size_in_bytes,lib/ocaml/compiler-libs/dwarf_low__Dwarf_4_range_list.cmi,2792
2026-08-26T20:15:32Z,712f87f035c6cfe581ffb290d71707e9bca5b59b,6929,size_in_bytes,lib/ocaml/compiler-libs/ast_mapper.cmi,24944
2026-08-26T20:15:32Z,712f87f035c6cfe581ffb290d71707e9bca5b59b,6929,size_in_bytes,lib/ocaml/compiler-libs/simd.cmi,1443318
2026-08-26T20:15:32Z,712f87f035c6cfe581ffb290d71707e9bca5b59b,6929,size_in_bytes,lib/ocaml/compiler-libs/compute_ranges.cmi,16108
2026-08-26T20:15:32Z,712f87f035c6cfe581ffb290d71707e9bca5b59b,6929,size_in_bytes,lib/ocaml/compiler-libs/dwarf_low__Dwarf_value.cmi,17159
2026-08-26T20:15:32Z,712f87f035c6cfe581ffb290d71707e9bca5b59b,6929,size_in_bytes,lib/ocaml/compiler-libs/persistent_env.cmi,34525
2026-08-26T20:15:32Z,712f87f035c6cfe581ffb290d71707e9bca5b59b,6929,size_in_bytes,lib/ocaml/compiler-libs/opttoploop.cmi,24052
2026-08-26T20:15:32Z,712f87f035c6cfe581ffb290d71707e9bca5b59b,6929,size_in_bytes,lib/ocaml/compiler-libs/optpackager.cmi,19605
2026-08-26T20:15:32Z,712f87f035c6cfe581ffb290d71707e9bca5b59b,6929,size_in_bytes,lib/ocaml/compiler-libs/dwarf_low__Debug_loc_table.cmi,3370
2026-08-26T20:15:32Z,712f87f035c6cfe581ffb290d71707e9bca5b59b,6929,size_in_bytes,lib/ocaml/compiler-libs/mtype.cmi,12982
2026-08-26T20:15:32Z,712f87f035c6cfe581ffb290d71707e9bca5b59b,6929,size_in_bytes,lib/ocaml/compiler-libs/dwarf_high__Assign_abbrevs.cmi,3524
2026-08-26T20:15:32Z,712f87f035c6cfe581ffb290d71707e9bca5b59b,6929,size_in_bytes,lib/ocaml/compiler-libs/flambda2_nominal__Permutation.cmi,3544
2026-08-26T20:15:32Z,712f87f035c6cfe581ffb290d71707e9bca5b59b,6929,size_in_bytes,lib/ocaml/compiler-libs/flambda2_parser__Print_fexpr.cmi,7940
2026-08-26T20:15:32Z,712f87f035c6cfe581ffb290d71707e9bca5b59b,6929,size_in_bytes,lib/ocaml/compiler-libs/flambda2_simplify__Unboxers.cmi,14362
2026-08-26T20:15:32Z,712f87f035c6cfe581ffb290d71707e9bca5b59b,6929,size_in_bytes,lib/ocaml/compiler-libs/regs_utils.cmi,69378
2026-08-26T20:15:32Z,712f87f035c6cfe581ffb290d71707e9bca5b59b,6929,size_in_bytes,lib/ocaml/compiler-libs/shape_reduce.cmi,10042
2026-08-26T20:15:32Z,712f87f035c6cfe581ffb290d71707e9bca5b59b,6929,size_in_bytes,lib/ocaml/compiler-libs/arm64_binary_emitter__Bitfield_helpers.cmi,1974
2026-08-26T20:15:32Z,712f87f035c6cfe581ffb290d71707e9bca5b59b,6929,size_in_bytes,lib/ocaml/compiler-libs/arm64_binary_emitter__Mov_helpers.cmi,2131
2026-08-26T20:15:32Z,712f87f035c6cfe581ffb290d71707e9bca5b59b,6929,size_in_bytes,lib/ocaml/compiler-libs/optlibrarian.cmi,17344
2026-08-26T20:15:32Z,712f87f035c6cfe581ffb290d71707e9bca5b59b,6929,size_in_bytes,lib/ocaml/compiler-libs/flambda2_simplify__One_continuation_use.cmi,12108
2026-08-26T20:15:32Z,712f87f035c6cfe581ffb290d71707e9bca5b59b,6929,size_in_bytes,lib/ocaml/compiler-libs/flambda2_simplify_shared__Inlining_helpers.cmi,15205
2026-08-26T20:15:32Z,712f87f035c6cfe581ffb290d71707e9bca5b59b,6929,size_in_bytes,lib/ocaml/compiler-libs/printlinear.cmi,12076
2026-08-26T20:15:32Z,712f87f035c6cfe581ffb290d71707e9bca5b59b,6929,size_in_bytes,lib/ocaml/compiler-libs/fdo_info.cmi,3138
2026-08-26T20:15:32Z,712f87f035c6cfe581ffb290d71707e9bca5b59b,6929,size_in_bytes,lib/ocaml/compiler-libs/dwarf_reg_locations.cmi,10252
2026-08-26T20:15:32Z,712f87f035c6cfe581ffb290d71707e9bca5b59b,6929,size_in_bytes,lib/ocaml/compiler-libs/dissector_log.cmi,927
2026-08-26T20:15:32Z,712f87f035c6cfe581ffb290d71707e9bca5b59b,6929,size_in_bytes,lib/ocaml/compiler-libs/flambda2_simplify__Simplify_ternary_primitive.cmi,12353
2026-08-26T20:15:32Z,712f87f035c6cfe581ffb290d71707e9bca5b59b,6929,size_in_bytes,lib/ocaml/compiler-libs/dwarf_inlined_frames.cmi,12686
2026-08-26T20:15:32Z,712f87f035c6cfe581ffb290d71707e9bca5b59b,6929,size_in_bytes,lib/ocaml/compiler-libs/flambda2_algorithms__Or_null.cmi,3469
2026-08-26T20:15:32Z,712f87f035c6cfe581ffb290d71707e9bca5b59b,6929,size_in_bytes,lib/ocaml/compiler-libs/attr_helper.cmi,2643
2026-08-26T20:15:32Z,712f87f035c6cfe581ffb290d71707e9bca5b59b,6929,size_in_bytes,lib/ocaml/compiler-libs/cfg_colours.cmi,2646
2026-08-26T20:15:32Z,712f87f035c6cfe581ffb290d71707e9bca5b59b,6929,size_in_bytes,lib/ocaml/compiler-libs/complex_shape.cmi,7003
2026-08-26T20:15:32Z,712f87f035c6cfe581ffb290d71707e9bca5b59b,6929,size_in_bytes,lib/ocaml/compiler-libs/ikind.cmi,14225
2026-08-26T20:15:32Z,712f87f035c6cfe581ffb290d71707e9bca5b59b,6929,size_in_bytes,lib/ocaml/compiler-libs/flambda2_simplify__Continuation_uses.cmi,14968
2026-08-26T20:15:32Z,712f87f035c6cfe581ffb290d71707e9bca5b59b,6929,size_in_bytes,lib/ocaml/compiler-libs/ast_helper.cmi,138158
2026-08-26T20:15:32Z,712f87f035c6cfe581ffb290d71707e9bca5b59b,6929,size_in_bytes,lib/ocaml/compiler-libs/flambda2_term_basics__Rec_info_expr.cmi,10462
2026-08-26T20:15:32Z,712f87f035c6cfe581ffb290d71707e9bca5b59b,6929,size_in_bytes,lib/ocaml/compiler-libs/extra_debug.cmi,10354
2026-08-26T20:15:32Z,712f87f035c6cfe581ffb290d71707e9bca5b59b,6929,size_in_bytes,lib/ocaml/compiler-libs/flambda2_simplify__Simplify_static_const.cmi,11993
2026-08-26T20:15:32Z,712f87f035c6cfe581ffb290d71707e9bca5b59b,6929,size_in_bytes,lib/ocaml/compiler-libs/cfg_merge_blocks.cmi,10668
2026-08-26T20:15:32Z,712f87f035c6cfe581ffb290d71707e9bca5b59b,6929,size_in_bytes,lib/ocaml/compiler-libs/path.cmi,49208
2026-08-26T20:15:32Z,712f87f035c6cfe581ffb290d71707e9bca5b59b,6929,size_in_bytes,lib/ocaml/compiler-libs/afl_instrument.cmi,9880
2026-08-26T20:15:32Z,712f87f035c6cfe581ffb290d71707e9bca5b59b,6929,size_in_bytes,lib/ocaml/compiler-libs/flambda2.cmi,13491
2026-08-26T20:15:32Z,712f87f035c6cfe581ffb290d71707e9bca5b59b,6929,size_in_bytes,lib/ocaml/compiler-libs/flambda2_terms__Zero_alloc_attribute.cmi,8322
2026-08-26T20:15:32Z,712f87f035c6cfe581ffb290d71707e9bca5b59b,6929,size_in_bytes,lib/ocaml/compiler-libs/flambda2_from_lambda__Closure_conversion_aux.cmi,70453
2026-08-26T20:15:32Z,712f87f035c6cfe581ffb290d71707e9bca5b59b,6929,size_in_bytes,lib/ocaml/compiler-libs/ast_invariants.cmi,2395
2026-08-26T20:15:32Z,712f87f035c6cfe581ffb290d71707e9bca5b59b,6929,size_in_bytes,lib/ocaml/compiler-libs/priority_queue.cmi,9829
2026-08-26T20:15:32Z,712f87f035c6cfe581ffb290d71707e9bca5b59b,6929,size_in_bytes,lib/ocaml/compiler-libs/outcometree.cmi,27306
2026-08-26T20:15:32Z,712f87f035c6cfe581ffb290d71707e9bca5b59b,6929,size_in_bytes,lib/ocaml/compiler-libs/zero_alloc_annotations.cmi,3088
2026-08-26T20:15:32Z,712f87f035c6cfe581ffb290d71707e9bca5b59b,6929,size_in_bytes,lib/ocaml/compiler-libs/mode.cmi,374024
2026-08-26T20:15:32Z,712f87f035c6cfe581ffb290d71707e9bca5b59b,6929,size_in_bytes,lib/ocaml/compiler-libs/slambda_fracture.cmi,2949
2026-08-26T20:15:32Z,712f87f035c6cfe581ffb290d71707e9bca5b59b,6929,size_in_bytes,lib/ocaml/compiler-libs/flambda2_types__Aliases.cmi,14027
2026-08-26T20:15:32Z,712f87f035c6cfe581ffb290d71707e9bca5b59b,6929,size_in_bytes,lib/ocaml/compiler-libs/compilation_unit.cmi,173879
2026-08-26T20:15:32Z,712f87f035c6cfe581ffb290d71707e9bca5b59b,6929,size_in_bytes,lib/ocaml/compiler-libs/translclass.cmi,4317
2026-08-26T20:15:32Z,712f87f035c6cfe581ffb290d71707e9bca5b59b,6929,size_in_bytes,lib/ocaml/compiler-libs/types.cmi,236709
2026-08-26T20:15:32Z,712f87f035c6cfe581ffb290d71707e9bca5b59b,6929,size_in_bytes,lib/ocaml/compiler-libs/identifiable.cmi,164130
2026-08-26T20:15:32Z,712f87f035c6cfe581ffb290d71707e9bca5b59b,6929,size_in_bytes,lib/ocaml/compiler-libs/flambda2_kinds.cmi,578
2026-08-26T20:15:32Z,712f87f035c6cfe581ffb290d71707e9bca5b59b,6929,size_in_bytes,lib/ocaml/compiler-libs/dwarf_low__Dwarf_4_range_list_entry.cmi,3449
2026-08-26T20:15:32Z,712f87f035c6cfe581ffb290d71707e9bca5b59b,6929,size_in_bytes,lib/ocaml/compiler-libs/envaux.cmi,4023
2026-08-26T20:15:32Z,712f87f035c6cfe581ffb290d71707e9bca5b59b,6929,size_in_bytes,lib/ocaml/compiler-libs/flambda2_parser__Flambda_lex.cmi,8376
2026-08-26T20:15:32Z,712f87f035c6cfe581ffb290d71707e9bca5b59b,6929,size_in_bytes,lib/ocaml/compiler-libs/flambda2_datalog__Trie.cmi,12345
2026-08-26T20:15:32Z,712f87f035c6cfe581ffb290d71707e9bca5b59b,6929,size_in_bytes,lib/ocaml/compiler-libs/dwarf_high__Simple_location_description_lang.cmi,12712
2026-08-26T20:15:32Z,712f87f035c6cfe581ffb290d71707e9bca5b59b,6929,size_in_bytes,lib/ocaml/compiler-libs/form_rewrite_plan.cmi,12660
2026-08-26T20:15:32Z,712f87f035c6cfe581ffb290d71707e9bca5b59b,6929,size_in_bytes,lib/ocaml/compiler-libs/reg_with_debug_info.cmi,51819
2026-08-26T20:15:32Z,712f87f035c6cfe581ffb290d71707e9bca5b59b,6929,size_in_bytes,lib/ocaml/compiler-libs/dwarf_low__Range_list_entry.cmi,3547
2026-08-26T20:15:32Z,712f87f035c6cfe581ffb290d71707e9bca5b59b,6929,size_in_bytes,lib/ocaml/compiler-libs/arm64_binary_emitter__Encode_instruction.cmi,2130
2026-08-26T20:15:32Z,712f87f035c6cfe581ffb290d71707e9bca5b59b,6929,size_in_bytes,lib/ocaml/compiler-libs/flambda2_terms__Removed_operations.cmi,9885
2026-08-26T20:15:32Z,712f87f035c6cfe581ffb290d71707e9bca5b59b,6929,size_in_bytes,lib/ocaml/compiler-libs/cfg_cse_target_intf.cmi,11270
2026-08-26T20:15:32Z,712f87f035c6cfe581ffb290d71707e9bca5b59b,6929,size_in_bytes,lib/ocaml/compiler-libs/instantiator.cmi,7848
2026-08-26T20:15:32Z,712f87f035c6cfe581ffb290d71707e9bca5b59b,6929,size_in_bytes,lib/ocaml/compiler-libs/select_utils.cmi,42377
2026-08-26T20:15:32Z,712f87f035c6cfe581ffb290d71707e9bca5b59b,6929,size_in_bytes,lib/ocaml/compiler-libs/ccomp.cmi,3279
2026-08-26T20:15:32Z,712f87f035c6cfe581ffb290d71707e9bca5b59b,6929,size_in_bytes,lib/ocaml/compiler-libs/transl_list_comprehension.cmi,3668
2026-08-26T20:15:32Z,712f87f035c6cfe581ffb290d71707e9bca5b59b,6929,size_in_bytes,lib/ocaml/compiler-libs/clflags.cmi,62668
2026-08-26T20:15:32Z,712f87f035c6cfe581ffb290d71707e9bca5b59b,6929,size_in_bytes,lib/ocaml/compiler-libs/linkdeps.cmi,4363
2026-08-26T20:15:32Z,712f87f035c6cfe581ffb290d71707e9bca5b59b,6929,size_in_bytes,lib/ocaml/compiler-libs/arm64_binary_emitter__Data_proc_helpers.cmi,4018
2026-08-26T20:15:32Z,712f87f035c6cfe581ffb290d71707e9bca5b59b,6929,size_in_bytes,lib/ocaml/compiler-libs/flambda2_terms__Loopify_attribute.cmi,7839
2026-08-26T20:15:32Z,712f87f035c6cfe581ffb290d71707e9bca5b59b,6929,size_in_bytes,lib/ocaml/compiler-libs/flambda2_simplify__Simplify_set_of_closures_context.cmi,15918
2026-08-26T20:15:32Z,712f87f035c6cfe581ffb290d71707e9bca5b59b,6929,size_in_bytes,lib/ocaml/compiler-libs/cfg_invariants.cmi,10481
2026-08-26T20:15:32Z,712f87f035c6cfe581ffb290d71707e9bca5b59b,6929,size_in_bytes,lib/ocaml/compiler-libs/flambda2_simplify__Upwards_acc.cmi,23373
2026-08-26T20:15:32Z,712f87f035c6cfe581ffb290d71707e9bca5b59b,6929,size_in_bytes,lib/ocaml/compiler-libs/emitaux.cmi,27362
2026-08-26T20:15:32Z,712f87f035c6cfe581ffb290d71707e9bca5b59b,6929,size_in_bytes,lib/ocaml/compiler-libs/uniqueness_analysis.cmi,10045
2026-08-26T20:15:32Z,712f87f035c6cfe581ffb290d71707e9bca5b59b,6929,size_in_bytes,lib/ocaml/compiler-libs/vectorize.cmi,10474
2026-08-26T20:15:32Z,712f87f035c6cfe581ffb290d71707e9bca5b59b,6929,size_in_bytes,lib/ocaml/compiler-libs/flambda2_to_cmm__To_cmm_set_of_closures.cmi,13554
2026-08-26T20:15:32Z,712f87f035c6cfe581ffb290d71707e9bca5b59b,6929,size_in_bytes,lib/ocaml/compiler-libs/lexer.cmi,7009
2026-08-26T20:15:32Z,712f87f035c6cfe581ffb290d71707e9bca5b59b,6929,size_in_bytes,lib/ocaml/compiler-libs/flambda2_types__Meet_env.cmi,19690
2026-08-26T20:15:32Z,712f87f035c6cfe581ffb290d71707e9bca5b59b,6929,size_in_bytes,lib/ocaml/compiler-libs/camlinternalMenhirLib.cmi,151089
2026-08-26T20:15:32Z,712f87f035c6cfe581ffb290d71707e9bca5b59b,6929,size_in_bytes,lib/ocaml/compiler-libs/amd64_simd_instrs.cmi,1399676
2026-08-26T20:15:32Z,712f87f035c6cfe581ffb290d71707e9bca5b59b,6929,size_in_bytes,lib/ocaml/compiler-libs/flambda2_types__.cmi,3653
2026-08-26T20:15:32Z,712f87f035c6cfe581ffb290d71707e9bca5b59b,6929,size_in_bytes,lib/ocaml/compiler-libs/flambda2_reaper__Types_rewriter.cmi,9924
2026-08-26T20:15:32Z,712f87f035c6cfe581ffb290d71707e9bca5b59b,6929,size_in_bytes,lib/ocaml/compiler-libs/compiler_hooks.cmi,14235
2026-08-26T20:15:32Z,712f87f035c6cfe581ffb290d71707e9bca5b59b,6929,size_in_bytes,lib/ocaml/compiler-libs/bytelink.cmi,20863
2026-08-26T20:15:32Z,712f87f035c6cfe581ffb290d71707e9bca5b59b,6929,size_in_bytes,lib/ocaml/compiler-libs/flambda2_simplify__Join_points.cmi,13312
2026-08-26T20:15:32Z,712f87f035c6cfe581ffb290d71707e9bca5b59b,6929,size_in_bytes,lib/ocaml/compiler-libs/toploop.cmi,23861
2026-08-26T20:15:32Z,712f87f035c6cfe581ffb290d71707e9bca5b59b,6929,size_in_bytes,lib/ocaml/compiler-libs/flambda2_reaper__Dot_printer.cmi,12609
2026-08-26T20:15:32Z,712f87f035c6cfe581ffb290d71707e9bca5b59b,6929,size_in_bytes,lib/ocaml/compiler-libs/flambda2_algorithms__Lmap.cmi,27974
2026-08-26T20:15:32Z,712f87f035c6cfe581ffb290d71707e9bca5b59b,6929,size_in_bytes,lib/ocaml/compiler-libs/patterns.cmi,20146
2026-08-26T20:15:32Z,712f87f035c6cfe581ffb290d71707e9bca5b59b,6929,size_in_bytes,lib/ocaml/compiler-libs/dwarf_low__Dwarf_tag.cmi,6582
2026-08-26T20:15:32Z,712f87f035c6cfe581ffb290d71707e9bca5b59b,6929,size_in_bytes,lib/ocaml/compiler-libs/flambda2_to_jsir__To_jsir_result.cmi,8485
2026-08-26T20:15:32Z,712f87f035c6cfe581ffb290d71707e9bca5b59b,6929,size_in_bytes,lib/ocaml/compiler-libs/printast_with_mappings.cmi,3526
2026-08-26T20:15:32Z,712f87f035c6cfe581ffb290d71707e9bca5b59b,6929,size_in_bytes,lib/ocaml/compiler-libs/regalloc_ls_state.cmi,15993
2026-08-26T20:15:32Z,712f87f035c6cfe581ffb290d71707e9bca5b59b,6929,size_in_bytes,lib/ocaml/compiler-libs/flambda2_identifiers__Continuation_callsite_map.cmi,3737
2026-08-26T20:15:32Z,712f87f035c6cfe581ffb290d71707e9bca5b59b,6929,size_in_bytes,lib/ocaml/compiler-libs/cfg_selectgen.cmi,11142
2026-08-26T20:15:32Z,712f87f035c6cfe581ffb290d71707e9bca5b59b,6929,size_in_bytes,lib/ocaml/compiler-libs/strongly_connected_components.cmi,10077
2026-08-26T20:15:32Z,712f87f035c6cfe581ffb290d71707e9bca5b59b,6929,size_in_bytes,lib/ocaml/compiler-libs/igot.cmi,4594
2026-08-26T20:15:32Z,712f87f035c6cfe581ffb290d71707e9bca5b59b,6929,size_in_bytes,lib/ocaml/compiler-libs/flambda2_term_basics.cmi,2212
2026-08-26T20:15:32Z,712f87f035c6cfe581ffb290d71707e9bca5b59b,6929,size_in_bytes,lib/ocaml/compiler-libs/flambda2_parser__Fexpr_prim.cmi,40314
2026-08-26T20:15:32Z,712f87f035c6cfe581ffb290d71707e9bca5b59b,6929,size_in_bytes,lib/ocaml/compiler-libs/flambda2_terms__Flambda.cmi,123218
2026-08-26T20:15:32Z,712f87f035c6cfe581ffb290d71707e9bca5b59b,6929,size_in_bytes,lib/ocaml/compiler-libs/flambda2_cmx__Flambda_cmx.cmi,12901
2026-08-26T20:15:32Z,712f87f035c6cfe581ffb290d71707e9bca5b59b,6929,size_in_bytes,lib/ocaml/compiler-libs/binutils.cmi,2095
2026-08-26T20:15:32Z,712f87f035c6cfe581ffb290d71707e9bca5b59b,6929,size_in_bytes,lib/ocaml/compiler-libs/trace.cmi,5696
2026-08-26T20:15:32Z,712f87f035c6cfe581ffb290d71707e9bca5b59b,6929,size_in_bytes,lib/ocaml/compiler-libs/flambda2_reaper__Rebuild.cmi,12720
2026-08-26T20:15:32Z,712f87f035c6cfe581ffb290d71707e9bca5b59b,6929,size_in_bytes,lib/ocaml/compiler-libs/dwarf_low__Address_index.cmi,107657
2026-08-26T20:15:32Z,712f87f035c6cfe581ffb290d71707e9bca5b59b,6929,size_in_bytes,lib/ocaml/compiler-libs/dwarf_high__Dwarf_attribute_helpers.cmi,24048
2026-08-26T20:15:32Z,712f87f035c6cfe581ffb290d71707e9bca5b59b,6929,size_in_bytes,lib/ocaml/compiler-libs/flambda2_simplify__Lifted_constant_state.cmi,13765
2026-08-26T20:15:32Z,712f87f035c6cfe581ffb290d71707e9bca5b59b,6929,size_in_bytes,lib/ocaml/compiler-libs/flambda2_simplify__Unboxing_types.cmi,20376
2026-08-26T20:15:32Z,712f87f035c6cfe581ffb290d71707e9bca5b59b,6929,size_in_bytes,lib/ocaml/compiler-libs/flambda2_terms__Call_kind.cmi,18575
2026-08-26T20:15:32Z,712f87f035c6cfe581ffb290d71707e9bca5b59b,6929,size_in_bytes,lib/ocaml/compiler-libs/flambda2_simplify__Simplify_extcall.cmi,12256
2026-08-26T20:15:32Z,712f87f035c6cfe581ffb290d71707e9bca5b59b,6929,size_in_bytes,lib/ocaml/compiler-libs/includecore.cmi,26081
2026-08-26T20:15:32Z,712f87f035c6cfe581ffb290d71707e9bca5b59b,6929,size_in_bytes,lib/ocaml/compiler-libs/flambda2_bound_identifiers.cmi,1876
2026-08-26T20:15:32Z,712f87f035c6cfe581ffb290d71707e9bca5b59b,6929,size_in_bytes,lib/ocaml/compiler-libs/import_info.cmi,8687
2026-08-26T20:15:32Z,712f87f035c6cfe581ffb290d71707e9bca5b59b,6929,size_in_bytes,lib/ocaml/compiler-libs/flambda2_reaper__Cofield.cmi,61488
2026-08-26T20:15:32Z,712f87f035c6cfe581ffb290d71707e9bca5b59b,6929,size_in_bytes,lib/ocaml/compiler-libs/cfg_deadcode.cmi,10563
2026-08-26T20:15:32Z,712f87f035c6cfe581ffb290d71707e9bca5b59b,6929,size_in_bytes,lib/ocaml/compiler-libs/flambda2_terms__First_complex_local_param.cmi,7316
2026-08-26T20:15:32Z,712f87f035c6cfe581ffb290d71707e9bca5b59b,6929,size_in_bytes,lib/ocaml/compiler-libs/regalloc_irc_utils.cmi,17144
2026-08-26T20:15:32Z,712f87f035c6cfe581ffb290d71707e9bca5b59b,6929,size_in_bytes,lib/ocaml/compiler-libs/vectorize_utils.cmi,17250
2026-08-26T20:15:32Z,712f87f035c6cfe581ffb290d71707e9bca5b59b,6929,size_in_bytes,lib/ocaml/compiler-libs/peephole_rules.cmi,10456
2026-08-26T20:15:32Z,712f87f035c6cfe581ffb290d71707e9bca5b59b,6929,size_in_bytes,lib/ocaml/compiler-libs/vicuna_value_shapes.cmi,3419
2026-08-26T20:15:32Z,712f87f035c6cfe581ffb290d71707e9bca5b59b,6929,size_in_bytes,lib/ocaml/compiler-libs/doubly_linked_list.cmi,22080
2026-08-26T20:15:32Z,712f87f035c6cfe581ffb290d71707e9bca5b59b,6929,size_in_bytes,lib/ocaml/compiler-libs/flambda2_simplify__Common_subexpression_elimination.cmi,12683
2026-08-26T20:15:32Z,712f87f035c6cfe581ffb290d71707e9bca5b59b,6929,size_in_bytes,lib/ocaml/compiler-libs/linkenv.cmi,19298
2026-08-26T20:15:32Z,712f87f035c6cfe581ffb290d71707e9bca5b59b,6929,size_in_bytes,lib/ocaml/compiler-libs/flambda2_terms__Placement.cmi,7462
2026-08-26T20:15:32Z,712f87f035c6cfe581ffb290d71707e9bca5b59b,6929,size_in_bytes,lib/ocaml/compiler-libs/axis_lattice.cmi,10053
2026-08-26T20:15:32Z,712f87f035c6cfe581ffb290d71707e9bca5b59b,6929,size_in_bytes,lib/ocaml/compiler-libs/partition_object_files.cmi,2590
2026-08-26T20:15:32Z,712f87f035c6cfe581ffb290d71707e9bca5b59b,6929,size_in_bytes,lib/ocaml/compiler-libs/cfg_prologue.cmi,10786
2026-08-26T20:15:32Z,712f87f035c6cfe581ffb290d71707e9bca5b59b,6929,size_in_bytes,lib/ocaml/compiler-libs/binary_emitter_intf.cmi,13872
2026-08-26T20:15:32Z,712f87f035c6cfe581ffb290d71707e9bca5b59b,6929,size_in_bytes,lib/ocaml/compiler-libs/cmo_format.cmi,7185
2026-08-26T20:15:32Z,712f87f035c6cfe581ffb290d71707e9bca5b59b,6929,size_in_bytes,lib/ocaml/compiler-libs/flambda2_term_basics__Or_invalid.cmi,2237
2026-08-26T20:15:32Z,712f87f035c6cfe581ffb290d71707e9bca5b59b,6929,size_in_bytes,lib/ocaml/compiler-libs/flambda2_datalog__Datalog.cmi,11695
2026-08-26T20:15:32Z,712f87f035c6cfe581ffb290d71707e9bca5b59b,6929,size_in_bytes,lib/ocaml/compiler-libs/flambda2_terms__Mutability.cmi,8177
2026-08-26T20:15:32Z,712f87f035c6cfe581ffb290d71707e9bca5b59b,6929,size_in_bytes,lib/ocaml/compiler-libs/peephole_optimize.cmi,10412
2026-08-26T20:15:32Z,712f87f035c6cfe581ffb290d71707e9bca5b59b,6929,size_in_bytes,lib/ocaml/compiler-libs/flambda2_terms__Apply_cont_expr.cmi,66859
2026-08-26T20:15:32Z,712f87f035c6cfe581ffb290d71707e9bca5b59b,6929,size_in_bytes,lib/ocaml/compiler-libs/cmj_format.cmi,1809
2026-08-26T20:15:32Z,712f87f035c6cfe581ffb290d71707e9bca5b59b,6929,size_in_bytes,lib/ocaml/compiler-libs/cm_bundle.cmi,2474
2026-08-26T20:15:32Z,712f87f035c6cfe581ffb290d71707e9bca5b59b,6929,size_in_bytes,lib/ocaml/compiler-libs/flambda2_to_jsir__To_jsir_primitive.cmi,9206
2026-08-26T20:15:32Z,712f87f035c6cfe581ffb290d71707e9bca5b59b,6929,size_in_bytes,lib/ocaml/compiler-libs/x86_gas.cmi,2119
2026-08-26T20:15:32Z,712f87f035c6cfe581ffb290d71707e9bca5b59b,6929,size_in_bytes,lib/ocaml/compiler-libs/int_replace_polymorphic_compare.cmi,2355
2026-08-26T20:15:32Z,712f87f035c6cfe581ffb290d71707e9bca5b59b,6929,size_in_bytes,lib/ocaml/compiler-libs/section_table.cmi,4698
2026-08-26T20:15:32Z,712f87f035c6cfe581ffb290d71707e9bca5b59b,6929,size_in_bytes,lib/ocaml/compiler-libs/flambda2_terms__Code0.cmi,24694
2026-08-26T20:15:32Z,712f87f035c6cfe581ffb290d71707e9bca5b59b,6929,size_in_bytes,lib/ocaml/compiler-libs/flambda2_term_basics__Or_variable.cmi,8465
2026-08-26T20:15:32Z,712f87f035c6cfe581ffb290d71707e9bca5b59b,6929,size_in_bytes,lib/ocaml/compiler-libs/arm64_binary_emitter__Yield_helpers.cmi,620
2026-08-26T20:15:32Z,712f87f035c6cfe581ffb290d71707e9bca5b59b,6929,size_in_bytes,lib/ocaml/compiler-libs/regalloc_stack_operands.cmi,11340
2026-08-26T20:15:32Z,712f87f035c6cfe581ffb290d71707e9bca5b59b,6929,size_in_bytes,lib/ocaml/compiler-libs/cfg_with_layout.cmi,20979
2026-08-26T20:15:32Z,712f87f035c6cfe581ffb290d71707e9bca5b59b,6929,size_in_bytes,lib/ocaml/compiler-libs/flambda2_simplify__Comparison_result.cmi,8253
2026-08-26T20:15:32Z,712f87f035c6cfe581ffb290d71707e9bca5b59b,6929,size_in_bytes,lib/ocaml/compiler-libs/build_igot_and_iplt.cmi,2435
2026-08-26T20:15:32Z,712f87f035c6cfe581ffb290d71707e9bca5b59b,6929,size_in_bytes,lib/ocaml/compiler-libs/flambda2_identifiers__Named_rewrite_id.cmi,56337
2026-08-26T20:15:32Z,712f87f035c6cfe581ffb290d71707e9bca5b59b,6929,size_in_bytes,lib/ocaml/compiler-libs/symtable.cmi,116246
2026-08-26T20:15:32Z,712f87f035c6cfe581ffb290d71707e9bca5b59b,6929,size_in_bytes,lib/ocaml/compiler-libs/build_path_prefix_map.cmi,3518
2026-08-26T20:15:32Z,712f87f035c6cfe581ffb290d71707e9bca5b59b,6929,size_in_bytes,lib/ocaml/compiler-libs/flambda2_reaper__Traverse_acc.cmi,29577
2026-08-26T20:15:32Z,712f87f035c6cfe581ffb290d71707e9bca5b59b,6929,size_in_bytes,lib/ocaml/compiler-libs/flambda2_numbers__Or_infinity.cmi,3265
2026-08-26T20:15:32Z,712f87f035c6cfe581ffb290d71707e9bca5b59b,6929,size_in_bytes,lib/ocaml/compiler-libs/flambda2_identifiers__Int_ids.cmi,593408
2026-08-26T20:15:32Z,712f87f035c6cfe581ffb290d71707e9bca5b59b,6929,size_in_bytes,lib/ocaml/compiler-libs/eh_frame_registration.cmi,658
2026-08-26T20:15:32Z,712f87f035c6cfe581ffb290d71707e9bca5b59b,6929,size_in_bytes,lib/ocaml/compiler-libs/value_rec_compiler.cmi,3230
2026-08-26T20:15:32Z,712f87f035c6cfe581ffb290d71707e9bca5b59b,6929,size_in_bytes,lib/ocaml/compiler-libs/cfg_dataflow.cmi,24981
2026-08-26T20:15:32Z,712f87f035c6cfe581ffb290d71707e9bca5b59b,6929,size_in_bytes,lib/ocaml/compiler-libs/flambda2_simplify__Dominator_graph.cmi,15464
2026-08-26T20:15:32Z,712f87f035c6cfe581ffb290d71707e9bca5b59b,6929,size_in_bytes,lib/ocaml/compiler-libs/flambda2_datalog__Schedule.cmi,4353
2026-08-26T20:15:32Z,712f87f035c6cfe581ffb290d71707e9bca5b59b,6929,size_in_bytes,lib/ocaml/compiler-libs/flambda2_bound_identifiers__Bound_name.cmi,7096
2026-08-26T20:15:32Z,712f87f035c6cfe581ffb290d71707e9bca5b59b,6929,size_in_bytes,lib/ocaml/compiler-libs/flambda2_datalog__Datalog_imports.cmi,7131
2026-08-26T20:15:32Z,712f87f035c6cfe581ffb290d71707e9bca5b59b,6929,size_in_bytes,lib/ocaml/compiler-libs/flambda2_numbers__Numeric_types.cmi,819257
2026-08-26T20:15:32Z,712f87f035c6cfe581ffb290d71707e9bca5b59b,6929,size_in_bytes,lib/ocaml/compiler-libs/flambda2_simplify__Simplify_import.cmi,12810
2026-08-26T20:15:32Z,712f87f035c6cfe581ffb290d71707e9bca5b59b,6929,size_in_bytes,lib/ocaml/compiler-libs/longident.cmi,2981
2026-08-26T20:15:32Z,712f87f035c6cfe581ffb290d71707e9bca5b59b,6929,size_in_bytes,lib/ocaml/compiler-libs/dwarf_concrete_instances.cmi,13051
2026-08-26T20:15:32Z,712f87f035c6cfe581ffb290d71707e9bca5b59b,6929,size_in_bytes,lib/ocaml/compiler-libs/dwarf_low__Encoding_attribute.cmi,2248
2026-08-26T20:15:32Z,712f87f035c6cfe581ffb290d71707e9bca5b59b,6929,size_in_bytes,lib/ocaml/compiler-libs/flambda2_bound_identifiers__Bound_continuations.cmi,7418
2026-08-26T20:15:32Z,712f87f035c6cfe581ffb290d71707e9bca5b59b,6929,size_in_bytes,lib/ocaml/compiler-libs/flambda2_kinds__Flambda_arity.cmi,11372
2026-08-26T20:15:32Z,712f87f035c6cfe581ffb290d71707e9bca5b59b,6929,size_in_bytes,lib/ocaml/compiler-libs/flambda2_kinds__Tag.cmi,177671
2026-08-26T20:15:32Z,712f87f035c6cfe581ffb290d71707e9bca5b59b,6929,size_in_bytes,lib/ocaml/compiler-libs/predef.cmi,42338
2026-08-26T20:15:32Z,712f87f035c6cfe581ffb290d71707e9bca5b59b,6929,size_in_bytes,lib/ocaml/compiler-libs/flambda2_simplify__Are_lifting_conts.cmi,12345
2026-08-26T20:15:32Z,712f87f035c6cfe581ffb290d71707e9bca5b59b,6929,size_in_bytes,lib/ocaml/compiler-libs/flambda2_types__Provers.cmi,42076
2026-08-26T20:15:32Z,712f87f035c6cfe581ffb290d71707e9bca5b59b,6929,size_in_bytes,lib/ocaml/compiler-libs/flambda2_simplify_shared__Exported_offsets.cmi,9814
2026-08-26T20:15:32Z,712f87f035c6cfe581ffb290d71707e9bca5b59b,6929,size_in_bytes,lib/ocaml/compiler-libs/translmode.cmi,5721
2026-08-26T20:15:32Z,712f87f035c6cfe581ffb290d71707e9bca5b59b,6929,size_in_bytes,lib/ocaml/compiler-libs/flambda2_terms__Poll_attribute.cmi,7851
2026-08-26T20:15:32Z,712f87f035c6cfe581ffb290d71707e9bca5b59b,6929,size_in_bytes,lib/ocaml/compiler-libs/flambda2_simplify__Flow_analysis.cmi,12526
2026-08-26T20:15:32Z,712f87f035c6cfe581ffb290d71707e9bca5b59b,6929,size_in_bytes,lib/ocaml/compiler-libs/flambda2_nominal__Name_mode.cmi,116233
2026-08-26T20:15:32Z,712f87f035c6cfe581ffb290d71707e9bca5b59b,6929,size_in_bytes,lib/ocaml/compiler-libs/relocatable_symbol_name.cmi,875
2026-08-26T20:15:32Z,712f87f035c6cfe581ffb290d71707e9bca5b59b,6929,size_in_bytes,lib/ocaml/compiler-libs/printpat.cmi,4408
2026-08-26T20:15:32Z,712f87f035c6cfe581ffb290d71707e9bca5b59b,6929,size_in_bytes,lib/ocaml/compiler-libs/cfg_quick_hash.cmi,11248
2026-08-26T20:15:32Z,712f87f035c6cfe581ffb290d71707e9bca5b59b,6929,size_in_bytes,lib/ocaml/compiler-libs/flambda2_types__Typing_env_level.cmi,13297
2026-08-26T20:15:32Z,712f87f035c6cfe581ffb290d71707e9bca5b59b,6929,size_in_bytes,lib/ocaml/compiler-libs/language_extension.cmi,15276
2026-08-26T20:15:32Z,712f87f035c6cfe581ffb290d71707e9bca5b59b,6929,size_in_bytes,lib/ocaml/compiler-libs/typeopt.cmi,11862
2026-08-26T20:15:32Z,712f87f035c6cfe581ffb290d71707e9bca5b59b,6929,size_in_bytes,lib/ocaml/compiler-libs/flambda2_lattices.cmi,646
2026-08-26T20:15:32Z,712f87f035c6cfe581ffb290d71707e9bca5b59b,6929,size_in_bytes,lib/ocaml/compiler-libs/x86_peephole_optimize.cmi,1697
2026-08-26T20:15:32Z,712f87f035c6cfe581ffb290d71707e9bca5b59b,6929,size_in_bytes,lib/ocaml/compiler-libs/flambda2_bound_identifiers__Bound_continuation.cmi,7191
2026-08-26T20:15:32Z,712f87f035c6cfe581ffb290d71707e9bca5b59b,6929,size_in_bytes,lib/ocaml/compiler-libs/flambda2_term_basics__Inlined_debuginfo.cmi,6227
2026-08-26T20:15:32Z,712f87f035c6cfe581ffb290d71707e9bca5b59b,6929,size_in_bytes,lib/ocaml/compiler-libs/arm64_binary_emitter__Logical_helpers.cmi,3808
2026-08-26T20:15:32Z,712f87f035c6cfe581ffb290d71707e9bca5b59b,6929,size_in_bytes,lib/ocaml/compiler-libs/flambda2_datalog__Value.cmi,2593
2026-08-26T20:15:32Z,712f87f035c6cfe581ffb290d71707e9bca5b59b,6929,size_in_bytes,lib/ocaml/compiler-libs/typetexp.cmi,20693
2026-08-26T20:15:32Z,712f87f035c6cfe581ffb290d71707e9bca5b59b,6929,size_in_bytes,lib/ocaml/compiler-libs/flambda2_terms__Static_const.cmi,80583
2026-08-26T20:15:32Z,712f87f035c6cfe581ffb290d71707e9bca5b59b,6929,size_in_bytes,lib/ocaml/compiler-libs/flambda2_simplify__Non_recursive_handler.cmi,12346
2026-08-26T20:15:32Z,712f87f035c6cfe581ffb290d71707e9bca5b59b,6929,size_in_bytes,lib/ocaml/compiler-libs/hash_consed.cmi,5323
2026-08-26T20:15:32Z,712f87f035c6cfe581ffb290d71707e9bca5b59b,6929,size_in_bytes,lib/ocaml/compiler-libs/flambda2_identifiers__Name.cmi,65517
2026-08-26T20:15:32Z,712f87f035c6cfe581ffb290d71707e9bca5b59b,6929,size_in_bytes,lib/ocaml/compiler-libs/flambda2_terms__Inline_attribute.cmi,8072
2026-08-26T20:15:32Z,712f87f035c6cfe581ffb290d71707e9bca5b59b,6929,size_in_bytes,lib/ocaml/compiler-libs/asm_targets__Asm_section.cmi,14897
2026-08-26T20:15:32Z,712f87f035c6cfe581ffb290d71707e9bca5b59b,6929,size_in_bytes,lib/ocaml/compiler-libs/flambda2_types__Equal_types_for_debug.cmi,10970
2026-08-26T20:15:32Z,712f87f035c6cfe581ffb290d71707e9bca5b59b,6929,size_in_bytes,lib/ocaml/compiler-libs/flambda2_nominal__Name_occurrences.cmi,29808
2026-08-26T20:15:32Z,712f87f035c6cfe581ffb290d71707e9bca5b59b,6929,size_in_bytes,lib/ocaml/compiler-libs/printlambda.cmi,10139
2026-08-26T20:15:32Z,712f87f035c6cfe581ffb290d71707e9bca5b59b,6929,size_in_bytes,lib/ocaml/compiler-libs/flambda2_simplify__Simplify_rec_info_expr.cmi,13851
2026-08-26T20:15:32Z,712f87f035c6cfe581ffb290d71707e9bca5b59b,6929,size_in_bytes,lib/ocaml/compiler-libs/flambda2_compare.cmi,347
2026-08-26T20:15:32Z,712f87f035c6cfe581ffb290d71707e9bca5b59b,6929,size_in_bytes,lib/ocaml/compiler-libs/flambda2_types__Reify.cmi,13281
2026-08-26T20:15:32Z,712f87f035c6cfe581ffb290d71707e9bca5b59b,6929,size_in_bytes,lib/ocaml/compiler-libs/dwarf_low__Address_table.cmi,2966
2026-08-26T20:15:32Z,712f87f035c6cfe581ffb290d71707e9bca5b59b,6929,size_in_bytes,lib/ocaml/compiler-libs/flambda2_parser__Fexpr.cmi,47870
2026-08-26T20:15:32Z,712f87f035c6cfe581ffb290d71707e9bca5b59b,6929,size_in_bytes,lib/ocaml/compiler-libs/flambda2_parser__Flambda_parser_messages.cmi,1046
2026-08-26T20:15:32Z,712f87f035c6cfe581ffb290d71707e9bca5b59b,6929,size_in_bytes,lib/ocaml/compiler-libs/arg_helper.cmi,24593
2026-08-26T20:15:32Z,712f87f035c6cfe581ffb290d71707e9bca5b59b,6929,size_in_bytes,lib/ocaml/compiler-libs/diffing_with_keys.cmi,7918
2026-08-26T20:15:32Z,712f87f035c6cfe581ffb290d71707e9bca5b59b,6929,size_in_bytes,lib/ocaml/compiler-libs/depend.cmi,4850
2026-08-26T20:15:32Z,712f87f035c6cfe581ffb290d71707e9bca5b59b,6929,size_in_bytes,lib/ocaml/compiler-libs/flambda2_simplify__Unboxing_epa.cmi,11017
2026-08-26T20:15:32Z,712f87f035c6cfe581ffb290d71707e9bca5b59b,6929,size_in_bytes,lib/ocaml/compiler-libs/flambda2_from_lambda__Lambda_to_flambda_primitives_helpers.cmi,18700
2026-08-26T20:15:32Z,712f87f035c6cfe581ffb290d71707e9bca5b59b,6929,size_in_bytes,lib/ocaml/compiler-libs/flambda2_simplify__Downwards_env.cmi,45844
2026-08-26T20:15:32Z,712f87f035c6cfe581ffb290d71707e9bca5b59b,6929,size_in_bytes,lib/ocaml/compiler-libs/flambda2_identifiers__Code_id_or_name.cmi,8650
2026-08-26T20:15:32Z,712f87f035c6cfe581ffb290d71707e9bca5b59b,6929,size_in_bytes,lib/ocaml/compiler-libs/flambda2_terms__Flambda_unit.cmi,11980
2026-08-26T20:15:32Z,712f87f035c6cfe581ffb290d71707e9bca5b59b,6929,size_in_bytes,lib/ocaml/compiler-libs/flambda2_simplify__Specialization_cost.cmi,13110
2026-08-26T20:15:32Z,712f87f035c6cfe581ffb290d71707e9bca5b59b,6929,size_in_bytes,lib/ocaml/compiler-libs/jkind_axis.cmi,22769
2026-08-26T20:15:32Z,712f87f035c6cfe581ffb290d71707e9bca5b59b,6929,size_in_bytes,lib/ocaml/compiler-libs/bytegen.cmi,3812
2026-08-26T20:15:32Z,712f87f035c6cfe581ffb290d71707e9bca5b59b,6929,size_in_bytes,lib/ocaml/compiler-libs/linear_utils.cmi,11732
2026-08-26T20:15:32Z,712f87f035c6cfe581ffb290d71707e9bca5b59b,6929,size_in_bytes,lib/ocaml/compiler-libs/flambda2_simplify__Non_constructed_code.cmi,16817
2026-08-26T20:15:32Z,712f87f035c6cfe581ffb290d71707e9bca5b59b,6929,size_in_bytes,lib/ocaml/compiler-libs/flambda2_term_basics__Scope.cmi,58446
2026-08-26T20:15:32Z,712f87f035c6cfe581ffb290d71707e9bca5b59b,6929,size_in_bytes,lib/ocaml/compiler-libs/opterrors.cmi,789
2026-08-26T20:15:32Z,712f87f035c6cfe581ffb290d71707e9bca5b59b,6929,size_in_bytes,lib/ocaml/compiler-libs/primitive.cmi,17009
2026-08-26T20:15:32Z,712f87f035c6cfe581ffb290d71707e9bca5b59b,6929,size_in_bytes,lib/ocaml/compiler-libs/flambda2_simplify__Simplify_primitive.cmi,11504
2026-08-26T20:15:32Z,712f87f035c6cfe581ffb290d71707e9bca5b59b,6929,size_in_bytes,lib/ocaml/compiler-libs/parser_types.cmi,3323
2026-08-26T20:15:32Z,712f87f035c6cfe581ffb290d71707e9bca5b59b,6929,size_in_bytes,lib/ocaml/compiler-libs/flambda2_terms__Function_decl_inlining_decision_type.cmi,10935
2026-08-26T20:15:32Z,712f87f035c6cfe581ffb290d71707e9bca5b59b,6929,size_in_bytes,lib/ocaml/compiler-libs/flambda2_terms__Code_size.cmi,12288
2026-08-26T20:15:32Z,712f87f035c6cfe581ffb290d71707e9bca5b59b,6929,size_in_bytes,lib/ocaml/compiler-libs/gprinttyp.cmi,14677
2026-08-26T20:15:32Z,712f87f035c6cfe581ffb290d71707e9bca5b59b,6929,size_in_bytes,lib/ocaml/compiler-libs/dwarf_low__Initial_length.cmi,2227
2026-08-26T20:15:32Z,712f87f035c6cfe581ffb290d71707e9bca5b59b,6929,size_in_bytes,lib/ocaml/compiler-libs/regalloc_interf_graph.cmi,21192
2026-08-26T20:15:32Z,712f87f035c6cfe581ffb290d71707e9bca5b59b,6929,size_in_bytes,lib/ocaml/compiler-libs/flambda2_datalog__Cursor.cmi,18228
2026-08-26T20:15:32Z,712f87f035c6cfe581ffb290d71707e9bca5b59b,6929,size_in_bytes,lib/ocaml/compiler-libs/regalloc_gi.cmi,10826
2026-08-26T20:15:32Z,712f87f035c6cfe581ffb290d71707e9bca5b59b,6929,size_in_bytes,lib/ocaml/compiler-libs/flambda2_nominal.cmi,1564
2026-08-26T20:15:32Z,712f87f035c6cfe581ffb290d71707e9bca5b59b,6929,size_in_bytes,lib/ocaml/compiler-libs/stack_reg_offset.cmi,1161
2026-08-26T20:15:32Z,712f87f035c6cfe581ffb290d71707e9bca5b59b,6929,size_in_bytes,lib/ocaml/compiler-libs/dwarf_low__Dwarf_format.cmi,1039
2026-08-26T20:15:32Z,712f87f035c6cfe581ffb290d71707e9bca5b59b,6929,size_in_bytes,lib/ocaml/compiler-libs/flambda2_identifiers__Function_slot.cmi,78756
2026-08-26T20:15:32Z,712f87f035c6cfe581ffb290d71707e9bca5b59b,6929,size_in_bytes,lib/ocaml/compiler-libs/printoperation.cmi,12131
2026-08-26T20:15:32Z,712f87f035c6cfe581ffb290d71707e9bca5b59b,6929,size_in_bytes,lib/ocaml/compiler-libs/flambda2_bound_identifiers__Bound_var.cmi,8885
2026-08-26T20:15:32Z,712f87f035c6cfe581ffb290d71707e9bca5b59b,6929,size_in_bytes,lib/ocaml/compiler-libs/oprint.cmi,4923
2026-08-26T20:15:32Z,712f87f035c6cfe581ffb290d71707e9bca5b59b,6929,size_in_bytes,lib/ocaml/compiler-libs/flambda2_simplify_shared__Function_decl_inlining_decision.cmi,8803
2026-08-26T20:15:32Z,712f87f035c6cfe581ffb290d71707e9bca5b59b,6929,size_in_bytes,lib/ocaml/compiler-libs/stack_check.cmi,10316
2026-08-26T20:15:32Z,712f87f035c6cfe581ffb290d71707e9bca5b59b,6929,size_in_bytes,lib/ocaml/compiler-libs/dwarf_low__Location_list.cmi,3255
2026-08-26T20:15:32Z,712f87f035c6cfe581ffb290d71707e9bca5b59b,6929,size_in_bytes,lib/ocaml/compiler-libs/format_doc.cmi,35077
2026-08-26T20:15:32Z,712f87f035c6cfe581ffb290d71707e9bca5b59b,6929,size_in_bytes,lib/ocaml/compiler-libs/makedepend.cmi,671
2026-08-26T20:15:32Z,712f87f035c6cfe581ffb290d71707e9bca5b59b,6929,size_in_bytes,lib/ocaml/compiler-libs/dwarf_low__Dwarf_4_location_list_entry.cmi,3991
2026-08-26T20:15:32Z,712f87f035c6cfe581ffb290d71707e9bca5b59b,6929,size_in_bytes,lib/ocaml/compiler-libs/operation.cmi,25213
2026-08-26T20:15:32Z,712f87f035c6cfe581ffb290d71707e9bca5b59b,6929,size_in_bytes,lib/ocaml/compiler-libs/flambda2_algorithms__Channel.cmi,3202
2026-08-26T20:15:32Z,712f87f035c6cfe581ffb290d71707e9bca5b59b,6929,size_in_bytes,lib/ocaml/compiler-libs/mixed_product_bytes.cmi,9456
2026-08-26T20:15:32Z,712f87f035c6cfe581ffb290d71707e9bca5b59b,6929,size_in_bytes,lib/ocaml/compiler-libs/reg.cmi,113098
2026-08-26T20:15:32Z,712f87f035c6cfe581ffb290d71707e9bca5b59b,6929,size_in_bytes,lib/ocaml/compiler-libs/flambda2_terms__Coeffects.cmi,7697
2026-08-26T20:15:32Z,712f87f035c6cfe581ffb290d71707e9bca5b59b,6929,size_in_bytes,lib/ocaml/compiler-libs/regalloc_split.cmi,11609
2026-08-26T20:15:32Z,712f87f035c6cfe581ffb290d71707e9bca5b59b,6929,size_in_bytes,lib/ocaml/compiler-libs/flambda2_parser__Flambda_to_fexpr.cmi,8978
2026-08-26T20:15:32Z,712f87f035c6cfe581ffb290d71707e9bca5b59b,6929,size_in_bytes,lib/ocaml/compiler-libs/stack_class_utils.cmi,22879
2026-08-26T20:15:32Z,712f87f035c6cfe581ffb290d71707e9bca5b59b,6929,size_in_bytes,lib/ocaml/compiler-libs/printcfg.cmi,16475
2026-08-26T20:15:32Z,712f87f035c6cfe581ffb290d71707e9bca5b59b,6929,size_in_bytes,lib/ocaml/compiler-libs/flambda2_to_cmm.cmi,1425
2026-08-26T20:15:32Z,712f87f035c6cfe581ffb290d71707e9bca5b59b,6929,size_in_bytes,lib/ocaml/compiler-libs/flambda2_types__Typing_env.cmi,31565
2026-08-26T20:15:32Z,712f87f035c6cfe581ffb290d71707e9bca5b59b,6929,size_in_bytes,lib/ocaml/compiler-libs/flambda2_terms__Inlining_state.cmi,9726
2026-08-26T20:15:32Z,712f87f035c6cfe581ffb290d71707e9bca5b59b,6929,size_in_bytes,lib/ocaml/compiler-libs/flambda2_datalog__Virtual_machine.cmi,10637
2026-08-26T20:15:32Z,712f87f035c6cfe581ffb290d71707e9bca5b59b,6929,size_in_bytes,lib/ocaml/compiler-libs/asttypes.cmi,5154
2026-08-26T20:15:32Z,712f87f035c6cfe581ffb290d71707e9bca5b59b,6929,size_in_bytes,lib/ocaml/compiler-libs/flambda2_simplify__Lifted_constant.cmi,20570
2026-08-26T20:15:32Z,712f87f035c6cfe581ffb290d71707e9bca5b59b,6929,size_in_bytes,lib/ocaml/compiler-libs/flambda2_reaper__Global_flow_graph.cmi,23190
2026-08-26T20:15:32Z,712f87f035c6cfe581ffb290d71707e9bca5b59b,6929,size_in_bytes,lib/ocaml/compiler-libs/profile.cmi,7884
2026-08-26T20:15:32Z,712f87f035c6cfe581ffb290d71707e9bca5b59b,6929,size_in_bytes,lib/ocaml/compiler-libs/config.cmi,15855
2026-08-26T20:15:32Z,712f87f035c6cfe581ffb290d71707e9bca5b59b,6929,size_in_bytes,lib/ocaml/compiler-libs/warnings.cmi,21464
2026-08-26T20:15:32Z,712f87f035c6cfe581ffb290d71707e9bca5b59b,6929,size_in_bytes,lib/ocaml/compiler-libs/flambda2_simplify__Loopify_state.cmi,7478
2026-08-26T20:15:32Z,712f87f035c6cfe581ffb290d71707e9bca5b59b,6929,size_in_bytes,lib/ocaml/compiler-libs/x86_masm.cmi,1620
2026-08-26T20:15:32Z,712f87f035c6cfe581ffb290d71707e9bca5b59b,6929,size_in_bytes,lib/ocaml/compiler-libs/flambda2_identifiers__Rec_info_expr0.cmi,12983
2026-08-26T20:15:32Z,712f87f035c6cfe581ffb290d71707e9bca5b59b,6929,size_in_bytes,lib/ocaml/compiler-libs/flambda2_simplify__Simplify_coercion.cmi,11171
2026-08-26T20:15:32Z,712f87f035c6cfe581ffb290d71707e9bca5b59b,6929,size_in_bytes,lib/ocaml/compiler-libs/flambda2_simplify__Optimistic_unboxing_decision.cmi,9579
2026-08-26T20:15:32Z,712f87f035c6cfe581ffb290d71707e9bca5b59b,6929,size_in_bytes,lib/ocaml/compiler-libs/flambda2_terms__Regalloc_param_attribute.cmi,7887
2026-08-26T20:15:32Z,712f87f035c6cfe581ffb290d71707e9bca5b59b,6929,size_in_bytes,lib/ocaml/compiler-libs/dwarf_type.cmi,6249
2026-08-26T20:15:32Z,712f87f035c6cfe581ffb290d71707e9bca5b59b,6929,size_in_bytes,lib/ocaml/compiler-libs/flambda2_term_basics__Simple.cmi,191221
2026-08-26T20:15:32Z,712f87f035c6cfe581ffb290d71707e9bca5b59b,6929,size_in_bytes,lib/ocaml/compiler-libs/dwarf_low__Abbreviations_table_entry.cmi,3619
2026-08-26T20:15:32Z,712f87f035c6cfe581ffb290d71707e9bca5b59b,6929,size_in_bytes,lib/ocaml/compiler-libs/cfg_selectgen_target_intf.cmi,20326
2026-08-26T20:15:32Z,712f87f035c6cfe581ffb290d71707e9bca5b59b,6929,size_in_bytes,lib/ocaml/compiler-libs/arm64_binary_emitter__Relocation.cmi,7128
2026-08-26T20:15:32Z,712f87f035c6cfe581ffb290d71707e9bca5b59b,6929,size_in_bytes,lib/ocaml/compiler-libs/typedecl_properties.cmi,6951
2026-08-26T20:15:32Z,712f87f035c6cfe581ffb290d71707e9bca5b59b,6929,size_in_bytes,lib/ocaml/compiler-libs/flambda2_to_jsir__To_jsir_set_of_closures.cmi,9120
2026-08-26T20:15:32Z,712f87f035c6cfe581ffb290d71707e9bca5b59b,6929,size_in_bytes,lib/ocaml/compiler-libs/flambda2_simplify__Call_site_inlining_decision.cmi,12565
2026-08-26T20:15:32Z,712f87f035c6cfe581ffb290d71707e9bca5b59b,6929,size_in_bytes,lib/ocaml/compiler-libs/btype.cmi,172749
2026-08-26T20:15:32Z,712f87f035c6cfe581ffb290d71707e9bca5b59b,6929,size_in_bytes,lib/ocaml/compiler-libs/jkind_types.cmi,34439
2026-08-26T20:15:32Z,712f87f035c6cfe581ffb290d71707e9bca5b59b,6929,size_in_bytes,lib/ocaml/compiler-libs/arm64_binary_emitter.cmi,3519
2026-08-26T20:15:32Z,712f87f035c6cfe581ffb290d71707e9bca5b59b,6929,size_in_bytes,lib/ocaml/compiler-libs/flambda2_terms__Trap_action.cmi,10447
2026-08-26T20:15:32Z,712f87f035c6cfe581ffb290d71707e9bca5b59b,6929,size_in_bytes,lib/ocaml/compiler-libs/x86_ast.cmi,17417
2026-08-26T20:15:32Z,712f87f035c6cfe581ffb290d71707e9bca5b59b,6929,size_in_bytes,lib/ocaml/compiler-libs/flambda2_terms__Validity.cmi,7553
2026-08-26T20:15:32Z,712f87f035c6cfe581ffb290d71707e9bca5b59b,6929,size_in_bytes,lib/ocaml/compiler-libs/dwarf_low__Dwarf_attributes.cmi,143001
2026-08-26T20:15:32Z,712f87f035c6cfe581ffb290d71707e9bca5b59b,6929,size_in_bytes,lib/ocaml/compiler-libs/flambda2_algorithms__Patricia_tree.cmi,60526
2026-08-26T20:15:32Z,712f87f035c6cfe581ffb290d71707e9bca5b59b,6929,size_in_bytes,lib/ocaml/compiler-libs/flambda2_simplify__Continuation_shortcut.cmi,8447
2026-08-26T20:15:32Z,712f87f035c6cfe581ffb290d71707e9bca5b59b,6929,size_in_bytes,lib/ocaml/compiler-libs/typedtree.cmi,155596
2026-08-26T20:15:32Z,712f87f035c6cfe581ffb290d71707e9bca5b59b,6929,size_in_bytes,lib/ocaml/compiler-libs/dwarf_low__Location_or_range_list.cmi,2964
2026-08-26T20:15:32Z,712f87f035c6cfe581ffb290d71707e9bca5b59b,6929,size_in_bytes,lib/ocaml/compiler-libs/flambda2_reaper__Unboxing_analysis.cmi,16354
2026-08-26T20:15:32Z,712f87f035c6cfe581ffb290d71707e9bca5b59b,6929,size_in_bytes,lib/ocaml/compiler-libs/flambda2_parser.cmi,1907
2026-08-26T20:15:32Z,712f87f035c6cfe581ffb290d71707e9bca5b59b,6929,size_in_bytes,lib/ocaml/compiler-libs/flambda2_simplify__Inlining_transforms.cmi,11606
2026-08-26T20:15:32Z,712f87f035c6cfe581ffb290d71707e9bca5b59b,6929,size_in_bytes,lib/ocaml/compiler-libs/scalar.cmi,38614
2026-08-26T20:15:32Z,712f87f035c6cfe581ffb290d71707e9bca5b59b,6929,size_in_bytes,lib/ocaml/compiler-libs/flambda2_terms__Effects_and_coeffects.cmi,8464
2026-08-26T20:15:32Z,712f87f035c6cfe581ffb290d71707e9bca5b59b,6929,size_in_bytes,lib/ocaml/compiler-libs/regalloc_affinity.cmi,12770
2026-08-26T20:15:32Z,712f87f035c6cfe581ffb290d71707e9bca5b59b,6929,size_in_bytes,lib/ocaml/compiler-libs/flambda2_bound_identifiers__Bound_parameter.cmi,63782
2026-08-26T20:15:32Z,712f87f035c6cfe581ffb290d71707e9bca5b59b,6929,size_in_bytes,lib/ocaml/compiler-libs/mode_hint.cmi,16316
2026-08-26T20:15:32Z,712f87f035c6cfe581ffb290d71707e9bca5b59b,6929,size_in_bytes,lib/ocaml/compiler-libs/load_path.cmi,7999
2026-08-26T20:15:32Z,712f87f035c6cfe581ffb290d71707e9bca5b59b,6929,size_in_bytes,lib/ocaml/compiler-libs/flambda2_simplify__Continuation_uses_env.cmi,15063
2026-08-26T20:15:32Z,712f87f035c6cfe581ffb290d71707e9bca5b59b,6929,size_in_bytes,lib/ocaml/compiler-libs/translquote.cmi,3404
2026-08-26T20:15:32Z,712f87f035c6cfe581ffb290d71707e9bca5b59b,6929,size_in_bytes,lib/ocaml/compiler-libs/cmm_peephole_engine.cmi,15813
2026-08-26T20:15:32Z,712f87f035c6cfe581ffb290d71707e9bca5b59b,6929,size_in_bytes,lib/ocaml/compiler-libs/env.cmi,144098
2026-08-26T20:15:32Z,712f87f035c6cfe581ffb290d71707e9bca5b59b,6929,size_in_bytes,lib/ocaml/compiler-libs/debug.cmi,771
2026-08-26T20:15:32Z,712f87f035c6cfe581ffb290d71707e9bca5b59b,6929,size_in_bytes,lib/ocaml/compiler-libs/flambda2_import.cmi,365
2026-08-26T20:15:32Z,712f87f035c6cfe581ffb290d71707e9bca5b59b,6929,size_in_bytes,lib/ocaml/compiler-libs/printtyp.cmi,14132
2026-08-26T20:15:32Z,712f87f035c6cfe581ffb290d71707e9bca5b59b,6929,size_in_bytes,lib/ocaml/compiler-libs/flambda2_to_cmm__To_cmm_result.cmi,15495
2026-08-26T20:15:32Z,712f87f035c6cfe581ffb290d71707e9bca5b59b,6929,size_in_bytes,lib/ocaml/compiler-libs/syntaxerr.cmi,4618
2026-08-26T20:15:32Z,712f87f035c6cfe581ffb290d71707e9bca5b59b,6929,size_in_bytes,lib/ocaml/compiler-libs/llvm_ir.cmi,125052
2026-08-26T20:15:32Z,712f87f035c6cfe581ffb290d71707e9bca5b59b,6929,size_in_bytes,lib/ocaml/compiler-libs/dwarf_low__Abbreviation_code.cmi,2942
2026-08-26T20:15:32Z,712f87f035c6cfe581ffb290d71707e9bca5b59b,6929,size_in_bytes,lib/ocaml/compiler-libs/misc.cmi,217508
2026-08-26T20:15:32Z,712f87f035c6cfe581ffb290d71707e9bca5b59b,6929,size_in_bytes,lib/ocaml/compiler-libs/dwarf_low__Location_list_table.cmi,4443
2026-08-26T20:15:32Z,712f87f035c6cfe581ffb290d71707e9bca5b59b,6929,size_in_bytes,lib/ocaml/compiler-libs/flambda2_simplify__One_recursive_handler.cmi,10568
2026-08-26T20:15:32Z,712f87f035c6cfe581ffb290d71707e9bca5b59b,6929,size_in_bytes,lib/ocaml/compiler-libs/includeclass.cmi,4718
2026-08-26T20:15:32Z,712f87f035c6cfe581ffb290d71707e9bca5b59b,6929,size_in_bytes,lib/ocaml/compiler-libs/flambda2_terms__Inlining_history.cmi,15560
2026-08-26T20:15:32Z,712f87f035c6cfe581ffb290d71707e9bca5b59b,6929,size_in_bytes,lib/ocaml/compiler-libs/cfg_stack_checks.cmi,10388
2026-08-26T20:15:32Z,712f87f035c6cfe581ffb290d71707e9bca5b59b,6929,size_in_bytes,lib/ocaml/compiler-libs/flambda2_parser__Fexpr_prim_descr.cmi,36507
2026-08-26T20:15:32Z,712f87f035c6cfe581ffb290d71707e9bca5b59b,6929,size_in_bytes,lib/ocaml/compiler-libs/cmt2annot.cmi,3859
2026-08-26T20:15:32Z,712f87f035c6cfe581ffb290d71707e9bca5b59b,6929,size_in_bytes,lib/ocaml/compiler-libs/compenv.cmi,12118
2026-08-26T20:15:32Z,712f87f035c6cfe581ffb290d71707e9bca5b59b,6929,size_in_bytes,lib/ocaml/compiler-libs/flambda2_parser__Parse_flambda.cmi,10093
2026-08-26T20:15:32Z,712f87f035c6cfe581ffb290d71707e9bca5b59b,6929,size_in_bytes,lib/ocaml/compiler-libs/build_linker_args.cmi,2268
2026-08-26T20:15:32Z,712f87f035c6cfe581ffb290d71707e9bca5b59b,6929,size_in_bytes,lib/ocaml/compiler-libs/flambda2_simplify__Named_rewrite.cmi,9006
2026-08-26T20:15:32Z,712f87f035c6cfe581ffb290d71707e9bca5b59b,6929,size_in_bytes,lib/ocaml/compiler-libs/flambda2_parser__Flambda_parser.cmi,27454
2026-08-26T20:15:32Z,712f87f035c6cfe581ffb290d71707e9bca5b59b,6929,size_in_bytes,lib/ocaml/compiler-libs/flambda2_term_basics__Unit.cmi,60872
2026-08-26T20:15:32Z,712f87f035c6cfe581ffb290d71707e9bca5b59b,6929,size_in_bytes,lib/ocaml/compiler-libs/flambda2_terms__Recursive.cmi,7190
2026-08-26T20:15:32Z,712f87f035c6cfe581ffb290d71707e9bca5b59b,6929,size_in_bytes,lib/ocaml/compiler-libs/flambda2_to_jsir__To_jsir_static_const.cmi,12232
2026-08-26T20:15:32Z,712f87f035c6cfe581ffb290d71707e9bca5b59b,6929,size_in_bytes,lib/ocaml/compiler-libs/dwarf_abstract_instances.cmi,5923
2026-08-26T20:15:32Z,712f87f035c6cfe581ffb290d71707e9bca5b59b,6929,size_in_bytes,lib/ocaml/compiler-libs/flambda2_to_cmm__To_cmm.cmi,9897
2026-08-26T20:15:32Z,712f87f035c6cfe581ffb290d71707e9bca5b59b,6929,size_in_bytes,lib/ocaml/compiler-libs/dwarf_low__Location_list_entry.cmi,3732
2026-08-26T20:15:32Z,712f87f035c6cfe581ffb290d71707e9bca5b59b,6929,size_in_bytes,lib/ocaml/compiler-libs/flambda2_terms__Code_metadata.cmi,43529
2026-08-26T20:15:32Z,712f87f035c6cfe581ffb290d71707e9bca5b59b,6929,size_in_bytes,lib/ocaml/compiler-libs/flambda2_types__Meet.cmi,7953
2026-08-26T20:15:32Z,712f87f035c6cfe581ffb290d71707e9bca5b59b,6929,size_in_bytes,lib/ocaml/compiler-libs/flambda2_from_lambda__Lambda_to_flambda.cmi,10593
2026-08-26T20:15:32Z,712f87f035c6cfe581ffb290d71707e9bca5b59b,6929,size_in_bytes,lib/ocaml/compiler-libs/flambda2_terms__Cost_metrics.cmi,12178
2026-08-26T20:15:32Z,712f87f035c6cfe581ffb290d71707e9bca5b59b,6929,size_in_bytes,lib/ocaml/compiler-libs/regs.cmi,75362
2026-08-26T20:15:32Z,712f87f035c6cfe581ffb290d71707e9bca5b59b,6929,size_in_bytes,lib/ocaml/compiler-libs/bytefunctorizer.cmi,1264
2026-08-26T20:15:32Z,712f87f035c6cfe581ffb290d71707e9bca5b59b,6929,size_in_bytes,lib/ocaml/compiler-libs/bytepackager.cmi,4189
2026-08-26T20:15:32Z,712f87f035c6cfe581ffb290d71707e9bca5b59b,6929,size_in_bytes,lib/ocaml/compiler-libs/subst.cmi,45017
2026-08-26T20:15:32Z,712f87f035c6cfe581ffb290d71707e9bca5b59b,6929,size_in_bytes,lib/ocaml/compiler-libs/dsl_helpers.cmi,229
2026-08-26T20:15:32Z,712f87f035c6cfe581ffb290d71707e9bca5b59b,6929,size_in_bytes,lib/ocaml/compiler-libs/arrayset.cmi,6981
2026-08-26T20:15:32Z,712f87f035c6cfe581ffb290d71707e9bca5b59b,6929,size_in_bytes,lib/ocaml/compiler-libs/flambda2_nominal__Name_abstraction.cmi,14045
2026-08-26T20:15:32Z,712f87f035c6cfe581ffb290d71707e9bca5b59b,6929,size_in_bytes,lib/ocaml/compiler-libs/flambda2_term_basics__Empty_array_kind.cmi,5512
2026-08-26T20:15:32Z,712f87f035c6cfe581ffb290d71707e9bca5b59b,6929,size_in_bytes,lib/ocaml/compiler-libs/flambda2_terms__Regalloc_attribute.cmi,7845
2026-08-26T20:15:32Z,712f87f035c6cfe581ffb290d71707e9bca5b59b,6929,size_in_bytes,lib/ocaml/compiler-libs/parse.cmi,4735
2026-08-26T20:15:32Z,712f87f035c6cfe581ffb290d71707e9bca5b59b,6929,size_in_bytes,lib/ocaml/compiler-libs/ident.cmi,64981
2026-08-26T20:15:32Z,712f87f035c6cfe581ffb290d71707e9bca5b59b,6929,size_in_bytes,lib/ocaml/compiler-libs/typedecl.cmi,31470
2026-08-26T20:15:32Z,712f87f035c6cfe581ffb290d71707e9bca5b59b,6929,size_in_bytes,lib/ocaml/compiler-libs/cmo_io.cmi,3612
2026-08-26T20:15:32Z,712f87f035c6cfe581ffb290d71707e9bca5b59b,6929,size_in_bytes,lib/ocaml/compiler-libs/CSE.cmi,10630
2026-08-26T20:15:32Z,712f87f035c6cfe581ffb290d71707e9bca5b59b,6929,size_in_bytes,lib/ocaml/compiler-libs/flambda2_simplify__Simplify_switch_expr.cmi,11421
2026-08-26T20:15:32Z,712f87f035c6cfe581ffb290d71707e9bca5b59b,6929,size_in_bytes,lib/ocaml/compiler-libs/flambda2_reaper__Points_to_analysis.cmi,30780
2026-08-26T20:15:32Z,712f87f035c6cfe581ffb290d71707e9bca5b59b,6929,size_in_bytes,lib/ocaml/compiler-libs/ldd_intf.cmi,8424
2026-08-26T20:15:32Z,712f87f035c6cfe581ffb290d71707e9bca5b59b,6929,size_in_bytes,lib/ocaml/compiler-libs/rawprinttyp.cmi,2949
2026-08-26T20:15:32Z,712f87f035c6cfe581ffb290d71707e9bca5b59b,6929,size_in_bytes,lib/ocaml/compiler-libs/symbol_table.cmi,6516
2026-08-26T20:15:32Z,712f87f035c6cfe581ffb290d71707e9bca5b59b,6929,size_in_bytes,lib/ocaml/compiler-libs/dwarf_low__Abbreviations_table.cmi,3213
2026-08-26T20:15:32Z,712f87f035c6cfe581ffb290d71707e9bca5b59b,6929,size_in_bytes,lib/ocaml/compiler-libs/flambda2_to_jsir__To_jsir.cmi,10531
2026-08-26T20:15:32Z,712f87f035c6cfe581ffb290d71707e9bca5b59b,6929,size_in_bytes,lib/ocaml/compiler-libs/opt_fuel.cmi,898
2026-08-26T20:15:32Z,712f87f035c6cfe581ffb290d71707e9bca5b59b,6929,size_in_bytes,lib/ocaml/compiler-libs/dwarf_low__Inline_code.cmi,1793
2026-08-26T20:15:32Z,712f87f035c6cfe581ffb290d71707e9bca5b59b,6929,size_in_bytes,lib/ocaml/compiler-libs/parmatch.cmi,12116
2026-08-26T20:15:32Z,712f87f035c6cfe581ffb290d71707e9bca5b59b,6929,size_in_bytes,lib/ocaml/compiler-libs/terminfo.cmi,1903
2026-08-26T20:15:32Z,712f87f035c6cfe581ffb290d71707e9bca5b59b,6929,size_in_bytes,lib/ocaml/compiler-libs/flambda2_types__Type_grammar.cmi,229474
2026-08-26T20:15:32Z,712f87f035c6cfe581ffb290d71707e9bca5b59b,6929,size_in_bytes,lib/ocaml/compiler-libs/arm64_binary_emitter__Simd_helpers.cmi,9432
2026-08-26T20:15:32Z,712f87f035c6cfe581ffb290d71707e9bca5b59b,6929,size_in_bytes,lib/ocaml/compiler-libs/blambda_of_lambda.cmi,3208
2026-08-26T20:15:32Z,712f87f035c6cfe581ffb290d71707e9bca5b59b,6929,size_in_bytes,lib/ocaml/compiler-libs/compute_ranges_intf.cmi,62968
2026-08-26T20:15:32Z,712f87f035c6cfe581ffb290d71707e9bca5b59b,6929,size_in_bytes,lib/ocaml/compiler-libs/slambdaident.cmi,54323
2026-08-26T20:15:32Z,712f87f035c6cfe581ffb290d71707e9bca5b59b,6929,size_in_bytes,lib/ocaml/compiler-libs/main_args.cmi,262484
2026-08-26T20:15:32Z,712f87f035c6cfe581ffb290d71707e9bca5b59b,6929,size_in_bytes,lib/ocaml/compiler-libs/regalloc_irc.cmi,10862
2026-08-26T20:15:32Z,712f87f035c6cfe581ffb290d71707e9bca5b59b,6929,size_in_bytes,lib/ocaml/compiler-libs/dwarf_high__Dwarf_world.cmi,4180
2026-08-26T20:15:32Z,712f87f035c6cfe581ffb290d71707e9bca5b59b,6929,size_in_bytes,lib/ocaml/compiler-libs/flambda2_ui.cmi,469
2026-08-26T20:15:32Z,712f87f035c6cfe581ffb290d71707e9bca5b59b,6929,size_in_bytes,lib/ocaml/compiler-libs/typedecl_variance.cmi,10227
2026-08-26T20:15:32Z,712f87f035c6cfe581ffb290d71707e9bca5b59b,6929,size_in_bytes,lib/ocaml/compiler-libs/cmx_format.cmi,20087
2026-08-26T20:15:32Z,712f87f035c6cfe581ffb290d71707e9bca5b59b,6929,size_in_bytes,lib/ocaml/compiler-libs/available_ranges_vars.cmi,57466
2026-08-26T20:15:32Z,712f87f035c6cfe581ffb290d71707e9bca5b59b,6929,size_in_bytes,lib/ocaml/compiler-libs/byteinstantiator.cmi,713
2026-08-26T20:15:32Z,712f87f035c6cfe581ffb290d71707e9bca5b59b,6929,size_in_bytes,lib/ocaml/compiler-libs/flambda2_to_jsir__To_jsir_shared.cmi,13915
2026-08-26T20:15:32Z,712f87f035c6cfe581ffb290d71707e9bca5b59b,6929,size_in_bytes,lib/ocaml/compiler-libs/flambda2_simplify__Simplify.cmi,11266
2026-08-26T20:15:32Z,712f87f035c6cfe581ffb290d71707e9bca5b59b,6929,size_in_bytes,lib/ocaml/compiler-libs/dwarf_low__Dwarf_operator.cmi,18659
2026-08-26T20:15:32Z,712f87f035c6cfe581ffb290d71707e9bca5b59b,6929,size_in_bytes,lib/ocaml/compiler-libs/flambda2_bound_identifiers__Bound_pattern.cmi,12420
2026-08-26T20:15:32Z,712f87f035c6cfe581ffb290d71707e9bca5b59b,6929,size_in_bytes,lib/ocaml/compiler-libs/regalloc_ls_utils.cmi,23916
2026-08-26T20:15:32Z,712f87f035c6cfe581ffb290d71707e9bca5b59b,6929,size_in_bytes,lib/ocaml/compiler-libs/dwarf_low__Dwarf_emittable.cmi,2892
2026-08-26T20:15:32Z,712f87f035c6cfe581ffb290d71707e9bca5b59b,6929,size_in_bytes,lib/ocaml/compiler-libs/mixed_block_shape.cmi,8600
2026-08-26T20:15:32Z,712f87f035c6cfe581ffb290d71707e9bca5b59b,6929,size_in_bytes,lib/ocaml/compiler-libs/flambda2_parser__Flambda_to_fexpr_commons.cmi,76874
2026-08-26T20:15:32Z,712f87f035c6cfe581ffb290d71707e9bca5b59b,6929,size_in_bytes,lib/ocaml/compiler-libs/flambda2_identifiers__Flambda_debug_uid.cmi,57450
2026-08-26T20:15:32Z,712f87f035c6cfe581ffb290d71707e9bca5b59b,6929,size_in_bytes,lib/ocaml/compiler-libs/optcomp_intf.cmi,15125
2026-08-26T20:15:32Z,712f87f035c6cfe581ffb290d71707e9bca5b59b,6929,size_in_bytes,lib/ocaml/compiler-libs/functorizer.cmi,4584
2026-08-26T20:15:32Z,712f87f035c6cfe581ffb290d71707e9bca5b59b,6929,size_in_bytes,lib/ocaml/compiler-libs/flambda2_terms__Inlined_attribute.cmi,9274
2026-08-26T20:15:32Z,712f87f035c6cfe581ffb290d71707e9bca5b59b,6929,size_in_bytes,lib/ocaml/compiler-libs/x86_proc.cmi,12973
2026-08-26T20:15:32Z,712f87f035c6cfe581ffb290d71707e9bca5b59b,6929,size_in_bytes,lib/ocaml/compiler-libs/flambda2_reaper__Traverse.cmi,15525
2026-08-26T20:15:32Z,712f87f035c6cfe581ffb290d71707e9bca5b59b,6929,size_in_bytes,lib/ocaml/compiler-libs/flambda2_lattices__Or_unknown.cmi,67417
2026-08-26T20:15:32Z,712f87f035c6cfe581ffb290d71707e9bca5b59b,6929,size_in_bytes,lib/ocaml/compiler-libs/dwarf_low__Simple_location_description.cmi,2532
2026-08-26T20:15:32Z,712f87f035c6cfe581ffb290d71707e9bca5b59b,6929,size_in_bytes,lib/ocaml/compiler-libs/solver_intf.cmi,62686
2026-08-26T20:15:32Z,712f87f035c6cfe581ffb290d71707e9bca5b59b,6929,size_in_bytes,lib/ocaml/compiler-libs/vectorize_specific.cmi,10497
2026-08-26T20:15:32Z,712f87f035c6cfe581ffb290d71707e9bca5b59b,6929,size_in_bytes,lib/ocaml/compiler-libs/cfg_selection.cmi,23614
2026-08-26T20:15:32Z,712f87f035c6cfe581ffb290d71707e9bca5b59b,6929,size_in_bytes,lib/ocaml/compiler-libs/signature_with_global_bindings.cmi,4825
2026-08-26T20:15:32Z,712f87f035c6cfe581ffb290d71707e9bca5b59b,6929,size_in_bytes,lib/ocaml/compiler-libs/lambda.cmi,151711
2026-08-26T20:15:32Z,712f87f035c6cfe581ffb290d71707e9bca5b59b,6929,size_in_bytes,lib/ocaml/compiler-libs/flambda2_nominal__Contains_names.cmi,5716
2026-08-26T20:15:32Z,712f87f035c6cfe581ffb290d71707e9bca5b59b,6929,size_in_bytes,lib/ocaml/compiler-libs/printast.cmi,5211
2026-08-26T20:15:32Z,712f87f035c6cfe581ffb290d71707e9bca5b59b,6929,size_in_bytes,lib/ocaml/compiler-libs/jkind_intf.cmi,37295
2026-08-26T20:15:32Z,712f87f035c6cfe581ffb290d71707e9bca5b59b,6929,size_in_bytes,lib/ocaml/compiler-libs/dwarf_high__Proto_die.cmi,8454
2026-08-26T20:15:32Z,712f87f035c6cfe581ffb290d71707e9bca5b59b,6929,size_in_bytes,lib/ocaml/compiler-libs/cmi_format.cmi,8903
2026-08-26T20:15:32Z,712f87f035c6cfe581ffb290d71707e9bca5b59b,6929,size_in_bytes,lib/ocaml/compiler-libs/linkage_name.cmi,53431
2026-08-26T20:15:32Z,712f87f035c6cfe581ffb290d71707e9bca5b59b,6929,size_in_bytes,lib/ocaml/compiler-libs/flambda2_to_cmm__To_cmm_expr.cmi,9899
2026-08-26T20:15:32Z,712f87f035c6cfe581ffb290d71707e9bca5b59b,6929,size_in_bytes,lib/ocaml/compiler-libs/flambda2_reaper__Field.cmi,67232
2026-08-26T20:15:32Z,712f87f035c6cfe581ffb290d71707e9bca5b59b,6929,size_in_bytes,lib/ocaml/compiler-libs/flambda2_ui__Flambda_colours.cmi,5914
2026-08-26T20:15:32Z,712f87f035c6cfe581ffb290d71707e9bca5b59b,6929,size_in_bytes,lib/ocaml/compiler-libs/slambdaeval.cmi,7447
2026-08-26T20:15:32Z,712f87f035c6cfe581ffb290d71707e9bca5b59b,6929,size_in_bytes,lib/ocaml/compiler-libs/mode_intf.cmi,429529
2026-08-26T20:15:32Z,712f87f035c6cfe581ffb290d71707e9bca5b59b,6929,size_in_bytes,lib/ocaml/compiler-libs/arm64_binary_emitter__Condition_helpers.cmi,1734
2026-08-26T20:15:32Z,712f87f035c6cfe581ffb290d71707e9bca5b59b,6929,size_in_bytes,lib/ocaml/compiler-libs/flambda2_simplify__Closure_info.cmi,9007
2026-08-26T20:15:32Z,712f87f035c6cfe581ffb290d71707e9bca5b59b,6929,size_in_bytes,lib/ocaml/compiler-libs/flambda2_numbers__One_bit_fewer.cmi,24434
2026-08-26T20:15:32Z,712f87f035c6cfe581ffb290d71707e9bca5b59b,6929,size_in_bytes,lib/ocaml/compiler-libs/instruct.cmi,20600
2026-08-26T20:15:32Z,712f87f035c6cfe581ffb290d71707e9bca5b59b,6929,size_in_bytes,lib/ocaml/compiler-libs/tmc.cmi,2897
2026-08-26T20:15:32Z,712f87f035c6cfe581ffb290d71707e9bca5b59b,6929,size_in_bytes,lib/ocaml/compiler-libs/flambda2_types__Cached_level.cmi,11174
2026-08-26T20:15:32Z,712f87f035c6cfe581ffb290d71707e9bca5b59b,6929,size_in_bytes,lib/ocaml/compiler-libs/dissector.cmi,4357
2026-08-26T20:15:32Z,712f87f035c6cfe581ffb290d71707e9bca5b59b,6929,size_in_bytes,lib/ocaml/compiler-libs/tast_iterator.cmi,18522
2026-08-26T20:15:32Z,712f87f035c6cfe581ffb290d71707e9bca5b59b,6929,size_in_bytes,lib/ocaml/compiler-libs/arm64_binary_emitter__Load_store_helpers.cmi,14544
2026-08-26T20:15:32Z,712f87f035c6cfe581ffb290d71707e9bca5b59b,6929,size_in_bytes,lib/ocaml/compiler-libs/binary_emitter_helpers.cmi,1814
2026-08-26T20:15:32Z,712f87f035c6cfe581ffb290d71707e9bca5b59b,6929,size_in_bytes,lib/ocaml/compiler-libs/flambda2_terms__Apply_expr.cmi,74164
2026-08-26T20:15:32Z,712f87f035c6cfe581ffb290d71707e9bca5b59b,6929,size_in_bytes,lib/ocaml/compiler-libs/flambda2_from_lambda__Lambda_to_flambda_primitives.cmi,11775
2026-08-26T20:15:32Z,712f87f035c6cfe581ffb290d71707e9bca5b59b,6929,size_in_bytes,lib/ocaml/compiler-libs/flambda2_parser__Fexpr_to_flambda.cmi,10028
2026-08-26T20:15:32Z,712f87f035c6cfe581ffb290d71707e9bca5b59b,6929,size_in_bytes,lib/ocaml/compiler-libs/dwarf_state.cmi,20353
2026-08-26T20:15:32Z,712f87f035c6cfe581ffb290d71707e9bca5b59b,6929,size_in_bytes,lib/ocaml/compiler-libs/allowance.cmi,5738
2026-08-26T20:15:32Z,712f87f035c6cfe581ffb290d71707e9bca5b59b,6929,size_in_bytes,lib/ocaml/compiler-libs/datarepr.cmi,6429
2026-08-26T20:15:32Z,712f87f035c6cfe581ffb290d71707e9bca5b59b,6929,size_in_bytes,lib/ocaml/compiler-libs/flambda2_simplify__Continuation_extra_params_and_args.cmi,15250
2026-08-26T20:15:32Z,712f87f035c6cfe581ffb290d71707e9bca5b59b,6929,size_in_bytes,lib/ocaml/compiler-libs/asm_targets__Asm_directives.cmi,40280
2026-08-26T20:15:32Z,712f87f035c6cfe581ffb290d71707e9bca5b59b,6929,size_in_bytes,lib/ocaml/compiler-libs/regalloc_split_state.cmi,12652
2026-08-26T20:15:32Z,712f87f035c6cfe581ffb290d71707e9bca5b59b,6929,size_in_bytes,lib/ocaml/compiler-libs/regalloc_ls.cmi,10826
2026-08-26T20:15:32Z,712f87f035c6cfe581ffb290d71707e9bca5b59b,6929,size_in_bytes,lib/ocaml/compiler-libs/bytelibrarian.cmi,2374
2026-08-26T20:15:32Z,712f87f035c6cfe581ffb290d71707e9bca5b59b,6929,size_in_bytes,lib/ocaml/compiler-libs/flambda2_parser__Fexpr_to_flambda_commons.cmi,103649
2026-08-26T20:15:32Z,712f87f035c6cfe581ffb290d71707e9bca5b59b,6929,size_in_bytes,lib/ocaml/compiler-libs/flambda2_simplify__Flow.cmi,21190
2026-08-26T20:15:32Z,712f87f035c6cfe581ffb290d71707e9bca5b59b,6929,size_in_bytes,lib/ocaml/compiler-libs/flambda2_simplify_shared__Slot_offsets.cmi,14876
2026-08-26T20:15:32Z,712f87f035c6cfe581ffb290d71707e9bca5b59b,6929,size_in_bytes,lib/ocaml/compiler-libs/flambda2_simplify__Simplify_nullary_primitive.cmi,11671
2026-08-26T20:15:32Z,712f87f035c6cfe581ffb290d71707e9bca5b59b,6929,size_in_bytes,lib/ocaml/compiler-libs/flambda2_floats__Float32.cmi,4308
2026-08-26T20:15:32Z,712f87f035c6cfe581ffb290d71707e9bca5b59b,6929,size_in_bytes,lib/ocaml/compiler-libs/dwarf_low__Location_or_range_list_table.cmi,4784
2026-08-26T20:15:32Z,712f87f035c6cfe581ffb290d71707e9bca5b59b,6929,size_in_bytes,lib/ocaml/compiler-libs/dwarf_low.cmi,6322
2026-08-26T20:15:32Z,712f87f035c6cfe581ffb290d71707e9bca5b59b,6929,size_in_bytes,lib/ocaml/compiler-libs/flambda2_cmx__Flambda_cmx_format.cmi,12153
2026-08-26T20:15:32Z,712f87f035c6cfe581ffb290d71707e9bca5b59b,6929,size_in_bytes,lib/ocaml/compiler-libs/cmm_invariants.cmi,9427
2026-08-26T20:15:32Z,712f87f035c6cfe581ffb290d71707e9bca5b59b,6929,size_in_bytes,lib/ocaml/compiler-libs/matching.cmi,11160
2026-08-26T20:15:32Z,712f87f035c6cfe581ffb290d71707e9bca5b59b,6929,size_in_bytes,lib/ocaml/compiler-libs/arm64_ast__Logical_immediates.cmi,1341
2026-08-26T20:15:32Z,712f87f035c6cfe581ffb290d71707e9bca5b59b,6929,size_in_bytes,lib/ocaml/compiler-libs/topmain.cmi,456
2026-08-26T20:15:32Z,712f87f035c6cfe581ffb290d71707e9bca5b59b,6929,size_in_bytes,lib/ocaml/compiler-libs/diffing.cmi,9110
2026-08-26T20:15:32Z,712f87f035c6cfe581ffb290d71707e9bca5b59b,6929,size_in_bytes,lib/ocaml/compiler-libs/parser.cmi,101841
2026-08-26T20:15:32Z,712f87f035c6cfe581ffb290d71707e9bca5b59b,6929,size_in_bytes,lib/ocaml/compiler-libs/asm_targets.cmi,822
2026-08-26T20:15:32Z,712f87f035c6cfe581ffb290d71707e9bca5b59b,6929,size_in_bytes,lib/ocaml/compiler-libs/arch.cmi,25297
2026-08-26T20:15:32Z,712f87f035c6cfe581ffb290d71707e9bca5b59b,6929,size_in_bytes,lib/ocaml/compiler-libs/flambda2_types__Join_env.cmi,16438
2026-08-26T20:15:32Z,712f87f035c6cfe581ffb290d71707e9bca5b59b,6929,size_in_bytes,lib/ocaml/compiler-libs/flambda2_simplify__Simplify_named_result.cmi,13756
2026-08-26T20:15:32Z,712f87f035c6cfe581ffb290d71707e9bca5b59b,6929,size_in_bytes,lib/ocaml/compiler-libs/errortrace_report.cmi,6955
2026-08-26T20:15:32Z,712f87f035c6cfe581ffb290d71707e9bca5b59b,6929,size_in_bytes,lib/ocaml/compiler-libs/dwarf_low__Location_or_range_list_entry.cmi,8432
2026-08-26T20:15:32Z,712f87f035c6cfe581ffb290d71707e9bca5b59b,6929,size_in_bytes,lib/ocaml/compiler-libs/regalloc_rewrite.cmi,14901
2026-08-26T20:15:32Z,712f87f035c6cfe581ffb290d71707e9bca5b59b,6929,size_in_bytes,lib/ocaml/compiler-libs/partial_link.cmi,3525
2026-08-26T20:15:32Z,712f87f035c6cfe581ffb290d71707e9bca5b59b,6929,size_in_bytes,lib/ocaml/compiler-libs/dwarf_low__Dwarf_language.cmi,3316
2026-08-26T20:15:32Z,712f87f035c6cfe581ffb290d71707e9bca5b59b,6929,size_in_bytes,lib/ocaml/compiler-libs/flambda2_types__Join_levels.cmi,8020
2026-08-26T20:15:32Z,712f87f035c6cfe581ffb290d71707e9bca5b59b,6929,size_in_bytes,lib/ocaml/compiler-libs/flambda2_nominal__Num_occurrences.cmi,1283
2026-08-26T20:15:32Z,712f87f035c6cfe581ffb290d71707e9bca5b59b,6929,size_in_bytes,lib/ocaml/compiler-libs/cfg_dominators.cmi,12879
2026-08-26T20:15:32Z,712f87f035c6cfe581ffb290d71707e9bca5b59b,6929,size_in_bytes,lib/ocaml/compiler-libs/compile_common.cmi,10157
2026-08-26T20:15:32Z,712f87f035c6cfe581ffb290d71707e9bca5b59b,6929,size_in_bytes,lib/ocaml/compiler-libs/flambda2_identifiers__Apply_cont_rewrite_id.cmi,56377
2026-08-26T20:15:32Z,712f87f035c6cfe581ffb290d71707e9bca5b59b,6929,size_in_bytes,lib/ocaml/compiler-libs/flambda2_identifiers.cmi,2801
2026-08-26T20:15:32Z,712f87f035c6cfe581ffb290d71707e9bca5b59b,6929,size_in_bytes,lib/ocaml/compiler-libs/flambda2_lattices__Or_bottom.cmi,4994
2026-08-26T20:15:32Z,712f87f035c6cfe581ffb290d71707e9bca5b59b,6929,size_in_bytes,lib/ocaml/compiler-libs/arm64_ast.cmi,415
2026-08-26T20:15:32Z,712f87f035c6cfe581ffb290d71707e9bca5b59b,6929,size_in_bytes,lib/ocaml/compiler-libs/probe_emission.cmi,14428
2026-08-26T20:15:32Z,712f87f035c6cfe581ffb290d71707e9bca5b59b,6929,size_in_bytes,lib/ocaml/compiler-libs/bytesections.cmi,5090
2026-08-26T20:15:32Z,712f87f035c6cfe581ffb290d71707e9bca5b59b,6929,size_in_bytes,lib/ocaml/compiler-libs/runtimedef.cmi,556
2026-08-26T20:15:32Z,712f87f035c6cfe581ffb290d71707e9bca5b59b,6929,size_in_bytes,lib/ocaml/compiler-libs/flambda2_datalog__.cmi,1695
2026-08-26T20:15:32Z,712f87f035c6cfe581ffb290d71707e9bca5b59b,6929,size_in_bytes,lib/ocaml/compiler-libs/flambda2_to_cmm__To_cmm_effects.cmi,12303
2026-08-26T20:15:32Z,712f87f035c6cfe581ffb290d71707e9bca5b59b,6929,size_in_bytes,lib/ocaml/compiler-libs/instructionId.cmi,55656
2026-08-26T20:15:32Z,712f87f035c6cfe581ffb290d71707e9bca5b59b,6929,size_in_bytes,lib/ocaml/compiler-libs/asmgen.cmi,16752
2026-08-26T20:15:32Z,712f87f035c6cfe581ffb290d71707e9bca5b59b,6929,size_in_bytes,lib/ocaml/compiler-libs/flambda2_algorithms__Container_types.cmi,138775
2026-08-26T20:15:32Z,712f87f035c6cfe581ffb290d71707e9bca5b59b,6929,size_in_bytes,lib/ocaml/compiler-libs/dwarf_low__Single_location_description.cmi,2662
2026-08-26T20:15:32Z,712f87f035c6cfe581ffb290d71707e9bca5b59b,6929,size_in_bytes,lib/ocaml/compiler-libs/flambda2_bound_identifiers__Bound_for_function.cmi,10550
2026-08-26T20:15:32Z,712f87f035c6cfe581ffb290d71707e9bca5b59b,6929,size_in_bytes,lib/ocaml/compiler-libs/domainstate.cmi,5794
2026-08-26T20:15:32Z,712f87f035c6cfe581ffb290d71707e9bca5b59b,6929,size_in_bytes,lib/ocaml/compiler-libs/compilenv.cmi,17395
2026-08-26T20:15:32Z,712f87f035c6cfe581ffb290d71707e9bca5b59b,6929,size_in_bytes,lib/ocaml/compiler-libs/sub_cfg.cmi,18513
2026-08-26T20:15:32Z,712f87f035c6cfe581ffb290d71707e9bca5b59b,6929,size_in_bytes,lib/ocaml/compiler-libs/x86_dsl.cmi,25407
2026-08-26T20:15:32Z,712f87f035c6cfe581ffb290d71707e9bca5b59b,6929,size_in_bytes,lib/ocaml/compiler-libs/dwarf_name_laundry.cmi,4138
2026-08-26T20:15:32Z,712f87f035c6cfe581ffb290d71707e9bca5b59b,6929,size_in_bytes,lib/ocaml/compiler-libs/flambda2_simplify__Reification.cmi,11732
2026-08-26T20:15:32Z,712f87f035c6cfe581ffb290d71707e9bca5b59b,6929,size_in_bytes,lib/ocaml/compiler-libs/flambda2_simplify__Simplify_named.cmi,12121
2026-08-26T20:15:32Z,712f87f035c6cfe581ffb290d71707e9bca5b59b,6929,size_in_bytes,lib/ocaml/compiler-libs/flambda2_simplify__Simplify_set_of_closures.cmi,13992
2026-08-26T20:15:32Z,712f87f035c6cfe581ffb290d71707e9bca5b59b,6929,size_in_bytes,lib/ocaml/compiler-libs/flambda2_simplify__Simplify_quaternary_primitive.cmi,17372
2026-08-26T20:15:32Z,712f87f035c6cfe581ffb290d71707e9bca5b59b,6929,size_in_bytes,lib/ocaml/compiler-libs/x86_peephole_utils.cmi,5585
2026-08-26T20:15:32Z,712f87f035c6cfe581ffb290d71707e9bca5b59b,6929,size_in_bytes,lib/ocaml/compiler-libs/typemode.cmi,8751
2026-08-26T20:15:32Z,712f87f035c6cfe581ffb290d71707e9bca5b59b,6929,size_in_bytes,lib/ocaml/compiler-libs/flambda2_simplify__Simplify_binary_primitive.cmi,12126
2026-08-26T20:15:32Z,712f87f035c6cfe581ffb290d71707e9bca5b59b,6929,size_in_bytes,lib/ocaml/compiler-libs/runtimetags.cmi,2469
2026-08-26T20:15:32Z,712f87f035c6cfe581ffb290d71707e9bca5b59b,6929,size_in_bytes,lib/ocaml/compiler-libs/translattribute.cmi,6600
2026-08-26T20:15:32Z,712f87f035c6cfe581ffb290d71707e9bca5b59b,6929,size_in_bytes,lib/ocaml/compiler-libs/flambda2_kinds__Flambda_kind.cmi,369217
2026-08-26T20:15:32Z,712f87f035c6cfe581ffb290d71707e9bca5b59b,6929,size_in_bytes,lib/ocaml/compiler-libs/docstrings.cmi,16493
2026-08-26T20:15:32Z,712f87f035c6cfe581ffb290d71707e9bca5b59b,6929,size_in_bytes,lib/ocaml/compiler-libs/flambda2_simplify__Simplify_apply_cont_expr.cmi,11445
2026-08-26T20:15:32Z,712f87f035c6cfe581ffb290d71707e9bca5b59b,6929,size_in_bytes,lib/ocaml/compiler-libs/cfg_with_infos.cmi,15290
2026-08-26T20:15:32Z,712f87f035c6cfe581ffb290d71707e9bca5b59b,6929,size_in_bytes,lib/ocaml/compiler-libs/flambda2_algorithms__Container_types_intf.cmi,355625
2026-08-26T20:15:32Z,712f87f035c6cfe581ffb290d71707e9bca5b59b,6929,size_in_bytes,lib/ocaml/compiler-libs/cfg_cse.cmi,10597
2026-08-26T20:15:32Z,712f87f035c6cfe581ffb290d71707e9bca5b59b,6929,size_in_bytes,lib/ocaml/compiler-libs/translmod.cmi,8988
2026-08-26T20:15:32Z,712f87f035c6cfe581ffb290d71707e9bca5b59b,6929,size_in_bytes,lib/ocaml/compiler-libs/flambda2_to_jsir__To_jsir_env.cmi,20973
2026-08-26T20:15:32Z,712f87f035c6cfe581ffb290d71707e9bca5b59b,6929,size_in_bytes,lib/ocaml/compiler-libs/dwarf_low__Range_list.cmi,2955
2026-08-26T20:15:32Z,712f87f035c6cfe581ffb290d71707e9bca5b59b,6929,size_in_bytes,lib/ocaml/compiler-libs/flambda2_cmx__Exported_code.cmi,15126
2026-08-26T20:15:32Z,712f87f035c6cfe581ffb290d71707e9bca5b59b,6929,size_in_bytes,lib/ocaml/compiler-libs/measure_object_files.cmi,4026
2026-08-26T20:15:32Z,712f87f035c6cfe581ffb290d71707e9bca5b59b,6929,size_in_bytes,lib/ocaml/compiler-libs/regalloc_stack_slots.cmi,13515
2026-08-26T20:15:32Z,712f87f035c6cfe581ffb290d71707e9bca5b59b,6929,size_in_bytes,lib/ocaml/compiler-libs/flambda2_term_basics__String_info.cmi,56137
2026-08-26T20:15:32Z,712f87f035c6cfe581ffb290d71707e9bca5b59b,6929,size_in_bytes,lib/ocaml/compiler-libs/dwarf_low__Dwarf_attribute_values.cmi,19343
2026-08-26T20:15:32Z,712f87f035c6cfe581ffb290d71707e9bca5b59b,6929,size_in_bytes,lib/ocaml/compiler-libs/flambda2_terms__Function_declarations.cmi,11127
2026-08-26T20:15:32Z,712f87f035c6cfe581ffb290d71707e9bca5b59b,6929,size_in_bytes,lib/ocaml/threads/thread.cmi,8412
2026-08-26T20:15:32Z,712f87f035c6cfe581ffb290d71707e9bca5b59b,6929,size_in_bytes,lib/ocaml/threads/event.cmi,4179
2026-08-26T20:15:32Z,712f87f035c6cfe581ffb290d71707e9bca5b59b,6929,size_in_bytes,lib/ocaml/threads/multicore.cmi,2235
2026-08-26T20:15:32Z,712f87f035c6cfe581ffb290d71707e9bca5b59b,6929,size_in_bytes,lib/ocaml/dynlink/dynlink.cmi,5530
2026-08-26T20:15:32Z,712f87f035c6cfe581ffb290d71707e9bca5b59b,6929,size_in_bytes,lib/ocaml/stdlib_beta/stdlib_beta.cmi,229
2026-08-26T20:15:32Z,712f87f035c6cfe581ffb290d71707e9bca5b59b,6929,size_in_bytes,lib/ocaml/stdlib_alpha/stdlib_alpha.cmi,231
2026-08-26T20:15:32Z,712f87f035c6cfe581ffb290d71707e9bca5b59b,6929,size_in_bytes,lib/ocaml/stdlib_upstream_compatible/stdlib_upstream_compatible__Float_u.cmi,15562
2026-08-26T20:15:32Z,712f87f035c6cfe581ffb290d71707e9bca5b59b,6929,size_in_bytes,lib/ocaml/stdlib_upstream_compatible/stdlib_upstream_compatible.cmi,789
2026-08-26T20:15:32Z,712f87f035c6cfe581ffb290d71707e9bca5b59b,6929,size_in_bytes,lib/ocaml/stdlib_upstream_compatible/stdlib_upstream_compatible__.cmi,1095
2026-08-26T20:15:32Z,712f87f035c6cfe581ffb290d71707e9bca5b59b,6929,size_in_bytes,lib/ocaml/stdlib_upstream_compatible/stdlib_upstream_compatible__Int64_u.cmi,11331
2026-08-26T20:15:32Z,712f87f035c6cfe581ffb290d71707e9bca5b59b,6929,size_in_bytes,lib/ocaml/stdlib_upstream_compatible/stdlib_upstream_compatible__Nativeint_u.cmi,10134
2026-08-26T20:15:32Z,712f87f035c6cfe581ffb290d71707e9bca5b59b,6929,size_in_bytes,lib/ocaml/stdlib_upstream_compatible/stdlib_upstream_compatible__Int32_u.cmi,9539
2026-08-26T20:15:32Z,712f87f035c6cfe581ffb290d71707e9bca5b59b,6929,size_in_bytes,lib/ocaml/str/str.cmi,10552
2026-08-26T20:15:32Z,712f87f035c6cfe581ffb290d71707e9bca5b59b,6929,size_in_bytes,lib/ocaml/stdlib_stable/stdlib_stable__IarrayLabels.cmi,45822
2026-08-26T20:15:32Z,712f87f035c6cfe581ffb290d71707e9bca5b59b,6929,size_in_bytes,lib/ocaml/stdlib_stable/stdlib_stable__Int16_u.cmi,11720
2026-08-26T20:15:32Z,712f87f035c6cfe581ffb290d71707e9bca5b59b,6929,size_in_bytes,lib/ocaml/stdlib_stable/stdlib_stable__.cmi,2104
2026-08-26T20:15:32Z,712f87f035c6cfe581ffb290d71707e9bca5b59b,6929,size_in_bytes,lib/ocaml/stdlib_stable/stdlib_stable__Char_u.cmi,3524
2026-08-26T20:15:32Z,712f87f035c6cfe581ffb290d71707e9bca5b59b,6929,size_in_bytes,lib/ocaml/stdlib_stable/stdlib_stable__Int8_u.cmi,11646
2026-08-26T20:15:32Z,712f87f035c6cfe581ffb290d71707e9bca5b59b,6929,size_in_bytes,lib/ocaml/stdlib_stable/stdlib_stable.cmi,1252
2026-08-26T20:15:32Z,712f87f035c6cfe581ffb290d71707e9bca5b59b,6929,size_in_bytes,lib/ocaml/stdlib_stable/stdlib_stable__Int8.cmi,10558
2026-08-26T20:15:32Z,712f87f035c6cfe581ffb290d71707e9bca5b59b,6929,size_in_bytes,lib/ocaml/stdlib_stable/stdlib_stable__Idx_mut.cmi,4215
2026-08-26T20:15:32Z,712f87f035c6cfe581ffb290d71707e9bca5b59b,6929,size_in_bytes,lib/ocaml/stdlib_stable/stdlib_stable__Iarray.cmi,17507
2026-08-26T20:15:32Z,712f87f035c6cfe581ffb290d71707e9bca5b59b,6929,size_in_bytes,lib/ocaml/stdlib_stable/stdlib_stable__Int.cmi,10382
2026-08-26T20:15:32Z,712f87f035c6cfe581ffb290d71707e9bca5b59b,6929,size_in_bytes,lib/ocaml/stdlib_stable/stdlib_stable__Idx_imm.cmi,3638
2026-08-26T20:15:32Z,712f87f035c6cfe581ffb290d71707e9bca5b59b,6929,size_in_bytes,lib/ocaml/stdlib_stable/stdlib_stable__Int16.cmi,10624
2026-08-26T20:15:32Z,712f87f035c6cfe581ffb290d71707e9bca5b59b,6929,size_in_bytes,lib/ocaml/stdlib_stable/stdlib_stable__Float32.cmi,46139
2026-08-26T20:15:32Z,712f87f035c6cfe581ffb290d71707e9bca5b59b,6929,size_in_bytes,lib/ocaml/stdlib_stable/stdlib_stable__Idx_atomic.cmi,1518
2026-08-26T20:15:32Z,712f87f035c6cfe581ffb290d71707e9bca5b59b,6929,size_in_bytes,lib/ocaml/stdlib_stable/stdlib_stable__Int_u.cmi,10983
2026-08-26T20:15:32Z,712f87f035c6cfe581ffb290d71707e9bca5b59b,6929,size_in_bytes,lib/ocaml/stdlib_stable/stdlib_stable__Or_null.cmi,6910
2026-08-26T20:15:32Z,712f87f035c6cfe581ffb290d71707e9bca5b59b,6929,size_in_bytes,lib/ocaml/stdlib_stable/stdlib_stable__Float32_u.cmi,33158
2026-08-26T20:15:32Z,712f87f035c6cfe581ffb290d71707e9bca5b59b,6929,size_in_bytes,lib/ocaml/unix/unixLabels.cmi,93843
2026-08-26T20:15:32Z,712f87f035c6cfe581ffb290d71707e9bca5b59b,6929,size_in_bytes,lib/ocaml/unix/unix.cmi,91439
2026-08-26T20:15:32Z,712f87f035c6cfe581ffb290d71707e9bca5b59b,6929,size_in_bytes,lib/ocaml/stdlib__Backoff.cmx,8619
2026-08-26T20:15:32Z,712f87f035c6cfe581ffb290d71707e9bca5b59b,6929,size_in_bytes,lib/ocaml/stdlib__Array.cmx,201242
2026-08-26T20:15:32Z,712f87f035c6cfe581ffb290d71707e9bca5b59b,6929,size_in_bytes,lib/ocaml/stdlib__Float.cmx,213465
2026-08-26T20:15:32Z,712f87f035c6cfe581ffb290d71707e9bca5b59b,6929,size_in_bytes,lib/ocaml/gc_timings.cmx,5021
2026-08-26T20:15:32Z,712f87f035c6cfe581ffb290d71707e9bca5b59b,6929,size_in_bytes,lib/ocaml/stdlib__Parsing.cmx,65544
2026-08-26T20:15:32Z,712f87f035c6cfe581ffb290d71707e9bca5b59b,6929,size_in_bytes,lib/ocaml/compiler_owee__Owee_location.cmx,39036
2026-08-26T20:15:32Z,712f87f035c6cfe581ffb290d71707e9bca5b59b,6929,size_in_bytes,lib/ocaml/stdlib__Printf.cmx,69967
2026-08-26T20:15:32Z,712f87f035c6cfe581ffb290d71707e9bca5b59b,6929,size_in_bytes,lib/ocaml/stdlib__Digest.cmx,211086
2026-08-26T20:15:32Z,712f87f035c6cfe581ffb290d71707e9bca5b59b,6929,size_in_bytes,lib/ocaml/stdlib__Effect.cmx,48884
2026-08-26T20:15:32Z,712f87f035c6cfe581ffb290d71707e9bca5b59b,6929,size_in_bytes,lib/ocaml/stdlib__Repr.cmx,727
2026-08-26T20:15:32Z,712f87f035c6cfe581ffb290d71707e9bca5b59b,6929,size_in_bytes,lib/ocaml/camlinternalOO.cmx,33575
2026-08-26T20:15:32Z,712f87f035c6cfe581ffb290d71707e9bca5b59b,6929,size_in_bytes,lib/ocaml/stdlib__Unit.cmx,3732
2026-08-26T20:15:32Z,712f87f035c6cfe581ffb290d71707e9bca5b59b,6929,size_in_bytes,lib/ocaml/stdlib__StdLabels.cmx,578
2026-08-26T20:15:32Z,712f87f035c6cfe581ffb290d71707e9bca5b59b,6929,size_in_bytes,lib/ocaml/stdlib__Filename.cmx,354042
2026-08-26T20:15:32Z,712f87f035c6cfe581ffb290d71707e9bca5b59b,6929,size_in_bytes,lib/ocaml/compiler_owee__Owee_macho.cmx,104662
2026-08-26T20:15:32Z,712f87f035c6cfe581ffb290d71707e9bca5b59b,6929,size_in_bytes,lib/ocaml/eval.cmx,37023
2026-08-26T20:15:32Z,712f87f035c6cfe581ffb290d71707e9bca5b59b,6929,size_in_bytes,lib/ocaml/compiler_owee__Owee_traverse.cmx,87528
2026-08-26T20:15:32Z,712f87f035c6cfe581ffb290d71707e9bca5b59b,6929,size_in_bytes,lib/ocaml/compiler_owee.cmx,1016
2026-08-26T20:15:32Z,712f87f035c6cfe581ffb290d71707e9bca5b59b,6929,size_in_bytes,lib/ocaml/stdlib__Result.cmx,47906
2026-08-26T20:15:32Z,712f87f035c6cfe581ffb290d71707e9bca5b59b,6929,size_in_bytes,lib/ocaml/stdlib__Domain.cmx,234288
2026-08-26T20:15:32Z,712f87f035c6cfe581ffb290d71707e9bca5b59b,6929,size_in_bytes,lib/ocaml/stdlib__Oo.cmx,878
2026-08-26T20:15:32Z,712f87f035c6cfe581ffb290d71707e9bca5b59b,6929,size_in_bytes,lib/ocaml/stdlib__Iarray.cmx,170029
2026-08-26T20:15:32Z,712f87f035c6cfe581ffb290d71707e9bca5b59b,6929,size_in_bytes,lib/ocaml/stdlib__Complex.cmx,44759
2026-08-26T20:15:32Z,712f87f035c6cfe581ffb290d71707e9bca5b59b,6929,size_in_bytes,lib/ocaml/stdlib__Stack.cmx,36113
2026-08-26T20:15:32Z,712f87f035c6cfe581ffb290d71707e9bca5b59b,6929,size_in_bytes,lib/ocaml/dynlink_compilerlibs__Axis_lattice.cmx,207279
2026-08-26T20:15:32Z,712f87f035c6cfe581ffb290d71707e9bca5b59b,6929,size_in_bytes,lib/ocaml/stdlib__Arg.cmx,181687
2026-08-26T20:15:32Z,712f87f035c6cfe581ffb290d71707e9bca5b59b,6929,size_in_bytes,lib/ocaml/stdlib__String.cmx,278685
2026-08-26T20:15:32Z,712f87f035c6cfe581ffb290d71707e9bca5b59b,6929,size_in_bytes,lib/ocaml/stdlib__Int.cmx,13022
2026-08-26T20:15:32Z,712f87f035c6cfe581ffb290d71707e9bca5b59b,6929,size_in_bytes,lib/ocaml/stdlib__Semaphore.cmx,8382
2026-08-26T20:15:32Z,712f87f035c6cfe581ffb290d71707e9bca5b59b,6929,size_in_bytes,lib/ocaml/camlinternalMod.cmx,3040
2026-08-26T20:15:32Z,712f87f035c6cfe581ffb290d71707e9bca5b59b,6929,size_in_bytes,lib/ocaml/stdlib__Out_channel.cmx,14567
2026-08-26T20:15:32Z,712f87f035c6cfe581ffb290d71707e9bca5b59b,6929,size_in_bytes,lib/ocaml/stdlib__Dynarray.cmx,56527
2026-08-26T20:15:32Z,712f87f035c6cfe581ffb290d71707e9bca5b59b,6929,size_in_bytes,lib/ocaml/stdlib__Set.cmx,788581
2026-08-26T20:15:32Z,712f87f035c6cfe581ffb290d71707e9bca5b59b,6929,size_in_bytes,lib/ocaml/stdlib__Int32.cmx,34142
2026-08-26T20:15:32Z,712f87f035c6cfe581ffb290d71707e9bca5b59b,6929,size_in_bytes,lib/ocaml/stdlib__Pair.cmx,10989
2026-08-26T20:15:32Z,712f87f035c6cfe581ffb290d71707e9bca5b59b,6929,size_in_bytes,lib/ocaml/stdlib__Buffer.cmx,236661
2026-08-26T20:15:32Z,712f87f035c6cfe581ffb290d71707e9bca5b59b,6929,size_in_bytes,lib/ocaml/stdlib__Scanf.cmx,269499
2026-08-26T20:15:32Z,712f87f035c6cfe581ffb290d71707e9bca5b59b,6929,size_in_bytes,lib/ocaml/stdlib__ArrayLabels.cmx,4618
2026-08-26T20:15:32Z,712f87f035c6cfe581ffb290d71707e9bca5b59b,6929,size_in_bytes,lib/ocaml/stdlib__Either.cmx,29137
2026-08-26T20:15:32Z,712f87f035c6cfe581ffb290d71707e9bca5b59b,6929,size_in_bytes,lib/ocaml/stdlib__Condition.cmx,6681
2026-08-26T20:15:32Z,712f87f035c6cfe581ffb290d71707e9bca5b59b,6929,size_in_bytes,lib/ocaml/stdlib__ListLabels.cmx,6720
2026-08-26T20:15:32Z,712f87f035c6cfe581ffb290d71707e9bca5b59b,6929,size_in_bytes,lib/ocaml/compiler_owee__Owee_archive.cmx,14299
2026-08-26T20:15:32Z,712f87f035c6cfe581ffb290d71707e9bca5b59b,6929,size_in_bytes,lib/ocaml/stdlib__Modes.cmx,835
2026-08-26T20:15:32Z,712f87f035c6cfe581ffb290d71707e9bca5b59b,6929,size_in_bytes,lib/ocaml/compiler_owee__Owee_graph.cmx,167141
2026-08-26T20:15:32Z,712f87f035c6cfe581ffb290d71707e9bca5b59b,6929,size_in_bytes,lib/ocaml/stdlib__Gc.cmx,44276
2026-08-26T20:15:32Z,712f87f035c6cfe581ffb290d71707e9bca5b59b,6929,size_in_bytes,lib/ocaml/stdlib__Printexc.cmx,196418
2026-08-26T20:15:32Z,712f87f035c6cfe581ffb290d71707e9bca5b59b,6929,size_in_bytes,lib/ocaml/compiler_owee__Owee_debug_line.cmx,19579
2026-08-26T20:15:32Z,712f87f035c6cfe581ffb290d71707e9bca5b59b,6929,size_in_bytes,lib/ocaml/dynlink_compilerlibs__Ldd_intf.cmx,2303
2026-08-26T20:15:32Z,712f87f035c6cfe581ffb290d71707e9bca5b59b,6929,size_in_bytes,lib/ocaml/stdlib__Seq.cmx,170345
2026-08-26T20:15:32Z,712f87f035c6cfe581ffb290d71707e9bca5b59b,6929,size_in_bytes,lib/ocaml/stdlib__Char.cmx,58381
2026-08-26T20:15:32Z,712f87f035c6cfe581ffb290d71707e9bca5b59b,6929,size_in_bytes,lib/ocaml/compiler_owee__Owee_linux_maps.cmx,41291
2026-08-26T20:15:32Z,712f87f035c6cfe581ffb290d71707e9bca5b59b,6929,size_in_bytes,lib/ocaml/stdlib__Pqueue.cmx,78297
2026-08-26T20:15:32Z,712f87f035c6cfe581ffb290d71707e9bca5b59b,6929,size_in_bytes,lib/ocaml/stdlib__In_channel.cmx,19060
2026-08-26T20:15:32Z,712f87f035c6cfe581ffb290d71707e9bca5b59b,6929,size_in_bytes,lib/ocaml/stdlib__Fun.cmx,13656
2026-08-26T20:15:32Z,712f87f035c6cfe581ffb290d71707e9bca5b59b,6929,size_in_bytes,lib/ocaml/stdlib__Type.cmx,5598
2026-08-26T20:15:32Z,712f87f035c6cfe581ffb290d71707e9bca5b59b,6929,size_in_bytes,lib/ocaml/stdlib__Dynamic.cmx,8064
2026-08-26T20:15:32Z,712f87f035c6cfe581ffb290d71707e9bca5b59b,6929,size_in_bytes,lib/ocaml/stdlib__Sys.cmx,16154
2026-08-26T20:15:32Z,712f87f035c6cfe581ffb290d71707e9bca5b59b,6929,size_in_bytes,lib/ocaml/compiler_owee__Owee_interval_map.cmx,47939
2026-08-26T20:15:32Z,712f87f035c6cfe581ffb290d71707e9bca5b59b,6929,size_in_bytes,lib/ocaml/compiler_owee__Owee_marker.cmx,104995
2026-08-26T20:15:32Z,712f87f035c6cfe581ffb290d71707e9bca5b59b,6929,size_in_bytes,lib/ocaml/stdlib__Map.cmx,791592
2026-08-26T20:15:32Z,712f87f035c6cfe581ffb290d71707e9bca5b59b,6929,size_in_bytes,lib/ocaml/dynlink_compilerlibs__Misc.cmx,2112892
2026-08-26T20:15:32Z,712f87f035c6cfe581ffb290d71707e9bca5b59b,6929,size_in_bytes,lib/ocaml/compiler_owee__Owee_form.cmx,13874
2026-08-26T20:15:32Z,712f87f035c6cfe581ffb290d71707e9bca5b59b,6929,size_in_bytes,lib/ocaml/stdlib__Weak.cmx,235696
2026-08-26T20:15:32Z,712f87f035c6cfe581ffb290d71707e9bca5b59b,6929,size_in_bytes,lib/ocaml/stdlib__Lexing.cmx,90590
2026-08-26T20:15:32Z,712f87f035c6cfe581ffb290d71707e9bca5b59b,6929,size_in_bytes,lib/ocaml/stdlib.cmx,211683
2026-08-26T20:15:32Z,712f87f035c6cfe581ffb290d71707e9bca5b59b,6929,size_in_bytes,lib/ocaml/stdlib__List.cmx,202568
2026-08-26T20:15:32Z,712f87f035c6cfe581ffb290d71707e9bca5b59b,6929,size_in_bytes,lib/ocaml/stdlib__Callback.cmx,11633
2026-08-26T20:15:32Z,712f87f035c6cfe581ffb290d71707e9bca5b59b,6929,size_in_bytes,lib/ocaml/stdlib__Bytes.cmx,366870
2026-08-26T20:15:32Z,712f87f035c6cfe581ffb290d71707e9bca5b59b,6929,size_in_bytes,lib/ocaml/stdlib__MoreLabels.cmx,1089
2026-08-26T20:15:32Z,712f87f035c6cfe581ffb290d71707e9bca5b59b,6929,size_in_bytes,lib/ocaml/std_exit.cmx,638
2026-08-26T20:15:32Z,712f87f035c6cfe581ffb290d71707e9bca5b59b,6929,size_in_bytes,lib/ocaml/compiler_owee__Owee_buf.cmx,124759
2026-08-26T20:15:32Z,712f87f035c6cfe581ffb290d71707e9bca5b59b,6929,size_in_bytes,lib/ocaml/stdlib__Quote.cmx,9497
2026-08-26T20:15:32Z,712f87f035c6cfe581ffb290d71707e9bca5b59b,6929,size_in_bytes,lib/ocaml/stdlib__Option.cmx,29433
2026-08-26T20:15:32Z,712f87f035c6cfe581ffb290d71707e9bca5b59b,6929,size_in_bytes,lib/ocaml/compiler_owee__Owee_object.cmx,189459
2026-08-26T20:15:32Z,712f87f035c6cfe581ffb290d71707e9bca5b59b,6929,size_in_bytes,lib/ocaml/camlinternalFormat.cmx,206826
2026-08-26T20:15:32Z,712f87f035c6cfe581ffb290d71707e9bca5b59b,6929,size_in_bytes,lib/ocaml/stdlib__Hashtbl.cmx,473291
2026-08-26T20:15:32Z,712f87f035c6cfe581ffb290d71707e9bca5b59b,6929,size_in_bytes,lib/ocaml/compiler_owee__Owee_elf.cmx,388144
2026-08-26T20:15:32Z,712f87f035c6cfe581ffb290d71707e9bca5b59b,6929,size_in_bytes,lib/ocaml/camlinternalQuote.cmx,437527
2026-08-26T20:15:32Z,712f87f035c6cfe581ffb290d71707e9bca5b59b,6929,size_in_bytes,lib/ocaml/stdlib__StringLabels.cmx,6865
2026-08-26T20:15:32Z,712f87f035c6cfe581ffb290d71707e9bca5b59b,6929,size_in_bytes,lib/ocaml/stdlib__Int64.cmx,34470
2026-08-26T20:15:32Z,712f87f035c6cfe581ffb290d71707e9bca5b59b,6929,size_in_bytes,lib/ocaml/dynlink_compilerlibs__Ldd.cmx,655485
2026-08-26T20:15:32Z,712f87f035c6cfe581ffb290d71707e9bca5b59b,6929,size_in_bytes,lib/ocaml/stdlib__Marshal.cmx,21039
2026-08-26T20:15:32Z,712f87f035c6cfe581ffb290d71707e9bca5b59b,6929,size_in_bytes,lib/ocaml/stdlib__Obj.cmx,76112
2026-08-26T20:15:32Z,712f87f035c6cfe581ffb290d71707e9bca5b59b,6929,size_in_bytes,lib/ocaml/stdlib__Ephemeron.cmx,930917
2026-08-26T20:15:32Z,712f87f035c6cfe581ffb290d71707e9bca5b59b,6929,size_in_bytes,lib/ocaml/stdlib__Lazy.cmx,34960
2026-08-26T20:15:32Z,712f87f035c6cfe581ffb290d71707e9bca5b59b,6929,size_in_bytes,lib/ocaml/camlinternalComprehension.cmx,6417
2026-08-26T20:15:32Z,712f87f035c6cfe581ffb290d71707e9bca5b59b,6929,size_in_bytes,lib/ocaml/stdlib__Nativeint.cmx,35649
2026-08-26T20:15:32Z,712f87f035c6cfe581ffb290d71707e9bca5b59b,6929,size_in_bytes,lib/ocaml/camlinternalFormatBasics.cmx,11591
2026-08-26T20:15:32Z,712f87f035c6cfe581ffb290d71707e9bca5b59b,6929,size_in_bytes,lib/ocaml/stdlib__Bigarray.cmx,137525
2026-08-26T20:15:32Z,712f87f035c6cfe581ffb290d71707e9bca5b59b,6929,size_in_bytes,lib/ocaml/compiler_owee__Owee_elf_relocation.cmx,61117
2026-08-26T20:15:32Z,712f87f035c6cfe581ffb290d71707e9bca5b59b,6929,size_in_bytes,lib/ocaml/compiler_owee__Owee_elf_string_table.cmx,25496
2026-08-26T20:15:32Z,712f87f035c6cfe581ffb290d71707e9bca5b59b,6929,size_in_bytes,lib/ocaml/stdlib__Mutex.cmx,6912
2026-08-26T20:15:32Z,712f87f035c6cfe581ffb290d71707e9bca5b59b,6929,size_in_bytes,lib/ocaml/compiler_owee__Unix_intf.cmx,749
2026-08-26T20:15:32Z,712f87f035c6cfe581ffb290d71707e9bca5b59b,6929,size_in_bytes,lib/ocaml/camlinternalAtomic.cmx,9864
2026-08-26T20:15:32Z,712f87f035c6cfe581ffb290d71707e9bca5b59b,6929,size_in_bytes,lib/ocaml/camlinternalLazy.cmx,29804
2026-08-26T20:15:32Z,712f87f035c6cfe581ffb290d71707e9bca5b59b,6929,size_in_bytes,lib/ocaml/stdlib__Uchar.cmx,47172
2026-08-26T20:15:32Z,712f87f035c6cfe581ffb290d71707e9bca5b59b,6929,size_in_bytes,lib/ocaml/stdlib__Random.cmx,228171
2026-08-26T20:15:32Z,712f87f035c6cfe581ffb290d71707e9bca5b59b,6929,size_in_bytes,lib/ocaml/stdlib__BytesLabels.cmx,8821
2026-08-26T20:15:32Z,712f87f035c6cfe581ffb290d71707e9bca5b59b,6929,size_in_bytes,lib/ocaml/stdlib__Atomic.cmx,6354
2026-08-26T20:15:32Z,712f87f035c6cfe581ffb290d71707e9bca5b59b,6929,size_in_bytes,lib/ocaml/stdlib__Queue.cmx,53777
2026-08-26T20:15:32Z,712f87f035c6cfe581ffb290d71707e9bca5b59b,6929,size_in_bytes,lib/ocaml/stdlib__Bool.cmx,15309
2026-08-26T20:15:32Z,712f87f035c6cfe581ffb290d71707e9bca5b59b,6929,size_in_bytes,lib/ocaml/compiler_owee__Owee_elf_notes.cmx,120984
2026-08-26T20:15:32Z,712f87f035c6cfe581ffb290d71707e9bca5b59b,6929,size_in_bytes,lib/ocaml/stdlib__Format.cmx,1064013
2026-08-26T20:15:32Z,712f87f035c6cfe581ffb290d71707e9bca5b59b,6929,size_in_bytes,lib/ocaml/runtime_events/runtime_events.cmx,79999
2026-08-26T20:15:32Z,712f87f035c6cfe581ffb290d71707e9bca5b59b,6929,size_in_bytes,lib/ocaml/ocaml-jit/jit.cmx,68772
2026-08-26T20:15:32Z,712f87f035c6cfe581ffb290d71707e9bca5b59b,6929,size_in_bytes,lib/ocaml/compiler-libs/dwarf_low__Dwarf_int.cmx,94636
2026-08-26T20:15:32Z,712f87f035c6cfe581ffb290d71707e9bca5b59b,6929,size_in_bytes,lib/ocaml/compiler-libs/cmmgen_state.cmx,57314
2026-08-26T20:15:32Z,712f87f035c6cfe581ffb290d71707e9bca5b59b,6929,size_in_bytes,lib/ocaml/compiler-libs/targetint.cmx,53652
2026-08-26T20:15:32Z,712f87f035c6cfe581ffb290d71707e9bca5b59b,6929,size_in_bytes,lib/ocaml/compiler-libs/optcompile.cmx,335249
2026-08-26T20:15:32Z,712f87f035c6cfe581ffb290d71707e9bca5b59b,6929,size_in_bytes,lib/ocaml/compiler-libs/typemod.cmx,638678
2026-08-26T20:15:32Z,712f87f035c6cfe581ffb290d71707e9bca5b59b,6929,size_in_bytes,lib/ocaml/compiler-libs/linear_format.cmx,28830
2026-08-26T20:15:32Z,712f87f035c6cfe581ffb290d71707e9bca5b59b,6929,size_in_bytes,lib/ocaml/compiler-libs/numbers.cmx,2081800
2026-08-26T20:15:32Z,712f87f035c6cfe581ffb290d71707e9bca5b59b,6929,size_in_bytes,lib/ocaml/compiler-libs/cfg_stack_checks.cmx,136307
2026-08-26T20:15:32Z,712f87f035c6cfe581ffb290d71707e9bca5b59b,6929,size_in_bytes,lib/ocaml/compiler-libs/profile_counters_functions.cmx,5228
2026-08-26T20:15:32Z,712f87f035c6cfe581ffb290d71707e9bca5b59b,6929,size_in_bytes,lib/ocaml/compiler-libs/peephole_optimize.cmx,31976
2026-08-26T20:15:32Z,712f87f035c6cfe581ffb290d71707e9bca5b59b,6929,size_in_bytes,lib/ocaml/compiler-libs/rewrite_sections.cmx,10514
2026-08-26T20:15:32Z,712f87f035c6cfe581ffb290d71707e9bca5b59b,6929,size_in_bytes,lib/ocaml/compiler-libs/inlined_frame_ranges.cmx,1059674
2026-08-26T20:15:32Z,712f87f035c6cfe581ffb290d71707e9bca5b59b,6929,size_in_bytes,lib/ocaml/compiler-libs/emit.cmx,66065
2026-08-26T20:15:32Z,712f87f035c6cfe581ffb290d71707e9bca5b59b,6929,size_in_bytes,lib/ocaml/compiler-libs/build_linker_args.cmx,18822
2026-08-26T20:15:32Z,712f87f035c6cfe581ffb290d71707e9bca5b59b,6929,size_in_bytes,lib/ocaml/compiler-libs/bytelink.cmx,320570
2026-08-26T20:15:32Z,712f87f035c6cfe581ffb290d71707e9bca5b59b,6929,size_in_bytes,lib/ocaml/compiler-libs/vicuna_value_shapes.cmx,77803
2026-08-26T20:15:32Z,712f87f035c6cfe581ffb290d71707e9bca5b59b,6929,size_in_bytes,lib/ocaml/compiler-libs/dwarf_low__Dwarf_4_entry_sorting.cmx,10184
2026-08-26T20:15:32Z,712f87f035c6cfe581ffb290d71707e9bca5b59b,6929,size_in_bytes,lib/ocaml/compiler-libs/signature_group.cmx,93580
2026-08-26T20:15:32Z,712f87f035c6cfe581ffb290d71707e9bca5b59b,6929,size_in_bytes,lib/ocaml/compiler-libs/dwarf_low__Unit_type.cmx,16288
2026-08-26T20:15:32Z,712f87f035c6cfe581ffb290d71707e9bca5b59b,6929,size_in_bytes,lib/ocaml/compiler-libs/typecore.cmx,1441277
2026-08-26T20:15:32Z,712f87f035c6cfe581ffb290d71707e9bca5b59b,6929,size_in_bytes,lib/ocaml/compiler-libs/dwarf_low__Dwarf_operator.cmx,225049
2026-08-26T20:15:32Z,712f87f035c6cfe581ffb290d71707e9bca5b59b,6929,size_in_bytes,lib/ocaml/compiler-libs/patterns.cmx,145282
2026-08-26T20:15:32Z,712f87f035c6cfe581ffb290d71707e9bca5b59b,6929,size_in_bytes,lib/ocaml/compiler-libs/linkage_name.cmx,729227
2026-08-26T20:15:32Z,712f87f035c6cfe581ffb290d71707e9bca5b59b,6929,size_in_bytes,lib/ocaml/compiler-libs/compute_ranges.cmx,372269
2026-08-26T20:15:32Z,712f87f035c6cfe581ffb290d71707e9bca5b59b,6929,size_in_bytes,lib/ocaml/compiler-libs/cfg_selectgen.cmx,1733639
2026-08-26T20:15:32Z,712f87f035c6cfe581ffb290d71707e9bca5b59b,6929,size_in_bytes,lib/ocaml/compiler-libs/ccomp.cmx,98301
2026-08-26T20:15:32Z,712f87f035c6cfe581ffb290d71707e9bca5b59b,6929,size_in_bytes,lib/ocaml/compiler-libs/lazy_backtrack.cmx,24835
2026-08-26T20:15:32Z,712f87f035c6cfe581ffb290d71707e9bca5b59b,6929,size_in_bytes,lib/ocaml/compiler-libs/cfg_quick_hash.cmx,37123
2026-08-26T20:15:32Z,712f87f035c6cfe581ffb290d71707e9bca5b59b,6929,size_in_bytes,lib/ocaml/compiler-libs/cfg_format.cmx,28756
2026-08-26T20:15:32Z,712f87f035c6cfe581ffb290d71707e9bca5b59b,6929,size_in_bytes,lib/ocaml/compiler-libs/x86_proc.cmx,208792
2026-08-26T20:15:32Z,712f87f035c6cfe581ffb290d71707e9bca5b59b,6929,size_in_bytes,lib/ocaml/compiler-libs/zero_alloc_annotations.cmx,20794
2026-08-26T20:15:32Z,712f87f035c6cfe581ffb290d71707e9bca5b59b,6929,size_in_bytes,lib/ocaml/compiler-libs/dwarf_low__Range_list.cmx,39058
2026-08-26T20:15:32Z,712f87f035c6cfe581ffb290d71707e9bca5b59b,6929,size_in_bytes,lib/ocaml/compiler-libs/dwarf_low__Initial_length.cmx,12853
2026-08-26T20:15:32Z,712f87f035c6cfe581ffb290d71707e9bca5b59b,6929,size_in_bytes,lib/ocaml/compiler-libs/complex_shape.cmx,165965
2026-08-26T20:15:32Z,712f87f035c6cfe581ffb290d71707e9bca5b59b,6929,size_in_bytes,lib/ocaml/compiler-libs/dwarf_low__Dwarf_tag.cmx,35763
2026-08-26T20:15:32Z,712f87f035c6cfe581ffb290d71707e9bca5b59b,6929,size_in_bytes,lib/ocaml/compiler-libs/tast_mapper.cmx,610454
2026-08-26T20:15:32Z,712f87f035c6cfe581ffb290d71707e9bca5b59b,6929,size_in_bytes,lib/ocaml/compiler-libs/cmm_invariants.cmx,52972
2026-08-26T20:15:32Z,712f87f035c6cfe581ffb290d71707e9bca5b59b,6929,size_in_bytes,lib/ocaml/compiler-libs/main_args.cmx,2582092
2026-08-26T20:15:32Z,712f87f035c6cfe581ffb290d71707e9bca5b59b,6929,size_in_bytes,lib/ocaml/compiler-libs/runtimedef.cmx,856
2026-08-26T20:15:32Z,712f87f035c6cfe581ffb290d71707e9bca5b59b,6929,size_in_bytes,lib/ocaml/compiler-libs/iplt.cmx,70118
2026-08-26T20:15:32Z,712f87f035c6cfe581ffb290d71707e9bca5b59b,6929,size_in_bytes,lib/ocaml/compiler-libs/transl_array_comprehension.cmx,330122
2026-08-26T20:15:32Z,712f87f035c6cfe581ffb290d71707e9bca5b59b,6929,size_in_bytes,lib/ocaml/compiler-libs/opcodes.cmx,6573
2026-08-26T20:15:32Z,712f87f035c6cfe581ffb290d71707e9bca5b59b,6929,size_in_bytes,lib/ocaml/compiler-libs/asmgen.cmx,660286
2026-08-26T20:15:32Z,712f87f035c6cfe581ffb290d71707e9bca5b59b,6929,size_in_bytes,lib/ocaml/compiler-libs/target_system.cmx,53567
2026-08-26T20:15:32Z,712f87f035c6cfe581ffb290d71707e9bca5b59b,6929,size_in_bytes,lib/ocaml/compiler-libs/relocatable_symbol_name.cmx,2891
2026-08-26T20:15:32Z,712f87f035c6cfe581ffb290d71707e9bca5b59b,6929,size_in_bytes,lib/ocaml/compiler-libs/symtable.cmx,789035
2026-08-26T20:15:32Z,712f87f035c6cfe581ffb290d71707e9bca5b59b,6929,size_in_bytes,lib/ocaml/compiler-libs/printast_with_mappings.cmx,663857
2026-08-26T20:15:32Z,712f87f035c6cfe581ffb290d71707e9bca5b59b,6929,size_in_bytes,lib/ocaml/compiler-libs/translquote.cmx,301711
2026-08-26T20:15:32Z,712f87f035c6cfe581ffb290d71707e9bca5b59b,6929,size_in_bytes,lib/ocaml/compiler-libs/cfg_liveness.cmx,172935
2026-08-26T20:15:32Z,712f87f035c6cfe581ffb290d71707e9bca5b59b,6929,size_in_bytes,lib/ocaml/compiler-libs/linear.cmx,43792
2026-08-26T20:15:32Z,712f87f035c6cfe581ffb290d71707e9bca5b59b,6929,size_in_bytes,lib/ocaml/compiler-libs/transl_list_comprehension.cmx,46034
2026-08-26T20:15:32Z,712f87f035c6cfe581ffb290d71707e9bca5b59b,6929,size_in_bytes,lib/ocaml/compiler-libs/dwarf_concrete_instances.cmx,15572
2026-08-26T20:15:32Z,712f87f035c6cfe581ffb290d71707e9bca5b59b,6929,size_in_bytes,lib/ocaml/compiler-libs/dwarf_low__Location_or_range_list_table.cmx,153178
2026-08-26T20:15:32Z,712f87f035c6cfe581ffb290d71707e9bca5b59b,6929,size_in_bytes,lib/ocaml/compiler-libs/cfg_invariants.cmx,158667
2026-08-26T20:15:32Z,712f87f035c6cfe581ffb290d71707e9bca5b59b,6929,size_in_bytes,lib/ocaml/compiler-libs/cmt2annot.cmx,21050
2026-08-26T20:15:32Z,712f87f035c6cfe581ffb290d71707e9bca5b59b,6929,size_in_bytes,lib/ocaml/compiler-libs/x86_masm.cmx,38636
2026-08-26T20:15:32Z,712f87f035c6cfe581ffb290d71707e9bca5b59b,6929,size_in_bytes,lib/ocaml/compiler-libs/arm64_binary_emitter__Logical_helpers.cmx,26320
2026-08-26T20:15:32Z,712f87f035c6cfe581ffb290d71707e9bca5b59b,6929,size_in_bytes,lib/ocaml/compiler-libs/dwarf_low__Debugging_information_entry.cmx,50842
2026-08-26T20:15:32Z,712f87f035c6cfe581ffb290d71707e9bca5b59b,6929,size_in_bytes,lib/ocaml/compiler-libs/dwarf_low__Dwarf_arch_sizes.cmx,783
2026-08-26T20:15:32Z,712f87f035c6cfe581ffb290d71707e9bca5b59b,6929,size_in_bytes,lib/ocaml/compiler-libs/binutils.cmx,309303
2026-08-26T20:15:32Z,712f87f035c6cfe581ffb290d71707e9bca5b59b,6929,size_in_bytes,lib/ocaml/compiler-libs/regalloc_ls_utils.cmx,335520
2026-08-26T20:15:32Z,712f87f035c6cfe581ffb290d71707e9bca5b59b,6929,size_in_bytes,lib/ocaml/compiler-libs/arm64_binary_emitter__All_section_states.cmx,119109
2026-08-26T20:15:32Z,712f87f035c6cfe581ffb290d71707e9bca5b59b,6929,size_in_bytes,lib/ocaml/compiler-libs/compenv.cmx,236356
2026-08-26T20:15:32Z,712f87f035c6cfe581ffb290d71707e9bca5b59b,6929,size_in_bytes,lib/ocaml/compiler-libs/zero_alloc_checker.cmx,1486097
2026-08-26T20:15:32Z,712f87f035c6cfe581ffb290d71707e9bca5b59b,6929,size_in_bytes,lib/ocaml/compiler-libs/instantiator.cmx,87186
2026-08-26T20:15:32Z,712f87f035c6cfe581ffb290d71707e9bca5b59b,6929,size_in_bytes,lib/ocaml/compiler-libs/optcomp_intf.cmx,9527
2026-08-26T20:15:32Z,712f87f035c6cfe581ffb290d71707e9bca5b59b,6929,size_in_bytes,lib/ocaml/compiler-libs/warnings.cmx,311764
2026-08-26T20:15:32Z,712f87f035c6cfe581ffb290d71707e9bca5b59b,6929,size_in_bytes,lib/ocaml/compiler-libs/parse.cmx,30690
2026-08-26T20:15:32Z,712f87f035c6cfe581ffb290d71707e9bca5b59b,6929,size_in_bytes,lib/ocaml/compiler-libs/arm64_binary_emitter__Load_store_helpers.cmx,88941
2026-08-26T20:15:32Z,712f87f035c6cfe581ffb290d71707e9bca5b59b,6929,size_in_bytes,lib/ocaml/compiler-libs/linear_utils.cmx,13387
2026-08-26T20:15:32Z,712f87f035c6cfe581ffb290d71707e9bca5b59b,6929,size_in_bytes,lib/ocaml/compiler-libs/vectorize_utils.cmx,81135
2026-08-26T20:15:32Z,712f87f035c6cfe581ffb290d71707e9bca5b59b,6929,size_in_bytes,lib/ocaml/compiler-libs/dwarf_high__Dwarf_world.cmx,10645
2026-08-26T20:15:32Z,712f87f035c6cfe581ffb290d71707e9bca5b59b,6929,size_in_bytes,lib/ocaml/compiler-libs/blambda.cmx,3028
2026-08-26T20:15:32Z,712f87f035c6cfe581ffb290d71707e9bca5b59b,6929,size_in_bytes,lib/ocaml/compiler-libs/diffing_with_keys.cmx,229478
2026-08-26T20:15:32Z,712f87f035c6cfe581ffb290d71707e9bca5b59b,6929,size_in_bytes,lib/ocaml/compiler-libs/printreg.cmx,117513
2026-08-26T20:15:32Z,712f87f035c6cfe581ffb290d71707e9bca5b59b,6929,size_in_bytes,lib/ocaml/compiler-libs/dwarf_low.cmx,1896
2026-08-26T20:15:32Z,712f87f035c6cfe581ffb290d71707e9bca5b59b,6929,size_in_bytes,lib/ocaml/compiler-libs/dwarf_reg_locations.cmx,80443
2026-08-26T20:15:32Z,712f87f035c6cfe581ffb290d71707e9bca5b59b,6929,size_in_bytes,lib/ocaml/compiler-libs/is_parameter.cmx,821257
2026-08-26T20:15:32Z,712f87f035c6cfe581ffb290d71707e9bca5b59b,6929,size_in_bytes,lib/ocaml/compiler-libs/arm64_binary_emitter__Encode_directive.cmx,87699
2026-08-26T20:15:32Z,712f87f035c6cfe581ffb290d71707e9bca5b59b,6929,size_in_bytes,lib/ocaml/compiler-libs/asm_targets__Asm_label.cmx,847236
2026-08-26T20:15:32Z,712f87f035c6cfe581ffb290d71707e9bca5b59b,6929,size_in_bytes,lib/ocaml/compiler-libs/regalloc_irc_utils.cmx,62332
2026-08-26T20:15:32Z,712f87f035c6cfe581ffb290d71707e9bca5b59b,6929,size_in_bytes,lib/ocaml/compiler-libs/language_extension.cmx,239856
2026-08-26T20:15:32Z,712f87f035c6cfe581ffb290d71707e9bca5b59b,6929,size_in_bytes,lib/ocaml/compiler-libs/switch.cmx,536505
2026-08-26T20:15:32Z,712f87f035c6cfe581ffb290d71707e9bca5b59b,6929,size_in_bytes,lib/ocaml/compiler-libs/scalar.cmx,432483
2026-08-26T20:15:32Z,712f87f035c6cfe581ffb290d71707e9bca5b59b,6929,size_in_bytes,lib/ocaml/compiler-libs/cfg_cse_target_intf.cmx,10089
2026-08-26T20:15:32Z,712f87f035c6cfe581ffb290d71707e9bca5b59b,6929,size_in_bytes,lib/ocaml/compiler-libs/printblambda.cmx,38537
2026-08-26T20:15:32Z,712f87f035c6cfe581ffb290d71707e9bca5b59b,6929,size_in_bytes,lib/ocaml/compiler-libs/dwarf_low__Abbreviation_code.cmx,40013
2026-08-26T20:15:32Z,712f87f035c6cfe581ffb290d71707e9bca5b59b,6929,size_in_bytes,lib/ocaml/compiler-libs/ldd_intf.cmx,1702
2026-08-26T20:15:32Z,712f87f035c6cfe581ffb290d71707e9bca5b59b,6929,size_in_bytes,lib/ocaml/compiler-libs/regs.cmx,854295
2026-08-26T20:15:32Z,712f87f035c6cfe581ffb290d71707e9bca5b59b,6929,size_in_bytes,lib/ocaml/compiler-libs/regalloc_split_state.cmx,342604
2026-08-26T20:15:32Z,712f87f035c6cfe581ffb290d71707e9bca5b59b,6929,size_in_bytes,lib/ocaml/compiler-libs/typedecl_separability.cmx,140236
2026-08-26T20:15:32Z,712f87f035c6cfe581ffb290d71707e9bca5b59b,6929,size_in_bytes,lib/ocaml/compiler-libs/cmo_io.cmx,28407
2026-08-26T20:15:32Z,712f87f035c6cfe581ffb290d71707e9bca5b59b,6929,size_in_bytes,lib/ocaml/compiler-libs/jkind_axis.cmx,400684
2026-08-26T20:15:32Z,712f87f035c6cfe581ffb290d71707e9bca5b59b,6929,size_in_bytes,lib/ocaml/compiler-libs/regalloc_gi_utils.cmx,386760
2026-08-26T20:15:32Z,712f87f035c6cfe581ffb290d71707e9bca5b59b,6929,size_in_bytes,lib/ocaml/compiler-libs/compile.cmx,196144
2026-08-26T20:15:32Z,712f87f035c6cfe581ffb290d71707e9bca5b59b,6929,size_in_bytes,lib/ocaml/compiler-libs/functorizer.cmx,299618
2026-08-26T20:15:32Z,712f87f035c6cfe581ffb290d71707e9bca5b59b,6929,size_in_bytes,lib/ocaml/compiler-libs/partition.cmx,23244
2026-08-26T20:15:32Z,712f87f035c6cfe581ffb290d71707e9bca5b59b,6929,size_in_bytes,lib/ocaml/compiler-libs/arm64_binary_emitter__Adr_helpers.cmx,13912
2026-08-26T20:15:32Z,712f87f035c6cfe581ffb290d71707e9bca5b59b,6929,size_in_bytes,lib/ocaml/compiler-libs/dwarf_low__Abbreviations_table_entry.cmx,90986
2026-08-26T20:15:32Z,712f87f035c6cfe581ffb290d71707e9bca5b59b,6929,size_in_bytes,lib/ocaml/compiler-libs/cfg_selectgen_target_intf.cmx,10438
2026-08-26T20:15:32Z,712f87f035c6cfe581ffb290d71707e9bca5b59b,6929,size_in_bytes,lib/ocaml/compiler-libs/reg_availability_set.cmx,110450
2026-08-26T20:15:32Z,712f87f035c6cfe581ffb290d71707e9bca5b59b,6929,size_in_bytes,lib/ocaml/compiler-libs/translprim.cmx,244377
2026-08-26T20:15:32Z,712f87f035c6cfe581ffb290d71707e9bca5b59b,6929,size_in_bytes,lib/ocaml/compiler-libs/global_module.cmx,2268773
2026-08-26T20:15:32Z,712f87f035c6cfe581ffb290d71707e9bca5b59b,6929,size_in_bytes,lib/ocaml/compiler-libs/x86_section.cmx,289206
2026-08-26T20:15:32Z,712f87f035c6cfe581ffb290d71707e9bca5b59b,6929,size_in_bytes,lib/ocaml/compiler-libs/build_igot_and_iplt.cmx,17925
2026-08-26T20:15:32Z,712f87f035c6cfe581ffb290d71707e9bca5b59b,6929,size_in_bytes,lib/ocaml/compiler-libs/typemode.cmx,295715
2026-08-26T20:15:32Z,712f87f035c6cfe581ffb290d71707e9bca5b59b,6929,size_in_bytes,lib/ocaml/compiler-libs/cmm_helpers.cmx,4713598
2026-08-26T20:15:32Z,712f87f035c6cfe581ffb290d71707e9bca5b59b,6929,size_in_bytes,lib/ocaml/compiler-libs/probe_emission.cmx,140437
2026-08-26T20:15:32Z,712f87f035c6cfe581ffb290d71707e9bca5b59b,6929,size_in_bytes,lib/ocaml/compiler-libs/dissector.cmx,44908
2026-08-26T20:15:32Z,712f87f035c6cfe581ffb290d71707e9bca5b59b,6929,size_in_bytes,lib/ocaml/compiler-libs/optlink.cmx,299122
2026-08-26T20:15:32Z,712f87f035c6cfe581ffb290d71707e9bca5b59b,6929,size_in_bytes,lib/ocaml/compiler-libs/arm64_binary_emitter__Nop_helpers.cmx,2174
2026-08-26T20:15:32Z,712f87f035c6cfe581ffb290d71707e9bca5b59b,6929,size_in_bytes,lib/ocaml/compiler-libs/axis_lattice.cmx,192965
2026-08-26T20:15:32Z,712f87f035c6cfe581ffb290d71707e9bca5b59b,6929,size_in_bytes,lib/ocaml/compiler-libs/parser.cmx,1493624
2026-08-26T20:15:32Z,712f87f035c6cfe581ffb290d71707e9bca5b59b,6929,size_in_bytes,lib/ocaml/compiler-libs/symbol_table.cmx,107920
2026-08-26T20:15:32Z,712f87f035c6cfe581ffb290d71707e9bca5b59b,6929,size_in_bytes,lib/ocaml/compiler-libs/arm64_binary_emitter__Relocation.cmx,71079
2026-08-26T20:15:32Z,712f87f035c6cfe581ffb290d71707e9bca5b59b,6929,size_in_bytes,lib/ocaml/compiler-libs/cfg_loop_infos.cmx,107600
2026-08-26T20:15:32Z,712f87f035c6cfe581ffb290d71707e9bca5b59b,6929,size_in_bytes,lib/ocaml/compiler-libs/arm64_binary_emitter__Condition_helpers.cmx,6995
2026-08-26T20:15:32Z,712f87f035c6cfe581ffb290d71707e9bca5b59b,6929,size_in_bytes,lib/ocaml/compiler-libs/compilenv.cmx,220027
2026-08-26T20:15:32Z,712f87f035c6cfe581ffb290d71707e9bca5b59b,6929,size_in_bytes,lib/ocaml/compiler-libs/includecore.cmx,387268
2026-08-26T20:15:32Z,712f87f035c6cfe581ffb290d71707e9bca5b59b,6929,size_in_bytes,lib/ocaml/compiler-libs/measure_object_files.cmx,28790
2026-08-26T20:15:32Z,712f87f035c6cfe581ffb290d71707e9bca5b59b,6929,size_in_bytes,lib/ocaml/compiler-libs/ast_invariants.cmx,145096
2026-08-26T20:15:32Z,712f87f035c6cfe581ffb290d71707e9bca5b59b,6929,size_in_bytes,lib/ocaml/compiler-libs/mode.cmx,9764853
2026-08-26T20:15:32Z,712f87f035c6cfe581ffb290d71707e9bca5b59b,6929,size_in_bytes,lib/ocaml/compiler-libs/stack_check.cmx,15229
2026-08-26T20:15:32Z,712f87f035c6cfe581ffb290d71707e9bca5b59b,6929,size_in_bytes,lib/ocaml/compiler-libs/reg_with_debug_info.cmx,358617
2026-08-26T20:15:32Z,712f87f035c6cfe581ffb290d71707e9bca5b59b,6929,size_in_bytes,lib/ocaml/compiler-libs/dwarf_low__Composite_location_description.cmx,45106
2026-08-26T20:15:32Z,712f87f035c6cfe581ffb290d71707e9bca5b59b,6929,size_in_bytes,lib/ocaml/compiler-libs/shape.cmx,1470418
2026-08-26T20:15:32Z,712f87f035c6cfe581ffb290d71707e9bca5b59b,6929,size_in_bytes,lib/ocaml/compiler-libs/cm_bundle.cmx,15963
2026-08-26T20:15:32Z,712f87f035c6cfe581ffb290d71707e9bca5b59b,6929,size_in_bytes,lib/ocaml/compiler-libs/int_replace_polymorphic_compare.cmx,12749
2026-08-26T20:15:32Z,712f87f035c6cfe581ffb290d71707e9bca5b59b,6929,size_in_bytes,lib/ocaml/compiler-libs/cmm_builtins.cmx,38597
2026-08-26T20:15:32Z,712f87f035c6cfe581ffb290d71707e9bca5b59b,6929,size_in_bytes,lib/ocaml/compiler-libs/instructionId.cmx,28226
2026-08-26T20:15:32Z,712f87f035c6cfe581ffb290d71707e9bca5b59b,6929,size_in_bytes,lib/ocaml/compiler-libs/peephole_utils.cmx,163128
2026-08-26T20:15:32Z,712f87f035c6cfe581ffb290d71707e9bca5b59b,6929,size_in_bytes,lib/ocaml/compiler-libs/maindriver.cmx,7787
2026-08-26T20:15:32Z,712f87f035c6cfe581ffb290d71707e9bca5b59b,6929,size_in_bytes,lib/ocaml/compiler-libs/dwarf_high__Assign_abbrevs.cmx,45294
2026-08-26T20:15:32Z,712f87f035c6cfe581ffb290d71707e9bca5b59b,6929,size_in_bytes,lib/ocaml/compiler-libs/jkind_types.cmx,444455
2026-08-26T20:15:32Z,712f87f035c6cfe581ffb290d71707e9bca5b59b,6929,size_in_bytes,lib/ocaml/compiler-libs/arm64_binary_emitter__For_jit.cmx,105802
2026-08-26T20:15:32Z,712f87f035c6cfe581ffb290d71707e9bca5b59b,6929,size_in_bytes,lib/ocaml/compiler-libs/errortrace_report.cmx,256584
2026-08-26T20:15:32Z,712f87f035c6cfe581ffb290d71707e9bca5b59b,6929,size_in_bytes,lib/ocaml/compiler-libs/arm64_ast.cmx,517
2026-08-26T20:15:32Z,712f87f035c6cfe581ffb290d71707e9bca5b59b,6929,size_in_bytes,lib/ocaml/compiler-libs/cfg_polling.cmx,14926
2026-08-26T20:15:32Z,712f87f035c6cfe581ffb290d71707e9bca5b59b,6929,size_in_bytes,lib/ocaml/compiler-libs/cfg_colours.cmx,89588
2026-08-26T20:15:32Z,712f87f035c6cfe581ffb290d71707e9bca5b59b,6929,size_in_bytes,lib/ocaml/compiler-libs/dwarf_low__Simple_location_description.cmx,25871
2026-08-26T20:15:32Z,712f87f035c6cfe581ffb290d71707e9bca5b59b,6929,size_in_bytes,lib/ocaml/compiler-libs/parser_types.cmx,1453
2026-08-26T20:15:32Z,712f87f035c6cfe581ffb290d71707e9bca5b59b,6929,size_in_bytes,lib/ocaml/compiler-libs/translmod.cmx,616488
2026-08-26T20:15:32Z,712f87f035c6cfe581ffb290d71707e9bca5b59b,6929,size_in_bytes,lib/ocaml/compiler-libs/llvm_ir.cmx,819134
2026-08-26T20:15:32Z,712f87f035c6cfe581ffb290d71707e9bca5b59b,6929,size_in_bytes,lib/ocaml/compiler-libs/cmi_format.cmx,130380
2026-08-26T20:15:32Z,712f87f035c6cfe581ffb290d71707e9bca5b59b,6929,size_in_bytes,lib/ocaml/compiler-libs/zero_alloc_info.cmx,46000
2026-08-26T20:15:32Z,712f87f035c6cfe581ffb290d71707e9bca5b59b,6929,size_in_bytes,lib/ocaml/compiler-libs/datarepr.cmx,158820
2026-08-26T20:15:32Z,712f87f035c6cfe581ffb290d71707e9bca5b59b,6929,size_in_bytes,lib/ocaml/compiler-libs/translclass.cmx,35623
2026-08-26T20:15:32Z,712f87f035c6cfe581ffb290d71707e9bca5b59b,6929,size_in_bytes,lib/ocaml/compiler-libs/attr_helper.cmx,36693
2026-08-26T20:15:32Z,712f87f035c6cfe581ffb290d71707e9bca5b59b,6929,size_in_bytes,lib/ocaml/compiler-libs/typeclass.cmx,623937
2026-08-26T20:15:32Z,712f87f035c6cfe581ffb290d71707e9bca5b59b,6929,size_in_bytes,lib/ocaml/compiler-libs/tmc.cmx,39537
2026-08-26T20:15:32Z,712f87f035c6cfe581ffb290d71707e9bca5b59b,6929,size_in_bytes,lib/ocaml/compiler-libs/jkind.cmx,1786864
2026-08-26T20:15:32Z,712f87f035c6cfe581ffb290d71707e9bca5b59b,6929,size_in_bytes,lib/ocaml/compiler-libs/untypeast.cmx,596074
2026-08-26T20:15:32Z,712f87f035c6cfe581ffb290d71707e9bca5b59b,6929,size_in_bytes,lib/ocaml/compiler-libs/dwarf_low__Location_list_entry.cmx,16757
2026-08-26T20:15:32Z,712f87f035c6cfe581ffb290d71707e9bca5b59b,6929,size_in_bytes,lib/ocaml/compiler-libs/config.cmx,93951
2026-08-26T20:15:32Z,712f87f035c6cfe581ffb290d71707e9bca5b59b,6929,size_in_bytes,lib/ocaml/compiler-libs/dwarf_high__Proto_die.cmx,55080
2026-08-26T20:15:32Z,712f87f035c6cfe581ffb290d71707e9bca5b59b,6929,size_in_bytes,lib/ocaml/compiler-libs/typedecl_properties.cmx,83458
2026-08-26T20:15:32Z,712f87f035c6cfe581ffb290d71707e9bca5b59b,6929,size_in_bytes,lib/ocaml/compiler-libs/bytepackager.cmx,73875
2026-08-26T20:15:32Z,712f87f035c6cfe581ffb290d71707e9bca5b59b,6929,size_in_bytes,lib/ocaml/compiler-libs/compmisc.cmx,96655
2026-08-26T20:15:32Z,712f87f035c6cfe581ffb290d71707e9bca5b59b,6929,size_in_bytes,lib/ocaml/compiler-libs/arm64_binary_emitter__Yield_helpers.cmx,2218
2026-08-26T20:15:32Z,712f87f035c6cfe581ffb290d71707e9bca5b59b,6929,size_in_bytes,lib/ocaml/compiler-libs/tast_iterator.cmx,435390
2026-08-26T20:15:32Z,712f87f035c6cfe581ffb290d71707e9bca5b59b,6929,size_in_bytes,lib/ocaml/compiler-libs/dwarf_low__Dwarf_value.cmx,119359
2026-08-26T20:15:32Z,712f87f035c6cfe581ffb290d71707e9bca5b59b,6929,size_in_bytes,lib/ocaml/compiler-libs/cfg_dominators.cmx,92034
2026-08-26T20:15:32Z,712f87f035c6cfe581ffb290d71707e9bca5b59b,6929,size_in_bytes,lib/ocaml/compiler-libs/dwarf_low__Range_list_entry.cmx,20476
2026-08-26T20:15:32Z,712f87f035c6cfe581ffb290d71707e9bca5b59b,6929,size_in_bytes,lib/ocaml/compiler-libs/dwarf_state.cmx,375540
2026-08-26T20:15:32Z,712f87f035c6cfe581ffb290d71707e9bca5b59b,6929,size_in_bytes,lib/ocaml/compiler-libs/ast_mapper.cmx,980468
2026-08-26T20:15:32Z,712f87f035c6cfe581ffb290d71707e9bca5b59b,6929,size_in_bytes,lib/ocaml/compiler-libs/regalloc_stack_operands.cmx,21373
2026-08-26T20:15:32Z,712f87f035c6cfe581ffb290d71707e9bca5b59b,6929,size_in_bytes,lib/ocaml/compiler-libs/byteinstantiator.cmx,22944
2026-08-26T20:15:32Z,712f87f035c6cfe581ffb290d71707e9bca5b59b,6929,size_in_bytes,lib/ocaml/compiler-libs/vectorize_specific.cmx,31284
2026-08-26T20:15:32Z,712f87f035c6cfe581ffb290d71707e9bca5b59b,6929,size_in_bytes,lib/ocaml/compiler-libs/dwarf_low__Dwarf_emittable.cmx,1318
2026-08-26T20:15:32Z,712f87f035c6cfe581ffb290d71707e9bca5b59b,6929,size_in_bytes,lib/ocaml/compiler-libs/cmt_format.cmx,133184
2026-08-26T20:15:32Z,712f87f035c6cfe581ffb290d71707e9bca5b59b,6929,size_in_bytes,lib/ocaml/compiler-libs/dll.cmx,77056
2026-08-26T20:15:32Z,712f87f035c6cfe581ffb290d71707e9bca5b59b,6929,size_in_bytes,lib/ocaml/compiler-libs/envaux.cmx,40006
2026-08-26T20:15:32Z,712f87f035c6cfe581ffb290d71707e9bca5b59b,6929,size_in_bytes,lib/ocaml/compiler-libs/builtin_attributes.cmx,902127
2026-08-26T20:15:32Z,712f87f035c6cfe581ffb290d71707e9bca5b59b,6929,size_in_bytes,lib/ocaml/compiler-libs/parmatch.cmx,538342
2026-08-26T20:15:32Z,712f87f035c6cfe581ffb290d71707e9bca5b59b,6929,size_in_bytes,lib/ocaml/compiler-libs/shape_reduce.cmx,855497
2026-08-26T20:15:32Z,712f87f035c6cfe581ffb290d71707e9bca5b59b,6929,size_in_bytes,lib/ocaml/compiler-libs/primitive.cmx,82884
2026-08-26T20:15:32Z,712f87f035c6cfe581ffb290d71707e9bca5b59b,6929,size_in_bytes,lib/ocaml/compiler-libs/dwarf_inlined_frames.cmx,243821
2026-08-26T20:15:32Z,712f87f035c6cfe581ffb290d71707e9bca5b59b,6929,size_in_bytes,lib/ocaml/compiler-libs/dwarf_name_laundry.cmx,19784
2026-08-26T20:15:32Z,712f87f035c6cfe581ffb290d71707e9bca5b59b,6929,size_in_bytes,lib/ocaml/compiler-libs/llvmize.cmx,433646
2026-08-26T20:15:32Z,712f87f035c6cfe581ffb290d71707e9bca5b59b,6929,size_in_bytes,lib/ocaml/compiler-libs/cfg.cmx,265255
2026-08-26T20:15:32Z,712f87f035c6cfe581ffb290d71707e9bca5b59b,6929,size_in_bytes,lib/ocaml/compiler-libs/dwarf_low__Dwarf_4_range_list_entry.cmx,66187
2026-08-26T20:15:32Z,712f87f035c6cfe581ffb290d71707e9bca5b59b,6929,size_in_bytes,lib/ocaml/compiler-libs/dwarf_low__Abbreviations_table.cmx,85761
2026-08-26T20:15:32Z,712f87f035c6cfe581ffb290d71707e9bca5b59b,6929,size_in_bytes,lib/ocaml/compiler-libs/cfg_selection.cmx,141403
2026-08-26T20:15:32Z,712f87f035c6cfe581ffb290d71707e9bca5b59b,6929,size_in_bytes,lib/ocaml/compiler-libs/stypes.cmx,59500
2026-08-26T20:15:32Z,712f87f035c6cfe581ffb290d71707e9bca5b59b,6929,size_in_bytes,lib/ocaml/compiler-libs/asm_targets__Asm_section.cmx,159112
2026-08-26T20:15:32Z,712f87f035c6cfe581ffb290d71707e9bca5b59b,6929,size_in_bytes,lib/ocaml/compiler-libs/path.cmx,316359
2026-08-26T20:15:32Z,712f87f035c6cfe581ffb290d71707e9bca5b59b,6929,size_in_bytes,lib/ocaml/compiler-libs/meta.cmx,2790
2026-08-26T20:15:32Z,712f87f035c6cfe581ffb290d71707e9bca5b59b,6929,size_in_bytes,lib/ocaml/compiler-libs/extract_relocations.cmx,142583
2026-08-26T20:15:32Z,712f87f035c6cfe581ffb290d71707e9bca5b59b,6929,size_in_bytes,lib/ocaml/compiler-libs/branch_relaxation.cmx,142483
2026-08-26T20:15:32Z,712f87f035c6cfe581ffb290d71707e9bca5b59b,6929,size_in_bytes,lib/ocaml/compiler-libs/errortrace.cmx,70286
2026-08-26T20:15:32Z,712f87f035c6cfe581ffb290d71707e9bca5b59b,6929,size_in_bytes,lib/ocaml/compiler-libs/dwarf_low__Address_index.cmx,1410768
2026-08-26T20:15:32Z,712f87f035c6cfe581ffb290d71707e9bca5b59b,6929,size_in_bytes,lib/ocaml/compiler-libs/arch.cmx,167538
2026-08-26T20:15:32Z,712f87f035c6cfe581ffb290d71707e9bca5b59b,6929,size_in_bytes,lib/ocaml/compiler-libs/typedtree.cmx,405135
2026-08-26T20:15:32Z,712f87f035c6cfe581ffb290d71707e9bca5b59b,6929,size_in_bytes,lib/ocaml/compiler-libs/instruct.cmx,3079
2026-08-26T20:15:32Z,712f87f035c6cfe581ffb290d71707e9bca5b59b,6929,size_in_bytes,lib/ocaml/compiler-libs/ident.cmx,962636
2026-08-26T20:15:32Z,712f87f035c6cfe581ffb290d71707e9bca5b59b,6929,size_in_bytes,lib/ocaml/compiler-libs/predef.cmx,199801
2026-08-26T20:15:32Z,712f87f035c6cfe581ffb290d71707e9bca5b59b,6929,size_in_bytes,lib/ocaml/compiler-libs/slambdaident.cmx,911605
2026-08-26T20:15:32Z,712f87f035c6cfe581ffb290d71707e9bca5b59b,6929,size_in_bytes,lib/ocaml/compiler-libs/zero_alloc.cmx,106275
2026-08-26T20:15:32Z,712f87f035c6cfe581ffb290d71707e9bca5b59b,6929,size_in_bytes,lib/ocaml/compiler-libs/dwarf_high__Operator_builder.cmx,163363
2026-08-26T20:15:32Z,712f87f035c6cfe581ffb290d71707e9bca5b59b,6929,size_in_bytes,lib/ocaml/compiler-libs/peephole_rules.cmx,43389
2026-08-26T20:15:32Z,712f87f035c6cfe581ffb290d71707e9bca5b59b,6929,size_in_bytes,lib/ocaml/compiler-libs/asm_targets__Asm_directives_dwarf.cmx,2072
2026-08-26T20:15:32Z,712f87f035c6cfe581ffb290d71707e9bca5b59b,6929,size_in_bytes,lib/ocaml/compiler-libs/opterrors.cmx,1442
2026-08-26T20:15:32Z,712f87f035c6cfe581ffb290d71707e9bca5b59b,6929,size_in_bytes,lib/ocaml/compiler-libs/cms_format.cmx,97470
2026-08-26T20:15:32Z,712f87f035c6cfe581ffb290d71707e9bca5b59b,6929,size_in_bytes,lib/ocaml/compiler-libs/dwarf_high.cmx,670
2026-08-26T20:15:32Z,712f87f035c6cfe581ffb290d71707e9bca5b59b,6929,size_in_bytes,lib/ocaml/compiler-libs/proc.cmx,268268
2026-08-26T20:15:32Z,712f87f035c6cfe581ffb290d71707e9bca5b59b,6929,size_in_bytes,lib/ocaml/compiler-libs/dwarf_low__Location_list.cmx,39471
2026-08-26T20:15:32Z,712f87f035c6cfe581ffb290d71707e9bca5b59b,6929,size_in_bytes,lib/ocaml/compiler-libs/arm64_binary_emitter__Fp_helpers.cmx,33787
2026-08-26T20:15:32Z,712f87f035c6cfe581ffb290d71707e9bca5b59b,6929,size_in_bytes,lib/ocaml/compiler-libs/regalloc_utils.cmx,648315
2026-08-26T20:15:32Z,712f87f035c6cfe581ffb290d71707e9bca5b59b,6929,size_in_bytes,lib/ocaml/compiler-libs/asm_targets__Asm_symbol.cmx,852366
2026-08-26T20:15:32Z,712f87f035c6cfe581ffb290d71707e9bca5b59b,6929,size_in_bytes,lib/ocaml/compiler-libs/x86_peephole_rules.cmx,71920
2026-08-26T20:15:32Z,712f87f035c6cfe581ffb290d71707e9bca5b59b,6929,size_in_bytes,lib/ocaml/compiler-libs/compiler_hooks.cmx,56565
2026-08-26T20:15:32Z,712f87f035c6cfe581ffb290d71707e9bca5b59b,6929,size_in_bytes,lib/ocaml/compiler-libs/cfg_cse.cmx,337141
2026-08-26T20:15:32Z,712f87f035c6cfe581ffb290d71707e9bca5b59b,6929,size_in_bytes,lib/ocaml/compiler-libs/lambda.cmx,889914
2026-08-26T20:15:32Z,712f87f035c6cfe581ffb290d71707e9bca5b59b,6929,size_in_bytes,lib/ocaml/compiler-libs/syntaxerr.cmx,7369
2026-08-26T20:15:32Z,712f87f035c6cfe581ffb290d71707e9bca5b59b,6929,size_in_bytes,lib/ocaml/compiler-libs/dwarf_type.cmx,24955
2026-08-26T20:15:32Z,712f87f035c6cfe581ffb290d71707e9bca5b59b,6929,size_in_bytes,lib/ocaml/compiler-libs/regalloc_interf_graph.cmx,287870
2026-08-26T20:15:32Z,712f87f035c6cfe581ffb290d71707e9bca5b59b,6929,size_in_bytes,lib/ocaml/compiler-libs/regalloc_gi_state.cmx,47877
2026-08-26T20:15:32Z,712f87f035c6cfe581ffb290d71707e9bca5b59b,6929,size_in_bytes,lib/ocaml/compiler-libs/dwarf_low__Child_determination.cmx,12085
2026-08-26T20:15:32Z,712f87f035c6cfe581ffb290d71707e9bca5b59b,6929,size_in_bytes,lib/ocaml/compiler-libs/linkdeps.cmx,117921
2026-08-26T20:15:32Z,712f87f035c6cfe581ffb290d71707e9bca5b59b,6929,size_in_bytes,lib/ocaml/compiler-libs/dwarf_low__Dwarf_version.cmx,12751
2026-08-26T20:15:32Z,712f87f035c6cfe581ffb290d71707e9bca5b59b,6929,size_in_bytes,lib/ocaml/compiler-libs/consistbl.cmx,62530
2026-08-26T20:15:32Z,712f87f035c6cfe581ffb290d71707e9bca5b59b,6929,size_in_bytes,lib/ocaml/compiler-libs/regalloc_rewrite.cmx,43349
2026-08-26T20:15:32Z,712f87f035c6cfe581ffb290d71707e9bca5b59b,6929,size_in_bytes,lib/ocaml/compiler-libs/select_utils.cmx,370938
2026-08-26T20:15:32Z,712f87f035c6cfe581ffb290d71707e9bca5b59b,6929,size_in_bytes,lib/ocaml/compiler-libs/uniqueness_analysis.cmx,651308
2026-08-26T20:15:32Z,712f87f035c6cfe581ffb290d71707e9bca5b59b,6929,size_in_bytes,lib/ocaml/compiler-libs/internal_assembler.cmx,17331
2026-08-26T20:15:32Z,712f87f035c6cfe581ffb290d71707e9bca5b59b,6929,size_in_bytes,lib/ocaml/compiler-libs/vicuna_traverse_typed_tree.cmx,89797
2026-08-26T20:15:32Z,712f87f035c6cfe581ffb290d71707e9bca5b59b,6929,size_in_bytes,lib/ocaml/compiler-libs/regalloc_ls.cmx,190721
2026-08-26T20:15:32Z,712f87f035c6cfe581ffb290d71707e9bca5b59b,6929,size_in_bytes,lib/ocaml/compiler-libs/arm64_binary_emitter.cmx,1409
2026-08-26T20:15:32Z,712f87f035c6cfe581ffb290d71707e9bca5b59b,6929,size_in_bytes,lib/ocaml/compiler-libs/dwarf_low__Dwarf_4_range_list.cmx,57228
2026-08-26T20:15:32Z,712f87f035c6cfe581ffb290d71707e9bca5b59b,6929,size_in_bytes,lib/ocaml/compiler-libs/linker_script.cmx,7988
2026-08-26T20:15:32Z,712f87f035c6cfe581ffb290d71707e9bca5b59b,6929,size_in_bytes,lib/ocaml/compiler-libs/extra_debug.cmx,38262
2026-08-26T20:15:32Z,712f87f035c6cfe581ffb290d71707e9bca5b59b,6929,size_in_bytes,lib/ocaml/compiler-libs/includemod.cmx,960502
2026-08-26T20:15:32Z,712f87f035c6cfe581ffb290d71707e9bca5b59b,6929,size_in_bytes,lib/ocaml/compiler-libs/partition_object_files.cmx,82872
2026-08-26T20:15:32Z,712f87f035c6cfe581ffb290d71707e9bca5b59b,6929,size_in_bytes,lib/ocaml/compiler-libs/arm64_binary_emitter__Branch_helpers.cmx,84268
2026-08-26T20:15:32Z,712f87f035c6cfe581ffb290d71707e9bca5b59b,6929,size_in_bytes,lib/ocaml/compiler-libs/regalloc_gi.cmx,88510
2026-08-26T20:15:32Z,712f87f035c6cfe581ffb290d71707e9bca5b59b,6929,size_in_bytes,lib/ocaml/compiler-libs/dwarf_low__Dwarf_attributes.cmx,1542571
2026-08-26T20:15:32Z,712f87f035c6cfe581ffb290d71707e9bca5b59b,6929,size_in_bytes,lib/ocaml/compiler-libs/emitaux.cmx,271093
2026-08-26T20:15:32Z,712f87f035c6cfe581ffb290d71707e9bca5b59b,6929,size_in_bytes,lib/ocaml/compiler-libs/subst.cmx,724466
2026-08-26T20:15:32Z,712f87f035c6cfe581ffb290d71707e9bca5b59b,6929,size_in_bytes,lib/ocaml/compiler-libs/slambda_fracture.cmx,50396
2026-08-26T20:15:32Z,712f87f035c6cfe581ffb290d71707e9bca5b59b,6929,size_in_bytes,lib/ocaml/compiler-libs/format_doc.cmx,606323
2026-08-26T20:15:32Z,712f87f035c6cfe581ffb290d71707e9bca5b59b,6929,size_in_bytes,lib/ocaml/compiler-libs/location.cmx,709191
2026-08-26T20:15:32Z,712f87f035c6cfe581ffb290d71707e9bca5b59b,6929,size_in_bytes,lib/ocaml/compiler-libs/emitcode.cmx,58291
2026-08-26T20:15:32Z,712f87f035c6cfe581ffb290d71707e9bca5b59b,6929,size_in_bytes,lib/ocaml/compiler-libs/matching.cmx,1134184
2026-08-26T20:15:32Z,712f87f035c6cfe581ffb290d71707e9bca5b59b,6929,size_in_bytes,lib/ocaml/compiler-libs/load_path.cmx,275184
2026-08-26T20:15:32Z,712f87f035c6cfe581ffb290d71707e9bca5b59b,6929,size_in_bytes,lib/ocaml/compiler-libs/asm_targets.cmx,623
2026-08-26T20:15:32Z,712f87f035c6cfe581ffb290d71707e9bca5b59b,6929,size_in_bytes,lib/ocaml/compiler-libs/typedecl.cmx,765934
2026-08-26T20:15:32Z,712f87f035c6cfe581ffb290d71707e9bca5b59b,6929,size_in_bytes,lib/ocaml/compiler-libs/dwarf_low__Dwarf_format.cmx,5616
2026-08-26T20:15:32Z,712f87f035c6cfe581ffb290d71707e9bca5b59b,6929,size_in_bytes,lib/ocaml/compiler-libs/bytelibrarian.cmx,100534
2026-08-26T20:15:32Z,712f87f035c6cfe581ffb290d71707e9bca5b59b,6929,size_in_bytes,lib/ocaml/compiler-libs/out_type.cmx,1476520
2026-08-26T20:15:32Z,712f87f035c6cfe581ffb290d71707e9bca5b59b,6929,size_in_bytes,lib/ocaml/compiler-libs/dwarf_low__Dwarf_attribute_values.cmx,235110
2026-08-26T20:15:32Z,712f87f035c6cfe581ffb290d71707e9bca5b59b,6929,size_in_bytes,lib/ocaml/compiler-libs/typedecl_variance.cmx,186077
2026-08-26T20:15:32Z,712f87f035c6cfe581ffb290d71707e9bca5b59b,6929,size_in_bytes,lib/ocaml/compiler-libs/dwarf_low__Dwarf_4_location_list.cmx,69571
2026-08-26T20:15:32Z,712f87f035c6cfe581ffb290d71707e9bca5b59b,6929,size_in_bytes,lib/ocaml/compiler-libs/dwarf_low__Range_list_table.cmx,83222
2026-08-26T20:15:32Z,712f87f035c6cfe581ffb290d71707e9bca5b59b,6929,size_in_bytes,lib/ocaml/compiler-libs/cfg_reducibility.cmx,59269
2026-08-26T20:15:32Z,712f87f035c6cfe581ffb290d71707e9bca5b59b,6929,size_in_bytes,lib/ocaml/compiler-libs/types.cmx,1208568
2026-08-26T20:15:32Z,712f87f035c6cfe581ffb290d71707e9bca5b59b,6929,size_in_bytes,lib/ocaml/compiler-libs/rawprinttyp.cmx,59514
2026-08-26T20:15:32Z,712f87f035c6cfe581ffb290d71707e9bca5b59b,6929,size_in_bytes,lib/ocaml/compiler-libs/dwarf_low__Single_location_description.cmx,48526
2026-08-26T20:15:32Z,712f87f035c6cfe581ffb290d71707e9bca5b59b,6929,size_in_bytes,lib/ocaml/compiler-libs/depend.cmx,257779
2026-08-26T20:15:32Z,712f87f035c6cfe581ffb290d71707e9bca5b59b,6929,size_in_bytes,lib/ocaml/compiler-libs/dissector_log.cmx,37922
2026-08-26T20:15:32Z,712f87f035c6cfe581ffb290d71707e9bca5b59b,6929,size_in_bytes,lib/ocaml/compiler-libs/arm64_binary_emitter__Simd_helpers.cmx,59442
2026-08-26T20:15:32Z,712f87f035c6cfe581ffb290d71707e9bca5b59b,6929,size_in_bytes,lib/ocaml/compiler-libs/x86_binary_emitter.cmx,304512
2026-08-26T20:15:32Z,712f87f035c6cfe581ffb290d71707e9bca5b59b,6929,size_in_bytes,lib/ocaml/compiler-libs/data_types.cmx,36640
2026-08-26T20:15:32Z,712f87f035c6cfe581ffb290d71707e9bca5b59b,6929,size_in_bytes,lib/ocaml/compiler-libs/dwarf_low__Encoding_attribute.cmx,10340
2026-08-26T20:15:32Z,712f87f035c6cfe581ffb290d71707e9bca5b59b,6929,size_in_bytes,lib/ocaml/compiler-libs/cfg_merge_blocks.cmx,94865
2026-08-26T20:15:32Z,712f87f035c6cfe581ffb290d71707e9bca5b59b,6929,size_in_bytes,lib/ocaml/compiler-libs/errors.cmx,1427
2026-08-26T20:15:32Z,712f87f035c6cfe581ffb290d71707e9bca5b59b,6929,size_in_bytes,lib/ocaml/compiler-libs/includeclass.cmx,45685
2026-08-26T20:15:32Z,712f87f035c6cfe581ffb290d71707e9bca5b59b,6929,size_in_bytes,lib/ocaml/compiler-libs/cfg_prologue.cmx,575114
2026-08-26T20:15:32Z,712f87f035c6cfe581ffb290d71707e9bca5b59b,6929,size_in_bytes,lib/ocaml/compiler-libs/x86_ast_utils.cmx,82639
2026-08-26T20:15:32Z,712f87f035c6cfe581ffb290d71707e9bca5b59b,6929,size_in_bytes,lib/ocaml/compiler-libs/oxcaml_args.cmx,1794543
2026-08-26T20:15:32Z,712f87f035c6cfe581ffb290d71707e9bca5b59b,6929,size_in_bytes,lib/ocaml/compiler-libs/simplify_terminator.cmx,23355
2026-08-26T20:15:32Z,712f87f035c6cfe581ffb290d71707e9bca5b59b,6929,size_in_bytes,lib/ocaml/compiler-libs/arg_helper.cmx,83942
2026-08-26T20:15:32Z,712f87f035c6cfe581ffb290d71707e9bca5b59b,6929,size_in_bytes,lib/ocaml/compiler-libs/ldd.cmx,608188
2026-08-26T20:15:32Z,712f87f035c6cfe581ffb290d71707e9bca5b59b,6929,size_in_bytes,lib/ocaml/compiler-libs/cfg_comballoc.cmx,78688
2026-08-26T20:15:32Z,712f87f035c6cfe581ffb290d71707e9bca5b59b,6929,size_in_bytes,lib/ocaml/compiler-libs/asttypes.cmx,5253
2026-08-26T20:15:32Z,712f87f035c6cfe581ffb290d71707e9bca5b59b,6929,size_in_bytes,lib/ocaml/compiler-libs/gprinttyp.cmx,627005
2026-08-26T20:15:32Z,712f87f035c6cfe581ffb290d71707e9bca5b59b,6929,size_in_bytes,lib/ocaml/compiler-libs/regalloc_split_utils.cmx,136754
2026-08-26T20:15:32Z,712f87f035c6cfe581ffb290d71707e9bca5b59b,6929,size_in_bytes,lib/ocaml/compiler-libs/cmm_peephole_engine.cmx,94458
2026-08-26T20:15:32Z,712f87f035c6cfe581ffb290d71707e9bca5b59b,6929,size_in_bytes,lib/ocaml/compiler-libs/arm64_binary_emitter__Encode_instruction.cmx,8708
2026-08-26T20:15:32Z,712f87f035c6cfe581ffb290d71707e9bca5b59b,6929,size_in_bytes,lib/ocaml/compiler-libs/cfg_with_infos.cmx,99511
2026-08-26T20:15:32Z,712f87f035c6cfe581ffb290d71707e9bca5b59b,6929,size_in_bytes,lib/ocaml/compiler-libs/vectorize.cmx,108019
2026-08-26T20:15:32Z,712f87f035c6cfe581ffb290d71707e9bca5b59b,6929,size_in_bytes,lib/ocaml/compiler-libs/cfg_dataflow.cmx,256146
2026-08-26T20:15:32Z,712f87f035c6cfe581ffb290d71707e9bca5b59b,6929,size_in_bytes,lib/ocaml/compiler-libs/value_rec_compiler.cmx,8034
2026-08-26T20:15:32Z,712f87f035c6cfe581ffb290d71707e9bca5b59b,6929,size_in_bytes,lib/ocaml/compiler-libs/regalloc_invariants.cmx,100591
2026-08-26T20:15:32Z,712f87f035c6cfe581ffb290d71707e9bca5b59b,6929,size_in_bytes,lib/ocaml/compiler-libs/dwarf_low__Counted_location_description.cmx,69772
2026-08-26T20:15:32Z,712f87f035c6cfe581ffb290d71707e9bca5b59b,6929,size_in_bytes,lib/ocaml/compiler-libs/simplif.cmx,54898
2026-08-26T20:15:32Z,712f87f035c6cfe581ffb290d71707e9bca5b59b,6929,size_in_bytes,lib/ocaml/compiler-libs/regalloc_irc.cmx,19180
2026-08-26T20:15:32Z,712f87f035c6cfe581ffb290d71707e9bca5b59b,6929,size_in_bytes,lib/ocaml/compiler-libs/reg.cmx,846356
2026-08-26T20:15:32Z,712f87f035c6cfe581ffb290d71707e9bca5b59b,6929,size_in_bytes,lib/ocaml/compiler-libs/x86_dsl.cmx,475965
2026-08-26T20:15:32Z,712f87f035c6cfe581ffb290d71707e9bca5b59b,6929,size_in_bytes,lib/ocaml/compiler-libs/doubly_linked_list.cmx,209859
2026-08-26T20:15:32Z,712f87f035c6cfe581ffb290d71707e9bca5b59b,6929,size_in_bytes,lib/ocaml/compiler-libs/domainstate.cmx,1913
2026-08-26T20:15:32Z,712f87f035c6cfe581ffb290d71707e9bca5b59b,6929,size_in_bytes,lib/ocaml/compiler-libs/printcfg.cmx,176664
2026-08-26T20:15:32Z,712f87f035c6cfe581ffb290d71707e9bca5b59b,6929,size_in_bytes,lib/ocaml/compiler-libs/current_unit.cmx,74079
2026-08-26T20:15:32Z,712f87f035c6cfe581ffb290d71707e9bca5b59b,6929,size_in_bytes,lib/ocaml/compiler-libs/dwarf_low__Location_or_range_list_entry.cmx,137516
2026-08-26T20:15:32Z,712f87f035c6cfe581ffb290d71707e9bca5b59b,6929,size_in_bytes,lib/ocaml/compiler-libs/misc.cmx,1956232
2026-08-26T20:15:32Z,712f87f035c6cfe581ffb290d71707e9bca5b59b,6929,size_in_bytes,lib/ocaml/compiler-libs/dwarf_low__Address_table.cmx,81851
2026-08-26T20:15:32Z,712f87f035c6cfe581ffb290d71707e9bca5b59b,6929,size_in_bytes,lib/ocaml/compiler-libs/igot.cmx,56949
2026-08-26T20:15:32Z,712f87f035c6cfe581ffb290d71707e9bca5b59b,6929,size_in_bytes,lib/ocaml/compiler-libs/arm64_binary_emitter__Binary_emitter.cmx,167154
2026-08-26T20:15:32Z,712f87f035c6cfe581ffb290d71707e9bca5b59b,6929,size_in_bytes,lib/ocaml/compiler-libs/fdo_info.cmx,23481
2026-08-26T20:15:32Z,712f87f035c6cfe581ffb290d71707e9bca5b59b,6929,size_in_bytes,lib/ocaml/compiler-libs/structured_mangling.cmx,198405
2026-08-26T20:15:32Z,712f87f035c6cfe581ffb290d71707e9bca5b59b,6929,size_in_bytes,lib/ocaml/compiler-libs/generic_fns.cmx,483933
2026-08-26T20:15:32Z,712f87f035c6cfe581ffb290d71707e9bca5b59b,6929,size_in_bytes,lib/ocaml/compiler-libs/operation.cmx,94179
2026-08-26T20:15:32Z,712f87f035c6cfe581ffb290d71707e9bca5b59b,6929,size_in_bytes,lib/ocaml/compiler-libs/static_label.cmx,16988
2026-08-26T20:15:32Z,712f87f035c6cfe581ffb290d71707e9bca5b59b,6929,size_in_bytes,lib/ocaml/compiler-libs/hash_consed.cmx,44166
2026-08-26T20:15:32Z,712f87f035c6cfe581ffb290d71707e9bca5b59b,6929,size_in_bytes,lib/ocaml/compiler-libs/cfg_simplify.cmx,224837
2026-08-26T20:15:32Z,712f87f035c6cfe581ffb290d71707e9bca5b59b,6929,size_in_bytes,lib/ocaml/compiler-libs/x86_gas.cmx,40655
2026-08-26T20:15:32Z,712f87f035c6cfe581ffb290d71707e9bca5b59b,6929,size_in_bytes,lib/ocaml/compiler-libs/dwarf_low__Aranges_table.cmx,31887
2026-08-26T20:15:32Z,712f87f035c6cfe581ffb290d71707e9bca5b59b,6929,size_in_bytes,lib/ocaml/compiler-libs/backend_var.cmx,129712
2026-08-26T20:15:32Z,712f87f035c6cfe581ffb290d71707e9bca5b59b,6929,size_in_bytes,lib/ocaml/compiler-libs/dwarf_low__Debug_ranges_table.cmx,31133
2026-08-26T20:15:32Z,712f87f035c6cfe581ffb290d71707e9bca5b59b,6929,size_in_bytes,lib/ocaml/compiler-libs/regalloc_split.cmx,338144
2026-08-26T20:15:32Z,712f87f035c6cfe581ffb290d71707e9bca5b59b,6929,size_in_bytes,lib/ocaml/compiler-libs/stack_class.cmx,207914
2026-08-26T20:15:32Z,712f87f035c6cfe581ffb290d71707e9bca5b59b,6929,size_in_bytes,lib/ocaml/compiler-libs/docstrings.cmx,456222
2026-08-26T20:15:32Z,712f87f035c6cfe581ffb290d71707e9bca5b59b,6929,size_in_bytes,lib/ocaml/compiler-libs/form_rewrite_plan.cmx,78608
2026-08-26T20:15:32Z,712f87f035c6cfe581ffb290d71707e9bca5b59b,6929,size_in_bytes,lib/ocaml/compiler-libs/cfg_with_layout.cmx,230150
2026-08-26T20:15:32Z,712f87f035c6cfe581ffb290d71707e9bca5b59b,6929,size_in_bytes,lib/ocaml/compiler-libs/mixed_product_bytes.cmx,72324
2026-08-26T20:15:32Z,712f87f035c6cfe581ffb290d71707e9bca5b59b,6929,size_in_bytes,lib/ocaml/compiler-libs/type_shape.cmx,615121
2026-08-26T20:15:32Z,712f87f035c6cfe581ffb290d71707e9bca5b59b,6929,size_in_bytes,lib/ocaml/compiler-libs/printtyp.cmx,371686
2026-08-26T20:15:32Z,712f87f035c6cfe581ffb290d71707e9bca5b59b,6929,size_in_bytes,lib/ocaml/compiler-libs/regalloc_irc_state.cmx,836735
2026-08-26T20:15:32Z,712f87f035c6cfe581ffb290d71707e9bca5b59b,6929,size_in_bytes,lib/ocaml/compiler-libs/dwarf_low__Dwarf_language.cmx,13660
2026-08-26T20:15:32Z,712f87f035c6cfe581ffb290d71707e9bca5b59b,6929,size_in_bytes,lib/ocaml/compiler-libs/x86_peephole_utils.cmx,81922
2026-08-26T20:15:32Z,712f87f035c6cfe581ffb290d71707e9bca5b59b,6929,size_in_bytes,lib/ocaml/compiler-libs/makedepend.cmx,35542
2026-08-26T20:15:32Z,712f87f035c6cfe581ffb290d71707e9bca5b59b,6929,size_in_bytes,lib/ocaml/compiler-libs/printlambda.cmx,174526
2026-08-26T20:15:32Z,712f87f035c6cfe581ffb290d71707e9bca5b59b,6929,size_in_bytes,lib/ocaml/compiler-libs/priority_queue.cmx,91029
2026-08-26T20:15:32Z,712f87f035c6cfe581ffb290d71707e9bca5b59b,6929,size_in_bytes,lib/ocaml/compiler-libs/arm64_binary_emitter__Csel_helpers.cmx,11593
2026-08-26T20:15:32Z,712f87f035c6cfe581ffb290d71707e9bca5b59b,6929,size_in_bytes,lib/ocaml/compiler-libs/persistent_env.cmx,835401
2026-08-26T20:15:32Z,712f87f035c6cfe581ffb290d71707e9bca5b59b,6929,size_in_bytes,lib/ocaml/compiler-libs/printtyped.cmx,846153
2026-08-26T20:15:32Z,712f87f035c6cfe581ffb290d71707e9bca5b59b,6929,size_in_bytes,lib/ocaml/compiler-libs/stack_class_utils.cmx,91981
2026-08-26T20:15:32Z,712f87f035c6cfe581ffb290d71707e9bca5b59b,6929,size_in_bytes,lib/ocaml/compiler-libs/clflags.cmx,540805
2026-08-26T20:15:32Z,712f87f035c6cfe581ffb290d71707e9bca5b59b,6929,size_in_bytes,lib/ocaml/compiler-libs/mtype.cmx,167791
2026-08-26T20:15:32Z,712f87f035c6cfe581ffb290d71707e9bca5b59b,6929,size_in_bytes,lib/ocaml/compiler-libs/compute_ranges_intf.cmx,10290
2026-08-26T20:15:32Z,712f87f035c6cfe581ffb290d71707e9bca5b59b,6929,size_in_bytes,lib/ocaml/compiler-libs/arm64_binary_emitter__Mov_helpers.cmx,13762
2026-08-26T20:15:32Z,712f87f035c6cfe581ffb290d71707e9bca5b59b,6929,size_in_bytes,lib/ocaml/compiler-libs/printcmm.cmx,268752
2026-08-26T20:15:32Z,712f87f035c6cfe581ffb290d71707e9bca5b59b,6929,size_in_bytes,lib/ocaml/compiler-libs/printlinear.cmx,68037
2026-08-26T20:15:32Z,712f87f035c6cfe581ffb290d71707e9bca5b59b,6929,size_in_bytes,lib/ocaml/compiler-libs/regalloc_stack_slots.cmx,74035
2026-08-26T20:15:32Z,712f87f035c6cfe581ffb290d71707e9bca5b59b,6929,size_in_bytes,lib/ocaml/compiler-libs/pprintast.cmx,176122
2026-08-26T20:15:32Z,712f87f035c6cfe581ffb290d71707e9bca5b59b,6929,size_in_bytes,lib/ocaml/compiler-libs/simd.cmx,646352
2026-08-26T20:15:32Z,712f87f035c6cfe581ffb290d71707e9bca5b59b,6929,size_in_bytes,lib/ocaml/compiler-libs/dwarf_abstract_instances.cmx,124559
2026-08-26T20:15:32Z,712f87f035c6cfe581ffb290d71707e9bca5b59b,6929,size_in_bytes,lib/ocaml/compiler-libs/cfg_to_linear.cmx,14217
2026-08-26T20:15:32Z,712f87f035c6cfe581ffb290d71707e9bca5b59b,6929,size_in_bytes,lib/ocaml/compiler-libs/import_info.cmx,176491
2026-08-26T20:15:32Z,712f87f035c6cfe581ffb290d71707e9bca5b59b,6929,size_in_bytes,lib/ocaml/compiler-libs/dwarf_low__Location_list_table.cmx,83726
2026-08-26T20:15:32Z,712f87f035c6cfe581ffb290d71707e9bca5b59b,6929,size_in_bytes,lib/ocaml/compiler-libs/sub_cfg.cmx,144619
2026-08-26T20:15:32Z,712f87f035c6cfe581ffb290d71707e9bca5b59b,6929,size_in_bytes,lib/ocaml/compiler-libs/printinstr.cmx,16840
2026-08-26T20:15:32Z,712f87f035c6cfe581ffb290d71707e9bca5b59b,6929,size_in_bytes,lib/ocaml/compiler-libs/string_table.cmx,14569
2026-08-26T20:15:32Z,712f87f035c6cfe581ffb290d71707e9bca5b59b,6929,size_in_bytes,lib/ocaml/compiler-libs/arm64_ast__Ast.cmx,1199783
2026-08-26T20:15:32Z,712f87f035c6cfe581ffb290d71707e9bca5b59b,6929,size_in_bytes,lib/ocaml/compiler-libs/runtimetags.cmx,1235
2026-08-26T20:15:32Z,712f87f035c6cfe581ffb290d71707e9bca5b59b,6929,size_in_bytes,lib/ocaml/compiler-libs/stack_reg_offset.cmx,15733
2026-08-26T20:15:32Z,712f87f035c6cfe581ffb290d71707e9bca5b59b,6929,size_in_bytes,lib/ocaml/compiler-libs/arm64_binary_emitter__Data_proc_helpers.cmx,31332
2026-08-26T20:15:32Z,712f87f035c6cfe581ffb290d71707e9bca5b59b,6929,size_in_bytes,lib/ocaml/compiler-libs/cmm.cmx,246300
2026-08-26T20:15:32Z,712f87f035c6cfe581ffb290d71707e9bca5b59b,6929,size_in_bytes,lib/ocaml/compiler-libs/btype.cmx,1631413
2026-08-26T20:15:32Z,712f87f035c6cfe581ffb290d71707e9bca5b59b,6929,size_in_bytes,lib/ocaml/compiler-libs/zero_alloc_utils.cmx,203363
2026-08-26T20:15:32Z,712f87f035c6cfe581ffb290d71707e9bca5b59b,6929,size_in_bytes,lib/ocaml/compiler-libs/amd64_simd_defs.cmx,170049
2026-08-26T20:15:32Z,712f87f035c6cfe581ffb290d71707e9bca5b59b,6929,size_in_bytes,lib/ocaml/compiler-libs/arm64_binary_emitter__Add_sub_helpers.cmx,61126
2026-08-26T20:15:32Z,712f87f035c6cfe581ffb290d71707e9bca5b59b,6929,size_in_bytes,lib/ocaml/compiler-libs/regalloc_substitution.cmx,64398
2026-08-26T20:15:32Z,712f87f035c6cfe581ffb290d71707e9bca5b59b,6929,size_in_bytes,lib/ocaml/compiler-libs/printpat.cmx,111035
2026-08-26T20:15:32Z,712f87f035c6cfe581ffb290d71707e9bca5b59b,6929,size_in_bytes,lib/ocaml/compiler-libs/arm64_binary_emitter__Bitfield_helpers.cmx,10009
2026-08-26T20:15:32Z,712f87f035c6cfe581ffb290d71707e9bca5b59b,6929,size_in_bytes,lib/ocaml/compiler-libs/translcore.cmx,487027
2026-08-26T20:15:32Z,712f87f035c6cfe581ffb290d71707e9bca5b59b,6929,size_in_bytes,lib/ocaml/compiler-libs/location_tracker_formatter.cmx,100720
2026-08-26T20:15:32Z,712f87f035c6cfe581ffb290d71707e9bca5b59b,6929,size_in_bytes,lib/ocaml/compiler-libs/jit_backend.cmx,133962
2026-08-26T20:15:32Z,712f87f035c6cfe581ffb290d71707e9bca5b59b,6929,size_in_bytes,lib/ocaml/compiler-libs/camlinternalMenhirLib.cmx,945373
2026-08-26T20:15:32Z,712f87f035c6cfe581ffb290d71707e9bca5b59b,6929,size_in_bytes,lib/ocaml/compiler-libs/label.cmx,24047
2026-08-26T20:15:32Z,712f87f035c6cfe581ffb290d71707e9bca5b59b,6929,size_in_bytes,lib/ocaml/compiler-libs/dwarf_high__Dwarf_attribute_helpers.cmx,396642
2026-08-26T20:15:32Z,712f87f035c6cfe581ffb290d71707e9bca5b59b,6929,size_in_bytes,lib/ocaml/compiler-libs/section_table.cmx,41818
2026-08-26T20:15:32Z,712f87f035c6cfe581ffb290d71707e9bca5b59b,6929,size_in_bytes,lib/ocaml/compiler-libs/value_rec_check.cmx,158943
2026-08-26T20:15:32Z,712f87f035c6cfe581ffb290d71707e9bca5b59b,6929,size_in_bytes,lib/ocaml/compiler-libs/x86_peephole_optimize.cmx,27248
2026-08-26T20:15:32Z,712f87f035c6cfe581ffb290d71707e9bca5b59b,6929,size_in_bytes,lib/ocaml/compiler-libs/CSE.cmx,26801
2026-08-26T20:15:32Z,712f87f035c6cfe581ffb290d71707e9bca5b59b,6929,size_in_bytes,lib/ocaml/compiler-libs/afl_instrument.cmx,26862
2026-08-26T20:15:32Z,712f87f035c6cfe581ffb290d71707e9bca5b59b,6929,size_in_bytes,lib/ocaml/compiler-libs/dwarf_low__Inline_code.cmx,5244
2026-08-26T20:15:32Z,712f87f035c6cfe581ffb290d71707e9bca5b59b,6929,size_in_bytes,lib/ocaml/compiler-libs/dwarf_flags.cmx,86071
2026-08-26T20:15:32Z,712f87f035c6cfe581ffb290d71707e9bca5b59b,6929,size_in_bytes,lib/ocaml/compiler-libs/profile.cmx,270063
2026-08-26T20:15:32Z,712f87f035c6cfe581ffb290d71707e9bca5b59b,6929,size_in_bytes,lib/ocaml/compiler-libs/debuginfo.cmx,530257
2026-08-26T20:15:32Z,712f87f035c6cfe581ffb290d71707e9bca5b59b,6929,size_in_bytes,lib/ocaml/compiler-libs/allowance.cmx,8294
2026-08-26T20:15:32Z,712f87f035c6cfe581ffb290d71707e9bca5b59b,6929,size_in_bytes,lib/ocaml/compiler-libs/transl_comprehension_utils.cmx,325427
2026-08-26T20:15:32Z,712f87f035c6cfe581ffb290d71707e9bca5b59b,6929,size_in_bytes,lib/ocaml/compiler-libs/dwarf_compilation_unit.cmx,84533
2026-08-26T20:15:32Z,712f87f035c6cfe581ffb290d71707e9bca5b59b,6929,size_in_bytes,lib/ocaml/compiler-libs/longident.cmx,23462
2026-08-26T20:15:32Z,712f87f035c6cfe581ffb290d71707e9bca5b59b,6929,size_in_bytes,lib/ocaml/compiler-libs/language_extension_kernel.cmx,4369
2026-08-26T20:15:32Z,712f87f035c6cfe581ffb290d71707e9bca5b59b,6929,size_in_bytes,lib/ocaml/compiler-libs/ikind.cmx,788314
2026-08-26T20:15:32Z,712f87f035c6cfe581ffb290d71707e9bca5b59b,6929,size_in_bytes,lib/ocaml/compiler-libs/compile_common.cmx,263524
2026-08-26T20:15:32Z,712f87f035c6cfe581ffb290d71707e9bca5b59b,6929,size_in_bytes,lib/ocaml/compiler-libs/asm_targets__Asm_directives.cmx,802424
2026-08-26T20:15:32Z,712f87f035c6cfe581ffb290d71707e9bca5b59b,6929,size_in_bytes,lib/ocaml/compiler-libs/signature_with_global_bindings.cmx,72192
2026-08-26T20:15:32Z,712f87f035c6cfe581ffb290d71707e9bca5b59b,6929,size_in_bytes,lib/ocaml/compiler-libs/lexer.cmx,151493
2026-08-26T20:15:32Z,712f87f035c6cfe581ffb290d71707e9bca5b59b,6929,size_in_bytes,lib/ocaml/compiler-libs/includemod_errorprinter.cmx,390885
2026-08-26T20:15:32Z,712f87f035c6cfe581ffb290d71707e9bca5b59b,6929,size_in_bytes,lib/ocaml/compiler-libs/oprint.cmx,24926
2026-08-26T20:15:32Z,712f87f035c6cfe581ffb290d71707e9bca5b59b,6929,size_in_bytes,lib/ocaml/compiler-libs/simd_selection.cmx,256252
2026-08-26T20:15:32Z,712f87f035c6cfe581ffb290d71707e9bca5b59b,6929,size_in_bytes,lib/ocaml/compiler-libs/ctype.cmx,3051136
2026-08-26T20:15:32Z,712f87f035c6cfe581ffb290d71707e9bca5b59b,6929,size_in_bytes,lib/ocaml/compiler-libs/arm64_ast__Logical_immediates.cmx,44460
2026-08-26T20:15:32Z,712f87f035c6cfe581ffb290d71707e9bca5b59b,6929,size_in_bytes,lib/ocaml/compiler-libs/bytefunctorizer.cmx,11163
2026-08-26T20:15:32Z,712f87f035c6cfe581ffb290d71707e9bca5b59b,6929,size_in_bytes,lib/ocaml/compiler-libs/typetexp.cmx,799843
2026-08-26T20:15:32Z,712f87f035c6cfe581ffb290d71707e9bca5b59b,6929,size_in_bytes,lib/ocaml/compiler-libs/regalloc_ls_state.cmx,168109
2026-08-26T20:15:32Z,712f87f035c6cfe581ffb290d71707e9bca5b59b,6929,size_in_bytes,lib/ocaml/compiler-libs/optlibrarian.cmx,209396
2026-08-26T20:15:32Z,712f87f035c6cfe581ffb290d71707e9bca5b59b,6929,size_in_bytes,lib/ocaml/compiler-libs/asmlink.cmx,43862
2026-08-26T20:15:32Z,712f87f035c6cfe581ffb290d71707e9bca5b59b,6929,size_in_bytes,lib/ocaml/compiler-libs/available_ranges_vars.cmx,285093
2026-08-26T20:15:32Z,712f87f035c6cfe581ffb290d71707e9bca5b59b,6929,size_in_bytes,lib/ocaml/compiler-libs/cfg_edge.cmx,191162
2026-08-26T20:15:32Z,712f87f035c6cfe581ffb290d71707e9bca5b59b,6929,size_in_bytes,lib/ocaml/compiler-libs/pparse.cmx,204253
2026-08-26T20:15:32Z,712f87f035c6cfe581ffb290d71707e9bca5b59b,6929,size_in_bytes,lib/ocaml/compiler-libs/eh_frame_registration.cmx,23834
2026-08-26T20:15:32Z,712f87f035c6cfe581ffb290d71707e9bca5b59b,6929,size_in_bytes,lib/ocaml/compiler-libs/linkenv.cmx,353157
2026-08-26T20:15:32Z,712f87f035c6cfe581ffb290d71707e9bca5b59b,6929,size_in_bytes,lib/ocaml/compiler-libs/solver.cmx,1010767
2026-08-26T20:15:32Z,712f87f035c6cfe581ffb290d71707e9bca5b59b,6929,size_in_bytes,lib/ocaml/compiler-libs/symbol.cmx,863742
2026-08-26T20:15:32Z,712f87f035c6cfe581ffb290d71707e9bca5b59b,6929,size_in_bytes,lib/ocaml/compiler-libs/binary_emitter_verify.cmx,58035
2026-08-26T20:15:32Z,712f87f035c6cfe581ffb290d71707e9bca5b59b,6929,size_in_bytes,lib/ocaml/compiler-libs/regalloc_affinity.cmx,45499
2026-08-26T20:15:32Z,712f87f035c6cfe581ffb290d71707e9bca5b59b,6929,size_in_bytes,lib/ocaml/compiler-libs/dwarf_low__Dwarf_4_location_list_entry.cmx,154218
2026-08-26T20:15:32Z,712f87f035c6cfe581ffb290d71707e9bca5b59b,6929,size_in_bytes,lib/ocaml/compiler-libs/cfg_deadcode.cmx,53464
2026-08-26T20:15:32Z,712f87f035c6cfe581ffb290d71707e9bca5b59b,6929,size_in_bytes,lib/ocaml/compiler-libs/dsl_helpers.cmx,548
2026-08-26T20:15:32Z,712f87f035c6cfe581ffb290d71707e9bca5b59b,6929,size_in_bytes,lib/ocaml/compiler-libs/ast_iterator.cmx,382108
2026-08-26T20:15:32Z,712f87f035c6cfe581ffb290d71707e9bca5b59b,6929,size_in_bytes,lib/ocaml/compiler-libs/bytegen.cmx,129470
2026-08-26T20:15:32Z,712f87f035c6cfe581ffb290d71707e9bca5b59b,6929,size_in_bytes,lib/ocaml/compiler-libs/lru.cmx,68259
2026-08-26T20:15:32Z,712f87f035c6cfe581ffb290d71707e9bca5b59b,6929,size_in_bytes,lib/ocaml/compiler-libs/build_path_prefix_map.cmx,135692
2026-08-26T20:15:32Z,712f87f035c6cfe581ffb290d71707e9bca5b59b,6929,size_in_bytes,lib/ocaml/compiler-libs/translmode.cmx,75520
2026-08-26T20:15:32Z,712f87f035c6cfe581ffb290d71707e9bca5b59b,6929,size_in_bytes,lib/ocaml/compiler-libs/terminfo.cmx,24092
2026-08-26T20:15:32Z,712f87f035c6cfe581ffb290d71707e9bca5b59b,6929,size_in_bytes,lib/ocaml/compiler-libs/dwarf_low__Location_or_range_list.cmx,35323
2026-08-26T20:15:32Z,712f87f035c6cfe581ffb290d71707e9bca5b59b,6929,size_in_bytes,lib/ocaml/compiler-libs/diffing.cmx,322286
2026-08-26T20:15:32Z,712f87f035c6cfe581ffb290d71707e9bca5b59b,6929,size_in_bytes,lib/ocaml/compiler-libs/arm64_binary_emitter__Section_state.cmx,97134
2026-08-26T20:15:32Z,712f87f035c6cfe581ffb290d71707e9bca5b59b,6929,size_in_bytes,lib/ocaml/compiler-libs/binary_emitter_intf.cmx,1115
2026-08-26T20:15:32Z,712f87f035c6cfe581ffb290d71707e9bca5b59b,6929,size_in_bytes,lib/ocaml/compiler-libs/dwarf_low__Debug_info_section.cmx,83884
2026-08-26T20:15:32Z,712f87f035c6cfe581ffb290d71707e9bca5b59b,6929,size_in_bytes,lib/ocaml/compiler-libs/regs_utils.cmx,43357
2026-08-26T20:15:32Z,712f87f035c6cfe581ffb290d71707e9bca5b59b,6929,size_in_bytes,lib/ocaml/compiler-libs/typeopt.cmx,292399
2026-08-26T20:15:32Z,712f87f035c6cfe581ffb290d71707e9bca5b59b,6929,size_in_bytes,lib/ocaml/compiler-libs/printast.cmx,634675
2026-08-26T20:15:32Z,712f87f035c6cfe581ffb290d71707e9bca5b59b,6929,size_in_bytes,lib/ocaml/compiler-libs/local_store.cmx,32480
2026-08-26T20:15:32Z,712f87f035c6cfe581ffb290d71707e9bca5b59b,6929,size_in_bytes,lib/ocaml/compiler-libs/opt_fuel.cmx,41249
2026-08-26T20:15:32Z,712f87f035c6cfe581ffb290d71707e9bca5b59b,6929,size_in_bytes,lib/ocaml/compiler-libs/slambdaeval.cmx,128269
2026-08-26T20:15:32Z,712f87f035c6cfe581ffb290d71707e9bca5b59b,6929,size_in_bytes,lib/ocaml/compiler-libs/dwarf_low__Debug_loc_table.cmx,24439
2026-08-26T20:15:32Z,712f87f035c6cfe581ffb290d71707e9bca5b59b,6929,size_in_bytes,lib/ocaml/compiler-libs/cfg_intf.cmx,10332
2026-08-26T20:15:32Z,712f87f035c6cfe581ffb290d71707e9bca5b59b,6929,size_in_bytes,lib/ocaml/compiler-libs/binary_emitter_helpers.cmx,6252
2026-08-26T20:15:32Z,712f87f035c6cfe581ffb290d71707e9bca5b59b,6929,size_in_bytes,lib/ocaml/compiler-libs/dwarf_high__Simple_location_description_lang.cmx,260573
2026-08-26T20:15:32Z,712f87f035c6cfe581ffb290d71707e9bca5b59b,6929,size_in_bytes,lib/ocaml/compiler-libs/printoperation.cmx,41720
2026-08-26T20:15:32Z,712f87f035c6cfe581ffb290d71707e9bca5b59b,6929,size_in_bytes,lib/ocaml/compiler-libs/relocation_entry.cmx,52181
2026-08-26T20:15:32Z,712f87f035c6cfe581ffb290d71707e9bca5b59b,6929,size_in_bytes,lib/ocaml/compiler-libs/identifiable.cmx,384609
2026-08-26T20:15:32Z,712f87f035c6cfe581ffb290d71707e9bca5b59b,6929,size_in_bytes,lib/ocaml/compiler-libs/env.cmx,3565843
2026-08-26T20:15:32Z,712f87f035c6cfe581ffb290d71707e9bca5b59b,6929,size_in_bytes,lib/ocaml/compiler-libs/dwarf_variables_and_parameters.cmx,69669
2026-08-26T20:15:32Z,712f87f035c6cfe581ffb290d71707e9bca5b59b,6929,size_in_bytes,lib/ocaml/compiler-libs/slambda.cmx,31901
2026-08-26T20:15:32Z,712f87f035c6cfe581ffb290d71707e9bca5b59b,6929,size_in_bytes,lib/ocaml/compiler-libs/oxcaml_flags.cmx,65677
2026-08-26T20:15:32Z,712f87f035c6cfe581ffb290d71707e9bca5b59b,6929,size_in_bytes,lib/ocaml/compiler-libs/unit_info.cmx,227432
2026-08-26T20:15:32Z,712f87f035c6cfe581ffb290d71707e9bca5b59b,6929,size_in_bytes,lib/ocaml/compiler-libs/amd64_simd_instrs.cmx,15255183
2026-08-26T20:15:32Z,712f87f035c6cfe581ffb290d71707e9bca5b59b,6929,size_in_bytes,lib/ocaml/compiler-libs/arrayset.cmx,58441
2026-08-26T20:15:32Z,712f87f035c6cfe581ffb290d71707e9bca5b59b,6929,size_in_bytes,lib/ocaml/compiler-libs/bytesections.cmx,76620
2026-08-26T20:15:32Z,712f87f035c6cfe581ffb290d71707e9bca5b59b,6929,size_in_bytes,lib/ocaml/compiler-libs/strongly_connected_components.cmx,158134
2026-08-26T20:15:32Z,712f87f035c6cfe581ffb290d71707e9bca5b59b,6929,size_in_bytes,lib/ocaml/compiler-libs/translobj.cmx,179523
2026-08-26T20:15:32Z,712f87f035c6cfe581ffb290d71707e9bca5b59b,6929,size_in_bytes,lib/ocaml/compiler-libs/regalloc_validate.cmx,1374284
2026-08-26T20:15:32Z,712f87f035c6cfe581ffb290d71707e9bca5b59b,6929,size_in_bytes,lib/ocaml/compiler-libs/cfg_to_linear_desc.cmx,15676
2026-08-26T20:15:32Z,712f87f035c6cfe581ffb290d71707e9bca5b59b,6929,size_in_bytes,lib/ocaml/compiler-libs/jkind_intf.cmx,1630
2026-08-26T20:15:32Z,712f87f035c6cfe581ffb290d71707e9bca5b59b,6929,size_in_bytes,lib/ocaml/compiler-libs/runtime_shape.cmx,192834
2026-08-26T20:15:32Z,712f87f035c6cfe581ffb290d71707e9bca5b59b,6929,size_in_bytes,lib/ocaml/compiler-libs/compilation_unit.cmx,2628582
2026-08-26T20:15:32Z,712f87f035c6cfe581ffb290d71707e9bca5b59b,6929,size_in_bytes,lib/ocaml/compiler-libs/translattribute.cmx,665943
2026-08-26T20:15:32Z,712f87f035c6cfe581ffb290d71707e9bca5b59b,6929,size_in_bytes,lib/ocaml/compiler-libs/file_sections.cmx,117731
2026-08-26T20:15:32Z,712f87f035c6cfe581ffb290d71707e9bca5b59b,6929,size_in_bytes,lib/ocaml/compiler-libs/mixed_block_shape.cmx,105940
2026-08-26T20:15:32Z,712f87f035c6cfe581ffb290d71707e9bca5b59b,6929,size_in_bytes,lib/ocaml/compiler-libs/arm64_binary_emitter__Shift_immh_immb_helpers.cmx,12101
2026-08-26T20:15:32Z,712f87f035c6cfe581ffb290d71707e9bca5b59b,6929,size_in_bytes,lib/ocaml/compiler-libs/debug.cmx,19655
2026-08-26T20:15:32Z,712f87f035c6cfe581ffb290d71707e9bca5b59b,6929,size_in_bytes,lib/ocaml/compiler-libs/partial_link.cmx,160045
2026-08-26T20:15:32Z,712f87f035c6cfe581ffb290d71707e9bca5b59b,6929,size_in_bytes,lib/ocaml/compiler-libs/blambda_of_lambda.cmx,49149
2026-08-26T20:15:32Z,712f87f035c6cfe581ffb290d71707e9bca5b59b,6929,size_in_bytes,lib/ocaml/compiler-libs/dwarf.cmx,116706
2026-08-26T20:15:32Z,712f87f035c6cfe581ffb290d71707e9bca5b59b,6929,size_in_bytes,lib/ocaml/compiler-libs/cfg_available_regs.cmx,159924
2026-08-26T20:15:32Z,712f87f035c6cfe581ffb290d71707e9bca5b59b,6929,size_in_bytes,lib/ocaml/compiler-libs/optpackager.cmx,381752
2026-08-26T20:15:32Z,712f87f035c6cfe581ffb290d71707e9bca5b59b,6929,size_in_bytes,lib/ocaml/compiler-libs/ast_helper.cmx,1530879
2026-08-26T20:15:32Z,712f87f035c6cfe581ffb290d71707e9bca5b59b,6929,size_in_bytes,lib/ocaml/threads/multicore.cmx,47159
2026-08-26T20:15:32Z,712f87f035c6cfe581ffb290d71707e9bca5b59b,6929,size_in_bytes,lib/ocaml/threads/thread.cmx,27728
2026-08-26T20:15:32Z,712f87f035c6cfe581ffb290d71707e9bca5b59b,6929,size_in_bytes,lib/ocaml/threads/event.cmx,160460
2026-08-26T20:15:32Z,712f87f035c6cfe581ffb290d71707e9bca5b59b,6929,size_in_bytes,lib/ocaml/dynlink/dynlink_internal_native.cmx,388960
2026-08-26T20:15:32Z,712f87f035c6cfe581ffb290d71707e9bca5b59b,6929,size_in_bytes,lib/ocaml/dynlink/dynlink_types.cmx,2623
2026-08-26T20:15:32Z,712f87f035c6cfe581ffb290d71707e9bca5b59b,6929,size_in_bytes,lib/ocaml/dynlink/dynlink_platform_intf.cmx,767
2026-08-26T20:15:32Z,712f87f035c6cfe581ffb290d71707e9bca5b59b,6929,size_in_bytes,lib/ocaml/dynlink/dynlink_common.cmx,460337
2026-08-26T20:15:32Z,712f87f035c6cfe581ffb290d71707e9bca5b59b,6929,size_in_bytes,lib/ocaml/dynlink/dynlink.cmx,105264
2026-08-26T20:15:32Z,712f87f035c6cfe581ffb290d71707e9bca5b59b,6929,size_in_bytes,lib/ocaml/dynlink/dynlink_internal_byte.cmx,517238
2026-08-26T20:15:32Z,712f87f035c6cfe581ffb290d71707e9bca5b59b,6929,size_in_bytes,lib/ocaml/stdlib_beta/stdlib_beta.cmx,548
2026-08-26T20:15:32Z,712f87f035c6cfe581ffb290d71707e9bca5b59b,6929,size_in_bytes,lib/ocaml/stdlib_alpha/stdlib_alpha.cmx,553
2026-08-26T20:15:32Z,712f87f035c6cfe581ffb290d71707e9bca5b59b,6929,size_in_bytes,lib/ocaml/stdlib_upstream_compatible/stdlib_upstream_compatible__.cmx,904
2026-08-26T20:15:32Z,712f87f035c6cfe581ffb290d71707e9bca5b59b,6929,size_in_bytes,lib/ocaml/stdlib_upstream_compatible/stdlib_upstream_compatible__Int32_u.cmx,63301
2026-08-26T20:15:32Z,712f87f035c6cfe581ffb290d71707e9bca5b59b,6929,size_in_bytes,lib/ocaml/stdlib_upstream_compatible/stdlib_upstream_compatible__Nativeint_u.cmx,68379
2026-08-26T20:15:32Z,712f87f035c6cfe581ffb290d71707e9bca5b59b,6929,size_in_bytes,lib/ocaml/stdlib_upstream_compatible/stdlib_upstream_compatible__Int64_u.cmx,75998
2026-08-26T20:15:32Z,712f87f035c6cfe581ffb290d71707e9bca5b59b,6929,size_in_bytes,lib/ocaml/stdlib_upstream_compatible/stdlib_upstream_compatible__Float_u.cmx,112021
2026-08-26T20:15:32Z,712f87f035c6cfe581ffb290d71707e9bca5b59b,6929,size_in_bytes,lib/ocaml/stdlib_upstream_compatible/stdlib_upstream_compatible.cmx,709
2026-08-26T20:15:32Z,712f87f035c6cfe581ffb290d71707e9bca5b59b,6929,size_in_bytes,lib/ocaml/str/str.cmx,235300
2026-08-26T20:15:32Z,712f87f035c6cfe581ffb290d71707e9bca5b59b,6929,size_in_bytes,lib/ocaml/stdlib_stable/stdlib_stable__Float32.cmx,59884
2026-08-26T20:15:32Z,712f87f035c6cfe581ffb290d71707e9bca5b59b,6929,size_in_bytes,lib/ocaml/stdlib_stable/stdlib_stable__Char_u.cmx,34040
2026-08-26T20:15:32Z,712f87f035c6cfe581ffb290d71707e9bca5b59b,6929,size_in_bytes,lib/ocaml/stdlib_stable/stdlib_stable__Idx_mut.cmx,639
2026-08-26T20:15:32Z,712f87f035c6cfe581ffb290d71707e9bca5b59b,6929,size_in_bytes,lib/ocaml/stdlib_stable/stdlib_stable__Idx_atomic.cmx,654
2026-08-26T20:15:32Z,712f87f035c6cfe581ffb290d71707e9bca5b59b,6929,size_in_bytes,lib/ocaml/stdlib_stable/stdlib_stable__Int_u.cmx,28525
2026-08-26T20:15:32Z,712f87f035c6cfe581ffb290d71707e9bca5b59b,6929,size_in_bytes,lib/ocaml/stdlib_stable/stdlib_stable__Int8_u.cmx,21676
2026-08-26T20:15:32Z,712f87f035c6cfe581ffb290d71707e9bca5b59b,6929,size_in_bytes,lib/ocaml/stdlib_stable/stdlib_stable__Float32_u.cmx,184373
2026-08-26T20:15:32Z,712f87f035c6cfe581ffb290d71707e9bca5b59b,6929,size_in_bytes,lib/ocaml/stdlib_stable/stdlib_stable__Iarray.cmx,3794
2026-08-26T20:15:32Z,712f87f035c6cfe581ffb290d71707e9bca5b59b,6929,size_in_bytes,lib/ocaml/stdlib_stable/stdlib_stable__Int16_u.cmx,21822
2026-08-26T20:15:32Z,712f87f035c6cfe581ffb290d71707e9bca5b59b,6929,size_in_bytes,lib/ocaml/stdlib_stable/stdlib_stable__Or_null.cmx,30191
2026-08-26T20:15:32Z,712f87f035c6cfe581ffb290d71707e9bca5b59b,6929,size_in_bytes,lib/ocaml/stdlib_stable/stdlib_stable__.cmx,1039
2026-08-26T20:15:32Z,712f87f035c6cfe581ffb290d71707e9bca5b59b,6929,size_in_bytes,lib/ocaml/stdlib_stable/stdlib_stable__Int8.cmx,16316
2026-08-26T20:15:32Z,712f87f035c6cfe581ffb290d71707e9bca5b59b,6929,size_in_bytes,lib/ocaml/stdlib_stable/stdlib_stable__Idx_imm.cmx,639
2026-08-26T20:15:32Z,712f87f035c6cfe581ffb290d71707e9bca5b59b,6929,size_in_bytes,lib/ocaml/stdlib_stable/stdlib_stable__Int.cmx,20906
2026-08-26T20:15:32Z,712f87f035c6cfe581ffb290d71707e9bca5b59b,6929,size_in_bytes,lib/ocaml/stdlib_stable/stdlib_stable__Int16.cmx,16418
2026-08-26T20:15:32Z,712f87f035c6cfe581ffb290d71707e9bca5b59b,6929,size_in_bytes,lib/ocaml/stdlib_stable/stdlib_stable__IarrayLabels.cmx,478067
2026-08-26T20:15:32Z,712f87f035c6cfe581ffb290d71707e9bca5b59b,6929,size_in_bytes,lib/ocaml/stdlib_stable/stdlib_stable.cmx,593
2026-08-26T20:15:32Z,712f87f035c6cfe581ffb290d71707e9bca5b59b,6929,size_in_bytes,lib/ocaml/unix/unixLabels.cmx,21001
2026-08-26T20:15:32Z,712f87f035c6cfe581ffb290d71707e9bca5b59b,6929,size_in_bytes,lib/ocaml/unix/unix.cmx,517314
2026-08-26T20:15:32Z,712f87f035c6cfe581ffb290d71707e9bca5b59b,6929,size_in_bytes,lib/ocaml/std_exit.cmo,10273
2026-08-26T20:15:32Z,712f87f035c6cfe581ffb290d71707e9bca5b59b,6929,size_in_bytes,lib/ocaml/compiler_owee__Owee_interval_map.cmo,107990
2026-08-26T20:15:32Z,712f87f035c6cfe581ffb290d71707e9bca5b59b,6929,size_in_bytes,lib/ocaml/compiler_owee__Owee_linux_maps.cmo,23086
2026-08-26T20:15:32Z,712f87f035c6cfe581ffb290d71707e9bca5b59b,6929,size_in_bytes,lib/ocaml/compiler_owee__Owee_location.cmo,74743
2026-08-26T20:15:32Z,712f87f035c6cfe581ffb290d71707e9bca5b59b,6929,size_in_bytes,lib/ocaml/compiler_owee__Owee_graph.cmo,93429
2026-08-26T20:15:32Z,712f87f035c6cfe581ffb290d71707e9bca5b59b,6929,size_in_bytes,lib/ocaml/compiler_owee__Owee_buf.cmo,93240
2026-08-26T20:15:32Z,712f87f035c6cfe581ffb290d71707e9bca5b59b,6929,size_in_bytes,lib/ocaml/compiler_owee__Unix_intf.cmo,15839
2026-08-26T20:15:32Z,712f87f035c6cfe581ffb290d71707e9bca5b59b,6929,size_in_bytes,lib/ocaml/compiler_owee__Owee_marker.cmo,79287
2026-08-26T20:15:32Z,712f87f035c6cfe581ffb290d71707e9bca5b59b,6929,size_in_bytes,lib/ocaml/compiler_owee__Owee_macho.cmo,297087
2026-08-26T20:15:32Z,712f87f035c6cfe581ffb290d71707e9bca5b59b,6929,size_in_bytes,lib/ocaml/compiler_owee__Owee_object.cmo,75662
2026-08-26T20:15:32Z,712f87f035c6cfe581ffb290d71707e9bca5b59b,6929,size_in_bytes,lib/ocaml/compiler_owee.cmo,13910
2026-08-26T20:15:32Z,712f87f035c6cfe581ffb290d71707e9bca5b59b,6929,size_in_bytes,lib/ocaml/compiler_owee__Owee_traverse.cmo,72306
2026-08-26T20:15:32Z,712f87f035c6cfe581ffb290d71707e9bca5b59b,6929,size_in_bytes,lib/ocaml/compiler_owee__Owee_elf_notes.cmo,60852
2026-08-26T20:15:32Z,712f87f035c6cfe581ffb290d71707e9bca5b59b,6929,size_in_bytes,lib/ocaml/compiler_owee__Owee_elf_string_table.cmo,16447
2026-08-26T20:15:32Z,712f87f035c6cfe581ffb290d71707e9bca5b59b,6929,size_in_bytes,lib/ocaml/compiler_owee__Owee_debug_line.cmo,106230
2026-08-26T20:15:32Z,712f87f035c6cfe581ffb290d71707e9bca5b59b,6929,size_in_bytes,lib/ocaml/compiler_owee__Owee_form.cmo,30392
2026-08-26T20:15:32Z,712f87f035c6cfe581ffb290d71707e9bca5b59b,6929,size_in_bytes,lib/ocaml/compiler_owee__Owee_elf_relocation.cmo,53063
2026-08-26T20:15:32Z,712f87f035c6cfe581ffb290d71707e9bca5b59b,6929,size_in_bytes,lib/ocaml/compiler_owee__Owee_archive.cmo,77242
2026-08-26T20:15:32Z,712f87f035c6cfe581ffb290d71707e9bca5b59b,6929,size_in_bytes,lib/ocaml/compiler_owee__Owee_elf.cmo,206194
2026-08-26T20:15:32Z,712f87f035c6cfe581ffb290d71707e9bca5b59b,6929,size_in_bytes,lib/ocaml/compiler-libs/topstart.cmo,10157
2026-08-26T20:15:32Z,712f87f035c6cfe581ffb290d71707e9bca5b59b,6929,size_in_bytes,lib/ocaml/stdlib__Complex.cms,23151
2026-08-26T20:15:32Z,712f87f035c6cfe581ffb290d71707e9bca5b59b,6929,size_in_bytes,lib/ocaml/stdlib__Bytes.cms,113434
2026-08-26T20:15:32Z,712f87f035c6cfe581ffb290d71707e9bca5b59b,6929,size_in_bytes,lib/ocaml/stdlib__Iarray.cms,43723
2026-08-26T20:15:32Z,712f87f035c6cfe581ffb290d71707e9bca5b59b,6929,size_in_bytes,lib/ocaml/camlinternalAtomic.cms,14804
2026-08-26T20:15:32Z,712f87f035c6cfe581ffb290d71707e9bca5b59b,6929,size_in_bytes,lib/ocaml/stdlib__Backoff.cms,17898
2026-08-26T20:15:32Z,712f87f035c6cfe581ffb290d71707e9bca5b59b,6929,size_in_bytes,lib/ocaml/stdlib__Char.cms,19507
2026-08-26T20:15:32Z,712f87f035c6cfe581ffb290d71707e9bca5b59b,6929,size_in_bytes,lib/ocaml/stdlib__Oo.cms,12132
2026-08-26T20:15:32Z,712f87f035c6cfe581ffb290d71707e9bca5b59b,6929,size_in_bytes,lib/ocaml/stdlib__Either.cms,16190
2026-08-26T20:15:32Z,712f87f035c6cfe581ffb290d71707e9bca5b59b,6929,size_in_bytes,lib/ocaml/stdlib__Set.cms,147786
2026-08-26T20:15:32Z,712f87f035c6cfe581ffb290d71707e9bca5b59b,6929,size_in_bytes,lib/ocaml/camlinternalComprehension.cms,12962
2026-08-26T20:15:32Z,712f87f035c6cfe581ffb290d71707e9bca5b59b,6929,size_in_bytes,lib/ocaml/stdlib__List.cms,79720
2026-08-26T20:15:32Z,712f87f035c6cfe581ffb290d71707e9bca5b59b,6929,size_in_bytes,lib/ocaml/stdlib__Out_channel.cms,19060
2026-08-26T20:15:32Z,712f87f035c6cfe581ffb290d71707e9bca5b59b,6929,size_in_bytes,lib/ocaml/stdlib__Obj.cms,34614
2026-08-26T20:15:32Z,712f87f035c6cfe581ffb290d71707e9bca5b59b,6929,size_in_bytes,lib/ocaml/std_exit.cms,11655
2026-08-26T20:15:32Z,712f87f035c6cfe581ffb290d71707e9bca5b59b,6929,size_in_bytes,lib/ocaml/stdlib__In_channel.cms,30698
2026-08-26T20:15:32Z,712f87f035c6cfe581ffb290d71707e9bca5b59b,6929,size_in_bytes,lib/ocaml/stdlib__Dynarray.cms,138601
2026-08-26T20:15:32Z,712f87f035c6cfe581ffb290d71707e9bca5b59b,6929,size_in_bytes,lib/ocaml/stdlib__Lazy.cms,16792
2026-08-26T20:15:32Z,712f87f035c6cfe581ffb290d71707e9bca5b59b,6929,size_in_bytes,lib/ocaml/stdlib__Bool.cms,13473
2026-08-26T20:15:32Z,712f87f035c6cfe581ffb290d71707e9bca5b59b,6929,size_in_bytes,lib/ocaml/stdlib__StdLabels.cms,12120
2026-08-26T20:15:32Z,712f87f035c6cfe581ffb290d71707e9bca5b59b,6929,size_in_bytes,lib/ocaml/stdlib__Result.cms,18436
2026-08-26T20:15:32Z,712f87f035c6cfe581ffb290d71707e9bca5b59b,6929,size_in_bytes,lib/ocaml/stdlib__Uchar.cms,19932
2026-08-26T20:15:32Z,712f87f035c6cfe581ffb290d71707e9bca5b59b,6929,size_in_bytes,lib/ocaml/stdlib__Callback.cms,13707
2026-08-26T20:15:32Z,712f87f035c6cfe581ffb290d71707e9bca5b59b,6929,size_in_bytes,lib/ocaml/stdlib__Sys.cms,36240
2026-08-26T20:15:32Z,712f87f035c6cfe581ffb290d71707e9bca5b59b,6929,size_in_bytes,lib/ocaml/stdlib__StringLabels.cms,14682
2026-08-26T20:15:32Z,712f87f035c6cfe581ffb290d71707e9bca5b59b,6929,size_in_bytes,lib/ocaml/camlinternalLazy.cms,21584
2026-08-26T20:15:32Z,712f87f035c6cfe581ffb290d71707e9bca5b59b,6929,size_in_bytes,lib/ocaml/stdlib__ArrayLabels.cms,13796
2026-08-26T20:15:32Z,712f87f035c6cfe581ffb290d71707e9bca5b59b,6929,size_in_bytes,lib/ocaml/stdlib__Digest.cms,31965
2026-08-26T20:15:32Z,712f87f035c6cfe581ffb290d71707e9bca5b59b,6929,size_in_bytes,lib/ocaml/camlinternalFormatBasics.cms,70356
2026-08-26T20:15:32Z,712f87f035c6cfe581ffb290d71707e9bca5b59b,6929,size_in_bytes,lib/ocaml/stdlib__Queue.cms,24319
2026-08-26T20:15:32Z,712f87f035c6cfe581ffb290d71707e9bca5b59b,6929,size_in_bytes,lib/ocaml/stdlib__Weak.cms,50554
2026-08-26T20:15:32Z,712f87f035c6cfe581ffb290d71707e9bca5b59b,6929,size_in_bytes,lib/ocaml/stdlib__Float.cms,81911
2026-08-26T20:15:32Z,712f87f035c6cfe581ffb290d71707e9bca5b59b,6929,size_in_bytes,lib/ocaml/stdlib__Int.cms,15503
2026-08-26T20:15:32Z,712f87f035c6cfe581ffb290d71707e9bca5b59b,6929,size_in_bytes,lib/ocaml/stdlib.cms,83359
2026-08-26T20:15:32Z,712f87f035c6cfe581ffb290d71707e9bca5b59b,6929,size_in_bytes,lib/ocaml/stdlib__Domain.cms,64803
2026-08-26T20:15:32Z,712f87f035c6cfe581ffb290d71707e9bca5b59b,6929,size_in_bytes,lib/ocaml/stdlib__Gc.cms,35425
2026-08-26T20:15:32Z,712f87f035c6cfe581ffb290d71707e9bca5b59b,6929,size_in_bytes,lib/ocaml/stdlib__Buffer.cms,58324
2026-08-26T20:15:32Z,712f87f035c6cfe581ffb290d71707e9bca5b59b,6929,size_in_bytes,lib/ocaml/stdlib__Condition.cms,12249
2026-08-26T20:15:32Z,712f87f035c6cfe581ffb290d71707e9bca5b59b,6929,size_in_bytes,lib/ocaml/stdlib__Modes.cms,13818
2026-08-26T20:15:32Z,712f87f035c6cfe581ffb290d71707e9bca5b59b,6929,size_in_bytes,lib/ocaml/camlinternalMod.cms,19363
2026-08-26T20:15:32Z,712f87f035c6cfe581ffb290d71707e9bca5b59b,6929,size_in_bytes,lib/ocaml/stdlib__Hashtbl.cms,104183
2026-08-26T20:15:32Z,712f87f035c6cfe581ffb290d71707e9bca5b59b,6929,size_in_bytes,lib/ocaml/stdlib__Pqueue.cms,38692
2026-08-26T20:15:32Z,712f87f035c6cfe581ffb290d71707e9bca5b59b,6929,size_in_bytes,lib/ocaml/stdlib__Array.cms,66786
2026-08-26T20:15:32Z,712f87f035c6cfe581ffb290d71707e9bca5b59b,6929,size_in_bytes,lib/ocaml/camlinternalQuote.cms,436598
2026-08-26T20:15:32Z,712f87f035c6cfe581ffb290d71707e9bca5b59b,6929,size_in_bytes,lib/ocaml/stdlib__Ephemeron.cms,155868
2026-08-26T20:15:32Z,712f87f035c6cfe581ffb290d71707e9bca5b59b,6929,size_in_bytes,lib/ocaml/stdlib__Parsing.cms,33630
2026-08-26T20:15:32Z,712f87f035c6cfe581ffb290d71707e9bca5b59b,6929,size_in_bytes,lib/ocaml/stdlib__Quote.cms,18802
2026-08-26T20:15:32Z,712f87f035c6cfe581ffb290d71707e9bca5b59b,6929,size_in_bytes,lib/ocaml/stdlib__Bigarray.cms,60767
2026-08-26T20:15:32Z,712f87f035c6cfe581ffb290d71707e9bca5b59b,6929,size_in_bytes,lib/ocaml/stdlib__String.cms,59713
2026-08-26T20:15:32Z,712f87f035c6cfe581ffb290d71707e9bca5b59b,6929,size_in_bytes,lib/ocaml/stdlib__Map.cms,142231
2026-08-26T20:15:32Z,712f87f035c6cfe581ffb290d71707e9bca5b59b,6929,size_in_bytes,lib/ocaml/camlinternalFormat.cms,423566
2026-08-26T20:15:32Z,712f87f035c6cfe581ffb290d71707e9bca5b59b,6929,size_in_bytes,lib/ocaml/stdlib__Printexc.cms,46971
2026-08-26T20:15:32Z,712f87f035c6cfe581ffb290d71707e9bca5b59b,6929,size_in_bytes,lib/ocaml/stdlib__Pair.cms,13844
2026-08-26T20:15:32Z,712f87f035c6cfe581ffb290d71707e9bca5b59b,6929,size_in_bytes,lib/ocaml/stdlib__ListLabels.cms,14500
2026-08-26T20:15:32Z,712f87f035c6cfe581ffb290d71707e9bca5b59b,6929,size_in_bytes,lib/ocaml/stdlib__Effect.cms,65017
2026-08-26T20:15:32Z,712f87f035c6cfe581ffb290d71707e9bca5b59b,6929,size_in_bytes,lib/ocaml/stdlib__Int64.cms,21907
2026-08-26T20:15:32Z,712f87f035c6cfe581ffb290d71707e9bca5b59b,6929,size_in_bytes,lib/ocaml/stdlib__Marshal.cms,16843
2026-08-26T20:15:32Z,712f87f035c6cfe581ffb290d71707e9bca5b59b,6929,size_in_bytes,lib/ocaml/stdlib__Option.cms,15775
2026-08-26T20:15:32Z,712f87f035c6cfe581ffb290d71707e9bca5b59b,6929,size_in_bytes,lib/ocaml/camlinternalOO.cms,88155
2026-08-26T20:15:32Z,712f87f035c6cfe581ffb290d71707e9bca5b59b,6929,size_in_bytes,lib/ocaml/stdlib__Nativeint.cms,21598
2026-08-26T20:15:32Z,712f87f035c6cfe581ffb290d71707e9bca5b59b,6929,size_in_bytes,lib/ocaml/stdlib__Filename.cms,56800
2026-08-26T20:15:32Z,712f87f035c6cfe581ffb290d71707e9bca5b59b,6929,size_in_bytes,lib/ocaml/stdlib__Arg.cms,53841
2026-08-26T20:15:32Z,712f87f035c6cfe581ffb290d71707e9bca5b59b,6929,size_in_bytes,lib/ocaml/stdlib__Fun.cms,13755
2026-08-26T20:15:32Z,712f87f035c6cfe581ffb290d71707e9bca5b59b,6929,size_in_bytes,lib/ocaml/stdlib__Int32.cms,21942
2026-08-26T20:15:32Z,712f87f035c6cfe581ffb290d71707e9bca5b59b,6929,size_in_bytes,lib/ocaml/stdlib__Scanf.cms,176814
2026-08-26T20:15:32Z,712f87f035c6cfe581ffb290d71707e9bca5b59b,6929,size_in_bytes,lib/ocaml/stdlib__Lexing.cms,34107
2026-08-26T20:15:32Z,712f87f035c6cfe581ffb290d71707e9bca5b59b,6929,size_in_bytes,lib/ocaml/stdlib__Type.cms,13921
2026-08-26T20:15:32Z,712f87f035c6cfe581ffb290d71707e9bca5b59b,6929,size_in_bytes,lib/ocaml/stdlib__Stack.cms,16682
2026-08-26T20:15:32Z,712f87f035c6cfe581ffb290d71707e9bca5b59b,6929,size_in_bytes,lib/ocaml/stdlib__Mutex.cms,12942
2026-08-26T20:15:32Z,712f87f035c6cfe581ffb290d71707e9bca5b59b,6929,size_in_bytes,lib/ocaml/stdlib__MoreLabels.cms,19718
2026-08-26T20:15:32Z,712f87f035c6cfe581ffb290d71707e9bca5b59b,6929,size_in_bytes,lib/ocaml/stdlib__Semaphore.cms,18692
2026-08-26T20:15:32Z,712f87f035c6cfe581ffb290d71707e9bca5b59b,6929,size_in_bytes,lib/ocaml/stdlib__BytesLabels.cms,15993
2026-08-26T20:15:32Z,712f87f035c6cfe581ffb290d71707e9bca5b59b,6929,size_in_bytes,lib/ocaml/stdlib__Atomic.cms,15321
2026-08-26T20:15:32Z,712f87f035c6cfe581ffb290d71707e9bca5b59b,6929,size_in_bytes,lib/ocaml/stdlib__Seq.cms,57670
2026-08-26T20:15:32Z,712f87f035c6cfe581ffb290d71707e9bca5b59b,6929,size_in_bytes,lib/ocaml/stdlib__Repr.cms,11908
2026-08-26T20:15:32Z,712f87f035c6cfe581ffb290d71707e9bca5b59b,6929,size_in_bytes,lib/ocaml/stdlib__Unit.cms,12008
2026-08-26T20:15:32Z,712f87f035c6cfe581ffb290d71707e9bca5b59b,6929,size_in_bytes,lib/ocaml/stdlib__Format.cms,188599
2026-08-26T20:15:32Z,712f87f035c6cfe581ffb290d71707e9bca5b59b,6929,size_in_bytes,lib/ocaml/stdlib__Random.cms,53936
2026-08-26T20:15:32Z,712f87f035c6cfe581ffb290d71707e9bca5b59b,6929,size_in_bytes,lib/ocaml/stdlib__Printf.cms,15365
2026-08-26T20:15:32Z,712f87f035c6cfe581ffb290d71707e9bca5b59b,6929,size_in_bytes,lib/ocaml/compiler-libs/flambda2_identifiers__Reg_width_const.cms,38429
2026-08-26T20:15:32Z,712f87f035c6cfe581ffb290d71707e9bca5b59b,6929,size_in_bytes,lib/ocaml/compiler-libs/flambda2_simplify__Simplify_let_expr.cms,56111
2026-08-26T20:15:32Z,712f87f035c6cfe581ffb290d71707e9bca5b59b,6929,size_in_bytes,lib/ocaml/compiler-libs/flambda2_parser__Fexpr_to_flambda.cms,149154
2026-08-26T20:15:32Z,712f87f035c6cfe581ffb290d71707e9bca5b59b,6929,size_in_bytes,lib/ocaml/compiler-libs/flambda2_ui.cms,10424
2026-08-26T20:15:32Z,712f87f035c6cfe581ffb290d71707e9bca5b59b,6929,size_in_bytes,lib/ocaml/compiler-libs/flambda2_terms__Inlining_history.cms,45498
2026-08-26T20:15:32Z,712f87f035c6cfe581ffb290d71707e9bca5b59b,6929,size_in_bytes,lib/ocaml/compiler-libs/flambda2_simplify__Closure_info.cms,18589
2026-08-26T20:15:32Z,712f87f035c6cfe581ffb290d71707e9bca5b59b,6929,size_in_bytes,lib/ocaml/compiler-libs/flambda2_lattices__Or_unknown_or_bottom.cms,16842
2026-08-26T20:15:32Z,712f87f035c6cfe581ffb290d71707e9bca5b59b,6929,size_in_bytes,lib/ocaml/compiler-libs/flambda2_term_basics__Simple.cms,53343
2026-08-26T20:15:32Z,712f87f035c6cfe581ffb290d71707e9bca5b59b,6929,size_in_bytes,lib/ocaml/compiler-libs/flambda2_algorithms__Patricia_tree.cms,266570
2026-08-26T20:15:32Z,712f87f035c6cfe581ffb290d71707e9bca5b59b,6929,size_in_bytes,lib/ocaml/compiler-libs/flambda2_simplify__Simplify_import.cms,19387
2026-08-26T20:15:32Z,712f87f035c6cfe581ffb290d71707e9bca5b59b,6929,size_in_bytes,lib/ocaml/compiler-libs/flambda2_simplify__Apply_cont_rewrite.cms,42957
2026-08-26T20:15:32Z,712f87f035c6cfe581ffb290d71707e9bca5b59b,6929,size_in_bytes,lib/ocaml/compiler-libs/flambda2_to_cmm__To_cmm_expr.cms,193452
2026-08-26T20:15:32Z,712f87f035c6cfe581ffb290d71707e9bca5b59b,6929,size_in_bytes,lib/ocaml/compiler-libs/flambda2_simplify__Unboxing_epa.cms,77184
2026-08-26T20:15:32Z,712f87f035c6cfe581ffb290d71707e9bca5b59b,6929,size_in_bytes,lib/ocaml/compiler-libs/flambda2_reaper__Traverse_acc.cms,70846
2026-08-26T20:15:32Z,712f87f035c6cfe581ffb290d71707e9bca5b59b,6929,size_in_bytes,lib/ocaml/compiler-libs/flambda2_simplify__Continuation_uses_env.cms,20932
2026-08-26T20:15:32Z,712f87f035c6cfe581ffb290d71707e9bca5b59b,6929,size_in_bytes,lib/ocaml/compiler-libs/flambda2_simplify__Simplify_extcall.cms,44208
2026-08-26T20:15:32Z,712f87f035c6cfe581ffb290d71707e9bca5b59b,6929,size_in_bytes,lib/ocaml/compiler-libs/flambda2_terms__Regalloc_param_attribute.cms,14955
2026-08-26T20:15:32Z,712f87f035c6cfe581ffb290d71707e9bca5b59b,6929,size_in_bytes,lib/ocaml/compiler-libs/flambda2_identifiers__Flambda_debug_uid.cms,20562
2026-08-26T20:15:32Z,712f87f035c6cfe581ffb290d71707e9bca5b59b,6929,size_in_bytes,lib/ocaml/compiler-libs/flambda2_term_basics.cms,14091
2026-08-26T20:15:32Z,712f87f035c6cfe581ffb290d71707e9bca5b59b,6929,size_in_bytes,lib/ocaml/compiler-libs/flambda2_datalog__Datalog.cms,62372
2026-08-26T20:15:32Z,712f87f035c6cfe581ffb290d71707e9bca5b59b,6929,size_in_bytes,lib/ocaml/compiler-libs/flambda2_terms__Code0.cms,25105
2026-08-26T20:15:32Z,712f87f035c6cfe581ffb290d71707e9bca5b59b,6929,size_in_bytes,lib/ocaml/compiler-libs/flambda2_reaper__Global_flow_graph.cms,39111
2026-08-26T20:15:32Z,712f87f035c6cfe581ffb290d71707e9bca5b59b,6929,size_in_bytes,lib/ocaml/compiler-libs/flambda2_terms__Code_metadata.cms,84514
2026-08-26T20:15:32Z,712f87f035c6cfe581ffb290d71707e9bca5b59b,6929,size_in_bytes,lib/ocaml/compiler-libs/flambda2_lattices.cms,10753
2026-08-26T20:15:32Z,712f87f035c6cfe581ffb290d71707e9bca5b59b,6929,size_in_bytes,lib/ocaml/compiler-libs/flambda2_simplify__Simplify_coercion.cms,13152
2026-08-26T20:15:32Z,712f87f035c6cfe581ffb290d71707e9bca5b59b,6929,size_in_bytes,lib/ocaml/compiler-libs/flambda2_algorithms.cms,12224
2026-08-26T20:15:32Z,712f87f035c6cfe581ffb290d71707e9bca5b59b,6929,size_in_bytes,lib/ocaml/compiler-libs/flambda2_terms__Code.cms,16828
2026-08-26T20:15:32Z,712f87f035c6cfe581ffb290d71707e9bca5b59b,6929,size_in_bytes,lib/ocaml/compiler-libs/flambda2_to_jsir__To_jsir.cms,97568
2026-08-26T20:15:32Z,712f87f035c6cfe581ffb290d71707e9bca5b59b,6929,size_in_bytes,lib/ocaml/compiler-libs/flambda2_terms__Inlining_arguments.cms,55344
2026-08-26T20:15:32Z,712f87f035c6cfe581ffb290d71707e9bca5b59b,6929,size_in_bytes,lib/ocaml/compiler-libs/flambda2_identifiers__Value_slot.cms,12310
2026-08-26T20:15:32Z,712f87f035c6cfe581ffb290d71707e9bca5b59b,6929,size_in_bytes,lib/ocaml/compiler-libs/flambda2_simplify__Comparison_result.cms,20714
2026-08-26T20:15:32Z,712f87f035c6cfe581ffb290d71707e9bca5b59b,6929,size_in_bytes,lib/ocaml/compiler-libs/flambda2_simplify_shared__Inlining_helpers.cms,26301
2026-08-26T20:15:32Z,712f87f035c6cfe581ffb290d71707e9bca5b59b,6929,size_in_bytes,lib/ocaml/compiler-libs/flambda2_terms__Inlined_attribute.cms,19842
2026-08-26T20:15:32Z,712f87f035c6cfe581ffb290d71707e9bca5b59b,6929,size_in_bytes,lib/ocaml/compiler-libs/flambda2_terms__Call_kind.cms,76697
2026-08-26T20:15:32Z,712f87f035c6cfe581ffb290d71707e9bca5b59b,6929,size_in_bytes,lib/ocaml/compiler-libs/flambda2_types__Meet_env.cms,68873
2026-08-26T20:15:32Z,712f87f035c6cfe581ffb290d71707e9bca5b59b,6929,size_in_bytes,lib/ocaml/compiler-libs/flambda2_bound_identifiers__Bound_continuations.cms,17535
2026-08-26T20:15:32Z,712f87f035c6cfe581ffb290d71707e9bca5b59b,6929,size_in_bytes,lib/ocaml/compiler-libs/flambda2_simplify__Lifted_constant_state.cms,38483
2026-08-26T20:15:32Z,712f87f035c6cfe581ffb290d71707e9bca5b59b,6929,size_in_bytes,lib/ocaml/compiler-libs/flambda2_terms.cms,22021
2026-08-26T20:15:32Z,712f87f035c6cfe581ffb290d71707e9bca5b59b,6929,size_in_bytes,lib/ocaml/compiler-libs/flambda2_identifiers__Named_rewrite_id.cms,18209
2026-08-26T20:15:32Z,712f87f035c6cfe581ffb290d71707e9bca5b59b,6929,size_in_bytes,lib/ocaml/compiler-libs/flambda2_bound_identifiers__Bound_parameter.cms,29257
2026-08-26T20:15:32Z,712f87f035c6cfe581ffb290d71707e9bca5b59b,6929,size_in_bytes,lib/ocaml/compiler-libs/flambda2_kinds.cms,10671
2026-08-26T20:15:32Z,712f87f035c6cfe581ffb290d71707e9bca5b59b,6929,size_in_bytes,lib/ocaml/compiler-libs/flambda2_terms__Coeffects.cms,14485
2026-08-26T20:15:32Z,712f87f035c6cfe581ffb290d71707e9bca5b59b,6929,size_in_bytes,lib/ocaml/compiler-libs/flambda2_simplify__Build_unboxing_denv.cms,47286
2026-08-26T20:15:32Z,712f87f035c6cfe581ffb290d71707e9bca5b59b,6929,size_in_bytes,lib/ocaml/compiler-libs/flambda2_identifiers__Name.cms,18779
2026-08-26T20:15:32Z,712f87f035c6cfe581ffb290d71707e9bca5b59b,6929,size_in_bytes,lib/ocaml/compiler-libs/flambda2_types__Aliases.cms,110593
2026-08-26T20:15:32Z,712f87f035c6cfe581ffb290d71707e9bca5b59b,6929,size_in_bytes,lib/ocaml/compiler-libs/flambda2_simplify__Simplify_unary_primitive.cms,146632
2026-08-26T20:15:32Z,712f87f035c6cfe581ffb290d71707e9bca5b59b,6929,size_in_bytes,lib/ocaml/compiler-libs/flambda2_bound_identifiers__Bound_pattern.cms,34311
2026-08-26T20:15:32Z,712f87f035c6cfe581ffb290d71707e9bca5b59b,6929,size_in_bytes,lib/ocaml/compiler-libs/flambda2_to_cmm__To_cmm_static.cms,122500
2026-08-26T20:15:32Z,712f87f035c6cfe581ffb290d71707e9bca5b59b,6929,size_in_bytes,lib/ocaml/compiler-libs/flambda2_simplify__Simplify_apply_cont_expr.cms,31293
2026-08-26T20:15:32Z,712f87f035c6cfe581ffb290d71707e9bca5b59b,6929,size_in_bytes,lib/ocaml/compiler-libs/flambda2_numbers__One_bit_fewer.cms,31251
2026-08-26T20:15:32Z,712f87f035c6cfe581ffb290d71707e9bca5b59b,6929,size_in_bytes,lib/ocaml/compiler-libs/flambda2_classic_mode_types.cms,10253
2026-08-26T20:15:32Z,712f87f035c6cfe581ffb290d71707e9bca5b59b,6929,size_in_bytes,lib/ocaml/compiler-libs/flambda2_algorithms__Container_types.cms,49859
2026-08-26T20:15:32Z,712f87f035c6cfe581ffb290d71707e9bca5b59b,6929,size_in_bytes,lib/ocaml/compiler-libs/flambda2_identifiers__Continuation.cms,35327
2026-08-26T20:15:32Z,712f87f035c6cfe581ffb290d71707e9bca5b59b,6929,size_in_bytes,lib/ocaml/compiler-libs/flambda2_simplify__Simplify_primitive_result.cms,17437
2026-08-26T20:15:32Z,712f87f035c6cfe581ffb290d71707e9bca5b59b,6929,size_in_bytes,lib/ocaml/compiler-libs/flambda2_simplify__Number_adjuncts.cms,124166
2026-08-26T20:15:32Z,712f87f035c6cfe581ffb290d71707e9bca5b59b,6929,size_in_bytes,lib/ocaml/compiler-libs/flambda2_numbers__Vector_types.cms,43569
2026-08-26T20:15:32Z,712f87f035c6cfe581ffb290d71707e9bca5b59b,6929,size_in_bytes,lib/ocaml/compiler-libs/flambda2_simplify__Flow.cms,12714
2026-08-26T20:15:32Z,712f87f035c6cfe581ffb290d71707e9bca5b59b,6929,size_in_bytes,lib/ocaml/compiler-libs/flambda2_reaper__Dot_printer.cms,19847
2026-08-26T20:15:32Z,712f87f035c6cfe581ffb290d71707e9bca5b59b,6929,size_in_bytes,lib/ocaml/compiler-libs/flambda2_simplify__Continuation_in_env.cms,22080
2026-08-26T20:15:32Z,712f87f035c6cfe581ffb290d71707e9bca5b59b,6929,size_in_bytes,lib/ocaml/compiler-libs/flambda2_parser__Fexpr_prim_descr.cms,76770
2026-08-26T20:15:32Z,712f87f035c6cfe581ffb290d71707e9bca5b59b,6929,size_in_bytes,lib/ocaml/compiler-libs/flambda2_simplify__Downwards_env.cms,113628
2026-08-26T20:15:32Z,712f87f035c6cfe581ffb290d71707e9bca5b59b,6929,size_in_bytes,lib/ocaml/compiler-libs/flambda2_nominal__Contains_ids.cms,11665
2026-08-26T20:15:32Z,712f87f035c6cfe581ffb290d71707e9bca5b59b,6929,size_in_bytes,lib/ocaml/compiler-libs/flambda2_bound_identifiers__Bound_static.cms,32290
2026-08-26T20:15:32Z,712f87f035c6cfe581ffb290d71707e9bca5b59b,6929,size_in_bytes,lib/ocaml/compiler-libs/flambda2_nominal__Contains_names.cms,12378
2026-08-26T20:15:32Z,712f87f035c6cfe581ffb290d71707e9bca5b59b,6929,size_in_bytes,lib/ocaml/compiler-libs/flambda2_simplify__Rebuilt_expr.cms,26553
2026-08-26T20:15:32Z,712f87f035c6cfe581ffb290d71707e9bca5b59b,6929,size_in_bytes,lib/ocaml/compiler-libs/flambda2_identifiers.cms,15338
2026-08-26T20:15:32Z,712f87f035c6cfe581ffb290d71707e9bca5b59b,6929,size_in_bytes,lib/ocaml/compiler-libs/flambda2_parser__Flambda_to_fexpr_commons.cms,58900
2026-08-26T20:15:32Z,712f87f035c6cfe581ffb290d71707e9bca5b59b,6929,size_in_bytes,lib/ocaml/compiler-libs/flambda2_types__Binding_time.cms,24338
2026-08-26T20:15:32Z,712f87f035c6cfe581ffb290d71707e9bca5b59b,6929,size_in_bytes,lib/ocaml/compiler-libs/flambda2_types__.cms,17061
2026-08-26T20:15:32Z,712f87f035c6cfe581ffb290d71707e9bca5b59b,6929,size_in_bytes,lib/ocaml/compiler-libs/flambda2_algorithms__Lmap.cms,28193
2026-08-26T20:15:32Z,712f87f035c6cfe581ffb290d71707e9bca5b59b,6929,size_in_bytes,lib/ocaml/compiler-libs/flambda2_simplify__Simplify_switch_expr.cms,134199
2026-08-26T20:15:32Z,712f87f035c6cfe581ffb290d71707e9bca5b59b,6929,size_in_bytes,lib/ocaml/compiler-libs/flambda2_terms__Function_decl_inlining_decision_type.cms,48662
2026-08-26T20:15:32Z,712f87f035c6cfe581ffb290d71707e9bca5b59b,6929,size_in_bytes,lib/ocaml/compiler-libs/flambda2_to_cmm__To_cmm.cms,27061
2026-08-26T20:15:32Z,712f87f035c6cfe581ffb290d71707e9bca5b59b,6929,size_in_bytes,lib/ocaml/compiler-libs/flambda2_to_cmm__To_cmm_effects.cms,20605
2026-08-26T20:15:32Z,712f87f035c6cfe581ffb290d71707e9bca5b59b,6929,size_in_bytes,lib/ocaml/compiler-libs/flambda2_terms__Code_or_metadata.cms,36456
2026-08-26T20:15:32Z,712f87f035c6cfe581ffb290d71707e9bca5b59b,6929,size_in_bytes,lib/ocaml/compiler-libs/flambda2_nominal__Renaming.cms,39913
2026-08-26T20:15:32Z,712f87f035c6cfe581ffb290d71707e9bca5b59b,6929,size_in_bytes,lib/ocaml/compiler-libs/flambda2_terms__Set_of_closures.cms,32711
2026-08-26T20:15:32Z,712f87f035c6cfe581ffb290d71707e9bca5b59b,6929,size_in_bytes,lib/ocaml/compiler-libs/flambda2_terms__Static_const.cms,138140
2026-08-26T20:15:32Z,712f87f035c6cfe581ffb290d71707e9bca5b59b,6929,size_in_bytes,lib/ocaml/compiler-libs/flambda2.cms,48192
2026-08-26T20:15:32Z,712f87f035c6cfe581ffb290d71707e9bca5b59b,6929,size_in_bytes,lib/ocaml/compiler-libs/flambda2_from_lambda__Lambda_to_flambda_primitives.cms,537157
2026-08-26T20:15:32Z,712f87f035c6cfe581ffb290d71707e9bca5b59b,6929,size_in_bytes,lib/ocaml/compiler-libs/flambda2_simplify__Loopify_state.cms,13465
2026-08-26T20:15:32Z,712f87f035c6cfe581ffb290d71707e9bca5b59b,6929,size_in_bytes,lib/ocaml/compiler-libs/flambda2_terms__Result_types.cms,32558
2026-08-26T20:15:32Z,712f87f035c6cfe581ffb290d71707e9bca5b59b,6929,size_in_bytes,lib/ocaml/compiler-libs/flambda2_import.cms,9936
2026-08-26T20:15:32Z,712f87f035c6cfe581ffb290d71707e9bca5b59b,6929,size_in_bytes,lib/ocaml/compiler-libs/flambda2_types__Join_levels.cms,26053
2026-08-26T20:15:32Z,712f87f035c6cfe581ffb290d71707e9bca5b59b,6929,size_in_bytes,lib/ocaml/compiler-libs/flambda2_simplify__Specialization_cost.cms,32107
2026-08-26T20:15:32Z,712f87f035c6cfe581ffb290d71707e9bca5b59b,6929,size_in_bytes,lib/ocaml/compiler-libs/flambda2_from_lambda__Closure_conversion_aux.cms,156080
2026-08-26T20:15:32Z,712f87f035c6cfe581ffb290d71707e9bca5b59b,6929,size_in_bytes,lib/ocaml/compiler-libs/flambda2_identifiers__Variable.cms,14018
2026-08-26T20:15:32Z,712f87f035c6cfe581ffb290d71707e9bca5b59b,6929,size_in_bytes,lib/ocaml/compiler-libs/flambda2_terms__Exn_continuation.cms,31981
2026-08-26T20:15:32Z,712f87f035c6cfe581ffb290d71707e9bca5b59b,6929,size_in_bytes,lib/ocaml/compiler-libs/flambda2_from_lambda__Lambda_to_flambda_env.cms,57719
2026-08-26T20:15:32Z,712f87f035c6cfe581ffb290d71707e9bca5b59b,6929,size_in_bytes,lib/ocaml/compiler-libs/flambda2_terms__Inline_attribute.cms,16666
2026-08-26T20:15:32Z,712f87f035c6cfe581ffb290d71707e9bca5b59b,6929,size_in_bytes,lib/ocaml/compiler-libs/flambda2_to_jsir__To_jsir_env.cms,43888
2026-08-26T20:15:32Z,712f87f035c6cfe581ffb290d71707e9bca5b59b,6929,size_in_bytes,lib/ocaml/compiler-libs/flambda2_simplify__Lifted_cont_params.cms,21131
2026-08-26T20:15:32Z,712f87f035c6cfe581ffb290d71707e9bca5b59b,6929,size_in_bytes,lib/ocaml/compiler-libs/flambda2_types__Typing_env_level.cms,41176
2026-08-26T20:15:32Z,712f87f035c6cfe581ffb290d71707e9bca5b59b,6929,size_in_bytes,lib/ocaml/compiler-libs/flambda2_terms__First_complex_local_param.cms,14025
2026-08-26T20:15:32Z,712f87f035c6cfe581ffb290d71707e9bca5b59b,6929,size_in_bytes,lib/ocaml/compiler-libs/flambda2_terms__Zero_alloc_attribute.cms,17489
2026-08-26T20:15:32Z,712f87f035c6cfe581ffb290d71707e9bca5b59b,6929,size_in_bytes,lib/ocaml/compiler-libs/flambda2_types__More_type_creators.cms,88466
2026-08-26T20:15:32Z,712f87f035c6cfe581ffb290d71707e9bca5b59b,6929,size_in_bytes,lib/ocaml/compiler-libs/flambda2_parser__Fexpr_prim.cms,173376
2026-08-26T20:15:32Z,712f87f035c6cfe581ffb290d71707e9bca5b59b,6929,size_in_bytes,lib/ocaml/compiler-libs/flambda2_simplify__Simplified_named.cms,21351
2026-08-26T20:15:32Z,712f87f035c6cfe581ffb290d71707e9bca5b59b,6929,size_in_bytes,lib/ocaml/compiler-libs/flambda2_types__Provers.cms,204088
2026-08-26T20:15:32Z,712f87f035c6cfe581ffb290d71707e9bca5b59b,6929,size_in_bytes,lib/ocaml/compiler-libs/flambda2_simplify__Continuation_uses.cms,32602
2026-08-26T20:15:32Z,712f87f035c6cfe581ffb290d71707e9bca5b59b,6929,size_in_bytes,lib/ocaml/compiler-libs/flambda2_to_cmm__To_cmm_env.cms,166749
2026-08-26T20:15:32Z,712f87f035c6cfe581ffb290d71707e9bca5b59b,6929,size_in_bytes,lib/ocaml/compiler-libs/flambda2_term_basics__String_info.cms,20259
2026-08-26T20:15:32Z,712f87f035c6cfe581ffb290d71707e9bca5b59b,6929,size_in_bytes,lib/ocaml/compiler-libs/flambda2_datalog__Table.cms,36197
2026-08-26T20:15:32Z,712f87f035c6cfe581ffb290d71707e9bca5b59b,6929,size_in_bytes,lib/ocaml/compiler-libs/flambda2_simplify__Mutable_unboxing.cms,96761
2026-08-26T20:15:32Z,712f87f035c6cfe581ffb290d71707e9bca5b59b,6929,size_in_bytes,lib/ocaml/compiler-libs/flambda2_algorithms__Or_null.cms,14359
2026-08-26T20:15:32Z,712f87f035c6cfe581ffb290d71707e9bca5b59b,6929,size_in_bytes,lib/ocaml/compiler-libs/flambda2_simplify__Optimistic_unboxing_decision.cms,38151
2026-08-26T20:15:32Z,712f87f035c6cfe581ffb290d71707e9bca5b59b,6929,size_in_bytes,lib/ocaml/compiler-libs/flambda2_parser__Fexpr.cms,52506
2026-08-26T20:15:32Z,712f87f035c6cfe581ffb290d71707e9bca5b59b,6929,size_in_bytes,lib/ocaml/compiler-libs/flambda2_nominal__Name_abstraction.cms,21276
2026-08-26T20:15:32Z,712f87f035c6cfe581ffb290d71707e9bca5b59b,6929,size_in_bytes,lib/ocaml/compiler-libs/flambda2_reaper__Traverse_env.cms,16374
2026-08-26T20:15:32Z,712f87f035c6cfe581ffb290d71707e9bca5b59b,6929,size_in_bytes,lib/ocaml/compiler-libs/flambda2_terms__Apply_cont_expr.cms,36199
2026-08-26T20:15:32Z,712f87f035c6cfe581ffb290d71707e9bca5b59b,6929,size_in_bytes,lib/ocaml/compiler-libs/flambda2_simplify__One_recursive_handler.cms,14962
2026-08-26T20:15:32Z,712f87f035c6cfe581ffb290d71707e9bca5b59b,6929,size_in_bytes,lib/ocaml/compiler-libs/flambda2_types__Meet_and_join.cms,328711
2026-08-26T20:15:32Z,712f87f035c6cfe581ffb290d71707e9bca5b59b,6929,size_in_bytes,lib/ocaml/compiler-libs/flambda2_from_lambda__Lambda_to_flambda_primitives_helpers.cms,79787
2026-08-26T20:15:32Z,712f87f035c6cfe581ffb290d71707e9bca5b59b,6929,size_in_bytes,lib/ocaml/compiler-libs/flambda2_simplify__Upwards_env.cms,32444
2026-08-26T20:15:32Z,712f87f035c6cfe581ffb290d71707e9bca5b59b,6929,size_in_bytes,lib/ocaml/compiler-libs/flambda2_simplify__Call_site_inlining_decision.cms,55232
2026-08-26T20:15:32Z,712f87f035c6cfe581ffb290d71707e9bca5b59b,6929,size_in_bytes,lib/ocaml/compiler-libs/flambda2_floats__Float32.cms,15068
2026-08-26T20:15:32Z,712f87f035c6cfe581ffb290d71707e9bca5b59b,6929,size_in_bytes,lib/ocaml/compiler-libs/flambda2_simplify__Continuation_extra_params_and_args.cms,33934
2026-08-26T20:15:32Z,712f87f035c6cfe581ffb290d71707e9bca5b59b,6929,size_in_bytes,lib/ocaml/compiler-libs/flambda2_bound_identifiers__Bound_continuation.cms,13086
2026-08-26T20:15:32Z,712f87f035c6cfe581ffb290d71707e9bca5b59b,6929,size_in_bytes,lib/ocaml/compiler-libs/flambda2_simplify__Flow_analysis.cms,33536
2026-08-26T20:15:32Z,712f87f035c6cfe581ffb290d71707e9bca5b59b,6929,size_in_bytes,lib/ocaml/compiler-libs/flambda2_reaper__Unboxing_analysis.cms,102024
2026-08-26T20:15:32Z,712f87f035c6cfe581ffb290d71707e9bca5b59b,6929,size_in_bytes,lib/ocaml/compiler-libs/flambda2_terms__Apply_expr.cms,62614
2026-08-26T20:15:32Z,712f87f035c6cfe581ffb290d71707e9bca5b59b,6929,size_in_bytes,lib/ocaml/compiler-libs/flambda2_from_lambda__Closure_conversion.cms,564863
2026-08-26T20:15:32Z,712f87f035c6cfe581ffb290d71707e9bca5b59b,6929,size_in_bytes,lib/ocaml/compiler-libs/flambda2_identifiers__Coercion0.cms,22404
2026-08-26T20:15:32Z,712f87f035c6cfe581ffb290d71707e9bca5b59b,6929,size_in_bytes,lib/ocaml/compiler-libs/flambda2_to_cmm__To_cmm_result.cms,32285
2026-08-26T20:15:32Z,712f87f035c6cfe581ffb290d71707e9bca5b59b,6929,size_in_bytes,lib/ocaml/compiler-libs/flambda2_identifiers__Int_ids.cms,173455
2026-08-26T20:15:32Z,712f87f035c6cfe581ffb290d71707e9bca5b59b,6929,size_in_bytes,lib/ocaml/compiler-libs/flambda2_reaper__Points_to_analysis.cms,162801
2026-08-26T20:15:32Z,712f87f035c6cfe581ffb290d71707e9bca5b59b,6929,size_in_bytes,lib/ocaml/compiler-libs/flambda2_parser__Parse_flambda.cms,21043
2026-08-26T20:15:32Z,712f87f035c6cfe581ffb290d71707e9bca5b59b,6929,size_in_bytes,lib/ocaml/compiler-libs/flambda2_nominal.cms,12761
2026-08-26T20:15:32Z,712f87f035c6cfe581ffb290d71707e9bca5b59b,6929,size_in_bytes,lib/ocaml/compiler-libs/flambda2_terms__Validity.cms,14193
2026-08-26T20:15:32Z,712f87f035c6cfe581ffb290d71707e9bca5b59b,6929,size_in_bytes,lib/ocaml/compiler-libs/flambda2_kinds__Tag.cms,35849
2026-08-26T20:15:32Z,712f87f035c6cfe581ffb290d71707e9bca5b59b,6929,size_in_bytes,lib/ocaml/compiler-libs/flambda2_simplify__Simplify_common.cms,64400
2026-08-26T20:15:32Z,712f87f035c6cfe581ffb290d71707e9bca5b59b,6929,size_in_bytes,lib/ocaml/compiler-libs/flambda2_reaper__Datalog_helpers.cms,56286
2026-08-26T20:15:32Z,712f87f035c6cfe581ffb290d71707e9bca5b59b,6929,size_in_bytes,lib/ocaml/compiler-libs/flambda2_ui__Flambda_features.cms,53075
2026-08-26T20:15:32Z,712f87f035c6cfe581ffb290d71707e9bca5b59b,6929,size_in_bytes,lib/ocaml/compiler-libs/flambda2_types__Typing_env_extension.cms,32408
2026-08-26T20:15:32Z,712f87f035c6cfe581ffb290d71707e9bca5b59b,6929,size_in_bytes,lib/ocaml/compiler-libs/flambda2_simplify__Control_flow_graph.cms,65909
2026-08-26T20:15:32Z,712f87f035c6cfe581ffb290d71707e9bca5b59b,6929,size_in_bytes,lib/ocaml/compiler-libs/flambda2_to_cmm__To_cmm_set_of_closures.cms,106423
2026-08-26T20:15:32Z,712f87f035c6cfe581ffb290d71707e9bca5b59b,6929,size_in_bytes,lib/ocaml/compiler-libs/flambda2_simplify__Reification.cms,41531
2026-08-26T20:15:32Z,712f87f035c6cfe581ffb290d71707e9bca5b59b,6929,size_in_bytes,lib/ocaml/compiler-libs/flambda2_types__Code_age_relation.cms,24074
2026-08-26T20:15:32Z,712f87f035c6cfe581ffb290d71707e9bca5b59b,6929,size_in_bytes,lib/ocaml/compiler-libs/flambda2_simplify__Data_flow_graph.cms,62761
2026-08-26T20:15:32Z,712f87f035c6cfe581ffb290d71707e9bca5b59b,6929,size_in_bytes,lib/ocaml/compiler-libs/flambda2_to_jsir__To_jsir_result.cms,33607
2026-08-26T20:15:32Z,712f87f035c6cfe581ffb290d71707e9bca5b59b,6929,size_in_bytes,lib/ocaml/compiler-libs/flambda2_term_basics__Or_invalid.cms,13446
2026-08-26T20:15:32Z,712f87f035c6cfe581ffb290d71707e9bca5b59b,6929,size_in_bytes,lib/ocaml/compiler-libs/flambda2_simplify_shared__Slot_offsets.cms,132639
2026-08-26T20:15:32Z,712f87f035c6cfe581ffb290d71707e9bca5b59b,6929,size_in_bytes,lib/ocaml/compiler-libs/flambda2_simplify__Simplify_nullary_primitive.cms,21937
2026-08-26T20:15:32Z,712f87f035c6cfe581ffb290d71707e9bca5b59b,6929,size_in_bytes,lib/ocaml/compiler-libs/flambda2_datalog.cms,39483
2026-08-26T20:15:32Z,712f87f035c6cfe581ffb290d71707e9bca5b59b,6929,size_in_bytes,lib/ocaml/compiler-libs/flambda2_simplify__Simplify_apply_expr.cms,180832
2026-08-26T20:15:32Z,712f87f035c6cfe581ffb290d71707e9bca5b59b,6929,size_in_bytes,lib/ocaml/compiler-libs/flambda2_algorithms__Channel.cms,14573
2026-08-26T20:15:32Z,712f87f035c6cfe581ffb290d71707e9bca5b59b,6929,size_in_bytes,lib/ocaml/compiler-libs/flambda2_simplify__Non_recursive_handler.cms,19915
2026-08-26T20:15:32Z,712f87f035c6cfe581ffb290d71707e9bca5b59b,6929,size_in_bytes,lib/ocaml/compiler-libs/flambda2_terms__Placement.cms,13299
2026-08-26T20:15:32Z,712f87f035c6cfe581ffb290d71707e9bca5b59b,6929,size_in_bytes,lib/ocaml/compiler-libs/flambda2_simplify__Simplify_let_cont_expr.cms,225260
2026-08-26T20:15:32Z,712f87f035c6cfe581ffb290d71707e9bca5b59b,6929,size_in_bytes,lib/ocaml/compiler-libs/flambda2_reaper.cms,14390
2026-08-26T20:15:32Z,712f87f035c6cfe581ffb290d71707e9bca5b59b,6929,size_in_bytes,lib/ocaml/compiler-libs/flambda2_types__Meet_and_n_way_join.cms,376572
2026-08-26T20:15:32Z,712f87f035c6cfe581ffb290d71707e9bca5b59b,6929,size_in_bytes,lib/ocaml/compiler-libs/flambda2_terms__Expr_std.cms,12524
2026-08-26T20:15:32Z,712f87f035c6cfe581ffb290d71707e9bca5b59b,6929,size_in_bytes,lib/ocaml/compiler-libs/flambda2_datalog__Virtual_machine.cms,33759
2026-08-26T20:15:32Z,712f87f035c6cfe581ffb290d71707e9bca5b59b,6929,size_in_bytes,lib/ocaml/compiler-libs/flambda2_terms__Effects.cms,17079
2026-08-26T20:15:32Z,712f87f035c6cfe581ffb290d71707e9bca5b59b,6929,size_in_bytes,lib/ocaml/compiler-libs/flambda2_term_basics__Empty_array_kind.cms,21040
2026-08-26T20:15:32Z,712f87f035c6cfe581ffb290d71707e9bca5b59b,6929,size_in_bytes,lib/ocaml/compiler-libs/flambda2_datalog__Cursor.cms,62516
2026-08-26T20:15:32Z,712f87f035c6cfe581ffb290d71707e9bca5b59b,6929,size_in_bytes,lib/ocaml/compiler-libs/flambda2_parser__Flambda_to_fexpr.cms,132320
2026-08-26T20:15:32Z,712f87f035c6cfe581ffb290d71707e9bca5b59b,6929,size_in_bytes,lib/ocaml/compiler-libs/flambda2_lattices__Or_bottom.cms,15416
2026-08-26T20:15:32Z,712f87f035c6cfe581ffb290d71707e9bca5b59b,6929,size_in_bytes,lib/ocaml/compiler-libs/flambda2_cmx__Exported_code.cms,24489
2026-08-26T20:15:32Z,712f87f035c6cfe581ffb290d71707e9bca5b59b,6929,size_in_bytes,lib/ocaml/compiler-libs/flambda2_bound_identifiers.cms,13169
2026-08-26T20:15:32Z,712f87f035c6cfe581ffb290d71707e9bca5b59b,6929,size_in_bytes,lib/ocaml/compiler-libs/flambda2_bound_identifiers__Alloc_mode.cms,48268
2026-08-26T20:15:32Z,712f87f035c6cfe581ffb290d71707e9bca5b59b,6929,size_in_bytes,lib/ocaml/compiler-libs/flambda2_simplify__Flow_acc.cms,76735
2026-08-26T20:15:32Z,712f87f035c6cfe581ffb290d71707e9bca5b59b,6929,size_in_bytes,lib/ocaml/compiler-libs/flambda2_terms__Removed_operations.cms,24415
2026-08-26T20:15:32Z,712f87f035c6cfe581ffb290d71707e9bca5b59b,6929,size_in_bytes,lib/ocaml/compiler-libs/flambda2_simplify__Simplify_binary_primitive.cms,160453
2026-08-26T20:15:32Z,712f87f035c6cfe581ffb290d71707e9bca5b59b,6929,size_in_bytes,lib/ocaml/compiler-libs/flambda2_types__Cached_level.cms,24288
2026-08-26T20:15:32Z,712f87f035c6cfe581ffb290d71707e9bca5b59b,6929,size_in_bytes,lib/ocaml/compiler-libs/flambda2_parser__Print_fexpr.cms,149062
2026-08-26T20:15:32Z,712f87f035c6cfe581ffb290d71707e9bca5b59b,6929,size_in_bytes,lib/ocaml/compiler-libs/flambda2_datalog__Column.cms,26640
2026-08-26T20:15:32Z,712f87f035c6cfe581ffb290d71707e9bca5b59b,6929,size_in_bytes,lib/ocaml/compiler-libs/flambda2_reaper__Traverse.cms,131004
2026-08-26T20:15:32Z,712f87f035c6cfe581ffb290d71707e9bca5b59b,6929,size_in_bytes,lib/ocaml/compiler-libs/flambda2_term_basics__Rec_info_expr.cms,15794
2026-08-26T20:15:32Z,712f87f035c6cfe581ffb290d71707e9bca5b59b,6929,size_in_bytes,lib/ocaml/compiler-libs/flambda2_types__Set_of_closures_contents.cms,42865
2026-08-26T20:15:32Z,712f87f035c6cfe581ffb290d71707e9bca5b59b,6929,size_in_bytes,lib/ocaml/compiler-libs/flambda2_bound_identifiers__Bound_var.cms,18144
2026-08-26T20:15:32Z,712f87f035c6cfe581ffb290d71707e9bca5b59b,6929,size_in_bytes,lib/ocaml/compiler-libs/flambda2_simplify__Simplify_static_const.cms,66918
2026-08-26T20:15:32Z,712f87f035c6cfe581ffb290d71707e9bca5b59b,6929,size_in_bytes,lib/ocaml/compiler-libs/flambda2_types__Typing_env.cms,172068
2026-08-26T20:15:32Z,712f87f035c6cfe581ffb290d71707e9bca5b59b,6929,size_in_bytes,lib/ocaml/compiler-libs/flambda2_cmx__Flambda_cmx.cms,36319
2026-08-26T20:15:32Z,712f87f035c6cfe581ffb290d71707e9bca5b59b,6929,size_in_bytes,lib/ocaml/compiler-libs/flambda2_simplify__Join_points.cms,50377
2026-08-26T20:15:32Z,712f87f035c6cfe581ffb290d71707e9bca5b59b,6929,size_in_bytes,lib/ocaml/compiler-libs/flambda2_simplify__Unboxers.cms,34788
2026-08-26T20:15:32Z,712f87f035c6cfe581ffb290d71707e9bca5b59b,6929,size_in_bytes,lib/ocaml/compiler-libs/flambda2_numbers__Or_infinity.cms,13396
2026-08-26T20:15:32Z,712f87f035c6cfe581ffb290d71707e9bca5b59b,6929,size_in_bytes,lib/ocaml/compiler-libs/flambda2_to_jsir__To_jsir_primitive.cms,94017
2026-08-26T20:15:32Z,712f87f035c6cfe581ffb290d71707e9bca5b59b,6929,size_in_bytes,lib/ocaml/compiler-libs/flambda2_term_basics__Scope.cms,18827
2026-08-26T20:15:32Z,712f87f035c6cfe581ffb290d71707e9bca5b59b,6929,size_in_bytes,lib/ocaml/compiler-libs/flambda2_classic_mode_types__Value_approximation.cms,20394
2026-08-26T20:15:32Z,712f87f035c6cfe581ffb290d71707e9bca5b59b,6929,size_in_bytes,lib/ocaml/compiler-libs/flambda2_nominal__Name_occurrences.cms,138011
2026-08-26T20:15:32Z,712f87f035c6cfe581ffb290d71707e9bca5b59b,6929,size_in_bytes,lib/ocaml/compiler-libs/flambda2_numbers.cms,11627
2026-08-26T20:15:32Z,712f87f035c6cfe581ffb290d71707e9bca5b59b,6929,size_in_bytes,lib/ocaml/compiler-libs/flambda2_nominal__Permutation.cms,25134
2026-08-26T20:15:32Z,712f87f035c6cfe581ffb290d71707e9bca5b59b,6929,size_in_bytes,lib/ocaml/compiler-libs/flambda2_simplify__Simplify_primitive.cms,41955
2026-08-26T20:15:32Z,712f87f035c6cfe581ffb290d71707e9bca5b59b,6929,size_in_bytes,lib/ocaml/compiler-libs/flambda2_simplify__Simplify_rec_info_expr.cms,28094
2026-08-26T20:15:32Z,712f87f035c6cfe581ffb290d71707e9bca5b59b,6929,size_in_bytes,lib/ocaml/compiler-libs/flambda2_kinds__Flambda_kind.cms,207868
2026-08-26T20:15:32Z,712f87f035c6cfe581ffb290d71707e9bca5b59b,6929,size_in_bytes,lib/ocaml/compiler-libs/flambda2_numbers__Target_ocaml_int.cms,104043
2026-08-26T20:15:32Z,712f87f035c6cfe581ffb290d71707e9bca5b59b,6929,size_in_bytes,lib/ocaml/compiler-libs/flambda2_datalog__Datalog_imports.cms,15375
2026-08-26T20:15:32Z,712f87f035c6cfe581ffb290d71707e9bca5b59b,6929,size_in_bytes,lib/ocaml/compiler-libs/flambda2_floats.cms,10139
2026-08-26T20:15:32Z,712f87f035c6cfe581ffb290d71707e9bca5b59b,6929,size_in_bytes,lib/ocaml/compiler-libs/flambda2_terms__Recursive.cms,12847
2026-08-26T20:15:32Z,712f87f035c6cfe581ffb290d71707e9bca5b59b,6929,size_in_bytes,lib/ocaml/compiler-libs/flambda2_simplify__Simplify_expr.cms,29301
2026-08-26T20:15:32Z,712f87f035c6cfe581ffb290d71707e9bca5b59b,6929,size_in_bytes,lib/ocaml/compiler-libs/flambda2_types__Reify.cms,89821
2026-08-26T20:15:32Z,712f87f035c6cfe581ffb290d71707e9bca5b59b,6929,size_in_bytes,lib/ocaml/compiler-libs/flambda2_simplify_shared__Are_rebuilding_terms.cms,12815
2026-08-26T20:15:32Z,712f87f035c6cfe581ffb290d71707e9bca5b59b,6929,size_in_bytes,lib/ocaml/compiler-libs/flambda2_compare.cms,10137
2026-08-26T20:15:32Z,712f87f035c6cfe581ffb290d71707e9bca5b59b,6929,size_in_bytes,lib/ocaml/compiler-libs/flambda2_kinds__Flambda_arity.cms,34106
2026-08-26T20:15:32Z,712f87f035c6cfe581ffb290d71707e9bca5b59b,6929,size_in_bytes,lib/ocaml/compiler-libs/flambda2_nominal__Bindable.cms,14335
2026-08-26T20:15:32Z,712f87f035c6cfe581ffb290d71707e9bca5b59b,6929,size_in_bytes,lib/ocaml/compiler-libs/flambda2_parser.cms,13451
2026-08-26T20:15:32Z,712f87f035c6cfe581ffb290d71707e9bca5b59b,6929,size_in_bytes,lib/ocaml/compiler-libs/flambda2_simplify_shared.cms,12312
2026-08-26T20:15:32Z,712f87f035c6cfe581ffb290d71707e9bca5b59b,6929,size_in_bytes,lib/ocaml/compiler-libs/flambda2_simplify_shared__Call_site_inlining_decision_type.cms,49336
2026-08-26T20:15:32Z,712f87f035c6cfe581ffb290d71707e9bca5b59b,6929,size_in_bytes,lib/ocaml/compiler-libs/flambda2_datalog__Trie.cms,34270
2026-08-26T20:15:32Z,712f87f035c6cfe581ffb290d71707e9bca5b59b,6929,size_in_bytes,lib/ocaml/compiler-libs/flambda2_terms__Flambda.cms,231667
2026-08-26T20:15:32Z,712f87f035c6cfe581ffb290d71707e9bca5b59b,6929,size_in_bytes,lib/ocaml/compiler-libs/flambda2_numbers__Numeric_types.cms,87265
2026-08-26T20:15:32Z,712f87f035c6cfe581ffb290d71707e9bca5b59b,6929,size_in_bytes,lib/ocaml/compiler-libs/flambda2_term_basics__Tag_and_size.cms,12612
2026-08-26T20:15:32Z,712f87f035c6cfe581ffb290d71707e9bca5b59b,6929,size_in_bytes,lib/ocaml/compiler-libs/flambda2_simplify__Common_subexpression_elimination.cms,65602
2026-08-26T20:15:32Z,712f87f035c6cfe581ffb290d71707e9bca5b59b,6929,size_in_bytes,lib/ocaml/compiler-libs/flambda2_simplify__Simplify_quaternary_primitive.cms,20026
2026-08-26T20:15:32Z,712f87f035c6cfe581ffb290d71707e9bca5b59b,6929,size_in_bytes,lib/ocaml/compiler-libs/flambda2_simplify__Upwards_acc.cms,33313
2026-08-26T20:15:32Z,712f87f035c6cfe581ffb290d71707e9bca5b59b,6929,size_in_bytes,lib/ocaml/compiler-libs/flambda2_types__Join_env.cms,274786
2026-08-26T20:15:32Z,712f87f035c6cfe581ffb290d71707e9bca5b59b,6929,size_in_bytes,lib/ocaml/compiler-libs/flambda2_identifiers__Function_slot.cms,12319
2026-08-26T20:15:32Z,712f87f035c6cfe581ffb290d71707e9bca5b59b,6929,size_in_bytes,lib/ocaml/compiler-libs/flambda2_reaper__Rev_expr.cms,19390
2026-08-26T20:15:32Z,712f87f035c6cfe581ffb290d71707e9bca5b59b,6929,size_in_bytes,lib/ocaml/compiler-libs/flambda2_types__Join_levels_old.cms,43962
2026-08-26T20:15:32Z,712f87f035c6cfe581ffb290d71707e9bca5b59b,6929,size_in_bytes,lib/ocaml/compiler-libs/flambda2_bound_identifiers__Bound_name.cms,15626
2026-08-26T20:15:32Z,712f87f035c6cfe581ffb290d71707e9bca5b59b,6929,size_in_bytes,lib/ocaml/compiler-libs/flambda2_datalog__Value.cms,14048
2026-08-26T20:15:32Z,712f87f035c6cfe581ffb290d71707e9bca5b59b,6929,size_in_bytes,lib/ocaml/compiler-libs/flambda2_cmx__Flambda_cmx_format.cms,35934
2026-08-26T20:15:32Z,712f87f035c6cfe581ffb290d71707e9bca5b59b,6929,size_in_bytes,lib/ocaml/compiler-libs/flambda2_reaper__Analysis.cms,19015
2026-08-26T20:15:32Z,712f87f035c6cfe581ffb290d71707e9bca5b59b,6929,size_in_bytes,lib/ocaml/compiler-libs/flambda2_terms__Poll_attribute.cms,13465
2026-08-26T20:15:32Z,712f87f035c6cfe581ffb290d71707e9bca5b59b,6929,size_in_bytes,lib/ocaml/compiler-libs/flambda2_identifiers__Continuation_callsite_map.cms,14424
2026-08-26T20:15:32Z,712f87f035c6cfe581ffb290d71707e9bca5b59b,6929,size_in_bytes,lib/ocaml/compiler-libs/flambda2_parser__Flambda_parser_messages.cms,10584
2026-08-26T20:15:32Z,712f87f035c6cfe581ffb290d71707e9bca5b59b,6929,size_in_bytes,lib/ocaml/compiler-libs/flambda2_simplify__Is_unboxing_beneficial.cms,21430
2026-08-26T20:15:32Z,712f87f035c6cfe581ffb290d71707e9bca5b59b,6929,size_in_bytes,lib/ocaml/compiler-libs/flambda2_simplify__Expr_builder.cms,96813
2026-08-26T20:15:32Z,712f87f035c6cfe581ffb290d71707e9bca5b59b,6929,size_in_bytes,lib/ocaml/compiler-libs/flambda2_types__Type_grammar.cms,664834
2026-08-26T20:15:32Z,712f87f035c6cfe581ffb290d71707e9bca5b59b,6929,size_in_bytes,lib/ocaml/compiler-libs/flambda2_reaper__Rebuild.cms,340396
2026-08-26T20:15:32Z,712f87f035c6cfe581ffb290d71707e9bca5b59b,6929,size_in_bytes,lib/ocaml/compiler-libs/flambda2_terms__Flambda_unit.cms,19469
2026-08-26T20:15:32Z,712f87f035c6cfe581ffb290d71707e9bca5b59b,6929,size_in_bytes,lib/ocaml/compiler-libs/flambda2_from_lambda.cms,12324
2026-08-26T20:15:32Z,712f87f035c6cfe581ffb290d71707e9bca5b59b,6929,size_in_bytes,lib/ocaml/compiler-libs/flambda2_term_basics__Symbol_projection.cms,27956
2026-08-26T20:15:32Z,712f87f035c6cfe581ffb290d71707e9bca5b59b,6929,size_in_bytes,lib/ocaml/compiler-libs/flambda2_simplify__Named_rewrite.cms,15388
2026-08-26T20:15:32Z,712f87f035c6cfe581ffb290d71707e9bca5b59b,6929,size_in_bytes,lib/ocaml/compiler-libs/flambda2_to_cmm__To_cmm_primitive.cms,292776
2026-08-26T20:15:32Z,712f87f035c6cfe581ffb290d71707e9bca5b59b,6929,size_in_bytes,lib/ocaml/compiler-libs/flambda2_terms__Code_size.cms,74599
2026-08-26T20:15:32Z,712f87f035c6cfe581ffb290d71707e9bca5b59b,6929,size_in_bytes,lib/ocaml/compiler-libs/flambda2_simplify__Simplify_named.cms,47212
2026-08-26T20:15:32Z,712f87f035c6cfe581ffb290d71707e9bca5b59b,6929,size_in_bytes,lib/ocaml/compiler-libs/flambda2_to_cmm.cms,12466
2026-08-26T20:15:32Z,712f87f035c6cfe581ffb290d71707e9bca5b59b,6929,size_in_bytes,lib/ocaml/compiler-libs/flambda2_term_basics__Or_variable.cms,15254
2026-08-26T20:15:32Z,712f87f035c6cfe581ffb290d71707e9bca5b59b,6929,size_in_bytes,lib/ocaml/compiler-libs/flambda2_parser__Flambda_lex.cms,40615
2026-08-26T20:15:32Z,712f87f035c6cfe581ffb290d71707e9bca5b59b,6929,size_in_bytes,lib/ocaml/compiler-libs/flambda2_parser__Fexpr_to_flambda_commons.cms,42451
2026-08-26T20:15:32Z,712f87f035c6cfe581ffb290d71707e9bca5b59b,6929,size_in_bytes,lib/ocaml/compiler-libs/flambda2_types__With_cached_free_names.cms,17450
2026-08-26T20:15:32Z,712f87f035c6cfe581ffb290d71707e9bca5b59b,6929,size_in_bytes,lib/ocaml/compiler-libs/flambda2_bound_identifiers__Bound_for_function.cms,36134
2026-08-26T20:15:32Z,712f87f035c6cfe581ffb290d71707e9bca5b59b,6929,size_in_bytes,lib/ocaml/compiler-libs/flambda2_terms__Switch_expr.cms,26059
2026-08-26T20:15:32Z,712f87f035c6cfe581ffb290d71707e9bca5b59b,6929,size_in_bytes,lib/ocaml/compiler-libs/flambda2_types__Traversals.cms,212677
2026-08-26T20:15:32Z,712f87f035c6cfe581ffb290d71707e9bca5b59b,6929,size_in_bytes,lib/ocaml/compiler-libs/flambda2_reaper__Reaper.cms,18043
2026-08-26T20:15:32Z,712f87f035c6cfe581ffb290d71707e9bca5b59b,6929,size_in_bytes,lib/ocaml/compiler-libs/flambda2_identifiers__Symbol.cms,13653
2026-08-26T20:15:32Z,712f87f035c6cfe581ffb290d71707e9bca5b59b,6929,size_in_bytes,lib/ocaml/compiler-libs/flambda2_terms__Inlining_state.cms,18213
2026-08-26T20:15:32Z,712f87f035c6cfe581ffb290d71707e9bca5b59b,6929,size_in_bytes,lib/ocaml/compiler-libs/flambda2_simplify__Original_handlers.cms,22158
2026-08-26T20:15:32Z,712f87f035c6cfe581ffb290d71707e9bca5b59b,6929,size_in_bytes,lib/ocaml/compiler-libs/flambda2_simplify__Unbox_continuation_params.cms,30457
2026-08-26T20:15:32Z,712f87f035c6cfe581ffb290d71707e9bca5b59b,6929,size_in_bytes,lib/ocaml/compiler-libs/flambda2_nominal__Ids_for_export.cms,24786
2026-08-26T20:15:32Z,712f87f035c6cfe581ffb290d71707e9bca5b59b,6929,size_in_bytes,lib/ocaml/compiler-libs/flambda2_simplify__Non_constructed_code.cms,14734
2026-08-26T20:15:32Z,712f87f035c6cfe581ffb290d71707e9bca5b59b,6929,size_in_bytes,lib/ocaml/compiler-libs/flambda2_simplify__Continuation_uses_env_intf.cms,13816
2026-08-26T20:15:32Z,712f87f035c6cfe581ffb290d71707e9bca5b59b,6929,size_in_bytes,lib/ocaml/compiler-libs/flambda2_terms__Effects_and_coeffects.cms,16480
2026-08-26T20:15:32Z,712f87f035c6cfe581ffb290d71707e9bca5b59b,6929,size_in_bytes,lib/ocaml/compiler-libs/flambda2_simplify__Simplify_ternary_primitive.cms,23376
2026-08-26T20:15:32Z,712f87f035c6cfe581ffb290d71707e9bca5b59b,6929,size_in_bytes,lib/ocaml/compiler-libs/flambda2_simplify_shared__Exported_offsets.cms,31519
2026-08-26T20:15:32Z,712f87f035c6cfe581ffb290d71707e9bca5b59b,6929,size_in_bytes,lib/ocaml/compiler-libs/flambda2_identifiers__Code_id.cms,12104
2026-08-26T20:15:32Z,712f87f035c6cfe581ffb290d71707e9bca5b59b,6929,size_in_bytes,lib/ocaml/compiler-libs/flambda2_numbers__Targetint_32_64.cms,73337
2026-08-26T20:15:32Z,712f87f035c6cfe581ffb290d71707e9bca5b59b,6929,size_in_bytes,lib/ocaml/compiler-libs/flambda2_simplify__One_continuation_use.cms,16514
2026-08-26T20:15:32Z,712f87f035c6cfe581ffb290d71707e9bca5b59b,6929,size_in_bytes,lib/ocaml/compiler-libs/flambda2_identifiers__Rec_info_expr0.cms,34465
2026-08-26T20:15:32Z,712f87f035c6cfe581ffb290d71707e9bca5b59b,6929,size_in_bytes,lib/ocaml/compiler-libs/flambda2_simplify.cms,35221
2026-08-26T20:15:32Z,712f87f035c6cfe581ffb290d71707e9bca5b59b,6929,size_in_bytes,lib/ocaml/compiler-libs/flambda2_terms__Trap_action.cms,23372
2026-08-26T20:15:32Z,712f87f035c6cfe581ffb290d71707e9bca5b59b,6929,size_in_bytes,lib/ocaml/compiler-libs/flambda2_simplify__Simplify.cms,22231
2026-08-26T20:15:32Z,712f87f035c6cfe581ffb290d71707e9bca5b59b,6929,size_in_bytes,lib/ocaml/compiler-libs/flambda2_identifiers__Code_id_or_name.cms,12529
2026-08-26T20:15:32Z,712f87f035c6cfe581ffb290d71707e9bca5b59b,6929,size_in_bytes,lib/ocaml/compiler-libs/flambda2_identifiers__Slot.cms,30805
2026-08-26T20:15:32Z,712f87f035c6cfe581ffb290d71707e9bca5b59b,6929,size_in_bytes,lib/ocaml/compiler-libs/flambda2_reaper__Types_rewriter.cms,165505
2026-08-26T20:15:32Z,712f87f035c6cfe581ffb290d71707e9bca5b59b,6929,size_in_bytes,lib/ocaml/compiler-libs/flambda2_terms__Cost_metrics.cms,22317
2026-08-26T20:15:32Z,712f87f035c6cfe581ffb290d71707e9bca5b59b,6929,size_in_bytes,lib/ocaml/compiler-libs/flambda2_term_basics__Value_slot_set.cms,20136
2026-08-26T20:15:32Z,712f87f035c6cfe581ffb290d71707e9bca5b59b,6929,size_in_bytes,lib/ocaml/compiler-libs/flambda2_term_basics__Unit.cms,19024
2026-08-26T20:15:32Z,712f87f035c6cfe581ffb290d71707e9bca5b59b,6929,size_in_bytes,lib/ocaml/compiler-libs/flambda2_terms__Probe.cms,12723
2026-08-26T20:15:32Z,712f87f035c6cfe581ffb290d71707e9bca5b59b,6929,size_in_bytes,lib/ocaml/compiler-libs/flambda2_ui__Flambda_colours.cms,20687
2026-08-26T20:15:32Z,712f87f035c6cfe581ffb290d71707e9bca5b59b,6929,size_in_bytes,lib/ocaml/compiler-libs/flambda2_identifiers__Apply_cont_rewrite_id.cms,18224
2026-08-26T20:15:32Z,712f87f035c6cfe581ffb290d71707e9bca5b59b,6929,size_in_bytes,lib/ocaml/compiler-libs/flambda2_nominal__Name_mode.cms,33932
2026-08-26T20:15:32Z,712f87f035c6cfe581ffb290d71707e9bca5b59b,6929,size_in_bytes,lib/ocaml/compiler-libs/flambda2_simplify_shared__Function_decl_inlining_decision.cms,18859
2026-08-26T20:15:32Z,712f87f035c6cfe581ffb290d71707e9bca5b59b,6929,size_in_bytes,lib/ocaml/compiler-libs/flambda2_term_basics__Inlined_debuginfo.cms,23339
2026-08-26T20:15:32Z,712f87f035c6cfe581ffb290d71707e9bca5b59b,6929,size_in_bytes,lib/ocaml/compiler-libs/flambda2_simplify__Replay_history.cms,37573
2026-08-26T20:15:32Z,712f87f035c6cfe581ffb290d71707e9bca5b59b,6929,size_in_bytes,lib/ocaml/compiler-libs/flambda2_terms__Mutability.cms,15688
2026-08-26T20:15:32Z,712f87f035c6cfe581ffb290d71707e9bca5b59b,6929,size_in_bytes,lib/ocaml/compiler-libs/flambda2_algorithms__Container_types_intf.cms,39526
2026-08-26T20:15:32Z,712f87f035c6cfe581ffb290d71707e9bca5b59b,6929,size_in_bytes,lib/ocaml/compiler-libs/flambda2_lattices__Or_unknown.cms,26291
2026-08-26T20:15:32Z,712f87f035c6cfe581ffb290d71707e9bca5b59b,6929,size_in_bytes,lib/ocaml/compiler-libs/flambda2_algorithms__Table_by_int_id.cms,22517
2026-08-26T20:15:32Z,712f87f035c6cfe581ffb290d71707e9bca5b59b,6929,size_in_bytes,lib/ocaml/compiler-libs/flambda2_datalog__Heterogenous_list.cms,12898
2026-08-26T20:15:32Z,712f87f035c6cfe581ffb290d71707e9bca5b59b,6929,size_in_bytes,lib/ocaml/compiler-libs/flambda2_simplify__Lifted_constant.cms,49928
2026-08-26T20:15:32Z,712f87f035c6cfe581ffb290d71707e9bca5b59b,6929,size_in_bytes,lib/ocaml/compiler-libs/flambda2_simplify__Simplify_set_of_closures_context.cms,45615
2026-08-26T20:15:32Z,712f87f035c6cfe581ffb290d71707e9bca5b59b,6929,size_in_bytes,lib/ocaml/compiler-libs/flambda2_reaper__Rebuilt_expr.cms,23403
2026-08-26T20:15:32Z,712f87f035c6cfe581ffb290d71707e9bca5b59b,6929,size_in_bytes,lib/ocaml/compiler-libs/flambda2_simplify__Simplify_set_of_closures.cms,150622
2026-08-26T20:15:32Z,712f87f035c6cfe581ffb290d71707e9bca5b59b,6929,size_in_bytes,lib/ocaml/compiler-libs/flambda2_simplify__Unboxing_types.cms,40628
2026-08-26T20:15:32Z,712f87f035c6cfe581ffb290d71707e9bca5b59b,6929,size_in_bytes,lib/ocaml/compiler-libs/flambda2_terms__Loopify_attribute.cms,14964
2026-08-26T20:15:32Z,712f87f035c6cfe581ffb290d71707e9bca5b59b,6929,size_in_bytes,lib/ocaml/compiler-libs/flambda2_simplify__Simplify_variadic_primitive.cms,33044
2026-08-26T20:15:32Z,712f87f035c6cfe581ffb290d71707e9bca5b59b,6929,size_in_bytes,lib/ocaml/compiler-libs/flambda2_simplify__Dominator_graph.cms,52176
2026-08-26T20:15:32Z,712f87f035c6cfe581ffb290d71707e9bca5b59b,6929,size_in_bytes,lib/ocaml/compiler-libs/flambda2_simplify__Simplify_simple.cms,17474
2026-08-26T20:15:32Z,712f87f035c6cfe581ffb290d71707e9bca5b59b,6929,size_in_bytes,lib/ocaml/compiler-libs/flambda2_term_basics__Coercion.cms,16451
2026-08-26T20:15:32Z,712f87f035c6cfe581ffb290d71707e9bca5b59b,6929,size_in_bytes,lib/ocaml/compiler-libs/flambda2_to_cmm__To_cmm_shared.cms,85207
2026-08-26T20:15:32Z,712f87f035c6cfe581ffb290d71707e9bca5b59b,6929,size_in_bytes,lib/ocaml/compiler-libs/flambda2_types__Expand_head.cms,176520
2026-08-26T20:15:32Z,712f87f035c6cfe581ffb290d71707e9bca5b59b,6929,size_in_bytes,lib/ocaml/compiler-libs/flambda2_types__Equal_types_for_debug.cms,91601
2026-08-26T20:15:32Z,712f87f035c6cfe581ffb290d71707e9bca5b59b,6929,size_in_bytes,lib/ocaml/compiler-libs/flambda2_simplify__Are_lifting_conts.cms,19393
2026-08-26T20:15:32Z,712f87f035c6cfe581ffb290d71707e9bca5b59b,6929,size_in_bytes,lib/ocaml/compiler-libs/flambda2_types__Type_descr.cms,38231
2026-08-26T20:15:32Z,712f87f035c6cfe581ffb290d71707e9bca5b59b,6929,size_in_bytes,lib/ocaml/compiler-libs/flambda2_terms__Function_declarations.cms,24618
2026-08-26T20:15:32Z,712f87f035c6cfe581ffb290d71707e9bca5b59b,6929,size_in_bytes,lib/ocaml/compiler-libs/flambda2_term_basics__Continuation_use_kind.cms,11824
2026-08-26T20:15:32Z,712f87f035c6cfe581ffb290d71707e9bca5b59b,6929,size_in_bytes,lib/ocaml/compiler-libs/flambda2_datalog__Schedule.cms,80790
2026-08-26T20:15:32Z,712f87f035c6cfe581ffb290d71707e9bca5b59b,6929,size_in_bytes,lib/ocaml/compiler-libs/flambda2_bound_identifiers__Bound_parameters.cms,24053
2026-08-26T20:15:32Z,712f87f035c6cfe581ffb290d71707e9bca5b59b,6929,size_in_bytes,lib/ocaml/compiler-libs/flambda2_to_jsir.cms,11969
2026-08-26T20:15:32Z,712f87f035c6cfe581ffb290d71707e9bca5b59b,6929,size_in_bytes,lib/ocaml/compiler-libs/flambda2_reaper__Cofield.cms,13162
2026-08-26T20:15:32Z,712f87f035c6cfe581ffb290d71707e9bca5b59b,6929,size_in_bytes,lib/ocaml/compiler-libs/flambda2_types.cms,43063
2026-08-26T20:15:32Z,712f87f035c6cfe581ffb290d71707e9bca5b59b,6929,size_in_bytes,lib/ocaml/compiler-libs/flambda2_to_jsir__To_jsir_shared.cms,27263
2026-08-26T20:15:32Z,712f87f035c6cfe581ffb290d71707e9bca5b59b,6929,size_in_bytes,lib/ocaml/compiler-libs/flambda2_simplify__Downwards_acc.cms,54990
2026-08-26T20:15:32Z,712f87f035c6cfe581ffb290d71707e9bca5b59b,6929,size_in_bytes,lib/ocaml/compiler-libs/flambda2_identifiers__Code_id_or_symbol.cms,11798
2026-08-26T20:15:32Z,712f87f035c6cfe581ffb290d71707e9bca5b59b,6929,size_in_bytes,lib/ocaml/compiler-libs/flambda2_to_jsir__To_jsir_set_of_closures.cms,20729
2026-08-26T20:15:32Z,712f87f035c6cfe581ffb290d71707e9bca5b59b,6929,size_in_bytes,lib/ocaml/compiler-libs/flambda2_datalog__.cms,12858
2026-08-26T20:15:32Z,712f87f035c6cfe581ffb290d71707e9bca5b59b,6929,size_in_bytes,lib/ocaml/compiler-libs/flambda2_simplify__Simplify_named_result.cms,15803
2026-08-26T20:15:32Z,712f87f035c6cfe581ffb290d71707e9bca5b59b,6929,size_in_bytes,lib/ocaml/compiler-libs/flambda2_cmx.cms,10705
2026-08-26T20:15:32Z,712f87f035c6cfe581ffb290d71707e9bca5b59b,6929,size_in_bytes,lib/ocaml/compiler-libs/flambda2_reaper__Field.cms,38454
2026-08-26T20:15:32Z,712f87f035c6cfe581ffb290d71707e9bca5b59b,6929,size_in_bytes,lib/ocaml/compiler-libs/flambda2_simplify__Inlining_transforms.cms,30032
2026-08-26T20:15:32Z,712f87f035c6cfe581ffb290d71707e9bca5b59b,6929,size_in_bytes,lib/ocaml/compiler-libs/flambda2_simplify_shared__Inlining_report.cms,94527
2026-08-26T20:15:32Z,712f87f035c6cfe581ffb290d71707e9bca5b59b,6929,size_in_bytes,lib/ocaml/compiler-libs/flambda2_to_jsir__To_jsir_static_const.cms,47894
2026-08-26T20:15:32Z,712f87f035c6cfe581ffb290d71707e9bca5b59b,6929,size_in_bytes,lib/ocaml/compiler-libs/flambda2_parser__Flambda_parser.cms,2270059
2026-08-26T20:15:32Z,712f87f035c6cfe581ffb290d71707e9bca5b59b,6929,size_in_bytes,lib/ocaml/compiler-libs/flambda2_terms__Regalloc_attribute.cms,13852
2026-08-26T20:15:32Z,712f87f035c6cfe581ffb290d71707e9bca5b59b,6929,size_in_bytes,lib/ocaml/compiler-libs/flambda2_from_lambda__Lambda_to_flambda.cms,244871
2026-08-26T20:15:32Z,712f87f035c6cfe581ffb290d71707e9bca5b59b,6929,size_in_bytes,lib/ocaml/compiler-libs/flambda2_nominal__Num_occurrences.cms,12860
2026-08-26T20:15:32Z,712f87f035c6cfe581ffb290d71707e9bca5b59b,6929,size_in_bytes,lib/ocaml/compiler-libs/flambda2_simplify__Continuation_shortcut.cms,18420
2026-08-26T20:15:32Z,712f87f035c6cfe581ffb290d71707e9bca5b59b,6929,size_in_bytes,lib/ocaml/compiler-libs/flambda2_algorithms__Leapfrog.cms,28519
2026-08-26T20:15:32Z,712f87f035c6cfe581ffb290d71707e9bca5b59b,6929,size_in_bytes,lib/ocaml/compiler-libs/flambda2_terms__Flambda_primitive.cms,504045
2026-08-26T20:15:32Z,712f87f035c6cfe581ffb290d71707e9bca5b59b,6929,size_in_bytes,lib/ocaml/compiler-libs/flambda2_from_lambda__Lambda_to_lambda_transforms.cms,193333
2026-08-26T20:15:32Z,712f87f035c6cfe581ffb290d71707e9bca5b59b,6929,size_in_bytes,lib/ocaml/compiler-libs/flambda2_types__Meet.cms,16674
2026-08-26T20:15:32Z,712f87f035c6cfe581ffb290d71707e9bca5b59b,6929,size_in_bytes,lib/ocaml/compiler-libs/flambda2_simplify__Rebuilt_static_const.cms,69591
2026-08-26T20:15:32Z,712f87f035c6cfe581ffb290d71707e9bca5b59b,6929,size_in_bytes,lib/ocaml/compiler-libs/flambda2_simplify__Flow_types.cms,61909
2026-08-26T20:15:32Z,712f87f035c6cfe581ffb290d71707e9bca5b59b,6929,size_in_bytes,lib/ocaml/stdlib_beta/stdlib_beta.cms,11291
2026-08-26T20:15:32Z,712f87f035c6cfe581ffb290d71707e9bca5b59b,6929,size_in_bytes,lib/ocaml/stdlib_alpha/stdlib_alpha.cms,11294
2026-08-26T20:15:32Z,712f87f035c6cfe581ffb290d71707e9bca5b59b,6929,size_in_bytes,lib/ocaml/stdlib_upstream_compatible/stdlib_upstream_compatible__.cms,11351
2026-08-26T20:15:32Z,712f87f035c6cfe581ffb290d71707e9bca5b59b,6929,size_in_bytes,lib/ocaml/stdlib_upstream_compatible/stdlib_upstream_compatible__Float_u.cms,35841
2026-08-26T20:15:32Z,712f87f035c6cfe581ffb290d71707e9bca5b59b,6929,size_in_bytes,lib/ocaml/stdlib_upstream_compatible/stdlib_upstream_compatible__Int32_u.cms,23644
2026-08-26T20:15:32Z,712f87f035c6cfe581ffb290d71707e9bca5b59b,6929,size_in_bytes,lib/ocaml/stdlib_upstream_compatible/stdlib_upstream_compatible__Int64_u.cms,27129
2026-08-26T20:15:32Z,712f87f035c6cfe581ffb290d71707e9bca5b59b,6929,size_in_bytes,lib/ocaml/stdlib_upstream_compatible/stdlib_upstream_compatible__Nativeint_u.cms,25305
2026-08-26T20:15:32Z,712f87f035c6cfe581ffb290d71707e9bca5b59b,6929,size_in_bytes,lib/ocaml/stdlib_upstream_compatible/stdlib_upstream_compatible.cms,8431
2026-08-26T20:15:32Z,712f87f035c6cfe581ffb290d71707e9bca5b59b,6929,size_in_bytes,lib/ocaml/stdlib_stable/stdlib_stable__Idx_mut.cms,12631
2026-08-26T20:15:32Z,712f87f035c6cfe581ffb290d71707e9bca5b59b,6929,size_in_bytes,lib/ocaml/stdlib_stable/stdlib_stable__Idx_atomic.cms,11493
2026-08-26T20:15:32Z,712f87f035c6cfe581ffb290d71707e9bca5b59b,6929,size_in_bytes,lib/ocaml/stdlib_stable/stdlib_stable__Int8.cms,16539
2026-08-26T20:15:32Z,712f87f035c6cfe581ffb290d71707e9bca5b59b,6929,size_in_bytes,lib/ocaml/stdlib_stable/stdlib_stable__Or_null.cms,14176
2026-08-26T20:15:32Z,712f87f035c6cfe581ffb290d71707e9bca5b59b,6929,size_in_bytes,lib/ocaml/stdlib_stable/stdlib_stable__Int_u.cms,18386
2026-08-26T20:15:32Z,712f87f035c6cfe581ffb290d71707e9bca5b59b,6929,size_in_bytes,lib/ocaml/stdlib_stable/stdlib_stable__Float32_u.cms,57779
2026-08-26T20:15:32Z,712f87f035c6cfe581ffb290d71707e9bca5b59b,6929,size_in_bytes,lib/ocaml/stdlib_stable/stdlib_stable__Idx_imm.cms,12504
2026-08-26T20:15:32Z,712f87f035c6cfe581ffb290d71707e9bca5b59b,6929,size_in_bytes,lib/ocaml/stdlib_stable/stdlib_stable__IarrayLabels.cms,88777
2026-08-26T20:15:32Z,712f87f035c6cfe581ffb290d71707e9bca5b59b,6929,size_in_bytes,lib/ocaml/stdlib_stable/stdlib_stable__Float32.cms,46973
2026-08-26T20:15:32Z,712f87f035c6cfe581ffb290d71707e9bca5b59b,6929,size_in_bytes,lib/ocaml/stdlib_stable/stdlib_stable__Int.cms,18171
2026-08-26T20:15:32Z,712f87f035c6cfe581ffb290d71707e9bca5b59b,6929,size_in_bytes,lib/ocaml/stdlib_stable/stdlib_stable.cms,11704
2026-08-26T20:15:32Z,712f87f035c6cfe581ffb290d71707e9bca5b59b,6929,size_in_bytes,lib/ocaml/stdlib_stable/stdlib_stable__.cms,13969
2026-08-26T20:15:32Z,712f87f035c6cfe581ffb290d71707e9bca5b59b,6929,size_in_bytes,lib/ocaml/stdlib_stable/stdlib_stable__Iarray.cms,12785
2026-08-26T20:15:32Z,712f87f035c6cfe581ffb290d71707e9bca5b59b,6929,size_in_bytes,lib/ocaml/stdlib_stable/stdlib_stable__Int16.cms,16540
2026-08-26T20:15:32Z,712f87f035c6cfe581ffb290d71707e9bca5b59b,6929,size_in_bytes,lib/ocaml/stdlib_stable/stdlib_stable__Int8_u.cms,17034
2026-08-26T20:15:32Z,712f87f035c6cfe581ffb290d71707e9bca5b59b,6929,size_in_bytes,lib/ocaml/stdlib_stable/stdlib_stable__Char_u.cms,14498
2026-08-26T20:15:32Z,712f87f035c6cfe581ffb290d71707e9bca5b59b,6929,size_in_bytes,lib/ocaml/stdlib_stable/stdlib_stable__Int16_u.cms,17029
2026-08-26T20:15:32Z,712f87f035c6cfe581ffb290d71707e9bca5b59b,6929,size_in_bytes,lib/ocaml/stdlib__Set.cmsi,38841
2026-08-26T20:15:32Z,712f87f035c6cfe581ffb290d71707e9bca5b59b,6929,size_in_bytes,lib/ocaml/stdlib__Float.cmsi,112575
2026-08-26T20:15:32Z,712f87f035c6cfe581ffb290d71707e9bca5b59b,6929,size_in_bytes,lib/ocaml/stdlib__Complex.cmsi,17164
2026-08-26T20:15:32Z,712f87f035c6cfe581ffb290d71707e9bca5b59b,6929,size_in_bytes,lib/ocaml/stdlib__Bool.cmsi,16732
2026-08-26T20:15:32Z,712f87f035c6cfe581ffb290d71707e9bca5b59b,6929,size_in_bytes,lib/ocaml/stdlib__StringLabels.cmsi,47095
2026-08-26T20:15:32Z,712f87f035c6cfe581ffb290d71707e9bca5b59b,6929,size_in_bytes,lib/ocaml/stdlib__String.cmsi,47062
2026-08-26T20:15:32Z,712f87f035c6cfe581ffb290d71707e9bca5b59b,6929,size_in_bytes,lib/ocaml/stdlib__Iarray.cmsi,33096
2026-08-26T20:15:32Z,712f87f035c6cfe581ffb290d71707e9bca5b59b,6929,size_in_bytes,lib/ocaml/stdlib__Result.cmsi,21687
2026-08-26T20:15:32Z,712f87f035c6cfe581ffb290d71707e9bca5b59b,6929,size_in_bytes,lib/ocaml/stdlib__Out_channel.cmsi,28697
2026-08-26T20:15:32Z,712f87f035c6cfe581ffb290d71707e9bca5b59b,6929,size_in_bytes,lib/ocaml/stdlib__Nativeint.cmsi,28282
2026-08-26T20:15:32Z,712f87f035c6cfe581ffb290d71707e9bca5b59b,6929,size_in_bytes,lib/ocaml/stdlib__Gc.cmsi,76034
2026-08-26T20:15:32Z,712f87f035c6cfe581ffb290d71707e9bca5b59b,6929,size_in_bytes,lib/ocaml/stdlib__Sys.cmsi,55102
2026-08-26T20:15:32Z,712f87f035c6cfe581ffb290d71707e9bca5b59b,6929,size_in_bytes,lib/ocaml/stdlib__Callback.cmsi,14737
2026-08-26T20:15:32Z,712f87f035c6cfe581ffb290d71707e9bca5b59b,6929,size_in_bytes,lib/ocaml/stdlib__Oo.cmsi,13785
2026-08-26T20:15:32Z,712f87f035c6cfe581ffb290d71707e9bca5b59b,6929,size_in_bytes,lib/ocaml/stdlib__Int64.cmsi,29733
2026-08-26T20:15:32Z,712f87f035c6cfe581ffb290d71707e9bca5b59b,6929,size_in_bytes,lib/ocaml/stdlib__Seq.cmsi,66023
2026-08-26T20:15:32Z,712f87f035c6cfe581ffb290d71707e9bca5b59b,6929,size_in_bytes,lib/ocaml/stdlib__ArrayLabels.cmsi,43261
2026-08-26T20:15:32Z,712f87f035c6cfe581ffb290d71707e9bca5b59b,6929,size_in_bytes,lib/ocaml/stdlib__Quote.cmsi,12988
2026-08-26T20:15:32Z,712f87f035c6cfe581ffb290d71707e9bca5b59b,6929,size_in_bytes,lib/ocaml/stdlib__Queue.cmsi,21581
2026-08-26T20:15:32Z,712f87f035c6cfe581ffb290d71707e9bca5b59b,6929,size_in_bytes,lib/ocaml/stdlib__Condition.cmsi,20789
2026-08-26T20:15:32Z,712f87f035c6cfe581ffb290d71707e9bca5b59b,6929,size_in_bytes,lib/ocaml/stdlib__Bigarray.cmsi,112502
2026-08-26T20:15:32Z,712f87f035c6cfe581ffb290d71707e9bca5b59b,6929,size_in_bytes,lib/ocaml/stdlib__Unit.cmsi,12692
2026-08-26T20:15:32Z,712f87f035c6cfe581ffb290d71707e9bca5b59b,6929,size_in_bytes,lib/ocaml/stdlib__Char.cmsi,25644
2026-08-26T20:15:32Z,712f87f035c6cfe581ffb290d71707e9bca5b59b,6929,size_in_bytes,lib/ocaml/stdlib__Mutex.cmsi,16190
2026-08-26T20:15:32Z,712f87f035c6cfe581ffb290d71707e9bca5b59b,6929,size_in_bytes,lib/ocaml/stdlib__Modes.cmsi,14209
2026-08-26T20:15:32Z,712f87f035c6cfe581ffb290d71707e9bca5b59b,6929,size_in_bytes,lib/ocaml/stdlib__Uchar.cmsi,23297
2026-08-26T20:15:32Z,712f87f035c6cfe581ffb290d71707e9bca5b59b,6929,size_in_bytes,lib/ocaml/stdlib__MoreLabels.cmsi,129757
2026-08-26T20:15:32Z,712f87f035c6cfe581ffb290d71707e9bca5b59b,6929,size_in_bytes,lib/ocaml/stdlib__Array.cmsi,43152
2026-08-26T20:15:32Z,712f87f035c6cfe581ffb290d71707e9bca5b59b,6929,size_in_bytes,lib/ocaml/stdlib__StdLabels.cmsi,12383
2026-08-26T20:15:32Z,712f87f035c6cfe581ffb290d71707e9bca5b59b,6929,size_in_bytes,lib/ocaml/camlinternalOO.cmsi,20510
2026-08-26T20:15:32Z,712f87f035c6cfe581ffb290d71707e9bca5b59b,6929,size_in_bytes,lib/ocaml/camlinternalAtomic.cmsi,10703
2026-08-26T20:15:32Z,712f87f035c6cfe581ffb290d71707e9bca5b59b,6929,size_in_bytes,lib/ocaml/camlinternalMod.cmsi,12448
2026-08-26T20:15:32Z,712f87f035c6cfe581ffb290d71707e9bca5b59b,6929,size_in_bytes,lib/ocaml/stdlib__Random.cmsi,32059
2026-08-26T20:15:32Z,712f87f035c6cfe581ffb290d71707e9bca5b59b,6929,size_in_bytes,lib/ocaml/camlinternalFormatBasics.cmsi,29182
2026-08-26T20:15:32Z,712f87f035c6cfe581ffb290d71707e9bca5b59b,6929,size_in_bytes,lib/ocaml/stdlib.cmsi,138691
2026-08-26T20:15:32Z,712f87f035c6cfe581ffb290d71707e9bca5b59b,6929,size_in_bytes,lib/ocaml/camlinternalComprehension.cmsi,14717
2026-08-26T20:15:32Z,712f87f035c6cfe581ffb290d71707e9bca5b59b,6929,size_in_bytes,lib/ocaml/stdlib__Bytes.cmsi,69281
2026-08-26T20:15:32Z,712f87f035c6cfe581ffb290d71707e9bca5b59b,6929,size_in_bytes,lib/ocaml/stdlib__Atomic.cmsi,24525
2026-08-26T20:15:32Z,712f87f035c6cfe581ffb290d71707e9bca5b59b,6929,size_in_bytes,lib/ocaml/camlinternalFormat.cmsi,17816
2026-08-26T20:15:32Z,712f87f035c6cfe581ffb290d71707e9bca5b59b,6929,size_in_bytes,lib/ocaml/stdlib__Marshal.cmsi,27122
2026-08-26T20:15:32Z,712f87f035c6cfe581ffb290d71707e9bca5b59b,6929,size_in_bytes,lib/ocaml/stdlib__Map.cmsi,43945
2026-08-26T20:15:32Z,712f87f035c6cfe581ffb290d71707e9bca5b59b,6929,size_in_bytes,lib/ocaml/stdlib__Ephemeron.cmsi,40409
2026-08-26T20:15:32Z,712f87f035c6cfe581ffb290d71707e9bca5b59b,6929,size_in_bytes,lib/ocaml/stdlib__Option.cmsi,16496
2026-08-26T20:15:32Z,712f87f035c6cfe581ffb290d71707e9bca5b59b,6929,size_in_bytes,lib/ocaml/stdlib__Filename.cmsi,30411
2026-08-26T20:15:32Z,712f87f035c6cfe581ffb290d71707e9bca5b59b,6929,size_in_bytes,lib/ocaml/stdlib__BytesLabels.cmsi,69343
2026-08-26T20:15:32Z,712f87f035c6cfe581ffb290d71707e9bca5b59b,6929,size_in_bytes,lib/ocaml/stdlib__Repr.cmsi,16623
2026-08-26T20:15:32Z,712f87f035c6cfe581ffb290d71707e9bca5b59b,6929,size_in_bytes,lib/ocaml/stdlib__Semaphore.cmsi,18935
2026-08-26T20:15:32Z,712f87f035c6cfe581ffb290d71707e9bca5b59b,6929,size_in_bytes,lib/ocaml/stdlib__Int.cmsi,21234
2026-08-26T20:15:32Z,712f87f035c6cfe581ffb290d71707e9bca5b59b,6929,size_in_bytes,lib/ocaml/stdlib__Either.cmsi,19827
2026-08-26T20:15:32Z,712f87f035c6cfe581ffb290d71707e9bca5b59b,6929,size_in_bytes,lib/ocaml/stdlib__Format.cmsi,128794
2026-08-26T20:15:32Z,712f87f035c6cfe581ffb290d71707e9bca5b59b,6929,size_in_bytes,lib/ocaml/stdlib__Pair.cmsi,14379
2026-08-26T20:15:32Z,712f87f035c6cfe581ffb290d71707e9bca5b59b,6929,size_in_bytes,lib/ocaml/stdlib__Buffer.cmsi,33881
2026-08-26T20:15:32Z,712f87f035c6cfe581ffb290d71707e9bca5b59b,6929,size_in_bytes,lib/ocaml/stdlib__ListLabels.cmsi,50505
2026-08-26T20:15:32Z,712f87f035c6cfe581ffb290d71707e9bca5b59b,6929,size_in_bytes,lib/ocaml/stdlib__Stack.cmsi,18006
2026-08-26T20:15:32Z,712f87f035c6cfe581ffb290d71707e9bca5b59b,6929,size_in_bytes,lib/ocaml/std_exit.cmsi,11648
2026-08-26T20:15:32Z,712f87f035c6cfe581ffb290d71707e9bca5b59b,6929,size_in_bytes,lib/ocaml/stdlib__Weak.cmsi,27196
2026-08-26T20:15:32Z,712f87f035c6cfe581ffb290d71707e9bca5b59b,6929,size_in_bytes,lib/ocaml/stdlib__Lexing.cmsi,26931
2026-08-26T20:15:32Z,712f87f035c6cfe581ffb290d71707e9bca5b59b,6929,size_in_bytes,lib/ocaml/stdlib__Pqueue.cmsi,33546
2026-08-26T20:15:32Z,712f87f035c6cfe581ffb290d71707e9bca5b59b,6929,size_in_bytes,lib/ocaml/stdlib__Lazy.cmsi,21384
2026-08-26T20:15:32Z,712f87f035c6cfe581ffb290d71707e9bca5b59b,6929,size_in_bytes,lib/ocaml/stdlib__Printexc.cmsi,43135
2026-08-26T20:15:32Z,712f87f035c6cfe581ffb290d71707e9bca5b59b,6929,size_in_bytes,lib/ocaml/stdlib__Printf.cmsi,29312
2026-08-26T20:15:32Z,712f87f035c6cfe581ffb290d71707e9bca5b59b,6929,size_in_bytes,lib/ocaml/stdlib__Dynarray.cmsi,58301
2026-08-26T20:15:32Z,712f87f035c6cfe581ffb290d71707e9bca5b59b,6929,size_in_bytes,lib/ocaml/stdlib__Arg.cmsi,34706
2026-08-26T20:15:32Z,712f87f035c6cfe581ffb290d71707e9bca5b59b,6929,size_in_bytes,lib/ocaml/stdlib__Obj.cmsi,23616
2026-08-26T20:15:32Z,712f87f035c6cfe581ffb290d71707e9bca5b59b,6929,size_in_bytes,lib/ocaml/camlinternalQuote.cmsi,60105
2026-08-26T20:15:32Z,712f87f035c6cfe581ffb290d71707e9bca5b59b,6929,size_in_bytes,lib/ocaml/stdlib__Parsing.cmsi,18526
2026-08-26T20:15:32Z,712f87f035c6cfe581ffb290d71707e9bca5b59b,6929,size_in_bytes,lib/ocaml/stdlib__Backoff.cmsi,14859
2026-08-26T20:15:32Z,712f87f035c6cfe581ffb290d71707e9bca5b59b,6929,size_in_bytes,lib/ocaml/stdlib__Digest.cmsi,25045
2026-08-26T20:15:32Z,712f87f035c6cfe581ffb290d71707e9bca5b59b,6929,size_in_bytes,lib/ocaml/stdlib__In_channel.cmsi,31607
2026-08-26T20:15:32Z,712f87f035c6cfe581ffb290d71707e9bca5b59b,6929,size_in_bytes,lib/ocaml/camlinternalLazy.cmsi,11892
2026-08-26T20:15:32Z,712f87f035c6cfe581ffb290d71707e9bca5b59b,6929,size_in_bytes,lib/ocaml/stdlib__Effect.cmsi,43678
2026-08-26T20:15:32Z,712f87f035c6cfe581ffb290d71707e9bca5b59b,6929,size_in_bytes,lib/ocaml/stdlib__Hashtbl.cmsi,60486
2026-08-26T20:15:32Z,712f87f035c6cfe581ffb290d71707e9bca5b59b,6929,size_in_bytes,lib/ocaml/stdlib__Int32.cmsi,27977
2026-08-26T20:15:32Z,712f87f035c6cfe581ffb290d71707e9bca5b59b,6929,size_in_bytes,lib/ocaml/stdlib__Type.cmsi,16898
2026-08-26T20:15:32Z,712f87f035c6cfe581ffb290d71707e9bca5b59b,6929,size_in_bytes,lib/ocaml/stdlib__List.cmsi,50423
2026-08-26T20:15:32Z,712f87f035c6cfe581ffb290d71707e9bca5b59b,6929,size_in_bytes,lib/ocaml/stdlib__Scanf.cmsi,47463
2026-08-26T20:15:32Z,712f87f035c6cfe581ffb290d71707e9bca5b59b,6929,size_in_bytes,lib/ocaml/stdlib__Fun.cmsi,21607
2026-08-26T20:15:32Z,712f87f035c6cfe581ffb290d71707e9bca5b59b,6929,size_in_bytes,lib/ocaml/stdlib__Domain.cmsi,35310
2026-08-26T20:15:32Z,712f87f035c6cfe581ffb290d71707e9bca5b59b,6929,size_in_bytes,lib/ocaml/compiler-libs/flambda2_bound_identifiers__Bound_static.cmsi,17012
2026-08-26T20:15:32Z,712f87f035c6cfe581ffb290d71707e9bca5b59b,6929,size_in_bytes,lib/ocaml/compiler-libs/flambda2_identifiers__Variable.cmsi,12718
2026-08-26T20:15:32Z,712f87f035c6cfe581ffb290d71707e9bca5b59b,6929,size_in_bytes,lib/ocaml/compiler-libs/flambda2_ui__Flambda_features.cmsi,19392
2026-08-26T20:15:32Z,712f87f035c6cfe581ffb290d71707e9bca5b59b,6929,size_in_bytes,lib/ocaml/compiler-libs/flambda2_simplify__Simplify_apply_cont_expr.cmsi,11998
2026-08-26T20:15:32Z,712f87f035c6cfe581ffb290d71707e9bca5b59b,6929,size_in_bytes,lib/ocaml/compiler-libs/flambda2_lattices__Or_unknown.cmsi,14510
2026-08-26T20:15:32Z,712f87f035c6cfe581ffb290d71707e9bca5b59b,6929,size_in_bytes,lib/ocaml/compiler-libs/flambda2_simplify__Simplify_ternary_primitive.cmsi,13172
2026-08-26T20:15:32Z,712f87f035c6cfe581ffb290d71707e9bca5b59b,6929,size_in_bytes,lib/ocaml/compiler-libs/flambda2_term_basics__Inlined_debuginfo.cmsi,24620
2026-08-26T20:15:32Z,712f87f035c6cfe581ffb290d71707e9bca5b59b,6929,size_in_bytes,lib/ocaml/compiler-libs/flambda2_simplify__Flow_analysis.cmsi,15455
2026-08-26T20:15:32Z,712f87f035c6cfe581ffb290d71707e9bca5b59b,6929,size_in_bytes,lib/ocaml/compiler-libs/flambda2_simplify_shared__Call_site_inlining_decision_type.cmsi,14264
2026-08-26T20:15:32Z,712f87f035c6cfe581ffb290d71707e9bca5b59b,6929,size_in_bytes,lib/ocaml/compiler-libs/flambda2_parser__Fexpr_prim_descr.cmsi,34102
2026-08-26T20:15:32Z,712f87f035c6cfe581ffb290d71707e9bca5b59b,6929,size_in_bytes,lib/ocaml/compiler-libs/flambda2_simplify_shared__Inlining_helpers.cmsi,15511
2026-08-26T20:15:32Z,712f87f035c6cfe581ffb290d71707e9bca5b59b,6929,size_in_bytes,lib/ocaml/compiler-libs/flambda2_reaper__Reaper.cmsi,12701
2026-08-26T20:15:32Z,712f87f035c6cfe581ffb290d71707e9bca5b59b,6929,size_in_bytes,lib/ocaml/compiler-libs/flambda2_simplify__Simplify_named_result.cmsi,13390
2026-08-26T20:15:32Z,712f87f035c6cfe581ffb290d71707e9bca5b59b,6929,size_in_bytes,lib/ocaml/compiler-libs/flambda2_simplify__Non_recursive_handler.cmsi,13569
2026-08-26T20:15:32Z,712f87f035c6cfe581ffb290d71707e9bca5b59b,6929,size_in_bytes,lib/ocaml/compiler-libs/flambda2_classic_mode_types__Value_approximation.cmsi,13975
2026-08-26T20:15:32Z,712f87f035c6cfe581ffb290d71707e9bca5b59b,6929,size_in_bytes,lib/ocaml/compiler-libs/flambda2_terms__Recursive.cmsi,11959
2026-08-26T20:15:32Z,712f87f035c6cfe581ffb290d71707e9bca5b59b,6929,size_in_bytes,lib/ocaml/compiler-libs/flambda2_simplify_shared__Slot_offsets.cmsi,21495
2026-08-26T20:15:32Z,712f87f035c6cfe581ffb290d71707e9bca5b59b,6929,size_in_bytes,lib/ocaml/compiler-libs/flambda2_identifiers__Code_id_or_name.cmsi,11792
2026-08-26T20:15:32Z,712f87f035c6cfe581ffb290d71707e9bca5b59b,6929,size_in_bytes,lib/ocaml/compiler-libs/flambda2_simplify__Build_unboxing_denv.cmsi,12460
2026-08-26T20:15:32Z,712f87f035c6cfe581ffb290d71707e9bca5b59b,6929,size_in_bytes,lib/ocaml/compiler-libs/flambda2_terms__Result_types.cmsi,13263
2026-08-26T20:15:32Z,712f87f035c6cfe581ffb290d71707e9bca5b59b,6929,size_in_bytes,lib/ocaml/compiler-libs/flambda2_floats__Float32.cmsi,14634
2026-08-26T20:15:32Z,712f87f035c6cfe581ffb290d71707e9bca5b59b,6929,size_in_bytes,lib/ocaml/compiler-libs/flambda2_terms__Flambda.cmsi,69869
2026-08-26T20:15:32Z,712f87f035c6cfe581ffb290d71707e9bca5b59b,6929,size_in_bytes,lib/ocaml/compiler-libs/flambda2_types__Join_env.cmsi,17598
2026-08-26T20:15:32Z,712f87f035c6cfe581ffb290d71707e9bca5b59b,6929,size_in_bytes,lib/ocaml/compiler-libs/flambda2_identifiers__Apply_cont_rewrite_id.cmsi,11755
2026-08-26T20:15:32Z,712f87f035c6cfe581ffb290d71707e9bca5b59b,6929,size_in_bytes,lib/ocaml/compiler-libs/flambda2_terms__First_complex_local_param.cmsi,13454
2026-08-26T20:15:32Z,712f87f035c6cfe581ffb290d71707e9bca5b59b,6929,size_in_bytes,lib/ocaml/compiler-libs/flambda2_to_jsir__To_jsir_result.cmsi,21284
2026-08-26T20:15:32Z,712f87f035c6cfe581ffb290d71707e9bca5b59b,6929,size_in_bytes,lib/ocaml/compiler-libs/flambda2_terms__Call_kind.cmsi,24015
2026-08-26T20:15:32Z,712f87f035c6cfe581ffb290d71707e9bca5b59b,6929,size_in_bytes,lib/ocaml/compiler-libs/flambda2_simplify__Lifted_constant.cmsi,22065
2026-08-26T20:15:32Z,712f87f035c6cfe581ffb290d71707e9bca5b59b,6929,size_in_bytes,lib/ocaml/compiler-libs/flambda2_simplify__Upwards_env.cmsi,17100
2026-08-26T20:15:32Z,712f87f035c6cfe581ffb290d71707e9bca5b59b,6929,size_in_bytes,lib/ocaml/compiler-libs/flambda2_terms__Zero_alloc_attribute.cmsi,12776
2026-08-26T20:15:32Z,712f87f035c6cfe581ffb290d71707e9bca5b59b,6929,size_in_bytes,lib/ocaml/compiler-libs/flambda2_terms__Code_or_metadata.cmsi,15867
2026-08-26T20:15:32Z,712f87f035c6cfe581ffb290d71707e9bca5b59b,6929,size_in_bytes,lib/ocaml/compiler-libs/flambda2_types__Typing_env_level.cmsi,17509
2026-08-26T20:15:32Z,712f87f035c6cfe581ffb290d71707e9bca5b59b,6929,size_in_bytes,lib/ocaml/compiler-libs/flambda2_simplify__Upwards_acc.cmsi,22724
2026-08-26T20:15:32Z,712f87f035c6cfe581ffb290d71707e9bca5b59b,6929,size_in_bytes,lib/ocaml/compiler-libs/flambda2_nominal__Name_mode.cmsi,15902
2026-08-26T20:15:32Z,712f87f035c6cfe581ffb290d71707e9bca5b59b,6929,size_in_bytes,lib/ocaml/compiler-libs/flambda2_identifiers__Int_ids.cmsi,39793
2026-08-26T20:15:32Z,712f87f035c6cfe581ffb290d71707e9bca5b59b,6929,size_in_bytes,lib/ocaml/compiler-libs/flambda2_terms__Function_declarations.cmsi,15495
2026-08-26T20:15:32Z,712f87f035c6cfe581ffb290d71707e9bca5b59b,6929,size_in_bytes,lib/ocaml/compiler-libs/flambda2_simplify__Simplify_variadic_primitive.cmsi,12907
2026-08-26T20:15:32Z,712f87f035c6cfe581ffb290d71707e9bca5b59b,6929,size_in_bytes,lib/ocaml/compiler-libs/flambda2_simplify__Continuation_in_env.cmsi,14934
2026-08-26T20:15:32Z,712f87f035c6cfe581ffb290d71707e9bca5b59b,6929,size_in_bytes,lib/ocaml/compiler-libs/flambda2_simplify__Simplify_rec_info_expr.cmsi,13895
2026-08-26T20:15:32Z,712f87f035c6cfe581ffb290d71707e9bca5b59b,6929,size_in_bytes,lib/ocaml/compiler-libs/flambda2_term_basics__Symbol_projection.cmsi,14625
2026-08-26T20:15:32Z,712f87f035c6cfe581ffb290d71707e9bca5b59b,6929,size_in_bytes,lib/ocaml/compiler-libs/flambda2_simplify__Continuation_shortcut.cmsi,13300
2026-08-26T20:15:32Z,712f87f035c6cfe581ffb290d71707e9bca5b59b,6929,size_in_bytes,lib/ocaml/compiler-libs/flambda2_terms__Inlining_state.cmsi,13627
2026-08-26T20:15:32Z,712f87f035c6cfe581ffb290d71707e9bca5b59b,6929,size_in_bytes,lib/ocaml/compiler-libs/flambda2_types__Provers.cmsi,45595
2026-08-26T20:15:32Z,712f87f035c6cfe581ffb290d71707e9bca5b59b,6929,size_in_bytes,lib/ocaml/compiler-libs/flambda2_types__Meet.cmsi,12711
2026-08-26T20:15:32Z,712f87f035c6cfe581ffb290d71707e9bca5b59b,6929,size_in_bytes,lib/ocaml/compiler-libs/flambda2_term_basics__Simple.cmsi,22030
2026-08-26T20:15:32Z,712f87f035c6cfe581ffb290d71707e9bca5b59b,6929,size_in_bytes,lib/ocaml/compiler-libs/flambda2_bound_identifiers__Bound_continuation.cmsi,12177
2026-08-26T20:15:32Z,712f87f035c6cfe581ffb290d71707e9bca5b59b,6929,size_in_bytes,lib/ocaml/compiler-libs/flambda2_identifiers__Name.cmsi,14306
2026-08-26T20:15:32Z,712f87f035c6cfe581ffb290d71707e9bca5b59b,6929,size_in_bytes,lib/ocaml/compiler-libs/flambda2_terms__Set_of_closures.cmsi,14780
2026-08-26T20:15:32Z,712f87f035c6cfe581ffb290d71707e9bca5b59b,6929,size_in_bytes,lib/ocaml/compiler-libs/flambda2_from_lambda__Lambda_to_flambda.cmsi,12941
2026-08-26T20:15:32Z,712f87f035c6cfe581ffb290d71707e9bca5b59b,6929,size_in_bytes,lib/ocaml/compiler-libs/flambda2_identifiers__Flambda_debug_uid.cmsi,13334
2026-08-26T20:15:32Z,712f87f035c6cfe581ffb290d71707e9bca5b59b,6929,size_in_bytes,lib/ocaml/compiler-libs/flambda2_terms__Validity.cmsi,17797
2026-08-26T20:15:32Z,712f87f035c6cfe581ffb290d71707e9bca5b59b,6929,size_in_bytes,lib/ocaml/compiler-libs/flambda2_term_basics__Tag_and_size.cmsi,12258
2026-08-26T20:15:32Z,712f87f035c6cfe581ffb290d71707e9bca5b59b,6929,size_in_bytes,lib/ocaml/compiler-libs/flambda2_types__Traversals.cmsi,26151
2026-08-26T20:15:32Z,712f87f035c6cfe581ffb290d71707e9bca5b59b,6929,size_in_bytes,lib/ocaml/compiler-libs/flambda2_simplify__Simplify_let_expr.cmsi,12285
2026-08-26T20:15:32Z,712f87f035c6cfe581ffb290d71707e9bca5b59b,6929,size_in_bytes,lib/ocaml/compiler-libs/flambda2_simplify__Specialization_cost.cmsi,17288
2026-08-26T20:15:32Z,712f87f035c6cfe581ffb290d71707e9bca5b59b,6929,size_in_bytes,lib/ocaml/compiler-libs/flambda2_datalog__Table.cmsi,15466
2026-08-26T20:15:32Z,712f87f035c6cfe581ffb290d71707e9bca5b59b,6929,size_in_bytes,lib/ocaml/compiler-libs/flambda2_ui__Flambda_colours.cmsi,15959
2026-08-26T20:15:32Z,712f87f035c6cfe581ffb290d71707e9bca5b59b,6929,size_in_bytes,lib/ocaml/compiler-libs/flambda2_identifiers__Code_id.cmsi,11541
2026-08-26T20:15:32Z,712f87f035c6cfe581ffb290d71707e9bca5b59b,6929,size_in_bytes,lib/ocaml/compiler-libs/flambda2_simplify__Inlining_transforms.cmsi,12381
2026-08-26T20:15:32Z,712f87f035c6cfe581ffb290d71707e9bca5b59b,6929,size_in_bytes,lib/ocaml/compiler-libs/flambda2_types__Cached_level.cmsi,15930
2026-08-26T20:15:32Z,712f87f035c6cfe581ffb290d71707e9bca5b59b,6929,size_in_bytes,lib/ocaml/compiler-libs/flambda2_to_cmm__To_cmm.cmsi,12229
2026-08-26T20:15:32Z,712f87f035c6cfe581ffb290d71707e9bca5b59b,6929,size_in_bytes,lib/ocaml/compiler-libs/flambda2_datalog__Cursor.cmsi,26265
2026-08-26T20:15:32Z,712f87f035c6cfe581ffb290d71707e9bca5b59b,6929,size_in_bytes,lib/ocaml/compiler-libs/flambda2_term_basics__Scope.cmsi,12802
2026-08-26T20:15:32Z,712f87f035c6cfe581ffb290d71707e9bca5b59b,6929,size_in_bytes,lib/ocaml/compiler-libs/flambda2_simplify__Simplify_unary_primitive.cmsi,12828
2026-08-26T20:15:32Z,712f87f035c6cfe581ffb290d71707e9bca5b59b,6929,size_in_bytes,lib/ocaml/compiler-libs/flambda2_term_basics__Or_variable.cmsi,13708
2026-08-26T20:15:32Z,712f87f035c6cfe581ffb290d71707e9bca5b59b,6929,size_in_bytes,lib/ocaml/compiler-libs/flambda2_types__Expand_head.cmsi,28772
2026-08-26T20:15:32Z,712f87f035c6cfe581ffb290d71707e9bca5b59b,6929,size_in_bytes,lib/ocaml/compiler-libs/flambda2_simplify__Expr_builder.cmsi,25539
2026-08-26T20:15:32Z,712f87f035c6cfe581ffb290d71707e9bca5b59b,6929,size_in_bytes,lib/ocaml/compiler-libs/flambda2_simplify__Data_flow_graph.cmsi,13564
2026-08-26T20:15:32Z,712f87f035c6cfe581ffb290d71707e9bca5b59b,6929,size_in_bytes,lib/ocaml/compiler-libs/flambda2_bound_identifiers__Bound_pattern.cmsi,15788
2026-08-26T20:15:32Z,712f87f035c6cfe581ffb290d71707e9bca5b59b,6929,size_in_bytes,lib/ocaml/compiler-libs/flambda2_simplify__Simplify.cmsi,13718
2026-08-26T20:15:32Z,712f87f035c6cfe581ffb290d71707e9bca5b59b,6929,size_in_bytes,lib/ocaml/compiler-libs/flambda2_simplify__Flow_types.cmsi,29016
2026-08-26T20:15:32Z,712f87f035c6cfe581ffb290d71707e9bca5b59b,6929,size_in_bytes,lib/ocaml/compiler-libs/flambda2_simplify__Non_constructed_code.cmsi,13440
2026-08-26T20:15:32Z,712f87f035c6cfe581ffb290d71707e9bca5b59b,6929,size_in_bytes,lib/ocaml/compiler-libs/flambda2_datalog__Trie.cmsi,15822
2026-08-26T20:15:32Z,712f87f035c6cfe581ffb290d71707e9bca5b59b,6929,size_in_bytes,lib/ocaml/compiler-libs/flambda2_types__Code_age_relation.cmsi,15481
2026-08-26T20:15:32Z,712f87f035c6cfe581ffb290d71707e9bca5b59b,6929,size_in_bytes,lib/ocaml/compiler-libs/flambda2_to_cmm__To_cmm_shared.cmsi,31738
2026-08-26T20:15:32Z,712f87f035c6cfe581ffb290d71707e9bca5b59b,6929,size_in_bytes,lib/ocaml/compiler-libs/flambda2_identifiers__Continuation.cmsi,13980
2026-08-26T20:15:32Z,712f87f035c6cfe581ffb290d71707e9bca5b59b,6929,size_in_bytes,lib/ocaml/compiler-libs/flambda2_to_cmm__To_cmm_static.cmsi,13448
2026-08-26T20:15:32Z,712f87f035c6cfe581ffb290d71707e9bca5b59b,6929,size_in_bytes,lib/ocaml/compiler-libs/flambda2_terms__Probe.cmsi,11919
2026-08-26T20:15:32Z,712f87f035c6cfe581ffb290d71707e9bca5b59b,6929,size_in_bytes,lib/ocaml/compiler-libs/flambda2_simplify__Downwards_env.cmsi,37881
2026-08-26T20:15:32Z,712f87f035c6cfe581ffb290d71707e9bca5b59b,6929,size_in_bytes,lib/ocaml/compiler-libs/flambda2_from_lambda__Lambda_to_flambda_env.cmsi,28558
2026-08-26T20:15:32Z,712f87f035c6cfe581ffb290d71707e9bca5b59b,6929,size_in_bytes,lib/ocaml/compiler-libs/flambda2_simplify__Common_subexpression_elimination.cmsi,15857
2026-08-26T20:15:32Z,712f87f035c6cfe581ffb290d71707e9bca5b59b,6929,size_in_bytes,lib/ocaml/compiler-libs/flambda2_types__Meet_and_n_way_join.cmsi,13430
2026-08-26T20:15:32Z,712f87f035c6cfe581ffb290d71707e9bca5b59b,6929,size_in_bytes,lib/ocaml/compiler-libs/flambda2_to_jsir__To_jsir_shared.cmsi,20234
2026-08-26T20:15:32Z,712f87f035c6cfe581ffb290d71707e9bca5b59b,6929,size_in_bytes,lib/ocaml/compiler-libs/flambda2_simplify__Continuation_extra_params_and_args.cmsi,16738
2026-08-26T20:15:32Z,712f87f035c6cfe581ffb290d71707e9bca5b59b,6929,size_in_bytes,lib/ocaml/compiler-libs/flambda2_terms__Placement.cmsi,13383
2026-08-26T20:15:32Z,712f87f035c6cfe581ffb290d71707e9bca5b59b,6929,size_in_bytes,lib/ocaml/compiler-libs/flambda2_algorithms__Lmap.cmsi,20661
2026-08-26T20:15:32Z,712f87f035c6cfe581ffb290d71707e9bca5b59b,6929,size_in_bytes,lib/ocaml/compiler-libs/flambda2_numbers__Numeric_types.cmsi,21017
2026-08-26T20:15:32Z,712f87f035c6cfe581ffb290d71707e9bca5b59b,6929,size_in_bytes,lib/ocaml/compiler-libs/flambda2_numbers__Vector_types.cmsi,15293
2026-08-26T20:15:32Z,712f87f035c6cfe581ffb290d71707e9bca5b59b,6929,size_in_bytes,lib/ocaml/compiler-libs/flambda2_terms__Cost_metrics.cmsi,14192
2026-08-26T20:15:32Z,712f87f035c6cfe581ffb290d71707e9bca5b59b,6929,size_in_bytes,lib/ocaml/compiler-libs/flambda2_simplify__Lifted_constant_state.cmsi,13834
2026-08-26T20:15:32Z,712f87f035c6cfe581ffb290d71707e9bca5b59b,6929,size_in_bytes,lib/ocaml/compiler-libs/flambda2_reaper__Types_rewriter.cmsi,14642
2026-08-26T20:15:32Z,712f87f035c6cfe581ffb290d71707e9bca5b59b,6929,size_in_bytes,lib/ocaml/compiler-libs/flambda2_simplify__Control_flow_graph.cmsi,16020
2026-08-26T20:15:32Z,712f87f035c6cfe581ffb290d71707e9bca5b59b,6929,size_in_bytes,lib/ocaml/compiler-libs/flambda2_simplify__Continuation_uses_env.cmsi,14452
2026-08-26T20:15:32Z,712f87f035c6cfe581ffb290d71707e9bca5b59b,6929,size_in_bytes,lib/ocaml/compiler-libs/flambda2_simplify__Call_site_inlining_decision.cmsi,13108
2026-08-26T20:15:32Z,712f87f035c6cfe581ffb290d71707e9bca5b59b,6929,size_in_bytes,lib/ocaml/compiler-libs/flambda2_types__Join_levels.cmsi,13304
2026-08-26T20:15:32Z,712f87f035c6cfe581ffb290d71707e9bca5b59b,6929,size_in_bytes,lib/ocaml/compiler-libs/flambda2_lattices__Or_bottom.cmsi,12702
2026-08-26T20:15:32Z,712f87f035c6cfe581ffb290d71707e9bca5b59b,6929,size_in_bytes,lib/ocaml/compiler-libs/flambda2_term_basics__Coercion.cmsi,12348
2026-08-26T20:15:32Z,712f87f035c6cfe581ffb290d71707e9bca5b59b,6929,size_in_bytes,lib/ocaml/compiler-libs/flambda2_terms__Regalloc_attribute.cmsi,12453
2026-08-26T20:15:32Z,712f87f035c6cfe581ffb290d71707e9bca5b59b,6929,size_in_bytes,lib/ocaml/compiler-libs/flambda2_simplify__Simplify_nullary_primitive.cmsi,12509
2026-08-26T20:15:32Z,712f87f035c6cfe581ffb290d71707e9bca5b59b,6929,size_in_bytes,lib/ocaml/compiler-libs/flambda2_parser__Flambda_parser.cmsi,18284
2026-08-26T20:15:32Z,712f87f035c6cfe581ffb290d71707e9bca5b59b,6929,size_in_bytes,lib/ocaml/compiler-libs/flambda2_identifiers__Symbol.cmsi,12501
2026-08-26T20:15:32Z,712f87f035c6cfe581ffb290d71707e9bca5b59b,6929,size_in_bytes,lib/ocaml/compiler-libs/flambda2_simplify_shared__Are_rebuilding_terms.cmsi,12688
2026-08-26T20:15:32Z,712f87f035c6cfe581ffb290d71707e9bca5b59b,6929,size_in_bytes,lib/ocaml/compiler-libs/flambda2_types__More_type_creators.cmsi,36993
2026-08-26T20:15:32Z,712f87f035c6cfe581ffb290d71707e9bca5b59b,6929,size_in_bytes,lib/ocaml/compiler-libs/flambda2_reaper__Field.cmsi,17776
2026-08-26T20:15:32Z,712f87f035c6cfe581ffb290d71707e9bca5b59b,6929,size_in_bytes,lib/ocaml/compiler-libs/flambda2_algorithms__Channel.cmsi,14016
2026-08-26T20:15:32Z,712f87f035c6cfe581ffb290d71707e9bca5b59b,6929,size_in_bytes,lib/ocaml/compiler-libs/flambda2_terms__Code_size.cmsi,15017
2026-08-26T20:15:32Z,712f87f035c6cfe581ffb290d71707e9bca5b59b,6929,size_in_bytes,lib/ocaml/compiler-libs/flambda2_simplify__Simplify_extcall.cmsi,13107
2026-08-26T20:15:32Z,712f87f035c6cfe581ffb290d71707e9bca5b59b,6929,size_in_bytes,lib/ocaml/compiler-libs/flambda2_simplify__Simplify_set_of_closures.cmsi,16610
2026-08-26T20:15:32Z,712f87f035c6cfe581ffb290d71707e9bca5b59b,6929,size_in_bytes,lib/ocaml/compiler-libs/flambda2_bound_identifiers__Bound_var.cmsi,13254
2026-08-26T20:15:32Z,712f87f035c6cfe581ffb290d71707e9bca5b59b,6929,size_in_bytes,lib/ocaml/compiler-libs/flambda2_terms__Inline_attribute.cmsi,12709
2026-08-26T20:15:32Z,712f87f035c6cfe581ffb290d71707e9bca5b59b,6929,size_in_bytes,lib/ocaml/compiler-libs/flambda2_from_lambda__Lambda_to_lambda_transforms.cmsi,15067
2026-08-26T20:15:32Z,712f87f035c6cfe581ffb290d71707e9bca5b59b,6929,size_in_bytes,lib/ocaml/compiler-libs/flambda2_lattices__Or_unknown_or_bottom.cmsi,12602
2026-08-26T20:15:32Z,712f87f035c6cfe581ffb290d71707e9bca5b59b,6929,size_in_bytes,lib/ocaml/compiler-libs/flambda2_types__Type_grammar.cmsi,114054
2026-08-26T20:15:32Z,712f87f035c6cfe581ffb290d71707e9bca5b59b,6929,size_in_bytes,lib/ocaml/compiler-libs/flambda2_simplify__Simplify_import.cmsi,17512
2026-08-26T20:15:32Z,712f87f035c6cfe581ffb290d71707e9bca5b59b,6929,size_in_bytes,lib/ocaml/compiler-libs/flambda2_reaper__Points_to_analysis.cmsi,28849
2026-08-26T20:15:32Z,712f87f035c6cfe581ffb290d71707e9bca5b59b,6929,size_in_bytes,lib/ocaml/compiler-libs/flambda2_datalog__Value.cmsi,12731
2026-08-26T20:15:32Z,712f87f035c6cfe581ffb290d71707e9bca5b59b,6929,size_in_bytes,lib/ocaml/compiler-libs/flambda2_simplify__Unboxers.cmsi,16764
2026-08-26T20:15:32Z,712f87f035c6cfe581ffb290d71707e9bca5b59b,6929,size_in_bytes,lib/ocaml/compiler-libs/flambda2_reaper__Rev_expr.cmsi,17966
2026-08-26T20:15:32Z,712f87f035c6cfe581ffb290d71707e9bca5b59b,6929,size_in_bytes,lib/ocaml/compiler-libs/flambda2_terms__Inlining_history.cmsi,20657
2026-08-26T20:15:32Z,712f87f035c6cfe581ffb290d71707e9bca5b59b,6929,size_in_bytes,lib/ocaml/compiler-libs/flambda2_algorithms__Leapfrog.cmsi,19663
2026-08-26T20:15:32Z,712f87f035c6cfe581ffb290d71707e9bca5b59b,6929,size_in_bytes,lib/ocaml/compiler-libs/flambda2_terms__Trap_action.cmsi,15797
2026-08-26T20:15:32Z,712f87f035c6cfe581ffb290d71707e9bca5b59b,6929,size_in_bytes,lib/ocaml/compiler-libs/flambda2_algorithms__Or_null.cmsi,12894
2026-08-26T20:15:32Z,712f87f035c6cfe581ffb290d71707e9bca5b59b,6929,size_in_bytes,lib/ocaml/compiler-libs/flambda2_reaper__Global_flow_graph.cmsi,24539
2026-08-26T20:15:32Z,712f87f035c6cfe581ffb290d71707e9bca5b59b,6929,size_in_bytes,lib/ocaml/compiler-libs/flambda2_to_cmm__To_cmm_effects.cmsi,18672
2026-08-26T20:15:32Z,712f87f035c6cfe581ffb290d71707e9bca5b59b,6929,size_in_bytes,lib/ocaml/compiler-libs/flambda2_numbers__One_bit_fewer.cmsi,15584
2026-08-26T20:15:32Z,712f87f035c6cfe581ffb290d71707e9bca5b59b,6929,size_in_bytes,lib/ocaml/compiler-libs/flambda2_terms__Effects.cmsi,16830
2026-08-26T20:15:32Z,712f87f035c6cfe581ffb290d71707e9bca5b59b,6929,size_in_bytes,lib/ocaml/compiler-libs/flambda2_bound_identifiers__Alloc_mode.cmsi,21439
2026-08-26T20:15:32Z,712f87f035c6cfe581ffb290d71707e9bca5b59b,6929,size_in_bytes,lib/ocaml/compiler-libs/flambda2_term_basics__Or_invalid.cmsi,12153
2026-08-26T20:15:32Z,712f87f035c6cfe581ffb290d71707e9bca5b59b,6929,size_in_bytes,lib/ocaml/compiler-libs/flambda2_simplify__Simplify_binary_primitive.cmsi,12998
2026-08-26T20:15:32Z,712f87f035c6cfe581ffb290d71707e9bca5b59b,6929,size_in_bytes,lib/ocaml/compiler-libs/flambda2_simplify__Unboxing_epa.cmsi,14026
2026-08-26T20:15:32Z,712f87f035c6cfe581ffb290d71707e9bca5b59b,6929,size_in_bytes,lib/ocaml/compiler-libs/flambda2_to_cmm__To_cmm_expr.cmsi,12445
2026-08-26T20:15:32Z,712f87f035c6cfe581ffb290d71707e9bca5b59b,6929,size_in_bytes,lib/ocaml/compiler-libs/flambda2_types__Join_levels_old.cmsi,13050
2026-08-26T20:15:32Z,712f87f035c6cfe581ffb290d71707e9bca5b59b,6929,size_in_bytes,lib/ocaml/compiler-libs/flambda2_to_cmm__To_cmm_set_of_closures.cmsi,16175
2026-08-26T20:15:32Z,712f87f035c6cfe581ffb290d71707e9bca5b59b,6929,size_in_bytes,lib/ocaml/compiler-libs/flambda2_identifiers__Reg_width_const.cmsi,15988
2026-08-26T20:15:32Z,712f87f035c6cfe581ffb290d71707e9bca5b59b,6929,size_in_bytes,lib/ocaml/compiler-libs/flambda2_simplify__Number_adjuncts.cmsi,24968
2026-08-26T20:15:32Z,712f87f035c6cfe581ffb290d71707e9bca5b59b,6929,size_in_bytes,lib/ocaml/compiler-libs/flambda2_term_basics__String_info.cmsi,11705
2026-08-26T20:15:32Z,712f87f035c6cfe581ffb290d71707e9bca5b59b,6929,size_in_bytes,lib/ocaml/compiler-libs/flambda2_reaper__Unboxing_analysis.cmsi,15900
2026-08-26T20:15:32Z,712f87f035c6cfe581ffb290d71707e9bca5b59b,6929,size_in_bytes,lib/ocaml/compiler-libs/flambda2_terms__Coeffects.cmsi,14113
2026-08-26T20:15:32Z,712f87f035c6cfe581ffb290d71707e9bca5b59b,6929,size_in_bytes,lib/ocaml/compiler-libs/flambda2_reaper__Analysis.cmsi,15305
2026-08-26T20:15:32Z,712f87f035c6cfe581ffb290d71707e9bca5b59b,6929,size_in_bytes,lib/ocaml/compiler-libs/flambda2_parser__Flambda_lex.cmsi,11046
2026-08-26T20:15:32Z,712f87f035c6cfe581ffb290d71707e9bca5b59b,6929,size_in_bytes,lib/ocaml/compiler-libs/flambda2_simplify__Replay_history.cmsi,21214
2026-08-26T20:15:32Z,712f87f035c6cfe581ffb290d71707e9bca5b59b,6929,size_in_bytes,lib/ocaml/compiler-libs/flambda2_terms__Regalloc_param_attribute.cmsi,12483
2026-08-26T20:15:32Z,712f87f035c6cfe581ffb290d71707e9bca5b59b,6929,size_in_bytes,lib/ocaml/compiler-libs/flambda2_datalog__Datalog.cmsi,16920
2026-08-26T20:15:32Z,712f87f035c6cfe581ffb290d71707e9bca5b59b,6929,size_in_bytes,lib/ocaml/compiler-libs/flambda2_simplify__Flow.cmsi,23538
2026-08-26T20:15:32Z,712f87f035c6cfe581ffb290d71707e9bca5b59b,6929,size_in_bytes,lib/ocaml/compiler-libs/flambda2_parser__Flambda_parser_messages.cmsi,10157
2026-08-26T20:15:32Z,712f87f035c6cfe581ffb290d71707e9bca5b59b,6929,size_in_bytes,lib/ocaml/compiler-libs/flambda2_term_basics__Unit.cmsi,11995
2026-08-26T20:15:32Z,712f87f035c6cfe581ffb290d71707e9bca5b59b,6929,size_in_bytes,lib/ocaml/compiler-libs/flambda2_compare__Compare.cmsi,11546
2026-08-26T20:15:32Z,712f87f035c6cfe581ffb290d71707e9bca5b59b,6929,size_in_bytes,lib/ocaml/compiler-libs/flambda2_terms__Code0.cmsi,15357
2026-08-26T20:15:32Z,712f87f035c6cfe581ffb290d71707e9bca5b59b,6929,size_in_bytes,lib/ocaml/compiler-libs/flambda2_to_jsir__To_jsir_env.cmsi,31987
2026-08-26T20:15:32Z,712f87f035c6cfe581ffb290d71707e9bca5b59b,6929,size_in_bytes,lib/ocaml/compiler-libs/flambda2_terms__Function_decl_inlining_decision_type.cmsi,14673
2026-08-26T20:15:32Z,712f87f035c6cfe581ffb290d71707e9bca5b59b,6929,size_in_bytes,lib/ocaml/compiler-libs/flambda2_identifiers__Value_slot.cmsi,12216
2026-08-26T20:15:32Z,712f87f035c6cfe581ffb290d71707e9bca5b59b,6929,size_in_bytes,lib/ocaml/compiler-libs/flambda2_simplify__Continuation_uses.cmsi,16076
2026-08-26T20:15:32Z,712f87f035c6cfe581ffb290d71707e9bca5b59b,6929,size_in_bytes,lib/ocaml/compiler-libs/flambda2_cmx__Flambda_cmx.cmsi,15690
2026-08-26T20:15:32Z,712f87f035c6cfe581ffb290d71707e9bca5b59b,6929,size_in_bytes,lib/ocaml/compiler-libs/flambda2_nominal__Renaming.cmsi,18971
2026-08-26T20:15:32Z,712f87f035c6cfe581ffb290d71707e9bca5b59b,6929,size_in_bytes,lib/ocaml/compiler-libs/flambda2_simplify__Closure_info.cmsi,13645
2026-08-26T20:15:32Z,712f87f035c6cfe581ffb290d71707e9bca5b59b,6929,size_in_bytes,lib/ocaml/compiler-libs/flambda2_types__Meet_and_join.cmsi,13444
2026-08-26T20:15:32Z,712f87f035c6cfe581ffb290d71707e9bca5b59b,6929,size_in_bytes,lib/ocaml/compiler-libs/flambda2_to_cmm__To_cmm_env.cmsi,46757
2026-08-26T20:15:32Z,712f87f035c6cfe581ffb290d71707e9bca5b59b,6929,size_in_bytes,lib/ocaml/compiler-libs/flambda2_terms__Inlining_arguments.cmsi,14250
2026-08-26T20:15:32Z,712f87f035c6cfe581ffb290d71707e9bca5b59b,6929,size_in_bytes,lib/ocaml/compiler-libs/flambda2_terms__Static_const.cmsi,36103
2026-08-26T20:15:32Z,712f87f035c6cfe581ffb290d71707e9bca5b59b,6929,size_in_bytes,lib/ocaml/compiler-libs/flambda2_reaper__Traverse_env.cmsi,19150
2026-08-26T20:15:32Z,712f87f035c6cfe581ffb290d71707e9bca5b59b,6929,size_in_bytes,lib/ocaml/compiler-libs/flambda2_to_jsir__To_jsir_set_of_closures.cmsi,14260
2026-08-26T20:15:32Z,712f87f035c6cfe581ffb290d71707e9bca5b59b,6929,size_in_bytes,lib/ocaml/compiler-libs/flambda2_simplify__Simplify_common.cmsi,27007
2026-08-26T20:15:32Z,712f87f035c6cfe581ffb290d71707e9bca5b59b,6929,size_in_bytes,lib/ocaml/compiler-libs/flambda2_reaper__Traverse_acc.cmsi,37626
2026-08-26T20:15:32Z,712f87f035c6cfe581ffb290d71707e9bca5b59b,6929,size_in_bytes,lib/ocaml/compiler-libs/flambda2.cmsi,15251
2026-08-26T20:15:32Z,712f87f035c6cfe581ffb290d71707e9bca5b59b,6929,size_in_bytes,lib/ocaml/compiler-libs/flambda2_simplify__Lifted_cont_params.cmsi,18392
2026-08-26T20:15:32Z,712f87f035c6cfe581ffb290d71707e9bca5b59b,6929,size_in_bytes,lib/ocaml/compiler-libs/flambda2_simplify__Is_unboxing_beneficial.cmsi,12046
2026-08-26T20:15:32Z,712f87f035c6cfe581ffb290d71707e9bca5b59b,6929,size_in_bytes,lib/ocaml/compiler-libs/flambda2_terms__Loopify_attribute.cmsi,12137
2026-08-26T20:15:32Z,712f87f035c6cfe581ffb290d71707e9bca5b59b,6929,size_in_bytes,lib/ocaml/compiler-libs/flambda2_simplify__Simplify_static_const.cmsi,12816
2026-08-26T20:15:32Z,712f87f035c6cfe581ffb290d71707e9bca5b59b,6929,size_in_bytes,lib/ocaml/compiler-libs/flambda2_simplify__Optimistic_unboxing_decision.cmsi,13263
2026-08-26T20:15:32Z,712f87f035c6cfe581ffb290d71707e9bca5b59b,6929,size_in_bytes,lib/ocaml/compiler-libs/flambda2_simplify__Dominator_graph.cmsi,15522
2026-08-26T20:15:32Z,712f87f035c6cfe581ffb290d71707e9bca5b59b,6929,size_in_bytes,lib/ocaml/compiler-libs/flambda2_simplify__One_recursive_handler.cmsi,12712
2026-08-26T20:15:32Z,712f87f035c6cfe581ffb290d71707e9bca5b59b,6929,size_in_bytes,lib/ocaml/compiler-libs/flambda2_identifiers__Function_slot.cmsi,12560
2026-08-26T20:15:32Z,712f87f035c6cfe581ffb290d71707e9bca5b59b,6929,size_in_bytes,lib/ocaml/compiler-libs/flambda2_terms__Poll_attribute.cmsi,12213
2026-08-26T20:15:32Z,712f87f035c6cfe581ffb290d71707e9bca5b59b,6929,size_in_bytes,lib/ocaml/compiler-libs/flambda2_reaper__Cofield.cmsi,12054
2026-08-26T20:15:32Z,712f87f035c6cfe581ffb290d71707e9bca5b59b,6929,size_in_bytes,lib/ocaml/compiler-libs/flambda2_to_jsir__To_jsir_static_const.cmsi,15968
2026-08-26T20:15:32Z,712f87f035c6cfe581ffb290d71707e9bca5b59b,6929,size_in_bytes,lib/ocaml/compiler-libs/flambda2_simplify__Unbox_continuation_params.cmsi,13745
2026-08-26T20:15:32Z,712f87f035c6cfe581ffb290d71707e9bca5b59b,6929,size_in_bytes,lib/ocaml/compiler-libs/flambda2_datalog.cmsi,54431
2026-08-26T20:15:32Z,712f87f035c6cfe581ffb290d71707e9bca5b59b,6929,size_in_bytes,lib/ocaml/compiler-libs/flambda2_simplify__Named_rewrite.cmsi,14153
2026-08-26T20:15:32Z,712f87f035c6cfe581ffb290d71707e9bca5b59b,6929,size_in_bytes,lib/ocaml/compiler-libs/flambda2_datalog__Schedule.cmsi,13046
2026-08-26T20:15:32Z,712f87f035c6cfe581ffb290d71707e9bca5b59b,6929,size_in_bytes,lib/ocaml/compiler-libs/flambda2_simplify__Mutable_unboxing.cmsi,13293
2026-08-26T20:15:32Z,712f87f035c6cfe581ffb290d71707e9bca5b59b,6929,size_in_bytes,lib/ocaml/compiler-libs/flambda2_to_cmm__To_cmm_primitive.cmsi,13740
2026-08-26T20:15:32Z,712f87f035c6cfe581ffb290d71707e9bca5b59b,6929,size_in_bytes,lib/ocaml/compiler-libs/flambda2_reaper__Rebuilt_expr.cmsi,15269
2026-08-26T20:15:32Z,712f87f035c6cfe581ffb290d71707e9bca5b59b,6929,size_in_bytes,lib/ocaml/compiler-libs/flambda2_types__Binding_time.cmsi,13693
2026-08-26T20:15:32Z,712f87f035c6cfe581ffb290d71707e9bca5b59b,6929,size_in_bytes,lib/ocaml/compiler-libs/flambda2_simplify__Simplify_expr.cmsi,15597
2026-08-26T20:15:32Z,712f87f035c6cfe581ffb290d71707e9bca5b59b,6929,size_in_bytes,lib/ocaml/compiler-libs/flambda2_simplify__Simplify_set_of_closures_context.cmsi,16506
2026-08-26T20:15:32Z,712f87f035c6cfe581ffb290d71707e9bca5b59b,6929,size_in_bytes,lib/ocaml/compiler-libs/flambda2_simplify__Simplify_apply_expr.cmsi,12176
2026-08-26T20:15:32Z,712f87f035c6cfe581ffb290d71707e9bca5b59b,6929,size_in_bytes,lib/ocaml/compiler-libs/flambda2_terms__Code_metadata.cmsi,24268
2026-08-26T20:15:32Z,712f87f035c6cfe581ffb290d71707e9bca5b59b,6929,size_in_bytes,lib/ocaml/compiler-libs/flambda2_simplify__Simplified_named.cmsi,16390
2026-08-26T20:15:32Z,712f87f035c6cfe581ffb290d71707e9bca5b59b,6929,size_in_bytes,lib/ocaml/compiler-libs/flambda2_simplify_shared__Exported_offsets.cmsi,18686
2026-08-26T20:15:32Z,712f87f035c6cfe581ffb290d71707e9bca5b59b,6929,size_in_bytes,lib/ocaml/compiler-libs/flambda2_terms__Flambda_unit.cmsi,14275
2026-08-26T20:15:32Z,712f87f035c6cfe581ffb290d71707e9bca5b59b,6929,size_in_bytes,lib/ocaml/compiler-libs/flambda2_nominal__Permutation.cmsi,13121
2026-08-26T20:15:32Z,712f87f035c6cfe581ffb290d71707e9bca5b59b,6929,size_in_bytes,lib/ocaml/compiler-libs/flambda2_to_jsir__To_jsir_primitive.cmsi,14173
2026-08-26T20:15:32Z,712f87f035c6cfe581ffb290d71707e9bca5b59b,6929,size_in_bytes,lib/ocaml/compiler-libs/flambda2_identifiers__Code_id_or_symbol.cmsi,11376
2026-08-26T20:15:32Z,712f87f035c6cfe581ffb290d71707e9bca5b59b,6929,size_in_bytes,lib/ocaml/compiler-libs/flambda2_terms__Effects_and_coeffects.cmsi,14864
2026-08-26T20:15:32Z,712f87f035c6cfe581ffb290d71707e9bca5b59b,6929,size_in_bytes,lib/ocaml/compiler-libs/flambda2_types__With_cached_free_names.cmsi,14532
2026-08-26T20:15:32Z,712f87f035c6cfe581ffb290d71707e9bca5b59b,6929,size_in_bytes,lib/ocaml/compiler-libs/flambda2_term_basics__Rec_info_expr.cmsi,12422
2026-08-26T20:15:32Z,712f87f035c6cfe581ffb290d71707e9bca5b59b,6929,size_in_bytes,lib/ocaml/compiler-libs/flambda2_types__Equal_types_for_debug.cmsi,14927
2026-08-26T20:15:32Z,712f87f035c6cfe581ffb290d71707e9bca5b59b,6929,size_in_bytes,lib/ocaml/compiler-libs/flambda2_parser__Fexpr_to_flambda.cmsi,10909
2026-08-26T20:15:32Z,712f87f035c6cfe581ffb290d71707e9bca5b59b,6929,size_in_bytes,lib/ocaml/compiler-libs/flambda2_nominal__Name_abstraction.cmsi,16762
2026-08-26T20:15:32Z,712f87f035c6cfe581ffb290d71707e9bca5b59b,6929,size_in_bytes,lib/ocaml/compiler-libs/flambda2_simplify__One_continuation_use.cmsi,13377
2026-08-26T20:15:32Z,712f87f035c6cfe581ffb290d71707e9bca5b59b,6929,size_in_bytes,lib/ocaml/compiler-libs/flambda2_simplify__Simplify_let_cont_expr.cmsi,12906
2026-08-26T20:15:32Z,712f87f035c6cfe581ffb290d71707e9bca5b59b,6929,size_in_bytes,lib/ocaml/compiler-libs/flambda2_reaper__Traverse.cmsi,13939
2026-08-26T20:15:32Z,712f87f035c6cfe581ffb290d71707e9bca5b59b,6929,size_in_bytes,lib/ocaml/compiler-libs/flambda2_types__Set_of_closures_contents.cmsi,14863
2026-08-26T20:15:32Z,712f87f035c6cfe581ffb290d71707e9bca5b59b,6929,size_in_bytes,lib/ocaml/compiler-libs/flambda2_types__Reify.cmsi,19502
2026-08-26T20:15:32Z,712f87f035c6cfe581ffb290d71707e9bca5b59b,6929,size_in_bytes,lib/ocaml/compiler-libs/flambda2_nominal__Num_occurrences.cmsi,11756
2026-08-26T20:15:32Z,712f87f035c6cfe581ffb290d71707e9bca5b59b,6929,size_in_bytes,lib/ocaml/compiler-libs/flambda2_bound_identifiers__Bound_parameter.cmsi,14996
2026-08-26T20:15:32Z,712f87f035c6cfe581ffb290d71707e9bca5b59b,6929,size_in_bytes,lib/ocaml/compiler-libs/flambda2_identifiers__Named_rewrite_id.cmsi,11745
2026-08-26T20:15:32Z,712f87f035c6cfe581ffb290d71707e9bca5b59b,6929,size_in_bytes,lib/ocaml/compiler-libs/flambda2_simplify__Comparison_result.cmsi,12369
2026-08-26T20:15:32Z,712f87f035c6cfe581ffb290d71707e9bca5b59b,6929,size_in_bytes,lib/ocaml/compiler-libs/flambda2_simplify__Simplify_coercion.cmsi,11984
2026-08-26T20:15:32Z,712f87f035c6cfe581ffb290d71707e9bca5b59b,6929,size_in_bytes,lib/ocaml/compiler-libs/flambda2_algorithms__Patricia_tree.cmsi,12519
2026-08-26T20:15:32Z,712f87f035c6cfe581ffb290d71707e9bca5b59b,6929,size_in_bytes,lib/ocaml/compiler-libs/flambda2_simplify__Join_points.cmsi,13532
2026-08-26T20:15:32Z,712f87f035c6cfe581ffb290d71707e9bca5b59b,6929,size_in_bytes,lib/ocaml/compiler-libs/flambda2_bound_identifiers__Bound_continuations.cmsi,12358
2026-08-26T20:15:32Z,712f87f035c6cfe581ffb290d71707e9bca5b59b,6929,size_in_bytes,lib/ocaml/compiler-libs/flambda2_datalog__Virtual_machine.cmsi,20154
2026-08-26T20:15:32Z,712f87f035c6cfe581ffb290d71707e9bca5b59b,6929,size_in_bytes,lib/ocaml/compiler-libs/flambda2_terms__Flambda_primitive.cmsi,89983
2026-08-26T20:15:32Z,712f87f035c6cfe581ffb290d71707e9bca5b59b,6929,size_in_bytes,lib/ocaml/compiler-libs/flambda2_types__Typing_env_extension.cmsi,17538
2026-08-26T20:15:32Z,712f87f035c6cfe581ffb290d71707e9bca5b59b,6929,size_in_bytes,lib/ocaml/compiler-libs/flambda2_numbers__Targetint_32_64.cmsi,32472
2026-08-26T20:15:32Z,712f87f035c6cfe581ffb290d71707e9bca5b59b,6929,size_in_bytes,lib/ocaml/compiler-libs/flambda2_simplify__Simplify_primitive_result.cmsi,15496
2026-08-26T20:15:32Z,712f87f035c6cfe581ffb290d71707e9bca5b59b,6929,size_in_bytes,lib/ocaml/compiler-libs/flambda2_kinds__Flambda_kind.cmsi,36568
2026-08-26T20:15:32Z,712f87f035c6cfe581ffb290d71707e9bca5b59b,6929,size_in_bytes,lib/ocaml/compiler-libs/flambda2_identifiers__Continuation_callsite_map.cmsi,13737
2026-08-26T20:15:32Z,712f87f035c6cfe581ffb290d71707e9bca5b59b,6929,size_in_bytes,lib/ocaml/compiler-libs/flambda2_parser__Parse_flambda.cmsi,11137
2026-08-26T20:15:32Z,712f87f035c6cfe581ffb290d71707e9bca5b59b,6929,size_in_bytes,lib/ocaml/compiler-libs/flambda2_parser__Print_fexpr.cmsi,10816
2026-08-26T20:15:32Z,712f87f035c6cfe581ffb290d71707e9bca5b59b,6929,size_in_bytes,lib/ocaml/compiler-libs/flambda2_simplify_shared__Inlining_report.cmsi,19766
2026-08-26T20:15:32Z,712f87f035c6cfe581ffb290d71707e9bca5b59b,6929,size_in_bytes,lib/ocaml/compiler-libs/flambda2_to_jsir__To_jsir.cmsi,13185
2026-08-26T20:15:32Z,712f87f035c6cfe581ffb290d71707e9bca5b59b,6929,size_in_bytes,lib/ocaml/compiler-libs/flambda2_from_lambda__Closure_conversion_aux.cmsi,62627
2026-08-26T20:15:32Z,712f87f035c6cfe581ffb290d71707e9bca5b59b,6929,size_in_bytes,lib/ocaml/compiler-libs/flambda2_nominal__Ids_for_export.cmsi,16210
2026-08-26T20:15:32Z,712f87f035c6cfe581ffb290d71707e9bca5b59b,6929,size_in_bytes,lib/ocaml/compiler-libs/flambda2_simplify__Simplify_primitive.cmsi,12451
2026-08-26T20:15:32Z,712f87f035c6cfe581ffb290d71707e9bca5b59b,6929,size_in_bytes,lib/ocaml/compiler-libs/flambda2_cmx__Flambda_cmx_format.cmsi,14519
2026-08-26T20:15:32Z,712f87f035c6cfe581ffb290d71707e9bca5b59b,6929,size_in_bytes,lib/ocaml/compiler-libs/flambda2_kinds__Flambda_arity.cmsi,22146
2026-08-26T20:15:32Z,712f87f035c6cfe581ffb290d71707e9bca5b59b,6929,size_in_bytes,lib/ocaml/compiler-libs/flambda2_simplify__Rebuilt_expr.cmsi,22015
2026-08-26T20:15:32Z,712f87f035c6cfe581ffb290d71707e9bca5b59b,6929,size_in_bytes,lib/ocaml/compiler-libs/flambda2_term_basics__Value_slot_set.cmsi,12307
2026-08-26T20:15:32Z,712f87f035c6cfe581ffb290d71707e9bca5b59b,6929,size_in_bytes,lib/ocaml/compiler-libs/flambda2_simplify__Simplify_simple.cmsi,13649
2026-08-26T20:15:32Z,712f87f035c6cfe581ffb290d71707e9bca5b59b,6929,size_in_bytes,lib/ocaml/compiler-libs/flambda2_simplify__Apply_cont_rewrite.cmsi,16031
2026-08-26T20:15:32Z,712f87f035c6cfe581ffb290d71707e9bca5b59b,6929,size_in_bytes,lib/ocaml/compiler-libs/flambda2_to_cmm__To_cmm_result.cmsi,19276
2026-08-26T20:15:32Z,712f87f035c6cfe581ffb290d71707e9bca5b59b,6929,size_in_bytes,lib/ocaml/compiler-libs/flambda2_terms__Exn_continuation.cmsi,15178
2026-08-26T20:15:32Z,712f87f035c6cfe581ffb290d71707e9bca5b59b,6929,size_in_bytes,lib/ocaml/compiler-libs/flambda2_algorithms__Container_types.cmsi,14202
2026-08-26T20:15:32Z,712f87f035c6cfe581ffb290d71707e9bca5b59b,6929,size_in_bytes,lib/ocaml/compiler-libs/flambda2_nominal__Name_occurrences.cmsi,30898
2026-08-26T20:15:32Z,712f87f035c6cfe581ffb290d71707e9bca5b59b,6929,size_in_bytes,lib/ocaml/compiler-libs/flambda2_simplify__Reification.cmsi,12735
2026-08-26T20:15:32Z,712f87f035c6cfe581ffb290d71707e9bca5b59b,6929,size_in_bytes,lib/ocaml/compiler-libs/flambda2_types.cmsi,131066
2026-08-26T20:15:32Z,712f87f035c6cfe581ffb290d71707e9bca5b59b,6929,size_in_bytes,lib/ocaml/compiler-libs/flambda2_simplify__Simplify_named.cmsi,12908
2026-08-26T20:15:32Z,712f87f035c6cfe581ffb290d71707e9bca5b59b,6929,size_in_bytes,lib/ocaml/compiler-libs/flambda2_terms__Apply_cont_expr.cmsi,15346
2026-08-26T20:15:32Z,712f87f035c6cfe581ffb290d71707e9bca5b59b,6929,size_in_bytes,lib/ocaml/compiler-libs/flambda2_simplify__Loopify_state.cmsi,12106
2026-08-26T20:15:32Z,712f87f035c6cfe581ffb290d71707e9bca5b59b,6929,size_in_bytes,lib/ocaml/compiler-libs/flambda2_types__Type_descr.cmsi,18384
2026-08-26T20:15:32Z,712f87f035c6cfe581ffb290d71707e9bca5b59b,6929,size_in_bytes,lib/ocaml/compiler-libs/flambda2_reaper__Datalog_helpers.cmsi,27672
2026-08-26T20:15:32Z,712f87f035c6cfe581ffb290d71707e9bca5b59b,6929,size_in_bytes,lib/ocaml/compiler-libs/flambda2_types__Aliases.cmsi,25432
2026-08-26T20:15:32Z,712f87f035c6cfe581ffb290d71707e9bca5b59b,6929,size_in_bytes,lib/ocaml/compiler-libs/flambda2_simplify__Original_handlers.cmsi,13913
2026-08-26T20:15:32Z,712f87f035c6cfe581ffb290d71707e9bca5b59b,6929,size_in_bytes,lib/ocaml/compiler-libs/flambda2_term_basics__Empty_array_kind.cmsi,13164
2026-08-26T20:15:32Z,712f87f035c6cfe581ffb290d71707e9bca5b59b,6929,size_in_bytes,lib/ocaml/compiler-libs/flambda2_numbers__Or_infinity.cmsi,11861
2026-08-26T20:15:32Z,712f87f035c6cfe581ffb290d71707e9bca5b59b,6929,size_in_bytes,lib/ocaml/compiler-libs/flambda2_from_lambda__Lambda_to_flambda_primitives.cmsi,13906
2026-08-26T20:15:32Z,712f87f035c6cfe581ffb290d71707e9bca5b59b,6929,size_in_bytes,lib/ocaml/compiler-libs/flambda2_simplify__Simplify_switch_expr.cmsi,11982
2026-08-26T20:15:32Z,712f87f035c6cfe581ffb290d71707e9bca5b59b,6929,size_in_bytes,lib/ocaml/compiler-libs/flambda2_terms__Mutability.cmsi,13453
2026-08-26T20:15:32Z,712f87f035c6cfe581ffb290d71707e9bca5b59b,6929,size_in_bytes,lib/ocaml/compiler-libs/flambda2_bound_identifiers__Bound_name.cmsi,13047
2026-08-26T20:15:32Z,712f87f035c6cfe581ffb290d71707e9bca5b59b,6929,size_in_bytes,lib/ocaml/compiler-libs/flambda2_identifiers__Slot.cmsi,13410
2026-08-26T20:15:32Z,712f87f035c6cfe581ffb290d71707e9bca5b59b,6929,size_in_bytes,lib/ocaml/compiler-libs/flambda2_simplify_shared__Function_decl_inlining_decision.cmsi,12221
2026-08-26T20:15:32Z,712f87f035c6cfe581ffb290d71707e9bca5b59b,6929,size_in_bytes,lib/ocaml/compiler-libs/flambda2_from_lambda__Closure_conversion.cmsi,21523
2026-08-26T20:15:32Z,712f87f035c6cfe581ffb290d71707e9bca5b59b,6929,size_in_bytes,lib/ocaml/compiler-libs/flambda2_identifiers__Coercion0.cmsi,15212
2026-08-26T20:15:32Z,712f87f035c6cfe581ffb290d71707e9bca5b59b,6929,size_in_bytes,lib/ocaml/compiler-libs/flambda2_datalog__Column.cmsi,15117
2026-08-26T20:15:32Z,712f87f035c6cfe581ffb290d71707e9bca5b59b,6929,size_in_bytes,lib/ocaml/compiler-libs/flambda2_simplify__Rebuilt_static_const.cmsi,33906
2026-08-26T20:15:32Z,712f87f035c6cfe581ffb290d71707e9bca5b59b,6929,size_in_bytes,lib/ocaml/compiler-libs/flambda2_kinds__Tag.cmsi,17198
2026-08-26T20:15:32Z,712f87f035c6cfe581ffb290d71707e9bca5b59b,6929,size_in_bytes,lib/ocaml/compiler-libs/flambda2_cmx__Exported_code.cmsi,16424
2026-08-26T20:15:32Z,712f87f035c6cfe581ffb290d71707e9bca5b59b,6929,size_in_bytes,lib/ocaml/compiler-libs/flambda2_terms__Removed_operations.cmsi,13245
2026-08-26T20:15:32Z,712f87f035c6cfe581ffb290d71707e9bca5b59b,6929,size_in_bytes,lib/ocaml/compiler-libs/flambda2_terms__Code.cmsi,15952
2026-08-26T20:15:32Z,712f87f035c6cfe581ffb290d71707e9bca5b59b,6929,size_in_bytes,lib/ocaml/compiler-libs/flambda2_terms__Inlined_attribute.cmsi,13567
2026-08-26T20:15:32Z,712f87f035c6cfe581ffb290d71707e9bca5b59b,6929,size_in_bytes,lib/ocaml/compiler-libs/flambda2_identifiers__Rec_info_expr0.cmsi,17187
2026-08-26T20:15:32Z,712f87f035c6cfe581ffb290d71707e9bca5b59b,6929,size_in_bytes,lib/ocaml/compiler-libs/flambda2_term_basics__Continuation_use_kind.cmsi,11671
2026-08-26T20:15:32Z,712f87f035c6cfe581ffb290d71707e9bca5b59b,6929,size_in_bytes,lib/ocaml/compiler-libs/flambda2_simplify__Are_lifting_conts.cmsi,15884
2026-08-26T20:15:32Z,712f87f035c6cfe581ffb290d71707e9bca5b59b,6929,size_in_bytes,lib/ocaml/compiler-libs/flambda2_terms__Apply_expr.cmsi,22856
2026-08-26T20:15:32Z,712f87f035c6cfe581ffb290d71707e9bca5b59b,6929,size_in_bytes,lib/ocaml/compiler-libs/flambda2_algorithms__Table_by_int_id.cmsi,13323
2026-08-26T20:15:32Z,712f87f035c6cfe581ffb290d71707e9bca5b59b,6929,size_in_bytes,lib/ocaml/compiler-libs/flambda2_terms__Switch_expr.cmsi,15848
2026-08-26T20:15:32Z,712f87f035c6cfe581ffb290d71707e9bca5b59b,6929,size_in_bytes,lib/ocaml/compiler-libs/flambda2_bound_identifiers__Bound_for_function.cmsi,14415
2026-08-26T20:15:32Z,712f87f035c6cfe581ffb290d71707e9bca5b59b,6929,size_in_bytes,lib/ocaml/compiler-libs/flambda2_parser__Flambda_to_fexpr.cmsi,10356
2026-08-26T20:15:32Z,712f87f035c6cfe581ffb290d71707e9bca5b59b,6929,size_in_bytes,lib/ocaml/compiler-libs/flambda2_reaper__Rebuild.cmsi,15632
2026-08-26T20:15:32Z,712f87f035c6cfe581ffb290d71707e9bca5b59b,6929,size_in_bytes,lib/ocaml/compiler-libs/flambda2_from_lambda__Lambda_to_flambda_primitives_helpers.cmsi,20646
2026-08-26T20:15:32Z,712f87f035c6cfe581ffb290d71707e9bca5b59b,6929,size_in_bytes,lib/ocaml/compiler-libs/flambda2_numbers__Target_ocaml_int.cmsi,31892
2026-08-26T20:15:32Z,712f87f035c6cfe581ffb290d71707e9bca5b59b,6929,size_in_bytes,lib/ocaml/compiler-libs/flambda2_bound_identifiers__Bound_parameters.cmsi,14991
2026-08-26T20:15:32Z,712f87f035c6cfe581ffb290d71707e9bca5b59b,6929,size_in_bytes,lib/ocaml/compiler-libs/flambda2_types__Meet_env.cmsi,24991
2026-08-26T20:15:32Z,712f87f035c6cfe581ffb290d71707e9bca5b59b,6929,size_in_bytes,lib/ocaml/compiler-libs/flambda2_types__Typing_env.cmsi,30003
2026-08-26T20:15:32Z,712f87f035c6cfe581ffb290d71707e9bca5b59b,6929,size_in_bytes,lib/ocaml/compiler-libs/flambda2_simplify__Downwards_acc.cmsi,28135
2026-08-26T20:15:32Z,712f87f035c6cfe581ffb290d71707e9bca5b59b,6929,size_in_bytes,lib/ocaml/compiler-libs/flambda2_simplify__Unboxing_types.cmsi,20412
2026-08-26T20:15:32Z,712f87f035c6cfe581ffb290d71707e9bca5b59b,6929,size_in_bytes,lib/ocaml/compiler-libs/flambda2_simplify__Flow_acc.cmsi,23385
2026-08-26T20:15:32Z,712f87f035c6cfe581ffb290d71707e9bca5b59b,6929,size_in_bytes,lib/ocaml/stdlib_beta/stdlib_beta.cmsi,11278
2026-08-26T20:15:32Z,712f87f035c6cfe581ffb290d71707e9bca5b59b,6929,size_in_bytes,lib/ocaml/stdlib_alpha/stdlib_alpha.cmsi,11281
2026-08-26T20:15:32Z,712f87f035c6cfe581ffb290d71707e9bca5b59b,6929,size_in_bytes,lib/ocaml/stdlib_upstream_compatible/stdlib_upstream_compatible__Int64_u.cmsi,30394
2026-08-26T20:15:32Z,712f87f035c6cfe581ffb290d71707e9bca5b59b,6929,size_in_bytes,lib/ocaml/stdlib_upstream_compatible/stdlib_upstream_compatible__Int32_u.cmsi,26653
2026-08-26T20:15:32Z,712f87f035c6cfe581ffb290d71707e9bca5b59b,6929,size_in_bytes,lib/ocaml/stdlib_upstream_compatible/stdlib_upstream_compatible__Nativeint_u.cmsi,28156
2026-08-26T20:15:32Z,712f87f035c6cfe581ffb290d71707e9bca5b59b,6929,size_in_bytes,lib/ocaml/stdlib_upstream_compatible/stdlib_upstream_compatible__Float_u.cmsi,40895
2026-08-26T20:15:32Z,712f87f035c6cfe581ffb290d71707e9bca5b59b,6929,size_in_bytes,lib/ocaml/stdlib_upstream_compatible/stdlib_upstream_compatible.cmsi,9360
2026-08-26T20:15:32Z,712f87f035c6cfe581ffb290d71707e9bca5b59b,6929,size_in_bytes,lib/ocaml/stdlib_stable/stdlib_stable__Int8.cmsi,23262
2026-08-26T20:15:32Z,712f87f035c6cfe581ffb290d71707e9bca5b59b,6929,size_in_bytes,lib/ocaml/stdlib_stable/stdlib_stable__Or_null.cmsi,17697
2026-08-26T20:15:32Z,712f87f035c6cfe581ffb290d71707e9bca5b59b,6929,size_in_bytes,lib/ocaml/stdlib_stable/stdlib_stable__Int.cmsi,24275
2026-08-26T20:15:32Z,712f87f035c6cfe581ffb290d71707e9bca5b59b,6929,size_in_bytes,lib/ocaml/stdlib_stable/stdlib_stable__Float32.cmsi,76146
2026-08-26T20:15:32Z,712f87f035c6cfe581ffb290d71707e9bca5b59b,6929,size_in_bytes,lib/ocaml/stdlib_stable/stdlib_stable__Int8_u.cmsi,23683
2026-08-26T20:15:32Z,712f87f035c6cfe581ffb290d71707e9bca5b59b,6929,size_in_bytes,lib/ocaml/stdlib_stable/stdlib_stable__Float32_u.cmsi,63322
2026-08-26T20:15:32Z,712f87f035c6cfe581ffb290d71707e9bca5b59b,6929,size_in_bytes,lib/ocaml/stdlib_stable/stdlib_stable__Iarray.cmsi,30597
2026-08-26T20:15:32Z,712f87f035c6cfe581ffb290d71707e9bca5b59b,6929,size_in_bytes,lib/ocaml/stdlib_stable/stdlib_stable__Idx_mut.cmsi,13786
2026-08-26T20:15:32Z,712f87f035c6cfe581ffb290d71707e9bca5b59b,6929,size_in_bytes,lib/ocaml/stdlib_stable/stdlib_stable__IarrayLabels.cmsi,45850
2026-08-26T20:15:32Z,712f87f035c6cfe581ffb290d71707e9bca5b59b,6929,size_in_bytes,lib/ocaml/stdlib_stable/stdlib_stable__Char_u.cmsi,14740
2026-08-26T20:15:32Z,712f87f035c6cfe581ffb290d71707e9bca5b59b,6929,size_in_bytes,lib/ocaml/stdlib_stable/stdlib_stable__Idx_imm.cmsi,13158
2026-08-26T20:15:32Z,712f87f035c6cfe581ffb290d71707e9bca5b59b,6929,size_in_bytes,lib/ocaml/stdlib_stable/stdlib_stable__Int16.cmsi,23303
2026-08-26T20:15:32Z,712f87f035c6cfe581ffb290d71707e9bca5b59b,6929,size_in_bytes,lib/ocaml/stdlib_stable/stdlib_stable__Int16_u.cmsi,23720
2026-08-26T20:15:32Z,712f87f035c6cfe581ffb290d71707e9bca5b59b,6929,size_in_bytes,lib/ocaml/stdlib_stable/stdlib_stable__Idx_atomic.cmsi,12188
2026-08-26T20:15:32Z,712f87f035c6cfe581ffb290d71707e9bca5b59b,6929,size_in_bytes,lib/ocaml/stdlib_stable/stdlib_stable.cmsi,11214
2026-08-26T20:15:32Z,712f87f035c6cfe581ffb290d71707e9bca5b59b,6929,size_in_bytes,lib/ocaml/stdlib_stable/stdlib_stable__Int_u.cmsi,23347
2026-08-26T20:15:32Z,712f87f035c6cfe581ffb290d71707e9bca5b59b,6929,size_in_bytes,lib/ocaml/stdlib__Random.cmt,532226
2026-08-26T20:15:32Z,712f87f035c6cfe581ffb290d71707e9bca5b59b,6929,size_in_bytes,lib/ocaml/compiler_owee__Owee_macho.cmt,986125
2026-08-26T20:15:32Z,712f87f035c6cfe581ffb290d71707e9bca5b59b,6929,size_in_bytes,lib/ocaml/stdlib__Result.cmt,104156
2026-08-26T20:15:32Z,712f87f035c6cfe581ffb290d71707e9bca5b59b,6929,size_in_bytes,lib/ocaml/compiler_owee__Owee_traverse.cmt,228655
2026-08-26T20:15:32Z,712f87f035c6cfe581ffb290d71707e9bca5b59b,6929,size_in_bytes,lib/ocaml/stdlib__Dynarray.cmt,1443004
2026-08-26T20:15:32Z,712f87f035c6cfe581ffb290d71707e9bca5b59b,6929,size_in_bytes,lib/ocaml/std_exit.cmt,13406
2026-08-26T20:15:32Z,712f87f035c6cfe581ffb290d71707e9bca5b59b,6929,size_in_bytes,lib/ocaml/camlinternalLazy.cmt,88000
2026-08-26T20:15:32Z,712f87f035c6cfe581ffb290d71707e9bca5b59b,6929,size_in_bytes,lib/ocaml/stdlib__Oo.cmt,16065
2026-08-26T20:15:32Z,712f87f035c6cfe581ffb290d71707e9bca5b59b,6929,size_in_bytes,lib/ocaml/stdlib__Domain.cmt,548081
2026-08-26T20:15:32Z,712f87f035c6cfe581ffb290d71707e9bca5b59b,6929,size_in_bytes,lib/ocaml/compiler_owee__Owee_form.cmt,74931
2026-08-26T20:15:32Z,712f87f035c6cfe581ffb290d71707e9bca5b59b,6929,size_in_bytes,lib/ocaml/camlinternalMod.cmt,106300
2026-08-26T20:15:32Z,712f87f035c6cfe581ffb290d71707e9bca5b59b,6929,size_in_bytes,lib/ocaml/stdlib__Obj.cmt,245703
2026-08-26T20:15:32Z,712f87f035c6cfe581ffb290d71707e9bca5b59b,6929,size_in_bytes,lib/ocaml/stdlib__Lazy.cmt,58296
2026-08-26T20:15:32Z,712f87f035c6cfe581ffb290d71707e9bca5b59b,6929,size_in_bytes,lib/ocaml/stdlib__Scanf.cmt,1900146
2026-08-26T20:15:32Z,712f87f035c6cfe581ffb290d71707e9bca5b59b,6929,size_in_bytes,lib/ocaml/compiler_owee__Owee_graph.cmt,227642
2026-08-26T20:15:32Z,712f87f035c6cfe581ffb290d71707e9bca5b59b,6929,size_in_bytes,lib/ocaml/stdlib__Modes.cmt,23689
2026-08-26T20:15:32Z,712f87f035c6cfe581ffb290d71707e9bca5b59b,6929,size_in_bytes,lib/ocaml/stdlib__Stack.cmt,79422
2026-08-26T20:15:32Z,712f87f035c6cfe581ffb290d71707e9bca5b59b,6929,size_in_bytes,lib/ocaml/stdlib__Effect.cmt,699050
2026-08-26T20:15:32Z,712f87f035c6cfe581ffb290d71707e9bca5b59b,6929,size_in_bytes,lib/ocaml/stdlib__Bigarray.cmt,643142
2026-08-26T20:15:32Z,712f87f035c6cfe581ffb290d71707e9bca5b59b,6929,size_in_bytes,lib/ocaml/stdlib__Out_channel.cmt,77907
2026-08-26T20:15:32Z,712f87f035c6cfe581ffb290d71707e9bca5b59b,6929,size_in_bytes,lib/ocaml/stdlib__Int.cmt,64748
2026-08-26T20:15:32Z,712f87f035c6cfe581ffb290d71707e9bca5b59b,6929,size_in_bytes,lib/ocaml/stdlib__Type.cmt,29400
2026-08-26T20:15:32Z,712f87f035c6cfe581ffb290d71707e9bca5b59b,6929,size_in_bytes,lib/ocaml/stdlib__Filename.cmt,670852
2026-08-26T20:15:32Z,712f87f035c6cfe581ffb290d71707e9bca5b59b,6929,size_in_bytes,lib/ocaml/stdlib__String.cmt,764794
2026-08-26T20:15:32Z,712f87f035c6cfe581ffb290d71707e9bca5b59b,6929,size_in_bytes,lib/ocaml/compiler_owee__Owee_interval_map.cmt,323094
2026-08-26T20:15:32Z,712f87f035c6cfe581ffb290d71707e9bca5b59b,6929,size_in_bytes,lib/ocaml/camlinternalQuote.cmt,4319305
2026-08-26T20:15:32Z,712f87f035c6cfe581ffb290d71707e9bca5b59b,6929,size_in_bytes,lib/ocaml/stdlib__Pqueue.cmt,289694
2026-08-26T20:15:32Z,712f87f035c6cfe581ffb290d71707e9bca5b59b,6929,size_in_bytes,lib/ocaml/stdlib__BytesLabels.cmt,78141
2026-08-26T20:15:32Z,712f87f035c6cfe581ffb290d71707e9bca5b59b,6929,size_in_bytes,lib/ocaml/stdlib__Printexc.cmt,391578
2026-08-26T20:15:32Z,712f87f035c6cfe581ffb290d71707e9bca5b59b,6929,size_in_bytes,lib/ocaml/stdlib__ListLabels.cmt,69798
2026-08-26T20:15:32Z,712f87f035c6cfe581ffb290d71707e9bca5b59b,6929,size_in_bytes,lib/ocaml/stdlib__Condition.cmt,16233
2026-08-26T20:15:32Z,712f87f035c6cfe581ffb290d71707e9bca5b59b,6929,size_in_bytes,lib/ocaml/compiler_owee__Unix_intf.cmt,31919
2026-08-26T20:15:32Z,712f87f035c6cfe581ffb290d71707e9bca5b59b,6929,size_in_bytes,lib/ocaml/stdlib__Seq.cmt,698309
2026-08-26T20:15:32Z,712f87f035c6cfe581ffb290d71707e9bca5b59b,6929,size_in_bytes,lib/ocaml/stdlib__Digest.cmt,300072
2026-08-26T20:15:32Z,712f87f035c6cfe581ffb290d71707e9bca5b59b,6929,size_in_bytes,lib/ocaml/camlinternalFormat.cmt,5159724
2026-08-26T20:15:32Z,712f87f035c6cfe581ffb290d71707e9bca5b59b,6929,size_in_bytes,lib/ocaml/stdlib__List.cmt,1057509
2026-08-26T20:15:32Z,712f87f035c6cfe581ffb290d71707e9bca5b59b,6929,size_in_bytes,lib/ocaml/stdlib__Hashtbl.cmt,1191935
2026-08-26T20:15:32Z,712f87f035c6cfe581ffb290d71707e9bca5b59b,6929,size_in_bytes,lib/ocaml/stdlib__Iarray.cmt,515401
2026-08-26T20:15:32Z,712f87f035c6cfe581ffb290d71707e9bca5b59b,6929,size_in_bytes,lib/ocaml/stdlib__Unit.cmt,17286
2026-08-26T20:15:32Z,712f87f035c6cfe581ffb290d71707e9bca5b59b,6929,size_in_bytes,lib/ocaml/stdlib__Repr.cmt,17154
2026-08-26T20:15:32Z,712f87f035c6cfe581ffb290d71707e9bca5b59b,6929,size_in_bytes,lib/ocaml/stdlib__Semaphore.cmt,78708
2026-08-26T20:15:32Z,712f87f035c6cfe581ffb290d71707e9bca5b59b,6929,size_in_bytes,lib/ocaml/compiler_owee__Owee_elf.cmt,852939
2026-08-26T20:15:32Z,712f87f035c6cfe581ffb290d71707e9bca5b59b,6929,size_in_bytes,lib/ocaml/stdlib__Set.cmt,1766447
2026-08-26T20:15:32Z,712f87f035c6cfe581ffb290d71707e9bca5b59b,6929,size_in_bytes,lib/ocaml/stdlib__Queue.cmt,145912
2026-08-26T20:15:32Z,712f87f035c6cfe581ffb290d71707e9bca5b59b,6929,size_in_bytes,lib/ocaml/stdlib__Float.cmt,1016325
2026-08-26T20:15:32Z,712f87f035c6cfe581ffb290d71707e9bca5b59b,6929,size_in_bytes,lib/ocaml/stdlib__Printf.cmt,71403
2026-08-26T20:15:32Z,712f87f035c6cfe581ffb290d71707e9bca5b59b,6929,size_in_bytes,lib/ocaml/stdlib__Int64.cmt,131784
2026-08-26T20:15:32Z,712f87f035c6cfe581ffb290d71707e9bca5b59b,6929,size_in_bytes,lib/ocaml/stdlib__Uchar.cmt,146125
2026-08-26T20:15:32Z,712f87f035c6cfe581ffb290d71707e9bca5b59b,6929,size_in_bytes,lib/ocaml/compiler_owee__Owee_linux_maps.cmt,67770
2026-08-26T20:15:32Z,712f87f035c6cfe581ffb290d71707e9bca5b59b,6929,size_in_bytes,lib/ocaml/compiler_owee__Owee_buf.cmt,326383
2026-08-26T20:15:32Z,712f87f035c6cfe581ffb290d71707e9bca5b59b,6929,size_in_bytes,lib/ocaml/opttopdirs.cmt,221600
2026-08-26T20:15:32Z,712f87f035c6cfe581ffb290d71707e9bca5b59b,6929,size_in_bytes,lib/ocaml/stdlib__Arg.cmt,587042
2026-08-26T20:15:32Z,712f87f035c6cfe581ffb290d71707e9bca5b59b,6929,size_in_bytes,lib/ocaml/stdlib__Callback.cmt,35394
2026-08-26T20:15:32Z,712f87f035c6cfe581ffb290d71707e9bca5b59b,6929,size_in_bytes,lib/ocaml/stdlib__Mutex.cmt,23909
2026-08-26T20:15:32Z,712f87f035c6cfe581ffb290d71707e9bca5b59b,6929,size_in_bytes,lib/ocaml/topdirs.cmt,696841
2026-08-26T20:15:32Z,712f87f035c6cfe581ffb290d71707e9bca5b59b,6929,size_in_bytes,lib/ocaml/stdlib__StdLabels.cmt,14214
2026-08-26T20:15:32Z,712f87f035c6cfe581ffb290d71707e9bca5b59b,6929,size_in_bytes,lib/ocaml/camlinternalOO.cmt,1023319
2026-08-26T20:15:32Z,712f87f035c6cfe581ffb290d71707e9bca5b59b,6929,size_in_bytes,lib/ocaml/stdlib__Buffer.cmt,641882
2026-08-26T20:15:32Z,712f87f035c6cfe581ffb290d71707e9bca5b59b,6929,size_in_bytes,lib/ocaml/stdlib__Quote.cmt,78285
2026-08-26T20:15:32Z,712f87f035c6cfe581ffb290d71707e9bca5b59b,6929,size_in_bytes,lib/ocaml/camlinternalFormatBasics.cmt,525474
2026-08-26T20:15:32Z,712f87f035c6cfe581ffb290d71707e9bca5b59b,6929,size_in_bytes,lib/ocaml/stdlib__Char.cmt,171161
2026-08-26T20:15:32Z,712f87f035c6cfe581ffb290d71707e9bca5b59b,6929,size_in_bytes,lib/ocaml/stdlib__Pair.cmt,58063
2026-08-26T20:15:32Z,712f87f035c6cfe581ffb290d71707e9bca5b59b,6929,size_in_bytes,lib/ocaml/stdlib__StringLabels.cmt,58531
2026-08-26T20:15:32Z,712f87f035c6cfe581ffb290d71707e9bca5b59b,6929,size_in_bytes,lib/ocaml/stdlib__Bytes.cmt,1889732
2026-08-26T20:15:32Z,712f87f035c6cfe581ffb290d71707e9bca5b59b,6929,size_in_bytes,lib/ocaml/compiler_owee__Owee_debug_line.cmt,378235
2026-08-26T20:15:32Z,712f87f035c6cfe581ffb290d71707e9bca5b59b,6929,size_in_bytes,lib/ocaml/stdlib__Complex.cmt,200905
2026-08-26T20:15:32Z,712f87f035c6cfe581ffb290d71707e9bca5b59b,6929,size_in_bytes,lib/ocaml/compiler_owee__Owee_archive.cmt,286489
2026-08-26T20:15:32Z,712f87f035c6cfe581ffb290d71707e9bca5b59b,6929,size_in_bytes,lib/ocaml/compiler_owee__Owee_elf_string_table.cmt,35514
2026-08-26T20:15:32Z,712f87f035c6cfe581ffb290d71707e9bca5b59b,6929,size_in_bytes,lib/ocaml/stdlib__Marshal.cmt,79688
2026-08-26T20:15:32Z,712f87f035c6cfe581ffb290d71707e9bca5b59b,6929,size_in_bytes,lib/ocaml/stdlib__Lexing.cmt,229063
2026-08-26T20:15:32Z,712f87f035c6cfe581ffb290d71707e9bca5b59b,6929,size_in_bytes,lib/ocaml/stdlib.cmt,624214
2026-08-26T20:15:32Z,712f87f035c6cfe581ffb290d71707e9bca5b59b,6929,size_in_bytes,lib/ocaml/stdlib__Option.cmt,62798
2026-08-26T20:15:32Z,712f87f035c6cfe581ffb290d71707e9bca5b59b,6929,size_in_bytes,lib/ocaml/stdlib__Atomic.cmt,50707
2026-08-26T20:15:32Z,712f87f035c6cfe581ffb290d71707e9bca5b59b,6929,size_in_bytes,lib/ocaml/stdlib__Either.cmt,72491
2026-08-26T20:15:32Z,712f87f035c6cfe581ffb290d71707e9bca5b59b,6929,size_in_bytes,lib/ocaml/compiler_owee__Owee_elf_notes.cmt,243019
2026-08-26T20:15:32Z,712f87f035c6cfe581ffb290d71707e9bca5b59b,6929,size_in_bytes,lib/ocaml/stdlib__ArrayLabels.cmt,54225
2026-08-26T20:15:32Z,712f87f035c6cfe581ffb290d71707e9bca5b59b,6929,size_in_bytes,lib/ocaml/stdlib__MoreLabels.cmt,21736
2026-08-26T20:15:32Z,712f87f035c6cfe581ffb290d71707e9bca5b59b,6929,size_in_bytes,lib/ocaml/stdlib__Bool.cmt,33875
2026-08-26T20:15:32Z,712f87f035c6cfe581ffb290d71707e9bca5b59b,6929,size_in_bytes,lib/ocaml/stdlib__Int32.cmt,137084
2026-08-26T20:15:32Z,712f87f035c6cfe581ffb290d71707e9bca5b59b,6929,size_in_bytes,lib/ocaml/stdlib__Fun.cmt,43681
2026-08-26T20:15:32Z,712f87f035c6cfe581ffb290d71707e9bca5b59b,6929,size_in_bytes,lib/ocaml/compiler_owee__Owee_marker.cmt,226258
2026-08-26T20:15:32Z,712f87f035c6cfe581ffb290d71707e9bca5b59b,6929,size_in_bytes,lib/ocaml/stdlib__Array.cmt,1064332
2026-08-26T20:15:32Z,712f87f035c6cfe581ffb290d71707e9bca5b59b,6929,size_in_bytes,lib/ocaml/compiler_owee__Owee_elf_relocation.cmt,140085
2026-08-26T20:15:32Z,712f87f035c6cfe581ffb290d71707e9bca5b59b,6929,size_in_bytes,lib/ocaml/stdlib__Dynamic.cmt,26852
2026-08-26T20:15:32Z,712f87f035c6cfe581ffb290d71707e9bca5b59b,6929,size_in_bytes,lib/ocaml/stdlib__Format.cmt,1883446
2026-08-26T20:15:32Z,712f87f035c6cfe581ffb290d71707e9bca5b59b,6929,size_in_bytes,lib/ocaml/eval.cmt,228741
2026-08-26T20:15:32Z,712f87f035c6cfe581ffb290d71707e9bca5b59b,6929,size_in_bytes,lib/ocaml/compiler_owee__Owee_object.cmt,209700
2026-08-26T20:15:32Z,712f87f035c6cfe581ffb290d71707e9bca5b59b,6929,size_in_bytes,lib/ocaml/stdlib__Map.cmt,1835313
2026-08-26T20:15:32Z,712f87f035c6cfe581ffb290d71707e9bca5b59b,6929,size_in_bytes,lib/ocaml/stdlib__Backoff.cmt,96352
2026-08-26T20:15:32Z,712f87f035c6cfe581ffb290d71707e9bca5b59b,6929,size_in_bytes,lib/ocaml/stdlib__Gc.cmt,207745
2026-08-26T20:15:32Z,712f87f035c6cfe581ffb290d71707e9bca5b59b,6929,size_in_bytes,lib/ocaml/compiler_owee__Owee_location.cmt,315519
2026-08-26T20:15:32Z,712f87f035c6cfe581ffb290d71707e9bca5b59b,6929,size_in_bytes,lib/ocaml/stdlib__Parsing.cmt,207854
2026-08-26T20:15:32Z,712f87f035c6cfe581ffb290d71707e9bca5b59b,6929,size_in_bytes,lib/ocaml/stdlib__Ephemeron.cmt,1873212
2026-08-26T20:15:32Z,712f87f035c6cfe581ffb290d71707e9bca5b59b,6929,size_in_bytes,lib/ocaml/stdlib__Sys.cmt,242893
2026-08-26T20:15:32Z,712f87f035c6cfe581ffb290d71707e9bca5b59b,6929,size_in_bytes,lib/ocaml/stdlib__Nativeint.cmt,135334
2026-08-26T20:15:32Z,712f87f035c6cfe581ffb290d71707e9bca5b59b,6929,size_in_bytes,lib/ocaml/camlinternalAtomic.cmt,40572
2026-08-26T20:15:32Z,712f87f035c6cfe581ffb290d71707e9bca5b59b,6929,size_in_bytes,lib/ocaml/stdlib__In_channel.cmt,235854
2026-08-26T20:15:32Z,712f87f035c6cfe581ffb290d71707e9bca5b59b,6929,size_in_bytes,lib/ocaml/compiler_owee.cmt,22096
2026-08-26T20:15:32Z,712f87f035c6cfe581ffb290d71707e9bca5b59b,6929,size_in_bytes,lib/ocaml/camlinternalComprehension.cmt,50021
2026-08-26T20:15:32Z,712f87f035c6cfe581ffb290d71707e9bca5b59b,6929,size_in_bytes,lib/ocaml/stdlib__Weak.cmt,628254
2026-08-26T20:15:32Z,712f87f035c6cfe581ffb290d71707e9bca5b59b,6929,size_in_bytes,lib/ocaml/runtime_events/runtime_events.cmt,193950
2026-08-26T20:15:32Z,712f87f035c6cfe581ffb290d71707e9bca5b59b,6929,size_in_bytes,lib/ocaml/ocaml-jit/jit.cmt,773625
2026-08-26T20:15:32Z,712f87f035c6cfe581ffb290d71707e9bca5b59b,6929,size_in_bytes,lib/ocaml/compiler-libs/dwarf_name_laundry.cmt,40075
2026-08-26T20:15:32Z,712f87f035c6cfe581ffb290d71707e9bca5b59b,6929,size_in_bytes,lib/ocaml/compiler-libs/dwarf_type.cmt,1607061
2026-08-26T20:15:32Z,712f87f035c6cfe581ffb290d71707e9bca5b59b,6929,size_in_bytes,lib/ocaml/compiler-libs/linear.cmt,111395
2026-08-26T20:15:32Z,712f87f035c6cfe581ffb290d71707e9bca5b59b,6929,size_in_bytes,lib/ocaml/compiler-libs/complex_shape.cmt,1023504
2026-08-26T20:15:32Z,712f87f035c6cfe581ffb290d71707e9bca5b59b,6929,size_in_bytes,lib/ocaml/compiler-libs/dwarf_low__Aranges_table.cmt,54770
2026-08-26T20:15:32Z,712f87f035c6cfe581ffb290d71707e9bca5b59b,6929,size_in_bytes,lib/ocaml/compiler-libs/persistent_env.cmt,1548251
2026-08-26T20:15:32Z,712f87f035c6cfe581ffb290d71707e9bca5b59b,6929,size_in_bytes,lib/ocaml/compiler-libs/flambda2_simplify__Call_site_inlining_decision.cmt,334299
2026-08-26T20:15:32Z,712f87f035c6cfe581ffb290d71707e9bca5b59b,6929,size_in_bytes,lib/ocaml/compiler-libs/flambda2_simplify__Unboxing_types.cmt,285250
2026-08-26T20:15:32Z,712f87f035c6cfe581ffb290d71707e9bca5b59b,6929,size_in_bytes,lib/ocaml/compiler-libs/flambda2_types__Join_env.cmt,3364003
2026-08-26T20:15:32Z,712f87f035c6cfe581ffb290d71707e9bca5b59b,6929,size_in_bytes,lib/ocaml/compiler-libs/dwarf_variables_and_parameters.cmt,238535
2026-08-26T20:15:32Z,712f87f035c6cfe581ffb290d71707e9bca5b59b,6929,size_in_bytes,lib/ocaml/compiler-libs/translclass.cmt,1716507
2026-08-26T20:15:32Z,712f87f035c6cfe581ffb290d71707e9bca5b59b,6929,size_in_bytes,lib/ocaml/compiler-libs/flambda2_algorithms__Patricia_tree.cmt,3284471
2026-08-26T20:15:32Z,712f87f035c6cfe581ffb290d71707e9bca5b59b,6929,size_in_bytes,lib/ocaml/compiler-libs/zero_alloc_info.cmt,83241
2026-08-26T20:15:32Z,712f87f035c6cfe581ffb290d71707e9bca5b59b,6929,size_in_bytes,lib/ocaml/compiler-libs/flambda2_terms.cmt,39577
2026-08-26T20:15:32Z,712f87f035c6cfe581ffb290d71707e9bca5b59b,6929,size_in_bytes,lib/ocaml/compiler-libs/dwarf_low__Location_list.cmt,20527
2026-08-26T20:15:32Z,712f87f035c6cfe581ffb290d71707e9bca5b59b,6929,size_in_bytes,lib/ocaml/compiler-libs/flambda2_term_basics__Inlined_debuginfo.cmt,122494
2026-08-26T20:15:32Z,712f87f035c6cfe581ffb290d71707e9bca5b59b,6929,size_in_bytes,lib/ocaml/compiler-libs/subst.cmt,1993219
2026-08-26T20:15:32Z,712f87f035c6cfe581ffb290d71707e9bca5b59b,6929,size_in_bytes,lib/ocaml/compiler-libs/flambda2_term_basics__Simple.cmt,660450
2026-08-26T20:15:32Z,712f87f035c6cfe581ffb290d71707e9bca5b59b,6929,size_in_bytes,lib/ocaml/compiler-libs/arm64_binary_emitter.cmt,26753
2026-08-26T20:15:32Z,712f87f035c6cfe581ffb290d71707e9bca5b59b,6929,size_in_bytes,lib/ocaml/compiler-libs/flambda2_terms__Expr_std.cmt,33190
2026-08-26T20:15:32Z,712f87f035c6cfe581ffb290d71707e9bca5b59b,6929,size_in_bytes,lib/ocaml/compiler-libs/flambda2_algorithms__Lmap.cmt,225601
2026-08-26T20:15:32Z,712f87f035c6cfe581ffb290d71707e9bca5b59b,6929,size_in_bytes,lib/ocaml/compiler-libs/compute_ranges_intf.cmt,190352
2026-08-26T20:15:32Z,712f87f035c6cfe581ffb290d71707e9bca5b59b,6929,size_in_bytes,lib/ocaml/compiler-libs/camlinternalMenhirLib.cmt,2289202
2026-08-26T20:15:32Z,712f87f035c6cfe581ffb290d71707e9bca5b59b,6929,size_in_bytes,lib/ocaml/compiler-libs/cfg_liveness.cmt,104259
2026-08-26T20:15:32Z,712f87f035c6cfe581ffb290d71707e9bca5b59b,6929,size_in_bytes,lib/ocaml/compiler-libs/cfg_selectgen_target_intf.cmt,70264
2026-08-26T20:15:32Z,712f87f035c6cfe581ffb290d71707e9bca5b59b,6929,size_in_bytes,lib/ocaml/compiler-libs/flambda2_ui__Flambda_features.cmt,373041
2026-08-26T20:15:32Z,712f87f035c6cfe581ffb290d71707e9bca5b59b,6929,size_in_bytes,lib/ocaml/compiler-libs/dwarf_low__Address_index.cmt,246216
2026-08-26T20:15:32Z,712f87f035c6cfe581ffb290d71707e9bca5b59b,6929,size_in_bytes,lib/ocaml/compiler-libs/flambda2_simplify__One_recursive_handler.cmt,58999
2026-08-26T20:15:32Z,712f87f035c6cfe581ffb290d71707e9bca5b59b,6929,size_in_bytes,lib/ocaml/compiler-libs/arm64_binary_emitter__Branch_helpers.cmt,278015
2026-08-26T20:15:32Z,712f87f035c6cfe581ffb290d71707e9bca5b59b,6929,size_in_bytes,lib/ocaml/compiler-libs/flambda2_term_basics.cmt,20586
2026-08-26T20:15:32Z,712f87f035c6cfe581ffb290d71707e9bca5b59b,6929,size_in_bytes,lib/ocaml/compiler-libs/flambda2_bound_identifiers__Bound_var.cmt,81997
2026-08-26T20:15:32Z,712f87f035c6cfe581ffb290d71707e9bca5b59b,6929,size_in_bytes,lib/ocaml/compiler-libs/flambda2_nominal__Ids_for_export.cmt,134680
2026-08-26T20:15:32Z,712f87f035c6cfe581ffb290d71707e9bca5b59b,6929,size_in_bytes,lib/ocaml/compiler-libs/local_store.cmt,77040
2026-08-26T20:15:32Z,712f87f035c6cfe581ffb290d71707e9bca5b59b,6929,size_in_bytes,lib/ocaml/compiler-libs/blambda.cmt,74234
2026-08-26T20:15:32Z,712f87f035c6cfe581ffb290d71707e9bca5b59b,6929,size_in_bytes,lib/ocaml/compiler-libs/simd.cmt,4669313
2026-08-26T20:15:32Z,712f87f035c6cfe581ffb290d71707e9bca5b59b,6929,size_in_bytes,lib/ocaml/compiler-libs/arm64_ast__Logical_immediates.cmt,208710
2026-08-26T20:15:32Z,712f87f035c6cfe581ffb290d71707e9bca5b59b,6929,size_in_bytes,lib/ocaml/compiler-libs/flambda2_simplify__Continuation_extra_params_and_args.cmt,217397
2026-08-26T20:15:32Z,712f87f035c6cfe581ffb290d71707e9bca5b59b,6929,size_in_bytes,lib/ocaml/compiler-libs/typetexp.cmt,2816987
2026-08-26T20:15:32Z,712f87f035c6cfe581ffb290d71707e9bca5b59b,6929,size_in_bytes,lib/ocaml/compiler-libs/x86_binary_emitter.cmt,3271120
2026-08-26T20:15:32Z,712f87f035c6cfe581ffb290d71707e9bca5b59b,6929,size_in_bytes,lib/ocaml/compiler-libs/flambda2_to_jsir__To_jsir_set_of_closures.cmt,101425
2026-08-26T20:15:32Z,712f87f035c6cfe581ffb290d71707e9bca5b59b,6929,size_in_bytes,lib/ocaml/compiler-libs/typeopt.cmt,1572988
2026-08-26T20:15:32Z,712f87f035c6cfe581ffb290d71707e9bca5b59b,6929,size_in_bytes,lib/ocaml/compiler-libs/flambda2_reaper__Cofield.cmt,145253
2026-08-26T20:15:32Z,712f87f035c6cfe581ffb290d71707e9bca5b59b,6929,size_in_bytes,lib/ocaml/compiler-libs/flambda2_types__Type_grammar.cmt,6030321
2026-08-26T20:15:32Z,712f87f035c6cfe581ffb290d71707e9bca5b59b,6929,size_in_bytes,lib/ocaml/compiler-libs/ast_helper.cmt,1640682
2026-08-26T20:15:32Z,712f87f035c6cfe581ffb290d71707e9bca5b59b,6929,size_in_bytes,lib/ocaml/compiler-libs/main_args.cmt,3996587
2026-08-26T20:15:32Z,712f87f035c6cfe581ffb290d71707e9bca5b59b,6929,size_in_bytes,lib/ocaml/compiler-libs/ident.cmt,706266
2026-08-26T20:15:32Z,712f87f035c6cfe581ffb290d71707e9bca5b59b,6929,size_in_bytes,lib/ocaml/compiler-libs/flambda2_terms__Trap_action.cmt,120815
2026-08-26T20:15:32Z,712f87f035c6cfe581ffb290d71707e9bca5b59b,6929,size_in_bytes,lib/ocaml/compiler-libs/simplif.cmt,1663725
2026-08-26T20:15:32Z,712f87f035c6cfe581ffb290d71707e9bca5b59b,6929,size_in_bytes,lib/ocaml/compiler-libs/partial_link.cmt,252470
2026-08-26T20:15:32Z,712f87f035c6cfe581ffb290d71707e9bca5b59b,6929,size_in_bytes,lib/ocaml/compiler-libs/flambda2_terms__Removed_operations.cmt,155332
2026-08-26T20:15:32Z,712f87f035c6cfe581ffb290d71707e9bca5b59b,6929,size_in_bytes,lib/ocaml/compiler-libs/llvmize.cmt,3083176
2026-08-26T20:15:32Z,712f87f035c6cfe581ffb290d71707e9bca5b59b,6929,size_in_bytes,lib/ocaml/compiler-libs/dwarf_low__Debug_ranges_table.cmt,44941
2026-08-26T20:15:32Z,712f87f035c6cfe581ffb290d71707e9bca5b59b,6929,size_in_bytes,lib/ocaml/compiler-libs/regalloc_invariants.cmt,266369
2026-08-26T20:15:32Z,712f87f035c6cfe581ffb290d71707e9bca5b59b,6929,size_in_bytes,lib/ocaml/compiler-libs/flambda2_terms__Code0.cmt,167301
2026-08-26T20:15:32Z,712f87f035c6cfe581ffb290d71707e9bca5b59b,6929,size_in_bytes,lib/ocaml/compiler-libs/flambda2_to_cmm.cmt,16765
2026-08-26T20:15:32Z,712f87f035c6cfe581ffb290d71707e9bca5b59b,6929,size_in_bytes,lib/ocaml/compiler-libs/parser_types.cmt,18269
2026-08-26T20:15:32Z,712f87f035c6cfe581ffb290d71707e9bca5b59b,6929,size_in_bytes,lib/ocaml/compiler-libs/flambda2_terms__Inlining_history.cmt,363505
2026-08-26T20:15:32Z,712f87f035c6cfe581ffb290d71707e9bca5b59b,6929,size_in_bytes,lib/ocaml/compiler-libs/regalloc_utils.cmt,731417
2026-08-26T20:15:32Z,712f87f035c6cfe581ffb290d71707e9bca5b59b,6929,size_in_bytes,lib/ocaml/compiler-libs/dwarf_low__Dwarf_attributes.cmt,657785
2026-08-26T20:15:32Z,712f87f035c6cfe581ffb290d71707e9bca5b59b,6929,size_in_bytes,lib/ocaml/compiler-libs/cfg_simplify.cmt,292289
2026-08-26T20:15:32Z,712f87f035c6cfe581ffb290d71707e9bca5b59b,6929,size_in_bytes,lib/ocaml/compiler-libs/opttoploop.cmt,1414360
2026-08-26T20:15:32Z,712f87f035c6cfe581ffb290d71707e9bca5b59b,6929,size_in_bytes,lib/ocaml/compiler-libs/extra_debug.cmt,57803
2026-08-26T20:15:32Z,712f87f035c6cfe581ffb290d71707e9bca5b59b,6929,size_in_bytes,lib/ocaml/compiler-libs/linear_format.cmt,108193
2026-08-26T20:15:32Z,712f87f035c6cfe581ffb290d71707e9bca5b59b,6929,size_in_bytes,lib/ocaml/compiler-libs/functorizer.cmt,370380
2026-08-26T20:15:32Z,712f87f035c6cfe581ffb290d71707e9bca5b59b,6929,size_in_bytes,lib/ocaml/compiler-libs/flambda2_simplify__Lifted_cont_params.cmt,115647
2026-08-26T20:15:32Z,712f87f035c6cfe581ffb290d71707e9bca5b59b,6929,size_in_bytes,lib/ocaml/compiler-libs/flambda2_simplify__Inlining_transforms.cmt,206110
2026-08-26T20:15:32Z,712f87f035c6cfe581ffb290d71707e9bca5b59b,6929,size_in_bytes,lib/ocaml/compiler-libs/flambda2_simplify__Apply_cont_rewrite.cmt,300071
2026-08-26T20:15:32Z,712f87f035c6cfe581ffb290d71707e9bca5b59b,6929,size_in_bytes,lib/ocaml/compiler-libs/flambda2_simplify__Non_constructed_code.cmt,56083
2026-08-26T20:15:32Z,712f87f035c6cfe581ffb290d71707e9bca5b59b,6929,size_in_bytes,lib/ocaml/compiler-libs/flambda2_lattices__Or_unknown.cmt,255190
2026-08-26T20:15:32Z,712f87f035c6cfe581ffb290d71707e9bca5b59b,6929,size_in_bytes,lib/ocaml/compiler-libs/cfg_dominators.cmt,570403
2026-08-26T20:15:32Z,712f87f035c6cfe581ffb290d71707e9bca5b59b,6929,size_in_bytes,lib/ocaml/compiler-libs/flambda2_terms__Code_metadata.cmt,778535
2026-08-26T20:15:32Z,712f87f035c6cfe581ffb290d71707e9bca5b59b,6929,size_in_bytes,lib/ocaml/compiler-libs/flambda2_simplify_shared__Are_rebuilding_terms.cmt,26224
2026-08-26T20:15:32Z,712f87f035c6cfe581ffb290d71707e9bca5b59b,6929,size_in_bytes,lib/ocaml/compiler-libs/flambda2_term_basics__Empty_array_kind.cmt,59856
2026-08-26T20:15:32Z,712f87f035c6cfe581ffb290d71707e9bca5b59b,6929,size_in_bytes,lib/ocaml/compiler-libs/flambda2_nominal__Bindable.cmt,32485
2026-08-26T20:15:32Z,712f87f035c6cfe581ffb290d71707e9bca5b59b,6929,size_in_bytes,lib/ocaml/compiler-libs/flambda2_types__Traversals.cmt,2125296
2026-08-26T20:15:32Z,712f87f035c6cfe581ffb290d71707e9bca5b59b,6929,size_in_bytes,lib/ocaml/compiler-libs/flambda2_identifiers__Value_slot.cmt,96689
2026-08-26T20:15:32Z,712f87f035c6cfe581ffb290d71707e9bca5b59b,6929,size_in_bytes,lib/ocaml/compiler-libs/flambda2_terms__Flambda.cmt,2285126
2026-08-26T20:15:32Z,712f87f035c6cfe581ffb290d71707e9bca5b59b,6929,size_in_bytes,lib/ocaml/compiler-libs/flambda2_nominal__Name_abstraction.cmt,140718
2026-08-26T20:15:32Z,712f87f035c6cfe581ffb290d71707e9bca5b59b,6929,size_in_bytes,lib/ocaml/compiler-libs/arm64_ast.cmt,11656
2026-08-26T20:15:32Z,712f87f035c6cfe581ffb290d71707e9bca5b59b,6929,size_in_bytes,lib/ocaml/compiler-libs/reg_with_debug_info.cmt,301969
2026-08-26T20:15:32Z,712f87f035c6cfe581ffb290d71707e9bca5b59b,6929,size_in_bytes,lib/ocaml/compiler-libs/flambda2_parser__Flambda_to_fexpr_commons.cmt,722054
2026-08-26T20:15:32Z,712f87f035c6cfe581ffb290d71707e9bca5b59b,6929,size_in_bytes,lib/ocaml/compiler-libs/flambda2_simplify__Simplify_ternary_primitive.cmt,173047
2026-08-26T20:15:32Z,712f87f035c6cfe581ffb290d71707e9bca5b59b,6929,size_in_bytes,lib/ocaml/compiler-libs/flambda2_parser__Fexpr.cmt,178583
2026-08-26T20:15:32Z,712f87f035c6cfe581ffb290d71707e9bca5b59b,6929,size_in_bytes,lib/ocaml/compiler-libs/flambda2_types__Typing_env_level.cmt,296059
2026-08-26T20:15:32Z,712f87f035c6cfe581ffb290d71707e9bca5b59b,6929,size_in_bytes,lib/ocaml/compiler-libs/structured_mangling.cmt,574752
2026-08-26T20:15:32Z,712f87f035c6cfe581ffb290d71707e9bca5b59b,6929,size_in_bytes,lib/ocaml/compiler-libs/flambda2_parser__Print_fexpr.cmt,1793330
2026-08-26T20:15:32Z,712f87f035c6cfe581ffb290d71707e9bca5b59b,6929,size_in_bytes,lib/ocaml/compiler-libs/flambda2_terms__Switch_expr.cmt,164048
2026-08-26T20:15:32Z,712f87f035c6cfe581ffb290d71707e9bca5b59b,6929,size_in_bytes,lib/ocaml/compiler-libs/targetint.cmt,164717
2026-08-26T20:15:32Z,712f87f035c6cfe581ffb290d71707e9bca5b59b,6929,size_in_bytes,lib/ocaml/compiler-libs/regalloc_affinity.cmt,184174
2026-08-26T20:15:32Z,712f87f035c6cfe581ffb290d71707e9bca5b59b,6929,size_in_bytes,lib/ocaml/compiler-libs/regalloc_substitution.cmt,99483
2026-08-26T20:15:32Z,712f87f035c6cfe581ffb290d71707e9bca5b59b,6929,size_in_bytes,lib/ocaml/compiler-libs/compenv.cmt,1112456
2026-08-26T20:15:32Z,712f87f035c6cfe581ffb290d71707e9bca5b59b,6929,size_in_bytes,lib/ocaml/compiler-libs/flambda2_simplify__Number_adjuncts.cmt,1905528
2026-08-26T20:15:32Z,712f87f035c6cfe581ffb290d71707e9bca5b59b,6929,size_in_bytes,lib/ocaml/compiler-libs/flambda2_nominal__Num_occurrences.cmt,23727
2026-08-26T20:15:32Z,712f87f035c6cfe581ffb290d71707e9bca5b59b,6929,size_in_bytes,lib/ocaml/compiler-libs/gprinttyp.cmt,1799090
2026-08-26T20:15:32Z,712f87f035c6cfe581ffb290d71707e9bca5b59b,6929,size_in_bytes,lib/ocaml/compiler-libs/flambda2_simplify__Loopify_state.cmt,38079
2026-08-26T20:15:32Z,712f87f035c6cfe581ffb290d71707e9bca5b59b,6929,size_in_bytes,lib/ocaml/compiler-libs/warnings.cmt,2265085
2026-08-26T20:15:32Z,712f87f035c6cfe581ffb290d71707e9bca5b59b,6929,size_in_bytes,lib/ocaml/compiler-libs/probe_emission.cmt,222970
2026-08-26T20:15:32Z,712f87f035c6cfe581ffb290d71707e9bca5b59b,6929,size_in_bytes,lib/ocaml/compiler-libs/signature_group.cmt,180960
2026-08-26T20:15:32Z,712f87f035c6cfe581ffb290d71707e9bca5b59b,6929,size_in_bytes,lib/ocaml/compiler-libs/x86_gas.cmt,877730
2026-08-26T20:15:32Z,712f87f035c6cfe581ffb290d71707e9bca5b59b,6929,size_in_bytes,lib/ocaml/compiler-libs/dwarf_high.cmt,14653
2026-08-26T20:15:32Z,712f87f035c6cfe581ffb290d71707e9bca5b59b,6929,size_in_bytes,lib/ocaml/compiler-libs/shape_reduce.cmt,971076
2026-08-26T20:15:32Z,712f87f035c6cfe581ffb290d71707e9bca5b59b,6929,size_in_bytes,lib/ocaml/compiler-libs/dwarf_low__Range_list_table.cmt,22518
2026-08-26T20:15:32Z,712f87f035c6cfe581ffb290d71707e9bca5b59b,6929,size_in_bytes,lib/ocaml/compiler-libs/flambda2_numbers.cmt,14703
2026-08-26T20:15:32Z,712f87f035c6cfe581ffb290d71707e9bca5b59b,6929,size_in_bytes,lib/ocaml/compiler-libs/opt_fuel.cmt,161448
2026-08-26T20:15:32Z,712f87f035c6cfe581ffb290d71707e9bca5b59b,6929,size_in_bytes,lib/ocaml/compiler-libs/flambda2_reaper__Types_rewriter.cmt,1517266
2026-08-26T20:15:32Z,712f87f035c6cfe581ffb290d71707e9bca5b59b,6929,size_in_bytes,lib/ocaml/compiler-libs/linker_script.cmt,69349
2026-08-26T20:15:32Z,712f87f035c6cfe581ffb290d71707e9bca5b59b,6929,size_in_bytes,lib/ocaml/compiler-libs/cfg_selectgen.cmt,2328687
2026-08-26T20:15:32Z,712f87f035c6cfe581ffb290d71707e9bca5b59b,6929,size_in_bytes,lib/ocaml/compiler-libs/flambda2_algorithms__Table_by_int_id.cmt,153927
2026-08-26T20:15:32Z,712f87f035c6cfe581ffb290d71707e9bca5b59b,6929,size_in_bytes,lib/ocaml/compiler-libs/flambda2_terms__Poll_attribute.cmt,35150
2026-08-26T20:15:32Z,712f87f035c6cfe581ffb290d71707e9bca5b59b,6929,size_in_bytes,lib/ocaml/compiler-libs/translquote.cmt,4860526
2026-08-26T20:15:32Z,712f87f035c6cfe581ffb290d71707e9bca5b59b,6929,size_in_bytes,lib/ocaml/compiler-libs/flambda2_reaper__Field.cmt,380407
2026-08-26T20:15:32Z,712f87f035c6cfe581ffb290d71707e9bca5b59b,6929,size_in_bytes,lib/ocaml/compiler-libs/topstart.cmt,13614
2026-08-26T20:15:32Z,712f87f035c6cfe581ffb290d71707e9bca5b59b,6929,size_in_bytes,lib/ocaml/compiler-libs/dwarf_low__Debug_loc_table.cmt,46392
2026-08-26T20:15:32Z,712f87f035c6cfe581ffb290d71707e9bca5b59b,6929,size_in_bytes,lib/ocaml/compiler-libs/flambda2_reaper__Rebuild.cmt,2873090
2026-08-26T20:15:32Z,712f87f035c6cfe581ffb290d71707e9bca5b59b,6929,size_in_bytes,lib/ocaml/compiler-libs/form_rewrite_plan.cmt,461793
2026-08-26T20:15:32Z,712f87f035c6cfe581ffb290d71707e9bca5b59b,6929,size_in_bytes,lib/ocaml/compiler-libs/flambda2_compare.cmt,11116
2026-08-26T20:15:32Z,712f87f035c6cfe581ffb290d71707e9bca5b59b,6929,size_in_bytes,lib/ocaml/compiler-libs/translattribute.cmt,512113
2026-08-26T20:15:32Z,712f87f035c6cfe581ffb290d71707e9bca5b59b,6929,size_in_bytes,lib/ocaml/compiler-libs/x86_proc.cmt,360028
2026-08-26T20:15:32Z,712f87f035c6cfe581ffb290d71707e9bca5b59b,6929,size_in_bytes,lib/ocaml/compiler-libs/asm_targets__Asm_label.cmt,246566
2026-08-26T20:15:32Z,712f87f035c6cfe581ffb290d71707e9bca5b59b,6929,size_in_bytes,lib/ocaml/compiler-libs/stack_class_utils.cmt,181973
2026-08-26T20:15:32Z,712f87f035c6cfe581ffb290d71707e9bca5b59b,6929,size_in_bytes,lib/ocaml/compiler-libs/sub_cfg.cmt,188660
2026-08-26T20:15:32Z,712f87f035c6cfe581ffb290d71707e9bca5b59b,6929,size_in_bytes,lib/ocaml/compiler-libs/flambda2_to_jsir__To_jsir_shared.cmt,146666
2026-08-26T20:15:32Z,712f87f035c6cfe581ffb290d71707e9bca5b59b,6929,size_in_bytes,lib/ocaml/compiler-libs/symtable.cmt,709882
2026-08-26T20:15:32Z,712f87f035c6cfe581ffb290d71707e9bca5b59b,6929,size_in_bytes,lib/ocaml/compiler-libs/profile.cmt,659219
2026-08-26T20:15:32Z,712f87f035c6cfe581ffb290d71707e9bca5b59b,6929,size_in_bytes,lib/ocaml/compiler-libs/printcfg.cmt,573750
2026-08-26T20:15:32Z,712f87f035c6cfe581ffb290d71707e9bca5b59b,6929,size_in_bytes,lib/ocaml/compiler-libs/arm64_binary_emitter__Shift_immh_immb_helpers.cmt,56465
2026-08-26T20:15:32Z,712f87f035c6cfe581ffb290d71707e9bca5b59b,6929,size_in_bytes,lib/ocaml/compiler-libs/flambda2_simplify__Continuation_in_env.cmt,121120
2026-08-26T20:15:32Z,712f87f035c6cfe581ffb290d71707e9bca5b59b,6929,size_in_bytes,lib/ocaml/compiler-libs/dwarf_low__Dwarf_tag.cmt,87315
2026-08-26T20:15:32Z,712f87f035c6cfe581ffb290d71707e9bca5b59b,6929,size_in_bytes,lib/ocaml/compiler-libs/value_rec_compiler.cmt,833351
2026-08-26T20:15:32Z,712f87f035c6cfe581ffb290d71707e9bca5b59b,6929,size_in_bytes,lib/ocaml/compiler-libs/flambda2_numbers__One_bit_fewer.cmt,154692
2026-08-26T20:15:32Z,712f87f035c6cfe581ffb290d71707e9bca5b59b,6929,size_in_bytes,lib/ocaml/compiler-libs/signature_with_global_bindings.cmt,89150
2026-08-26T20:15:32Z,712f87f035c6cfe581ffb290d71707e9bca5b59b,6929,size_in_bytes,lib/ocaml/compiler-libs/switch.cmt,1396281
2026-08-26T20:15:32Z,712f87f035c6cfe581ffb290d71707e9bca5b59b,6929,size_in_bytes,lib/ocaml/compiler-libs/flambda2_simplify__Simplify_expr.cmt,198626
2026-08-26T20:15:32Z,712f87f035c6cfe581ffb290d71707e9bca5b59b,6929,size_in_bytes,lib/ocaml/compiler-libs/flambda2_numbers__Numeric_types.cmt,1740055
2026-08-26T20:15:32Z,712f87f035c6cfe581ffb290d71707e9bca5b59b,6929,size_in_bytes,lib/ocaml/compiler-libs/uniqueness_analysis.cmt,3151622
2026-08-26T20:15:32Z,712f87f035c6cfe581ffb290d71707e9bca5b59b,6929,size_in_bytes,lib/ocaml/compiler-libs/bytegen.cmt,1395265
2026-08-26T20:15:32Z,712f87f035c6cfe581ffb290d71707e9bca5b59b,6929,size_in_bytes,lib/ocaml/compiler-libs/dwarf_low__Dwarf_emittable.cmt,21744
2026-08-26T20:15:32Z,712f87f035c6cfe581ffb290d71707e9bca5b59b,6929,size_in_bytes,lib/ocaml/compiler-libs/flambda2_parser__Parse_flambda.cmt,113795
2026-08-26T20:15:32Z,712f87f035c6cfe581ffb290d71707e9bca5b59b,6929,size_in_bytes,lib/ocaml/compiler-libs/amd64_simd_instrs.cmt,55114681
2026-08-26T20:15:32Z,712f87f035c6cfe581ffb290d71707e9bca5b59b,6929,size_in_bytes,lib/ocaml/compiler-libs/errortrace.cmt,174081
2026-08-26T20:15:32Z,712f87f035c6cfe581ffb290d71707e9bca5b59b,6929,size_in_bytes,lib/ocaml/compiler-libs/dwarf_low__Dwarf_arch_sizes.cmt,12243
2026-08-26T20:15:32Z,712f87f035c6cfe581ffb290d71707e9bca5b59b,6929,size_in_bytes,lib/ocaml/compiler-libs/load_path.cmt,640556
2026-08-26T20:15:32Z,712f87f035c6cfe581ffb290d71707e9bca5b59b,6929,size_in_bytes,lib/ocaml/compiler-libs/flambda2_simplify_shared__Inlining_helpers.cmt,148017
2026-08-26T20:15:32Z,712f87f035c6cfe581ffb290d71707e9bca5b59b,6929,size_in_bytes,lib/ocaml/compiler-libs/regalloc_gi_utils.cmt,731821
2026-08-26T20:15:32Z,712f87f035c6cfe581ffb290d71707e9bca5b59b,6929,size_in_bytes,lib/ocaml/compiler-libs/asm_targets__Asm_directives_dwarf.cmt,13827
2026-08-26T20:15:32Z,712f87f035c6cfe581ffb290d71707e9bca5b59b,6929,size_in_bytes,lib/ocaml/compiler-libs/flambda2_simplify__Data_flow_graph.cmt,609101
2026-08-26T20:15:32Z,712f87f035c6cfe581ffb290d71707e9bca5b59b,6929,size_in_bytes,lib/ocaml/compiler-libs/bytelink.cmt,1111513
2026-08-26T20:15:32Z,712f87f035c6cfe581ffb290d71707e9bca5b59b,6929,size_in_bytes,lib/ocaml/compiler-libs/flambda2_to_cmm__To_cmm_expr.cmt,1847382
2026-08-26T20:15:32Z,712f87f035c6cfe581ffb290d71707e9bca5b59b,6929,size_in_bytes,lib/ocaml/compiler-libs/identifiable.cmt,671389
2026-08-26T20:15:32Z,712f87f035c6cfe581ffb290d71707e9bca5b59b,6929,size_in_bytes,lib/ocaml/compiler-libs/flambda2_datalog.cmt,399227
2026-08-26T20:15:32Z,712f87f035c6cfe581ffb290d71707e9bca5b59b,6929,size_in_bytes,lib/ocaml/compiler-libs/includemod.cmt,2140482
2026-08-26T20:15:32Z,712f87f035c6cfe581ffb290d71707e9bca5b59b,6929,size_in_bytes,lib/ocaml/compiler-libs/slambda.cmt,32857
2026-08-26T20:15:32Z,712f87f035c6cfe581ffb290d71707e9bca5b59b,6929,size_in_bytes,lib/ocaml/compiler-libs/arm64_binary_emitter__Load_store_helpers.cmt,1011320
2026-08-26T20:15:32Z,712f87f035c6cfe581ffb290d71707e9bca5b59b,6929,size_in_bytes,lib/ocaml/compiler-libs/flambda2_identifiers__Continuation_callsite_map.cmt,40548
2026-08-26T20:15:32Z,712f87f035c6cfe581ffb290d71707e9bca5b59b,6929,size_in_bytes,lib/ocaml/compiler-libs/flambda2_reaper__Analysis.cmt,92381
2026-08-26T20:15:32Z,712f87f035c6cfe581ffb290d71707e9bca5b59b,6929,size_in_bytes,lib/ocaml/compiler-libs/vectorize_utils.cmt,130466
2026-08-26T20:15:32Z,712f87f035c6cfe581ffb290d71707e9bca5b59b,6929,size_in_bytes,lib/ocaml/compiler-libs/mtype.cmt,1132590
2026-08-26T20:15:32Z,712f87f035c6cfe581ffb290d71707e9bca5b59b,6929,size_in_bytes,lib/ocaml/compiler-libs/priority_queue.cmt,250357
2026-08-26T20:15:32Z,712f87f035c6cfe581ffb290d71707e9bca5b59b,6929,size_in_bytes,lib/ocaml/compiler-libs/instantiator.cmt,316561
2026-08-26T20:15:32Z,712f87f035c6cfe581ffb290d71707e9bca5b59b,6929,size_in_bytes,lib/ocaml/compiler-libs/runtime_shape.cmt,727925
2026-08-26T20:15:32Z,712f87f035c6cfe581ffb290d71707e9bca5b59b,6929,size_in_bytes,lib/ocaml/compiler-libs/build_path_prefix_map.cmt,162278
2026-08-26T20:15:32Z,712f87f035c6cfe581ffb290d71707e9bca5b59b,6929,size_in_bytes,lib/ocaml/compiler-libs/doubly_linked_list.cmt,525135
2026-08-26T20:15:32Z,712f87f035c6cfe581ffb290d71707e9bca5b59b,6929,size_in_bytes,lib/ocaml/compiler-libs/cfg_cse.cmt,588881
2026-08-26T20:15:32Z,712f87f035c6cfe581ffb290d71707e9bca5b59b,6929,size_in_bytes,lib/ocaml/compiler-libs/flambda2_floats.cmt,11130
2026-08-26T20:15:32Z,712f87f035c6cfe581ffb290d71707e9bca5b59b,6929,size_in_bytes,lib/ocaml/compiler-libs/flambda2_terms__Probe.cmt,33031
2026-08-26T20:15:32Z,712f87f035c6cfe581ffb290d71707e9bca5b59b,6929,size_in_bytes,lib/ocaml/compiler-libs/printlinear.cmt,308385
2026-08-26T20:15:32Z,712f87f035c6cfe581ffb290d71707e9bca5b59b,6929,size_in_bytes,lib/ocaml/compiler-libs/bytepackager.cmt,398030
2026-08-26T20:15:32Z,712f87f035c6cfe581ffb290d71707e9bca5b59b,6929,size_in_bytes,lib/ocaml/compiler-libs/cmm.cmt,671044
2026-08-26T20:15:32Z,712f87f035c6cfe581ffb290d71707e9bca5b59b,6929,size_in_bytes,lib/ocaml/compiler-libs/location.cmt,1493670
2026-08-26T20:15:32Z,712f87f035c6cfe581ffb290d71707e9bca5b59b,6929,size_in_bytes,lib/ocaml/compiler-libs/flambda2_term_basics__Unit.cmt,167579
2026-08-26T20:15:32Z,712f87f035c6cfe581ffb290d71707e9bca5b59b,6929,size_in_bytes,lib/ocaml/compiler-libs/diffing_with_keys.cmt,280111
2026-08-26T20:15:32Z,712f87f035c6cfe581ffb290d71707e9bca5b59b,6929,size_in_bytes,lib/ocaml/compiler-libs/flambda2_parser__Flambda_lex.cmt,282276
2026-08-26T20:15:32Z,712f87f035c6cfe581ffb290d71707e9bca5b59b,6929,size_in_bytes,lib/ocaml/compiler-libs/flambda2_from_lambda__Lambda_to_flambda_primitives.cmt,4275874
2026-08-26T20:15:32Z,712f87f035c6cfe581ffb290d71707e9bca5b59b,6929,size_in_bytes,lib/ocaml/compiler-libs/parmatch.cmt,2969545
2026-08-26T20:15:32Z,712f87f035c6cfe581ffb290d71707e9bca5b59b,6929,size_in_bytes,lib/ocaml/compiler-libs/linkenv.cmt,490607
2026-08-26T20:15:32Z,712f87f035c6cfe581ffb290d71707e9bca5b59b,6929,size_in_bytes,lib/ocaml/compiler-libs/runtimedef.cmt,99291
2026-08-26T20:15:32Z,712f87f035c6cfe581ffb290d71707e9bca5b59b,6929,size_in_bytes,lib/ocaml/compiler-libs/maindriver.cmt,153993
2026-08-26T20:15:32Z,712f87f035c6cfe581ffb290d71707e9bca5b59b,6929,size_in_bytes,lib/ocaml/compiler-libs/flambda2_to_cmm__To_cmm_effects.cmt,76189
2026-08-26T20:15:32Z,712f87f035c6cfe581ffb290d71707e9bca5b59b,6929,size_in_bytes,lib/ocaml/compiler-libs/ikind.cmt,2221775
2026-08-26T20:15:32Z,712f87f035c6cfe581ffb290d71707e9bca5b59b,6929,size_in_bytes,lib/ocaml/compiler-libs/mixed_block_shape.cmt,315576
2026-08-26T20:15:32Z,712f87f035c6cfe581ffb290d71707e9bca5b59b,6929,size_in_bytes,lib/ocaml/compiler-libs/docstrings.cmt,333595
2026-08-26T20:15:32Z,712f87f035c6cfe581ffb290d71707e9bca5b59b,6929,size_in_bytes,lib/ocaml/compiler-libs/typemod.cmt,6500659
2026-08-26T20:15:32Z,712f87f035c6cfe581ffb290d71707e9bca5b59b,6929,size_in_bytes,lib/ocaml/compiler-libs/flambda2_simplify__Are_lifting_conts.cmt,95496
2026-08-26T20:15:32Z,712f87f035c6cfe581ffb290d71707e9bca5b59b,6929,size_in_bytes,lib/ocaml/compiler-libs/flambda2_types.cmt,446633
2026-08-26T20:15:32Z,712f87f035c6cfe581ffb290d71707e9bca5b59b,6929,size_in_bytes,lib/ocaml/compiler-libs/cfg_cse_target_intf.cmt,41175
2026-08-26T20:15:32Z,712f87f035c6cfe581ffb290d71707e9bca5b59b,6929,size_in_bytes,lib/ocaml/compiler-libs/mixed_product_bytes.cmt,174610
2026-08-26T20:15:32Z,712f87f035c6cfe581ffb290d71707e9bca5b59b,6929,size_in_bytes,lib/ocaml/compiler-libs/flambda2_from_lambda__Lambda_to_flambda_primitives_helpers.cmt,706505
2026-08-26T20:15:32Z,712f87f035c6cfe581ffb290d71707e9bca5b59b,6929,size_in_bytes,lib/ocaml/compiler-libs/flambda2_types__Type_descr.cmt,255531
2026-08-26T20:15:32Z,712f87f035c6cfe581ffb290d71707e9bca5b59b,6929,size_in_bytes,lib/ocaml/compiler-libs/dwarf_low__Debugging_information_entry.cmt,62652
2026-08-26T20:15:32Z,712f87f035c6cfe581ffb290d71707e9bca5b59b,6929,size_in_bytes,lib/ocaml/compiler-libs/slambdaeval.cmt,851981
2026-08-26T20:15:32Z,712f87f035c6cfe581ffb290d71707e9bca5b59b,6929,size_in_bytes,lib/ocaml/compiler-libs/flambda2_simplify__Optimistic_unboxing_decision.cmt,243710
2026-08-26T20:15:32Z,712f87f035c6cfe581ffb290d71707e9bca5b59b,6929,size_in_bytes,lib/ocaml/compiler-libs/patterns.cmt,325534
2026-08-26T20:15:32Z,712f87f035c6cfe581ffb290d71707e9bca5b59b,6929,size_in_bytes,lib/ocaml/compiler-libs/flambda2_terms__Function_declarations.cmt,127687
2026-08-26T20:15:32Z,712f87f035c6cfe581ffb290d71707e9bca5b59b,6929,size_in_bytes,lib/ocaml/compiler-libs/flambda2_algorithms.cmt,16167
2026-08-26T20:15:32Z,712f87f035c6cfe581ffb290d71707e9bca5b59b,6929,size_in_bytes,lib/ocaml/compiler-libs/flambda2_simplify__Simplify_primitive.cmt,324428
2026-08-26T20:15:32Z,712f87f035c6cfe581ffb290d71707e9bca5b59b,6929,size_in_bytes,lib/ocaml/compiler-libs/arm64_binary_emitter__Data_proc_helpers.cmt,147420
2026-08-26T20:15:32Z,712f87f035c6cfe581ffb290d71707e9bca5b59b,6929,size_in_bytes,lib/ocaml/compiler-libs/data_types.cmt,68244
2026-08-26T20:15:32Z,712f87f035c6cfe581ffb290d71707e9bca5b59b,6929,size_in_bytes,lib/ocaml/compiler-libs/x86_ast_utils.cmt,179262
2026-08-26T20:15:32Z,712f87f035c6cfe581ffb290d71707e9bca5b59b,6929,size_in_bytes,lib/ocaml/compiler-libs/flambda2_simplify__Continuation_uses_env_intf.cmt,42467
2026-08-26T20:15:32Z,712f87f035c6cfe581ffb290d71707e9bca5b59b,6929,size_in_bytes,lib/ocaml/compiler-libs/asmlink.cmt,615739
2026-08-26T20:15:32Z,712f87f035c6cfe581ffb290d71707e9bca5b59b,6929,size_in_bytes,lib/ocaml/compiler-libs/proc.cmt,736733
2026-08-26T20:15:32Z,712f87f035c6cfe581ffb290d71707e9bca5b59b,6929,size_in_bytes,lib/ocaml/compiler-libs/CSE.cmt,78544
2026-08-26T20:15:32Z,712f87f035c6cfe581ffb290d71707e9bca5b59b,6929,size_in_bytes,lib/ocaml/compiler-libs/amd64_simd_defs.cmt,366891
2026-08-26T20:15:32Z,712f87f035c6cfe581ffb290d71707e9bca5b59b,6929,size_in_bytes,lib/ocaml/compiler-libs/debuginfo.cmt,595811
2026-08-26T20:15:32Z,712f87f035c6cfe581ffb290d71707e9bca5b59b,6929,size_in_bytes,lib/ocaml/compiler-libs/x86_peephole_utils.cmt,300802
2026-08-26T20:15:32Z,712f87f035c6cfe581ffb290d71707e9bca5b59b,6929,size_in_bytes,lib/ocaml/compiler-libs/dwarf_low__Dwarf_4_range_list_entry.cmt,100196
2026-08-26T20:15:32Z,712f87f035c6cfe581ffb290d71707e9bca5b59b,6929,size_in_bytes,lib/ocaml/compiler-libs/printblambda.cmt,563283
2026-08-26T20:15:32Z,712f87f035c6cfe581ffb290d71707e9bca5b59b,6929,size_in_bytes,lib/ocaml/compiler-libs/path.cmt,326900
2026-08-26T20:15:32Z,712f87f035c6cfe581ffb290d71707e9bca5b59b,6929,size_in_bytes,lib/ocaml/compiler-libs/pparse.cmt,330018
2026-08-26T20:15:32Z,712f87f035c6cfe581ffb290d71707e9bca5b59b,6929,size_in_bytes,lib/ocaml/compiler-libs/flambda2_algorithms__Container_types_intf.cmt,734853
2026-08-26T20:15:32Z,712f87f035c6cfe581ffb290d71707e9bca5b59b,6929,size_in_bytes,lib/ocaml/compiler-libs/flambda2_parser__Fexpr_prim.cmt,1591943
2026-08-26T20:15:32Z,712f87f035c6cfe581ffb290d71707e9bca5b59b,6929,size_in_bytes,lib/ocaml/compiler-libs/regalloc_ls.cmt,468450
2026-08-26T20:15:32Z,712f87f035c6cfe581ffb290d71707e9bca5b59b,6929,size_in_bytes,lib/ocaml/compiler-libs/dwarf_low__Simple_location_description.cmt,22879
2026-08-26T20:15:32Z,712f87f035c6cfe581ffb290d71707e9bca5b59b,6929,size_in_bytes,lib/ocaml/compiler-libs/cfg_colours.cmt,43378
2026-08-26T20:15:32Z,712f87f035c6cfe581ffb290d71707e9bca5b59b,6929,size_in_bytes,lib/ocaml/compiler-libs/flambda2_terms__Call_kind.cmt,641006
2026-08-26T20:15:32Z,712f87f035c6cfe581ffb290d71707e9bca5b59b,6929,size_in_bytes,lib/ocaml/compiler-libs/flambda2_kinds__Flambda_arity.cmt,229546
2026-08-26T20:15:32Z,712f87f035c6cfe581ffb290d71707e9bca5b59b,6929,size_in_bytes,lib/ocaml/compiler-libs/flambda2_types__Cached_level.cmt,136316
2026-08-26T20:15:32Z,712f87f035c6cfe581ffb290d71707e9bca5b59b,6929,size_in_bytes,lib/ocaml/compiler-libs/flambda2_terms__Coeffects.cmt,38975
2026-08-26T20:15:32Z,712f87f035c6cfe581ffb290d71707e9bca5b59b,6929,size_in_bytes,lib/ocaml/compiler-libs/emit.cmt,4654713
2026-08-26T20:15:32Z,712f87f035c6cfe581ffb290d71707e9bca5b59b,6929,size_in_bytes,lib/ocaml/compiler-libs/emitaux.cmt,1161857
2026-08-26T20:15:32Z,712f87f035c6cfe581ffb290d71707e9bca5b59b,6929,size_in_bytes,lib/ocaml/compiler-libs/flambda2_ui__Flambda_colours.cmt,101645
2026-08-26T20:15:32Z,712f87f035c6cfe581ffb290d71707e9bca5b59b,6929,size_in_bytes,lib/ocaml/compiler-libs/language_extension.cmt,534421
2026-08-26T20:15:32Z,712f87f035c6cfe581ffb290d71707e9bca5b59b,6929,size_in_bytes,lib/ocaml/compiler-libs/current_unit.cmt,74572
2026-08-26T20:15:32Z,712f87f035c6cfe581ffb290d71707e9bca5b59b,6929,size_in_bytes,lib/ocaml/compiler-libs/flambda2_datalog__.cmt,18051
2026-08-26T20:15:32Z,712f87f035c6cfe581ffb290d71707e9bca5b59b,6929,size_in_bytes,lib/ocaml/compiler-libs/zero_alloc_utils.cmt,258071
2026-08-26T20:15:32Z,712f87f035c6cfe581ffb290d71707e9bca5b59b,6929,size_in_bytes,lib/ocaml/compiler-libs/location_tracker_formatter.cmt,171467
2026-08-26T20:15:32Z,712f87f035c6cfe581ffb290d71707e9bca5b59b,6929,size_in_bytes,lib/ocaml/compiler-libs/asm_targets__Asm_symbol.cmt,268722
2026-08-26T20:15:32Z,712f87f035c6cfe581ffb290d71707e9bca5b59b,6929,size_in_bytes,lib/ocaml/compiler-libs/flambda2_simplify__Simplify_variadic_primitive.cmt,220978
2026-08-26T20:15:32Z,712f87f035c6cfe581ffb290d71707e9bca5b59b,6929,size_in_bytes,lib/ocaml/compiler-libs/flambda2_simplify_shared__Inlining_report.cmt,969343
2026-08-26T20:15:32Z,712f87f035c6cfe581ffb290d71707e9bca5b59b,6929,size_in_bytes,lib/ocaml/compiler-libs/flambda2_term_basics__Symbol_projection.cmt,175517
2026-08-26T20:15:32Z,712f87f035c6cfe581ffb290d71707e9bca5b59b,6929,size_in_bytes,lib/ocaml/compiler-libs/arm64_binary_emitter__Mov_helpers.cmt,65909
2026-08-26T20:15:32Z,712f87f035c6cfe581ffb290d71707e9bca5b59b,6929,size_in_bytes,lib/ocaml/compiler-libs/translobj.cmt,218778
2026-08-26T20:15:32Z,712f87f035c6cfe581ffb290d71707e9bca5b59b,6929,size_in_bytes,lib/ocaml/compiler-libs/flambda2_simplify__Lifted_constant_state.cmt,251320
2026-08-26T20:15:32Z,712f87f035c6cfe581ffb290d71707e9bca5b59b,6929,size_in_bytes,lib/ocaml/compiler-libs/flambda2_from_lambda.cmt,16158
2026-08-26T20:15:32Z,712f87f035c6cfe581ffb290d71707e9bca5b59b,6929,size_in_bytes,lib/ocaml/compiler-libs/dwarf_low__Range_list.cmt,20322
2026-08-26T20:15:32Z,712f87f035c6cfe581ffb290d71707e9bca5b59b,6929,size_in_bytes,lib/ocaml/compiler-libs/flambda2_simplify__Non_recursive_handler.cmt,107823
2026-08-26T20:15:32Z,712f87f035c6cfe581ffb290d71707e9bca5b59b,6929,size_in_bytes,lib/ocaml/compiler-libs/flambda2_datalog__Heterogenous_list.cmt,26461
2026-08-26T20:15:32Z,712f87f035c6cfe581ffb290d71707e9bca5b59b,6929,size_in_bytes,lib/ocaml/compiler-libs/dissector_log.cmt,34859
2026-08-26T20:15:32Z,712f87f035c6cfe581ffb290d71707e9bca5b59b,6929,size_in_bytes,lib/ocaml/compiler-libs/printtyped.cmt,4043971
2026-08-26T20:15:32Z,712f87f035c6cfe581ffb290d71707e9bca5b59b,6929,size_in_bytes,lib/ocaml/compiler-libs/jkind_axis.cmt,395459
2026-08-26T20:15:32Z,712f87f035c6cfe581ffb290d71707e9bca5b59b,6929,size_in_bytes,lib/ocaml/compiler-libs/llvm_ir.cmt,1639188
2026-08-26T20:15:32Z,712f87f035c6cfe581ffb290d71707e9bca5b59b,6929,size_in_bytes,lib/ocaml/compiler-libs/regalloc_gi_state.cmt,68702
2026-08-26T20:15:32Z,712f87f035c6cfe581ffb290d71707e9bca5b59b,6929,size_in_bytes,lib/ocaml/compiler-libs/asmgen.cmt,1060523
2026-08-26T20:15:32Z,712f87f035c6cfe581ffb290d71707e9bca5b59b,6929,size_in_bytes,lib/ocaml/compiler-libs/flambda2_identifiers__Apply_cont_rewrite_id.cmt,30563
2026-08-26T20:15:32Z,712f87f035c6cfe581ffb290d71707e9bca5b59b,6929,size_in_bytes,lib/ocaml/compiler-libs/dwarf_low__Initial_length.cmt,29500
2026-08-26T20:15:32Z,712f87f035c6cfe581ffb290d71707e9bca5b59b,6929,size_in_bytes,lib/ocaml/compiler-libs/ldd.cmt,1049473
2026-08-26T20:15:32Z,712f87f035c6cfe581ffb290d71707e9bca5b59b,6929,size_in_bytes,lib/ocaml/compiler-libs/arm64_binary_emitter__Encode_instruction.cmt,2069597
2026-08-26T20:15:32Z,712f87f035c6cfe581ffb290d71707e9bca5b59b,6929,size_in_bytes,lib/ocaml/compiler-libs/flambda2_term_basics__Tag_and_size.cmt,177777
2026-08-26T20:15:32Z,712f87f035c6cfe581ffb290d71707e9bca5b59b,6929,size_in_bytes,lib/ocaml/compiler-libs/includemod_errorprinter.cmt,2181820
2026-08-26T20:15:32Z,712f87f035c6cfe581ffb290d71707e9bca5b59b,6929,size_in_bytes,lib/ocaml/compiler-libs/byteinstantiator.cmt,31637
2026-08-26T20:15:32Z,712f87f035c6cfe581ffb290d71707e9bca5b59b,6929,size_in_bytes,lib/ocaml/compiler-libs/flambda2_simplify__Build_unboxing_denv.cmt,298580
2026-08-26T20:15:32Z,712f87f035c6cfe581ffb290d71707e9bca5b59b,6929,size_in_bytes,lib/ocaml/compiler-libs/builtin_attributes.cmt,1263735
2026-08-26T20:15:32Z,712f87f035c6cfe581ffb290d71707e9bca5b59b,6929,size_in_bytes,lib/ocaml/compiler-libs/printreg.cmt,157547
2026-08-26T20:15:32Z,712f87f035c6cfe581ffb290d71707e9bca5b59b,6929,size_in_bytes,lib/ocaml/compiler-libs/flambda2_identifiers__Code_id_or_symbol.cmt,23777
2026-08-26T20:15:32Z,712f87f035c6cfe581ffb290d71707e9bca5b59b,6929,size_in_bytes,lib/ocaml/compiler-libs/flambda2_bound_identifiers__Bound_pattern.cmt,246901
2026-08-26T20:15:32Z,712f87f035c6cfe581ffb290d71707e9bca5b59b,6929,size_in_bytes,lib/ocaml/compiler-libs/flambda2_simplify__Continuation_uses.cmt,229358
2026-08-26T20:15:32Z,712f87f035c6cfe581ffb290d71707e9bca5b59b,6929,size_in_bytes,lib/ocaml/compiler-libs/env.cmt,8029073
2026-08-26T20:15:32Z,712f87f035c6cfe581ffb290d71707e9bca5b59b,6929,size_in_bytes,lib/ocaml/compiler-libs/flambda2_kinds__Tag.cmt,448002
2026-08-26T20:15:32Z,712f87f035c6cfe581ffb290d71707e9bca5b59b,6929,size_in_bytes,lib/ocaml/compiler-libs/flambda2_simplify_shared__Call_site_inlining_decision_type.cmt,442704
2026-08-26T20:15:32Z,712f87f035c6cfe581ffb290d71707e9bca5b59b,6929,size_in_bytes,lib/ocaml/compiler-libs/relocatable_symbol_name.cmt,17941
2026-08-26T20:15:32Z,712f87f035c6cfe581ffb290d71707e9bca5b59b,6929,size_in_bytes,lib/ocaml/compiler-libs/int_replace_polymorphic_compare.cmt,29030
2026-08-26T20:15:32Z,712f87f035c6cfe581ffb290d71707e9bca5b59b,6929,size_in_bytes,lib/ocaml/compiler-libs/zero_alloc_annotations.cmt,49621
2026-08-26T20:15:32Z,712f87f035c6cfe581ffb290d71707e9bca5b59b,6929,size_in_bytes,lib/ocaml/compiler-libs/includecore.cmt,2389642
2026-08-26T20:15:32Z,712f87f035c6cfe581ffb290d71707e9bca5b59b,6929,size_in_bytes,lib/ocaml/compiler-libs/printpat.cmt,508667
2026-08-26T20:15:32Z,712f87f035c6cfe581ffb290d71707e9bca5b59b,6929,size_in_bytes,lib/ocaml/compiler-libs/dwarf_low__Dwarf_version.cmt,32868
2026-08-26T20:15:32Z,712f87f035c6cfe581ffb290d71707e9bca5b59b,6929,size_in_bytes,lib/ocaml/compiler-libs/flambda2_bound_identifiers__Bound_name.cmt,57289
2026-08-26T20:15:32Z,712f87f035c6cfe581ffb290d71707e9bca5b59b,6929,size_in_bytes,lib/ocaml/compiler-libs/flambda2_simplify__Specialization_cost.cmt,209927
2026-08-26T20:15:32Z,712f87f035c6cfe581ffb290d71707e9bca5b59b,6929,size_in_bytes,lib/ocaml/compiler-libs/flambda2_from_lambda__Closure_conversion.cmt,4444595
2026-08-26T20:15:32Z,712f87f035c6cfe581ffb290d71707e9bca5b59b,6929,size_in_bytes,lib/ocaml/compiler-libs/lambda.cmt,3471447
2026-08-26T20:15:32Z,712f87f035c6cfe581ffb290d71707e9bca5b59b,6929,size_in_bytes,lib/ocaml/compiler-libs/flambda2_simplify__Flow.cmt,25949
2026-08-26T20:15:32Z,712f87f035c6cfe581ffb290d71707e9bca5b59b,6929,size_in_bytes,lib/ocaml/compiler-libs/primitive.cmt,1249375
2026-08-26T20:15:32Z,712f87f035c6cfe581ffb290d71707e9bca5b59b,6929,size_in_bytes,lib/ocaml/compiler-libs/flambda2_simplify__Flow_acc.cmt,676657
2026-08-26T20:15:32Z,712f87f035c6cfe581ffb290d71707e9bca5b59b,6929,size_in_bytes,lib/ocaml/compiler-libs/dwarf_low__Dwarf_value.cmt,512364
2026-08-26T20:15:32Z,712f87f035c6cfe581ffb290d71707e9bca5b59b,6929,size_in_bytes,lib/ocaml/compiler-libs/btype.cmt,2667563
2026-08-26T20:15:32Z,712f87f035c6cfe581ffb290d71707e9bca5b59b,6929,size_in_bytes,lib/ocaml/compiler-libs/transl_comprehension_utils.cmt,216331
2026-08-26T20:15:32Z,712f87f035c6cfe581ffb290d71707e9bca5b59b,6929,size_in_bytes,lib/ocaml/compiler-libs/flambda2_identifiers__Variable.cmt,49236
2026-08-26T20:15:32Z,712f87f035c6cfe581ffb290d71707e9bca5b59b,6929,size_in_bytes,lib/ocaml/compiler-libs/flambda2_simplify__Simplify_simple.cmt,80655
2026-08-26T20:15:32Z,712f87f035c6cfe581ffb290d71707e9bca5b59b,6929,size_in_bytes,lib/ocaml/compiler-libs/flambda2_terms__Effects.cmt,54967
2026-08-26T20:15:32Z,712f87f035c6cfe581ffb290d71707e9bca5b59b,6929,size_in_bytes,lib/ocaml/compiler-libs/flambda2_from_lambda__Closure_conversion_aux.cmt,1282513
2026-08-26T20:15:32Z,712f87f035c6cfe581ffb290d71707e9bca5b59b,6929,size_in_bytes,lib/ocaml/compiler-libs/flambda2_types__Code_age_relation.cmt,125221
2026-08-26T20:15:32Z,712f87f035c6cfe581ffb290d71707e9bca5b59b,6929,size_in_bytes,lib/ocaml/compiler-libs/measure_object_files.cmt,232869
2026-08-26T20:15:32Z,712f87f035c6cfe581ffb290d71707e9bca5b59b,6929,size_in_bytes,lib/ocaml/compiler-libs/flambda2_import.cmt,11338
2026-08-26T20:15:32Z,712f87f035c6cfe581ffb290d71707e9bca5b59b,6929,size_in_bytes,lib/ocaml/compiler-libs/flambda2_types__Binding_time.cmt,203306
2026-08-26T20:15:32Z,712f87f035c6cfe581ffb290d71707e9bca5b59b,6929,size_in_bytes,lib/ocaml/compiler-libs/regalloc_ls_state.cmt,316361
2026-08-26T20:15:32Z,712f87f035c6cfe581ffb290d71707e9bca5b59b,6929,size_in_bytes,lib/ocaml/compiler-libs/flambda2_simplify__Flow_analysis.cmt,215700
2026-08-26T20:15:32Z,712f87f035c6cfe581ffb290d71707e9bca5b59b,6929,size_in_bytes,lib/ocaml/compiler-libs/flambda2_terms__Inline_attribute.cmt,58303
2026-08-26T20:15:32Z,712f87f035c6cfe581ffb290d71707e9bca5b59b,6929,size_in_bytes,lib/ocaml/compiler-libs/regalloc_split_utils.cmt,147647
2026-08-26T20:15:32Z,712f87f035c6cfe581ffb290d71707e9bca5b59b,6929,size_in_bytes,lib/ocaml/compiler-libs/flambda2_terms__Regalloc_param_attribute.cmt,54376
2026-08-26T20:15:32Z,712f87f035c6cfe581ffb290d71707e9bca5b59b,6929,size_in_bytes,lib/ocaml/compiler-libs/flambda2_bound_identifiers__Alloc_mode.cmt,324875
2026-08-26T20:15:32Z,712f87f035c6cfe581ffb290d71707e9bca5b59b,6929,size_in_bytes,lib/ocaml/compiler-libs/flambda2_reaper__Traverse_env.cmt,65449
2026-08-26T20:15:32Z,712f87f035c6cfe581ffb290d71707e9bca5b59b,6929,size_in_bytes,lib/ocaml/compiler-libs/flambda2_simplify__Simplify_import.cmt,43769
2026-08-26T20:15:32Z,712f87f035c6cfe581ffb290d71707e9bca5b59b,6929,size_in_bytes,lib/ocaml/compiler-libs/includeclass.cmt,182548
2026-08-26T20:15:32Z,712f87f035c6cfe581ffb290d71707e9bca5b59b,6929,size_in_bytes,lib/ocaml/compiler-libs/flambda2_simplify__Expr_builder.cmt,733381
2026-08-26T20:15:32Z,712f87f035c6cfe581ffb290d71707e9bca5b59b,6929,size_in_bytes,lib/ocaml/compiler-libs/flambda2_simplify__Comparison_result.cmt,95683
2026-08-26T20:15:32Z,712f87f035c6cfe581ffb290d71707e9bca5b59b,6929,size_in_bytes,lib/ocaml/compiler-libs/makedepend.cmt,1056360
2026-08-26T20:15:32Z,712f87f035c6cfe581ffb290d71707e9bca5b59b,6929,size_in_bytes,lib/ocaml/compiler-libs/flambda2_parser.cmt,19070
2026-08-26T20:15:32Z,712f87f035c6cfe581ffb290d71707e9bca5b59b,6929,size_in_bytes,lib/ocaml/compiler-libs/flambda2_types__Meet_and_join.cmt,3290952
2026-08-26T20:15:32Z,712f87f035c6cfe581ffb290d71707e9bca5b59b,6929,size_in_bytes,lib/ocaml/compiler-libs/flambda2_from_lambda__Lambda_to_flambda.cmt,2294233
2026-08-26T20:15:32Z,712f87f035c6cfe581ffb290d71707e9bca5b59b,6929,size_in_bytes,lib/ocaml/compiler-libs/flambda2_term_basics__Rec_info_expr.cmt,64494
2026-08-26T20:15:32Z,712f87f035c6cfe581ffb290d71707e9bca5b59b,6929,size_in_bytes,lib/ocaml/compiler-libs/cfg_polling.cmt,414715
2026-08-26T20:15:32Z,712f87f035c6cfe581ffb290d71707e9bca5b59b,6929,size_in_bytes,lib/ocaml/compiler-libs/flambda2_identifiers__Function_slot.cmt,96707
2026-08-26T20:15:32Z,712f87f035c6cfe581ffb290d71707e9bca5b59b,6929,size_in_bytes,lib/ocaml/compiler-libs/flambda2.cmt,337434
2026-08-26T20:15:32Z,712f87f035c6cfe581ffb290d71707e9bca5b59b,6929,size_in_bytes,lib/ocaml/compiler-libs/typecore.cmt,16152195
2026-08-26T20:15:32Z,712f87f035c6cfe581ffb290d71707e9bca5b59b,6929,size_in_bytes,lib/ocaml/compiler-libs/flambda2_nominal__Name_occurrences.cmt,1441165
2026-08-26T20:15:32Z,712f87f035c6cfe581ffb290d71707e9bca5b59b,6929,size_in_bytes,lib/ocaml/compiler-libs/x86_dsl.cmt,244708
2026-08-26T20:15:32Z,712f87f035c6cfe581ffb290d71707e9bca5b59b,6929,size_in_bytes,lib/ocaml/compiler-libs/cfg_comballoc.cmt,199210
2026-08-26T20:15:32Z,712f87f035c6cfe581ffb290d71707e9bca5b59b,6929,size_in_bytes,lib/ocaml/compiler-libs/compilenv.cmt,367332
2026-08-26T20:15:32Z,712f87f035c6cfe581ffb290d71707e9bca5b59b,6929,size_in_bytes,lib/ocaml/compiler-libs/flambda2_types__Meet_and_n_way_join.cmt,3839074
2026-08-26T20:15:32Z,712f87f035c6cfe581ffb290d71707e9bca5b59b,6929,size_in_bytes,lib/ocaml/compiler-libs/dwarf_low__Abbreviation_code.cmt,48595
2026-08-26T20:15:32Z,712f87f035c6cfe581ffb290d71707e9bca5b59b,6929,size_in_bytes,lib/ocaml/compiler-libs/arm64_binary_emitter__Logical_helpers.cmt,120223
2026-08-26T20:15:32Z,712f87f035c6cfe581ffb290d71707e9bca5b59b,6929,size_in_bytes,lib/ocaml/compiler-libs/typedtree.cmt,1078980
2026-08-26T20:15:32Z,712f87f035c6cfe581ffb290d71707e9bca5b59b,6929,size_in_bytes,lib/ocaml/compiler-libs/dll.cmt,181710
2026-08-26T20:15:32Z,712f87f035c6cfe581ffb290d71707e9bca5b59b,6929,size_in_bytes,lib/ocaml/compiler-libs/flambda2_to_cmm__To_cmm_env.cmt,1412314
2026-08-26T20:15:32Z,712f87f035c6cfe581ffb290d71707e9bca5b59b,6929,size_in_bytes,lib/ocaml/compiler-libs/opcodes.cmt,95658
2026-08-26T20:15:32Z,712f87f035c6cfe581ffb290d71707e9bca5b59b,6929,size_in_bytes,lib/ocaml/compiler-libs/arm64_binary_emitter__Yield_helpers.cmt,15716
2026-08-26T20:15:32Z,712f87f035c6cfe581ffb290d71707e9bca5b59b,6929,size_in_bytes,lib/ocaml/compiler-libs/flambda2_terms__Static_const.cmt,1240060
2026-08-26T20:15:32Z,712f87f035c6cfe581ffb290d71707e9bca5b59b,6929,size_in_bytes,lib/ocaml/compiler-libs/flambda2_identifiers__Int_ids.cmt,1857702
2026-08-26T20:15:32Z,712f87f035c6cfe581ffb290d71707e9bca5b59b,6929,size_in_bytes,lib/ocaml/compiler-libs/cfg_stack_checks.cmt,195058
2026-08-26T20:15:32Z,712f87f035c6cfe581ffb290d71707e9bca5b59b,6929,size_in_bytes,lib/ocaml/compiler-libs/trace.cmt,228648
2026-08-26T20:15:32Z,712f87f035c6cfe581ffb290d71707e9bca5b59b,6929,size_in_bytes,lib/ocaml/compiler-libs/flambda2_simplify__Unboxing_epa.cmt,548342
2026-08-26T20:15:32Z,712f87f035c6cfe581ffb290d71707e9bca5b59b,6929,size_in_bytes,lib/ocaml/compiler-libs/flambda2_simplify__Join_points.cmt,342271
2026-08-26T20:15:32Z,712f87f035c6cfe581ffb290d71707e9bca5b59b,6929,size_in_bytes,lib/ocaml/compiler-libs/flambda2_datalog__Cursor.cmt,501835
2026-08-26T20:15:32Z,712f87f035c6cfe581ffb290d71707e9bca5b59b,6929,size_in_bytes,lib/ocaml/compiler-libs/string_table.cmt,36393
2026-08-26T20:15:32Z,712f87f035c6cfe581ffb290d71707e9bca5b59b,6929,size_in_bytes,lib/ocaml/compiler-libs/flambda2_classic_mode_types__Value_approximation.cmt,91411
2026-08-26T20:15:32Z,712f87f035c6cfe581ffb290d71707e9bca5b59b,6929,size_in_bytes,lib/ocaml/compiler-libs/arm64_binary_emitter__For_jit.cmt,156855
2026-08-26T20:15:32Z,712f87f035c6cfe581ffb290d71707e9bca5b59b,6929,size_in_bytes,lib/ocaml/compiler-libs/static_label.cmt,35671
2026-08-26T20:15:32Z,712f87f035c6cfe581ffb290d71707e9bca5b59b,6929,size_in_bytes,lib/ocaml/compiler-libs/flambda2_bound_identifiers__Bound_for_function.cmt,218513
2026-08-26T20:15:32Z,712f87f035c6cfe581ffb290d71707e9bca5b59b,6929,size_in_bytes,lib/ocaml/compiler-libs/typedecl_variance.cmt,675764
2026-08-26T20:15:32Z,712f87f035c6cfe581ffb290d71707e9bca5b59b,6929,size_in_bytes,lib/ocaml/compiler-libs/flambda2_datalog__Virtual_machine.cmt,273823
2026-08-26T20:15:32Z,712f87f035c6cfe581ffb290d71707e9bca5b59b,6929,size_in_bytes,lib/ocaml/compiler-libs/regs_utils.cmt,171912
2026-08-26T20:15:32Z,712f87f035c6cfe581ffb290d71707e9bca5b59b,6929,size_in_bytes,lib/ocaml/compiler-libs/flambda2_bound_identifiers.cmt,18253
2026-08-26T20:15:32Z,712f87f035c6cfe581ffb290d71707e9bca5b59b,6929,size_in_bytes,lib/ocaml/compiler-libs/ast_mapper.cmt,2639857
2026-08-26T20:15:32Z,712f87f035c6cfe581ffb290d71707e9bca5b59b,6929,size_in_bytes,lib/ocaml/compiler-libs/bytelibrarian.cmt,178660
2026-08-26T20:15:32Z,712f87f035c6cfe581ffb290d71707e9bca5b59b,6929,size_in_bytes,lib/ocaml/compiler-libs/dwarf_high__Operator_builder.cmt,171282
2026-08-26T20:15:32Z,712f87f035c6cfe581ffb290d71707e9bca5b59b,6929,size_in_bytes,lib/ocaml/compiler-libs/dwarf_low__Dwarf_int.cmt,117396
2026-08-26T20:15:32Z,712f87f035c6cfe581ffb290d71707e9bca5b59b,6929,size_in_bytes,lib/ocaml/compiler-libs/flambda2_identifiers__Code_id_or_name.cmt,33171
2026-08-26T20:15:32Z,712f87f035c6cfe581ffb290d71707e9bca5b59b,6929,size_in_bytes,lib/ocaml/compiler-libs/flambda2_terms__Code_size.cmt,432879
2026-08-26T20:15:32Z,712f87f035c6cfe581ffb290d71707e9bca5b59b,6929,size_in_bytes,lib/ocaml/compiler-libs/reg_availability_set.cmt,135668
2026-08-26T20:15:32Z,712f87f035c6cfe581ffb290d71707e9bca5b59b,6929,size_in_bytes,lib/ocaml/compiler-libs/stack_class.cmt,64322
2026-08-26T20:15:32Z,712f87f035c6cfe581ffb290d71707e9bca5b59b,6929,size_in_bytes,lib/ocaml/compiler-libs/flambda2_simplify.cmt,69533
2026-08-26T20:15:32Z,712f87f035c6cfe581ffb290d71707e9bca5b59b,6929,size_in_bytes,lib/ocaml/compiler-libs/flambda2_reaper__Traverse_acc.cmt,573335
2026-08-26T20:15:32Z,712f87f035c6cfe581ffb290d71707e9bca5b59b,6929,size_in_bytes,lib/ocaml/compiler-libs/flambda2_simplify__Is_unboxing_beneficial.cmt,102696
2026-08-26T20:15:32Z,712f87f035c6cfe581ffb290d71707e9bca5b59b,6929,size_in_bytes,lib/ocaml/compiler-libs/slambdaident.cmt,205160
2026-08-26T20:15:32Z,712f87f035c6cfe581ffb290d71707e9bca5b59b,6929,size_in_bytes,lib/ocaml/compiler-libs/config.cmt,303415
2026-08-26T20:15:32Z,712f87f035c6cfe581ffb290d71707e9bca5b59b,6929,size_in_bytes,lib/ocaml/compiler-libs/flambda2_simplify_shared__Slot_offsets.cmt,1072911
2026-08-26T20:15:32Z,712f87f035c6cfe581ffb290d71707e9bca5b59b,6929,size_in_bytes,lib/ocaml/compiler-libs/flambda2_bound_identifiers__Bound_continuations.cmt,76715
2026-08-26T20:15:32Z,712f87f035c6cfe581ffb290d71707e9bca5b59b,6929,size_in_bytes,lib/ocaml/compiler-libs/partition.cmt,51636
2026-08-26T20:15:32Z,712f87f035c6cfe581ffb290d71707e9bca5b59b,6929,size_in_bytes,lib/ocaml/compiler-libs/flambda2_simplify__Simplify_named.cmt,314518
2026-08-26T20:15:32Z,712f87f035c6cfe581ffb290d71707e9bca5b59b,6929,size_in_bytes,lib/ocaml/compiler-libs/asm_targets.cmt,13764
2026-08-26T20:15:32Z,712f87f035c6cfe581ffb290d71707e9bca5b59b,6929,size_in_bytes,lib/ocaml/compiler-libs/jkind_types.cmt,1407525
2026-08-26T20:15:32Z,712f87f035c6cfe581ffb290d71707e9bca5b59b,6929,size_in_bytes,lib/ocaml/compiler-libs/diffing.cmt,557798
2026-08-26T20:15:32Z,712f87f035c6cfe581ffb290d71707e9bca5b59b,6929,size_in_bytes,lib/ocaml/compiler-libs/flambda2_nominal__Contains_ids.cmt,23266
2026-08-26T20:15:32Z,712f87f035c6cfe581ffb290d71707e9bca5b59b,6929,size_in_bytes,lib/ocaml/compiler-libs/peephole_rules.cmt,293715
2026-08-26T20:15:32Z,712f87f035c6cfe581ffb290d71707e9bca5b59b,6929,size_in_bytes,lib/ocaml/compiler-libs/bytesections.cmt,138627
2026-08-26T20:15:32Z,712f87f035c6cfe581ffb290d71707e9bca5b59b,6929,size_in_bytes,lib/ocaml/compiler-libs/flambda2_simplify__Simplify_let_expr.cmt,396864
2026-08-26T20:15:32Z,712f87f035c6cfe581ffb290d71707e9bca5b59b,6929,size_in_bytes,lib/ocaml/compiler-libs/dwarf_inlined_frames.cmt,478393
2026-08-26T20:15:32Z,712f87f035c6cfe581ffb290d71707e9bca5b59b,6929,size_in_bytes,lib/ocaml/compiler-libs/genprintval.cmt,1228879
2026-08-26T20:15:32Z,712f87f035c6cfe581ffb290d71707e9bca5b59b,6929,size_in_bytes,lib/ocaml/compiler-libs/printinstr.cmt,318326
2026-08-26T20:15:32Z,712f87f035c6cfe581ffb290d71707e9bca5b59b,6929,size_in_bytes,lib/ocaml/compiler-libs/flambda2_to_cmm__To_cmm_static.cmt,1391119
2026-08-26T20:15:32Z,712f87f035c6cfe581ffb290d71707e9bca5b59b,6929,size_in_bytes,lib/ocaml/compiler-libs/compute_ranges.cmt,656535
2026-08-26T20:15:32Z,712f87f035c6cfe581ffb290d71707e9bca5b59b,6929,size_in_bytes,lib/ocaml/compiler-libs/arm64_binary_emitter__Fp_helpers.cmt,299165
2026-08-26T20:15:32Z,712f87f035c6cfe581ffb290d71707e9bca5b59b,6929,size_in_bytes,lib/ocaml/compiler-libs/dwarf_low__Location_or_range_list_table.cmt,119660
2026-08-26T20:15:32Z,712f87f035c6cfe581ffb290d71707e9bca5b59b,6929,size_in_bytes,lib/ocaml/compiler-libs/flambda2_from_lambda__Lambda_to_lambda_transforms.cmt,1605659
2026-08-26T20:15:32Z,712f87f035c6cfe581ffb290d71707e9bca5b59b,6929,size_in_bytes,lib/ocaml/compiler-libs/flambda2_to_cmm__To_cmm_shared.cmt,519162
2026-08-26T20:15:32Z,712f87f035c6cfe581ffb290d71707e9bca5b59b,6929,size_in_bytes,lib/ocaml/compiler-libs/flambda2_simplify__Common_subexpression_elimination.cmt,704143
2026-08-26T20:15:32Z,712f87f035c6cfe581ffb290d71707e9bca5b59b,6929,size_in_bytes,lib/ocaml/compiler-libs/rewrite_sections.cmt,422261
2026-08-26T20:15:32Z,712f87f035c6cfe581ffb290d71707e9bca5b59b,6929,size_in_bytes,lib/ocaml/compiler-libs/dwarf_high__Dwarf_attribute_helpers.cmt,495800
2026-08-26T20:15:32Z,712f87f035c6cfe581ffb290d71707e9bca5b59b,6929,size_in_bytes,lib/ocaml/compiler-libs/dwarf_low__Dwarf_language.cmt,38660
2026-08-26T20:15:32Z,712f87f035c6cfe581ffb290d71707e9bca5b59b,6929,size_in_bytes,lib/ocaml/compiler-libs/x86_peephole_rules.cmt,233479
2026-08-26T20:15:32Z,712f87f035c6cfe581ffb290d71707e9bca5b59b,6929,size_in_bytes,lib/ocaml/compiler-libs/emitcode.cmt,904442
2026-08-26T20:15:32Z,712f87f035c6cfe581ffb290d71707e9bca5b59b,6929,size_in_bytes,lib/ocaml/compiler-libs/lru.cmt,95177
2026-08-26T20:15:32Z,712f87f035c6cfe581ffb290d71707e9bca5b59b,6929,size_in_bytes,lib/ocaml/compiler-libs/arm64_binary_emitter__Relocation.cmt,270256
2026-08-26T20:15:32Z,712f87f035c6cfe581ffb290d71707e9bca5b59b,6929,size_in_bytes,lib/ocaml/compiler-libs/flambda2_simplify__Simplify_quaternary_primitive.cmt,124535
2026-08-26T20:15:32Z,712f87f035c6cfe581ffb290d71707e9bca5b59b,6929,size_in_bytes,lib/ocaml/compiler-libs/ast_iterator.cmt,1450901
2026-08-26T20:15:32Z,712f87f035c6cfe581ffb290d71707e9bca5b59b,6929,size_in_bytes,lib/ocaml/compiler-libs/bytefunctorizer.cmt,27863
2026-08-26T20:15:32Z,712f87f035c6cfe581ffb290d71707e9bca5b59b,6929,size_in_bytes,lib/ocaml/compiler-libs/flambda2_simplify__Reification.cmt,285442
2026-08-26T20:15:32Z,712f87f035c6cfe581ffb290d71707e9bca5b59b,6929,size_in_bytes,lib/ocaml/compiler-libs/flambda2_numbers__Target_ocaml_int.cmt,1052147
2026-08-26T20:15:32Z,712f87f035c6cfe581ffb290d71707e9bca5b59b,6929,size_in_bytes,lib/ocaml/compiler-libs/flambda2_types__.cmt,28077
2026-08-26T20:15:32Z,712f87f035c6cfe581ffb290d71707e9bca5b59b,6929,size_in_bytes,lib/ocaml/compiler-libs/flambda2_term_basics__Or_invalid.cmt,32364
2026-08-26T20:15:32Z,712f87f035c6cfe581ffb290d71707e9bca5b59b,6929,size_in_bytes,lib/ocaml/compiler-libs/flambda2_types__With_cached_free_names.cmt,82905
2026-08-26T20:15:32Z,712f87f035c6cfe581ffb290d71707e9bca5b59b,6929,size_in_bytes,lib/ocaml/compiler-libs/flambda2_simplify__Simplify_unary_primitive.cmt,1172456
2026-08-26T20:15:32Z,712f87f035c6cfe581ffb290d71707e9bca5b59b,6929,size_in_bytes,lib/ocaml/compiler-libs/dwarf_low__Location_or_range_list_entry.cmt,149506
2026-08-26T20:15:32Z,712f87f035c6cfe581ffb290d71707e9bca5b59b,6929,size_in_bytes,lib/ocaml/compiler-libs/flambda2_datalog__Schedule.cmt,823839
2026-08-26T20:15:32Z,712f87f035c6cfe581ffb290d71707e9bca5b59b,6929,size_in_bytes,lib/ocaml/compiler-libs/flambda2_term_basics__Continuation_use_kind.cmt,14880
2026-08-26T20:15:32Z,712f87f035c6cfe581ffb290d71707e9bca5b59b,6929,size_in_bytes,lib/ocaml/compiler-libs/typedecl_properties.cmt,113698
2026-08-26T20:15:32Z,712f87f035c6cfe581ffb290d71707e9bca5b59b,6929,size_in_bytes,lib/ocaml/compiler-libs/flambda2_simplify__Simplify_apply_cont_expr.cmt,179308
2026-08-26T20:15:32Z,712f87f035c6cfe581ffb290d71707e9bca5b59b,6929,size_in_bytes,lib/ocaml/compiler-libs/simd_selection.cmt,2516209
2026-08-26T20:15:32Z,712f87f035c6cfe581ffb290d71707e9bca5b59b,6929,size_in_bytes,lib/ocaml/compiler-libs/target_system.cmt,103826
2026-08-26T20:15:32Z,712f87f035c6cfe581ffb290d71707e9bca5b59b,6929,size_in_bytes,lib/ocaml/compiler-libs/branch_relaxation.cmt,293595
2026-08-26T20:15:32Z,712f87f035c6cfe581ffb290d71707e9bca5b59b,6929,size_in_bytes,lib/ocaml/compiler-libs/ast_invariants.cmt,484444
2026-08-26T20:15:32Z,712f87f035c6cfe581ffb290d71707e9bca5b59b,6929,size_in_bytes,lib/ocaml/compiler-libs/flambda2_simplify__Named_rewrite.cmt,49138
2026-08-26T20:15:32Z,712f87f035c6cfe581ffb290d71707e9bca5b59b,6929,size_in_bytes,lib/ocaml/compiler-libs/opterrors.cmt,15655
2026-08-26T20:15:32Z,712f87f035c6cfe581ffb290d71707e9bca5b59b,6929,size_in_bytes,lib/ocaml/compiler-libs/misc.cmt,4134944
2026-08-26T20:15:32Z,712f87f035c6cfe581ffb290d71707e9bca5b59b,6929,size_in_bytes,lib/ocaml/compiler-libs/symbol.cmt,208602
2026-08-26T20:15:32Z,712f87f035c6cfe581ffb290d71707e9bca5b59b,6929,size_in_bytes,lib/ocaml/compiler-libs/strongly_connected_components.cmt,266725
2026-08-26T20:15:32Z,712f87f035c6cfe581ffb290d71707e9bca5b59b,6929,size_in_bytes,lib/ocaml/compiler-libs/flambda2_to_jsir__To_jsir.cmt,807033
2026-08-26T20:15:32Z,712f87f035c6cfe581ffb290d71707e9bca5b59b,6929,size_in_bytes,lib/ocaml/compiler-libs/global_module.cmt,949925
2026-08-26T20:15:32Z,712f87f035c6cfe581ffb290d71707e9bca5b59b,6929,size_in_bytes,lib/ocaml/compiler-libs/flambda2_simplify__Unbox_continuation_params.cmt,236518
2026-08-26T20:15:32Z,712f87f035c6cfe581ffb290d71707e9bca5b59b,6929,size_in_bytes,lib/ocaml/compiler-libs/linkdeps.cmt,209643
2026-08-26T20:15:32Z,712f87f035c6cfe581ffb290d71707e9bca5b59b,6929,size_in_bytes,lib/ocaml/compiler-libs/flambda2_terms__Set_of_closures.cmt,307630
2026-08-26T20:15:32Z,712f87f035c6cfe581ffb290d71707e9bca5b59b,6929,size_in_bytes,lib/ocaml/compiler-libs/flambda2_types__Typing_env.cmt,1540128
2026-08-26T20:15:32Z,712f87f035c6cfe581ffb290d71707e9bca5b59b,6929,size_in_bytes,lib/ocaml/compiler-libs/flambda2_kinds__Flambda_kind.cmt,2084308
2026-08-26T20:15:32Z,712f87f035c6cfe581ffb290d71707e9bca5b59b,6929,size_in_bytes,lib/ocaml/compiler-libs/arm64_binary_emitter__Section_state.cmt,223393
2026-08-26T20:15:32Z,712f87f035c6cfe581ffb290d71707e9bca5b59b,6929,size_in_bytes,lib/ocaml/compiler-libs/dissector.cmt,236692
2026-08-26T20:15:32Z,712f87f035c6cfe581ffb290d71707e9bca5b59b,6929,size_in_bytes,lib/ocaml/compiler-libs/flambda2_reaper.cmt,21460
2026-08-26T20:15:32Z,712f87f035c6cfe581ffb290d71707e9bca5b59b,6929,size_in_bytes,lib/ocaml/compiler-libs/debug.cmt,21315
2026-08-26T20:15:32Z,712f87f035c6cfe581ffb290d71707e9bca5b59b,6929,size_in_bytes,lib/ocaml/compiler-libs/dwarf_low__Location_list_table.cmt,22833
2026-08-26T20:15:32Z,712f87f035c6cfe581ffb290d71707e9bca5b59b,6929,size_in_bytes,lib/ocaml/compiler-libs/tmc.cmt,1098814
2026-08-26T20:15:32Z,712f87f035c6cfe581ffb290d71707e9bca5b59b,6929,size_in_bytes,lib/ocaml/compiler-libs/flambda2_simplify__Simplify_nullary_primitive.cmt,103981
2026-08-26T20:15:32Z,712f87f035c6cfe581ffb290d71707e9bca5b59b,6929,size_in_bytes,lib/ocaml/compiler-libs/linear_utils.cmt,40208
2026-08-26T20:15:32Z,712f87f035c6cfe581ffb290d71707e9bca5b59b,6929,size_in_bytes,lib/ocaml/compiler-libs/symbol_table.cmt,168892
2026-08-26T20:15:32Z,712f87f035c6cfe581ffb290d71707e9bca5b59b,6929,size_in_bytes,lib/ocaml/compiler-libs/arg_helper.cmt,143625
2026-08-26T20:15:32Z,712f87f035c6cfe581ffb290d71707e9bca5b59b,6929,size_in_bytes,lib/ocaml/compiler-libs/simplify_terminator.cmt,671797
2026-08-26T20:15:32Z,712f87f035c6cfe581ffb290d71707e9bca5b59b,6929,size_in_bytes,lib/ocaml/compiler-libs/flambda2_to_jsir__To_jsir_result.cmt,178804
2026-08-26T20:15:32Z,712f87f035c6cfe581ffb290d71707e9bca5b59b,6929,size_in_bytes,lib/ocaml/compiler-libs/flambda2_simplify__Upwards_acc.cmt,241097
2026-08-26T20:15:32Z,712f87f035c6cfe581ffb290d71707e9bca5b59b,6929,size_in_bytes,lib/ocaml/compiler-libs/flambda2_identifiers__Coercion0.cmt,107007
2026-08-26T20:15:32Z,712f87f035c6cfe581ffb290d71707e9bca5b59b,6929,size_in_bytes,lib/ocaml/compiler-libs/cfg_with_infos.cmt,112165
2026-08-26T20:15:32Z,712f87f035c6cfe581ffb290d71707e9bca5b59b,6929,size_in_bytes,lib/ocaml/compiler-libs/dwarf_low__Single_location_description.cmt,28945
2026-08-26T20:15:32Z,712f87f035c6cfe581ffb290d71707e9bca5b59b,6929,size_in_bytes,lib/ocaml/compiler-libs/arrayset.cmt,191180
2026-08-26T20:15:32Z,712f87f035c6cfe581ffb290d71707e9bca5b59b,6929,size_in_bytes,lib/ocaml/compiler-libs/opttopdirs.cmt,221600
2026-08-26T20:15:32Z,712f87f035c6cfe581ffb290d71707e9bca5b59b,6929,size_in_bytes,lib/ocaml/compiler-libs/flambda2_parser__Flambda_parser_messages.cmt,74696
2026-08-26T20:15:32Z,712f87f035c6cfe581ffb290d71707e9bca5b59b,6929,size_in_bytes,lib/ocaml/compiler-libs/flambda2_term_basics__String_info.cmt,174204
2026-08-26T20:15:32Z,712f87f035c6cfe581ffb290d71707e9bca5b59b,6929,size_in_bytes,lib/ocaml/compiler-libs/dwarf_flags.cmt,175487
2026-08-26T20:15:32Z,712f87f035c6cfe581ffb290d71707e9bca5b59b,6929,size_in_bytes,lib/ocaml/compiler-libs/flambda2_simplify__Simplify_let_cont_expr.cmt,1621167
2026-08-26T20:15:32Z,712f87f035c6cfe581ffb290d71707e9bca5b59b,6929,size_in_bytes,lib/ocaml/compiler-libs/flambda2_simplify__Mutable_unboxing.cmt,754582
2026-08-26T20:15:32Z,712f87f035c6cfe581ffb290d71707e9bca5b59b,6929,size_in_bytes,lib/ocaml/compiler-libs/optmaindriver.cmt,344153
2026-08-26T20:15:32Z,712f87f035c6cfe581ffb290d71707e9bca5b59b,6929,size_in_bytes,lib/ocaml/compiler-libs/topdirs.cmt,696841
2026-08-26T20:15:32Z,712f87f035c6cfe581ffb290d71707e9bca5b59b,6929,size_in_bytes,lib/ocaml/compiler-libs/optpackager.cmt,363846
2026-08-26T20:15:32Z,712f87f035c6cfe581ffb290d71707e9bca5b59b,6929,size_in_bytes,lib/ocaml/compiler-libs/arm64_ast__Ast.cmt,3592599
2026-08-26T20:15:32Z,712f87f035c6cfe581ffb290d71707e9bca5b59b,6929,size_in_bytes,lib/ocaml/compiler-libs/dwarf_low__Child_determination.cmt,28254
2026-08-26T20:15:32Z,712f87f035c6cfe581ffb290d71707e9bca5b59b,6929,size_in_bytes,lib/ocaml/compiler-libs/flambda2_types__Aliases.cmt,933592
2026-08-26T20:15:32Z,712f87f035c6cfe581ffb290d71707e9bca5b59b,6929,size_in_bytes,lib/ocaml/compiler-libs/transl_array_comprehension.cmt,536843
2026-08-26T20:15:32Z,712f87f035c6cfe581ffb290d71707e9bca5b59b,6929,size_in_bytes,lib/ocaml/compiler-libs/dwarf_low__Dwarf_4_range_list.cmt,60944
2026-08-26T20:15:32Z,712f87f035c6cfe581ffb290d71707e9bca5b59b,6929,size_in_bytes,lib/ocaml/compiler-libs/flambda2_simplify__Simplify.cmt,113679
2026-08-26T20:15:32Z,712f87f035c6cfe581ffb290d71707e9bca5b59b,6929,size_in_bytes,lib/ocaml/compiler-libs/flambda2_parser__Flambda_parser.cmt,7684637
2026-08-26T20:15:32Z,712f87f035c6cfe581ffb290d71707e9bca5b59b,6929,size_in_bytes,lib/ocaml/compiler-libs/optlink.cmt,460626
2026-08-26T20:15:32Z,712f87f035c6cfe581ffb290d71707e9bca5b59b,6929,size_in_bytes,lib/ocaml/compiler-libs/flambda2_identifiers__Continuation.cmt,301773
2026-08-26T20:15:32Z,712f87f035c6cfe581ffb290d71707e9bca5b59b,6929,size_in_bytes,lib/ocaml/compiler-libs/flambda2_term_basics__Value_slot_set.cmt,183500
2026-08-26T20:15:32Z,712f87f035c6cfe581ffb290d71707e9bca5b59b,6929,size_in_bytes,lib/ocaml/compiler-libs/flambda2_types__Reify.cmt,539501
2026-08-26T20:15:32Z,712f87f035c6cfe581ffb290d71707e9bca5b59b,6929,size_in_bytes,lib/ocaml/compiler-libs/cfg_merge_blocks.cmt,176633
2026-08-26T20:15:32Z,712f87f035c6cfe581ffb290d71707e9bca5b59b,6929,size_in_bytes,lib/ocaml/compiler-libs/flambda2_terms__Flambda_unit.cmt,102200
2026-08-26T20:15:32Z,712f87f035c6cfe581ffb290d71707e9bca5b59b,6929,size_in_bytes,lib/ocaml/compiler-libs/printcmm.cmt,1081404
2026-08-26T20:15:32Z,712f87f035c6cfe581ffb290d71707e9bca5b59b,6929,size_in_bytes,lib/ocaml/compiler-libs/arm64_binary_emitter__Bitfield_helpers.cmt,58252
2026-08-26T20:15:32Z,712f87f035c6cfe581ffb290d71707e9bca5b59b,6929,size_in_bytes,lib/ocaml/compiler-libs/file_sections.cmt,160053
2026-08-26T20:15:32Z,712f87f035c6cfe581ffb290d71707e9bca5b59b,6929,size_in_bytes,lib/ocaml/compiler-libs/flambda2_datalog__Datalog_imports.cmt,56586
2026-08-26T20:15:32Z,712f87f035c6cfe581ffb290d71707e9bca5b59b,6929,size_in_bytes,lib/ocaml/compiler-libs/flambda2_nominal__Contains_names.cmt,25857
2026-08-26T20:15:32Z,712f87f035c6cfe581ffb290d71707e9bca5b59b,6929,size_in_bytes,lib/ocaml/compiler-libs/flambda2_simplify__Simplify_rec_info_expr.cmt,151481
2026-08-26T20:15:32Z,712f87f035c6cfe581ffb290d71707e9bca5b59b,6929,size_in_bytes,lib/ocaml/compiler-libs/flambda2_terms__Mutability.cmt,44466
2026-08-26T20:15:32Z,712f87f035c6cfe581ffb290d71707e9bca5b59b,6929,size_in_bytes,lib/ocaml/compiler-libs/flambda2_terms__Effects_and_coeffects.cmt,62431
2026-08-26T20:15:32Z,712f87f035c6cfe581ffb290d71707e9bca5b59b,6929,size_in_bytes,lib/ocaml/compiler-libs/flambda2_floats__Float32.cmt,30639
2026-08-26T20:15:32Z,712f87f035c6cfe581ffb290d71707e9bca5b59b,6929,size_in_bytes,lib/ocaml/compiler-libs/language_extension_kernel.cmt,23227
2026-08-26T20:15:32Z,712f87f035c6cfe581ffb290d71707e9bca5b59b,6929,size_in_bytes,lib/ocaml/compiler-libs/arm64_binary_emitter__Add_sub_helpers.cmt,256845
2026-08-26T20:15:32Z,712f87f035c6cfe581ffb290d71707e9bca5b59b,6929,size_in_bytes,lib/ocaml/compiler-libs/terminfo.cmt,50591
2026-08-26T20:15:32Z,712f87f035c6cfe581ffb290d71707e9bca5b59b,6929,size_in_bytes,lib/ocaml/compiler-libs/matching.cmt,5988251
2026-08-26T20:15:32Z,712f87f035c6cfe581ffb290d71707e9bca5b59b,6929,size_in_bytes,lib/ocaml/compiler-libs/flambda2_bound_identifiers__Bound_continuation.cmt,38437
2026-08-26T20:15:32Z,712f87f035c6cfe581ffb290d71707e9bca5b59b,6929,size_in_bytes,lib/ocaml/compiler-libs/dwarf_low__Debug_info_section.cmt,89901
2026-08-26T20:15:32Z,712f87f035c6cfe581ffb290d71707e9bca5b59b,6929,size_in_bytes,lib/ocaml/compiler-libs/flambda2_types__Typing_env_extension.cmt,197870
2026-08-26T20:15:32Z,712f87f035c6cfe581ffb290d71707e9bca5b59b,6929,size_in_bytes,lib/ocaml/compiler-libs/build_linker_args.cmt,37483
2026-08-26T20:15:32Z,712f87f035c6cfe581ffb290d71707e9bca5b59b,6929,size_in_bytes,lib/ocaml/compiler-libs/flambda2_reaper__Reaper.cmt,79625
2026-08-26T20:15:32Z,712f87f035c6cfe581ffb290d71707e9bca5b59b,6929,size_in_bytes,lib/ocaml/compiler-libs/typemode.cmt,876585
2026-08-26T20:15:32Z,712f87f035c6cfe581ffb290d71707e9bca5b59b,6929,size_in_bytes,lib/ocaml/compiler-libs/dwarf_low__Address_table.cmt,212225
2026-08-26T20:15:32Z,712f87f035c6cfe581ffb290d71707e9bca5b59b,6929,size_in_bytes,lib/ocaml/compiler-libs/flambda2_simplify__Original_handlers.cmt,117302
2026-08-26T20:15:32Z,712f87f035c6cfe581ffb290d71707e9bca5b59b,6929,size_in_bytes,lib/ocaml/compiler-libs/stypes.cmt,219824
2026-08-26T20:15:32Z,712f87f035c6cfe581ffb290d71707e9bca5b59b,6929,size_in_bytes,lib/ocaml/compiler-libs/cfg_intf.cmt,79016
2026-08-26T20:15:32Z,712f87f035c6cfe581ffb290d71707e9bca5b59b,6929,size_in_bytes,lib/ocaml/compiler-libs/binary_emitter_intf.cmt,58985
2026-08-26T20:15:32Z,712f87f035c6cfe581ffb290d71707e9bca5b59b,6929,size_in_bytes,lib/ocaml/compiler-libs/zero_alloc_checker.cmt,3476786
2026-08-26T20:15:32Z,712f87f035c6cfe581ffb290d71707e9bca5b59b,6929,size_in_bytes,lib/ocaml/compiler-libs/dwarf_abstract_instances.cmt,144085
2026-08-26T20:15:32Z,712f87f035c6cfe581ffb290d71707e9bca5b59b,6929,size_in_bytes,lib/ocaml/compiler-libs/cfg.cmt,916941
2026-08-26T20:15:32Z,712f87f035c6cfe581ffb290d71707e9bca5b59b,6929,size_in_bytes,lib/ocaml/compiler-libs/dwarf.cmt,242392
2026-08-26T20:15:32Z,712f87f035c6cfe581ffb290d71707e9bca5b59b,6929,size_in_bytes,lib/ocaml/compiler-libs/cmm_helpers.cmt,7990534
2026-08-26T20:15:32Z,712f87f035c6cfe581ffb290d71707e9bca5b59b,6929,size_in_bytes,lib/ocaml/compiler-libs/zero_alloc.cmt,213309
2026-08-26T20:15:32Z,712f87f035c6cfe581ffb290d71707e9bca5b59b,6929,size_in_bytes,lib/ocaml/compiler-libs/binary_emitter_verify.cmt,664165
2026-08-26T20:15:32Z,712f87f035c6cfe581ffb290d71707e9bca5b59b,6929,size_in_bytes,lib/ocaml/compiler-libs/flambda2_datalog__Trie.cmt,391191
2026-08-26T20:15:32Z,712f87f035c6cfe581ffb290d71707e9bca5b59b,6929,size_in_bytes,lib/ocaml/compiler-libs/arm64_binary_emitter__Binary_emitter.cmt,182089
2026-08-26T20:15:32Z,712f87f035c6cfe581ffb290d71707e9bca5b59b,6929,size_in_bytes,lib/ocaml/compiler-libs/flambda2_terms__Exn_continuation.cmt,295759
2026-08-26T20:15:32Z,712f87f035c6cfe581ffb290d71707e9bca5b59b,6929,size_in_bytes,lib/ocaml/compiler-libs/section_table.cmt,77971
2026-08-26T20:15:32Z,712f87f035c6cfe581ffb290d71707e9bca5b59b,6929,size_in_bytes,lib/ocaml/compiler-libs/flambda2_simplify__Simplify_binary_primitive.cmt,3868741
2026-08-26T20:15:32Z,712f87f035c6cfe581ffb290d71707e9bca5b59b,6929,size_in_bytes,lib/ocaml/compiler-libs/regalloc_split.cmt,603338
2026-08-26T20:15:32Z,712f87f035c6cfe581ffb290d71707e9bca5b59b,6929,size_in_bytes,lib/ocaml/compiler-libs/compmisc.cmt,146492
2026-08-26T20:15:32Z,712f87f035c6cfe581ffb290d71707e9bca5b59b,6929,size_in_bytes,lib/ocaml/compiler-libs/oprint.cmt,2336630
2026-08-26T20:15:32Z,712f87f035c6cfe581ffb290d71707e9bca5b59b,6929,size_in_bytes,lib/ocaml/compiler-libs/dwarf_compilation_unit.cmt,71355
2026-08-26T20:15:32Z,712f87f035c6cfe581ffb290d71707e9bca5b59b,6929,size_in_bytes,lib/ocaml/compiler-libs/linkage_name.cmt,177695
2026-08-26T20:15:32Z,712f87f035c6cfe581ffb290d71707e9bca5b59b,6929,size_in_bytes,lib/ocaml/compiler-libs/arm64_binary_emitter__Condition_helpers.cmt,29251
2026-08-26T20:15:32Z,712f87f035c6cfe581ffb290d71707e9bca5b59b,6929,size_in_bytes,lib/ocaml/compiler-libs/flambda2_types__Equal_types_for_debug.cmt,836102
2026-08-26T20:15:32Z,712f87f035c6cfe581ffb290d71707e9bca5b59b,6929,size_in_bytes,lib/ocaml/compiler-libs/backend_var.cmt,203600
2026-08-26T20:15:32Z,712f87f035c6cfe581ffb290d71707e9bca5b59b,6929,size_in_bytes,lib/ocaml/compiler-libs/flambda2_simplify__Flow_types.cmt,431721
2026-08-26T20:15:32Z,712f87f035c6cfe581ffb290d71707e9bca5b59b,6929,size_in_bytes,lib/ocaml/compiler-libs/fdo_info.cmt,35369
2026-08-26T20:15:32Z,712f87f035c6cfe581ffb290d71707e9bca5b59b,6929,size_in_bytes,lib/ocaml/compiler-libs/dwarf_low__Location_or_range_list.cmt,35411
2026-08-26T20:15:32Z,712f87f035c6cfe581ffb290d71707e9bca5b59b,6929,size_in_bytes,lib/ocaml/compiler-libs/untypeast.cmt,2032171
2026-08-26T20:15:32Z,712f87f035c6cfe581ffb290d71707e9bca5b59b,6929,size_in_bytes,lib/ocaml/compiler-libs/lexer.cmt,1787550
2026-08-26T20:15:32Z,712f87f035c6cfe581ffb290d71707e9bca5b59b,6929,size_in_bytes,lib/ocaml/compiler-libs/flambda2_simplify__Continuation_shortcut.cmt,89620
2026-08-26T20:15:32Z,712f87f035c6cfe581ffb290d71707e9bca5b59b,6929,size_in_bytes,lib/ocaml/compiler-libs/flambda2_cmx.cmt,12477
2026-08-26T20:15:32Z,712f87f035c6cfe581ffb290d71707e9bca5b59b,6929,size_in_bytes,lib/ocaml/compiler-libs/cfg_quick_hash.cmt,90619
2026-08-26T20:15:32Z,712f87f035c6cfe581ffb290d71707e9bca5b59b,6929,size_in_bytes,lib/ocaml/compiler-libs/inlined_frame_ranges.cmt,403285
2026-08-26T20:15:32Z,712f87f035c6cfe581ffb290d71707e9bca5b59b,6929,size_in_bytes,lib/ocaml/compiler-libs/igot.cmt,96640
2026-08-26T20:15:32Z,712f87f035c6cfe581ffb290d71707e9bca5b59b,6929,size_in_bytes,lib/ocaml/compiler-libs/flambda2_reaper__Dot_printer.cmt,131386
2026-08-26T20:15:32Z,712f87f035c6cfe581ffb290d71707e9bca5b59b,6929,size_in_bytes,lib/ocaml/compiler-libs/flambda2_identifiers__Named_rewrite_id.cmt,30533
2026-08-26T20:15:32Z,712f87f035c6cfe581ffb290d71707e9bca5b59b,6929,size_in_bytes,lib/ocaml/compiler-libs/generic_fns.cmt,459760
2026-08-26T20:15:32Z,712f87f035c6cfe581ffb290d71707e9bca5b59b,6929,size_in_bytes,lib/ocaml/compiler-libs/cmt2annot.cmt,252999
2026-08-26T20:15:32Z,712f87f035c6cfe581ffb290d71707e9bca5b59b,6929,size_in_bytes,lib/ocaml/compiler-libs/flambda2_term_basics__Or_variable.cmt,57251
2026-08-26T20:15:32Z,712f87f035c6cfe581ffb290d71707e9bca5b59b,6929,size_in_bytes,lib/ocaml/compiler-libs/domainstate.cmt,274596
2026-08-26T20:15:32Z,712f87f035c6cfe581ffb290d71707e9bca5b59b,6929,size_in_bytes,lib/ocaml/compiler-libs/ctype.cmt,11805035
2026-08-26T20:15:32Z,712f87f035c6cfe581ffb290d71707e9bca5b59b,6929,size_in_bytes,lib/ocaml/compiler-libs/envaux.cmt,167087
2026-08-26T20:15:32Z,712f87f035c6cfe581ffb290d71707e9bca5b59b,6929,size_in_bytes,lib/ocaml/compiler-libs/regalloc_gi.cmt,381011
2026-08-26T20:15:32Z,712f87f035c6cfe581ffb290d71707e9bca5b59b,6929,size_in_bytes,lib/ocaml/compiler-libs/flambda2_simplify__Simplify_primitive_result.cmt,73501
2026-08-26T20:15:32Z,712f87f035c6cfe581ffb290d71707e9bca5b59b,6929,size_in_bytes,lib/ocaml/compiler-libs/dwarf_low__Dwarf_4_entry_sorting.cmt,29755
2026-08-26T20:15:32Z,712f87f035c6cfe581ffb290d71707e9bca5b59b,6929,size_in_bytes,lib/ocaml/compiler-libs/peephole_utils.cmt,144532
2026-08-26T20:15:32Z,712f87f035c6cfe581ffb290d71707e9bca5b59b,6929,size_in_bytes,lib/ocaml/compiler-libs/flambda2_terms__Validity.cmt,41058
2026-08-26T20:15:32Z,712f87f035c6cfe581ffb290d71707e9bca5b59b,6929,size_in_bytes,lib/ocaml/compiler-libs/numbers.cmt,534787
2026-08-26T20:15:32Z,712f87f035c6cfe581ffb290d71707e9bca5b59b,6929,size_in_bytes,lib/ocaml/compiler-libs/flambda2_cmx__Flambda_cmx.cmt,227140
2026-08-26T20:15:32Z,712f87f035c6cfe581ffb290d71707e9bca5b59b,6929,size_in_bytes,lib/ocaml/compiler-libs/flambda2_terms__Placement.cmt,35367
2026-08-26T20:15:32Z,712f87f035c6cfe581ffb290d71707e9bca5b59b,6929,size_in_bytes,lib/ocaml/compiler-libs/cfg_with_layout.cmt,623850
2026-08-26T20:15:32Z,712f87f035c6cfe581ffb290d71707e9bca5b59b,6929,size_in_bytes,lib/ocaml/compiler-libs/internal_assembler.cmt,387459
2026-08-26T20:15:32Z,712f87f035c6cfe581ffb290d71707e9bca5b59b,6929,size_in_bytes,lib/ocaml/compiler-libs/flambda2_algorithms__Container_types.cmt,776273
2026-08-26T20:15:32Z,712f87f035c6cfe581ffb290d71707e9bca5b59b,6929,size_in_bytes,lib/ocaml/compiler-libs/flambda2_terms__First_complex_local_param.cmt,35805
2026-08-26T20:15:32Z,712f87f035c6cfe581ffb290d71707e9bca5b59b,6929,size_in_bytes,lib/ocaml/compiler-libs/cfg_invariants.cmt,1001490
2026-08-26T20:15:32Z,712f87f035c6cfe581ffb290d71707e9bca5b59b,6929,size_in_bytes,lib/ocaml/compiler-libs/typedecl_separability.cmt,516721
2026-08-26T20:15:32Z,712f87f035c6cfe581ffb290d71707e9bca5b59b,6929,size_in_bytes,lib/ocaml/compiler-libs/flambda2_terms__Recursive.cmt,29403
2026-08-26T20:15:32Z,712f87f035c6cfe581ffb290d71707e9bca5b59b,6929,size_in_bytes,lib/ocaml/compiler-libs/x86_section.cmt,109161
2026-08-26T20:15:32Z,712f87f035c6cfe581ffb290d71707e9bca5b59b,6929,size_in_bytes,lib/ocaml/compiler-libs/arm64_binary_emitter__Simd_helpers.cmt,492338
2026-08-26T20:15:32Z,712f87f035c6cfe581ffb290d71707e9bca5b59b,6929,size_in_bytes,lib/ocaml/compiler-libs/flambda2_datalog__Column.cmt,200965
2026-08-26T20:15:32Z,712f87f035c6cfe581ffb290d71707e9bca5b59b,6929,size_in_bytes,lib/ocaml/compiler-libs/syntaxerr.cmt,35608
2026-08-26T20:15:32Z,712f87f035c6cfe581ffb290d71707e9bca5b59b,6929,size_in_bytes,lib/ocaml/compiler-libs/flambda2_types__More_type_creators.cmt,584779
2026-08-26T20:15:32Z,712f87f035c6cfe581ffb290d71707e9bca5b59b,6929,size_in_bytes,lib/ocaml/compiler-libs/errortrace_report.cmt,1007780
2026-08-26T20:15:32Z,712f87f035c6cfe581ffb290d71707e9bca5b59b,6929,size_in_bytes,lib/ocaml/compiler-libs/flambda2_classic_mode_types.cmt,11403
2026-08-26T20:15:32Z,712f87f035c6cfe581ffb290d71707e9bca5b59b,6929,size_in_bytes,lib/ocaml/compiler-libs/stack_reg_offset.cmt,34718
2026-08-26T20:15:32Z,712f87f035c6cfe581ffb290d71707e9bca5b59b,6929,size_in_bytes,lib/ocaml/compiler-libs/mode.cmt,13600320
2026-08-26T20:15:32Z,712f87f035c6cfe581ffb290d71707e9bca5b59b,6929,size_in_bytes,lib/ocaml/compiler-libs/flambda2_lattices__Or_bottom.cmt,62448
2026-08-26T20:15:32Z,712f87f035c6cfe581ffb290d71707e9bca5b59b,6929,size_in_bytes,lib/ocaml/compiler-libs/parse.cmt,235253
2026-08-26T20:15:32Z,712f87f035c6cfe581ffb290d71707e9bca5b59b,6929,size_in_bytes,lib/ocaml/compiler-libs/flambda2_to_jsir__To_jsir_primitive.cmt,759337
2026-08-26T20:15:32Z,712f87f035c6cfe581ffb290d71707e9bca5b59b,6929,size_in_bytes,lib/ocaml/compiler-libs/clflags.cmt,1129948
2026-08-26T20:15:32Z,712f87f035c6cfe581ffb290d71707e9bca5b59b,6929,size_in_bytes,lib/ocaml/compiler-libs/meta.cmt,20758
2026-08-26T20:15:32Z,712f87f035c6cfe581ffb290d71707e9bca5b59b,6929,size_in_bytes,lib/ocaml/compiler-libs/cmt_format.cmt,846804
2026-08-26T20:15:32Z,712f87f035c6cfe581ffb290d71707e9bca5b59b,6929,size_in_bytes,lib/ocaml/compiler-libs/flambda2_numbers__Or_infinity.cmt,37728
2026-08-26T20:15:32Z,712f87f035c6cfe581ffb290d71707e9bca5b59b,6929,size_in_bytes,lib/ocaml/compiler-libs/flambda2_parser__Fexpr_prim_descr.cmt,839512
2026-08-26T20:15:32Z,712f87f035c6cfe581ffb290d71707e9bca5b59b,6929,size_in_bytes,lib/ocaml/compiler-libs/flambda2_terms__Cost_metrics.cmt,108710
2026-08-26T20:15:32Z,712f87f035c6cfe581ffb290d71707e9bca5b59b,6929,size_in_bytes,lib/ocaml/compiler-libs/flambda2_reaper__Datalog_helpers.cmt,701535
2026-08-26T20:15:32Z,712f87f035c6cfe581ffb290d71707e9bca5b59b,6929,size_in_bytes,lib/ocaml/compiler-libs/errors.cmt,13967
2026-08-26T20:15:32Z,712f87f035c6cfe581ffb290d71707e9bca5b59b,6929,size_in_bytes,lib/ocaml/compiler-libs/flambda2_algorithms__Leapfrog.cmt,171612
2026-08-26T20:15:32Z,712f87f035c6cfe581ffb290d71707e9bca5b59b,6929,size_in_bytes,lib/ocaml/compiler-libs/asttypes.cmt,28070
2026-08-26T20:15:32Z,712f87f035c6cfe581ffb290d71707e9bca5b59b,6929,size_in_bytes,lib/ocaml/compiler-libs/dwarf_low__Location_list_entry.cmt,28736
2026-08-26T20:15:32Z,712f87f035c6cfe581ffb290d71707e9bca5b59b,6929,size_in_bytes,lib/ocaml/compiler-libs/axis_lattice.cmt,584316
2026-08-26T20:15:32Z,712f87f035c6cfe581ffb290d71707e9bca5b59b,6929,size_in_bytes,lib/ocaml/compiler-libs/datarepr.cmt,360523
2026-08-26T20:15:32Z,712f87f035c6cfe581ffb290d71707e9bca5b59b,6929,size_in_bytes,lib/ocaml/compiler-libs/compile.cmt,189328
2026-08-26T20:15:32Z,712f87f035c6cfe581ffb290d71707e9bca5b59b,6929,size_in_bytes,lib/ocaml/compiler-libs/flambda2_simplify__Simplify_extcall.cmt,316842
2026-08-26T20:15:32Z,712f87f035c6cfe581ffb290d71707e9bca5b59b,6929,size_in_bytes,lib/ocaml/compiler-libs/format_doc.cmt,1115039
2026-08-26T20:15:32Z,712f87f035c6cfe581ffb290d71707e9bca5b59b,6929,size_in_bytes,lib/ocaml/compiler-libs/regalloc_validate.cmt,1722429
2026-08-26T20:15:32Z,712f87f035c6cfe581ffb290d71707e9bca5b59b,6929,size_in_bytes,lib/ocaml/compiler-libs/jkind_intf.cmt,163524
2026-08-26T20:15:32Z,712f87f035c6cfe581ffb290d71707e9bca5b59b,6929,size_in_bytes,lib/ocaml/compiler-libs/cfg_to_linear.cmt,498401
2026-08-26T20:15:32Z,712f87f035c6cfe581ffb290d71707e9bca5b59b,6929,size_in_bytes,lib/ocaml/compiler-libs/cfg_available_regs.cmt,445933
2026-08-26T20:15:32Z,712f87f035c6cfe581ffb290d71707e9bca5b59b,6929,size_in_bytes,lib/ocaml/compiler-libs/iplt.cmt,132015
2026-08-26T20:15:32Z,712f87f035c6cfe581ffb290d71707e9bca5b59b,6929,size_in_bytes,lib/ocaml/compiler-libs/flambda2_simplify__Replay_history.cmt,257119
2026-08-26T20:15:32Z,712f87f035c6cfe581ffb290d71707e9bca5b59b,6929,size_in_bytes,lib/ocaml/compiler-libs/flambda2_terms__Code.cmt,66427
2026-08-26T20:15:32Z,712f87f035c6cfe581ffb290d71707e9bca5b59b,6929,size_in_bytes,lib/ocaml/compiler-libs/instruct.cmt,51811
2026-08-26T20:15:32Z,712f87f035c6cfe581ffb290d71707e9bca5b59b,6929,size_in_bytes,lib/ocaml/compiler-libs/toploop.cmt,507810
2026-08-26T20:15:32Z,712f87f035c6cfe581ffb290d71707e9bca5b59b,6929,size_in_bytes,lib/ocaml/compiler-libs/cmm_builtins.cmt,2287884
2026-08-26T20:15:32Z,712f87f035c6cfe581ffb290d71707e9bca5b59b,6929,size_in_bytes,lib/ocaml/compiler-libs/dwarf_low__Abbreviations_table.cmt,188193
2026-08-26T20:15:32Z,712f87f035c6cfe581ffb290d71707e9bca5b59b,6929,size_in_bytes,lib/ocaml/compiler-libs/regalloc_stack_slots.cmt,454096
2026-08-26T20:15:32Z,712f87f035c6cfe581ffb290d71707e9bca5b59b,6929,size_in_bytes,lib/ocaml/compiler-libs/flambda2_reaper__Points_to_analysis.cmt,1642188
2026-08-26T20:15:32Z,712f87f035c6cfe581ffb290d71707e9bca5b59b,6929,size_in_bytes,lib/ocaml/compiler-libs/select_utils.cmt,956890
2026-08-26T20:15:32Z,712f87f035c6cfe581ffb290d71707e9bca5b59b,6929,size_in_bytes,lib/ocaml/compiler-libs/label.cmt,55252
2026-08-26T20:15:32Z,712f87f035c6cfe581ffb290d71707e9bca5b59b,6929,size_in_bytes,lib/ocaml/compiler-libs/vicuna_value_shapes.cmt,271457
2026-08-26T20:15:32Z,712f87f035c6cfe581ffb290d71707e9bca5b59b,6929,size_in_bytes,lib/ocaml/compiler-libs/tast_mapper.cmt,2036282
2026-08-26T20:15:32Z,712f87f035c6cfe581ffb290d71707e9bca5b59b,6929,size_in_bytes,lib/ocaml/compiler-libs/shape.cmt,1847940
2026-08-26T20:15:32Z,712f87f035c6cfe581ffb290d71707e9bca5b59b,6929,size_in_bytes,lib/ocaml/compiler-libs/flambda2_simplify__Simplify_apply_expr.cmt,1445905
2026-08-26T20:15:32Z,712f87f035c6cfe581ffb290d71707e9bca5b59b,6929,size_in_bytes,lib/ocaml/compiler-libs/depend.cmt,1285349
2026-08-26T20:15:32Z,712f87f035c6cfe581ffb290d71707e9bca5b59b,6929,size_in_bytes,lib/ocaml/compiler-libs/regalloc_irc_utils.cmt,153034
2026-08-26T20:15:32Z,712f87f035c6cfe581ffb290d71707e9bca5b59b,6929,size_in_bytes,lib/ocaml/compiler-libs/flambda2_identifiers__Flambda_debug_uid.cmt,203293
2026-08-26T20:15:32Z,712f87f035c6cfe581ffb290d71707e9bca5b59b,6929,size_in_bytes,lib/ocaml/compiler-libs/translmode.cmt,54001
2026-08-26T20:15:32Z,712f87f035c6cfe581ffb290d71707e9bca5b59b,6929,size_in_bytes,lib/ocaml/compiler-libs/flambda2_terms__Regalloc_attribute.cmt,38573
2026-08-26T20:15:32Z,712f87f035c6cfe581ffb290d71707e9bca5b59b,6929,size_in_bytes,lib/ocaml/compiler-libs/flambda2_parser__Flambda_to_fexpr.cmt,1139222
2026-08-26T20:15:32Z,712f87f035c6cfe581ffb290d71707e9bca5b59b,6929,size_in_bytes,lib/ocaml/compiler-libs/flambda2_identifiers__Name.cmt,242388
2026-08-26T20:15:32Z,712f87f035c6cfe581ffb290d71707e9bca5b59b,6929,size_in_bytes,lib/ocaml/compiler-libs/solver.cmt,1812720
2026-08-26T20:15:32Z,712f87f035c6cfe581ffb290d71707e9bca5b59b,6929,size_in_bytes,lib/ocaml/compiler-libs/dwarf_low__Dwarf_operator.cmt,417676
2026-08-26T20:15:32Z,712f87f035c6cfe581ffb290d71707e9bca5b59b,6929,size_in_bytes,lib/ocaml/compiler-libs/regs.cmt,422988
2026-08-26T20:15:32Z,712f87f035c6cfe581ffb290d71707e9bca5b59b,6929,size_in_bytes,lib/ocaml/compiler-libs/flambda2_identifiers__Code_id.cmt,26344
2026-08-26T20:15:32Z,712f87f035c6cfe581ffb290d71707e9bca5b59b,6929,size_in_bytes,lib/ocaml/compiler-libs/flambda2_simplify__Simplify_named_result.cmt,62353
2026-08-26T20:15:32Z,712f87f035c6cfe581ffb290d71707e9bca5b59b,6929,size_in_bytes,lib/ocaml/compiler-libs/out_type.cmt,3786627
2026-08-26T20:15:32Z,712f87f035c6cfe581ffb290d71707e9bca5b59b,6929,size_in_bytes,lib/ocaml/compiler-libs/compiler_hooks.cmt,163804
2026-08-26T20:15:32Z,712f87f035c6cfe581ffb290d71707e9bca5b59b,6929,size_in_bytes,lib/ocaml/compiler-libs/compilation_unit.cmt,1132748
2026-08-26T20:15:32Z,712f87f035c6cfe581ffb290d71707e9bca5b59b,6929,size_in_bytes,lib/ocaml/compiler-libs/dwarf_low__Inline_code.cmt,23060
2026-08-26T20:15:32Z,712f87f035c6cfe581ffb290d71707e9bca5b59b,6929,size_in_bytes,lib/ocaml/compiler-libs/topmain.cmt,292691
2026-08-26T20:15:32Z,712f87f035c6cfe581ffb290d71707e9bca5b59b,6929,size_in_bytes,lib/ocaml/compiler-libs/dsl_helpers.cmt,12288
2026-08-26T20:15:32Z,712f87f035c6cfe581ffb290d71707e9bca5b59b,6929,size_in_bytes,lib/ocaml/compiler-libs/operation.cmt,657642
2026-08-26T20:15:32Z,712f87f035c6cfe581ffb290d71707e9bca5b59b,6929,size_in_bytes,lib/ocaml/compiler-libs/regalloc_split_state.cmt,833572
2026-08-26T20:15:32Z,712f87f035c6cfe581ffb290d71707e9bca5b59b,6929,size_in_bytes,lib/ocaml/compiler-libs/hash_consed.cmt,73282
2026-08-26T20:15:32Z,712f87f035c6cfe581ffb290d71707e9bca5b59b,6929,size_in_bytes,lib/ocaml/compiler-libs/dwarf_low__Range_list_entry.cmt,32095
2026-08-26T20:15:32Z,712f87f035c6cfe581ffb290d71707e9bca5b59b,6929,size_in_bytes,lib/ocaml/compiler-libs/cmi_format.cmt,302591
2026-08-26T20:15:32Z,712f87f035c6cfe581ffb290d71707e9bca5b59b,6929,size_in_bytes,lib/ocaml/compiler-libs/compile_common.cmt,217941
2026-08-26T20:15:32Z,712f87f035c6cfe581ffb290d71707e9bca5b59b,6929,size_in_bytes,lib/ocaml/compiler-libs/flambda2_to_jsir__To_jsir_env.cmt,311415
2026-08-26T20:15:32Z,712f87f035c6cfe581ffb290d71707e9bca5b59b,6929,size_in_bytes,lib/ocaml/compiler-libs/dwarf_high__Simple_location_description_lang.cmt,141726
2026-08-26T20:15:32Z,712f87f035c6cfe581ffb290d71707e9bca5b59b,6929,size_in_bytes,lib/ocaml/compiler-libs/afl_instrument.cmt,162369
2026-08-26T20:15:32Z,712f87f035c6cfe581ffb290d71707e9bca5b59b,6929,size_in_bytes,lib/ocaml/compiler-libs/flambda2_lattices__Or_unknown_or_bottom.cmt,71815
2026-08-26T20:15:32Z,712f87f035c6cfe581ffb290d71707e9bca5b59b,6929,size_in_bytes,lib/ocaml/compiler-libs/flambda2_identifiers__Symbol.cmt,42215
2026-08-26T20:15:32Z,712f87f035c6cfe581ffb290d71707e9bca5b59b,6929,size_in_bytes,lib/ocaml/compiler-libs/dwarf_low__Unit_type.cmt,28064
2026-08-26T20:15:32Z,712f87f035c6cfe581ffb290d71707e9bca5b59b,6929,size_in_bytes,lib/ocaml/compiler-libs/flambda2_to_cmm__To_cmm_result.cmt,190764
2026-08-26T20:15:32Z,712f87f035c6cfe581ffb290d71707e9bca5b59b,6929,size_in_bytes,lib/ocaml/compiler-libs/flambda2_simplify__Simplify_set_of_closures.cmt,1207845
2026-08-26T20:15:32Z,712f87f035c6cfe581ffb290d71707e9bca5b59b,6929,size_in_bytes,lib/ocaml/compiler-libs/ccomp.cmt,268410
2026-08-26T20:15:32Z,712f87f035c6cfe581ffb290d71707e9bca5b59b,6929,size_in_bytes,lib/ocaml/compiler-libs/flambda2_cmx__Exported_code.cmt,139881
2026-08-26T20:15:32Z,712f87f035c6cfe581ffb290d71707e9bca5b59b,6929,size_in_bytes,lib/ocaml/compiler-libs/flambda2_reaper__Traverse.cmt,1101006
2026-08-26T20:15:32Z,712f87f035c6cfe581ffb290d71707e9bca5b59b,6929,size_in_bytes,lib/ocaml/compiler-libs/dwarf_low__Encoding_attribute.cmt,26650
2026-08-26T20:15:32Z,712f87f035c6cfe581ffb290d71707e9bca5b59b,6929,size_in_bytes,lib/ocaml/compiler-libs/oxcaml_args.cmt,3110267
2026-08-26T20:15:32Z,712f87f035c6cfe581ffb290d71707e9bca5b59b,6929,size_in_bytes,lib/ocaml/compiler-libs/dwarf_low__Abbreviations_table_entry.cmt,63876
2026-08-26T20:15:32Z,712f87f035c6cfe581ffb290d71707e9bca5b59b,6929,size_in_bytes,lib/ocaml/compiler-libs/flambda2_bound_identifiers__Bound_parameter.cmt,261086
2026-08-26T20:15:32Z,712f87f035c6cfe581ffb290d71707e9bca5b59b,6929,size_in_bytes,lib/ocaml/compiler-libs/flambda2_ui.cmt,11796
2026-08-26T20:15:32Z,712f87f035c6cfe581ffb290d71707e9bca5b59b,6929,size_in_bytes,lib/ocaml/compiler-libs/scalar.cmt,682318
2026-08-26T20:15:32Z,712f87f035c6cfe581ffb290d71707e9bca5b59b,6929,size_in_bytes,lib/ocaml/compiler-libs/flambda2_simplify__One_continuation_use.cmt,67883
2026-08-26T20:15:32Z,712f87f035c6cfe581ffb290d71707e9bca5b59b,6929,size_in_bytes,lib/ocaml/compiler-libs/flambda2_types__Meet.cmt,70497
2026-08-26T20:15:32Z,712f87f035c6cfe581ffb290d71707e9bca5b59b,6929,size_in_bytes,lib/ocaml/compiler-libs/dwarf_low__Dwarf_4_location_list.cmt,61378
2026-08-26T20:15:32Z,712f87f035c6cfe581ffb290d71707e9bca5b59b,6929,size_in_bytes,lib/ocaml/compiler-libs/regalloc_interf_graph.cmt,425949
2026-08-26T20:15:32Z,712f87f035c6cfe581ffb290d71707e9bca5b59b,6929,size_in_bytes,lib/ocaml/compiler-libs/printoperation.cmt,407591
2026-08-26T20:15:32Z,712f87f035c6cfe581ffb290d71707e9bca5b59b,6929,size_in_bytes,lib/ocaml/compiler-libs/available_ranges_vars.cmt,204823
2026-08-26T20:15:32Z,712f87f035c6cfe581ffb290d71707e9bca5b59b,6929,size_in_bytes,lib/ocaml/compiler-libs/flambda2_simplify__Simplify_common.cmt,394805
2026-08-26T20:15:32Z,712f87f035c6cfe581ffb290d71707e9bca5b59b,6929,size_in_bytes,lib/ocaml/compiler-libs/flambda2_simplify__Simplify_switch_expr.cmt,1091242
2026-08-26T20:15:32Z,712f87f035c6cfe581ffb290d71707e9bca5b59b,6929,size_in_bytes,lib/ocaml/compiler-libs/cfg_edge.cmt,106038
2026-08-26T20:15:32Z,712f87f035c6cfe581ffb290d71707e9bca5b59b,6929,size_in_bytes,lib/ocaml/compiler-libs/flambda2_to_jsir.cmt,15512
2026-08-26T20:15:32Z,712f87f035c6cfe581ffb290d71707e9bca5b59b,6929,size_in_bytes,lib/ocaml/compiler-libs/transl_list_comprehension.cmt,186310
2026-08-26T20:15:32Z,712f87f035c6cfe581ffb290d71707e9bca5b59b,6929,size_in_bytes,lib/ocaml/compiler-libs/flambda2_reaper__Rebuilt_expr.cmt,109871
2026-08-26T20:15:32Z,712f87f035c6cfe581ffb290d71707e9bca5b59b,6929,size_in_bytes,lib/ocaml/compiler-libs/dwarf_low.cmt,41912
2026-08-26T20:15:32Z,712f87f035c6cfe581ffb290d71707e9bca5b59b,6929,size_in_bytes,lib/ocaml/compiler-libs/flambda2_simplify__Rebuilt_expr.cmt,165919
2026-08-26T20:15:32Z,712f87f035c6cfe581ffb290d71707e9bca5b59b,6929,size_in_bytes,lib/ocaml/compiler-libs/jit_backend.cmt,155119
2026-08-26T20:15:32Z,712f87f035c6cfe581ffb290d71707e9bca5b59b,6929,size_in_bytes,lib/ocaml/compiler-libs/flambda2_identifiers__Rec_info_expr0.cmt,209088
2026-08-26T20:15:32Z,712f87f035c6cfe581ffb290d71707e9bca5b59b,6929,size_in_bytes,lib/ocaml/compiler-libs/flambda2_types__Meet_env.cmt,623054
2026-08-26T20:15:32Z,712f87f035c6cfe581ffb290d71707e9bca5b59b,6929,size_in_bytes,lib/ocaml/compiler-libs/cfg_selection.cmt,651599
2026-08-26T20:15:32Z,712f87f035c6cfe581ffb290d71707e9bca5b59b,6929,size_in_bytes,lib/ocaml/compiler-libs/optcompile.cmt,407155
2026-08-26T20:15:32Z,712f87f035c6cfe581ffb290d71707e9bca5b59b,6929,size_in_bytes,lib/ocaml/compiler-libs/attr_helper.cmt,53465
2026-08-26T20:15:32Z,712f87f035c6cfe581ffb290d71707e9bca5b59b,6929,size_in_bytes,lib/ocaml/compiler-libs/regalloc_ls_utils.cmt,494305
2026-08-26T20:15:32Z,712f87f035c6cfe581ffb290d71707e9bca5b59b,6929,size_in_bytes,lib/ocaml/compiler-libs/flambda2_simplify_shared.cmt,16161
2026-08-26T20:15:32Z,712f87f035c6cfe581ffb290d71707e9bca5b59b,6929,size_in_bytes,lib/ocaml/compiler-libs/cfg_prologue.cmt,560336
2026-08-26T20:15:32Z,712f87f035c6cfe581ffb290d71707e9bca5b59b,6929,size_in_bytes,lib/ocaml/compiler-libs/flambda2_reaper__Unboxing_analysis.cmt,983059
2026-08-26T20:15:32Z,712f87f035c6cfe581ffb290d71707e9bca5b59b,6929,size_in_bytes,lib/ocaml/compiler-libs/regalloc_irc_state.cmt,977600
2026-08-26T20:15:32Z,712f87f035c6cfe581ffb290d71707e9bca5b59b,6929,size_in_bytes,lib/ocaml/compiler-libs/flambda2_nominal.cmt,17484
2026-08-26T20:15:32Z,712f87f035c6cfe581ffb290d71707e9bca5b59b,6929,size_in_bytes,lib/ocaml/compiler-libs/flambda2_bound_identifiers__Bound_parameters.cmt,151966
2026-08-26T20:15:32Z,712f87f035c6cfe581ffb290d71707e9bca5b59b,6929,size_in_bytes,lib/ocaml/compiler-libs/flambda2_terms__Inlining_arguments.cmt,409318
2026-08-26T20:15:32Z,712f87f035c6cfe581ffb290d71707e9bca5b59b,6929,size_in_bytes,lib/ocaml/compiler-libs/asm_targets__Asm_directives.cmt,1774521
2026-08-26T20:15:32Z,712f87f035c6cfe581ffb290d71707e9bca5b59b,6929,size_in_bytes,lib/ocaml/compiler-libs/eh_frame_registration.cmt,37611
2026-08-26T20:15:32Z,712f87f035c6cfe581ffb290d71707e9bca5b59b,6929,size_in_bytes,lib/ocaml/compiler-libs/cmmgen_state.cmt,186335
2026-08-26T20:15:32Z,712f87f035c6cfe581ffb290d71707e9bca5b59b,6929,size_in_bytes,lib/ocaml/compiler-libs/partition_object_files.cmt,123974
2026-08-26T20:15:32Z,712f87f035c6cfe581ffb290d71707e9bca5b59b,6929,size_in_bytes,lib/ocaml/compiler-libs/flambda2_to_cmm__To_cmm_primitive.cmt,2533184
2026-08-26T20:15:32Z,712f87f035c6cfe581ffb290d71707e9bca5b59b,6929,size_in_bytes,lib/ocaml/compiler-libs/expunge.cmt,96333
2026-08-26T20:15:32Z,712f87f035c6cfe581ffb290d71707e9bca5b59b,6929,size_in_bytes,lib/ocaml/compiler-libs/flambda2_algorithms__Channel.cmt,28585
2026-08-26T20:15:32Z,712f87f035c6cfe581ffb290d71707e9bca5b59b,6929,size_in_bytes,lib/ocaml/compiler-libs/parser.cmt,83812596
2026-08-26T20:15:32Z,712f87f035c6cfe581ffb290d71707e9bca5b59b,6929,size_in_bytes,lib/ocaml/compiler-libs/flambda2_simplify__Lifted_constant.cmt,349111
2026-08-26T20:15:32Z,712f87f035c6cfe581ffb290d71707e9bca5b59b,6929,size_in_bytes,lib/ocaml/compiler-libs/dwarf_low__Composite_location_description.cmt,38934
2026-08-26T20:15:32Z,712f87f035c6cfe581ffb290d71707e9bca5b59b,6929,size_in_bytes,lib/ocaml/compiler-libs/types.cmt,2008492
2026-08-26T20:15:32Z,712f87f035c6cfe581ffb290d71707e9bca5b59b,6929,size_in_bytes,lib/ocaml/compiler-libs/flambda2_simplify__Continuation_uses_env.cmt,109409
2026-08-26T20:15:32Z,712f87f035c6cfe581ffb290d71707e9bca5b59b,6929,size_in_bytes,lib/ocaml/compiler-libs/flambda2_simplify_shared__Function_decl_inlining_decision.cmt,81315
2026-08-26T20:15:32Z,712f87f035c6cfe581ffb290d71707e9bca5b59b,6929,size_in_bytes,lib/ocaml/compiler-libs/dwarf_state.cmt,211507
2026-08-26T20:15:32Z,712f87f035c6cfe581ffb290d71707e9bca5b59b,6929,size_in_bytes,lib/ocaml/compiler-libs/flambda2_simplify__Simplify_static_const.cmt,511660
2026-08-26T20:15:32Z,712f87f035c6cfe581ffb290d71707e9bca5b59b,6929,size_in_bytes,lib/ocaml/compiler-libs/flambda2_terms__Apply_cont_expr.cmt,347835
2026-08-26T20:15:32Z,712f87f035c6cfe581ffb290d71707e9bca5b59b,6929,size_in_bytes,lib/ocaml/compiler-libs/flambda2_types__Join_levels.cmt,163571
2026-08-26T20:15:32Z,712f87f035c6cfe581ffb290d71707e9bca5b59b,6929,size_in_bytes,lib/ocaml/compiler-libs/flambda2_kinds.cmt,12431
2026-08-26T20:15:32Z,712f87f035c6cfe581ffb290d71707e9bca5b59b,6929,size_in_bytes,lib/ocaml/compiler-libs/flambda2_reaper__Global_flow_graph.cmt,338184
2026-08-26T20:15:32Z,712f87f035c6cfe581ffb290d71707e9bca5b59b,6929,size_in_bytes,lib/ocaml/compiler-libs/flambda2_identifiers__Reg_width_const.cmt,213161
2026-08-26T20:15:32Z,712f87f035c6cfe581ffb290d71707e9bca5b59b,6929,size_in_bytes,lib/ocaml/compiler-libs/cfg_deadcode.cmt,72907
2026-08-26T20:15:32Z,712f87f035c6cfe581ffb290d71707e9bca5b59b,6929,size_in_bytes,lib/ocaml/compiler-libs/cmm_peephole_engine.cmt,465161
2026-08-26T20:15:32Z,712f87f035c6cfe581ffb290d71707e9bca5b59b,6929,size_in_bytes,lib/ocaml/compiler-libs/flambda2_lattices.cmt,12596
2026-08-26T20:15:32Z,712f87f035c6cfe581ffb290d71707e9bca5b59b,6929,size_in_bytes,lib/ocaml/compiler-libs/flambda2_numbers__Targetint_32_64.cmt,1022959
2026-08-26T20:15:32Z,712f87f035c6cfe581ffb290d71707e9bca5b59b,6929,size_in_bytes,lib/ocaml/compiler-libs/flambda2_to_cmm__To_cmm.cmt,429613
2026-08-26T20:15:32Z,712f87f035c6cfe581ffb290d71707e9bca5b59b,6929,size_in_bytes,lib/ocaml/compiler-libs/peephole_optimize.cmt,51780
2026-08-26T20:15:32Z,712f87f035c6cfe581ffb290d71707e9bca5b59b,6929,size_in_bytes,lib/ocaml/compiler-libs/flambda2_term_basics__Scope.cmt,120236
2026-08-26T20:15:32Z,712f87f035c6cfe581ffb290d71707e9bca5b59b,6929,size_in_bytes,lib/ocaml/compiler-libs/flambda2_parser__Fexpr_to_flambda_commons.cmt,448294
2026-08-26T20:15:32Z,712f87f035c6cfe581ffb290d71707e9bca5b59b,6929,size_in_bytes,lib/ocaml/compiler-libs/type_shape.cmt,1262576
2026-08-26T20:15:32Z,712f87f035c6cfe581ffb290d71707e9bca5b59b,6929,size_in_bytes,lib/ocaml/compiler-libs/unit_info.cmt,218246
2026-08-26T20:15:32Z,712f87f035c6cfe581ffb290d71707e9bca5b59b,6929,size_in_bytes,lib/ocaml/compiler-libs/flambda2_identifiers.cmt,23528
2026-08-26T20:15:32Z,712f87f035c6cfe581ffb290d71707e9bca5b59b,6929,size_in_bytes,lib/ocaml/compiler-libs/profile_counters_functions.cmt,138115
2026-08-26T20:15:32Z,712f87f035c6cfe581ffb290d71707e9bca5b59b,6929,size_in_bytes,lib/ocaml/compiler-libs/flambda2_term_basics__Coercion.cmt,69945
2026-08-26T20:15:32Z,712f87f035c6cfe581ffb290d71707e9bca5b59b,6929,size_in_bytes,lib/ocaml/compiler-libs/flambda2_terms__Function_decl_inlining_decision_type.cmt,419786
2026-08-26T20:15:32Z,712f87f035c6cfe581ffb290d71707e9bca5b59b,6929,size_in_bytes,lib/ocaml/compiler-libs/cfg_to_linear_desc.cmt,34228
2026-08-26T20:15:32Z,712f87f035c6cfe581ffb290d71707e9bca5b59b,6929,size_in_bytes,lib/ocaml/compiler-libs/lazy_backtrack.cmt,87483
2026-08-26T20:15:32Z,712f87f035c6cfe581ffb290d71707e9bca5b59b,6929,size_in_bytes,lib/ocaml/compiler-libs/typedecl.cmt,6159608
2026-08-26T20:15:32Z,712f87f035c6cfe581ffb290d71707e9bca5b59b,6929,size_in_bytes,lib/ocaml/compiler-libs/flambda2_types__Expand_head.cmt,1474909
2026-08-26T20:15:32Z,712f87f035c6cfe581ffb290d71707e9bca5b59b,6929,size_in_bytes,lib/ocaml/compiler-libs/cmm_invariants.cmt,204705
2026-08-26T20:15:32Z,712f87f035c6cfe581ffb290d71707e9bca5b59b,6929,size_in_bytes,lib/ocaml/compiler-libs/x86_peephole_optimize.cmt,35606
2026-08-26T20:15:32Z,712f87f035c6cfe581ffb290d71707e9bca5b59b,6929,size_in_bytes,lib/ocaml/compiler-libs/flambda2_simplify__Simplify_set_of_closures_context.cmt,280734
2026-08-26T20:15:32Z,712f87f035c6cfe581ffb290d71707e9bca5b59b,6929,size_in_bytes,lib/ocaml/compiler-libs/cms_format.cmt,155877
2026-08-26T20:15:32Z,712f87f035c6cfe581ffb290d71707e9bca5b59b,6929,size_in_bytes,lib/ocaml/compiler-libs/dwarf_low__Dwarf_4_location_list_entry.cmt,127167
2026-08-26T20:15:32Z,712f87f035c6cfe581ffb290d71707e9bca5b59b,6929,size_in_bytes,lib/ocaml/compiler-libs/dwarf_high__Proto_die.cmt,108860
2026-08-26T20:15:32Z,712f87f035c6cfe581ffb290d71707e9bca5b59b,6929,size_in_bytes,lib/ocaml/compiler-libs/import_info.cmt,178100
2026-08-26T20:15:32Z,712f87f035c6cfe581ffb290d71707e9bca5b59b,6929,size_in_bytes,lib/ocaml/compiler-libs/flambda2_simplify__Closure_info.cmt,81719
2026-08-26T20:15:32Z,712f87f035c6cfe581ffb290d71707e9bca5b59b,6929,size_in_bytes,lib/ocaml/compiler-libs/is_parameter.cmt,156131
2026-08-26T20:15:32Z,712f87f035c6cfe581ffb290d71707e9bca5b59b,6929,size_in_bytes,lib/ocaml/compiler-libs/flambda2_terms__Inlined_attribute.cmt,83133
2026-08-26T20:15:32Z,712f87f035c6cfe581ffb290d71707e9bca5b59b,6929,size_in_bytes,lib/ocaml/compiler-libs/allowance.cmt,45829
2026-08-26T20:15:32Z,712f87f035c6cfe581ffb290d71707e9bca5b59b,6929,size_in_bytes,lib/ocaml/compiler-libs/typeclass.cmt,3110728
2026-08-26T20:15:32Z,712f87f035c6cfe581ffb290d71707e9bca5b59b,6929,size_in_bytes,lib/ocaml/compiler-libs/arm64_binary_emitter__Csel_helpers.cmt,63606
2026-08-26T20:15:32Z,712f87f035c6cfe581ffb290d71707e9bca5b59b,6929,size_in_bytes,lib/ocaml/compiler-libs/build_igot_and_iplt.cmt,42872
2026-08-26T20:15:32Z,712f87f035c6cfe581ffb290d71707e9bca5b59b,6929,size_in_bytes,lib/ocaml/compiler-libs/flambda2_terms__Result_types.cmt,237296
2026-08-26T20:15:32Z,712f87f035c6cfe581ffb290d71707e9bca5b59b,6929,size_in_bytes,lib/ocaml/compiler-libs/cmo_io.cmt,45925
2026-08-26T20:15:32Z,712f87f035c6cfe581ffb290d71707e9bca5b59b,6929,size_in_bytes,lib/ocaml/compiler-libs/blambda_of_lambda.cmt,1604602
2026-08-26T20:15:32Z,712f87f035c6cfe581ffb290d71707e9bca5b59b,6929,size_in_bytes,lib/ocaml/compiler-libs/arm64_binary_emitter__Adr_helpers.cmt,62189
2026-08-26T20:15:32Z,712f87f035c6cfe581ffb290d71707e9bca5b59b,6929,size_in_bytes,lib/ocaml/compiler-libs/flambda2_nominal__Name_mode.cmt,334188
2026-08-26T20:15:32Z,712f87f035c6cfe581ffb290d71707e9bca5b59b,6929,size_in_bytes,lib/ocaml/compiler-libs/flambda2_to_cmm__To_cmm_set_of_closures.cmt,1137403
2026-08-26T20:15:32Z,712f87f035c6cfe581ffb290d71707e9bca5b59b,6929,size_in_bytes,lib/ocaml/compiler-libs/instructionId.cmt,50637
2026-08-26T20:15:32Z,712f87f035c6cfe581ffb290d71707e9bca5b59b,6929,size_in_bytes,lib/ocaml/compiler-libs/flambda2_simplify__Simplify_coercion.cmt,40097
2026-08-26T20:15:32Z,712f87f035c6cfe581ffb290d71707e9bca5b59b,6929,size_in_bytes,lib/ocaml/compiler-libs/arch.cmt,845670
2026-08-26T20:15:32Z,712f87f035c6cfe581ffb290d71707e9bca5b59b,6929,size_in_bytes,lib/ocaml/compiler-libs/dwarf_low__Dwarf_format.cmt,22846
2026-08-26T20:15:32Z,712f87f035c6cfe581ffb290d71707e9bca5b59b,6929,size_in_bytes,lib/ocaml/compiler-libs/vectorize_specific.cmt,84010
2026-08-26T20:15:32Z,712f87f035c6cfe581ffb290d71707e9bca5b59b,6929,size_in_bytes,lib/ocaml/compiler-libs/printtyp.cmt,277567
2026-08-26T20:15:32Z,712f87f035c6cfe581ffb290d71707e9bca5b59b,6929,size_in_bytes,lib/ocaml/compiler-libs/reg.cmt,577756
2026-08-26T20:15:32Z,712f87f035c6cfe581ffb290d71707e9bca5b59b,6929,size_in_bytes,lib/ocaml/compiler-libs/arm64_binary_emitter__All_section_states.cmt,165483
2026-08-26T20:15:32Z,712f87f035c6cfe581ffb290d71707e9bca5b59b,6929,size_in_bytes,lib/ocaml/compiler-libs/flambda2_identifiers__Slot.cmt,335410
2026-08-26T20:15:32Z,712f87f035c6cfe581ffb290d71707e9bca5b59b,6929,size_in_bytes,lib/ocaml/compiler-libs/flambda2_simplify__Downwards_env.cmt,1103173
2026-08-26T20:15:32Z,712f87f035c6cfe581ffb290d71707e9bca5b59b,6929,size_in_bytes,lib/ocaml/compiler-libs/runtimetags.cmt,21785
2026-08-26T20:15:32Z,712f87f035c6cfe581ffb290d71707e9bca5b59b,6929,size_in_bytes,lib/ocaml/compiler-libs/regalloc_stack_operands.cmt,343000
2026-08-26T20:15:32Z,712f87f035c6cfe581ffb290d71707e9bca5b59b,6929,size_in_bytes,lib/ocaml/compiler-libs/flambda2_terms__Zero_alloc_attribute.cmt,79623
2026-08-26T20:15:32Z,712f87f035c6cfe581ffb290d71707e9bca5b59b,6929,size_in_bytes,lib/ocaml/compiler-libs/stack_check.cmt,33859
2026-08-26T20:15:32Z,712f87f035c6cfe581ffb290d71707e9bca5b59b,6929,size_in_bytes,lib/ocaml/compiler-libs/jkind.cmt,5294619
2026-08-26T20:15:32Z,712f87f035c6cfe581ffb290d71707e9bca5b59b,6929,size_in_bytes,lib/ocaml/compiler-libs/flambda2_simplify__Unboxers.cmt,161525
2026-08-26T20:15:32Z,712f87f035c6cfe581ffb290d71707e9bca5b59b,6929,size_in_bytes,lib/ocaml/compiler-libs/flambda2_terms__Inlining_state.cmt,92042
2026-08-26T20:15:32Z,712f87f035c6cfe581ffb290d71707e9bca5b59b,6929,size_in_bytes,lib/ocaml/compiler-libs/flambda2_terms__Loopify_attribute.cmt,42470
2026-08-26T20:15:32Z,712f87f035c6cfe581ffb290d71707e9bca5b59b,6929,size_in_bytes,lib/ocaml/compiler-libs/asm_targets__Asm_section.cmt,241815
2026-08-26T20:15:32Z,712f87f035c6cfe581ffb290d71707e9bca5b59b,6929,size_in_bytes,lib/ocaml/compiler-libs/cfg_loop_infos.cmt,241602
2026-08-26T20:15:32Z,712f87f035c6cfe581ffb290d71707e9bca5b59b,6929,size_in_bytes,lib/ocaml/compiler-libs/flambda2_types__Provers.cmt,1483670
2026-08-26T20:15:32Z,712f87f035c6cfe581ffb290d71707e9bca5b59b,6929,size_in_bytes,lib/ocaml/compiler-libs/longident.cmt,78806
2026-08-26T20:15:32Z,712f87f035c6cfe581ffb290d71707e9bca5b59b,6929,size_in_bytes,lib/ocaml/compiler-libs/flambda2_numbers__Vector_types.cmt,681587
2026-08-26T20:15:32Z,712f87f035c6cfe581ffb290d71707e9bca5b59b,6929,size_in_bytes,lib/ocaml/compiler-libs/cfg_dataflow.cmt,473943
2026-08-26T20:15:32Z,712f87f035c6cfe581ffb290d71707e9bca5b59b,6929,size_in_bytes,lib/ocaml/compiler-libs/vicuna_traverse_typed_tree.cmt,580034
2026-08-26T20:15:32Z,712f87f035c6cfe581ffb290d71707e9bca5b59b,6929,size_in_bytes,lib/ocaml/compiler-libs/dwarf_high__Assign_abbrevs.cmt,69911
2026-08-26T20:15:32Z,712f87f035c6cfe581ffb290d71707e9bca5b59b,6929,size_in_bytes,lib/ocaml/compiler-libs/regalloc_irc.cmt,841131
2026-08-26T20:15:32Z,712f87f035c6cfe581ffb290d71707e9bca5b59b,6929,size_in_bytes,lib/ocaml/compiler-libs/optlibrarian.cmt,201443
2026-08-26T20:15:32Z,712f87f035c6cfe581ffb290d71707e9bca5b59b,6929,size_in_bytes,lib/ocaml/compiler-libs/dwarf_low__Dwarf_attribute_values.cmt,207597
2026-08-26T20:15:32Z,712f87f035c6cfe581ffb290d71707e9bca5b59b,6929,size_in_bytes,lib/ocaml/compiler-libs/binary_emitter_helpers.cmt,19417
2026-08-26T20:15:32Z,712f87f035c6cfe581ffb290d71707e9bca5b59b,6929,size_in_bytes,lib/ocaml/compiler-libs/flambda2_bound_identifiers__Bound_static.cmt,199011
2026-08-26T20:15:32Z,712f87f035c6cfe581ffb290d71707e9bca5b59b,6929,size_in_bytes,lib/ocaml/compiler-libs/flambda2_algorithms__Or_null.cmt,36899
2026-08-26T20:15:32Z,712f87f035c6cfe581ffb290d71707e9bca5b59b,6929,size_in_bytes,lib/ocaml/compiler-libs/flambda2_nominal__Renaming.cmt,275190
2026-08-26T20:15:32Z,712f87f035c6cfe581ffb290d71707e9bca5b59b,6929,size_in_bytes,lib/ocaml/compiler-libs/relocation_entry.cmt,97968
2026-08-26T20:15:32Z,712f87f035c6cfe581ffb290d71707e9bca5b59b,6929,size_in_bytes,lib/ocaml/compiler-libs/x86_masm.cmt,609105
2026-08-26T20:15:32Z,712f87f035c6cfe581ffb290d71707e9bca5b59b,6929,size_in_bytes,lib/ocaml/compiler-libs/flambda2_terms__Flambda_primitive.cmt,4028734
2026-08-26T20:15:32Z,712f87f035c6cfe581ffb290d71707e9bca5b59b,6929,size_in_bytes,lib/ocaml/compiler-libs/dwarf_low__Counted_location_description.cmt,31080
2026-08-26T20:15:32Z,712f87f035c6cfe581ffb290d71707e9bca5b59b,6929,size_in_bytes,lib/ocaml/compiler-libs/flambda2_simplify__Downwards_acc.cmt,505612
2026-08-26T20:15:32Z,712f87f035c6cfe581ffb290d71707e9bca5b59b,6929,size_in_bytes,lib/ocaml/compiler-libs/translprim.cmt,3059983
2026-08-26T20:15:32Z,712f87f035c6cfe581ffb290d71707e9bca5b59b,6929,size_in_bytes,lib/ocaml/compiler-libs/flambda2_datalog__Table.cmt,388480
2026-08-26T20:15:32Z,712f87f035c6cfe581ffb290d71707e9bca5b59b,6929,size_in_bytes,lib/ocaml/compiler-libs/translmod.cmt,2107546
2026-08-26T20:15:32Z,712f87f035c6cfe581ffb290d71707e9bca5b59b,6929,size_in_bytes,lib/ocaml/compiler-libs/dwarf_high__Dwarf_world.cmt,80311
2026-08-26T20:15:32Z,712f87f035c6cfe581ffb290d71707e9bca5b59b,6929,size_in_bytes,lib/ocaml/compiler-libs/flambda2_simplify__Simplified_named.cmt,100141
2026-08-26T20:15:32Z,712f87f035c6cfe581ffb290d71707e9bca5b59b,6929,size_in_bytes,lib/ocaml/compiler-libs/flambda2_reaper__Rev_expr.cmt,50743
2026-08-26T20:15:32Z,712f87f035c6cfe581ffb290d71707e9bca5b59b,6929,size_in_bytes,lib/ocaml/compiler-libs/predef.cmt,1320094
2026-08-26T20:15:32Z,712f87f035c6cfe581ffb290d71707e9bca5b59b,6929,size_in_bytes,lib/ocaml/compiler-libs/printlambda.cmt,3306434
2026-08-26T20:15:32Z,712f87f035c6cfe581ffb290d71707e9bca5b59b,6929,size_in_bytes,lib/ocaml/compiler-libs/flambda2_nominal__Permutation.cmt,138647
2026-08-26T20:15:32Z,712f87f035c6cfe581ffb290d71707e9bca5b59b,6929,size_in_bytes,lib/ocaml/compiler-libs/arm64_binary_emitter__Nop_helpers.cmt,15700
2026-08-26T20:15:32Z,712f87f035c6cfe581ffb290d71707e9bca5b59b,6929,size_in_bytes,lib/ocaml/compiler-libs/slambda_fracture.cmt,676362
2026-08-26T20:15:32Z,712f87f035c6cfe581ffb290d71707e9bca5b59b,6929,size_in_bytes,lib/ocaml/compiler-libs/flambda2_datalog__Datalog.cmt,558396
2026-08-26T20:15:32Z,712f87f035c6cfe581ffb290d71707e9bca5b59b,6929,size_in_bytes,lib/ocaml/compiler-libs/flambda2_simplify_shared__Exported_offsets.cmt,202193
2026-08-26T20:15:32Z,712f87f035c6cfe581ffb290d71707e9bca5b59b,6929,size_in_bytes,lib/ocaml/compiler-libs/flambda2_simplify__Rebuilt_static_const.cmt,493721
2026-08-26T20:15:32Z,712f87f035c6cfe581ffb290d71707e9bca5b59b,6929,size_in_bytes,lib/ocaml/compiler-libs/printast_with_mappings.cmt,3551521
2026-08-26T20:15:32Z,712f87f035c6cfe581ffb290d71707e9bca5b59b,6929,size_in_bytes,lib/ocaml/compiler-libs/flambda2_simplify__Control_flow_graph.cmt,540912
2026-08-26T20:15:32Z,712f87f035c6cfe581ffb290d71707e9bca5b59b,6929,size_in_bytes,lib/ocaml/compiler-libs/flambda2_types__Join_levels_old.cmt,304710
2026-08-26T20:15:32Z,712f87f035c6cfe581ffb290d71707e9bca5b59b,6929,size_in_bytes,lib/ocaml/compiler-libs/flambda2_cmx__Flambda_cmx_format.cmt,244231
2026-08-26T20:15:32Z,712f87f035c6cfe581ffb290d71707e9bca5b59b,6929,size_in_bytes,lib/ocaml/compiler-libs/flambda2_to_jsir__To_jsir_static_const.cmt,359259
2026-08-26T20:15:32Z,712f87f035c6cfe581ffb290d71707e9bca5b59b,6929,size_in_bytes,lib/ocaml/compiler-libs/value_rec_check.cmt,1236784
2026-08-26T20:15:32Z,712f87f035c6cfe581ffb290d71707e9bca5b59b,6929,size_in_bytes,lib/ocaml/compiler-libs/flambda2_from_lambda__Lambda_to_flambda_env.cmt,639826
2026-08-26T20:15:32Z,712f87f035c6cfe581ffb290d71707e9bca5b59b,6929,size_in_bytes,lib/ocaml/compiler-libs/flambda2_terms__Apply_expr.cmt,604888
2026-08-26T20:15:32Z,712f87f035c6cfe581ffb290d71707e9bca5b59b,6929,size_in_bytes,lib/ocaml/compiler-libs/vectorize.cmt,3599736
2026-08-26T20:15:32Z,712f87f035c6cfe581ffb290d71707e9bca5b59b,6929,size_in_bytes,lib/ocaml/compiler-libs/ldd_intf.cmt,41157
2026-08-26T20:15:32Z,712f87f035c6cfe581ffb290d71707e9bca5b59b,6929,size_in_bytes,lib/ocaml/compiler-libs/optcomp_intf.cmt,54875
2026-08-26T20:15:32Z,712f87f035c6cfe581ffb290d71707e9bca5b59b,6929,size_in_bytes,lib/ocaml/compiler-libs/pprintast.cmt,6090575
2026-08-26T20:15:32Z,712f87f035c6cfe581ffb290d71707e9bca5b59b,6929,size_in_bytes,lib/ocaml/compiler-libs/flambda2_simplify__Dominator_graph.cmt,446398
2026-08-26T20:15:32Z,712f87f035c6cfe581ffb290d71707e9bca5b59b,6929,size_in_bytes,lib/ocaml/compiler-libs/regalloc_rewrite.cmt,516737
2026-08-26T20:15:32Z,712f87f035c6cfe581ffb290d71707e9bca5b59b,6929,size_in_bytes,lib/ocaml/compiler-libs/translcore.cmt,3616362
2026-08-26T20:15:32Z,712f87f035c6cfe581ffb290d71707e9bca5b59b,6929,size_in_bytes,lib/ocaml/compiler-libs/flambda2_simplify__Upwards_env.cmt,220141
2026-08-26T20:15:32Z,712f87f035c6cfe581ffb290d71707e9bca5b59b,6929,size_in_bytes,lib/ocaml/compiler-libs/rawprinttyp.cmt,542572
2026-08-26T20:15:32Z,712f87f035c6cfe581ffb290d71707e9bca5b59b,6929,size_in_bytes,lib/ocaml/compiler-libs/oxcaml_flags.cmt,473724
2026-08-26T20:15:32Z,712f87f035c6cfe581ffb290d71707e9bca5b59b,6929,size_in_bytes,lib/ocaml/compiler-libs/tast_iterator.cmt,1610718
2026-08-26T20:15:32Z,712f87f035c6cfe581ffb290d71707e9bca5b59b,6929,size_in_bytes,lib/ocaml/compiler-libs/cfg_reducibility.cmt,88313
2026-08-26T20:15:32Z,712f87f035c6cfe581ffb290d71707e9bca5b59b,6929,size_in_bytes,lib/ocaml/compiler-libs/extract_relocations.cmt,222297
2026-08-26T20:15:32Z,712f87f035c6cfe581ffb290d71707e9bca5b59b,6929,size_in_bytes,lib/ocaml/compiler-libs/dwarf_reg_locations.cmt,86461
2026-08-26T20:15:32Z,712f87f035c6cfe581ffb290d71707e9bca5b59b,6929,size_in_bytes,lib/ocaml/compiler-libs/flambda2_parser__Fexpr_to_flambda.cmt,1152710
2026-08-26T20:15:32Z,712f87f035c6cfe581ffb290d71707e9bca5b59b,6929,size_in_bytes,lib/ocaml/compiler-libs/printast.cmt,3474188
2026-08-26T20:15:32Z,712f87f035c6cfe581ffb290d71707e9bca5b59b,6929,size_in_bytes,lib/ocaml/compiler-libs/flambda2_terms__Code_or_metadata.cmt,248405
2026-08-26T20:15:32Z,712f87f035c6cfe581ffb290d71707e9bca5b59b,6929,size_in_bytes,lib/ocaml/compiler-libs/cfg_format.cmt,108166
2026-08-26T20:15:32Z,712f87f035c6cfe581ffb290d71707e9bca5b59b,6929,size_in_bytes,lib/ocaml/compiler-libs/consistbl.cmt,154708
2026-08-26T20:15:32Z,712f87f035c6cfe581ffb290d71707e9bca5b59b,6929,size_in_bytes,lib/ocaml/compiler-libs/arm64_binary_emitter__Encode_directive.cmt,530412
2026-08-26T20:15:32Z,712f87f035c6cfe581ffb290d71707e9bca5b59b,6929,size_in_bytes,lib/ocaml/compiler-libs/flambda2_types__Set_of_closures_contents.cmt,504654
2026-08-26T20:15:32Z,712f87f035c6cfe581ffb290d71707e9bca5b59b,6929,size_in_bytes,lib/ocaml/compiler-libs/dwarf_concrete_instances.cmt,104182
2026-08-26T20:15:32Z,712f87f035c6cfe581ffb290d71707e9bca5b59b,6929,size_in_bytes,lib/ocaml/compiler-libs/binutils.cmt,865857
2026-08-26T20:15:32Z,712f87f035c6cfe581ffb290d71707e9bca5b59b,6929,size_in_bytes,lib/ocaml/compiler-libs/flambda2_datalog__Value.cmt,33685
2026-08-26T20:15:32Z,712f87f035c6cfe581ffb290d71707e9bca5b59b,6929,size_in_bytes,lib/ocaml/compiler-libs/cm_bundle.cmt,134327
2026-08-26T20:15:32Z,712f87f035c6cfe581ffb290d71707e9bca5b59b,6929,size_in_bytes,lib/ocaml/dynlink/dynlink.cmt,68515
2026-08-26T20:15:32Z,712f87f035c6cfe581ffb290d71707e9bca5b59b,6929,size_in_bytes,lib/ocaml/stdlib_beta/stdlib_beta.cmt,11996
2026-08-26T20:15:32Z,712f87f035c6cfe581ffb290d71707e9bca5b59b,6929,size_in_bytes,lib/ocaml/stdlib_alpha/stdlib_alpha.cmt,11979
2026-08-26T20:15:32Z,712f87f035c6cfe581ffb290d71707e9bca5b59b,6929,size_in_bytes,lib/ocaml/stdlib_upstream_compatible/stdlib_upstream_compatible__Int32_u.cmt,178203
2026-08-26T20:15:32Z,712f87f035c6cfe581ffb290d71707e9bca5b59b,6929,size_in_bytes,lib/ocaml/stdlib_upstream_compatible/stdlib_upstream_compatible__.cmt,14313
2026-08-26T20:15:32Z,712f87f035c6cfe581ffb290d71707e9bca5b59b,6929,size_in_bytes,lib/ocaml/stdlib_upstream_compatible/stdlib_upstream_compatible__Float_u.cmt,296030
2026-08-26T20:15:32Z,712f87f035c6cfe581ffb290d71707e9bca5b59b,6929,size_in_bytes,lib/ocaml/stdlib_upstream_compatible/stdlib_upstream_compatible__Nativeint_u.cmt,188358
2026-08-26T20:15:32Z,712f87f035c6cfe581ffb290d71707e9bca5b59b,6929,size_in_bytes,lib/ocaml/stdlib_upstream_compatible/stdlib_upstream_compatible__Int64_u.cmt,208736
2026-08-26T20:15:32Z,712f87f035c6cfe581ffb290d71707e9bca5b59b,6929,size_in_bytes,lib/ocaml/stdlib_upstream_compatible/stdlib_upstream_compatible.cmt,10931
2026-08-26T20:15:32Z,712f87f035c6cfe581ffb290d71707e9bca5b59b,6929,size_in_bytes,lib/ocaml/str/str.cmt,1214853
2026-08-26T20:15:32Z,712f87f035c6cfe581ffb290d71707e9bca5b59b,6929,size_in_bytes,lib/ocaml/stdlib_stable/stdlib_stable__Int8.cmt,69859
2026-08-26T20:15:32Z,712f87f035c6cfe581ffb290d71707e9bca5b59b,6929,size_in_bytes,lib/ocaml/stdlib_stable/stdlib_stable__Iarray.cmt,45451
2026-08-26T20:15:32Z,712f87f035c6cfe581ffb290d71707e9bca5b59b,6929,size_in_bytes,lib/ocaml/stdlib_stable/stdlib_stable__Idx_imm.cmt,20920
2026-08-26T20:15:32Z,712f87f035c6cfe581ffb290d71707e9bca5b59b,6929,size_in_bytes,lib/ocaml/stdlib_stable/stdlib_stable__Idx_atomic.cmt,15805
2026-08-26T20:15:32Z,712f87f035c6cfe581ffb290d71707e9bca5b59b,6929,size_in_bytes,lib/ocaml/stdlib_stable/stdlib_stable__.cmt,20945
2026-08-26T20:15:32Z,712f87f035c6cfe581ffb290d71707e9bca5b59b,6929,size_in_bytes,lib/ocaml/stdlib_stable/stdlib_stable__Or_null.cmt,65311
2026-08-26T20:15:32Z,712f87f035c6cfe581ffb290d71707e9bca5b59b,6929,size_in_bytes,lib/ocaml/stdlib_stable/stdlib_stable__Int.cmt,82125
2026-08-26T20:15:32Z,712f87f035c6cfe581ffb290d71707e9bca5b59b,6929,size_in_bytes,lib/ocaml/stdlib_stable/stdlib_stable__Char_u.cmt,51359
2026-08-26T20:15:32Z,712f87f035c6cfe581ffb290d71707e9bca5b59b,6929,size_in_bytes,lib/ocaml/stdlib_stable/stdlib_stable__IarrayLabels.cmt,1327145
2026-08-26T20:15:32Z,712f87f035c6cfe581ffb290d71707e9bca5b59b,6929,size_in_bytes,lib/ocaml/stdlib_stable/stdlib_stable__Float32.cmt,254283
2026-08-26T20:15:32Z,712f87f035c6cfe581ffb290d71707e9bca5b59b,6929,size_in_bytes,lib/ocaml/stdlib_stable/stdlib_stable__Int8_u.cmt,78759
2026-08-26T20:15:32Z,712f87f035c6cfe581ffb290d71707e9bca5b59b,6929,size_in_bytes,lib/ocaml/stdlib_stable/stdlib_stable__Int16.cmt,69945
2026-08-26T20:15:32Z,712f87f035c6cfe581ffb290d71707e9bca5b59b,6929,size_in_bytes,lib/ocaml/stdlib_stable/stdlib_stable__Int_u.cmt,93880
2026-08-26T20:15:32Z,712f87f035c6cfe581ffb290d71707e9bca5b59b,6929,size_in_bytes,lib/ocaml/stdlib_stable/stdlib_stable__Idx_mut.cmt,22304
2026-08-26T20:15:32Z,712f87f035c6cfe581ffb290d71707e9bca5b59b,6929,size_in_bytes,lib/ocaml/stdlib_stable/stdlib_stable__Float32_u.cmt,532026
2026-08-26T20:15:32Z,712f87f035c6cfe581ffb290d71707e9bca5b59b,6929,size_in_bytes,lib/ocaml/stdlib_stable/stdlib_stable__Int16_u.cmt,78859
2026-08-26T20:15:32Z,712f87f035c6cfe581ffb290d71707e9bca5b59b,6929,size_in_bytes,lib/ocaml/stdlib_stable/stdlib_stable.cmt,16343
2026-08-26T20:15:32Z,712f87f035c6cfe581ffb290d71707e9bca5b59b,6929,size_in_bytes,lib/ocaml/unix/unixLabels.cmt,164171
2026-08-26T20:15:32Z,712f87f035c6cfe581ffb290d71707e9bca5b59b,6929,size_in_bytes,lib/ocaml/unix/unix.cmt,1020500
2026-08-26T20:15:32Z,712f87f035c6cfe581ffb290d71707e9bca5b59b,6929,size_in_bytes,lib/ocaml/stdlib__Result.cmti,65343
2026-08-26T20:15:32Z,712f87f035c6cfe581ffb290d71707e9bca5b59b,6929,size_in_bytes,lib/ocaml/stdlib__Either.cmti,49648
2026-08-26T20:15:32Z,712f87f035c6cfe581ffb290d71707e9bca5b59b,6929,size_in_bytes,lib/ocaml/stdlib__Weak.cmti,62314
2026-08-26T20:15:32Z,712f87f035c6cfe581ffb290d71707e9bca5b59b,6929,size_in_bytes,lib/ocaml/stdlib__Backoff.cmti,20139
2026-08-26T20:15:32Z,712f87f035c6cfe581ffb290d71707e9bca5b59b,6929,size_in_bytes,lib/ocaml/stdlib__Nativeint.cmti,66369
2026-08-26T20:15:32Z,712f87f035c6cfe581ffb290d71707e9bca5b59b,6929,size_in_bytes,lib/ocaml/stdlib__Arg.cmti,66843
2026-08-26T20:15:32Z,712f87f035c6cfe581ffb290d71707e9bca5b59b,6929,size_in_bytes,lib/ocaml/stdlib__Marshal.cmti,42913
2026-08-26T20:15:32Z,712f87f035c6cfe581ffb290d71707e9bca5b59b,6929,size_in_bytes,lib/ocaml/compiler_owee__Owee_elf_relocation.cmti,55436
2026-08-26T20:15:32Z,712f87f035c6cfe581ffb290d71707e9bca5b59b,6929,size_in_bytes,lib/ocaml/stdlib__Fun.cmti,37887
2026-08-26T20:15:32Z,712f87f035c6cfe581ffb290d71707e9bca5b59b,6929,size_in_bytes,lib/ocaml/camlinternalOO.cmti,67192
2026-08-26T20:15:32Z,712f87f035c6cfe581ffb290d71707e9bca5b59b,6929,size_in_bytes,lib/ocaml/stdlib__Modes.cmti,26489
2026-08-26T20:15:32Z,712f87f035c6cfe581ffb290d71707e9bca5b59b,6929,size_in_bytes,lib/ocaml/stdlib__Complex.cmti,31089
2026-08-26T20:15:32Z,712f87f035c6cfe581ffb290d71707e9bca5b59b,6929,size_in_bytes,lib/ocaml/stdlib__BytesLabels.cmti,184393
2026-08-26T20:15:32Z,712f87f035c6cfe581ffb290d71707e9bca5b59b,6929,size_in_bytes,lib/ocaml/compiler_owee__Owee_interval_map.cmti,20196
2026-08-26T20:15:32Z,712f87f035c6cfe581ffb290d71707e9bca5b59b,6929,size_in_bytes,lib/ocaml/compiler_owee__Owee_buf.cmti,53966
2026-08-26T20:15:32Z,712f87f035c6cfe581ffb290d71707e9bca5b59b,6929,size_in_bytes,lib/ocaml/stdlib__Filename.cmti,50676
2026-08-26T20:15:32Z,712f87f035c6cfe581ffb290d71707e9bca5b59b,6929,size_in_bytes,lib/ocaml/stdlib__Domain.cmti,81518
2026-08-26T20:15:32Z,712f87f035c6cfe581ffb290d71707e9bca5b59b,6929,size_in_bytes,lib/ocaml/camlinternalFormatBasics.cmti,212180
2026-08-26T20:15:32Z,712f87f035c6cfe581ffb290d71707e9bca5b59b,6929,size_in_bytes,lib/ocaml/camlinternalAtomic.cmti,19386
2026-08-26T20:15:32Z,712f87f035c6cfe581ffb290d71707e9bca5b59b,6929,size_in_bytes,lib/ocaml/compiler_owee__Owee_traverse.cmti,18425
2026-08-26T20:15:32Z,712f87f035c6cfe581ffb290d71707e9bca5b59b,6929,size_in_bytes,lib/ocaml/stdlib__Effect.cmti,156341
2026-08-26T20:15:32Z,712f87f035c6cfe581ffb290d71707e9bca5b59b,6929,size_in_bytes,lib/ocaml/stdlib__Dynarray.cmti,138664
2026-08-26T20:15:32Z,712f87f035c6cfe581ffb290d71707e9bca5b59b,6929,size_in_bytes,lib/ocaml/stdlib__List.cmti,160123
2026-08-26T20:15:32Z,712f87f035c6cfe581ffb290d71707e9bca5b59b,6929,size_in_bytes,lib/ocaml/stdlib__Seq.cmti,164835
2026-08-26T20:15:32Z,712f87f035c6cfe581ffb290d71707e9bca5b59b,6929,size_in_bytes,lib/ocaml/stdlib__ArrayLabels.cmti,138158
2026-08-26T20:15:32Z,712f87f035c6cfe581ffb290d71707e9bca5b59b,6929,size_in_bytes,lib/ocaml/stdlib__Ephemeron.cmti,308249
2026-08-26T20:15:32Z,712f87f035c6cfe581ffb290d71707e9bca5b59b,6929,size_in_bytes,lib/ocaml/stdlib__Lexing.cmti,59099
2026-08-26T20:15:32Z,712f87f035c6cfe581ffb290d71707e9bca5b59b,6929,size_in_bytes,lib/ocaml/compiler_owee__Owee_elf.cmti,98878
2026-08-26T20:15:32Z,712f87f035c6cfe581ffb290d71707e9bca5b59b,6929,size_in_bytes,lib/ocaml/stdlib__Int32.cmti,65289
2026-08-26T20:15:32Z,712f87f035c6cfe581ffb290d71707e9bca5b59b,6929,size_in_bytes,lib/ocaml/stdlib__Int64.cmti,70293
2026-08-26T20:15:32Z,712f87f035c6cfe581ffb290d71707e9bca5b59b,6929,size_in_bytes,lib/ocaml/stdlib__Unit.cmti,16944
2026-08-26T20:15:32Z,712f87f035c6cfe581ffb290d71707e9bca5b59b,6929,size_in_bytes,lib/ocaml/compiler_owee__Owee_debug_line.cmti,27077
2026-08-26T20:15:32Z,712f87f035c6cfe581ffb290d71707e9bca5b59b,6929,size_in_bytes,lib/ocaml/stdlib__Option.cmti,39056
2026-08-26T20:15:32Z,712f87f035c6cfe581ffb290d71707e9bca5b59b,6929,size_in_bytes,lib/ocaml/stdlib__Parsing.cmti,37845
2026-08-26T20:15:32Z,712f87f035c6cfe581ffb290d71707e9bca5b59b,6929,size_in_bytes,lib/ocaml/stdlib__ListLabels.cmti,160672
2026-08-26T20:15:32Z,712f87f035c6cfe581ffb290d71707e9bca5b59b,6929,size_in_bytes,lib/ocaml/stdlib__StdLabels.cmti,15648
2026-08-26T20:15:32Z,712f87f035c6cfe581ffb290d71707e9bca5b59b,6929,size_in_bytes,lib/ocaml/stdlib.cmti,370767
2026-08-26T20:15:32Z,712f87f035c6cfe581ffb290d71707e9bca5b59b,6929,size_in_bytes,lib/ocaml/stdlib__Printf.cmti,49968
2026-08-26T20:15:32Z,712f87f035c6cfe581ffb290d71707e9bca5b59b,6929,size_in_bytes,lib/ocaml/camlinternalMod.cmti,17500
2026-08-26T20:15:32Z,712f87f035c6cfe581ffb290d71707e9bca5b59b,6929,size_in_bytes,lib/ocaml/stdlib__Condition.cmti,30905
2026-08-26T20:15:32Z,712f87f035c6cfe581ffb290d71707e9bca5b59b,6929,size_in_bytes,lib/ocaml/stdlib__Iarray.cmti,101420
2026-08-26T20:15:32Z,712f87f035c6cfe581ffb290d71707e9bca5b59b,6929,size_in_bytes,lib/ocaml/camlinternalComprehension.cmti,24536
2026-08-26T20:15:32Z,712f87f035c6cfe581ffb290d71707e9bca5b59b,6929,size_in_bytes,lib/ocaml/compiler_owee__Owee_marker.cmti,59700
2026-08-26T20:15:32Z,712f87f035c6cfe581ffb290d71707e9bca5b59b,6929,size_in_bytes,lib/ocaml/stdlib__Bytes.cmti,183735
2026-08-26T20:15:32Z,712f87f035c6cfe581ffb290d71707e9bca5b59b,6929,size_in_bytes,lib/ocaml/stdlib__Digest.cmti,69748
2026-08-26T20:15:32Z,712f87f035c6cfe581ffb290d71707e9bca5b59b,6929,size_in_bytes,lib/ocaml/stdlib__Semaphore.cmti,30355
2026-08-26T20:15:32Z,712f87f035c6cfe581ffb290d71707e9bca5b59b,6929,size_in_bytes,lib/ocaml/stdlib__Array.cmti,137511
2026-08-26T20:15:32Z,712f87f035c6cfe581ffb290d71707e9bca5b59b,6929,size_in_bytes,lib/ocaml/stdlib__Bool.cmti,29652
2026-08-26T20:15:32Z,712f87f035c6cfe581ffb290d71707e9bca5b59b,6929,size_in_bytes,lib/ocaml/stdlib__Type.cmti,25894
2026-08-26T20:15:32Z,712f87f035c6cfe581ffb290d71707e9bca5b59b,6929,size_in_bytes,lib/ocaml/stdlib__Repr.cmti,23370
2026-08-26T20:15:32Z,712f87f035c6cfe581ffb290d71707e9bca5b59b,6929,size_in_bytes,lib/ocaml/stdlib__Uchar.cmti,42245
2026-08-26T20:15:32Z,712f87f035c6cfe581ffb290d71707e9bca5b59b,6929,size_in_bytes,lib/ocaml/compiler_owee__Owee_linux_maps.cmti,20286
2026-08-26T20:15:32Z,712f87f035c6cfe581ffb290d71707e9bca5b59b,6929,size_in_bytes,lib/ocaml/stdlib__MoreLabels.cmti,575360
2026-08-26T20:15:32Z,712f87f035c6cfe581ffb290d71707e9bca5b59b,6929,size_in_bytes,lib/ocaml/stdlib__Oo.cmti,18346
2026-08-26T20:15:32Z,712f87f035c6cfe581ffb290d71707e9bca5b59b,6929,size_in_bytes,lib/ocaml/compiler_owee__Owee_form.cmti,17985
2026-08-26T20:15:32Z,712f87f035c6cfe581ffb290d71707e9bca5b59b,6929,size_in_bytes,lib/ocaml/stdlib__In_channel.cmti,62295
2026-08-26T20:15:32Z,712f87f035c6cfe581ffb290d71707e9bca5b59b,6929,size_in_bytes,lib/ocaml/compiler_owee__Owee_archive.cmti,27854
2026-08-26T20:15:32Z,712f87f035c6cfe581ffb290d71707e9bca5b59b,6929,size_in_bytes,lib/ocaml/stdlib__Map.cmti,182767
2026-08-26T20:15:32Z,712f87f035c6cfe581ffb290d71707e9bca5b59b,6929,size_in_bytes,lib/ocaml/stdlib__Set.cmti,141348
2026-08-26T20:15:32Z,712f87f035c6cfe581ffb290d71707e9bca5b59b,6929,size_in_bytes,lib/ocaml/compiler_owee__Owee_elf_string_table.cmti,18354
2026-08-26T20:15:32Z,712f87f035c6cfe581ffb290d71707e9bca5b59b,6929,size_in_bytes,lib/ocaml/compiler_owee__Owee_elf_notes.cmti,29633
2026-08-26T20:15:32Z,712f87f035c6cfe581ffb290d71707e9bca5b59b,6929,size_in_bytes,lib/ocaml/stdlib__Lazy.cmti,30883
2026-08-26T20:15:32Z,712f87f035c6cfe581ffb290d71707e9bca5b59b,6929,size_in_bytes,lib/ocaml/stdlib__Random.cmti,69885
2026-08-26T20:15:32Z,712f87f035c6cfe581ffb290d71707e9bca5b59b,6929,size_in_bytes,lib/ocaml/stdlib__Hashtbl.cmti,235601
2026-08-26T20:15:32Z,712f87f035c6cfe581ffb290d71707e9bca5b59b,6929,size_in_bytes,lib/ocaml/stdlib__Pair.cmti,34361
2026-08-26T20:15:32Z,712f87f035c6cfe581ffb290d71707e9bca5b59b,6929,size_in_bytes,lib/ocaml/topdirs.cmti,26123
2026-08-26T20:15:32Z,712f87f035c6cfe581ffb290d71707e9bca5b59b,6929,size_in_bytes,lib/ocaml/stdlib__Dynamic.cmti,19590
2026-08-26T20:15:32Z,712f87f035c6cfe581ffb290d71707e9bca5b59b,6929,size_in_bytes,lib/ocaml/stdlib__Atomic.cmti,66044
2026-08-26T20:15:32Z,712f87f035c6cfe581ffb290d71707e9bca5b59b,6929,size_in_bytes,lib/ocaml/stdlib__Out_channel.cmti,57852
2026-08-26T20:15:32Z,712f87f035c6cfe581ffb290d71707e9bca5b59b,6929,size_in_bytes,lib/ocaml/opttopdirs.cmti,26886
2026-08-26T20:15:32Z,712f87f035c6cfe581ffb290d71707e9bca5b59b,6929,size_in_bytes,lib/ocaml/camlinternalLazy.cmti,16716
2026-08-26T20:15:32Z,712f87f035c6cfe581ffb290d71707e9bca5b59b,6929,size_in_bytes,lib/ocaml/stdlib__Stack.cmti,37345
2026-08-26T20:15:32Z,712f87f035c6cfe581ffb290d71707e9bca5b59b,6929,size_in_bytes,lib/ocaml/gc_timings.cmti,12820
2026-08-26T20:15:32Z,712f87f035c6cfe581ffb290d71707e9bca5b59b,6929,size_in_bytes,lib/ocaml/stdlib__Float.cmti,320699
2026-08-26T20:15:32Z,712f87f035c6cfe581ffb290d71707e9bca5b59b,6929,size_in_bytes,lib/ocaml/camlinternalFormat.cmti,71985
2026-08-26T20:15:32Z,712f87f035c6cfe581ffb290d71707e9bca5b59b,6929,size_in_bytes,lib/ocaml/stdlib__Scanf.cmti,98513
2026-08-26T20:15:32Z,712f87f035c6cfe581ffb290d71707e9bca5b59b,6929,size_in_bytes,lib/ocaml/stdlib__Mutex.cmti,21584
2026-08-26T20:15:32Z,712f87f035c6cfe581ffb290d71707e9bca5b59b,6929,size_in_bytes,lib/ocaml/stdlib__Char.cmti,51306
2026-08-26T20:15:32Z,712f87f035c6cfe581ffb290d71707e9bca5b59b,6929,size_in_bytes,lib/ocaml/stdlib__String.cmti,126752
2026-08-26T20:15:32Z,712f87f035c6cfe581ffb290d71707e9bca5b59b,6929,size_in_bytes,lib/ocaml/compiler_owee__Owee_macho.cmti,115174
2026-08-26T20:15:32Z,712f87f035c6cfe581ffb290d71707e9bca5b59b,6929,size_in_bytes,lib/ocaml/stdlib__Format.cmti,333100
2026-08-26T20:15:32Z,712f87f035c6cfe581ffb290d71707e9bca5b59b,6929,size_in_bytes,lib/ocaml/stdlib__Int.cmti,48846
2026-08-26T20:15:32Z,712f87f035c6cfe581ffb290d71707e9bca5b59b,6929,size_in_bytes,lib/ocaml/eval.cmti,16998
2026-08-26T20:15:32Z,712f87f035c6cfe581ffb290d71707e9bca5b59b,6929,size_in_bytes,lib/ocaml/stdlib__Bigarray.cmti,344283
2026-08-26T20:15:32Z,712f87f035c6cfe581ffb290d71707e9bca5b59b,6929,size_in_bytes,lib/ocaml/stdlib__Printexc.cmti,81479
2026-08-26T20:15:32Z,712f87f035c6cfe581ffb290d71707e9bca5b59b,6929,size_in_bytes,lib/ocaml/stdlib__Quote.cmti,24588
2026-08-26T20:15:32Z,712f87f035c6cfe581ffb290d71707e9bca5b59b,6929,size_in_bytes,lib/ocaml/stdlib__Queue.cmti,47772
2026-08-26T20:15:32Z,712f87f035c6cfe581ffb290d71707e9bca5b59b,6929,size_in_bytes,lib/ocaml/stdlib__Buffer.cmti,75734
2026-08-26T20:15:32Z,712f87f035c6cfe581ffb290d71707e9bca5b59b,6929,size_in_bytes,lib/ocaml/stdlib__Sys.cmti,117727
2026-08-26T20:15:32Z,712f87f035c6cfe581ffb290d71707e9bca5b59b,6929,size_in_bytes,lib/ocaml/compiler_owee__Owee_location.cmti,20167
2026-08-26T20:15:32Z,712f87f035c6cfe581ffb290d71707e9bca5b59b,6929,size_in_bytes,lib/ocaml/stdlib__StringLabels.cmti,127188
2026-08-26T20:15:32Z,712f87f035c6cfe581ffb290d71707e9bca5b59b,6929,size_in_bytes,lib/ocaml/stdlib__Callback.cmti,21114
2026-08-26T20:15:32Z,712f87f035c6cfe581ffb290d71707e9bca5b59b,6929,size_in_bytes,lib/ocaml/stdlib__Obj.cmti,77935
2026-08-26T20:15:32Z,712f87f035c6cfe581ffb290d71707e9bca5b59b,6929,size_in_bytes,lib/ocaml/stdlib__Pqueue.cmti,150538
2026-08-26T20:15:32Z,712f87f035c6cfe581ffb290d71707e9bca5b59b,6929,size_in_bytes,lib/ocaml/camlinternalQuote.cmti,295909
2026-08-26T20:15:32Z,712f87f035c6cfe581ffb290d71707e9bca5b59b,6929,size_in_bytes,lib/ocaml/compiler_owee__Owee_object.cmti,29169
2026-08-26T20:15:32Z,712f87f035c6cfe581ffb290d71707e9bca5b59b,6929,size_in_bytes,lib/ocaml/stdlib__Gc.cmti,132465
2026-08-26T20:15:32Z,712f87f035c6cfe581ffb290d71707e9bca5b59b,6929,size_in_bytes,lib/ocaml/runtime_events/runtime_events.cmti,103198
2026-08-26T20:15:32Z,712f87f035c6cfe581ffb290d71707e9bca5b59b,6929,size_in_bytes,lib/ocaml/ocaml-jit/jit.cmti,36333
2026-08-26T20:15:32Z,712f87f035c6cfe581ffb290d71707e9bca5b59b,6929,size_in_bytes,lib/ocaml/compiler-libs/relocatable_symbol_name.cmti,17822
2026-08-26T20:15:32Z,712f87f035c6cfe581ffb290d71707e9bca5b59b,6929,size_in_bytes,lib/ocaml/compiler-libs/typedtree.cmti,596764
2026-08-26T20:15:32Z,712f87f035c6cfe581ffb290d71707e9bca5b59b,6929,size_in_bytes,lib/ocaml/compiler-libs/location_tracker_formatter.cmti,30726
2026-08-26T20:15:32Z,712f87f035c6cfe581ffb290d71707e9bca5b59b,6929,size_in_bytes,lib/ocaml/compiler-libs/main_args.cmti,585118
2026-08-26T20:15:32Z,712f87f035c6cfe581ffb290d71707e9bca5b59b,6929,size_in_bytes,lib/ocaml/compiler-libs/builtin_attributes.cmti,104120
2026-08-26T20:15:32Z,712f87f035c6cfe581ffb290d71707e9bca5b59b,6929,size_in_bytes,lib/ocaml/compiler-libs/flambda2_simplify__Optimistic_unboxing_decision.cmti,35048
2026-08-26T20:15:32Z,712f87f035c6cfe581ffb290d71707e9bca5b59b,6929,size_in_bytes,lib/ocaml/compiler-libs/simplify_terminator.cmti,36599
2026-08-26T20:15:32Z,712f87f035c6cfe581ffb290d71707e9bca5b59b,6929,size_in_bytes,lib/ocaml/compiler-libs/label.cmti,153678
2026-08-26T20:15:32Z,712f87f035c6cfe581ffb290d71707e9bca5b59b,6929,size_in_bytes,lib/ocaml/compiler-libs/translmod.cmti,41122
2026-08-26T20:15:32Z,712f87f035c6cfe581ffb290d71707e9bca5b59b,6929,size_in_bytes,lib/ocaml/compiler-libs/available_ranges_vars.cmti,157691
2026-08-26T20:15:32Z,712f87f035c6cfe581ffb290d71707e9bca5b59b,6929,size_in_bytes,lib/ocaml/compiler-libs/flambda2_identifiers__Name.cmti,187824
2026-08-26T20:15:32Z,712f87f035c6cfe581ffb290d71707e9bca5b59b,6929,size_in_bytes,lib/ocaml/compiler-libs/printtyp.cmti,67699
2026-08-26T20:15:32Z,712f87f035c6cfe581ffb290d71707e9bca5b59b,6929,size_in_bytes,lib/ocaml/compiler-libs/compilenv.cmti,62666
2026-08-26T20:15:32Z,712f87f035c6cfe581ffb290d71707e9bca5b59b,6929,size_in_bytes,lib/ocaml/compiler-libs/arm64_binary_emitter__Mov_helpers.cmti,18622
2026-08-26T20:15:32Z,712f87f035c6cfe581ffb290d71707e9bca5b59b,6929,size_in_bytes,lib/ocaml/compiler-libs/flambda2_algorithms__Container_types.cmti,329015
2026-08-26T20:15:32Z,712f87f035c6cfe581ffb290d71707e9bca5b59b,6929,size_in_bytes,lib/ocaml/compiler-libs/bytelibrarian.cmti,18862
2026-08-26T20:15:32Z,712f87f035c6cfe581ffb290d71707e9bca5b59b,6929,size_in_bytes,lib/ocaml/compiler-libs/flambda2_from_lambda__Closure_conversion_aux.cmti,247996
2026-08-26T20:15:32Z,712f87f035c6cfe581ffb290d71707e9bca5b59b,6929,size_in_bytes,lib/ocaml/compiler-libs/flambda2_terms__Mutability.cmti,33164
2026-08-26T20:15:32Z,712f87f035c6cfe581ffb290d71707e9bca5b59b,6929,size_in_bytes,lib/ocaml/compiler-libs/flambda2_bound_identifiers__Bound_parameter.cmti,174572
2026-08-26T20:15:32Z,712f87f035c6cfe581ffb290d71707e9bca5b59b,6929,size_in_bytes,lib/ocaml/compiler-libs/regalloc_gi_state.cmti,46535
2026-08-26T20:15:32Z,712f87f035c6cfe581ffb290d71707e9bca5b59b,6929,size_in_bytes,lib/ocaml/compiler-libs/flambda2_to_jsir__To_jsir.cmti,37224
2026-08-26T20:15:32Z,712f87f035c6cfe581ffb290d71707e9bca5b59b,6929,size_in_bytes,lib/ocaml/compiler-libs/flambda2_simplify__Rebuilt_static_const.cmti,111792
2026-08-26T20:15:32Z,712f87f035c6cfe581ffb290d71707e9bca5b59b,6929,size_in_bytes,lib/ocaml/compiler-libs/flambda2_datalog__Virtual_machine.cmti,52198
2026-08-26T20:15:32Z,712f87f035c6cfe581ffb290d71707e9bca5b59b,6929,size_in_bytes,lib/ocaml/compiler-libs/linkenv.cmti,74586
2026-08-26T20:15:32Z,712f87f035c6cfe581ffb290d71707e9bca5b59b,6929,size_in_bytes,lib/ocaml/compiler-libs/translclass.cmti,23437
2026-08-26T20:15:32Z,712f87f035c6cfe581ffb290d71707e9bca5b59b,6929,size_in_bytes,lib/ocaml/compiler-libs/flambda2_numbers__Or_infinity.cmti,21979
2026-08-26T20:15:32Z,712f87f035c6cfe581ffb290d71707e9bca5b59b,6929,size_in_bytes,lib/ocaml/compiler-libs/regalloc_gi_utils.cmti,88440
2026-08-26T20:15:32Z,712f87f035c6cfe581ffb290d71707e9bca5b59b,6929,size_in_bytes,lib/ocaml/compiler-libs/form_rewrite_plan.cmti,67275
2026-08-26T20:15:32Z,712f87f035c6cfe581ffb290d71707e9bca5b59b,6929,size_in_bytes,lib/ocaml/compiler-libs/dwarf.cmti,52747
2026-08-26T20:15:32Z,712f87f035c6cfe581ffb290d71707e9bca5b59b,6929,size_in_bytes,lib/ocaml/compiler-libs/flambda2_simplify__Simplify_coercion.cmti,36764
2026-08-26T20:15:32Z,712f87f035c6cfe581ffb290d71707e9bca5b59b,6929,size_in_bytes,lib/ocaml/compiler-libs/bytepackager.cmti,23052
2026-08-26T20:15:32Z,712f87f035c6cfe581ffb290d71707e9bca5b59b,6929,size_in_bytes,lib/ocaml/compiler-libs/flambda2_simplify__Simplify_unary_primitive.cmti,39349
2026-08-26T20:15:32Z,712f87f035c6cfe581ffb290d71707e9bca5b59b,6929,size_in_bytes,lib/ocaml/compiler-libs/emitcode.cmti,28255
2026-08-26T20:15:32Z,712f87f035c6cfe581ffb290d71707e9bca5b59b,6929,size_in_bytes,lib/ocaml/compiler-libs/flambda2_reaper__Traverse.cmti,48618
2026-08-26T20:15:32Z,712f87f035c6cfe581ffb290d71707e9bca5b59b,6929,size_in_bytes,lib/ocaml/compiler-libs/dwarf_variables_and_parameters.cmti,42760
2026-08-26T20:15:32Z,712f87f035c6cfe581ffb290d71707e9bca5b59b,6929,size_in_bytes,lib/ocaml/compiler-libs/flambda2_bound_identifiers__Bound_var.cmti,35078
2026-08-26T20:15:32Z,712f87f035c6cfe581ffb290d71707e9bca5b59b,6929,size_in_bytes,lib/ocaml/compiler-libs/lru.cmti,24999
2026-08-26T20:15:32Z,712f87f035c6cfe581ffb290d71707e9bca5b59b,6929,size_in_bytes,lib/ocaml/compiler-libs/flambda2_nominal__Permutation.cmti,24173
2026-08-26T20:15:32Z,712f87f035c6cfe581ffb290d71707e9bca5b59b,6929,size_in_bytes,lib/ocaml/compiler-libs/arm64_binary_emitter__Binary_emitter.cmti,44290
2026-08-26T20:15:32Z,712f87f035c6cfe581ffb290d71707e9bca5b59b,6929,size_in_bytes,lib/ocaml/compiler-libs/hash_consed.cmti,31627
2026-08-26T20:15:32Z,712f87f035c6cfe581ffb290d71707e9bca5b59b,6929,size_in_bytes,lib/ocaml/compiler-libs/int_replace_polymorphic_compare.cmti,17228
2026-08-26T20:15:32Z,712f87f035c6cfe581ffb290d71707e9bca5b59b,6929,size_in_bytes,lib/ocaml/compiler-libs/flambda2_term_basics__Rec_info_expr.cmti,44638
2026-08-26T20:15:32Z,712f87f035c6cfe581ffb290d71707e9bca5b59b,6929,size_in_bytes,lib/ocaml/compiler-libs/flambda2_simplify__Call_site_inlining_decision.cmti,41209
2026-08-26T20:15:32Z,712f87f035c6cfe581ffb290d71707e9bca5b59b,6929,size_in_bytes,lib/ocaml/compiler-libs/flambda2_reaper__Unboxing_analysis.cmti,58825
2026-08-26T20:15:32Z,712f87f035c6cfe581ffb290d71707e9bca5b59b,6929,size_in_bytes,lib/ocaml/compiler-libs/uniqueness_analysis.cmti,32078
2026-08-26T20:15:32Z,712f87f035c6cfe581ffb290d71707e9bca5b59b,6929,size_in_bytes,lib/ocaml/compiler-libs/cfg_liveness.cmti,48120
2026-08-26T20:15:32Z,712f87f035c6cfe581ffb290d71707e9bca5b59b,6929,size_in_bytes,lib/ocaml/compiler-libs/cmm_invariants.cmti,34152
2026-08-26T20:15:32Z,712f87f035c6cfe581ffb290d71707e9bca5b59b,6929,size_in_bytes,lib/ocaml/compiler-libs/flambda2_types__Meet.cmti,31417
2026-08-26T20:15:32Z,712f87f035c6cfe581ffb290d71707e9bca5b59b,6929,size_in_bytes,lib/ocaml/compiler-libs/zero_alloc_annotations.cmti,22378
2026-08-26T20:15:32Z,712f87f035c6cfe581ffb290d71707e9bca5b59b,6929,size_in_bytes,lib/ocaml/compiler-libs/asm_targets__Asm_symbol.cmti,148837
2026-08-26T20:15:32Z,712f87f035c6cfe581ffb290d71707e9bca5b59b,6929,size_in_bytes,lib/ocaml/compiler-libs/parser.cmti,399893
2026-08-26T20:15:32Z,712f87f035c6cfe581ffb290d71707e9bca5b59b,6929,size_in_bytes,lib/ocaml/compiler-libs/includemod.cmti,192903
2026-08-26T20:15:32Z,712f87f035c6cfe581ffb290d71707e9bca5b59b,6929,size_in_bytes,lib/ocaml/compiler-libs/typedecl_properties.cmti,34498
2026-08-26T20:15:32Z,712f87f035c6cfe581ffb290d71707e9bca5b59b,6929,size_in_bytes,lib/ocaml/compiler-libs/flambda2_terms__Code0.cmti,76848
2026-08-26T20:15:32Z,712f87f035c6cfe581ffb290d71707e9bca5b59b,6929,size_in_bytes,lib/ocaml/compiler-libs/mixed_product_bytes.cmti,45943
2026-08-26T20:15:32Z,712f87f035c6cfe581ffb290d71707e9bca5b59b,6929,size_in_bytes,lib/ocaml/compiler-libs/flambda2_identifiers__Named_rewrite_id.cmti,153781
2026-08-26T20:15:32Z,712f87f035c6cfe581ffb290d71707e9bca5b59b,6929,size_in_bytes,lib/ocaml/compiler-libs/flambda2_from_lambda__Lambda_to_flambda_primitives.cmti,41831
2026-08-26T20:15:32Z,712f87f035c6cfe581ffb290d71707e9bca5b59b,6929,size_in_bytes,lib/ocaml/compiler-libs/maindriver.cmti,14069
2026-08-26T20:15:32Z,712f87f035c6cfe581ffb290d71707e9bca5b59b,6929,size_in_bytes,lib/ocaml/compiler-libs/flambda2_types__Join_levels_old.cmti,31099
2026-08-26T20:15:32Z,712f87f035c6cfe581ffb290d71707e9bca5b59b,6929,size_in_bytes,lib/ocaml/compiler-libs/regalloc_irc_utils.cmti,56602
2026-08-26T20:15:32Z,712f87f035c6cfe581ffb290d71707e9bca5b59b,6929,size_in_bytes,lib/ocaml/compiler-libs/runtimetags.cmti,19305
2026-08-26T20:15:32Z,712f87f035c6cfe581ffb290d71707e9bca5b59b,6929,size_in_bytes,lib/ocaml/compiler-libs/rawprinttyp.cmti,19487
2026-08-26T20:15:32Z,712f87f035c6cfe581ffb290d71707e9bca5b59b,6929,size_in_bytes,lib/ocaml/compiler-libs/ast_mapper.cmti,101664
2026-08-26T20:15:32Z,712f87f035c6cfe581ffb290d71707e9bca5b59b,6929,size_in_bytes,lib/ocaml/compiler-libs/flambda2_terms__Probe.cmti,29899
2026-08-26T20:15:32Z,712f87f035c6cfe581ffb290d71707e9bca5b59b,6929,size_in_bytes,lib/ocaml/compiler-libs/dissector_log.cmti,17386
2026-08-26T20:15:32Z,712f87f035c6cfe581ffb290d71707e9bca5b59b,6929,size_in_bytes,lib/ocaml/compiler-libs/slambdaident.cmti,149393
2026-08-26T20:15:32Z,712f87f035c6cfe581ffb290d71707e9bca5b59b,6929,size_in_bytes,lib/ocaml/compiler-libs/flambda2_algorithms__Lmap.cmti,84803
2026-08-26T20:15:32Z,712f87f035c6cfe581ffb290d71707e9bca5b59b,6929,size_in_bytes,lib/ocaml/compiler-libs/solver.cmti,47959
2026-08-26T20:15:32Z,712f87f035c6cfe581ffb290d71707e9bca5b59b,6929,size_in_bytes,lib/ocaml/compiler-libs/cms_format.cmti,38517
2026-08-26T20:15:32Z,712f87f035c6cfe581ffb290d71707e9bca5b59b,6929,size_in_bytes,lib/ocaml/compiler-libs/flambda2_reaper__Traverse_acc.cmti,113129
2026-08-26T20:15:32Z,712f87f035c6cfe581ffb290d71707e9bca5b59b,6929,size_in_bytes,lib/ocaml/compiler-libs/opterrors.cmti,15418
2026-08-26T20:15:32Z,712f87f035c6cfe581ffb290d71707e9bca5b59b,6929,size_in_bytes,lib/ocaml/compiler-libs/flambda2_simplify__Unbox_continuation_params.cmti,43412
2026-08-26T20:15:32Z,712f87f035c6cfe581ffb290d71707e9bca5b59b,6929,size_in_bytes,lib/ocaml/compiler-libs/flambda2_terms__Placement.cmti,31352
2026-08-26T20:15:32Z,712f87f035c6cfe581ffb290d71707e9bca5b59b,6929,size_in_bytes,lib/ocaml/compiler-libs/flambda2_to_jsir__To_jsir_env.cmti,86860
2026-08-26T20:15:32Z,712f87f035c6cfe581ffb290d71707e9bca5b59b,6929,size_in_bytes,lib/ocaml/compiler-libs/dwarf_state.cmti,80285
2026-08-26T20:15:32Z,712f87f035c6cfe581ffb290d71707e9bca5b59b,6929,size_in_bytes,lib/ocaml/compiler-libs/flambda2_datalog__Datalog.cmti,51394
2026-08-26T20:15:32Z,712f87f035c6cfe581ffb290d71707e9bca5b59b,6929,size_in_bytes,lib/ocaml/compiler-libs/flambda2_numbers__Vector_types.cmti,470788
2026-08-26T20:15:32Z,712f87f035c6cfe581ffb290d71707e9bca5b59b,6929,size_in_bytes,lib/ocaml/compiler-libs/flambda2_simplify__Build_unboxing_denv.cmti,35819
2026-08-26T20:15:32Z,712f87f035c6cfe581ffb290d71707e9bca5b59b,6929,size_in_bytes,lib/ocaml/compiler-libs/patterns.cmti,73329
2026-08-26T20:15:32Z,712f87f035c6cfe581ffb290d71707e9bca5b59b,6929,size_in_bytes,lib/ocaml/compiler-libs/x86_peephole_utils.cmti,30255
2026-08-26T20:15:32Z,712f87f035c6cfe581ffb290d71707e9bca5b59b,6929,size_in_bytes,lib/ocaml/compiler-libs/regalloc_split.cmti,38653
2026-08-26T20:15:32Z,712f87f035c6cfe581ffb290d71707e9bca5b59b,6929,size_in_bytes,lib/ocaml/compiler-libs/flambda2_nominal__Name_abstraction.cmti,61315
2026-08-26T20:15:32Z,712f87f035c6cfe581ffb290d71707e9bca5b59b,6929,size_in_bytes,lib/ocaml/compiler-libs/allowance.cmti,34788
2026-08-26T20:15:32Z,712f87f035c6cfe581ffb290d71707e9bca5b59b,6929,size_in_bytes,lib/ocaml/compiler-libs/dwarf_compilation_unit.cmti,25598
2026-08-26T20:15:32Z,712f87f035c6cfe581ffb290d71707e9bca5b59b,6929,size_in_bytes,lib/ocaml/compiler-libs/zero_alloc.cmti,30492
2026-08-26T20:15:32Z,712f87f035c6cfe581ffb290d71707e9bca5b59b,6929,size_in_bytes,lib/ocaml/compiler-libs/predef.cmti,156990
2026-08-26T20:15:32Z,712f87f035c6cfe581ffb290d71707e9bca5b59b,6929,size_in_bytes,lib/ocaml/compiler-libs/flambda2_datalog__Schedule.cmti,24926
2026-08-26T20:15:32Z,712f87f035c6cfe581ffb290d71707e9bca5b59b,6929,size_in_bytes,lib/ocaml/compiler-libs/flambda2_simplify__Join_points.cmti,43662
2026-08-26T20:15:32Z,712f87f035c6cfe581ffb290d71707e9bca5b59b,6929,size_in_bytes,lib/ocaml/compiler-libs/stack_check.cmti,34799
2026-08-26T20:15:32Z,712f87f035c6cfe581ffb290d71707e9bca5b59b,6929,size_in_bytes,lib/ocaml/compiler-libs/flambda2_bound_identifiers__Bound_continuations.cmti,30278
2026-08-26T20:15:32Z,712f87f035c6cfe581ffb290d71707e9bca5b59b,6929,size_in_bytes,lib/ocaml/compiler-libs/flambda2_simplify__Downwards_acc.cmti,107278
2026-08-26T20:15:32Z,712f87f035c6cfe581ffb290d71707e9bca5b59b,6929,size_in_bytes,lib/ocaml/compiler-libs/static_label.cmti,153082
2026-08-26T20:15:32Z,712f87f035c6cfe581ffb290d71707e9bca5b59b,6929,size_in_bytes,lib/ocaml/compiler-libs/build_igot_and_iplt.cmti,25026
2026-08-26T20:15:32Z,712f87f035c6cfe581ffb290d71707e9bca5b59b,6929,size_in_bytes,lib/ocaml/compiler-libs/flambda2_to_cmm__To_cmm_shared.cmti,94707
2026-08-26T20:15:32Z,712f87f035c6cfe581ffb290d71707e9bca5b59b,6929,size_in_bytes,lib/ocaml/compiler-libs/flambda2_simplify__Simplify_static_const.cmti,39479
2026-08-26T20:15:32Z,712f87f035c6cfe581ffb290d71707e9bca5b59b,6929,size_in_bytes,lib/ocaml/compiler-libs/partial_link.cmti,29166
2026-08-26T20:15:32Z,712f87f035c6cfe581ffb290d71707e9bca5b59b,6929,size_in_bytes,lib/ocaml/compiler-libs/flambda2_reaper__Points_to_analysis.cmti,103769
2026-08-26T20:15:32Z,712f87f035c6cfe581ffb290d71707e9bca5b59b,6929,size_in_bytes,lib/ocaml/compiler-libs/flambda2_reaper__Rebuilt_expr.cmti,48738
2026-08-26T20:15:32Z,712f87f035c6cfe581ffb290d71707e9bca5b59b,6929,size_in_bytes,lib/ocaml/compiler-libs/dwarf_inlined_frames.cmti,41562
2026-08-26T20:15:32Z,712f87f035c6cfe581ffb290d71707e9bca5b59b,6929,size_in_bytes,lib/ocaml/compiler-libs/flambda2_types__Typing_env.cmti,110813
2026-08-26T20:15:32Z,712f87f035c6cfe581ffb290d71707e9bca5b59b,6929,size_in_bytes,lib/ocaml/compiler-libs/flambda2_bound_identifiers__Bound_parameters.cmti,47411
2026-08-26T20:15:32Z,712f87f035c6cfe581ffb290d71707e9bca5b59b,6929,size_in_bytes,lib/ocaml/compiler-libs/errortrace.cmti,94912
2026-08-26T20:15:32Z,712f87f035c6cfe581ffb290d71707e9bca5b59b,6929,size_in_bytes,lib/ocaml/compiler-libs/cfg_dominators.cmti,45552
2026-08-26T20:15:32Z,712f87f035c6cfe581ffb290d71707e9bca5b59b,6929,size_in_bytes,lib/ocaml/compiler-libs/oxcaml_flags.cmti,148989
2026-08-26T20:15:32Z,712f87f035c6cfe581ffb290d71707e9bca5b59b,6929,size_in_bytes,lib/ocaml/compiler-libs/rewrite_sections.cmti,23531
2026-08-26T20:15:32Z,712f87f035c6cfe581ffb290d71707e9bca5b59b,6929,size_in_bytes,lib/ocaml/compiler-libs/internal_assembler.cmti,19556
2026-08-26T20:15:32Z,712f87f035c6cfe581ffb290d71707e9bca5b59b,6929,size_in_bytes,lib/ocaml/compiler-libs/flambda2_simplify__Upwards_env.cmti,55217
2026-08-26T20:15:32Z,712f87f035c6cfe581ffb290d71707e9bca5b59b,6929,size_in_bytes,lib/ocaml/compiler-libs/flambda2_reaper__Types_rewriter.cmti,38299
2026-08-26T20:15:32Z,712f87f035c6cfe581ffb290d71707e9bca5b59b,6929,size_in_bytes,lib/ocaml/compiler-libs/includeclass.cmti,24513
2026-08-26T20:15:32Z,712f87f035c6cfe581ffb290d71707e9bca5b59b,6929,size_in_bytes,lib/ocaml/compiler-libs/flambda2_identifiers__Reg_width_const.cmti,74268
2026-08-26T20:15:32Z,712f87f035c6cfe581ffb290d71707e9bca5b59b,6929,size_in_bytes,lib/ocaml/compiler-libs/cmm.cmti,218818
2026-08-26T20:15:32Z,712f87f035c6cfe581ffb290d71707e9bca5b59b,6929,size_in_bytes,lib/ocaml/compiler-libs/flambda2_reaper__Traverse_env.cmti,49483
2026-08-26T20:15:32Z,712f87f035c6cfe581ffb290d71707e9bca5b59b,6929,size_in_bytes,lib/ocaml/compiler-libs/value_rec_compiler.cmti,21578
2026-08-26T20:15:32Z,712f87f035c6cfe581ffb290d71707e9bca5b59b,6929,size_in_bytes,lib/ocaml/compiler-libs/oxcaml_args.cmti,518258
2026-08-26T20:15:32Z,712f87f035c6cfe581ffb290d71707e9bca5b59b,6929,size_in_bytes,lib/ocaml/compiler-libs/flambda2_simplify_shared__Call_site_inlining_decision_type.cmti,40611
2026-08-26T20:15:32Z,712f87f035c6cfe581ffb290d71707e9bca5b59b,6929,size_in_bytes,lib/ocaml/compiler-libs/flambda2_datalog__Cursor.cmti,78324
2026-08-26T20:15:32Z,712f87f035c6cfe581ffb290d71707e9bca5b59b,6929,size_in_bytes,lib/ocaml/compiler-libs/flambda2_term_basics__Or_invalid.cmti,19621
2026-08-26T20:15:32Z,712f87f035c6cfe581ffb290d71707e9bca5b59b,6929,size_in_bytes,lib/ocaml/compiler-libs/optmaindriver.cmti,36274
2026-08-26T20:15:32Z,712f87f035c6cfe581ffb290d71707e9bca5b59b,6929,size_in_bytes,lib/ocaml/compiler-libs/flambda2_identifiers__Continuation.cmti,192105
2026-08-26T20:15:32Z,712f87f035c6cfe581ffb290d71707e9bca5b59b,6929,size_in_bytes,lib/ocaml/compiler-libs/flambda2_nominal__Ids_for_export.cmti,43998
2026-08-26T20:15:32Z,712f87f035c6cfe581ffb290d71707e9bca5b59b,6929,size_in_bytes,lib/ocaml/compiler-libs/cfg_reducibility.cmti,33600
2026-08-26T20:15:32Z,712f87f035c6cfe581ffb290d71707e9bca5b59b,6929,size_in_bytes,lib/ocaml/compiler-libs/flambda2_floats__Float32.cmti,27317
2026-08-26T20:15:32Z,712f87f035c6cfe581ffb290d71707e9bca5b59b,6929,size_in_bytes,lib/ocaml/compiler-libs/flambda2_simplify__Simplify_apply_cont_expr.cmti,37170
2026-08-26T20:15:32Z,712f87f035c6cfe581ffb290d71707e9bca5b59b,6929,size_in_bytes,lib/ocaml/compiler-libs/cfg_simplify.cmti,33402
2026-08-26T20:15:32Z,712f87f035c6cfe581ffb290d71707e9bca5b59b,6929,size_in_bytes,lib/ocaml/compiler-libs/flambda2_simplify__Simplify_variadic_primitive.cmti,39391
2026-08-26T20:15:32Z,712f87f035c6cfe581ffb290d71707e9bca5b59b,6929,size_in_bytes,lib/ocaml/compiler-libs/arm64_ast__Logical_immediates.cmti,17277
2026-08-26T20:15:32Z,712f87f035c6cfe581ffb290d71707e9bca5b59b,6929,size_in_bytes,lib/ocaml/compiler-libs/parser_types.cmti,20913
2026-08-26T20:15:32Z,712f87f035c6cfe581ffb290d71707e9bca5b59b,6929,size_in_bytes,lib/ocaml/compiler-libs/compiler_hooks.cmti,50241
2026-08-26T20:15:32Z,712f87f035c6cfe581ffb290d71707e9bca5b59b,6929,size_in_bytes,lib/ocaml/compiler-libs/compute_ranges.cmti,64319
2026-08-26T20:15:32Z,712f87f035c6cfe581ffb290d71707e9bca5b59b,6929,size_in_bytes,lib/ocaml/compiler-libs/flambda2_reaper__Rev_expr.cmti,73859
2026-08-26T20:15:32Z,712f87f035c6cfe581ffb290d71707e9bca5b59b,6929,size_in_bytes,lib/ocaml/compiler-libs/asm_targets__Asm_section.cmti,52079
2026-08-26T20:15:32Z,712f87f035c6cfe581ffb290d71707e9bca5b59b,6929,size_in_bytes,lib/ocaml/compiler-libs/ast_helper.cmti,448273
2026-08-26T20:15:32Z,712f87f035c6cfe581ffb290d71707e9bca5b59b,6929,size_in_bytes,lib/ocaml/compiler-libs/flambda2_simplify__Simplify_let_expr.cmti,38388
2026-08-26T20:15:32Z,712f87f035c6cfe581ffb290d71707e9bca5b59b,6929,size_in_bytes,lib/ocaml/compiler-libs/asmgen.cmti,57893
2026-08-26T20:15:32Z,712f87f035c6cfe581ffb290d71707e9bca5b59b,6929,size_in_bytes,lib/ocaml/compiler-libs/tast_iterator.cmti,68362
2026-08-26T20:15:32Z,712f87f035c6cfe581ffb290d71707e9bca5b59b,6929,size_in_bytes,lib/ocaml/compiler-libs/flambda2_simplify__Simplify_switch_expr.cmti,37126
2026-08-26T20:15:32Z,712f87f035c6cfe581ffb290d71707e9bca5b59b,6929,size_in_bytes,lib/ocaml/compiler-libs/regalloc_ls_state.cmti,51783
2026-08-26T20:15:32Z,712f87f035c6cfe581ffb290d71707e9bca5b59b,6929,size_in_bytes,lib/ocaml/compiler-libs/runtime_shape.cmti,103466
2026-08-26T20:15:32Z,712f87f035c6cfe581ffb290d71707e9bca5b59b,6929,size_in_bytes,lib/ocaml/compiler-libs/flambda2_terms__Inlining_history.cmti,61607
2026-08-26T20:15:32Z,712f87f035c6cfe581ffb290d71707e9bca5b59b,6929,size_in_bytes,lib/ocaml/compiler-libs/dwarf_concrete_instances.cmti,41027
2026-08-26T20:15:32Z,712f87f035c6cfe581ffb290d71707e9bca5b59b,6929,size_in_bytes,lib/ocaml/compiler-libs/flambda2_term_basics__Tag_and_size.cmti,156521
2026-08-26T20:15:32Z,712f87f035c6cfe581ffb290d71707e9bca5b59b,6929,size_in_bytes,lib/ocaml/compiler-libs/linkage_name.cmti,120713
2026-08-26T20:15:32Z,712f87f035c6cfe581ffb290d71707e9bca5b59b,6929,size_in_bytes,lib/ocaml/compiler-libs/cmj_format.cmti,17461
2026-08-26T20:15:32Z,712f87f035c6cfe581ffb290d71707e9bca5b59b,6929,size_in_bytes,lib/ocaml/compiler-libs/compmisc.cmti,24708
2026-08-26T20:15:32Z,712f87f035c6cfe581ffb290d71707e9bca5b59b,6929,size_in_bytes,lib/ocaml/compiler-libs/flambda2_simplify__Simplify.cmti,39593
2026-08-26T20:15:32Z,712f87f035c6cfe581ffb290d71707e9bca5b59b,6929,size_in_bytes,lib/ocaml/compiler-libs/priority_queue.cmti,35445
2026-08-26T20:15:32Z,712f87f035c6cfe581ffb290d71707e9bca5b59b,6929,size_in_bytes,lib/ocaml/compiler-libs/untypeast.cmti,76878
2026-08-26T20:15:32Z,712f87f035c6cfe581ffb290d71707e9bca5b59b,6929,size_in_bytes,lib/ocaml/compiler-libs/flambda2_ui__Flambda_colours.cmti,32099
2026-08-26T20:15:32Z,712f87f035c6cfe581ffb290d71707e9bca5b59b,6929,size_in_bytes,lib/ocaml/compiler-libs/flambda2_parser__Flambda_lex.cmti,31319
2026-08-26T20:15:32Z,712f87f035c6cfe581ffb290d71707e9bca5b59b,6929,size_in_bytes,lib/ocaml/compiler-libs/flambda2_simplify__Unboxing_types.cmti,66617
2026-08-26T20:15:32Z,712f87f035c6cfe581ffb290d71707e9bca5b59b,6929,size_in_bytes,lib/ocaml/compiler-libs/instruct.cmti,71584
2026-08-26T20:15:32Z,712f87f035c6cfe581ffb290d71707e9bca5b59b,6929,size_in_bytes,lib/ocaml/compiler-libs/flambda2_to_cmm__To_cmm_expr.cmti,35117
2026-08-26T20:15:32Z,712f87f035c6cfe581ffb290d71707e9bca5b59b,6929,size_in_bytes,lib/ocaml/compiler-libs/gprinttyp.cmti,74129
2026-08-26T20:15:32Z,712f87f035c6cfe581ffb290d71707e9bca5b59b,6929,size_in_bytes,lib/ocaml/compiler-libs/errors.cmti,13797
2026-08-26T20:15:32Z,712f87f035c6cfe581ffb290d71707e9bca5b59b,6929,size_in_bytes,lib/ocaml/compiler-libs/flambda2_simplify__Lifted_constant.cmti,72032
2026-08-26T20:15:32Z,712f87f035c6cfe581ffb290d71707e9bca5b59b,6929,size_in_bytes,lib/ocaml/compiler-libs/arm64_binary_emitter__All_section_states.cmti,44661
2026-08-26T20:15:32Z,712f87f035c6cfe581ffb290d71707e9bca5b59b,6929,size_in_bytes,lib/ocaml/compiler-libs/config.cmti,87303
2026-08-26T20:15:32Z,712f87f035c6cfe581ffb290d71707e9bca5b59b,6929,size_in_bytes,lib/ocaml/compiler-libs/flambda2_simplify__Simplify_rec_info_expr.cmti,45694
2026-08-26T20:15:32Z,712f87f035c6cfe581ffb290d71707e9bca5b59b,6929,size_in_bytes,lib/ocaml/compiler-libs/flambda2_identifiers__Rec_info_expr0.cmti,48551
2026-08-26T20:15:32Z,712f87f035c6cfe581ffb290d71707e9bca5b59b,6929,size_in_bytes,lib/ocaml/compiler-libs/flambda2_terms__Static_const.cmti,236655
2026-08-26T20:15:32Z,712f87f035c6cfe581ffb290d71707e9bca5b59b,6929,size_in_bytes,lib/ocaml/compiler-libs/arm64_binary_emitter__Adr_helpers.cmti,17726
2026-08-26T20:15:32Z,712f87f035c6cfe581ffb290d71707e9bca5b59b,6929,size_in_bytes,lib/ocaml/compiler-libs/flambda2_reaper__Global_flow_graph.cmti,81525
2026-08-26T20:15:32Z,712f87f035c6cfe581ffb290d71707e9bca5b59b,6929,size_in_bytes,lib/ocaml/compiler-libs/linear.cmti,82555
2026-08-26T20:15:32Z,712f87f035c6cfe581ffb290d71707e9bca5b59b,6929,size_in_bytes,lib/ocaml/compiler-libs/reg_availability_set.cmti,46595
2026-08-26T20:15:32Z,712f87f035c6cfe581ffb290d71707e9bca5b59b,6929,size_in_bytes,lib/ocaml/compiler-libs/strongly_connected_components.cmti,44802
2026-08-26T20:15:32Z,712f87f035c6cfe581ffb290d71707e9bca5b59b,6929,size_in_bytes,lib/ocaml/compiler-libs/jkind_axis.cmti,79008
2026-08-26T20:15:32Z,712f87f035c6cfe581ffb290d71707e9bca5b59b,6929,size_in_bytes,lib/ocaml/compiler-libs/flambda2_types__Code_age_relation.cmti,38697
2026-08-26T20:15:32Z,712f87f035c6cfe581ffb290d71707e9bca5b59b,6929,size_in_bytes,lib/ocaml/compiler-libs/cfg_invariants.cmti,35898
2026-08-26T20:15:32Z,712f87f035c6cfe581ffb290d71707e9bca5b59b,6929,size_in_bytes,lib/ocaml/compiler-libs/arm64_ast__Ast.cmti,849735
2026-08-26T20:15:32Z,712f87f035c6cfe581ffb290d71707e9bca5b59b,6929,size_in_bytes,lib/ocaml/compiler-libs/ctype.cmti,378593
2026-08-26T20:15:32Z,712f87f035c6cfe581ffb290d71707e9bca5b59b,6929,size_in_bytes,lib/ocaml/compiler-libs/cfg_cse.cmti,35902
2026-08-26T20:15:32Z,712f87f035c6cfe581ffb290d71707e9bca5b59b,6929,size_in_bytes,lib/ocaml/compiler-libs/relocation_entry.cmti,20721
2026-08-26T20:15:32Z,712f87f035c6cfe581ffb290d71707e9bca5b59b,6929,size_in_bytes,lib/ocaml/compiler-libs/probe_emission.cmti,50138
2026-08-26T20:15:32Z,712f87f035c6cfe581ffb290d71707e9bca5b59b,6929,size_in_bytes,lib/ocaml/compiler-libs/flambda2_identifiers__Code_id.cmti,40373
2026-08-26T20:15:32Z,712f87f035c6cfe581ffb290d71707e9bca5b59b,6929,size_in_bytes,lib/ocaml/compiler-libs/flambda2_to_cmm__To_cmm_static.cmti,39312
2026-08-26T20:15:32Z,712f87f035c6cfe581ffb290d71707e9bca5b59b,6929,size_in_bytes,lib/ocaml/compiler-libs/flambda2_to_cmm__To_cmm_env.cmti,144662
2026-08-26T20:15:32Z,712f87f035c6cfe581ffb290d71707e9bca5b59b,6929,size_in_bytes,lib/ocaml/compiler-libs/simplif.cmti,24297
2026-08-26T20:15:32Z,712f87f035c6cfe581ffb290d71707e9bca5b59b,6929,size_in_bytes,lib/ocaml/compiler-libs/flambda2_terms__Effects.cmti,35943
2026-08-26T20:15:32Z,712f87f035c6cfe581ffb290d71707e9bca5b59b,6929,size_in_bytes,lib/ocaml/compiler-libs/flambda2_identifiers__Variable.cmti,43007
2026-08-26T20:15:32Z,712f87f035c6cfe581ffb290d71707e9bca5b59b,6929,size_in_bytes,lib/ocaml/compiler-libs/flambda2_simplify__Unboxing_epa.cmti,39369
2026-08-26T20:15:32Z,712f87f035c6cfe581ffb290d71707e9bca5b59b,6929,size_in_bytes,lib/ocaml/compiler-libs/flambda2_simplify__Simplify_nullary_primitive.cmti,38422
2026-08-26T20:15:32Z,712f87f035c6cfe581ffb290d71707e9bca5b59b,6929,size_in_bytes,lib/ocaml/compiler-libs/cmt2annot.cmti,21198
2026-08-26T20:15:32Z,712f87f035c6cfe581ffb290d71707e9bca5b59b,6929,size_in_bytes,lib/ocaml/compiler-libs/vicuna_traverse_typed_tree.cmti,17960
2026-08-26T20:15:32Z,712f87f035c6cfe581ffb290d71707e9bca5b59b,6929,size_in_bytes,lib/ocaml/compiler-libs/partition_object_files.cmti,24284
2026-08-26T20:15:32Z,712f87f035c6cfe581ffb290d71707e9bca5b59b,6929,size_in_bytes,lib/ocaml/compiler-libs/flambda2_algorithms__Channel.cmti,24340
2026-08-26T20:15:32Z,712f87f035c6cfe581ffb290d71707e9bca5b59b,6929,size_in_bytes,lib/ocaml/compiler-libs/printpat.cmti,23190
2026-08-26T20:15:32Z,712f87f035c6cfe581ffb290d71707e9bca5b59b,6929,size_in_bytes,lib/ocaml/compiler-libs/current_unit.cmti,25231
2026-08-26T20:15:32Z,712f87f035c6cfe581ffb290d71707e9bca5b59b,6929,size_in_bytes,lib/ocaml/compiler-libs/proc.cmti,69766
2026-08-26T20:15:32Z,712f87f035c6cfe581ffb290d71707e9bca5b59b,6929,size_in_bytes,lib/ocaml/compiler-libs/flambda2_from_lambda__Lambda_to_flambda_primitives_helpers.cmti,65215
2026-08-26T20:15:32Z,712f87f035c6cfe581ffb290d71707e9bca5b59b,6929,size_in_bytes,lib/ocaml/compiler-libs/x86_dsl.cmti,95463
2026-08-26T20:15:32Z,712f87f035c6cfe581ffb290d71707e9bca5b59b,6929,size_in_bytes,lib/ocaml/compiler-libs/cmo_io.cmti,21419
2026-08-26T20:15:32Z,712f87f035c6cfe581ffb290d71707e9bca5b59b,6929,size_in_bytes,lib/ocaml/compiler-libs/flambda2_parser__Fexpr_to_flambda.cmti,33746
2026-08-26T20:15:32Z,712f87f035c6cfe581ffb290d71707e9bca5b59b,6929,size_in_bytes,lib/ocaml/compiler-libs/cfg_edge.cmti,85270
2026-08-26T20:15:32Z,712f87f035c6cfe581ffb290d71707e9bca5b59b,6929,size_in_bytes,lib/ocaml/compiler-libs/cfg_selectgen.cmti,38513
2026-08-26T20:15:32Z,712f87f035c6cfe581ffb290d71707e9bca5b59b,6929,size_in_bytes,lib/ocaml/compiler-libs/regalloc_invariants.cmti,35183
2026-08-26T20:15:32Z,712f87f035c6cfe581ffb290d71707e9bca5b59b,6929,size_in_bytes,lib/ocaml/compiler-libs/bytefunctorizer.cmti,15513
2026-08-26T20:15:32Z,712f87f035c6cfe581ffb290d71707e9bca5b59b,6929,size_in_bytes,lib/ocaml/compiler-libs/ikind.cmti,56942
2026-08-26T20:15:32Z,712f87f035c6cfe581ffb290d71707e9bca5b59b,6929,size_in_bytes,lib/ocaml/compiler-libs/cfg_stack_checks.cmti,35486
2026-08-26T20:15:32Z,712f87f035c6cfe581ffb290d71707e9bca5b59b,6929,size_in_bytes,lib/ocaml/compiler-libs/flambda2_terms__Apply_cont_expr.cmti,183023
2026-08-26T20:15:32Z,712f87f035c6cfe581ffb290d71707e9bca5b59b,6929,size_in_bytes,lib/ocaml/compiler-libs/flambda2_simplify__Upwards_acc.cmti,79366
2026-08-26T20:15:32Z,712f87f035c6cfe581ffb290d71707e9bca5b59b,6929,size_in_bytes,lib/ocaml/compiler-libs/signature_group.cmti,45724
2026-08-26T20:15:32Z,712f87f035c6cfe581ffb290d71707e9bca5b59b,6929,size_in_bytes,lib/ocaml/compiler-libs/ident.cmti,190403
2026-08-26T20:15:32Z,712f87f035c6cfe581ffb290d71707e9bca5b59b,6929,size_in_bytes,lib/ocaml/compiler-libs/flambda2_bound_identifiers__Bound_pattern.cmti,47094
2026-08-26T20:15:32Z,712f87f035c6cfe581ffb290d71707e9bca5b59b,6929,size_in_bytes,lib/ocaml/compiler-libs/flambda2_simplify__Dominator_graph.cmti,51254
2026-08-26T20:15:32Z,712f87f035c6cfe581ffb290d71707e9bca5b59b,6929,size_in_bytes,lib/ocaml/compiler-libs/flambda2_simplify__Simplify_primitive_result.cmti,54481
2026-08-26T20:15:32Z,712f87f035c6cfe581ffb290d71707e9bca5b59b,6929,size_in_bytes,lib/ocaml/compiler-libs/shape_reduce.cmti,47027
2026-08-26T20:15:32Z,712f87f035c6cfe581ffb290d71707e9bca5b59b,6929,size_in_bytes,lib/ocaml/compiler-libs/build_path_prefix_map.cmti,26118
2026-08-26T20:15:32Z,712f87f035c6cfe581ffb290d71707e9bca5b59b,6929,size_in_bytes,lib/ocaml/compiler-libs/flambda2_simplify__Simplify_import.cmti,51983
2026-08-26T20:15:32Z,712f87f035c6cfe581ffb290d71707e9bca5b59b,6929,size_in_bytes,lib/ocaml/compiler-libs/lambda.cmti,621422
2026-08-26T20:15:32Z,712f87f035c6cfe581ffb290d71707e9bca5b59b,6929,size_in_bytes,lib/ocaml/compiler-libs/jit_backend.cmti,69638
2026-08-26T20:15:32Z,712f87f035c6cfe581ffb290d71707e9bca5b59b,6929,size_in_bytes,lib/ocaml/compiler-libs/regs.cmti,230622
2026-08-26T20:15:32Z,712f87f035c6cfe581ffb290d71707e9bca5b59b,6929,size_in_bytes,lib/ocaml/compiler-libs/translquote.cmti,20918
2026-08-26T20:15:32Z,712f87f035c6cfe581ffb290d71707e9bca5b59b,6929,size_in_bytes,lib/ocaml/compiler-libs/flambda2_simplify_shared__Are_rebuilding_terms.cmti,19716
2026-08-26T20:15:32Z,712f87f035c6cfe581ffb290d71707e9bca5b59b,6929,size_in_bytes,lib/ocaml/compiler-libs/flambda2_lattices__Or_bottom.cmti,28608
2026-08-26T20:15:32Z,712f87f035c6cfe581ffb290d71707e9bca5b59b,6929,size_in_bytes,lib/ocaml/compiler-libs/annot.cmti,16050
2026-08-26T20:15:32Z,712f87f035c6cfe581ffb290d71707e9bca5b59b,6929,size_in_bytes,lib/ocaml/compiler-libs/mode_intf.cmti,1536642
2026-08-26T20:15:32Z,712f87f035c6cfe581ffb290d71707e9bca5b59b,6929,size_in_bytes,lib/ocaml/compiler-libs/asm_targets__Asm_directives.cmti,173631
2026-08-26T20:15:32Z,712f87f035c6cfe581ffb290d71707e9bca5b59b,6929,size_in_bytes,lib/ocaml/compiler-libs/flambda2_types__Binding_time.cmti,166918
2026-08-26T20:15:32Z,712f87f035c6cfe581ffb290d71707e9bca5b59b,6929,size_in_bytes,lib/ocaml/compiler-libs/cfg_with_layout.cmti,72589
2026-08-26T20:15:32Z,712f87f035c6cfe581ffb290d71707e9bca5b59b,6929,size_in_bytes,lib/ocaml/compiler-libs/flambda2_types__Provers.cmti,148969
2026-08-26T20:15:32Z,712f87f035c6cfe581ffb290d71707e9bca5b59b,6929,size_in_bytes,lib/ocaml/compiler-libs/flambda2_simplify__Control_flow_graph.cmti,52797
2026-08-26T20:15:32Z,712f87f035c6cfe581ffb290d71707e9bca5b59b,6929,size_in_bytes,lib/ocaml/compiler-libs/cmt_format.cmti,55020
2026-08-26T20:15:32Z,712f87f035c6cfe581ffb290d71707e9bca5b59b,6929,size_in_bytes,lib/ocaml/compiler-libs/printreg.cmti,45940
2026-08-26T20:15:32Z,712f87f035c6cfe581ffb290d71707e9bca5b59b,6929,size_in_bytes,lib/ocaml/compiler-libs/flambda2_simplify_shared__Function_decl_inlining_decision.cmti,32351
2026-08-26T20:15:32Z,712f87f035c6cfe581ffb290d71707e9bca5b59b,6929,size_in_bytes,lib/ocaml/compiler-libs/flambda2_terms__Flambda_unit.cmti,42408
2026-08-26T20:15:32Z,712f87f035c6cfe581ffb290d71707e9bca5b59b,6929,size_in_bytes,lib/ocaml/compiler-libs/flambda2_ui__Flambda_features.cmti,79380
2026-08-26T20:15:32Z,712f87f035c6cfe581ffb290d71707e9bca5b59b,6929,size_in_bytes,lib/ocaml/compiler-libs/flambda2_types__Set_of_closures_contents.cmti,413529
2026-08-26T20:15:32Z,712f87f035c6cfe581ffb290d71707e9bca5b59b,6929,size_in_bytes,lib/ocaml/compiler-libs/cfg_to_linear.cmti,35657
2026-08-26T20:15:32Z,712f87f035c6cfe581ffb290d71707e9bca5b59b,6929,size_in_bytes,lib/ocaml/compiler-libs/vicuna_value_shapes.cmti,29632
2026-08-26T20:15:32Z,712f87f035c6cfe581ffb290d71707e9bca5b59b,6929,size_in_bytes,lib/ocaml/compiler-libs/regalloc_substitution.cmti,42450
2026-08-26T20:15:32Z,712f87f035c6cfe581ffb290d71707e9bca5b59b,6929,size_in_bytes,lib/ocaml/compiler-libs/emit.cmti,39465
2026-08-26T20:15:32Z,712f87f035c6cfe581ffb290d71707e9bca5b59b,6929,size_in_bytes,lib/ocaml/compiler-libs/arm64_binary_emitter__Branch_helpers.cmti,28056
2026-08-26T20:15:32Z,712f87f035c6cfe581ffb290d71707e9bca5b59b,6929,size_in_bytes,lib/ocaml/compiler-libs/flambda2_reaper__Reaper.cmti,35781
2026-08-26T20:15:32Z,712f87f035c6cfe581ffb290d71707e9bca5b59b,6929,size_in_bytes,lib/ocaml/compiler-libs/x86_section.cmti,85641
2026-08-26T20:15:32Z,712f87f035c6cfe581ffb290d71707e9bca5b59b,6929,size_in_bytes,lib/ocaml/compiler-libs/flambda2_numbers__One_bit_fewer.cmti,72412
2026-08-26T20:15:32Z,712f87f035c6cfe581ffb290d71707e9bca5b59b,6929,size_in_bytes,lib/ocaml/compiler-libs/instantiator.cmti,39163
2026-08-26T20:15:32Z,712f87f035c6cfe581ffb290d71707e9bca5b59b,6929,size_in_bytes,lib/ocaml/compiler-libs/printcfg.cmti,60720
2026-08-26T20:15:32Z,712f87f035c6cfe581ffb290d71707e9bca5b59b,6929,size_in_bytes,lib/ocaml/compiler-libs/flambda2_types__Expand_head.cmti,91316
2026-08-26T20:15:32Z,712f87f035c6cfe581ffb290d71707e9bca5b59b,6929,size_in_bytes,lib/ocaml/compiler-libs/flambda2_to_cmm__To_cmm_result.cmti,57422
2026-08-26T20:15:32Z,712f87f035c6cfe581ffb290d71707e9bca5b59b,6929,size_in_bytes,lib/ocaml/compiler-libs/flambda2_simplify__Flow.cmti,76112
2026-08-26T20:15:32Z,712f87f035c6cfe581ffb290d71707e9bca5b59b,6929,size_in_bytes,lib/ocaml/compiler-libs/cfg_format.cmti,41685
2026-08-26T20:15:32Z,712f87f035c6cfe581ffb290d71707e9bca5b59b,6929,size_in_bytes,lib/ocaml/compiler-libs/cfg_available_regs.cmti,33264
2026-08-26T20:15:32Z,712f87f035c6cfe581ffb290d71707e9bca5b59b,6929,size_in_bytes,lib/ocaml/compiler-libs/arch.cmti,88070
2026-08-26T20:15:32Z,712f87f035c6cfe581ffb290d71707e9bca5b59b,6929,size_in_bytes,lib/ocaml/compiler-libs/vectorize_utils.cmti,60059
2026-08-26T20:15:32Z,712f87f035c6cfe581ffb290d71707e9bca5b59b,6929,size_in_bytes,lib/ocaml/compiler-libs/compile_common.cmti,45275
2026-08-26T20:15:32Z,712f87f035c6cfe581ffb290d71707e9bca5b59b,6929,size_in_bytes,lib/ocaml/compiler-libs/bytesections.cmti,33166
2026-08-26T20:15:32Z,712f87f035c6cfe581ffb290d71707e9bca5b59b,6929,size_in_bytes,lib/ocaml/compiler-libs/dwarf_abstract_instances.cmti,29805
2026-08-26T20:15:32Z,712f87f035c6cfe581ffb290d71707e9bca5b59b,6929,size_in_bytes,lib/ocaml/compiler-libs/flambda2_types__Traversals.cmti,262932
2026-08-26T20:15:32Z,712f87f035c6cfe581ffb290d71707e9bca5b59b,6929,size_in_bytes,lib/ocaml/compiler-libs/flambda2_identifiers__Function_slot.cmti,173108
2026-08-26T20:15:32Z,712f87f035c6cfe581ffb290d71707e9bca5b59b,6929,size_in_bytes,lib/ocaml/compiler-libs/flambda2_types__Aliases.cmti,62091
2026-08-26T20:15:32Z,712f87f035c6cfe581ffb290d71707e9bca5b59b,6929,size_in_bytes,lib/ocaml/compiler-libs/flambda2_parser__Print_fexpr.cmti,29532
2026-08-26T20:15:32Z,712f87f035c6cfe581ffb290d71707e9bca5b59b,6929,size_in_bytes,lib/ocaml/compiler-libs/flambda2_simplify_shared__Inlining_helpers.cmti,52822
2026-08-26T20:15:32Z,712f87f035c6cfe581ffb290d71707e9bca5b59b,6929,size_in_bytes,lib/ocaml/compiler-libs/value_rec_types.cmti,14312
2026-08-26T20:15:32Z,712f87f035c6cfe581ffb290d71707e9bca5b59b,6929,size_in_bytes,lib/ocaml/compiler-libs/flambda2_simplify__Reification.cmti,39013
2026-08-26T20:15:32Z,712f87f035c6cfe581ffb290d71707e9bca5b59b,6929,size_in_bytes,lib/ocaml/compiler-libs/trace.cmti,28609
2026-08-26T20:15:32Z,712f87f035c6cfe581ffb290d71707e9bca5b59b,6929,size_in_bytes,lib/ocaml/compiler-libs/location.cmti,145145
2026-08-26T20:15:32Z,712f87f035c6cfe581ffb290d71707e9bca5b59b,6929,size_in_bytes,lib/ocaml/compiler-libs/regalloc_stack_operands.cmti,36590
2026-08-26T20:15:32Z,712f87f035c6cfe581ffb290d71707e9bca5b59b,6929,size_in_bytes,lib/ocaml/compiler-libs/arm64_binary_emitter__Section_state.cmti,45174
2026-08-26T20:15:32Z,712f87f035c6cfe581ffb290d71707e9bca5b59b,6929,size_in_bytes,lib/ocaml/compiler-libs/flambda2_compare__Compare.cmti,35178
2026-08-26T20:15:32Z,712f87f035c6cfe581ffb290d71707e9bca5b59b,6929,size_in_bytes,lib/ocaml/compiler-libs/flambda2_types__Type_descr.cmti,62378
2026-08-26T20:15:32Z,712f87f035c6cfe581ffb290d71707e9bca5b59b,6929,size_in_bytes,lib/ocaml/compiler-libs/transl_comprehension_utils.cmti,87684
2026-08-26T20:15:32Z,712f87f035c6cfe581ffb290d71707e9bca5b59b,6929,size_in_bytes,lib/ocaml/compiler-libs/arm64_binary_emitter__Encode_instruction.cmti,18249
2026-08-26T20:15:32Z,712f87f035c6cfe581ffb290d71707e9bca5b59b,6929,size_in_bytes,lib/ocaml/compiler-libs/binutils.cmti,18075
2026-08-26T20:15:32Z,712f87f035c6cfe581ffb290d71707e9bca5b59b,6929,size_in_bytes,lib/ocaml/compiler-libs/arm64_binary_emitter__For_jit.cmti,36909
2026-08-26T20:15:32Z,712f87f035c6cfe581ffb290d71707e9bca5b59b,6929,size_in_bytes,lib/ocaml/compiler-libs/includecore.cmti,102882
2026-08-26T20:15:32Z,712f87f035c6cfe581ffb290d71707e9bca5b59b,6929,size_in_bytes,lib/ocaml/compiler-libs/datarepr.cmti,30688
2026-08-26T20:15:32Z,712f87f035c6cfe581ffb290d71707e9bca5b59b,6929,size_in_bytes,lib/ocaml/compiler-libs/flambda2_simplify__Flow_acc.cmti,76310
2026-08-26T20:15:32Z,712f87f035c6cfe581ffb290d71707e9bca5b59b,6929,size_in_bytes,lib/ocaml/compiler-libs/flambda2_simplify__Inlining_transforms.cmti,38492
2026-08-26T20:15:32Z,712f87f035c6cfe581ffb290d71707e9bca5b59b,6929,size_in_bytes,lib/ocaml/compiler-libs/flambda2_reaper__Rebuild.cmti,45173
2026-08-26T20:15:32Z,712f87f035c6cfe581ffb290d71707e9bca5b59b,6929,size_in_bytes,lib/ocaml/compiler-libs/flambda2_nominal__Name_occurrences.cmti,107192
2026-08-26T20:15:32Z,712f87f035c6cfe581ffb290d71707e9bca5b59b,6929,size_in_bytes,lib/ocaml/compiler-libs/printoperation.cmti,40691
2026-08-26T20:15:32Z,712f87f035c6cfe581ffb290d71707e9bca5b59b,6929,size_in_bytes,lib/ocaml/compiler-libs/flambda2_terms__Code_or_metadata.cmti,54179
2026-08-26T20:15:32Z,712f87f035c6cfe581ffb290d71707e9bca5b59b,6929,size_in_bytes,lib/ocaml/compiler-libs/cmm_builtins.cmti,38602
2026-08-26T20:15:32Z,712f87f035c6cfe581ffb290d71707e9bca5b59b,6929,size_in_bytes,lib/ocaml/compiler-libs/flambda2_simplify__Replay_history.cmti,49295
2026-08-26T20:15:32Z,712f87f035c6cfe581ffb290d71707e9bca5b59b,6929,size_in_bytes,lib/ocaml/compiler-libs/asmlink.cmti,42146
2026-08-26T20:15:32Z,712f87f035c6cfe581ffb290d71707e9bca5b59b,6929,size_in_bytes,lib/ocaml/compiler-libs/axis_lattice.cmti,47709
2026-08-26T20:15:32Z,712f87f035c6cfe581ffb290d71707e9bca5b59b,6929,size_in_bytes,lib/ocaml/compiler-libs/flambda2_simplify__Simplify_named_result.cmti,44817
2026-08-26T20:15:32Z,712f87f035c6cfe581ffb290d71707e9bca5b59b,6929,size_in_bytes,lib/ocaml/compiler-libs/flambda2_types__Typing_env_level.cmti,50648
2026-08-26T20:15:32Z,712f87f035c6cfe581ffb290d71707e9bca5b59b,6929,size_in_bytes,lib/ocaml/compiler-libs/flambda2_simplify__Specialization_cost.cmti,49322
2026-08-26T20:15:32Z,712f87f035c6cfe581ffb290d71707e9bca5b59b,6929,size_in_bytes,lib/ocaml/compiler-libs/cfg_prologue.cmti,34422
2026-08-26T20:15:32Z,712f87f035c6cfe581ffb290d71707e9bca5b59b,6929,size_in_bytes,lib/ocaml/compiler-libs/symtable.cmti,240524
2026-08-26T20:15:32Z,712f87f035c6cfe581ffb290d71707e9bca5b59b,6929,size_in_bytes,lib/ocaml/compiler-libs/errortrace_report.cmti,32508
2026-08-26T20:15:32Z,712f87f035c6cfe581ffb290d71707e9bca5b59b,6929,size_in_bytes,lib/ocaml/compiler-libs/flambda2_terms__Set_of_closures.cmti,177858
2026-08-26T20:15:32Z,712f87f035c6cfe581ffb290d71707e9bca5b59b,6929,size_in_bytes,lib/ocaml/compiler-libs/igot.cmti,34442
2026-08-26T20:15:32Z,712f87f035c6cfe581ffb290d71707e9bca5b59b,6929,size_in_bytes,lib/ocaml/compiler-libs/x86_ast_utils.cmti,27061
2026-08-26T20:15:32Z,712f87f035c6cfe581ffb290d71707e9bca5b59b,6929,size_in_bytes,lib/ocaml/compiler-libs/translattribute.cmti,30944
2026-08-26T20:15:32Z,712f87f035c6cfe581ffb290d71707e9bca5b59b,6929,size_in_bytes,lib/ocaml/compiler-libs/compilation_unit.cmti,443345
2026-08-26T20:15:32Z,712f87f035c6cfe581ffb290d71707e9bca5b59b,6929,size_in_bytes,lib/ocaml/compiler-libs/flambda2_terms__Code_metadata.cmti,125786
2026-08-26T20:15:32Z,712f87f035c6cfe581ffb290d71707e9bca5b59b,6929,size_in_bytes,lib/ocaml/compiler-libs/flambda2_terms__Flambda_primitive.cmti,531768
2026-08-26T20:15:32Z,712f87f035c6cfe581ffb290d71707e9bca5b59b,6929,size_in_bytes,lib/ocaml/compiler-libs/transl_list_comprehension.cmti,20406
2026-08-26T20:15:32Z,712f87f035c6cfe581ffb290d71707e9bca5b59b,6929,size_in_bytes,lib/ocaml/compiler-libs/arm64_binary_emitter__Csel_helpers.cmti,18487
2026-08-26T20:15:32Z,712f87f035c6cfe581ffb290d71707e9bca5b59b,6929,size_in_bytes,lib/ocaml/compiler-libs/flambda2_simplify__Expr_builder.cmti,84016
2026-08-26T20:15:32Z,712f87f035c6cfe581ffb290d71707e9bca5b59b,6929,size_in_bytes,lib/ocaml/compiler-libs/shape.cmti,395629
2026-08-26T20:15:32Z,712f87f035c6cfe581ffb290d71707e9bca5b59b,6929,size_in_bytes,lib/ocaml/compiler-libs/arm64_binary_emitter__Simd_helpers.cmti,41670
2026-08-26T20:15:32Z,712f87f035c6cfe581ffb290d71707e9bca5b59b,6929,size_in_bytes,lib/ocaml/compiler-libs/opcodes.cmti,74185
2026-08-26T20:15:32Z,712f87f035c6cfe581ffb290d71707e9bca5b59b,6929,size_in_bytes,lib/ocaml/compiler-libs/flambda2_kinds__Tag.cmti,395136
2026-08-26T20:15:32Z,712f87f035c6cfe581ffb290d71707e9bca5b59b,6929,size_in_bytes,lib/ocaml/compiler-libs/env.cmti,477756
2026-08-26T20:15:32Z,712f87f035c6cfe581ffb290d71707e9bca5b59b,6929,size_in_bytes,lib/ocaml/compiler-libs/linker_script.cmti,19373
2026-08-26T20:15:32Z,712f87f035c6cfe581ffb290d71707e9bca5b59b,6929,size_in_bytes,lib/ocaml/compiler-libs/persistent_env.cmti,180573
2026-08-26T20:15:32Z,712f87f035c6cfe581ffb290d71707e9bca5b59b,6929,size_in_bytes,lib/ocaml/compiler-libs/flambda2_simplify__Common_subexpression_elimination.cmti,46690
2026-08-26T20:15:32Z,712f87f035c6cfe581ffb290d71707e9bca5b59b,6929,size_in_bytes,lib/ocaml/compiler-libs/cmx_format.cmti,79519
2026-08-26T20:15:32Z,712f87f035c6cfe581ffb290d71707e9bca5b59b,6929,size_in_bytes,lib/ocaml/compiler-libs/mixed_block_shape.cmti,37819
2026-08-26T20:15:32Z,712f87f035c6cfe581ffb290d71707e9bca5b59b,6929,size_in_bytes,lib/ocaml/compiler-libs/regalloc_irc.cmti,34800
2026-08-26T20:15:32Z,712f87f035c6cfe581ffb290d71707e9bca5b59b,6929,size_in_bytes,lib/ocaml/compiler-libs/regalloc_gi.cmti,34563
2026-08-26T20:15:32Z,712f87f035c6cfe581ffb290d71707e9bca5b59b,6929,size_in_bytes,lib/ocaml/compiler-libs/typedecl_separability.cmti,34932
2026-08-26T20:15:32Z,712f87f035c6cfe581ffb290d71707e9bca5b59b,6929,size_in_bytes,lib/ocaml/compiler-libs/x86_peephole_rules.cmti,19694
2026-08-26T20:15:32Z,712f87f035c6cfe581ffb290d71707e9bca5b59b,6929,size_in_bytes,lib/ocaml/compiler-libs/flambda2_numbers__Target_ocaml_int.cmti,334894
2026-08-26T20:15:32Z,712f87f035c6cfe581ffb290d71707e9bca5b59b,6929,size_in_bytes,lib/ocaml/compiler-libs/solver_intf.cmti,223346
2026-08-26T20:15:32Z,712f87f035c6cfe581ffb290d71707e9bca5b59b,6929,size_in_bytes,lib/ocaml/compiler-libs/cfg_quick_hash.cmti,37432
2026-08-26T20:15:32Z,712f87f035c6cfe581ffb290d71707e9bca5b59b,6929,size_in_bytes,lib/ocaml/compiler-libs/arm64_binary_emitter__Add_sub_helpers.cmti,33812
2026-08-26T20:15:32Z,712f87f035c6cfe581ffb290d71707e9bca5b59b,6929,size_in_bytes,lib/ocaml/compiler-libs/slambdaeval.cmti,33485
2026-08-26T20:15:32Z,712f87f035c6cfe581ffb290d71707e9bca5b59b,6929,size_in_bytes,lib/ocaml/compiler-libs/build_linker_args.cmti,24265
2026-08-26T20:15:32Z,712f87f035c6cfe581ffb290d71707e9bca5b59b,6929,size_in_bytes,lib/ocaml/compiler-libs/arrayset.cmti,28907
2026-08-26T20:15:32Z,712f87f035c6cfe581ffb290d71707e9bca5b59b,6929,size_in_bytes,lib/ocaml/compiler-libs/asttypes.cmti,29011
2026-08-26T20:15:32Z,712f87f035c6cfe581ffb290d71707e9bca5b59b,6929,size_in_bytes,lib/ocaml/compiler-libs/cmo_format.cmti,34297
2026-08-26T20:15:32Z,712f87f035c6cfe581ffb290d71707e9bca5b59b,6929,size_in_bytes,lib/ocaml/compiler-libs/x86_peephole_optimize.cmti,16519
2026-08-26T20:15:32Z,712f87f035c6cfe581ffb290d71707e9bca5b59b,6929,size_in_bytes,lib/ocaml/compiler-libs/functorizer.cmti,25578
2026-08-26T20:15:32Z,712f87f035c6cfe581ffb290d71707e9bca5b59b,6929,size_in_bytes,lib/ocaml/compiler-libs/linear_utils.cmti,39167
2026-08-26T20:15:32Z,712f87f035c6cfe581ffb290d71707e9bca5b59b,6929,size_in_bytes,lib/ocaml/compiler-libs/flambda2_parser__Flambda_to_fexpr.cmti,30562
2026-08-26T20:15:32Z,712f87f035c6cfe581ffb290d71707e9bca5b59b,6929,size_in_bytes,lib/ocaml/compiler-libs/flambda2_identifiers__Code_id_or_symbol.cmti,35306
2026-08-26T20:15:32Z,712f87f035c6cfe581ffb290d71707e9bca5b59b,6929,size_in_bytes,lib/ocaml/compiler-libs/cfg_deadcode.cmti,33730
2026-08-26T20:15:32Z,712f87f035c6cfe581ffb290d71707e9bca5b59b,6929,size_in_bytes,lib/ocaml/compiler-libs/includemod_errorprinter.cmti,20299
2026-08-26T20:15:32Z,712f87f035c6cfe581ffb290d71707e9bca5b59b,6929,size_in_bytes,lib/ocaml/compiler-libs/flambda2_to_jsir__To_jsir_primitive.cmti,36088
2026-08-26T20:15:32Z,712f87f035c6cfe581ffb290d71707e9bca5b59b,6929,size_in_bytes,lib/ocaml/compiler-libs/extra_debug.cmti,36457
2026-08-26T20:15:32Z,712f87f035c6cfe581ffb290d71707e9bca5b59b,6929,size_in_bytes,lib/ocaml/compiler-libs/peephole_optimize.cmti,33311
2026-08-26T20:15:32Z,712f87f035c6cfe581ffb290d71707e9bca5b59b,6929,size_in_bytes,lib/ocaml/compiler-libs/mtype.cmti,55051
2026-08-26T20:15:32Z,712f87f035c6cfe581ffb290d71707e9bca5b59b,6929,size_in_bytes,lib/ocaml/compiler-libs/flambda2_types.cmti,690730
2026-08-26T20:15:32Z,712f87f035c6cfe581ffb290d71707e9bca5b59b,6929,size_in_bytes,lib/ocaml/compiler-libs/cfg_with_infos.cmti,51140
2026-08-26T20:15:32Z,712f87f035c6cfe581ffb290d71707e9bca5b59b,6929,size_in_bytes,lib/ocaml/compiler-libs/flambda2_simplify__Simplify_expr.cmti,41140
2026-08-26T20:15:32Z,712f87f035c6cfe581ffb290d71707e9bca5b59b,6929,size_in_bytes,lib/ocaml/compiler-libs/flambda2_to_jsir__To_jsir_set_of_closures.cmti,35868
2026-08-26T20:15:32Z,712f87f035c6cfe581ffb290d71707e9bca5b59b,6929,size_in_bytes,lib/ocaml/compiler-libs/cfg_to_linear_desc.cmti,33240
2026-08-26T20:15:32Z,712f87f035c6cfe581ffb290d71707e9bca5b59b,6929,size_in_bytes,lib/ocaml/compiler-libs/flambda2_simplify__Simplify_binary_primitive.cmti,40130
2026-08-26T20:15:32Z,712f87f035c6cfe581ffb290d71707e9bca5b59b,6929,size_in_bytes,lib/ocaml/compiler-libs/flambda2_simplify__Simplify_apply_expr.cmti,37831
2026-08-26T20:15:32Z,712f87f035c6cfe581ffb290d71707e9bca5b59b,6929,size_in_bytes,lib/ocaml/compiler-libs/flambda2_terms__Poll_attribute.cmti,30986
2026-08-26T20:15:32Z,712f87f035c6cfe581ffb290d71707e9bca5b59b,6929,size_in_bytes,lib/ocaml/compiler-libs/arm64_binary_emitter__Relocation.cmti,37489
2026-08-26T20:15:32Z,712f87f035c6cfe581ffb290d71707e9bca5b59b,6929,size_in_bytes,lib/ocaml/compiler-libs/dissector.cmti,34421
2026-08-26T20:15:32Z,712f87f035c6cfe581ffb290d71707e9bca5b59b,6929,size_in_bytes,lib/ocaml/compiler-libs/makedepend.cmti,13600
2026-08-26T20:15:32Z,712f87f035c6cfe581ffb290d71707e9bca5b59b,6929,size_in_bytes,lib/ocaml/compiler-libs/longident.cmti,22831
2026-08-26T20:15:32Z,712f87f035c6cfe581ffb290d71707e9bca5b59b,6929,size_in_bytes,lib/ocaml/compiler-libs/targetint.cmti,60864
2026-08-26T20:15:32Z,712f87f035c6cfe581ffb290d71707e9bca5b59b,6929,size_in_bytes,lib/ocaml/compiler-libs/partition.cmti,30551
2026-08-26T20:15:32Z,712f87f035c6cfe581ffb290d71707e9bca5b59b,6929,size_in_bytes,lib/ocaml/compiler-libs/outcometree.cmti,108582
2026-08-26T20:15:32Z,712f87f035c6cfe581ffb290d71707e9bca5b59b,6929,size_in_bytes,lib/ocaml/compiler-libs/dwarf_type.cmti,27474
2026-08-26T20:15:32Z,712f87f035c6cfe581ffb290d71707e9bca5b59b,6929,size_in_bytes,lib/ocaml/compiler-libs/flambda2_simplify__Lifted_constant_state.cmti,46877
2026-08-26T20:15:32Z,712f87f035c6cfe581ffb290d71707e9bca5b59b,6929,size_in_bytes,lib/ocaml/compiler-libs/zero_alloc_checker.cmti,57214
2026-08-26T20:15:32Z,712f87f035c6cfe581ffb290d71707e9bca5b59b,6929,size_in_bytes,lib/ocaml/compiler-libs/flambda2_algorithms__Leapfrog.cmti,44697
2026-08-26T20:15:32Z,712f87f035c6cfe581ffb290d71707e9bca5b59b,6929,size_in_bytes,lib/ocaml/compiler-libs/flambda2_simplify__Simplify_simple.cmti,42863
2026-08-26T20:15:32Z,712f87f035c6cfe581ffb290d71707e9bca5b59b,6929,size_in_bytes,lib/ocaml/compiler-libs/arm64_binary_emitter__Yield_helpers.cmti,14232
2026-08-26T20:15:32Z,712f87f035c6cfe581ffb290d71707e9bca5b59b,6929,size_in_bytes,lib/ocaml/compiler-libs/misc.cmti,735268
2026-08-26T20:15:32Z,712f87f035c6cfe581ffb290d71707e9bca5b59b,6929,size_in_bytes,lib/ocaml/compiler-libs/peephole_rules.cmti,34053
2026-08-26T20:15:32Z,712f87f035c6cfe581ffb290d71707e9bca5b59b,6929,size_in_bytes,lib/ocaml/compiler-libs/instructionId.cmti,153808
2026-08-26T20:15:32Z,712f87f035c6cfe581ffb290d71707e9bca5b59b,6929,size_in_bytes,lib/ocaml/compiler-libs/cm_bundle.cmti,21860
2026-08-26T20:15:32Z,712f87f035c6cfe581ffb290d71707e9bca5b59b,6929,size_in_bytes,lib/ocaml/compiler-libs/regalloc_split_state.cmti,43083
2026-08-26T20:15:32Z,712f87f035c6cfe581ffb290d71707e9bca5b59b,6929,size_in_bytes,lib/ocaml/compiler-libs/warnings.cmti,87043
2026-08-26T20:15:32Z,712f87f035c6cfe581ffb290d71707e9bca5b59b,6929,size_in_bytes,lib/ocaml/compiler-libs/flambda2_types__Type_grammar.cmti,670323
2026-08-26T20:15:32Z,712f87f035c6cfe581ffb290d71707e9bca5b59b,6929,size_in_bytes,lib/ocaml/compiler-libs/flambda2_terms__Inline_attribute.cmti,32130
2026-08-26T20:15:32Z,712f87f035c6cfe581ffb290d71707e9bca5b59b,6929,size_in_bytes,lib/ocaml/compiler-libs/flambda2_simplify__Flow_types.cmti,115044
2026-08-26T20:15:32Z,712f87f035c6cfe581ffb290d71707e9bca5b59b,6929,size_in_bytes,lib/ocaml/compiler-libs/cmm_helpers.cmti,684923
2026-08-26T20:15:32Z,712f87f035c6cfe581ffb290d71707e9bca5b59b,6929,size_in_bytes,lib/ocaml/compiler-libs/debuginfo.cmti,74295
2026-08-26T20:15:32Z,712f87f035c6cfe581ffb290d71707e9bca5b59b,6929,size_in_bytes,lib/ocaml/compiler-libs/flambda2_term_basics__Or_variable.cmti,35258
2026-08-26T20:15:32Z,712f87f035c6cfe581ffb290d71707e9bca5b59b,6929,size_in_bytes,lib/ocaml/compiler-libs/subst.cmti,148131
2026-08-26T20:15:32Z,712f87f035c6cfe581ffb290d71707e9bca5b59b,6929,size_in_bytes,lib/ocaml/compiler-libs/flambda2_types__More_type_creators.cmti,109035
2026-08-26T20:15:32Z,712f87f035c6cfe581ffb290d71707e9bca5b59b,6929,size_in_bytes,lib/ocaml/compiler-libs/debug.cmti,14018
2026-08-26T20:15:32Z,712f87f035c6cfe581ffb290d71707e9bca5b59b,6929,size_in_bytes,lib/ocaml/compiler-libs/cfg_merge_blocks.cmti,34654
2026-08-26T20:15:32Z,712f87f035c6cfe581ffb290d71707e9bca5b59b,6929,size_in_bytes,lib/ocaml/compiler-libs/asm_targets__Asm_directives_dwarf.cmti,13512
2026-08-26T20:15:32Z,712f87f035c6cfe581ffb290d71707e9bca5b59b,6929,size_in_bytes,lib/ocaml/compiler-libs/flambda2_parser__Parse_flambda.cmti,34502
2026-08-26T20:15:32Z,712f87f035c6cfe581ffb290d71707e9bca5b59b,6929,size_in_bytes,lib/ocaml/compiler-libs/flambda2_terms__Regalloc_param_attribute.cmti,31442
2026-08-26T20:15:32Z,712f87f035c6cfe581ffb290d71707e9bca5b59b,6929,size_in_bytes,lib/ocaml/compiler-libs/load_path.cmti,43397
2026-08-26T20:15:32Z,712f87f035c6cfe581ffb290d71707e9bca5b59b,6929,size_in_bytes,lib/ocaml/compiler-libs/typeopt.cmti,53077
2026-08-26T20:15:32Z,712f87f035c6cfe581ffb290d71707e9bca5b59b,6929,size_in_bytes,lib/ocaml/compiler-libs/flambda2_identifiers__Slot.cmti,183773
2026-08-26T20:15:32Z,712f87f035c6cfe581ffb290d71707e9bca5b59b,6929,size_in_bytes,lib/ocaml/compiler-libs/structured_mangling.cmti,31956
2026-08-26T20:15:32Z,712f87f035c6cfe581ffb290d71707e9bca5b59b,6929,size_in_bytes,lib/ocaml/compiler-libs/flambda2_terms__Coeffects.cmti,32698
2026-08-26T20:15:32Z,712f87f035c6cfe581ffb290d71707e9bca5b59b,6929,size_in_bytes,lib/ocaml/compiler-libs/regalloc_utils.cmti,335096
2026-08-26T20:15:32Z,712f87f035c6cfe581ffb290d71707e9bca5b59b,6929,size_in_bytes,lib/ocaml/compiler-libs/regalloc_irc_state.cmti,118550
2026-08-26T20:15:32Z,712f87f035c6cfe581ffb290d71707e9bca5b59b,6929,size_in_bytes,lib/ocaml/compiler-libs/scalar.cmti,171657
2026-08-26T20:15:32Z,712f87f035c6cfe581ffb290d71707e9bca5b59b,6929,size_in_bytes,lib/ocaml/compiler-libs/arm64_binary_emitter__Fp_helpers.cmti,28911
2026-08-26T20:15:32Z,712f87f035c6cfe581ffb290d71707e9bca5b59b,6929,size_in_bytes,lib/ocaml/compiler-libs/flambda2_from_lambda__Lambda_to_flambda_env.cmti,85841
2026-08-26T20:15:32Z,712f87f035c6cfe581ffb290d71707e9bca5b59b,6929,size_in_bytes,lib/ocaml/compiler-libs/target_system.cmti,32236
2026-08-26T20:15:32Z,712f87f035c6cfe581ffb290d71707e9bca5b59b,6929,size_in_bytes,lib/ocaml/compiler-libs/typeclass.cmti,69220
2026-08-26T20:15:32Z,712f87f035c6cfe581ffb290d71707e9bca5b59b,6929,size_in_bytes,lib/ocaml/compiler-libs/types.cmti,689220
2026-08-26T20:15:32Z,712f87f035c6cfe581ffb290d71707e9bca5b59b,6929,size_in_bytes,lib/ocaml/compiler-libs/llvm_ir.cmti,372939
2026-08-26T20:15:32Z,712f87f035c6cfe581ffb290d71707e9bca5b59b,6929,size_in_bytes,lib/ocaml/compiler-libs/flambda2_simplify_shared__Exported_offsets.cmti,45085
2026-08-26T20:15:32Z,712f87f035c6cfe581ffb290d71707e9bca5b59b,6929,size_in_bytes,lib/ocaml/compiler-libs/flambda2_terms__Call_kind.cmti,72512
2026-08-26T20:15:32Z,712f87f035c6cfe581ffb290d71707e9bca5b59b,6929,size_in_bytes,lib/ocaml/compiler-libs/flambda2_terms__Trap_action.cmti,42468
2026-08-26T20:15:32Z,712f87f035c6cfe581ffb290d71707e9bca5b59b,6929,size_in_bytes,lib/ocaml/compiler-libs/dsl_helpers.cmti,12523
2026-08-26T20:15:32Z,712f87f035c6cfe581ffb290d71707e9bca5b59b,6929,size_in_bytes,lib/ocaml/compiler-libs/flambda2_types__Meet_and_join.cmti,32376
2026-08-26T20:15:32Z,712f87f035c6cfe581ffb290d71707e9bca5b59b,6929,size_in_bytes,lib/ocaml/compiler-libs/printtyped.cmti,20221
2026-08-26T20:15:32Z,712f87f035c6cfe581ffb290d71707e9bca5b59b,6929,size_in_bytes,lib/ocaml/compiler-libs/flambda2_datalog.cmti,455994
2026-08-26T20:15:32Z,712f87f035c6cfe581ffb290d71707e9bca5b59b,6929,size_in_bytes,lib/ocaml/compiler-libs/transl_array_comprehension.cmti,21857
2026-08-26T20:15:32Z,712f87f035c6cfe581ffb290d71707e9bca5b59b,6929,size_in_bytes,lib/ocaml/compiler-libs/measure_object_files.cmti,31974
2026-08-26T20:15:32Z,712f87f035c6cfe581ffb290d71707e9bca5b59b,6929,size_in_bytes,lib/ocaml/compiler-libs/profile.cmti,38878
2026-08-26T20:15:32Z,712f87f035c6cfe581ffb290d71707e9bca5b59b,6929,size_in_bytes,lib/ocaml/compiler-libs/linkdeps.cmti,28319
2026-08-26T20:15:32Z,712f87f035c6cfe581ffb290d71707e9bca5b59b,6929,size_in_bytes,lib/ocaml/compiler-libs/camlinternalMenhirLib.cmti,500850
2026-08-26T20:15:32Z,712f87f035c6cfe581ffb290d71707e9bca5b59b,6929,size_in_bytes,lib/ocaml/compiler-libs/flambda2_bound_identifiers__Bound_static.cmti,44982
2026-08-26T20:15:32Z,712f87f035c6cfe581ffb290d71707e9bca5b59b,6929,size_in_bytes,lib/ocaml/compiler-libs/switch.cmti,58751
2026-08-26T20:15:32Z,712f87f035c6cfe581ffb290d71707e9bca5b59b,6929,size_in_bytes,lib/ocaml/compiler-libs/value_rec_check.cmti,19454
2026-08-26T20:15:32Z,712f87f035c6cfe581ffb290d71707e9bca5b59b,6929,size_in_bytes,lib/ocaml/compiler-libs/symbol_table.cmti,32953
2026-08-26T20:15:32Z,712f87f035c6cfe581ffb290d71707e9bca5b59b,6929,size_in_bytes,lib/ocaml/compiler-libs/flambda2_identifiers__Symbol.cmti,41237
2026-08-26T20:15:32Z,712f87f035c6cfe581ffb290d71707e9bca5b59b,6929,size_in_bytes,lib/ocaml/compiler-libs/flambda2_terms__Exn_continuation.cmti,176617
2026-08-26T20:15:32Z,712f87f035c6cfe581ffb290d71707e9bca5b59b,6929,size_in_bytes,lib/ocaml/compiler-libs/flambda2_identifiers__Int_ids.cmti,1422149
2026-08-26T20:15:32Z,712f87f035c6cfe581ffb290d71707e9bca5b59b,6929,size_in_bytes,lib/ocaml/compiler-libs/regalloc_ls_utils.cmti,79776
2026-08-26T20:15:32Z,712f87f035c6cfe581ffb290d71707e9bca5b59b,6929,size_in_bytes,lib/ocaml/compiler-libs/is_parameter.cmti,147418
2026-08-26T20:15:32Z,712f87f035c6cfe581ffb290d71707e9bca5b59b,6929,size_in_bytes,lib/ocaml/compiler-libs/flambda2_identifiers__Flambda_debug_uid.cmti,156804
2026-08-26T20:15:32Z,712f87f035c6cfe581ffb290d71707e9bca5b59b,6929,size_in_bytes,lib/ocaml/compiler-libs/btype.cmti,517968
2026-08-26T20:15:32Z,712f87f035c6cfe581ffb290d71707e9bca5b59b,6929,size_in_bytes,lib/ocaml/compiler-libs/flambda2_terms__Inlining_arguments.cmti,40555
2026-08-26T20:15:32Z,712f87f035c6cfe581ffb290d71707e9bca5b59b,6929,size_in_bytes,lib/ocaml/compiler-libs/printinstr.cmti,19751
2026-08-26T20:15:32Z,712f87f035c6cfe581ffb290d71707e9bca5b59b,6929,size_in_bytes,lib/ocaml/compiler-libs/flambda2_terms__Flambda.cmti,389190
2026-08-26T20:15:32Z,712f87f035c6cfe581ffb290d71707e9bca5b59b,6929,size_in_bytes,lib/ocaml/compiler-libs/flambda2_simplify__Continuation_shortcut.cmti,33658
2026-08-26T20:15:32Z,712f87f035c6cfe581ffb290d71707e9bca5b59b,6929,size_in_bytes,lib/ocaml/compiler-libs/translprim.cmti,43497
2026-08-26T20:15:32Z,712f87f035c6cfe581ffb290d71707e9bca5b59b,6929,size_in_bytes,lib/ocaml/compiler-libs/runtimedef.cmti,13259
2026-08-26T20:15:32Z,712f87f035c6cfe581ffb290d71707e9bca5b59b,6929,size_in_bytes,lib/ocaml/compiler-libs/flambda2_terms__Effects_and_coeffects.cmti,35771
2026-08-26T20:15:32Z,712f87f035c6cfe581ffb290d71707e9bca5b59b,6929,size_in_bytes,lib/ocaml/compiler-libs/flambda2_datalog__Value.cmti,20792
2026-08-26T20:15:32Z,712f87f035c6cfe581ffb290d71707e9bca5b59b,6929,size_in_bytes,lib/ocaml/compiler-libs/flambda2_simplify__Simplify_primitive.cmti,38008
2026-08-26T20:15:32Z,712f87f035c6cfe581ffb290d71707e9bca5b59b,6929,size_in_bytes,lib/ocaml/compiler-libs/cmm_peephole_engine.cmti,64466
2026-08-26T20:15:32Z,712f87f035c6cfe581ffb290d71707e9bca5b59b,6929,size_in_bytes,lib/ocaml/compiler-libs/flambda2_to_cmm__To_cmm_set_of_closures.cmti,48456
2026-08-26T20:15:32Z,712f87f035c6cfe581ffb290d71707e9bca5b59b,6929,size_in_bytes,lib/ocaml/compiler-libs/flambda2_identifiers__Code_id_or_name.cmti,37938
2026-08-26T20:15:32Z,712f87f035c6cfe581ffb290d71707e9bca5b59b,6929,size_in_bytes,lib/ocaml/compiler-libs/flambda2_types__Meet_env.cmti,74458
2026-08-26T20:15:32Z,712f87f035c6cfe581ffb290d71707e9bca5b59b,6929,size_in_bytes,lib/ocaml/compiler-libs/printast.cmti,26869
2026-08-26T20:15:32Z,712f87f035c6cfe581ffb290d71707e9bca5b59b,6929,size_in_bytes,lib/ocaml/compiler-libs/stypes.cmti,24453
2026-08-26T20:15:32Z,712f87f035c6cfe581ffb290d71707e9bca5b59b,6929,size_in_bytes,lib/ocaml/compiler-libs/typemod.cmti,87772
2026-08-26T20:15:32Z,712f87f035c6cfe581ffb290d71707e9bca5b59b,6929,size_in_bytes,lib/ocaml/compiler-libs/flambda2_simplify__Closure_info.cmti,35480
2026-08-26T20:15:32Z,712f87f035c6cfe581ffb290d71707e9bca5b59b,6929,size_in_bytes,lib/ocaml/compiler-libs/flambda2_from_lambda__Lambda_to_flambda.cmti,37101
2026-08-26T20:15:32Z,712f87f035c6cfe581ffb290d71707e9bca5b59b,6929,size_in_bytes,lib/ocaml/compiler-libs/complex_shape.cmti,38983
2026-08-26T20:15:32Z,712f87f035c6cfe581ffb290d71707e9bca5b59b,6929,size_in_bytes,lib/ocaml/compiler-libs/flambda2_to_jsir__To_jsir_static_const.cmti,44621
2026-08-26T20:15:32Z,712f87f035c6cfe581ffb290d71707e9bca5b59b,6929,size_in_bytes,lib/ocaml/compiler-libs/terminfo.cmti,17552
2026-08-26T20:15:32Z,712f87f035c6cfe581ffb290d71707e9bca5b59b,6929,size_in_bytes,lib/ocaml/compiler-libs/numbers.cmti,380065
2026-08-26T20:15:32Z,712f87f035c6cfe581ffb290d71707e9bca5b59b,6929,size_in_bytes,lib/ocaml/compiler-libs/flambda2_simplify__Comparison_result.cmti,31955
2026-08-26T20:15:32Z,712f87f035c6cfe581ffb290d71707e9bca5b59b,6929,size_in_bytes,lib/ocaml/compiler-libs/flambda2_terms__Apply_expr.cmti,214621
2026-08-26T20:15:32Z,712f87f035c6cfe581ffb290d71707e9bca5b59b,6929,size_in_bytes,lib/ocaml/compiler-libs/flambda2_cmx__Flambda_cmx_format.cmti,43352
2026-08-26T20:15:32Z,712f87f035c6cfe581ffb290d71707e9bca5b59b,6929,size_in_bytes,lib/ocaml/compiler-libs/topdirs.cmti,26123
2026-08-26T20:15:32Z,712f87f035c6cfe581ffb290d71707e9bca5b59b,6929,size_in_bytes,lib/ocaml/compiler-libs/signature_with_global_bindings.cmti,25969
2026-08-26T20:15:32Z,712f87f035c6cfe581ffb290d71707e9bca5b59b,6929,size_in_bytes,lib/ocaml/compiler-libs/flambda2_from_lambda__Closure_conversion.cmti,72780
2026-08-26T20:15:32Z,712f87f035c6cfe581ffb290d71707e9bca5b59b,6929,size_in_bytes,lib/ocaml/compiler-libs/data_types.cmti,47891
2026-08-26T20:15:32Z,712f87f035c6cfe581ffb290d71707e9bca5b59b,6929,size_in_bytes,lib/ocaml/compiler-libs/flambda2_terms__Regalloc_attribute.cmti,31364
2026-08-26T20:15:32Z,712f87f035c6cfe581ffb290d71707e9bca5b59b,6929,size_in_bytes,lib/ocaml/compiler-libs/flambda2_kinds__Flambda_kind.cmti,876834
2026-08-26T20:15:32Z,712f87f035c6cfe581ffb290d71707e9bca5b59b,6929,size_in_bytes,lib/ocaml/compiler-libs/lazy_backtrack.cmti,23747
2026-08-26T20:15:32Z,712f87f035c6cfe581ffb290d71707e9bca5b59b,6929,size_in_bytes,lib/ocaml/compiler-libs/flambda2_to_jsir__To_jsir_shared.cmti,54335
2026-08-26T20:15:32Z,712f87f035c6cfe581ffb290d71707e9bca5b59b,6929,size_in_bytes,lib/ocaml/compiler-libs/flambda2_term_basics__Symbol_projection.cmti,40465
2026-08-26T20:15:32Z,712f87f035c6cfe581ffb290d71707e9bca5b59b,6929,size_in_bytes,lib/ocaml/compiler-libs/flambda2_simplify__Simplify_let_cont_expr.cmti,39823
2026-08-26T20:15:32Z,712f87f035c6cfe581ffb290d71707e9bca5b59b,6929,size_in_bytes,lib/ocaml/compiler-libs/byteinstantiator.cmti,14359
2026-08-26T20:15:32Z,712f87f035c6cfe581ffb290d71707e9bca5b59b,6929,size_in_bytes,lib/ocaml/compiler-libs/peephole_utils.cmti,49509
2026-08-26T20:15:32Z,712f87f035c6cfe581ffb290d71707e9bca5b59b,6929,size_in_bytes,lib/ocaml/compiler-libs/path.cmti,123416
2026-08-26T20:15:32Z,712f87f035c6cfe581ffb290d71707e9bca5b59b,6929,size_in_bytes,lib/ocaml/compiler-libs/cfg_colours.cmti,23680
2026-08-26T20:15:32Z,712f87f035c6cfe581ffb290d71707e9bca5b59b,6929,size_in_bytes,lib/ocaml/compiler-libs/arm64_binary_emitter__Encode_directive.cmti,26057
2026-08-26T20:15:32Z,712f87f035c6cfe581ffb290d71707e9bca5b59b,6929,size_in_bytes,lib/ocaml/compiler-libs/type_shape.cmti,48392
2026-08-26T20:15:32Z,712f87f035c6cfe581ffb290d71707e9bca5b59b,6929,size_in_bytes,lib/ocaml/compiler-libs/format_doc.cmti,140679
2026-08-26T20:15:32Z,712f87f035c6cfe581ffb290d71707e9bca5b59b,6929,size_in_bytes,lib/ocaml/compiler-libs/ast_invariants.cmti,18752
2026-08-26T20:15:32Z,712f87f035c6cfe581ffb290d71707e9bca5b59b,6929,size_in_bytes,lib/ocaml/compiler-libs/cfg_dataflow.cmti,78703
2026-08-26T20:15:32Z,712f87f035c6cfe581ffb290d71707e9bca5b59b,6929,size_in_bytes,lib/ocaml/compiler-libs/flambda2_identifiers__Continuation_callsite_map.cmti,24605
2026-08-26T20:15:32Z,712f87f035c6cfe581ffb290d71707e9bca5b59b,6929,size_in_bytes,lib/ocaml/compiler-libs/afl_instrument.cmti,34534
2026-08-26T20:15:32Z,712f87f035c6cfe581ffb290d71707e9bca5b59b,6929,size_in_bytes,lib/ocaml/compiler-libs/flambda2_types__Typing_env_extension.cmti,66707
2026-08-26T20:15:32Z,712f87f035c6cfe581ffb290d71707e9bca5b59b,6929,size_in_bytes,lib/ocaml/compiler-libs/flambda2_bound_identifiers__Alloc_mode.cmti,70389
2026-08-26T20:15:32Z,712f87f035c6cfe581ffb290d71707e9bca5b59b,6929,size_in_bytes,lib/ocaml/compiler-libs/flambda2_algorithms__Table_by_int_id.cmti,28699
2026-08-26T20:15:32Z,712f87f035c6cfe581ffb290d71707e9bca5b59b,6929,size_in_bytes,lib/ocaml/compiler-libs/flambda2_terms__Result_types.cmti,36372
2026-08-26T20:15:32Z,712f87f035c6cfe581ffb290d71707e9bca5b59b,6929,size_in_bytes,lib/ocaml/compiler-libs/flambda2_bound_identifiers__Bound_name.cmti,30061
2026-08-26T20:15:32Z,712f87f035c6cfe581ffb290d71707e9bca5b59b,6929,size_in_bytes,lib/ocaml/compiler-libs/flambda2_simplify__Continuation_uses_env.cmti,50235
2026-08-26T20:15:32Z,712f87f035c6cfe581ffb290d71707e9bca5b59b,6929,size_in_bytes,lib/ocaml/compiler-libs/select_utils.cmti,148988
2026-08-26T20:15:32Z,712f87f035c6cfe581ffb290d71707e9bca5b59b,6929,size_in_bytes,lib/ocaml/compiler-libs/cmmgen_state.cmti,53627
2026-08-26T20:15:32Z,712f87f035c6cfe581ffb290d71707e9bca5b59b,6929,size_in_bytes,lib/ocaml/compiler-libs/cfg_loop_infos.cmti,49333
2026-08-26T20:15:32Z,712f87f035c6cfe581ffb290d71707e9bca5b59b,6929,size_in_bytes,lib/ocaml/compiler-libs/flambda2_simplify__Named_rewrite.cmti,36638
2026-08-26T20:15:32Z,712f87f035c6cfe581ffb290d71707e9bca5b59b,6929,size_in_bytes,lib/ocaml/compiler-libs/flambda2_types__Equal_types_for_debug.cmti,41189
2026-08-26T20:15:32Z,712f87f035c6cfe581ffb290d71707e9bca5b59b,6929,size_in_bytes,lib/ocaml/compiler-libs/global_module.cmti,419703
2026-08-26T20:15:32Z,712f87f035c6cfe581ffb290d71707e9bca5b59b,6929,size_in_bytes,lib/ocaml/compiler-libs/flambda2_bound_identifiers__Bound_continuation.cmti,29629
2026-08-26T20:15:32Z,712f87f035c6cfe581ffb290d71707e9bca5b59b,6929,size_in_bytes,lib/ocaml/compiler-libs/flambda2_simplify__One_continuation_use.cmti,41587
2026-08-26T20:15:32Z,712f87f035c6cfe581ffb290d71707e9bca5b59b,6929,size_in_bytes,lib/ocaml/compiler-libs/bytegen.cmti,21126
2026-08-26T20:15:32Z,712f87f035c6cfe581ffb290d71707e9bca5b59b,6929,size_in_bytes,lib/ocaml/compiler-libs/flambda2_terms__Code.cmti,65118
2026-08-26T20:15:32Z,712f87f035c6cfe581ffb290d71707e9bca5b59b,6929,size_in_bytes,lib/ocaml/compiler-libs/flambda2_types__Join_levels.cmti,31973
2026-08-26T20:15:32Z,712f87f035c6cfe581ffb290d71707e9bca5b59b,6929,size_in_bytes,lib/ocaml/compiler-libs/reg.cmti,251578
2026-08-26T20:15:32Z,712f87f035c6cfe581ffb290d71707e9bca5b59b,6929,size_in_bytes,lib/ocaml/compiler-libs/opttopdirs.cmti,26886
2026-08-26T20:15:32Z,712f87f035c6cfe581ffb290d71707e9bca5b59b,6929,size_in_bytes,lib/ocaml/compiler-libs/cfg_polling.cmti,36275
2026-08-26T20:15:32Z,712f87f035c6cfe581ffb290d71707e9bca5b59b,6929,size_in_bytes,lib/ocaml/compiler-libs/llvmize.cmti,41465
2026-08-26T20:15:32Z,712f87f035c6cfe581ffb290d71707e9bca5b59b,6929,size_in_bytes,lib/ocaml/compiler-libs/tast_mapper.cmti,69845
2026-08-26T20:15:32Z,712f87f035c6cfe581ffb290d71707e9bca5b59b,6929,size_in_bytes,lib/ocaml/compiler-libs/operation.cmti,87168
2026-08-26T20:15:32Z,712f87f035c6cfe581ffb290d71707e9bca5b59b,6929,size_in_bytes,lib/ocaml/compiler-libs/flambda2_to_jsir__To_jsir_result.cmti,45542
2026-08-26T20:15:32Z,712f87f035c6cfe581ffb290d71707e9bca5b59b,6929,size_in_bytes,lib/ocaml/compiler-libs/oprint.cmti,27550
2026-08-26T20:15:32Z,712f87f035c6cfe581ffb290d71707e9bca5b59b,6929,size_in_bytes,lib/ocaml/compiler-libs/typecore.cmti,187766
2026-08-26T20:15:32Z,712f87f035c6cfe581ffb290d71707e9bca5b59b,6929,size_in_bytes,lib/ocaml/compiler-libs/depend.cmti,27677
2026-08-26T20:15:32Z,712f87f035c6cfe581ffb290d71707e9bca5b59b,6929,size_in_bytes,lib/ocaml/compiler-libs/flambda2_term_basics__Simple.cmti,473681
2026-08-26T20:15:32Z,712f87f035c6cfe581ffb290d71707e9bca5b59b,6929,size_in_bytes,lib/ocaml/compiler-libs/flambda2_terms__Validity.cmti,35915
2026-08-26T20:15:32Z,712f87f035c6cfe581ffb290d71707e9bca5b59b,6929,size_in_bytes,lib/ocaml/compiler-libs/flambda2_simplify__Data_flow_graph.cmti,40875
2026-08-26T20:15:32Z,712f87f035c6cfe581ffb290d71707e9bca5b59b,6929,size_in_bytes,lib/ocaml/compiler-libs/x86_binary_emitter.cmti,98055
2026-08-26T20:15:32Z,712f87f035c6cfe581ffb290d71707e9bca5b59b,6929,size_in_bytes,lib/ocaml/compiler-libs/flambda2_datalog__Trie.cmti,52148
2026-08-26T20:15:32Z,712f87f035c6cfe581ffb290d71707e9bca5b59b,6929,size_in_bytes,lib/ocaml/compiler-libs/regalloc_interf_graph.cmti,86313
2026-08-26T20:15:32Z,712f87f035c6cfe581ffb290d71707e9bca5b59b,6929,size_in_bytes,lib/ocaml/compiler-libs/bytelink.cmti,60233
2026-08-26T20:15:32Z,712f87f035c6cfe581ffb290d71707e9bca5b59b,6929,size_in_bytes,lib/ocaml/compiler-libs/mode.cmti,763683
2026-08-26T20:15:32Z,712f87f035c6cfe581ffb290d71707e9bca5b59b,6929,size_in_bytes,lib/ocaml/compiler-libs/flambda2_terms__Cost_metrics.cmti,43856
2026-08-26T20:15:32Z,712f87f035c6cfe581ffb290d71707e9bca5b59b,6929,size_in_bytes,lib/ocaml/compiler-libs/flambda2_simplify__Simplify_set_of_closures.cmti,48243
2026-08-26T20:15:32Z,712f87f035c6cfe581ffb290d71707e9bca5b59b,6929,size_in_bytes,lib/ocaml/compiler-libs/domainstate.cmti,26337
2026-08-26T20:15:32Z,712f87f035c6cfe581ffb290d71707e9bca5b59b,6929,size_in_bytes,lib/ocaml/compiler-libs/arm64_binary_emitter__Load_store_helpers.cmti,57801
2026-08-26T20:15:32Z,712f87f035c6cfe581ffb290d71707e9bca5b59b,6929,size_in_bytes,lib/ocaml/compiler-libs/x86_ast.cmti,71127
2026-08-26T20:15:32Z,712f87f035c6cfe581ffb290d71707e9bca5b59b,6929,size_in_bytes,lib/ocaml/compiler-libs/flambda2_bound_identifiers__Bound_for_function.cmti,40308
2026-08-26T20:15:32Z,712f87f035c6cfe581ffb290d71707e9bca5b59b,6929,size_in_bytes,lib/ocaml/compiler-libs/flambda2_parser__Flambda_parser_messages.cmti,14521
2026-08-26T20:15:32Z,712f87f035c6cfe581ffb290d71707e9bca5b59b,6929,size_in_bytes,lib/ocaml/compiler-libs/flambda2_term_basics__Continuation_use_kind.cmti,15584
2026-08-26T20:15:32Z,712f87f035c6cfe581ffb290d71707e9bca5b59b,6929,size_in_bytes,lib/ocaml/compiler-libs/arg_helper.cmti,74694
2026-08-26T20:15:32Z,712f87f035c6cfe581ffb290d71707e9bca5b59b,6929,size_in_bytes,lib/ocaml/compiler-libs/file_sections.cmti,24134
2026-08-26T20:15:32Z,712f87f035c6cfe581ffb290d71707e9bca5b59b,6929,size_in_bytes,lib/ocaml/compiler-libs/toploop.cmti,103186
2026-08-26T20:15:32Z,712f87f035c6cfe581ffb290d71707e9bca5b59b,6929,size_in_bytes,lib/ocaml/compiler-libs/flambda2_simplify__Simplify_common.cmti,77331
2026-08-26T20:15:32Z,712f87f035c6cfe581ffb290d71707e9bca5b59b,6929,size_in_bytes,lib/ocaml/compiler-libs/flambda2_simplify__One_recursive_handler.cmti,37408
2026-08-26T20:15:32Z,712f87f035c6cfe581ffb290d71707e9bca5b59b,6929,size_in_bytes,lib/ocaml/compiler-libs/generic_fns.cmti,79822
2026-08-26T20:15:32Z,712f87f035c6cfe581ffb290d71707e9bca5b59b,6929,size_in_bytes,lib/ocaml/compiler-libs/flambda2_types__Join_env.cmti,60918
2026-08-26T20:15:32Z,712f87f035c6cfe581ffb290d71707e9bca5b59b,6929,size_in_bytes,lib/ocaml/compiler-libs/docstrings.cmti,78659
2026-08-26T20:15:32Z,712f87f035c6cfe581ffb290d71707e9bca5b59b,6929,size_in_bytes,lib/ocaml/compiler-libs/identifiable.cmti,351114
2026-08-26T20:15:32Z,712f87f035c6cfe581ffb290d71707e9bca5b59b,6929,size_in_bytes,lib/ocaml/compiler-libs/cfg.cmti,169018
2026-08-26T20:15:32Z,712f87f035c6cfe581ffb290d71707e9bca5b59b,6929,size_in_bytes,lib/ocaml/compiler-libs/flambda2_term_basics__Inlined_debuginfo.cmti,40343
2026-08-26T20:15:32Z,712f87f035c6cfe581ffb290d71707e9bca5b59b,6929,size_in_bytes,lib/ocaml/compiler-libs/flambda2_simplify__Non_recursive_handler.cmti,42773
2026-08-26T20:15:32Z,712f87f035c6cfe581ffb290d71707e9bca5b59b,6929,size_in_bytes,lib/ocaml/compiler-libs/meta.cmti,24795
2026-08-26T20:15:32Z,712f87f035c6cfe581ffb290d71707e9bca5b59b,6929,size_in_bytes,lib/ocaml/compiler-libs/printcmm.cmti,53139
2026-08-26T20:15:32Z,712f87f035c6cfe581ffb290d71707e9bca5b59b,6929,size_in_bytes,lib/ocaml/compiler-libs/linear_format.cmti,42983
2026-08-26T20:15:32Z,712f87f035c6cfe581ffb290d71707e9bca5b59b,6929,size_in_bytes,lib/ocaml/compiler-libs/envaux.cmti,23501
2026-08-26T20:15:32Z,712f87f035c6cfe581ffb290d71707e9bca5b59b,6929,size_in_bytes,lib/ocaml/compiler-libs/printast_with_mappings.cmti,23515
2026-08-26T20:15:32Z,712f87f035c6cfe581ffb290d71707e9bca5b59b,6929,size_in_bytes,lib/ocaml/compiler-libs/flambda2_simplify_shared__Slot_offsets.cmti,58653
2026-08-26T20:15:32Z,712f87f035c6cfe581ffb290d71707e9bca5b59b,6929,size_in_bytes,lib/ocaml/compiler-libs/flambda2_types__Reify.cmti,51196
2026-08-26T20:15:32Z,712f87f035c6cfe581ffb290d71707e9bca5b59b,6929,size_in_bytes,lib/ocaml/compiler-libs/flambda2_numbers__Targetint_32_64.cmti,328871
2026-08-26T20:15:32Z,712f87f035c6cfe581ffb290d71707e9bca5b59b,6929,size_in_bytes,lib/ocaml/compiler-libs/translmode.cmti,27639
2026-08-26T20:15:32Z,712f87f035c6cfe581ffb290d71707e9bca5b59b,6929,size_in_bytes,lib/ocaml/compiler-libs/section_table.cmti,27057
2026-08-26T20:15:32Z,712f87f035c6cfe581ffb290d71707e9bca5b59b,6929,size_in_bytes,lib/ocaml/compiler-libs/flambda2_algorithms__Or_null.cmti,23150
2026-08-26T20:15:32Z,712f87f035c6cfe581ffb290d71707e9bca5b59b,6929,size_in_bytes,lib/ocaml/compiler-libs/stack_reg_offset.cmti,16556
2026-08-26T20:15:32Z,712f87f035c6cfe581ffb290d71707e9bca5b59b,6929,size_in_bytes,lib/ocaml/compiler-libs/flambda2_simplify_shared__Inlining_report.cmti,114235
2026-08-26T20:15:32Z,712f87f035c6cfe581ffb290d71707e9bca5b59b,6929,size_in_bytes,lib/ocaml/compiler-libs/matching.cmti,45886
2026-08-26T20:15:32Z,712f87f035c6cfe581ffb290d71707e9bca5b59b,6929,size_in_bytes,lib/ocaml/compiler-libs/flambda2_nominal__Name_mode.cmti,289912
2026-08-26T20:15:32Z,712f87f035c6cfe581ffb290d71707e9bca5b59b,6929,size_in_bytes,lib/ocaml/compiler-libs/flambda2_term_basics__Empty_array_kind.cmti,26673
2026-08-26T20:15:32Z,712f87f035c6cfe581ffb290d71707e9bca5b59b,6929,size_in_bytes,lib/ocaml/compiler-libs/x86_proc.cmti,56425
2026-08-26T20:15:32Z,712f87f035c6cfe581ffb290d71707e9bca5b59b,6929,size_in_bytes,lib/ocaml/compiler-libs/out_type.cmti,115010
2026-08-26T20:15:32Z,712f87f035c6cfe581ffb290d71707e9bca5b59b,6929,size_in_bytes,lib/ocaml/compiler-libs/printlambda.cmti,40289
2026-08-26T20:15:32Z,712f87f035c6cfe581ffb290d71707e9bca5b59b,6929,size_in_bytes,lib/ocaml/compiler-libs/flambda2_identifiers__Value_slot.cmti,172755
2026-08-26T20:15:32Z,712f87f035c6cfe581ffb290d71707e9bca5b59b,6929,size_in_bytes,lib/ocaml/compiler-libs/flambda2_algorithms__Patricia_tree.cmti,193993
2026-08-26T20:15:32Z,712f87f035c6cfe581ffb290d71707e9bca5b59b,6929,size_in_bytes,lib/ocaml/compiler-libs/debug_event.cmti,38861
2026-08-26T20:15:32Z,712f87f035c6cfe581ffb290d71707e9bca5b59b,6929,size_in_bytes,lib/ocaml/compiler-libs/flambda2_to_cmm__To_cmm_primitive.cmti,39424
2026-08-26T20:15:32Z,712f87f035c6cfe581ffb290d71707e9bca5b59b,6929,size_in_bytes,lib/ocaml/compiler-libs/flambda2_simplify__Continuation_extra_params_and_args.cmti,52778
2026-08-26T20:15:32Z,712f87f035c6cfe581ffb290d71707e9bca5b59b,6929,size_in_bytes,lib/ocaml/compiler-libs/flambda2_terms__Code_size.cmti,45503
2026-08-26T20:15:32Z,712f87f035c6cfe581ffb290d71707e9bca5b59b,6929,size_in_bytes,lib/ocaml/compiler-libs/parse.cmti,33068
2026-08-26T20:15:32Z,712f87f035c6cfe581ffb290d71707e9bca5b59b,6929,size_in_bytes,lib/ocaml/compiler-libs/flambda2_simplify__Mutable_unboxing.cmti,41666
2026-08-26T20:15:32Z,712f87f035c6cfe581ffb290d71707e9bca5b59b,6929,size_in_bytes,lib/ocaml/compiler-libs/flambda2_cmx__Flambda_cmx.cmti,45959
2026-08-26T20:15:32Z,712f87f035c6cfe581ffb290d71707e9bca5b59b,6929,size_in_bytes,lib/ocaml/compiler-libs/consistbl.cmti,132577
2026-08-26T20:15:32Z,712f87f035c6cfe581ffb290d71707e9bca5b59b,6929,size_in_bytes,lib/ocaml/compiler-libs/asm_targets__Asm_label.cmti,161075
2026-08-26T20:15:32Z,712f87f035c6cfe581ffb290d71707e9bca5b59b,6929,size_in_bytes,lib/ocaml/compiler-libs/branch_relaxation_intf.cmti,45834
2026-08-26T20:15:32Z,712f87f035c6cfe581ffb290d71707e9bca5b59b,6929,size_in_bytes,lib/ocaml/compiler-libs/topmain.cmti,12952
2026-08-26T20:15:32Z,712f87f035c6cfe581ffb290d71707e9bca5b59b,6929,size_in_bytes,lib/ocaml/compiler-libs/vectorize.cmti,33806
2026-08-26T20:15:32Z,712f87f035c6cfe581ffb290d71707e9bca5b59b,6929,size_in_bytes,lib/ocaml/compiler-libs/dwarf_reg_locations.cmti,34870
2026-08-26T20:15:32Z,712f87f035c6cfe581ffb290d71707e9bca5b59b,6929,size_in_bytes,lib/ocaml/compiler-libs/flambda2_identifiers__Coercion0.cmti,34049
2026-08-26T20:15:32Z,712f87f035c6cfe581ffb290d71707e9bca5b59b,6929,size_in_bytes,lib/ocaml/compiler-libs/jkind.cmti,493336
2026-08-26T20:15:32Z,712f87f035c6cfe581ffb290d71707e9bca5b59b,6929,size_in_bytes,lib/ocaml/compiler-libs/flambda2_classic_mode_types__Value_approximation.cmti,33640
2026-08-26T20:15:32Z,712f87f035c6cfe581ffb290d71707e9bca5b59b,6929,size_in_bytes,lib/ocaml/compiler-libs/cmi_format.cmti,38120
2026-08-26T20:15:32Z,712f87f035c6cfe581ffb290d71707e9bca5b59b,6929,size_in_bytes,lib/ocaml/compiler-libs/language_extension.cmti,71379
2026-08-26T20:15:32Z,712f87f035c6cfe581ffb290d71707e9bca5b59b,6929,size_in_bytes,lib/ocaml/compiler-libs/clflags.cmti,220387
2026-08-26T20:15:32Z,712f87f035c6cfe581ffb290d71707e9bca5b59b,6929,size_in_bytes,lib/ocaml/compiler-libs/primitive.cmti,68532
2026-08-26T20:15:32Z,712f87f035c6cfe581ffb290d71707e9bca5b59b,6929,size_in_bytes,lib/ocaml/compiler-libs/flambda2_term_basics__Scope.cmti,160854
2026-08-26T20:15:32Z,712f87f035c6cfe581ffb290d71707e9bca5b59b,6929,size_in_bytes,lib/ocaml/compiler-libs/extract_relocations.cmti,32717
2026-08-26T20:15:32Z,712f87f035c6cfe581ffb290d71707e9bca5b59b,6929,size_in_bytes,lib/ocaml/compiler-libs/doubly_linked_list.cmti,80263
2026-08-26T20:15:32Z,712f87f035c6cfe581ffb290d71707e9bca5b59b,6929,size_in_bytes,lib/ocaml/compiler-libs/dwarf_flags.cmti,40175
2026-08-26T20:15:32Z,712f87f035c6cfe581ffb290d71707e9bca5b59b,6929,size_in_bytes,lib/ocaml/compiler-libs/translcore.cmti,41064
2026-08-26T20:15:32Z,712f87f035c6cfe581ffb290d71707e9bca5b59b,6929,size_in_bytes,lib/ocaml/compiler-libs/flambda2.cmti,47732
2026-08-26T20:15:32Z,712f87f035c6cfe581ffb290d71707e9bca5b59b,6929,size_in_bytes,lib/ocaml/compiler-libs/flambda2_reaper__Analysis.cmti,49064
2026-08-26T20:15:32Z,712f87f035c6cfe581ffb290d71707e9bca5b59b,6929,size_in_bytes,lib/ocaml/compiler-libs/regalloc_validate.cmti,39355
2026-08-26T20:15:32Z,712f87f035c6cfe581ffb290d71707e9bca5b59b,6929,size_in_bytes,lib/ocaml/compiler-libs/flambda2_simplify__Simplify_named.cmti,39791
2026-08-26T20:15:32Z,712f87f035c6cfe581ffb290d71707e9bca5b59b,6929,size_in_bytes,lib/ocaml/compiler-libs/flambda2_simplify__Simplify_extcall.cmti,40674
2026-08-26T20:15:32Z,712f87f035c6cfe581ffb290d71707e9bca5b59b,6929,size_in_bytes,lib/ocaml/compiler-libs/flambda2_simplify__Continuation_uses.cmti,51785
2026-08-26T20:15:32Z,712f87f035c6cfe581ffb290d71707e9bca5b59b,6929,size_in_bytes,lib/ocaml/compiler-libs/flambda2_types__With_cached_free_names.cmti,43002
2026-08-26T20:15:32Z,712f87f035c6cfe581ffb290d71707e9bca5b59b,6929,size_in_bytes,lib/ocaml/compiler-libs/flambda2_simplify__Flow_analysis.cmti,44164
2026-08-26T20:15:32Z,712f87f035c6cfe581ffb290d71707e9bca5b59b,6929,size_in_bytes,lib/ocaml/compiler-libs/attr_helper.cmti,20197
2026-08-26T20:15:32Z,712f87f035c6cfe581ffb290d71707e9bca5b59b,6929,size_in_bytes,lib/ocaml/compiler-libs/emitaux.cmti,93333
2026-08-26T20:15:32Z,712f87f035c6cfe581ffb290d71707e9bca5b59b,6929,size_in_bytes,lib/ocaml/compiler-libs/flambda2_term_basics__Coercion.cmti,41190
2026-08-26T20:15:32Z,712f87f035c6cfe581ffb290d71707e9bca5b59b,6929,size_in_bytes,lib/ocaml/compiler-libs/slambda.cmti,22040
2026-08-26T20:15:32Z,712f87f035c6cfe581ffb290d71707e9bca5b59b,6929,size_in_bytes,lib/ocaml/compiler-libs/arm64_binary_emitter__Logical_helpers.cmti,24113
2026-08-26T20:15:32Z,712f87f035c6cfe581ffb290d71707e9bca5b59b,6929,size_in_bytes,lib/ocaml/compiler-libs/diffing_with_keys.cmti,43925
2026-08-26T20:15:32Z,712f87f035c6cfe581ffb290d71707e9bca5b59b,6929,size_in_bytes,lib/ocaml/compiler-libs/x86_masm.cmti,17267
2026-08-26T20:15:32Z,712f87f035c6cfe581ffb290d71707e9bca5b59b,6929,size_in_bytes,lib/ocaml/compiler-libs/flambda2_simplify__Is_unboxing_beneficial.cmti,32839
2026-08-26T20:15:32Z,712f87f035c6cfe581ffb290d71707e9bca5b59b,6929,size_in_bytes,lib/ocaml/compiler-libs/regs_utils.cmti,196188
2026-08-26T20:15:32Z,712f87f035c6cfe581ffb290d71707e9bca5b59b,6929,size_in_bytes,lib/ocaml/compiler-libs/sub_cfg.cmti,65386
2026-08-26T20:15:32Z,712f87f035c6cfe581ffb290d71707e9bca5b59b,6929,size_in_bytes,lib/ocaml/compiler-libs/ldd.cmti,33157
2026-08-26T20:15:32Z,712f87f035c6cfe581ffb290d71707e9bca5b59b,6929,size_in_bytes,lib/ocaml/compiler-libs/compenv.cmti,50687
2026-08-26T20:15:32Z,712f87f035c6cfe581ffb290d71707e9bca5b59b,6929,size_in_bytes,lib/ocaml/compiler-libs/flambda2_types__Cached_level.cmti,43398
2026-08-26T20:15:32Z,712f87f035c6cfe581ffb290d71707e9bca5b59b,6929,size_in_bytes,lib/ocaml/compiler-libs/blambda_of_lambda.cmti,19032
2026-08-26T20:15:32Z,712f87f035c6cfe581ffb290d71707e9bca5b59b,6929,size_in_bytes,lib/ocaml/compiler-libs/parsetree.cmti,385337
2026-08-26T20:15:32Z,712f87f035c6cfe581ffb290d71707e9bca5b59b,6929,size_in_bytes,lib/ocaml/compiler-libs/arm64_binary_emitter__Nop_helpers.cmti,14214
2026-08-26T20:15:32Z,712f87f035c6cfe581ffb290d71707e9bca5b59b,6929,size_in_bytes,lib/ocaml/compiler-libs/genprintval.cmti,52248
2026-08-26T20:15:32Z,712f87f035c6cfe581ffb290d71707e9bca5b59b,6929,size_in_bytes,lib/ocaml/compiler-libs/import_info.cmti,49355
2026-08-26T20:15:32Z,712f87f035c6cfe581ffb290d71707e9bca5b59b,6929,size_in_bytes,lib/ocaml/compiler-libs/flambda2_simplify__Simplify_ternary_primitive.cmti,40909
2026-08-26T20:15:32Z,712f87f035c6cfe581ffb290d71707e9bca5b59b,6929,size_in_bytes,lib/ocaml/compiler-libs/typedecl_variance.cmti,43741
2026-08-26T20:15:32Z,712f87f035c6cfe581ffb290d71707e9bca5b59b,6929,size_in_bytes,lib/ocaml/compiler-libs/backend_var.cmti,93399
2026-08-26T20:15:32Z,712f87f035c6cfe581ffb290d71707e9bca5b59b,6929,size_in_bytes,lib/ocaml/compiler-libs/flambda2_simplify__Number_adjuncts.cmti,765240
2026-08-26T20:15:32Z,712f87f035c6cfe581ffb290d71707e9bca5b59b,6929,size_in_bytes,lib/ocaml/compiler-libs/regalloc_ls.cmti,34563
2026-08-26T20:15:32Z,712f87f035c6cfe581ffb290d71707e9bca5b59b,6929,size_in_bytes,lib/ocaml/compiler-libs/flambda2_simplify__Downwards_env.cmti,153156
2026-08-26T20:15:32Z,712f87f035c6cfe581ffb290d71707e9bca5b59b,6929,size_in_bytes,lib/ocaml/compiler-libs/flambda2_terms__Removed_operations.cmti,37472
2026-08-26T20:15:32Z,712f87f035c6cfe581ffb290d71707e9bca5b59b,6929,size_in_bytes,lib/ocaml/compiler-libs/flambda2_simplify__Lifted_cont_params.cmti,44850
2026-08-26T20:15:32Z,712f87f035c6cfe581ffb290d71707e9bca5b59b,6929,size_in_bytes,lib/ocaml/compiler-libs/local_store.cmti,21950
2026-08-26T20:15:32Z,712f87f035c6cfe581ffb290d71707e9bca5b59b,6929,size_in_bytes,lib/ocaml/compiler-libs/unit_info.cmti,71926
2026-08-26T20:15:32Z,712f87f035c6cfe581ffb290d71707e9bca5b59b,6929,size_in_bytes,lib/ocaml/compiler-libs/dwarf_name_laundry.cmti,23062
2026-08-26T20:15:32Z,712f87f035c6cfe581ffb290d71707e9bca5b59b,6929,size_in_bytes,lib/ocaml/compiler-libs/pprintast.cmti,52852
2026-08-26T20:15:32Z,712f87f035c6cfe581ffb290d71707e9bca5b59b,6929,size_in_bytes,lib/ocaml/compiler-libs/flambda2_terms__Function_declarations.cmti,43372
2026-08-26T20:15:32Z,712f87f035c6cfe581ffb290d71707e9bca5b59b,6929,size_in_bytes,lib/ocaml/compiler-libs/flambda2_term_basics__Value_slot_set.cmti,161017
2026-08-26T20:15:32Z,712f87f035c6cfe581ffb290d71707e9bca5b59b,6929,size_in_bytes,lib/ocaml/compiler-libs/regalloc_affinity.cmti,43781
2026-08-26T20:15:32Z,712f87f035c6cfe581ffb290d71707e9bca5b59b,6929,size_in_bytes,lib/ocaml/compiler-libs/flambda2_terms__First_complex_local_param.cmti,30875
2026-08-26T20:15:32Z,712f87f035c6cfe581ffb290d71707e9bca5b59b,6929,size_in_bytes,lib/ocaml/compiler-libs/arm64_binary_emitter__Data_proc_helpers.cmti,25256
2026-08-26T20:15:32Z,712f87f035c6cfe581ffb290d71707e9bca5b59b,6929,size_in_bytes,lib/ocaml/compiler-libs/flambda2_lattices__Or_unknown.cmti,190273
2026-08-26T20:15:32Z,712f87f035c6cfe581ffb290d71707e9bca5b59b,6929,size_in_bytes,lib/ocaml/compiler-libs/flambda2_simplify__Original_handlers.cmti,42464
2026-08-26T20:15:32Z,712f87f035c6cfe581ffb290d71707e9bca5b59b,6929,size_in_bytes,lib/ocaml/compiler-libs/opt_fuel.cmti,14860
2026-08-26T20:15:32Z,712f87f035c6cfe581ffb290d71707e9bca5b59b,6929,size_in_bytes,lib/ocaml/compiler-libs/arm64_binary_emitter__Shift_immh_immb_helpers.cmti,19582
2026-08-26T20:15:32Z,712f87f035c6cfe581ffb290d71707e9bca5b59b,6929,size_in_bytes,lib/ocaml/compiler-libs/flambda2_datalog__Column.cmti,180285
2026-08-26T20:15:32Z,712f87f035c6cfe581ffb290d71707e9bca5b59b,6929,size_in_bytes,lib/ocaml/compiler-libs/binary_emitter_verify.cmti,32758
2026-08-26T20:15:32Z,712f87f035c6cfe581ffb290d71707e9bca5b59b,6929,size_in_bytes,lib/ocaml/compiler-libs/flambda2_nominal__Renaming.cmti,49889
2026-08-26T20:15:32Z,712f87f035c6cfe581ffb290d71707e9bca5b59b,6929,size_in_bytes,lib/ocaml/compiler-libs/flambda2_term_basics__Unit.cmti,164266
2026-08-26T20:15:32Z,712f87f035c6cfe581ffb290d71707e9bca5b59b,6929,size_in_bytes,lib/ocaml/compiler-libs/profile_counters_functions.cmti,17889
2026-08-26T20:15:32Z,712f87f035c6cfe581ffb290d71707e9bca5b59b,6929,size_in_bytes,lib/ocaml/compiler-libs/compile.cmti,30753
2026-08-26T20:15:32Z,712f87f035c6cfe581ffb290d71707e9bca5b59b,6929,size_in_bytes,lib/ocaml/compiler-libs/eh_frame_registration.cmti,17934
2026-08-26T20:15:32Z,712f87f035c6cfe581ffb290d71707e9bca5b59b,6929,size_in_bytes,lib/ocaml/compiler-libs/symbol.cmti,153800
2026-08-26T20:15:32Z,712f87f035c6cfe581ffb290d71707e9bca5b59b,6929,size_in_bytes,lib/ocaml/compiler-libs/pparse.cmti,35638
2026-08-26T20:15:32Z,712f87f035c6cfe581ffb290d71707e9bca5b59b,6929,size_in_bytes,lib/ocaml/compiler-libs/cfg_comballoc.cmti,33334
2026-08-26T20:15:32Z,712f87f035c6cfe581ffb290d71707e9bca5b59b,6929,size_in_bytes,lib/ocaml/compiler-libs/arm64_binary_emitter__Condition_helpers.cmti,17403
2026-08-26T20:15:32Z,712f87f035c6cfe581ffb290d71707e9bca5b59b,6929,size_in_bytes,lib/ocaml/compiler-libs/flambda2_terms__Inlining_state.cmti,37701
2026-08-26T20:15:32Z,712f87f035c6cfe581ffb290d71707e9bca5b59b,6929,size_in_bytes,lib/ocaml/compiler-libs/jkind_types.cmti,126780
2026-08-26T20:15:32Z,712f87f035c6cfe581ffb290d71707e9bca5b59b,6929,size_in_bytes,lib/ocaml/compiler-libs/reg_with_debug_info.cmti,142533
2026-08-26T20:15:32Z,712f87f035c6cfe581ffb290d71707e9bca5b59b,6929,size_in_bytes,lib/ocaml/compiler-libs/flambda2_simplify__Continuation_in_env.cmti,41501
2026-08-26T20:15:32Z,712f87f035c6cfe581ffb290d71707e9bca5b59b,6929,size_in_bytes,lib/ocaml/compiler-libs/flambda2_reaper__Field.cmti,186306
2026-08-26T20:15:32Z,712f87f035c6cfe581ffb290d71707e9bca5b59b,6929,size_in_bytes,lib/ocaml/compiler-libs/flambda2_term_basics__String_info.cmti,153628
2026-08-26T20:15:32Z,712f87f035c6cfe581ffb290d71707e9bca5b59b,6929,size_in_bytes,lib/ocaml/compiler-libs/flambda2_reaper__Cofield.cmti,165506
2026-08-26T20:15:32Z,712f87f035c6cfe581ffb290d71707e9bca5b59b,6929,size_in_bytes,lib/ocaml/compiler-libs/regalloc_split_utils.cmti,46777
2026-08-26T20:15:32Z,712f87f035c6cfe581ffb290d71707e9bca5b59b,6929,size_in_bytes,lib/ocaml/compiler-libs/parmatch.cmti,59387
2026-08-26T20:15:32Z,712f87f035c6cfe581ffb290d71707e9bca5b59b,6929,size_in_bytes,lib/ocaml/compiler-libs/arm64_binary_emitter__Bitfield_helpers.cmti,18158
2026-08-26T20:15:32Z,712f87f035c6cfe581ffb290d71707e9bca5b59b,6929,size_in_bytes,lib/ocaml/compiler-libs/stack_class.cmti,46852
2026-08-26T20:15:32Z,712f87f035c6cfe581ffb290d71707e9bca5b59b,6929,size_in_bytes,lib/ocaml/compiler-libs/flambda2_terms__Loopify_attribute.cmti,30666
2026-08-26T20:15:32Z,712f87f035c6cfe581ffb290d71707e9bca5b59b,6929,size_in_bytes,lib/ocaml/compiler-libs/flambda2_parser__Fexpr_prim_descr.cmti,143070
2026-08-26T20:15:32Z,712f87f035c6cfe581ffb290d71707e9bca5b59b,6929,size_in_bytes,lib/ocaml/compiler-libs/iplt.cmti,36737
2026-08-26T20:15:32Z,712f87f035c6cfe581ffb290d71707e9bca5b59b,6929,size_in_bytes,lib/ocaml/compiler-libs/flambda2_reaper__Datalog_helpers.cmti,296462
2026-08-26T20:15:32Z,712f87f035c6cfe581ffb290d71707e9bca5b59b,6929,size_in_bytes,lib/ocaml/compiler-libs/flambda2_to_cmm__To_cmm_effects.cmti,47494
2026-08-26T20:15:32Z,712f87f035c6cfe581ffb290d71707e9bca5b59b,6929,size_in_bytes,lib/ocaml/compiler-libs/fdo_info.cmti,24660
2026-08-26T20:15:32Z,712f87f035c6cfe581ffb290d71707e9bca5b59b,6929,size_in_bytes,lib/ocaml/compiler-libs/flambda2_from_lambda__Lambda_to_lambda_transforms.cmti,36445
2026-08-26T20:15:32Z,712f87f035c6cfe581ffb290d71707e9bca5b59b,6929,size_in_bytes,lib/ocaml/compiler-libs/flambda2_lattices__Or_unknown_or_bottom.cmti,27414
2026-08-26T20:15:32Z,712f87f035c6cfe581ffb290d71707e9bca5b59b,6929,size_in_bytes,lib/ocaml/compiler-libs/typedecl.cmti,120040
2026-08-26T20:15:32Z,712f87f035c6cfe581ffb290d71707e9bca5b59b,6929,size_in_bytes,lib/ocaml/compiler-libs/diffing.cmti,46778
2026-08-26T20:15:32Z,712f87f035c6cfe581ffb290d71707e9bca5b59b,6929,size_in_bytes,lib/ocaml/compiler-libs/ast_iterator.cmti,70838
2026-08-26T20:15:32Z,712f87f035c6cfe581ffb290d71707e9bca5b59b,6929,size_in_bytes,lib/ocaml/compiler-libs/flambda2_identifiers__Apply_cont_rewrite_id.cmti,153836
2026-08-26T20:15:32Z,712f87f035c6cfe581ffb290d71707e9bca5b59b,6929,size_in_bytes,lib/ocaml/compiler-libs/typetexp.cmti,85825
2026-08-26T20:15:32Z,712f87f035c6cfe581ffb290d71707e9bca5b59b,6929,size_in_bytes,lib/ocaml/compiler-libs/x86_gas.cmti,19100
2026-08-26T20:15:32Z,712f87f035c6cfe581ffb290d71707e9bca5b59b,6929,size_in_bytes,lib/ocaml/compiler-libs/slambda_fracture.cmti,19731
2026-08-26T20:15:32Z,712f87f035c6cfe581ffb290d71707e9bca5b59b,6929,size_in_bytes,lib/ocaml/compiler-libs/stack_class_utils.cmti,67896
2026-08-26T20:15:32Z,712f87f035c6cfe581ffb290d71707e9bca5b59b,6929,size_in_bytes,lib/ocaml/compiler-libs/flambda2_nominal__Num_occurrences.cmti,16029
2026-08-26T20:15:32Z,712f87f035c6cfe581ffb290d71707e9bca5b59b,6929,size_in_bytes,lib/ocaml/compiler-libs/branch_relaxation.cmti,37552
2026-08-26T20:15:32Z,712f87f035c6cfe581ffb290d71707e9bca5b59b,6929,size_in_bytes,lib/ocaml/compiler-libs/tmc.cmti,22566
2026-08-26T20:15:32Z,712f87f035c6cfe581ffb290d71707e9bca5b59b,6929,size_in_bytes,lib/ocaml/compiler-libs/ccomp.cmti,23408
2026-08-26T20:15:32Z,712f87f035c6cfe581ffb290d71707e9bca5b59b,6929,size_in_bytes,lib/ocaml/compiler-libs/flambda2_simplify__Loopify_state.cmti,30082
2026-08-26T20:15:32Z,712f87f035c6cfe581ffb290d71707e9bca5b59b,6929,size_in_bytes,lib/ocaml/compiler-libs/printlinear.cmti,40482
2026-08-26T20:15:32Z,712f87f035c6cfe581ffb290d71707e9bca5b59b,6929,size_in_bytes,lib/ocaml/compiler-libs/flambda2_simplify__Rebuilt_expr.cmti,73564
2026-08-26T20:15:32Z,712f87f035c6cfe581ffb290d71707e9bca5b59b,6929,size_in_bytes,lib/ocaml/compiler-libs/flambda2_datalog__Table.cmti,54119
2026-08-26T20:15:32Z,712f87f035c6cfe581ffb290d71707e9bca5b59b,6929,size_in_bytes,lib/ocaml/compiler-libs/syntaxerr.cmti,26160
2026-08-26T20:15:32Z,712f87f035c6cfe581ffb290d71707e9bca5b59b,6929,size_in_bytes,lib/ocaml/compiler-libs/string_table.cmti,18463
2026-08-26T20:15:32Z,712f87f035c6cfe581ffb290d71707e9bca5b59b,6929,size_in_bytes,lib/ocaml/compiler-libs/flambda2_numbers__Numeric_types.cmti,1660080
2026-08-26T20:15:32Z,712f87f035c6cfe581ffb290d71707e9bca5b59b,6929,size_in_bytes,lib/ocaml/compiler-libs/flambda2_simplify__Unboxers.cmti,52663
2026-08-26T20:15:32Z,712f87f035c6cfe581ffb290d71707e9bca5b59b,6929,size_in_bytes,lib/ocaml/compiler-libs/language_extension_kernel.cmti,19970
2026-08-26T20:15:32Z,712f87f035c6cfe581ffb290d71707e9bca5b59b,6929,size_in_bytes,lib/ocaml/compiler-libs/binary_emitter_helpers.cmti,20067
2026-08-26T20:15:32Z,712f87f035c6cfe581ffb290d71707e9bca5b59b,6929,size_in_bytes,lib/ocaml/compiler-libs/flambda2_simplify__Are_lifting_conts.cmti,45286
2026-08-26T20:15:32Z,712f87f035c6cfe581ffb290d71707e9bca5b59b,6929,size_in_bytes,lib/ocaml/compiler-libs/flambda2_types__Meet_and_n_way_join.cmti,32106
2026-08-26T20:15:32Z,712f87f035c6cfe581ffb290d71707e9bca5b59b,6929,size_in_bytes,lib/ocaml/compiler-libs/regalloc_rewrite.cmti,49550
2026-08-26T20:15:32Z,712f87f035c6cfe581ffb290d71707e9bca5b59b,6929,size_in_bytes,lib/ocaml/compiler-libs/mode_hint.cmti,81050
2026-08-26T20:15:32Z,712f87f035c6cfe581ffb290d71707e9bca5b59b,6929,size_in_bytes,lib/ocaml/compiler-libs/flambda2_simplify__Apply_cont_rewrite.cmti,47076
2026-08-26T20:15:32Z,712f87f035c6cfe581ffb290d71707e9bca5b59b,6929,size_in_bytes,lib/ocaml/compiler-libs/flambda2_to_cmm__To_cmm.cmti,34892
2026-08-26T20:15:32Z,712f87f035c6cfe581ffb290d71707e9bca5b59b,6929,size_in_bytes,lib/ocaml/compiler-libs/flambda2_terms__Zero_alloc_attribute.cmti,33119
2026-08-26T20:15:32Z,712f87f035c6cfe581ffb290d71707e9bca5b59b,6929,size_in_bytes,lib/ocaml/compiler-libs/flambda2_simplify__Non_constructed_code.cmti,55100
2026-08-26T20:15:32Z,712f87f035c6cfe581ffb290d71707e9bca5b59b,6929,size_in_bytes,lib/ocaml/compiler-libs/flambda2_simplify__Simplified_named.cmti,50755
2026-08-26T20:15:32Z,712f87f035c6cfe581ffb290d71707e9bca5b59b,6929,size_in_bytes,lib/ocaml/compiler-libs/regalloc_stack_slots.cmti,44056
2026-08-26T20:15:32Z,712f87f035c6cfe581ffb290d71707e9bca5b59b,6929,size_in_bytes,lib/ocaml/compiler-libs/flambda2_terms__Switch_expr.cmti,42279
2026-08-26T20:15:32Z,712f87f035c6cfe581ffb290d71707e9bca5b59b,6929,size_in_bytes,lib/ocaml/compiler-libs/dll.cmti,24178
2026-08-26T20:15:32Z,712f87f035c6cfe581ffb290d71707e9bca5b59b,6929,size_in_bytes,lib/ocaml/compiler-libs/flambda2_simplify__Simplify_set_of_closures_context.cmti,52968
2026-08-26T20:15:32Z,712f87f035c6cfe581ffb290d71707e9bca5b59b,6929,size_in_bytes,lib/ocaml/compiler-libs/cmxs_format.cmti,22201
2026-08-26T20:15:32Z,712f87f035c6cfe581ffb290d71707e9bca5b59b,6929,size_in_bytes,lib/ocaml/compiler-libs/opttoploop.cmti,96797
2026-08-26T20:15:32Z,712f87f035c6cfe581ffb290d71707e9bca5b59b,6929,size_in_bytes,lib/ocaml/compiler-libs/flambda2_terms__Recursive.cmti,28921
2026-08-26T20:15:32Z,712f87f035c6cfe581ffb290d71707e9bca5b59b,6929,size_in_bytes,lib/ocaml/compiler-libs/zero_alloc_utils.cmti,94333
2026-08-26T20:15:32Z,712f87f035c6cfe581ffb290d71707e9bca5b59b,6929,size_in_bytes,lib/ocaml/compiler-libs/zero_alloc_info.cmti,22022
2026-08-26T20:15:32Z,712f87f035c6cfe581ffb290d71707e9bca5b59b,6929,size_in_bytes,lib/ocaml/compiler-libs/lexer.cmti,34378
2026-08-26T20:15:32Z,712f87f035c6cfe581ffb290d71707e9bca5b59b,6929,size_in_bytes,lib/ocaml/compiler-libs/flambda2_terms__Function_decl_inlining_decision_type.cmti,40644
2026-08-26T20:15:32Z,712f87f035c6cfe581ffb290d71707e9bca5b59b,6929,size_in_bytes,lib/ocaml/compiler-libs/flambda2_parser__Flambda_parser.cmti,83365
2026-08-26T20:15:32Z,712f87f035c6cfe581ffb290d71707e9bca5b59b,6929,size_in_bytes,lib/ocaml/compiler-libs/typemode.cmti,44855
2026-08-26T20:15:32Z,712f87f035c6cfe581ffb290d71707e9bca5b59b,6929,size_in_bytes,lib/ocaml/compiler-libs/flambda2_cmx__Exported_code.cmti,53763
2026-08-26T20:15:32Z,712f87f035c6cfe581ffb290d71707e9bca5b59b,6929,size_in_bytes,lib/ocaml/compiler-libs/flambda2_kinds__Flambda_arity.cmti,52740
2026-08-26T20:15:32Z,712f87f035c6cfe581ffb290d71707e9bca5b59b,6929,size_in_bytes,lib/ocaml/compiler-libs/translobj.cmti,28437
2026-08-26T20:15:32Z,712f87f035c6cfe581ffb290d71707e9bca5b59b,6929,size_in_bytes,lib/ocaml/compiler-libs/flambda2_terms__Inlined_attribute.cmti,36127
2026-08-26T20:15:32Z,712f87f035c6cfe581ffb290d71707e9bca5b59b,6929,size_in_bytes,lib/ocaml/threads/event.cmti,30695
2026-08-26T20:15:32Z,712f87f035c6cfe581ffb290d71707e9bca5b59b,6929,size_in_bytes,lib/ocaml/threads/thread.cmti,57884
2026-08-26T20:15:32Z,712f87f035c6cfe581ffb290d71707e9bca5b59b,6929,size_in_bytes,lib/ocaml/threads/multicore.cmti,22778
2026-08-26T20:15:32Z,712f87f035c6cfe581ffb290d71707e9bca5b59b,6929,size_in_bytes,lib/ocaml/dynlink/dynlink.cmti,44326
2026-08-26T20:15:32Z,712f87f035c6cfe581ffb290d71707e9bca5b59b,6929,size_in_bytes,lib/ocaml/stdlib_beta/stdlib_beta.cmti,12209
2026-08-26T20:15:32Z,712f87f035c6cfe581ffb290d71707e9bca5b59b,6929,size_in_bytes,lib/ocaml/stdlib_alpha/stdlib_alpha.cmti,12190
2026-08-26T20:15:32Z,712f87f035c6cfe581ffb290d71707e9bca5b59b,6929,size_in_bytes,lib/ocaml/stdlib_upstream_compatible/stdlib_upstream_compatible__Float_u.cmti,87650
2026-08-26T20:15:32Z,712f87f035c6cfe581ffb290d71707e9bca5b59b,6929,size_in_bytes,lib/ocaml/stdlib_upstream_compatible/stdlib_upstream_compatible__Nativeint_u.cmti,58708
2026-08-26T20:15:32Z,712f87f035c6cfe581ffb290d71707e9bca5b59b,6929,size_in_bytes,lib/ocaml/stdlib_upstream_compatible/stdlib_upstream_compatible.cmti,12042
2026-08-26T20:15:32Z,712f87f035c6cfe581ffb290d71707e9bca5b59b,6929,size_in_bytes,lib/ocaml/stdlib_upstream_compatible/stdlib_upstream_compatible__Int64_u.cmti,64342
2026-08-26T20:15:32Z,712f87f035c6cfe581ffb290d71707e9bca5b59b,6929,size_in_bytes,lib/ocaml/stdlib_upstream_compatible/stdlib_upstream_compatible__Int32_u.cmti,55386
2026-08-26T20:15:32Z,712f87f035c6cfe581ffb290d71707e9bca5b59b,6929,size_in_bytes,lib/ocaml/str/str.cmti,69047
2026-08-26T20:15:32Z,712f87f035c6cfe581ffb290d71707e9bca5b59b,6929,size_in_bytes,lib/ocaml/stdlib_stable/stdlib_stable__Idx_atomic.cmti,17788
2026-08-26T20:15:32Z,712f87f035c6cfe581ffb290d71707e9bca5b59b,6929,size_in_bytes,lib/ocaml/stdlib_stable/stdlib_stable__Int.cmti,56565
2026-08-26T20:15:32Z,712f87f035c6cfe581ffb290d71707e9bca5b59b,6929,size_in_bytes,lib/ocaml/stdlib_stable/stdlib_stable__Float32_u.cmti,164555
2026-08-26T20:15:32Z,712f87f035c6cfe581ffb290d71707e9bca5b59b,6929,size_in_bytes,lib/ocaml/stdlib_stable/stdlib_stable__Int16_u.cmti,59805
2026-08-26T20:15:32Z,712f87f035c6cfe581ffb290d71707e9bca5b59b,6929,size_in_bytes,lib/ocaml/stdlib_stable/stdlib_stable__Int16.cmti,56137
2026-08-26T20:15:32Z,712f87f035c6cfe581ffb290d71707e9bca5b59b,6929,size_in_bytes,lib/ocaml/stdlib_stable/stdlib_stable__IarrayLabels.cmti,207474
2026-08-26T20:15:32Z,712f87f035c6cfe581ffb290d71707e9bca5b59b,6929,size_in_bytes,lib/ocaml/stdlib_stable/stdlib_stable__Iarray.cmti,91065
2026-08-26T20:15:32Z,712f87f035c6cfe581ffb290d71707e9bca5b59b,6929,size_in_bytes,lib/ocaml/stdlib_stable/stdlib_stable__Int8_u.cmti,59589
2026-08-26T20:15:32Z,712f87f035c6cfe581ffb290d71707e9bca5b59b,6929,size_in_bytes,lib/ocaml/stdlib_stable/stdlib_stable__Or_null.cmti,38825
2026-08-26T20:15:32Z,712f87f035c6cfe581ffb290d71707e9bca5b59b,6929,size_in_bytes,lib/ocaml/stdlib_stable/stdlib_stable__Idx_imm.cmti,24460
2026-08-26T20:15:32Z,712f87f035c6cfe581ffb290d71707e9bca5b59b,6929,size_in_bytes,lib/ocaml/stdlib_stable/stdlib_stable__Int8.cmti,55931
2026-08-26T20:15:32Z,712f87f035c6cfe581ffb290d71707e9bca5b59b,6929,size_in_bytes,lib/ocaml/stdlib_stable/stdlib_stable__Idx_mut.cmti,26878
2026-08-26T20:15:32Z,712f87f035c6cfe581ffb290d71707e9bca5b59b,6929,size_in_bytes,lib/ocaml/stdlib_stable/stdlib_stable__Char_u.cmti,25954
2026-08-26T20:15:32Z,712f87f035c6cfe581ffb290d71707e9bca5b59b,6929,size_in_bytes,lib/ocaml/stdlib_stable/stdlib_stable.cmti,16244
2026-08-26T20:15:32Z,712f87f035c6cfe581ffb290d71707e9bca5b59b,6929,size_in_bytes,lib/ocaml/stdlib_stable/stdlib_stable__Int_u.cmti,57437
2026-08-26T20:15:32Z,712f87f035c6cfe581ffb290d71707e9bca5b59b,6929,size_in_bytes,lib/ocaml/stdlib_stable/stdlib_stable__Float32.cmti,203614
2026-08-26T20:15:32Z,712f87f035c6cfe581ffb290d71707e9bca5b59b,6929,size_in_bytes,lib/ocaml/unix/unix.cmti,473455
2026-08-26T20:15:32Z,712f87f035c6cfe581ffb290d71707e9bca5b59b,6929,size_in_bytes,lib/ocaml/unix/unixLabels.cmti,489001
2026-08-26T20:15:32Z,712f87f035c6cfe581ffb290d71707e9bca5b59b,6929,size_in_bytes,lib/ocaml/std_exit.o,4888
