timestamp,commit_hash,pr_number,kind,name,value,pr_numbers,comparison_base_commit_hash
2026-07-01T05:35:35Z,43797546d18bcb70a3531eab68b2dd0a334686aa,6367,size_in_bytes,exe,67997720,,
2026-07-01T05:35:35Z,43797546d18bcb70a3531eab68b2dd0a334686aa,6367,size_in_bytes,opt,473499336,,
2026-07-01T05:35:35Z,43797546d18bcb70a3531eab68b2dd0a334686aa,6367,size_in_bytes,a,213210520,,
2026-07-01T05:35:35Z,43797546d18bcb70a3531eab68b2dd0a334686aa,6367,size_in_bytes,cmxa,349421,,
2026-07-01T05:35:35Z,43797546d18bcb70a3531eab68b2dd0a334686aa,6367,size_in_bytes,cma,256209470,,
2026-07-01T05:35:35Z,43797546d18bcb70a3531eab68b2dd0a334686aa,6367,size_in_bytes,cmi,23556025,,
2026-07-01T05:35:35Z,43797546d18bcb70a3531eab68b2dd0a334686aa,6367,size_in_bytes,cmx,149069240,,
2026-07-01T05:35:35Z,43797546d18bcb70a3531eab68b2dd0a334686aa,6367,size_in_bytes,cmo,1463602,,
2026-07-01T05:35:35Z,43797546d18bcb70a3531eab68b2dd0a334686aa,6367,size_in_bytes,cms,0,,
2026-07-01T05:35:35Z,43797546d18bcb70a3531eab68b2dd0a334686aa,6367,size_in_bytes,cmsi,0,,
2026-07-01T05:35:35Z,43797546d18bcb70a3531eab68b2dd0a334686aa,6367,size_in_bytes,cmt,600749917,,
2026-07-01T05:35:35Z,43797546d18bcb70a3531eab68b2dd0a334686aa,6367,size_in_bytes,cmti,70518099,,
2026-07-01T05:35:35Z,43797546d18bcb70a3531eab68b2dd0a334686aa,6367,size_in_bytes,o,74488,,
2026-07-01T05:35:35Z,43797546d18bcb70a3531eab68b2dd0a334686aa,6367,time_in_seconds,<all>,2367.030,,
2026-07-01T05:35:35Z,43797546d18bcb70a3531eab68b2dd0a334686aa,6367,time_in_seconds,parsing,7.976,,
2026-07-01T05:35:35Z,43797546d18bcb70a3531eab68b2dd0a334686aa,6367,time_in_seconds,typing,224.779,,
2026-07-01T05:35:35Z,43797546d18bcb70a3531eab68b2dd0a334686aa,6367,time_in_seconds,generate/flambda2,983.096,,
2026-07-01T05:35:35Z,43797546d18bcb70a3531eab68b2dd0a334686aa,6367,time_in_seconds,generate/compile_phrases/cfg,369.293,,
2026-07-01T05:35:35Z,43797546d18bcb70a3531eab68b2dd0a334686aa,6367,time_in_seconds,generate/assemble,58.415,,
2026-07-01T05:35:35Z,43797546d18bcb70a3531eab68b2dd0a334686aa,6367,alloc_in_bytes,<all>,3283871878682,,
2026-07-01T05:35:35Z,43797546d18bcb70a3531eab68b2dd0a334686aa,6367,alloc_in_bytes,parsing,12385631836,,
2026-07-01T05:35:35Z,43797546d18bcb70a3531eab68b2dd0a334686aa,6367,alloc_in_bytes,typing,278104059296,,
2026-07-01T05:35:35Z,43797546d18bcb70a3531eab68b2dd0a334686aa,6367,alloc_in_bytes,generate/flambda2,2091333807306,,
2026-07-01T05:35:35Z,43797546d18bcb70a3531eab68b2dd0a334686aa,6367,alloc_in_bytes,generate/compile_phrases/cfg,403281856569,,
2026-07-01T05:35:35Z,43797546d18bcb70a3531eab68b2dd0a334686aa,6367,alloc_in_bytes,generate/assemble,308019176,,
2026-07-01T05:35:35Z,43797546d18bcb70a3531eab68b2dd0a334686aa,6367,top_heap_in_bytes,<all>,146601272522,,
2026-07-01T05:35:35Z,43797546d18bcb70a3531eab68b2dd0a334686aa,6367,top_heap_in_bytes,parsing,1840743229,,
2026-07-01T05:35:35Z,43797546d18bcb70a3531eab68b2dd0a334686aa,6367,top_heap_in_bytes,typing,30026759135,,
2026-07-01T05:35:35Z,43797546d18bcb70a3531eab68b2dd0a334686aa,6367,top_heap_in_bytes,generate/flambda2,66282448622,,
2026-07-01T05:35:35Z,43797546d18bcb70a3531eab68b2dd0a334686aa,6367,top_heap_in_bytes,generate/compile_phrases/cfg,21570811635,,
2026-07-01T05:35:35Z,43797546d18bcb70a3531eab68b2dd0a334686aa,6367,top_heap_in_bytes,generate/assemble,17678971,,
2026-07-01T05:35:35Z,43797546d18bcb70a3531eab68b2dd0a334686aa,6367,absolute_top_heap_in_bytes,<all>,190369631964,,
2026-07-01T05:35:35Z,43797546d18bcb70a3531eab68b2dd0a334686aa,6367,absolute_top_heap_in_bytes,parsing,9743189446,,
2026-07-01T05:35:35Z,43797546d18bcb70a3531eab68b2dd0a334686aa,6367,absolute_top_heap_in_bytes,typing,52877295900,,
2026-07-01T05:35:35Z,43797546d18bcb70a3531eab68b2dd0a334686aa,6367,absolute_top_heap_in_bytes,generate/flambda2,127048885462,,
2026-07-01T05:35:35Z,43797546d18bcb70a3531eab68b2dd0a334686aa,6367,absolute_top_heap_in_bytes,generate/compile_phrases/cfg,141160411864,,
2026-07-01T05:35:35Z,43797546d18bcb70a3531eab68b2dd0a334686aa,6367,absolute_top_heap_in_bytes,generate/assemble,1632632816,,
2026-07-01T05:35:35Z,43797546d18bcb70a3531eab68b2dd0a334686aa,6367,counter,block,2404635,,
2026-07-01T05:35:35Z,43797546d18bcb70a3531eab68b2dd0a334686aa,6367,counter,instruction,13987482,,
2026-07-01T05:35:35Z,43797546d18bcb70a3531eab68b2dd0a334686aa,6367,counter,move,1781065,,
2026-07-01T05:35:35Z,43797546d18bcb70a3531eab68b2dd0a334686aa,6367,counter,reload,937342,,
2026-07-01T05:35:35Z,43797546d18bcb70a3531eab68b2dd0a334686aa,6367,counter,spill,667233,,
2026-07-01T05:35:35Z,43797546d18bcb70a3531eab68b2dd0a334686aa,6367,counter,stack_slot,438706,,
2026-07-01T17:23:52Z,7d65344f07b223fbce3975755e1fd9a5f914e030,6275,size_in_bytes,exe,68019992,,
2026-07-01T17:23:52Z,7d65344f07b223fbce3975755e1fd9a5f914e030,6275,size_in_bytes,opt,473707808,,
2026-07-01T17:23:52Z,7d65344f07b223fbce3975755e1fd9a5f914e030,6275,size_in_bytes,a,213276190,,
2026-07-01T17:23:52Z,7d65344f07b223fbce3975755e1fd9a5f914e030,6275,size_in_bytes,cmxa,349421,,
2026-07-01T17:23:52Z,7d65344f07b223fbce3975755e1fd9a5f914e030,6275,size_in_bytes,cma,256232117,,
2026-07-01T17:23:52Z,7d65344f07b223fbce3975755e1fd9a5f914e030,6275,size_in_bytes,cmi,23556025,,
2026-07-01T17:23:52Z,7d65344f07b223fbce3975755e1fd9a5f914e030,6275,size_in_bytes,cmx,149131863,,
2026-07-01T17:23:52Z,7d65344f07b223fbce3975755e1fd9a5f914e030,6275,size_in_bytes,cmo,1463602,,
2026-07-01T17:23:52Z,7d65344f07b223fbce3975755e1fd9a5f914e030,6275,size_in_bytes,cms,0,,
2026-07-01T17:23:52Z,7d65344f07b223fbce3975755e1fd9a5f914e030,6275,size_in_bytes,cmsi,0,,
2026-07-01T17:23:52Z,7d65344f07b223fbce3975755e1fd9a5f914e030,6275,size_in_bytes,cmt,600793449,,
2026-07-01T17:23:52Z,7d65344f07b223fbce3975755e1fd9a5f914e030,6275,size_in_bytes,cmti,70518099,,
2026-07-01T17:23:52Z,7d65344f07b223fbce3975755e1fd9a5f914e030,6275,size_in_bytes,o,74488,,
2026-07-01T17:23:52Z,7d65344f07b223fbce3975755e1fd9a5f914e030,6275,time_in_seconds,<all>,2388.212,,
2026-07-01T17:23:52Z,7d65344f07b223fbce3975755e1fd9a5f914e030,6275,time_in_seconds,parsing,8.047,,
2026-07-01T17:23:52Z,7d65344f07b223fbce3975755e1fd9a5f914e030,6275,time_in_seconds,typing,215.888,,
2026-07-01T17:23:52Z,7d65344f07b223fbce3975755e1fd9a5f914e030,6275,time_in_seconds,generate/flambda2,996.799,,
2026-07-01T17:23:52Z,7d65344f07b223fbce3975755e1fd9a5f914e030,6275,time_in_seconds,generate/compile_phrases/cfg,370.327,,
2026-07-01T17:23:52Z,7d65344f07b223fbce3975755e1fd9a5f914e030,6275,time_in_seconds,generate/assemble,58.697,,
2026-07-01T17:23:52Z,7d65344f07b223fbce3975755e1fd9a5f914e030,6275,alloc_in_bytes,<all>,3284767551332,,
2026-07-01T17:23:52Z,7d65344f07b223fbce3975755e1fd9a5f914e030,6275,alloc_in_bytes,parsing,12387162756,,
2026-07-01T17:23:52Z,7d65344f07b223fbce3975755e1fd9a5f914e030,6275,alloc_in_bytes,typing,278131993361,,
2026-07-01T17:23:52Z,7d65344f07b223fbce3975755e1fd9a5f914e030,6275,alloc_in_bytes,generate/flambda2,2092096866546,,
2026-07-01T17:23:52Z,7d65344f07b223fbce3975755e1fd9a5f914e030,6275,alloc_in_bytes,generate/compile_phrases/cfg,403430869710,,
2026-07-01T17:23:52Z,7d65344f07b223fbce3975755e1fd9a5f914e030,6275,alloc_in_bytes,generate/assemble,308019176,,
2026-07-01T17:23:52Z,7d65344f07b223fbce3975755e1fd9a5f914e030,6275,top_heap_in_bytes,<all>,146653585970,,
2026-07-01T17:23:52Z,7d65344f07b223fbce3975755e1fd9a5f914e030,6275,top_heap_in_bytes,parsing,1841403833,,
2026-07-01T17:23:52Z,7d65344f07b223fbce3975755e1fd9a5f914e030,6275,top_heap_in_bytes,typing,30029957296,,
2026-07-01T17:23:52Z,7d65344f07b223fbce3975755e1fd9a5f914e030,6275,top_heap_in_bytes,generate/flambda2,66321004760,,
2026-07-01T17:23:52Z,7d65344f07b223fbce3975755e1fd9a5f914e030,6275,top_heap_in_bytes,generate/compile_phrases/cfg,21585953063,,
2026-07-01T17:23:52Z,7d65344f07b223fbce3975755e1fd9a5f914e030,6275,top_heap_in_bytes,generate/assemble,17668485,,
2026-07-01T17:23:52Z,7d65344f07b223fbce3975755e1fd9a5f914e030,6275,absolute_top_heap_in_bytes,<all>,190419019884,,
2026-07-01T17:23:52Z,7d65344f07b223fbce3975755e1fd9a5f914e030,6275,absolute_top_heap_in_bytes,parsing,9752479827,,
2026-07-01T17:23:52Z,7d65344f07b223fbce3975755e1fd9a5f914e030,6275,absolute_top_heap_in_bytes,typing,52903237665,,
2026-07-01T17:23:52Z,7d65344f07b223fbce3975755e1fd9a5f914e030,6275,absolute_top_heap_in_bytes,generate/flambda2,127080269346,,
2026-07-01T17:23:52Z,7d65344f07b223fbce3975755e1fd9a5f914e030,6275,absolute_top_heap_in_bytes,generate/compile_phrases/cfg,141233277414,,
2026-07-01T17:23:52Z,7d65344f07b223fbce3975755e1fd9a5f914e030,6275,absolute_top_heap_in_bytes,generate/assemble,1632527959,,
2026-07-01T17:23:52Z,7d65344f07b223fbce3975755e1fd9a5f914e030,6275,counter,block,2404853,,
2026-07-01T17:23:52Z,7d65344f07b223fbce3975755e1fd9a5f914e030,6275,counter,instruction,13988657,,
2026-07-01T17:23:52Z,7d65344f07b223fbce3975755e1fd9a5f914e030,6275,counter,move,1781168,,
2026-07-01T17:23:52Z,7d65344f07b223fbce3975755e1fd9a5f914e030,6275,counter,reload,937340,,
2026-07-01T17:23:52Z,7d65344f07b223fbce3975755e1fd9a5f914e030,6275,counter,spill,667183,,
2026-07-01T17:23:52Z,7d65344f07b223fbce3975755e1fd9a5f914e030,6275,counter,stack_slot,438724,,
2026-07-01T19:56:12Z,8237b88229739f6e8b03eb3ffff325a6d211fce9,6357,size_in_bytes,exe,68019504,,
2026-07-01T19:56:12Z,8237b88229739f6e8b03eb3ffff325a6d211fce9,6357,size_in_bytes,opt,473702448,,
2026-07-01T19:56:12Z,8237b88229739f6e8b03eb3ffff325a6d211fce9,6357,size_in_bytes,a,213267502,,
2026-07-01T19:56:12Z,8237b88229739f6e8b03eb3ffff325a6d211fce9,6357,size_in_bytes,cmxa,349421,,
2026-07-01T19:56:12Z,8237b88229739f6e8b03eb3ffff325a6d211fce9,6357,size_in_bytes,cma,256232117,,
2026-07-01T19:56:12Z,8237b88229739f6e8b03eb3ffff325a6d211fce9,6357,size_in_bytes,cmi,23556025,,
2026-07-01T19:56:12Z,8237b88229739f6e8b03eb3ffff325a6d211fce9,6357,size_in_bytes,cmx,149131863,,
2026-07-01T19:56:12Z,8237b88229739f6e8b03eb3ffff325a6d211fce9,6357,size_in_bytes,cmo,1463602,,
2026-07-01T19:56:12Z,8237b88229739f6e8b03eb3ffff325a6d211fce9,6357,size_in_bytes,cms,0,,
2026-07-01T19:56:12Z,8237b88229739f6e8b03eb3ffff325a6d211fce9,6357,size_in_bytes,cmsi,0,,
2026-07-01T19:56:12Z,8237b88229739f6e8b03eb3ffff325a6d211fce9,6357,size_in_bytes,cmt,600793449,,
2026-07-01T19:56:12Z,8237b88229739f6e8b03eb3ffff325a6d211fce9,6357,size_in_bytes,cmti,70518099,,
2026-07-01T19:56:12Z,8237b88229739f6e8b03eb3ffff325a6d211fce9,6357,size_in_bytes,o,74488,,
2026-07-01T19:56:12Z,8237b88229739f6e8b03eb3ffff325a6d211fce9,6357,time_in_seconds,<all>,2353.478,,
2026-07-01T19:56:12Z,8237b88229739f6e8b03eb3ffff325a6d211fce9,6357,time_in_seconds,parsing,8.021,,
2026-07-01T19:56:12Z,8237b88229739f6e8b03eb3ffff325a6d211fce9,6357,time_in_seconds,typing,216.645,,
2026-07-01T19:56:12Z,8237b88229739f6e8b03eb3ffff325a6d211fce9,6357,time_in_seconds,generate/flambda2,986.115,,
2026-07-01T19:56:12Z,8237b88229739f6e8b03eb3ffff325a6d211fce9,6357,time_in_seconds,generate/compile_phrases/cfg,363.993,,
2026-07-01T19:56:12Z,8237b88229739f6e8b03eb3ffff325a6d211fce9,6357,time_in_seconds,generate/assemble,57.951,,
2026-07-01T19:56:12Z,8237b88229739f6e8b03eb3ffff325a6d211fce9,6357,alloc_in_bytes,<all>,3284778404093,,
2026-07-01T19:56:12Z,8237b88229739f6e8b03eb3ffff325a6d211fce9,6357,alloc_in_bytes,parsing,12385495521,,
2026-07-01T19:56:12Z,8237b88229739f6e8b03eb3ffff325a6d211fce9,6357,alloc_in_bytes,typing,278107750286,,
2026-07-01T19:56:12Z,8237b88229739f6e8b03eb3ffff325a6d211fce9,6357,alloc_in_bytes,generate/flambda2,2092109071972,,
2026-07-01T19:56:12Z,8237b88229739f6e8b03eb3ffff325a6d211fce9,6357,alloc_in_bytes,generate/compile_phrases/cfg,403457524514,,
2026-07-01T19:56:12Z,8237b88229739f6e8b03eb3ffff325a6d211fce9,6357,alloc_in_bytes,generate/assemble,308092576,,
2026-07-01T19:56:12Z,8237b88229739f6e8b03eb3ffff325a6d211fce9,6357,top_heap_in_bytes,<all>,146639702829,,
2026-07-01T19:56:12Z,8237b88229739f6e8b03eb3ffff325a6d211fce9,6357,top_heap_in_bytes,parsing,1841697433,,
2026-07-01T19:56:12Z,8237b88229739f6e8b03eb3ffff325a6d211fce9,6357,top_heap_in_bytes,typing,30029495921,,
2026-07-01T19:56:12Z,8237b88229739f6e8b03eb3ffff325a6d211fce9,6357,top_heap_in_bytes,generate/flambda2,66304437259,,
2026-07-01T19:56:12Z,8237b88229739f6e8b03eb3ffff325a6d211fce9,6357,top_heap_in_bytes,generate/compile_phrases/cfg,21577983892,,
2026-07-01T19:56:12Z,8237b88229739f6e8b03eb3ffff325a6d211fce9,6357,top_heap_in_bytes,generate/assemble,17668485,,
2026-07-01T19:56:12Z,8237b88229739f6e8b03eb3ffff325a6d211fce9,6357,absolute_top_heap_in_bytes,<all>,190362554072,,
2026-07-01T19:56:12Z,8237b88229739f6e8b03eb3ffff325a6d211fce9,6357,absolute_top_heap_in_bytes,parsing,9752291085,,
2026-07-01T19:56:12Z,8237b88229739f6e8b03eb3ffff325a6d211fce9,6357,absolute_top_heap_in_bytes,typing,52904212842,,
2026-07-01T19:56:12Z,8237b88229739f6e8b03eb3ffff325a6d211fce9,6357,absolute_top_heap_in_bytes,generate/flambda2,127071167701,,
2026-07-01T19:56:12Z,8237b88229739f6e8b03eb3ffff325a6d211fce9,6357,absolute_top_heap_in_bytes,generate/compile_phrases/cfg,141185588177,,
2026-07-01T19:56:12Z,8237b88229739f6e8b03eb3ffff325a6d211fce9,6357,absolute_top_heap_in_bytes,generate/assemble,1632527959,,
2026-07-01T19:56:12Z,8237b88229739f6e8b03eb3ffff325a6d211fce9,6357,counter,block,2404853,,
2026-07-01T19:56:12Z,8237b88229739f6e8b03eb3ffff325a6d211fce9,6357,counter,instruction,13988657,,
2026-07-01T19:56:12Z,8237b88229739f6e8b03eb3ffff325a6d211fce9,6357,counter,move,1781168,,
2026-07-01T19:56:12Z,8237b88229739f6e8b03eb3ffff325a6d211fce9,6357,counter,reload,937340,,
2026-07-01T19:56:12Z,8237b88229739f6e8b03eb3ffff325a6d211fce9,6357,counter,spill,667183,,
2026-07-01T19:56:12Z,8237b88229739f6e8b03eb3ffff325a6d211fce9,6357,counter,stack_slot,438724,,
2026-07-01T23:29:53Z,84126c46cd11f6d40ed94c43fd9bc136ea9f7e1e,6388,size_in_bytes,exe,68019768,,
2026-07-01T23:29:53Z,84126c46cd11f6d40ed94c43fd9bc136ea9f7e1e,6388,size_in_bytes,opt,473705352,,
2026-07-01T23:29:53Z,84126c46cd11f6d40ed94c43fd9bc136ea9f7e1e,6388,size_in_bytes,a,213276198,,
2026-07-01T23:29:53Z,84126c46cd11f6d40ed94c43fd9bc136ea9f7e1e,6388,size_in_bytes,cmxa,349421,,
2026-07-01T23:29:53Z,84126c46cd11f6d40ed94c43fd9bc136ea9f7e1e,6388,size_in_bytes,cma,256232117,,
2026-07-01T23:29:53Z,84126c46cd11f6d40ed94c43fd9bc136ea9f7e1e,6388,size_in_bytes,cmi,23556025,,
2026-07-01T23:29:53Z,84126c46cd11f6d40ed94c43fd9bc136ea9f7e1e,6388,size_in_bytes,cmx,149131863,,
2026-07-01T23:29:53Z,84126c46cd11f6d40ed94c43fd9bc136ea9f7e1e,6388,size_in_bytes,cmo,1463602,,
2026-07-01T23:29:53Z,84126c46cd11f6d40ed94c43fd9bc136ea9f7e1e,6388,size_in_bytes,cms,0,,
2026-07-01T23:29:53Z,84126c46cd11f6d40ed94c43fd9bc136ea9f7e1e,6388,size_in_bytes,cmsi,0,,
2026-07-01T23:29:53Z,84126c46cd11f6d40ed94c43fd9bc136ea9f7e1e,6388,size_in_bytes,cmt,600793449,,
2026-07-01T23:29:53Z,84126c46cd11f6d40ed94c43fd9bc136ea9f7e1e,6388,size_in_bytes,cmti,70518099,,
2026-07-01T23:29:53Z,84126c46cd11f6d40ed94c43fd9bc136ea9f7e1e,6388,size_in_bytes,o,74488,,
2026-07-01T23:29:53Z,84126c46cd11f6d40ed94c43fd9bc136ea9f7e1e,6388,time_in_seconds,<all>,2532.800,,
2026-07-01T23:29:53Z,84126c46cd11f6d40ed94c43fd9bc136ea9f7e1e,6388,time_in_seconds,parsing,8.550,,
2026-07-01T23:29:53Z,84126c46cd11f6d40ed94c43fd9bc136ea9f7e1e,6388,time_in_seconds,typing,238.002,,
2026-07-01T23:29:53Z,84126c46cd11f6d40ed94c43fd9bc136ea9f7e1e,6388,time_in_seconds,generate/flambda2,1076.259,,
2026-07-01T23:29:53Z,84126c46cd11f6d40ed94c43fd9bc136ea9f7e1e,6388,time_in_seconds,generate/compile_phrases/cfg,387.838,,
2026-07-01T23:29:53Z,84126c46cd11f6d40ed94c43fd9bc136ea9f7e1e,6388,time_in_seconds,generate/assemble,64.261,,
2026-07-01T23:29:53Z,84126c46cd11f6d40ed94c43fd9bc136ea9f7e1e,6388,alloc_in_bytes,<all>,3284876865380,,
2026-07-01T23:29:53Z,84126c46cd11f6d40ed94c43fd9bc136ea9f7e1e,6388,alloc_in_bytes,parsing,12389280879,,
2026-07-01T23:29:53Z,84126c46cd11f6d40ed94c43fd9bc136ea9f7e1e,6388,alloc_in_bytes,typing,278109983748,,
2026-07-01T23:29:53Z,84126c46cd11f6d40ed94c43fd9bc136ea9f7e1e,6388,alloc_in_bytes,generate/flambda2,2092110917468,,
2026-07-01T23:29:53Z,84126c46cd11f6d40ed94c43fd9bc136ea9f7e1e,6388,alloc_in_bytes,generate/compile_phrases/cfg,403437517683,,
2026-07-01T23:29:53Z,84126c46cd11f6d40ed94c43fd9bc136ea9f7e1e,6388,alloc_in_bytes,generate/assemble,308019176,,
2026-07-01T23:29:53Z,84126c46cd11f6d40ed94c43fd9bc136ea9f7e1e,6388,top_heap_in_bytes,<all>,146678667913,,
2026-07-01T23:29:53Z,84126c46cd11f6d40ed94c43fd9bc136ea9f7e1e,6388,top_heap_in_bytes,parsing,1842924272,,
2026-07-01T23:29:53Z,84126c46cd11f6d40ed94c43fd9bc136ea9f7e1e,6388,top_heap_in_bytes,typing,30028027917,,
2026-07-01T23:29:53Z,84126c46cd11f6d40ed94c43fd9bc136ea9f7e1e,6388,top_heap_in_bytes,generate/flambda2,66320323186,,
2026-07-01T23:29:53Z,84126c46cd11f6d40ed94c43fd9bc136ea9f7e1e,6388,top_heap_in_bytes,generate/compile_phrases/cfg,21605529984,,
2026-07-01T23:29:53Z,84126c46cd11f6d40ed94c43fd9bc136ea9f7e1e,6388,top_heap_in_bytes,generate/assemble,17668485,,
2026-07-01T23:29:53Z,84126c46cd11f6d40ed94c43fd9bc136ea9f7e1e,6388,absolute_top_heap_in_bytes,<all>,190403847001,,
2026-07-01T23:29:53Z,84126c46cd11f6d40ed94c43fd9bc136ea9f7e1e,6388,absolute_top_heap_in_bytes,parsing,9761025721,,
2026-07-01T23:29:53Z,84126c46cd11f6d40ed94c43fd9bc136ea9f7e1e,6388,absolute_top_heap_in_bytes,typing,52881385345,,
2026-07-01T23:29:53Z,84126c46cd11f6d40ed94c43fd9bc136ea9f7e1e,6388,absolute_top_heap_in_bytes,generate/flambda2,127084568511,,
2026-07-01T23:29:53Z,84126c46cd11f6d40ed94c43fd9bc136ea9f7e1e,6388,absolute_top_heap_in_bytes,generate/compile_phrases/cfg,141251952549,,
2026-07-01T23:29:53Z,84126c46cd11f6d40ed94c43fd9bc136ea9f7e1e,6388,absolute_top_heap_in_bytes,generate/assemble,1632527959,,
2026-07-01T23:29:53Z,84126c46cd11f6d40ed94c43fd9bc136ea9f7e1e,6388,counter,block,2404862,,
2026-07-01T23:29:53Z,84126c46cd11f6d40ed94c43fd9bc136ea9f7e1e,6388,counter,instruction,13988777,,
2026-07-01T23:29:53Z,84126c46cd11f6d40ed94c43fd9bc136ea9f7e1e,6388,counter,move,1781180,,
2026-07-01T23:29:53Z,84126c46cd11f6d40ed94c43fd9bc136ea9f7e1e,6388,counter,reload,937340,,
2026-07-01T23:29:53Z,84126c46cd11f6d40ed94c43fd9bc136ea9f7e1e,6388,counter,spill,667183,,
2026-07-01T23:29:53Z,84126c46cd11f6d40ed94c43fd9bc136ea9f7e1e,6388,counter,stack_slot,438724,,
2026-07-01T21:41:22Z,f9d59d864fe8b86146c727bf2d2904f4f419cfb9,6323,size_in_bytes,exe,68019768,,
2026-07-01T21:41:22Z,f9d59d864fe8b86146c727bf2d2904f4f419cfb9,6323,size_in_bytes,opt,473705352,,
2026-07-01T21:41:22Z,f9d59d864fe8b86146c727bf2d2904f4f419cfb9,6323,size_in_bytes,a,213276198,,
2026-07-01T21:41:22Z,f9d59d864fe8b86146c727bf2d2904f4f419cfb9,6323,size_in_bytes,cmxa,349421,,
2026-07-01T21:41:22Z,f9d59d864fe8b86146c727bf2d2904f4f419cfb9,6323,size_in_bytes,cma,256232117,,
2026-07-01T21:41:22Z,f9d59d864fe8b86146c727bf2d2904f4f419cfb9,6323,size_in_bytes,cmi,23556025,,
2026-07-01T21:41:22Z,f9d59d864fe8b86146c727bf2d2904f4f419cfb9,6323,size_in_bytes,cmx,149131863,,
2026-07-01T21:41:22Z,f9d59d864fe8b86146c727bf2d2904f4f419cfb9,6323,size_in_bytes,cmo,1463602,,
2026-07-01T21:41:22Z,f9d59d864fe8b86146c727bf2d2904f4f419cfb9,6323,size_in_bytes,cms,0,,
2026-07-01T21:41:22Z,f9d59d864fe8b86146c727bf2d2904f4f419cfb9,6323,size_in_bytes,cmsi,0,,
2026-07-01T21:41:22Z,f9d59d864fe8b86146c727bf2d2904f4f419cfb9,6323,size_in_bytes,cmt,600793449,,
2026-07-01T21:41:22Z,f9d59d864fe8b86146c727bf2d2904f4f419cfb9,6323,size_in_bytes,cmti,70518099,,
2026-07-01T21:41:22Z,f9d59d864fe8b86146c727bf2d2904f4f419cfb9,6323,size_in_bytes,o,74488,,
2026-07-01T21:41:22Z,f9d59d864fe8b86146c727bf2d2904f4f419cfb9,6323,time_in_seconds,<all>,2531.185,,
2026-07-01T21:41:22Z,f9d59d864fe8b86146c727bf2d2904f4f419cfb9,6323,time_in_seconds,parsing,8.954,,
2026-07-01T21:41:22Z,f9d59d864fe8b86146c727bf2d2904f4f419cfb9,6323,time_in_seconds,typing,241.911,,
2026-07-01T21:41:22Z,f9d59d864fe8b86146c727bf2d2904f4f419cfb9,6323,time_in_seconds,generate/flambda2,1044.054,,
2026-07-01T21:41:22Z,f9d59d864fe8b86146c727bf2d2904f4f419cfb9,6323,time_in_seconds,generate/compile_phrases/cfg,390.840,,
2026-07-01T21:41:22Z,f9d59d864fe8b86146c727bf2d2904f4f419cfb9,6323,time_in_seconds,generate/assemble,61.989,,
2026-07-01T21:41:22Z,f9d59d864fe8b86146c727bf2d2904f4f419cfb9,6323,alloc_in_bytes,<all>,3284882328464,,
2026-07-01T21:41:22Z,f9d59d864fe8b86146c727bf2d2904f4f419cfb9,6323,alloc_in_bytes,parsing,12383650026,,
2026-07-01T21:41:22Z,f9d59d864fe8b86146c727bf2d2904f4f419cfb9,6323,alloc_in_bytes,typing,278114828173,,
2026-07-01T21:41:22Z,f9d59d864fe8b86146c727bf2d2904f4f419cfb9,6323,alloc_in_bytes,generate/flambda2,2092088551337,,
2026-07-01T21:41:22Z,f9d59d864fe8b86146c727bf2d2904f4f419cfb9,6323,alloc_in_bytes,generate/compile_phrases/cfg,403460145952,,
2026-07-01T21:41:22Z,f9d59d864fe8b86146c727bf2d2904f4f419cfb9,6323,alloc_in_bytes,generate/assemble,310116328,,
2026-07-01T21:41:22Z,f9d59d864fe8b86146c727bf2d2904f4f419cfb9,6323,top_heap_in_bytes,<all>,146642974390,,
2026-07-01T21:41:22Z,f9d59d864fe8b86146c727bf2d2904f4f419cfb9,6323,top_heap_in_bytes,parsing,1840669829,,
2026-07-01T21:41:22Z,f9d59d864fe8b86146c727bf2d2904f4f419cfb9,6323,top_heap_in_bytes,typing,30027335851,,
2026-07-01T21:41:22Z,f9d59d864fe8b86146c727bf2d2904f4f419cfb9,6323,top_heap_in_bytes,generate/flambda2,66292892437,,
2026-07-01T21:41:22Z,f9d59d864fe8b86146c727bf2d2904f4f419cfb9,6323,top_heap_in_bytes,generate/compile_phrases/cfg,21577826609,,
2026-07-01T21:41:22Z,f9d59d864fe8b86146c727bf2d2904f4f419cfb9,6323,top_heap_in_bytes,generate/assemble,17794314,,
2026-07-01T21:41:22Z,f9d59d864fe8b86146c727bf2d2904f4f419cfb9,6323,absolute_top_heap_in_bytes,<all>,190367104890,,
2026-07-01T21:41:22Z,f9d59d864fe8b86146c727bf2d2904f4f419cfb9,6323,absolute_top_heap_in_bytes,parsing,9745548743,,
2026-07-01T21:41:22Z,f9d59d864fe8b86146c727bf2d2904f4f419cfb9,6323,absolute_top_heap_in_bytes,typing,52889543266,,
2026-07-01T21:41:22Z,f9d59d864fe8b86146c727bf2d2904f4f419cfb9,6323,absolute_top_heap_in_bytes,generate/flambda2,127046337425,,
2026-07-01T21:41:22Z,f9d59d864fe8b86146c727bf2d2904f4f419cfb9,6323,absolute_top_heap_in_bytes,generate/compile_phrases/cfg,141175238724,,
2026-07-01T21:41:22Z,f9d59d864fe8b86146c727bf2d2904f4f419cfb9,6323,absolute_top_heap_in_bytes,generate/assemble,1643747722,,
2026-07-01T21:41:22Z,f9d59d864fe8b86146c727bf2d2904f4f419cfb9,6323,counter,block,2404853,,
2026-07-01T21:41:22Z,f9d59d864fe8b86146c727bf2d2904f4f419cfb9,6323,counter,instruction,13988657,,
2026-07-01T21:41:22Z,f9d59d864fe8b86146c727bf2d2904f4f419cfb9,6323,counter,move,1781168,,
2026-07-01T21:41:22Z,f9d59d864fe8b86146c727bf2d2904f4f419cfb9,6323,counter,reload,937340,,
2026-07-01T21:41:22Z,f9d59d864fe8b86146c727bf2d2904f4f419cfb9,6323,counter,spill,667183,,
2026-07-01T21:41:22Z,f9d59d864fe8b86146c727bf2d2904f4f419cfb9,6323,counter,stack_slot,438724,,
2026-07-02T17:53:03Z,2a13fe094d297d6ed4934e10a3412e455ab442c5,6259,size_in_bytes,exe,68153760,,
2026-07-02T17:53:03Z,2a13fe094d297d6ed4934e10a3412e455ab442c5,6259,size_in_bytes,opt,474169952,,
2026-07-02T17:53:03Z,2a13fe094d297d6ed4934e10a3412e455ab442c5,6259,size_in_bytes,a,213513060,,
2026-07-02T17:53:03Z,2a13fe094d297d6ed4934e10a3412e455ab442c5,6259,size_in_bytes,cmxa,349418,,
2026-07-02T17:53:03Z,2a13fe094d297d6ed4934e10a3412e455ab442c5,6259,size_in_bytes,cma,256300368,,
2026-07-02T17:53:03Z,2a13fe094d297d6ed4934e10a3412e455ab442c5,6259,size_in_bytes,cmi,23560107,,
2026-07-02T17:53:03Z,2a13fe094d297d6ed4934e10a3412e455ab442c5,6259,size_in_bytes,cmx,149049222,,
2026-07-02T17:53:03Z,2a13fe094d297d6ed4934e10a3412e455ab442c5,6259,size_in_bytes,cmo,1463602,,
2026-07-02T17:53:03Z,2a13fe094d297d6ed4934e10a3412e455ab442c5,6259,size_in_bytes,cms,23923802,,
2026-07-02T17:53:03Z,2a13fe094d297d6ed4934e10a3412e455ab442c5,6259,size_in_bytes,cmsi,8123970,,
2026-07-02T17:53:03Z,2a13fe094d297d6ed4934e10a3412e455ab442c5,6259,size_in_bytes,cmt,600942385,,
2026-07-02T17:53:03Z,2a13fe094d297d6ed4934e10a3412e455ab442c5,6259,size_in_bytes,cmti,70533184,,
2026-07-02T17:53:03Z,2a13fe094d297d6ed4934e10a3412e455ab442c5,6259,size_in_bytes,o,74488,,
2026-07-02T17:53:03Z,2a13fe094d297d6ed4934e10a3412e455ab442c5,6259,time_in_seconds,<all>,2732.171,,
2026-07-02T17:53:03Z,2a13fe094d297d6ed4934e10a3412e455ab442c5,6259,time_in_seconds,parsing,9.189,,
2026-07-02T17:53:03Z,2a13fe094d297d6ed4934e10a3412e455ab442c5,6259,time_in_seconds,typing,271.024,,
2026-07-02T17:53:03Z,2a13fe094d297d6ed4934e10a3412e455ab442c5,6259,time_in_seconds,generate/flambda2,1137.627,,
2026-07-02T17:53:03Z,2a13fe094d297d6ed4934e10a3412e455ab442c5,6259,time_in_seconds,generate/compile_phrases/cfg,407.052,,
2026-07-02T17:53:03Z,2a13fe094d297d6ed4934e10a3412e455ab442c5,6259,time_in_seconds,generate/assemble,74.052,,
2026-07-02T17:53:03Z,2a13fe094d297d6ed4934e10a3412e455ab442c5,6259,alloc_in_bytes,<all>,3288991225970,,
2026-07-02T17:53:03Z,2a13fe094d297d6ed4934e10a3412e455ab442c5,6259,alloc_in_bytes,parsing,12754594285,,
2026-07-02T17:53:03Z,2a13fe094d297d6ed4934e10a3412e455ab442c5,6259,alloc_in_bytes,typing,276959433752,,
2026-07-02T17:53:03Z,2a13fe094d297d6ed4934e10a3412e455ab442c5,6259,alloc_in_bytes,generate/flambda2,2095707134667,,
2026-07-02T17:53:03Z,2a13fe094d297d6ed4934e10a3412e455ab442c5,6259,alloc_in_bytes,generate/compile_phrases/cfg,404717105488,,
2026-07-02T17:53:03Z,2a13fe094d297d6ed4934e10a3412e455ab442c5,6259,alloc_in_bytes,generate/assemble,316806242,,
2026-07-02T17:53:03Z,2a13fe094d297d6ed4934e10a3412e455ab442c5,6259,top_heap_in_bytes,<all>,147151407921,,
2026-07-02T17:53:03Z,2a13fe094d297d6ed4934e10a3412e455ab442c5,6259,top_heap_in_bytes,parsing,2003398257,,
2026-07-02T17:53:03Z,2a13fe094d297d6ed4934e10a3412e455ab442c5,6259,top_heap_in_bytes,typing,30078370021,,
2026-07-02T17:53:03Z,2a13fe094d297d6ed4934e10a3412e455ab442c5,6259,top_heap_in_bytes,generate/flambda2,66518923488,,
2026-07-02T17:53:03Z,2a13fe094d297d6ed4934e10a3412e455ab442c5,6259,top_heap_in_bytes,generate/compile_phrases/cfg,22050986093,,
2026-07-02T17:53:03Z,2a13fe094d297d6ed4934e10a3412e455ab442c5,6259,top_heap_in_bytes,generate/assemble,17731393,,
2026-07-02T17:53:03Z,2a13fe094d297d6ed4934e10a3412e455ab442c5,6259,absolute_top_heap_in_bytes,<all>,191530478866,,
2026-07-02T17:53:03Z,2a13fe094d297d6ed4934e10a3412e455ab442c5,6259,absolute_top_heap_in_bytes,parsing,13386246477,,
2026-07-02T17:53:03Z,2a13fe094d297d6ed4934e10a3412e455ab442c5,6259,absolute_top_heap_in_bytes,typing,53667827865,,
2026-07-02T17:53:03Z,2a13fe094d297d6ed4934e10a3412e455ab442c5,6259,absolute_top_heap_in_bytes,generate/flambda2,121492753841,,
2026-07-02T17:53:03Z,2a13fe094d297d6ed4934e10a3412e455ab442c5,6259,absolute_top_heap_in_bytes,generate/compile_phrases/cfg,141862276238,,
2026-07-02T17:53:03Z,2a13fe094d297d6ed4934e10a3412e455ab442c5,6259,absolute_top_heap_in_bytes,generate/assemble,1772617713,,
2026-07-02T17:53:03Z,2a13fe094d297d6ed4934e10a3412e455ab442c5,6259,counter,block,2408820,,
2026-07-02T17:53:03Z,2a13fe094d297d6ed4934e10a3412e455ab442c5,6259,counter,instruction,14014961,,
2026-07-02T17:53:03Z,2a13fe094d297d6ed4934e10a3412e455ab442c5,6259,counter,move,1784248,,
2026-07-02T17:53:03Z,2a13fe094d297d6ed4934e10a3412e455ab442c5,6259,counter,reload,940854,,
2026-07-02T17:53:03Z,2a13fe094d297d6ed4934e10a3412e455ab442c5,6259,counter,spill,669982,,
2026-07-02T17:53:03Z,2a13fe094d297d6ed4934e10a3412e455ab442c5,6259,counter,stack_slot,440433,,
2026-07-02T09:42:16Z,3c195e51d525cd279b645df3760de59fa65ceedf,5532,size_in_bytes,exe,68020128,,
2026-07-02T09:42:16Z,3c195e51d525cd279b645df3760de59fa65ceedf,5532,size_in_bytes,opt,473731408,,
2026-07-02T09:42:16Z,3c195e51d525cd279b645df3760de59fa65ceedf,5532,size_in_bytes,a,213280396,,
2026-07-02T09:42:16Z,3c195e51d525cd279b645df3760de59fa65ceedf,5532,size_in_bytes,cmxa,349421,,
2026-07-02T09:42:16Z,3c195e51d525cd279b645df3760de59fa65ceedf,5532,size_in_bytes,cma,256262935,,
2026-07-02T09:42:16Z,3c195e51d525cd279b645df3760de59fa65ceedf,5532,size_in_bytes,cmi,23557468,,
2026-07-02T09:42:16Z,3c195e51d525cd279b645df3760de59fa65ceedf,5532,size_in_bytes,cmx,149036716,,
2026-07-02T09:42:16Z,3c195e51d525cd279b645df3760de59fa65ceedf,5532,size_in_bytes,cmo,1463602,,
2026-07-02T09:42:16Z,3c195e51d525cd279b645df3760de59fa65ceedf,5532,size_in_bytes,cms,0,,
2026-07-02T09:42:16Z,3c195e51d525cd279b645df3760de59fa65ceedf,5532,size_in_bytes,cmsi,0,,
2026-07-02T09:42:16Z,3c195e51d525cd279b645df3760de59fa65ceedf,5532,size_in_bytes,cmt,600850802,,
2026-07-02T09:42:16Z,3c195e51d525cd279b645df3760de59fa65ceedf,5532,size_in_bytes,cmti,70522401,,
2026-07-02T09:42:16Z,3c195e51d525cd279b645df3760de59fa65ceedf,5532,size_in_bytes,o,74488,,
2026-07-02T09:42:16Z,3c195e51d525cd279b645df3760de59fa65ceedf,5532,time_in_seconds,<all>,2310.381,,
2026-07-02T09:42:16Z,3c195e51d525cd279b645df3760de59fa65ceedf,5532,time_in_seconds,parsing,8.042,,
2026-07-02T09:42:16Z,3c195e51d525cd279b645df3760de59fa65ceedf,5532,time_in_seconds,typing,225.221,,
2026-07-02T09:42:16Z,3c195e51d525cd279b645df3760de59fa65ceedf,5532,time_in_seconds,generate/flambda2,970.611,,
2026-07-02T09:42:16Z,3c195e51d525cd279b645df3760de59fa65ceedf,5532,time_in_seconds,generate/compile_phrases/cfg,352.265,,
2026-07-02T09:42:16Z,3c195e51d525cd279b645df3760de59fa65ceedf,5532,time_in_seconds,generate/assemble,58.749,,
2026-07-02T09:42:16Z,3c195e51d525cd279b645df3760de59fa65ceedf,5532,alloc_in_bytes,<all>,3284808655514,,
2026-07-02T09:42:16Z,3c195e51d525cd279b645df3760de59fa65ceedf,5532,alloc_in_bytes,parsing,12383199145,,
2026-07-02T09:42:16Z,3c195e51d525cd279b645df3760de59fa65ceedf,5532,alloc_in_bytes,typing,278111787295,,
2026-07-02T09:42:16Z,3c195e51d525cd279b645df3760de59fa65ceedf,5532,alloc_in_bytes,generate/flambda2,2092044091718,,
2026-07-02T09:42:16Z,3c195e51d525cd279b645df3760de59fa65ceedf,5532,alloc_in_bytes,generate/compile_phrases/cfg,403377916618,,
2026-07-02T09:42:16Z,3c195e51d525cd279b645df3760de59fa65ceedf,5532,alloc_in_bytes,generate/assemble,308019176,,
2026-07-02T09:42:16Z,3c195e51d525cd279b645df3760de59fa65ceedf,5532,top_heap_in_bytes,<all>,146592957317,,
2026-07-02T09:42:16Z,3c195e51d525cd279b645df3760de59fa65ceedf,5532,top_heap_in_bytes,parsing,1836548933,,
2026-07-02T09:42:16Z,3c195e51d525cd279b645df3760de59fa65ceedf,5532,top_heap_in_bytes,typing,30023351274,,
2026-07-02T09:42:16Z,3c195e51d525cd279b645df3760de59fa65ceedf,5532,top_heap_in_bytes,generate/flambda2,66323143854,,
2026-07-02T09:42:16Z,3c195e51d525cd279b645df3760de59fa65ceedf,5532,top_heap_in_bytes,generate/compile_phrases/cfg,21537372572,,
2026-07-02T09:42:16Z,3c195e51d525cd279b645df3760de59fa65ceedf,5532,top_heap_in_bytes,generate/assemble,18045970,,
2026-07-02T09:42:16Z,3c195e51d525cd279b645df3760de59fa65ceedf,5532,absolute_top_heap_in_bytes,<all>,190092797412,,
2026-07-02T09:42:16Z,3c195e51d525cd279b645df3760de59fa65ceedf,5532,absolute_top_heap_in_bytes,parsing,9744143662,,
2026-07-02T09:42:16Z,3c195e51d525cd279b645df3760de59fa65ceedf,5532,absolute_top_heap_in_bytes,typing,52585728869,,
2026-07-02T09:42:16Z,3c195e51d525cd279b645df3760de59fa65ceedf,5532,absolute_top_heap_in_bytes,generate/flambda2,123141786431,,
2026-07-02T09:42:16Z,3c195e51d525cd279b645df3760de59fa65ceedf,5532,absolute_top_heap_in_bytes,generate/compile_phrases/cfg,140996907392,,
2026-07-02T09:42:16Z,3c195e51d525cd279b645df3760de59fa65ceedf,5532,absolute_top_heap_in_bytes,generate/assemble,1549166167,,
2026-07-02T09:42:16Z,3c195e51d525cd279b645df3760de59fa65ceedf,5532,counter,block,2404994,,
2026-07-02T09:42:16Z,3c195e51d525cd279b645df3760de59fa65ceedf,5532,counter,instruction,13988990,,
2026-07-02T09:42:16Z,3c195e51d525cd279b645df3760de59fa65ceedf,5532,counter,move,1781162,,
2026-07-02T09:42:16Z,3c195e51d525cd279b645df3760de59fa65ceedf,5532,counter,reload,937334,,
2026-07-02T09:42:16Z,3c195e51d525cd279b645df3760de59fa65ceedf,5532,counter,spill,667156,,
2026-07-02T09:42:16Z,3c195e51d525cd279b645df3760de59fa65ceedf,5532,counter,stack_slot,438719,,
2026-07-02T04:11:01Z,a5b58d2abb90cd6f93f7952ef372d24fbd0ef985,6310,size_in_bytes,exe,68019768,,
2026-07-02T04:11:01Z,a5b58d2abb90cd6f93f7952ef372d24fbd0ef985,6310,size_in_bytes,opt,473705352,,
2026-07-02T04:11:01Z,a5b58d2abb90cd6f93f7952ef372d24fbd0ef985,6310,size_in_bytes,a,213280316,,
2026-07-02T04:11:01Z,a5b58d2abb90cd6f93f7952ef372d24fbd0ef985,6310,size_in_bytes,cmxa,349421,,
2026-07-02T04:11:01Z,a5b58d2abb90cd6f93f7952ef372d24fbd0ef985,6310,size_in_bytes,cma,256232260,,
2026-07-02T04:11:01Z,a5b58d2abb90cd6f93f7952ef372d24fbd0ef985,6310,size_in_bytes,cmi,23556025,,
2026-07-02T04:11:01Z,a5b58d2abb90cd6f93f7952ef372d24fbd0ef985,6310,size_in_bytes,cmx,149131863,,
2026-07-02T04:11:01Z,a5b58d2abb90cd6f93f7952ef372d24fbd0ef985,6310,size_in_bytes,cmo,1463602,,
2026-07-02T04:11:01Z,a5b58d2abb90cd6f93f7952ef372d24fbd0ef985,6310,size_in_bytes,cms,0,,
2026-07-02T04:11:01Z,a5b58d2abb90cd6f93f7952ef372d24fbd0ef985,6310,size_in_bytes,cmsi,0,,
2026-07-02T04:11:01Z,a5b58d2abb90cd6f93f7952ef372d24fbd0ef985,6310,size_in_bytes,cmt,600794216,,
2026-07-02T04:11:01Z,a5b58d2abb90cd6f93f7952ef372d24fbd0ef985,6310,size_in_bytes,cmti,70518099,,
2026-07-02T04:11:01Z,a5b58d2abb90cd6f93f7952ef372d24fbd0ef985,6310,size_in_bytes,o,74488,,
2026-07-02T04:11:01Z,a5b58d2abb90cd6f93f7952ef372d24fbd0ef985,6310,time_in_seconds,<all>,2286.278,,
2026-07-02T04:11:01Z,a5b58d2abb90cd6f93f7952ef372d24fbd0ef985,6310,time_in_seconds,parsing,7.602,,
2026-07-02T04:11:01Z,a5b58d2abb90cd6f93f7952ef372d24fbd0ef985,6310,time_in_seconds,typing,207.973,,
2026-07-02T04:11:01Z,a5b58d2abb90cd6f93f7952ef372d24fbd0ef985,6310,time_in_seconds,generate/flambda2,959.199,,
2026-07-02T04:11:01Z,a5b58d2abb90cd6f93f7952ef372d24fbd0ef985,6310,time_in_seconds,generate/compile_phrases/cfg,354.684,,
2026-07-02T04:11:01Z,a5b58d2abb90cd6f93f7952ef372d24fbd0ef985,6310,time_in_seconds,generate/assemble,55.394,,
2026-07-02T04:11:01Z,a5b58d2abb90cd6f93f7952ef372d24fbd0ef985,6310,alloc_in_bytes,<all>,3284808624058,,
2026-07-02T04:11:01Z,a5b58d2abb90cd6f93f7952ef372d24fbd0ef985,6310,alloc_in_bytes,parsing,12385401143,,
2026-07-02T04:11:01Z,a5b58d2abb90cd6f93f7952ef372d24fbd0ef985,6310,alloc_in_bytes,typing,278129990582,,
2026-07-02T04:11:01Z,a5b58d2abb90cd6f93f7952ef372d24fbd0ef985,6310,alloc_in_bytes,generate/flambda2,2092146600507,,
2026-07-02T04:11:01Z,a5b58d2abb90cd6f93f7952ef372d24fbd0ef985,6310,alloc_in_bytes,generate/compile_phrases/cfg,403468576503,,
2026-07-02T04:11:01Z,a5b58d2abb90cd6f93f7952ef372d24fbd0ef985,6310,alloc_in_bytes,generate/assemble,308019176,,
2026-07-02T04:11:01Z,a5b58d2abb90cd6f93f7952ef372d24fbd0ef985,6310,top_heap_in_bytes,<all>,146672376460,,
2026-07-02T04:11:01Z,a5b58d2abb90cd6f93f7952ef372d24fbd0ef985,6310,top_heap_in_bytes,parsing,1840166511,,
2026-07-02T04:11:01Z,a5b58d2abb90cd6f93f7952ef372d24fbd0ef985,6310,top_heap_in_bytes,typing,30029244270,,
2026-07-02T04:11:01Z,a5b58d2abb90cd6f93f7952ef372d24fbd0ef985,6310,top_heap_in_bytes,generate/flambda2,66317796110,,
2026-07-02T04:11:01Z,a5b58d2abb90cd6f93f7952ef372d24fbd0ef985,6310,top_heap_in_bytes,generate/compile_phrases/cfg,21603873238,,
2026-07-02T04:11:01Z,a5b58d2abb90cd6f93f7952ef372d24fbd0ef985,6310,top_heap_in_bytes,generate/assemble,17668485,,
2026-07-02T04:11:01Z,a5b58d2abb90cd6f93f7952ef372d24fbd0ef985,6310,absolute_top_heap_in_bytes,<all>,190402137821,,
2026-07-02T04:11:01Z,a5b58d2abb90cd6f93f7952ef372d24fbd0ef985,6310,absolute_top_heap_in_bytes,parsing,9750665794,,
2026-07-02T04:11:01Z,a5b58d2abb90cd6f93f7952ef372d24fbd0ef985,6310,absolute_top_heap_in_bytes,typing,52905963966,,
2026-07-02T04:11:01Z,a5b58d2abb90cd6f93f7952ef372d24fbd0ef985,6310,absolute_top_heap_in_bytes,generate/flambda2,127085774376,,
2026-07-02T04:11:01Z,a5b58d2abb90cd6f93f7952ef372d24fbd0ef985,6310,absolute_top_heap_in_bytes,generate/compile_phrases/cfg,141248209132,,
2026-07-02T04:11:01Z,a5b58d2abb90cd6f93f7952ef372d24fbd0ef985,6310,absolute_top_heap_in_bytes,generate/assemble,1632527959,,
2026-07-02T04:11:01Z,a5b58d2abb90cd6f93f7952ef372d24fbd0ef985,6310,counter,block,2404886,,
2026-07-02T04:11:01Z,a5b58d2abb90cd6f93f7952ef372d24fbd0ef985,6310,counter,instruction,13988882,,
2026-07-02T04:11:01Z,a5b58d2abb90cd6f93f7952ef372d24fbd0ef985,6310,counter,move,1781207,,
2026-07-02T04:11:01Z,a5b58d2abb90cd6f93f7952ef372d24fbd0ef985,6310,counter,reload,937342,,
2026-07-02T04:11:01Z,a5b58d2abb90cd6f93f7952ef372d24fbd0ef985,6310,counter,spill,667175,,
2026-07-02T04:11:01Z,a5b58d2abb90cd6f93f7952ef372d24fbd0ef985,6310,counter,stack_slot,438730,,
2026-07-02T14:59:37Z,b62132e36d6525eec996bd143eb20f32c16a3de8,6376,size_in_bytes,exe,68148568,,
2026-07-02T14:59:37Z,b62132e36d6525eec996bd143eb20f32c16a3de8,6376,size_in_bytes,opt,474142192,,
2026-07-02T14:59:37Z,b62132e36d6525eec996bd143eb20f32c16a3de8,6376,size_in_bytes,a,213469162,,
2026-07-02T14:59:37Z,b62132e36d6525eec996bd143eb20f32c16a3de8,6376,size_in_bytes,cmxa,349421,,
2026-07-02T14:59:37Z,b62132e36d6525eec996bd143eb20f32c16a3de8,6376,size_in_bytes,cma,256274090,,
2026-07-02T14:59:37Z,b62132e36d6525eec996bd143eb20f32c16a3de8,6376,size_in_bytes,cmi,23557817,,
2026-07-02T14:59:37Z,b62132e36d6525eec996bd143eb20f32c16a3de8,6376,size_in_bytes,cmx,149039778,,
2026-07-02T14:59:37Z,b62132e36d6525eec996bd143eb20f32c16a3de8,6376,size_in_bytes,cmo,1463602,,
2026-07-02T14:59:37Z,b62132e36d6525eec996bd143eb20f32c16a3de8,6376,size_in_bytes,cms,0,,
2026-07-02T14:59:37Z,b62132e36d6525eec996bd143eb20f32c16a3de8,6376,size_in_bytes,cmsi,0,,
2026-07-02T14:59:37Z,b62132e36d6525eec996bd143eb20f32c16a3de8,6376,size_in_bytes,cmt,600873702,,
2026-07-02T14:59:37Z,b62132e36d6525eec996bd143eb20f32c16a3de8,6376,size_in_bytes,cmti,70523756,,
2026-07-02T14:59:37Z,b62132e36d6525eec996bd143eb20f32c16a3de8,6376,size_in_bytes,o,74488,,
2026-07-02T14:59:37Z,b62132e36d6525eec996bd143eb20f32c16a3de8,6376,time_in_seconds,<all>,2385.124,,
2026-07-02T14:59:37Z,b62132e36d6525eec996bd143eb20f32c16a3de8,6376,time_in_seconds,parsing,7.967,,
2026-07-02T14:59:37Z,b62132e36d6525eec996bd143eb20f32c16a3de8,6376,time_in_seconds,typing,222.398,,
2026-07-02T14:59:37Z,b62132e36d6525eec996bd143eb20f32c16a3de8,6376,time_in_seconds,generate/flambda2,1000.235,,
2026-07-02T14:59:37Z,b62132e36d6525eec996bd143eb20f32c16a3de8,6376,time_in_seconds,generate/compile_phrases/cfg,364.653,,
2026-07-02T14:59:37Z,b62132e36d6525eec996bd143eb20f32c16a3de8,6376,time_in_seconds,generate/assemble,58.676,,
2026-07-02T14:59:37Z,b62132e36d6525eec996bd143eb20f32c16a3de8,6376,alloc_in_bytes,<all>,3289040383191,,
2026-07-02T14:59:37Z,b62132e36d6525eec996bd143eb20f32c16a3de8,6376,alloc_in_bytes,parsing,12391220733,,
2026-07-02T14:59:37Z,b62132e36d6525eec996bd143eb20f32c16a3de8,6376,alloc_in_bytes,typing,278117543990,,
2026-07-02T14:59:37Z,b62132e36d6525eec996bd143eb20f32c16a3de8,6376,alloc_in_bytes,generate/flambda2,2094989321499,,
2026-07-02T14:59:37Z,b62132e36d6525eec996bd143eb20f32c16a3de8,6376,alloc_in_bytes,generate/compile_phrases/cfg,404353868258,,
2026-07-02T14:59:37Z,b62132e36d6525eec996bd143eb20f32c16a3de8,6376,alloc_in_bytes,generate/assemble,318819507,,
2026-07-02T14:59:37Z,b62132e36d6525eec996bd143eb20f32c16a3de8,6376,top_heap_in_bytes,<all>,146636578058,,
2026-07-02T14:59:37Z,b62132e36d6525eec996bd143eb20f32c16a3de8,6376,top_heap_in_bytes,parsing,1841812787,,
2026-07-02T14:59:37Z,b62132e36d6525eec996bd143eb20f32c16a3de8,6376,top_heap_in_bytes,typing,30041407754,,
2026-07-02T14:59:37Z,b62132e36d6525eec996bd143eb20f32c16a3de8,6376,top_heap_in_bytes,generate/flambda2,66363902002,,
2026-07-02T14:59:37Z,b62132e36d6525eec996bd143eb20f32c16a3de8,6376,top_heap_in_bytes,generate/compile_phrases/cfg,21586068420,,
2026-07-02T14:59:37Z,b62132e36d6525eec996bd143eb20f32c16a3de8,6376,top_heap_in_bytes,generate/assemble,19283287,,
2026-07-02T14:59:37Z,b62132e36d6525eec996bd143eb20f32c16a3de8,6376,absolute_top_heap_in_bytes,<all>,190025153757,,
2026-07-02T14:59:37Z,b62132e36d6525eec996bd143eb20f32c16a3de8,6376,absolute_top_heap_in_bytes,parsing,9758697888,,
2026-07-02T14:59:37Z,b62132e36d6525eec996bd143eb20f32c16a3de8,6376,absolute_top_heap_in_bytes,typing,53130757709,,
2026-07-02T14:59:37Z,b62132e36d6525eec996bd143eb20f32c16a3de8,6376,absolute_top_heap_in_bytes,generate/flambda2,127124865284,,
2026-07-02T14:59:37Z,b62132e36d6525eec996bd143eb20f32c16a3de8,6376,absolute_top_heap_in_bytes,generate/compile_phrases/cfg,141044145760,,
2026-07-02T14:59:37Z,b62132e36d6525eec996bd143eb20f32c16a3de8,6376,absolute_top_heap_in_bytes,generate/assemble,1672164127,,
2026-07-02T14:59:37Z,b62132e36d6525eec996bd143eb20f32c16a3de8,6376,counter,block,2407926,,
2026-07-02T14:59:37Z,b62132e36d6525eec996bd143eb20f32c16a3de8,6376,counter,instruction,14011406,,
2026-07-02T14:59:37Z,b62132e36d6525eec996bd143eb20f32c16a3de8,6376,counter,move,1783947,,
2026-07-02T14:59:37Z,b62132e36d6525eec996bd143eb20f32c16a3de8,6376,counter,reload,940736,,
2026-07-02T14:59:37Z,b62132e36d6525eec996bd143eb20f32c16a3de8,6376,counter,spill,669875,,
2026-07-02T14:59:37Z,b62132e36d6525eec996bd143eb20f32c16a3de8,6376,counter,stack_slot,440398,,
2026-07-02T15:31:03Z,c97e8124e9aea35794fd8f7863b8290a62d07e27,6318,size_in_bytes,exe,68153720,,
2026-07-02T15:31:03Z,c97e8124e9aea35794fd8f7863b8290a62d07e27,6318,size_in_bytes,opt,474183984,,
2026-07-02T15:31:03Z,c97e8124e9aea35794fd8f7863b8290a62d07e27,6318,size_in_bytes,a,213479324,,
2026-07-02T15:31:03Z,c97e8124e9aea35794fd8f7863b8290a62d07e27,6318,size_in_bytes,cmxa,349421,,
2026-07-02T15:31:03Z,c97e8124e9aea35794fd8f7863b8290a62d07e27,6318,size_in_bytes,cma,256292368,,
2026-07-02T15:31:03Z,c97e8124e9aea35794fd8f7863b8290a62d07e27,6318,size_in_bytes,cmi,23560107,,
2026-07-02T15:31:03Z,c97e8124e9aea35794fd8f7863b8290a62d07e27,6318,size_in_bytes,cmx,149049258,,
2026-07-02T15:31:03Z,c97e8124e9aea35794fd8f7863b8290a62d07e27,6318,size_in_bytes,cmo,1463602,,
2026-07-02T15:31:03Z,c97e8124e9aea35794fd8f7863b8290a62d07e27,6318,size_in_bytes,cms,0,,
2026-07-02T15:31:03Z,c97e8124e9aea35794fd8f7863b8290a62d07e27,6318,size_in_bytes,cmsi,0,,
2026-07-02T15:31:03Z,c97e8124e9aea35794fd8f7863b8290a62d07e27,6318,size_in_bytes,cmt,600934992,,
2026-07-02T15:31:03Z,c97e8124e9aea35794fd8f7863b8290a62d07e27,6318,size_in_bytes,cmti,70526838,,
2026-07-02T15:31:03Z,c97e8124e9aea35794fd8f7863b8290a62d07e27,6318,size_in_bytes,o,74488,,
2026-07-02T15:31:03Z,c97e8124e9aea35794fd8f7863b8290a62d07e27,6318,time_in_seconds,<all>,2631.456,,
2026-07-02T15:31:03Z,c97e8124e9aea35794fd8f7863b8290a62d07e27,6318,time_in_seconds,parsing,9.374,,
2026-07-02T15:31:03Z,c97e8124e9aea35794fd8f7863b8290a62d07e27,6318,time_in_seconds,typing,256.129,,
2026-07-02T15:31:03Z,c97e8124e9aea35794fd8f7863b8290a62d07e27,6318,time_in_seconds,generate/flambda2,1103.739,,
2026-07-02T15:31:03Z,c97e8124e9aea35794fd8f7863b8290a62d07e27,6318,time_in_seconds,generate/compile_phrases/cfg,396.994,,
2026-07-02T15:31:03Z,c97e8124e9aea35794fd8f7863b8290a62d07e27,6318,time_in_seconds,generate/assemble,64.058,,
2026-07-02T15:31:03Z,c97e8124e9aea35794fd8f7863b8290a62d07e27,6318,alloc_in_bytes,<all>,3289096482009,,
2026-07-02T15:31:03Z,c97e8124e9aea35794fd8f7863b8290a62d07e27,6318,alloc_in_bytes,parsing,12392216884,,
2026-07-02T15:31:03Z,c97e8124e9aea35794fd8f7863b8290a62d07e27,6318,alloc_in_bytes,typing,278133660609,,
2026-07-02T15:31:03Z,c97e8124e9aea35794fd8f7863b8290a62d07e27,6318,alloc_in_bytes,generate/flambda2,2095052393344,,
2026-07-02T15:31:03Z,c97e8124e9aea35794fd8f7863b8290a62d07e27,6318,alloc_in_bytes,generate/compile_phrases/cfg,404250300412,,
2026-07-02T15:31:03Z,c97e8124e9aea35794fd8f7863b8290a62d07e27,6318,alloc_in_bytes,generate/assemble,318746107,,
2026-07-02T15:31:03Z,c97e8124e9aea35794fd8f7863b8290a62d07e27,6318,top_heap_in_bytes,<all>,146645700683,,
2026-07-02T15:31:03Z,c97e8124e9aea35794fd8f7863b8290a62d07e27,6318,top_heap_in_bytes,parsing,1844056743,,
2026-07-02T15:31:03Z,c97e8124e9aea35794fd8f7863b8290a62d07e27,6318,top_heap_in_bytes,typing,30043788023,,
2026-07-02T15:31:03Z,c97e8124e9aea35794fd8f7863b8290a62d07e27,6318,top_heap_in_bytes,generate/flambda2,66376715605,,
2026-07-02T15:31:03Z,c97e8124e9aea35794fd8f7863b8290a62d07e27,6318,top_heap_in_bytes,generate/compile_phrases/cfg,21586561248,,
2026-07-02T15:31:03Z,c97e8124e9aea35794fd8f7863b8290a62d07e27,6318,top_heap_in_bytes,generate/assemble,19272800,,
2026-07-02T15:31:03Z,c97e8124e9aea35794fd8f7863b8290a62d07e27,6318,absolute_top_heap_in_bytes,<all>,190046408392,,
2026-07-02T15:31:03Z,c97e8124e9aea35794fd8f7863b8290a62d07e27,6318,absolute_top_heap_in_bytes,parsing,9753549377,,
2026-07-02T15:31:03Z,c97e8124e9aea35794fd8f7863b8290a62d07e27,6318,absolute_top_heap_in_bytes,typing,53144546485,,
2026-07-02T15:31:03Z,c97e8124e9aea35794fd8f7863b8290a62d07e27,6318,absolute_top_heap_in_bytes,generate/flambda2,125162528699,,
2026-07-02T15:31:03Z,c97e8124e9aea35794fd8f7863b8290a62d07e27,6318,absolute_top_heap_in_bytes,generate/compile_phrases/cfg,141037749453,,
2026-07-02T15:31:03Z,c97e8124e9aea35794fd8f7863b8290a62d07e27,6318,absolute_top_heap_in_bytes,generate/assemble,1672059268,,
2026-07-02T15:31:03Z,c97e8124e9aea35794fd8f7863b8290a62d07e27,6318,counter,block,2408019,,
2026-07-02T15:31:03Z,c97e8124e9aea35794fd8f7863b8290a62d07e27,6318,counter,instruction,14011357,,
2026-07-02T15:31:03Z,c97e8124e9aea35794fd8f7863b8290a62d07e27,6318,counter,move,1783932,,
2026-07-02T15:31:03Z,c97e8124e9aea35794fd8f7863b8290a62d07e27,6318,counter,reload,940665,,
2026-07-02T15:31:03Z,c97e8124e9aea35794fd8f7863b8290a62d07e27,6318,counter,spill,669829,,
2026-07-02T15:31:03Z,c97e8124e9aea35794fd8f7863b8290a62d07e27,6318,counter,stack_slot,440403,,
2026-07-02T10:44:31Z,dfc1118824a69df96dce71c0ee839fdec0115ff4,6360,size_in_bytes,exe,68020184,,
2026-07-02T10:44:31Z,dfc1118824a69df96dce71c0ee839fdec0115ff4,6360,size_in_bytes,opt,473736240,,
2026-07-02T10:44:31Z,dfc1118824a69df96dce71c0ee839fdec0115ff4,6360,size_in_bytes,a,213281492,,
2026-07-02T10:44:31Z,dfc1118824a69df96dce71c0ee839fdec0115ff4,6360,size_in_bytes,cmxa,349421,,
2026-07-02T10:44:31Z,dfc1118824a69df96dce71c0ee839fdec0115ff4,6360,size_in_bytes,cma,256272633,,
2026-07-02T10:44:31Z,dfc1118824a69df96dce71c0ee839fdec0115ff4,6360,size_in_bytes,cmi,23557817,,
2026-07-02T10:44:31Z,dfc1118824a69df96dce71c0ee839fdec0115ff4,6360,size_in_bytes,cmx,149039778,,
2026-07-02T10:44:31Z,dfc1118824a69df96dce71c0ee839fdec0115ff4,6360,size_in_bytes,cmo,1463602,,
2026-07-02T10:44:31Z,dfc1118824a69df96dce71c0ee839fdec0115ff4,6360,size_in_bytes,cms,0,,
2026-07-02T10:44:31Z,dfc1118824a69df96dce71c0ee839fdec0115ff4,6360,size_in_bytes,cmsi,0,,
2026-07-02T10:44:31Z,dfc1118824a69df96dce71c0ee839fdec0115ff4,6360,size_in_bytes,cmt,600865922,,
2026-07-02T10:44:31Z,dfc1118824a69df96dce71c0ee839fdec0115ff4,6360,size_in_bytes,cmti,70523756,,
2026-07-02T10:44:31Z,dfc1118824a69df96dce71c0ee839fdec0115ff4,6360,size_in_bytes,o,74488,,
2026-07-02T10:44:31Z,dfc1118824a69df96dce71c0ee839fdec0115ff4,6360,time_in_seconds,<all>,2810.784,,
2026-07-02T10:44:31Z,dfc1118824a69df96dce71c0ee839fdec0115ff4,6360,time_in_seconds,parsing,10.064,,
2026-07-02T10:44:31Z,dfc1118824a69df96dce71c0ee839fdec0115ff4,6360,time_in_seconds,typing,306.888,,
2026-07-02T10:44:31Z,dfc1118824a69df96dce71c0ee839fdec0115ff4,6360,time_in_seconds,generate/flambda2,1207.737,,
2026-07-02T10:44:31Z,dfc1118824a69df96dce71c0ee839fdec0115ff4,6360,time_in_seconds,generate/compile_phrases/cfg,409.425,,
2026-07-02T10:44:31Z,dfc1118824a69df96dce71c0ee839fdec0115ff4,6360,time_in_seconds,generate/assemble,71.750,,
2026-07-02T10:44:31Z,dfc1118824a69df96dce71c0ee839fdec0115ff4,6360,alloc_in_bytes,<all>,3284760934819,,
2026-07-02T10:44:31Z,dfc1118824a69df96dce71c0ee839fdec0115ff4,6360,alloc_in_bytes,parsing,12383985574,,
2026-07-02T10:44:31Z,dfc1118824a69df96dce71c0ee839fdec0115ff4,6360,alloc_in_bytes,typing,278134971309,,
2026-07-02T10:44:31Z,dfc1118824a69df96dce71c0ee839fdec0115ff4,6360,alloc_in_bytes,generate/flambda2,2091981984564,,
2026-07-02T10:44:31Z,dfc1118824a69df96dce71c0ee839fdec0115ff4,6360,alloc_in_bytes,generate/compile_phrases/cfg,403353914713,,
2026-07-02T10:44:31Z,dfc1118824a69df96dce71c0ee839fdec0115ff4,6360,alloc_in_bytes,generate/assemble,308019176,,
2026-07-02T10:44:31Z,dfc1118824a69df96dce71c0ee839fdec0115ff4,6360,top_heap_in_bytes,<all>,146608046338,,
2026-07-02T10:44:31Z,dfc1118824a69df96dce71c0ee839fdec0115ff4,6360,top_heap_in_bytes,parsing,1834399353,,
2026-07-02T10:44:31Z,dfc1118824a69df96dce71c0ee839fdec0115ff4,6360,top_heap_in_bytes,typing,30025616188,,
2026-07-02T10:44:31Z,dfc1118824a69df96dce71c0ee839fdec0115ff4,6360,top_heap_in_bytes,generate/flambda2,66282920495,,
2026-07-02T10:44:31Z,dfc1118824a69df96dce71c0ee839fdec0115ff4,6360,top_heap_in_bytes,generate/compile_phrases/cfg,21567068235,,
2026-07-02T10:44:31Z,dfc1118824a69df96dce71c0ee839fdec0115ff4,6360,top_heap_in_bytes,generate/assemble,18014515,,
2026-07-02T10:44:31Z,dfc1118824a69df96dce71c0ee839fdec0115ff4,6360,absolute_top_heap_in_bytes,<all>,190017237018,,
2026-07-02T10:44:31Z,dfc1118824a69df96dce71c0ee839fdec0115ff4,6360,absolute_top_heap_in_bytes,parsing,9749082453,,
2026-07-02T10:44:31Z,dfc1118824a69df96dce71c0ee839fdec0115ff4,6360,absolute_top_heap_in_bytes,typing,52705497219,,
2026-07-02T10:44:31Z,dfc1118824a69df96dce71c0ee839fdec0115ff4,6360,absolute_top_heap_in_bytes,generate/flambda2,125083581410,,
2026-07-02T10:44:31Z,dfc1118824a69df96dce71c0ee839fdec0115ff4,6360,absolute_top_heap_in_bytes,generate/compile_phrases/cfg,141019588091,,
2026-07-02T10:44:31Z,dfc1118824a69df96dce71c0ee839fdec0115ff4,6360,absolute_top_heap_in_bytes,generate/assemble,1580728305,,
2026-07-02T10:44:31Z,dfc1118824a69df96dce71c0ee839fdec0115ff4,6360,counter,block,2405016,,
2026-07-02T10:44:31Z,dfc1118824a69df96dce71c0ee839fdec0115ff4,6360,counter,instruction,13989094,,
2026-07-02T10:44:31Z,dfc1118824a69df96dce71c0ee839fdec0115ff4,6360,counter,move,1781169,,
2026-07-02T10:44:31Z,dfc1118824a69df96dce71c0ee839fdec0115ff4,6360,counter,reload,937342,,
2026-07-02T10:44:31Z,dfc1118824a69df96dce71c0ee839fdec0115ff4,6360,counter,spill,667160,,
2026-07-02T10:44:31Z,dfc1118824a69df96dce71c0ee839fdec0115ff4,6360,counter,stack_slot,438721,,
2026-07-02T00:54:55Z,fa9ee33ec384693ae5783de4e8a492e675e1e64f,6386,size_in_bytes,exe,68019768,,
2026-07-02T00:54:55Z,fa9ee33ec384693ae5783de4e8a492e675e1e64f,6386,size_in_bytes,opt,473705352,,
2026-07-02T00:54:55Z,fa9ee33ec384693ae5783de4e8a492e675e1e64f,6386,size_in_bytes,a,213280316,,
2026-07-02T00:54:55Z,fa9ee33ec384693ae5783de4e8a492e675e1e64f,6386,size_in_bytes,cmxa,349421,,
2026-07-02T00:54:55Z,fa9ee33ec384693ae5783de4e8a492e675e1e64f,6386,size_in_bytes,cma,256232260,,
2026-07-02T00:54:55Z,fa9ee33ec384693ae5783de4e8a492e675e1e64f,6386,size_in_bytes,cmi,23556025,,
2026-07-02T00:54:55Z,fa9ee33ec384693ae5783de4e8a492e675e1e64f,6386,size_in_bytes,cmx,149131863,,
2026-07-02T00:54:55Z,fa9ee33ec384693ae5783de4e8a492e675e1e64f,6386,size_in_bytes,cmo,1463602,,
2026-07-02T00:54:55Z,fa9ee33ec384693ae5783de4e8a492e675e1e64f,6386,size_in_bytes,cms,0,,
2026-07-02T00:54:55Z,fa9ee33ec384693ae5783de4e8a492e675e1e64f,6386,size_in_bytes,cmsi,0,,
2026-07-02T00:54:55Z,fa9ee33ec384693ae5783de4e8a492e675e1e64f,6386,size_in_bytes,cmt,600794216,,
2026-07-02T00:54:55Z,fa9ee33ec384693ae5783de4e8a492e675e1e64f,6386,size_in_bytes,cmti,70518099,,
2026-07-02T00:54:55Z,fa9ee33ec384693ae5783de4e8a492e675e1e64f,6386,size_in_bytes,o,74488,,
2026-07-02T00:54:55Z,fa9ee33ec384693ae5783de4e8a492e675e1e64f,6386,time_in_seconds,<all>,2546.153,,
2026-07-02T00:54:55Z,fa9ee33ec384693ae5783de4e8a492e675e1e64f,6386,time_in_seconds,parsing,8.785,,
2026-07-02T00:54:55Z,fa9ee33ec384693ae5783de4e8a492e675e1e64f,6386,time_in_seconds,typing,249.718,,
2026-07-02T00:54:55Z,fa9ee33ec384693ae5783de4e8a492e675e1e64f,6386,time_in_seconds,generate/flambda2,1091.789,,
2026-07-02T00:54:55Z,fa9ee33ec384693ae5783de4e8a492e675e1e64f,6386,time_in_seconds,generate/compile_phrases/cfg,384.813,,
2026-07-02T00:54:55Z,fa9ee33ec384693ae5783de4e8a492e675e1e64f,6386,time_in_seconds,generate/assemble,62.593,,
2026-07-02T00:54:55Z,fa9ee33ec384693ae5783de4e8a492e675e1e64f,6386,alloc_in_bytes,<all>,3284800424190,,
2026-07-02T00:54:55Z,fa9ee33ec384693ae5783de4e8a492e675e1e64f,6386,alloc_in_bytes,parsing,12386114179,,
2026-07-02T00:54:55Z,fa9ee33ec384693ae5783de4e8a492e675e1e64f,6386,alloc_in_bytes,typing,278100022282,,
2026-07-02T00:54:55Z,fa9ee33ec384693ae5783de4e8a492e675e1e64f,6386,alloc_in_bytes,generate/flambda2,2092138169957,,
2026-07-02T00:54:55Z,fa9ee33ec384693ae5783de4e8a492e675e1e64f,6386,alloc_in_bytes,generate/compile_phrases/cfg,403465367862,,
2026-07-02T00:54:55Z,fa9ee33ec384693ae5783de4e8a492e675e1e64f,6386,alloc_in_bytes,generate/assemble,308019176,,
2026-07-02T00:54:55Z,fa9ee33ec384693ae5783de4e8a492e675e1e64f,6386,top_heap_in_bytes,<all>,146672470828,,
2026-07-02T00:54:55Z,fa9ee33ec384693ae5783de4e8a492e675e1e64f,6386,top_heap_in_bytes,parsing,1841781322,,
2026-07-02T00:54:55Z,fa9ee33ec384693ae5783de4e8a492e675e1e64f,6386,top_heap_in_bytes,typing,30028300547,,
2026-07-02T00:54:55Z,fa9ee33ec384693ae5783de4e8a492e675e1e64f,6386,top_heap_in_bytes,generate/flambda2,66323405999,,
2026-07-02T00:54:55Z,fa9ee33ec384693ae5783de4e8a492e675e1e64f,6386,top_heap_in_bytes,generate/compile_phrases/cfg,21598861044,,
2026-07-02T00:54:55Z,fa9ee33ec384693ae5783de4e8a492e675e1e64f,6386,top_heap_in_bytes,generate/assemble,17668485,,
2026-07-02T00:54:55Z,fa9ee33ec384693ae5783de4e8a492e675e1e64f,6386,absolute_top_heap_in_bytes,<all>,190404329339,,
2026-07-02T00:54:55Z,fa9ee33ec384693ae5783de4e8a492e675e1e64f,6386,absolute_top_heap_in_bytes,parsing,9752249142,,
2026-07-02T00:54:55Z,fa9ee33ec384693ae5783de4e8a492e675e1e64f,6386,absolute_top_heap_in_bytes,typing,52881458747,,
2026-07-02T00:54:55Z,fa9ee33ec384693ae5783de4e8a492e675e1e64f,6386,absolute_top_heap_in_bytes,generate/flambda2,127084579007,,
2026-07-02T00:54:55Z,fa9ee33ec384693ae5783de4e8a492e675e1e64f,6386,absolute_top_heap_in_bytes,generate/compile_phrases/cfg,141248806822,,
2026-07-02T00:54:55Z,fa9ee33ec384693ae5783de4e8a492e675e1e64f,6386,absolute_top_heap_in_bytes,generate/assemble,1632527959,,
2026-07-02T00:54:55Z,fa9ee33ec384693ae5783de4e8a492e675e1e64f,6386,counter,block,2404886,,
2026-07-02T00:54:55Z,fa9ee33ec384693ae5783de4e8a492e675e1e64f,6386,counter,instruction,13988882,,
2026-07-02T00:54:55Z,fa9ee33ec384693ae5783de4e8a492e675e1e64f,6386,counter,move,1781207,,
2026-07-02T00:54:55Z,fa9ee33ec384693ae5783de4e8a492e675e1e64f,6386,counter,reload,937342,,
2026-07-02T00:54:55Z,fa9ee33ec384693ae5783de4e8a492e675e1e64f,6386,counter,spill,667175,,
2026-07-02T00:54:55Z,fa9ee33ec384693ae5783de4e8a492e675e1e64f,6386,counter,stack_slot,438730,,
2026-07-03T17:45:59Z,0615765b993e1e47b0b50f8cbf3fd609ce9b73e0,6239,size_in_bytes,exe,68177680,,
2026-07-03T17:45:59Z,0615765b993e1e47b0b50f8cbf3fd609ce9b73e0,6239,size_in_bytes,opt,474414832,,
2026-07-03T17:45:59Z,0615765b993e1e47b0b50f8cbf3fd609ce9b73e0,6239,size_in_bytes,a,213658474,,
2026-07-03T17:45:59Z,0615765b993e1e47b0b50f8cbf3fd609ce9b73e0,6239,size_in_bytes,cmxa,349418,,
2026-07-03T17:45:59Z,0615765b993e1e47b0b50f8cbf3fd609ce9b73e0,6239,size_in_bytes,cma,256757011,,
2026-07-03T17:45:59Z,0615765b993e1e47b0b50f8cbf3fd609ce9b73e0,6239,size_in_bytes,cmi,23562337,,
2026-07-03T17:45:59Z,0615765b993e1e47b0b50f8cbf3fd609ce9b73e0,6239,size_in_bytes,cmx,149049554,,
2026-07-03T17:45:59Z,0615765b993e1e47b0b50f8cbf3fd609ce9b73e0,6239,size_in_bytes,cmo,1466542,,
2026-07-03T17:45:59Z,0615765b993e1e47b0b50f8cbf3fd609ce9b73e0,6239,size_in_bytes,cms,24303834,,
2026-07-03T17:45:59Z,0615765b993e1e47b0b50f8cbf3fd609ce9b73e0,6239,size_in_bytes,cmsi,8180793,,
2026-07-03T17:45:59Z,0615765b993e1e47b0b50f8cbf3fd609ce9b73e0,6239,size_in_bytes,cmt,602102389,,
2026-07-03T17:45:59Z,0615765b993e1e47b0b50f8cbf3fd609ce9b73e0,6239,size_in_bytes,cmti,70654205,,
2026-07-03T17:45:59Z,0615765b993e1e47b0b50f8cbf3fd609ce9b73e0,6239,size_in_bytes,o,74488,,
2026-07-03T17:45:59Z,0615765b993e1e47b0b50f8cbf3fd609ce9b73e0,6239,time_in_seconds,<all>,2491.820,,
2026-07-03T17:45:59Z,0615765b993e1e47b0b50f8cbf3fd609ce9b73e0,6239,time_in_seconds,parsing,9.281,,
2026-07-03T17:45:59Z,0615765b993e1e47b0b50f8cbf3fd609ce9b73e0,6239,time_in_seconds,typing,226.592,,
2026-07-03T17:45:59Z,0615765b993e1e47b0b50f8cbf3fd609ce9b73e0,6239,time_in_seconds,generate/flambda2,1057.533,,
2026-07-03T17:45:59Z,0615765b993e1e47b0b50f8cbf3fd609ce9b73e0,6239,time_in_seconds,generate/compile_phrases/cfg,373.536,,
2026-07-03T17:45:59Z,0615765b993e1e47b0b50f8cbf3fd609ce9b73e0,6239,time_in_seconds,generate/assemble,62.539,,
2026-07-03T17:45:59Z,0615765b993e1e47b0b50f8cbf3fd609ce9b73e0,6239,alloc_in_bytes,<all>,3290787887536,,
2026-07-03T17:45:59Z,0615765b993e1e47b0b50f8cbf3fd609ce9b73e0,6239,alloc_in_bytes,parsing,12767565139,,
2026-07-03T17:45:59Z,0615765b993e1e47b0b50f8cbf3fd609ce9b73e0,6239,alloc_in_bytes,typing,277211238804,,
2026-07-03T17:45:59Z,0615765b993e1e47b0b50f8cbf3fd609ce9b73e0,6239,alloc_in_bytes,generate/flambda2,2097072663755,,
2026-07-03T17:45:59Z,0615765b993e1e47b0b50f8cbf3fd609ce9b73e0,6239,alloc_in_bytes,generate/compile_phrases/cfg,404845105136,,
2026-07-03T17:45:59Z,0615765b993e1e47b0b50f8cbf3fd609ce9b73e0,6239,alloc_in_bytes,generate/assemble,312528053,,
2026-07-03T17:45:59Z,0615765b993e1e47b0b50f8cbf3fd609ce9b73e0,6239,top_heap_in_bytes,<all>,147013719392,,
2026-07-03T17:45:59Z,0615765b993e1e47b0b50f8cbf3fd609ce9b73e0,6239,top_heap_in_bytes,parsing,2002664262,,
2026-07-03T17:45:59Z,0615765b993e1e47b0b50f8cbf3fd609ce9b73e0,6239,top_heap_in_bytes,typing,30120795389,,
2026-07-03T17:45:59Z,0615765b993e1e47b0b50f8cbf3fd609ce9b73e0,6239,top_heap_in_bytes,generate/flambda2,66543418212,,
2026-07-03T17:45:59Z,0615765b993e1e47b0b50f8cbf3fd609ce9b73e0,6239,top_heap_in_bytes,generate/compile_phrases/cfg,21786147243,,
2026-07-03T17:45:59Z,0615765b993e1e47b0b50f8cbf3fd609ce9b73e0,6239,top_heap_in_bytes,generate/assemble,19262317,,
2026-07-03T17:45:59Z,0615765b993e1e47b0b50f8cbf3fd609ce9b73e0,6239,absolute_top_heap_in_bytes,<all>,191094103469,,
2026-07-03T17:45:59Z,0615765b993e1e47b0b50f8cbf3fd609ce9b73e0,6239,absolute_top_heap_in_bytes,parsing,10938408788,,
2026-07-03T17:45:59Z,0615765b993e1e47b0b50f8cbf3fd609ce9b73e0,6239,absolute_top_heap_in_bytes,typing,53710630738,,
2026-07-03T17:45:59Z,0615765b993e1e47b0b50f8cbf3fd609ce9b73e0,6239,absolute_top_heap_in_bytes,generate/flambda2,123215826341,,
2026-07-03T17:45:59Z,0615765b993e1e47b0b50f8cbf3fd609ce9b73e0,6239,absolute_top_heap_in_bytes,generate/compile_phrases/cfg,141453478374,,
2026-07-03T17:45:59Z,0615765b993e1e47b0b50f8cbf3fd609ce9b73e0,6239,absolute_top_heap_in_bytes,generate/assemble,1958981126,,
2026-07-03T17:45:59Z,0615765b993e1e47b0b50f8cbf3fd609ce9b73e0,6239,counter,block,2409316,,
2026-07-03T17:45:59Z,0615765b993e1e47b0b50f8cbf3fd609ce9b73e0,6239,counter,instruction,14020351,,
2026-07-03T17:45:59Z,0615765b993e1e47b0b50f8cbf3fd609ce9b73e0,6239,counter,move,1784803,,
2026-07-03T17:45:59Z,0615765b993e1e47b0b50f8cbf3fd609ce9b73e0,6239,counter,reload,941178,,
2026-07-03T17:45:59Z,0615765b993e1e47b0b50f8cbf3fd609ce9b73e0,6239,counter,spill,669883,,
2026-07-03T17:45:59Z,0615765b993e1e47b0b50f8cbf3fd609ce9b73e0,6239,counter,stack_slot,440445,,
2026-07-03T13:11:08Z,54da8235973e43c9f6b2feac1ab7076f236b9283,6326,size_in_bytes,exe,68177904,,
2026-07-03T13:11:08Z,54da8235973e43c9f6b2feac1ab7076f236b9283,6326,size_in_bytes,opt,474412032,,
2026-07-03T13:11:08Z,54da8235973e43c9f6b2feac1ab7076f236b9283,6326,size_in_bytes,a,213578132,,
2026-07-03T13:11:08Z,54da8235973e43c9f6b2feac1ab7076f236b9283,6326,size_in_bytes,cmxa,349418,,
2026-07-03T13:11:08Z,54da8235973e43c9f6b2feac1ab7076f236b9283,6326,size_in_bytes,cma,256463254,,
2026-07-03T13:11:08Z,54da8235973e43c9f6b2feac1ab7076f236b9283,6326,size_in_bytes,cmi,23560943,,
2026-07-03T13:11:08Z,54da8235973e43c9f6b2feac1ab7076f236b9283,6326,size_in_bytes,cmx,149049132,,
2026-07-03T13:11:08Z,54da8235973e43c9f6b2feac1ab7076f236b9283,6326,size_in_bytes,cmo,1466542,,
2026-07-03T13:11:08Z,54da8235973e43c9f6b2feac1ab7076f236b9283,6326,size_in_bytes,cms,23985760,,
2026-07-03T13:11:08Z,54da8235973e43c9f6b2feac1ab7076f236b9283,6326,size_in_bytes,cmsi,8180074,,
2026-07-03T13:11:08Z,54da8235973e43c9f6b2feac1ab7076f236b9283,6326,size_in_bytes,cmt,601099362,,
2026-07-03T13:11:08Z,54da8235973e43c9f6b2feac1ab7076f236b9283,6326,size_in_bytes,cmti,70652373,,
2026-07-03T13:11:08Z,54da8235973e43c9f6b2feac1ab7076f236b9283,6326,size_in_bytes,o,74488,,
2026-07-03T13:11:08Z,54da8235973e43c9f6b2feac1ab7076f236b9283,6326,time_in_seconds,<all>,2359.364,,
2026-07-03T13:11:08Z,54da8235973e43c9f6b2feac1ab7076f236b9283,6326,time_in_seconds,parsing,8.267,,
2026-07-03T13:11:08Z,54da8235973e43c9f6b2feac1ab7076f236b9283,6326,time_in_seconds,typing,215.814,,
2026-07-03T13:11:08Z,54da8235973e43c9f6b2feac1ab7076f236b9283,6326,time_in_seconds,generate/flambda2,1006.967,,
2026-07-03T13:11:08Z,54da8235973e43c9f6b2feac1ab7076f236b9283,6326,time_in_seconds,generate/compile_phrases/cfg,353.129,,
2026-07-03T13:11:08Z,54da8235973e43c9f6b2feac1ab7076f236b9283,6326,time_in_seconds,generate/assemble,61.463,,
2026-07-03T13:11:08Z,54da8235973e43c9f6b2feac1ab7076f236b9283,6326,alloc_in_bytes,<all>,3289683778956,,
2026-07-03T13:11:08Z,54da8235973e43c9f6b2feac1ab7076f236b9283,6326,alloc_in_bytes,parsing,12742986515,,
2026-07-03T13:11:08Z,54da8235973e43c9f6b2feac1ab7076f236b9283,6326,alloc_in_bytes,typing,277018772683,,
2026-07-03T13:11:08Z,54da8235973e43c9f6b2feac1ab7076f236b9283,6326,alloc_in_bytes,generate/flambda2,2096845940649,,
2026-07-03T13:11:08Z,54da8235973e43c9f6b2feac1ab7076f236b9283,6326,alloc_in_bytes,generate/compile_phrases/cfg,404563803662,,
2026-07-03T13:11:08Z,54da8235973e43c9f6b2feac1ab7076f236b9283,6326,alloc_in_bytes,generate/assemble,317812876,,
2026-07-03T13:11:08Z,54da8235973e43c9f6b2feac1ab7076f236b9283,6326,top_heap_in_bytes,<all>,147046445456,,
2026-07-03T13:11:08Z,54da8235973e43c9f6b2feac1ab7076f236b9283,6326,top_heap_in_bytes,parsing,2007361881,,
2026-07-03T13:11:08Z,54da8235973e43c9f6b2feac1ab7076f236b9283,6326,top_heap_in_bytes,typing,30097087116,,
2026-07-03T13:11:08Z,54da8235973e43c9f6b2feac1ab7076f236b9283,6326,top_heap_in_bytes,generate/flambda2,66542673717,,
2026-07-03T13:11:08Z,54da8235973e43c9f6b2feac1ab7076f236b9283,6326,top_heap_in_bytes,generate/compile_phrases/cfg,21784542924,,
2026-07-03T13:11:08Z,54da8235973e43c9f6b2feac1ab7076f236b9283,6326,top_heap_in_bytes,generate/assemble,17752365,,
2026-07-03T13:11:08Z,54da8235973e43c9f6b2feac1ab7076f236b9283,6326,absolute_top_heap_in_bytes,<all>,191102240418,,
2026-07-03T13:11:08Z,54da8235973e43c9f6b2feac1ab7076f236b9283,6326,absolute_top_heap_in_bytes,parsing,11026101191,,
2026-07-03T13:11:08Z,54da8235973e43c9f6b2feac1ab7076f236b9283,6326,absolute_top_heap_in_bytes,typing,53589677502,,
2026-07-03T13:11:08Z,54da8235973e43c9f6b2feac1ab7076f236b9283,6326,absolute_top_heap_in_bytes,generate/flambda2,123202226320,,
2026-07-03T13:11:08Z,54da8235973e43c9f6b2feac1ab7076f236b9283,6326,absolute_top_heap_in_bytes,generate/compile_phrases/cfg,141329714964,,
2026-07-03T13:11:08Z,54da8235973e43c9f6b2feac1ab7076f236b9283,6326,absolute_top_heap_in_bytes,generate/assemble,1901592559,,
2026-07-03T13:11:08Z,54da8235973e43c9f6b2feac1ab7076f236b9283,6326,counter,block,2409008,,
2026-07-03T13:11:08Z,54da8235973e43c9f6b2feac1ab7076f236b9283,6326,counter,instruction,14018318,,
2026-07-03T13:11:08Z,54da8235973e43c9f6b2feac1ab7076f236b9283,6326,counter,move,1784278,,
2026-07-03T13:11:08Z,54da8235973e43c9f6b2feac1ab7076f236b9283,6326,counter,reload,941067,,
2026-07-03T13:11:08Z,54da8235973e43c9f6b2feac1ab7076f236b9283,6326,counter,spill,670118,,
2026-07-03T13:11:08Z,54da8235973e43c9f6b2feac1ab7076f236b9283,6326,counter,stack_slot,440428,,
2026-07-03T10:52:38Z,585def02418f007ca432bfd1ce35adbb424dd8fb,6361,size_in_bytes,exe,68177904,,
2026-07-03T10:52:38Z,585def02418f007ca432bfd1ce35adbb424dd8fb,6361,size_in_bytes,opt,474412056,,
2026-07-03T10:52:38Z,585def02418f007ca432bfd1ce35adbb424dd8fb,6361,size_in_bytes,a,213577724,,
2026-07-03T10:52:38Z,585def02418f007ca432bfd1ce35adbb424dd8fb,6361,size_in_bytes,cmxa,349418,,
2026-07-03T10:52:38Z,585def02418f007ca432bfd1ce35adbb424dd8fb,6361,size_in_bytes,cma,256463071,,
2026-07-03T10:52:38Z,585def02418f007ca432bfd1ce35adbb424dd8fb,6361,size_in_bytes,cmi,23560943,,
2026-07-03T10:52:38Z,585def02418f007ca432bfd1ce35adbb424dd8fb,6361,size_in_bytes,cmx,149049132,,
2026-07-03T10:52:38Z,585def02418f007ca432bfd1ce35adbb424dd8fb,6361,size_in_bytes,cmo,1466542,,
2026-07-03T10:52:38Z,585def02418f007ca432bfd1ce35adbb424dd8fb,6361,size_in_bytes,cms,23985758,,
2026-07-03T10:52:38Z,585def02418f007ca432bfd1ce35adbb424dd8fb,6361,size_in_bytes,cmsi,8180074,,
2026-07-03T10:52:38Z,585def02418f007ca432bfd1ce35adbb424dd8fb,6361,size_in_bytes,cmt,601098801,,
2026-07-03T10:52:38Z,585def02418f007ca432bfd1ce35adbb424dd8fb,6361,size_in_bytes,cmti,70652373,,
2026-07-03T10:52:38Z,585def02418f007ca432bfd1ce35adbb424dd8fb,6361,size_in_bytes,o,74488,,
2026-07-03T10:52:38Z,585def02418f007ca432bfd1ce35adbb424dd8fb,6361,time_in_seconds,<all>,3007.478,,
2026-07-03T10:52:38Z,585def02418f007ca432bfd1ce35adbb424dd8fb,6361,time_in_seconds,parsing,11.288,,
2026-07-03T10:52:38Z,585def02418f007ca432bfd1ce35adbb424dd8fb,6361,time_in_seconds,typing,320.571,,
2026-07-03T10:52:38Z,585def02418f007ca432bfd1ce35adbb424dd8fb,6361,time_in_seconds,generate/flambda2,1254.796,,
2026-07-03T10:52:38Z,585def02418f007ca432bfd1ce35adbb424dd8fb,6361,time_in_seconds,generate/compile_phrases/cfg,452.526,,
2026-07-03T10:52:38Z,585def02418f007ca432bfd1ce35adbb424dd8fb,6361,time_in_seconds,generate/assemble,77.955,,
2026-07-03T10:52:38Z,585def02418f007ca432bfd1ce35adbb424dd8fb,6361,alloc_in_bytes,<all>,3289400223044,,
2026-07-03T10:52:38Z,585def02418f007ca432bfd1ce35adbb424dd8fb,6361,alloc_in_bytes,parsing,12751511443,,
2026-07-03T10:52:38Z,585def02418f007ca432bfd1ce35adbb424dd8fb,6361,alloc_in_bytes,typing,276962569002,,
2026-07-03T10:52:38Z,585def02418f007ca432bfd1ce35adbb424dd8fb,6361,alloc_in_bytes,generate/flambda2,2096240922769,,
2026-07-03T10:52:38Z,585def02418f007ca432bfd1ce35adbb424dd8fb,6361,alloc_in_bytes,generate/compile_phrases/cfg,404639521329,,
2026-07-03T10:52:38Z,585def02418f007ca432bfd1ce35adbb424dd8fb,6361,alloc_in_bytes,generate/assemble,317036930,,
2026-07-03T10:52:38Z,585def02418f007ca432bfd1ce35adbb424dd8fb,6361,top_heap_in_bytes,<all>,147060685087,,
2026-07-03T10:52:38Z,585def02418f007ca432bfd1ce35adbb424dd8fb,6361,top_heap_in_bytes,parsing,2011052859,,
2026-07-03T10:52:38Z,585def02418f007ca432bfd1ce35adbb424dd8fb,6361,top_heap_in_bytes,typing,30085447915,,
2026-07-03T10:52:38Z,585def02418f007ca432bfd1ce35adbb424dd8fb,6361,top_heap_in_bytes,generate/flambda2,66526148183,,
2026-07-03T10:52:38Z,585def02418f007ca432bfd1ce35adbb424dd8fb,6361,top_heap_in_bytes,generate/compile_phrases/cfg,21852784243,,
2026-07-03T10:52:38Z,585def02418f007ca432bfd1ce35adbb424dd8fb,6361,top_heap_in_bytes,generate/assemble,17752365,,
2026-07-03T10:52:38Z,585def02418f007ca432bfd1ce35adbb424dd8fb,6361,absolute_top_heap_in_bytes,<all>,191715248430,,
2026-07-03T10:52:38Z,585def02418f007ca432bfd1ce35adbb424dd8fb,6361,absolute_top_heap_in_bytes,parsing,13359549764,,
2026-07-03T10:52:38Z,585def02418f007ca432bfd1ce35adbb424dd8fb,6361,absolute_top_heap_in_bytes,typing,53375411506,,
2026-07-03T10:52:38Z,585def02418f007ca432bfd1ce35adbb424dd8fb,6361,absolute_top_heap_in_bytes,generate/flambda2,121440933227,,
2026-07-03T10:52:38Z,585def02418f007ca432bfd1ce35adbb424dd8fb,6361,absolute_top_heap_in_bytes,generate/compile_phrases/cfg,141701078646,,
2026-07-03T10:52:38Z,585def02418f007ca432bfd1ce35adbb424dd8fb,6361,absolute_top_heap_in_bytes,generate/assemble,1627914223,,
2026-07-03T10:52:38Z,585def02418f007ca432bfd1ce35adbb424dd8fb,6361,counter,block,2409008,,
2026-07-03T10:52:38Z,585def02418f007ca432bfd1ce35adbb424dd8fb,6361,counter,instruction,14018275,,
2026-07-03T10:52:38Z,585def02418f007ca432bfd1ce35adbb424dd8fb,6361,counter,move,1784271,,
2026-07-03T10:52:38Z,585def02418f007ca432bfd1ce35adbb424dd8fb,6361,counter,reload,941045,,
2026-07-03T10:52:38Z,585def02418f007ca432bfd1ce35adbb424dd8fb,6361,counter,spill,670103,,
2026-07-03T10:52:38Z,585def02418f007ca432bfd1ce35adbb424dd8fb,6361,counter,stack_slot,440428,,
2026-07-03T23:29:20Z,5c3e43c6a7e0f6d505cc99ea5bfa1509a484cc9b,4394,size_in_bytes,exe,68291240,,
2026-07-03T23:29:20Z,5c3e43c6a7e0f6d505cc99ea5bfa1509a484cc9b,4394,size_in_bytes,opt,474783776,,
2026-07-03T23:29:20Z,5c3e43c6a7e0f6d505cc99ea5bfa1509a484cc9b,4394,size_in_bytes,a,213843996,,
2026-07-03T23:29:20Z,5c3e43c6a7e0f6d505cc99ea5bfa1509a484cc9b,4394,size_in_bytes,cmxa,349418,,
2026-07-03T23:29:20Z,5c3e43c6a7e0f6d505cc99ea5bfa1509a484cc9b,4394,size_in_bytes,cma,257051660,,
2026-07-03T23:29:20Z,5c3e43c6a7e0f6d505cc99ea5bfa1509a484cc9b,4394,size_in_bytes,cmi,23619007,,
2026-07-03T23:29:20Z,5c3e43c6a7e0f6d505cc99ea5bfa1509a484cc9b,4394,size_in_bytes,cmx,149049580,,
2026-07-03T23:29:20Z,5c3e43c6a7e0f6d505cc99ea5bfa1509a484cc9b,4394,size_in_bytes,cmo,1466542,,
2026-07-03T23:29:20Z,5c3e43c6a7e0f6d505cc99ea5bfa1509a484cc9b,4394,size_in_bytes,cms,24384673,,
2026-07-03T23:29:20Z,5c3e43c6a7e0f6d505cc99ea5bfa1509a484cc9b,4394,size_in_bytes,cmsi,8183462,,
2026-07-03T23:29:20Z,5c3e43c6a7e0f6d505cc99ea5bfa1509a484cc9b,4394,size_in_bytes,cmt,602874037,,
2026-07-03T23:29:20Z,5c3e43c6a7e0f6d505cc99ea5bfa1509a484cc9b,4394,size_in_bytes,cmti,70807084,,
2026-07-03T23:29:20Z,5c3e43c6a7e0f6d505cc99ea5bfa1509a484cc9b,4394,size_in_bytes,o,74488,,
2026-07-03T23:29:20Z,5c3e43c6a7e0f6d505cc99ea5bfa1509a484cc9b,4394,time_in_seconds,<all>,2713.975,,
2026-07-03T23:29:20Z,5c3e43c6a7e0f6d505cc99ea5bfa1509a484cc9b,4394,time_in_seconds,parsing,9.356,,
2026-07-03T23:29:20Z,5c3e43c6a7e0f6d505cc99ea5bfa1509a484cc9b,4394,time_in_seconds,typing,255.078,,
2026-07-03T23:29:20Z,5c3e43c6a7e0f6d505cc99ea5bfa1509a484cc9b,4394,time_in_seconds,generate/flambda2,1138.994,,
2026-07-03T23:29:20Z,5c3e43c6a7e0f6d505cc99ea5bfa1509a484cc9b,4394,time_in_seconds,generate/compile_phrases/cfg,404.723,,
2026-07-03T23:29:20Z,5c3e43c6a7e0f6d505cc99ea5bfa1509a484cc9b,4394,time_in_seconds,generate/assemble,69.888,,
2026-07-03T23:29:20Z,5c3e43c6a7e0f6d505cc99ea5bfa1509a484cc9b,4394,alloc_in_bytes,<all>,3300003245303,,
2026-07-03T23:29:20Z,5c3e43c6a7e0f6d505cc99ea5bfa1509a484cc9b,4394,alloc_in_bytes,parsing,12749644987,,
2026-07-03T23:29:20Z,5c3e43c6a7e0f6d505cc99ea5bfa1509a484cc9b,4394,alloc_in_bytes,typing,277244258460,,
2026-07-03T23:29:20Z,5c3e43c6a7e0f6d505cc99ea5bfa1509a484cc9b,4394,alloc_in_bytes,generate/flambda2,2106869970637,,
2026-07-03T23:29:20Z,5c3e43c6a7e0f6d505cc99ea5bfa1509a484cc9b,4394,alloc_in_bytes,generate/compile_phrases/cfg,405471409088,,
2026-07-03T23:29:20Z,5c3e43c6a7e0f6d505cc99ea5bfa1509a484cc9b,4394,alloc_in_bytes,generate/assemble,305544535,,
2026-07-03T23:29:20Z,5c3e43c6a7e0f6d505cc99ea5bfa1509a484cc9b,4394,top_heap_in_bytes,<all>,147270599578,,
2026-07-03T23:29:20Z,5c3e43c6a7e0f6d505cc99ea5bfa1509a484cc9b,4394,top_heap_in_bytes,parsing,1989819193,,
2026-07-03T23:29:20Z,5c3e43c6a7e0f6d505cc99ea5bfa1509a484cc9b,4394,top_heap_in_bytes,typing,30148813362,,
2026-07-03T23:29:20Z,5c3e43c6a7e0f6d505cc99ea5bfa1509a484cc9b,4394,top_heap_in_bytes,generate/flambda2,66914089832,,
2026-07-03T23:29:20Z,5c3e43c6a7e0f6d505cc99ea5bfa1509a484cc9b,4394,top_heap_in_bytes,generate/compile_phrases/cfg,21787300678,,
2026-07-03T23:29:20Z,5c3e43c6a7e0f6d505cc99ea5bfa1509a484cc9b,4394,top_heap_in_bytes,generate/assemble,17762855,,
2026-07-03T23:29:20Z,5c3e43c6a7e0f6d505cc99ea5bfa1509a484cc9b,4394,absolute_top_heap_in_bytes,<all>,191334604861,,
2026-07-03T23:29:20Z,5c3e43c6a7e0f6d505cc99ea5bfa1509a484cc9b,4394,absolute_top_heap_in_bytes,parsing,11141444497,,
2026-07-03T23:29:20Z,5c3e43c6a7e0f6d505cc99ea5bfa1509a484cc9b,4394,absolute_top_heap_in_bytes,typing,52923139659,,
2026-07-03T23:29:20Z,5c3e43c6a7e0f6d505cc99ea5bfa1509a484cc9b,4394,absolute_top_heap_in_bytes,generate/flambda2,125449565854,,
2026-07-03T23:29:20Z,5c3e43c6a7e0f6d505cc99ea5bfa1509a484cc9b,4394,absolute_top_heap_in_bytes,generate/compile_phrases/cfg,141079094774,,
2026-07-03T23:29:20Z,5c3e43c6a7e0f6d505cc99ea5bfa1509a484cc9b,4394,absolute_top_heap_in_bytes,generate/assemble,1606732988,,
2026-07-03T23:29:20Z,5c3e43c6a7e0f6d505cc99ea5bfa1509a484cc9b,4394,counter,block,2410629,,
2026-07-03T23:29:20Z,5c3e43c6a7e0f6d505cc99ea5bfa1509a484cc9b,4394,counter,instruction,14026077,,
2026-07-03T23:29:20Z,5c3e43c6a7e0f6d505cc99ea5bfa1509a484cc9b,4394,counter,move,1785388,,
2026-07-03T23:29:20Z,5c3e43c6a7e0f6d505cc99ea5bfa1509a484cc9b,4394,counter,reload,941622,,
2026-07-03T23:29:20Z,5c3e43c6a7e0f6d505cc99ea5bfa1509a484cc9b,4394,counter,spill,670252,,
2026-07-03T23:29:20Z,5c3e43c6a7e0f6d505cc99ea5bfa1509a484cc9b,4394,counter,stack_slot,440618,,
2026-07-03T04:57:25Z,cb03047b4105d171201c496c504d5b7bf2e48675,6387,size_in_bytes,exe,68153760,,
2026-07-03T04:57:25Z,cb03047b4105d171201c496c504d5b7bf2e48675,6387,size_in_bytes,opt,474170632,,
2026-07-03T04:57:25Z,cb03047b4105d171201c496c504d5b7bf2e48675,6387,size_in_bytes,a,213514660,,
2026-07-03T04:57:25Z,cb03047b4105d171201c496c504d5b7bf2e48675,6387,size_in_bytes,cmxa,349418,,
2026-07-03T04:57:25Z,cb03047b4105d171201c496c504d5b7bf2e48675,6387,size_in_bytes,cma,256303846,,
2026-07-03T04:57:25Z,cb03047b4105d171201c496c504d5b7bf2e48675,6387,size_in_bytes,cmi,23560409,,
2026-07-03T04:57:25Z,cb03047b4105d171201c496c504d5b7bf2e48675,6387,size_in_bytes,cmx,149049225,,
2026-07-03T04:57:25Z,cb03047b4105d171201c496c504d5b7bf2e48675,6387,size_in_bytes,cmo,1463602,,
2026-07-03T04:57:25Z,cb03047b4105d171201c496c504d5b7bf2e48675,6387,size_in_bytes,cms,23924339,,
2026-07-03T04:57:25Z,cb03047b4105d171201c496c504d5b7bf2e48675,6387,size_in_bytes,cmsi,8124508,,
2026-07-03T04:57:25Z,cb03047b4105d171201c496c504d5b7bf2e48675,6387,size_in_bytes,cmt,600949753,,
2026-07-03T04:57:25Z,cb03047b4105d171201c496c504d5b7bf2e48675,6387,size_in_bytes,cmti,70534464,,
2026-07-03T04:57:25Z,cb03047b4105d171201c496c504d5b7bf2e48675,6387,size_in_bytes,o,74488,,
2026-07-03T04:57:25Z,cb03047b4105d171201c496c504d5b7bf2e48675,6387,time_in_seconds,<all>,2324.352,,
2026-07-03T04:57:25Z,cb03047b4105d171201c496c504d5b7bf2e48675,6387,time_in_seconds,parsing,8.001,,
2026-07-03T04:57:25Z,cb03047b4105d171201c496c504d5b7bf2e48675,6387,time_in_seconds,typing,209.061,,
2026-07-03T04:57:25Z,cb03047b4105d171201c496c504d5b7bf2e48675,6387,time_in_seconds,generate/flambda2,973.272,,
2026-07-03T04:57:25Z,cb03047b4105d171201c496c504d5b7bf2e48675,6387,time_in_seconds,generate/compile_phrases/cfg,361.403,,
2026-07-03T04:57:25Z,cb03047b4105d171201c496c504d5b7bf2e48675,6387,time_in_seconds,generate/assemble,59.330,,
2026-07-03T04:57:25Z,cb03047b4105d171201c496c504d5b7bf2e48675,6387,alloc_in_bytes,<all>,3288949943531,,
2026-07-03T04:57:25Z,cb03047b4105d171201c496c504d5b7bf2e48675,6387,alloc_in_bytes,parsing,12767407882,,
2026-07-03T04:57:25Z,cb03047b4105d171201c496c504d5b7bf2e48675,6387,alloc_in_bytes,typing,276936008558,,
2026-07-03T04:57:25Z,cb03047b4105d171201c496c504d5b7bf2e48675,6387,alloc_in_bytes,generate/flambda2,2095782411939,,
2026-07-03T04:57:25Z,cb03047b4105d171201c496c504d5b7bf2e48675,6387,alloc_in_bytes,generate/compile_phrases/cfg,404623090157,,
2026-07-03T04:57:25Z,cb03047b4105d171201c496c504d5b7bf2e48675,6387,alloc_in_bytes,generate/assemble,316806242,,
2026-07-03T04:57:25Z,cb03047b4105d171201c496c504d5b7bf2e48675,6387,top_heap_in_bytes,<all>,147165720968,,
2026-07-03T04:57:25Z,cb03047b4105d171201c496c504d5b7bf2e48675,6387,top_heap_in_bytes,parsing,2012866901,,
2026-07-03T04:57:25Z,cb03047b4105d171201c496c504d5b7bf2e48675,6387,top_heap_in_bytes,typing,30075685668,,
2026-07-03T04:57:25Z,cb03047b4105d171201c496c504d5b7bf2e48675,6387,top_heap_in_bytes,generate/flambda2,66536434698,,
2026-07-03T04:57:25Z,cb03047b4105d171201c496c504d5b7bf2e48675,6387,top_heap_in_bytes,generate/compile_phrases/cfg,22030570323,,
2026-07-03T04:57:25Z,cb03047b4105d171201c496c504d5b7bf2e48675,6387,top_heap_in_bytes,generate/assemble,17794307,,
2026-07-03T04:57:25Z,cb03047b4105d171201c496c504d5b7bf2e48675,6387,absolute_top_heap_in_bytes,<all>,191411947839,,
2026-07-03T04:57:25Z,cb03047b4105d171201c496c504d5b7bf2e48675,6387,absolute_top_heap_in_bytes,parsing,13414253937,,
2026-07-03T04:57:25Z,cb03047b4105d171201c496c504d5b7bf2e48675,6387,absolute_top_heap_in_bytes,typing,53630225927,,
2026-07-03T04:57:25Z,cb03047b4105d171201c496c504d5b7bf2e48675,6387,absolute_top_heap_in_bytes,generate/flambda2,121504959271,,
2026-07-03T04:57:25Z,cb03047b4105d171201c496c504d5b7bf2e48675,6387,absolute_top_heap_in_bytes,generate/compile_phrases/cfg,141864971080,,
2026-07-03T04:57:25Z,cb03047b4105d171201c496c504d5b7bf2e48675,6387,absolute_top_heap_in_bytes,generate/assemble,1772407998,,
2026-07-03T04:57:25Z,cb03047b4105d171201c496c504d5b7bf2e48675,6387,counter,block,2408834,,
2026-07-03T04:57:25Z,cb03047b4105d171201c496c504d5b7bf2e48675,6387,counter,instruction,14014993,,
2026-07-03T04:57:25Z,cb03047b4105d171201c496c504d5b7bf2e48675,6387,counter,move,1784249,,
2026-07-03T04:57:25Z,cb03047b4105d171201c496c504d5b7bf2e48675,6387,counter,reload,940855,,
2026-07-03T04:57:25Z,cb03047b4105d171201c496c504d5b7bf2e48675,6387,counter,spill,669983,,
2026-07-03T04:57:25Z,cb03047b4105d171201c496c504d5b7bf2e48675,6387,counter,stack_slot,440434,,
2026-07-03T15:36:44Z,e988e516f69ea228dd48fe5c8f95cc75344df3ff,6330,size_in_bytes,exe,68178168,,
2026-07-03T15:36:44Z,e988e516f69ea228dd48fe5c8f95cc75344df3ff,6330,size_in_bytes,opt,474414888,,
2026-07-03T15:36:44Z,e988e516f69ea228dd48fe5c8f95cc75344df3ff,6330,size_in_bytes,a,213583420,,
2026-07-03T15:36:44Z,e988e516f69ea228dd48fe5c8f95cc75344df3ff,6330,size_in_bytes,cmxa,349418,,
2026-07-03T15:36:44Z,e988e516f69ea228dd48fe5c8f95cc75344df3ff,6330,size_in_bytes,cma,256463254,,
2026-07-03T15:36:44Z,e988e516f69ea228dd48fe5c8f95cc75344df3ff,6330,size_in_bytes,cmi,23560943,,
2026-07-03T15:36:44Z,e988e516f69ea228dd48fe5c8f95cc75344df3ff,6330,size_in_bytes,cmx,149049132,,
2026-07-03T15:36:44Z,e988e516f69ea228dd48fe5c8f95cc75344df3ff,6330,size_in_bytes,cmo,1466542,,
2026-07-03T15:36:44Z,e988e516f69ea228dd48fe5c8f95cc75344df3ff,6330,size_in_bytes,cms,23985760,,
2026-07-03T15:36:44Z,e988e516f69ea228dd48fe5c8f95cc75344df3ff,6330,size_in_bytes,cmsi,8180074,,
2026-07-03T15:36:44Z,e988e516f69ea228dd48fe5c8f95cc75344df3ff,6330,size_in_bytes,cmt,601099362,,
2026-07-03T15:36:44Z,e988e516f69ea228dd48fe5c8f95cc75344df3ff,6330,size_in_bytes,cmti,70652373,,
2026-07-03T15:36:44Z,e988e516f69ea228dd48fe5c8f95cc75344df3ff,6330,size_in_bytes,o,74488,,
2026-07-03T15:36:44Z,e988e516f69ea228dd48fe5c8f95cc75344df3ff,6330,time_in_seconds,<all>,2614.676,,
2026-07-03T15:36:44Z,e988e516f69ea228dd48fe5c8f95cc75344df3ff,6330,time_in_seconds,parsing,9.122,,
2026-07-03T15:36:44Z,e988e516f69ea228dd48fe5c8f95cc75344df3ff,6330,time_in_seconds,typing,255.318,,
2026-07-03T15:36:44Z,e988e516f69ea228dd48fe5c8f95cc75344df3ff,6330,time_in_seconds,generate/flambda2,1084.763,,
2026-07-03T15:36:44Z,e988e516f69ea228dd48fe5c8f95cc75344df3ff,6330,time_in_seconds,generate/compile_phrases/cfg,381.601,,
2026-07-03T15:36:44Z,e988e516f69ea228dd48fe5c8f95cc75344df3ff,6330,time_in_seconds,generate/assemble,64.798,,
2026-07-03T15:36:44Z,e988e516f69ea228dd48fe5c8f95cc75344df3ff,6330,alloc_in_bytes,<all>,3289663321235,,
2026-07-03T15:36:44Z,e988e516f69ea228dd48fe5c8f95cc75344df3ff,6330,alloc_in_bytes,parsing,12740102931,,
2026-07-03T15:36:44Z,e988e516f69ea228dd48fe5c8f95cc75344df3ff,6330,alloc_in_bytes,typing,277025567456,,
2026-07-03T15:36:44Z,e988e516f69ea228dd48fe5c8f95cc75344df3ff,6330,alloc_in_bytes,generate/flambda2,2096828408454,,
2026-07-03T15:36:44Z,e988e516f69ea228dd48fe5c8f95cc75344df3ff,6330,alloc_in_bytes,generate/compile_phrases/cfg,404485915437,,
2026-07-03T15:36:44Z,e988e516f69ea228dd48fe5c8f95cc75344df3ff,6330,alloc_in_bytes,generate/assemble,317812876,,
2026-07-03T15:36:44Z,e988e516f69ea228dd48fe5c8f95cc75344df3ff,6330,top_heap_in_bytes,<all>,147020986032,,
2026-07-03T15:36:44Z,e988e516f69ea228dd48fe5c8f95cc75344df3ff,6330,top_heap_in_bytes,parsing,1995219370,,
2026-07-03T15:36:44Z,e988e516f69ea228dd48fe5c8f95cc75344df3ff,6330,top_heap_in_bytes,typing,30097863058,,
2026-07-03T15:36:44Z,e988e516f69ea228dd48fe5c8f95cc75344df3ff,6330,top_heap_in_bytes,generate/flambda2,66539915959,,
2026-07-03T15:36:44Z,e988e516f69ea228dd48fe5c8f95cc75344df3ff,6330,top_heap_in_bytes,generate/compile_phrases/cfg,21783536279,,
2026-07-03T15:36:44Z,e988e516f69ea228dd48fe5c8f95cc75344df3ff,6330,top_heap_in_bytes,generate/assemble,17752365,,
2026-07-03T15:36:44Z,e988e516f69ea228dd48fe5c8f95cc75344df3ff,6330,absolute_top_heap_in_bytes,<all>,191099482668,,
2026-07-03T15:36:44Z,e988e516f69ea228dd48fe5c8f95cc75344df3ff,6330,absolute_top_heap_in_bytes,parsing,10995891716,,
2026-07-03T15:36:44Z,e988e516f69ea228dd48fe5c8f95cc75344df3ff,6330,absolute_top_heap_in_bytes,typing,53578478715,,
2026-07-03T15:36:44Z,e988e516f69ea228dd48fe5c8f95cc75344df3ff,6330,absolute_top_heap_in_bytes,generate/flambda2,123189213484,,
2026-07-03T15:36:44Z,e988e516f69ea228dd48fe5c8f95cc75344df3ff,6330,absolute_top_heap_in_bytes,generate/compile_phrases/cfg,141299316744,,
2026-07-03T15:36:44Z,e988e516f69ea228dd48fe5c8f95cc75344df3ff,6330,absolute_top_heap_in_bytes,generate/assemble,1901592559,,
2026-07-03T15:36:44Z,e988e516f69ea228dd48fe5c8f95cc75344df3ff,6330,counter,block,2409008,,
2026-07-03T15:36:44Z,e988e516f69ea228dd48fe5c8f95cc75344df3ff,6330,counter,instruction,14018318,,
2026-07-03T15:36:44Z,e988e516f69ea228dd48fe5c8f95cc75344df3ff,6330,counter,move,1784278,,
2026-07-03T15:36:44Z,e988e516f69ea228dd48fe5c8f95cc75344df3ff,6330,counter,reload,941067,,
2026-07-03T15:36:44Z,e988e516f69ea228dd48fe5c8f95cc75344df3ff,6330,counter,spill,670118,,
2026-07-03T15:36:44Z,e988e516f69ea228dd48fe5c8f95cc75344df3ff,6330,counter,stack_slot,440428,,
2026-07-07T22:28:33Z,002aa180d16a01ab8c5c14243e8fce753fd49102,6414,size_in_bytes,exe,68318800,,
2026-07-07T22:28:33Z,002aa180d16a01ab8c5c14243e8fce753fd49102,6414,size_in_bytes,opt,475033632,,
2026-07-07T22:28:33Z,002aa180d16a01ab8c5c14243e8fce753fd49102,6414,size_in_bytes,a,213930712,,
2026-07-07T22:28:33Z,002aa180d16a01ab8c5c14243e8fce753fd49102,6414,size_in_bytes,cmxa,349418,,
2026-07-07T22:28:33Z,002aa180d16a01ab8c5c14243e8fce753fd49102,6414,size_in_bytes,cma,257184323,,
2026-07-07T22:28:33Z,002aa180d16a01ab8c5c14243e8fce753fd49102,6414,size_in_bytes,cmi,23611978,,
2026-07-07T22:28:33Z,002aa180d16a01ab8c5c14243e8fce753fd49102,6414,size_in_bytes,cmx,149099740,,
2026-07-07T22:28:33Z,002aa180d16a01ab8c5c14243e8fce753fd49102,6414,size_in_bytes,cmo,1466542,,
2026-07-07T22:28:33Z,002aa180d16a01ab8c5c14243e8fce753fd49102,6414,size_in_bytes,cms,24386902,,
2026-07-07T22:28:33Z,002aa180d16a01ab8c5c14243e8fce753fd49102,6414,size_in_bytes,cmsi,8183462,,
2026-07-07T22:28:33Z,002aa180d16a01ab8c5c14243e8fce753fd49102,6414,size_in_bytes,cmt,603161945,,
2026-07-07T22:28:33Z,002aa180d16a01ab8c5c14243e8fce753fd49102,6414,size_in_bytes,cmti,70803388,,
2026-07-07T22:28:33Z,002aa180d16a01ab8c5c14243e8fce753fd49102,6414,size_in_bytes,o,74488,,
2026-07-07T22:28:33Z,002aa180d16a01ab8c5c14243e8fce753fd49102,6414,time_in_seconds,<all>,2441.067,,
2026-07-07T22:28:33Z,002aa180d16a01ab8c5c14243e8fce753fd49102,6414,time_in_seconds,parsing,9.271,,
2026-07-07T22:28:33Z,002aa180d16a01ab8c5c14243e8fce753fd49102,6414,time_in_seconds,typing,227.043,,
2026-07-07T22:28:33Z,002aa180d16a01ab8c5c14243e8fce753fd49102,6414,time_in_seconds,generate/flambda2,1049.023,,
2026-07-07T22:28:33Z,002aa180d16a01ab8c5c14243e8fce753fd49102,6414,time_in_seconds,generate/compile_phrases/cfg,371.250,,
2026-07-07T22:28:33Z,002aa180d16a01ab8c5c14243e8fce753fd49102,6414,time_in_seconds,generate/assemble,61.296,,
2026-07-07T22:28:33Z,002aa180d16a01ab8c5c14243e8fce753fd49102,6414,alloc_in_bytes,<all>,3302100502148,,
2026-07-07T22:28:33Z,002aa180d16a01ab8c5c14243e8fce753fd49102,6414,alloc_in_bytes,parsing,12858602537,,
2026-07-07T22:28:33Z,002aa180d16a01ab8c5c14243e8fce753fd49102,6414,alloc_in_bytes,typing,277336669464,,
2026-07-07T22:28:33Z,002aa180d16a01ab8c5c14243e8fce753fd49102,6414,alloc_in_bytes,generate/flambda2,2107650499155,,
2026-07-07T22:28:33Z,002aa180d16a01ab8c5c14243e8fce753fd49102,6414,alloc_in_bytes,generate/compile_phrases/cfg,405363416222,,
2026-07-07T22:28:33Z,002aa180d16a01ab8c5c14243e8fce753fd49102,6414,alloc_in_bytes,generate/assemble,311468990,,
2026-07-07T22:28:33Z,002aa180d16a01ab8c5c14243e8fce753fd49102,6414,top_heap_in_bytes,<all>,147306555251,,
2026-07-07T22:28:33Z,002aa180d16a01ab8c5c14243e8fce753fd49102,6414,top_heap_in_bytes,parsing,2019336593,,
2026-07-07T22:28:33Z,002aa180d16a01ab8c5c14243e8fce753fd49102,6414,top_heap_in_bytes,typing,30107059069,,
2026-07-07T22:28:33Z,002aa180d16a01ab8c5c14243e8fce753fd49102,6414,top_heap_in_bytes,generate/flambda2,66928476298,,
2026-07-07T22:28:33Z,002aa180d16a01ab8c5c14243e8fce753fd49102,6414,top_heap_in_bytes,generate/compile_phrases/cfg,21852941524,,
2026-07-07T22:28:33Z,002aa180d16a01ab8c5c14243e8fce753fd49102,6414,top_heap_in_bytes,generate/assemble,18024998,,
2026-07-07T22:28:33Z,002aa180d16a01ab8c5c14243e8fce753fd49102,6414,absolute_top_heap_in_bytes,<all>,191479843096,,
2026-07-07T22:28:33Z,002aa180d16a01ab8c5c14243e8fce753fd49102,6414,absolute_top_heap_in_bytes,parsing,11615778280,,
2026-07-07T22:28:33Z,002aa180d16a01ab8c5c14243e8fce753fd49102,6414,absolute_top_heap_in_bytes,typing,52717713174,,
2026-07-07T22:28:33Z,002aa180d16a01ab8c5c14243e8fce753fd49102,6414,absolute_top_heap_in_bytes,generate/flambda2,125520208425,,
2026-07-07T22:28:33Z,002aa180d16a01ab8c5c14243e8fce753fd49102,6414,absolute_top_heap_in_bytes,generate/compile_phrases/cfg,141260508884,,
2026-07-07T22:28:33Z,002aa180d16a01ab8c5c14243e8fce753fd49102,6414,absolute_top_heap_in_bytes,generate/assemble,1935251849,,
2026-07-07T22:28:33Z,002aa180d16a01ab8c5c14243e8fce753fd49102,6414,counter,block,2414101,,
2026-07-07T22:28:33Z,002aa180d16a01ab8c5c14243e8fce753fd49102,6414,counter,instruction,14054152,,
2026-07-07T22:28:33Z,002aa180d16a01ab8c5c14243e8fce753fd49102,6414,counter,move,1790579,,
2026-07-07T22:28:33Z,002aa180d16a01ab8c5c14243e8fce753fd49102,6414,counter,reload,943832,,
2026-07-07T22:28:33Z,002aa180d16a01ab8c5c14243e8fce753fd49102,6414,counter,spill,672014,,
2026-07-07T22:28:33Z,002aa180d16a01ab8c5c14243e8fce753fd49102,6414,counter,stack_slot,442397,,
2026-07-07T22:07:49Z,2217bbbc621ed6a2bf1b4279a1e1b1e8988a96b8,5884,size_in_bytes,exe,68318800,,
2026-07-07T22:07:49Z,2217bbbc621ed6a2bf1b4279a1e1b1e8988a96b8,5884,size_in_bytes,opt,475033632,,
2026-07-07T22:07:49Z,2217bbbc621ed6a2bf1b4279a1e1b1e8988a96b8,5884,size_in_bytes,a,213930712,,
2026-07-07T22:07:49Z,2217bbbc621ed6a2bf1b4279a1e1b1e8988a96b8,5884,size_in_bytes,cmxa,349418,,
2026-07-07T22:07:49Z,2217bbbc621ed6a2bf1b4279a1e1b1e8988a96b8,5884,size_in_bytes,cma,257184323,,
2026-07-07T22:07:49Z,2217bbbc621ed6a2bf1b4279a1e1b1e8988a96b8,5884,size_in_bytes,cmi,23611978,,
2026-07-07T22:07:49Z,2217bbbc621ed6a2bf1b4279a1e1b1e8988a96b8,5884,size_in_bytes,cmx,149099740,,
2026-07-07T22:07:49Z,2217bbbc621ed6a2bf1b4279a1e1b1e8988a96b8,5884,size_in_bytes,cmo,1466542,,
2026-07-07T22:07:49Z,2217bbbc621ed6a2bf1b4279a1e1b1e8988a96b8,5884,size_in_bytes,cms,24386902,,
2026-07-07T22:07:49Z,2217bbbc621ed6a2bf1b4279a1e1b1e8988a96b8,5884,size_in_bytes,cmsi,8183462,,
2026-07-07T22:07:49Z,2217bbbc621ed6a2bf1b4279a1e1b1e8988a96b8,5884,size_in_bytes,cmt,603161945,,
2026-07-07T22:07:49Z,2217bbbc621ed6a2bf1b4279a1e1b1e8988a96b8,5884,size_in_bytes,cmti,70803388,,
2026-07-07T22:07:49Z,2217bbbc621ed6a2bf1b4279a1e1b1e8988a96b8,5884,size_in_bytes,o,74488,,
2026-07-07T22:07:49Z,2217bbbc621ed6a2bf1b4279a1e1b1e8988a96b8,5884,time_in_seconds,<all>,2548.314,,
2026-07-07T22:07:49Z,2217bbbc621ed6a2bf1b4279a1e1b1e8988a96b8,5884,time_in_seconds,parsing,8.495,,
2026-07-07T22:07:49Z,2217bbbc621ed6a2bf1b4279a1e1b1e8988a96b8,5884,time_in_seconds,typing,231.766,,
2026-07-07T22:07:49Z,2217bbbc621ed6a2bf1b4279a1e1b1e8988a96b8,5884,time_in_seconds,generate/flambda2,1070.039,,
2026-07-07T22:07:49Z,2217bbbc621ed6a2bf1b4279a1e1b1e8988a96b8,5884,time_in_seconds,generate/compile_phrases/cfg,390.065,,
2026-07-07T22:07:49Z,2217bbbc621ed6a2bf1b4279a1e1b1e8988a96b8,5884,time_in_seconds,generate/assemble,65.533,,
2026-07-07T22:07:49Z,2217bbbc621ed6a2bf1b4279a1e1b1e8988a96b8,5884,alloc_in_bytes,<all>,3302083336954,,
2026-07-07T22:07:49Z,2217bbbc621ed6a2bf1b4279a1e1b1e8988a96b8,5884,alloc_in_bytes,parsing,12859504308,,
2026-07-07T22:07:49Z,2217bbbc621ed6a2bf1b4279a1e1b1e8988a96b8,5884,alloc_in_bytes,typing,277343474728,,
2026-07-07T22:07:49Z,2217bbbc621ed6a2bf1b4279a1e1b1e8988a96b8,5884,alloc_in_bytes,generate/flambda2,2107658248131,,
2026-07-07T22:07:49Z,2217bbbc621ed6a2bf1b4279a1e1b1e8988a96b8,5884,alloc_in_bytes,generate/compile_phrases/cfg,405433136040,,
2026-07-07T22:07:49Z,2217bbbc621ed6a2bf1b4279a1e1b1e8988a96b8,5884,alloc_in_bytes,generate/assemble,313566142,,
2026-07-07T22:07:49Z,2217bbbc621ed6a2bf1b4279a1e1b1e8988a96b8,5884,top_heap_in_bytes,<all>,147305171131,,
2026-07-07T22:07:49Z,2217bbbc621ed6a2bf1b4279a1e1b1e8988a96b8,5884,top_heap_in_bytes,parsing,2018004896,,
2026-07-07T22:07:49Z,2217bbbc621ed6a2bf1b4279a1e1b1e8988a96b8,5884,top_heap_in_bytes,typing,30110907334,,
2026-07-07T22:07:49Z,2217bbbc621ed6a2bf1b4279a1e1b1e8988a96b8,5884,top_heap_in_bytes,generate/flambda2,66927459186,,
2026-07-07T22:07:49Z,2217bbbc621ed6a2bf1b4279a1e1b1e8988a96b8,5884,top_heap_in_bytes,generate/compile_phrases/cfg,21863049789,,
2026-07-07T22:07:49Z,2217bbbc621ed6a2bf1b4279a1e1b1e8988a96b8,5884,top_heap_in_bytes,generate/assemble,19681748,,
2026-07-07T22:07:49Z,2217bbbc621ed6a2bf1b4279a1e1b1e8988a96b8,5884,absolute_top_heap_in_bytes,<all>,191480105241,,
2026-07-07T22:07:49Z,2217bbbc621ed6a2bf1b4279a1e1b1e8988a96b8,5884,absolute_top_heap_in_bytes,parsing,11611437175,,
2026-07-07T22:07:49Z,2217bbbc621ed6a2bf1b4279a1e1b1e8988a96b8,5884,absolute_top_heap_in_bytes,typing,52739146060,,
2026-07-07T22:07:49Z,2217bbbc621ed6a2bf1b4279a1e1b1e8988a96b8,5884,absolute_top_heap_in_bytes,generate/flambda2,123561447492,,
2026-07-07T22:07:49Z,2217bbbc621ed6a2bf1b4279a1e1b1e8988a96b8,5884,absolute_top_heap_in_bytes,generate/compile_phrases/cfg,141250830536,,
2026-07-07T22:07:49Z,2217bbbc621ed6a2bf1b4279a1e1b1e8988a96b8,5884,absolute_top_heap_in_bytes,generate/assemble,1946366754,,
2026-07-07T22:07:49Z,2217bbbc621ed6a2bf1b4279a1e1b1e8988a96b8,5884,counter,block,2414101,,
2026-07-07T22:07:49Z,2217bbbc621ed6a2bf1b4279a1e1b1e8988a96b8,5884,counter,instruction,14054152,,
2026-07-07T22:07:49Z,2217bbbc621ed6a2bf1b4279a1e1b1e8988a96b8,5884,counter,move,1790579,,
2026-07-07T22:07:49Z,2217bbbc621ed6a2bf1b4279a1e1b1e8988a96b8,5884,counter,reload,943832,,
2026-07-07T22:07:49Z,2217bbbc621ed6a2bf1b4279a1e1b1e8988a96b8,5884,counter,spill,672014,,
2026-07-07T22:07:49Z,2217bbbc621ed6a2bf1b4279a1e1b1e8988a96b8,5884,counter,stack_slot,442397,,
2026-07-07T04:30:12Z,407a63d9a64b6a542da4296155efe21729bf780f,6410,size_in_bytes,exe,68300144,,
2026-07-07T04:30:12Z,407a63d9a64b6a542da4296155efe21729bf780f,6410,size_in_bytes,opt,474823160,,
2026-07-07T04:30:12Z,407a63d9a64b6a542da4296155efe21729bf780f,6410,size_in_bytes,a,213853460,,
2026-07-07T04:30:12Z,407a63d9a64b6a542da4296155efe21729bf780f,6410,size_in_bytes,cmxa,349418,,
2026-07-07T04:30:12Z,407a63d9a64b6a542da4296155efe21729bf780f,6410,size_in_bytes,cma,257054631,,
2026-07-07T04:30:12Z,407a63d9a64b6a542da4296155efe21729bf780f,6410,size_in_bytes,cmi,23610818,,
2026-07-07T04:30:12Z,407a63d9a64b6a542da4296155efe21729bf780f,6410,size_in_bytes,cmx,149050155,,
2026-07-07T04:30:12Z,407a63d9a64b6a542da4296155efe21729bf780f,6410,size_in_bytes,cmo,1466542,,
2026-07-07T04:30:12Z,407a63d9a64b6a542da4296155efe21729bf780f,6410,size_in_bytes,cms,24384673,,
2026-07-07T04:30:12Z,407a63d9a64b6a542da4296155efe21729bf780f,6410,size_in_bytes,cmsi,8183462,,
2026-07-07T04:30:12Z,407a63d9a64b6a542da4296155efe21729bf780f,6410,size_in_bytes,cmt,602881091,,
2026-07-07T04:30:12Z,407a63d9a64b6a542da4296155efe21729bf780f,6410,size_in_bytes,cmti,70797962,,
2026-07-07T04:30:12Z,407a63d9a64b6a542da4296155efe21729bf780f,6410,size_in_bytes,o,74488,,
2026-07-07T04:30:12Z,407a63d9a64b6a542da4296155efe21729bf780f,6410,time_in_seconds,<all>,2516.452,,
2026-07-07T04:30:12Z,407a63d9a64b6a542da4296155efe21729bf780f,6410,time_in_seconds,parsing,8.619,,
2026-07-07T04:30:12Z,407a63d9a64b6a542da4296155efe21729bf780f,6410,time_in_seconds,typing,226.634,,
2026-07-07T04:30:12Z,407a63d9a64b6a542da4296155efe21729bf780f,6410,time_in_seconds,generate/flambda2,1053.191,,
2026-07-07T04:30:12Z,407a63d9a64b6a542da4296155efe21729bf780f,6410,time_in_seconds,generate/compile_phrases/cfg,381.836,,
2026-07-07T04:30:12Z,407a63d9a64b6a542da4296155efe21729bf780f,6410,time_in_seconds,generate/assemble,65.638,,
2026-07-07T04:30:12Z,407a63d9a64b6a542da4296155efe21729bf780f,6410,alloc_in_bytes,<all>,3300262788821,,
2026-07-07T04:30:12Z,407a63d9a64b6a542da4296155efe21729bf780f,6410,alloc_in_bytes,parsing,12729606696,,
2026-07-07T04:30:12Z,407a63d9a64b6a542da4296155efe21729bf780f,6410,alloc_in_bytes,typing,277223601531,,
2026-07-07T04:30:12Z,407a63d9a64b6a542da4296155efe21729bf780f,6410,alloc_in_bytes,generate/flambda2,2106935653432,,
2026-07-07T04:30:12Z,407a63d9a64b6a542da4296155efe21729bf780f,6410,alloc_in_bytes,generate/compile_phrases/cfg,405375527296,,
2026-07-07T04:30:12Z,407a63d9a64b6a542da4296155efe21729bf780f,6410,alloc_in_bytes,generate/assemble,305408220,,
2026-07-07T04:30:12Z,407a63d9a64b6a542da4296155efe21729bf780f,6410,top_heap_in_bytes,<all>,147130446901,,
2026-07-07T04:30:12Z,407a63d9a64b6a542da4296155efe21729bf780f,6410,top_heap_in_bytes,parsing,1974698734,,
2026-07-07T04:30:12Z,407a63d9a64b6a542da4296155efe21729bf780f,6410,top_heap_in_bytes,typing,30122305359,,
2026-07-07T04:30:12Z,407a63d9a64b6a542da4296155efe21729bf780f,6410,top_heap_in_bytes,generate/flambda2,66887854455,,
2026-07-07T04:30:12Z,407a63d9a64b6a542da4296155efe21729bf780f,6410,top_heap_in_bytes,generate/compile_phrases/cfg,21761505700,,
2026-07-07T04:30:12Z,407a63d9a64b6a542da4296155efe21729bf780f,6410,top_heap_in_bytes,generate/assemble,17364398,,
2026-07-07T04:30:12Z,407a63d9a64b6a542da4296155efe21729bf780f,6410,absolute_top_heap_in_bytes,<all>,191549971875,,
2026-07-07T04:30:12Z,407a63d9a64b6a542da4296155efe21729bf780f,6410,absolute_top_heap_in_bytes,parsing,11332432125,,
2026-07-07T04:30:12Z,407a63d9a64b6a542da4296155efe21729bf780f,6410,absolute_top_heap_in_bytes,typing,52688845871,,
2026-07-07T04:30:12Z,407a63d9a64b6a542da4296155efe21729bf780f,6410,absolute_top_heap_in_bytes,generate/flambda2,125366497680,,
2026-07-07T04:30:12Z,407a63d9a64b6a542da4296155efe21729bf780f,6410,absolute_top_heap_in_bytes,generate/compile_phrases/cfg,140805573713,,
2026-07-07T04:30:12Z,407a63d9a64b6a542da4296155efe21729bf780f,6410,absolute_top_heap_in_bytes,generate/assemble,1606523271,,
2026-07-07T04:30:12Z,407a63d9a64b6a542da4296155efe21729bf780f,6410,counter,block,2410688,,
2026-07-07T04:30:12Z,407a63d9a64b6a542da4296155efe21729bf780f,6410,counter,instruction,14026487,,
2026-07-07T04:30:12Z,407a63d9a64b6a542da4296155efe21729bf780f,6410,counter,move,1785438,,
2026-07-07T04:30:12Z,407a63d9a64b6a542da4296155efe21729bf780f,6410,counter,reload,941661,,
2026-07-07T04:30:12Z,407a63d9a64b6a542da4296155efe21729bf780f,6410,counter,spill,670275,,
2026-07-07T04:30:12Z,407a63d9a64b6a542da4296155efe21729bf780f,6410,counter,stack_slot,440624,,
2026-07-07T17:40:11Z,41d57a493d91609a477622e78ffaa0d7eeb7cebc,6417,size_in_bytes,exe,68300368,,
2026-07-07T17:40:11Z,41d57a493d91609a477622e78ffaa0d7eeb7cebc,6417,size_in_bytes,opt,474829568,,
2026-07-07T17:40:11Z,41d57a493d91609a477622e78ffaa0d7eeb7cebc,6417,size_in_bytes,a,213858252,,
2026-07-07T17:40:11Z,41d57a493d91609a477622e78ffaa0d7eeb7cebc,6417,size_in_bytes,cmxa,349418,,
2026-07-07T17:40:11Z,41d57a493d91609a477622e78ffaa0d7eeb7cebc,6417,size_in_bytes,cma,257054631,,
2026-07-07T17:40:11Z,41d57a493d91609a477622e78ffaa0d7eeb7cebc,6417,size_in_bytes,cmi,23610818,,
2026-07-07T17:40:11Z,41d57a493d91609a477622e78ffaa0d7eeb7cebc,6417,size_in_bytes,cmx,149050155,,
2026-07-07T17:40:11Z,41d57a493d91609a477622e78ffaa0d7eeb7cebc,6417,size_in_bytes,cmo,1466542,,
2026-07-07T17:40:11Z,41d57a493d91609a477622e78ffaa0d7eeb7cebc,6417,size_in_bytes,cms,24384673,,
2026-07-07T17:40:11Z,41d57a493d91609a477622e78ffaa0d7eeb7cebc,6417,size_in_bytes,cmsi,8183462,,
2026-07-07T17:40:11Z,41d57a493d91609a477622e78ffaa0d7eeb7cebc,6417,size_in_bytes,cmt,602881091,,
2026-07-07T17:40:11Z,41d57a493d91609a477622e78ffaa0d7eeb7cebc,6417,size_in_bytes,cmti,70797962,,
2026-07-07T17:40:11Z,41d57a493d91609a477622e78ffaa0d7eeb7cebc,6417,size_in_bytes,o,74488,,
2026-07-07T17:40:11Z,41d57a493d91609a477622e78ffaa0d7eeb7cebc,6417,time_in_seconds,<all>,2438.041,,
2026-07-07T17:40:11Z,41d57a493d91609a477622e78ffaa0d7eeb7cebc,6417,time_in_seconds,parsing,9.187,,
2026-07-07T17:40:11Z,41d57a493d91609a477622e78ffaa0d7eeb7cebc,6417,time_in_seconds,typing,232.823,,
2026-07-07T17:40:11Z,41d57a493d91609a477622e78ffaa0d7eeb7cebc,6417,time_in_seconds,generate/flambda2,1045.178,,
2026-07-07T17:40:11Z,41d57a493d91609a477622e78ffaa0d7eeb7cebc,6417,time_in_seconds,generate/compile_phrases/cfg,369.787,,
2026-07-07T17:40:11Z,41d57a493d91609a477622e78ffaa0d7eeb7cebc,6417,time_in_seconds,generate/assemble,60.119,,
2026-07-07T17:40:11Z,41d57a493d91609a477622e78ffaa0d7eeb7cebc,6417,alloc_in_bytes,<all>,3300407303563,,
2026-07-07T17:40:11Z,41d57a493d91609a477622e78ffaa0d7eeb7cebc,6417,alloc_in_bytes,parsing,12728149174,,
2026-07-07T17:40:11Z,41d57a493d91609a477622e78ffaa0d7eeb7cebc,6417,alloc_in_bytes,typing,277239539887,,
2026-07-07T17:40:11Z,41d57a493d91609a477622e78ffaa0d7eeb7cebc,6417,alloc_in_bytes,generate/flambda2,2106940571252,,
2026-07-07T17:40:11Z,41d57a493d91609a477622e78ffaa0d7eeb7cebc,6417,alloc_in_bytes,generate/compile_phrases/cfg,405366436141,,
2026-07-07T17:40:11Z,41d57a493d91609a477622e78ffaa0d7eeb7cebc,6417,alloc_in_bytes,generate/assemble,305408220,,
2026-07-07T17:40:11Z,41d57a493d91609a477622e78ffaa0d7eeb7cebc,6417,top_heap_in_bytes,<all>,147141844927,,
2026-07-07T17:40:11Z,41d57a493d91609a477622e78ffaa0d7eeb7cebc,6417,top_heap_in_bytes,parsing,1974897961,,
2026-07-07T17:40:11Z,41d57a493d91609a477622e78ffaa0d7eeb7cebc,6417,top_heap_in_bytes,typing,30125430110,,
2026-07-07T17:40:11Z,41d57a493d91609a477622e78ffaa0d7eeb7cebc,6417,top_heap_in_bytes,generate/flambda2,66890381519,,
2026-07-07T17:40:11Z,41d57a493d91609a477622e78ffaa0d7eeb7cebc,6417,top_heap_in_bytes,generate/compile_phrases/cfg,21762271160,,
2026-07-07T17:40:11Z,41d57a493d91609a477622e78ffaa0d7eeb7cebc,6417,top_heap_in_bytes,generate/assemble,17364398,,
2026-07-07T17:40:11Z,41d57a493d91609a477622e78ffaa0d7eeb7cebc,6417,absolute_top_heap_in_bytes,<all>,191558213679,,
2026-07-07T17:40:11Z,41d57a493d91609a477622e78ffaa0d7eeb7cebc,6417,absolute_top_heap_in_bytes,parsing,11317940808,,
2026-07-07T17:40:11Z,41d57a493d91609a477622e78ffaa0d7eeb7cebc,6417,absolute_top_heap_in_bytes,typing,52705392393,,
2026-07-07T17:40:11Z,41d57a493d91609a477622e78ffaa0d7eeb7cebc,6417,absolute_top_heap_in_bytes,generate/flambda2,123411910075,,
2026-07-07T17:40:11Z,41d57a493d91609a477622e78ffaa0d7eeb7cebc,6417,absolute_top_heap_in_bytes,generate/compile_phrases/cfg,140813511440,,
2026-07-07T17:40:11Z,41d57a493d91609a477622e78ffaa0d7eeb7cebc,6417,absolute_top_heap_in_bytes,generate/assemble,1606523271,,
2026-07-07T17:40:11Z,41d57a493d91609a477622e78ffaa0d7eeb7cebc,6417,counter,block,2411262,,
2026-07-07T17:40:11Z,41d57a493d91609a477622e78ffaa0d7eeb7cebc,6417,counter,instruction,14030538,,
2026-07-07T17:40:11Z,41d57a493d91609a477622e78ffaa0d7eeb7cebc,6417,counter,move,1786163,,
2026-07-07T17:40:11Z,41d57a493d91609a477622e78ffaa0d7eeb7cebc,6417,counter,reload,941796,,
2026-07-07T17:40:11Z,41d57a493d91609a477622e78ffaa0d7eeb7cebc,6417,counter,spill,670402,,
2026-07-07T17:40:11Z,41d57a493d91609a477622e78ffaa0d7eeb7cebc,6417,counter,stack_slot,440751,,
2026-07-07T00:35:23Z,692e6dff6d6f9ab6ab83a9405935a954d05cdb59,6375,size_in_bytes,exe,68291240,,
2026-07-07T00:35:23Z,692e6dff6d6f9ab6ab83a9405935a954d05cdb59,6375,size_in_bytes,opt,474783776,,
2026-07-07T00:35:23Z,692e6dff6d6f9ab6ab83a9405935a954d05cdb59,6375,size_in_bytes,a,213843996,,
2026-07-07T00:35:23Z,692e6dff6d6f9ab6ab83a9405935a954d05cdb59,6375,size_in_bytes,cmxa,349418,,
2026-07-07T00:35:23Z,692e6dff6d6f9ab6ab83a9405935a954d05cdb59,6375,size_in_bytes,cma,257051660,,
2026-07-07T00:35:23Z,692e6dff6d6f9ab6ab83a9405935a954d05cdb59,6375,size_in_bytes,cmi,23619007,,
2026-07-07T00:35:23Z,692e6dff6d6f9ab6ab83a9405935a954d05cdb59,6375,size_in_bytes,cmx,149049580,,
2026-07-07T00:35:23Z,692e6dff6d6f9ab6ab83a9405935a954d05cdb59,6375,size_in_bytes,cmo,1466542,,
2026-07-07T00:35:23Z,692e6dff6d6f9ab6ab83a9405935a954d05cdb59,6375,size_in_bytes,cms,24384673,,
2026-07-07T00:35:23Z,692e6dff6d6f9ab6ab83a9405935a954d05cdb59,6375,size_in_bytes,cmsi,8183462,,
2026-07-07T00:35:23Z,692e6dff6d6f9ab6ab83a9405935a954d05cdb59,6375,size_in_bytes,cmt,602874037,,
2026-07-07T00:35:23Z,692e6dff6d6f9ab6ab83a9405935a954d05cdb59,6375,size_in_bytes,cmti,70807084,,
2026-07-07T00:35:23Z,692e6dff6d6f9ab6ab83a9405935a954d05cdb59,6375,size_in_bytes,o,74488,,
2026-07-07T00:35:23Z,692e6dff6d6f9ab6ab83a9405935a954d05cdb59,6375,time_in_seconds,<all>,2486.985,,
2026-07-07T00:35:23Z,692e6dff6d6f9ab6ab83a9405935a954d05cdb59,6375,time_in_seconds,parsing,8.538,,
2026-07-07T00:35:23Z,692e6dff6d6f9ab6ab83a9405935a954d05cdb59,6375,time_in_seconds,typing,222.420,,
2026-07-07T00:35:23Z,692e6dff6d6f9ab6ab83a9405935a954d05cdb59,6375,time_in_seconds,generate/flambda2,1044.549,,
2026-07-07T00:35:23Z,692e6dff6d6f9ab6ab83a9405935a954d05cdb59,6375,time_in_seconds,generate/compile_phrases/cfg,382.200,,
2026-07-07T00:35:23Z,692e6dff6d6f9ab6ab83a9405935a954d05cdb59,6375,time_in_seconds,generate/assemble,64.391,,
2026-07-07T00:35:23Z,692e6dff6d6f9ab6ab83a9405935a954d05cdb59,6375,alloc_in_bytes,<all>,3300093160690,,
2026-07-07T00:35:23Z,692e6dff6d6f9ab6ab83a9405935a954d05cdb59,6375,alloc_in_bytes,parsing,12737009646,,
2026-07-07T00:35:23Z,692e6dff6d6f9ab6ab83a9405935a954d05cdb59,6375,alloc_in_bytes,typing,277245401404,,
2026-07-07T00:35:23Z,692e6dff6d6f9ab6ab83a9405935a954d05cdb59,6375,alloc_in_bytes,generate/flambda2,2106893521649,,
2026-07-07T00:35:23Z,692e6dff6d6f9ab6ab83a9405935a954d05cdb59,6375,alloc_in_bytes,generate/compile_phrases/cfg,405482607877,,
2026-07-07T00:35:23Z,692e6dff6d6f9ab6ab83a9405935a954d05cdb59,6375,alloc_in_bytes,generate/assemble,305544535,,
2026-07-07T00:35:23Z,692e6dff6d6f9ab6ab83a9405935a954d05cdb59,6375,top_heap_in_bytes,<all>,147246996132,,
2026-07-07T00:35:23Z,692e6dff6d6f9ab6ab83a9405935a954d05cdb59,6375,top_heap_in_bytes,parsing,1979123719,,
2026-07-07T00:35:23Z,692e6dff6d6f9ab6ab83a9405935a954d05cdb59,6375,top_heap_in_bytes,typing,30147691387,,
2026-07-07T00:35:23Z,692e6dff6d6f9ab6ab83a9405935a954d05cdb59,6375,top_heap_in_bytes,generate/flambda2,66916784665,,
2026-07-07T00:35:23Z,692e6dff6d6f9ab6ab83a9405935a954d05cdb59,6375,top_heap_in_bytes,generate/compile_phrases/cfg,21782246547,,
2026-07-07T00:35:23Z,692e6dff6d6f9ab6ab83a9405935a954d05cdb59,6375,top_heap_in_bytes,generate/assemble,17762855,,
2026-07-07T00:35:23Z,692e6dff6d6f9ab6ab83a9405935a954d05cdb59,6375,absolute_top_heap_in_bytes,<all>,191321885622,,
2026-07-07T00:35:23Z,692e6dff6d6f9ab6ab83a9405935a954d05cdb59,6375,absolute_top_heap_in_bytes,parsing,11098756968,,
2026-07-07T00:35:23Z,692e6dff6d6f9ab6ab83a9405935a954d05cdb59,6375,absolute_top_heap_in_bytes,typing,52922269343,,
2026-07-07T00:35:23Z,692e6dff6d6f9ab6ab83a9405935a954d05cdb59,6375,absolute_top_heap_in_bytes,generate/flambda2,123490322581,,
2026-07-07T00:35:23Z,692e6dff6d6f9ab6ab83a9405935a954d05cdb59,6375,absolute_top_heap_in_bytes,generate/compile_phrases/cfg,141066606234,,
2026-07-07T00:35:23Z,692e6dff6d6f9ab6ab83a9405935a954d05cdb59,6375,absolute_top_heap_in_bytes,generate/assemble,1606732988,,
2026-07-07T00:35:23Z,692e6dff6d6f9ab6ab83a9405935a954d05cdb59,6375,counter,block,2410640,,
2026-07-07T00:35:23Z,692e6dff6d6f9ab6ab83a9405935a954d05cdb59,6375,counter,instruction,14026111,,
2026-07-07T00:35:23Z,692e6dff6d6f9ab6ab83a9405935a954d05cdb59,6375,counter,move,1785387,,
2026-07-07T00:35:23Z,692e6dff6d6f9ab6ab83a9405935a954d05cdb59,6375,counter,reload,941626,,
2026-07-07T00:35:23Z,692e6dff6d6f9ab6ab83a9405935a954d05cdb59,6375,counter,spill,670253,,
2026-07-07T00:35:23Z,692e6dff6d6f9ab6ab83a9405935a954d05cdb59,6375,counter,stack_slot,440618,,
2026-07-07T20:01:23Z,6a122470ad7e0f319c06d0283ed5df187c0d37ab,6384,size_in_bytes,exe,68314184,,
2026-07-07T20:01:23Z,6a122470ad7e0f319c06d0283ed5df187c0d37ab,6384,size_in_bytes,opt,474995808,,
2026-07-07T20:01:23Z,6a122470ad7e0f319c06d0283ed5df187c0d37ab,6384,size_in_bytes,a,213924954,,
2026-07-07T20:01:23Z,6a122470ad7e0f319c06d0283ed5df187c0d37ab,6384,size_in_bytes,cmxa,349418,,
2026-07-07T20:01:23Z,6a122470ad7e0f319c06d0283ed5df187c0d37ab,6384,size_in_bytes,cma,257179583,,
2026-07-07T20:01:23Z,6a122470ad7e0f319c06d0283ed5df187c0d37ab,6384,size_in_bytes,cmi,23611692,,
2026-07-07T20:01:23Z,6a122470ad7e0f319c06d0283ed5df187c0d37ab,6384,size_in_bytes,cmx,149099785,,
2026-07-07T20:01:23Z,6a122470ad7e0f319c06d0283ed5df187c0d37ab,6384,size_in_bytes,cmo,1466542,,
2026-07-07T20:01:23Z,6a122470ad7e0f319c06d0283ed5df187c0d37ab,6384,size_in_bytes,cms,24387533,,
2026-07-07T20:01:23Z,6a122470ad7e0f319c06d0283ed5df187c0d37ab,6384,size_in_bytes,cmsi,8183462,,
2026-07-07T20:01:23Z,6a122470ad7e0f319c06d0283ed5df187c0d37ab,6384,size_in_bytes,cmt,603134930,,
2026-07-07T20:01:23Z,6a122470ad7e0f319c06d0283ed5df187c0d37ab,6384,size_in_bytes,cmti,70801655,,
2026-07-07T20:01:23Z,6a122470ad7e0f319c06d0283ed5df187c0d37ab,6384,size_in_bytes,o,74488,,
2026-07-07T20:01:23Z,6a122470ad7e0f319c06d0283ed5df187c0d37ab,6384,time_in_seconds,<all>,2406.456,,
2026-07-07T20:01:23Z,6a122470ad7e0f319c06d0283ed5df187c0d37ab,6384,time_in_seconds,parsing,8.673,,
2026-07-07T20:01:23Z,6a122470ad7e0f319c06d0283ed5df187c0d37ab,6384,time_in_seconds,typing,217.380,,
2026-07-07T20:01:23Z,6a122470ad7e0f319c06d0283ed5df187c0d37ab,6384,time_in_seconds,generate/flambda2,1021.855,,
2026-07-07T20:01:23Z,6a122470ad7e0f319c06d0283ed5df187c0d37ab,6384,time_in_seconds,generate/compile_phrases/cfg,370.276,,
2026-07-07T20:01:23Z,6a122470ad7e0f319c06d0283ed5df187c0d37ab,6384,time_in_seconds,generate/assemble,60.601,,
2026-07-07T20:01:23Z,6a122470ad7e0f319c06d0283ed5df187c0d37ab,6384,alloc_in_bytes,<all>,3300581325240,,
2026-07-07T20:01:23Z,6a122470ad7e0f319c06d0283ed5df187c0d37ab,6384,alloc_in_bytes,parsing,12862681491,,
2026-07-07T20:01:23Z,6a122470ad7e0f319c06d0283ed5df187c0d37ab,6384,alloc_in_bytes,typing,277332055735,,
2026-07-07T20:01:23Z,6a122470ad7e0f319c06d0283ed5df187c0d37ab,6384,alloc_in_bytes,generate/flambda2,2107472639696,,
2026-07-07T20:01:23Z,6a122470ad7e0f319c06d0283ed5df187c0d37ab,6384,alloc_in_bytes,generate/compile_phrases/cfg,405111936242,,
2026-07-07T20:01:23Z,6a122470ad7e0f319c06d0283ed5df187c0d37ab,6384,alloc_in_bytes,generate/assemble,311468990,,
2026-07-07T20:01:23Z,6a122470ad7e0f319c06d0283ed5df187c0d37ab,6384,top_heap_in_bytes,<all>,147262242427,,
2026-07-07T20:01:23Z,6a122470ad7e0f319c06d0283ed5df187c0d37ab,6384,top_heap_in_bytes,parsing,2019420476,,
2026-07-07T20:01:23Z,6a122470ad7e0f319c06d0283ed5df187c0d37ab,6384,top_heap_in_bytes,typing,30105632994,,
2026-07-07T20:01:23Z,6a122470ad7e0f319c06d0283ed5df187c0d37ab,6384,top_heap_in_bytes,generate/flambda2,66912296777,,
2026-07-07T20:01:23Z,6a122470ad7e0f319c06d0283ed5df187c0d37ab,6384,top_heap_in_bytes,generate/compile_phrases/cfg,21844332718,,
2026-07-07T20:01:23Z,6a122470ad7e0f319c06d0283ed5df187c0d37ab,6384,top_heap_in_bytes,generate/assemble,18024998,,
2026-07-07T20:01:23Z,6a122470ad7e0f319c06d0283ed5df187c0d37ab,6384,absolute_top_heap_in_bytes,<all>,191392454780,,
2026-07-07T20:01:23Z,6a122470ad7e0f319c06d0283ed5df187c0d37ab,6384,absolute_top_heap_in_bytes,parsing,11642779109,,
2026-07-07T20:01:23Z,6a122470ad7e0f319c06d0283ed5df187c0d37ab,6384,absolute_top_heap_in_bytes,typing,52728901475,,
2026-07-07T20:01:23Z,6a122470ad7e0f319c06d0283ed5df187c0d37ab,6384,absolute_top_heap_in_bytes,generate/flambda2,123465743951,,
2026-07-07T20:01:23Z,6a122470ad7e0f319c06d0283ed5df187c0d37ab,6384,absolute_top_heap_in_bytes,generate/compile_phrases/cfg,141227489219,,
2026-07-07T20:01:23Z,6a122470ad7e0f319c06d0283ed5df187c0d37ab,6384,absolute_top_heap_in_bytes,generate/assemble,1935251849,,
2026-07-07T20:01:23Z,6a122470ad7e0f319c06d0283ed5df187c0d37ab,6384,counter,block,2411425,,
2026-07-07T20:01:23Z,6a122470ad7e0f319c06d0283ed5df187c0d37ab,6384,counter,instruction,14029980,,
2026-07-07T20:01:23Z,6a122470ad7e0f319c06d0283ed5df187c0d37ab,6384,counter,move,1786105,,
2026-07-07T20:01:23Z,6a122470ad7e0f319c06d0283ed5df187c0d37ab,6384,counter,reload,941655,,
2026-07-07T20:01:23Z,6a122470ad7e0f319c06d0283ed5df187c0d37ab,6384,counter,spill,670150,,
2026-07-07T20:01:23Z,6a122470ad7e0f319c06d0283ed5df187c0d37ab,6384,counter,stack_slot,440654,,
2026-07-07T17:49:48Z,a023392ce42aac56bb1df31041cf11edfc82db26,6314,size_in_bytes,exe,68300368,,
2026-07-07T17:49:48Z,a023392ce42aac56bb1df31041cf11edfc82db26,6314,size_in_bytes,opt,474834736,,
2026-07-07T17:49:48Z,a023392ce42aac56bb1df31041cf11edfc82db26,6314,size_in_bytes,a,213862148,,
2026-07-07T17:49:48Z,a023392ce42aac56bb1df31041cf11edfc82db26,6314,size_in_bytes,cmxa,349418,,
2026-07-07T17:49:48Z,a023392ce42aac56bb1df31041cf11edfc82db26,6314,size_in_bytes,cma,257055333,,
2026-07-07T17:49:48Z,a023392ce42aac56bb1df31041cf11edfc82db26,6314,size_in_bytes,cmi,23610818,,
2026-07-07T17:49:48Z,a023392ce42aac56bb1df31041cf11edfc82db26,6314,size_in_bytes,cmx,149050155,,
2026-07-07T17:49:48Z,a023392ce42aac56bb1df31041cf11edfc82db26,6314,size_in_bytes,cmo,1466542,,
2026-07-07T17:49:48Z,a023392ce42aac56bb1df31041cf11edfc82db26,6314,size_in_bytes,cms,24384024,,
2026-07-07T17:49:48Z,a023392ce42aac56bb1df31041cf11edfc82db26,6314,size_in_bytes,cmsi,8183462,,
2026-07-07T17:49:48Z,a023392ce42aac56bb1df31041cf11edfc82db26,6314,size_in_bytes,cmt,602878552,,
2026-07-07T17:49:48Z,a023392ce42aac56bb1df31041cf11edfc82db26,6314,size_in_bytes,cmti,70797962,,
2026-07-07T17:49:48Z,a023392ce42aac56bb1df31041cf11edfc82db26,6314,size_in_bytes,o,74488,,
2026-07-07T17:49:48Z,a023392ce42aac56bb1df31041cf11edfc82db26,6314,time_in_seconds,<all>,2359.248,,
2026-07-07T17:49:48Z,a023392ce42aac56bb1df31041cf11edfc82db26,6314,time_in_seconds,parsing,8.319,,
2026-07-07T17:49:48Z,a023392ce42aac56bb1df31041cf11edfc82db26,6314,time_in_seconds,typing,220.832,,
2026-07-07T17:49:48Z,a023392ce42aac56bb1df31041cf11edfc82db26,6314,time_in_seconds,generate/flambda2,999.848,,
2026-07-07T17:49:48Z,a023392ce42aac56bb1df31041cf11edfc82db26,6314,time_in_seconds,generate/compile_phrases/cfg,358.147,,
2026-07-07T17:49:48Z,a023392ce42aac56bb1df31041cf11edfc82db26,6314,time_in_seconds,generate/assemble,61.613,,
2026-07-07T17:49:48Z,a023392ce42aac56bb1df31041cf11edfc82db26,6314,alloc_in_bytes,<all>,3300349139053,,
2026-07-07T17:49:48Z,a023392ce42aac56bb1df31041cf11edfc82db26,6314,alloc_in_bytes,parsing,12745555536,,
2026-07-07T17:49:48Z,a023392ce42aac56bb1df31041cf11edfc82db26,6314,alloc_in_bytes,typing,277221787493,,
2026-07-07T17:49:48Z,a023392ce42aac56bb1df31041cf11edfc82db26,6314,alloc_in_bytes,generate/flambda2,2106853612847,,
2026-07-07T17:49:48Z,a023392ce42aac56bb1df31041cf11edfc82db26,6314,alloc_in_bytes,generate/compile_phrases/cfg,405334181942,,
2026-07-07T17:49:48Z,a023392ce42aac56bb1df31041cf11edfc82db26,6314,alloc_in_bytes,generate/assemble,307505372,,
2026-07-07T17:49:48Z,a023392ce42aac56bb1df31041cf11edfc82db26,6314,top_heap_in_bytes,<all>,147176772999,,
2026-07-07T17:49:48Z,a023392ce42aac56bb1df31041cf11edfc82db26,6314,top_heap_in_bytes,parsing,1978305833,,
2026-07-07T17:49:48Z,a023392ce42aac56bb1df31041cf11edfc82db26,6314,top_heap_in_bytes,typing,30138893830,,
2026-07-07T17:49:48Z,a023392ce42aac56bb1df31041cf11edfc82db26,6314,top_heap_in_bytes,generate/flambda2,66890559786,,
2026-07-07T17:49:48Z,a023392ce42aac56bb1df31041cf11edfc82db26,6314,top_heap_in_bytes,generate/compile_phrases/cfg,21798835012,,
2026-07-07T17:49:48Z,a023392ce42aac56bb1df31041cf11edfc82db26,6314,top_heap_in_bytes,generate/assemble,17437798,,
2026-07-07T17:49:48Z,a023392ce42aac56bb1df31041cf11edfc82db26,6314,absolute_top_heap_in_bytes,<all>,191476665923,,
2026-07-07T17:49:48Z,a023392ce42aac56bb1df31041cf11edfc82db26,6314,absolute_top_heap_in_bytes,parsing,11342058053,,
2026-07-07T17:49:48Z,a023392ce42aac56bb1df31041cf11edfc82db26,6314,absolute_top_heap_in_bytes,typing,52709670586,,
2026-07-07T17:49:48Z,a023392ce42aac56bb1df31041cf11edfc82db26,6314,absolute_top_heap_in_bytes,generate/flambda2,125371971248,,
2026-07-07T17:49:48Z,a023392ce42aac56bb1df31041cf11edfc82db26,6314,absolute_top_heap_in_bytes,generate/compile_phrases/cfg,140852371657,,
2026-07-07T17:49:48Z,a023392ce42aac56bb1df31041cf11edfc82db26,6314,absolute_top_heap_in_bytes,generate/assemble,1621832480,,
2026-07-07T17:49:48Z,a023392ce42aac56bb1df31041cf11edfc82db26,6314,counter,block,2411255,,
2026-07-07T17:49:48Z,a023392ce42aac56bb1df31041cf11edfc82db26,6314,counter,instruction,14030595,,
2026-07-07T17:49:48Z,a023392ce42aac56bb1df31041cf11edfc82db26,6314,counter,move,1786157,,
2026-07-07T17:49:48Z,a023392ce42aac56bb1df31041cf11edfc82db26,6314,counter,reload,941776,,
2026-07-07T17:49:48Z,a023392ce42aac56bb1df31041cf11edfc82db26,6314,counter,spill,670395,,
2026-07-07T17:49:48Z,a023392ce42aac56bb1df31041cf11edfc82db26,6314,counter,stack_slot,440751,,
2026-07-07T17:07:48Z,b114b4a4dadca0fa3917b30eed41f8f76c809021,6380,size_in_bytes,exe,68300368,,
2026-07-07T17:07:48Z,b114b4a4dadca0fa3917b30eed41f8f76c809021,6380,size_in_bytes,opt,474829568,,
2026-07-07T17:07:48Z,b114b4a4dadca0fa3917b30eed41f8f76c809021,6380,size_in_bytes,a,213858252,,
2026-07-07T17:07:48Z,b114b4a4dadca0fa3917b30eed41f8f76c809021,6380,size_in_bytes,cmxa,349418,,
2026-07-07T17:07:48Z,b114b4a4dadca0fa3917b30eed41f8f76c809021,6380,size_in_bytes,cma,257054631,,
2026-07-07T17:07:48Z,b114b4a4dadca0fa3917b30eed41f8f76c809021,6380,size_in_bytes,cmi,23610818,,
2026-07-07T17:07:48Z,b114b4a4dadca0fa3917b30eed41f8f76c809021,6380,size_in_bytes,cmx,149050155,,
2026-07-07T17:07:48Z,b114b4a4dadca0fa3917b30eed41f8f76c809021,6380,size_in_bytes,cmo,1466542,,
2026-07-07T17:07:48Z,b114b4a4dadca0fa3917b30eed41f8f76c809021,6380,size_in_bytes,cms,24384673,,
2026-07-07T17:07:48Z,b114b4a4dadca0fa3917b30eed41f8f76c809021,6380,size_in_bytes,cmsi,8183462,,
2026-07-07T17:07:48Z,b114b4a4dadca0fa3917b30eed41f8f76c809021,6380,size_in_bytes,cmt,602881091,,
2026-07-07T17:07:48Z,b114b4a4dadca0fa3917b30eed41f8f76c809021,6380,size_in_bytes,cmti,70797962,,
2026-07-07T17:07:48Z,b114b4a4dadca0fa3917b30eed41f8f76c809021,6380,size_in_bytes,o,74488,,
2026-07-07T17:07:48Z,b114b4a4dadca0fa3917b30eed41f8f76c809021,6380,time_in_seconds,<all>,2498.606,,
2026-07-07T17:07:48Z,b114b4a4dadca0fa3917b30eed41f8f76c809021,6380,time_in_seconds,parsing,8.628,,
2026-07-07T17:07:48Z,b114b4a4dadca0fa3917b30eed41f8f76c809021,6380,time_in_seconds,typing,225.080,,
2026-07-07T17:07:48Z,b114b4a4dadca0fa3917b30eed41f8f76c809021,6380,time_in_seconds,generate/flambda2,1057.702,,
2026-07-07T17:07:48Z,b114b4a4dadca0fa3917b30eed41f8f76c809021,6380,time_in_seconds,generate/compile_phrases/cfg,385.393,,
2026-07-07T17:07:48Z,b114b4a4dadca0fa3917b30eed41f8f76c809021,6380,time_in_seconds,generate/assemble,65.218,,
2026-07-07T17:07:48Z,b114b4a4dadca0fa3917b30eed41f8f76c809021,6380,alloc_in_bytes,<all>,3300429051031,,
2026-07-07T17:07:48Z,b114b4a4dadca0fa3917b30eed41f8f76c809021,6380,alloc_in_bytes,parsing,12731567533,,
2026-07-07T17:07:48Z,b114b4a4dadca0fa3917b30eed41f8f76c809021,6380,alloc_in_bytes,typing,277231528766,,
2026-07-07T17:07:48Z,b114b4a4dadca0fa3917b30eed41f8f76c809021,6380,alloc_in_bytes,generate/flambda2,2106941357684,,
2026-07-07T17:07:48Z,b114b4a4dadca0fa3917b30eed41f8f76c809021,6380,alloc_in_bytes,generate/compile_phrases/cfg,405393667658,,
2026-07-07T17:07:48Z,b114b4a4dadca0fa3917b30eed41f8f76c809021,6380,alloc_in_bytes,generate/assemble,305408220,,
2026-07-07T17:07:48Z,b114b4a4dadca0fa3917b30eed41f8f76c809021,6380,top_heap_in_bytes,<all>,147138017629,,
2026-07-07T17:07:48Z,b114b4a4dadca0fa3917b30eed41f8f76c809021,6380,top_heap_in_bytes,parsing,1973534813,,
2026-07-07T17:07:48Z,b114b4a4dadca0fa3917b30eed41f8f76c809021,6380,top_heap_in_bytes,typing,30127810387,,
2026-07-07T17:07:48Z,b114b4a4dadca0fa3917b30eed41f8f76c809021,6380,top_heap_in_bytes,generate/flambda2,66892247989,,
2026-07-07T17:07:48Z,b114b4a4dadca0fa3917b30eed41f8f76c809021,6380,top_heap_in_bytes,generate/compile_phrases/cfg,21765909718,,
2026-07-07T17:07:48Z,b114b4a4dadca0fa3917b30eed41f8f76c809021,6380,top_heap_in_bytes,generate/assemble,17490226,,
2026-07-07T17:07:48Z,b114b4a4dadca0fa3917b30eed41f8f76c809021,6380,absolute_top_heap_in_bytes,<all>,191558496793,,
2026-07-07T17:07:48Z,b114b4a4dadca0fa3917b30eed41f8f76c809021,6380,absolute_top_heap_in_bytes,parsing,11328835512,,
2026-07-07T17:07:48Z,b114b4a4dadca0fa3917b30eed41f8f76c809021,6380,absolute_top_heap_in_bytes,typing,52718552022,,
2026-07-07T17:07:48Z,b114b4a4dadca0fa3917b30eed41f8f76c809021,6380,absolute_top_heap_in_bytes,generate/flambda2,123410127490,,
2026-07-07T17:07:48Z,b114b4a4dadca0fa3917b30eed41f8f76c809021,6380,absolute_top_heap_in_bytes,generate/compile_phrases/cfg,140818901112,,
2026-07-07T17:07:48Z,b114b4a4dadca0fa3917b30eed41f8f76c809021,6380,absolute_top_heap_in_bytes,generate/assemble,1606523271,,
2026-07-07T17:07:48Z,b114b4a4dadca0fa3917b30eed41f8f76c809021,6380,counter,block,2411262,,
2026-07-07T17:07:48Z,b114b4a4dadca0fa3917b30eed41f8f76c809021,6380,counter,instruction,14030538,,
2026-07-07T17:07:48Z,b114b4a4dadca0fa3917b30eed41f8f76c809021,6380,counter,move,1786163,,
2026-07-07T17:07:48Z,b114b4a4dadca0fa3917b30eed41f8f76c809021,6380,counter,reload,941796,,
2026-07-07T17:07:48Z,b114b4a4dadca0fa3917b30eed41f8f76c809021,6380,counter,spill,670402,,
2026-07-07T17:07:48Z,b114b4a4dadca0fa3917b30eed41f8f76c809021,6380,counter,stack_slot,440751,,
2026-07-07T17:54:28Z,de53c32912a3608b0cb133c7c8d09c6f57f39e56,6282,size_in_bytes,exe,68296776,,
2026-07-07T17:54:28Z,de53c32912a3608b0cb133c7c8d09c6f57f39e56,6282,size_in_bytes,opt,474807368,,
2026-07-07T17:54:28Z,de53c32912a3608b0cb133c7c8d09c6f57f39e56,6282,size_in_bytes,a,213856872,,
2026-07-07T17:54:28Z,de53c32912a3608b0cb133c7c8d09c6f57f39e56,6282,size_in_bytes,cmxa,349418,,
2026-07-07T17:54:28Z,de53c32912a3608b0cb133c7c8d09c6f57f39e56,6282,size_in_bytes,cma,257056685,,
2026-07-07T17:54:28Z,de53c32912a3608b0cb133c7c8d09c6f57f39e56,6282,size_in_bytes,cmi,23610818,,
2026-07-07T17:54:28Z,de53c32912a3608b0cb133c7c8d09c6f57f39e56,6282,size_in_bytes,cmx,149020421,,
2026-07-07T17:54:28Z,de53c32912a3608b0cb133c7c8d09c6f57f39e56,6282,size_in_bytes,cmo,1466542,,
2026-07-07T17:54:28Z,de53c32912a3608b0cb133c7c8d09c6f57f39e56,6282,size_in_bytes,cms,24384391,,
2026-07-07T17:54:28Z,de53c32912a3608b0cb133c7c8d09c6f57f39e56,6282,size_in_bytes,cmsi,8183462,,
2026-07-07T17:54:28Z,de53c32912a3608b0cb133c7c8d09c6f57f39e56,6282,size_in_bytes,cmt,602883890,,
2026-07-07T17:54:28Z,de53c32912a3608b0cb133c7c8d09c6f57f39e56,6282,size_in_bytes,cmti,70797962,,
2026-07-07T17:54:28Z,de53c32912a3608b0cb133c7c8d09c6f57f39e56,6282,size_in_bytes,o,74488,,
2026-07-07T17:54:28Z,de53c32912a3608b0cb133c7c8d09c6f57f39e56,6282,time_in_seconds,<all>,2789.114,,
2026-07-07T17:54:28Z,de53c32912a3608b0cb133c7c8d09c6f57f39e56,6282,time_in_seconds,parsing,13.001,,
2026-07-07T17:54:28Z,de53c32912a3608b0cb133c7c8d09c6f57f39e56,6282,time_in_seconds,typing,286.000,,
2026-07-07T17:54:28Z,de53c32912a3608b0cb133c7c8d09c6f57f39e56,6282,time_in_seconds,generate/flambda2,1173.998,,
2026-07-07T17:54:28Z,de53c32912a3608b0cb133c7c8d09c6f57f39e56,6282,time_in_seconds,generate/compile_phrases/cfg,430.445,,
2026-07-07T17:54:28Z,de53c32912a3608b0cb133c7c8d09c6f57f39e56,6282,time_in_seconds,generate/assemble,71.768,,
2026-07-07T17:54:28Z,de53c32912a3608b0cb133c7c8d09c6f57f39e56,6282,alloc_in_bytes,<all>,3298660564692,,
2026-07-07T17:54:28Z,de53c32912a3608b0cb133c7c8d09c6f57f39e56,6282,alloc_in_bytes,parsing,12719980768,,
2026-07-07T17:54:28Z,de53c32912a3608b0cb133c7c8d09c6f57f39e56,6282,alloc_in_bytes,typing,277237809736,,
2026-07-07T17:54:28Z,de53c32912a3608b0cb133c7c8d09c6f57f39e56,6282,alloc_in_bytes,generate/flambda2,2105945734777,,
2026-07-07T17:54:28Z,de53c32912a3608b0cb133c7c8d09c6f57f39e56,6282,alloc_in_bytes,generate/compile_phrases/cfg,405022681467,,
2026-07-07T17:54:28Z,de53c32912a3608b0cb133c7c8d09c6f57f39e56,6282,alloc_in_bytes,generate/assemble,305408220,,
2026-07-07T17:54:28Z,de53c32912a3608b0cb133c7c8d09c6f57f39e56,6282,top_heap_in_bytes,<all>,147127489922,,
2026-07-07T17:54:28Z,de53c32912a3608b0cb133c7c8d09c6f57f39e56,6282,top_heap_in_bytes,parsing,1972947611,,
2026-07-07T17:54:28Z,de53c32912a3608b0cb133c7c8d09c6f57f39e56,6282,top_heap_in_bytes,typing,30129131587,,
2026-07-07T17:54:28Z,de53c32912a3608b0cb133c7c8d09c6f57f39e56,6282,top_heap_in_bytes,generate/flambda2,66869682649,,
2026-07-07T17:54:28Z,de53c32912a3608b0cb133c7c8d09c6f57f39e56,6282,top_heap_in_bytes,generate/compile_phrases/cfg,21780086461,,
2026-07-07T17:54:28Z,de53c32912a3608b0cb133c7c8d09c6f57f39e56,6282,top_heap_in_bytes,generate/assemble,17427312,,
2026-07-07T17:54:28Z,de53c32912a3608b0cb133c7c8d09c6f57f39e56,6282,absolute_top_heap_in_bytes,<all>,191535165983,,
2026-07-07T17:54:28Z,de53c32912a3608b0cb133c7c8d09c6f57f39e56,6282,absolute_top_heap_in_bytes,parsing,11322281910,,
2026-07-07T17:54:28Z,de53c32912a3608b0cb133c7c8d09c6f57f39e56,6282,absolute_top_heap_in_bytes,typing,52710635271,,
2026-07-07T17:54:28Z,de53c32912a3608b0cb133c7c8d09c6f57f39e56,6282,absolute_top_heap_in_bytes,generate/flambda2,125358497051,,
2026-07-07T17:54:28Z,de53c32912a3608b0cb133c7c8d09c6f57f39e56,6282,absolute_top_heap_in_bytes,generate/compile_phrases/cfg,140676074572,,
2026-07-07T17:54:28Z,de53c32912a3608b0cb133c7c8d09c6f57f39e56,6282,absolute_top_heap_in_bytes,generate/assemble,1606523271,,
2026-07-07T17:54:28Z,de53c32912a3608b0cb133c7c8d09c6f57f39e56,6282,counter,block,2410943,,
2026-07-07T17:54:28Z,de53c32912a3608b0cb133c7c8d09c6f57f39e56,6282,counter,instruction,14027470,,
2026-07-07T17:54:28Z,de53c32912a3608b0cb133c7c8d09c6f57f39e56,6282,counter,move,1785872,,
2026-07-07T17:54:28Z,de53c32912a3608b0cb133c7c8d09c6f57f39e56,6282,counter,reload,941344,,
2026-07-07T17:54:28Z,de53c32912a3608b0cb133c7c8d09c6f57f39e56,6282,counter,spill,669976,,
2026-07-07T17:54:28Z,de53c32912a3608b0cb133c7c8d09c6f57f39e56,6282,counter,stack_slot,440595,,
2026-07-07T03:56:05Z,e4d86d74f532e7fb4d1af434d5224c9f645e4331,6401,size_in_bytes,exe,68300144,,
2026-07-07T03:56:05Z,e4d86d74f532e7fb4d1af434d5224c9f645e4331,6401,size_in_bytes,opt,474823160,,
2026-07-07T03:56:05Z,e4d86d74f532e7fb4d1af434d5224c9f645e4331,6401,size_in_bytes,a,213853460,,
2026-07-07T03:56:05Z,e4d86d74f532e7fb4d1af434d5224c9f645e4331,6401,size_in_bytes,cmxa,349418,,
2026-07-07T03:56:05Z,e4d86d74f532e7fb4d1af434d5224c9f645e4331,6401,size_in_bytes,cma,257054631,,
2026-07-07T03:56:05Z,e4d86d74f532e7fb4d1af434d5224c9f645e4331,6401,size_in_bytes,cmi,23610818,,
2026-07-07T03:56:05Z,e4d86d74f532e7fb4d1af434d5224c9f645e4331,6401,size_in_bytes,cmx,149050155,,
2026-07-07T03:56:05Z,e4d86d74f532e7fb4d1af434d5224c9f645e4331,6401,size_in_bytes,cmo,1466542,,
2026-07-07T03:56:05Z,e4d86d74f532e7fb4d1af434d5224c9f645e4331,6401,size_in_bytes,cms,24384673,,
2026-07-07T03:56:05Z,e4d86d74f532e7fb4d1af434d5224c9f645e4331,6401,size_in_bytes,cmsi,8183462,,
2026-07-07T03:56:05Z,e4d86d74f532e7fb4d1af434d5224c9f645e4331,6401,size_in_bytes,cmt,602881091,,
2026-07-07T03:56:05Z,e4d86d74f532e7fb4d1af434d5224c9f645e4331,6401,size_in_bytes,cmti,70797962,,
2026-07-07T03:56:05Z,e4d86d74f532e7fb4d1af434d5224c9f645e4331,6401,size_in_bytes,o,74488,,
2026-07-07T03:56:05Z,e4d86d74f532e7fb4d1af434d5224c9f645e4331,6401,time_in_seconds,<all>,2321.482,,
2026-07-07T03:56:05Z,e4d86d74f532e7fb4d1af434d5224c9f645e4331,6401,time_in_seconds,parsing,7.964,,
2026-07-07T03:56:05Z,e4d86d74f532e7fb4d1af434d5224c9f645e4331,6401,time_in_seconds,typing,213.013,,
2026-07-07T03:56:05Z,e4d86d74f532e7fb4d1af434d5224c9f645e4331,6401,time_in_seconds,generate/flambda2,980.424,,
2026-07-07T03:56:05Z,e4d86d74f532e7fb4d1af434d5224c9f645e4331,6401,time_in_seconds,generate/compile_phrases/cfg,353.842,,
2026-07-07T03:56:05Z,e4d86d74f532e7fb4d1af434d5224c9f645e4331,6401,time_in_seconds,generate/assemble,58.104,,
2026-07-07T03:56:05Z,e4d86d74f532e7fb4d1af434d5224c9f645e4331,6401,alloc_in_bytes,<all>,3300277510827,,
2026-07-07T03:56:05Z,e4d86d74f532e7fb4d1af434d5224c9f645e4331,6401,alloc_in_bytes,parsing,12732270081,,
2026-07-07T03:56:05Z,e4d86d74f532e7fb4d1af434d5224c9f645e4331,6401,alloc_in_bytes,typing,277237851679,,
2026-07-07T03:56:05Z,e4d86d74f532e7fb4d1af434d5224c9f645e4331,6401,alloc_in_bytes,generate/flambda2,2106940392999,,
2026-07-07T03:56:05Z,e4d86d74f532e7fb4d1af434d5224c9f645e4331,6401,alloc_in_bytes,generate/compile_phrases/cfg,405374153660,,
2026-07-07T03:56:05Z,e4d86d74f532e7fb4d1af434d5224c9f645e4331,6401,alloc_in_bytes,generate/assemble,307505372,,
2026-07-07T03:56:05Z,e4d86d74f532e7fb4d1af434d5224c9f645e4331,6401,top_heap_in_bytes,<all>,147149478560,,
2026-07-07T03:56:05Z,e4d86d74f532e7fb4d1af434d5224c9f645e4331,6401,top_heap_in_bytes,parsing,1979060807,,
2026-07-07T03:56:05Z,e4d86d74f532e7fb4d1af434d5224c9f645e4331,6401,top_heap_in_bytes,typing,30125314776,,
2026-07-07T03:56:05Z,e4d86d74f532e7fb4d1af434d5224c9f645e4331,6401,top_heap_in_bytes,generate/flambda2,66902995901,,
2026-07-07T03:56:05Z,e4d86d74f532e7fb4d1af434d5224c9f645e4331,6401,top_heap_in_bytes,generate/compile_phrases/cfg,21764232001,,
2026-07-07T03:56:05Z,e4d86d74f532e7fb4d1af434d5224c9f645e4331,6401,top_heap_in_bytes,generate/assemble,17364398,,
2026-07-07T03:56:05Z,e4d86d74f532e7fb4d1af434d5224c9f645e4331,6401,absolute_top_heap_in_bytes,<all>,191549720219,,
2026-07-07T03:56:05Z,e4d86d74f532e7fb4d1af434d5224c9f645e4331,6401,absolute_top_heap_in_bytes,parsing,11327965195,,
2026-07-07T03:56:05Z,e4d86d74f532e7fb4d1af434d5224c9f645e4331,6401,absolute_top_heap_in_bytes,typing,52724098986,,
2026-07-07T03:56:05Z,e4d86d74f532e7fb4d1af434d5224c9f645e4331,6401,absolute_top_heap_in_bytes,generate/flambda2,125375767097,,
2026-07-07T03:56:05Z,e4d86d74f532e7fb4d1af434d5224c9f645e4331,6401,absolute_top_heap_in_bytes,generate/compile_phrases/cfg,140821375756,,
2026-07-07T03:56:05Z,e4d86d74f532e7fb4d1af434d5224c9f645e4331,6401,absolute_top_heap_in_bytes,generate/assemble,1606523271,,
2026-07-07T03:56:05Z,e4d86d74f532e7fb4d1af434d5224c9f645e4331,6401,counter,block,2410688,,
2026-07-07T03:56:05Z,e4d86d74f532e7fb4d1af434d5224c9f645e4331,6401,counter,instruction,14026487,,
2026-07-07T03:56:05Z,e4d86d74f532e7fb4d1af434d5224c9f645e4331,6401,counter,move,1785438,,
2026-07-07T03:56:05Z,e4d86d74f532e7fb4d1af434d5224c9f645e4331,6401,counter,reload,941661,,
2026-07-07T03:56:05Z,e4d86d74f532e7fb4d1af434d5224c9f645e4331,6401,counter,spill,670275,,
2026-07-07T03:56:05Z,e4d86d74f532e7fb4d1af434d5224c9f645e4331,6401,counter,stack_slot,440624,,
2026-07-08T22:53:30Z,b3378367d3eef9ae43b5885764f35871e337a13c,6429,size_in_bytes,exe,68318856,,
2026-07-08T22:53:30Z,b3378367d3eef9ae43b5885764f35871e337a13c,6429,size_in_bytes,opt,475034184,,
2026-07-08T22:53:30Z,b3378367d3eef9ae43b5885764f35871e337a13c,6429,size_in_bytes,a,213931128,,
2026-07-08T22:53:30Z,b3378367d3eef9ae43b5885764f35871e337a13c,6429,size_in_bytes,cmxa,349418,,
2026-07-08T22:53:30Z,b3378367d3eef9ae43b5885764f35871e337a13c,6429,size_in_bytes,cma,257189219,,
2026-07-08T22:53:30Z,b3378367d3eef9ae43b5885764f35871e337a13c,6429,size_in_bytes,cmi,23611978,,
2026-07-08T22:53:30Z,b3378367d3eef9ae43b5885764f35871e337a13c,6429,size_in_bytes,cmx,149105729,,
2026-07-08T22:53:30Z,b3378367d3eef9ae43b5885764f35871e337a13c,6429,size_in_bytes,cmo,1466542,,
2026-07-08T22:53:30Z,b3378367d3eef9ae43b5885764f35871e337a13c,6429,size_in_bytes,cms,24386902,,
2026-07-08T22:53:30Z,b3378367d3eef9ae43b5885764f35871e337a13c,6429,size_in_bytes,cmsi,8183462,,
2026-07-08T22:53:30Z,b3378367d3eef9ae43b5885764f35871e337a13c,6429,size_in_bytes,cmt,603167984,,
2026-07-08T22:53:30Z,b3378367d3eef9ae43b5885764f35871e337a13c,6429,size_in_bytes,cmti,70803388,,
2026-07-08T22:53:30Z,b3378367d3eef9ae43b5885764f35871e337a13c,6429,size_in_bytes,o,74488,,
2026-07-08T22:53:30Z,b3378367d3eef9ae43b5885764f35871e337a13c,6429,time_in_seconds,<all>,2752.601,,
2026-07-08T22:53:30Z,b3378367d3eef9ae43b5885764f35871e337a13c,6429,time_in_seconds,parsing,10.837,,
2026-07-08T22:53:30Z,b3378367d3eef9ae43b5885764f35871e337a13c,6429,time_in_seconds,typing,280.055,,
2026-07-08T22:53:30Z,b3378367d3eef9ae43b5885764f35871e337a13c,6429,time_in_seconds,generate/flambda2,1163.582,,
2026-07-08T22:53:30Z,b3378367d3eef9ae43b5885764f35871e337a13c,6429,time_in_seconds,generate/compile_phrases/cfg,405.986,,
2026-07-08T22:53:30Z,b3378367d3eef9ae43b5885764f35871e337a13c,6429,time_in_seconds,generate/assemble,69.554,,
2026-07-08T22:53:30Z,b3378367d3eef9ae43b5885764f35871e337a13c,6429,alloc_in_bytes,<all>,3302109079496,,
2026-07-08T22:53:30Z,b3378367d3eef9ae43b5885764f35871e337a13c,6429,alloc_in_bytes,parsing,12885351707,,
2026-07-08T22:53:30Z,b3378367d3eef9ae43b5885764f35871e337a13c,6429,alloc_in_bytes,typing,277347815831,,
2026-07-08T22:53:30Z,b3378367d3eef9ae43b5885764f35871e337a13c,6429,alloc_in_bytes,generate/flambda2,2107682774323,,
2026-07-08T22:53:30Z,b3378367d3eef9ae43b5885764f35871e337a13c,6429,alloc_in_bytes,generate/compile_phrases/cfg,405394663790,,
2026-07-08T22:53:30Z,b3378367d3eef9ae43b5885764f35871e337a13c,6429,alloc_in_bytes,generate/assemble,311468990,,
2026-07-08T22:53:30Z,b3378367d3eef9ae43b5885764f35871e337a13c,6429,top_heap_in_bytes,<all>,147305894647,,
2026-07-08T22:53:30Z,b3378367d3eef9ae43b5885764f35871e337a13c,6429,top_heap_in_bytes,parsing,2024212470,,
2026-07-08T22:53:30Z,b3378367d3eef9ae43b5885764f35871e337a13c,6429,top_heap_in_bytes,typing,30111578417,,
2026-07-08T22:53:30Z,b3378367d3eef9ae43b5885764f35871e337a13c,6429,top_heap_in_bytes,generate/flambda2,66928172215,,
2026-07-08T22:53:30Z,b3378367d3eef9ae43b5885764f35871e337a13c,6429,top_heap_in_bytes,generate/compile_phrases/cfg,21848506032,,
2026-07-08T22:53:30Z,b3378367d3eef9ae43b5885764f35871e337a13c,6429,top_heap_in_bytes,generate/assemble,18024998,,
2026-07-08T22:53:30Z,b3378367d3eef9ae43b5885764f35871e337a13c,6429,absolute_top_heap_in_bytes,<all>,191565564182,,
2026-07-08T22:53:30Z,b3378367d3eef9ae43b5885764f35871e337a13c,6429,absolute_top_heap_in_bytes,parsing,11632052177,,
2026-07-08T22:53:30Z,b3378367d3eef9ae43b5885764f35871e337a13c,6429,absolute_top_heap_in_bytes,typing,52744462339,,
2026-07-08T22:53:30Z,b3378367d3eef9ae43b5885764f35871e337a13c,6429,absolute_top_heap_in_bytes,generate/flambda2,123568735082,,
2026-07-08T22:53:30Z,b3378367d3eef9ae43b5885764f35871e337a13c,6429,absolute_top_heap_in_bytes,generate/compile_phrases/cfg,141232511906,,
2026-07-08T22:53:30Z,b3378367d3eef9ae43b5885764f35871e337a13c,6429,absolute_top_heap_in_bytes,generate/assemble,1935251849,,
2026-07-08T22:53:30Z,b3378367d3eef9ae43b5885764f35871e337a13c,6429,counter,block,2414121,,
2026-07-08T22:53:30Z,b3378367d3eef9ae43b5885764f35871e337a13c,6429,counter,instruction,14054200,,
2026-07-08T22:53:30Z,b3378367d3eef9ae43b5885764f35871e337a13c,6429,counter,move,1790579,,
2026-07-08T22:53:30Z,b3378367d3eef9ae43b5885764f35871e337a13c,6429,counter,reload,943832,,
2026-07-08T22:53:30Z,b3378367d3eef9ae43b5885764f35871e337a13c,6429,counter,spill,672014,,
2026-07-08T22:53:30Z,b3378367d3eef9ae43b5885764f35871e337a13c,6429,counter,stack_slot,442397,,
2026-07-12T23:51:16Z,07c0929bd1bd28ea5aa7e9e79492566736f13611,6419,size_in_bytes,exe,68312800,,
2026-07-12T23:51:16Z,07c0929bd1bd28ea5aa7e9e79492566736f13611,6419,size_in_bytes,opt,474999576,,
2026-07-12T23:51:16Z,07c0929bd1bd28ea5aa7e9e79492566736f13611,6419,size_in_bytes,a,213916886,,
2026-07-12T23:51:16Z,07c0929bd1bd28ea5aa7e9e79492566736f13611,6419,size_in_bytes,cmxa,349418,,
2026-07-12T23:51:16Z,07c0929bd1bd28ea5aa7e9e79492566736f13611,6419,size_in_bytes,cma,257191795,,
2026-07-12T23:51:16Z,07c0929bd1bd28ea5aa7e9e79492566736f13611,6419,size_in_bytes,cmi,23611816,,
2026-07-12T23:51:16Z,07c0929bd1bd28ea5aa7e9e79492566736f13611,6419,size_in_bytes,cmx,149087193,,
2026-07-12T23:51:16Z,07c0929bd1bd28ea5aa7e9e79492566736f13611,6419,size_in_bytes,cmo,1466542,,
2026-07-12T23:51:16Z,07c0929bd1bd28ea5aa7e9e79492566736f13611,6419,size_in_bytes,cms,24386902,,
2026-07-12T23:51:16Z,07c0929bd1bd28ea5aa7e9e79492566736f13611,6419,size_in_bytes,cmsi,8183462,,
2026-07-12T23:51:16Z,07c0929bd1bd28ea5aa7e9e79492566736f13611,6419,size_in_bytes,cmt,603161259,,
2026-07-12T23:51:16Z,07c0929bd1bd28ea5aa7e9e79492566736f13611,6419,size_in_bytes,cmti,70803523,,
2026-07-12T23:51:16Z,07c0929bd1bd28ea5aa7e9e79492566736f13611,6419,size_in_bytes,o,74488,,
2026-07-12T23:51:16Z,07c0929bd1bd28ea5aa7e9e79492566736f13611,6419,time_in_seconds,<all>,2477.974,,
2026-07-12T23:51:16Z,07c0929bd1bd28ea5aa7e9e79492566736f13611,6419,time_in_seconds,parsing,9.383,,
2026-07-12T23:51:16Z,07c0929bd1bd28ea5aa7e9e79492566736f13611,6419,time_in_seconds,typing,234.236,,
2026-07-12T23:51:16Z,07c0929bd1bd28ea5aa7e9e79492566736f13611,6419,time_in_seconds,generate/flambda2,1052.561,,
2026-07-12T23:51:16Z,07c0929bd1bd28ea5aa7e9e79492566736f13611,6419,time_in_seconds,generate/compile_phrases/cfg,373.160,,
2026-07-12T23:51:16Z,07c0929bd1bd28ea5aa7e9e79492566736f13611,6419,time_in_seconds,generate/assemble,65.245,,
2026-07-12T23:51:16Z,07c0929bd1bd28ea5aa7e9e79492566736f13611,6419,alloc_in_bytes,<all>,3302103071159,,
2026-07-12T23:51:16Z,07c0929bd1bd28ea5aa7e9e79492566736f13611,6419,alloc_in_bytes,parsing,12848368424,,
2026-07-12T23:51:16Z,07c0929bd1bd28ea5aa7e9e79492566736f13611,6419,alloc_in_bytes,typing,277350867187,,
2026-07-12T23:51:16Z,07c0929bd1bd28ea5aa7e9e79492566736f13611,6419,alloc_in_bytes,generate/flambda2,2107632390242,,
2026-07-12T23:51:16Z,07c0929bd1bd28ea5aa7e9e79492566736f13611,6419,alloc_in_bytes,generate/compile_phrases/cfg,405414995675,,
2026-07-12T23:51:16Z,07c0929bd1bd28ea5aa7e9e79492566736f13611,6419,alloc_in_bytes,generate/assemble,313566142,,
2026-07-12T23:51:16Z,07c0929bd1bd28ea5aa7e9e79492566736f13611,6419,top_heap_in_bytes,<all>,147353961379,,
2026-07-12T23:51:16Z,07c0929bd1bd28ea5aa7e9e79492566736f13611,6419,top_heap_in_bytes,parsing,2009343673,,
2026-07-12T23:51:16Z,07c0929bd1bd28ea5aa7e9e79492566736f13611,6419,top_heap_in_bytes,typing,30112836715,,
2026-07-12T23:51:16Z,07c0929bd1bd28ea5aa7e9e79492566736f13611,6419,top_heap_in_bytes,generate/flambda2,66921136247,,
2026-07-12T23:51:16Z,07c0929bd1bd28ea5aa7e9e79492566736f13611,6419,top_heap_in_bytes,generate/compile_phrases/cfg,21826014081,,
2026-07-12T23:51:16Z,07c0929bd1bd28ea5aa7e9e79492566736f13611,6419,top_heap_in_bytes,generate/assemble,18056454,,
2026-07-12T23:51:16Z,07c0929bd1bd28ea5aa7e9e79492566736f13611,6419,absolute_top_heap_in_bytes,<all>,191492394558,,
2026-07-12T23:51:16Z,07c0929bd1bd28ea5aa7e9e79492566736f13611,6419,absolute_top_heap_in_bytes,parsing,11543206349,,
2026-07-12T23:51:16Z,07c0929bd1bd28ea5aa7e9e79492566736f13611,6419,absolute_top_heap_in_bytes,typing,52733043343,,
2026-07-12T23:51:16Z,07c0929bd1bd28ea5aa7e9e79492566736f13611,6419,absolute_top_heap_in_bytes,generate/flambda2,123487952786,,
2026-07-12T23:51:16Z,07c0929bd1bd28ea5aa7e9e79492566736f13611,6419,absolute_top_heap_in_bytes,generate/compile_phrases/cfg,141193976748,,
2026-07-12T23:51:16Z,07c0929bd1bd28ea5aa7e9e79492566736f13611,6419,absolute_top_heap_in_bytes,generate/assemble,1950456199,,
2026-07-12T23:51:16Z,07c0929bd1bd28ea5aa7e9e79492566736f13611,6419,counter,block,2414063,,
2026-07-12T23:51:16Z,07c0929bd1bd28ea5aa7e9e79492566736f13611,6419,counter,instruction,14053876,,
2026-07-12T23:51:16Z,07c0929bd1bd28ea5aa7e9e79492566736f13611,6419,counter,move,1790543,,
2026-07-12T23:51:16Z,07c0929bd1bd28ea5aa7e9e79492566736f13611,6419,counter,reload,943778,,
2026-07-12T23:51:16Z,07c0929bd1bd28ea5aa7e9e79492566736f13611,6419,counter,spill,671952,,
2026-07-12T23:51:16Z,07c0929bd1bd28ea5aa7e9e79492566736f13611,6419,counter,stack_slot,442387,,
2026-07-12T20:15:40Z,6de56c5320412e8308c880cf9f053e5fbf45c221,6395,size_in_bytes,exe,68312800,,
2026-07-12T20:15:40Z,6de56c5320412e8308c880cf9f053e5fbf45c221,6395,size_in_bytes,opt,474999576,,
2026-07-12T20:15:40Z,6de56c5320412e8308c880cf9f053e5fbf45c221,6395,size_in_bytes,a,213916886,,
2026-07-12T20:15:40Z,6de56c5320412e8308c880cf9f053e5fbf45c221,6395,size_in_bytes,cmxa,349418,,
2026-07-12T20:15:40Z,6de56c5320412e8308c880cf9f053e5fbf45c221,6395,size_in_bytes,cma,257191795,,
2026-07-12T20:15:40Z,6de56c5320412e8308c880cf9f053e5fbf45c221,6395,size_in_bytes,cmi,23611816,,
2026-07-12T20:15:40Z,6de56c5320412e8308c880cf9f053e5fbf45c221,6395,size_in_bytes,cmx,149087193,,
2026-07-12T20:15:40Z,6de56c5320412e8308c880cf9f053e5fbf45c221,6395,size_in_bytes,cmo,1466542,,
2026-07-12T20:15:40Z,6de56c5320412e8308c880cf9f053e5fbf45c221,6395,size_in_bytes,cms,24386902,,
2026-07-12T20:15:40Z,6de56c5320412e8308c880cf9f053e5fbf45c221,6395,size_in_bytes,cmsi,8183462,,
2026-07-12T20:15:40Z,6de56c5320412e8308c880cf9f053e5fbf45c221,6395,size_in_bytes,cmt,603161259,,
2026-07-12T20:15:40Z,6de56c5320412e8308c880cf9f053e5fbf45c221,6395,size_in_bytes,cmti,70803523,,
2026-07-12T20:15:40Z,6de56c5320412e8308c880cf9f053e5fbf45c221,6395,size_in_bytes,o,74488,,
2026-07-12T20:15:40Z,6de56c5320412e8308c880cf9f053e5fbf45c221,6395,time_in_seconds,<all>,3004.470,,
2026-07-12T20:15:40Z,6de56c5320412e8308c880cf9f053e5fbf45c221,6395,time_in_seconds,parsing,11.669,,
2026-07-12T20:15:40Z,6de56c5320412e8308c880cf9f053e5fbf45c221,6395,time_in_seconds,typing,299.219,,
2026-07-12T20:15:40Z,6de56c5320412e8308c880cf9f053e5fbf45c221,6395,time_in_seconds,generate/flambda2,1242.986,,
2026-07-12T20:15:40Z,6de56c5320412e8308c880cf9f053e5fbf45c221,6395,time_in_seconds,generate/compile_phrases/cfg,449.744,,
2026-07-12T20:15:40Z,6de56c5320412e8308c880cf9f053e5fbf45c221,6395,time_in_seconds,generate/assemble,72.665,,
2026-07-12T20:15:40Z,6de56c5320412e8308c880cf9f053e5fbf45c221,6395,alloc_in_bytes,<all>,3302104256049,,
2026-07-12T20:15:40Z,6de56c5320412e8308c880cf9f053e5fbf45c221,6395,alloc_in_bytes,parsing,12846302724,,
2026-07-12T20:15:40Z,6de56c5320412e8308c880cf9f053e5fbf45c221,6395,alloc_in_bytes,typing,277348424005,,
2026-07-12T20:15:40Z,6de56c5320412e8308c880cf9f053e5fbf45c221,6395,alloc_in_bytes,generate/flambda2,2107636668432,,
2026-07-12T20:15:40Z,6de56c5320412e8308c880cf9f053e5fbf45c221,6395,alloc_in_bytes,generate/compile_phrases/cfg,405411420028,,
2026-07-12T20:15:40Z,6de56c5320412e8308c880cf9f053e5fbf45c221,6395,alloc_in_bytes,generate/assemble,311468990,,
2026-07-12T20:15:40Z,6de56c5320412e8308c880cf9f053e5fbf45c221,6395,top_heap_in_bytes,<all>,147346652797,,
2026-07-12T20:15:40Z,6de56c5320412e8308c880cf9f053e5fbf45c221,6395,top_heap_in_bytes,parsing,2006093089,,
2026-07-12T20:15:40Z,6de56c5320412e8308c880cf9f053e5fbf45c221,6395,top_heap_in_bytes,typing,30112773806,,
2026-07-12T20:15:40Z,6de56c5320412e8308c880cf9f053e5fbf45c221,6395,top_heap_in_bytes,generate/flambda2,66917864699,,
2026-07-12T20:15:40Z,6de56c5320412e8308c880cf9f053e5fbf45c221,6395,top_heap_in_bytes,generate/compile_phrases/cfg,21831162587,,
2026-07-12T20:15:40Z,6de56c5320412e8308c880cf9f053e5fbf45c221,6395,top_heap_in_bytes,generate/assemble,17983054,,
2026-07-12T20:15:40Z,6de56c5320412e8308c880cf9f053e5fbf45c221,6395,absolute_top_heap_in_bytes,<all>,191492226789,,
2026-07-12T20:15:40Z,6de56c5320412e8308c880cf9f053e5fbf45c221,6395,absolute_top_heap_in_bytes,parsing,11537061689,,
2026-07-12T20:15:40Z,6de56c5320412e8308c880cf9f053e5fbf45c221,6395,absolute_top_heap_in_bytes,typing,52714819097,,
2026-07-12T20:15:40Z,6de56c5320412e8308c880cf9f053e5fbf45c221,6395,absolute_top_heap_in_bytes,generate/flambda2,125435085020,,
2026-07-12T20:15:40Z,6de56c5320412e8308c880cf9f053e5fbf45c221,6395,absolute_top_heap_in_bytes,generate/compile_phrases/cfg,141207398519,,
2026-07-12T20:15:40Z,6de56c5320412e8308c880cf9f053e5fbf45c221,6395,absolute_top_heap_in_bytes,generate/assemble,1935146990,,
2026-07-12T20:15:40Z,6de56c5320412e8308c880cf9f053e5fbf45c221,6395,counter,block,2414063,,
2026-07-12T20:15:40Z,6de56c5320412e8308c880cf9f053e5fbf45c221,6395,counter,instruction,14053876,,
2026-07-12T20:15:40Z,6de56c5320412e8308c880cf9f053e5fbf45c221,6395,counter,move,1790543,,
2026-07-12T20:15:40Z,6de56c5320412e8308c880cf9f053e5fbf45c221,6395,counter,reload,943778,,
2026-07-12T20:15:40Z,6de56c5320412e8308c880cf9f053e5fbf45c221,6395,counter,spill,671952,,
2026-07-12T20:15:40Z,6de56c5320412e8308c880cf9f053e5fbf45c221,6395,counter,stack_slot,442387,,
2026-07-13T07:31:29Z,0f7700c6336800179bc4b6ff08287f20c539a0b1,6453,size_in_bytes,exe,68373416,,
2026-07-13T07:31:29Z,0f7700c6336800179bc4b6ff08287f20c539a0b1,6453,size_in_bytes,opt,475149336,,
2026-07-13T07:31:29Z,0f7700c6336800179bc4b6ff08287f20c539a0b1,6453,size_in_bytes,a,214056702,,
2026-07-13T07:31:29Z,0f7700c6336800179bc4b6ff08287f20c539a0b1,6453,size_in_bytes,cmxa,349418,,
2026-07-13T07:31:29Z,0f7700c6336800179bc4b6ff08287f20c539a0b1,6453,size_in_bytes,cma,257257257,,
2026-07-13T07:31:29Z,0f7700c6336800179bc4b6ff08287f20c539a0b1,6453,size_in_bytes,cmi,23614012,,
2026-07-13T07:31:29Z,0f7700c6336800179bc4b6ff08287f20c539a0b1,6453,size_in_bytes,cmx,149323568,,
2026-07-13T07:31:29Z,0f7700c6336800179bc4b6ff08287f20c539a0b1,6453,size_in_bytes,cmo,1466542,,
2026-07-13T07:31:29Z,0f7700c6336800179bc4b6ff08287f20c539a0b1,6453,size_in_bytes,cms,24425626,,
2026-07-13T07:31:29Z,0f7700c6336800179bc4b6ff08287f20c539a0b1,6453,size_in_bytes,cmsi,8185287,,
2026-07-13T07:31:29Z,0f7700c6336800179bc4b6ff08287f20c539a0b1,6453,size_in_bytes,cmt,603457619,,
2026-07-13T07:31:29Z,0f7700c6336800179bc4b6ff08287f20c539a0b1,6453,size_in_bytes,cmti,70811787,,
2026-07-13T07:31:29Z,0f7700c6336800179bc4b6ff08287f20c539a0b1,6453,size_in_bytes,o,74488,,
2026-07-13T07:31:29Z,0f7700c6336800179bc4b6ff08287f20c539a0b1,6453,time_in_seconds,<all>,2358.405,,
2026-07-13T07:31:29Z,0f7700c6336800179bc4b6ff08287f20c539a0b1,6453,time_in_seconds,parsing,8.394,,
2026-07-13T07:31:29Z,0f7700c6336800179bc4b6ff08287f20c539a0b1,6453,time_in_seconds,typing,213.890,,
2026-07-13T07:31:29Z,0f7700c6336800179bc4b6ff08287f20c539a0b1,6453,time_in_seconds,generate/flambda2,994.752,,
2026-07-13T07:31:29Z,0f7700c6336800179bc4b6ff08287f20c539a0b1,6453,time_in_seconds,generate/compile_phrases/cfg,356.549,,
2026-07-13T07:31:29Z,0f7700c6336800179bc4b6ff08287f20c539a0b1,6453,time_in_seconds,generate/assemble,60.311,,
2026-07-13T07:31:29Z,0f7700c6336800179bc4b6ff08287f20c539a0b1,6453,alloc_in_bytes,<all>,3299718032603,,
2026-07-13T07:31:29Z,0f7700c6336800179bc4b6ff08287f20c539a0b1,6453,alloc_in_bytes,parsing,12881367073,,
2026-07-13T07:31:29Z,0f7700c6336800179bc4b6ff08287f20c539a0b1,6453,alloc_in_bytes,typing,277479422599,,
2026-07-13T07:31:29Z,0f7700c6336800179bc4b6ff08287f20c539a0b1,6453,alloc_in_bytes,generate/flambda2,2107411413347,,
2026-07-13T07:31:29Z,0f7700c6336800179bc4b6ff08287f20c539a0b1,6453,alloc_in_bytes,generate/compile_phrases/cfg,404157973296,,
2026-07-13T07:31:29Z,0f7700c6336800179bc4b6ff08287f20c539a0b1,6453,alloc_in_bytes,generate/assemble,391118824,,
2026-07-13T07:31:29Z,0f7700c6336800179bc4b6ff08287f20c539a0b1,6453,top_heap_in_bytes,<all>,146779761126,,
2026-07-13T07:31:29Z,0f7700c6336800179bc4b6ff08287f20c539a0b1,6453,top_heap_in_bytes,parsing,2008819357,,
2026-07-13T07:31:29Z,0f7700c6336800179bc4b6ff08287f20c539a0b1,6453,top_heap_in_bytes,typing,30106786418,,
2026-07-13T07:31:29Z,0f7700c6336800179bc4b6ff08287f20c539a0b1,6453,top_heap_in_bytes,generate/flambda2,66829920650,,
2026-07-13T07:31:29Z,0f7700c6336800179bc4b6ff08287f20c539a0b1,6453,top_heap_in_bytes,generate/compile_phrases/cfg,21843923782,,
2026-07-13T07:31:29Z,0f7700c6336800179bc4b6ff08287f20c539a0b1,6453,top_heap_in_bytes,generate/assemble,20656923,,
2026-07-13T07:31:29Z,0f7700c6336800179bc4b6ff08287f20c539a0b1,6453,absolute_top_heap_in_bytes,<all>,189603101813,,
2026-07-13T07:31:29Z,0f7700c6336800179bc4b6ff08287f20c539a0b1,6453,absolute_top_heap_in_bytes,parsing,11073255582,,
2026-07-13T07:31:29Z,0f7700c6336800179bc4b6ff08287f20c539a0b1,6453,absolute_top_heap_in_bytes,typing,53639914747,,
2026-07-13T07:31:29Z,0f7700c6336800179bc4b6ff08287f20c539a0b1,6453,absolute_top_heap_in_bytes,generate/flambda2,123780495038,,
2026-07-13T07:31:29Z,0f7700c6336800179bc4b6ff08287f20c539a0b1,6453,absolute_top_heap_in_bytes,generate/compile_phrases/cfg,141269411337,,
2026-07-13T07:31:29Z,0f7700c6336800179bc4b6ff08287f20c539a0b1,6453,absolute_top_heap_in_bytes,generate/assemble,2238814604,,
2026-07-13T07:31:29Z,0f7700c6336800179bc4b6ff08287f20c539a0b1,6453,counter,block,2418479,,
2026-07-13T07:31:29Z,0f7700c6336800179bc4b6ff08287f20c539a0b1,6453,counter,instruction,14078365,,
2026-07-13T07:31:29Z,0f7700c6336800179bc4b6ff08287f20c539a0b1,6453,counter,move,1794778,,
2026-07-13T07:31:29Z,0f7700c6336800179bc4b6ff08287f20c539a0b1,6453,counter,reload,944176,,
2026-07-13T07:31:29Z,0f7700c6336800179bc4b6ff08287f20c539a0b1,6453,counter,spill,672285,,
2026-07-13T07:31:29Z,0f7700c6336800179bc4b6ff08287f20c539a0b1,6453,counter,stack_slot,442880,,
2026-07-13T01:43:44Z,1f65e5425bfb49c5a212a27de36777e6ba3b87ea,6437,size_in_bytes,exe,68363720,,
2026-07-13T01:43:44Z,1f65e5425bfb49c5a212a27de36777e6ba3b87ea,6437,size_in_bytes,opt,475118416,,
2026-07-13T01:43:44Z,1f65e5425bfb49c5a212a27de36777e6ba3b87ea,6437,size_in_bytes,a,214049374,,
2026-07-13T01:43:44Z,1f65e5425bfb49c5a212a27de36777e6ba3b87ea,6437,size_in_bytes,cmxa,349418,,
2026-07-13T01:43:44Z,1f65e5425bfb49c5a212a27de36777e6ba3b87ea,6437,size_in_bytes,cma,257250913,,
2026-07-13T01:43:44Z,1f65e5425bfb49c5a212a27de36777e6ba3b87ea,6437,size_in_bytes,cmi,23613883,,
2026-07-13T01:43:44Z,1f65e5425bfb49c5a212a27de36777e6ba3b87ea,6437,size_in_bytes,cmx,149323237,,
2026-07-13T01:43:44Z,1f65e5425bfb49c5a212a27de36777e6ba3b87ea,6437,size_in_bytes,cmo,1466542,,
2026-07-13T01:43:44Z,1f65e5425bfb49c5a212a27de36777e6ba3b87ea,6437,size_in_bytes,cms,24425626,,
2026-07-13T01:43:44Z,1f65e5425bfb49c5a212a27de36777e6ba3b87ea,6437,size_in_bytes,cmsi,8185287,,
2026-07-13T01:43:44Z,1f65e5425bfb49c5a212a27de36777e6ba3b87ea,6437,size_in_bytes,cmt,603424716,,
2026-07-13T01:43:44Z,1f65e5425bfb49c5a212a27de36777e6ba3b87ea,6437,size_in_bytes,cmti,70811398,,
2026-07-13T01:43:44Z,1f65e5425bfb49c5a212a27de36777e6ba3b87ea,6437,size_in_bytes,o,74488,,
2026-07-13T01:43:44Z,1f65e5425bfb49c5a212a27de36777e6ba3b87ea,6437,time_in_seconds,<all>,2752.553,,
2026-07-13T01:43:44Z,1f65e5425bfb49c5a212a27de36777e6ba3b87ea,6437,time_in_seconds,parsing,10.135,,
2026-07-13T01:43:44Z,1f65e5425bfb49c5a212a27de36777e6ba3b87ea,6437,time_in_seconds,typing,258.030,,
2026-07-13T01:43:44Z,1f65e5425bfb49c5a212a27de36777e6ba3b87ea,6437,time_in_seconds,generate/flambda2,1133.058,,
2026-07-13T01:43:44Z,1f65e5425bfb49c5a212a27de36777e6ba3b87ea,6437,time_in_seconds,generate/compile_phrases/cfg,412.282,,
2026-07-13T01:43:44Z,1f65e5425bfb49c5a212a27de36777e6ba3b87ea,6437,time_in_seconds,generate/assemble,69.709,,
2026-07-13T01:43:44Z,1f65e5425bfb49c5a212a27de36777e6ba3b87ea,6437,alloc_in_bytes,<all>,3299578393736,,
2026-07-13T01:43:44Z,1f65e5425bfb49c5a212a27de36777e6ba3b87ea,6437,alloc_in_bytes,parsing,12914156043,,
2026-07-13T01:43:44Z,1f65e5425bfb49c5a212a27de36777e6ba3b87ea,6437,alloc_in_bytes,typing,277466619485,,
2026-07-13T01:43:44Z,1f65e5425bfb49c5a212a27de36777e6ba3b87ea,6437,alloc_in_bytes,generate/flambda2,2107377754054,,
2026-07-13T01:43:44Z,1f65e5425bfb49c5a212a27de36777e6ba3b87ea,6437,alloc_in_bytes,generate/compile_phrases/cfg,404209783438,,
2026-07-13T01:43:44Z,1f65e5425bfb49c5a212a27de36777e6ba3b87ea,6437,alloc_in_bytes,generate/assemble,391118824,,
2026-07-13T01:43:44Z,1f65e5425bfb49c5a212a27de36777e6ba3b87ea,6437,top_heap_in_bytes,<all>,146745409776,,
2026-07-13T01:43:44Z,1f65e5425bfb49c5a212a27de36777e6ba3b87ea,6437,top_heap_in_bytes,parsing,2021265953,,
2026-07-13T01:43:44Z,1f65e5425bfb49c5a212a27de36777e6ba3b87ea,6437,top_heap_in_bytes,typing,30104322263,,
2026-07-13T01:43:44Z,1f65e5425bfb49c5a212a27de36777e6ba3b87ea,6437,top_heap_in_bytes,generate/flambda2,66824059109,,
2026-07-13T01:43:44Z,1f65e5425bfb49c5a212a27de36777e6ba3b87ea,6437,top_heap_in_bytes,generate/compile_phrases/cfg,21825196212,,
2026-07-13T01:43:44Z,1f65e5425bfb49c5a212a27de36777e6ba3b87ea,6437,top_heap_in_bytes,generate/assemble,20625466,,
2026-07-13T01:43:44Z,1f65e5425bfb49c5a212a27de36777e6ba3b87ea,6437,absolute_top_heap_in_bytes,<all>,189785092663,,
2026-07-13T01:43:44Z,1f65e5425bfb49c5a212a27de36777e6ba3b87ea,6437,absolute_top_heap_in_bytes,parsing,11128117076,,
2026-07-13T01:43:44Z,1f65e5425bfb49c5a212a27de36777e6ba3b87ea,6437,absolute_top_heap_in_bytes,typing,53613469661,,
2026-07-13T01:43:44Z,1f65e5425bfb49c5a212a27de36777e6ba3b87ea,6437,absolute_top_heap_in_bytes,generate/flambda2,123861780640,,
2026-07-13T01:43:44Z,1f65e5425bfb49c5a212a27de36777e6ba3b87ea,6437,absolute_top_heap_in_bytes,generate/compile_phrases/cfg,141240585973,,
2026-07-13T01:43:44Z,1f65e5425bfb49c5a212a27de36777e6ba3b87ea,6437,absolute_top_heap_in_bytes,generate/assemble,2238814604,,
2026-07-13T01:43:44Z,1f65e5425bfb49c5a212a27de36777e6ba3b87ea,6437,counter,block,2418437,,
2026-07-13T01:43:44Z,1f65e5425bfb49c5a212a27de36777e6ba3b87ea,6437,counter,instruction,14078078,,
2026-07-13T01:43:44Z,1f65e5425bfb49c5a212a27de36777e6ba3b87ea,6437,counter,move,1794764,,
2026-07-13T01:43:44Z,1f65e5425bfb49c5a212a27de36777e6ba3b87ea,6437,counter,reload,944136,,
2026-07-13T01:43:44Z,1f65e5425bfb49c5a212a27de36777e6ba3b87ea,6437,counter,spill,672273,,
2026-07-13T01:43:44Z,1f65e5425bfb49c5a212a27de36777e6ba3b87ea,6437,counter,stack_slot,442879,,
2026-07-13T15:11:29Z,381ce8e607803226964d949301be5656680062e5,6456,size_in_bytes,exe,68361816,,
2026-07-13T15:11:29Z,381ce8e607803226964d949301be5656680062e5,6456,size_in_bytes,opt,476523144,,
2026-07-13T15:11:29Z,381ce8e607803226964d949301be5656680062e5,6456,size_in_bytes,a,214342382,,
2026-07-13T15:11:29Z,381ce8e607803226964d949301be5656680062e5,6456,size_in_bytes,cmxa,347115,,
2026-07-13T15:11:29Z,381ce8e607803226964d949301be5656680062e5,6456,size_in_bytes,cma,256806794,,
2026-07-13T15:11:29Z,381ce8e607803226964d949301be5656680062e5,6456,size_in_bytes,cmi,23604764,,
2026-07-13T15:11:29Z,381ce8e607803226964d949301be5656680062e5,6456,size_in_bytes,cmx,149414934,,
2026-07-13T15:11:29Z,381ce8e607803226964d949301be5656680062e5,6456,size_in_bytes,cmo,1466542,,
2026-07-13T15:11:29Z,381ce8e607803226964d949301be5656680062e5,6456,size_in_bytes,cms,24364289,,
2026-07-13T15:11:29Z,381ce8e607803226964d949301be5656680062e5,6456,size_in_bytes,cmsi,8181020,,
2026-07-13T15:11:29Z,381ce8e607803226964d949301be5656680062e5,6456,size_in_bytes,cmt,603074350,,
2026-07-13T15:11:29Z,381ce8e607803226964d949301be5656680062e5,6456,size_in_bytes,cmti,70805559,,
2026-07-13T15:11:29Z,381ce8e607803226964d949301be5656680062e5,6456,size_in_bytes,o,4624,,
2026-07-13T15:11:29Z,381ce8e607803226964d949301be5656680062e5,6456,time_in_seconds,<all>,2290.539,,
2026-07-13T15:11:29Z,381ce8e607803226964d949301be5656680062e5,6456,time_in_seconds,parsing,8.027,,
2026-07-13T15:11:29Z,381ce8e607803226964d949301be5656680062e5,6456,time_in_seconds,typing,207.131,,
2026-07-13T15:11:29Z,381ce8e607803226964d949301be5656680062e5,6456,time_in_seconds,generate/flambda2,964.349,,
2026-07-13T15:11:29Z,381ce8e607803226964d949301be5656680062e5,6456,time_in_seconds,generate/compile_phrases/cfg,343.970,,
2026-07-13T15:11:29Z,381ce8e607803226964d949301be5656680062e5,6456,time_in_seconds,generate/assemble,56.735,,
2026-07-13T15:11:29Z,381ce8e607803226964d949301be5656680062e5,6456,alloc_in_bytes,<all>,3298379661643,,
2026-07-13T15:11:29Z,381ce8e607803226964d949301be5656680062e5,6456,alloc_in_bytes,parsing,12882593903,,
2026-07-13T15:11:29Z,381ce8e607803226964d949301be5656680062e5,6456,alloc_in_bytes,typing,277424068270,,
2026-07-13T15:11:29Z,381ce8e607803226964d949301be5656680062e5,6456,alloc_in_bytes,generate/flambda2,2106097295965,,
2026-07-13T15:11:29Z,381ce8e607803226964d949301be5656680062e5,6456,alloc_in_bytes,generate/compile_phrases/cfg,404197169064,,
2026-07-13T15:11:29Z,381ce8e607803226964d949301be5656680062e5,6456,alloc_in_bytes,generate/assemble,391024451,,
2026-07-13T15:11:29Z,381ce8e607803226964d949301be5656680062e5,6456,top_heap_in_bytes,<all>,146660621907,,
2026-07-13T15:11:29Z,381ce8e607803226964d949301be5656680062e5,6456,top_heap_in_bytes,parsing,2009584833,,
2026-07-13T15:11:29Z,381ce8e607803226964d949301be5656680062e5,6456,top_heap_in_bytes,typing,30104343239,,
2026-07-13T15:11:29Z,381ce8e607803226964d949301be5656680062e5,6456,top_heap_in_bytes,generate/flambda2,66741966096,,
2026-07-13T15:11:29Z,381ce8e607803226964d949301be5656680062e5,6456,top_heap_in_bytes,generate/compile_phrases/cfg,21725266919,,
2026-07-13T15:11:29Z,381ce8e607803226964d949301be5656680062e5,6456,top_heap_in_bytes,generate/assemble,20856153,,
2026-07-13T15:11:29Z,381ce8e607803226964d949301be5656680062e5,6456,absolute_top_heap_in_bytes,<all>,189637232971,,
2026-07-13T15:11:29Z,381ce8e607803226964d949301be5656680062e5,6456,absolute_top_heap_in_bytes,parsing,11023165118,,
2026-07-13T15:11:29Z,381ce8e607803226964d949301be5656680062e5,6456,absolute_top_heap_in_bytes,typing,53617213081,,
2026-07-13T15:11:29Z,381ce8e607803226964d949301be5656680062e5,6456,absolute_top_heap_in_bytes,generate/flambda2,121714842247,,
2026-07-13T15:11:29Z,381ce8e607803226964d949301be5656680062e5,6456,absolute_top_heap_in_bytes,generate/compile_phrases/cfg,141044082834,,
2026-07-13T15:11:29Z,381ce8e607803226964d949301be5656680062e5,6456,absolute_top_heap_in_bytes,generate/assemble,1943535599,,
2026-07-13T15:11:29Z,381ce8e607803226964d949301be5656680062e5,6456,counter,block,2418723,,
2026-07-13T15:11:29Z,381ce8e607803226964d949301be5656680062e5,6456,counter,instruction,14080198,,
2026-07-13T15:11:29Z,381ce8e607803226964d949301be5656680062e5,6456,counter,move,1795262,,
2026-07-13T15:11:29Z,381ce8e607803226964d949301be5656680062e5,6456,counter,reload,943819,,
2026-07-13T15:11:29Z,381ce8e607803226964d949301be5656680062e5,6456,counter,spill,672169,,
2026-07-13T15:11:29Z,381ce8e607803226964d949301be5656680062e5,6456,counter,stack_slot,443016,,
2026-07-13T07:56:10Z,5b3304cf5497ad098193e979c04d59f6342fe977,6359,size_in_bytes,exe,68361816,,
2026-07-13T07:56:10Z,5b3304cf5497ad098193e979c04d59f6342fe977,6359,size_in_bytes,opt,476518128,,
2026-07-13T07:56:10Z,5b3304cf5497ad098193e979c04d59f6342fe977,6359,size_in_bytes,a,214338418,,
2026-07-13T07:56:10Z,5b3304cf5497ad098193e979c04d59f6342fe977,6359,size_in_bytes,cmxa,347115,,
2026-07-13T07:56:10Z,5b3304cf5497ad098193e979c04d59f6342fe977,6359,size_in_bytes,cma,256805758,,
2026-07-13T07:56:10Z,5b3304cf5497ad098193e979c04d59f6342fe977,6359,size_in_bytes,cmi,23604764,,
2026-07-13T07:56:10Z,5b3304cf5497ad098193e979c04d59f6342fe977,6359,size_in_bytes,cmx,149414307,,
2026-07-13T07:56:10Z,5b3304cf5497ad098193e979c04d59f6342fe977,6359,size_in_bytes,cmo,1466542,,
2026-07-13T07:56:10Z,5b3304cf5497ad098193e979c04d59f6342fe977,6359,size_in_bytes,cms,24364289,,
2026-07-13T07:56:10Z,5b3304cf5497ad098193e979c04d59f6342fe977,6359,size_in_bytes,cmsi,8181020,,
2026-07-13T07:56:10Z,5b3304cf5497ad098193e979c04d59f6342fe977,6359,size_in_bytes,cmt,603067206,,
2026-07-13T07:56:10Z,5b3304cf5497ad098193e979c04d59f6342fe977,6359,size_in_bytes,cmti,70805559,,
2026-07-13T07:56:10Z,5b3304cf5497ad098193e979c04d59f6342fe977,6359,size_in_bytes,o,4624,,
2026-07-13T07:56:10Z,5b3304cf5497ad098193e979c04d59f6342fe977,6359,time_in_seconds,<all>,2357.913,,
2026-07-13T07:56:10Z,5b3304cf5497ad098193e979c04d59f6342fe977,6359,time_in_seconds,parsing,8.212,,
2026-07-13T07:56:10Z,5b3304cf5497ad098193e979c04d59f6342fe977,6359,time_in_seconds,typing,221.668,,
2026-07-13T07:56:10Z,5b3304cf5497ad098193e979c04d59f6342fe977,6359,time_in_seconds,generate/flambda2,995.397,,
2026-07-13T07:56:10Z,5b3304cf5497ad098193e979c04d59f6342fe977,6359,time_in_seconds,generate/compile_phrases/cfg,356.477,,
2026-07-13T07:56:10Z,5b3304cf5497ad098193e979c04d59f6342fe977,6359,time_in_seconds,generate/assemble,58.537,,
2026-07-13T07:56:10Z,5b3304cf5497ad098193e979c04d59f6342fe977,6359,alloc_in_bytes,<all>,3298363261916,,
2026-07-13T07:56:10Z,5b3304cf5497ad098193e979c04d59f6342fe977,6359,alloc_in_bytes,parsing,12914239938,,
2026-07-13T07:56:10Z,5b3304cf5497ad098193e979c04d59f6342fe977,6359,alloc_in_bytes,typing,277424246530,,
2026-07-13T07:56:10Z,5b3304cf5497ad098193e979c04d59f6342fe977,6359,alloc_in_bytes,generate/flambda2,2106065146624,,
2026-07-13T07:56:10Z,5b3304cf5497ad098193e979c04d59f6342fe977,6359,alloc_in_bytes,generate/compile_phrases/cfg,404238021586,,
2026-07-13T07:56:10Z,5b3304cf5497ad098193e979c04d59f6342fe977,6359,alloc_in_bytes,generate/assemble,391024451,,
2026-07-13T07:56:10Z,5b3304cf5497ad098193e979c04d59f6342fe977,6359,top_heap_in_bytes,<all>,146688220430,,
2026-07-13T07:56:10Z,5b3304cf5497ad098193e979c04d59f6342fe977,6359,top_heap_in_bytes,parsing,2021674913,,
2026-07-13T07:56:10Z,5b3304cf5497ad098193e979c04d59f6342fe977,6359,top_heap_in_bytes,typing,30104636831,,
2026-07-13T07:56:10Z,5b3304cf5497ad098193e979c04d59f6342fe977,6359,top_heap_in_bytes,generate/flambda2,66745720000,,
2026-07-13T07:56:10Z,5b3304cf5497ad098193e979c04d59f6342fe977,6359,top_heap_in_bytes,generate/compile_phrases/cfg,21741278674,,
2026-07-13T07:56:10Z,5b3304cf5497ad098193e979c04d59f6342fe977,6359,top_heap_in_bytes,generate/assemble,20856153,,
2026-07-13T07:56:10Z,5b3304cf5497ad098193e979c04d59f6342fe977,6359,absolute_top_heap_in_bytes,<all>,189655908107,,
2026-07-13T07:56:10Z,5b3304cf5497ad098193e979c04d59f6342fe977,6359,absolute_top_heap_in_bytes,parsing,11057212376,,
2026-07-13T07:56:10Z,5b3304cf5497ad098193e979c04d59f6342fe977,6359,absolute_top_heap_in_bytes,typing,53622854418,,
2026-07-13T07:56:10Z,5b3304cf5497ad098193e979c04d59f6342fe977,6359,absolute_top_heap_in_bytes,generate/flambda2,121737323724,,
2026-07-13T07:56:10Z,5b3304cf5497ad098193e979c04d59f6342fe977,6359,absolute_top_heap_in_bytes,generate/compile_phrases/cfg,141065956116,,
2026-07-13T07:56:10Z,5b3304cf5497ad098193e979c04d59f6342fe977,6359,absolute_top_heap_in_bytes,generate/assemble,1943535599,,
2026-07-13T07:56:10Z,5b3304cf5497ad098193e979c04d59f6342fe977,6359,counter,block,2418714,,
2026-07-13T07:56:10Z,5b3304cf5497ad098193e979c04d59f6342fe977,6359,counter,instruction,14080124,,
2026-07-13T07:56:10Z,5b3304cf5497ad098193e979c04d59f6342fe977,6359,counter,move,1795262,,
2026-07-13T07:56:10Z,5b3304cf5497ad098193e979c04d59f6342fe977,6359,counter,reload,943821,,
2026-07-13T07:56:10Z,5b3304cf5497ad098193e979c04d59f6342fe977,6359,counter,spill,672169,,
2026-07-13T07:56:10Z,5b3304cf5497ad098193e979c04d59f6342fe977,6359,counter,stack_slot,443013,,
2026-07-13T12:02:55Z,ad5ec403c2b8b150b1704e32b73dd75d19a6af4e,5811,size_in_bytes,exe,68361816,,
2026-07-13T12:02:55Z,ad5ec403c2b8b150b1704e32b73dd75d19a6af4e,5811,size_in_bytes,opt,476523144,,
2026-07-13T12:02:55Z,ad5ec403c2b8b150b1704e32b73dd75d19a6af4e,5811,size_in_bytes,a,214342382,,
2026-07-13T12:02:55Z,ad5ec403c2b8b150b1704e32b73dd75d19a6af4e,5811,size_in_bytes,cmxa,347115,,
2026-07-13T12:02:55Z,ad5ec403c2b8b150b1704e32b73dd75d19a6af4e,5811,size_in_bytes,cma,256806794,,
2026-07-13T12:02:55Z,ad5ec403c2b8b150b1704e32b73dd75d19a6af4e,5811,size_in_bytes,cmi,23604764,,
2026-07-13T12:02:55Z,ad5ec403c2b8b150b1704e32b73dd75d19a6af4e,5811,size_in_bytes,cmx,149414934,,
2026-07-13T12:02:55Z,ad5ec403c2b8b150b1704e32b73dd75d19a6af4e,5811,size_in_bytes,cmo,1466542,,
2026-07-13T12:02:55Z,ad5ec403c2b8b150b1704e32b73dd75d19a6af4e,5811,size_in_bytes,cms,24364289,,
2026-07-13T12:02:55Z,ad5ec403c2b8b150b1704e32b73dd75d19a6af4e,5811,size_in_bytes,cmsi,8181020,,
2026-07-13T12:02:55Z,ad5ec403c2b8b150b1704e32b73dd75d19a6af4e,5811,size_in_bytes,cmt,603074350,,
2026-07-13T12:02:55Z,ad5ec403c2b8b150b1704e32b73dd75d19a6af4e,5811,size_in_bytes,cmti,70805559,,
2026-07-13T12:02:55Z,ad5ec403c2b8b150b1704e32b73dd75d19a6af4e,5811,size_in_bytes,o,4624,,
2026-07-13T12:02:55Z,ad5ec403c2b8b150b1704e32b73dd75d19a6af4e,5811,time_in_seconds,<all>,2484.580,,
2026-07-13T12:02:55Z,ad5ec403c2b8b150b1704e32b73dd75d19a6af4e,5811,time_in_seconds,parsing,9.009,,
2026-07-13T12:02:55Z,ad5ec403c2b8b150b1704e32b73dd75d19a6af4e,5811,time_in_seconds,typing,237.025,,
2026-07-13T12:02:55Z,ad5ec403c2b8b150b1704e32b73dd75d19a6af4e,5811,time_in_seconds,generate/flambda2,1052.126,,
2026-07-13T12:02:55Z,ad5ec403c2b8b150b1704e32b73dd75d19a6af4e,5811,time_in_seconds,generate/compile_phrases/cfg,371.924,,
2026-07-13T12:02:55Z,ad5ec403c2b8b150b1704e32b73dd75d19a6af4e,5811,time_in_seconds,generate/assemble,64.100,,
2026-07-13T12:02:55Z,ad5ec403c2b8b150b1704e32b73dd75d19a6af4e,5811,alloc_in_bytes,<all>,3298400108879,,
2026-07-13T12:02:55Z,ad5ec403c2b8b150b1704e32b73dd75d19a6af4e,5811,alloc_in_bytes,parsing,12889724220,,
2026-07-13T12:02:55Z,ad5ec403c2b8b150b1704e32b73dd75d19a6af4e,5811,alloc_in_bytes,typing,277423659328,,
2026-07-13T12:02:55Z,ad5ec403c2b8b150b1704e32b73dd75d19a6af4e,5811,alloc_in_bytes,generate/flambda2,2106099068060,,
2026-07-13T12:02:55Z,ad5ec403c2b8b150b1704e32b73dd75d19a6af4e,5811,alloc_in_bytes,generate/compile_phrases/cfg,404172978417,,
2026-07-13T12:02:55Z,ad5ec403c2b8b150b1704e32b73dd75d19a6af4e,5811,alloc_in_bytes,generate/assemble,391024451,,
2026-07-13T12:02:55Z,ad5ec403c2b8b150b1704e32b73dd75d19a6af4e,5811,top_heap_in_bytes,<all>,146662247202,,
2026-07-13T12:02:55Z,ad5ec403c2b8b150b1704e32b73dd75d19a6af4e,5811,top_heap_in_bytes,parsing,2010486607,,
2026-07-13T12:02:55Z,ad5ec403c2b8b150b1704e32b73dd75d19a6af4e,5811,top_heap_in_bytes,typing,30105465217,,
2026-07-13T12:02:55Z,ad5ec403c2b8b150b1704e32b73dd75d19a6af4e,5811,top_heap_in_bytes,generate/flambda2,66754569967,,
2026-07-13T12:02:55Z,ad5ec403c2b8b150b1704e32b73dd75d19a6af4e,5811,top_heap_in_bytes,generate/compile_phrases/cfg,21717643783,,
2026-07-13T12:02:55Z,ad5ec403c2b8b150b1704e32b73dd75d19a6af4e,5811,top_heap_in_bytes,generate/assemble,20856153,,
2026-07-13T12:02:55Z,ad5ec403c2b8b150b1704e32b73dd75d19a6af4e,5811,absolute_top_heap_in_bytes,<all>,189642790424,,
2026-07-13T12:02:55Z,ad5ec403c2b8b150b1704e32b73dd75d19a6af4e,5811,absolute_top_heap_in_bytes,parsing,11058701355,,
2026-07-13T12:02:55Z,ad5ec403c2b8b150b1704e32b73dd75d19a6af4e,5811,absolute_top_heap_in_bytes,typing,53617947086,,
2026-07-13T12:02:55Z,ad5ec403c2b8b150b1704e32b73dd75d19a6af4e,5811,absolute_top_heap_in_bytes,generate/flambda2,121739924188,,
2026-07-13T12:02:55Z,ad5ec403c2b8b150b1704e32b73dd75d19a6af4e,5811,absolute_top_heap_in_bytes,generate/compile_phrases/cfg,141015194557,,
2026-07-13T12:02:55Z,ad5ec403c2b8b150b1704e32b73dd75d19a6af4e,5811,absolute_top_heap_in_bytes,generate/assemble,1943535599,,
2026-07-13T12:02:55Z,ad5ec403c2b8b150b1704e32b73dd75d19a6af4e,5811,counter,block,2418723,,
2026-07-13T12:02:55Z,ad5ec403c2b8b150b1704e32b73dd75d19a6af4e,5811,counter,instruction,14080198,,
2026-07-13T12:02:55Z,ad5ec403c2b8b150b1704e32b73dd75d19a6af4e,5811,counter,move,1795262,,
2026-07-13T12:02:55Z,ad5ec403c2b8b150b1704e32b73dd75d19a6af4e,5811,counter,reload,943819,,
2026-07-13T12:02:55Z,ad5ec403c2b8b150b1704e32b73dd75d19a6af4e,5811,counter,spill,672169,,
2026-07-13T12:02:55Z,ad5ec403c2b8b150b1704e32b73dd75d19a6af4e,5811,counter,stack_slot,443016,,
2026-07-13T07:51:51Z,af6de235e1d0e721b2981693cf2d22673a2c99d0,6407,size_in_bytes,exe,68362248,,
2026-07-13T07:51:51Z,af6de235e1d0e721b2981693cf2d22673a2c99d0,6407,size_in_bytes,opt,476405440,,
2026-07-13T07:51:51Z,af6de235e1d0e721b2981693cf2d22673a2c99d0,6407,size_in_bytes,a,213903404,,
2026-07-13T07:51:51Z,af6de235e1d0e721b2981693cf2d22673a2c99d0,6407,size_in_bytes,cmxa,347115,,
2026-07-13T07:51:51Z,af6de235e1d0e721b2981693cf2d22673a2c99d0,6407,size_in_bytes,cma,256941096,,
2026-07-13T07:51:51Z,af6de235e1d0e721b2981693cf2d22673a2c99d0,6407,size_in_bytes,cmi,23611040,,
2026-07-13T07:51:51Z,af6de235e1d0e721b2981693cf2d22673a2c99d0,6407,size_in_bytes,cmx,149462303,,
2026-07-13T07:51:51Z,af6de235e1d0e721b2981693cf2d22673a2c99d0,6407,size_in_bytes,cmo,1466542,,
2026-07-13T07:51:51Z,af6de235e1d0e721b2981693cf2d22673a2c99d0,6407,size_in_bytes,cms,24425184,,
2026-07-13T07:51:51Z,af6de235e1d0e721b2981693cf2d22673a2c99d0,6407,size_in_bytes,cmsi,8184655,,
2026-07-13T07:51:51Z,af6de235e1d0e721b2981693cf2d22673a2c99d0,6407,size_in_bytes,cmt,603700648,,
2026-07-13T07:51:51Z,af6de235e1d0e721b2981693cf2d22673a2c99d0,6407,size_in_bytes,cmti,70827335,,
2026-07-13T07:51:51Z,af6de235e1d0e721b2981693cf2d22673a2c99d0,6407,size_in_bytes,o,4624,,
2026-07-13T07:51:51Z,af6de235e1d0e721b2981693cf2d22673a2c99d0,6407,time_in_seconds,<all>,2406.822,,
2026-07-13T07:51:51Z,af6de235e1d0e721b2981693cf2d22673a2c99d0,6407,time_in_seconds,parsing,8.887,,
2026-07-13T07:51:51Z,af6de235e1d0e721b2981693cf2d22673a2c99d0,6407,time_in_seconds,typing,235.517,,
2026-07-13T07:51:51Z,af6de235e1d0e721b2981693cf2d22673a2c99d0,6407,time_in_seconds,generate/flambda2,1042.359,,
2026-07-13T07:51:51Z,af6de235e1d0e721b2981693cf2d22673a2c99d0,6407,time_in_seconds,generate/compile_phrases/cfg,358.568,,
2026-07-13T07:51:51Z,af6de235e1d0e721b2981693cf2d22673a2c99d0,6407,time_in_seconds,generate/assemble,58.838,,
2026-07-13T07:51:51Z,af6de235e1d0e721b2981693cf2d22673a2c99d0,6407,alloc_in_bytes,<all>,3300808583093,,
2026-07-13T07:51:51Z,af6de235e1d0e721b2981693cf2d22673a2c99d0,6407,alloc_in_bytes,parsing,12877235687,,
2026-07-13T07:51:51Z,af6de235e1d0e721b2981693cf2d22673a2c99d0,6407,alloc_in_bytes,typing,277462781694,,
2026-07-13T07:51:51Z,af6de235e1d0e721b2981693cf2d22673a2c99d0,6407,alloc_in_bytes,generate/flambda2,2108246111304,,
2026-07-13T07:51:51Z,af6de235e1d0e721b2981693cf2d22673a2c99d0,6407,alloc_in_bytes,generate/compile_phrases/cfg,404248517837,,
2026-07-13T07:51:51Z,af6de235e1d0e721b2981693cf2d22673a2c99d0,6407,alloc_in_bytes,generate/assemble,391076880,,
2026-07-13T07:51:51Z,af6de235e1d0e721b2981693cf2d22673a2c99d0,6407,top_heap_in_bytes,<all>,146701967267,,
2026-07-13T07:51:51Z,af6de235e1d0e721b2981693cf2d22673a2c99d0,6407,top_heap_in_bytes,parsing,2010182519,,
2026-07-13T07:51:51Z,af6de235e1d0e721b2981693cf2d22673a2c99d0,6407,top_heap_in_bytes,typing,30111148496,,
2026-07-13T07:51:51Z,af6de235e1d0e721b2981693cf2d22673a2c99d0,6407,top_heap_in_bytes,generate/flambda2,66792455023,,
2026-07-13T07:51:51Z,af6de235e1d0e721b2981693cf2d22673a2c99d0,6407,top_heap_in_bytes,generate/compile_phrases/cfg,21746668367,,
2026-07-13T07:51:51Z,af6de235e1d0e721b2981693cf2d22673a2c99d0,6407,top_heap_in_bytes,generate/assemble,20573038,,
2026-07-13T07:51:51Z,af6de235e1d0e721b2981693cf2d22673a2c99d0,6407,absolute_top_heap_in_bytes,<all>,189643576854,,
2026-07-13T07:51:51Z,af6de235e1d0e721b2981693cf2d22673a2c99d0,6407,absolute_top_heap_in_bytes,parsing,11023427260,,
2026-07-13T07:51:51Z,af6de235e1d0e721b2981693cf2d22673a2c99d0,6407,absolute_top_heap_in_bytes,typing,53626597839,,
2026-07-13T07:51:51Z,af6de235e1d0e721b2981693cf2d22673a2c99d0,6407,absolute_top_heap_in_bytes,generate/flambda2,123755129973,,
2026-07-13T07:51:51Z,af6de235e1d0e721b2981693cf2d22673a2c99d0,6407,absolute_top_heap_in_bytes,generate/compile_phrases/cfg,141115763481,,
2026-07-13T07:51:51Z,af6de235e1d0e721b2981693cf2d22673a2c99d0,6407,absolute_top_heap_in_bytes,generate/assemble,2243323477,,
2026-07-13T07:51:51Z,af6de235e1d0e721b2981693cf2d22673a2c99d0,6407,counter,block,2418543,,
2026-07-13T07:51:51Z,af6de235e1d0e721b2981693cf2d22673a2c99d0,6407,counter,instruction,14078868,,
2026-07-13T07:51:51Z,af6de235e1d0e721b2981693cf2d22673a2c99d0,6407,counter,move,1794761,,
2026-07-13T07:51:51Z,af6de235e1d0e721b2981693cf2d22673a2c99d0,6407,counter,reload,944254,,
2026-07-13T07:51:51Z,af6de235e1d0e721b2981693cf2d22673a2c99d0,6407,counter,spill,672331,,
2026-07-13T07:51:51Z,af6de235e1d0e721b2981693cf2d22673a2c99d0,6407,counter,stack_slot,442898,,
2026-07-14T03:39:48Z,7048c3bd448877b71986b41ec31aeebe55fc17ad,6459,size_in_bytes,exe,68362688,,
2026-07-14T03:39:48Z,7048c3bd448877b71986b41ec31aeebe55fc17ad,6459,size_in_bytes,opt,476566176,,
2026-07-14T03:39:48Z,7048c3bd448877b71986b41ec31aeebe55fc17ad,6459,size_in_bytes,a,214353738,,
2026-07-14T03:39:48Z,7048c3bd448877b71986b41ec31aeebe55fc17ad,6459,size_in_bytes,cmxa,347115,,
2026-07-14T03:39:48Z,7048c3bd448877b71986b41ec31aeebe55fc17ad,6459,size_in_bytes,cma,256917154,,
2026-07-14T03:39:48Z,7048c3bd448877b71986b41ec31aeebe55fc17ad,6459,size_in_bytes,cmi,23604882,,
2026-07-14T03:39:48Z,7048c3bd448877b71986b41ec31aeebe55fc17ad,6459,size_in_bytes,cmx,149419984,,
2026-07-14T03:39:48Z,7048c3bd448877b71986b41ec31aeebe55fc17ad,6459,size_in_bytes,cmo,1468442,,
2026-07-14T03:39:48Z,7048c3bd448877b71986b41ec31aeebe55fc17ad,6459,size_in_bytes,cms,24403996,,
2026-07-14T03:39:48Z,7048c3bd448877b71986b41ec31aeebe55fc17ad,6459,size_in_bytes,cmsi,8216930,,
2026-07-14T03:39:48Z,7048c3bd448877b71986b41ec31aeebe55fc17ad,6459,size_in_bytes,cmt,603192634,,
2026-07-14T03:39:48Z,7048c3bd448877b71986b41ec31aeebe55fc17ad,6459,size_in_bytes,cmti,70882438,,
2026-07-14T03:39:48Z,7048c3bd448877b71986b41ec31aeebe55fc17ad,6459,size_in_bytes,o,4624,,
2026-07-14T03:39:48Z,7048c3bd448877b71986b41ec31aeebe55fc17ad,6459,time_in_seconds,<all>,2403.169,,
2026-07-14T03:39:48Z,7048c3bd448877b71986b41ec31aeebe55fc17ad,6459,time_in_seconds,parsing,8.611,,
2026-07-14T03:39:48Z,7048c3bd448877b71986b41ec31aeebe55fc17ad,6459,time_in_seconds,typing,221.205,,
2026-07-14T03:39:48Z,7048c3bd448877b71986b41ec31aeebe55fc17ad,6459,time_in_seconds,generate/flambda2,1021.705,,
2026-07-14T03:39:48Z,7048c3bd448877b71986b41ec31aeebe55fc17ad,6459,time_in_seconds,generate/compile_phrases/cfg,354.326,,
2026-07-14T03:39:48Z,7048c3bd448877b71986b41ec31aeebe55fc17ad,6459,time_in_seconds,generate/assemble,60.892,,
2026-07-14T03:39:48Z,7048c3bd448877b71986b41ec31aeebe55fc17ad,6459,alloc_in_bytes,<all>,3298429762606,,
2026-07-14T03:39:48Z,7048c3bd448877b71986b41ec31aeebe55fc17ad,6459,alloc_in_bytes,parsing,12906207844,,
2026-07-14T03:39:48Z,7048c3bd448877b71986b41ec31aeebe55fc17ad,6459,alloc_in_bytes,typing,277439692046,,
2026-07-14T03:39:48Z,7048c3bd448877b71986b41ec31aeebe55fc17ad,6459,alloc_in_bytes,generate/flambda2,2106114796690,,
2026-07-14T03:39:48Z,7048c3bd448877b71986b41ec31aeebe55fc17ad,6459,alloc_in_bytes,generate/compile_phrases/cfg,404150801018,,
2026-07-14T03:39:48Z,7048c3bd448877b71986b41ec31aeebe55fc17ad,6459,alloc_in_bytes,generate/assemble,387627066,,
2026-07-14T03:39:48Z,7048c3bd448877b71986b41ec31aeebe55fc17ad,6459,top_heap_in_bytes,<all>,146708227254,,
2026-07-14T03:39:48Z,7048c3bd448877b71986b41ec31aeebe55fc17ad,6459,top_heap_in_bytes,parsing,2023467974,,
2026-07-14T03:39:48Z,7048c3bd448877b71986b41ec31aeebe55fc17ad,6459,top_heap_in_bytes,typing,30094822161,,
2026-07-14T03:39:48Z,7048c3bd448877b71986b41ec31aeebe55fc17ad,6459,top_heap_in_bytes,generate/flambda2,66770330055,,
2026-07-14T03:39:48Z,7048c3bd448877b71986b41ec31aeebe55fc17ad,6459,top_heap_in_bytes,generate/compile_phrases/cfg,21717622794,,
2026-07-14T03:39:48Z,7048c3bd448877b71986b41ec31aeebe55fc17ad,6459,top_heap_in_bytes,generate/assemble,20289922,,
2026-07-14T03:39:48Z,7048c3bd448877b71986b41ec31aeebe55fc17ad,6459,absolute_top_heap_in_bytes,<all>,190150385093,,
2026-07-14T03:39:48Z,7048c3bd448877b71986b41ec31aeebe55fc17ad,6459,absolute_top_heap_in_bytes,parsing,11301121644,,
2026-07-14T03:39:48Z,7048c3bd448877b71986b41ec31aeebe55fc17ad,6459,absolute_top_heap_in_bytes,typing,53613165588,,
2026-07-14T03:39:48Z,7048c3bd448877b71986b41ec31aeebe55fc17ad,6459,absolute_top_heap_in_bytes,generate/flambda2,122189155110,,
2026-07-14T03:39:48Z,7048c3bd448877b71986b41ec31aeebe55fc17ad,6459,absolute_top_heap_in_bytes,generate/compile_phrases/cfg,141030220652,,
2026-07-14T03:39:48Z,7048c3bd448877b71986b41ec31aeebe55fc17ad,6459,absolute_top_heap_in_bytes,generate/assemble,2201799869,,
2026-07-14T03:39:48Z,7048c3bd448877b71986b41ec31aeebe55fc17ad,6459,counter,block,2418748,,
2026-07-14T03:39:48Z,7048c3bd448877b71986b41ec31aeebe55fc17ad,6459,counter,instruction,14080564,,
2026-07-14T03:39:48Z,7048c3bd448877b71986b41ec31aeebe55fc17ad,6459,counter,move,1795274,,
2026-07-14T03:39:48Z,7048c3bd448877b71986b41ec31aeebe55fc17ad,6459,counter,reload,943832,,
2026-07-14T03:39:48Z,7048c3bd448877b71986b41ec31aeebe55fc17ad,6459,counter,spill,672165,,
2026-07-14T03:39:48Z,7048c3bd448877b71986b41ec31aeebe55fc17ad,6459,counter,stack_slot,443014,,
2026-07-14T03:54:56Z,7abd09d59d79cf09b0968bec3f7f0c8307b78a7d,6423,size_in_bytes,exe,68367568,,
2026-07-14T03:54:56Z,7abd09d59d79cf09b0968bec3f7f0c8307b78a7d,6423,size_in_bytes,opt,476585992,,
2026-07-14T03:54:56Z,7abd09d59d79cf09b0968bec3f7f0c8307b78a7d,6423,size_in_bytes,a,214352898,,
2026-07-14T03:54:56Z,7abd09d59d79cf09b0968bec3f7f0c8307b78a7d,6423,size_in_bytes,cmxa,347115,,
2026-07-14T03:54:56Z,7abd09d59d79cf09b0968bec3f7f0c8307b78a7d,6423,size_in_bytes,cma,256924932,,
2026-07-14T03:54:56Z,7abd09d59d79cf09b0968bec3f7f0c8307b78a7d,6423,size_in_bytes,cmi,23605342,,
2026-07-14T03:54:56Z,7abd09d59d79cf09b0968bec3f7f0c8307b78a7d,6423,size_in_bytes,cmx,149413444,,
2026-07-14T03:54:56Z,7abd09d59d79cf09b0968bec3f7f0c8307b78a7d,6423,size_in_bytes,cmo,1468442,,
2026-07-14T03:54:56Z,7abd09d59d79cf09b0968bec3f7f0c8307b78a7d,6423,size_in_bytes,cms,24403968,,
2026-07-14T03:54:56Z,7abd09d59d79cf09b0968bec3f7f0c8307b78a7d,6423,size_in_bytes,cmsi,8216930,,
2026-07-14T03:54:56Z,7abd09d59d79cf09b0968bec3f7f0c8307b78a7d,6423,size_in_bytes,cmt,603241425,,
2026-07-14T03:54:56Z,7abd09d59d79cf09b0968bec3f7f0c8307b78a7d,6423,size_in_bytes,cmti,70884350,,
2026-07-14T03:54:56Z,7abd09d59d79cf09b0968bec3f7f0c8307b78a7d,6423,size_in_bytes,o,4624,,
2026-07-14T03:54:56Z,7abd09d59d79cf09b0968bec3f7f0c8307b78a7d,6423,time_in_seconds,<all>,2523.105,,
2026-07-14T03:54:56Z,7abd09d59d79cf09b0968bec3f7f0c8307b78a7d,6423,time_in_seconds,parsing,8.955,,
2026-07-14T03:54:56Z,7abd09d59d79cf09b0968bec3f7f0c8307b78a7d,6423,time_in_seconds,typing,232.048,,
2026-07-14T03:54:56Z,7abd09d59d79cf09b0968bec3f7f0c8307b78a7d,6423,time_in_seconds,generate/flambda2,1050.723,,
2026-07-14T03:54:56Z,7abd09d59d79cf09b0968bec3f7f0c8307b78a7d,6423,time_in_seconds,generate/compile_phrases/cfg,383.609,,
2026-07-14T03:54:56Z,7abd09d59d79cf09b0968bec3f7f0c8307b78a7d,6423,time_in_seconds,generate/assemble,64.997,,
2026-07-14T03:54:56Z,7abd09d59d79cf09b0968bec3f7f0c8307b78a7d,6423,alloc_in_bytes,<all>,3298261204014,,
2026-07-14T03:54:56Z,7abd09d59d79cf09b0968bec3f7f0c8307b78a7d,6423,alloc_in_bytes,parsing,12889451598,,
2026-07-14T03:54:56Z,7abd09d59d79cf09b0968bec3f7f0c8307b78a7d,6423,alloc_in_bytes,typing,277444662297,,
2026-07-14T03:54:56Z,7abd09d59d79cf09b0968bec3f7f0c8307b78a7d,6423,alloc_in_bytes,generate/flambda2,2106057418614,,
2026-07-14T03:54:56Z,7abd09d59d79cf09b0968bec3f7f0c8307b78a7d,6423,alloc_in_bytes,generate/compile_phrases/cfg,404075209176,,
2026-07-14T03:54:56Z,7abd09d59d79cf09b0968bec3f7f0c8307b78a7d,6423,alloc_in_bytes,generate/assemble,387627066,,
2026-07-14T03:54:56Z,7abd09d59d79cf09b0968bec3f7f0c8307b78a7d,6423,top_heap_in_bytes,<all>,146703519149,,
2026-07-14T03:54:56Z,7abd09d59d79cf09b0968bec3f7f0c8307b78a7d,6423,top_heap_in_bytes,parsing,2015425397,,
2026-07-14T03:54:56Z,7abd09d59d79cf09b0968bec3f7f0c8307b78a7d,6423,top_heap_in_bytes,typing,30096206276,,
2026-07-14T03:54:56Z,7abd09d59d79cf09b0968bec3f7f0c8307b78a7d,6423,top_heap_in_bytes,generate/flambda2,66786572512,,
2026-07-14T03:54:56Z,7abd09d59d79cf09b0968bec3f7f0c8307b78a7d,6423,top_heap_in_bytes,generate/compile_phrases/cfg,21758433380,,
2026-07-14T03:54:56Z,7abd09d59d79cf09b0968bec3f7f0c8307b78a7d,6423,top_heap_in_bytes,generate/assemble,20227008,,
2026-07-14T03:54:56Z,7abd09d59d79cf09b0968bec3f7f0c8307b78a7d,6423,absolute_top_heap_in_bytes,<all>,190038774662,,
2026-07-14T03:54:56Z,7abd09d59d79cf09b0968bec3f7f0c8307b78a7d,6423,absolute_top_heap_in_bytes,parsing,11280129149,,
2026-07-14T03:54:56Z,7abd09d59d79cf09b0968bec3f7f0c8307b78a7d,6423,absolute_top_heap_in_bytes,typing,53610240062,,
2026-07-14T03:54:56Z,7abd09d59d79cf09b0968bec3f7f0c8307b78a7d,6423,absolute_top_heap_in_bytes,generate/flambda2,123901972548,,
2026-07-14T03:54:56Z,7abd09d59d79cf09b0968bec3f7f0c8307b78a7d,6423,absolute_top_heap_in_bytes,generate/compile_phrases/cfg,141092243919,,
2026-07-14T03:54:56Z,7abd09d59d79cf09b0968bec3f7f0c8307b78a7d,6423,absolute_top_heap_in_bytes,generate/assemble,2201799869,,
2026-07-14T03:54:56Z,7abd09d59d79cf09b0968bec3f7f0c8307b78a7d,6423,counter,block,2418704,,
2026-07-14T03:54:56Z,7abd09d59d79cf09b0968bec3f7f0c8307b78a7d,6423,counter,instruction,14080532,,
2026-07-14T03:54:56Z,7abd09d59d79cf09b0968bec3f7f0c8307b78a7d,6423,counter,move,1795262,,
2026-07-14T03:54:56Z,7abd09d59d79cf09b0968bec3f7f0c8307b78a7d,6423,counter,reload,943858,,
2026-07-14T03:54:56Z,7abd09d59d79cf09b0968bec3f7f0c8307b78a7d,6423,counter,spill,672163,,
2026-07-14T03:54:56Z,7abd09d59d79cf09b0968bec3f7f0c8307b78a7d,6423,counter,stack_slot,443014,,
2026-07-14T02:53:39Z,dd33b0f0ee597fa48f00b59917f856a4bee654f3,5824,size_in_bytes,exe,68361816,,
2026-07-14T02:53:39Z,dd33b0f0ee597fa48f00b59917f856a4bee654f3,5824,size_in_bytes,opt,476524248,,
2026-07-14T02:53:39Z,dd33b0f0ee597fa48f00b59917f856a4bee654f3,5824,size_in_bytes,a,214345426,,
2026-07-14T02:53:39Z,dd33b0f0ee597fa48f00b59917f856a4bee654f3,5824,size_in_bytes,cmxa,347115,,
2026-07-14T02:53:39Z,dd33b0f0ee597fa48f00b59917f856a4bee654f3,5824,size_in_bytes,cma,256813399,,
2026-07-14T02:53:39Z,dd33b0f0ee597fa48f00b59917f856a4bee654f3,5824,size_in_bytes,cmi,23604608,,
2026-07-14T02:53:39Z,dd33b0f0ee597fa48f00b59917f856a4bee654f3,5824,size_in_bytes,cmx,149419134,,
2026-07-14T02:53:39Z,dd33b0f0ee597fa48f00b59917f856a4bee654f3,5824,size_in_bytes,cmo,1466542,,
2026-07-14T02:53:39Z,dd33b0f0ee597fa48f00b59917f856a4bee654f3,5824,size_in_bytes,cms,24364289,,
2026-07-14T02:53:39Z,dd33b0f0ee597fa48f00b59917f856a4bee654f3,5824,size_in_bytes,cmsi,8181020,,
2026-07-14T02:53:39Z,dd33b0f0ee597fa48f00b59917f856a4bee654f3,5824,size_in_bytes,cmt,603094767,,
2026-07-14T02:53:39Z,dd33b0f0ee597fa48f00b59917f856a4bee654f3,5824,size_in_bytes,cmti,70805874,,
2026-07-14T02:53:39Z,dd33b0f0ee597fa48f00b59917f856a4bee654f3,5824,size_in_bytes,o,4624,,
2026-07-14T02:53:39Z,dd33b0f0ee597fa48f00b59917f856a4bee654f3,5824,time_in_seconds,<all>,2581.463,,
2026-07-14T02:53:39Z,dd33b0f0ee597fa48f00b59917f856a4bee654f3,5824,time_in_seconds,parsing,9.504,,
2026-07-14T02:53:39Z,dd33b0f0ee597fa48f00b59917f856a4bee654f3,5824,time_in_seconds,typing,246.007,,
2026-07-14T02:53:39Z,dd33b0f0ee597fa48f00b59917f856a4bee654f3,5824,time_in_seconds,generate/flambda2,1085.423,,
2026-07-14T02:53:39Z,dd33b0f0ee597fa48f00b59917f856a4bee654f3,5824,time_in_seconds,generate/compile_phrases/cfg,381.814,,
2026-07-14T02:53:39Z,dd33b0f0ee597fa48f00b59917f856a4bee654f3,5824,time_in_seconds,generate/assemble,66.173,,
2026-07-14T02:53:39Z,dd33b0f0ee597fa48f00b59917f856a4bee654f3,5824,alloc_in_bytes,<all>,3298332454755,,
2026-07-14T02:53:39Z,dd33b0f0ee597fa48f00b59917f856a4bee654f3,5824,alloc_in_bytes,parsing,12907518563,,
2026-07-14T02:53:39Z,dd33b0f0ee597fa48f00b59917f856a4bee654f3,5824,alloc_in_bytes,typing,277415165862,,
2026-07-14T02:53:39Z,dd33b0f0ee597fa48f00b59917f856a4bee654f3,5824,alloc_in_bytes,generate/flambda2,2106087156232,,
2026-07-14T02:53:39Z,dd33b0f0ee597fa48f00b59917f856a4bee654f3,5824,alloc_in_bytes,generate/compile_phrases/cfg,404217396094,,
2026-07-14T02:53:39Z,dd33b0f0ee597fa48f00b59917f856a4bee654f3,5824,alloc_in_bytes,generate/assemble,391024451,,
2026-07-14T02:53:39Z,dd33b0f0ee597fa48f00b59917f856a4bee654f3,5824,top_heap_in_bytes,<all>,146657465694,,
2026-07-14T02:53:39Z,dd33b0f0ee597fa48f00b59917f856a4bee654f3,5824,top_heap_in_bytes,parsing,2027515478,,
2026-07-14T02:53:39Z,dd33b0f0ee597fa48f00b59917f856a4bee654f3,5824,top_heap_in_bytes,typing,30103179317,,
2026-07-14T02:53:39Z,dd33b0f0ee597fa48f00b59917f856a4bee654f3,5824,top_heap_in_bytes,generate/flambda2,66748960096,,
2026-07-14T02:53:39Z,dd33b0f0ee597fa48f00b59917f856a4bee654f3,5824,top_heap_in_bytes,generate/compile_phrases/cfg,21721963909,,
2026-07-14T02:53:39Z,dd33b0f0ee597fa48f00b59917f856a4bee654f3,5824,top_heap_in_bytes,generate/assemble,20856153,,
2026-07-14T02:53:39Z,dd33b0f0ee597fa48f00b59917f856a4bee654f3,5824,absolute_top_heap_in_bytes,<all>,189613199613,,
2026-07-14T02:53:39Z,dd33b0f0ee597fa48f00b59917f856a4bee654f3,5824,absolute_top_heap_in_bytes,parsing,11063136830,,
2026-07-14T02:53:39Z,dd33b0f0ee597fa48f00b59917f856a4bee654f3,5824,absolute_top_heap_in_bytes,typing,53630917967,,
2026-07-14T02:53:39Z,dd33b0f0ee597fa48f00b59917f856a4bee654f3,5824,absolute_top_heap_in_bytes,generate/flambda2,121725422390,,
2026-07-14T02:53:39Z,dd33b0f0ee597fa48f00b59917f856a4bee654f3,5824,absolute_top_heap_in_bytes,generate/compile_phrases/cfg,141033397841,,
2026-07-14T02:53:39Z,dd33b0f0ee597fa48f00b59917f856a4bee654f3,5824,absolute_top_heap_in_bytes,generate/assemble,1943535599,,
2026-07-14T02:53:39Z,dd33b0f0ee597fa48f00b59917f856a4bee654f3,5824,counter,block,2418718,,
2026-07-14T02:53:39Z,dd33b0f0ee597fa48f00b59917f856a4bee654f3,5824,counter,instruction,14080243,,
2026-07-14T02:53:39Z,dd33b0f0ee597fa48f00b59917f856a4bee654f3,5824,counter,move,1795262,,
2026-07-14T02:53:39Z,dd33b0f0ee597fa48f00b59917f856a4bee654f3,5824,counter,reload,943816,,
2026-07-14T02:53:39Z,dd33b0f0ee597fa48f00b59917f856a4bee654f3,5824,counter,spill,672161,,
2026-07-14T02:53:39Z,dd33b0f0ee597fa48f00b59917f856a4bee654f3,5824,counter,stack_slot,443014,,
2026-07-14T03:01:57Z,dde3da67066566703e5cfdbed6b0929b79b93f89,6464,size_in_bytes,exe,68361816,,
2026-07-14T03:01:57Z,dde3da67066566703e5cfdbed6b0929b79b93f89,6464,size_in_bytes,opt,476524248,,
2026-07-14T03:01:57Z,dde3da67066566703e5cfdbed6b0929b79b93f89,6464,size_in_bytes,a,214345426,,
2026-07-14T03:01:57Z,dde3da67066566703e5cfdbed6b0929b79b93f89,6464,size_in_bytes,cmxa,347115,,
2026-07-14T03:01:57Z,dde3da67066566703e5cfdbed6b0929b79b93f89,6464,size_in_bytes,cma,256813399,,
2026-07-14T03:01:57Z,dde3da67066566703e5cfdbed6b0929b79b93f89,6464,size_in_bytes,cmi,23604608,,
2026-07-14T03:01:57Z,dde3da67066566703e5cfdbed6b0929b79b93f89,6464,size_in_bytes,cmx,149419134,,
2026-07-14T03:01:57Z,dde3da67066566703e5cfdbed6b0929b79b93f89,6464,size_in_bytes,cmo,1466542,,
2026-07-14T03:01:57Z,dde3da67066566703e5cfdbed6b0929b79b93f89,6464,size_in_bytes,cms,24364289,,
2026-07-14T03:01:57Z,dde3da67066566703e5cfdbed6b0929b79b93f89,6464,size_in_bytes,cmsi,8181020,,
2026-07-14T03:01:57Z,dde3da67066566703e5cfdbed6b0929b79b93f89,6464,size_in_bytes,cmt,603094767,,
2026-07-14T03:01:57Z,dde3da67066566703e5cfdbed6b0929b79b93f89,6464,size_in_bytes,cmti,70805874,,
2026-07-14T03:01:57Z,dde3da67066566703e5cfdbed6b0929b79b93f89,6464,size_in_bytes,o,4624,,
2026-07-14T03:01:57Z,dde3da67066566703e5cfdbed6b0929b79b93f89,6464,time_in_seconds,<all>,2389.771,,
2026-07-14T03:01:57Z,dde3da67066566703e5cfdbed6b0929b79b93f89,6464,time_in_seconds,parsing,8.499,,
2026-07-14T03:01:57Z,dde3da67066566703e5cfdbed6b0929b79b93f89,6464,time_in_seconds,typing,233.167,,
2026-07-14T03:01:57Z,dde3da67066566703e5cfdbed6b0929b79b93f89,6464,time_in_seconds,generate/flambda2,1017.450,,
2026-07-14T03:01:57Z,dde3da67066566703e5cfdbed6b0929b79b93f89,6464,time_in_seconds,generate/compile_phrases/cfg,353.496,,
2026-07-14T03:01:57Z,dde3da67066566703e5cfdbed6b0929b79b93f89,6464,time_in_seconds,generate/assemble,63.945,,
2026-07-14T03:01:57Z,dde3da67066566703e5cfdbed6b0929b79b93f89,6464,alloc_in_bytes,<all>,3298295702161,,
2026-07-14T03:01:57Z,dde3da67066566703e5cfdbed6b0929b79b93f89,6464,alloc_in_bytes,parsing,12889105567,,
2026-07-14T03:01:57Z,dde3da67066566703e5cfdbed6b0929b79b93f89,6464,alloc_in_bytes,typing,277420031252,,
2026-07-14T03:01:57Z,dde3da67066566703e5cfdbed6b0929b79b93f89,6464,alloc_in_bytes,generate/flambda2,2106079700859,,
2026-07-14T03:01:57Z,dde3da67066566703e5cfdbed6b0929b79b93f89,6464,alloc_in_bytes,generate/compile_phrases/cfg,404200629366,,
2026-07-14T03:01:57Z,dde3da67066566703e5cfdbed6b0929b79b93f89,6464,alloc_in_bytes,generate/assemble,391024451,,
2026-07-14T03:01:57Z,dde3da67066566703e5cfdbed6b0929b79b93f89,6464,top_heap_in_bytes,<all>,146643687397,,
2026-07-14T03:01:57Z,dde3da67066566703e5cfdbed6b0929b79b93f89,6464,top_heap_in_bytes,parsing,2012908814,,
2026-07-14T03:01:57Z,dde3da67066566703e5cfdbed6b0929b79b93f89,6464,top_heap_in_bytes,typing,30103001062,,
2026-07-14T03:01:57Z,dde3da67066566703e5cfdbed6b0929b79b93f89,6464,top_heap_in_bytes,generate/flambda2,66745321537,,
2026-07-14T03:01:57Z,dde3da67066566703e5cfdbed6b0929b79b93f89,6464,top_heap_in_bytes,generate/compile_phrases/cfg,21731201850,,
2026-07-14T03:01:57Z,dde3da67066566703e5cfdbed6b0929b79b93f89,6464,top_heap_in_bytes,generate/assemble,20887610,,
2026-07-14T03:01:57Z,dde3da67066566703e5cfdbed6b0929b79b93f89,6464,absolute_top_heap_in_bytes,<all>,189616586511,,
2026-07-14T03:01:57Z,dde3da67066566703e5cfdbed6b0929b79b93f89,6464,absolute_top_heap_in_bytes,parsing,11042553284,,
2026-07-14T03:01:57Z,dde3da67066566703e5cfdbed6b0929b79b93f89,6464,absolute_top_heap_in_bytes,typing,53604776969,,
2026-07-14T03:01:57Z,dde3da67066566703e5cfdbed6b0929b79b93f89,6464,absolute_top_heap_in_bytes,generate/flambda2,121716310251,,
2026-07-14T03:01:57Z,dde3da67066566703e5cfdbed6b0929b79b93f89,6464,absolute_top_heap_in_bytes,generate/compile_phrases/cfg,141037403398,,
2026-07-14T03:01:57Z,dde3da67066566703e5cfdbed6b0929b79b93f89,6464,absolute_top_heap_in_bytes,generate/assemble,1943535599,,
2026-07-14T03:01:57Z,dde3da67066566703e5cfdbed6b0929b79b93f89,6464,counter,block,2418718,,
2026-07-14T03:01:57Z,dde3da67066566703e5cfdbed6b0929b79b93f89,6464,counter,instruction,14080243,,
2026-07-14T03:01:57Z,dde3da67066566703e5cfdbed6b0929b79b93f89,6464,counter,move,1795262,,
2026-07-14T03:01:57Z,dde3da67066566703e5cfdbed6b0929b79b93f89,6464,counter,reload,943816,,
2026-07-14T03:01:57Z,dde3da67066566703e5cfdbed6b0929b79b93f89,6464,counter,spill,672161,,
2026-07-14T03:01:57Z,dde3da67066566703e5cfdbed6b0929b79b93f89,6464,counter,stack_slot,443014,,
2026-07-15T09:13:15Z,0fe1d4a7f5597bdab86c5217d732384b21448b15,6121,size_in_bytes,exe,68415768,,
2026-07-15T09:13:15Z,0fe1d4a7f5597bdab86c5217d732384b21448b15,6121,size_in_bytes,opt,476909696,,
2026-07-15T09:13:15Z,0fe1d4a7f5597bdab86c5217d732384b21448b15,6121,size_in_bytes,a,214530786,,
2026-07-15T09:13:15Z,0fe1d4a7f5597bdab86c5217d732384b21448b15,6121,size_in_bytes,cmxa,347077,,
2026-07-15T09:13:15Z,0fe1d4a7f5597bdab86c5217d732384b21448b15,6121,size_in_bytes,cma,257189950,,
2026-07-15T09:13:15Z,0fe1d4a7f5597bdab86c5217d732384b21448b15,6121,size_in_bytes,cmi,23616710,,
2026-07-15T09:13:15Z,0fe1d4a7f5597bdab86c5217d732384b21448b15,6121,size_in_bytes,cmx,151495174,,
2026-07-15T09:13:15Z,0fe1d4a7f5597bdab86c5217d732384b21448b15,6121,size_in_bytes,cmo,1468434,,
2026-07-15T09:13:15Z,0fe1d4a7f5597bdab86c5217d732384b21448b15,6121,size_in_bytes,cms,24544704,,
2026-07-15T09:13:15Z,0fe1d4a7f5597bdab86c5217d732384b21448b15,6121,size_in_bytes,cmsi,8222164,,
2026-07-15T09:13:15Z,0fe1d4a7f5597bdab86c5217d732384b21448b15,6121,size_in_bytes,cmt,602720225,,
2026-07-15T09:13:15Z,0fe1d4a7f5597bdab86c5217d732384b21448b15,6121,size_in_bytes,cmti,70915511,,
2026-07-15T09:13:15Z,0fe1d4a7f5597bdab86c5217d732384b21448b15,6121,size_in_bytes,o,4624,,
2026-07-15T09:13:15Z,0fe1d4a7f5597bdab86c5217d732384b21448b15,6121,time_in_seconds,<all>,2759.589,,
2026-07-15T09:13:15Z,0fe1d4a7f5597bdab86c5217d732384b21448b15,6121,time_in_seconds,parsing,9.584,,
2026-07-15T09:13:15Z,0fe1d4a7f5597bdab86c5217d732384b21448b15,6121,time_in_seconds,typing,264.167,,
2026-07-15T09:13:15Z,0fe1d4a7f5597bdab86c5217d732384b21448b15,6121,time_in_seconds,generate/flambda2,1131.827,,
2026-07-15T09:13:15Z,0fe1d4a7f5597bdab86c5217d732384b21448b15,6121,time_in_seconds,generate/compile_phrases/cfg,412.045,,
2026-07-15T09:13:15Z,0fe1d4a7f5597bdab86c5217d732384b21448b15,6121,time_in_seconds,generate/assemble,71.599,,
2026-07-15T09:13:15Z,0fe1d4a7f5597bdab86c5217d732384b21448b15,6121,alloc_in_bytes,<all>,3353252807614,,
2026-07-15T09:13:15Z,0fe1d4a7f5597bdab86c5217d732384b21448b15,6121,alloc_in_bytes,parsing,12752077674,,
2026-07-15T09:13:15Z,0fe1d4a7f5597bdab86c5217d732384b21448b15,6121,alloc_in_bytes,typing,277747554012,,
2026-07-15T09:13:15Z,0fe1d4a7f5597bdab86c5217d732384b21448b15,6121,alloc_in_bytes,generate/flambda2,2158218370416,,
2026-07-15T09:13:15Z,0fe1d4a7f5597bdab86c5217d732384b21448b15,6121,alloc_in_bytes,generate/compile_phrases/cfg,404369208932,,
2026-07-15T09:13:15Z,0fe1d4a7f5597bdab86c5217d732384b21448b15,6121,alloc_in_bytes,generate/assemble,396969874,,
2026-07-15T09:13:15Z,0fe1d4a7f5597bdab86c5217d732384b21448b15,6121,top_heap_in_bytes,<all>,148030995419,,
2026-07-15T09:13:15Z,0fe1d4a7f5597bdab86c5217d732384b21448b15,6121,top_heap_in_bytes,parsing,2016264270,,
2026-07-15T09:13:15Z,0fe1d4a7f5597bdab86c5217d732384b21448b15,6121,top_heap_in_bytes,typing,30254404974,,
2026-07-15T09:13:15Z,0fe1d4a7f5597bdab86c5217d732384b21448b15,6121,top_heap_in_bytes,generate/flambda2,67678889713,,
2026-07-15T09:13:15Z,0fe1d4a7f5597bdab86c5217d732384b21448b15,6121,top_heap_in_bytes,generate/compile_phrases/cfg,21727542306,,
2026-07-15T09:13:15Z,0fe1d4a7f5597bdab86c5217d732384b21448b15,6121,top_heap_in_bytes,generate/assemble,21223154,,
2026-07-15T09:13:15Z,0fe1d4a7f5597bdab86c5217d732384b21448b15,6121,absolute_top_heap_in_bytes,<all>,192665080006,,
2026-07-15T09:13:15Z,0fe1d4a7f5597bdab86c5217d732384b21448b15,6121,absolute_top_heap_in_bytes,parsing,11317814960,,
2026-07-15T09:13:15Z,0fe1d4a7f5597bdab86c5217d732384b21448b15,6121,absolute_top_heap_in_bytes,typing,53109660364,,
2026-07-15T09:13:15Z,0fe1d4a7f5597bdab86c5217d732384b21448b15,6121,absolute_top_heap_in_bytes,generate/flambda2,122905814841,,
2026-07-15T09:13:15Z,0fe1d4a7f5597bdab86c5217d732384b21448b15,6121,absolute_top_heap_in_bytes,generate/compile_phrases/cfg,141270501873,,
2026-07-15T09:13:15Z,0fe1d4a7f5597bdab86c5217d732384b21448b15,6121,absolute_top_heap_in_bytes,generate/assemble,1789080356,,
2026-07-15T09:13:15Z,0fe1d4a7f5597bdab86c5217d732384b21448b15,6121,counter,block,2419413,,
2026-07-15T09:13:15Z,0fe1d4a7f5597bdab86c5217d732384b21448b15,6121,counter,instruction,14092839,,
2026-07-15T09:13:15Z,0fe1d4a7f5597bdab86c5217d732384b21448b15,6121,counter,move,1795531,,
2026-07-15T09:13:15Z,0fe1d4a7f5597bdab86c5217d732384b21448b15,6121,counter,reload,944134,,
2026-07-15T09:13:15Z,0fe1d4a7f5597bdab86c5217d732384b21448b15,6121,counter,spill,672701,,
2026-07-15T09:13:15Z,0fe1d4a7f5597bdab86c5217d732384b21448b15,6121,counter,stack_slot,443474,,
2026-07-15T07:30:10Z,1021bab2e6dca6cec6db911c8da403002ee735a4,6458,size_in_bytes,exe,68387944,,
2026-07-15T07:30:10Z,1021bab2e6dca6cec6db911c8da403002ee735a4,6458,size_in_bytes,opt,476729280,,
2026-07-15T07:30:10Z,1021bab2e6dca6cec6db911c8da403002ee735a4,6458,size_in_bytes,a,214415878,,
2026-07-15T07:30:10Z,1021bab2e6dca6cec6db911c8da403002ee735a4,6458,size_in_bytes,cmxa,347115,,
2026-07-15T07:30:10Z,1021bab2e6dca6cec6db911c8da403002ee735a4,6458,size_in_bytes,cma,257009574,,
2026-07-15T07:30:10Z,1021bab2e6dca6cec6db911c8da403002ee735a4,6458,size_in_bytes,cmi,23610425,,
2026-07-15T07:30:10Z,1021bab2e6dca6cec6db911c8da403002ee735a4,6458,size_in_bytes,cmx,149448196,,
2026-07-15T07:30:10Z,1021bab2e6dca6cec6db911c8da403002ee735a4,6458,size_in_bytes,cmo,1468434,,
2026-07-15T07:30:10Z,1021bab2e6dca6cec6db911c8da403002ee735a4,6458,size_in_bytes,cms,24429659,,
2026-07-15T07:30:10Z,1021bab2e6dca6cec6db911c8da403002ee735a4,6458,size_in_bytes,cmsi,8218139,,
2026-07-15T07:30:10Z,1021bab2e6dca6cec6db911c8da403002ee735a4,6458,size_in_bytes,cmt,602012393,,
2026-07-15T07:30:10Z,1021bab2e6dca6cec6db911c8da403002ee735a4,6458,size_in_bytes,cmti,70899861,,
2026-07-15T07:30:10Z,1021bab2e6dca6cec6db911c8da403002ee735a4,6458,size_in_bytes,o,4624,,
2026-07-15T07:30:10Z,1021bab2e6dca6cec6db911c8da403002ee735a4,6458,time_in_seconds,<all>,2608.950,,
2026-07-15T07:30:10Z,1021bab2e6dca6cec6db911c8da403002ee735a4,6458,time_in_seconds,parsing,9.309,,
2026-07-15T07:30:10Z,1021bab2e6dca6cec6db911c8da403002ee735a4,6458,time_in_seconds,typing,251.959,,
2026-07-15T07:30:10Z,1021bab2e6dca6cec6db911c8da403002ee735a4,6458,time_in_seconds,generate/flambda2,1087.458,,
2026-07-15T07:30:10Z,1021bab2e6dca6cec6db911c8da403002ee735a4,6458,time_in_seconds,generate/compile_phrases/cfg,389.518,,
2026-07-15T07:30:10Z,1021bab2e6dca6cec6db911c8da403002ee735a4,6458,time_in_seconds,generate/assemble,66.900,,
2026-07-15T07:30:10Z,1021bab2e6dca6cec6db911c8da403002ee735a4,6458,alloc_in_bytes,<all>,3299904322606,,
2026-07-15T07:30:10Z,1021bab2e6dca6cec6db911c8da403002ee735a4,6458,alloc_in_bytes,parsing,12897693397,,
2026-07-15T07:30:10Z,1021bab2e6dca6cec6db911c8da403002ee735a4,6458,alloc_in_bytes,typing,277719724818,,
2026-07-15T07:30:10Z,1021bab2e6dca6cec6db911c8da403002ee735a4,6458,alloc_in_bytes,generate/flambda2,2107083051784,,
2026-07-15T07:30:10Z,1021bab2e6dca6cec6db911c8da403002ee735a4,6458,alloc_in_bytes,generate/compile_phrases/cfg,404075125314,,
2026-07-15T07:30:10Z,1021bab2e6dca6cec6db911c8da403002ee735a4,6458,alloc_in_bytes,generate/assemble,387805325,,
2026-07-15T07:30:10Z,1021bab2e6dca6cec6db911c8da403002ee735a4,6458,top_heap_in_bytes,<all>,146907792255,,
2026-07-15T07:30:10Z,1021bab2e6dca6cec6db911c8da403002ee735a4,6458,top_heap_in_bytes,parsing,2003576503,,
2026-07-15T07:30:10Z,1021bab2e6dca6cec6db911c8da403002ee735a4,6458,top_heap_in_bytes,typing,30086160942,,
2026-07-15T07:30:10Z,1021bab2e6dca6cec6db911c8da403002ee735a4,6458,top_heap_in_bytes,generate/flambda2,66925770989,,
2026-07-15T07:30:10Z,1021bab2e6dca6cec6db911c8da403002ee735a4,6458,top_heap_in_bytes,generate/compile_phrases/cfg,21799369773,,
2026-07-15T07:30:10Z,1021bab2e6dca6cec6db911c8da403002ee735a4,6458,top_heap_in_bytes,generate/assemble,20845664,,
2026-07-15T07:30:10Z,1021bab2e6dca6cec6db911c8da403002ee735a4,6458,absolute_top_heap_in_bytes,<all>,191173019335,,
2026-07-15T07:30:10Z,1021bab2e6dca6cec6db911c8da403002ee735a4,6458,absolute_top_heap_in_bytes,parsing,11226966336,,
2026-07-15T07:30:10Z,1021bab2e6dca6cec6db911c8da403002ee735a4,6458,absolute_top_heap_in_bytes,typing,53549118569,,
2026-07-15T07:30:10Z,1021bab2e6dca6cec6db911c8da403002ee735a4,6458,absolute_top_heap_in_bytes,generate/flambda2,123660821053,,
2026-07-15T07:30:10Z,1021bab2e6dca6cec6db911c8da403002ee735a4,6458,absolute_top_heap_in_bytes,generate/compile_phrases/cfg,140348814049,,
2026-07-15T07:30:10Z,1021bab2e6dca6cec6db911c8da403002ee735a4,6458,absolute_top_heap_in_bytes,generate/assemble,2258527831,,
2026-07-15T07:30:10Z,1021bab2e6dca6cec6db911c8da403002ee735a4,6458,counter,block,2418972,,
2026-07-15T07:30:10Z,1021bab2e6dca6cec6db911c8da403002ee735a4,6458,counter,instruction,14082172,,
2026-07-15T07:30:10Z,1021bab2e6dca6cec6db911c8da403002ee735a4,6458,counter,move,1795343,,
2026-07-15T07:30:10Z,1021bab2e6dca6cec6db911c8da403002ee735a4,6458,counter,reload,944053,,
2026-07-15T07:30:10Z,1021bab2e6dca6cec6db911c8da403002ee735a4,6458,counter,spill,672269,,
2026-07-15T07:30:10Z,1021bab2e6dca6cec6db911c8da403002ee735a4,6458,counter,stack_slot,443027,,
2026-07-15T06:34:09Z,517b76838596bd395d18425e863231277d78832f,6226,size_in_bytes,exe,68387864,,
2026-07-15T06:34:09Z,517b76838596bd395d18425e863231277d78832f,6226,size_in_bytes,opt,476724632,,
2026-07-15T06:34:09Z,517b76838596bd395d18425e863231277d78832f,6226,size_in_bytes,a,214415230,,
2026-07-15T06:34:09Z,517b76838596bd395d18425e863231277d78832f,6226,size_in_bytes,cmxa,347115,,
2026-07-15T06:34:09Z,517b76838596bd395d18425e863231277d78832f,6226,size_in_bytes,cma,257007412,,
2026-07-15T06:34:09Z,517b76838596bd395d18425e863231277d78832f,6226,size_in_bytes,cmi,23610425,,
2026-07-15T06:34:09Z,517b76838596bd395d18425e863231277d78832f,6226,size_in_bytes,cmx,149448111,,
2026-07-15T06:34:09Z,517b76838596bd395d18425e863231277d78832f,6226,size_in_bytes,cmo,1468434,,
2026-07-15T06:34:09Z,517b76838596bd395d18425e863231277d78832f,6226,size_in_bytes,cms,24429659,,
2026-07-15T06:34:09Z,517b76838596bd395d18425e863231277d78832f,6226,size_in_bytes,cmsi,8218139,,
2026-07-15T06:34:09Z,517b76838596bd395d18425e863231277d78832f,6226,size_in_bytes,cmt,602008206,,
2026-07-15T06:34:09Z,517b76838596bd395d18425e863231277d78832f,6226,size_in_bytes,cmti,70899861,,
2026-07-15T06:34:09Z,517b76838596bd395d18425e863231277d78832f,6226,size_in_bytes,o,4624,,
2026-07-15T06:34:09Z,517b76838596bd395d18425e863231277d78832f,6226,time_in_seconds,<all>,2498.268,,
2026-07-15T06:34:09Z,517b76838596bd395d18425e863231277d78832f,6226,time_in_seconds,parsing,9.388,,
2026-07-15T06:34:09Z,517b76838596bd395d18425e863231277d78832f,6226,time_in_seconds,typing,233.617,,
2026-07-15T06:34:09Z,517b76838596bd395d18425e863231277d78832f,6226,time_in_seconds,generate/flambda2,1056.834,,
2026-07-15T06:34:09Z,517b76838596bd395d18425e863231277d78832f,6226,time_in_seconds,generate/compile_phrases/cfg,372.979,,
2026-07-15T06:34:09Z,517b76838596bd395d18425e863231277d78832f,6226,time_in_seconds,generate/assemble,62.622,,
2026-07-15T06:34:09Z,517b76838596bd395d18425e863231277d78832f,6226,alloc_in_bytes,<all>,3300008131631,,
2026-07-15T06:34:09Z,517b76838596bd395d18425e863231277d78832f,6226,alloc_in_bytes,parsing,12914072155,,
2026-07-15T06:34:09Z,517b76838596bd395d18425e863231277d78832f,6226,alloc_in_bytes,typing,277726005786,,
2026-07-15T06:34:09Z,517b76838596bd395d18425e863231277d78832f,6226,alloc_in_bytes,generate/flambda2,2107185539603,,
2026-07-15T06:34:09Z,517b76838596bd395d18425e863231277d78832f,6226,alloc_in_bytes,generate/compile_phrases/cfg,404014465192,,
2026-07-15T06:34:09Z,517b76838596bd395d18425e863231277d78832f,6226,alloc_in_bytes,generate/assemble,387805325,,
2026-07-15T06:34:09Z,517b76838596bd395d18425e863231277d78832f,6226,top_heap_in_bytes,<all>,146952094594,,
2026-07-15T06:34:09Z,517b76838596bd395d18425e863231277d78832f,6226,top_heap_in_bytes,parsing,2013296800,,
2026-07-15T06:34:09Z,517b76838596bd395d18425e863231277d78832f,6226,top_heap_in_bytes,typing,30088362956,,
2026-07-15T06:34:09Z,517b76838596bd395d18425e863231277d78832f,6226,top_heap_in_bytes,generate/flambda2,66915065018,,
2026-07-15T06:34:09Z,517b76838596bd395d18425e863231277d78832f,6226,top_heap_in_bytes,generate/compile_phrases/cfg,21829862366,,
2026-07-15T06:34:09Z,517b76838596bd395d18425e863231277d78832f,6226,top_heap_in_bytes,generate/assemble,20845664,,
2026-07-15T06:34:09Z,517b76838596bd395d18425e863231277d78832f,6226,absolute_top_heap_in_bytes,<all>,191203753092,,
2026-07-15T06:34:09Z,517b76838596bd395d18425e863231277d78832f,6226,absolute_top_heap_in_bytes,parsing,11246218191,,
2026-07-15T06:34:09Z,517b76838596bd395d18425e863231277d78832f,6226,absolute_top_heap_in_bytes,typing,53557727375,,
2026-07-15T06:34:09Z,517b76838596bd395d18425e863231277d78832f,6226,absolute_top_heap_in_bytes,generate/flambda2,123665287988,,
2026-07-15T06:34:09Z,517b76838596bd395d18425e863231277d78832f,6226,absolute_top_heap_in_bytes,generate/compile_phrases/cfg,140362843985,,
2026-07-15T06:34:09Z,517b76838596bd395d18425e863231277d78832f,6226,absolute_top_heap_in_bytes,generate/assemble,2258527831,,
2026-07-15T06:34:09Z,517b76838596bd395d18425e863231277d78832f,6226,counter,block,2418962,,
2026-07-15T06:34:09Z,517b76838596bd395d18425e863231277d78832f,6226,counter,instruction,14082112,,
2026-07-15T06:34:09Z,517b76838596bd395d18425e863231277d78832f,6226,counter,move,1795329,,
2026-07-15T06:34:09Z,517b76838596bd395d18425e863231277d78832f,6226,counter,reload,944043,,
2026-07-15T06:34:09Z,517b76838596bd395d18425e863231277d78832f,6226,counter,spill,672263,,
2026-07-15T06:34:09Z,517b76838596bd395d18425e863231277d78832f,6226,counter,stack_slot,443025,,
2026-07-15T06:27:48Z,ba706dcb8fe79bbfd73a275612df7d9270ffd79e,6440,size_in_bytes,exe,68386752,,
2026-07-15T06:27:48Z,ba706dcb8fe79bbfd73a275612df7d9270ffd79e,6440,size_in_bytes,opt,476675992,,
2026-07-15T06:27:48Z,ba706dcb8fe79bbfd73a275612df7d9270ffd79e,6440,size_in_bytes,a,214399578,,
2026-07-15T06:27:48Z,ba706dcb8fe79bbfd73a275612df7d9270ffd79e,6440,size_in_bytes,cmxa,347115,,
2026-07-15T06:27:48Z,ba706dcb8fe79bbfd73a275612df7d9270ffd79e,6440,size_in_bytes,cma,257001867,,
2026-07-15T06:27:48Z,ba706dcb8fe79bbfd73a275612df7d9270ffd79e,6440,size_in_bytes,cmi,23608805,,
2026-07-15T06:27:48Z,ba706dcb8fe79bbfd73a275612df7d9270ffd79e,6440,size_in_bytes,cmx,149420085,,
2026-07-15T06:27:48Z,ba706dcb8fe79bbfd73a275612df7d9270ffd79e,6440,size_in_bytes,cmo,1468442,,
2026-07-15T06:27:48Z,ba706dcb8fe79bbfd73a275612df7d9270ffd79e,6440,size_in_bytes,cms,24429659,,
2026-07-15T06:27:48Z,ba706dcb8fe79bbfd73a275612df7d9270ffd79e,6440,size_in_bytes,cmsi,8218139,,
2026-07-15T06:27:48Z,ba706dcb8fe79bbfd73a275612df7d9270ffd79e,6440,size_in_bytes,cmt,603551105,,
2026-07-15T06:27:48Z,ba706dcb8fe79bbfd73a275612df7d9270ffd79e,6440,size_in_bytes,cmti,70895504,,
2026-07-15T06:27:48Z,ba706dcb8fe79bbfd73a275612df7d9270ffd79e,6440,size_in_bytes,o,4624,,
2026-07-15T06:27:48Z,ba706dcb8fe79bbfd73a275612df7d9270ffd79e,6440,time_in_seconds,<all>,2260.623,,
2026-07-15T06:27:48Z,ba706dcb8fe79bbfd73a275612df7d9270ffd79e,6440,time_in_seconds,parsing,8.040,,
2026-07-15T06:27:48Z,ba706dcb8fe79bbfd73a275612df7d9270ffd79e,6440,time_in_seconds,typing,201.258,,
2026-07-15T06:27:48Z,ba706dcb8fe79bbfd73a275612df7d9270ffd79e,6440,time_in_seconds,generate/flambda2,956.489,,
2026-07-15T06:27:48Z,ba706dcb8fe79bbfd73a275612df7d9270ffd79e,6440,time_in_seconds,generate/compile_phrases/cfg,345.177,,
2026-07-15T06:27:48Z,ba706dcb8fe79bbfd73a275612df7d9270ffd79e,6440,time_in_seconds,generate/assemble,56.700,,
2026-07-15T06:27:48Z,ba706dcb8fe79bbfd73a275612df7d9270ffd79e,6440,alloc_in_bytes,<all>,3299183133001,,
2026-07-15T06:27:48Z,ba706dcb8fe79bbfd73a275612df7d9270ffd79e,6440,alloc_in_bytes,parsing,12888088443,,
2026-07-15T06:27:48Z,ba706dcb8fe79bbfd73a275612df7d9270ffd79e,6440,alloc_in_bytes,typing,277485368014,,
2026-07-15T06:27:48Z,ba706dcb8fe79bbfd73a275612df7d9270ffd79e,6440,alloc_in_bytes,generate/flambda2,2106739265638,,
2026-07-15T06:27:48Z,ba706dcb8fe79bbfd73a275612df7d9270ffd79e,6440,alloc_in_bytes,generate/compile_phrases/cfg,404135093357,,
2026-07-15T06:27:48Z,ba706dcb8fe79bbfd73a275612df7d9270ffd79e,6440,alloc_in_bytes,generate/assemble,387585123,,
2026-07-15T06:27:48Z,ba706dcb8fe79bbfd73a275612df7d9270ffd79e,6440,top_heap_in_bytes,<all>,146700184682,,
2026-07-15T06:27:48Z,ba706dcb8fe79bbfd73a275612df7d9270ffd79e,6440,top_heap_in_bytes,parsing,2016505424,,
2026-07-15T06:27:48Z,ba706dcb8fe79bbfd73a275612df7d9270ffd79e,6440,top_heap_in_bytes,typing,30110183796,,
2026-07-15T06:27:48Z,ba706dcb8fe79bbfd73a275612df7d9270ffd79e,6440,top_heap_in_bytes,generate/flambda2,66778991304,,
2026-07-15T06:27:48Z,ba706dcb8fe79bbfd73a275612df7d9270ffd79e,6440,top_heap_in_bytes,generate/compile_phrases/cfg,21733613596,,
2026-07-15T06:27:48Z,ba706dcb8fe79bbfd73a275612df7d9270ffd79e,6440,top_heap_in_bytes,generate/assemble,20195548,,
2026-07-15T06:27:48Z,ba706dcb8fe79bbfd73a275612df7d9270ffd79e,6440,absolute_top_heap_in_bytes,<all>,190032892142,,
2026-07-15T06:27:48Z,ba706dcb8fe79bbfd73a275612df7d9270ffd79e,6440,absolute_top_heap_in_bytes,parsing,11299622178,,
2026-07-15T06:27:48Z,ba706dcb8fe79bbfd73a275612df7d9270ffd79e,6440,absolute_top_heap_in_bytes,typing,53610355400,,
2026-07-15T06:27:48Z,ba706dcb8fe79bbfd73a275612df7d9270ffd79e,6440,absolute_top_heap_in_bytes,generate/flambda2,124011884295,,
2026-07-15T06:27:48Z,ba706dcb8fe79bbfd73a275612df7d9270ffd79e,6440,absolute_top_heap_in_bytes,generate/compile_phrases/cfg,141118458319,,
2026-07-15T06:27:48Z,ba706dcb8fe79bbfd73a275612df7d9270ffd79e,6440,absolute_top_heap_in_bytes,generate/assemble,2623641993,,
2026-07-15T06:27:48Z,ba706dcb8fe79bbfd73a275612df7d9270ffd79e,6440,counter,block,2418898,,
2026-07-15T06:27:48Z,ba706dcb8fe79bbfd73a275612df7d9270ffd79e,6440,counter,instruction,14081750,,
2026-07-15T06:27:48Z,ba706dcb8fe79bbfd73a275612df7d9270ffd79e,6440,counter,move,1795323,,
2026-07-15T06:27:48Z,ba706dcb8fe79bbfd73a275612df7d9270ffd79e,6440,counter,reload,944024,,
2026-07-15T06:27:48Z,ba706dcb8fe79bbfd73a275612df7d9270ffd79e,6440,counter,spill,672250,,
2026-07-15T06:27:48Z,ba706dcb8fe79bbfd73a275612df7d9270ffd79e,6440,counter,stack_slot,443027,,
2026-07-16T11:57:59Z,35b0031807c28eb9cdc0ea1d6fec0737137f22e7,6412,size_in_bytes,exe,68415800,,
2026-07-16T11:57:59Z,35b0031807c28eb9cdc0ea1d6fec0737137f22e7,6412,size_in_bytes,opt,476910176,,
2026-07-16T11:57:59Z,35b0031807c28eb9cdc0ea1d6fec0737137f22e7,6412,size_in_bytes,a,214540030,,
2026-07-16T11:57:59Z,35b0031807c28eb9cdc0ea1d6fec0737137f22e7,6412,size_in_bytes,cmxa,347270,,
2026-07-16T11:57:59Z,35b0031807c28eb9cdc0ea1d6fec0737137f22e7,6412,size_in_bytes,cma,257209513,,
2026-07-16T11:57:59Z,35b0031807c28eb9cdc0ea1d6fec0737137f22e7,6412,size_in_bytes,cmi,23618552,,
2026-07-16T11:57:59Z,35b0031807c28eb9cdc0ea1d6fec0737137f22e7,6412,size_in_bytes,cmx,151503032,,
2026-07-16T11:57:59Z,35b0031807c28eb9cdc0ea1d6fec0737137f22e7,6412,size_in_bytes,cmo,1468460,,
2026-07-16T11:57:59Z,35b0031807c28eb9cdc0ea1d6fec0737137f22e7,6412,size_in_bytes,cms,24544975,,
2026-07-16T11:57:59Z,35b0031807c28eb9cdc0ea1d6fec0737137f22e7,6412,size_in_bytes,cmsi,8222421,,
2026-07-16T11:57:59Z,35b0031807c28eb9cdc0ea1d6fec0737137f22e7,6412,size_in_bytes,cmt,602751910,,
2026-07-16T11:57:59Z,35b0031807c28eb9cdc0ea1d6fec0737137f22e7,6412,size_in_bytes,cmti,70935435,,
2026-07-16T11:57:59Z,35b0031807c28eb9cdc0ea1d6fec0737137f22e7,6412,size_in_bytes,o,4624,,
2026-07-16T11:57:59Z,35b0031807c28eb9cdc0ea1d6fec0737137f22e7,6412,time_in_seconds,<all>,2517.174,,
2026-07-16T11:57:59Z,35b0031807c28eb9cdc0ea1d6fec0737137f22e7,6412,time_in_seconds,parsing,9.489,,
2026-07-16T11:57:59Z,35b0031807c28eb9cdc0ea1d6fec0737137f22e7,6412,time_in_seconds,typing,244.636,,
2026-07-16T11:57:59Z,35b0031807c28eb9cdc0ea1d6fec0737137f22e7,6412,time_in_seconds,generate/flambda2,1072.299,,
2026-07-16T11:57:59Z,35b0031807c28eb9cdc0ea1d6fec0737137f22e7,6412,time_in_seconds,generate/compile_phrases/cfg,375.417,,
2026-07-16T11:57:59Z,35b0031807c28eb9cdc0ea1d6fec0737137f22e7,6412,time_in_seconds,generate/assemble,61.731,,
2026-07-16T11:57:59Z,35b0031807c28eb9cdc0ea1d6fec0737137f22e7,6412,alloc_in_bytes,<all>,3353222640095,,
2026-07-16T11:57:59Z,35b0031807c28eb9cdc0ea1d6fec0737137f22e7,6412,alloc_in_bytes,parsing,12781815301,,
2026-07-16T11:57:59Z,35b0031807c28eb9cdc0ea1d6fec0737137f22e7,6412,alloc_in_bytes,typing,277750699727,,
2026-07-16T11:57:59Z,35b0031807c28eb9cdc0ea1d6fec0737137f22e7,6412,alloc_in_bytes,generate/flambda2,2158180254679,,
2026-07-16T11:57:59Z,35b0031807c28eb9cdc0ea1d6fec0737137f22e7,6412,alloc_in_bytes,generate/compile_phrases/cfg,404266815475,,
2026-07-16T11:57:59Z,35b0031807c28eb9cdc0ea1d6fec0737137f22e7,6412,alloc_in_bytes,generate/assemble,396948901,,
2026-07-16T11:57:59Z,35b0031807c28eb9cdc0ea1d6fec0737137f22e7,6412,top_heap_in_bytes,<all>,148109261125,,
2026-07-16T11:57:59Z,35b0031807c28eb9cdc0ea1d6fec0737137f22e7,6412,top_heap_in_bytes,parsing,2023394619,,
2026-07-16T11:57:59Z,35b0031807c28eb9cdc0ea1d6fec0737137f22e7,6412,top_heap_in_bytes,typing,30256502129,,
2026-07-16T11:57:59Z,35b0031807c28eb9cdc0ea1d6fec0737137f22e7,6412,top_heap_in_bytes,generate/flambda2,67774037467,,
2026-07-16T11:57:59Z,35b0031807c28eb9cdc0ea1d6fec0737137f22e7,6412,top_heap_in_bytes,generate/compile_phrases/cfg,21768940085,,
2026-07-16T11:57:59Z,35b0031807c28eb9cdc0ea1d6fec0737137f22e7,6412,top_heap_in_bytes,generate/assemble,21359468,,
2026-07-16T11:57:59Z,35b0031807c28eb9cdc0ea1d6fec0737137f22e7,6412,absolute_top_heap_in_bytes,<all>,192507248350,,
2026-07-16T11:57:59Z,35b0031807c28eb9cdc0ea1d6fec0737137f22e7,6412,absolute_top_heap_in_bytes,parsing,11361834166,,
2026-07-16T11:57:59Z,35b0031807c28eb9cdc0ea1d6fec0737137f22e7,6412,absolute_top_heap_in_bytes,typing,53096039378,,
2026-07-16T11:57:59Z,35b0031807c28eb9cdc0ea1d6fec0737137f22e7,6412,absolute_top_heap_in_bytes,generate/flambda2,123110234715,,
2026-07-16T11:57:59Z,35b0031807c28eb9cdc0ea1d6fec0737137f22e7,6412,absolute_top_heap_in_bytes,generate/compile_phrases/cfg,141270229228,,
2026-07-16T11:57:59Z,35b0031807c28eb9cdc0ea1d6fec0737137f22e7,6412,absolute_top_heap_in_bytes,generate/assemble,1865626405,,
2026-07-16T11:57:59Z,35b0031807c28eb9cdc0ea1d6fec0737137f22e7,6412,counter,block,2419430,,
2026-07-16T11:57:59Z,35b0031807c28eb9cdc0ea1d6fec0737137f22e7,6412,counter,instruction,14092893,,
2026-07-16T11:57:59Z,35b0031807c28eb9cdc0ea1d6fec0737137f22e7,6412,counter,move,1795541,,
2026-07-16T11:57:59Z,35b0031807c28eb9cdc0ea1d6fec0737137f22e7,6412,counter,reload,944139,,
2026-07-16T11:57:59Z,35b0031807c28eb9cdc0ea1d6fec0737137f22e7,6412,counter,spill,672705,,
2026-07-16T11:57:59Z,35b0031807c28eb9cdc0ea1d6fec0737137f22e7,6412,counter,stack_slot,443477,,
2026-07-17T16:37:45Z,2b2249ffa5da0e6a37d2c1a4b03be2781a9c75b2,6281,size_in_bytes,exe,68439048,,
2026-07-17T16:37:45Z,2b2249ffa5da0e6a37d2c1a4b03be2781a9c75b2,6281,size_in_bytes,opt,477106496,,
2026-07-17T16:37:45Z,2b2249ffa5da0e6a37d2c1a4b03be2781a9c75b2,6281,size_in_bytes,a,214588228,,
2026-07-17T16:37:45Z,2b2249ffa5da0e6a37d2c1a4b03be2781a9c75b2,6281,size_in_bytes,cmxa,347346,,
2026-07-17T16:37:45Z,2b2249ffa5da0e6a37d2c1a4b03be2781a9c75b2,6281,size_in_bytes,cma,257383223,,
2026-07-17T16:37:45Z,2b2249ffa5da0e6a37d2c1a4b03be2781a9c75b2,6281,size_in_bytes,cmi,23643906,,
2026-07-17T16:37:45Z,2b2249ffa5da0e6a37d2c1a4b03be2781a9c75b2,6281,size_in_bytes,cmx,151582869,,
2026-07-17T16:37:45Z,2b2249ffa5da0e6a37d2c1a4b03be2781a9c75b2,6281,size_in_bytes,cmo,1468460,,
2026-07-17T16:37:45Z,2b2249ffa5da0e6a37d2c1a4b03be2781a9c75b2,6281,size_in_bytes,cms,24570907,,
2026-07-17T16:37:45Z,2b2249ffa5da0e6a37d2c1a4b03be2781a9c75b2,6281,size_in_bytes,cmsi,8236810,,
2026-07-17T16:37:45Z,2b2249ffa5da0e6a37d2c1a4b03be2781a9c75b2,6281,size_in_bytes,cmt,603197967,,
2026-07-17T16:37:45Z,2b2249ffa5da0e6a37d2c1a4b03be2781a9c75b2,6281,size_in_bytes,cmti,71054173,,
2026-07-17T16:37:45Z,2b2249ffa5da0e6a37d2c1a4b03be2781a9c75b2,6281,size_in_bytes,o,4624,,
2026-07-17T16:37:45Z,2b2249ffa5da0e6a37d2c1a4b03be2781a9c75b2,6281,time_in_seconds,<all>,2322.987,,
2026-07-17T16:37:45Z,2b2249ffa5da0e6a37d2c1a4b03be2781a9c75b2,6281,time_in_seconds,parsing,8.267,,
2026-07-17T16:37:45Z,2b2249ffa5da0e6a37d2c1a4b03be2781a9c75b2,6281,time_in_seconds,typing,208.383,,
2026-07-17T16:37:45Z,2b2249ffa5da0e6a37d2c1a4b03be2781a9c75b2,6281,time_in_seconds,generate/flambda2,975.890,,
2026-07-17T16:37:45Z,2b2249ffa5da0e6a37d2c1a4b03be2781a9c75b2,6281,time_in_seconds,generate/compile_phrases/cfg,351.028,,
2026-07-17T16:37:45Z,2b2249ffa5da0e6a37d2c1a4b03be2781a9c75b2,6281,time_in_seconds,generate/assemble,61.140,,
2026-07-17T16:37:45Z,2b2249ffa5da0e6a37d2c1a4b03be2781a9c75b2,6281,alloc_in_bytes,<all>,3350281457810,,
2026-07-17T16:37:45Z,2b2249ffa5da0e6a37d2c1a4b03be2781a9c75b2,6281,alloc_in_bytes,parsing,12842318131,,
2026-07-17T16:37:45Z,2b2249ffa5da0e6a37d2c1a4b03be2781a9c75b2,6281,alloc_in_bytes,typing,272664581784,,
2026-07-17T16:37:45Z,2b2249ffa5da0e6a37d2c1a4b03be2781a9c75b2,6281,alloc_in_bytes,generate/flambda2,2154203760893,,
2026-07-17T16:37:45Z,2b2249ffa5da0e6a37d2c1a4b03be2781a9c75b2,6281,alloc_in_bytes,generate/compile_phrases/cfg,404423829234,,
2026-07-17T16:37:45Z,2b2249ffa5da0e6a37d2c1a4b03be2781a9c75b2,6281,alloc_in_bytes,generate/assemble,400293865,,
2026-07-17T16:37:45Z,2b2249ffa5da0e6a37d2c1a4b03be2781a9c75b2,6281,top_heap_in_bytes,<all>,148557684625,,
2026-07-17T16:37:45Z,2b2249ffa5da0e6a37d2c1a4b03be2781a9c75b2,6281,top_heap_in_bytes,parsing,2050626139,,
2026-07-17T16:37:45Z,2b2249ffa5da0e6a37d2c1a4b03be2781a9c75b2,6281,top_heap_in_bytes,typing,30258966292,,
2026-07-17T16:37:45Z,2b2249ffa5da0e6a37d2c1a4b03be2781a9c75b2,6281,top_heap_in_bytes,generate/flambda2,67853320293,,
2026-07-17T16:37:45Z,2b2249ffa5da0e6a37d2c1a4b03be2781a9c75b2,6281,top_heap_in_bytes,generate/compile_phrases/cfg,21693432128,,
2026-07-17T16:37:45Z,2b2249ffa5da0e6a37d2c1a4b03be2781a9c75b2,6281,top_heap_in_bytes,generate/assemble,22418527,,
2026-07-17T16:37:45Z,2b2249ffa5da0e6a37d2c1a4b03be2781a9c75b2,6281,absolute_top_heap_in_bytes,<all>,193841844439,,
2026-07-17T16:37:45Z,2b2249ffa5da0e6a37d2c1a4b03be2781a9c75b2,6281,absolute_top_heap_in_bytes,parsing,11334770424,,
2026-07-17T16:37:45Z,2b2249ffa5da0e6a37d2c1a4b03be2781a9c75b2,6281,absolute_top_heap_in_bytes,typing,53289858183,,
2026-07-17T16:37:45Z,2b2249ffa5da0e6a37d2c1a4b03be2781a9c75b2,6281,absolute_top_heap_in_bytes,generate/flambda2,124698942692,,
2026-07-17T16:37:45Z,2b2249ffa5da0e6a37d2c1a4b03be2781a9c75b2,6281,absolute_top_heap_in_bytes,generate/compile_phrases/cfg,141589992485,,
2026-07-17T16:37:45Z,2b2249ffa5da0e6a37d2c1a4b03be2781a9c75b2,6281,absolute_top_heap_in_bytes,generate/assemble,1964716832,,
2026-07-17T16:37:45Z,2b2249ffa5da0e6a37d2c1a4b03be2781a9c75b2,6281,counter,block,2574119,,
2026-07-17T16:37:45Z,2b2249ffa5da0e6a37d2c1a4b03be2781a9c75b2,6281,counter,instruction,15070031,,
2026-07-17T16:37:45Z,2b2249ffa5da0e6a37d2c1a4b03be2781a9c75b2,6281,counter,move,1946555,,
2026-07-17T16:37:45Z,2b2249ffa5da0e6a37d2c1a4b03be2781a9c75b2,6281,counter,reload,954945,,
2026-07-17T16:37:45Z,2b2249ffa5da0e6a37d2c1a4b03be2781a9c75b2,6281,counter,spill,682049,,
2026-07-17T16:37:45Z,2b2249ffa5da0e6a37d2c1a4b03be2781a9c75b2,6281,counter,stack_slot,452764,,
2026-07-17T06:44:53Z,63884c7e0cc4dde66250aeebf87f71bc39d18b9e,6479,size_in_bytes,exe,68428488,,
2026-07-17T06:44:53Z,63884c7e0cc4dde66250aeebf87f71bc39d18b9e,6479,size_in_bytes,opt,477035224,,
2026-07-17T06:44:53Z,63884c7e0cc4dde66250aeebf87f71bc39d18b9e,6479,size_in_bytes,a,214574002,,
2026-07-17T06:44:53Z,63884c7e0cc4dde66250aeebf87f71bc39d18b9e,6479,size_in_bytes,cmxa,347270,,
2026-07-17T06:44:53Z,63884c7e0cc4dde66250aeebf87f71bc39d18b9e,6479,size_in_bytes,cma,257265725,,
2026-07-17T06:44:53Z,63884c7e0cc4dde66250aeebf87f71bc39d18b9e,6479,size_in_bytes,cmi,23625165,,
2026-07-17T06:44:53Z,63884c7e0cc4dde66250aeebf87f71bc39d18b9e,6479,size_in_bytes,cmx,151570405,,
2026-07-17T06:44:53Z,63884c7e0cc4dde66250aeebf87f71bc39d18b9e,6479,size_in_bytes,cmo,1468460,,
2026-07-17T06:44:53Z,63884c7e0cc4dde66250aeebf87f71bc39d18b9e,6479,size_in_bytes,cms,24544975,,
2026-07-17T06:44:53Z,63884c7e0cc4dde66250aeebf87f71bc39d18b9e,6479,size_in_bytes,cmsi,8222421,,
2026-07-17T06:44:53Z,63884c7e0cc4dde66250aeebf87f71bc39d18b9e,6479,size_in_bytes,cmt,602832807,,
2026-07-17T06:44:53Z,63884c7e0cc4dde66250aeebf87f71bc39d18b9e,6479,size_in_bytes,cmti,70960125,,
2026-07-17T06:44:53Z,63884c7e0cc4dde66250aeebf87f71bc39d18b9e,6479,size_in_bytes,o,4624,,
2026-07-17T06:44:53Z,63884c7e0cc4dde66250aeebf87f71bc39d18b9e,6479,time_in_seconds,<all>,2483.734,,
2026-07-17T06:44:53Z,63884c7e0cc4dde66250aeebf87f71bc39d18b9e,6479,time_in_seconds,parsing,9.100,,
2026-07-17T06:44:53Z,63884c7e0cc4dde66250aeebf87f71bc39d18b9e,6479,time_in_seconds,typing,229.515,,
2026-07-17T06:44:53Z,63884c7e0cc4dde66250aeebf87f71bc39d18b9e,6479,time_in_seconds,generate/flambda2,1055.888,,
2026-07-17T06:44:53Z,63884c7e0cc4dde66250aeebf87f71bc39d18b9e,6479,time_in_seconds,generate/compile_phrases/cfg,379.632,,
2026-07-17T06:44:53Z,63884c7e0cc4dde66250aeebf87f71bc39d18b9e,6479,time_in_seconds,generate/assemble,62.854,,
2026-07-17T06:44:53Z,63884c7e0cc4dde66250aeebf87f71bc39d18b9e,6479,alloc_in_bytes,<all>,3354706679221,,
2026-07-17T06:44:53Z,63884c7e0cc4dde66250aeebf87f71bc39d18b9e,6479,alloc_in_bytes,parsing,12793821498,,
2026-07-17T06:44:53Z,63884c7e0cc4dde66250aeebf87f71bc39d18b9e,6479,alloc_in_bytes,typing,278354511726,,
2026-07-17T06:44:53Z,63884c7e0cc4dde66250aeebf87f71bc39d18b9e,6479,alloc_in_bytes,generate/flambda2,2158726971717,,
2026-07-17T06:44:53Z,63884c7e0cc4dde66250aeebf87f71bc39d18b9e,6479,alloc_in_bytes,generate/compile_phrases/cfg,404313351279,,
2026-07-17T06:44:53Z,63884c7e0cc4dde66250aeebf87f71bc39d18b9e,6479,alloc_in_bytes,generate/assemble,405169740,,
2026-07-17T06:44:53Z,63884c7e0cc4dde66250aeebf87f71bc39d18b9e,6479,top_heap_in_bytes,<all>,148062494606,,
2026-07-17T06:44:53Z,63884c7e0cc4dde66250aeebf87f71bc39d18b9e,6479,top_heap_in_bytes,parsing,2023331704,,
2026-07-17T06:44:53Z,63884c7e0cc4dde66250aeebf87f71bc39d18b9e,6479,top_heap_in_bytes,typing,30269861003,,
2026-07-17T06:44:53Z,63884c7e0cc4dde66250aeebf87f71bc39d18b9e,6479,top_heap_in_bytes,generate/flambda2,67809573742,,
2026-07-17T06:44:53Z,63884c7e0cc4dde66250aeebf87f71bc39d18b9e,6479,top_heap_in_bytes,generate/compile_phrases/cfg,21762166301,,
2026-07-17T06:44:53Z,63884c7e0cc4dde66250aeebf87f71bc39d18b9e,6479,top_heap_in_bytes,generate/assemble,21495781,,
2026-07-17T06:44:53Z,63884c7e0cc4dde66250aeebf87f71bc39d18b9e,6479,absolute_top_heap_in_bytes,<all>,192717351531,,
2026-07-17T06:44:53Z,63884c7e0cc4dde66250aeebf87f71bc39d18b9e,6479,absolute_top_heap_in_bytes,parsing,11365787300,,
2026-07-17T06:44:53Z,63884c7e0cc4dde66250aeebf87f71bc39d18b9e,6479,absolute_top_heap_in_bytes,typing,53101208863,,
2026-07-17T06:44:53Z,63884c7e0cc4dde66250aeebf87f71bc39d18b9e,6479,absolute_top_heap_in_bytes,generate/flambda2,123092220191,,
2026-07-17T06:44:53Z,63884c7e0cc4dde66250aeebf87f71bc39d18b9e,6479,absolute_top_heap_in_bytes,generate/compile_phrases/cfg,141150062416,,
2026-07-17T06:44:53Z,63884c7e0cc4dde66250aeebf87f71bc39d18b9e,6479,absolute_top_heap_in_bytes,generate/assemble,2349649079,,
2026-07-17T06:44:53Z,63884c7e0cc4dde66250aeebf87f71bc39d18b9e,6479,counter,block,2420238,,
2026-07-17T06:44:53Z,63884c7e0cc4dde66250aeebf87f71bc39d18b9e,6479,counter,instruction,14097690,,
2026-07-17T06:44:53Z,63884c7e0cc4dde66250aeebf87f71bc39d18b9e,6479,counter,move,1796293,,
2026-07-17T06:44:53Z,63884c7e0cc4dde66250aeebf87f71bc39d18b9e,6479,counter,reload,944368,,
2026-07-17T06:44:53Z,63884c7e0cc4dde66250aeebf87f71bc39d18b9e,6479,counter,spill,672920,,
2026-07-17T06:44:53Z,63884c7e0cc4dde66250aeebf87f71bc39d18b9e,6479,counter,stack_slot,443614,,
2026-07-17T01:02:56Z,691e13c729ca3c4cee7848b4b71304142cec78ff,6433,size_in_bytes,exe,68426088,,
2026-07-17T01:02:56Z,691e13c729ca3c4cee7848b4b71304142cec78ff,6433,size_in_bytes,opt,476977576,,
2026-07-17T01:02:56Z,691e13c729ca3c4cee7848b4b71304142cec78ff,6433,size_in_bytes,a,214550400,,
2026-07-17T01:02:56Z,691e13c729ca3c4cee7848b4b71304142cec78ff,6433,size_in_bytes,cmxa,347270,,
2026-07-17T01:02:56Z,691e13c729ca3c4cee7848b4b71304142cec78ff,6433,size_in_bytes,cma,257220126,,
2026-07-17T01:02:56Z,691e13c729ca3c4cee7848b4b71304142cec78ff,6433,size_in_bytes,cmi,23619488,,
2026-07-17T01:02:56Z,691e13c729ca3c4cee7848b4b71304142cec78ff,6433,size_in_bytes,cmx,151512291,,
2026-07-17T01:02:56Z,691e13c729ca3c4cee7848b4b71304142cec78ff,6433,size_in_bytes,cmo,1468460,,
2026-07-17T01:02:56Z,691e13c729ca3c4cee7848b4b71304142cec78ff,6433,size_in_bytes,cms,24544975,,
2026-07-17T01:02:56Z,691e13c729ca3c4cee7848b4b71304142cec78ff,6433,size_in_bytes,cmsi,8222421,,
2026-07-17T01:02:56Z,691e13c729ca3c4cee7848b4b71304142cec78ff,6433,size_in_bytes,cmt,602792861,,
2026-07-17T01:02:56Z,691e13c729ca3c4cee7848b4b71304142cec78ff,6433,size_in_bytes,cmti,70938894,,
2026-07-17T01:02:56Z,691e13c729ca3c4cee7848b4b71304142cec78ff,6433,size_in_bytes,o,4624,,
2026-07-17T01:02:56Z,691e13c729ca3c4cee7848b4b71304142cec78ff,6433,time_in_seconds,<all>,2378.752,,
2026-07-17T01:02:56Z,691e13c729ca3c4cee7848b4b71304142cec78ff,6433,time_in_seconds,parsing,8.009,,
2026-07-17T01:02:56Z,691e13c729ca3c4cee7848b4b71304142cec78ff,6433,time_in_seconds,typing,213.339,,
2026-07-17T01:02:56Z,691e13c729ca3c4cee7848b4b71304142cec78ff,6433,time_in_seconds,generate/flambda2,1005.494,,
2026-07-17T01:02:56Z,691e13c729ca3c4cee7848b4b71304142cec78ff,6433,time_in_seconds,generate/compile_phrases/cfg,360.241,,
2026-07-17T01:02:56Z,691e13c729ca3c4cee7848b4b71304142cec78ff,6433,time_in_seconds,generate/assemble,60.166,,
2026-07-17T01:02:56Z,691e13c729ca3c4cee7848b4b71304142cec78ff,6433,alloc_in_bytes,<all>,3353450223028,,
2026-07-17T01:02:56Z,691e13c729ca3c4cee7848b4b71304142cec78ff,6433,alloc_in_bytes,parsing,12778344512,,
2026-07-17T01:02:56Z,691e13c729ca3c4cee7848b4b71304142cec78ff,6433,alloc_in_bytes,typing,277768420655,,
2026-07-17T01:02:56Z,691e13c729ca3c4cee7848b4b71304142cec78ff,6433,alloc_in_bytes,generate/flambda2,2158276367157,,
2026-07-17T01:02:56Z,691e13c729ca3c4cee7848b4b71304142cec78ff,6433,alloc_in_bytes,generate/compile_phrases/cfg,404273673154,,
2026-07-17T01:02:56Z,691e13c729ca3c4cee7848b4b71304142cec78ff,6433,alloc_in_bytes,generate/assemble,397032788,,
2026-07-17T01:02:56Z,691e13c729ca3c4cee7848b4b71304142cec78ff,6433,top_heap_in_bytes,<all>,148059369863,,
2026-07-17T01:02:56Z,691e13c729ca3c4cee7848b4b71304142cec78ff,6433,top_heap_in_bytes,parsing,2020594921,,
2026-07-17T01:02:56Z,691e13c729ca3c4cee7848b4b71304142cec78ff,6433,top_heap_in_bytes,typing,30257529736,,
2026-07-17T01:02:56Z,691e13c729ca3c4cee7848b4b71304142cec78ff,6433,top_heap_in_bytes,generate/flambda2,67768291276,,
2026-07-17T01:02:56Z,691e13c729ca3c4cee7848b4b71304142cec78ff,6433,top_heap_in_bytes,generate/compile_phrases/cfg,21768394829,,
2026-07-17T01:02:56Z,691e13c729ca3c4cee7848b4b71304142cec78ff,6433,top_heap_in_bytes,generate/assemble,21422382,,
2026-07-17T01:02:56Z,691e13c729ca3c4cee7848b4b71304142cec78ff,6433,absolute_top_heap_in_bytes,<all>,192505853749,,
2026-07-17T01:02:56Z,691e13c729ca3c4cee7848b4b71304142cec78ff,6433,absolute_top_heap_in_bytes,parsing,11358887668,,
2026-07-17T01:02:56Z,691e13c729ca3c4cee7848b4b71304142cec78ff,6433,absolute_top_heap_in_bytes,typing,53081306890,,
2026-07-17T01:02:56Z,691e13c729ca3c4cee7848b4b71304142cec78ff,6433,absolute_top_heap_in_bytes,generate/flambda2,123129476088,,
2026-07-17T01:02:56Z,691e13c729ca3c4cee7848b4b71304142cec78ff,6433,absolute_top_heap_in_bytes,generate/compile_phrases/cfg,141160202150,,
2026-07-17T01:02:56Z,691e13c729ca3c4cee7848b4b71304142cec78ff,6433,absolute_top_heap_in_bytes,generate/assemble,1865626405,,
2026-07-17T01:02:56Z,691e13c729ca3c4cee7848b4b71304142cec78ff,6433,counter,block,2420052,,
2026-07-17T01:02:56Z,691e13c729ca3c4cee7848b4b71304142cec78ff,6433,counter,instruction,14097223,,
2026-07-17T01:02:56Z,691e13c729ca3c4cee7848b4b71304142cec78ff,6433,counter,move,1796287,,
2026-07-17T01:02:56Z,691e13c729ca3c4cee7848b4b71304142cec78ff,6433,counter,reload,944294,,
2026-07-17T01:02:56Z,691e13c729ca3c4cee7848b4b71304142cec78ff,6433,counter,spill,672845,,
2026-07-17T01:02:56Z,691e13c729ca3c4cee7848b4b71304142cec78ff,6433,counter,stack_slot,443613,,
2026-07-17T18:41:34Z,ab708530da749fcfb1ff28120758d24a56d0b689,6491,size_in_bytes,exe,68427816,,
2026-07-17T18:41:34Z,ab708530da749fcfb1ff28120758d24a56d0b689,6491,size_in_bytes,opt,477014832,,
2026-07-17T18:41:34Z,ab708530da749fcfb1ff28120758d24a56d0b689,6491,size_in_bytes,a,214524116,,
2026-07-17T18:41:34Z,ab708530da749fcfb1ff28120758d24a56d0b689,6491,size_in_bytes,cmxa,348016,,
2026-07-17T18:41:34Z,ab708530da749fcfb1ff28120758d24a56d0b689,6491,size_in_bytes,cma,257386848,,
2026-07-17T18:41:34Z,ab708530da749fcfb1ff28120758d24a56d0b689,6491,size_in_bytes,cmi,23646403,,
2026-07-17T18:41:34Z,ab708530da749fcfb1ff28120758d24a56d0b689,6491,size_in_bytes,cmx,151617899,,
2026-07-17T18:41:34Z,ab708530da749fcfb1ff28120758d24a56d0b689,6491,size_in_bytes,cmo,1468460,,
2026-07-17T18:41:34Z,ab708530da749fcfb1ff28120758d24a56d0b689,6491,size_in_bytes,cms,24570281,,
2026-07-17T18:41:34Z,ab708530da749fcfb1ff28120758d24a56d0b689,6491,size_in_bytes,cmsi,8236810,,
2026-07-17T18:41:34Z,ab708530da749fcfb1ff28120758d24a56d0b689,6491,size_in_bytes,cmt,603188413,,
2026-07-17T18:41:34Z,ab708530da749fcfb1ff28120758d24a56d0b689,6491,size_in_bytes,cmti,71072353,,
2026-07-17T18:41:34Z,ab708530da749fcfb1ff28120758d24a56d0b689,6491,size_in_bytes,o,4624,,
2026-07-17T18:41:34Z,ab708530da749fcfb1ff28120758d24a56d0b689,6491,time_in_seconds,<all>,2432.206,,
2026-07-17T18:41:34Z,ab708530da749fcfb1ff28120758d24a56d0b689,6491,time_in_seconds,parsing,9.013,,
2026-07-17T18:41:34Z,ab708530da749fcfb1ff28120758d24a56d0b689,6491,time_in_seconds,typing,226.971,,
2026-07-17T18:41:34Z,ab708530da749fcfb1ff28120758d24a56d0b689,6491,time_in_seconds,generate/flambda2,1017.867,,
2026-07-17T18:41:34Z,ab708530da749fcfb1ff28120758d24a56d0b689,6491,time_in_seconds,generate/compile_phrases/cfg,373.428,,
2026-07-17T18:41:34Z,ab708530da749fcfb1ff28120758d24a56d0b689,6491,time_in_seconds,generate/assemble,60.860,,
2026-07-17T18:41:34Z,ab708530da749fcfb1ff28120758d24a56d0b689,6491,alloc_in_bytes,<all>,3347287311960,,
2026-07-17T18:41:34Z,ab708530da749fcfb1ff28120758d24a56d0b689,6491,alloc_in_bytes,parsing,12847435170,,
2026-07-17T18:41:34Z,ab708530da749fcfb1ff28120758d24a56d0b689,6491,alloc_in_bytes,typing,272634602998,,
2026-07-17T18:41:34Z,ab708530da749fcfb1ff28120758d24a56d0b689,6491,alloc_in_bytes,generate/flambda2,2151014779087,,
2026-07-17T18:41:34Z,ab708530da749fcfb1ff28120758d24a56d0b689,6491,alloc_in_bytes,generate/compile_phrases/cfg,404401022668,,
2026-07-17T18:41:34Z,ab708530da749fcfb1ff28120758d24a56d0b689,6491,alloc_in_bytes,generate/assemble,418570541,,
2026-07-17T18:41:34Z,ab708530da749fcfb1ff28120758d24a56d0b689,6491,top_heap_in_bytes,<all>,148596020599,,
2026-07-17T18:41:34Z,ab708530da749fcfb1ff28120758d24a56d0b689,6491,top_heap_in_bytes,parsing,2052450682,,
2026-07-17T18:41:34Z,ab708530da749fcfb1ff28120758d24a56d0b689,6491,top_heap_in_bytes,typing,30264985123,,
2026-07-17T18:41:34Z,ab708530da749fcfb1ff28120758d24a56d0b689,6491,top_heap_in_bytes,generate/flambda2,67679529323,,
2026-07-17T18:41:34Z,ab708530da749fcfb1ff28120758d24a56d0b689,6491,top_heap_in_bytes,generate/compile_phrases/cfg,21823916909,,
2026-07-17T18:41:34Z,ab708530da749fcfb1ff28120758d24a56d0b689,6491,top_heap_in_bytes,generate/assemble,19524460,,
2026-07-17T18:41:34Z,ab708530da749fcfb1ff28120758d24a56d0b689,6491,absolute_top_heap_in_bytes,<all>,192746826983,,
2026-07-17T18:41:34Z,ab708530da749fcfb1ff28120758d24a56d0b689,6491,absolute_top_heap_in_bytes,parsing,11447114840,,
2026-07-17T18:41:34Z,ab708530da749fcfb1ff28120758d24a56d0b689,6491,absolute_top_heap_in_bytes,typing,53397452580,,
2026-07-17T18:41:34Z,ab708530da749fcfb1ff28120758d24a56d0b689,6491,absolute_top_heap_in_bytes,generate/flambda2,122968855211,,
2026-07-17T18:41:34Z,ab708530da749fcfb1ff28120758d24a56d0b689,6491,absolute_top_heap_in_bytes,generate/compile_phrases/cfg,142085759170,,
2026-07-17T18:41:34Z,ab708530da749fcfb1ff28120758d24a56d0b689,6491,absolute_top_heap_in_bytes,generate/assemble,1755211348,,
2026-07-17T18:41:34Z,ab708530da749fcfb1ff28120758d24a56d0b689,6491,counter,block,2573888,,
2026-07-17T18:41:34Z,ab708530da749fcfb1ff28120758d24a56d0b689,6491,counter,instruction,15070044,,
2026-07-17T18:41:34Z,ab708530da749fcfb1ff28120758d24a56d0b689,6491,counter,move,1946449,,
2026-07-17T18:41:34Z,ab708530da749fcfb1ff28120758d24a56d0b689,6491,counter,reload,954798,,
2026-07-17T18:41:34Z,ab708530da749fcfb1ff28120758d24a56d0b689,6491,counter,spill,682415,,
2026-07-17T18:41:34Z,ab708530da749fcfb1ff28120758d24a56d0b689,6491,counter,stack_slot,452694,,
2026-07-17T12:52:47Z,d63009c40c3e033c21206a5398a5ea58325df36e,6411,size_in_bytes,exe,68424376,,
2026-07-17T12:52:47Z,d63009c40c3e033c21206a5398a5ea58325df36e,6411,size_in_bytes,opt,476996624,,
2026-07-17T12:52:47Z,d63009c40c3e033c21206a5398a5ea58325df36e,6411,size_in_bytes,a,214539332,,
2026-07-17T12:52:47Z,d63009c40c3e033c21206a5398a5ea58325df36e,6411,size_in_bytes,cmxa,347201,,
2026-07-17T12:52:47Z,d63009c40c3e033c21206a5398a5ea58325df36e,6411,size_in_bytes,cma,257269659,,
2026-07-17T12:52:47Z,d63009c40c3e033c21206a5398a5ea58325df36e,6411,size_in_bytes,cmi,23625165,,
2026-07-17T12:52:47Z,d63009c40c3e033c21206a5398a5ea58325df36e,6411,size_in_bytes,cmx,151562482,,
2026-07-17T12:52:47Z,d63009c40c3e033c21206a5398a5ea58325df36e,6411,size_in_bytes,cmo,1468460,,
2026-07-17T12:52:47Z,d63009c40c3e033c21206a5398a5ea58325df36e,6411,size_in_bytes,cms,24544975,,
2026-07-17T12:52:47Z,d63009c40c3e033c21206a5398a5ea58325df36e,6411,size_in_bytes,cmsi,8222421,,
2026-07-17T12:52:47Z,d63009c40c3e033c21206a5398a5ea58325df36e,6411,size_in_bytes,cmt,602848677,,
2026-07-17T12:52:47Z,d63009c40c3e033c21206a5398a5ea58325df36e,6411,size_in_bytes,cmti,70960125,,
2026-07-17T12:52:47Z,d63009c40c3e033c21206a5398a5ea58325df36e,6411,size_in_bytes,o,4624,,
2026-07-17T12:52:47Z,d63009c40c3e033c21206a5398a5ea58325df36e,6411,time_in_seconds,<all>,2952.605,,
2026-07-17T12:52:47Z,d63009c40c3e033c21206a5398a5ea58325df36e,6411,time_in_seconds,parsing,11.619,,
2026-07-17T12:52:47Z,d63009c40c3e033c21206a5398a5ea58325df36e,6411,time_in_seconds,typing,304.290,,
2026-07-17T12:52:47Z,d63009c40c3e033c21206a5398a5ea58325df36e,6411,time_in_seconds,generate/flambda2,1237.381,,
2026-07-17T12:52:47Z,d63009c40c3e033c21206a5398a5ea58325df36e,6411,time_in_seconds,generate/compile_phrases/cfg,419.157,,
2026-07-17T12:52:47Z,d63009c40c3e033c21206a5398a5ea58325df36e,6411,time_in_seconds,generate/assemble,74.086,,
2026-07-17T12:52:47Z,d63009c40c3e033c21206a5398a5ea58325df36e,6411,alloc_in_bytes,<all>,3321518357528,,
2026-07-17T12:52:47Z,d63009c40c3e033c21206a5398a5ea58325df36e,6411,alloc_in_bytes,parsing,12750263645,,
2026-07-17T12:52:47Z,d63009c40c3e033c21206a5398a5ea58325df36e,6411,alloc_in_bytes,typing,272525593046,,
2026-07-17T12:52:47Z,d63009c40c3e033c21206a5398a5ea58325df36e,6411,alloc_in_bytes,generate/flambda2,2153947111439,,
2026-07-17T12:52:47Z,d63009c40c3e033c21206a5398a5ea58325df36e,6411,alloc_in_bytes,generate/compile_phrases/cfg,404288500023,,
2026-07-17T12:52:47Z,d63009c40c3e033c21206a5398a5ea58325df36e,6411,alloc_in_bytes,generate/assemble,401919156,,
2026-07-17T12:52:47Z,d63009c40c3e033c21206a5398a5ea58325df36e,6411,top_heap_in_bytes,<all>,147938039136,,
2026-07-17T12:52:47Z,d63009c40c3e033c21206a5398a5ea58325df36e,6411,top_heap_in_bytes,parsing,2018256604,,
2026-07-17T12:52:47Z,d63009c40c3e033c21206a5398a5ea58325df36e,6411,top_heap_in_bytes,typing,30226533828,,
2026-07-17T12:52:47Z,d63009c40c3e033c21206a5398a5ea58325df36e,6411,top_heap_in_bytes,generate/flambda2,67873704636,,
2026-07-17T12:52:47Z,d63009c40c3e033c21206a5398a5ea58325df36e,6411,top_heap_in_bytes,generate/compile_phrases/cfg,21646728553,,
2026-07-17T12:52:47Z,d63009c40c3e033c21206a5398a5ea58325df36e,6411,top_heap_in_bytes,generate/assemble,22607272,,
2026-07-17T12:52:47Z,d63009c40c3e033c21206a5398a5ea58325df36e,6411,absolute_top_heap_in_bytes,<all>,192114063833,,
2026-07-17T12:52:47Z,d63009c40c3e033c21206a5398a5ea58325df36e,6411,absolute_top_heap_in_bytes,parsing,11252016800,,
2026-07-17T12:52:47Z,d63009c40c3e033c21206a5398a5ea58325df36e,6411,absolute_top_heap_in_bytes,typing,53266579787,,
2026-07-17T12:52:47Z,d63009c40c3e033c21206a5398a5ea58325df36e,6411,absolute_top_heap_in_bytes,generate/flambda2,124698240150,,
2026-07-17T12:52:47Z,d63009c40c3e033c21206a5398a5ea58325df36e,6411,absolute_top_heap_in_bytes,generate/compile_phrases/cfg,141246206350,,
2026-07-17T12:52:47Z,d63009c40c3e033c21206a5398a5ea58325df36e,6411,absolute_top_heap_in_bytes,generate/assemble,1991140949,,
2026-07-17T12:52:47Z,d63009c40c3e033c21206a5398a5ea58325df36e,6411,counter,block,2419987,,
2026-07-17T12:52:47Z,d63009c40c3e033c21206a5398a5ea58325df36e,6411,counter,instruction,14097009,,
2026-07-17T12:52:47Z,d63009c40c3e033c21206a5398a5ea58325df36e,6411,counter,move,1796183,,
2026-07-17T12:52:47Z,d63009c40c3e033c21206a5398a5ea58325df36e,6411,counter,reload,944243,,
2026-07-17T12:52:47Z,d63009c40c3e033c21206a5398a5ea58325df36e,6411,counter,spill,672881,,
2026-07-17T12:52:47Z,d63009c40c3e033c21206a5398a5ea58325df36e,6411,counter,stack_slot,443596,,
2026-07-17T18:52:40Z,e62d44fbd4b49445047688fb0764aadcf5bc7f6e,6512,size_in_bytes,exe,68473016,,
2026-07-17T18:52:40Z,e62d44fbd4b49445047688fb0764aadcf5bc7f6e,6512,size_in_bytes,opt,477278536,,
2026-07-17T18:52:40Z,e62d44fbd4b49445047688fb0764aadcf5bc7f6e,6512,size_in_bytes,a,214725584,,
2026-07-17T18:52:40Z,e62d44fbd4b49445047688fb0764aadcf5bc7f6e,6512,size_in_bytes,cmxa,348016,,
2026-07-17T18:52:40Z,e62d44fbd4b49445047688fb0764aadcf5bc7f6e,6512,size_in_bytes,cma,257547194,,
2026-07-17T18:52:40Z,e62d44fbd4b49445047688fb0764aadcf5bc7f6e,6512,size_in_bytes,cmi,23654314,,
2026-07-17T18:52:40Z,e62d44fbd4b49445047688fb0764aadcf5bc7f6e,6512,size_in_bytes,cmx,151731201,,
2026-07-17T18:52:40Z,e62d44fbd4b49445047688fb0764aadcf5bc7f6e,6512,size_in_bytes,cmo,1468460,,
2026-07-17T18:52:40Z,e62d44fbd4b49445047688fb0764aadcf5bc7f6e,6512,size_in_bytes,cms,24581054,,
2026-07-17T18:52:40Z,e62d44fbd4b49445047688fb0764aadcf5bc7f6e,6512,size_in_bytes,cmsi,8238302,,
2026-07-17T18:52:40Z,e62d44fbd4b49445047688fb0764aadcf5bc7f6e,6512,size_in_bytes,cmt,603651911,,
2026-07-17T18:52:40Z,e62d44fbd4b49445047688fb0764aadcf5bc7f6e,6512,size_in_bytes,cmti,71100143,,
2026-07-17T18:52:40Z,e62d44fbd4b49445047688fb0764aadcf5bc7f6e,6512,size_in_bytes,o,4624,,
2026-07-17T18:52:40Z,e62d44fbd4b49445047688fb0764aadcf5bc7f6e,6512,time_in_seconds,<all>,2265.857,,
2026-07-17T18:52:40Z,e62d44fbd4b49445047688fb0764aadcf5bc7f6e,6512,time_in_seconds,parsing,8.023,,
2026-07-17T18:52:40Z,e62d44fbd4b49445047688fb0764aadcf5bc7f6e,6512,time_in_seconds,typing,195.050,,
2026-07-17T18:52:40Z,e62d44fbd4b49445047688fb0764aadcf5bc7f6e,6512,time_in_seconds,generate/flambda2,966.143,,
2026-07-17T18:52:40Z,e62d44fbd4b49445047688fb0764aadcf5bc7f6e,6512,time_in_seconds,generate/compile_phrases/cfg,342.169,,
2026-07-17T18:52:40Z,e62d44fbd4b49445047688fb0764aadcf5bc7f6e,6512,time_in_seconds,generate/assemble,55.030,,
2026-07-17T18:52:40Z,e62d44fbd4b49445047688fb0764aadcf5bc7f6e,6512,alloc_in_bytes,<all>,3352491876989,,
2026-07-17T18:52:40Z,e62d44fbd4b49445047688fb0764aadcf5bc7f6e,6512,alloc_in_bytes,parsing,12851094730,,
2026-07-17T18:52:40Z,e62d44fbd4b49445047688fb0764aadcf5bc7f6e,6512,alloc_in_bytes,typing,272901549472,,
2026-07-17T18:52:40Z,e62d44fbd4b49445047688fb0764aadcf5bc7f6e,6512,alloc_in_bytes,generate/flambda2,2154752564538,,
2026-07-17T18:52:40Z,e62d44fbd4b49445047688fb0764aadcf5bc7f6e,6512,alloc_in_bytes,generate/compile_phrases/cfg,405491206164,,
2026-07-17T18:52:40Z,e62d44fbd4b49445047688fb0764aadcf5bc7f6e,6512,alloc_in_bytes,generate/assemble,423530305,,
2026-07-17T18:52:40Z,e62d44fbd4b49445047688fb0764aadcf5bc7f6e,6512,top_heap_in_bytes,<all>,148946884622,,
2026-07-17T18:52:40Z,e62d44fbd4b49445047688fb0764aadcf5bc7f6e,6512,top_heap_in_bytes,parsing,2084600006,,
2026-07-17T18:52:40Z,e62d44fbd4b49445047688fb0764aadcf5bc7f6e,6512,top_heap_in_bytes,typing,30329095045,,
2026-07-17T18:52:40Z,e62d44fbd4b49445047688fb0764aadcf5bc7f6e,6512,top_heap_in_bytes,generate/flambda2,67953721508,,
2026-07-17T18:52:40Z,e62d44fbd4b49445047688fb0764aadcf5bc7f6e,6512,top_heap_in_bytes,generate/compile_phrases/cfg,21749090515,,
2026-07-17T18:52:40Z,e62d44fbd4b49445047688fb0764aadcf5bc7f6e,6512,top_heap_in_bytes,generate/assemble,19776117,,
2026-07-17T18:52:40Z,e62d44fbd4b49445047688fb0764aadcf5bc7f6e,6512,absolute_top_heap_in_bytes,<all>,193543839125,,
2026-07-17T18:52:40Z,e62d44fbd4b49445047688fb0764aadcf5bc7f6e,6512,absolute_top_heap_in_bytes,parsing,12333329337,,
2026-07-17T18:52:40Z,e62d44fbd4b49445047688fb0764aadcf5bc7f6e,6512,absolute_top_heap_in_bytes,typing,53367693973,,
2026-07-17T18:52:40Z,e62d44fbd4b49445047688fb0764aadcf5bc7f6e,6512,absolute_top_heap_in_bytes,generate/flambda2,124264360379,,
2026-07-17T18:52:40Z,e62d44fbd4b49445047688fb0764aadcf5bc7f6e,6512,absolute_top_heap_in_bytes,generate/compile_phrases/cfg,142114070754,,
2026-07-17T18:52:40Z,e62d44fbd4b49445047688fb0764aadcf5bc7f6e,6512,absolute_top_heap_in_bytes,generate/assemble,1721761772,,
2026-07-17T18:52:40Z,e62d44fbd4b49445047688fb0764aadcf5bc7f6e,6512,counter,block,2574723,,
2026-07-17T18:52:40Z,e62d44fbd4b49445047688fb0764aadcf5bc7f6e,6512,counter,instruction,15076004,,
2026-07-17T18:52:40Z,e62d44fbd4b49445047688fb0764aadcf5bc7f6e,6512,counter,move,1947363,,
2026-07-17T18:52:40Z,e62d44fbd4b49445047688fb0764aadcf5bc7f6e,6512,counter,reload,955054,,
2026-07-17T18:52:40Z,e62d44fbd4b49445047688fb0764aadcf5bc7f6e,6512,counter,spill,682580,,
2026-07-17T18:52:40Z,e62d44fbd4b49445047688fb0764aadcf5bc7f6e,6512,counter,stack_slot,452868,,
2026-07-21T15:59:17Z,50340d3dda462cb9e792580498ff0da731b3556a,6533,size_in_bytes,exe,68673968,,
2026-07-21T15:59:17Z,50340d3dda462cb9e792580498ff0da731b3556a,6533,size_in_bytes,opt,478968640,,
2026-07-21T15:59:17Z,50340d3dda462cb9e792580498ff0da731b3556a,6533,size_in_bytes,a,215029344,,
2026-07-21T15:59:17Z,50340d3dda462cb9e792580498ff0da731b3556a,6533,size_in_bytes,cmxa,348016,,
2026-07-21T15:59:17Z,50340d3dda462cb9e792580498ff0da731b3556a,6533,size_in_bytes,cma,257659585,,
2026-07-21T15:59:17Z,50340d3dda462cb9e792580498ff0da731b3556a,6533,size_in_bytes,cmi,23655150,,
2026-07-21T15:59:17Z,50340d3dda462cb9e792580498ff0da731b3556a,6533,size_in_bytes,cmx,151751390,,
2026-07-21T15:59:17Z,50340d3dda462cb9e792580498ff0da731b3556a,6533,size_in_bytes,cmo,1468460,,
2026-07-21T15:59:17Z,50340d3dda462cb9e792580498ff0da731b3556a,6533,size_in_bytes,cms,24581054,,
2026-07-21T15:59:17Z,50340d3dda462cb9e792580498ff0da731b3556a,6533,size_in_bytes,cmsi,8238302,,
2026-07-21T15:59:17Z,50340d3dda462cb9e792580498ff0da731b3556a,6533,size_in_bytes,cmt,603851867,,
2026-07-21T15:59:17Z,50340d3dda462cb9e792580498ff0da731b3556a,6533,size_in_bytes,cmti,71104055,,
2026-07-21T15:59:17Z,50340d3dda462cb9e792580498ff0da731b3556a,6533,size_in_bytes,o,4624,,
2026-07-21T15:59:17Z,50340d3dda462cb9e792580498ff0da731b3556a,6533,time_in_seconds,<all>,2373.012,,
2026-07-21T15:59:17Z,50340d3dda462cb9e792580498ff0da731b3556a,6533,time_in_seconds,parsing,8.404,,
2026-07-21T15:59:17Z,50340d3dda462cb9e792580498ff0da731b3556a,6533,time_in_seconds,typing,207.956,,
2026-07-21T15:59:17Z,50340d3dda462cb9e792580498ff0da731b3556a,6533,time_in_seconds,generate/flambda2,1001.167,,
2026-07-21T15:59:17Z,50340d3dda462cb9e792580498ff0da731b3556a,6533,time_in_seconds,generate/compile_phrases/cfg,356.989,,
2026-07-21T15:59:17Z,50340d3dda462cb9e792580498ff0da731b3556a,6533,time_in_seconds,generate/assemble,61.823,,
2026-07-21T15:59:17Z,50340d3dda462cb9e792580498ff0da731b3556a,6533,alloc_in_bytes,<all>,3354136977391,,
2026-07-21T15:59:17Z,50340d3dda462cb9e792580498ff0da731b3556a,6533,alloc_in_bytes,parsing,12833824684,,
2026-07-21T15:59:17Z,50340d3dda462cb9e792580498ff0da731b3556a,6533,alloc_in_bytes,typing,272922793617,,
2026-07-21T15:59:17Z,50340d3dda462cb9e792580498ff0da731b3556a,6533,alloc_in_bytes,generate/flambda2,2155433132307,,
2026-07-21T15:59:17Z,50340d3dda462cb9e792580498ff0da731b3556a,6533,alloc_in_bytes,generate/compile_phrases/cfg,405582306449,,
2026-07-21T15:59:17Z,50340d3dda462cb9e792580498ff0da731b3556a,6533,alloc_in_bytes,generate/assemble,422376872,,
2026-07-21T15:59:17Z,50340d3dda462cb9e792580498ff0da731b3556a,6533,top_heap_in_bytes,<all>,148991061138,,
2026-07-21T15:59:17Z,50340d3dda462cb9e792580498ff0da731b3556a,6533,top_heap_in_bytes,parsing,2086634257,,
2026-07-21T15:59:17Z,50340d3dda462cb9e792580498ff0da731b3556a,6533,top_heap_in_bytes,typing,30335585756,,
2026-07-21T15:59:17Z,50340d3dda462cb9e792580498ff0da731b3556a,6533,top_heap_in_bytes,generate/flambda2,67981540222,,
2026-07-21T15:59:17Z,50340d3dda462cb9e792580498ff0da731b3556a,6533,top_heap_in_bytes,generate/compile_phrases/cfg,21779792812,,
2026-07-21T15:59:17Z,50340d3dda462cb9e792580498ff0da731b3556a,6533,top_heap_in_bytes,generate/assemble,19723688,,
2026-07-21T15:59:17Z,50340d3dda462cb9e792580498ff0da731b3556a,6533,absolute_top_heap_in_bytes,<all>,193695872180,,
2026-07-21T15:59:17Z,50340d3dda462cb9e792580498ff0da731b3556a,6533,absolute_top_heap_in_bytes,parsing,12422363932,,
2026-07-21T15:59:17Z,50340d3dda462cb9e792580498ff0da731b3556a,6533,absolute_top_heap_in_bytes,typing,53375474406,,
2026-07-21T15:59:17Z,50340d3dda462cb9e792580498ff0da731b3556a,6533,absolute_top_heap_in_bytes,generate/flambda2,124463422045,,
2026-07-21T15:59:17Z,50340d3dda462cb9e792580498ff0da731b3556a,6533,absolute_top_heap_in_bytes,generate/compile_phrases/cfg,142162798080,,
2026-07-21T15:59:17Z,50340d3dda462cb9e792580498ff0da731b3556a,6533,absolute_top_heap_in_bytes,generate/assemble,1721971488,,
2026-07-21T15:59:17Z,50340d3dda462cb9e792580498ff0da731b3556a,6533,counter,block,2576022,,
2026-07-21T15:59:17Z,50340d3dda462cb9e792580498ff0da731b3556a,6533,counter,instruction,15082890,,
2026-07-21T15:59:17Z,50340d3dda462cb9e792580498ff0da731b3556a,6533,counter,move,1948283,,
2026-07-21T15:59:17Z,50340d3dda462cb9e792580498ff0da731b3556a,6533,counter,reload,955324,,
2026-07-21T15:59:17Z,50340d3dda462cb9e792580498ff0da731b3556a,6533,counter,spill,682791,,
2026-07-21T15:59:17Z,50340d3dda462cb9e792580498ff0da731b3556a,6533,counter,stack_slot,453059,,
2026-07-21T15:54:53Z,7859f10f99d400c6e442fc0e598b1524b1993ca8,6541,size_in_bytes,exe,68473160,,
2026-07-21T15:54:53Z,7859f10f99d400c6e442fc0e598b1524b1993ca8,6541,size_in_bytes,opt,477282784,,
2026-07-21T15:54:53Z,7859f10f99d400c6e442fc0e598b1524b1993ca8,6541,size_in_bytes,a,214726880,,
2026-07-21T15:54:53Z,7859f10f99d400c6e442fc0e598b1524b1993ca8,6541,size_in_bytes,cmxa,348016,,
2026-07-21T15:54:53Z,7859f10f99d400c6e442fc0e598b1524b1993ca8,6541,size_in_bytes,cma,257550244,,
2026-07-21T15:54:53Z,7859f10f99d400c6e442fc0e598b1524b1993ca8,6541,size_in_bytes,cmi,23654472,,
2026-07-21T15:54:53Z,7859f10f99d400c6e442fc0e598b1524b1993ca8,6541,size_in_bytes,cmx,151735774,,
2026-07-21T15:54:53Z,7859f10f99d400c6e442fc0e598b1524b1993ca8,6541,size_in_bytes,cmo,1468460,,
2026-07-21T15:54:53Z,7859f10f99d400c6e442fc0e598b1524b1993ca8,6541,size_in_bytes,cms,24581054,,
2026-07-21T15:54:53Z,7859f10f99d400c6e442fc0e598b1524b1993ca8,6541,size_in_bytes,cmsi,8238302,,
2026-07-21T15:54:53Z,7859f10f99d400c6e442fc0e598b1524b1993ca8,6541,size_in_bytes,cmt,603668054,,
2026-07-21T15:54:53Z,7859f10f99d400c6e442fc0e598b1524b1993ca8,6541,size_in_bytes,cmti,71101254,,
2026-07-21T15:54:53Z,7859f10f99d400c6e442fc0e598b1524b1993ca8,6541,size_in_bytes,o,4624,,
2026-07-21T15:54:53Z,7859f10f99d400c6e442fc0e598b1524b1993ca8,6541,time_in_seconds,<all>,2436.670,,
2026-07-21T15:54:53Z,7859f10f99d400c6e442fc0e598b1524b1993ca8,6541,time_in_seconds,parsing,8.548,,
2026-07-21T15:54:53Z,7859f10f99d400c6e442fc0e598b1524b1993ca8,6541,time_in_seconds,typing,224.155,,
2026-07-21T15:54:53Z,7859f10f99d400c6e442fc0e598b1524b1993ca8,6541,time_in_seconds,generate/flambda2,1029.770,,
2026-07-21T15:54:53Z,7859f10f99d400c6e442fc0e598b1524b1993ca8,6541,time_in_seconds,generate/compile_phrases/cfg,356.483,,
2026-07-21T15:54:53Z,7859f10f99d400c6e442fc0e598b1524b1993ca8,6541,time_in_seconds,generate/assemble,62.046,,
2026-07-21T15:54:53Z,7859f10f99d400c6e442fc0e598b1524b1993ca8,6541,alloc_in_bytes,<all>,3352697303515,,
2026-07-21T15:54:53Z,7859f10f99d400c6e442fc0e598b1524b1993ca8,6541,alloc_in_bytes,parsing,12805376815,,
2026-07-21T15:54:53Z,7859f10f99d400c6e442fc0e598b1524b1993ca8,6541,alloc_in_bytes,typing,272908061126,,
2026-07-21T15:54:53Z,7859f10f99d400c6e442fc0e598b1524b1993ca8,6541,alloc_in_bytes,generate/flambda2,2154847743779,,
2026-07-21T15:54:53Z,7859f10f99d400c6e442fc0e598b1524b1993ca8,6541,alloc_in_bytes,generate/compile_phrases/cfg,405575511673,,
2026-07-21T15:54:53Z,7859f10f99d400c6e442fc0e598b1524b1993ca8,6541,alloc_in_bytes,generate/assemble,423530305,,
2026-07-21T15:54:53Z,7859f10f99d400c6e442fc0e598b1524b1993ca8,6541,top_heap_in_bytes,<all>,148896930468,,
2026-07-21T15:54:53Z,7859f10f99d400c6e442fc0e598b1524b1993ca8,6541,top_heap_in_bytes,parsing,2081380888,,
2026-07-21T15:54:53Z,7859f10f99d400c6e442fc0e598b1524b1993ca8,6541,top_heap_in_bytes,typing,30331234150,,
2026-07-21T15:54:53Z,7859f10f99d400c6e442fc0e598b1524b1993ca8,6541,top_heap_in_bytes,generate/flambda2,67930296312,,
2026-07-21T15:54:53Z,7859f10f99d400c6e442fc0e598b1524b1993ca8,6541,top_heap_in_bytes,generate/compile_phrases/cfg,21731600266,,
2026-07-21T15:54:53Z,7859f10f99d400c6e442fc0e598b1524b1993ca8,6541,top_heap_in_bytes,generate/assemble,19744660,,
2026-07-21T15:54:53Z,7859f10f99d400c6e442fc0e598b1524b1993ca8,6541,absolute_top_heap_in_bytes,<all>,193251758291,,
2026-07-21T15:54:53Z,7859f10f99d400c6e442fc0e598b1524b1993ca8,6541,absolute_top_heap_in_bytes,parsing,12239156735,,
2026-07-21T15:54:53Z,7859f10f99d400c6e442fc0e598b1524b1993ca8,6541,absolute_top_heap_in_bytes,typing,53375128382,,
2026-07-21T15:54:53Z,7859f10f99d400c6e442fc0e598b1524b1993ca8,6541,absolute_top_heap_in_bytes,generate/flambda2,124240043902,,
2026-07-21T15:54:53Z,7859f10f99d400c6e442fc0e598b1524b1993ca8,6541,absolute_top_heap_in_bytes,generate/compile_phrases/cfg,141884893981,,
2026-07-21T15:54:53Z,7859f10f99d400c6e442fc0e598b1524b1993ca8,6541,absolute_top_heap_in_bytes,generate/assemble,1721447199,,
2026-07-21T15:54:53Z,7859f10f99d400c6e442fc0e598b1524b1993ca8,6541,counter,block,2574798,,
2026-07-21T15:54:53Z,7859f10f99d400c6e442fc0e598b1524b1993ca8,6541,counter,instruction,15076391,,
2026-07-21T15:54:53Z,7859f10f99d400c6e442fc0e598b1524b1993ca8,6541,counter,move,1947383,,
2026-07-21T15:54:53Z,7859f10f99d400c6e442fc0e598b1524b1993ca8,6541,counter,reload,955079,,
2026-07-21T15:54:53Z,7859f10f99d400c6e442fc0e598b1524b1993ca8,6541,counter,spill,682599,,
2026-07-21T15:54:53Z,7859f10f99d400c6e442fc0e598b1524b1993ca8,6541,counter,stack_slot,452872,,
2026-07-21T20:58:43Z,8fea84a50042cd6c3e05c8ef54e4b6970b72c783,6556,size_in_bytes,exe,68678544,,
2026-07-21T20:58:43Z,8fea84a50042cd6c3e05c8ef54e4b6970b72c783,6556,size_in_bytes,opt,478969120,,
2026-07-21T20:58:43Z,8fea84a50042cd6c3e05c8ef54e4b6970b72c783,6556,size_in_bytes,a,215033542,,
2026-07-21T20:58:43Z,8fea84a50042cd6c3e05c8ef54e4b6970b72c783,6556,size_in_bytes,cmxa,348016,,
2026-07-21T20:58:43Z,8fea84a50042cd6c3e05c8ef54e4b6970b72c783,6556,size_in_bytes,cma,257661174,,
2026-07-21T20:58:43Z,8fea84a50042cd6c3e05c8ef54e4b6970b72c783,6556,size_in_bytes,cmi,23655398,,
2026-07-21T20:58:43Z,8fea84a50042cd6c3e05c8ef54e4b6970b72c783,6556,size_in_bytes,cmx,151771121,,
2026-07-21T20:58:43Z,8fea84a50042cd6c3e05c8ef54e4b6970b72c783,6556,size_in_bytes,cmo,1468460,,
2026-07-21T20:58:43Z,8fea84a50042cd6c3e05c8ef54e4b6970b72c783,6556,size_in_bytes,cms,24581054,,
2026-07-21T20:58:43Z,8fea84a50042cd6c3e05c8ef54e4b6970b72c783,6556,size_in_bytes,cmsi,8238302,,
2026-07-21T20:58:43Z,8fea84a50042cd6c3e05c8ef54e4b6970b72c783,6556,size_in_bytes,cmt,603855732,,
2026-07-21T20:58:43Z,8fea84a50042cd6c3e05c8ef54e4b6970b72c783,6556,size_in_bytes,cmti,71105686,,
2026-07-21T20:58:43Z,8fea84a50042cd6c3e05c8ef54e4b6970b72c783,6556,size_in_bytes,o,4624,,
2026-07-21T20:58:43Z,8fea84a50042cd6c3e05c8ef54e4b6970b72c783,6556,time_in_seconds,<all>,2329.187,,
2026-07-21T20:58:43Z,8fea84a50042cd6c3e05c8ef54e4b6970b72c783,6556,time_in_seconds,parsing,8.278,,
2026-07-21T20:58:43Z,8fea84a50042cd6c3e05c8ef54e4b6970b72c783,6556,time_in_seconds,typing,205.619,,
2026-07-21T20:58:43Z,8fea84a50042cd6c3e05c8ef54e4b6970b72c783,6556,time_in_seconds,generate/flambda2,986.376,,
2026-07-21T20:58:43Z,8fea84a50042cd6c3e05c8ef54e4b6970b72c783,6556,time_in_seconds,generate/compile_phrases/cfg,341.524,,
2026-07-21T20:58:43Z,8fea84a50042cd6c3e05c8ef54e4b6970b72c783,6556,time_in_seconds,generate/assemble,61.077,,
2026-07-21T20:58:43Z,8fea84a50042cd6c3e05c8ef54e4b6970b72c783,6556,alloc_in_bytes,<all>,3354171244852,,
2026-07-21T20:58:43Z,8fea84a50042cd6c3e05c8ef54e4b6970b72c783,6556,alloc_in_bytes,parsing,12793402071,,
2026-07-21T20:58:43Z,8fea84a50042cd6c3e05c8ef54e4b6970b72c783,6556,alloc_in_bytes,typing,272923842195,,
2026-07-21T20:58:43Z,8fea84a50042cd6c3e05c8ef54e4b6970b72c783,6556,alloc_in_bytes,generate/flambda2,2155463593438,,
2026-07-21T20:58:43Z,8fea84a50042cd6c3e05c8ef54e4b6970b72c783,6556,alloc_in_bytes,generate/compile_phrases/cfg,405632155749,,
2026-07-21T20:58:43Z,8fea84a50042cd6c3e05c8ef54e4b6970b72c783,6556,alloc_in_bytes,generate/assemble,422387357,,
2026-07-21T20:58:43Z,8fea84a50042cd6c3e05c8ef54e4b6970b72c783,6556,top_heap_in_bytes,<all>,148949474600,,
2026-07-21T20:58:43Z,8fea84a50042cd6c3e05c8ef54e4b6970b72c783,6556,top_heap_in_bytes,parsing,2083247361,,
2026-07-21T20:58:43Z,8fea84a50042cd6c3e05c8ef54e4b6970b72c783,6556,top_heap_in_bytes,typing,30334558151,,
2026-07-21T20:58:43Z,8fea84a50042cd6c3e05c8ef54e4b6970b72c783,6556,top_heap_in_bytes,generate/flambda2,67979044609,,
2026-07-21T20:58:43Z,8fea84a50042cd6c3e05c8ef54e4b6970b72c783,6556,top_heap_in_bytes,generate/compile_phrases/cfg,21624655989,,
2026-07-21T20:58:43Z,8fea84a50042cd6c3e05c8ef54e4b6970b72c783,6556,top_heap_in_bytes,generate/assemble,19723689,,
2026-07-21T20:58:43Z,8fea84a50042cd6c3e05c8ef54e4b6970b72c783,6556,absolute_top_heap_in_bytes,<all>,193362037030,,
2026-07-21T20:58:43Z,8fea84a50042cd6c3e05c8ef54e4b6970b72c783,6556,absolute_top_heap_in_bytes,parsing,12377159815,,
2026-07-21T20:58:43Z,8fea84a50042cd6c3e05c8ef54e4b6970b72c783,6556,absolute_top_heap_in_bytes,typing,53373964461,,
2026-07-21T20:58:43Z,8fea84a50042cd6c3e05c8ef54e4b6970b72c783,6556,absolute_top_heap_in_bytes,generate/flambda2,124065120469,,
2026-07-21T20:58:43Z,8fea84a50042cd6c3e05c8ef54e4b6970b72c783,6556,absolute_top_heap_in_bytes,generate/compile_phrases/cfg,142016584635,,
2026-07-21T20:58:43Z,8fea84a50042cd6c3e05c8ef54e4b6970b72c783,6556,absolute_top_heap_in_bytes,generate/assemble,1748815034,,
2026-07-21T20:58:43Z,8fea84a50042cd6c3e05c8ef54e4b6970b72c783,6556,counter,block,2576057,,
2026-07-21T20:58:43Z,8fea84a50042cd6c3e05c8ef54e4b6970b72c783,6556,counter,instruction,15083109,,
2026-07-21T20:58:43Z,8fea84a50042cd6c3e05c8ef54e4b6970b72c783,6556,counter,move,1948319,,
2026-07-21T20:58:43Z,8fea84a50042cd6c3e05c8ef54e4b6970b72c783,6556,counter,reload,955342,,
2026-07-21T20:58:43Z,8fea84a50042cd6c3e05c8ef54e4b6970b72c783,6556,counter,spill,682809,,
2026-07-21T20:58:43Z,8fea84a50042cd6c3e05c8ef54e4b6970b72c783,6556,counter,stack_slot,453062,,
2026-07-21T16:10:32Z,da40cc05d7206356a5202cb01ac48f7ffca13ea3,6506,size_in_bytes,exe,68678544,,
2026-07-21T16:10:32Z,da40cc05d7206356a5202cb01ac48f7ffca13ea3,6506,size_in_bytes,opt,478969120,,
2026-07-21T16:10:32Z,da40cc05d7206356a5202cb01ac48f7ffca13ea3,6506,size_in_bytes,a,215033542,,
2026-07-21T16:10:32Z,da40cc05d7206356a5202cb01ac48f7ffca13ea3,6506,size_in_bytes,cmxa,348016,,
2026-07-21T16:10:32Z,da40cc05d7206356a5202cb01ac48f7ffca13ea3,6506,size_in_bytes,cma,257661174,,
2026-07-21T16:10:32Z,da40cc05d7206356a5202cb01ac48f7ffca13ea3,6506,size_in_bytes,cmi,23655398,,
2026-07-21T16:10:32Z,da40cc05d7206356a5202cb01ac48f7ffca13ea3,6506,size_in_bytes,cmx,151771121,,
2026-07-21T16:10:32Z,da40cc05d7206356a5202cb01ac48f7ffca13ea3,6506,size_in_bytes,cmo,1468460,,
2026-07-21T16:10:32Z,da40cc05d7206356a5202cb01ac48f7ffca13ea3,6506,size_in_bytes,cms,24581054,,
2026-07-21T16:10:32Z,da40cc05d7206356a5202cb01ac48f7ffca13ea3,6506,size_in_bytes,cmsi,8238302,,
2026-07-21T16:10:32Z,da40cc05d7206356a5202cb01ac48f7ffca13ea3,6506,size_in_bytes,cmt,603855732,,
2026-07-21T16:10:32Z,da40cc05d7206356a5202cb01ac48f7ffca13ea3,6506,size_in_bytes,cmti,71105686,,
2026-07-21T16:10:32Z,da40cc05d7206356a5202cb01ac48f7ffca13ea3,6506,size_in_bytes,o,4624,,
2026-07-21T16:10:32Z,da40cc05d7206356a5202cb01ac48f7ffca13ea3,6506,time_in_seconds,<all>,2318.973,,
2026-07-21T16:10:32Z,da40cc05d7206356a5202cb01ac48f7ffca13ea3,6506,time_in_seconds,parsing,8.348,,
2026-07-21T16:10:32Z,da40cc05d7206356a5202cb01ac48f7ffca13ea3,6506,time_in_seconds,typing,201.687,,
2026-07-21T16:10:32Z,da40cc05d7206356a5202cb01ac48f7ffca13ea3,6506,time_in_seconds,generate/flambda2,986.094,,
2026-07-21T16:10:32Z,da40cc05d7206356a5202cb01ac48f7ffca13ea3,6506,time_in_seconds,generate/compile_phrases/cfg,348.477,,
2026-07-21T16:10:32Z,da40cc05d7206356a5202cb01ac48f7ffca13ea3,6506,time_in_seconds,generate/assemble,59.470,,
2026-07-21T16:10:32Z,da40cc05d7206356a5202cb01ac48f7ffca13ea3,6506,alloc_in_bytes,<all>,3354186333860,,
2026-07-21T16:10:32Z,da40cc05d7206356a5202cb01ac48f7ffca13ea3,6506,alloc_in_bytes,parsing,12838805414,,
2026-07-21T16:10:32Z,da40cc05d7206356a5202cb01ac48f7ffca13ea3,6506,alloc_in_bytes,typing,272921378043,,
2026-07-21T16:10:32Z,da40cc05d7206356a5202cb01ac48f7ffca13ea3,6506,alloc_in_bytes,generate/flambda2,2155428403231,,
2026-07-21T16:10:32Z,da40cc05d7206356a5202cb01ac48f7ffca13ea3,6506,alloc_in_bytes,generate/compile_phrases/cfg,405559552348,,
2026-07-21T16:10:32Z,da40cc05d7206356a5202cb01ac48f7ffca13ea3,6506,alloc_in_bytes,generate/assemble,422376872,,
2026-07-21T16:10:32Z,da40cc05d7206356a5202cb01ac48f7ffca13ea3,6506,top_heap_in_bytes,<all>,148996870239,,
2026-07-21T16:10:32Z,da40cc05d7206356a5202cb01ac48f7ffca13ea3,6506,top_heap_in_bytes,parsing,2085543729,,
2026-07-21T16:10:32Z,da40cc05d7206356a5202cb01ac48f7ffca13ea3,6506,top_heap_in_bytes,typing,30332712658,,
2026-07-21T16:10:32Z,da40cc05d7206356a5202cb01ac48f7ffca13ea3,6506,top_heap_in_bytes,generate/flambda2,67976370745,,
2026-07-21T16:10:32Z,da40cc05d7206356a5202cb01ac48f7ffca13ea3,6506,top_heap_in_bytes,generate/compile_phrases/cfg,21783064371,,
2026-07-21T16:10:32Z,da40cc05d7206356a5202cb01ac48f7ffca13ea3,6506,top_heap_in_bytes,generate/assemble,19692231,,
2026-07-21T16:10:32Z,da40cc05d7206356a5202cb01ac48f7ffca13ea3,6506,absolute_top_heap_in_bytes,<all>,193679986263,,
2026-07-21T16:10:32Z,da40cc05d7206356a5202cb01ac48f7ffca13ea3,6506,absolute_top_heap_in_bytes,parsing,12407820179,,
2026-07-21T16:10:32Z,da40cc05d7206356a5202cb01ac48f7ffca13ea3,6506,absolute_top_heap_in_bytes,typing,53372968309,,
2026-07-21T16:10:32Z,da40cc05d7206356a5202cb01ac48f7ffca13ea3,6506,absolute_top_heap_in_bytes,generate/flambda2,124383342297,,
2026-07-21T16:10:32Z,da40cc05d7206356a5202cb01ac48f7ffca13ea3,6506,absolute_top_heap_in_bytes,generate/compile_phrases/cfg,142165377573,,
2026-07-21T16:10:32Z,da40cc05d7206356a5202cb01ac48f7ffca13ea3,6506,absolute_top_heap_in_bytes,generate/assemble,1721971488,,
2026-07-21T16:10:32Z,da40cc05d7206356a5202cb01ac48f7ffca13ea3,6506,counter,block,2576057,,
2026-07-21T16:10:32Z,da40cc05d7206356a5202cb01ac48f7ffca13ea3,6506,counter,instruction,15083109,,
2026-07-21T16:10:32Z,da40cc05d7206356a5202cb01ac48f7ffca13ea3,6506,counter,move,1948319,,
2026-07-21T16:10:32Z,da40cc05d7206356a5202cb01ac48f7ffca13ea3,6506,counter,reload,955342,,
2026-07-21T16:10:32Z,da40cc05d7206356a5202cb01ac48f7ffca13ea3,6506,counter,spill,682809,,
2026-07-21T16:10:32Z,da40cc05d7206356a5202cb01ac48f7ffca13ea3,6506,counter,stack_slot,453062,,
2026-07-22T20:30:36Z,2243a45a0b073c1f4b7bc472c20013766dbd492e,6454,size_in_bytes,exe,68675200,6454,5897b5b097c0d2c5e1e1d6e3140f48347d5a3085
2026-07-22T20:30:36Z,2243a45a0b073c1f4b7bc472c20013766dbd492e,6454,size_in_bytes,opt,479291912,6454,5897b5b097c0d2c5e1e1d6e3140f48347d5a3085
2026-07-22T20:30:36Z,2243a45a0b073c1f4b7bc472c20013766dbd492e,6454,size_in_bytes,a,215020578,6454,5897b5b097c0d2c5e1e1d6e3140f48347d5a3085
2026-07-22T20:30:36Z,2243a45a0b073c1f4b7bc472c20013766dbd492e,6454,size_in_bytes,cmxa,348048,6454,5897b5b097c0d2c5e1e1d6e3140f48347d5a3085
2026-07-22T20:30:36Z,2243a45a0b073c1f4b7bc472c20013766dbd492e,6454,size_in_bytes,cma,257667138,6454,5897b5b097c0d2c5e1e1d6e3140f48347d5a3085
2026-07-22T20:30:36Z,2243a45a0b073c1f4b7bc472c20013766dbd492e,6454,size_in_bytes,cmi,23657205,6454,5897b5b097c0d2c5e1e1d6e3140f48347d5a3085
2026-07-22T20:30:36Z,2243a45a0b073c1f4b7bc472c20013766dbd492e,6454,size_in_bytes,cmx,151782023,6454,5897b5b097c0d2c5e1e1d6e3140f48347d5a3085
2026-07-22T20:30:36Z,2243a45a0b073c1f4b7bc472c20013766dbd492e,6454,size_in_bytes,cmo,1468460,6454,5897b5b097c0d2c5e1e1d6e3140f48347d5a3085
2026-07-22T20:30:36Z,2243a45a0b073c1f4b7bc472c20013766dbd492e,6454,size_in_bytes,cms,24581175,6454,5897b5b097c0d2c5e1e1d6e3140f48347d5a3085
2026-07-22T20:30:36Z,2243a45a0b073c1f4b7bc472c20013766dbd492e,6454,size_in_bytes,cmsi,8238302,6454,5897b5b097c0d2c5e1e1d6e3140f48347d5a3085
2026-07-22T20:30:36Z,2243a45a0b073c1f4b7bc472c20013766dbd492e,6454,size_in_bytes,cmt,603876352,6454,5897b5b097c0d2c5e1e1d6e3140f48347d5a3085
2026-07-22T20:30:36Z,2243a45a0b073c1f4b7bc472c20013766dbd492e,6454,size_in_bytes,cmti,71109953,6454,5897b5b097c0d2c5e1e1d6e3140f48347d5a3085
2026-07-22T20:30:36Z,2243a45a0b073c1f4b7bc472c20013766dbd492e,6454,size_in_bytes,o,4624,6454,5897b5b097c0d2c5e1e1d6e3140f48347d5a3085
2026-07-22T20:30:36Z,2243a45a0b073c1f4b7bc472c20013766dbd492e,6454,time_in_seconds,<all>,1693.492,6454,5897b5b097c0d2c5e1e1d6e3140f48347d5a3085
2026-07-22T20:30:36Z,2243a45a0b073c1f4b7bc472c20013766dbd492e,6454,time_in_seconds,parsing,6.195,6454,5897b5b097c0d2c5e1e1d6e3140f48347d5a3085
2026-07-22T20:30:36Z,2243a45a0b073c1f4b7bc472c20013766dbd492e,6454,time_in_seconds,typing,161.156,6454,5897b5b097c0d2c5e1e1d6e3140f48347d5a3085
2026-07-22T20:30:36Z,2243a45a0b073c1f4b7bc472c20013766dbd492e,6454,time_in_seconds,generate/flambda2,771.151,6454,5897b5b097c0d2c5e1e1d6e3140f48347d5a3085
2026-07-22T20:30:36Z,2243a45a0b073c1f4b7bc472c20013766dbd492e,6454,time_in_seconds,generate/compile_phrases/cfg,240.300,6454,5897b5b097c0d2c5e1e1d6e3140f48347d5a3085
2026-07-22T20:30:36Z,2243a45a0b073c1f4b7bc472c20013766dbd492e,6454,time_in_seconds,generate/assemble,43.258,6454,5897b5b097c0d2c5e1e1d6e3140f48347d5a3085
2026-07-22T20:30:36Z,2243a45a0b073c1f4b7bc472c20013766dbd492e,6454,alloc_in_bytes,<all>,3353604929924,6454,5897b5b097c0d2c5e1e1d6e3140f48347d5a3085
2026-07-22T20:30:36Z,2243a45a0b073c1f4b7bc472c20013766dbd492e,6454,alloc_in_bytes,parsing,12796453429,6454,5897b5b097c0d2c5e1e1d6e3140f48347d5a3085
2026-07-22T20:30:36Z,2243a45a0b073c1f4b7bc472c20013766dbd492e,6454,alloc_in_bytes,typing,272943482023,6454,5897b5b097c0d2c5e1e1d6e3140f48347d5a3085
2026-07-22T20:30:36Z,2243a45a0b073c1f4b7bc472c20013766dbd492e,6454,alloc_in_bytes,generate/flambda2,2154969032562,6454,5897b5b097c0d2c5e1e1d6e3140f48347d5a3085
2026-07-22T20:30:36Z,2243a45a0b073c1f4b7bc472c20013766dbd492e,6454,alloc_in_bytes,generate/compile_phrases/cfg,405610387317,6454,5897b5b097c0d2c5e1e1d6e3140f48347d5a3085
2026-07-22T20:30:36Z,2243a45a0b073c1f4b7bc472c20013766dbd492e,6454,alloc_in_bytes,generate/assemble,424180420,6454,5897b5b097c0d2c5e1e1d6e3140f48347d5a3085
2026-07-22T20:30:36Z,2243a45a0b073c1f4b7bc472c20013766dbd492e,6454,top_heap_in_bytes,<all>,149018911292,6454,5897b5b097c0d2c5e1e1d6e3140f48347d5a3085
2026-07-22T20:30:36Z,2243a45a0b073c1f4b7bc472c20013766dbd492e,6454,top_heap_in_bytes,parsing,2083373180,6454,5897b5b097c0d2c5e1e1d6e3140f48347d5a3085
2026-07-22T20:30:36Z,2243a45a0b073c1f4b7bc472c20013766dbd492e,6454,top_heap_in_bytes,typing,30336560914,6454,5897b5b097c0d2c5e1e1d6e3140f48347d5a3085
2026-07-22T20:30:36Z,2243a45a0b073c1f4b7bc472c20013766dbd492e,6454,top_heap_in_bytes,generate/flambda2,67969607415,6454,5897b5b097c0d2c5e1e1d6e3140f48347d5a3085
2026-07-22T20:30:36Z,2243a45a0b073c1f4b7bc472c20013766dbd492e,6454,top_heap_in_bytes,generate/compile_phrases/cfg,21781187436,6454,5897b5b097c0d2c5e1e1d6e3140f48347d5a3085
2026-07-22T20:30:36Z,2243a45a0b073c1f4b7bc472c20013766dbd492e,6454,top_heap_in_bytes,generate/assemble,19513975,6454,5897b5b097c0d2c5e1e1d6e3140f48347d5a3085
2026-07-22T20:30:36Z,2243a45a0b073c1f4b7bc472c20013766dbd492e,6454,absolute_top_heap_in_bytes,<all>,193539424623,6454,5897b5b097c0d2c5e1e1d6e3140f48347d5a3085
2026-07-22T20:30:36Z,2243a45a0b073c1f4b7bc472c20013766dbd492e,6454,absolute_top_heap_in_bytes,parsing,12473995809,6454,5897b5b097c0d2c5e1e1d6e3140f48347d5a3085
2026-07-22T20:30:36Z,2243a45a0b073c1f4b7bc472c20013766dbd492e,6454,absolute_top_heap_in_bytes,typing,53467161895,6454,5897b5b097c0d2c5e1e1d6e3140f48347d5a3085
2026-07-22T20:30:36Z,2243a45a0b073c1f4b7bc472c20013766dbd492e,6454,absolute_top_heap_in_bytes,generate/flambda2,125085049358,6454,5897b5b097c0d2c5e1e1d6e3140f48347d5a3085
2026-07-22T20:30:36Z,2243a45a0b073c1f4b7bc472c20013766dbd492e,6454,absolute_top_heap_in_bytes,generate/compile_phrases/cfg,141880594807,6454,5897b5b097c0d2c5e1e1d6e3140f48347d5a3085
2026-07-22T20:30:36Z,2243a45a0b073c1f4b7bc472c20013766dbd492e,6454,absolute_top_heap_in_bytes,generate/assemble,1721237484,6454,5897b5b097c0d2c5e1e1d6e3140f48347d5a3085
2026-07-22T20:30:36Z,2243a45a0b073c1f4b7bc472c20013766dbd492e,6454,counter,block,2575969,6454,5897b5b097c0d2c5e1e1d6e3140f48347d5a3085
2026-07-22T20:30:36Z,2243a45a0b073c1f4b7bc472c20013766dbd492e,6454,counter,instruction,15082226,6454,5897b5b097c0d2c5e1e1d6e3140f48347d5a3085
2026-07-22T20:30:36Z,2243a45a0b073c1f4b7bc472c20013766dbd492e,6454,counter,move,1948430,6454,5897b5b097c0d2c5e1e1d6e3140f48347d5a3085
2026-07-22T20:30:36Z,2243a45a0b073c1f4b7bc472c20013766dbd492e,6454,counter,reload,955011,6454,5897b5b097c0d2c5e1e1d6e3140f48347d5a3085
2026-07-22T20:30:36Z,2243a45a0b073c1f4b7bc472c20013766dbd492e,6454,counter,spill,682824,6454,5897b5b097c0d2c5e1e1d6e3140f48347d5a3085
2026-07-22T20:30:36Z,2243a45a0b073c1f4b7bc472c20013766dbd492e,6454,counter,stack_slot,453065,6454,5897b5b097c0d2c5e1e1d6e3140f48347d5a3085
2026-07-22T01:17:53Z,5897b5b097c0d2c5e1e1d6e3140f48347d5a3085,6504,size_in_bytes,exe,68679592,,
2026-07-22T01:17:53Z,5897b5b097c0d2c5e1e1d6e3140f48347d5a3085,6504,size_in_bytes,opt,479320808,,
2026-07-22T01:17:53Z,5897b5b097c0d2c5e1e1d6e3140f48347d5a3085,6504,size_in_bytes,a,215036914,,
2026-07-22T01:17:53Z,5897b5b097c0d2c5e1e1d6e3140f48347d5a3085,6504,size_in_bytes,cmxa,348048,,
2026-07-22T01:17:53Z,5897b5b097c0d2c5e1e1d6e3140f48347d5a3085,6504,size_in_bytes,cma,257667112,,
2026-07-22T01:17:53Z,5897b5b097c0d2c5e1e1d6e3140f48347d5a3085,6504,size_in_bytes,cmi,23657205,,
2026-07-22T01:17:53Z,5897b5b097c0d2c5e1e1d6e3140f48347d5a3085,6504,size_in_bytes,cmx,151783794,,
2026-07-22T01:17:53Z,5897b5b097c0d2c5e1e1d6e3140f48347d5a3085,6504,size_in_bytes,cmo,1468460,,
2026-07-22T01:17:53Z,5897b5b097c0d2c5e1e1d6e3140f48347d5a3085,6504,size_in_bytes,cms,24581175,,
2026-07-22T01:17:53Z,5897b5b097c0d2c5e1e1d6e3140f48347d5a3085,6504,size_in_bytes,cmsi,8238302,,
2026-07-22T01:17:53Z,5897b5b097c0d2c5e1e1d6e3140f48347d5a3085,6504,size_in_bytes,cmt,603875949,,
2026-07-22T01:17:53Z,5897b5b097c0d2c5e1e1d6e3140f48347d5a3085,6504,size_in_bytes,cmti,71109953,,
2026-07-22T01:17:53Z,5897b5b097c0d2c5e1e1d6e3140f48347d5a3085,6504,size_in_bytes,o,4624,,
2026-07-22T01:17:53Z,5897b5b097c0d2c5e1e1d6e3140f48347d5a3085,6504,time_in_seconds,<all>,2489.837,,
2026-07-22T01:17:53Z,5897b5b097c0d2c5e1e1d6e3140f48347d5a3085,6504,time_in_seconds,parsing,8.939,,
2026-07-22T01:17:53Z,5897b5b097c0d2c5e1e1d6e3140f48347d5a3085,6504,time_in_seconds,typing,223.186,,
2026-07-22T01:17:53Z,5897b5b097c0d2c5e1e1d6e3140f48347d5a3085,6504,time_in_seconds,generate/flambda2,1055.809,,
2026-07-22T01:17:53Z,5897b5b097c0d2c5e1e1d6e3140f48347d5a3085,6504,time_in_seconds,generate/compile_phrases/cfg,363.145,,
2026-07-22T01:17:53Z,5897b5b097c0d2c5e1e1d6e3140f48347d5a3085,6504,time_in_seconds,generate/assemble,63.336,,
2026-07-22T01:17:53Z,5897b5b097c0d2c5e1e1d6e3140f48347d5a3085,6504,alloc_in_bytes,<all>,3354221607958,,
2026-07-22T01:17:53Z,5897b5b097c0d2c5e1e1d6e3140f48347d5a3085,6504,alloc_in_bytes,parsing,12827753422,,
2026-07-22T01:17:53Z,5897b5b097c0d2c5e1e1d6e3140f48347d5a3085,6504,alloc_in_bytes,typing,272934694959,,
2026-07-22T01:17:53Z,5897b5b097c0d2c5e1e1d6e3140f48347d5a3085,6504,alloc_in_bytes,generate/flambda2,2155477382212,,
2026-07-22T01:17:53Z,5897b5b097c0d2c5e1e1d6e3140f48347d5a3085,6504,alloc_in_bytes,generate/compile_phrases/cfg,405574756701,,
2026-07-22T01:17:53Z,5897b5b097c0d2c5e1e1d6e3140f48347d5a3085,6504,alloc_in_bytes,generate/assemble,421443638,,
2026-07-22T01:17:53Z,5897b5b097c0d2c5e1e1d6e3140f48347d5a3085,6504,top_heap_in_bytes,<all>,148931701233,,
2026-07-22T01:17:53Z,5897b5b097c0d2c5e1e1d6e3140f48347d5a3085,6504,top_heap_in_bytes,parsing,2086697173,,
2026-07-22T01:17:53Z,5897b5b097c0d2c5e1e1d6e3140f48347d5a3085,6504,top_heap_in_bytes,typing,30336267331,,
2026-07-22T01:17:53Z,5897b5b097c0d2c5e1e1d6e3140f48347d5a3085,6504,top_heap_in_bytes,generate/flambda2,67986227351,,
2026-07-22T01:17:53Z,5897b5b097c0d2c5e1e1d6e3140f48347d5a3085,6504,top_heap_in_bytes,generate/compile_phrases/cfg,21626386132,,
2026-07-22T01:17:53Z,5897b5b097c0d2c5e1e1d6e3140f48347d5a3085,6504,top_heap_in_bytes,generate/assemble,19713203,,
2026-07-22T01:17:53Z,5897b5b097c0d2c5e1e1d6e3140f48347d5a3085,6504,absolute_top_heap_in_bytes,<all>,193366776594,,
2026-07-22T01:17:53Z,5897b5b097c0d2c5e1e1d6e3140f48347d5a3085,6504,absolute_top_heap_in_bytes,parsing,12446114170,,
2026-07-22T01:17:53Z,5897b5b097c0d2c5e1e1d6e3140f48347d5a3085,6504,absolute_top_heap_in_bytes,typing,53373398231,,
2026-07-22T01:17:53Z,5897b5b097c0d2c5e1e1d6e3140f48347d5a3085,6504,absolute_top_heap_in_bytes,generate/flambda2,124071852309,,
2026-07-22T01:17:53Z,5897b5b097c0d2c5e1e1d6e3140f48347d5a3085,6504,absolute_top_heap_in_bytes,generate/compile_phrases/cfg,142010366576,,
2026-07-22T01:17:53Z,5897b5b097c0d2c5e1e1d6e3140f48347d5a3085,6504,absolute_top_heap_in_bytes,generate/assemble,1749863610,,
2026-07-22T01:17:53Z,5897b5b097c0d2c5e1e1d6e3140f48347d5a3085,6504,counter,block,2576077,,
2026-07-22T01:17:53Z,5897b5b097c0d2c5e1e1d6e3140f48347d5a3085,6504,counter,instruction,15083172,,
2026-07-22T01:17:53Z,5897b5b097c0d2c5e1e1d6e3140f48347d5a3085,6504,counter,move,1948316,,
2026-07-22T01:17:53Z,5897b5b097c0d2c5e1e1d6e3140f48347d5a3085,6504,counter,reload,955348,,
2026-07-22T01:17:53Z,5897b5b097c0d2c5e1e1d6e3140f48347d5a3085,6504,counter,spill,682809,,
2026-07-22T01:17:53Z,5897b5b097c0d2c5e1e1d6e3140f48347d5a3085,6504,counter,stack_slot,453064,,
2026-07-23T08:30:17Z,0c35af47ca5e9ec214d43c76e07da4df68bc80b0,6422,size_in_bytes,exe,68715376,6543/6422,5f77aeea747518455dc26bfe8fedc0831709f184
2026-07-23T08:30:17Z,0c35af47ca5e9ec214d43c76e07da4df68bc80b0,6422,size_in_bytes,opt,479056464,6543/6422,5f77aeea747518455dc26bfe8fedc0831709f184
2026-07-23T08:30:17Z,0c35af47ca5e9ec214d43c76e07da4df68bc80b0,6422,size_in_bytes,a,215127300,6543/6422,5f77aeea747518455dc26bfe8fedc0831709f184
2026-07-23T08:30:17Z,0c35af47ca5e9ec214d43c76e07da4df68bc80b0,6422,size_in_bytes,cmxa,348586,6543/6422,5f77aeea747518455dc26bfe8fedc0831709f184
2026-07-23T08:30:17Z,0c35af47ca5e9ec214d43c76e07da4df68bc80b0,6422,size_in_bytes,cma,258097397,6543/6422,5f77aeea747518455dc26bfe8fedc0831709f184
2026-07-23T08:30:17Z,0c35af47ca5e9ec214d43c76e07da4df68bc80b0,6422,size_in_bytes,cmi,23694232,6543/6422,5f77aeea747518455dc26bfe8fedc0831709f184
2026-07-23T08:30:17Z,0c35af47ca5e9ec214d43c76e07da4df68bc80b0,6422,size_in_bytes,cmx,152325614,6543/6422,5f77aeea747518455dc26bfe8fedc0831709f184
2026-07-23T08:30:17Z,0c35af47ca5e9ec214d43c76e07da4df68bc80b0,6422,size_in_bytes,cmo,1474821,6543/6422,5f77aeea747518455dc26bfe8fedc0831709f184
2026-07-23T08:30:17Z,0c35af47ca5e9ec214d43c76e07da4df68bc80b0,6422,size_in_bytes,cms,24735382,6543/6422,5f77aeea747518455dc26bfe8fedc0831709f184
2026-07-23T08:30:17Z,0c35af47ca5e9ec214d43c76e07da4df68bc80b0,6422,size_in_bytes,cmsi,8372067,6543/6422,5f77aeea747518455dc26bfe8fedc0831709f184
2026-07-23T08:30:17Z,0c35af47ca5e9ec214d43c76e07da4df68bc80b0,6422,size_in_bytes,cmt,604346367,6543/6422,5f77aeea747518455dc26bfe8fedc0831709f184
2026-07-23T08:30:17Z,0c35af47ca5e9ec214d43c76e07da4df68bc80b0,6422,size_in_bytes,cmti,71455901,6543/6422,5f77aeea747518455dc26bfe8fedc0831709f184
2026-07-23T08:30:17Z,0c35af47ca5e9ec214d43c76e07da4df68bc80b0,6422,size_in_bytes,o,4624,6543/6422,5f77aeea747518455dc26bfe8fedc0831709f184
2026-07-23T08:30:17Z,0c35af47ca5e9ec214d43c76e07da4df68bc80b0,6422,time_in_seconds,<all>,2332.111,6543/6422,5f77aeea747518455dc26bfe8fedc0831709f184
2026-07-23T08:30:17Z,0c35af47ca5e9ec214d43c76e07da4df68bc80b0,6422,time_in_seconds,parsing,8.043,6543/6422,5f77aeea747518455dc26bfe8fedc0831709f184
2026-07-23T08:30:17Z,0c35af47ca5e9ec214d43c76e07da4df68bc80b0,6422,time_in_seconds,typing,210.488,6543/6422,5f77aeea747518455dc26bfe8fedc0831709f184
2026-07-23T08:30:17Z,0c35af47ca5e9ec214d43c76e07da4df68bc80b0,6422,time_in_seconds,generate/flambda2,993.477,6543/6422,5f77aeea747518455dc26bfe8fedc0831709f184
2026-07-23T08:30:17Z,0c35af47ca5e9ec214d43c76e07da4df68bc80b0,6422,time_in_seconds,generate/compile_phrases/cfg,352.430,6543/6422,5f77aeea747518455dc26bfe8fedc0831709f184
2026-07-23T08:30:17Z,0c35af47ca5e9ec214d43c76e07da4df68bc80b0,6422,time_in_seconds,generate/assemble,57.824,6543/6422,5f77aeea747518455dc26bfe8fedc0831709f184
2026-07-23T08:30:17Z,0c35af47ca5e9ec214d43c76e07da4df68bc80b0,6422,alloc_in_bytes,<all>,3355564267586,6543/6422,5f77aeea747518455dc26bfe8fedc0831709f184
2026-07-23T08:30:17Z,0c35af47ca5e9ec214d43c76e07da4df68bc80b0,6422,alloc_in_bytes,parsing,12851839247,6543/6422,5f77aeea747518455dc26bfe8fedc0831709f184
2026-07-23T08:30:17Z,0c35af47ca5e9ec214d43c76e07da4df68bc80b0,6422,alloc_in_bytes,typing,273061205670,6543/6422,5f77aeea747518455dc26bfe8fedc0831709f184
2026-07-23T08:30:17Z,0c35af47ca5e9ec214d43c76e07da4df68bc80b0,6422,alloc_in_bytes,generate/flambda2,2158475428769,6543/6422,5f77aeea747518455dc26bfe8fedc0831709f184
2026-07-23T08:30:17Z,0c35af47ca5e9ec214d43c76e07da4df68bc80b0,6422,alloc_in_bytes,generate/compile_phrases/cfg,405749365610,6543/6422,5f77aeea747518455dc26bfe8fedc0831709f184
2026-07-23T08:30:17Z,0c35af47ca5e9ec214d43c76e07da4df68bc80b0,6422,alloc_in_bytes,generate/assemble,408210611,6543/6422,5f77aeea747518455dc26bfe8fedc0831709f184
2026-07-23T08:30:17Z,0c35af47ca5e9ec214d43c76e07da4df68bc80b0,6422,top_heap_in_bytes,<all>,147187971722,6543/6422,5f77aeea747518455dc26bfe8fedc0831709f184
2026-07-23T08:30:17Z,0c35af47ca5e9ec214d43c76e07da4df68bc80b0,6422,top_heap_in_bytes,parsing,2037193939,6543/6422,5f77aeea747518455dc26bfe8fedc0831709f184
2026-07-23T08:30:17Z,0c35af47ca5e9ec214d43c76e07da4df68bc80b0,6422,top_heap_in_bytes,typing,30307525861,6543/6422,5f77aeea747518455dc26bfe8fedc0831709f184
2026-07-23T08:30:17Z,0c35af47ca5e9ec214d43c76e07da4df68bc80b0,6422,top_heap_in_bytes,generate/flambda2,70274429899,6543/6422,5f77aeea747518455dc26bfe8fedc0831709f184
2026-07-23T08:30:17Z,0c35af47ca5e9ec214d43c76e07da4df68bc80b0,6422,top_heap_in_bytes,generate/compile_phrases/cfg,21562527949,6543/6422,5f77aeea747518455dc26bfe8fedc0831709f184
2026-07-23T08:30:17Z,0c35af47ca5e9ec214d43c76e07da4df68bc80b0,6422,top_heap_in_bytes,generate/assemble,18863856,6543/6422,5f77aeea747518455dc26bfe8fedc0831709f184
2026-07-23T08:30:17Z,0c35af47ca5e9ec214d43c76e07da4df68bc80b0,6422,absolute_top_heap_in_bytes,<all>,191344440475,6543/6422,5f77aeea747518455dc26bfe8fedc0831709f184
2026-07-23T08:30:17Z,0c35af47ca5e9ec214d43c76e07da4df68bc80b0,6422,absolute_top_heap_in_bytes,parsing,11322753756,6543/6422,5f77aeea747518455dc26bfe8fedc0831709f184
2026-07-23T08:30:17Z,0c35af47ca5e9ec214d43c76e07da4df68bc80b0,6422,absolute_top_heap_in_bytes,typing,52937211607,6543/6422,5f77aeea747518455dc26bfe8fedc0831709f184
2026-07-23T08:30:17Z,0c35af47ca5e9ec214d43c76e07da4df68bc80b0,6422,absolute_top_heap_in_bytes,generate/flambda2,127874230101,6543/6422,5f77aeea747518455dc26bfe8fedc0831709f184
2026-07-23T08:30:17Z,0c35af47ca5e9ec214d43c76e07da4df68bc80b0,6422,absolute_top_heap_in_bytes,generate/compile_phrases/cfg,143966663369,6543/6422,5f77aeea747518455dc26bfe8fedc0831709f184
2026-07-23T08:30:17Z,0c35af47ca5e9ec214d43c76e07da4df68bc80b0,6422,absolute_top_heap_in_bytes,generate/assemble,1721971487,6543/6422,5f77aeea747518455dc26bfe8fedc0831709f184
2026-07-23T08:30:17Z,0c35af47ca5e9ec214d43c76e07da4df68bc80b0,6422,counter,block,2579507,6543/6422,5f77aeea747518455dc26bfe8fedc0831709f184
2026-07-23T08:30:17Z,0c35af47ca5e9ec214d43c76e07da4df68bc80b0,6422,counter,instruction,15105798,6543/6422,5f77aeea747518455dc26bfe8fedc0831709f184
2026-07-23T08:30:17Z,0c35af47ca5e9ec214d43c76e07da4df68bc80b0,6422,counter,move,1952234,6543/6422,5f77aeea747518455dc26bfe8fedc0831709f184
2026-07-23T08:30:17Z,0c35af47ca5e9ec214d43c76e07da4df68bc80b0,6422,counter,reload,956096,6543/6422,5f77aeea747518455dc26bfe8fedc0831709f184
2026-07-23T08:30:17Z,0c35af47ca5e9ec214d43c76e07da4df68bc80b0,6422,counter,spill,683699,6543/6422,5f77aeea747518455dc26bfe8fedc0831709f184
2026-07-23T08:30:17Z,0c35af47ca5e9ec214d43c76e07da4df68bc80b0,6422,counter,stack_slot,453736,6543/6422,5f77aeea747518455dc26bfe8fedc0831709f184
2026-07-23T02:47:06Z,40195cbf802c2e002aabb4a62c4e04d441c393fb,6534,size_in_bytes,exe,68690728,6436/6534,2243a45a0b073c1f4b7bc472c20013766dbd492e
2026-07-23T02:47:06Z,40195cbf802c2e002aabb4a62c4e04d441c393fb,6534,size_in_bytes,opt,479407296,6436/6534,2243a45a0b073c1f4b7bc472c20013766dbd492e
2026-07-23T02:47:06Z,40195cbf802c2e002aabb4a62c4e04d441c393fb,6534,size_in_bytes,a,215052816,6436/6534,2243a45a0b073c1f4b7bc472c20013766dbd492e
2026-07-23T02:47:06Z,40195cbf802c2e002aabb4a62c4e04d441c393fb,6534,size_in_bytes,cmxa,348048,6436/6534,2243a45a0b073c1f4b7bc472c20013766dbd492e
2026-07-23T02:47:06Z,40195cbf802c2e002aabb4a62c4e04d441c393fb,6534,size_in_bytes,cma,258017478,6436/6534,2243a45a0b073c1f4b7bc472c20013766dbd492e
2026-07-23T02:47:06Z,40195cbf802c2e002aabb4a62c4e04d441c393fb,6534,size_in_bytes,cmi,23658360,6436/6534,2243a45a0b073c1f4b7bc472c20013766dbd492e
2026-07-23T02:47:06Z,40195cbf802c2e002aabb4a62c4e04d441c393fb,6534,size_in_bytes,cmx,151787443,6436/6534,2243a45a0b073c1f4b7bc472c20013766dbd492e
2026-07-23T02:47:06Z,40195cbf802c2e002aabb4a62c4e04d441c393fb,6534,size_in_bytes,cmo,1474821,6436/6534,2243a45a0b073c1f4b7bc472c20013766dbd492e
2026-07-23T02:47:06Z,40195cbf802c2e002aabb4a62c4e04d441c393fb,6534,size_in_bytes,cms,24714111,6436/6534,2243a45a0b073c1f4b7bc472c20013766dbd492e
2026-07-23T02:47:06Z,40195cbf802c2e002aabb4a62c4e04d441c393fb,6534,size_in_bytes,cmsi,8358586,6436/6534,2243a45a0b073c1f4b7bc472c20013766dbd492e
2026-07-23T02:47:06Z,40195cbf802c2e002aabb4a62c4e04d441c393fb,6534,size_in_bytes,cmt,604211554,6436/6534,2243a45a0b073c1f4b7bc472c20013766dbd492e
2026-07-23T02:47:06Z,40195cbf802c2e002aabb4a62c4e04d441c393fb,6534,size_in_bytes,cmti,71367213,6436/6534,2243a45a0b073c1f4b7bc472c20013766dbd492e
2026-07-23T02:47:06Z,40195cbf802c2e002aabb4a62c4e04d441c393fb,6534,size_in_bytes,o,4624,6436/6534,2243a45a0b073c1f4b7bc472c20013766dbd492e
2026-07-23T02:47:06Z,40195cbf802c2e002aabb4a62c4e04d441c393fb,6534,time_in_seconds,<all>,2850.146,6436/6534,2243a45a0b073c1f4b7bc472c20013766dbd492e
2026-07-23T02:47:06Z,40195cbf802c2e002aabb4a62c4e04d441c393fb,6534,time_in_seconds,parsing,10.276,6436/6534,2243a45a0b073c1f4b7bc472c20013766dbd492e
2026-07-23T02:47:06Z,40195cbf802c2e002aabb4a62c4e04d441c393fb,6534,time_in_seconds,typing,274.936,6436/6534,2243a45a0b073c1f4b7bc472c20013766dbd492e
2026-07-23T02:47:06Z,40195cbf802c2e002aabb4a62c4e04d441c393fb,6534,time_in_seconds,generate/flambda2,1184.264,6436/6534,2243a45a0b073c1f4b7bc472c20013766dbd492e
2026-07-23T02:47:06Z,40195cbf802c2e002aabb4a62c4e04d441c393fb,6534,time_in_seconds,generate/compile_phrases/cfg,417.491,6436/6534,2243a45a0b073c1f4b7bc472c20013766dbd492e
2026-07-23T02:47:06Z,40195cbf802c2e002aabb4a62c4e04d441c393fb,6534,time_in_seconds,generate/assemble,72.296,6436/6534,2243a45a0b073c1f4b7bc472c20013766dbd492e
2026-07-23T02:47:06Z,40195cbf802c2e002aabb4a62c4e04d441c393fb,6534,alloc_in_bytes,<all>,3354251324607,6436/6534,2243a45a0b073c1f4b7bc472c20013766dbd492e
2026-07-23T02:47:06Z,40195cbf802c2e002aabb4a62c4e04d441c393fb,6534,alloc_in_bytes,parsing,12828267240,6436/6534,2243a45a0b073c1f4b7bc472c20013766dbd492e
2026-07-23T02:47:06Z,40195cbf802c2e002aabb4a62c4e04d441c393fb,6534,alloc_in_bytes,typing,273071355869,6436/6534,2243a45a0b073c1f4b7bc472c20013766dbd492e
2026-07-23T02:47:06Z,40195cbf802c2e002aabb4a62c4e04d441c393fb,6534,alloc_in_bytes,generate/flambda2,2155173232254,6436/6534,2243a45a0b073c1f4b7bc472c20013766dbd492e
2026-07-23T02:47:06Z,40195cbf802c2e002aabb4a62c4e04d441c393fb,6534,alloc_in_bytes,generate/compile_phrases/cfg,405627374240,6436/6534,2243a45a0b073c1f4b7bc472c20013766dbd492e
2026-07-23T02:47:06Z,40195cbf802c2e002aabb4a62c4e04d441c393fb,6534,alloc_in_bytes,generate/assemble,408200126,6436/6534,2243a45a0b073c1f4b7bc472c20013766dbd492e
2026-07-23T02:47:06Z,40195cbf802c2e002aabb4a62c4e04d441c393fb,6534,top_heap_in_bytes,<all>,148933284557,6436/6534,2243a45a0b073c1f4b7bc472c20013766dbd492e
2026-07-23T02:47:06Z,40195cbf802c2e002aabb4a62c4e04d441c393fb,6534,top_heap_in_bytes,parsing,2077952047,6436/6534,2243a45a0b073c1f4b7bc472c20013766dbd492e
2026-07-23T02:47:06Z,40195cbf802c2e002aabb4a62c4e04d441c393fb,6534,top_heap_in_bytes,typing,30337578038,6436/6534,2243a45a0b073c1f4b7bc472c20013766dbd492e
2026-07-23T02:47:06Z,40195cbf802c2e002aabb4a62c4e04d441c393fb,6534,top_heap_in_bytes,generate/flambda2,68011623831,6436/6534,2243a45a0b073c1f4b7bc472c20013766dbd492e
2026-07-23T02:47:06Z,40195cbf802c2e002aabb4a62c4e04d441c393fb,6534,top_heap_in_bytes,generate/compile_phrases/cfg,21578833260,6436/6534,2243a45a0b073c1f4b7bc472c20013766dbd492e
2026-07-23T02:47:06Z,40195cbf802c2e002aabb4a62c4e04d441c393fb,6534,top_heap_in_bytes,generate/assemble,18989687,6436/6534,2243a45a0b073c1f4b7bc472c20013766dbd492e
2026-07-23T02:47:06Z,40195cbf802c2e002aabb4a62c4e04d441c393fb,6534,absolute_top_heap_in_bytes,<all>,193654946240,6436/6534,2243a45a0b073c1f4b7bc472c20013766dbd492e
2026-07-23T02:47:06Z,40195cbf802c2e002aabb4a62c4e04d441c393fb,6534,absolute_top_heap_in_bytes,parsing,12432514141,6436/6534,2243a45a0b073c1f4b7bc472c20013766dbd492e
2026-07-23T02:47:06Z,40195cbf802c2e002aabb4a62c4e04d441c393fb,6534,absolute_top_heap_in_bytes,typing,53531953419,6436/6534,2243a45a0b073c1f4b7bc472c20013766dbd492e
2026-07-23T02:47:06Z,40195cbf802c2e002aabb4a62c4e04d441c393fb,6534,absolute_top_heap_in_bytes,generate/flambda2,124081583130,6436/6534,2243a45a0b073c1f4b7bc472c20013766dbd492e
2026-07-23T02:47:06Z,40195cbf802c2e002aabb4a62c4e04d441c393fb,6534,absolute_top_heap_in_bytes,generate/compile_phrases/cfg,141945564574,6436/6534,2243a45a0b073c1f4b7bc472c20013766dbd492e
2026-07-23T02:47:06Z,40195cbf802c2e002aabb4a62c4e04d441c393fb,6534,absolute_top_heap_in_bytes,generate/assemble,1721132626,6436/6534,2243a45a0b073c1f4b7bc472c20013766dbd492e
2026-07-23T02:47:06Z,40195cbf802c2e002aabb4a62c4e04d441c393fb,6534,counter,block,2578135,6436/6534,2243a45a0b073c1f4b7bc472c20013766dbd492e
2026-07-23T02:47:06Z,40195cbf802c2e002aabb4a62c4e04d441c393fb,6534,counter,instruction,15097597,6436/6534,2243a45a0b073c1f4b7bc472c20013766dbd492e
2026-07-23T02:47:06Z,40195cbf802c2e002aabb4a62c4e04d441c393fb,6534,counter,move,1950988,6436/6534,2243a45a0b073c1f4b7bc472c20013766dbd492e
2026-07-23T02:47:06Z,40195cbf802c2e002aabb4a62c4e04d441c393fb,6534,counter,reload,955506,6436/6534,2243a45a0b073c1f4b7bc472c20013766dbd492e
2026-07-23T02:47:06Z,40195cbf802c2e002aabb4a62c4e04d441c393fb,6534,counter,spill,683251,6436/6534,2243a45a0b073c1f4b7bc472c20013766dbd492e
2026-07-23T02:47:06Z,40195cbf802c2e002aabb4a62c4e04d441c393fb,6534,counter,stack_slot,453471,6436/6534,2243a45a0b073c1f4b7bc472c20013766dbd492e
2026-07-23T02:58:30Z,5f77aeea747518455dc26bfe8fedc0831709f184,6500,size_in_bytes,exe,68708344,4045/6530/6455/6500,40195cbf802c2e002aabb4a62c4e04d441c393fb
2026-07-23T02:58:30Z,5f77aeea747518455dc26bfe8fedc0831709f184,6500,size_in_bytes,opt,479027024,4045/6530/6455/6500,40195cbf802c2e002aabb4a62c4e04d441c393fb
2026-07-23T02:58:30Z,5f77aeea747518455dc26bfe8fedc0831709f184,6500,size_in_bytes,a,215117042,4045/6530/6455/6500,40195cbf802c2e002aabb4a62c4e04d441c393fb
2026-07-23T02:58:30Z,5f77aeea747518455dc26bfe8fedc0831709f184,6500,size_in_bytes,cmxa,348048,4045/6530/6455/6500,40195cbf802c2e002aabb4a62c4e04d441c393fb
2026-07-23T02:58:30Z,5f77aeea747518455dc26bfe8fedc0831709f184,6500,size_in_bytes,cma,258058310,4045/6530/6455/6500,40195cbf802c2e002aabb4a62c4e04d441c393fb
2026-07-23T02:58:30Z,5f77aeea747518455dc26bfe8fedc0831709f184,6500,size_in_bytes,cmi,23671981,4045/6530/6455/6500,40195cbf802c2e002aabb4a62c4e04d441c393fb
2026-07-23T02:58:30Z,5f77aeea747518455dc26bfe8fedc0831709f184,6500,size_in_bytes,cmx,152269443,4045/6530/6455/6500,40195cbf802c2e002aabb4a62c4e04d441c393fb
2026-07-23T02:58:30Z,5f77aeea747518455dc26bfe8fedc0831709f184,6500,size_in_bytes,cmo,1474821,4045/6530/6455/6500,40195cbf802c2e002aabb4a62c4e04d441c393fb
2026-07-23T02:58:30Z,5f77aeea747518455dc26bfe8fedc0831709f184,6500,size_in_bytes,cms,24717461,4045/6530/6455/6500,40195cbf802c2e002aabb4a62c4e04d441c393fb
2026-07-23T02:58:30Z,5f77aeea747518455dc26bfe8fedc0831709f184,6500,size_in_bytes,cmsi,8358420,4045/6530/6455/6500,40195cbf802c2e002aabb4a62c4e04d441c393fb
2026-07-23T02:58:30Z,5f77aeea747518455dc26bfe8fedc0831709f184,6500,size_in_bytes,cmt,604273392,4045/6530/6455/6500,40195cbf802c2e002aabb4a62c4e04d441c393fb
2026-07-23T02:58:30Z,5f77aeea747518455dc26bfe8fedc0831709f184,6500,size_in_bytes,cmti,71397715,4045/6530/6455/6500,40195cbf802c2e002aabb4a62c4e04d441c393fb
2026-07-23T02:58:30Z,5f77aeea747518455dc26bfe8fedc0831709f184,6500,size_in_bytes,o,4624,4045/6530/6455/6500,40195cbf802c2e002aabb4a62c4e04d441c393fb
2026-07-23T02:58:30Z,5f77aeea747518455dc26bfe8fedc0831709f184,6500,time_in_seconds,<all>,2417.961,4045/6530/6455/6500,40195cbf802c2e002aabb4a62c4e04d441c393fb
2026-07-23T02:58:30Z,5f77aeea747518455dc26bfe8fedc0831709f184,6500,time_in_seconds,parsing,8.651,4045/6530/6455/6500,40195cbf802c2e002aabb4a62c4e04d441c393fb
2026-07-23T02:58:30Z,5f77aeea747518455dc26bfe8fedc0831709f184,6500,time_in_seconds,typing,220.041,4045/6530/6455/6500,40195cbf802c2e002aabb4a62c4e04d441c393fb
2026-07-23T02:58:30Z,5f77aeea747518455dc26bfe8fedc0831709f184,6500,time_in_seconds,generate/flambda2,1043.803,4045/6530/6455/6500,40195cbf802c2e002aabb4a62c4e04d441c393fb
2026-07-23T02:58:30Z,5f77aeea747518455dc26bfe8fedc0831709f184,6500,time_in_seconds,generate/compile_phrases/cfg,358.716,4045/6530/6455/6500,40195cbf802c2e002aabb4a62c4e04d441c393fb
2026-07-23T02:58:30Z,5f77aeea747518455dc26bfe8fedc0831709f184,6500,time_in_seconds,generate/assemble,63.820,4045/6530/6455/6500,40195cbf802c2e002aabb4a62c4e04d441c393fb
2026-07-23T02:58:30Z,5f77aeea747518455dc26bfe8fedc0831709f184,6500,alloc_in_bytes,<all>,3355401413251,4045/6530/6455/6500,40195cbf802c2e002aabb4a62c4e04d441c393fb
2026-07-23T02:58:30Z,5f77aeea747518455dc26bfe8fedc0831709f184,6500,alloc_in_bytes,parsing,12882919032,4045/6530/6455/6500,40195cbf802c2e002aabb4a62c4e04d441c393fb
2026-07-23T02:58:30Z,5f77aeea747518455dc26bfe8fedc0831709f184,6500,alloc_in_bytes,typing,273022177672,4045/6530/6455/6500,40195cbf802c2e002aabb4a62c4e04d441c393fb
2026-07-23T02:58:30Z,5f77aeea747518455dc26bfe8fedc0831709f184,6500,alloc_in_bytes,generate/flambda2,2158484509434,4045/6530/6455/6500,40195cbf802c2e002aabb4a62c4e04d441c393fb
2026-07-23T02:58:30Z,5f77aeea747518455dc26bfe8fedc0831709f184,6500,alloc_in_bytes,generate/compile_phrases/cfg,405791455438,4045/6530/6455/6500,40195cbf802c2e002aabb4a62c4e04d441c393fb
2026-07-23T02:58:30Z,5f77aeea747518455dc26bfe8fedc0831709f184,6500,alloc_in_bytes,generate/assemble,408221098,4045/6530/6455/6500,40195cbf802c2e002aabb4a62c4e04d441c393fb
2026-07-23T02:58:30Z,5f77aeea747518455dc26bfe8fedc0831709f184,6500,top_heap_in_bytes,<all>,147120548295,4045/6530/6455/6500,40195cbf802c2e002aabb4a62c4e04d441c393fb
2026-07-23T02:58:30Z,5f77aeea747518455dc26bfe8fedc0831709f184,6500,top_heap_in_bytes,parsing,2033461001,4045/6530/6455/6500,40195cbf802c2e002aabb4a62c4e04d441c393fb
2026-07-23T02:58:30Z,5f77aeea747518455dc26bfe8fedc0831709f184,6500,top_heap_in_bytes,typing,30311017632,4045/6530/6455/6500,40195cbf802c2e002aabb4a62c4e04d441c393fb
2026-07-23T02:58:30Z,5f77aeea747518455dc26bfe8fedc0831709f184,6500,top_heap_in_bytes,generate/flambda2,70220197523,4045/6530/6455/6500,40195cbf802c2e002aabb4a62c4e04d441c393fb
2026-07-23T02:58:30Z,5f77aeea747518455dc26bfe8fedc0831709f184,6500,top_heap_in_bytes,generate/compile_phrases/cfg,21528480656,4045/6530/6455/6500,40195cbf802c2e002aabb4a62c4e04d441c393fb
2026-07-23T02:58:30Z,5f77aeea747518455dc26bfe8fedc0831709f184,6500,top_heap_in_bytes,generate/assemble,18717056,4045/6530/6455/6500,40195cbf802c2e002aabb4a62c4e04d441c393fb
2026-07-23T02:58:30Z,5f77aeea747518455dc26bfe8fedc0831709f184,6500,absolute_top_heap_in_bytes,<all>,191367918100,4045/6530/6455/6500,40195cbf802c2e002aabb4a62c4e04d441c393fb
2026-07-23T02:58:30Z,5f77aeea747518455dc26bfe8fedc0831709f184,6500,absolute_top_heap_in_bytes,parsing,11213534079,4045/6530/6455/6500,40195cbf802c2e002aabb4a62c4e04d441c393fb
2026-07-23T02:58:30Z,5f77aeea747518455dc26bfe8fedc0831709f184,6500,absolute_top_heap_in_bytes,typing,52893423086,4045/6530/6455/6500,40195cbf802c2e002aabb4a62c4e04d441c393fb
2026-07-23T02:58:30Z,5f77aeea747518455dc26bfe8fedc0831709f184,6500,absolute_top_heap_in_bytes,generate/flambda2,127771207502,4045/6530/6455/6500,40195cbf802c2e002aabb4a62c4e04d441c393fb
2026-07-23T02:58:30Z,5f77aeea747518455dc26bfe8fedc0831709f184,6500,absolute_top_heap_in_bytes,generate/compile_phrases/cfg,143866419508,4045/6530/6455/6500,40195cbf802c2e002aabb4a62c4e04d441c393fb
2026-07-23T02:58:30Z,5f77aeea747518455dc26bfe8fedc0831709f184,6500,absolute_top_heap_in_bytes,generate/assemble,1746193591,4045/6530/6455/6500,40195cbf802c2e002aabb4a62c4e04d441c393fb
2026-07-23T02:58:30Z,5f77aeea747518455dc26bfe8fedc0831709f184,6500,counter,block,2579452,4045/6530/6455/6500,40195cbf802c2e002aabb4a62c4e04d441c393fb
2026-07-23T02:58:30Z,5f77aeea747518455dc26bfe8fedc0831709f184,6500,counter,instruction,15105319,4045/6530/6455/6500,40195cbf802c2e002aabb4a62c4e04d441c393fb
2026-07-23T02:58:30Z,5f77aeea747518455dc26bfe8fedc0831709f184,6500,counter,move,1952107,4045/6530/6455/6500,40195cbf802c2e002aabb4a62c4e04d441c393fb
2026-07-23T02:58:30Z,5f77aeea747518455dc26bfe8fedc0831709f184,6500,counter,reload,956004,4045/6530/6455/6500,40195cbf802c2e002aabb4a62c4e04d441c393fb
2026-07-23T02:58:30Z,5f77aeea747518455dc26bfe8fedc0831709f184,6500,counter,spill,683657,4045/6530/6455/6500,40195cbf802c2e002aabb4a62c4e04d441c393fb
2026-07-23T02:58:30Z,5f77aeea747518455dc26bfe8fedc0831709f184,6500,counter,stack_slot,453702,4045/6530/6455/6500,40195cbf802c2e002aabb4a62c4e04d441c393fb
2026-07-23T20:56:31Z,c0fe3fa84b43caf656d91b90399e6de6d103a37f,6391,size_in_bytes,exe,68723912,6391,f2aa51db684d0572255faa3e4bc2f76116a8684b
2026-07-23T20:56:31Z,c0fe3fa84b43caf656d91b90399e6de6d103a37f,6391,size_in_bytes,opt,479061128,6391,f2aa51db684d0572255faa3e4bc2f76116a8684b
2026-07-23T20:56:31Z,c0fe3fa84b43caf656d91b90399e6de6d103a37f,6391,size_in_bytes,a,215131900,6391,f2aa51db684d0572255faa3e4bc2f76116a8684b
2026-07-23T20:56:31Z,c0fe3fa84b43caf656d91b90399e6de6d103a37f,6391,size_in_bytes,cmxa,348586,6391,f2aa51db684d0572255faa3e4bc2f76116a8684b
2026-07-23T20:56:31Z,c0fe3fa84b43caf656d91b90399e6de6d103a37f,6391,size_in_bytes,cma,258099647,6391,f2aa51db684d0572255faa3e4bc2f76116a8684b
2026-07-23T20:56:31Z,c0fe3fa84b43caf656d91b90399e6de6d103a37f,6391,size_in_bytes,cmi,23694232,6391,f2aa51db684d0572255faa3e4bc2f76116a8684b
2026-07-23T20:56:31Z,c0fe3fa84b43caf656d91b90399e6de6d103a37f,6391,size_in_bytes,cmx,152325628,6391,f2aa51db684d0572255faa3e4bc2f76116a8684b
2026-07-23T20:56:31Z,c0fe3fa84b43caf656d91b90399e6de6d103a37f,6391,size_in_bytes,cmo,1474821,6391,f2aa51db684d0572255faa3e4bc2f76116a8684b
2026-07-23T20:56:31Z,c0fe3fa84b43caf656d91b90399e6de6d103a37f,6391,size_in_bytes,cms,24735382,6391,f2aa51db684d0572255faa3e4bc2f76116a8684b
2026-07-23T20:56:31Z,c0fe3fa84b43caf656d91b90399e6de6d103a37f,6391,size_in_bytes,cmsi,8372067,6391,f2aa51db684d0572255faa3e4bc2f76116a8684b
2026-07-23T20:56:31Z,c0fe3fa84b43caf656d91b90399e6de6d103a37f,6391,size_in_bytes,cmt,604363976,6391,f2aa51db684d0572255faa3e4bc2f76116a8684b
2026-07-23T20:56:31Z,c0fe3fa84b43caf656d91b90399e6de6d103a37f,6391,size_in_bytes,cmti,71455901,6391,f2aa51db684d0572255faa3e4bc2f76116a8684b
2026-07-23T20:56:31Z,c0fe3fa84b43caf656d91b90399e6de6d103a37f,6391,size_in_bytes,o,4624,6391,f2aa51db684d0572255faa3e4bc2f76116a8684b
2026-07-23T20:56:31Z,c0fe3fa84b43caf656d91b90399e6de6d103a37f,6391,time_in_seconds,<all>,2514.505,6391,f2aa51db684d0572255faa3e4bc2f76116a8684b
2026-07-23T20:56:31Z,c0fe3fa84b43caf656d91b90399e6de6d103a37f,6391,time_in_seconds,parsing,9.230,6391,f2aa51db684d0572255faa3e4bc2f76116a8684b
2026-07-23T20:56:31Z,c0fe3fa84b43caf656d91b90399e6de6d103a37f,6391,time_in_seconds,typing,237.202,6391,f2aa51db684d0572255faa3e4bc2f76116a8684b
2026-07-23T20:56:31Z,c0fe3fa84b43caf656d91b90399e6de6d103a37f,6391,time_in_seconds,generate/flambda2,1087.696,6391,f2aa51db684d0572255faa3e4bc2f76116a8684b
2026-07-23T20:56:31Z,c0fe3fa84b43caf656d91b90399e6de6d103a37f,6391,time_in_seconds,generate/compile_phrases/cfg,368.686,6391,f2aa51db684d0572255faa3e4bc2f76116a8684b
2026-07-23T20:56:31Z,c0fe3fa84b43caf656d91b90399e6de6d103a37f,6391,time_in_seconds,generate/assemble,61.052,6391,f2aa51db684d0572255faa3e4bc2f76116a8684b
2026-07-23T20:56:31Z,c0fe3fa84b43caf656d91b90399e6de6d103a37f,6391,alloc_in_bytes,<all>,3355607395515,6391,f2aa51db684d0572255faa3e4bc2f76116a8684b
2026-07-23T20:56:31Z,c0fe3fa84b43caf656d91b90399e6de6d103a37f,6391,alloc_in_bytes,parsing,12820885277,6391,f2aa51db684d0572255faa3e4bc2f76116a8684b
2026-07-23T20:56:31Z,c0fe3fa84b43caf656d91b90399e6de6d103a37f,6391,alloc_in_bytes,typing,273063711765,6391,f2aa51db684d0572255faa3e4bc2f76116a8684b
2026-07-23T20:56:31Z,c0fe3fa84b43caf656d91b90399e6de6d103a37f,6391,alloc_in_bytes,generate/flambda2,2158595553632,6391,f2aa51db684d0572255faa3e4bc2f76116a8684b
2026-07-23T20:56:31Z,c0fe3fa84b43caf656d91b90399e6de6d103a37f,6391,alloc_in_bytes,generate/compile_phrases/cfg,405841734670,6391,f2aa51db684d0572255faa3e4bc2f76116a8684b
2026-07-23T20:56:31Z,c0fe3fa84b43caf656d91b90399e6de6d103a37f,6391,alloc_in_bytes,generate/assemble,408210611,6391,f2aa51db684d0572255faa3e4bc2f76116a8684b
2026-07-23T20:56:31Z,c0fe3fa84b43caf656d91b90399e6de6d103a37f,6391,top_heap_in_bytes,<all>,147181858524,6391,f2aa51db684d0572255faa3e4bc2f76116a8684b
2026-07-23T20:56:31Z,c0fe3fa84b43caf656d91b90399e6de6d103a37f,6391,top_heap_in_bytes,parsing,2039658104,6391,f2aa51db684d0572255faa3e4bc2f76116a8684b
2026-07-23T20:56:31Z,c0fe3fa84b43caf656d91b90399e6de6d103a37f,6391,top_heap_in_bytes,typing,30311856472,6391,f2aa51db684d0572255faa3e4bc2f76116a8684b
2026-07-23T20:56:31Z,c0fe3fa84b43caf656d91b90399e6de6d103a37f,6391,top_heap_in_bytes,generate/flambda2,70274555729,6391,f2aa51db684d0572255faa3e4bc2f76116a8684b
2026-07-23T20:56:31Z,c0fe3fa84b43caf656d91b90399e6de6d103a37f,6391,top_heap_in_bytes,generate/compile_phrases/cfg,21547281651,6391,f2aa51db684d0572255faa3e4bc2f76116a8684b
2026-07-23T20:56:31Z,c0fe3fa84b43caf656d91b90399e6de6d103a37f,6391,top_heap_in_bytes,generate/assemble,18863856,6391,f2aa51db684d0572255faa3e4bc2f76116a8684b
2026-07-23T20:56:31Z,c0fe3fa84b43caf656d91b90399e6de6d103a37f,6391,absolute_top_heap_in_bytes,<all>,191367645464,6391,f2aa51db684d0572255faa3e4bc2f76116a8684b
2026-07-23T20:56:31Z,c0fe3fa84b43caf656d91b90399e6de6d103a37f,6391,absolute_top_heap_in_bytes,parsing,11233131970,6391,f2aa51db684d0572255faa3e4bc2f76116a8684b
2026-07-23T20:56:31Z,c0fe3fa84b43caf656d91b90399e6de6d103a37f,6391,absolute_top_heap_in_bytes,typing,52951262521,6391,f2aa51db684d0572255faa3e4bc2f76116a8684b
2026-07-23T20:56:31Z,c0fe3fa84b43caf656d91b90399e6de6d103a37f,6391,absolute_top_heap_in_bytes,generate/flambda2,127870046282,6391,f2aa51db684d0572255faa3e4bc2f76116a8684b
2026-07-23T20:56:31Z,c0fe3fa84b43caf656d91b90399e6de6d103a37f,6391,absolute_top_heap_in_bytes,generate/compile_phrases/cfg,143945712818,6391,f2aa51db684d0572255faa3e4bc2f76116a8684b
2026-07-23T20:56:31Z,c0fe3fa84b43caf656d91b90399e6de6d103a37f,6391,absolute_top_heap_in_bytes,generate/assemble,1721971487,6391,f2aa51db684d0572255faa3e4bc2f76116a8684b
2026-07-23T20:56:31Z,c0fe3fa84b43caf656d91b90399e6de6d103a37f,6391,counter,block,2579480,6391,f2aa51db684d0572255faa3e4bc2f76116a8684b
2026-07-23T20:56:31Z,c0fe3fa84b43caf656d91b90399e6de6d103a37f,6391,counter,instruction,15103796,6391,f2aa51db684d0572255faa3e4bc2f76116a8684b
2026-07-23T20:56:31Z,c0fe3fa84b43caf656d91b90399e6de6d103a37f,6391,counter,move,1951751,6391,f2aa51db684d0572255faa3e4bc2f76116a8684b
2026-07-23T20:56:31Z,c0fe3fa84b43caf656d91b90399e6de6d103a37f,6391,counter,reload,955710,6391,f2aa51db684d0572255faa3e4bc2f76116a8684b
2026-07-23T20:56:31Z,c0fe3fa84b43caf656d91b90399e6de6d103a37f,6391,counter,spill,683341,6391,f2aa51db684d0572255faa3e4bc2f76116a8684b
2026-07-23T20:56:31Z,c0fe3fa84b43caf656d91b90399e6de6d103a37f,6391,counter,stack_slot,453387,6391,f2aa51db684d0572255faa3e4bc2f76116a8684b
2026-07-23T14:46:19Z,f2aa51db684d0572255faa3e4bc2f76116a8684b,6370,size_in_bytes,exe,68723912,6370,f97dd5a6e8178833e9f27d8793b956429d6cd21f
2026-07-23T14:46:19Z,f2aa51db684d0572255faa3e4bc2f76116a8684b,6370,size_in_bytes,opt,479061128,6370,f97dd5a6e8178833e9f27d8793b956429d6cd21f
2026-07-23T14:46:19Z,f2aa51db684d0572255faa3e4bc2f76116a8684b,6370,size_in_bytes,a,215131900,6370,f97dd5a6e8178833e9f27d8793b956429d6cd21f
2026-07-23T14:46:19Z,f2aa51db684d0572255faa3e4bc2f76116a8684b,6370,size_in_bytes,cmxa,348586,6370,f97dd5a6e8178833e9f27d8793b956429d6cd21f
2026-07-23T14:46:19Z,f2aa51db684d0572255faa3e4bc2f76116a8684b,6370,size_in_bytes,cma,258099647,6370,f97dd5a6e8178833e9f27d8793b956429d6cd21f
2026-07-23T14:46:19Z,f2aa51db684d0572255faa3e4bc2f76116a8684b,6370,size_in_bytes,cmi,23694232,6370,f97dd5a6e8178833e9f27d8793b956429d6cd21f
2026-07-23T14:46:19Z,f2aa51db684d0572255faa3e4bc2f76116a8684b,6370,size_in_bytes,cmx,152325628,6370,f97dd5a6e8178833e9f27d8793b956429d6cd21f
2026-07-23T14:46:19Z,f2aa51db684d0572255faa3e4bc2f76116a8684b,6370,size_in_bytes,cmo,1474821,6370,f97dd5a6e8178833e9f27d8793b956429d6cd21f
2026-07-23T14:46:19Z,f2aa51db684d0572255faa3e4bc2f76116a8684b,6370,size_in_bytes,cms,24735382,6370,f97dd5a6e8178833e9f27d8793b956429d6cd21f
2026-07-23T14:46:19Z,f2aa51db684d0572255faa3e4bc2f76116a8684b,6370,size_in_bytes,cmsi,8372067,6370,f97dd5a6e8178833e9f27d8793b956429d6cd21f
2026-07-23T14:46:19Z,f2aa51db684d0572255faa3e4bc2f76116a8684b,6370,size_in_bytes,cmt,604363976,6370,f97dd5a6e8178833e9f27d8793b956429d6cd21f
2026-07-23T14:46:19Z,f2aa51db684d0572255faa3e4bc2f76116a8684b,6370,size_in_bytes,cmti,71455901,6370,f97dd5a6e8178833e9f27d8793b956429d6cd21f
2026-07-23T14:46:19Z,f2aa51db684d0572255faa3e4bc2f76116a8684b,6370,size_in_bytes,o,4624,6370,f97dd5a6e8178833e9f27d8793b956429d6cd21f
2026-07-23T14:46:19Z,f2aa51db684d0572255faa3e4bc2f76116a8684b,6370,time_in_seconds,<all>,2375.702,6370,f97dd5a6e8178833e9f27d8793b956429d6cd21f
2026-07-23T14:46:19Z,f2aa51db684d0572255faa3e4bc2f76116a8684b,6370,time_in_seconds,parsing,8.298,6370,f97dd5a6e8178833e9f27d8793b956429d6cd21f
2026-07-23T14:46:19Z,f2aa51db684d0572255faa3e4bc2f76116a8684b,6370,time_in_seconds,typing,212.876,6370,f97dd5a6e8178833e9f27d8793b956429d6cd21f
2026-07-23T14:46:19Z,f2aa51db684d0572255faa3e4bc2f76116a8684b,6370,time_in_seconds,generate/flambda2,1014.381,6370,f97dd5a6e8178833e9f27d8793b956429d6cd21f
2026-07-23T14:46:19Z,f2aa51db684d0572255faa3e4bc2f76116a8684b,6370,time_in_seconds,generate/compile_phrases/cfg,355.750,6370,f97dd5a6e8178833e9f27d8793b956429d6cd21f
2026-07-23T14:46:19Z,f2aa51db684d0572255faa3e4bc2f76116a8684b,6370,time_in_seconds,generate/assemble,58.382,6370,f97dd5a6e8178833e9f27d8793b956429d6cd21f
2026-07-23T14:46:19Z,f2aa51db684d0572255faa3e4bc2f76116a8684b,6370,alloc_in_bytes,<all>,3355618111959,6370,f97dd5a6e8178833e9f27d8793b956429d6cd21f
2026-07-23T14:46:19Z,f2aa51db684d0572255faa3e4bc2f76116a8684b,6370,alloc_in_bytes,parsing,12833594018,6370,f97dd5a6e8178833e9f27d8793b956429d6cd21f
2026-07-23T14:46:19Z,f2aa51db684d0572255faa3e4bc2f76116a8684b,6370,alloc_in_bytes,typing,273069395049,6370,f97dd5a6e8178833e9f27d8793b956429d6cd21f
2026-07-23T14:46:19Z,f2aa51db684d0572255faa3e4bc2f76116a8684b,6370,alloc_in_bytes,generate/flambda2,2158591055242,6370,f97dd5a6e8178833e9f27d8793b956429d6cd21f
2026-07-23T14:46:19Z,f2aa51db684d0572255faa3e4bc2f76116a8684b,6370,alloc_in_bytes,generate/compile_phrases/cfg,405824737249,6370,f97dd5a6e8178833e9f27d8793b956429d6cd21f
2026-07-23T14:46:19Z,f2aa51db684d0572255faa3e4bc2f76116a8684b,6370,alloc_in_bytes,generate/assemble,408210611,6370,f97dd5a6e8178833e9f27d8793b956429d6cd21f
2026-07-23T14:46:19Z,f2aa51db684d0572255faa3e4bc2f76116a8684b,6370,top_heap_in_bytes,<all>,147176290583,6370,f97dd5a6e8178833e9f27d8793b956429d6cd21f
2026-07-23T14:46:19Z,f2aa51db684d0572255faa3e4bc2f76116a8684b,6370,top_heap_in_bytes,parsing,2036491400,6370,f97dd5a6e8178833e9f27d8793b956429d6cd21f
2026-07-23T14:46:19Z,f2aa51db684d0572255faa3e4bc2f76116a8684b,6370,top_heap_in_bytes,typing,30312957484,6370,f97dd5a6e8178833e9f27d8793b956429d6cd21f
2026-07-23T14:46:19Z,f2aa51db684d0572255faa3e4bc2f76116a8684b,6370,top_heap_in_bytes,generate/flambda2,70273433756,6370,f97dd5a6e8178833e9f27d8793b956429d6cd21f
2026-07-23T14:46:19Z,f2aa51db684d0572255faa3e4bc2f76116a8684b,6370,top_heap_in_bytes,generate/compile_phrases/cfg,21551297695,6370,f97dd5a6e8178833e9f27d8793b956429d6cd21f
2026-07-23T14:46:19Z,f2aa51db684d0572255faa3e4bc2f76116a8684b,6370,top_heap_in_bytes,generate/assemble,18863856,6370,f97dd5a6e8178833e9f27d8793b956429d6cd21f
2026-07-23T14:46:19Z,f2aa51db684d0572255faa3e4bc2f76116a8684b,6370,absolute_top_heap_in_bytes,<all>,191337089962,6370,f97dd5a6e8178833e9f27d8793b956429d6cd21f
2026-07-23T14:46:19Z,f2aa51db684d0572255faa3e4bc2f76116a8684b,6370,absolute_top_heap_in_bytes,parsing,11284984052,6370,f97dd5a6e8178833e9f27d8793b956429d6cd21f
2026-07-23T14:46:19Z,f2aa51db684d0572255faa3e4bc2f76116a8684b,6370,absolute_top_heap_in_bytes,typing,52950465598,6370,f97dd5a6e8178833e9f27d8793b956429d6cd21f
2026-07-23T14:46:19Z,f2aa51db684d0572255faa3e4bc2f76116a8684b,6370,absolute_top_heap_in_bytes,generate/flambda2,127868232248,6370,f97dd5a6e8178833e9f27d8793b956429d6cd21f
2026-07-23T14:46:19Z,f2aa51db684d0572255faa3e4bc2f76116a8684b,6370,absolute_top_heap_in_bytes,generate/compile_phrases/cfg,143953493259,6370,f97dd5a6e8178833e9f27d8793b956429d6cd21f
2026-07-23T14:46:19Z,f2aa51db684d0572255faa3e4bc2f76116a8684b,6370,absolute_top_heap_in_bytes,generate/assemble,1721971487,6370,f97dd5a6e8178833e9f27d8793b956429d6cd21f
2026-07-23T14:46:19Z,f2aa51db684d0572255faa3e4bc2f76116a8684b,6370,counter,block,2579480,6370,f97dd5a6e8178833e9f27d8793b956429d6cd21f
2026-07-23T14:46:19Z,f2aa51db684d0572255faa3e4bc2f76116a8684b,6370,counter,instruction,15103796,6370,f97dd5a6e8178833e9f27d8793b956429d6cd21f
2026-07-23T14:46:19Z,f2aa51db684d0572255faa3e4bc2f76116a8684b,6370,counter,move,1951751,6370,f97dd5a6e8178833e9f27d8793b956429d6cd21f
2026-07-23T14:46:19Z,f2aa51db684d0572255faa3e4bc2f76116a8684b,6370,counter,reload,955710,6370,f97dd5a6e8178833e9f27d8793b956429d6cd21f
2026-07-23T14:46:19Z,f2aa51db684d0572255faa3e4bc2f76116a8684b,6370,counter,spill,683341,6370,f97dd5a6e8178833e9f27d8793b956429d6cd21f
2026-07-23T14:46:19Z,f2aa51db684d0572255faa3e4bc2f76116a8684b,6370,counter,stack_slot,453387,6370,f97dd5a6e8178833e9f27d8793b956429d6cd21f
2026-07-23T14:42:14Z,f97dd5a6e8178833e9f27d8793b956429d6cd21f,6486,size_in_bytes,exe,68715376,6486,0c35af47ca5e9ec214d43c76e07da4df68bc80b0
2026-07-23T14:42:14Z,f97dd5a6e8178833e9f27d8793b956429d6cd21f,6486,size_in_bytes,opt,479056680,6486,0c35af47ca5e9ec214d43c76e07da4df68bc80b0
2026-07-23T14:42:14Z,f97dd5a6e8178833e9f27d8793b956429d6cd21f,6486,size_in_bytes,a,215128980,6486,0c35af47ca5e9ec214d43c76e07da4df68bc80b0
2026-07-23T14:42:14Z,f97dd5a6e8178833e9f27d8793b956429d6cd21f,6486,size_in_bytes,cmxa,348586,6486,0c35af47ca5e9ec214d43c76e07da4df68bc80b0
2026-07-23T14:42:14Z,f97dd5a6e8178833e9f27d8793b956429d6cd21f,6486,size_in_bytes,cma,258097939,6486,0c35af47ca5e9ec214d43c76e07da4df68bc80b0
2026-07-23T14:42:14Z,f97dd5a6e8178833e9f27d8793b956429d6cd21f,6486,size_in_bytes,cmi,23694232,6486,0c35af47ca5e9ec214d43c76e07da4df68bc80b0
2026-07-23T14:42:14Z,f97dd5a6e8178833e9f27d8793b956429d6cd21f,6486,size_in_bytes,cmx,152325634,6486,0c35af47ca5e9ec214d43c76e07da4df68bc80b0
2026-07-23T14:42:14Z,f97dd5a6e8178833e9f27d8793b956429d6cd21f,6486,size_in_bytes,cmo,1474821,6486,0c35af47ca5e9ec214d43c76e07da4df68bc80b0
2026-07-23T14:42:14Z,f97dd5a6e8178833e9f27d8793b956429d6cd21f,6486,size_in_bytes,cms,24735382,6486,0c35af47ca5e9ec214d43c76e07da4df68bc80b0
2026-07-23T14:42:14Z,f97dd5a6e8178833e9f27d8793b956429d6cd21f,6486,size_in_bytes,cmsi,8372067,6486,0c35af47ca5e9ec214d43c76e07da4df68bc80b0
2026-07-23T14:42:14Z,f97dd5a6e8178833e9f27d8793b956429d6cd21f,6486,size_in_bytes,cmt,604349718,6486,0c35af47ca5e9ec214d43c76e07da4df68bc80b0
2026-07-23T14:42:14Z,f97dd5a6e8178833e9f27d8793b956429d6cd21f,6486,size_in_bytes,cmti,71455901,6486,0c35af47ca5e9ec214d43c76e07da4df68bc80b0
2026-07-23T14:42:14Z,f97dd5a6e8178833e9f27d8793b956429d6cd21f,6486,size_in_bytes,o,4624,6486,0c35af47ca5e9ec214d43c76e07da4df68bc80b0
2026-07-23T14:42:14Z,f97dd5a6e8178833e9f27d8793b956429d6cd21f,6486,time_in_seconds,<all>,2346.706,6486,0c35af47ca5e9ec214d43c76e07da4df68bc80b0
2026-07-23T14:42:14Z,f97dd5a6e8178833e9f27d8793b956429d6cd21f,6486,time_in_seconds,parsing,8.595,6486,0c35af47ca5e9ec214d43c76e07da4df68bc80b0
2026-07-23T14:42:14Z,f97dd5a6e8178833e9f27d8793b956429d6cd21f,6486,time_in_seconds,typing,203.721,6486,0c35af47ca5e9ec214d43c76e07da4df68bc80b0
2026-07-23T14:42:14Z,f97dd5a6e8178833e9f27d8793b956429d6cd21f,6486,time_in_seconds,generate/flambda2,998.561,6486,0c35af47ca5e9ec214d43c76e07da4df68bc80b0
2026-07-23T14:42:14Z,f97dd5a6e8178833e9f27d8793b956429d6cd21f,6486,time_in_seconds,generate/compile_phrases/cfg,359.491,6486,0c35af47ca5e9ec214d43c76e07da4df68bc80b0
2026-07-23T14:42:14Z,f97dd5a6e8178833e9f27d8793b956429d6cd21f,6486,time_in_seconds,generate/assemble,58.565,6486,0c35af47ca5e9ec214d43c76e07da4df68bc80b0
2026-07-23T14:42:14Z,f97dd5a6e8178833e9f27d8793b956429d6cd21f,6486,alloc_in_bytes,<all>,3355579838938,6486,0c35af47ca5e9ec214d43c76e07da4df68bc80b0
2026-07-23T14:42:14Z,f97dd5a6e8178833e9f27d8793b956429d6cd21f,6486,alloc_in_bytes,parsing,12835124944,6486,0c35af47ca5e9ec214d43c76e07da4df68bc80b0
2026-07-23T14:42:14Z,f97dd5a6e8178833e9f27d8793b956429d6cd21f,6486,alloc_in_bytes,typing,273085102714,6486,0c35af47ca5e9ec214d43c76e07da4df68bc80b0
2026-07-23T14:42:14Z,f97dd5a6e8178833e9f27d8793b956429d6cd21f,6486,alloc_in_bytes,generate/flambda2,2158550129321,6486,0c35af47ca5e9ec214d43c76e07da4df68bc80b0
2026-07-23T14:42:14Z,f97dd5a6e8178833e9f27d8793b956429d6cd21f,6486,alloc_in_bytes,generate/compile_phrases/cfg,405768890092,6486,0c35af47ca5e9ec214d43c76e07da4df68bc80b0
2026-07-23T14:42:14Z,f97dd5a6e8178833e9f27d8793b956429d6cd21f,6486,alloc_in_bytes,generate/assemble,408210611,6486,0c35af47ca5e9ec214d43c76e07da4df68bc80b0
2026-07-23T14:42:14Z,f97dd5a6e8178833e9f27d8793b956429d6cd21f,6486,top_heap_in_bytes,<all>,147182770783,6486,0c35af47ca5e9ec214d43c76e07da4df68bc80b0
2026-07-23T14:42:14Z,f97dd5a6e8178833e9f27d8793b956429d6cd21f,6486,top_heap_in_bytes,parsing,2037068107,6486,0c35af47ca5e9ec214d43c76e07da4df68bc80b0
2026-07-23T14:42:14Z,f97dd5a6e8178833e9f27d8793b956429d6cd21f,6486,top_heap_in_bytes,typing,30314635206,6486,0c35af47ca5e9ec214d43c76e07da4df68bc80b0
2026-07-23T14:42:14Z,f97dd5a6e8178833e9f27d8793b956429d6cd21f,6486,top_heap_in_bytes,generate/flambda2,70284244565,6486,0c35af47ca5e9ec214d43c76e07da4df68bc80b0
2026-07-23T14:42:14Z,f97dd5a6e8178833e9f27d8793b956429d6cd21f,6486,top_heap_in_bytes,generate/compile_phrases/cfg,21547501848,6486,0c35af47ca5e9ec214d43c76e07da4df68bc80b0
2026-07-23T14:42:14Z,f97dd5a6e8178833e9f27d8793b956429d6cd21f,6486,top_heap_in_bytes,generate/assemble,18863856,6486,0c35af47ca5e9ec214d43c76e07da4df68bc80b0
2026-07-23T14:42:14Z,f97dd5a6e8178833e9f27d8793b956429d6cd21f,6486,absolute_top_heap_in_bytes,<all>,191337624734,6486,0c35af47ca5e9ec214d43c76e07da4df68bc80b0
2026-07-23T14:42:14Z,f97dd5a6e8178833e9f27d8793b956429d6cd21f,6486,absolute_top_heap_in_bytes,parsing,11325689771,6486,0c35af47ca5e9ec214d43c76e07da4df68bc80b0
2026-07-23T14:42:14Z,f97dd5a6e8178833e9f27d8793b956429d6cd21f,6486,absolute_top_heap_in_bytes,typing,52947382789,6486,0c35af47ca5e9ec214d43c76e07da4df68bc80b0
2026-07-23T14:42:14Z,f97dd5a6e8178833e9f27d8793b956429d6cd21f,6486,absolute_top_heap_in_bytes,generate/flambda2,127869930935,6486,0c35af47ca5e9ec214d43c76e07da4df68bc80b0
2026-07-23T14:42:14Z,f97dd5a6e8178833e9f27d8793b956429d6cd21f,6486,absolute_top_heap_in_bytes,generate/compile_phrases/cfg,143957068905,6486,0c35af47ca5e9ec214d43c76e07da4df68bc80b0
2026-07-23T14:42:14Z,f97dd5a6e8178833e9f27d8793b956429d6cd21f,6486,absolute_top_heap_in_bytes,generate/assemble,2023961375,6486,0c35af47ca5e9ec214d43c76e07da4df68bc80b0
2026-07-23T14:42:14Z,f97dd5a6e8178833e9f27d8793b956429d6cd21f,6486,counter,block,2579449,6486,0c35af47ca5e9ec214d43c76e07da4df68bc80b0
2026-07-23T14:42:14Z,f97dd5a6e8178833e9f27d8793b956429d6cd21f,6486,counter,instruction,15103704,6486,0c35af47ca5e9ec214d43c76e07da4df68bc80b0
2026-07-23T14:42:14Z,f97dd5a6e8178833e9f27d8793b956429d6cd21f,6486,counter,move,1951749,6486,0c35af47ca5e9ec214d43c76e07da4df68bc80b0
2026-07-23T14:42:14Z,f97dd5a6e8178833e9f27d8793b956429d6cd21f,6486,counter,reload,955705,6486,0c35af47ca5e9ec214d43c76e07da4df68bc80b0
2026-07-23T14:42:14Z,f97dd5a6e8178833e9f27d8793b956429d6cd21f,6486,counter,spill,683340,6486,0c35af47ca5e9ec214d43c76e07da4df68bc80b0
2026-07-23T14:42:14Z,f97dd5a6e8178833e9f27d8793b956429d6cd21f,6486,counter,stack_slot,453387,6486,0c35af47ca5e9ec214d43c76e07da4df68bc80b0
2026-07-24T14:24:02Z,31750309dbce47b0c7bef4a48e82f55f66484a0d,6347,size_in_bytes,exe,68758616,6347,9a20a5f8100db019783f1b4eec2fee13b515fac5
2026-07-24T14:24:02Z,31750309dbce47b0c7bef4a48e82f55f66484a0d,6347,size_in_bytes,opt,479420472,6347,9a20a5f8100db019783f1b4eec2fee13b515fac5
2026-07-24T14:24:02Z,31750309dbce47b0c7bef4a48e82f55f66484a0d,6347,size_in_bytes,a,215190346,6347,9a20a5f8100db019783f1b4eec2fee13b515fac5
2026-07-24T14:24:02Z,31750309dbce47b0c7bef4a48e82f55f66484a0d,6347,size_in_bytes,cmxa,348650,6347,9a20a5f8100db019783f1b4eec2fee13b515fac5
2026-07-24T14:24:02Z,31750309dbce47b0c7bef4a48e82f55f66484a0d,6347,size_in_bytes,cma,258221965,6347,9a20a5f8100db019783f1b4eec2fee13b515fac5
2026-07-24T14:24:02Z,31750309dbce47b0c7bef4a48e82f55f66484a0d,6347,size_in_bytes,cmi,23701182,6347,9a20a5f8100db019783f1b4eec2fee13b515fac5
2026-07-24T14:24:02Z,31750309dbce47b0c7bef4a48e82f55f66484a0d,6347,size_in_bytes,cmx,152404780,6347,9a20a5f8100db019783f1b4eec2fee13b515fac5
2026-07-24T14:24:02Z,31750309dbce47b0c7bef4a48e82f55f66484a0d,6347,size_in_bytes,cmo,1474821,6347,9a20a5f8100db019783f1b4eec2fee13b515fac5
2026-07-24T14:24:02Z,31750309dbce47b0c7bef4a48e82f55f66484a0d,6347,size_in_bytes,cms,24738059,6347,9a20a5f8100db019783f1b4eec2fee13b515fac5
2026-07-24T14:24:02Z,31750309dbce47b0c7bef4a48e82f55f66484a0d,6347,size_in_bytes,cmsi,8372067,6347,9a20a5f8100db019783f1b4eec2fee13b515fac5
2026-07-24T14:24:02Z,31750309dbce47b0c7bef4a48e82f55f66484a0d,6347,size_in_bytes,cmt,604810097,6347,9a20a5f8100db019783f1b4eec2fee13b515fac5
2026-07-24T14:24:02Z,31750309dbce47b0c7bef4a48e82f55f66484a0d,6347,size_in_bytes,cmti,71478087,6347,9a20a5f8100db019783f1b4eec2fee13b515fac5
2026-07-24T14:24:02Z,31750309dbce47b0c7bef4a48e82f55f66484a0d,6347,size_in_bytes,o,4624,6347,9a20a5f8100db019783f1b4eec2fee13b515fac5
2026-07-24T14:24:02Z,31750309dbce47b0c7bef4a48e82f55f66484a0d,6347,time_in_seconds,<all>,1707.157,6347,9a20a5f8100db019783f1b4eec2fee13b515fac5
2026-07-24T14:24:02Z,31750309dbce47b0c7bef4a48e82f55f66484a0d,6347,time_in_seconds,parsing,6.186,6347,9a20a5f8100db019783f1b4eec2fee13b515fac5
2026-07-24T14:24:02Z,31750309dbce47b0c7bef4a48e82f55f66484a0d,6347,time_in_seconds,typing,163.492,6347,9a20a5f8100db019783f1b4eec2fee13b515fac5
2026-07-24T14:24:02Z,31750309dbce47b0c7bef4a48e82f55f66484a0d,6347,time_in_seconds,generate/flambda2,781.984,6347,9a20a5f8100db019783f1b4eec2fee13b515fac5
2026-07-24T14:24:02Z,31750309dbce47b0c7bef4a48e82f55f66484a0d,6347,time_in_seconds,generate/compile_phrases/cfg,241.062,6347,9a20a5f8100db019783f1b4eec2fee13b515fac5
2026-07-24T14:24:02Z,31750309dbce47b0c7bef4a48e82f55f66484a0d,6347,time_in_seconds,generate/assemble,43.724,6347,9a20a5f8100db019783f1b4eec2fee13b515fac5
2026-07-24T14:24:02Z,31750309dbce47b0c7bef4a48e82f55f66484a0d,6347,alloc_in_bytes,<all>,3358013835488,6347,9a20a5f8100db019783f1b4eec2fee13b515fac5
2026-07-24T14:24:02Z,31750309dbce47b0c7bef4a48e82f55f66484a0d,6347,alloc_in_bytes,parsing,12865261011,6347,9a20a5f8100db019783f1b4eec2fee13b515fac5
2026-07-24T14:24:02Z,31750309dbce47b0c7bef4a48e82f55f66484a0d,6347,alloc_in_bytes,typing,273181372481,6347,9a20a5f8100db019783f1b4eec2fee13b515fac5
2026-07-24T14:24:02Z,31750309dbce47b0c7bef4a48e82f55f66484a0d,6347,alloc_in_bytes,generate/flambda2,2159877888674,6347,9a20a5f8100db019783f1b4eec2fee13b515fac5
2026-07-24T14:24:02Z,31750309dbce47b0c7bef4a48e82f55f66484a0d,6347,alloc_in_bytes,generate/compile_phrases/cfg,406293597474,6347,9a20a5f8100db019783f1b4eec2fee13b515fac5
2026-07-24T14:24:02Z,31750309dbce47b0c7bef4a48e82f55f66484a0d,6347,alloc_in_bytes,generate/assemble,419168230,6347,9a20a5f8100db019783f1b4eec2fee13b515fac5
2026-07-24T14:24:02Z,31750309dbce47b0c7bef4a48e82f55f66484a0d,6347,top_heap_in_bytes,<all>,147390829241,6347,9a20a5f8100db019783f1b4eec2fee13b515fac5
2026-07-24T14:24:02Z,31750309dbce47b0c7bef4a48e82f55f66484a0d,6347,top_heap_in_bytes,parsing,2021905707,6347,9a20a5f8100db019783f1b4eec2fee13b515fac5
2026-07-24T14:24:02Z,31750309dbce47b0c7bef4a48e82f55f66484a0d,6347,top_heap_in_bytes,typing,30331978668,6347,9a20a5f8100db019783f1b4eec2fee13b515fac5
2026-07-24T14:24:02Z,31750309dbce47b0c7bef4a48e82f55f66484a0d,6347,top_heap_in_bytes,generate/flambda2,70342304216,6347,9a20a5f8100db019783f1b4eec2fee13b515fac5
2026-07-24T14:24:02Z,31750309dbce47b0c7bef4a48e82f55f66484a0d,6347,top_heap_in_bytes,generate/compile_phrases/cfg,21650629265,6347,9a20a5f8100db019783f1b4eec2fee13b515fac5
2026-07-24T14:24:02Z,31750309dbce47b0c7bef4a48e82f55f66484a0d,6347,top_heap_in_bytes,generate/assemble,18717057,6347,9a20a5f8100db019783f1b4eec2fee13b515fac5
2026-07-24T14:24:02Z,31750309dbce47b0c7bef4a48e82f55f66484a0d,6347,absolute_top_heap_in_bytes,<all>,191911615231,6347,9a20a5f8100db019783f1b4eec2fee13b515fac5
2026-07-24T14:24:02Z,31750309dbce47b0c7bef4a48e82f55f66484a0d,6347,absolute_top_heap_in_bytes,parsing,10577425946,6347,9a20a5f8100db019783f1b4eec2fee13b515fac5
2026-07-24T14:24:02Z,31750309dbce47b0c7bef4a48e82f55f66484a0d,6347,absolute_top_heap_in_bytes,typing,53017710759,6347,9a20a5f8100db019783f1b4eec2fee13b515fac5
2026-07-24T14:24:02Z,31750309dbce47b0c7bef4a48e82f55f66484a0d,6347,absolute_top_heap_in_bytes,generate/flambda2,127888941618,6347,9a20a5f8100db019783f1b4eec2fee13b515fac5
2026-07-24T14:24:02Z,31750309dbce47b0c7bef4a48e82f55f66484a0d,6347,absolute_top_heap_in_bytes,generate/compile_phrases/cfg,144239251187,6347,9a20a5f8100db019783f1b4eec2fee13b515fac5
2026-07-24T14:24:02Z,31750309dbce47b0c7bef4a48e82f55f66484a0d,6347,absolute_top_heap_in_bytes,generate/assemble,2022388513,6347,9a20a5f8100db019783f1b4eec2fee13b515fac5
2026-07-24T14:24:02Z,31750309dbce47b0c7bef4a48e82f55f66484a0d,6347,counter,block,2582173,6347,9a20a5f8100db019783f1b4eec2fee13b515fac5
2026-07-24T14:24:02Z,31750309dbce47b0c7bef4a48e82f55f66484a0d,6347,counter,instruction,15117998,6347,9a20a5f8100db019783f1b4eec2fee13b515fac5
2026-07-24T14:24:02Z,31750309dbce47b0c7bef4a48e82f55f66484a0d,6347,counter,move,1953490,6347,9a20a5f8100db019783f1b4eec2fee13b515fac5
2026-07-24T14:24:02Z,31750309dbce47b0c7bef4a48e82f55f66484a0d,6347,counter,reload,956396,6347,9a20a5f8100db019783f1b4eec2fee13b515fac5
2026-07-24T14:24:02Z,31750309dbce47b0c7bef4a48e82f55f66484a0d,6347,counter,spill,683800,6347,9a20a5f8100db019783f1b4eec2fee13b515fac5
2026-07-24T14:24:02Z,31750309dbce47b0c7bef4a48e82f55f66484a0d,6347,counter,stack_slot,453691,6347,9a20a5f8100db019783f1b4eec2fee13b515fac5
2026-07-24T08:43:18Z,3cf57801f2003ca7709e6a7bb2c3157a70a2628a,6502,size_in_bytes,exe,68758016,5870/6557/6502,cb316eb76ab3592ac02e087ba2b5773ba9dc4b2b
2026-07-24T08:43:18Z,3cf57801f2003ca7709e6a7bb2c3157a70a2628a,6502,size_in_bytes,opt,479415640,5870/6557/6502,cb316eb76ab3592ac02e087ba2b5773ba9dc4b2b
2026-07-24T08:43:18Z,3cf57801f2003ca7709e6a7bb2c3157a70a2628a,6502,size_in_bytes,a,215184708,5870/6557/6502,cb316eb76ab3592ac02e087ba2b5773ba9dc4b2b
2026-07-24T08:43:18Z,3cf57801f2003ca7709e6a7bb2c3157a70a2628a,6502,size_in_bytes,cmxa,348650,5870/6557/6502,cb316eb76ab3592ac02e087ba2b5773ba9dc4b2b
2026-07-24T08:43:18Z,3cf57801f2003ca7709e6a7bb2c3157a70a2628a,6502,size_in_bytes,cma,258209914,5870/6557/6502,cb316eb76ab3592ac02e087ba2b5773ba9dc4b2b
2026-07-24T08:43:18Z,3cf57801f2003ca7709e6a7bb2c3157a70a2628a,6502,size_in_bytes,cmi,23700541,5870/6557/6502,cb316eb76ab3592ac02e087ba2b5773ba9dc4b2b
2026-07-24T08:43:18Z,3cf57801f2003ca7709e6a7bb2c3157a70a2628a,6502,size_in_bytes,cmx,152388445,5870/6557/6502,cb316eb76ab3592ac02e087ba2b5773ba9dc4b2b
2026-07-24T08:43:18Z,3cf57801f2003ca7709e6a7bb2c3157a70a2628a,6502,size_in_bytes,cmo,1474821,5870/6557/6502,cb316eb76ab3592ac02e087ba2b5773ba9dc4b2b
2026-07-24T08:43:18Z,3cf57801f2003ca7709e6a7bb2c3157a70a2628a,6502,size_in_bytes,cms,24738059,5870/6557/6502,cb316eb76ab3592ac02e087ba2b5773ba9dc4b2b
2026-07-24T08:43:18Z,3cf57801f2003ca7709e6a7bb2c3157a70a2628a,6502,size_in_bytes,cmsi,8372067,5870/6557/6502,cb316eb76ab3592ac02e087ba2b5773ba9dc4b2b
2026-07-24T08:43:18Z,3cf57801f2003ca7709e6a7bb2c3157a70a2628a,6502,size_in_bytes,cmt,604764134,5870/6557/6502,cb316eb76ab3592ac02e087ba2b5773ba9dc4b2b
2026-07-24T08:43:18Z,3cf57801f2003ca7709e6a7bb2c3157a70a2628a,6502,size_in_bytes,cmti,71474827,5870/6557/6502,cb316eb76ab3592ac02e087ba2b5773ba9dc4b2b
2026-07-24T08:43:18Z,3cf57801f2003ca7709e6a7bb2c3157a70a2628a,6502,size_in_bytes,o,4624,5870/6557/6502,cb316eb76ab3592ac02e087ba2b5773ba9dc4b2b
2026-07-24T08:43:18Z,3cf57801f2003ca7709e6a7bb2c3157a70a2628a,6502,time_in_seconds,<all>,2505.188,5870/6557/6502,cb316eb76ab3592ac02e087ba2b5773ba9dc4b2b
2026-07-24T08:43:18Z,3cf57801f2003ca7709e6a7bb2c3157a70a2628a,6502,time_in_seconds,parsing,9.205,5870/6557/6502,cb316eb76ab3592ac02e087ba2b5773ba9dc4b2b
2026-07-24T08:43:18Z,3cf57801f2003ca7709e6a7bb2c3157a70a2628a,6502,time_in_seconds,typing,237.022,5870/6557/6502,cb316eb76ab3592ac02e087ba2b5773ba9dc4b2b
2026-07-24T08:43:18Z,3cf57801f2003ca7709e6a7bb2c3157a70a2628a,6502,time_in_seconds,generate/flambda2,1063.453,5870/6557/6502,cb316eb76ab3592ac02e087ba2b5773ba9dc4b2b
2026-07-24T08:43:18Z,3cf57801f2003ca7709e6a7bb2c3157a70a2628a,6502,time_in_seconds,generate/compile_phrases/cfg,370.796,5870/6557/6502,cb316eb76ab3592ac02e087ba2b5773ba9dc4b2b
2026-07-24T08:43:18Z,3cf57801f2003ca7709e6a7bb2c3157a70a2628a,6502,time_in_seconds,generate/assemble,63.468,5870/6557/6502,cb316eb76ab3592ac02e087ba2b5773ba9dc4b2b
2026-07-24T08:43:18Z,3cf57801f2003ca7709e6a7bb2c3157a70a2628a,6502,alloc_in_bytes,<all>,3358333556805,5870/6557/6502,cb316eb76ab3592ac02e087ba2b5773ba9dc4b2b
2026-07-24T08:43:18Z,3cf57801f2003ca7709e6a7bb2c3157a70a2628a,6502,alloc_in_bytes,parsing,12863331636,5870/6557/6502,cb316eb76ab3592ac02e087ba2b5773ba9dc4b2b
2026-07-24T08:43:18Z,3cf57801f2003ca7709e6a7bb2c3157a70a2628a,6502,alloc_in_bytes,typing,273184339955,5870/6557/6502,cb316eb76ab3592ac02e087ba2b5773ba9dc4b2b
2026-07-24T08:43:18Z,3cf57801f2003ca7709e6a7bb2c3157a70a2628a,6502,alloc_in_bytes,generate/flambda2,2160452529295,5870/6557/6502,cb316eb76ab3592ac02e087ba2b5773ba9dc4b2b
2026-07-24T08:43:18Z,3cf57801f2003ca7709e6a7bb2c3157a70a2628a,6502,alloc_in_bytes,generate/compile_phrases/cfg,406074141043,5870/6557/6502,cb316eb76ab3592ac02e087ba2b5773ba9dc4b2b
2026-07-24T08:43:18Z,3cf57801f2003ca7709e6a7bb2c3157a70a2628a,6502,alloc_in_bytes,generate/assemble,408210611,5870/6557/6502,cb316eb76ab3592ac02e087ba2b5773ba9dc4b2b
2026-07-24T08:43:18Z,3cf57801f2003ca7709e6a7bb2c3157a70a2628a,6502,top_heap_in_bytes,<all>,147340539499,5870/6557/6502,cb316eb76ab3592ac02e087ba2b5773ba9dc4b2b
2026-07-24T08:43:18Z,3cf57801f2003ca7709e6a7bb2c3157a70a2628a,6502,top_heap_in_bytes,parsing,2039479836,5870/6557/6502,cb316eb76ab3592ac02e087ba2b5773ba9dc4b2b
2026-07-24T08:43:18Z,3cf57801f2003ca7709e6a7bb2c3157a70a2628a,6502,top_heap_in_bytes,typing,30327186654,5870/6557/6502,cb316eb76ab3592ac02e087ba2b5773ba9dc4b2b
2026-07-24T08:43:18Z,3cf57801f2003ca7709e6a7bb2c3157a70a2628a,6502,top_heap_in_bytes,generate/flambda2,70320388978,5870/6557/6502,cb316eb76ab3592ac02e087ba2b5773ba9dc4b2b
2026-07-24T08:43:18Z,3cf57801f2003ca7709e6a7bb2c3157a70a2628a,6502,top_heap_in_bytes,generate/compile_phrases/cfg,21578497753,5870/6557/6502,cb316eb76ab3592ac02e087ba2b5773ba9dc4b2b
2026-07-24T08:43:18Z,3cf57801f2003ca7709e6a7bb2c3157a70a2628a,6502,top_heap_in_bytes,generate/assemble,19136485,5870/6557/6502,cb316eb76ab3592ac02e087ba2b5773ba9dc4b2b
2026-07-24T08:43:18Z,3cf57801f2003ca7709e6a7bb2c3157a70a2628a,6502,absolute_top_heap_in_bytes,<all>,191465509074,5870/6557/6502,cb316eb76ab3592ac02e087ba2b5773ba9dc4b2b
2026-07-24T08:43:18Z,3cf57801f2003ca7709e6a7bb2c3157a70a2628a,6502,absolute_top_heap_in_bytes,parsing,11355658068,5870/6557/6502,cb316eb76ab3592ac02e087ba2b5773ba9dc4b2b
2026-07-24T08:43:18Z,3cf57801f2003ca7709e6a7bb2c3157a70a2628a,6502,absolute_top_heap_in_bytes,typing,52955530225,5870/6557/6502,cb316eb76ab3592ac02e087ba2b5773ba9dc4b2b
2026-07-24T08:43:18Z,3cf57801f2003ca7709e6a7bb2c3157a70a2628a,6502,absolute_top_heap_in_bytes,generate/flambda2,127921164365,5870/6557/6502,cb316eb76ab3592ac02e087ba2b5773ba9dc4b2b
2026-07-24T08:43:18Z,3cf57801f2003ca7709e6a7bb2c3157a70a2628a,6502,absolute_top_heap_in_bytes,generate/compile_phrases/cfg,144039088520,5870/6557/6502,cb316eb76ab3592ac02e087ba2b5773ba9dc4b2b
2026-07-24T08:43:18Z,3cf57801f2003ca7709e6a7bb2c3157a70a2628a,6502,absolute_top_heap_in_bytes,generate/assemble,1722705490,5870/6557/6502,cb316eb76ab3592ac02e087ba2b5773ba9dc4b2b
2026-07-24T08:43:18Z,3cf57801f2003ca7709e6a7bb2c3157a70a2628a,6502,counter,block,2581457,5870/6557/6502,cb316eb76ab3592ac02e087ba2b5773ba9dc4b2b
2026-07-24T08:43:18Z,3cf57801f2003ca7709e6a7bb2c3157a70a2628a,6502,counter,instruction,15113116,5870/6557/6502,cb316eb76ab3592ac02e087ba2b5773ba9dc4b2b
2026-07-24T08:43:18Z,3cf57801f2003ca7709e6a7bb2c3157a70a2628a,6502,counter,move,1952641,5870/6557/6502,cb316eb76ab3592ac02e087ba2b5773ba9dc4b2b
2026-07-24T08:43:18Z,3cf57801f2003ca7709e6a7bb2c3157a70a2628a,6502,counter,reload,956231,5870/6557/6502,cb316eb76ab3592ac02e087ba2b5773ba9dc4b2b
2026-07-24T08:43:18Z,3cf57801f2003ca7709e6a7bb2c3157a70a2628a,6502,counter,spill,683666,5870/6557/6502,cb316eb76ab3592ac02e087ba2b5773ba9dc4b2b
2026-07-24T08:43:18Z,3cf57801f2003ca7709e6a7bb2c3157a70a2628a,6502,counter,stack_slot,453544,5870/6557/6502,cb316eb76ab3592ac02e087ba2b5773ba9dc4b2b
2026-07-24T08:46:30Z,4fa66e7982a37fba4730f4e8463ce354717d1478,6301,size_in_bytes,exe,68758256,6301,3cf57801f2003ca7709e6a7bb2c3157a70a2628a
2026-07-24T08:46:30Z,4fa66e7982a37fba4730f4e8463ce354717d1478,6301,size_in_bytes,opt,479415880,6301,3cf57801f2003ca7709e6a7bb2c3157a70a2628a
2026-07-24T08:46:30Z,4fa66e7982a37fba4730f4e8463ce354717d1478,6301,size_in_bytes,a,215185852,6301,3cf57801f2003ca7709e6a7bb2c3157a70a2628a
2026-07-24T08:46:30Z,4fa66e7982a37fba4730f4e8463ce354717d1478,6301,size_in_bytes,cmxa,348650,6301,3cf57801f2003ca7709e6a7bb2c3157a70a2628a
2026-07-24T08:46:30Z,4fa66e7982a37fba4730f4e8463ce354717d1478,6301,size_in_bytes,cma,258210397,6301,3cf57801f2003ca7709e6a7bb2c3157a70a2628a
2026-07-24T08:46:30Z,4fa66e7982a37fba4730f4e8463ce354717d1478,6301,size_in_bytes,cmi,23700920,6301,3cf57801f2003ca7709e6a7bb2c3157a70a2628a
2026-07-24T08:46:30Z,4fa66e7982a37fba4730f4e8463ce354717d1478,6301,size_in_bytes,cmx,152393595,6301,3cf57801f2003ca7709e6a7bb2c3157a70a2628a
2026-07-24T08:46:30Z,4fa66e7982a37fba4730f4e8463ce354717d1478,6301,size_in_bytes,cmo,1474821,6301,3cf57801f2003ca7709e6a7bb2c3157a70a2628a
2026-07-24T08:46:30Z,4fa66e7982a37fba4730f4e8463ce354717d1478,6301,size_in_bytes,cms,24738059,6301,3cf57801f2003ca7709e6a7bb2c3157a70a2628a
2026-07-24T08:46:30Z,4fa66e7982a37fba4730f4e8463ce354717d1478,6301,size_in_bytes,cmsi,8372067,6301,3cf57801f2003ca7709e6a7bb2c3157a70a2628a
2026-07-24T08:46:30Z,4fa66e7982a37fba4730f4e8463ce354717d1478,6301,size_in_bytes,cmt,604761644,6301,3cf57801f2003ca7709e6a7bb2c3157a70a2628a
2026-07-24T08:46:30Z,4fa66e7982a37fba4730f4e8463ce354717d1478,6301,size_in_bytes,cmti,71476828,6301,3cf57801f2003ca7709e6a7bb2c3157a70a2628a
2026-07-24T08:46:30Z,4fa66e7982a37fba4730f4e8463ce354717d1478,6301,size_in_bytes,o,4624,6301,3cf57801f2003ca7709e6a7bb2c3157a70a2628a
2026-07-24T08:46:30Z,4fa66e7982a37fba4730f4e8463ce354717d1478,6301,time_in_seconds,<all>,2625.663,6301,3cf57801f2003ca7709e6a7bb2c3157a70a2628a
2026-07-24T08:46:30Z,4fa66e7982a37fba4730f4e8463ce354717d1478,6301,time_in_seconds,parsing,9.442,6301,3cf57801f2003ca7709e6a7bb2c3157a70a2628a
2026-07-24T08:46:30Z,4fa66e7982a37fba4730f4e8463ce354717d1478,6301,time_in_seconds,typing,254.032,6301,3cf57801f2003ca7709e6a7bb2c3157a70a2628a
2026-07-24T08:46:30Z,4fa66e7982a37fba4730f4e8463ce354717d1478,6301,time_in_seconds,generate/flambda2,1129.675,6301,3cf57801f2003ca7709e6a7bb2c3157a70a2628a
2026-07-24T08:46:30Z,4fa66e7982a37fba4730f4e8463ce354717d1478,6301,time_in_seconds,generate/compile_phrases/cfg,381.838,6301,3cf57801f2003ca7709e6a7bb2c3157a70a2628a
2026-07-24T08:46:30Z,4fa66e7982a37fba4730f4e8463ce354717d1478,6301,time_in_seconds,generate/assemble,65.768,6301,3cf57801f2003ca7709e6a7bb2c3157a70a2628a
2026-07-24T08:46:30Z,4fa66e7982a37fba4730f4e8463ce354717d1478,6301,alloc_in_bytes,<all>,3358315248666,6301,3cf57801f2003ca7709e6a7bb2c3157a70a2628a
2026-07-24T08:46:30Z,4fa66e7982a37fba4730f4e8463ce354717d1478,6301,alloc_in_bytes,parsing,12855635087,6301,3cf57801f2003ca7709e6a7bb2c3157a70a2628a
2026-07-24T08:46:30Z,4fa66e7982a37fba4730f4e8463ce354717d1478,6301,alloc_in_bytes,typing,273194584535,6301,3cf57801f2003ca7709e6a7bb2c3157a70a2628a
2026-07-24T08:46:30Z,4fa66e7982a37fba4730f4e8463ce354717d1478,6301,alloc_in_bytes,generate/flambda2,2160455066848,6301,3cf57801f2003ca7709e6a7bb2c3157a70a2628a
2026-07-24T08:46:30Z,4fa66e7982a37fba4730f4e8463ce354717d1478,6301,alloc_in_bytes,generate/compile_phrases/cfg,406055455422,6301,3cf57801f2003ca7709e6a7bb2c3157a70a2628a
2026-07-24T08:46:30Z,4fa66e7982a37fba4730f4e8463ce354717d1478,6301,alloc_in_bytes,generate/assemble,408210611,6301,3cf57801f2003ca7709e6a7bb2c3157a70a2628a
2026-07-24T08:46:30Z,4fa66e7982a37fba4730f4e8463ce354717d1478,6301,top_heap_in_bytes,<all>,147349253170,6301,3cf57801f2003ca7709e6a7bb2c3157a70a2628a
2026-07-24T08:46:30Z,4fa66e7982a37fba4730f4e8463ce354717d1478,6301,top_heap_in_bytes,parsing,2041042213,6301,3cf57801f2003ca7709e6a7bb2c3157a70a2628a
2026-07-24T08:46:30Z,4fa66e7982a37fba4730f4e8463ce354717d1478,6301,top_heap_in_bytes,typing,30328308631,6301,3cf57801f2003ca7709e6a7bb2c3157a70a2628a
2026-07-24T08:46:30Z,4fa66e7982a37fba4730f4e8463ce354717d1478,6301,top_heap_in_bytes,generate/flambda2,70327508817,6301,3cf57801f2003ca7709e6a7bb2c3157a70a2628a
2026-07-24T08:46:30Z,4fa66e7982a37fba4730f4e8463ce354717d1478,6301,top_heap_in_bytes,generate/compile_phrases/cfg,21581570079,6301,3cf57801f2003ca7709e6a7bb2c3157a70a2628a
2026-07-24T08:46:30Z,4fa66e7982a37fba4730f4e8463ce354717d1478,6301,top_heap_in_bytes,generate/assemble,19136485,6301,3cf57801f2003ca7709e6a7bb2c3157a70a2628a
2026-07-24T08:46:30Z,4fa66e7982a37fba4730f4e8463ce354717d1478,6301,absolute_top_heap_in_bytes,<all>,191456879295,6301,3cf57801f2003ca7709e6a7bb2c3157a70a2628a
2026-07-24T08:46:30Z,4fa66e7982a37fba4730f4e8463ce354717d1478,6301,absolute_top_heap_in_bytes,parsing,11338178309,6301,3cf57801f2003ca7709e6a7bb2c3157a70a2628a
2026-07-24T08:46:30Z,4fa66e7982a37fba4730f4e8463ce354717d1478,6301,absolute_top_heap_in_bytes,typing,52959483356,6301,3cf57801f2003ca7709e6a7bb2c3157a70a2628a
2026-07-24T08:46:30Z,4fa66e7982a37fba4730f4e8463ce354717d1478,6301,absolute_top_heap_in_bytes,generate/flambda2,125957108115,6301,3cf57801f2003ca7709e6a7bb2c3157a70a2628a
2026-07-24T08:46:30Z,4fa66e7982a37fba4730f4e8463ce354717d1478,6301,absolute_top_heap_in_bytes,generate/compile_phrases/cfg,144052394955,6301,3cf57801f2003ca7709e6a7bb2c3157a70a2628a
2026-07-24T08:46:30Z,4fa66e7982a37fba4730f4e8463ce354717d1478,6301,absolute_top_heap_in_bytes,generate/assemble,1722705490,6301,3cf57801f2003ca7709e6a7bb2c3157a70a2628a
2026-07-24T08:46:30Z,4fa66e7982a37fba4730f4e8463ce354717d1478,6301,counter,block,2581467,6301,3cf57801f2003ca7709e6a7bb2c3157a70a2628a
2026-07-24T08:46:30Z,4fa66e7982a37fba4730f4e8463ce354717d1478,6301,counter,instruction,15113150,6301,3cf57801f2003ca7709e6a7bb2c3157a70a2628a
2026-07-24T08:46:30Z,4fa66e7982a37fba4730f4e8463ce354717d1478,6301,counter,move,1952645,6301,3cf57801f2003ca7709e6a7bb2c3157a70a2628a
2026-07-24T08:46:30Z,4fa66e7982a37fba4730f4e8463ce354717d1478,6301,counter,reload,956234,6301,3cf57801f2003ca7709e6a7bb2c3157a70a2628a
2026-07-24T08:46:30Z,4fa66e7982a37fba4730f4e8463ce354717d1478,6301,counter,spill,683669,6301,3cf57801f2003ca7709e6a7bb2c3157a70a2628a
2026-07-24T08:46:30Z,4fa66e7982a37fba4730f4e8463ce354717d1478,6301,counter,stack_slot,453547,6301,3cf57801f2003ca7709e6a7bb2c3157a70a2628a
2026-07-24T14:46:29Z,6b097a8b95b7a6603c1478b3013da19f66a1575f,6555,size_in_bytes,exe,68765792,6403/6474/6555,31750309dbce47b0c7bef4a48e82f55f66484a0d
2026-07-24T14:46:29Z,6b097a8b95b7a6603c1478b3013da19f66a1575f,6555,size_in_bytes,opt,479438976,6403/6474/6555,31750309dbce47b0c7bef4a48e82f55f66484a0d
2026-07-24T14:46:29Z,6b097a8b95b7a6603c1478b3013da19f66a1575f,6555,size_in_bytes,a,215208132,6403/6474/6555,31750309dbce47b0c7bef4a48e82f55f66484a0d
2026-07-24T14:46:29Z,6b097a8b95b7a6603c1478b3013da19f66a1575f,6555,size_in_bytes,cmxa,348676,6403/6474/6555,31750309dbce47b0c7bef4a48e82f55f66484a0d
2026-07-24T14:46:29Z,6b097a8b95b7a6603c1478b3013da19f66a1575f,6555,size_in_bytes,cma,258230769,6403/6474/6555,31750309dbce47b0c7bef4a48e82f55f66484a0d
2026-07-24T14:46:29Z,6b097a8b95b7a6603c1478b3013da19f66a1575f,6555,size_in_bytes,cmi,23702619,6403/6474/6555,31750309dbce47b0c7bef4a48e82f55f66484a0d
2026-07-24T14:46:29Z,6b097a8b95b7a6603c1478b3013da19f66a1575f,6555,size_in_bytes,cmx,152408313,6403/6474/6555,31750309dbce47b0c7bef4a48e82f55f66484a0d
2026-07-24T14:46:29Z,6b097a8b95b7a6603c1478b3013da19f66a1575f,6555,size_in_bytes,cmo,1474821,6403/6474/6555,31750309dbce47b0c7bef4a48e82f55f66484a0d
2026-07-24T14:46:29Z,6b097a8b95b7a6603c1478b3013da19f66a1575f,6555,size_in_bytes,cms,24739422,6403/6474/6555,31750309dbce47b0c7bef4a48e82f55f66484a0d
2026-07-24T14:46:29Z,6b097a8b95b7a6603c1478b3013da19f66a1575f,6555,size_in_bytes,cmsi,8372801,6403/6474/6555,31750309dbce47b0c7bef4a48e82f55f66484a0d
2026-07-24T14:46:29Z,6b097a8b95b7a6603c1478b3013da19f66a1575f,6555,size_in_bytes,cmt,604829939,6403/6474/6555,31750309dbce47b0c7bef4a48e82f55f66484a0d
2026-07-24T14:46:29Z,6b097a8b95b7a6603c1478b3013da19f66a1575f,6555,size_in_bytes,cmti,71482057,6403/6474/6555,31750309dbce47b0c7bef4a48e82f55f66484a0d
2026-07-24T14:46:29Z,6b097a8b95b7a6603c1478b3013da19f66a1575f,6555,size_in_bytes,o,4624,6403/6474/6555,31750309dbce47b0c7bef4a48e82f55f66484a0d
2026-07-24T14:46:29Z,6b097a8b95b7a6603c1478b3013da19f66a1575f,6555,time_in_seconds,<all>,2632.518,6403/6474/6555,31750309dbce47b0c7bef4a48e82f55f66484a0d
2026-07-24T14:46:29Z,6b097a8b95b7a6603c1478b3013da19f66a1575f,6555,time_in_seconds,parsing,9.900,6403/6474/6555,31750309dbce47b0c7bef4a48e82f55f66484a0d
2026-07-24T14:46:29Z,6b097a8b95b7a6603c1478b3013da19f66a1575f,6555,time_in_seconds,typing,257.879,6403/6474/6555,31750309dbce47b0c7bef4a48e82f55f66484a0d
2026-07-24T14:46:29Z,6b097a8b95b7a6603c1478b3013da19f66a1575f,6555,time_in_seconds,generate/flambda2,1130.597,6403/6474/6555,31750309dbce47b0c7bef4a48e82f55f66484a0d
2026-07-24T14:46:29Z,6b097a8b95b7a6603c1478b3013da19f66a1575f,6555,time_in_seconds,generate/compile_phrases/cfg,387.999,6403/6474/6555,31750309dbce47b0c7bef4a48e82f55f66484a0d
2026-07-24T14:46:29Z,6b097a8b95b7a6603c1478b3013da19f66a1575f,6555,time_in_seconds,generate/assemble,65.766,6403/6474/6555,31750309dbce47b0c7bef4a48e82f55f66484a0d
2026-07-24T14:46:29Z,6b097a8b95b7a6603c1478b3013da19f66a1575f,6555,alloc_in_bytes,<all>,3358121566188,6403/6474/6555,31750309dbce47b0c7bef4a48e82f55f66484a0d
2026-07-24T14:46:29Z,6b097a8b95b7a6603c1478b3013da19f66a1575f,6555,alloc_in_bytes,parsing,12856106941,6403/6474/6555,31750309dbce47b0c7bef4a48e82f55f66484a0d
2026-07-24T14:46:29Z,6b097a8b95b7a6603c1478b3013da19f66a1575f,6555,alloc_in_bytes,typing,273184507720,6403/6474/6555,31750309dbce47b0c7bef4a48e82f55f66484a0d
2026-07-24T14:46:29Z,6b097a8b95b7a6603c1478b3013da19f66a1575f,6555,alloc_in_bytes,generate/flambda2,2159901534070,6403/6474/6555,31750309dbce47b0c7bef4a48e82f55f66484a0d
2026-07-24T14:46:29Z,6b097a8b95b7a6603c1478b3013da19f66a1575f,6555,alloc_in_bytes,generate/compile_phrases/cfg,406313163911,6403/6474/6555,31750309dbce47b0c7bef4a48e82f55f66484a0d
2026-07-24T14:46:29Z,6b097a8b95b7a6603c1478b3013da19f66a1575f,6555,alloc_in_bytes,generate/assemble,419178716,6403/6474/6555,31750309dbce47b0c7bef4a48e82f55f66484a0d
2026-07-24T14:46:29Z,6b097a8b95b7a6603c1478b3013da19f66a1575f,6555,top_heap_in_bytes,<all>,147395516359,6403/6474/6555,31750309dbce47b0c7bef4a48e82f55f66484a0d
2026-07-24T14:46:29Z,6b097a8b95b7a6603c1478b3013da19f66a1575f,6555,top_heap_in_bytes,parsing,2020416727,6403/6474/6555,31750309dbce47b0c7bef4a48e82f55f66484a0d
2026-07-24T14:46:29Z,6b097a8b95b7a6603c1478b3013da19f66a1575f,6555,top_heap_in_bytes,typing,30332534413,6403/6474/6555,31750309dbce47b0c7bef4a48e82f55f66484a0d
2026-07-24T14:46:29Z,6b097a8b95b7a6603c1478b3013da19f66a1575f,6555,top_heap_in_bytes,generate/flambda2,70334051939,6403/6474/6555,31750309dbce47b0c7bef4a48e82f55f66484a0d
2026-07-24T14:46:29Z,6b097a8b95b7a6603c1478b3013da19f66a1575f,6555,top_heap_in_bytes,generate/compile_phrases/cfg,21663904236,6403/6474/6555,31750309dbce47b0c7bef4a48e82f55f66484a0d
2026-07-24T14:46:29Z,6b097a8b95b7a6603c1478b3013da19f66a1575f,6555,top_heap_in_bytes,generate/assemble,19115516,6403/6474/6555,31750309dbce47b0c7bef4a48e82f55f66484a0d
2026-07-24T14:46:29Z,6b097a8b95b7a6603c1478b3013da19f66a1575f,6555,absolute_top_heap_in_bytes,<all>,192252612143,6403/6474/6555,31750309dbce47b0c7bef4a48e82f55f66484a0d
2026-07-24T14:46:29Z,6b097a8b95b7a6603c1478b3013da19f66a1575f,6555,absolute_top_heap_in_bytes,parsing,10632570560,6403/6474/6555,31750309dbce47b0c7bef4a48e82f55f66484a0d
2026-07-24T14:46:29Z,6b097a8b95b7a6603c1478b3013da19f66a1575f,6555,absolute_top_heap_in_bytes,typing,52863821740,6403/6474/6555,31750309dbce47b0c7bef4a48e82f55f66484a0d
2026-07-24T14:46:29Z,6b097a8b95b7a6603c1478b3013da19f66a1575f,6555,absolute_top_heap_in_bytes,generate/flambda2,128168523427,6403/6474/6555,31750309dbce47b0c7bef4a48e82f55f66484a0d
2026-07-24T14:46:29Z,6b097a8b95b7a6603c1478b3013da19f66a1575f,6555,absolute_top_heap_in_bytes,generate/compile_phrases/cfg,144238873708,6403/6474/6555,31750309dbce47b0c7bef4a48e82f55f66484a0d
2026-07-24T14:46:29Z,6b097a8b95b7a6603c1478b3013da19f66a1575f,6555,absolute_top_heap_in_bytes,generate/assemble,2022493369,6403/6474/6555,31750309dbce47b0c7bef4a48e82f55f66484a0d
2026-07-24T14:46:29Z,6b097a8b95b7a6603c1478b3013da19f66a1575f,6555,counter,block,2582211,6403/6474/6555,31750309dbce47b0c7bef4a48e82f55f66484a0d
2026-07-24T14:46:29Z,6b097a8b95b7a6603c1478b3013da19f66a1575f,6555,counter,instruction,15118046,6403/6474/6555,31750309dbce47b0c7bef4a48e82f55f66484a0d
2026-07-24T14:46:29Z,6b097a8b95b7a6603c1478b3013da19f66a1575f,6555,counter,move,1953523,6403/6474/6555,31750309dbce47b0c7bef4a48e82f55f66484a0d
2026-07-24T14:46:29Z,6b097a8b95b7a6603c1478b3013da19f66a1575f,6555,counter,reload,956303,6403/6474/6555,31750309dbce47b0c7bef4a48e82f55f66484a0d
2026-07-24T14:46:29Z,6b097a8b95b7a6603c1478b3013da19f66a1575f,6555,counter,spill,683773,6403/6474/6555,31750309dbce47b0c7bef4a48e82f55f66484a0d
2026-07-24T14:46:29Z,6b097a8b95b7a6603c1478b3013da19f66a1575f,6555,counter,stack_slot,453706,6403/6474/6555,31750309dbce47b0c7bef4a48e82f55f66484a0d
2026-07-24T21:13:29Z,6f7d134eda3c4abffd11219ad5cb45505047554d,6565,size_in_bytes,exe,68779352,6488/6565,6b097a8b95b7a6603c1478b3013da19f66a1575f
2026-07-24T21:13:29Z,6f7d134eda3c4abffd11219ad5cb45505047554d,6565,size_in_bytes,opt,479452664,6488/6565,6b097a8b95b7a6603c1478b3013da19f66a1575f
2026-07-24T21:13:29Z,6f7d134eda3c4abffd11219ad5cb45505047554d,6565,size_in_bytes,a,215240290,6488/6565,6b097a8b95b7a6603c1478b3013da19f66a1575f
2026-07-24T21:13:29Z,6f7d134eda3c4abffd11219ad5cb45505047554d,6565,size_in_bytes,cmxa,348707,6488/6565,6b097a8b95b7a6603c1478b3013da19f66a1575f
2026-07-24T21:13:29Z,6f7d134eda3c4abffd11219ad5cb45505047554d,6565,size_in_bytes,cma,258262668,6488/6565,6b097a8b95b7a6603c1478b3013da19f66a1575f
2026-07-24T21:13:29Z,6f7d134eda3c4abffd11219ad5cb45505047554d,6565,size_in_bytes,cmi,23703858,6488/6565,6b097a8b95b7a6603c1478b3013da19f66a1575f
2026-07-24T21:13:29Z,6f7d134eda3c4abffd11219ad5cb45505047554d,6565,size_in_bytes,cmx,152463356,6488/6565,6b097a8b95b7a6603c1478b3013da19f66a1575f
2026-07-24T21:13:29Z,6f7d134eda3c4abffd11219ad5cb45505047554d,6565,size_in_bytes,cmo,1474821,6488/6565,6b097a8b95b7a6603c1478b3013da19f66a1575f
2026-07-24T21:13:29Z,6f7d134eda3c4abffd11219ad5cb45505047554d,6565,size_in_bytes,cms,24739422,6488/6565,6b097a8b95b7a6603c1478b3013da19f66a1575f
2026-07-24T21:13:29Z,6f7d134eda3c4abffd11219ad5cb45505047554d,6565,size_in_bytes,cmsi,8372801,6488/6565,6b097a8b95b7a6603c1478b3013da19f66a1575f
2026-07-24T21:13:29Z,6f7d134eda3c4abffd11219ad5cb45505047554d,6565,size_in_bytes,cmt,604963831,6488/6565,6b097a8b95b7a6603c1478b3013da19f66a1575f
2026-07-24T21:13:29Z,6f7d134eda3c4abffd11219ad5cb45505047554d,6565,size_in_bytes,cmti,71488203,6488/6565,6b097a8b95b7a6603c1478b3013da19f66a1575f
2026-07-24T21:13:29Z,6f7d134eda3c4abffd11219ad5cb45505047554d,6565,size_in_bytes,o,4624,6488/6565,6b097a8b95b7a6603c1478b3013da19f66a1575f
2026-07-24T21:13:29Z,6f7d134eda3c4abffd11219ad5cb45505047554d,6565,time_in_seconds,<all>,2567.746,6488/6565,6b097a8b95b7a6603c1478b3013da19f66a1575f
2026-07-24T21:13:29Z,6f7d134eda3c4abffd11219ad5cb45505047554d,6565,time_in_seconds,parsing,9.659,6488/6565,6b097a8b95b7a6603c1478b3013da19f66a1575f
2026-07-24T21:13:29Z,6f7d134eda3c4abffd11219ad5cb45505047554d,6565,time_in_seconds,typing,250.896,6488/6565,6b097a8b95b7a6603c1478b3013da19f66a1575f
2026-07-24T21:13:29Z,6f7d134eda3c4abffd11219ad5cb45505047554d,6565,time_in_seconds,generate/flambda2,1104.479,6488/6565,6b097a8b95b7a6603c1478b3013da19f66a1575f
2026-07-24T21:13:29Z,6f7d134eda3c4abffd11219ad5cb45505047554d,6565,time_in_seconds,generate/compile_phrases/cfg,376.401,6488/6565,6b097a8b95b7a6603c1478b3013da19f66a1575f
2026-07-24T21:13:29Z,6f7d134eda3c4abffd11219ad5cb45505047554d,6565,time_in_seconds,generate/assemble,63.670,6488/6565,6b097a8b95b7a6603c1478b3013da19f66a1575f
2026-07-24T21:13:29Z,6f7d134eda3c4abffd11219ad5cb45505047554d,6565,alloc_in_bytes,<all>,3358795381122,6488/6565,6b097a8b95b7a6603c1478b3013da19f66a1575f
2026-07-24T21:13:29Z,6f7d134eda3c4abffd11219ad5cb45505047554d,6565,alloc_in_bytes,parsing,12886893133,6488/6565,6b097a8b95b7a6603c1478b3013da19f66a1575f
2026-07-24T21:13:29Z,6f7d134eda3c4abffd11219ad5cb45505047554d,6565,alloc_in_bytes,typing,273202207681,6488/6565,6b097a8b95b7a6603c1478b3013da19f66a1575f
2026-07-24T21:13:29Z,6f7d134eda3c4abffd11219ad5cb45505047554d,6565,alloc_in_bytes,generate/flambda2,2160472221557,6488/6565,6b097a8b95b7a6603c1478b3013da19f66a1575f
2026-07-24T21:13:29Z,6f7d134eda3c4abffd11219ad5cb45505047554d,6565,alloc_in_bytes,generate/compile_phrases/cfg,406299867964,6488/6565,6b097a8b95b7a6603c1478b3013da19f66a1575f
2026-07-24T21:13:29Z,6f7d134eda3c4abffd11219ad5cb45505047554d,6565,alloc_in_bytes,generate/assemble,438168426,6488/6565,6b097a8b95b7a6603c1478b3013da19f66a1575f
2026-07-24T21:13:29Z,6f7d134eda3c4abffd11219ad5cb45505047554d,6565,top_heap_in_bytes,<all>,147416561267,6488/6565,6b097a8b95b7a6603c1478b3013da19f66a1575f
2026-07-24T21:13:29Z,6f7d134eda3c4abffd11219ad5cb45505047554d,6565,top_heap_in_bytes,parsing,2027211484,6488/6565,6b097a8b95b7a6603c1478b3013da19f66a1575f
2026-07-24T21:13:29Z,6f7d134eda3c4abffd11219ad5cb45505047554d,6565,top_heap_in_bytes,typing,30327731909,6488/6565,6b097a8b95b7a6603c1478b3013da19f66a1575f
2026-07-24T21:13:29Z,6f7d134eda3c4abffd11219ad5cb45505047554d,6565,top_heap_in_bytes,generate/flambda2,70335289247,6488/6565,6b097a8b95b7a6603c1478b3013da19f66a1575f
2026-07-24T21:13:29Z,6f7d134eda3c4abffd11219ad5cb45505047554d,6565,top_heap_in_bytes,generate/compile_phrases/cfg,21656574679,6488/6565,6b097a8b95b7a6603c1478b3013da19f66a1575f
2026-07-24T21:13:29Z,6f7d134eda3c4abffd11219ad5cb45505047554d,6565,top_heap_in_bytes,generate/assemble,19199400,6488/6565,6b097a8b95b7a6603c1478b3013da19f66a1575f
2026-07-24T21:13:29Z,6f7d134eda3c4abffd11219ad5cb45505047554d,6565,absolute_top_heap_in_bytes,<all>,192223021343,6488/6565,6b097a8b95b7a6603c1478b3013da19f66a1575f
2026-07-24T21:13:29Z,6f7d134eda3c4abffd11219ad5cb45505047554d,6565,absolute_top_heap_in_bytes,parsing,10933060974,6488/6565,6b097a8b95b7a6603c1478b3013da19f66a1575f
2026-07-24T21:13:29Z,6f7d134eda3c4abffd11219ad5cb45505047554d,6565,absolute_top_heap_in_bytes,typing,52909036325,6488/6565,6b097a8b95b7a6603c1478b3013da19f66a1575f
2026-07-24T21:13:29Z,6f7d134eda3c4abffd11219ad5cb45505047554d,6565,absolute_top_heap_in_bytes,generate/flambda2,128019468338,6488/6565,6b097a8b95b7a6603c1478b3013da19f66a1575f
2026-07-24T21:13:29Z,6f7d134eda3c4abffd11219ad5cb45505047554d,6565,absolute_top_heap_in_bytes,generate/compile_phrases/cfg,144127787584,6488/6565,6b097a8b95b7a6603c1478b3013da19f66a1575f
2026-07-24T21:13:29Z,6f7d134eda3c4abffd11219ad5cb45505047554d,6565,absolute_top_heap_in_bytes,generate/assemble,1732981537,6488/6565,6b097a8b95b7a6603c1478b3013da19f66a1575f
2026-07-24T21:13:29Z,6f7d134eda3c4abffd11219ad5cb45505047554d,6565,counter,block,2582441,6488/6565,6b097a8b95b7a6603c1478b3013da19f66a1575f
2026-07-24T21:13:29Z,6f7d134eda3c4abffd11219ad5cb45505047554d,6565,counter,instruction,15119163,6488/6565,6b097a8b95b7a6603c1478b3013da19f66a1575f
2026-07-24T21:13:29Z,6f7d134eda3c4abffd11219ad5cb45505047554d,6565,counter,move,1953640,6488/6565,6b097a8b95b7a6603c1478b3013da19f66a1575f
2026-07-24T21:13:29Z,6f7d134eda3c4abffd11219ad5cb45505047554d,6565,counter,reload,956406,6488/6565,6b097a8b95b7a6603c1478b3013da19f66a1575f
2026-07-24T21:13:29Z,6f7d134eda3c4abffd11219ad5cb45505047554d,6565,counter,spill,683848,6488/6565,6b097a8b95b7a6603c1478b3013da19f66a1575f
2026-07-24T21:13:29Z,6f7d134eda3c4abffd11219ad5cb45505047554d,6565,counter,stack_slot,453719,6488/6565,6b097a8b95b7a6603c1478b3013da19f66a1575f
2026-07-24T21:18:18Z,898c5493b8c686bd7095840c0fb2ed115956c4d6,6447,size_in_bytes,exe,68806288,6447,6f7d134eda3c4abffd11219ad5cb45505047554d
2026-07-24T21:18:18Z,898c5493b8c686bd7095840c0fb2ed115956c4d6,6447,size_in_bytes,opt,479497024,6447,6f7d134eda3c4abffd11219ad5cb45505047554d
2026-07-24T21:18:18Z,898c5493b8c686bd7095840c0fb2ed115956c4d6,6447,size_in_bytes,a,215274336,6447,6f7d134eda3c4abffd11219ad5cb45505047554d
2026-07-24T21:18:18Z,898c5493b8c686bd7095840c0fb2ed115956c4d6,6447,size_in_bytes,cmxa,349067,6447,6f7d134eda3c4abffd11219ad5cb45505047554d
2026-07-24T21:18:18Z,898c5493b8c686bd7095840c0fb2ed115956c4d6,6447,size_in_bytes,cma,258434581,6447,6f7d134eda3c4abffd11219ad5cb45505047554d
2026-07-24T21:18:18Z,898c5493b8c686bd7095840c0fb2ed115956c4d6,6447,size_in_bytes,cmi,23711693,6447,6f7d134eda3c4abffd11219ad5cb45505047554d
2026-07-24T21:18:18Z,898c5493b8c686bd7095840c0fb2ed115956c4d6,6447,size_in_bytes,cmx,152608306,6447,6f7d134eda3c4abffd11219ad5cb45505047554d
2026-07-24T21:18:18Z,898c5493b8c686bd7095840c0fb2ed115956c4d6,6447,size_in_bytes,cmo,1471422,6447,6f7d134eda3c4abffd11219ad5cb45505047554d
2026-07-24T21:18:18Z,898c5493b8c686bd7095840c0fb2ed115956c4d6,6447,size_in_bytes,cms,24739422,6447,6f7d134eda3c4abffd11219ad5cb45505047554d
2026-07-24T21:18:18Z,898c5493b8c686bd7095840c0fb2ed115956c4d6,6447,size_in_bytes,cmsi,8372801,6447,6f7d134eda3c4abffd11219ad5cb45505047554d
2026-07-24T21:18:18Z,898c5493b8c686bd7095840c0fb2ed115956c4d6,6447,size_in_bytes,cmt,605300472,6447,6f7d134eda3c4abffd11219ad5cb45505047554d
2026-07-24T21:18:18Z,898c5493b8c686bd7095840c0fb2ed115956c4d6,6447,size_in_bytes,cmti,71520089,6447,6f7d134eda3c4abffd11219ad5cb45505047554d
2026-07-24T21:18:18Z,898c5493b8c686bd7095840c0fb2ed115956c4d6,6447,size_in_bytes,o,4624,6447,6f7d134eda3c4abffd11219ad5cb45505047554d
2026-07-24T21:18:18Z,898c5493b8c686bd7095840c0fb2ed115956c4d6,6447,time_in_seconds,<all>,2627.793,6447,6f7d134eda3c4abffd11219ad5cb45505047554d
2026-07-24T21:18:18Z,898c5493b8c686bd7095840c0fb2ed115956c4d6,6447,time_in_seconds,parsing,8.615,6447,6f7d134eda3c4abffd11219ad5cb45505047554d
2026-07-24T21:18:18Z,898c5493b8c686bd7095840c0fb2ed115956c4d6,6447,time_in_seconds,typing,237.825,6447,6f7d134eda3c4abffd11219ad5cb45505047554d
2026-07-24T21:18:18Z,898c5493b8c686bd7095840c0fb2ed115956c4d6,6447,time_in_seconds,generate/flambda2,1114.119,6447,6f7d134eda3c4abffd11219ad5cb45505047554d
2026-07-24T21:18:18Z,898c5493b8c686bd7095840c0fb2ed115956c4d6,6447,time_in_seconds,generate/compile_phrases/cfg,390.069,6447,6f7d134eda3c4abffd11219ad5cb45505047554d
2026-07-24T21:18:18Z,898c5493b8c686bd7095840c0fb2ed115956c4d6,6447,time_in_seconds,generate/assemble,70.600,6447,6f7d134eda3c4abffd11219ad5cb45505047554d
2026-07-24T21:18:18Z,898c5493b8c686bd7095840c0fb2ed115956c4d6,6447,alloc_in_bytes,<all>,3359029989516,6447,6f7d134eda3c4abffd11219ad5cb45505047554d
2026-07-24T21:18:18Z,898c5493b8c686bd7095840c0fb2ed115956c4d6,6447,alloc_in_bytes,parsing,12828739050,6447,6f7d134eda3c4abffd11219ad5cb45505047554d
2026-07-24T21:18:18Z,898c5493b8c686bd7095840c0fb2ed115956c4d6,6447,alloc_in_bytes,typing,273317498608,6447,6f7d134eda3c4abffd11219ad5cb45505047554d
2026-07-24T21:18:18Z,898c5493b8c686bd7095840c0fb2ed115956c4d6,6447,alloc_in_bytes,generate/flambda2,2160889219257,6447,6f7d134eda3c4abffd11219ad5cb45505047554d
2026-07-24T21:18:18Z,898c5493b8c686bd7095840c0fb2ed115956c4d6,6447,alloc_in_bytes,generate/compile_phrases/cfg,406303244394,6447,6f7d134eda3c4abffd11219ad5cb45505047554d
2026-07-24T21:18:18Z,898c5493b8c686bd7095840c0fb2ed115956c4d6,6447,alloc_in_bytes,generate/assemble,438157944,6447,6f7d134eda3c4abffd11219ad5cb45505047554d
2026-07-24T21:18:18Z,898c5493b8c686bd7095840c0fb2ed115956c4d6,6447,top_heap_in_bytes,<all>,147521775398,6447,6f7d134eda3c4abffd11219ad5cb45505047554d
2026-07-24T21:18:18Z,898c5493b8c686bd7095840c0fb2ed115956c4d6,6447,top_heap_in_bytes,parsing,2038410277,6447,6f7d134eda3c4abffd11219ad5cb45505047554d
2026-07-24T21:18:18Z,898c5493b8c686bd7095840c0fb2ed115956c4d6,6447,top_heap_in_bytes,typing,30328329613,6447,6f7d134eda3c4abffd11219ad5cb45505047554d
2026-07-24T21:18:18Z,898c5493b8c686bd7095840c0fb2ed115956c4d6,6447,top_heap_in_bytes,generate/flambda2,70388756113,6447,6f7d134eda3c4abffd11219ad5cb45505047554d
2026-07-24T21:18:18Z,898c5493b8c686bd7095840c0fb2ed115956c4d6,6447,top_heap_in_bytes,generate/compile_phrases/cfg,21689070074,6447,6f7d134eda3c4abffd11219ad5cb45505047554d
2026-07-24T21:18:18Z,898c5493b8c686bd7095840c0fb2ed115956c4d6,6447,top_heap_in_bytes,generate/assemble,20635951,6447,6f7d134eda3c4abffd11219ad5cb45505047554d
2026-07-24T21:18:18Z,898c5493b8c686bd7095840c0fb2ed115956c4d6,6447,absolute_top_heap_in_bytes,<all>,192307337359,6447,6f7d134eda3c4abffd11219ad5cb45505047554d
2026-07-24T21:18:18Z,898c5493b8c686bd7095840c0fb2ed115956c4d6,6447,absolute_top_heap_in_bytes,parsing,11290195462,6447,6f7d134eda3c4abffd11219ad5cb45505047554d
2026-07-24T21:18:18Z,898c5493b8c686bd7095840c0fb2ed115956c4d6,6447,absolute_top_heap_in_bytes,typing,53220578764,6447,6f7d134eda3c4abffd11219ad5cb45505047554d
2026-07-24T21:18:18Z,898c5493b8c686bd7095840c0fb2ed115956c4d6,6447,absolute_top_heap_in_bytes,generate/flambda2,128630976888,6447,6f7d134eda3c4abffd11219ad5cb45505047554d
2026-07-24T21:18:18Z,898c5493b8c686bd7095840c0fb2ed115956c4d6,6447,absolute_top_heap_in_bytes,generate/compile_phrases/cfg,143901693594,6447,6f7d134eda3c4abffd11219ad5cb45505047554d
2026-07-24T21:18:18Z,898c5493b8c686bd7095840c0fb2ed115956c4d6,6447,absolute_top_heap_in_bytes,generate/assemble,1747766456,6447,6f7d134eda3c4abffd11219ad5cb45505047554d
2026-07-24T21:18:18Z,898c5493b8c686bd7095840c0fb2ed115956c4d6,6447,counter,block,2582587,6447,6f7d134eda3c4abffd11219ad5cb45505047554d
2026-07-24T21:18:18Z,898c5493b8c686bd7095840c0fb2ed115956c4d6,6447,counter,instruction,15119799,6447,6f7d134eda3c4abffd11219ad5cb45505047554d
2026-07-24T21:18:18Z,898c5493b8c686bd7095840c0fb2ed115956c4d6,6447,counter,move,1953711,6447,6f7d134eda3c4abffd11219ad5cb45505047554d
2026-07-24T21:18:18Z,898c5493b8c686bd7095840c0fb2ed115956c4d6,6447,counter,reload,956444,6447,6f7d134eda3c4abffd11219ad5cb45505047554d
2026-07-24T21:18:18Z,898c5493b8c686bd7095840c0fb2ed115956c4d6,6447,counter,spill,683879,6447,6f7d134eda3c4abffd11219ad5cb45505047554d
2026-07-24T21:18:18Z,898c5493b8c686bd7095840c0fb2ed115956c4d6,6447,counter,stack_slot,453744,6447,6f7d134eda3c4abffd11219ad5cb45505047554d
2026-07-24T08:32:38Z,983517318ba02ab8c25dcbddfa6bd524f946a258,6554,size_in_bytes,exe,68723912,6554,c0fe3fa84b43caf656d91b90399e6de6d103a37f
2026-07-24T08:32:38Z,983517318ba02ab8c25dcbddfa6bd524f946a258,6554,size_in_bytes,opt,479061128,6554,c0fe3fa84b43caf656d91b90399e6de6d103a37f
2026-07-24T08:32:38Z,983517318ba02ab8c25dcbddfa6bd524f946a258,6554,size_in_bytes,a,215131900,6554,c0fe3fa84b43caf656d91b90399e6de6d103a37f
2026-07-24T08:32:38Z,983517318ba02ab8c25dcbddfa6bd524f946a258,6554,size_in_bytes,cmxa,348586,6554,c0fe3fa84b43caf656d91b90399e6de6d103a37f
2026-07-24T08:32:38Z,983517318ba02ab8c25dcbddfa6bd524f946a258,6554,size_in_bytes,cma,258099646,6554,c0fe3fa84b43caf656d91b90399e6de6d103a37f
2026-07-24T08:32:38Z,983517318ba02ab8c25dcbddfa6bd524f946a258,6554,size_in_bytes,cmi,23694232,6554,c0fe3fa84b43caf656d91b90399e6de6d103a37f
2026-07-24T08:32:38Z,983517318ba02ab8c25dcbddfa6bd524f946a258,6554,size_in_bytes,cmx,152325628,6554,c0fe3fa84b43caf656d91b90399e6de6d103a37f
2026-07-24T08:32:38Z,983517318ba02ab8c25dcbddfa6bd524f946a258,6554,size_in_bytes,cmo,1474821,6554,c0fe3fa84b43caf656d91b90399e6de6d103a37f
2026-07-24T08:32:38Z,983517318ba02ab8c25dcbddfa6bd524f946a258,6554,size_in_bytes,cms,24735382,6554,c0fe3fa84b43caf656d91b90399e6de6d103a37f
2026-07-24T08:32:38Z,983517318ba02ab8c25dcbddfa6bd524f946a258,6554,size_in_bytes,cmsi,8372067,6554,c0fe3fa84b43caf656d91b90399e6de6d103a37f
2026-07-24T08:32:38Z,983517318ba02ab8c25dcbddfa6bd524f946a258,6554,size_in_bytes,cmt,604363975,6554,c0fe3fa84b43caf656d91b90399e6de6d103a37f
2026-07-24T08:32:38Z,983517318ba02ab8c25dcbddfa6bd524f946a258,6554,size_in_bytes,cmti,71455901,6554,c0fe3fa84b43caf656d91b90399e6de6d103a37f
2026-07-24T08:32:38Z,983517318ba02ab8c25dcbddfa6bd524f946a258,6554,size_in_bytes,o,4624,6554,c0fe3fa84b43caf656d91b90399e6de6d103a37f
2026-07-24T08:32:38Z,983517318ba02ab8c25dcbddfa6bd524f946a258,6554,time_in_seconds,<all>,2380.576,6554,c0fe3fa84b43caf656d91b90399e6de6d103a37f
2026-07-24T08:32:38Z,983517318ba02ab8c25dcbddfa6bd524f946a258,6554,time_in_seconds,parsing,8.247,6554,c0fe3fa84b43caf656d91b90399e6de6d103a37f
2026-07-24T08:32:38Z,983517318ba02ab8c25dcbddfa6bd524f946a258,6554,time_in_seconds,typing,217.993,6554,c0fe3fa84b43caf656d91b90399e6de6d103a37f
2026-07-24T08:32:38Z,983517318ba02ab8c25dcbddfa6bd524f946a258,6554,time_in_seconds,generate/flambda2,1015.976,6554,c0fe3fa84b43caf656d91b90399e6de6d103a37f
2026-07-24T08:32:38Z,983517318ba02ab8c25dcbddfa6bd524f946a258,6554,time_in_seconds,generate/compile_phrases/cfg,353.247,6554,c0fe3fa84b43caf656d91b90399e6de6d103a37f
2026-07-24T08:32:38Z,983517318ba02ab8c25dcbddfa6bd524f946a258,6554,time_in_seconds,generate/assemble,59.669,6554,c0fe3fa84b43caf656d91b90399e6de6d103a37f
2026-07-24T08:32:38Z,983517318ba02ab8c25dcbddfa6bd524f946a258,6554,alloc_in_bytes,<all>,3355635769984,6554,c0fe3fa84b43caf656d91b90399e6de6d103a37f
2026-07-24T08:32:38Z,983517318ba02ab8c25dcbddfa6bd524f946a258,6554,alloc_in_bytes,parsing,12852793448,6554,c0fe3fa84b43caf656d91b90399e6de6d103a37f
2026-07-24T08:32:38Z,983517318ba02ab8c25dcbddfa6bd524f946a258,6554,alloc_in_bytes,typing,273072551262,6554,c0fe3fa84b43caf656d91b90399e6de6d103a37f
2026-07-24T08:32:38Z,983517318ba02ab8c25dcbddfa6bd524f946a258,6554,alloc_in_bytes,generate/flambda2,2158582729546,6554,c0fe3fa84b43caf656d91b90399e6de6d103a37f
2026-07-24T08:32:38Z,983517318ba02ab8c25dcbddfa6bd524f946a258,6554,alloc_in_bytes,generate/compile_phrases/cfg,405822052894,6554,c0fe3fa84b43caf656d91b90399e6de6d103a37f
2026-07-24T08:32:38Z,983517318ba02ab8c25dcbddfa6bd524f946a258,6554,alloc_in_bytes,generate/assemble,408210611,6554,c0fe3fa84b43caf656d91b90399e6de6d103a37f
2026-07-24T08:32:38Z,983517318ba02ab8c25dcbddfa6bd524f946a258,6554,top_heap_in_bytes,<all>,147190184214,6554,c0fe3fa84b43caf656d91b90399e6de6d103a37f
2026-07-24T08:32:38Z,983517318ba02ab8c25dcbddfa6bd524f946a258,6554,top_heap_in_bytes,parsing,2042206135,6554,c0fe3fa84b43caf656d91b90399e6de6d103a37f
2026-07-24T08:32:38Z,983517318ba02ab8c25dcbddfa6bd524f946a258,6554,top_heap_in_bytes,typing,30313869744,6554,c0fe3fa84b43caf656d91b90399e6de6d103a37f
2026-07-24T08:32:38Z,983517318ba02ab8c25dcbddfa6bd524f946a258,6554,top_heap_in_bytes,generate/flambda2,70283772710,6554,c0fe3fa84b43caf656d91b90399e6de6d103a37f
2026-07-24T08:32:38Z,983517318ba02ab8c25dcbddfa6bd524f946a258,6554,top_heap_in_bytes,generate/compile_phrases/cfg,21544146414,6554,c0fe3fa84b43caf656d91b90399e6de6d103a37f
2026-07-24T08:32:38Z,983517318ba02ab8c25dcbddfa6bd524f946a258,6554,top_heap_in_bytes,generate/assemble,18863856,6554,c0fe3fa84b43caf656d91b90399e6de6d103a37f
2026-07-24T08:32:38Z,983517318ba02ab8c25dcbddfa6bd524f946a258,6554,absolute_top_heap_in_bytes,<all>,191369386096,6554,c0fe3fa84b43caf656d91b90399e6de6d103a37f
2026-07-24T08:32:38Z,983517318ba02ab8c25dcbddfa6bd524f946a258,6554,absolute_top_heap_in_bytes,parsing,11314952351,6554,c0fe3fa84b43caf656d91b90399e6de6d103a37f
2026-07-24T08:32:38Z,983517318ba02ab8c25dcbddfa6bd524f946a258,6554,absolute_top_heap_in_bytes,typing,52946030127,6554,c0fe3fa84b43caf656d91b90399e6de6d103a37f
2026-07-24T08:32:38Z,983517318ba02ab8c25dcbddfa6bd524f946a258,6554,absolute_top_heap_in_bytes,generate/flambda2,127863125681,6554,c0fe3fa84b43caf656d91b90399e6de6d103a37f
2026-07-24T08:32:38Z,983517318ba02ab8c25dcbddfa6bd524f946a258,6554,absolute_top_heap_in_bytes,generate/compile_phrases/cfg,143951259797,6554,c0fe3fa84b43caf656d91b90399e6de6d103a37f
2026-07-24T08:32:38Z,983517318ba02ab8c25dcbddfa6bd524f946a258,6554,absolute_top_heap_in_bytes,generate/assemble,1721971487,6554,c0fe3fa84b43caf656d91b90399e6de6d103a37f
2026-07-24T08:32:38Z,983517318ba02ab8c25dcbddfa6bd524f946a258,6554,counter,block,2579480,6554,c0fe3fa84b43caf656d91b90399e6de6d103a37f
2026-07-24T08:32:38Z,983517318ba02ab8c25dcbddfa6bd524f946a258,6554,counter,instruction,15103796,6554,c0fe3fa84b43caf656d91b90399e6de6d103a37f
2026-07-24T08:32:38Z,983517318ba02ab8c25dcbddfa6bd524f946a258,6554,counter,move,1951751,6554,c0fe3fa84b43caf656d91b90399e6de6d103a37f
2026-07-24T08:32:38Z,983517318ba02ab8c25dcbddfa6bd524f946a258,6554,counter,reload,955710,6554,c0fe3fa84b43caf656d91b90399e6de6d103a37f
2026-07-24T08:32:38Z,983517318ba02ab8c25dcbddfa6bd524f946a258,6554,counter,spill,683341,6554,c0fe3fa84b43caf656d91b90399e6de6d103a37f
2026-07-24T08:32:38Z,983517318ba02ab8c25dcbddfa6bd524f946a258,6554,counter,stack_slot,453387,6554,c0fe3fa84b43caf656d91b90399e6de6d103a37f
2026-07-24T08:57:58Z,9a20a5f8100db019783f1b4eec2fee13b515fac5,6468,size_in_bytes,exe,68758608,6468,4fa66e7982a37fba4730f4e8463ce354717d1478
2026-07-24T08:57:58Z,9a20a5f8100db019783f1b4eec2fee13b515fac5,6468,size_in_bytes,opt,479420448,6468,4fa66e7982a37fba4730f4e8463ce354717d1478
2026-07-24T08:57:58Z,9a20a5f8100db019783f1b4eec2fee13b515fac5,6468,size_in_bytes,a,215190474,6468,4fa66e7982a37fba4730f4e8463ce354717d1478
2026-07-24T08:57:58Z,9a20a5f8100db019783f1b4eec2fee13b515fac5,6468,size_in_bytes,cmxa,348650,6468,4fa66e7982a37fba4730f4e8463ce354717d1478
2026-07-24T08:57:58Z,9a20a5f8100db019783f1b4eec2fee13b515fac5,6468,size_in_bytes,cma,258222061,6468,4fa66e7982a37fba4730f4e8463ce354717d1478
2026-07-24T08:57:58Z,9a20a5f8100db019783f1b4eec2fee13b515fac5,6468,size_in_bytes,cmi,23701182,6468,4fa66e7982a37fba4730f4e8463ce354717d1478
2026-07-24T08:57:58Z,9a20a5f8100db019783f1b4eec2fee13b515fac5,6468,size_in_bytes,cmx,152404780,6468,4fa66e7982a37fba4730f4e8463ce354717d1478
2026-07-24T08:57:58Z,9a20a5f8100db019783f1b4eec2fee13b515fac5,6468,size_in_bytes,cmo,1474821,6468,4fa66e7982a37fba4730f4e8463ce354717d1478
2026-07-24T08:57:58Z,9a20a5f8100db019783f1b4eec2fee13b515fac5,6468,size_in_bytes,cms,24738059,6468,4fa66e7982a37fba4730f4e8463ce354717d1478
2026-07-24T08:57:58Z,9a20a5f8100db019783f1b4eec2fee13b515fac5,6468,size_in_bytes,cmsi,8372067,6468,4fa66e7982a37fba4730f4e8463ce354717d1478
2026-07-24T08:57:58Z,9a20a5f8100db019783f1b4eec2fee13b515fac5,6468,size_in_bytes,cmt,604810095,6468,4fa66e7982a37fba4730f4e8463ce354717d1478
2026-07-24T08:57:58Z,9a20a5f8100db019783f1b4eec2fee13b515fac5,6468,size_in_bytes,cmti,71478087,6468,4fa66e7982a37fba4730f4e8463ce354717d1478
2026-07-24T08:57:58Z,9a20a5f8100db019783f1b4eec2fee13b515fac5,6468,size_in_bytes,o,4624,6468,4fa66e7982a37fba4730f4e8463ce354717d1478
2026-07-24T08:57:58Z,9a20a5f8100db019783f1b4eec2fee13b515fac5,6468,time_in_seconds,<all>,2283.239,6468,4fa66e7982a37fba4730f4e8463ce354717d1478
2026-07-24T08:57:58Z,9a20a5f8100db019783f1b4eec2fee13b515fac5,6468,time_in_seconds,parsing,7.981,6468,4fa66e7982a37fba4730f4e8463ce354717d1478
2026-07-24T08:57:58Z,9a20a5f8100db019783f1b4eec2fee13b515fac5,6468,time_in_seconds,typing,198.020,6468,4fa66e7982a37fba4730f4e8463ce354717d1478
2026-07-24T08:57:58Z,9a20a5f8100db019783f1b4eec2fee13b515fac5,6468,time_in_seconds,generate/flambda2,981.001,6468,4fa66e7982a37fba4730f4e8463ce354717d1478
2026-07-24T08:57:58Z,9a20a5f8100db019783f1b4eec2fee13b515fac5,6468,time_in_seconds,generate/compile_phrases/cfg,339.023,6468,4fa66e7982a37fba4730f4e8463ce354717d1478
2026-07-24T08:57:58Z,9a20a5f8100db019783f1b4eec2fee13b515fac5,6468,time_in_seconds,generate/assemble,57.126,6468,4fa66e7982a37fba4730f4e8463ce354717d1478
2026-07-24T08:57:58Z,9a20a5f8100db019783f1b4eec2fee13b515fac5,6468,alloc_in_bytes,<all>,3358556903487,6468,4fa66e7982a37fba4730f4e8463ce354717d1478
2026-07-24T08:57:58Z,9a20a5f8100db019783f1b4eec2fee13b515fac5,6468,alloc_in_bytes,parsing,12849930829,6468,4fa66e7982a37fba4730f4e8463ce354717d1478
2026-07-24T08:57:58Z,9a20a5f8100db019783f1b4eec2fee13b515fac5,6468,alloc_in_bytes,typing,273204829121,6468,4fa66e7982a37fba4730f4e8463ce354717d1478
2026-07-24T08:57:58Z,9a20a5f8100db019783f1b4eec2fee13b515fac5,6468,alloc_in_bytes,generate/flambda2,2160525719897,6468,4fa66e7982a37fba4730f4e8463ce354717d1478
2026-07-24T08:57:58Z,9a20a5f8100db019783f1b4eec2fee13b515fac5,6468,alloc_in_bytes,generate/compile_phrases/cfg,406070638798,6468,4fa66e7982a37fba4730f4e8463ce354717d1478
2026-07-24T08:57:58Z,9a20a5f8100db019783f1b4eec2fee13b515fac5,6468,alloc_in_bytes,generate/assemble,408210611,6468,4fa66e7982a37fba4730f4e8463ce354717d1478
2026-07-24T08:57:58Z,9a20a5f8100db019783f1b4eec2fee13b515fac5,6468,top_heap_in_bytes,<all>,147363891291,6468,4fa66e7982a37fba4730f4e8463ce354717d1478
2026-07-24T08:57:58Z,9a20a5f8100db019783f1b4eec2fee13b515fac5,6468,top_heap_in_bytes,parsing,2039710523,6468,4fa66e7982a37fba4730f4e8463ce354717d1478
2026-07-24T08:57:58Z,9a20a5f8100db019783f1b4eec2fee13b515fac5,6468,top_heap_in_bytes,typing,30329808090,6468,4fa66e7982a37fba4730f4e8463ce354717d1478
2026-07-24T08:57:58Z,9a20a5f8100db019783f1b4eec2fee13b515fac5,6468,top_heap_in_bytes,generate/flambda2,70335635279,6468,4fa66e7982a37fba4730f4e8463ce354717d1478
2026-07-24T08:57:58Z,9a20a5f8100db019783f1b4eec2fee13b515fac5,6468,top_heap_in_bytes,generate/compile_phrases/cfg,21584998917,6468,4fa66e7982a37fba4730f4e8463ce354717d1478
2026-07-24T08:57:58Z,9a20a5f8100db019783f1b4eec2fee13b515fac5,6468,top_heap_in_bytes,generate/assemble,18895313,6468,4fa66e7982a37fba4730f4e8463ce354717d1478
2026-07-24T08:57:58Z,9a20a5f8100db019783f1b4eec2fee13b515fac5,6468,absolute_top_heap_in_bytes,<all>,191544267611,6468,4fa66e7982a37fba4730f4e8463ce354717d1478
2026-07-24T08:57:58Z,9a20a5f8100db019783f1b4eec2fee13b515fac5,6468,absolute_top_heap_in_bytes,parsing,11320551743,6468,4fa66e7982a37fba4730f4e8463ce354717d1478
2026-07-24T08:57:58Z,9a20a5f8100db019783f1b4eec2fee13b515fac5,6468,absolute_top_heap_in_bytes,typing,52976617088,6468,4fa66e7982a37fba4730f4e8463ce354717d1478
2026-07-24T08:57:58Z,9a20a5f8100db019783f1b4eec2fee13b515fac5,6468,absolute_top_heap_in_bytes,generate/flambda2,127992425586,6468,4fa66e7982a37fba4730f4e8463ce354717d1478
2026-07-24T08:57:58Z,9a20a5f8100db019783f1b4eec2fee13b515fac5,6468,absolute_top_heap_in_bytes,generate/compile_phrases/cfg,144060552873,6468,4fa66e7982a37fba4730f4e8463ce354717d1478
2026-07-24T08:57:58Z,9a20a5f8100db019783f1b4eec2fee13b515fac5,6468,absolute_top_heap_in_bytes,generate/assemble,1721761772,6468,4fa66e7982a37fba4730f4e8463ce354717d1478
2026-07-24T08:57:58Z,9a20a5f8100db019783f1b4eec2fee13b515fac5,6468,counter,block,2582173,6468,4fa66e7982a37fba4730f4e8463ce354717d1478
2026-07-24T08:57:58Z,9a20a5f8100db019783f1b4eec2fee13b515fac5,6468,counter,instruction,15118004,6468,4fa66e7982a37fba4730f4e8463ce354717d1478
2026-07-24T08:57:58Z,9a20a5f8100db019783f1b4eec2fee13b515fac5,6468,counter,move,1953495,6468,4fa66e7982a37fba4730f4e8463ce354717d1478
2026-07-24T08:57:58Z,9a20a5f8100db019783f1b4eec2fee13b515fac5,6468,counter,reload,956396,6468,4fa66e7982a37fba4730f4e8463ce354717d1478
2026-07-24T08:57:58Z,9a20a5f8100db019783f1b4eec2fee13b515fac5,6468,counter,spill,683801,6468,4fa66e7982a37fba4730f4e8463ce354717d1478
2026-07-24T08:57:58Z,9a20a5f8100db019783f1b4eec2fee13b515fac5,6468,counter,stack_slot,453691,6468,4fa66e7982a37fba4730f4e8463ce354717d1478
2026-07-24T08:35:35Z,a7690d5b94013fa7e37c4c2bc6f754d01b3f5cf2,6552,size_in_bytes,exe,68724160,6472/6552,983517318ba02ab8c25dcbddfa6bd524f946a258
2026-07-24T08:35:35Z,a7690d5b94013fa7e37c4c2bc6f754d01b3f5cf2,6552,size_in_bytes,opt,479061376,6472/6552,983517318ba02ab8c25dcbddfa6bd524f946a258
2026-07-24T08:35:35Z,a7690d5b94013fa7e37c4c2bc6f754d01b3f5cf2,6552,size_in_bytes,a,215133966,6472/6552,983517318ba02ab8c25dcbddfa6bd524f946a258
2026-07-24T08:35:35Z,a7690d5b94013fa7e37c4c2bc6f754d01b3f5cf2,6552,size_in_bytes,cmxa,348586,6472/6552,983517318ba02ab8c25dcbddfa6bd524f946a258
2026-07-24T08:35:35Z,a7690d5b94013fa7e37c4c2bc6f754d01b3f5cf2,6552,size_in_bytes,cma,258102716,6472/6552,983517318ba02ab8c25dcbddfa6bd524f946a258
2026-07-24T08:35:35Z,a7690d5b94013fa7e37c4c2bc6f754d01b3f5cf2,6552,size_in_bytes,cmi,23694232,6472/6552,983517318ba02ab8c25dcbddfa6bd524f946a258
2026-07-24T08:35:35Z,a7690d5b94013fa7e37c4c2bc6f754d01b3f5cf2,6552,size_in_bytes,cmx,152329857,6472/6552,983517318ba02ab8c25dcbddfa6bd524f946a258
2026-07-24T08:35:35Z,a7690d5b94013fa7e37c4c2bc6f754d01b3f5cf2,6552,size_in_bytes,cmo,1474821,6472/6552,983517318ba02ab8c25dcbddfa6bd524f946a258
2026-07-24T08:35:35Z,a7690d5b94013fa7e37c4c2bc6f754d01b3f5cf2,6552,size_in_bytes,cms,24735382,6472/6552,983517318ba02ab8c25dcbddfa6bd524f946a258
2026-07-24T08:35:35Z,a7690d5b94013fa7e37c4c2bc6f754d01b3f5cf2,6552,size_in_bytes,cmsi,8372067,6472/6552,983517318ba02ab8c25dcbddfa6bd524f946a258
2026-07-24T08:35:35Z,a7690d5b94013fa7e37c4c2bc6f754d01b3f5cf2,6552,size_in_bytes,cmt,604379115,6472/6552,983517318ba02ab8c25dcbddfa6bd524f946a258
2026-07-24T08:35:35Z,a7690d5b94013fa7e37c4c2bc6f754d01b3f5cf2,6552,size_in_bytes,cmti,71455901,6472/6552,983517318ba02ab8c25dcbddfa6bd524f946a258
2026-07-24T08:35:35Z,a7690d5b94013fa7e37c4c2bc6f754d01b3f5cf2,6552,size_in_bytes,o,4624,6472/6552,983517318ba02ab8c25dcbddfa6bd524f946a258
2026-07-24T08:35:35Z,a7690d5b94013fa7e37c4c2bc6f754d01b3f5cf2,6552,time_in_seconds,<all>,2584.985,6472/6552,983517318ba02ab8c25dcbddfa6bd524f946a258
2026-07-24T08:35:35Z,a7690d5b94013fa7e37c4c2bc6f754d01b3f5cf2,6552,time_in_seconds,parsing,9.037,6472/6552,983517318ba02ab8c25dcbddfa6bd524f946a258
2026-07-24T08:35:35Z,a7690d5b94013fa7e37c4c2bc6f754d01b3f5cf2,6552,time_in_seconds,typing,234.399,6472/6552,983517318ba02ab8c25dcbddfa6bd524f946a258
2026-07-24T08:35:35Z,a7690d5b94013fa7e37c4c2bc6f754d01b3f5cf2,6552,time_in_seconds,generate/flambda2,1106.525,6472/6552,983517318ba02ab8c25dcbddfa6bd524f946a258
2026-07-24T08:35:35Z,a7690d5b94013fa7e37c4c2bc6f754d01b3f5cf2,6552,time_in_seconds,generate/compile_phrases/cfg,379.025,6472/6552,983517318ba02ab8c25dcbddfa6bd524f946a258
2026-07-24T08:35:35Z,a7690d5b94013fa7e37c4c2bc6f754d01b3f5cf2,6552,time_in_seconds,generate/assemble,67.473,6472/6552,983517318ba02ab8c25dcbddfa6bd524f946a258
2026-07-24T08:35:35Z,a7690d5b94013fa7e37c4c2bc6f754d01b3f5cf2,6552,alloc_in_bytes,<all>,3355670110850,6472/6552,983517318ba02ab8c25dcbddfa6bd524f946a258
2026-07-24T08:35:35Z,a7690d5b94013fa7e37c4c2bc6f754d01b3f5cf2,6552,alloc_in_bytes,parsing,12859955222,6472/6552,983517318ba02ab8c25dcbddfa6bd524f946a258
2026-07-24T08:35:35Z,a7690d5b94013fa7e37c4c2bc6f754d01b3f5cf2,6552,alloc_in_bytes,typing,273084546972,6472/6552,983517318ba02ab8c25dcbddfa6bd524f946a258
2026-07-24T08:35:35Z,a7690d5b94013fa7e37c4c2bc6f754d01b3f5cf2,6552,alloc_in_bytes,generate/flambda2,2158501349566,6472/6552,983517318ba02ab8c25dcbddfa6bd524f946a258
2026-07-24T08:35:35Z,a7690d5b94013fa7e37c4c2bc6f754d01b3f5cf2,6552,alloc_in_bytes,generate/compile_phrases/cfg,405791088443,6472/6552,983517318ba02ab8c25dcbddfa6bd524f946a258
2026-07-24T08:35:35Z,a7690d5b94013fa7e37c4c2bc6f754d01b3f5cf2,6552,alloc_in_bytes,generate/assemble,408210611,6472/6552,983517318ba02ab8c25dcbddfa6bd524f946a258
2026-07-24T08:35:35Z,a7690d5b94013fa7e37c4c2bc6f754d01b3f5cf2,6552,top_heap_in_bytes,<all>,147180935774,6472/6552,983517318ba02ab8c25dcbddfa6bd524f946a258
2026-07-24T08:35:35Z,a7690d5b94013fa7e37c4c2bc6f754d01b3f5cf2,6552,top_heap_in_bytes,parsing,2039867805,6472/6552,983517318ba02ab8c25dcbddfa6bd524f946a258
2026-07-24T08:35:35Z,a7690d5b94013fa7e37c4c2bc6f754d01b3f5cf2,6552,top_heap_in_bytes,typing,30312821174,6472/6552,983517318ba02ab8c25dcbddfa6bd524f946a258
2026-07-24T08:35:35Z,a7690d5b94013fa7e37c4c2bc6f754d01b3f5cf2,6552,top_heap_in_bytes,generate/flambda2,70271042993,6472/6552,983517318ba02ab8c25dcbddfa6bd524f946a258
2026-07-24T08:35:35Z,a7690d5b94013fa7e37c4c2bc6f754d01b3f5cf2,6552,top_heap_in_bytes,generate/compile_phrases/cfg,21555355678,6472/6552,983517318ba02ab8c25dcbddfa6bd524f946a258
2026-07-24T08:35:35Z,a7690d5b94013fa7e37c4c2bc6f754d01b3f5cf2,6552,top_heap_in_bytes,generate/assemble,18832399,6472/6552,983517318ba02ab8c25dcbddfa6bd524f946a258
2026-07-24T08:35:35Z,a7690d5b94013fa7e37c4c2bc6f754d01b3f5cf2,6552,absolute_top_heap_in_bytes,<all>,191340351030,6472/6552,983517318ba02ab8c25dcbddfa6bd524f946a258
2026-07-24T08:35:35Z,a7690d5b94013fa7e37c4c2bc6f754d01b3f5cf2,6552,absolute_top_heap_in_bytes,parsing,11360785603,6472/6552,983517318ba02ab8c25dcbddfa6bd524f946a258
2026-07-24T08:35:35Z,a7690d5b94013fa7e37c4c2bc6f754d01b3f5cf2,6552,absolute_top_heap_in_bytes,typing,52940860651,6472/6552,983517318ba02ab8c25dcbddfa6bd524f946a258
2026-07-24T08:35:35Z,a7690d5b94013fa7e37c4c2bc6f754d01b3f5cf2,6552,absolute_top_heap_in_bytes,generate/flambda2,127867099784,6472/6552,983517318ba02ab8c25dcbddfa6bd524f946a258
2026-07-24T08:35:35Z,a7690d5b94013fa7e37c4c2bc6f754d01b3f5cf2,6552,absolute_top_heap_in_bytes,generate/compile_phrases/cfg,143969096075,6472/6552,983517318ba02ab8c25dcbddfa6bd524f946a258
2026-07-24T08:35:35Z,a7690d5b94013fa7e37c4c2bc6f754d01b3f5cf2,6552,absolute_top_heap_in_bytes,generate/assemble,1721971487,6472/6552,983517318ba02ab8c25dcbddfa6bd524f946a258
2026-07-24T08:35:35Z,a7690d5b94013fa7e37c4c2bc6f754d01b3f5cf2,6552,counter,block,2579474,6472/6552,983517318ba02ab8c25dcbddfa6bd524f946a258
2026-07-24T08:35:35Z,a7690d5b94013fa7e37c4c2bc6f754d01b3f5cf2,6552,counter,instruction,15104032,6472/6552,983517318ba02ab8c25dcbddfa6bd524f946a258
2026-07-24T08:35:35Z,a7690d5b94013fa7e37c4c2bc6f754d01b3f5cf2,6552,counter,move,1951747,6472/6552,983517318ba02ab8c25dcbddfa6bd524f946a258
2026-07-24T08:35:35Z,a7690d5b94013fa7e37c4c2bc6f754d01b3f5cf2,6552,counter,reload,955852,6472/6552,983517318ba02ab8c25dcbddfa6bd524f946a258
2026-07-24T08:35:35Z,a7690d5b94013fa7e37c4c2bc6f754d01b3f5cf2,6552,counter,spill,683345,6472/6552,983517318ba02ab8c25dcbddfa6bd524f946a258
2026-07-24T08:35:35Z,a7690d5b94013fa7e37c4c2bc6f754d01b3f5cf2,6552,counter,stack_slot,453389,6472/6552,983517318ba02ab8c25dcbddfa6bd524f946a258
2026-07-24T08:39:22Z,cb316eb76ab3592ac02e087ba2b5773ba9dc4b2b,6469,size_in_bytes,exe,68724376,6469,a7690d5b94013fa7e37c4c2bc6f754d01b3f5cf2
2026-07-24T08:39:22Z,cb316eb76ab3592ac02e087ba2b5773ba9dc4b2b,6469,size_in_bytes,opt,479061592,6469,a7690d5b94013fa7e37c4c2bc6f754d01b3f5cf2
2026-07-24T08:39:22Z,cb316eb76ab3592ac02e087ba2b5773ba9dc4b2b,6469,size_in_bytes,a,215134604,6469,a7690d5b94013fa7e37c4c2bc6f754d01b3f5cf2
2026-07-24T08:39:22Z,cb316eb76ab3592ac02e087ba2b5773ba9dc4b2b,6469,size_in_bytes,cmxa,348586,6469,a7690d5b94013fa7e37c4c2bc6f754d01b3f5cf2
2026-07-24T08:39:22Z,cb316eb76ab3592ac02e087ba2b5773ba9dc4b2b,6469,size_in_bytes,cma,258104216,6469,a7690d5b94013fa7e37c4c2bc6f754d01b3f5cf2
2026-07-24T08:39:22Z,cb316eb76ab3592ac02e087ba2b5773ba9dc4b2b,6469,size_in_bytes,cmi,23694496,6469,a7690d5b94013fa7e37c4c2bc6f754d01b3f5cf2
2026-07-24T08:39:22Z,cb316eb76ab3592ac02e087ba2b5773ba9dc4b2b,6469,size_in_bytes,cmx,152332472,6469,a7690d5b94013fa7e37c4c2bc6f754d01b3f5cf2
2026-07-24T08:39:22Z,cb316eb76ab3592ac02e087ba2b5773ba9dc4b2b,6469,size_in_bytes,cmo,1474821,6469,a7690d5b94013fa7e37c4c2bc6f754d01b3f5cf2
2026-07-24T08:39:22Z,cb316eb76ab3592ac02e087ba2b5773ba9dc4b2b,6469,size_in_bytes,cms,24735382,6469,a7690d5b94013fa7e37c4c2bc6f754d01b3f5cf2
2026-07-24T08:39:22Z,cb316eb76ab3592ac02e087ba2b5773ba9dc4b2b,6469,size_in_bytes,cmsi,8372067,6469,a7690d5b94013fa7e37c4c2bc6f754d01b3f5cf2
2026-07-24T08:39:22Z,cb316eb76ab3592ac02e087ba2b5773ba9dc4b2b,6469,size_in_bytes,cmt,604395439,6469,a7690d5b94013fa7e37c4c2bc6f754d01b3f5cf2
2026-07-24T08:39:22Z,cb316eb76ab3592ac02e087ba2b5773ba9dc4b2b,6469,size_in_bytes,cmti,71456746,6469,a7690d5b94013fa7e37c4c2bc6f754d01b3f5cf2
2026-07-24T08:39:22Z,cb316eb76ab3592ac02e087ba2b5773ba9dc4b2b,6469,size_in_bytes,o,4624,6469,a7690d5b94013fa7e37c4c2bc6f754d01b3f5cf2
2026-07-24T08:39:22Z,cb316eb76ab3592ac02e087ba2b5773ba9dc4b2b,6469,time_in_seconds,<all>,2435.939,6469,a7690d5b94013fa7e37c4c2bc6f754d01b3f5cf2
2026-07-24T08:39:22Z,cb316eb76ab3592ac02e087ba2b5773ba9dc4b2b,6469,time_in_seconds,parsing,8.438,6469,a7690d5b94013fa7e37c4c2bc6f754d01b3f5cf2
2026-07-24T08:39:22Z,cb316eb76ab3592ac02e087ba2b5773ba9dc4b2b,6469,time_in_seconds,typing,219.896,6469,a7690d5b94013fa7e37c4c2bc6f754d01b3f5cf2
2026-07-24T08:39:22Z,cb316eb76ab3592ac02e087ba2b5773ba9dc4b2b,6469,time_in_seconds,generate/flambda2,1027.530,6469,a7690d5b94013fa7e37c4c2bc6f754d01b3f5cf2
2026-07-24T08:39:22Z,cb316eb76ab3592ac02e087ba2b5773ba9dc4b2b,6469,time_in_seconds,generate/compile_phrases/cfg,360.430,6469,a7690d5b94013fa7e37c4c2bc6f754d01b3f5cf2
2026-07-24T08:39:22Z,cb316eb76ab3592ac02e087ba2b5773ba9dc4b2b,6469,time_in_seconds,generate/assemble,61.426,6469,a7690d5b94013fa7e37c4c2bc6f754d01b3f5cf2
2026-07-24T08:39:22Z,cb316eb76ab3592ac02e087ba2b5773ba9dc4b2b,6469,alloc_in_bytes,<all>,3355709757504,6469,a7690d5b94013fa7e37c4c2bc6f754d01b3f5cf2
2026-07-24T08:39:22Z,cb316eb76ab3592ac02e087ba2b5773ba9dc4b2b,6469,alloc_in_bytes,parsing,12864967419,6469,a7690d5b94013fa7e37c4c2bc6f754d01b3f5cf2
2026-07-24T08:39:22Z,cb316eb76ab3592ac02e087ba2b5773ba9dc4b2b,6469,alloc_in_bytes,typing,273077720743,6469,a7690d5b94013fa7e37c4c2bc6f754d01b3f5cf2
2026-07-24T08:39:22Z,cb316eb76ab3592ac02e087ba2b5773ba9dc4b2b,6469,alloc_in_bytes,generate/flambda2,2158520769193,6469,a7690d5b94013fa7e37c4c2bc6f754d01b3f5cf2
2026-07-24T08:39:22Z,cb316eb76ab3592ac02e087ba2b5773ba9dc4b2b,6469,alloc_in_bytes,generate/compile_phrases/cfg,405786883653,6469,a7690d5b94013fa7e37c4c2bc6f754d01b3f5cf2
2026-07-24T08:39:22Z,cb316eb76ab3592ac02e087ba2b5773ba9dc4b2b,6469,alloc_in_bytes,generate/assemble,408210611,6469,a7690d5b94013fa7e37c4c2bc6f754d01b3f5cf2
2026-07-24T08:39:22Z,cb316eb76ab3592ac02e087ba2b5773ba9dc4b2b,6469,top_heap_in_bytes,<all>,147182309404,6469,a7690d5b94013fa7e37c4c2bc6f754d01b3f5cf2
2026-07-24T08:39:22Z,cb316eb76ab3592ac02e087ba2b5773ba9dc4b2b,6469,top_heap_in_bytes,parsing,2038252999,6469,a7690d5b94013fa7e37c4c2bc6f754d01b3f5cf2
2026-07-24T08:39:22Z,cb316eb76ab3592ac02e087ba2b5773ba9dc4b2b,6469,top_heap_in_bytes,typing,30313293031,6469,a7690d5b94013fa7e37c4c2bc6f754d01b3f5cf2
2026-07-24T08:39:22Z,cb316eb76ab3592ac02e087ba2b5773ba9dc4b2b,6469,top_heap_in_bytes,generate/flambda2,70272930432,6469,a7690d5b94013fa7e37c4c2bc6f754d01b3f5cf2
2026-07-24T08:39:22Z,cb316eb76ab3592ac02e087ba2b5773ba9dc4b2b,6469,top_heap_in_bytes,generate/compile_phrases/cfg,21549934541,6469,a7690d5b94013fa7e37c4c2bc6f754d01b3f5cf2
2026-07-24T08:39:22Z,cb316eb76ab3592ac02e087ba2b5773ba9dc4b2b,6469,top_heap_in_bytes,generate/assemble,18832399,6469,a7690d5b94013fa7e37c4c2bc6f754d01b3f5cf2
2026-07-24T08:39:22Z,cb316eb76ab3592ac02e087ba2b5773ba9dc4b2b,6469,absolute_top_heap_in_bytes,<all>,191343654045,6469,a7690d5b94013fa7e37c4c2bc6f754d01b3f5cf2
2026-07-24T08:39:22Z,cb316eb76ab3592ac02e087ba2b5773ba9dc4b2b,6469,absolute_top_heap_in_bytes,parsing,11366982687,6469,a7690d5b94013fa7e37c4c2bc6f754d01b3f5cf2
2026-07-24T08:39:22Z,cb316eb76ab3592ac02e087ba2b5773ba9dc4b2b,6469,absolute_top_heap_in_bytes,typing,52940053251,6469,a7690d5b94013fa7e37c4c2bc6f754d01b3f5cf2
2026-07-24T08:39:22Z,cb316eb76ab3592ac02e087ba2b5773ba9dc4b2b,6469,absolute_top_heap_in_bytes,generate/flambda2,127868305640,6469,a7690d5b94013fa7e37c4c2bc6f754d01b3f5cf2
2026-07-24T08:39:22Z,cb316eb76ab3592ac02e087ba2b5773ba9dc4b2b,6469,absolute_top_heap_in_bytes,generate/compile_phrases/cfg,143948690782,6469,a7690d5b94013fa7e37c4c2bc6f754d01b3f5cf2
2026-07-24T08:39:22Z,cb316eb76ab3592ac02e087ba2b5773ba9dc4b2b,6469,absolute_top_heap_in_bytes,generate/assemble,1721971487,6469,a7690d5b94013fa7e37c4c2bc6f754d01b3f5cf2
2026-07-24T08:39:22Z,cb316eb76ab3592ac02e087ba2b5773ba9dc4b2b,6469,counter,block,2579484,6469,a7690d5b94013fa7e37c4c2bc6f754d01b3f5cf2
2026-07-24T08:39:22Z,cb316eb76ab3592ac02e087ba2b5773ba9dc4b2b,6469,counter,instruction,15104057,6469,a7690d5b94013fa7e37c4c2bc6f754d01b3f5cf2
2026-07-24T08:39:22Z,cb316eb76ab3592ac02e087ba2b5773ba9dc4b2b,6469,counter,move,1951747,6469,a7690d5b94013fa7e37c4c2bc6f754d01b3f5cf2
2026-07-24T08:39:22Z,cb316eb76ab3592ac02e087ba2b5773ba9dc4b2b,6469,counter,reload,955852,6469,a7690d5b94013fa7e37c4c2bc6f754d01b3f5cf2
2026-07-24T08:39:22Z,cb316eb76ab3592ac02e087ba2b5773ba9dc4b2b,6469,counter,spill,683345,6469,a7690d5b94013fa7e37c4c2bc6f754d01b3f5cf2
2026-07-24T08:39:22Z,cb316eb76ab3592ac02e087ba2b5773ba9dc4b2b,6469,counter,stack_slot,453389,6469,a7690d5b94013fa7e37c4c2bc6f754d01b3f5cf2
2026-07-25T07:17:26Z,b63aa2e50c5bc8025cf7cf596449288cad4b79ba,6535,size_in_bytes,exe,68804720,6550/6535,898c5493b8c686bd7095840c0fb2ed115956c4d6
2026-07-25T07:17:26Z,b63aa2e50c5bc8025cf7cf596449288cad4b79ba,6535,size_in_bytes,opt,479487752,6550/6535,898c5493b8c686bd7095840c0fb2ed115956c4d6
2026-07-25T07:17:26Z,b63aa2e50c5bc8025cf7cf596449288cad4b79ba,6535,size_in_bytes,a,215264552,6550/6535,898c5493b8c686bd7095840c0fb2ed115956c4d6
2026-07-25T07:17:26Z,b63aa2e50c5bc8025cf7cf596449288cad4b79ba,6535,size_in_bytes,cmxa,349067,6550/6535,898c5493b8c686bd7095840c0fb2ed115956c4d6
2026-07-25T07:17:26Z,b63aa2e50c5bc8025cf7cf596449288cad4b79ba,6535,size_in_bytes,cma,258426301,6550/6535,898c5493b8c686bd7095840c0fb2ed115956c4d6
2026-07-25T07:17:26Z,b63aa2e50c5bc8025cf7cf596449288cad4b79ba,6535,size_in_bytes,cmi,23710748,6550/6535,898c5493b8c686bd7095840c0fb2ed115956c4d6
2026-07-25T07:17:26Z,b63aa2e50c5bc8025cf7cf596449288cad4b79ba,6535,size_in_bytes,cmx,152521754,6550/6535,898c5493b8c686bd7095840c0fb2ed115956c4d6
2026-07-25T07:17:26Z,b63aa2e50c5bc8025cf7cf596449288cad4b79ba,6535,size_in_bytes,cmo,1471422,6550/6535,898c5493b8c686bd7095840c0fb2ed115956c4d6
2026-07-25T07:17:26Z,b63aa2e50c5bc8025cf7cf596449288cad4b79ba,6535,size_in_bytes,cms,24737450,6550/6535,898c5493b8c686bd7095840c0fb2ed115956c4d6
2026-07-25T07:17:26Z,b63aa2e50c5bc8025cf7cf596449288cad4b79ba,6535,size_in_bytes,cmsi,8372229,6550/6535,898c5493b8c686bd7095840c0fb2ed115956c4d6
2026-07-25T07:17:26Z,b63aa2e50c5bc8025cf7cf596449288cad4b79ba,6535,size_in_bytes,cmt,605289843,6550/6535,898c5493b8c686bd7095840c0fb2ed115956c4d6
2026-07-25T07:17:26Z,b63aa2e50c5bc8025cf7cf596449288cad4b79ba,6535,size_in_bytes,cmti,71516969,6550/6535,898c5493b8c686bd7095840c0fb2ed115956c4d6
2026-07-25T07:17:26Z,b63aa2e50c5bc8025cf7cf596449288cad4b79ba,6535,size_in_bytes,o,4624,6550/6535,898c5493b8c686bd7095840c0fb2ed115956c4d6
2026-07-25T07:17:26Z,b63aa2e50c5bc8025cf7cf596449288cad4b79ba,6535,time_in_seconds,<all>,2435.657,6550/6535,898c5493b8c686bd7095840c0fb2ed115956c4d6
2026-07-25T07:17:26Z,b63aa2e50c5bc8025cf7cf596449288cad4b79ba,6535,time_in_seconds,parsing,8.533,6550/6535,898c5493b8c686bd7095840c0fb2ed115956c4d6
2026-07-25T07:17:26Z,b63aa2e50c5bc8025cf7cf596449288cad4b79ba,6535,time_in_seconds,typing,214.853,6550/6535,898c5493b8c686bd7095840c0fb2ed115956c4d6
2026-07-25T07:17:26Z,b63aa2e50c5bc8025cf7cf596449288cad4b79ba,6535,time_in_seconds,generate/flambda2,1030.515,6550/6535,898c5493b8c686bd7095840c0fb2ed115956c4d6
2026-07-25T07:17:26Z,b63aa2e50c5bc8025cf7cf596449288cad4b79ba,6535,time_in_seconds,generate/compile_phrases/cfg,367.075,6550/6535,898c5493b8c686bd7095840c0fb2ed115956c4d6
2026-07-25T07:17:26Z,b63aa2e50c5bc8025cf7cf596449288cad4b79ba,6535,time_in_seconds,generate/assemble,60.817,6550/6535,898c5493b8c686bd7095840c0fb2ed115956c4d6
2026-07-25T07:17:26Z,b63aa2e50c5bc8025cf7cf596449288cad4b79ba,6535,alloc_in_bytes,<all>,3358720145796,6550/6535,898c5493b8c686bd7095840c0fb2ed115956c4d6
2026-07-25T07:17:26Z,b63aa2e50c5bc8025cf7cf596449288cad4b79ba,6535,alloc_in_bytes,parsing,12857595863,6550/6535,898c5493b8c686bd7095840c0fb2ed115956c4d6
2026-07-25T07:17:26Z,b63aa2e50c5bc8025cf7cf596449288cad4b79ba,6535,alloc_in_bytes,typing,273303437204,6550/6535,898c5493b8c686bd7095840c0fb2ed115956c4d6
2026-07-25T07:17:26Z,b63aa2e50c5bc8025cf7cf596449288cad4b79ba,6535,alloc_in_bytes,generate/flambda2,2160564538187,6550/6535,898c5493b8c686bd7095840c0fb2ed115956c4d6
2026-07-25T07:17:26Z,b63aa2e50c5bc8025cf7cf596449288cad4b79ba,6535,alloc_in_bytes,generate/compile_phrases/cfg,406234719949,6550/6535,898c5493b8c686bd7095840c0fb2ed115956c4d6
2026-07-25T07:17:26Z,b63aa2e50c5bc8025cf7cf596449288cad4b79ba,6535,alloc_in_bytes,generate/assemble,438157944,6550/6535,898c5493b8c686bd7095840c0fb2ed115956c4d6
2026-07-25T07:17:26Z,b63aa2e50c5bc8025cf7cf596449288cad4b79ba,6535,top_heap_in_bytes,<all>,147518430442,6550/6535,898c5493b8c686bd7095840c0fb2ed115956c4d6
2026-07-25T07:17:26Z,b63aa2e50c5bc8025cf7cf596449288cad4b79ba,6535,top_heap_in_bytes,parsing,2039228157,6550/6535,898c5493b8c686bd7095840c0fb2ed115956c4d6
2026-07-25T07:17:26Z,b63aa2e50c5bc8025cf7cf596449288cad4b79ba,6535,top_heap_in_bytes,typing,30326033219,6550/6535,898c5493b8c686bd7095840c0fb2ed115956c4d6
2026-07-25T07:17:26Z,b63aa2e50c5bc8025cf7cf596449288cad4b79ba,6535,top_heap_in_bytes,generate/flambda2,70416071513,6550/6535,898c5493b8c686bd7095840c0fb2ed115956c4d6
2026-07-25T07:17:26Z,b63aa2e50c5bc8025cf7cf596449288cad4b79ba,6535,top_heap_in_bytes,generate/compile_phrases/cfg,21682778631,6550/6535,898c5493b8c686bd7095840c0fb2ed115956c4d6
2026-07-25T07:17:26Z,b63aa2e50c5bc8025cf7cf596449288cad4b79ba,6535,top_heap_in_bytes,generate/assemble,20992468,6550/6535,898c5493b8c686bd7095840c0fb2ed115956c4d6
2026-07-25T07:17:26Z,b63aa2e50c5bc8025cf7cf596449288cad4b79ba,6535,absolute_top_heap_in_bytes,<all>,192240878608,6550/6535,898c5493b8c686bd7095840c0fb2ed115956c4d6
2026-07-25T07:17:26Z,b63aa2e50c5bc8025cf7cf596449288cad4b79ba,6535,absolute_top_heap_in_bytes,parsing,11027118231,6550/6535,898c5493b8c686bd7095840c0fb2ed115956c4d6
2026-07-25T07:17:26Z,b63aa2e50c5bc8025cf7cf596449288cad4b79ba,6535,absolute_top_heap_in_bytes,typing,53328624024,6550/6535,898c5493b8c686bd7095840c0fb2ed115956c4d6
2026-07-25T07:17:26Z,b63aa2e50c5bc8025cf7cf596449288cad4b79ba,6535,absolute_top_heap_in_bytes,generate/flambda2,128473879239,6550/6535,898c5493b8c686bd7095840c0fb2ed115956c4d6
2026-07-25T07:17:26Z,b63aa2e50c5bc8025cf7cf596449288cad4b79ba,6535,absolute_top_heap_in_bytes,generate/compile_phrases/cfg,143974003409,6550/6535,898c5493b8c686bd7095840c0fb2ed115956c4d6
2026-07-25T07:17:26Z,b63aa2e50c5bc8025cf7cf596449288cad4b79ba,6535,absolute_top_heap_in_bytes,generate/assemble,2297744570,6550/6535,898c5493b8c686bd7095840c0fb2ed115956c4d6
2026-07-25T07:17:26Z,b63aa2e50c5bc8025cf7cf596449288cad4b79ba,6535,counter,block,2582564,6550/6535,898c5493b8c686bd7095840c0fb2ed115956c4d6
2026-07-25T07:17:26Z,b63aa2e50c5bc8025cf7cf596449288cad4b79ba,6535,counter,instruction,15119644,6550/6535,898c5493b8c686bd7095840c0fb2ed115956c4d6
2026-07-25T07:17:26Z,b63aa2e50c5bc8025cf7cf596449288cad4b79ba,6535,counter,move,1953720,6550/6535,898c5493b8c686bd7095840c0fb2ed115956c4d6
2026-07-25T07:17:26Z,b63aa2e50c5bc8025cf7cf596449288cad4b79ba,6535,counter,reload,956419,6550/6535,898c5493b8c686bd7095840c0fb2ed115956c4d6
2026-07-25T07:17:26Z,b63aa2e50c5bc8025cf7cf596449288cad4b79ba,6535,counter,spill,683859,6550/6535,898c5493b8c686bd7095840c0fb2ed115956c4d6
2026-07-25T07:17:26Z,b63aa2e50c5bc8025cf7cf596449288cad4b79ba,6535,counter,stack_slot,453727,6550/6535,898c5493b8c686bd7095840c0fb2ed115956c4d6
2026-07-25T23:46:51Z,bff3e446ab25fa72b1438a8dfe06dbaf09c75914,6356,size_in_bytes,exe,68815128,6356,e7662eccc85a312359b0c9652bf5bfd90764bcfb
2026-07-25T23:46:51Z,bff3e446ab25fa72b1438a8dfe06dbaf09c75914,6356,size_in_bytes,opt,479591744,6356,e7662eccc85a312359b0c9652bf5bfd90764bcfb
2026-07-25T23:46:51Z,bff3e446ab25fa72b1438a8dfe06dbaf09c75914,6356,size_in_bytes,a,215281878,6356,e7662eccc85a312359b0c9652bf5bfd90764bcfb
2026-07-25T23:46:51Z,bff3e446ab25fa72b1438a8dfe06dbaf09c75914,6356,size_in_bytes,cmxa,349067,6356,e7662eccc85a312359b0c9652bf5bfd90764bcfb
2026-07-25T23:46:51Z,bff3e446ab25fa72b1438a8dfe06dbaf09c75914,6356,size_in_bytes,cma,258461037,6356,e7662eccc85a312359b0c9652bf5bfd90764bcfb
2026-07-25T23:46:51Z,bff3e446ab25fa72b1438a8dfe06dbaf09c75914,6356,size_in_bytes,cmi,23711312,6356,e7662eccc85a312359b0c9652bf5bfd90764bcfb
2026-07-25T23:46:51Z,bff3e446ab25fa72b1438a8dfe06dbaf09c75914,6356,size_in_bytes,cmx,152526936,6356,e7662eccc85a312359b0c9652bf5bfd90764bcfb
2026-07-25T23:46:51Z,bff3e446ab25fa72b1438a8dfe06dbaf09c75914,6356,size_in_bytes,cmo,1471422,6356,e7662eccc85a312359b0c9652bf5bfd90764bcfb
2026-07-25T23:46:51Z,bff3e446ab25fa72b1438a8dfe06dbaf09c75914,6356,size_in_bytes,cms,24737450,6356,e7662eccc85a312359b0c9652bf5bfd90764bcfb
2026-07-25T23:46:51Z,bff3e446ab25fa72b1438a8dfe06dbaf09c75914,6356,size_in_bytes,cmsi,8372229,6356,e7662eccc85a312359b0c9652bf5bfd90764bcfb
2026-07-25T23:46:51Z,bff3e446ab25fa72b1438a8dfe06dbaf09c75914,6356,size_in_bytes,cmt,605105927,6356,e7662eccc85a312359b0c9652bf5bfd90764bcfb
2026-07-25T23:46:51Z,bff3e446ab25fa72b1438a8dfe06dbaf09c75914,6356,size_in_bytes,cmti,71519212,6356,e7662eccc85a312359b0c9652bf5bfd90764bcfb
2026-07-25T23:46:51Z,bff3e446ab25fa72b1438a8dfe06dbaf09c75914,6356,size_in_bytes,o,4624,6356,e7662eccc85a312359b0c9652bf5bfd90764bcfb
2026-07-25T23:46:51Z,bff3e446ab25fa72b1438a8dfe06dbaf09c75914,6356,time_in_seconds,<all>,2316.217,6356,e7662eccc85a312359b0c9652bf5bfd90764bcfb
2026-07-25T23:46:51Z,bff3e446ab25fa72b1438a8dfe06dbaf09c75914,6356,time_in_seconds,parsing,8.176,6356,e7662eccc85a312359b0c9652bf5bfd90764bcfb
2026-07-25T23:46:51Z,bff3e446ab25fa72b1438a8dfe06dbaf09c75914,6356,time_in_seconds,typing,204.207,6356,e7662eccc85a312359b0c9652bf5bfd90764bcfb
2026-07-25T23:46:51Z,bff3e446ab25fa72b1438a8dfe06dbaf09c75914,6356,time_in_seconds,generate/flambda2,978.182,6356,e7662eccc85a312359b0c9652bf5bfd90764bcfb
2026-07-25T23:46:51Z,bff3e446ab25fa72b1438a8dfe06dbaf09c75914,6356,time_in_seconds,generate/compile_phrases/cfg,359.638,6356,e7662eccc85a312359b0c9652bf5bfd90764bcfb
2026-07-25T23:46:51Z,bff3e446ab25fa72b1438a8dfe06dbaf09c75914,6356,time_in_seconds,generate/assemble,56.827,6356,e7662eccc85a312359b0c9652bf5bfd90764bcfb
2026-07-25T23:46:51Z,bff3e446ab25fa72b1438a8dfe06dbaf09c75914,6356,alloc_in_bytes,<all>,3359076860864,6356,e7662eccc85a312359b0c9652bf5bfd90764bcfb
2026-07-25T23:46:51Z,bff3e446ab25fa72b1438a8dfe06dbaf09c75914,6356,alloc_in_bytes,parsing,12853894398,6356,e7662eccc85a312359b0c9652bf5bfd90764bcfb
2026-07-25T23:46:51Z,bff3e446ab25fa72b1438a8dfe06dbaf09c75914,6356,alloc_in_bytes,typing,273349836689,6356,e7662eccc85a312359b0c9652bf5bfd90764bcfb
2026-07-25T23:46:51Z,bff3e446ab25fa72b1438a8dfe06dbaf09c75914,6356,alloc_in_bytes,generate/flambda2,2160711831661,6356,e7662eccc85a312359b0c9652bf5bfd90764bcfb
2026-07-25T23:46:51Z,bff3e446ab25fa72b1438a8dfe06dbaf09c75914,6356,alloc_in_bytes,generate/compile_phrases/cfg,406243339259,6356,e7662eccc85a312359b0c9652bf5bfd90764bcfb
2026-07-25T23:46:51Z,bff3e446ab25fa72b1438a8dfe06dbaf09c75914,6356,alloc_in_bytes,generate/assemble,439971978,6356,e7662eccc85a312359b0c9652bf5bfd90764bcfb
2026-07-25T23:46:51Z,bff3e446ab25fa72b1438a8dfe06dbaf09c75914,6356,top_heap_in_bytes,<all>,147569506575,6356,e7662eccc85a312359b0c9652bf5bfd90764bcfb
2026-07-25T23:46:51Z,bff3e446ab25fa72b1438a8dfe06dbaf09c75914,6356,top_heap_in_bytes,parsing,2071314574,6356,e7662eccc85a312359b0c9652bf5bfd90764bcfb
2026-07-25T23:46:51Z,bff3e446ab25fa72b1438a8dfe06dbaf09c75914,6356,top_heap_in_bytes,typing,30341814280,6356,e7662eccc85a312359b0c9652bf5bfd90764bcfb
2026-07-25T23:46:51Z,bff3e446ab25fa72b1438a8dfe06dbaf09c75914,6356,top_heap_in_bytes,generate/flambda2,70479887871,6356,e7662eccc85a312359b0c9652bf5bfd90764bcfb
2026-07-25T23:46:51Z,bff3e446ab25fa72b1438a8dfe06dbaf09c75914,6356,top_heap_in_bytes,generate/compile_phrases/cfg,21593251165,6356,e7662eccc85a312359b0c9652bf5bfd90764bcfb
2026-07-25T23:46:51Z,bff3e446ab25fa72b1438a8dfe06dbaf09c75914,6356,top_heap_in_bytes,generate/assemble,21432869,6356,e7662eccc85a312359b0c9652bf5bfd90764bcfb
2026-07-25T23:46:51Z,bff3e446ab25fa72b1438a8dfe06dbaf09c75914,6356,absolute_top_heap_in_bytes,<all>,192183836075,6356,e7662eccc85a312359b0c9652bf5bfd90764bcfb
2026-07-25T23:46:51Z,bff3e446ab25fa72b1438a8dfe06dbaf09c75914,6356,absolute_top_heap_in_bytes,parsing,12468165728,6356,e7662eccc85a312359b0c9652bf5bfd90764bcfb
2026-07-25T23:46:51Z,bff3e446ab25fa72b1438a8dfe06dbaf09c75914,6356,absolute_top_heap_in_bytes,typing,53308931792,6356,e7662eccc85a312359b0c9652bf5bfd90764bcfb
2026-07-25T23:46:51Z,bff3e446ab25fa72b1438a8dfe06dbaf09c75914,6356,absolute_top_heap_in_bytes,generate/flambda2,127849546610,6356,e7662eccc85a312359b0c9652bf5bfd90764bcfb
2026-07-25T23:46:51Z,bff3e446ab25fa72b1438a8dfe06dbaf09c75914,6356,absolute_top_heap_in_bytes,generate/compile_phrases/cfg,143789265271,6356,e7662eccc85a312359b0c9652bf5bfd90764bcfb
2026-07-25T23:46:51Z,bff3e446ab25fa72b1438a8dfe06dbaf09c75914,6356,absolute_top_heap_in_bytes,generate/assemble,1719769478,6356,e7662eccc85a312359b0c9652bf5bfd90764bcfb
2026-07-25T23:46:51Z,bff3e446ab25fa72b1438a8dfe06dbaf09c75914,6356,counter,block,2582747,6356,e7662eccc85a312359b0c9652bf5bfd90764bcfb
2026-07-25T23:46:51Z,bff3e446ab25fa72b1438a8dfe06dbaf09c75914,6356,counter,instruction,15120440,6356,e7662eccc85a312359b0c9652bf5bfd90764bcfb
2026-07-25T23:46:51Z,bff3e446ab25fa72b1438a8dfe06dbaf09c75914,6356,counter,move,1953796,6356,e7662eccc85a312359b0c9652bf5bfd90764bcfb
2026-07-25T23:46:51Z,bff3e446ab25fa72b1438a8dfe06dbaf09c75914,6356,counter,reload,956579,6356,e7662eccc85a312359b0c9652bf5bfd90764bcfb
2026-07-25T23:46:51Z,bff3e446ab25fa72b1438a8dfe06dbaf09c75914,6356,counter,spill,683961,6356,e7662eccc85a312359b0c9652bf5bfd90764bcfb
2026-07-25T23:46:51Z,bff3e446ab25fa72b1438a8dfe06dbaf09c75914,6356,counter,stack_slot,453744,6356,e7662eccc85a312359b0c9652bf5bfd90764bcfb
2026-07-25T07:23:03Z,e7662eccc85a312359b0c9652bf5bfd90764bcfb,6558,size_in_bytes,exe,68804840,6532/6558,b63aa2e50c5bc8025cf7cf596449288cad4b79ba
2026-07-25T07:23:03Z,e7662eccc85a312359b0c9652bf5bfd90764bcfb,6558,size_in_bytes,opt,479513696,6532/6558,b63aa2e50c5bc8025cf7cf596449288cad4b79ba
2026-07-25T07:23:03Z,e7662eccc85a312359b0c9652bf5bfd90764bcfb,6558,size_in_bytes,a,215267248,6532/6558,b63aa2e50c5bc8025cf7cf596449288cad4b79ba
2026-07-25T07:23:03Z,e7662eccc85a312359b0c9652bf5bfd90764bcfb,6558,size_in_bytes,cmxa,349067,6532/6558,b63aa2e50c5bc8025cf7cf596449288cad4b79ba
2026-07-25T07:23:03Z,e7662eccc85a312359b0c9652bf5bfd90764bcfb,6558,size_in_bytes,cma,258433517,6532/6558,b63aa2e50c5bc8025cf7cf596449288cad4b79ba
2026-07-25T07:23:03Z,e7662eccc85a312359b0c9652bf5bfd90764bcfb,6558,size_in_bytes,cmi,23710748,6532/6558,b63aa2e50c5bc8025cf7cf596449288cad4b79ba
2026-07-25T07:23:03Z,e7662eccc85a312359b0c9652bf5bfd90764bcfb,6558,size_in_bytes,cmx,152521774,6532/6558,b63aa2e50c5bc8025cf7cf596449288cad4b79ba
2026-07-25T07:23:03Z,e7662eccc85a312359b0c9652bf5bfd90764bcfb,6558,size_in_bytes,cmo,1471422,6532/6558,b63aa2e50c5bc8025cf7cf596449288cad4b79ba
2026-07-25T07:23:03Z,e7662eccc85a312359b0c9652bf5bfd90764bcfb,6558,size_in_bytes,cms,24737450,6532/6558,b63aa2e50c5bc8025cf7cf596449288cad4b79ba
2026-07-25T07:23:03Z,e7662eccc85a312359b0c9652bf5bfd90764bcfb,6558,size_in_bytes,cmsi,8372229,6532/6558,b63aa2e50c5bc8025cf7cf596449288cad4b79ba
2026-07-25T07:23:03Z,e7662eccc85a312359b0c9652bf5bfd90764bcfb,6558,size_in_bytes,cmt,605028924,6532/6558,b63aa2e50c5bc8025cf7cf596449288cad4b79ba
2026-07-25T07:23:03Z,e7662eccc85a312359b0c9652bf5bfd90764bcfb,6558,size_in_bytes,cmti,71516969,6532/6558,b63aa2e50c5bc8025cf7cf596449288cad4b79ba
2026-07-25T07:23:03Z,e7662eccc85a312359b0c9652bf5bfd90764bcfb,6558,size_in_bytes,o,4624,6532/6558,b63aa2e50c5bc8025cf7cf596449288cad4b79ba
2026-07-25T07:23:03Z,e7662eccc85a312359b0c9652bf5bfd90764bcfb,6558,time_in_seconds,<all>,2409.533,6532/6558,b63aa2e50c5bc8025cf7cf596449288cad4b79ba
2026-07-25T07:23:03Z,e7662eccc85a312359b0c9652bf5bfd90764bcfb,6558,time_in_seconds,parsing,9.089,6532/6558,b63aa2e50c5bc8025cf7cf596449288cad4b79ba
2026-07-25T07:23:03Z,e7662eccc85a312359b0c9652bf5bfd90764bcfb,6558,time_in_seconds,typing,217.941,6532/6558,b63aa2e50c5bc8025cf7cf596449288cad4b79ba
2026-07-25T07:23:03Z,e7662eccc85a312359b0c9652bf5bfd90764bcfb,6558,time_in_seconds,generate/flambda2,1035.436,6532/6558,b63aa2e50c5bc8025cf7cf596449288cad4b79ba
2026-07-25T07:23:03Z,e7662eccc85a312359b0c9652bf5bfd90764bcfb,6558,time_in_seconds,generate/compile_phrases/cfg,360.451,6532/6558,b63aa2e50c5bc8025cf7cf596449288cad4b79ba
2026-07-25T07:23:03Z,e7662eccc85a312359b0c9652bf5bfd90764bcfb,6558,time_in_seconds,generate/assemble,59.645,6532/6558,b63aa2e50c5bc8025cf7cf596449288cad4b79ba
2026-07-25T07:23:03Z,e7662eccc85a312359b0c9652bf5bfd90764bcfb,6558,alloc_in_bytes,<all>,3358726919597,6532/6558,b63aa2e50c5bc8025cf7cf596449288cad4b79ba
2026-07-25T07:23:03Z,e7662eccc85a312359b0c9652bf5bfd90764bcfb,6558,alloc_in_bytes,parsing,12851052750,6532/6558,b63aa2e50c5bc8025cf7cf596449288cad4b79ba
2026-07-25T07:23:03Z,e7662eccc85a312359b0c9652bf5bfd90764bcfb,6558,alloc_in_bytes,typing,273275765279,6532/6558,b63aa2e50c5bc8025cf7cf596449288cad4b79ba
2026-07-25T07:23:03Z,e7662eccc85a312359b0c9652bf5bfd90764bcfb,6558,alloc_in_bytes,generate/flambda2,2160541039597,6532/6558,b63aa2e50c5bc8025cf7cf596449288cad4b79ba
2026-07-25T07:23:03Z,e7662eccc85a312359b0c9652bf5bfd90764bcfb,6558,alloc_in_bytes,generate/compile_phrases/cfg,406192609138,6532/6558,b63aa2e50c5bc8025cf7cf596449288cad4b79ba
2026-07-25T07:23:03Z,e7662eccc85a312359b0c9652bf5bfd90764bcfb,6558,alloc_in_bytes,generate/assemble,438157944,6532/6558,b63aa2e50c5bc8025cf7cf596449288cad4b79ba
2026-07-25T07:23:03Z,e7662eccc85a312359b0c9652bf5bfd90764bcfb,6558,top_heap_in_bytes,<all>,147531453767,6532/6558,b63aa2e50c5bc8025cf7cf596449288cad4b79ba
2026-07-25T07:23:03Z,e7662eccc85a312359b0c9652bf5bfd90764bcfb,6558,top_heap_in_bytes,parsing,2033104476,6532/6558,b63aa2e50c5bc8025cf7cf596449288cad4b79ba
2026-07-25T07:23:03Z,e7662eccc85a312359b0c9652bf5bfd90764bcfb,6558,top_heap_in_bytes,typing,30324890272,6532/6558,b63aa2e50c5bc8025cf7cf596449288cad4b79ba
2026-07-25T07:23:03Z,e7662eccc85a312359b0c9652bf5bfd90764bcfb,6558,top_heap_in_bytes,generate/flambda2,70416637749,6532/6558,b63aa2e50c5bc8025cf7cf596449288cad4b79ba
2026-07-25T07:23:03Z,e7662eccc85a312359b0c9652bf5bfd90764bcfb,6558,top_heap_in_bytes,generate/compile_phrases/cfg,21683365833,6532/6558,b63aa2e50c5bc8025cf7cf596449288cad4b79ba
2026-07-25T07:23:03Z,e7662eccc85a312359b0c9652bf5bfd90764bcfb,6558,top_heap_in_bytes,generate/assemble,21118297,6532/6558,b63aa2e50c5bc8025cf7cf596449288cad4b79ba
2026-07-25T07:23:03Z,e7662eccc85a312359b0c9652bf5bfd90764bcfb,6558,absolute_top_heap_in_bytes,<all>,192281815016,6532/6558,b63aa2e50c5bc8025cf7cf596449288cad4b79ba
2026-07-25T07:23:03Z,e7662eccc85a312359b0c9652bf5bfd90764bcfb,6558,absolute_top_heap_in_bytes,parsing,11045038398,6532/6558,b63aa2e50c5bc8025cf7cf596449288cad4b79ba
2026-07-25T07:23:03Z,e7662eccc85a312359b0c9652bf5bfd90764bcfb,6558,absolute_top_heap_in_bytes,typing,53361968749,6532/6558,b63aa2e50c5bc8025cf7cf596449288cad4b79ba
2026-07-25T07:23:03Z,e7662eccc85a312359b0c9652bf5bfd90764bcfb,6558,absolute_top_heap_in_bytes,generate/flambda2,128312555816,6532/6558,b63aa2e50c5bc8025cf7cf596449288cad4b79ba
2026-07-25T07:23:03Z,e7662eccc85a312359b0c9652bf5bfd90764bcfb,6558,absolute_top_heap_in_bytes,generate/compile_phrases/cfg,144023234042,6532/6558,b63aa2e50c5bc8025cf7cf596449288cad4b79ba
2026-07-25T07:23:03Z,e7662eccc85a312359b0c9652bf5bfd90764bcfb,6558,absolute_top_heap_in_bytes,generate/assemble,1995754682,6532/6558,b63aa2e50c5bc8025cf7cf596449288cad4b79ba
2026-07-25T07:23:03Z,e7662eccc85a312359b0c9652bf5bfd90764bcfb,6558,counter,block,2582591,6532/6558,b63aa2e50c5bc8025cf7cf596449288cad4b79ba
2026-07-25T07:23:03Z,e7662eccc85a312359b0c9652bf5bfd90764bcfb,6558,counter,instruction,15119735,6532/6558,b63aa2e50c5bc8025cf7cf596449288cad4b79ba
2026-07-25T07:23:03Z,e7662eccc85a312359b0c9652bf5bfd90764bcfb,6558,counter,move,1953720,6532/6558,b63aa2e50c5bc8025cf7cf596449288cad4b79ba
2026-07-25T07:23:03Z,e7662eccc85a312359b0c9652bf5bfd90764bcfb,6558,counter,reload,956436,6532/6558,b63aa2e50c5bc8025cf7cf596449288cad4b79ba
2026-07-25T07:23:03Z,e7662eccc85a312359b0c9652bf5bfd90764bcfb,6558,counter,spill,683870,6532/6558,b63aa2e50c5bc8025cf7cf596449288cad4b79ba
2026-07-25T07:23:03Z,e7662eccc85a312359b0c9652bf5bfd90764bcfb,6558,counter,stack_slot,453731,6532/6558,b63aa2e50c5bc8025cf7cf596449288cad4b79ba
2026-07-26T23:35:22Z,e65af729a6bedfe7982b1745866a731bf7e4237f,6631,size_in_bytes,exe,68815144,6631,bff3e446ab25fa72b1438a8dfe06dbaf09c75914
2026-07-26T23:35:22Z,e65af729a6bedfe7982b1745866a731bf7e4237f,6631,size_in_bytes,opt,479591984,6631,bff3e446ab25fa72b1438a8dfe06dbaf09c75914
2026-07-26T23:35:22Z,e65af729a6bedfe7982b1745866a731bf7e4237f,6631,size_in_bytes,a,215282046,6631,bff3e446ab25fa72b1438a8dfe06dbaf09c75914
2026-07-26T23:35:22Z,e65af729a6bedfe7982b1745866a731bf7e4237f,6631,size_in_bytes,cmxa,349067,6631,bff3e446ab25fa72b1438a8dfe06dbaf09c75914
2026-07-26T23:35:22Z,e65af729a6bedfe7982b1745866a731bf7e4237f,6631,size_in_bytes,cma,258461924,6631,bff3e446ab25fa72b1438a8dfe06dbaf09c75914
2026-07-26T23:35:22Z,e65af729a6bedfe7982b1745866a731bf7e4237f,6631,size_in_bytes,cmi,23711312,6631,bff3e446ab25fa72b1438a8dfe06dbaf09c75914
2026-07-26T23:35:22Z,e65af729a6bedfe7982b1745866a731bf7e4237f,6631,size_in_bytes,cmx,152526932,6631,bff3e446ab25fa72b1438a8dfe06dbaf09c75914
2026-07-26T23:35:22Z,e65af729a6bedfe7982b1745866a731bf7e4237f,6631,size_in_bytes,cmo,1471422,6631,bff3e446ab25fa72b1438a8dfe06dbaf09c75914
2026-07-26T23:35:22Z,e65af729a6bedfe7982b1745866a731bf7e4237f,6631,size_in_bytes,cms,24737450,6631,bff3e446ab25fa72b1438a8dfe06dbaf09c75914
2026-07-26T23:35:22Z,e65af729a6bedfe7982b1745866a731bf7e4237f,6631,size_in_bytes,cmsi,8372229,6631,bff3e446ab25fa72b1438a8dfe06dbaf09c75914
2026-07-26T23:35:22Z,e65af729a6bedfe7982b1745866a731bf7e4237f,6631,size_in_bytes,cmt,605110377,6631,bff3e446ab25fa72b1438a8dfe06dbaf09c75914
2026-07-26T23:35:22Z,e65af729a6bedfe7982b1745866a731bf7e4237f,6631,size_in_bytes,cmti,71519212,6631,bff3e446ab25fa72b1438a8dfe06dbaf09c75914
2026-07-26T23:35:22Z,e65af729a6bedfe7982b1745866a731bf7e4237f,6631,size_in_bytes,o,4624,6631,bff3e446ab25fa72b1438a8dfe06dbaf09c75914
2026-07-26T23:35:22Z,e65af729a6bedfe7982b1745866a731bf7e4237f,6631,time_in_seconds,<all>,2327.259,6631,bff3e446ab25fa72b1438a8dfe06dbaf09c75914
2026-07-26T23:35:22Z,e65af729a6bedfe7982b1745866a731bf7e4237f,6631,time_in_seconds,parsing,8.189,6631,bff3e446ab25fa72b1438a8dfe06dbaf09c75914
2026-07-26T23:35:22Z,e65af729a6bedfe7982b1745866a731bf7e4237f,6631,time_in_seconds,typing,202.049,6631,bff3e446ab25fa72b1438a8dfe06dbaf09c75914
2026-07-26T23:35:22Z,e65af729a6bedfe7982b1745866a731bf7e4237f,6631,time_in_seconds,generate/flambda2,990.878,6631,bff3e446ab25fa72b1438a8dfe06dbaf09c75914
2026-07-26T23:35:22Z,e65af729a6bedfe7982b1745866a731bf7e4237f,6631,time_in_seconds,generate/compile_phrases/cfg,355.155,6631,bff3e446ab25fa72b1438a8dfe06dbaf09c75914
2026-07-26T23:35:22Z,e65af729a6bedfe7982b1745866a731bf7e4237f,6631,time_in_seconds,generate/assemble,57.878,6631,bff3e446ab25fa72b1438a8dfe06dbaf09c75914
2026-07-26T23:35:22Z,e65af729a6bedfe7982b1745866a731bf7e4237f,6631,alloc_in_bytes,<all>,3359095231912,6631,bff3e446ab25fa72b1438a8dfe06dbaf09c75914
2026-07-26T23:35:22Z,e65af729a6bedfe7982b1745866a731bf7e4237f,6631,alloc_in_bytes,parsing,12819574503,6631,bff3e446ab25fa72b1438a8dfe06dbaf09c75914
2026-07-26T23:35:22Z,e65af729a6bedfe7982b1745866a731bf7e4237f,6631,alloc_in_bytes,typing,273366739740,6631,bff3e446ab25fa72b1438a8dfe06dbaf09c75914
2026-07-26T23:35:22Z,e65af729a6bedfe7982b1745866a731bf7e4237f,6631,alloc_in_bytes,generate/flambda2,2160749213395,6631,bff3e446ab25fa72b1438a8dfe06dbaf09c75914
2026-07-26T23:35:22Z,e65af729a6bedfe7982b1745866a731bf7e4237f,6631,alloc_in_bytes,generate/compile_phrases/cfg,406299532445,6631,bff3e446ab25fa72b1438a8dfe06dbaf09c75914
2026-07-26T23:35:22Z,e65af729a6bedfe7982b1745866a731bf7e4237f,6631,alloc_in_bytes,generate/assemble,439971978,6631,bff3e446ab25fa72b1438a8dfe06dbaf09c75914
2026-07-26T23:35:22Z,e65af729a6bedfe7982b1745866a731bf7e4237f,6631,top_heap_in_bytes,<all>,147579006669,6631,bff3e446ab25fa72b1438a8dfe06dbaf09c75914
2026-07-26T23:35:22Z,e65af729a6bedfe7982b1745866a731bf7e4237f,6631,top_heap_in_bytes,parsing,2070748352,6631,bff3e446ab25fa72b1438a8dfe06dbaf09c75914
2026-07-26T23:35:22Z,e65af729a6bedfe7982b1745866a731bf7e4237f,6631,top_heap_in_bytes,typing,30343963860,6631,bff3e446ab25fa72b1438a8dfe06dbaf09c75914
2026-07-26T23:35:22Z,e65af729a6bedfe7982b1745866a731bf7e4237f,6631,top_heap_in_bytes,generate/flambda2,70481555107,6631,bff3e446ab25fa72b1438a8dfe06dbaf09c75914
2026-07-26T23:35:22Z,e65af729a6bedfe7982b1745866a731bf7e4237f,6631,top_heap_in_bytes,generate/compile_phrases/cfg,21605959914,6631,bff3e446ab25fa72b1438a8dfe06dbaf09c75914
2026-07-26T23:35:22Z,e65af729a6bedfe7982b1745866a731bf7e4237f,6631,top_heap_in_bytes,generate/assemble,21432869,6631,bff3e446ab25fa72b1438a8dfe06dbaf09c75914
2026-07-26T23:35:22Z,e65af729a6bedfe7982b1745866a731bf7e4237f,6631,absolute_top_heap_in_bytes,<all>,192271423630,6631,bff3e446ab25fa72b1438a8dfe06dbaf09c75914
2026-07-26T23:35:22Z,e65af729a6bedfe7982b1745866a731bf7e4237f,6631,absolute_top_heap_in_bytes,parsing,12448567844,6631,bff3e446ab25fa72b1438a8dfe06dbaf09c75914
2026-07-26T23:35:22Z,e65af729a6bedfe7982b1745866a731bf7e4237f,6631,absolute_top_heap_in_bytes,typing,53317991490,6631,bff3e446ab25fa72b1438a8dfe06dbaf09c75914
2026-07-26T23:35:22Z,e65af729a6bedfe7982b1745866a731bf7e4237f,6631,absolute_top_heap_in_bytes,generate/flambda2,127869563924,6631,bff3e446ab25fa72b1438a8dfe06dbaf09c75914
2026-07-26T23:35:22Z,e65af729a6bedfe7982b1745866a731bf7e4237f,6631,absolute_top_heap_in_bytes,generate/compile_phrases/cfg,143771166841,6631,bff3e446ab25fa72b1438a8dfe06dbaf09c75914
2026-07-26T23:35:22Z,e65af729a6bedfe7982b1745866a731bf7e4237f,6631,absolute_top_heap_in_bytes,generate/assemble,1719874335,6631,bff3e446ab25fa72b1438a8dfe06dbaf09c75914
2026-07-26T23:35:22Z,e65af729a6bedfe7982b1745866a731bf7e4237f,6631,counter,block,2582751,6631,bff3e446ab25fa72b1438a8dfe06dbaf09c75914
2026-07-26T23:35:22Z,e65af729a6bedfe7982b1745866a731bf7e4237f,6631,counter,instruction,15120454,6631,bff3e446ab25fa72b1438a8dfe06dbaf09c75914
2026-07-26T23:35:22Z,e65af729a6bedfe7982b1745866a731bf7e4237f,6631,counter,move,1953797,6631,bff3e446ab25fa72b1438a8dfe06dbaf09c75914
2026-07-26T23:35:22Z,e65af729a6bedfe7982b1745866a731bf7e4237f,6631,counter,reload,956580,6631,bff3e446ab25fa72b1438a8dfe06dbaf09c75914
2026-07-26T23:35:22Z,e65af729a6bedfe7982b1745866a731bf7e4237f,6631,counter,spill,683962,6631,bff3e446ab25fa72b1438a8dfe06dbaf09c75914
2026-07-26T23:35:22Z,e65af729a6bedfe7982b1745866a731bf7e4237f,6631,counter,stack_slot,453744,6631,bff3e446ab25fa72b1438a8dfe06dbaf09c75914
2026-07-27T03:11:58Z,991902cc59b71ce4ad77c522f5feac89b1e31e52,6634,size_in_bytes,exe,68816136,6634,e65af729a6bedfe7982b1745866a731bf7e4237f
2026-07-27T03:11:58Z,991902cc59b71ce4ad77c522f5feac89b1e31e52,6634,size_in_bytes,opt,479630864,6634,e65af729a6bedfe7982b1745866a731bf7e4237f
2026-07-27T03:11:58Z,991902cc59b71ce4ad77c522f5feac89b1e31e52,6634,size_in_bytes,a,215290138,6634,e65af729a6bedfe7982b1745866a731bf7e4237f
2026-07-27T03:11:58Z,991902cc59b71ce4ad77c522f5feac89b1e31e52,6634,size_in_bytes,cmxa,349067,6634,e65af729a6bedfe7982b1745866a731bf7e4237f
2026-07-27T03:11:58Z,991902cc59b71ce4ad77c522f5feac89b1e31e52,6634,size_in_bytes,cma,258546249,6634,e65af729a6bedfe7982b1745866a731bf7e4237f
2026-07-27T03:11:58Z,991902cc59b71ce4ad77c522f5feac89b1e31e52,6634,size_in_bytes,cmi,23711595,6634,e65af729a6bedfe7982b1745866a731bf7e4237f
2026-07-27T03:11:58Z,991902cc59b71ce4ad77c522f5feac89b1e31e52,6634,size_in_bytes,cmx,152528559,6634,e65af729a6bedfe7982b1745866a731bf7e4237f
2026-07-27T03:11:58Z,991902cc59b71ce4ad77c522f5feac89b1e31e52,6634,size_in_bytes,cmo,1472963,6634,e65af729a6bedfe7982b1745866a731bf7e4237f
2026-07-27T03:11:58Z,991902cc59b71ce4ad77c522f5feac89b1e31e52,6634,size_in_bytes,cms,24769778,6634,e65af729a6bedfe7982b1745866a731bf7e4237f
2026-07-27T03:11:58Z,991902cc59b71ce4ad77c522f5feac89b1e31e52,6634,size_in_bytes,cmsi,8401492,6634,e65af729a6bedfe7982b1745866a731bf7e4237f
2026-07-27T03:11:58Z,991902cc59b71ce4ad77c522f5feac89b1e31e52,6634,size_in_bytes,cmt,605189504,6634,e65af729a6bedfe7982b1745866a731bf7e4237f
2026-07-27T03:11:58Z,991902cc59b71ce4ad77c522f5feac89b1e31e52,6634,size_in_bytes,cmti,71582010,6634,e65af729a6bedfe7982b1745866a731bf7e4237f
2026-07-27T03:11:58Z,991902cc59b71ce4ad77c522f5feac89b1e31e52,6634,size_in_bytes,o,4624,6634,e65af729a6bedfe7982b1745866a731bf7e4237f
2026-07-27T03:11:58Z,991902cc59b71ce4ad77c522f5feac89b1e31e52,6634,time_in_seconds,<all>,2533.871,6634,e65af729a6bedfe7982b1745866a731bf7e4237f
2026-07-27T03:11:58Z,991902cc59b71ce4ad77c522f5feac89b1e31e52,6634,time_in_seconds,parsing,9.361,6634,e65af729a6bedfe7982b1745866a731bf7e4237f
2026-07-27T03:11:58Z,991902cc59b71ce4ad77c522f5feac89b1e31e52,6634,time_in_seconds,typing,233.195,6634,e65af729a6bedfe7982b1745866a731bf7e4237f
2026-07-27T03:11:58Z,991902cc59b71ce4ad77c522f5feac89b1e31e52,6634,time_in_seconds,generate/flambda2,1080.969,6634,e65af729a6bedfe7982b1745866a731bf7e4237f
2026-07-27T03:11:58Z,991902cc59b71ce4ad77c522f5feac89b1e31e52,6634,time_in_seconds,generate/compile_phrases/cfg,377.593,6634,e65af729a6bedfe7982b1745866a731bf7e4237f
2026-07-27T03:11:58Z,991902cc59b71ce4ad77c522f5feac89b1e31e52,6634,time_in_seconds,generate/assemble,63.836,6634,e65af729a6bedfe7982b1745866a731bf7e4237f
2026-07-27T03:11:58Z,991902cc59b71ce4ad77c522f5feac89b1e31e52,6634,alloc_in_bytes,<all>,3359162361755,6634,e65af729a6bedfe7982b1745866a731bf7e4237f
2026-07-27T03:11:58Z,991902cc59b71ce4ad77c522f5feac89b1e31e52,6634,alloc_in_bytes,parsing,12827679989,6634,e65af729a6bedfe7982b1745866a731bf7e4237f
2026-07-27T03:11:58Z,991902cc59b71ce4ad77c522f5feac89b1e31e52,6634,alloc_in_bytes,typing,273362660777,6634,e65af729a6bedfe7982b1745866a731bf7e4237f
2026-07-27T03:11:58Z,991902cc59b71ce4ad77c522f5feac89b1e31e52,6634,alloc_in_bytes,generate/flambda2,2160764249970,6634,e65af729a6bedfe7982b1745866a731bf7e4237f
2026-07-27T03:11:58Z,991902cc59b71ce4ad77c522f5feac89b1e31e52,6634,alloc_in_bytes,generate/compile_phrases/cfg,406372901304,6634,e65af729a6bedfe7982b1745866a731bf7e4237f
2026-07-27T03:11:58Z,991902cc59b71ce4ad77c522f5feac89b1e31e52,6634,alloc_in_bytes,generate/assemble,441597271,6634,e65af729a6bedfe7982b1745866a731bf7e4237f
2026-07-27T03:11:58Z,991902cc59b71ce4ad77c522f5feac89b1e31e52,6634,top_heap_in_bytes,<all>,147630848254,6634,e65af729a6bedfe7982b1745866a731bf7e4237f
2026-07-27T03:11:58Z,991902cc59b71ce4ad77c522f5feac89b1e31e52,6634,top_heap_in_bytes,parsing,2078371488,6634,e65af729a6bedfe7982b1745866a731bf7e4237f
2026-07-27T03:11:58Z,991902cc59b71ce4ad77c522f5feac89b1e31e52,6634,top_heap_in_bytes,typing,30332219813,6634,e65af729a6bedfe7982b1745866a731bf7e4237f
2026-07-27T03:11:58Z,991902cc59b71ce4ad77c522f5feac89b1e31e52,6634,top_heap_in_bytes,generate/flambda2,70493162846,6634,e65af729a6bedfe7982b1745866a731bf7e4237f
2026-07-27T03:11:58Z,991902cc59b71ce4ad77c522f5feac89b1e31e52,6634,top_heap_in_bytes,generate/compile_phrases/cfg,21636504914,6634,e65af729a6bedfe7982b1745866a731bf7e4237f
2026-07-27T03:11:58Z,991902cc59b71ce4ad77c522f5feac89b1e31e52,6634,top_heap_in_bytes,generate/assemble,19797088,6634,e65af729a6bedfe7982b1745866a731bf7e4237f
2026-07-27T03:11:58Z,991902cc59b71ce4ad77c522f5feac89b1e31e52,6634,absolute_top_heap_in_bytes,<all>,192175090944,6634,e65af729a6bedfe7982b1745866a731bf7e4237f
2026-07-27T03:11:58Z,991902cc59b71ce4ad77c522f5feac89b1e31e52,6634,absolute_top_heap_in_bytes,parsing,12647398818,6634,e65af729a6bedfe7982b1745866a731bf7e4237f
2026-07-27T03:11:58Z,991902cc59b71ce4ad77c522f5feac89b1e31e52,6634,absolute_top_heap_in_bytes,typing,53225538537,6634,e65af729a6bedfe7982b1745866a731bf7e4237f
2026-07-27T03:11:58Z,991902cc59b71ce4ad77c522f5feac89b1e31e52,6634,absolute_top_heap_in_bytes,generate/flambda2,127871514278,6634,e65af729a6bedfe7982b1745866a731bf7e4237f
2026-07-27T03:11:58Z,991902cc59b71ce4ad77c522f5feac89b1e31e52,6634,absolute_top_heap_in_bytes,generate/compile_phrases/cfg,143862592197,6634,e65af729a6bedfe7982b1745866a731bf7e4237f
2026-07-27T03:11:58Z,991902cc59b71ce4ad77c522f5feac89b1e31e52,6634,absolute_top_heap_in_bytes,generate/assemble,2010854174,6634,e65af729a6bedfe7982b1745866a731bf7e4237f
2026-07-27T03:11:58Z,991902cc59b71ce4ad77c522f5feac89b1e31e52,6634,counter,block,2582777,6634,e65af729a6bedfe7982b1745866a731bf7e4237f
2026-07-27T03:11:58Z,991902cc59b71ce4ad77c522f5feac89b1e31e52,6634,counter,instruction,15120718,6634,e65af729a6bedfe7982b1745866a731bf7e4237f
2026-07-27T03:11:58Z,991902cc59b71ce4ad77c522f5feac89b1e31e52,6634,counter,move,1953809,6634,e65af729a6bedfe7982b1745866a731bf7e4237f
2026-07-27T03:11:58Z,991902cc59b71ce4ad77c522f5feac89b1e31e52,6634,counter,reload,956594,6634,e65af729a6bedfe7982b1745866a731bf7e4237f
2026-07-27T03:11:58Z,991902cc59b71ce4ad77c522f5feac89b1e31e52,6634,counter,spill,683964,6634,e65af729a6bedfe7982b1745866a731bf7e4237f
2026-07-27T03:11:58Z,991902cc59b71ce4ad77c522f5feac89b1e31e52,6634,counter,stack_slot,453744,6634,e65af729a6bedfe7982b1745866a731bf7e4237f
2026-07-28T18:02:55Z,a160052ab46b811cc9a9b6484c69f255fe82d9d6,6342,size_in_bytes,exe,68873464,6447/6431/6377/6639/6342,d5ae76ad7c72c88129ed3cd6482ceffcc733807a
2026-07-28T18:02:55Z,a160052ab46b811cc9a9b6484c69f255fe82d9d6,6342,size_in_bytes,opt,479959448,6447/6431/6377/6639/6342,d5ae76ad7c72c88129ed3cd6482ceffcc733807a
2026-07-28T18:02:55Z,a160052ab46b811cc9a9b6484c69f255fe82d9d6,6342,size_in_bytes,a,215316782,6447/6431/6377/6639/6342,d5ae76ad7c72c88129ed3cd6482ceffcc733807a
2026-07-28T18:02:55Z,a160052ab46b811cc9a9b6484c69f255fe82d9d6,6342,size_in_bytes,cmxa,349171,6447/6431/6377/6639/6342,d5ae76ad7c72c88129ed3cd6482ceffcc733807a
2026-07-28T18:02:55Z,a160052ab46b811cc9a9b6484c69f255fe82d9d6,6342,size_in_bytes,cma,262928867,6447/6431/6377/6639/6342,d5ae76ad7c72c88129ed3cd6482ceffcc733807a
2026-07-28T18:02:55Z,a160052ab46b811cc9a9b6484c69f255fe82d9d6,6342,size_in_bytes,cmi,23726024,6447/6431/6377/6639/6342,d5ae76ad7c72c88129ed3cd6482ceffcc733807a
2026-07-28T18:02:55Z,a160052ab46b811cc9a9b6484c69f255fe82d9d6,6342,size_in_bytes,cmx,152707395,6447/6431/6377/6639/6342,d5ae76ad7c72c88129ed3cd6482ceffcc733807a
2026-07-28T18:02:55Z,a160052ab46b811cc9a9b6484c69f255fe82d9d6,6342,size_in_bytes,cmo,1511760,6447/6431/6377/6639/6342,d5ae76ad7c72c88129ed3cd6482ceffcc733807a
2026-07-28T18:02:55Z,a160052ab46b811cc9a9b6484c69f255fe82d9d6,6342,size_in_bytes,cms,24794356,6447/6431/6377/6639/6342,d5ae76ad7c72c88129ed3cd6482ceffcc733807a
2026-07-28T18:02:55Z,a160052ab46b811cc9a9b6484c69f255fe82d9d6,6342,size_in_bytes,cmsi,8403514,6447/6431/6377/6639/6342,d5ae76ad7c72c88129ed3cd6482ceffcc733807a
2026-07-28T18:02:55Z,a160052ab46b811cc9a9b6484c69f255fe82d9d6,6342,size_in_bytes,cmt,644248316,6447/6431/6377/6639/6342,d5ae76ad7c72c88129ed3cd6482ceffcc733807a
2026-07-28T18:02:55Z,a160052ab46b811cc9a9b6484c69f255fe82d9d6,6342,size_in_bytes,cmti,71625280,6447/6431/6377/6639/6342,d5ae76ad7c72c88129ed3cd6482ceffcc733807a
2026-07-28T18:02:55Z,a160052ab46b811cc9a9b6484c69f255fe82d9d6,6342,size_in_bytes,o,4624,6447/6431/6377/6639/6342,d5ae76ad7c72c88129ed3cd6482ceffcc733807a
2026-07-28T18:02:55Z,a160052ab46b811cc9a9b6484c69f255fe82d9d6,6342,time_in_seconds,<all>,2397.391,6447/6431/6377/6639/6342,d5ae76ad7c72c88129ed3cd6482ceffcc733807a
2026-07-28T18:02:55Z,a160052ab46b811cc9a9b6484c69f255fe82d9d6,6342,time_in_seconds,parsing,8.568,6447/6431/6377/6639/6342,d5ae76ad7c72c88129ed3cd6482ceffcc733807a
2026-07-28T18:02:55Z,a160052ab46b811cc9a9b6484c69f255fe82d9d6,6342,time_in_seconds,typing,214.924,6447/6431/6377/6639/6342,d5ae76ad7c72c88129ed3cd6482ceffcc733807a
2026-07-28T18:02:55Z,a160052ab46b811cc9a9b6484c69f255fe82d9d6,6342,time_in_seconds,generate/flambda2,1005.597,6447/6431/6377/6639/6342,d5ae76ad7c72c88129ed3cd6482ceffcc733807a
2026-07-28T18:02:55Z,a160052ab46b811cc9a9b6484c69f255fe82d9d6,6342,time_in_seconds,generate/compile_phrases/cfg,357.839,6447/6431/6377/6639/6342,d5ae76ad7c72c88129ed3cd6482ceffcc733807a
2026-07-28T18:02:55Z,a160052ab46b811cc9a9b6484c69f255fe82d9d6,6342,time_in_seconds,generate/assemble,60.023,6447/6431/6377/6639/6342,d5ae76ad7c72c88129ed3cd6482ceffcc733807a
2026-07-28T18:02:55Z,a160052ab46b811cc9a9b6484c69f255fe82d9d6,6342,alloc_in_bytes,<all>,3374261740812,6447/6431/6377/6639/6342,d5ae76ad7c72c88129ed3cd6482ceffcc733807a
2026-07-28T18:02:55Z,a160052ab46b811cc9a9b6484c69f255fe82d9d6,6342,alloc_in_bytes,parsing,12900985950,6447/6431/6377/6639/6342,d5ae76ad7c72c88129ed3cd6482ceffcc733807a
2026-07-28T18:02:55Z,a160052ab46b811cc9a9b6484c69f255fe82d9d6,6342,alloc_in_bytes,typing,277457182327,6447/6431/6377/6639/6342,d5ae76ad7c72c88129ed3cd6482ceffcc733807a
2026-07-28T18:02:55Z,a160052ab46b811cc9a9b6484c69f255fe82d9d6,6342,alloc_in_bytes,generate/flambda2,2163881540623,6447/6431/6377/6639/6342,d5ae76ad7c72c88129ed3cd6482ceffcc733807a
2026-07-28T18:02:55Z,a160052ab46b811cc9a9b6484c69f255fe82d9d6,6342,alloc_in_bytes,generate/compile_phrases/cfg,406435595662,6447/6431/6377/6639/6342,d5ae76ad7c72c88129ed3cd6482ceffcc733807a
2026-07-28T18:02:55Z,a160052ab46b811cc9a9b6484c69f255fe82d9d6,6342,alloc_in_bytes,generate/assemble,447259580,6447/6431/6377/6639/6342,d5ae76ad7c72c88129ed3cd6482ceffcc733807a
2026-07-28T18:02:55Z,a160052ab46b811cc9a9b6484c69f255fe82d9d6,6342,top_heap_in_bytes,<all>,148683922673,6447/6431/6377/6639/6342,d5ae76ad7c72c88129ed3cd6482ceffcc733807a
2026-07-28T18:02:55Z,a160052ab46b811cc9a9b6484c69f255fe82d9d6,6342,top_heap_in_bytes,parsing,2072289728,6447/6431/6377/6639/6342,d5ae76ad7c72c88129ed3cd6482ceffcc733807a
2026-07-28T18:02:55Z,a160052ab46b811cc9a9b6484c69f255fe82d9d6,6342,top_heap_in_bytes,typing,31041466106,6447/6431/6377/6639/6342,d5ae76ad7c72c88129ed3cd6482ceffcc733807a
2026-07-28T18:02:55Z,a160052ab46b811cc9a9b6484c69f255fe82d9d6,6342,top_heap_in_bytes,generate/flambda2,70322832160,6447/6431/6377/6639/6342,d5ae76ad7c72c88129ed3cd6482ceffcc733807a
2026-07-28T18:02:55Z,a160052ab46b811cc9a9b6484c69f255fe82d9d6,6342,top_heap_in_bytes,generate/compile_phrases/cfg,21649465328,6447/6431/6377/6639/6342,d5ae76ad7c72c88129ed3cd6482ceffcc733807a
2026-07-28T18:02:55Z,a160052ab46b811cc9a9b6484c69f255fe82d9d6,6342,top_heap_in_bytes,generate/assemble,20048749,6447/6431/6377/6639/6342,d5ae76ad7c72c88129ed3cd6482ceffcc733807a
2026-07-28T18:02:55Z,a160052ab46b811cc9a9b6484c69f255fe82d9d6,6342,absolute_top_heap_in_bytes,<all>,193319915742,6447/6431/6377/6639/6342,d5ae76ad7c72c88129ed3cd6482ceffcc733807a
2026-07-28T18:02:55Z,a160052ab46b811cc9a9b6484c69f255fe82d9d6,6342,absolute_top_heap_in_bytes,parsing,11275756592,6447/6431/6377/6639/6342,d5ae76ad7c72c88129ed3cd6482ceffcc733807a
2026-07-28T18:02:55Z,a160052ab46b811cc9a9b6484c69f255fe82d9d6,6342,absolute_top_heap_in_bytes,typing,54491348005,6447/6431/6377/6639/6342,d5ae76ad7c72c88129ed3cd6482ceffcc733807a
2026-07-28T18:02:55Z,a160052ab46b811cc9a9b6484c69f255fe82d9d6,6342,absolute_top_heap_in_bytes,generate/flambda2,130255934124,6447/6431/6377/6639/6342,d5ae76ad7c72c88129ed3cd6482ceffcc733807a
2026-07-28T18:02:55Z,a160052ab46b811cc9a9b6484c69f255fe82d9d6,6342,absolute_top_heap_in_bytes,generate/compile_phrases/cfg,144927798628,6447/6431/6377/6639/6342,d5ae76ad7c72c88129ed3cd6482ceffcc733807a
2026-07-28T18:02:55Z,a160052ab46b811cc9a9b6484c69f255fe82d9d6,6342,absolute_top_heap_in_bytes,generate/assemble,1830603964,6447/6431/6377/6639/6342,d5ae76ad7c72c88129ed3cd6482ceffcc733807a
2026-07-28T18:02:55Z,a160052ab46b811cc9a9b6484c69f255fe82d9d6,6342,counter,block,2585683,6447/6431/6377/6639/6342,d5ae76ad7c72c88129ed3cd6482ceffcc733807a
2026-07-28T18:02:55Z,a160052ab46b811cc9a9b6484c69f255fe82d9d6,6342,counter,instruction,15150692,6447/6431/6377/6639/6342,d5ae76ad7c72c88129ed3cd6482ceffcc733807a
2026-07-28T18:02:55Z,a160052ab46b811cc9a9b6484c69f255fe82d9d6,6342,counter,move,1958360,6447/6431/6377/6639/6342,d5ae76ad7c72c88129ed3cd6482ceffcc733807a
2026-07-28T18:02:55Z,a160052ab46b811cc9a9b6484c69f255fe82d9d6,6342,counter,reload,959152,6447/6431/6377/6639/6342,d5ae76ad7c72c88129ed3cd6482ceffcc733807a
2026-07-28T18:02:55Z,a160052ab46b811cc9a9b6484c69f255fe82d9d6,6342,counter,spill,686026,6447/6431/6377/6639/6342,d5ae76ad7c72c88129ed3cd6482ceffcc733807a
2026-07-28T18:02:55Z,a160052ab46b811cc9a9b6484c69f255fe82d9d6,6342,counter,stack_slot,455929,6447/6431/6377/6639/6342,d5ae76ad7c72c88129ed3cd6482ceffcc733807a
2026-07-28T22:40:34Z,a80d7a8c40138a3c66a814b2aef616184f59e1e3,6526,size_in_bytes,exe,68874712,6526,e4cef724cc8a89e6504581290e5c96944435b3d2
2026-07-28T22:40:34Z,a80d7a8c40138a3c66a814b2aef616184f59e1e3,6526,size_in_bytes,opt,480005944,6526,e4cef724cc8a89e6504581290e5c96944435b3d2
2026-07-28T22:40:34Z,a80d7a8c40138a3c66a814b2aef616184f59e1e3,6526,size_in_bytes,a,215345854,6526,e4cef724cc8a89e6504581290e5c96944435b3d2
2026-07-28T22:40:34Z,a80d7a8c40138a3c66a814b2aef616184f59e1e3,6526,size_in_bytes,cmxa,349171,6526,e4cef724cc8a89e6504581290e5c96944435b3d2
2026-07-28T22:40:34Z,a80d7a8c40138a3c66a814b2aef616184f59e1e3,6526,size_in_bytes,cma,262949644,6526,e4cef724cc8a89e6504581290e5c96944435b3d2
2026-07-28T22:40:34Z,a80d7a8c40138a3c66a814b2aef616184f59e1e3,6526,size_in_bytes,cmi,23729195,6526,e4cef724cc8a89e6504581290e5c96944435b3d2
2026-07-28T22:40:34Z,a80d7a8c40138a3c66a814b2aef616184f59e1e3,6526,size_in_bytes,cmx,152744407,6526,e4cef724cc8a89e6504581290e5c96944435b3d2
2026-07-28T22:40:34Z,a80d7a8c40138a3c66a814b2aef616184f59e1e3,6526,size_in_bytes,cmo,1511760,6526,e4cef724cc8a89e6504581290e5c96944435b3d2
2026-07-28T22:40:34Z,a80d7a8c40138a3c66a814b2aef616184f59e1e3,6526,size_in_bytes,cms,24794362,6526,e4cef724cc8a89e6504581290e5c96944435b3d2
2026-07-28T22:40:34Z,a80d7a8c40138a3c66a814b2aef616184f59e1e3,6526,size_in_bytes,cmsi,8403514,6526,e4cef724cc8a89e6504581290e5c96944435b3d2
2026-07-28T22:40:34Z,a80d7a8c40138a3c66a814b2aef616184f59e1e3,6526,size_in_bytes,cmt,655377312,6526,e4cef724cc8a89e6504581290e5c96944435b3d2
2026-07-28T22:40:34Z,a80d7a8c40138a3c66a814b2aef616184f59e1e3,6526,size_in_bytes,cmti,71638004,6526,e4cef724cc8a89e6504581290e5c96944435b3d2
2026-07-28T22:40:34Z,a80d7a8c40138a3c66a814b2aef616184f59e1e3,6526,size_in_bytes,o,4624,6526,e4cef724cc8a89e6504581290e5c96944435b3d2
2026-07-28T22:40:34Z,a80d7a8c40138a3c66a814b2aef616184f59e1e3,6526,time_in_seconds,<all>,2300.873,6526,e4cef724cc8a89e6504581290e5c96944435b3d2
2026-07-28T22:40:34Z,a80d7a8c40138a3c66a814b2aef616184f59e1e3,6526,time_in_seconds,parsing,7.994,6526,e4cef724cc8a89e6504581290e5c96944435b3d2
2026-07-28T22:40:34Z,a80d7a8c40138a3c66a814b2aef616184f59e1e3,6526,time_in_seconds,typing,208.032,6526,e4cef724cc8a89e6504581290e5c96944435b3d2
2026-07-28T22:40:34Z,a80d7a8c40138a3c66a814b2aef616184f59e1e3,6526,time_in_seconds,generate/flambda2,968.958,6526,e4cef724cc8a89e6504581290e5c96944435b3d2
2026-07-28T22:40:34Z,a80d7a8c40138a3c66a814b2aef616184f59e1e3,6526,time_in_seconds,generate/compile_phrases/cfg,354.142,6526,e4cef724cc8a89e6504581290e5c96944435b3d2
2026-07-28T22:40:34Z,a80d7a8c40138a3c66a814b2aef616184f59e1e3,6526,time_in_seconds,generate/assemble,56.980,6526,e4cef724cc8a89e6504581290e5c96944435b3d2
2026-07-28T22:40:34Z,a80d7a8c40138a3c66a814b2aef616184f59e1e3,6526,alloc_in_bytes,<all>,3374856482640,6526,e4cef724cc8a89e6504581290e5c96944435b3d2
2026-07-28T22:40:34Z,a80d7a8c40138a3c66a814b2aef616184f59e1e3,6526,alloc_in_bytes,parsing,12900503608,6526,e4cef724cc8a89e6504581290e5c96944435b3d2
2026-07-28T22:40:34Z,a80d7a8c40138a3c66a814b2aef616184f59e1e3,6526,alloc_in_bytes,typing,278141210359,6526,e4cef724cc8a89e6504581290e5c96944435b3d2
2026-07-28T22:40:34Z,a80d7a8c40138a3c66a814b2aef616184f59e1e3,6526,alloc_in_bytes,generate/flambda2,2164212502653,6526,e4cef724cc8a89e6504581290e5c96944435b3d2
2026-07-28T22:40:34Z,a80d7a8c40138a3c66a814b2aef616184f59e1e3,6526,alloc_in_bytes,generate/compile_phrases/cfg,406433760672,6526,e4cef724cc8a89e6504581290e5c96944435b3d2
2026-07-28T22:40:34Z,a80d7a8c40138a3c66a814b2aef616184f59e1e3,6526,alloc_in_bytes,generate/assemble,442761191,6526,e4cef724cc8a89e6504581290e5c96944435b3d2
2026-07-28T22:40:34Z,a80d7a8c40138a3c66a814b2aef616184f59e1e3,6526,top_heap_in_bytes,<all>,149143104582,6526,e4cef724cc8a89e6504581290e5c96944435b3d2
2026-07-28T22:40:34Z,a80d7a8c40138a3c66a814b2aef616184f59e1e3,6526,top_heap_in_bytes,parsing,2072772081,6526,e4cef724cc8a89e6504581290e5c96944435b3d2
2026-07-28T22:40:34Z,a80d7a8c40138a3c66a814b2aef616184f59e1e3,6526,top_heap_in_bytes,typing,31387223557,6526,e4cef724cc8a89e6504581290e5c96944435b3d2
2026-07-28T22:40:34Z,a80d7a8c40138a3c66a814b2aef616184f59e1e3,6526,top_heap_in_bytes,generate/flambda2,70053033570,6526,e4cef724cc8a89e6504581290e5c96944435b3d2
2026-07-28T22:40:34Z,a80d7a8c40138a3c66a814b2aef616184f59e1e3,6526,top_heap_in_bytes,generate/compile_phrases/cfg,21908463545,6526,e4cef724cc8a89e6504581290e5c96944435b3d2
2026-07-28T22:40:34Z,a80d7a8c40138a3c66a814b2aef616184f59e1e3,6526,top_heap_in_bytes,generate/assemble,19346202,6526,e4cef724cc8a89e6504581290e5c96944435b3d2
2026-07-28T22:40:34Z,a80d7a8c40138a3c66a814b2aef616184f59e1e3,6526,absolute_top_heap_in_bytes,<all>,194959469142,6526,e4cef724cc8a89e6504581290e5c96944435b3d2
2026-07-28T22:40:34Z,a80d7a8c40138a3c66a814b2aef616184f59e1e3,6526,absolute_top_heap_in_bytes,parsing,11298877677,6526,e4cef724cc8a89e6504581290e5c96944435b3d2
2026-07-28T22:40:34Z,a80d7a8c40138a3c66a814b2aef616184f59e1e3,6526,absolute_top_heap_in_bytes,typing,55044786404,6526,e4cef724cc8a89e6504581290e5c96944435b3d2
2026-07-28T22:40:34Z,a80d7a8c40138a3c66a814b2aef616184f59e1e3,6526,absolute_top_heap_in_bytes,generate/flambda2,128644409172,6526,e4cef724cc8a89e6504581290e5c96944435b3d2
2026-07-28T22:40:34Z,a80d7a8c40138a3c66a814b2aef616184f59e1e3,6526,absolute_top_heap_in_bytes,generate/compile_phrases/cfg,145678002310,6526,e4cef724cc8a89e6504581290e5c96944435b3d2
2026-07-28T22:40:34Z,a80d7a8c40138a3c66a814b2aef616184f59e1e3,6526,absolute_top_heap_in_bytes,generate/assemble,1752904482,6526,e4cef724cc8a89e6504581290e5c96944435b3d2
2026-07-28T22:40:34Z,a80d7a8c40138a3c66a814b2aef616184f59e1e3,6526,counter,block,2585814,6526,e4cef724cc8a89e6504581290e5c96944435b3d2
2026-07-28T22:40:34Z,a80d7a8c40138a3c66a814b2aef616184f59e1e3,6526,counter,instruction,15151293,6526,e4cef724cc8a89e6504581290e5c96944435b3d2
2026-07-28T22:40:34Z,a80d7a8c40138a3c66a814b2aef616184f59e1e3,6526,counter,move,1958380,6526,e4cef724cc8a89e6504581290e5c96944435b3d2
2026-07-28T22:40:34Z,a80d7a8c40138a3c66a814b2aef616184f59e1e3,6526,counter,reload,959241,6526,e4cef724cc8a89e6504581290e5c96944435b3d2
2026-07-28T22:40:34Z,a80d7a8c40138a3c66a814b2aef616184f59e1e3,6526,counter,spill,686073,6526,e4cef724cc8a89e6504581290e5c96944435b3d2
2026-07-28T22:40:34Z,a80d7a8c40138a3c66a814b2aef616184f59e1e3,6526,counter,stack_slot,455949,6526,e4cef724cc8a89e6504581290e5c96944435b3d2
2026-07-28T17:51:36Z,d5ae76ad7c72c88129ed3cd6482ceffcc733807a,6501,size_in_bytes,exe,68858968,6501,d82ea5d3b769b8fc690edc67c83a32b3f2d07da1
2026-07-28T17:51:36Z,d5ae76ad7c72c88129ed3cd6482ceffcc733807a,6501,size_in_bytes,opt,479992064,6501,d82ea5d3b769b8fc690edc67c83a32b3f2d07da1
2026-07-28T17:51:36Z,d5ae76ad7c72c88129ed3cd6482ceffcc733807a,6501,size_in_bytes,a,215381496,6501,d82ea5d3b769b8fc690edc67c83a32b3f2d07da1
2026-07-28T17:51:36Z,d5ae76ad7c72c88129ed3cd6482ceffcc733807a,6501,size_in_bytes,cmxa,349171,6501,d82ea5d3b769b8fc690edc67c83a32b3f2d07da1
2026-07-28T17:51:36Z,d5ae76ad7c72c88129ed3cd6482ceffcc733807a,6501,size_in_bytes,cma,262893589,6501,d82ea5d3b769b8fc690edc67c83a32b3f2d07da1
2026-07-28T17:51:36Z,d5ae76ad7c72c88129ed3cd6482ceffcc733807a,6501,size_in_bytes,cmi,23720152,6501,d82ea5d3b769b8fc690edc67c83a32b3f2d07da1
2026-07-28T17:51:36Z,d5ae76ad7c72c88129ed3cd6482ceffcc733807a,6501,size_in_bytes,cmx,152707395,6501,d82ea5d3b769b8fc690edc67c83a32b3f2d07da1
2026-07-28T17:51:36Z,d5ae76ad7c72c88129ed3cd6482ceffcc733807a,6501,size_in_bytes,cmo,1511760,6501,d82ea5d3b769b8fc690edc67c83a32b3f2d07da1
2026-07-28T17:51:36Z,d5ae76ad7c72c88129ed3cd6482ceffcc733807a,6501,size_in_bytes,cms,24776755,6501,d82ea5d3b769b8fc690edc67c83a32b3f2d07da1
2026-07-28T17:51:36Z,d5ae76ad7c72c88129ed3cd6482ceffcc733807a,6501,size_in_bytes,cmsi,8402076,6501,d82ea5d3b769b8fc690edc67c83a32b3f2d07da1
2026-07-28T17:51:36Z,d5ae76ad7c72c88129ed3cd6482ceffcc733807a,6501,size_in_bytes,cmt,644110432,6501,d82ea5d3b769b8fc690edc67c83a32b3f2d07da1
2026-07-28T17:51:36Z,d5ae76ad7c72c88129ed3cd6482ceffcc733807a,6501,size_in_bytes,cmti,71615424,6501,d82ea5d3b769b8fc690edc67c83a32b3f2d07da1
2026-07-28T17:51:36Z,d5ae76ad7c72c88129ed3cd6482ceffcc733807a,6501,size_in_bytes,o,4624,6501,d82ea5d3b769b8fc690edc67c83a32b3f2d07da1
2026-07-28T17:51:36Z,d5ae76ad7c72c88129ed3cd6482ceffcc733807a,6501,time_in_seconds,<all>,2412.960,6501,d82ea5d3b769b8fc690edc67c83a32b3f2d07da1
2026-07-28T17:51:36Z,d5ae76ad7c72c88129ed3cd6482ceffcc733807a,6501,time_in_seconds,parsing,8.189,6501,d82ea5d3b769b8fc690edc67c83a32b3f2d07da1
2026-07-28T17:51:36Z,d5ae76ad7c72c88129ed3cd6482ceffcc733807a,6501,time_in_seconds,typing,207.702,6501,d82ea5d3b769b8fc690edc67c83a32b3f2d07da1
2026-07-28T17:51:36Z,d5ae76ad7c72c88129ed3cd6482ceffcc733807a,6501,time_in_seconds,generate/flambda2,1025.882,6501,d82ea5d3b769b8fc690edc67c83a32b3f2d07da1
2026-07-28T17:51:36Z,d5ae76ad7c72c88129ed3cd6482ceffcc733807a,6501,time_in_seconds,generate/compile_phrases/cfg,365.598,6501,d82ea5d3b769b8fc690edc67c83a32b3f2d07da1
2026-07-28T17:51:36Z,d5ae76ad7c72c88129ed3cd6482ceffcc733807a,6501,time_in_seconds,generate/assemble,61.231,6501,d82ea5d3b769b8fc690edc67c83a32b3f2d07da1
2026-07-28T17:51:36Z,d5ae76ad7c72c88129ed3cd6482ceffcc733807a,6501,alloc_in_bytes,<all>,3375153848306,6501,d82ea5d3b769b8fc690edc67c83a32b3f2d07da1
2026-07-28T17:51:36Z,d5ae76ad7c72c88129ed3cd6482ceffcc733807a,6501,alloc_in_bytes,parsing,12958049457,6501,d82ea5d3b769b8fc690edc67c83a32b3f2d07da1
2026-07-28T17:51:36Z,d5ae76ad7c72c88129ed3cd6482ceffcc733807a,6501,alloc_in_bytes,typing,277451509530,6501,d82ea5d3b769b8fc690edc67c83a32b3f2d07da1
2026-07-28T17:51:36Z,d5ae76ad7c72c88129ed3cd6482ceffcc733807a,6501,alloc_in_bytes,generate/flambda2,2164692299588,6501,d82ea5d3b769b8fc690edc67c83a32b3f2d07da1
2026-07-28T17:51:36Z,d5ae76ad7c72c88129ed3cd6482ceffcc733807a,6501,alloc_in_bytes,generate/compile_phrases/cfg,406372272158,6501,d82ea5d3b769b8fc690edc67c83a32b3f2d07da1
2026-07-28T17:51:36Z,d5ae76ad7c72c88129ed3cd6482ceffcc733807a,6501,alloc_in_bytes,generate/assemble,447270065,6501,d82ea5d3b769b8fc690edc67c83a32b3f2d07da1
2026-07-28T17:51:36Z,d5ae76ad7c72c88129ed3cd6482ceffcc733807a,6501,top_heap_in_bytes,<all>,148636883559,6501,d82ea5d3b769b8fc690edc67c83a32b3f2d07da1
2026-07-28T17:51:36Z,d5ae76ad7c72c88129ed3cd6482ceffcc733807a,6501,top_heap_in_bytes,parsing,2080175015,6501,d82ea5d3b769b8fc690edc67c83a32b3f2d07da1
2026-07-28T17:51:36Z,d5ae76ad7c72c88129ed3cd6482ceffcc733807a,6501,top_heap_in_bytes,typing,31038697875,6501,d82ea5d3b769b8fc690edc67c83a32b3f2d07da1
2026-07-28T17:51:36Z,d5ae76ad7c72c88129ed3cd6482ceffcc733807a,6501,top_heap_in_bytes,generate/flambda2,70249117244,6501,d82ea5d3b769b8fc690edc67c83a32b3f2d07da1
2026-07-28T17:51:36Z,d5ae76ad7c72c88129ed3cd6482ceffcc733807a,6501,top_heap_in_bytes,generate/compile_phrases/cfg,21710293218,6501,d82ea5d3b769b8fc690edc67c83a32b3f2d07da1
2026-07-28T17:51:36Z,d5ae76ad7c72c88129ed3cd6482ceffcc733807a,6501,top_heap_in_bytes,generate/assemble,20111663,6501,d82ea5d3b769b8fc690edc67c83a32b3f2d07da1
2026-07-28T17:51:36Z,d5ae76ad7c72c88129ed3cd6482ceffcc733807a,6501,absolute_top_heap_in_bytes,<all>,193317661327,6501,d82ea5d3b769b8fc690edc67c83a32b3f2d07da1
2026-07-28T17:51:36Z,d5ae76ad7c72c88129ed3cd6482ceffcc733807a,6501,absolute_top_heap_in_bytes,parsing,11290457619,6501,d82ea5d3b769b8fc690edc67c83a32b3f2d07da1
2026-07-28T17:51:36Z,d5ae76ad7c72c88129ed3cd6482ceffcc733807a,6501,absolute_top_heap_in_bytes,typing,54491306060,6501,d82ea5d3b769b8fc690edc67c83a32b3f2d07da1
2026-07-28T17:51:36Z,d5ae76ad7c72c88129ed3cd6482ceffcc733807a,6501,absolute_top_heap_in_bytes,generate/flambda2,129072668565,6501,d82ea5d3b769b8fc690edc67c83a32b3f2d07da1
2026-07-28T17:51:36Z,d5ae76ad7c72c88129ed3cd6482ceffcc733807a,6501,absolute_top_heap_in_bytes,generate/compile_phrases/cfg,145351171698,6501,d82ea5d3b769b8fc690edc67c83a32b3f2d07da1
2026-07-28T17:51:36Z,d5ae76ad7c72c88129ed3cd6482ceffcc733807a,6501,absolute_top_heap_in_bytes,generate/assemble,1841016322,6501,d82ea5d3b769b8fc690edc67c83a32b3f2d07da1
2026-07-28T17:51:36Z,d5ae76ad7c72c88129ed3cd6482ceffcc733807a,6501,counter,block,2586002,6501,d82ea5d3b769b8fc690edc67c83a32b3f2d07da1
2026-07-28T17:51:36Z,d5ae76ad7c72c88129ed3cd6482ceffcc733807a,6501,counter,instruction,15151545,6501,d82ea5d3b769b8fc690edc67c83a32b3f2d07da1
2026-07-28T17:51:36Z,d5ae76ad7c72c88129ed3cd6482ceffcc733807a,6501,counter,move,1958205,6501,d82ea5d3b769b8fc690edc67c83a32b3f2d07da1
2026-07-28T17:51:36Z,d5ae76ad7c72c88129ed3cd6482ceffcc733807a,6501,counter,reload,958933,6501,d82ea5d3b769b8fc690edc67c83a32b3f2d07da1
2026-07-28T17:51:36Z,d5ae76ad7c72c88129ed3cd6482ceffcc733807a,6501,counter,spill,686090,6501,d82ea5d3b769b8fc690edc67c83a32b3f2d07da1
2026-07-28T17:51:36Z,d5ae76ad7c72c88129ed3cd6482ceffcc733807a,6501,counter,stack_slot,455914,6501,d82ea5d3b769b8fc690edc67c83a32b3f2d07da1
2026-07-28T17:46:34Z,d82ea5d3b769b8fc690edc67c83a32b3f2d07da1,5496,size_in_bytes,exe,68858488,5496,ee149ef2ebd4ae79e61249f68228214bf02672ac
2026-07-28T17:46:34Z,d82ea5d3b769b8fc690edc67c83a32b3f2d07da1,5496,size_in_bytes,opt,479987488,5496,ee149ef2ebd4ae79e61249f68228214bf02672ac
2026-07-28T17:46:34Z,d82ea5d3b769b8fc690edc67c83a32b3f2d07da1,5496,size_in_bytes,a,215381474,5496,ee149ef2ebd4ae79e61249f68228214bf02672ac
2026-07-28T17:46:34Z,d82ea5d3b769b8fc690edc67c83a32b3f2d07da1,5496,size_in_bytes,cmxa,349171,5496,ee149ef2ebd4ae79e61249f68228214bf02672ac
2026-07-28T17:46:34Z,d82ea5d3b769b8fc690edc67c83a32b3f2d07da1,5496,size_in_bytes,cma,262886866,5496,ee149ef2ebd4ae79e61249f68228214bf02672ac
2026-07-28T17:46:34Z,d82ea5d3b769b8fc690edc67c83a32b3f2d07da1,5496,size_in_bytes,cmi,23719570,5496,ee149ef2ebd4ae79e61249f68228214bf02672ac
2026-07-28T17:46:34Z,d82ea5d3b769b8fc690edc67c83a32b3f2d07da1,5496,size_in_bytes,cmx,152693676,5496,ee149ef2ebd4ae79e61249f68228214bf02672ac
2026-07-28T17:46:34Z,d82ea5d3b769b8fc690edc67c83a32b3f2d07da1,5496,size_in_bytes,cmo,1505893,5496,ee149ef2ebd4ae79e61249f68228214bf02672ac
2026-07-28T17:46:34Z,d82ea5d3b769b8fc690edc67c83a32b3f2d07da1,5496,size_in_bytes,cms,24776755,5496,ee149ef2ebd4ae79e61249f68228214bf02672ac
2026-07-28T17:46:34Z,d82ea5d3b769b8fc690edc67c83a32b3f2d07da1,5496,size_in_bytes,cmsi,8402076,5496,ee149ef2ebd4ae79e61249f68228214bf02672ac
2026-07-28T17:46:34Z,d82ea5d3b769b8fc690edc67c83a32b3f2d07da1,5496,size_in_bytes,cmt,644085770,5496,ee149ef2ebd4ae79e61249f68228214bf02672ac
2026-07-28T17:46:34Z,d82ea5d3b769b8fc690edc67c83a32b3f2d07da1,5496,size_in_bytes,cmti,71612356,5496,ee149ef2ebd4ae79e61249f68228214bf02672ac
2026-07-28T17:46:34Z,d82ea5d3b769b8fc690edc67c83a32b3f2d07da1,5496,size_in_bytes,o,4624,5496,ee149ef2ebd4ae79e61249f68228214bf02672ac
2026-07-28T17:46:34Z,d82ea5d3b769b8fc690edc67c83a32b3f2d07da1,5496,time_in_seconds,<all>,2496.661,5496,ee149ef2ebd4ae79e61249f68228214bf02672ac
2026-07-28T17:46:34Z,d82ea5d3b769b8fc690edc67c83a32b3f2d07da1,5496,time_in_seconds,parsing,8.555,5496,ee149ef2ebd4ae79e61249f68228214bf02672ac
2026-07-28T17:46:34Z,d82ea5d3b769b8fc690edc67c83a32b3f2d07da1,5496,time_in_seconds,typing,233.881,5496,ee149ef2ebd4ae79e61249f68228214bf02672ac
2026-07-28T17:46:34Z,d82ea5d3b769b8fc690edc67c83a32b3f2d07da1,5496,time_in_seconds,generate/flambda2,1047.500,5496,ee149ef2ebd4ae79e61249f68228214bf02672ac
2026-07-28T17:46:34Z,d82ea5d3b769b8fc690edc67c83a32b3f2d07da1,5496,time_in_seconds,generate/compile_phrases/cfg,371.941,5496,ee149ef2ebd4ae79e61249f68228214bf02672ac
2026-07-28T17:46:34Z,d82ea5d3b769b8fc690edc67c83a32b3f2d07da1,5496,time_in_seconds,generate/assemble,65.717,5496,ee149ef2ebd4ae79e61249f68228214bf02672ac
2026-07-28T17:46:34Z,d82ea5d3b769b8fc690edc67c83a32b3f2d07da1,5496,alloc_in_bytes,<all>,3374780544761,5496,ee149ef2ebd4ae79e61249f68228214bf02672ac
2026-07-28T17:46:34Z,d82ea5d3b769b8fc690edc67c83a32b3f2d07da1,5496,alloc_in_bytes,parsing,12911576567,5496,ee149ef2ebd4ae79e61249f68228214bf02672ac
2026-07-28T17:46:34Z,d82ea5d3b769b8fc690edc67c83a32b3f2d07da1,5496,alloc_in_bytes,typing,277458650332,5496,ee149ef2ebd4ae79e61249f68228214bf02672ac
2026-07-28T17:46:34Z,d82ea5d3b769b8fc690edc67c83a32b3f2d07da1,5496,alloc_in_bytes,generate/flambda2,2164712411271,5496,ee149ef2ebd4ae79e61249f68228214bf02672ac
2026-07-28T17:46:34Z,d82ea5d3b769b8fc690edc67c83a32b3f2d07da1,5496,alloc_in_bytes,generate/compile_phrases/cfg,406367773765,5496,ee149ef2ebd4ae79e61249f68228214bf02672ac
2026-07-28T17:46:34Z,d82ea5d3b769b8fc690edc67c83a32b3f2d07da1,5496,alloc_in_bytes,generate/assemble,445172913,5496,ee149ef2ebd4ae79e61249f68228214bf02672ac
2026-07-28T17:46:34Z,d82ea5d3b769b8fc690edc67c83a32b3f2d07da1,5496,top_heap_in_bytes,<all>,148607775087,5496,ee149ef2ebd4ae79e61249f68228214bf02672ac
2026-07-28T17:46:34Z,d82ea5d3b769b8fc690edc67c83a32b3f2d07da1,5496,top_heap_in_bytes,parsing,2073747248,5496,ee149ef2ebd4ae79e61249f68228214bf02672ac
2026-07-28T17:46:34Z,d82ea5d3b769b8fc690edc67c83a32b3f2d07da1,5496,top_heap_in_bytes,typing,31038414756,5496,ee149ef2ebd4ae79e61249f68228214bf02672ac
2026-07-28T17:46:34Z,d82ea5d3b769b8fc690edc67c83a32b3f2d07da1,5496,top_heap_in_bytes,generate/flambda2,70244272836,5496,ee149ef2ebd4ae79e61249f68228214bf02672ac
2026-07-28T17:46:34Z,d82ea5d3b769b8fc690edc67c83a32b3f2d07da1,5496,top_heap_in_bytes,generate/compile_phrases/cfg,21711488583,5496,ee149ef2ebd4ae79e61249f68228214bf02672ac
2026-07-28T17:46:34Z,d82ea5d3b769b8fc690edc67c83a32b3f2d07da1,5496,top_heap_in_bytes,generate/assemble,20111663,5496,ee149ef2ebd4ae79e61249f68228214bf02672ac
2026-07-28T17:46:34Z,d82ea5d3b769b8fc690edc67c83a32b3f2d07da1,5496,absolute_top_heap_in_bytes,<all>,193304071790,5496,ee149ef2ebd4ae79e61249f68228214bf02672ac
2026-07-28T17:46:34Z,d82ea5d3b769b8fc690edc67c83a32b3f2d07da1,5496,absolute_top_heap_in_bytes,parsing,11288737952,5496,ee149ef2ebd4ae79e61249f68228214bf02672ac
2026-07-28T17:46:34Z,d82ea5d3b769b8fc690edc67c83a32b3f2d07da1,5496,absolute_top_heap_in_bytes,typing,54497891119,5496,ee149ef2ebd4ae79e61249f68228214bf02672ac
2026-07-28T17:46:34Z,d82ea5d3b769b8fc690edc67c83a32b3f2d07da1,5496,absolute_top_heap_in_bytes,generate/flambda2,129068956607,5496,ee149ef2ebd4ae79e61249f68228214bf02672ac
2026-07-28T17:46:34Z,d82ea5d3b769b8fc690edc67c83a32b3f2d07da1,5496,absolute_top_heap_in_bytes,generate/compile_phrases/cfg,145329780749,5496,ee149ef2ebd4ae79e61249f68228214bf02672ac
2026-07-28T17:46:34Z,d82ea5d3b769b8fc690edc67c83a32b3f2d07da1,5496,absolute_top_heap_in_bytes,generate/assemble,1832386542,5496,ee149ef2ebd4ae79e61249f68228214bf02672ac
2026-07-28T17:46:34Z,d82ea5d3b769b8fc690edc67c83a32b3f2d07da1,5496,counter,block,2585320,5496,ee149ef2ebd4ae79e61249f68228214bf02672ac
2026-07-28T17:46:34Z,d82ea5d3b769b8fc690edc67c83a32b3f2d07da1,5496,counter,instruction,15146875,5496,ee149ef2ebd4ae79e61249f68228214bf02672ac
2026-07-28T17:46:34Z,d82ea5d3b769b8fc690edc67c83a32b3f2d07da1,5496,counter,move,1957387,5496,ee149ef2ebd4ae79e61249f68228214bf02672ac
2026-07-28T17:46:34Z,d82ea5d3b769b8fc690edc67c83a32b3f2d07da1,5496,counter,reload,958797,5496,ee149ef2ebd4ae79e61249f68228214bf02672ac
2026-07-28T17:46:34Z,d82ea5d3b769b8fc690edc67c83a32b3f2d07da1,5496,counter,spill,685959,5496,ee149ef2ebd4ae79e61249f68228214bf02672ac
2026-07-28T17:46:34Z,d82ea5d3b769b8fc690edc67c83a32b3f2d07da1,5496,counter,stack_slot,455781,5496,ee149ef2ebd4ae79e61249f68228214bf02672ac
2026-07-28T23:57:32Z,de34fc65bae8d5f946b51777cf8eb9e03e4f672e,6573,size_in_bytes,exe,68885104,6446/6573,a80d7a8c40138a3c66a814b2aef616184f59e1e3
2026-07-28T23:57:32Z,de34fc65bae8d5f946b51777cf8eb9e03e4f672e,6573,size_in_bytes,opt,480076112,6446/6573,a80d7a8c40138a3c66a814b2aef616184f59e1e3
2026-07-28T23:57:32Z,de34fc65bae8d5f946b51777cf8eb9e03e4f672e,6573,size_in_bytes,a,215365876,6446/6573,a80d7a8c40138a3c66a814b2aef616184f59e1e3
2026-07-28T23:57:32Z,de34fc65bae8d5f946b51777cf8eb9e03e4f672e,6573,size_in_bytes,cmxa,349171,6446/6573,a80d7a8c40138a3c66a814b2aef616184f59e1e3
2026-07-28T23:57:32Z,de34fc65bae8d5f946b51777cf8eb9e03e4f672e,6573,size_in_bytes,cma,262989661,6446/6573,a80d7a8c40138a3c66a814b2aef616184f59e1e3
2026-07-28T23:57:32Z,de34fc65bae8d5f946b51777cf8eb9e03e4f672e,6573,size_in_bytes,cmi,23729541,6446/6573,a80d7a8c40138a3c66a814b2aef616184f59e1e3
2026-07-28T23:57:32Z,de34fc65bae8d5f946b51777cf8eb9e03e4f672e,6573,size_in_bytes,cmx,152751690,6446/6573,a80d7a8c40138a3c66a814b2aef616184f59e1e3
2026-07-28T23:57:32Z,de34fc65bae8d5f946b51777cf8eb9e03e4f672e,6573,size_in_bytes,cmo,1511760,6446/6573,a80d7a8c40138a3c66a814b2aef616184f59e1e3
2026-07-28T23:57:32Z,de34fc65bae8d5f946b51777cf8eb9e03e4f672e,6573,size_in_bytes,cms,24794362,6446/6573,a80d7a8c40138a3c66a814b2aef616184f59e1e3
2026-07-28T23:57:32Z,de34fc65bae8d5f946b51777cf8eb9e03e4f672e,6573,size_in_bytes,cmsi,8403514,6446/6573,a80d7a8c40138a3c66a814b2aef616184f59e1e3
2026-07-28T23:57:32Z,de34fc65bae8d5f946b51777cf8eb9e03e4f672e,6573,size_in_bytes,cmt,655437094,6446/6573,a80d7a8c40138a3c66a814b2aef616184f59e1e3
2026-07-28T23:57:32Z,de34fc65bae8d5f946b51777cf8eb9e03e4f672e,6573,size_in_bytes,cmti,71639546,6446/6573,a80d7a8c40138a3c66a814b2aef616184f59e1e3
2026-07-28T23:57:32Z,de34fc65bae8d5f946b51777cf8eb9e03e4f672e,6573,size_in_bytes,o,4624,6446/6573,a80d7a8c40138a3c66a814b2aef616184f59e1e3
2026-07-28T23:57:32Z,de34fc65bae8d5f946b51777cf8eb9e03e4f672e,6573,time_in_seconds,<all>,2361.860,6446/6573,a80d7a8c40138a3c66a814b2aef616184f59e1e3
2026-07-28T23:57:32Z,de34fc65bae8d5f946b51777cf8eb9e03e4f672e,6573,time_in_seconds,parsing,8.427,6446/6573,a80d7a8c40138a3c66a814b2aef616184f59e1e3
2026-07-28T23:57:32Z,de34fc65bae8d5f946b51777cf8eb9e03e4f672e,6573,time_in_seconds,typing,215.469,6446/6573,a80d7a8c40138a3c66a814b2aef616184f59e1e3
2026-07-28T23:57:32Z,de34fc65bae8d5f946b51777cf8eb9e03e4f672e,6573,time_in_seconds,generate/flambda2,993.207,6446/6573,a80d7a8c40138a3c66a814b2aef616184f59e1e3
2026-07-28T23:57:32Z,de34fc65bae8d5f946b51777cf8eb9e03e4f672e,6573,time_in_seconds,generate/compile_phrases/cfg,352.460,6446/6573,a80d7a8c40138a3c66a814b2aef616184f59e1e3
2026-07-28T23:57:32Z,de34fc65bae8d5f946b51777cf8eb9e03e4f672e,6573,time_in_seconds,generate/assemble,60.303,6446/6573,a80d7a8c40138a3c66a814b2aef616184f59e1e3
2026-07-28T23:57:32Z,de34fc65bae8d5f946b51777cf8eb9e03e4f672e,6573,alloc_in_bytes,<all>,3375118542754,6446/6573,a80d7a8c40138a3c66a814b2aef616184f59e1e3
2026-07-28T23:57:32Z,de34fc65bae8d5f946b51777cf8eb9e03e4f672e,6573,alloc_in_bytes,parsing,12898154794,6446/6573,a80d7a8c40138a3c66a814b2aef616184f59e1e3
2026-07-28T23:57:32Z,de34fc65bae8d5f946b51777cf8eb9e03e4f672e,6573,alloc_in_bytes,typing,278132119209,6446/6573,a80d7a8c40138a3c66a814b2aef616184f59e1e3
2026-07-28T23:57:32Z,de34fc65bae8d5f946b51777cf8eb9e03e4f672e,6573,alloc_in_bytes,generate/flambda2,2164422406595,6446/6573,a80d7a8c40138a3c66a814b2aef616184f59e1e3
2026-07-28T23:57:32Z,de34fc65bae8d5f946b51777cf8eb9e03e4f672e,6573,alloc_in_bytes,generate/compile_phrases/cfg,406281182381,6446/6573,a80d7a8c40138a3c66a814b2aef616184f59e1e3
2026-07-28T23:57:32Z,de34fc65bae8d5f946b51777cf8eb9e03e4f672e,6573,alloc_in_bytes,generate/assemble,442761191,6446/6573,a80d7a8c40138a3c66a814b2aef616184f59e1e3
2026-07-28T23:57:32Z,de34fc65bae8d5f946b51777cf8eb9e03e4f672e,6573,top_heap_in_bytes,<all>,149127187194,6446/6573,a80d7a8c40138a3c66a814b2aef616184f59e1e3
2026-07-28T23:57:32Z,de34fc65bae8d5f946b51777cf8eb9e03e4f672e,6573,top_heap_in_bytes,parsing,2069542476,6446/6573,a80d7a8c40138a3c66a814b2aef616184f59e1e3
2026-07-28T23:57:32Z,de34fc65bae8d5f946b51777cf8eb9e03e4f672e,6573,top_heap_in_bytes,typing,31386929959,6446/6573,a80d7a8c40138a3c66a814b2aef616184f59e1e3
2026-07-28T23:57:32Z,de34fc65bae8d5f946b51777cf8eb9e03e4f672e,6573,top_heap_in_bytes,generate/flambda2,70051638967,6446/6573,a80d7a8c40138a3c66a814b2aef616184f59e1e3
2026-07-28T23:57:32Z,de34fc65bae8d5f946b51777cf8eb9e03e4f672e,6573,top_heap_in_bytes,generate/compile_phrases/cfg,21878788844,6446/6573,a80d7a8c40138a3c66a814b2aef616184f59e1e3
2026-07-28T23:57:32Z,de34fc65bae8d5f946b51777cf8eb9e03e4f672e,6573,top_heap_in_bytes,generate/assemble,18874344,6446/6573,a80d7a8c40138a3c66a814b2aef616184f59e1e3
2026-07-28T23:57:32Z,de34fc65bae8d5f946b51777cf8eb9e03e4f672e,6573,absolute_top_heap_in_bytes,<all>,194939860776,6446/6573,a80d7a8c40138a3c66a814b2aef616184f59e1e3
2026-07-28T23:57:32Z,de34fc65bae8d5f946b51777cf8eb9e03e4f672e,6573,absolute_top_heap_in_bytes,parsing,11290793173,6446/6573,a80d7a8c40138a3c66a814b2aef616184f59e1e3
2026-07-28T23:57:32Z,de34fc65bae8d5f946b51777cf8eb9e03e4f672e,6573,absolute_top_heap_in_bytes,typing,55037876292,6446/6573,a80d7a8c40138a3c66a814b2aef616184f59e1e3
2026-07-28T23:57:32Z,de34fc65bae8d5f946b51777cf8eb9e03e4f672e,6573,absolute_top_heap_in_bytes,generate/flambda2,128644073630,6446/6573,a80d7a8c40138a3c66a814b2aef616184f59e1e3
2026-07-28T23:57:32Z,de34fc65bae8d5f946b51777cf8eb9e03e4f672e,6573,absolute_top_heap_in_bytes,generate/compile_phrases/cfg,145672434380,6446/6573,a80d7a8c40138a3c66a814b2aef616184f59e1e3
2026-07-28T23:57:32Z,de34fc65bae8d5f946b51777cf8eb9e03e4f672e,6573,absolute_top_heap_in_bytes,generate/assemble,1748500463,6446/6573,a80d7a8c40138a3c66a814b2aef616184f59e1e3
2026-07-28T23:57:32Z,de34fc65bae8d5f946b51777cf8eb9e03e4f672e,6573,counter,block,2585939,6446/6573,a80d7a8c40138a3c66a814b2aef616184f59e1e3
2026-07-28T23:57:32Z,de34fc65bae8d5f946b51777cf8eb9e03e4f672e,6573,counter,instruction,15151829,6446/6573,a80d7a8c40138a3c66a814b2aef616184f59e1e3
2026-07-28T23:57:32Z,de34fc65bae8d5f946b51777cf8eb9e03e4f672e,6573,counter,move,1958435,6446/6573,a80d7a8c40138a3c66a814b2aef616184f59e1e3
2026-07-28T23:57:32Z,de34fc65bae8d5f946b51777cf8eb9e03e4f672e,6573,counter,reload,959353,6446/6573,a80d7a8c40138a3c66a814b2aef616184f59e1e3
2026-07-28T23:57:32Z,de34fc65bae8d5f946b51777cf8eb9e03e4f672e,6573,counter,spill,686163,6446/6573,a80d7a8c40138a3c66a814b2aef616184f59e1e3
2026-07-28T23:57:32Z,de34fc65bae8d5f946b51777cf8eb9e03e4f672e,6573,counter,stack_slot,455967,6446/6573,a80d7a8c40138a3c66a814b2aef616184f59e1e3
2026-07-28T08:18:05Z,de7c97b5c990e9ccc2d8edff7423172a16bf409a,6430,size_in_bytes,exe,68835696,6633/6430,991902cc59b71ce4ad77c522f5feac89b1e31e52
2026-07-28T08:18:05Z,de7c97b5c990e9ccc2d8edff7423172a16bf409a,6430,size_in_bytes,opt,479775816,6633/6430,991902cc59b71ce4ad77c522f5feac89b1e31e52
2026-07-28T08:18:05Z,de7c97b5c990e9ccc2d8edff7423172a16bf409a,6430,size_in_bytes,a,215340878,6633/6430,991902cc59b71ce4ad77c522f5feac89b1e31e52
2026-07-28T08:18:05Z,de7c97b5c990e9ccc2d8edff7423172a16bf409a,6430,size_in_bytes,cmxa,349067,6633/6430,991902cc59b71ce4ad77c522f5feac89b1e31e52
2026-07-28T08:18:05Z,de7c97b5c990e9ccc2d8edff7423172a16bf409a,6430,size_in_bytes,cma,258610312,6633/6430,991902cc59b71ce4ad77c522f5feac89b1e31e52
2026-07-28T08:18:05Z,de7c97b5c990e9ccc2d8edff7423172a16bf409a,6430,size_in_bytes,cmi,23712594,6633/6430,991902cc59b71ce4ad77c522f5feac89b1e31e52
2026-07-28T08:18:05Z,de7c97b5c990e9ccc2d8edff7423172a16bf409a,6430,size_in_bytes,cmx,152538920,6633/6430,991902cc59b71ce4ad77c522f5feac89b1e31e52
2026-07-28T08:18:05Z,de7c97b5c990e9ccc2d8edff7423172a16bf409a,6430,size_in_bytes,cmo,1472963,6633/6430,991902cc59b71ce4ad77c522f5feac89b1e31e52
2026-07-28T08:18:05Z,de7c97b5c990e9ccc2d8edff7423172a16bf409a,6430,size_in_bytes,cms,24769778,6633/6430,991902cc59b71ce4ad77c522f5feac89b1e31e52
2026-07-28T08:18:05Z,de7c97b5c990e9ccc2d8edff7423172a16bf409a,6430,size_in_bytes,cmsi,8401492,6633/6430,991902cc59b71ce4ad77c522f5feac89b1e31e52
2026-07-28T08:18:05Z,de7c97b5c990e9ccc2d8edff7423172a16bf409a,6430,size_in_bytes,cmt,605329175,6633/6430,991902cc59b71ce4ad77c522f5feac89b1e31e52
2026-07-28T08:18:05Z,de7c97b5c990e9ccc2d8edff7423172a16bf409a,6430,size_in_bytes,cmti,71584918,6633/6430,991902cc59b71ce4ad77c522f5feac89b1e31e52
2026-07-28T08:18:05Z,de7c97b5c990e9ccc2d8edff7423172a16bf409a,6430,size_in_bytes,o,4624,6633/6430,991902cc59b71ce4ad77c522f5feac89b1e31e52
2026-07-28T08:18:05Z,de7c97b5c990e9ccc2d8edff7423172a16bf409a,6430,time_in_seconds,<all>,2491.020,6633/6430,991902cc59b71ce4ad77c522f5feac89b1e31e52
2026-07-28T08:18:05Z,de7c97b5c990e9ccc2d8edff7423172a16bf409a,6430,time_in_seconds,parsing,9.193,6633/6430,991902cc59b71ce4ad77c522f5feac89b1e31e52
2026-07-28T08:18:05Z,de7c97b5c990e9ccc2d8edff7423172a16bf409a,6430,time_in_seconds,typing,239.410,6633/6430,991902cc59b71ce4ad77c522f5feac89b1e31e52
2026-07-28T08:18:05Z,de7c97b5c990e9ccc2d8edff7423172a16bf409a,6430,time_in_seconds,generate/flambda2,1056.990,6633/6430,991902cc59b71ce4ad77c522f5feac89b1e31e52
2026-07-28T08:18:05Z,de7c97b5c990e9ccc2d8edff7423172a16bf409a,6430,time_in_seconds,generate/compile_phrases/cfg,371.632,6633/6430,991902cc59b71ce4ad77c522f5feac89b1e31e52
2026-07-28T08:18:05Z,de7c97b5c990e9ccc2d8edff7423172a16bf409a,6430,time_in_seconds,generate/assemble,61.447,6633/6430,991902cc59b71ce4ad77c522f5feac89b1e31e52
2026-07-28T08:18:05Z,de7c97b5c990e9ccc2d8edff7423172a16bf409a,6430,alloc_in_bytes,<all>,3359993526006,6633/6430,991902cc59b71ce4ad77c522f5feac89b1e31e52
2026-07-28T08:18:05Z,de7c97b5c990e9ccc2d8edff7423172a16bf409a,6430,alloc_in_bytes,parsing,12811930382,6633/6430,991902cc59b71ce4ad77c522f5feac89b1e31e52
2026-07-28T08:18:05Z,de7c97b5c990e9ccc2d8edff7423172a16bf409a,6430,alloc_in_bytes,typing,273436742678,6633/6430,991902cc59b71ce4ad77c522f5feac89b1e31e52
2026-07-28T08:18:05Z,de7c97b5c990e9ccc2d8edff7423172a16bf409a,6430,alloc_in_bytes,generate/flambda2,2161510720739,6633/6430,991902cc59b71ce4ad77c522f5feac89b1e31e52
2026-07-28T08:18:05Z,de7c97b5c990e9ccc2d8edff7423172a16bf409a,6430,alloc_in_bytes,generate/compile_phrases/cfg,405988682085,6633/6430,991902cc59b71ce4ad77c522f5feac89b1e31e52
2026-07-28T08:18:05Z,de7c97b5c990e9ccc2d8edff7423172a16bf409a,6430,alloc_in_bytes,generate/assemble,444617170,6633/6430,991902cc59b71ce4ad77c522f5feac89b1e31e52
2026-07-28T08:18:05Z,de7c97b5c990e9ccc2d8edff7423172a16bf409a,6430,top_heap_in_bytes,<all>,147584574585,6633/6430,991902cc59b71ce4ad77c522f5feac89b1e31e52
2026-07-28T08:18:05Z,de7c97b5c990e9ccc2d8edff7423172a16bf409a,6430,top_heap_in_bytes,parsing,2089108877,6633/6430,991902cc59b71ce4ad77c522f5feac89b1e31e52
2026-07-28T08:18:05Z,de7c97b5c990e9ccc2d8edff7423172a16bf409a,6430,top_heap_in_bytes,typing,30350685244,6633/6430,991902cc59b71ce4ad77c522f5feac89b1e31e52
2026-07-28T08:18:05Z,de7c97b5c990e9ccc2d8edff7423172a16bf409a,6430,top_heap_in_bytes,generate/flambda2,70493110436,6633/6430,991902cc59b71ce4ad77c522f5feac89b1e31e52
2026-07-28T08:18:05Z,de7c97b5c990e9ccc2d8edff7423172a16bf409a,6430,top_heap_in_bytes,generate/compile_phrases/cfg,21593188234,6633/6430,991902cc59b71ce4ad77c522f5feac89b1e31e52
2026-07-28T08:18:05Z,de7c97b5c990e9ccc2d8edff7423172a16bf409a,6430,top_heap_in_bytes,generate/assemble,21265094,6633/6430,991902cc59b71ce4ad77c522f5feac89b1e31e52
2026-07-28T08:18:05Z,de7c97b5c990e9ccc2d8edff7423172a16bf409a,6430,absolute_top_heap_in_bytes,<all>,192161973277,6633/6430,991902cc59b71ce4ad77c522f5feac89b1e31e52
2026-07-28T08:18:05Z,de7c97b5c990e9ccc2d8edff7423172a16bf409a,6430,absolute_top_heap_in_bytes,parsing,13300598734,6633/6430,991902cc59b71ce4ad77c522f5feac89b1e31e52
2026-07-28T08:18:05Z,de7c97b5c990e9ccc2d8edff7423172a16bf409a,6430,absolute_top_heap_in_bytes,typing,52953537918,6633/6430,991902cc59b71ce4ad77c522f5feac89b1e31e52
2026-07-28T08:18:05Z,de7c97b5c990e9ccc2d8edff7423172a16bf409a,6430,absolute_top_heap_in_bytes,generate/flambda2,125846441378,6633/6430,991902cc59b71ce4ad77c522f5feac89b1e31e52
2026-07-28T08:18:05Z,de7c97b5c990e9ccc2d8edff7423172a16bf409a,6430,absolute_top_heap_in_bytes,generate/compile_phrases/cfg,143695249989,6633/6430,991902cc59b71ce4ad77c522f5feac89b1e31e52
2026-07-28T08:18:05Z,de7c97b5c990e9ccc2d8edff7423172a16bf409a,6430,absolute_top_heap_in_bytes,generate/assemble,2095893688,6633/6430,991902cc59b71ce4ad77c522f5feac89b1e31e52
2026-07-28T08:18:05Z,de7c97b5c990e9ccc2d8edff7423172a16bf409a,6430,counter,block,2583196,6633/6430,991902cc59b71ce4ad77c522f5feac89b1e31e52
2026-07-28T08:18:05Z,de7c97b5c990e9ccc2d8edff7423172a16bf409a,6430,counter,instruction,15122286,6633/6430,991902cc59b71ce4ad77c522f5feac89b1e31e52
2026-07-28T08:18:05Z,de7c97b5c990e9ccc2d8edff7423172a16bf409a,6430,counter,move,1953948,6633/6430,991902cc59b71ce4ad77c522f5feac89b1e31e52
2026-07-28T08:18:05Z,de7c97b5c990e9ccc2d8edff7423172a16bf409a,6430,counter,reload,956662,6633/6430,991902cc59b71ce4ad77c522f5feac89b1e31e52
2026-07-28T08:18:05Z,de7c97b5c990e9ccc2d8edff7423172a16bf409a,6430,counter,spill,683998,6633/6430,991902cc59b71ce4ad77c522f5feac89b1e31e52
2026-07-28T08:18:05Z,de7c97b5c990e9ccc2d8edff7423172a16bf409a,6430,counter,stack_slot,453751,6633/6430,991902cc59b71ce4ad77c522f5feac89b1e31e52
2026-07-28T20:08:57Z,e4cef724cc8a89e6504581290e5c96944435b3d2,6344,size_in_bytes,exe,68874488,6630/6344,a160052ab46b811cc9a9b6484c69f255fe82d9d6
2026-07-28T20:08:57Z,e4cef724cc8a89e6504581290e5c96944435b3d2,6344,size_in_bytes,opt,479994440,6630/6344,a160052ab46b811cc9a9b6484c69f255fe82d9d6
2026-07-28T20:08:57Z,e4cef724cc8a89e6504581290e5c96944435b3d2,6344,size_in_bytes,a,215329766,6630/6344,a160052ab46b811cc9a9b6484c69f255fe82d9d6
2026-07-28T20:08:57Z,e4cef724cc8a89e6504581290e5c96944435b3d2,6344,size_in_bytes,cmxa,349171,6630/6344,a160052ab46b811cc9a9b6484c69f255fe82d9d6
2026-07-28T20:08:57Z,e4cef724cc8a89e6504581290e5c96944435b3d2,6344,size_in_bytes,cma,262933215,6630/6344,a160052ab46b811cc9a9b6484c69f255fe82d9d6
2026-07-28T20:08:57Z,e4cef724cc8a89e6504581290e5c96944435b3d2,6344,size_in_bytes,cmi,23726139,6630/6344,a160052ab46b811cc9a9b6484c69f255fe82d9d6
2026-07-28T20:08:57Z,e4cef724cc8a89e6504581290e5c96944435b3d2,6344,size_in_bytes,cmx,152708396,6630/6344,a160052ab46b811cc9a9b6484c69f255fe82d9d6
2026-07-28T20:08:57Z,e4cef724cc8a89e6504581290e5c96944435b3d2,6344,size_in_bytes,cmo,1511760,6630/6344,a160052ab46b811cc9a9b6484c69f255fe82d9d6
2026-07-28T20:08:57Z,e4cef724cc8a89e6504581290e5c96944435b3d2,6344,size_in_bytes,cms,24794356,6630/6344,a160052ab46b811cc9a9b6484c69f255fe82d9d6
2026-07-28T20:08:57Z,e4cef724cc8a89e6504581290e5c96944435b3d2,6344,size_in_bytes,cmsi,8403514,6630/6344,a160052ab46b811cc9a9b6484c69f255fe82d9d6
2026-07-28T20:08:57Z,e4cef724cc8a89e6504581290e5c96944435b3d2,6344,size_in_bytes,cmt,655320958,6630/6344,a160052ab46b811cc9a9b6484c69f255fe82d9d6
2026-07-28T20:08:57Z,e4cef724cc8a89e6504581290e5c96944435b3d2,6344,size_in_bytes,cmti,71625824,6630/6344,a160052ab46b811cc9a9b6484c69f255fe82d9d6
2026-07-28T20:08:57Z,e4cef724cc8a89e6504581290e5c96944435b3d2,6344,size_in_bytes,o,4624,6630/6344,a160052ab46b811cc9a9b6484c69f255fe82d9d6
2026-07-28T20:08:57Z,e4cef724cc8a89e6504581290e5c96944435b3d2,6344,time_in_seconds,<all>,2847.785,6630/6344,a160052ab46b811cc9a9b6484c69f255fe82d9d6
2026-07-28T20:08:57Z,e4cef724cc8a89e6504581290e5c96944435b3d2,6344,time_in_seconds,parsing,11.374,6630/6344,a160052ab46b811cc9a9b6484c69f255fe82d9d6
2026-07-28T20:08:57Z,e4cef724cc8a89e6504581290e5c96944435b3d2,6344,time_in_seconds,typing,287.143,6630/6344,a160052ab46b811cc9a9b6484c69f255fe82d9d6
2026-07-28T20:08:57Z,e4cef724cc8a89e6504581290e5c96944435b3d2,6344,time_in_seconds,generate/flambda2,1198.180,6630/6344,a160052ab46b811cc9a9b6484c69f255fe82d9d6
2026-07-28T20:08:57Z,e4cef724cc8a89e6504581290e5c96944435b3d2,6344,time_in_seconds,generate/compile_phrases/cfg,414.042,6630/6344,a160052ab46b811cc9a9b6484c69f255fe82d9d6
2026-07-28T20:08:57Z,e4cef724cc8a89e6504581290e5c96944435b3d2,6344,time_in_seconds,generate/assemble,70.424,6630/6344,a160052ab46b811cc9a9b6484c69f255fe82d9d6
2026-07-28T20:08:57Z,e4cef724cc8a89e6504581290e5c96944435b3d2,6344,alloc_in_bytes,<all>,3375180335336,6630/6344,a160052ab46b811cc9a9b6484c69f255fe82d9d6
2026-07-28T20:08:57Z,e4cef724cc8a89e6504581290e5c96944435b3d2,6344,alloc_in_bytes,parsing,12897672454,6630/6344,a160052ab46b811cc9a9b6484c69f255fe82d9d6
2026-07-28T20:08:57Z,e4cef724cc8a89e6504581290e5c96944435b3d2,6344,alloc_in_bytes,typing,278108924705,6630/6344,a160052ab46b811cc9a9b6484c69f255fe82d9d6
2026-07-28T20:08:57Z,e4cef724cc8a89e6504581290e5c96944435b3d2,6344,alloc_in_bytes,generate/flambda2,2164165390133,6630/6344,a160052ab46b811cc9a9b6484c69f255fe82d9d6
2026-07-28T20:08:57Z,e4cef724cc8a89e6504581290e5c96944435b3d2,6344,alloc_in_bytes,generate/compile_phrases/cfg,406335456676,6630/6344,a160052ab46b811cc9a9b6484c69f255fe82d9d6
2026-07-28T20:08:57Z,e4cef724cc8a89e6504581290e5c96944435b3d2,6344,alloc_in_bytes,generate/assemble,444858343,6630/6344,a160052ab46b811cc9a9b6484c69f255fe82d9d6
2026-07-28T20:08:57Z,e4cef724cc8a89e6504581290e5c96944435b3d2,6344,top_heap_in_bytes,<all>,149142559330,6630/6344,a160052ab46b811cc9a9b6484c69f255fe82d9d6
2026-07-28T20:08:57Z,e4cef724cc8a89e6504581290e5c96944435b3d2,6344,top_heap_in_bytes,parsing,2072247794,6630/6344,a160052ab46b811cc9a9b6484c69f255fe82d9d6
2026-07-28T20:08:57Z,e4cef724cc8a89e6504581290e5c96944435b3d2,6344,top_heap_in_bytes,typing,31381749993,6630/6344,a160052ab46b811cc9a9b6484c69f255fe82d9d6
2026-07-28T20:08:57Z,e4cef724cc8a89e6504581290e5c96944435b3d2,6344,top_heap_in_bytes,generate/flambda2,70058832201,6630/6344,a160052ab46b811cc9a9b6484c69f255fe82d9d6
2026-07-28T20:08:57Z,e4cef724cc8a89e6504581290e5c96944435b3d2,6344,top_heap_in_bytes,generate/compile_phrases/cfg,21899582102,6630/6344,a160052ab46b811cc9a9b6484c69f255fe82d9d6
2026-07-28T20:08:57Z,e4cef724cc8a89e6504581290e5c96944435b3d2,6344,top_heap_in_bytes,generate/assemble,18811429,6630/6344,a160052ab46b811cc9a9b6484c69f255fe82d9d6
2026-07-28T20:08:57Z,e4cef724cc8a89e6504581290e5c96944435b3d2,6344,absolute_top_heap_in_bytes,<all>,194937365168,6630/6344,a160052ab46b811cc9a9b6484c69f255fe82d9d6
2026-07-28T20:08:57Z,e4cef724cc8a89e6504581290e5c96944435b3d2,6344,absolute_top_heap_in_bytes,parsing,11298605047,6630/6344,a160052ab46b811cc9a9b6484c69f255fe82d9d6
2026-07-28T20:08:57Z,e4cef724cc8a89e6504581290e5c96944435b3d2,6344,absolute_top_heap_in_bytes,typing,55033346446,6630/6344,a160052ab46b811cc9a9b6484c69f255fe82d9d6
2026-07-28T20:08:57Z,e4cef724cc8a89e6504581290e5c96944435b3d2,6344,absolute_top_heap_in_bytes,generate/flambda2,128643035539,6630/6344,a160052ab46b811cc9a9b6484c69f255fe82d9d6
2026-07-28T20:08:57Z,e4cef724cc8a89e6504581290e5c96944435b3d2,6344,absolute_top_heap_in_bytes,generate/compile_phrases/cfg,145688121073,6630/6344,a160052ab46b811cc9a9b6484c69f255fe82d9d6
2026-07-28T20:08:57Z,e4cef724cc8a89e6504581290e5c96944435b3d2,6344,absolute_top_heap_in_bytes,generate/assemble,1748081032,6630/6344,a160052ab46b811cc9a9b6484c69f255fe82d9d6
2026-07-28T20:08:57Z,e4cef724cc8a89e6504581290e5c96944435b3d2,6344,counter,block,2585707,6630/6344,a160052ab46b811cc9a9b6484c69f255fe82d9d6
2026-07-28T20:08:57Z,e4cef724cc8a89e6504581290e5c96944435b3d2,6344,counter,instruction,15150866,6630/6344,a160052ab46b811cc9a9b6484c69f255fe82d9d6
2026-07-28T20:08:57Z,e4cef724cc8a89e6504581290e5c96944435b3d2,6344,counter,move,1958366,6630/6344,a160052ab46b811cc9a9b6484c69f255fe82d9d6
2026-07-28T20:08:57Z,e4cef724cc8a89e6504581290e5c96944435b3d2,6344,counter,reload,959168,6630/6344,a160052ab46b811cc9a9b6484c69f255fe82d9d6
2026-07-28T20:08:57Z,e4cef724cc8a89e6504581290e5c96944435b3d2,6344,counter,spill,686034,6630/6344,a160052ab46b811cc9a9b6484c69f255fe82d9d6
2026-07-28T20:08:57Z,e4cef724cc8a89e6504581290e5c96944435b3d2,6344,counter,stack_slot,455930,6630/6344,a160052ab46b811cc9a9b6484c69f255fe82d9d6
2026-07-28T12:22:05Z,ee149ef2ebd4ae79e61249f68228214bf02672ac,6569,size_in_bytes,exe,68847584,6251/6569,de7c97b5c990e9ccc2d8edff7423172a16bf409a
2026-07-28T12:22:05Z,ee149ef2ebd4ae79e61249f68228214bf02672ac,6569,size_in_bytes,opt,479942720,6251/6569,de7c97b5c990e9ccc2d8edff7423172a16bf409a
2026-07-28T12:22:05Z,ee149ef2ebd4ae79e61249f68228214bf02672ac,6569,size_in_bytes,a,215359584,6251/6569,de7c97b5c990e9ccc2d8edff7423172a16bf409a
2026-07-28T12:22:05Z,ee149ef2ebd4ae79e61249f68228214bf02672ac,6569,size_in_bytes,cmxa,349113,6251/6569,de7c97b5c990e9ccc2d8edff7423172a16bf409a
2026-07-28T12:22:05Z,ee149ef2ebd4ae79e61249f68228214bf02672ac,6569,size_in_bytes,cma,262862714,6251/6569,de7c97b5c990e9ccc2d8edff7423172a16bf409a
2026-07-28T12:22:05Z,ee149ef2ebd4ae79e61249f68228214bf02672ac,6569,size_in_bytes,cmi,23716439,6251/6569,de7c97b5c990e9ccc2d8edff7423172a16bf409a
2026-07-28T12:22:05Z,ee149ef2ebd4ae79e61249f68228214bf02672ac,6569,size_in_bytes,cmx,152629838,6251/6569,de7c97b5c990e9ccc2d8edff7423172a16bf409a
2026-07-28T12:22:05Z,ee149ef2ebd4ae79e61249f68228214bf02672ac,6569,size_in_bytes,cmo,1505893,6251/6569,de7c97b5c990e9ccc2d8edff7423172a16bf409a
2026-07-28T12:22:05Z,ee149ef2ebd4ae79e61249f68228214bf02672ac,6569,size_in_bytes,cms,24769920,6251/6569,de7c97b5c990e9ccc2d8edff7423172a16bf409a
2026-07-28T12:22:05Z,ee149ef2ebd4ae79e61249f68228214bf02672ac,6569,size_in_bytes,cmsi,8401492,6251/6569,de7c97b5c990e9ccc2d8edff7423172a16bf409a
2026-07-28T12:22:05Z,ee149ef2ebd4ae79e61249f68228214bf02672ac,6569,size_in_bytes,cmt,643981800,6251/6569,de7c97b5c990e9ccc2d8edff7423172a16bf409a
2026-07-28T12:22:05Z,ee149ef2ebd4ae79e61249f68228214bf02672ac,6569,size_in_bytes,cmti,71603662,6251/6569,de7c97b5c990e9ccc2d8edff7423172a16bf409a
2026-07-28T12:22:05Z,ee149ef2ebd4ae79e61249f68228214bf02672ac,6569,size_in_bytes,o,4624,6251/6569,de7c97b5c990e9ccc2d8edff7423172a16bf409a
2026-07-28T12:22:05Z,ee149ef2ebd4ae79e61249f68228214bf02672ac,6569,time_in_seconds,<all>,2851.846,6251/6569,de7c97b5c990e9ccc2d8edff7423172a16bf409a
2026-07-28T12:22:05Z,ee149ef2ebd4ae79e61249f68228214bf02672ac,6569,time_in_seconds,parsing,10.023,6251/6569,de7c97b5c990e9ccc2d8edff7423172a16bf409a
2026-07-28T12:22:05Z,ee149ef2ebd4ae79e61249f68228214bf02672ac,6569,time_in_seconds,typing,260.645,6251/6569,de7c97b5c990e9ccc2d8edff7423172a16bf409a
2026-07-28T12:22:05Z,ee149ef2ebd4ae79e61249f68228214bf02672ac,6569,time_in_seconds,generate/flambda2,1165.176,6251/6569,de7c97b5c990e9ccc2d8edff7423172a16bf409a
2026-07-28T12:22:05Z,ee149ef2ebd4ae79e61249f68228214bf02672ac,6569,time_in_seconds,generate/compile_phrases/cfg,439.347,6251/6569,de7c97b5c990e9ccc2d8edff7423172a16bf409a
2026-07-28T12:22:05Z,ee149ef2ebd4ae79e61249f68228214bf02672ac,6569,time_in_seconds,generate/assemble,76.669,6251/6569,de7c97b5c990e9ccc2d8edff7423172a16bf409a
2026-07-28T12:22:05Z,ee149ef2ebd4ae79e61249f68228214bf02672ac,6569,alloc_in_bytes,<all>,3372713329597,6251/6569,de7c97b5c990e9ccc2d8edff7423172a16bf409a
2026-07-28T12:22:05Z,ee149ef2ebd4ae79e61249f68228214bf02672ac,6569,alloc_in_bytes,parsing,12950300482,6251/6569,de7c97b5c990e9ccc2d8edff7423172a16bf409a
2026-07-28T12:22:05Z,ee149ef2ebd4ae79e61249f68228214bf02672ac,6569,alloc_in_bytes,typing,277477860254,6251/6569,de7c97b5c990e9ccc2d8edff7423172a16bf409a
2026-07-28T12:22:05Z,ee149ef2ebd4ae79e61249f68228214bf02672ac,6569,alloc_in_bytes,generate/flambda2,2163222636424,6251/6569,de7c97b5c990e9ccc2d8edff7423172a16bf409a
2026-07-28T12:22:05Z,ee149ef2ebd4ae79e61249f68228214bf02672ac,6569,alloc_in_bytes,generate/compile_phrases/cfg,406155091098,6251/6569,de7c97b5c990e9ccc2d8edff7423172a16bf409a
2026-07-28T12:22:05Z,ee149ef2ebd4ae79e61249f68228214bf02672ac,6569,alloc_in_bytes,generate/assemble,449031674,6251/6569,de7c97b5c990e9ccc2d8edff7423172a16bf409a
2026-07-28T12:22:05Z,ee149ef2ebd4ae79e61249f68228214bf02672ac,6569,top_heap_in_bytes,<all>,148267795299,6251/6569,de7c97b5c990e9ccc2d8edff7423172a16bf409a
2026-07-28T12:22:05Z,ee149ef2ebd4ae79e61249f68228214bf02672ac,6569,top_heap_in_bytes,parsing,2069490052,6251/6569,de7c97b5c990e9ccc2d8edff7423172a16bf409a
2026-07-28T12:22:05Z,ee149ef2ebd4ae79e61249f68228214bf02672ac,6569,top_heap_in_bytes,typing,31055202439,6251/6569,de7c97b5c990e9ccc2d8edff7423172a16bf409a
2026-07-28T12:22:05Z,ee149ef2ebd4ae79e61249f68228214bf02672ac,6569,top_heap_in_bytes,generate/flambda2,69735189175,6251/6569,de7c97b5c990e9ccc2d8edff7423172a16bf409a
2026-07-28T12:22:05Z,ee149ef2ebd4ae79e61249f68228214bf02672ac,6569,top_heap_in_bytes,generate/compile_phrases/cfg,21857743992,6251/6569,de7c97b5c990e9ccc2d8edff7423172a16bf409a
2026-07-28T12:22:05Z,ee149ef2ebd4ae79e61249f68228214bf02672ac,6569,top_heap_in_bytes,generate/assemble,19891462,6251/6569,de7c97b5c990e9ccc2d8edff7423172a16bf409a
2026-07-28T12:22:05Z,ee149ef2ebd4ae79e61249f68228214bf02672ac,6569,absolute_top_heap_in_bytes,<all>,194412154480,6251/6569,de7c97b5c990e9ccc2d8edff7423172a16bf409a
2026-07-28T12:22:05Z,ee149ef2ebd4ae79e61249f68228214bf02672ac,6569,absolute_top_heap_in_bytes,parsing,11318601398,6251/6569,de7c97b5c990e9ccc2d8edff7423172a16bf409a
2026-07-28T12:22:05Z,ee149ef2ebd4ae79e61249f68228214bf02672ac,6569,absolute_top_heap_in_bytes,typing,54722873593,6251/6569,de7c97b5c990e9ccc2d8edff7423172a16bf409a
2026-07-28T12:22:05Z,ee149ef2ebd4ae79e61249f68228214bf02672ac,6569,absolute_top_heap_in_bytes,generate/flambda2,129173405258,6251/6569,de7c97b5c990e9ccc2d8edff7423172a16bf409a
2026-07-28T12:22:05Z,ee149ef2ebd4ae79e61249f68228214bf02672ac,6569,absolute_top_heap_in_bytes,generate/compile_phrases/cfg,145499335458,6251/6569,de7c97b5c990e9ccc2d8edff7423172a16bf409a
2026-07-28T12:22:05Z,ee149ef2ebd4ae79e61249f68228214bf02672ac,6569,absolute_top_heap_in_bytes,generate/assemble,2315360645,6251/6569,de7c97b5c990e9ccc2d8edff7423172a16bf409a
2026-07-28T12:22:05Z,ee149ef2ebd4ae79e61249f68228214bf02672ac,6569,counter,block,2584355,6251/6569,de7c97b5c990e9ccc2d8edff7423172a16bf409a
2026-07-28T12:22:05Z,ee149ef2ebd4ae79e61249f68228214bf02672ac,6569,counter,instruction,15138650,6251/6569,de7c97b5c990e9ccc2d8edff7423172a16bf409a
2026-07-28T12:22:05Z,ee149ef2ebd4ae79e61249f68228214bf02672ac,6569,counter,move,1956698,6251/6569,de7c97b5c990e9ccc2d8edff7423172a16bf409a
2026-07-28T12:22:05Z,ee149ef2ebd4ae79e61249f68228214bf02672ac,6569,counter,reload,958289,6251/6569,de7c97b5c990e9ccc2d8edff7423172a16bf409a
2026-07-28T12:22:05Z,ee149ef2ebd4ae79e61249f68228214bf02672ac,6569,counter,spill,685557,6251/6569,de7c97b5c990e9ccc2d8edff7423172a16bf409a
2026-07-28T12:22:05Z,ee149ef2ebd4ae79e61249f68228214bf02672ac,6569,counter,stack_slot,455473,6251/6569,de7c97b5c990e9ccc2d8edff7423172a16bf409a
2026-07-29T19:52:55Z,06274a7053c11c449b849ec62b532cf80d54a552,6650,size_in_bytes,exe,68932800,6650,11fc7df9e4f66ea5a0078745520380e6a5f77bc8
2026-07-29T19:52:55Z,06274a7053c11c449b849ec62b532cf80d54a552,6650,size_in_bytes,opt,480565192,6650,11fc7df9e4f66ea5a0078745520380e6a5f77bc8
2026-07-29T19:52:55Z,06274a7053c11c449b849ec62b532cf80d54a552,6650,size_in_bytes,a,215479970,6650,11fc7df9e4f66ea5a0078745520380e6a5f77bc8
2026-07-29T19:52:55Z,06274a7053c11c449b849ec62b532cf80d54a552,6650,size_in_bytes,cmxa,349171,6650,11fc7df9e4f66ea5a0078745520380e6a5f77bc8
2026-07-29T19:52:55Z,06274a7053c11c449b849ec62b532cf80d54a552,6650,size_in_bytes,cma,263068633,6650,11fc7df9e4f66ea5a0078745520380e6a5f77bc8
2026-07-29T19:52:55Z,06274a7053c11c449b849ec62b532cf80d54a552,6650,size_in_bytes,cmi,23731756,6650,11fc7df9e4f66ea5a0078745520380e6a5f77bc8
2026-07-29T19:52:55Z,06274a7053c11c449b849ec62b532cf80d54a552,6650,size_in_bytes,cmx,152778695,6650,11fc7df9e4f66ea5a0078745520380e6a5f77bc8
2026-07-29T19:52:55Z,06274a7053c11c449b849ec62b532cf80d54a552,6650,size_in_bytes,cmo,1511760,6650,11fc7df9e4f66ea5a0078745520380e6a5f77bc8
2026-07-29T19:52:55Z,06274a7053c11c449b849ec62b532cf80d54a552,6650,size_in_bytes,cms,24803089,6650,11fc7df9e4f66ea5a0078745520380e6a5f77bc8
2026-07-29T19:52:55Z,06274a7053c11c449b849ec62b532cf80d54a552,6650,size_in_bytes,cmsi,8404073,6650,11fc7df9e4f66ea5a0078745520380e6a5f77bc8
2026-07-29T19:52:55Z,06274a7053c11c449b849ec62b532cf80d54a552,6650,size_in_bytes,cmt,655669756,6650,11fc7df9e4f66ea5a0078745520380e6a5f77bc8
2026-07-29T19:52:55Z,06274a7053c11c449b849ec62b532cf80d54a552,6650,size_in_bytes,cmti,71648710,6650,11fc7df9e4f66ea5a0078745520380e6a5f77bc8
2026-07-29T19:52:55Z,06274a7053c11c449b849ec62b532cf80d54a552,6650,size_in_bytes,o,4624,6650,11fc7df9e4f66ea5a0078745520380e6a5f77bc8
2026-07-29T19:52:55Z,06274a7053c11c449b849ec62b532cf80d54a552,6650,time_in_seconds,<all>,2498.000,6650,11fc7df9e4f66ea5a0078745520380e6a5f77bc8
2026-07-29T19:52:55Z,06274a7053c11c449b849ec62b532cf80d54a552,6650,time_in_seconds,parsing,9.045,6650,11fc7df9e4f66ea5a0078745520380e6a5f77bc8
2026-07-29T19:52:55Z,06274a7053c11c449b849ec62b532cf80d54a552,6650,time_in_seconds,typing,241.723,6650,11fc7df9e4f66ea5a0078745520380e6a5f77bc8
2026-07-29T19:52:55Z,06274a7053c11c449b849ec62b532cf80d54a552,6650,time_in_seconds,generate/flambda2,1053.589,6650,11fc7df9e4f66ea5a0078745520380e6a5f77bc8
2026-07-29T19:52:55Z,06274a7053c11c449b849ec62b532cf80d54a552,6650,time_in_seconds,generate/compile_phrases/cfg,379.919,6650,11fc7df9e4f66ea5a0078745520380e6a5f77bc8
2026-07-29T19:52:55Z,06274a7053c11c449b849ec62b532cf80d54a552,6650,time_in_seconds,generate/assemble,64.527,6650,11fc7df9e4f66ea5a0078745520380e6a5f77bc8
2026-07-29T19:52:55Z,06274a7053c11c449b849ec62b532cf80d54a552,6650,alloc_in_bytes,<all>,3376938262520,6650,11fc7df9e4f66ea5a0078745520380e6a5f77bc8
2026-07-29T19:52:55Z,06274a7053c11c449b849ec62b532cf80d54a552,6650,alloc_in_bytes,parsing,12925984009,6650,11fc7df9e4f66ea5a0078745520380e6a5f77bc8
2026-07-29T19:52:55Z,06274a7053c11c449b849ec62b532cf80d54a552,6650,alloc_in_bytes,typing,278172919296,6650,11fc7df9e4f66ea5a0078745520380e6a5f77bc8
2026-07-29T19:52:55Z,06274a7053c11c449b849ec62b532cf80d54a552,6650,alloc_in_bytes,generate/flambda2,2165985770499,6650,11fc7df9e4f66ea5a0078745520380e6a5f77bc8
2026-07-29T19:52:55Z,06274a7053c11c449b849ec62b532cf80d54a552,6650,alloc_in_bytes,generate/compile_phrases/cfg,406566783035,6650,11fc7df9e4f66ea5a0078745520380e6a5f77bc8
2026-07-29T19:52:55Z,06274a7053c11c449b849ec62b532cf80d54a552,6650,alloc_in_bytes,generate/assemble,442761191,6650,11fc7df9e4f66ea5a0078745520380e6a5f77bc8
2026-07-29T19:52:55Z,06274a7053c11c449b849ec62b532cf80d54a552,6650,top_heap_in_bytes,<all>,149116040834,6650,11fc7df9e4f66ea5a0078745520380e6a5f77bc8
2026-07-29T19:52:55Z,06274a7053c11c449b849ec62b532cf80d54a552,6650,top_heap_in_bytes,parsing,2073002768,6650,11fc7df9e4f66ea5a0078745520380e6a5f77bc8
2026-07-29T19:52:55Z,06274a7053c11c449b849ec62b532cf80d54a552,6650,top_heap_in_bytes,typing,31396367124,6650,11fc7df9e4f66ea5a0078745520380e6a5f77bc8
2026-07-29T19:52:55Z,06274a7053c11c449b849ec62b532cf80d54a552,6650,top_heap_in_bytes,generate/flambda2,70035962744,6650,11fc7df9e4f66ea5a0078745520380e6a5f77bc8
2026-07-29T19:52:55Z,06274a7053c11c449b849ec62b532cf80d54a552,6650,top_heap_in_bytes,generate/compile_phrases/cfg,21958260458,6650,11fc7df9e4f66ea5a0078745520380e6a5f77bc8
2026-07-29T19:52:55Z,06274a7053c11c449b849ec62b532cf80d54a552,6650,top_heap_in_bytes,generate/assemble,18874344,6650,11fc7df9e4f66ea5a0078745520380e6a5f77bc8
2026-07-29T19:52:55Z,06274a7053c11c449b849ec62b532cf80d54a552,6650,absolute_top_heap_in_bytes,<all>,194599996337,6650,11fc7df9e4f66ea5a0078745520380e6a5f77bc8
2026-07-29T19:52:55Z,06274a7053c11c449b849ec62b532cf80d54a552,6650,absolute_top_heap_in_bytes,parsing,11303522906,6650,11fc7df9e4f66ea5a0078745520380e6a5f77bc8
2026-07-29T19:52:55Z,06274a7053c11c449b849ec62b532cf80d54a552,6650,absolute_top_heap_in_bytes,typing,55067823630,6650,11fc7df9e4f66ea5a0078745520380e6a5f77bc8
2026-07-29T19:52:55Z,06274a7053c11c449b849ec62b532cf80d54a552,6650,absolute_top_heap_in_bytes,generate/flambda2,128722381273,6650,11fc7df9e4f66ea5a0078745520380e6a5f77bc8
2026-07-29T19:52:55Z,06274a7053c11c449b849ec62b532cf80d54a552,6650,absolute_top_heap_in_bytes,generate/compile_phrases/cfg,145748194011,6650,11fc7df9e4f66ea5a0078745520380e6a5f77bc8
2026-07-29T19:52:55Z,06274a7053c11c449b849ec62b532cf80d54a552,6650,absolute_top_heap_in_bytes,generate/assemble,1748395606,6650,11fc7df9e4f66ea5a0078745520380e6a5f77bc8
2026-07-29T19:52:55Z,06274a7053c11c449b849ec62b532cf80d54a552,6650,counter,block,2586773,6650,11fc7df9e4f66ea5a0078745520380e6a5f77bc8
2026-07-29T19:52:55Z,06274a7053c11c449b849ec62b532cf80d54a552,6650,counter,instruction,15155640,6650,11fc7df9e4f66ea5a0078745520380e6a5f77bc8
2026-07-29T19:52:55Z,06274a7053c11c449b849ec62b532cf80d54a552,6650,counter,move,1958652,6650,11fc7df9e4f66ea5a0078745520380e6a5f77bc8
2026-07-29T19:52:55Z,06274a7053c11c449b849ec62b532cf80d54a552,6650,counter,reload,959587,6650,11fc7df9e4f66ea5a0078745520380e6a5f77bc8
2026-07-29T19:52:55Z,06274a7053c11c449b849ec62b532cf80d54a552,6650,counter,spill,686327,6650,11fc7df9e4f66ea5a0078745520380e6a5f77bc8
2026-07-29T19:52:55Z,06274a7053c11c449b849ec62b532cf80d54a552,6650,counter,stack_slot,456032,6650,11fc7df9e4f66ea5a0078745520380e6a5f77bc8
2026-07-29T19:32:15Z,11fc7df9e4f66ea5a0078745520380e6a5f77bc8,6524,size_in_bytes,exe,68892792,6524,fdfe65aaefdf122129806e793634be4460019ebb
2026-07-29T19:32:15Z,11fc7df9e4f66ea5a0078745520380e6a5f77bc8,6524,size_in_bytes,opt,480178672,6524,fdfe65aaefdf122129806e793634be4460019ebb
2026-07-29T19:32:15Z,11fc7df9e4f66ea5a0078745520380e6a5f77bc8,6524,size_in_bytes,a,215405390,6524,fdfe65aaefdf122129806e793634be4460019ebb
2026-07-29T19:32:15Z,11fc7df9e4f66ea5a0078745520380e6a5f77bc8,6524,size_in_bytes,cmxa,349171,6524,fdfe65aaefdf122129806e793634be4460019ebb
2026-07-29T19:32:15Z,11fc7df9e4f66ea5a0078745520380e6a5f77bc8,6524,size_in_bytes,cma,263032849,6524,fdfe65aaefdf122129806e793634be4460019ebb
2026-07-29T19:32:15Z,11fc7df9e4f66ea5a0078745520380e6a5f77bc8,6524,size_in_bytes,cmi,23730408,6524,fdfe65aaefdf122129806e793634be4460019ebb
2026-07-29T19:32:15Z,11fc7df9e4f66ea5a0078745520380e6a5f77bc8,6524,size_in_bytes,cmx,152763879,6524,fdfe65aaefdf122129806e793634be4460019ebb
2026-07-29T19:32:15Z,11fc7df9e4f66ea5a0078745520380e6a5f77bc8,6524,size_in_bytes,cmo,1511760,6524,fdfe65aaefdf122129806e793634be4460019ebb
2026-07-29T19:32:15Z,11fc7df9e4f66ea5a0078745520380e6a5f77bc8,6524,size_in_bytes,cms,24794362,6524,fdfe65aaefdf122129806e793634be4460019ebb
2026-07-29T19:32:15Z,11fc7df9e4f66ea5a0078745520380e6a5f77bc8,6524,size_in_bytes,cmsi,8403514,6524,fdfe65aaefdf122129806e793634be4460019ebb
2026-07-29T19:32:15Z,11fc7df9e4f66ea5a0078745520380e6a5f77bc8,6524,size_in_bytes,cmt,655537002,6524,fdfe65aaefdf122129806e793634be4460019ebb
2026-07-29T19:32:15Z,11fc7df9e4f66ea5a0078745520380e6a5f77bc8,6524,size_in_bytes,cmti,71644245,6524,fdfe65aaefdf122129806e793634be4460019ebb
2026-07-29T19:32:15Z,11fc7df9e4f66ea5a0078745520380e6a5f77bc8,6524,size_in_bytes,o,4624,6524,fdfe65aaefdf122129806e793634be4460019ebb
2026-07-29T19:32:15Z,11fc7df9e4f66ea5a0078745520380e6a5f77bc8,6524,time_in_seconds,<all>,3016.128,6524,fdfe65aaefdf122129806e793634be4460019ebb
2026-07-29T19:32:15Z,11fc7df9e4f66ea5a0078745520380e6a5f77bc8,6524,time_in_seconds,parsing,12.082,6524,fdfe65aaefdf122129806e793634be4460019ebb
2026-07-29T19:32:15Z,11fc7df9e4f66ea5a0078745520380e6a5f77bc8,6524,time_in_seconds,typing,306.554,6524,fdfe65aaefdf122129806e793634be4460019ebb
2026-07-29T19:32:15Z,11fc7df9e4f66ea5a0078745520380e6a5f77bc8,6524,time_in_seconds,generate/flambda2,1252.453,6524,fdfe65aaefdf122129806e793634be4460019ebb
2026-07-29T19:32:15Z,11fc7df9e4f66ea5a0078745520380e6a5f77bc8,6524,time_in_seconds,generate/compile_phrases/cfg,445.458,6524,fdfe65aaefdf122129806e793634be4460019ebb
2026-07-29T19:32:15Z,11fc7df9e4f66ea5a0078745520380e6a5f77bc8,6524,time_in_seconds,generate/assemble,74.339,6524,fdfe65aaefdf122129806e793634be4460019ebb
2026-07-29T19:32:15Z,11fc7df9e4f66ea5a0078745520380e6a5f77bc8,6524,alloc_in_bytes,<all>,3375632879769,6524,fdfe65aaefdf122129806e793634be4460019ebb
2026-07-29T19:32:15Z,11fc7df9e4f66ea5a0078745520380e6a5f77bc8,6524,alloc_in_bytes,parsing,12948161387,6524,fdfe65aaefdf122129806e793634be4460019ebb
2026-07-29T19:32:15Z,11fc7df9e4f66ea5a0078745520380e6a5f77bc8,6524,alloc_in_bytes,typing,278163849113,6524,fdfe65aaefdf122129806e793634be4460019ebb
2026-07-29T19:32:15Z,11fc7df9e4f66ea5a0078745520380e6a5f77bc8,6524,alloc_in_bytes,generate/flambda2,2164813284270,6524,fdfe65aaefdf122129806e793634be4460019ebb
2026-07-29T19:32:15Z,11fc7df9e4f66ea5a0078745520380e6a5f77bc8,6524,alloc_in_bytes,generate/compile_phrases/cfg,406460079936,6524,fdfe65aaefdf122129806e793634be4460019ebb
2026-07-29T19:32:15Z,11fc7df9e4f66ea5a0078745520380e6a5f77bc8,6524,alloc_in_bytes,generate/assemble,442761191,6524,fdfe65aaefdf122129806e793634be4460019ebb
2026-07-29T19:32:15Z,11fc7df9e4f66ea5a0078745520380e6a5f77bc8,6524,top_heap_in_bytes,<all>,149146030098,6524,fdfe65aaefdf122129806e793634be4460019ebb
2026-07-29T19:32:15Z,11fc7df9e4f66ea5a0078745520380e6a5f77bc8,6524,top_heap_in_bytes,parsing,2079011103,6524,fdfe65aaefdf122129806e793634be4460019ebb
2026-07-29T19:32:15Z,11fc7df9e4f66ea5a0078745520380e6a5f77bc8,6524,top_heap_in_bytes,typing,31393179465,6524,fdfe65aaefdf122129806e793634be4460019ebb
2026-07-29T19:32:15Z,11fc7df9e4f66ea5a0078745520380e6a5f77bc8,6524,top_heap_in_bytes,generate/flambda2,70038720511,6524,fdfe65aaefdf122129806e793634be4460019ebb
2026-07-29T19:32:15Z,11fc7df9e4f66ea5a0078745520380e6a5f77bc8,6524,top_heap_in_bytes,generate/compile_phrases/cfg,21969815760,6524,fdfe65aaefdf122129806e793634be4460019ebb
2026-07-29T19:32:15Z,11fc7df9e4f66ea5a0078745520380e6a5f77bc8,6524,top_heap_in_bytes,generate/assemble,19010658,6524,fdfe65aaefdf122129806e793634be4460019ebb
2026-07-29T19:32:15Z,11fc7df9e4f66ea5a0078745520380e6a5f77bc8,6524,absolute_top_heap_in_bytes,<all>,194599199423,6524,fdfe65aaefdf122129806e793634be4460019ebb
2026-07-29T19:32:15Z,11fc7df9e4f66ea5a0078745520380e6a5f77bc8,6524,absolute_top_heap_in_bytes,parsing,11310128919,6524,fdfe65aaefdf122129806e793634be4460019ebb
2026-07-29T19:32:15Z,11fc7df9e4f66ea5a0078745520380e6a5f77bc8,6524,absolute_top_heap_in_bytes,typing,55064583535,6524,fdfe65aaefdf122129806e793634be4460019ebb
2026-07-29T19:32:15Z,11fc7df9e4f66ea5a0078745520380e6a5f77bc8,6524,absolute_top_heap_in_bytes,generate/flambda2,128739525486,6524,fdfe65aaefdf122129806e793634be4460019ebb
2026-07-29T19:32:15Z,11fc7df9e4f66ea5a0078745520380e6a5f77bc8,6524,absolute_top_heap_in_bytes,generate/compile_phrases/cfg,145754034577,6524,fdfe65aaefdf122129806e793634be4460019ebb
2026-07-29T19:32:15Z,11fc7df9e4f66ea5a0078745520380e6a5f77bc8,6524,absolute_top_heap_in_bytes,generate/assemble,1748605323,6524,fdfe65aaefdf122129806e793634be4460019ebb
2026-07-29T19:32:15Z,11fc7df9e4f66ea5a0078745520380e6a5f77bc8,6524,counter,block,2586190,6524,fdfe65aaefdf122129806e793634be4460019ebb
2026-07-29T19:32:15Z,11fc7df9e4f66ea5a0078745520380e6a5f77bc8,6524,counter,instruction,15153015,6524,fdfe65aaefdf122129806e793634be4460019ebb
2026-07-29T19:32:15Z,11fc7df9e4f66ea5a0078745520380e6a5f77bc8,6524,counter,move,1958501,6524,fdfe65aaefdf122129806e793634be4460019ebb
2026-07-29T19:32:15Z,11fc7df9e4f66ea5a0078745520380e6a5f77bc8,6524,counter,reload,959399,6524,fdfe65aaefdf122129806e793634be4460019ebb
2026-07-29T19:32:15Z,11fc7df9e4f66ea5a0078745520380e6a5f77bc8,6524,counter,spill,686199,6524,fdfe65aaefdf122129806e793634be4460019ebb
2026-07-29T19:32:15Z,11fc7df9e4f66ea5a0078745520380e6a5f77bc8,6524,counter,stack_slot,455993,6524,fdfe65aaefdf122129806e793634be4460019ebb
2026-07-29T20:10:25Z,19fa148d5cfd50cf20053ef676293d3532552dde,6661,size_in_bytes,exe,68968408,6661,a08b20ac0c3b84a1796c0e8a07f5187a84c61630
2026-07-29T20:10:25Z,19fa148d5cfd50cf20053ef676293d3532552dde,6661,size_in_bytes,opt,481011160,6661,a08b20ac0c3b84a1796c0e8a07f5187a84c61630
2026-07-29T20:10:25Z,19fa148d5cfd50cf20053ef676293d3532552dde,6661,size_in_bytes,a,215828512,6661,a08b20ac0c3b84a1796c0e8a07f5187a84c61630
2026-07-29T20:10:25Z,19fa148d5cfd50cf20053ef676293d3532552dde,6661,size_in_bytes,cmxa,349232,6661,a08b20ac0c3b84a1796c0e8a07f5187a84c61630
2026-07-29T20:10:25Z,19fa148d5cfd50cf20053ef676293d3532552dde,6661,size_in_bytes,cma,263113419,6661,a08b20ac0c3b84a1796c0e8a07f5187a84c61630
2026-07-29T20:10:25Z,19fa148d5cfd50cf20053ef676293d3532552dde,6661,size_in_bytes,cmi,23729891,6661,a08b20ac0c3b84a1796c0e8a07f5187a84c61630
2026-07-29T20:10:25Z,19fa148d5cfd50cf20053ef676293d3532552dde,6661,size_in_bytes,cmx,151800204,6661,a08b20ac0c3b84a1796c0e8a07f5187a84c61630
2026-07-29T20:10:25Z,19fa148d5cfd50cf20053ef676293d3532552dde,6661,size_in_bytes,cmo,1511760,6661,a08b20ac0c3b84a1796c0e8a07f5187a84c61630
2026-07-29T20:10:25Z,19fa148d5cfd50cf20053ef676293d3532552dde,6661,size_in_bytes,cms,24793431,6661,a08b20ac0c3b84a1796c0e8a07f5187a84c61630
2026-07-29T20:10:25Z,19fa148d5cfd50cf20053ef676293d3532552dde,6661,size_in_bytes,cmsi,8403552,6661,a08b20ac0c3b84a1796c0e8a07f5187a84c61630
2026-07-29T20:10:25Z,19fa148d5cfd50cf20053ef676293d3532552dde,6661,size_in_bytes,cmt,655753582,6661,a08b20ac0c3b84a1796c0e8a07f5187a84c61630
2026-07-29T20:10:25Z,19fa148d5cfd50cf20053ef676293d3532552dde,6661,size_in_bytes,cmti,71644927,6661,a08b20ac0c3b84a1796c0e8a07f5187a84c61630
2026-07-29T20:10:25Z,19fa148d5cfd50cf20053ef676293d3532552dde,6661,size_in_bytes,o,4624,6661,a08b20ac0c3b84a1796c0e8a07f5187a84c61630
2026-07-29T20:10:25Z,19fa148d5cfd50cf20053ef676293d3532552dde,6661,time_in_seconds,<all>,2430.241,6661,a08b20ac0c3b84a1796c0e8a07f5187a84c61630
2026-07-29T20:10:25Z,19fa148d5cfd50cf20053ef676293d3532552dde,6661,time_in_seconds,parsing,8.277,6661,a08b20ac0c3b84a1796c0e8a07f5187a84c61630
2026-07-29T20:10:25Z,19fa148d5cfd50cf20053ef676293d3532552dde,6661,time_in_seconds,typing,236.123,6661,a08b20ac0c3b84a1796c0e8a07f5187a84c61630
2026-07-29T20:10:25Z,19fa148d5cfd50cf20053ef676293d3532552dde,6661,time_in_seconds,generate/flambda2,1031.004,6661,a08b20ac0c3b84a1796c0e8a07f5187a84c61630
2026-07-29T20:10:25Z,19fa148d5cfd50cf20053ef676293d3532552dde,6661,time_in_seconds,generate/compile_phrases/cfg,362.883,6661,a08b20ac0c3b84a1796c0e8a07f5187a84c61630
2026-07-29T20:10:25Z,19fa148d5cfd50cf20053ef676293d3532552dde,6661,time_in_seconds,generate/assemble,62.492,6661,a08b20ac0c3b84a1796c0e8a07f5187a84c61630
2026-07-29T20:10:25Z,19fa148d5cfd50cf20053ef676293d3532552dde,6661,alloc_in_bytes,<all>,3377560613334,6661,a08b20ac0c3b84a1796c0e8a07f5187a84c61630
2026-07-29T20:10:25Z,19fa148d5cfd50cf20053ef676293d3532552dde,6661,alloc_in_bytes,parsing,12904561590,6661,a08b20ac0c3b84a1796c0e8a07f5187a84c61630
2026-07-29T20:10:25Z,19fa148d5cfd50cf20053ef676293d3532552dde,6661,alloc_in_bytes,typing,278209032257,6661,a08b20ac0c3b84a1796c0e8a07f5187a84c61630
2026-07-29T20:10:25Z,19fa148d5cfd50cf20053ef676293d3532552dde,6661,alloc_in_bytes,generate/flambda2,2166658935311,6661,a08b20ac0c3b84a1796c0e8a07f5187a84c61630
2026-07-29T20:10:25Z,19fa148d5cfd50cf20053ef676293d3532552dde,6661,alloc_in_bytes,generate/compile_phrases/cfg,406652902566,6661,a08b20ac0c3b84a1796c0e8a07f5187a84c61630
2026-07-29T20:10:25Z,19fa148d5cfd50cf20053ef676293d3532552dde,6661,alloc_in_bytes,generate/assemble,438399116,6661,a08b20ac0c3b84a1796c0e8a07f5187a84c61630
2026-07-29T20:10:25Z,19fa148d5cfd50cf20053ef676293d3532552dde,6661,top_heap_in_bytes,<all>,148669829823,6661,a08b20ac0c3b84a1796c0e8a07f5187a84c61630
2026-07-29T20:10:25Z,19fa148d5cfd50cf20053ef676293d3532552dde,6661,top_heap_in_bytes,parsing,2067130757,6661,a08b20ac0c3b84a1796c0e8a07f5187a84c61630
2026-07-29T20:10:25Z,19fa148d5cfd50cf20053ef676293d3532552dde,6661,top_heap_in_bytes,typing,31403602305,6661,a08b20ac0c3b84a1796c0e8a07f5187a84c61630
2026-07-29T20:10:25Z,19fa148d5cfd50cf20053ef676293d3532552dde,6661,top_heap_in_bytes,generate/flambda2,69802518266,6661,a08b20ac0c3b84a1796c0e8a07f5187a84c61630
2026-07-29T20:10:25Z,19fa148d5cfd50cf20053ef676293d3532552dde,6661,top_heap_in_bytes,generate/compile_phrases/cfg,21684561126,6661,a08b20ac0c3b84a1796c0e8a07f5187a84c61630
2026-07-29T20:10:25Z,19fa148d5cfd50cf20053ef676293d3532552dde,6661,top_heap_in_bytes,generate/assemble,19052603,6661,a08b20ac0c3b84a1796c0e8a07f5187a84c61630
2026-07-29T20:10:25Z,19fa148d5cfd50cf20053ef676293d3532552dde,6661,absolute_top_heap_in_bytes,<all>,194110279893,6661,a08b20ac0c3b84a1796c0e8a07f5187a84c61630
2026-07-29T20:10:25Z,19fa148d5cfd50cf20053ef676293d3532552dde,6661,absolute_top_heap_in_bytes,parsing,11279258852,6661,a08b20ac0c3b84a1796c0e8a07f5187a84c61630
2026-07-29T20:10:25Z,19fa148d5cfd50cf20053ef676293d3532552dde,6661,absolute_top_heap_in_bytes,typing,55051549722,6661,a08b20ac0c3b84a1796c0e8a07f5187a84c61630
2026-07-29T20:10:25Z,19fa148d5cfd50cf20053ef676293d3532552dde,6661,absolute_top_heap_in_bytes,generate/flambda2,128484218229,6661,a08b20ac0c3b84a1796c0e8a07f5187a84c61630
2026-07-29T20:10:25Z,19fa148d5cfd50cf20053ef676293d3532552dde,6661,absolute_top_heap_in_bytes,generate/compile_phrases/cfg,145100132070,6661,a08b20ac0c3b84a1796c0e8a07f5187a84c61630
2026-07-29T20:10:25Z,19fa148d5cfd50cf20053ef676293d3532552dde,6661,absolute_top_heap_in_bytes,generate/assemble,1633995966,6661,a08b20ac0c3b84a1796c0e8a07f5187a84c61630
2026-07-29T20:10:25Z,19fa148d5cfd50cf20053ef676293d3532552dde,6661,counter,block,2587513,6661,a08b20ac0c3b84a1796c0e8a07f5187a84c61630
2026-07-29T20:10:25Z,19fa148d5cfd50cf20053ef676293d3532552dde,6661,counter,instruction,15160786,6661,a08b20ac0c3b84a1796c0e8a07f5187a84c61630
2026-07-29T20:10:25Z,19fa148d5cfd50cf20053ef676293d3532552dde,6661,counter,move,1959603,6661,a08b20ac0c3b84a1796c0e8a07f5187a84c61630
2026-07-29T20:10:25Z,19fa148d5cfd50cf20053ef676293d3532552dde,6661,counter,reload,959791,6661,a08b20ac0c3b84a1796c0e8a07f5187a84c61630
2026-07-29T20:10:25Z,19fa148d5cfd50cf20053ef676293d3532552dde,6661,counter,spill,686458,6661,a08b20ac0c3b84a1796c0e8a07f5187a84c61630
2026-07-29T20:10:25Z,19fa148d5cfd50cf20053ef676293d3532552dde,6661,counter,stack_slot,456170,6661,a08b20ac0c3b84a1796c0e8a07f5187a84c61630
2026-07-29T19:57:43Z,a08b20ac0c3b84a1796c0e8a07f5187a84c61630,6640,size_in_bytes,exe,68968256,6487/6570/6544/6545/6640,06274a7053c11c449b849ec62b532cf80d54a552
2026-07-29T19:57:43Z,a08b20ac0c3b84a1796c0e8a07f5187a84c61630,6640,size_in_bytes,opt,481008128,6487/6570/6544/6545/6640,06274a7053c11c449b849ec62b532cf80d54a552
2026-07-29T19:57:43Z,a08b20ac0c3b84a1796c0e8a07f5187a84c61630,6640,size_in_bytes,a,215822688,6487/6570/6544/6545/6640,06274a7053c11c449b849ec62b532cf80d54a552
2026-07-29T19:57:43Z,a08b20ac0c3b84a1796c0e8a07f5187a84c61630,6640,size_in_bytes,cmxa,349171,6487/6570/6544/6545/6640,06274a7053c11c449b849ec62b532cf80d54a552
2026-07-29T19:57:43Z,a08b20ac0c3b84a1796c0e8a07f5187a84c61630,6640,size_in_bytes,cma,263078859,6487/6570/6544/6545/6640,06274a7053c11c449b849ec62b532cf80d54a552
2026-07-29T19:57:43Z,a08b20ac0c3b84a1796c0e8a07f5187a84c61630,6640,size_in_bytes,cmi,23729718,6487/6570/6544/6545/6640,06274a7053c11c449b849ec62b532cf80d54a552
2026-07-29T19:57:43Z,a08b20ac0c3b84a1796c0e8a07f5187a84c61630,6640,size_in_bytes,cmx,151784142,6487/6570/6544/6545/6640,06274a7053c11c449b849ec62b532cf80d54a552
2026-07-29T19:57:43Z,a08b20ac0c3b84a1796c0e8a07f5187a84c61630,6640,size_in_bytes,cmo,1511760,6487/6570/6544/6545/6640,06274a7053c11c449b849ec62b532cf80d54a552
2026-07-29T19:57:43Z,a08b20ac0c3b84a1796c0e8a07f5187a84c61630,6640,size_in_bytes,cms,24793431,6487/6570/6544/6545/6640,06274a7053c11c449b849ec62b532cf80d54a552
2026-07-29T19:57:43Z,a08b20ac0c3b84a1796c0e8a07f5187a84c61630,6640,size_in_bytes,cmsi,8403552,6487/6570/6544/6545/6640,06274a7053c11c449b849ec62b532cf80d54a552
2026-07-29T19:57:43Z,a08b20ac0c3b84a1796c0e8a07f5187a84c61630,6640,size_in_bytes,cmt,655667244,6487/6570/6544/6545/6640,06274a7053c11c449b849ec62b532cf80d54a552
2026-07-29T19:57:43Z,a08b20ac0c3b84a1796c0e8a07f5187a84c61630,6640,size_in_bytes,cmti,71644665,6487/6570/6544/6545/6640,06274a7053c11c449b849ec62b532cf80d54a552
2026-07-29T19:57:43Z,a08b20ac0c3b84a1796c0e8a07f5187a84c61630,6640,size_in_bytes,o,4624,6487/6570/6544/6545/6640,06274a7053c11c449b849ec62b532cf80d54a552
2026-07-29T19:57:43Z,a08b20ac0c3b84a1796c0e8a07f5187a84c61630,6640,time_in_seconds,<all>,2642.778,6487/6570/6544/6545/6640,06274a7053c11c449b849ec62b532cf80d54a552
2026-07-29T19:57:43Z,a08b20ac0c3b84a1796c0e8a07f5187a84c61630,6640,time_in_seconds,parsing,10.063,6487/6570/6544/6545/6640,06274a7053c11c449b849ec62b532cf80d54a552
2026-07-29T19:57:43Z,a08b20ac0c3b84a1796c0e8a07f5187a84c61630,6640,time_in_seconds,typing,254.733,6487/6570/6544/6545/6640,06274a7053c11c449b849ec62b532cf80d54a552
2026-07-29T19:57:43Z,a08b20ac0c3b84a1796c0e8a07f5187a84c61630,6640,time_in_seconds,generate/flambda2,1123.867,6487/6570/6544/6545/6640,06274a7053c11c449b849ec62b532cf80d54a552
2026-07-29T19:57:43Z,a08b20ac0c3b84a1796c0e8a07f5187a84c61630,6640,time_in_seconds,generate/compile_phrases/cfg,385.981,6487/6570/6544/6545/6640,06274a7053c11c449b849ec62b532cf80d54a552
2026-07-29T19:57:43Z,a08b20ac0c3b84a1796c0e8a07f5187a84c61630,6640,time_in_seconds,generate/assemble,66.231,6487/6570/6544/6545/6640,06274a7053c11c449b849ec62b532cf80d54a552
2026-07-29T19:57:43Z,a08b20ac0c3b84a1796c0e8a07f5187a84c61630,6640,alloc_in_bytes,<all>,3377337035958,6487/6570/6544/6545/6640,06274a7053c11c449b849ec62b532cf80d54a552
2026-07-29T19:57:43Z,a08b20ac0c3b84a1796c0e8a07f5187a84c61630,6640,alloc_in_bytes,parsing,12942069157,6487/6570/6544/6545/6640,06274a7053c11c449b849ec62b532cf80d54a552
2026-07-29T19:57:43Z,a08b20ac0c3b84a1796c0e8a07f5187a84c61630,6640,alloc_in_bytes,typing,278208612825,6487/6570/6544/6545/6640,06274a7053c11c449b849ec62b532cf80d54a552
2026-07-29T19:57:43Z,a08b20ac0c3b84a1796c0e8a07f5187a84c61630,6640,alloc_in_bytes,generate/flambda2,2166458793609,6487/6570/6544/6545/6640,06274a7053c11c449b849ec62b532cf80d54a552
2026-07-29T19:57:43Z,a08b20ac0c3b84a1796c0e8a07f5187a84c61630,6640,alloc_in_bytes,generate/compile_phrases/cfg,406699826340,6487/6570/6544/6545/6640,06274a7053c11c449b849ec62b532cf80d54a552
2026-07-29T19:57:43Z,a08b20ac0c3b84a1796c0e8a07f5187a84c61630,6640,alloc_in_bytes,generate/assemble,440496268,6487/6570/6544/6545/6640,06274a7053c11c449b849ec62b532cf80d54a552
2026-07-29T19:57:43Z,a08b20ac0c3b84a1796c0e8a07f5187a84c61630,6640,top_heap_in_bytes,<all>,148676519720,6487/6570/6544/6545/6640,06274a7053c11c449b849ec62b532cf80d54a552
2026-07-29T19:57:43Z,a08b20ac0c3b84a1796c0e8a07f5187a84c61630,6640,top_heap_in_bytes,parsing,2074208636,6487/6570/6544/6545/6640,06274a7053c11c449b849ec62b532cf80d54a552
2026-07-29T19:57:43Z,a08b20ac0c3b84a1796c0e8a07f5187a84c61630,6640,top_heap_in_bytes,typing,31401987488,6487/6570/6544/6545/6640,06274a7053c11c449b849ec62b532cf80d54a552
2026-07-29T19:57:43Z,a08b20ac0c3b84a1796c0e8a07f5187a84c61630,6640,top_heap_in_bytes,generate/flambda2,69786726704,6487/6570/6544/6545/6640,06274a7053c11c449b849ec62b532cf80d54a552
2026-07-29T19:57:43Z,a08b20ac0c3b84a1796c0e8a07f5187a84c61630,6640,top_heap_in_bytes,generate/compile_phrases/cfg,21689028054,6487/6570/6544/6545/6640,06274a7053c11c449b849ec62b532cf80d54a552
2026-07-29T19:57:43Z,a08b20ac0c3b84a1796c0e8a07f5187a84c61630,6640,top_heap_in_bytes,generate/assemble,19052603,6487/6570/6544/6545/6640,06274a7053c11c449b849ec62b532cf80d54a552
2026-07-29T19:57:43Z,a08b20ac0c3b84a1796c0e8a07f5187a84c61630,6640,absolute_top_heap_in_bytes,<all>,194094960192,6487/6570/6544/6545/6640,06274a7053c11c449b849ec62b532cf80d54a552
2026-07-29T19:57:43Z,a08b20ac0c3b84a1796c0e8a07f5187a84c61630,6640,absolute_top_heap_in_bytes,parsing,11303837466,6487/6570/6544/6545/6640,06274a7053c11c449b849ec62b532cf80d54a552
2026-07-29T19:57:43Z,a08b20ac0c3b84a1796c0e8a07f5187a84c61630,6640,absolute_top_heap_in_bytes,typing,55036901127,6487/6570/6544/6545/6640,06274a7053c11c449b849ec62b532cf80d54a552
2026-07-29T19:57:43Z,a08b20ac0c3b84a1796c0e8a07f5187a84c61630,6640,absolute_top_heap_in_bytes,generate/flambda2,128475892539,6487/6570/6544/6545/6640,06274a7053c11c449b849ec62b532cf80d54a552
2026-07-29T19:57:43Z,a08b20ac0c3b84a1796c0e8a07f5187a84c61630,6640,absolute_top_heap_in_bytes,generate/compile_phrases/cfg,145107199474,6487/6570/6544/6545/6640,06274a7053c11c449b849ec62b532cf80d54a552
2026-07-29T19:57:43Z,a08b20ac0c3b84a1796c0e8a07f5187a84c61630,6640,absolute_top_heap_in_bytes,generate/assemble,1633995966,6487/6570/6544/6545/6640,06274a7053c11c449b849ec62b532cf80d54a552
2026-07-29T19:57:43Z,a08b20ac0c3b84a1796c0e8a07f5187a84c61630,6640,counter,block,2587452,6487/6570/6544/6545/6640,06274a7053c11c449b849ec62b532cf80d54a552
2026-07-29T19:57:43Z,a08b20ac0c3b84a1796c0e8a07f5187a84c61630,6640,counter,instruction,15160457,6487/6570/6544/6545/6640,06274a7053c11c449b849ec62b532cf80d54a552
2026-07-29T19:57:43Z,a08b20ac0c3b84a1796c0e8a07f5187a84c61630,6640,counter,move,1959601,6487/6570/6544/6545/6640,06274a7053c11c449b849ec62b532cf80d54a552
2026-07-29T19:57:43Z,a08b20ac0c3b84a1796c0e8a07f5187a84c61630,6640,counter,reload,959742,6487/6570/6544/6545/6640,06274a7053c11c449b849ec62b532cf80d54a552
2026-07-29T19:57:43Z,a08b20ac0c3b84a1796c0e8a07f5187a84c61630,6640,counter,spill,686424,6487/6570/6544/6545/6640,06274a7053c11c449b849ec62b532cf80d54a552
2026-07-29T19:57:43Z,a08b20ac0c3b84a1796c0e8a07f5187a84c61630,6640,counter,stack_slot,456153,6487/6570/6544/6545/6640,06274a7053c11c449b849ec62b532cf80d54a552
2026-07-29T20:16:33Z,c4ca258181d86007b88921401045b764131a6e5c,6664,size_in_bytes,exe,68968408,6664,19fa148d5cfd50cf20053ef676293d3532552dde
2026-07-29T20:16:33Z,c4ca258181d86007b88921401045b764131a6e5c,6664,size_in_bytes,opt,481011160,6664,19fa148d5cfd50cf20053ef676293d3532552dde
2026-07-29T20:16:33Z,c4ca258181d86007b88921401045b764131a6e5c,6664,size_in_bytes,a,215828512,6664,19fa148d5cfd50cf20053ef676293d3532552dde
2026-07-29T20:16:33Z,c4ca258181d86007b88921401045b764131a6e5c,6664,size_in_bytes,cmxa,349232,6664,19fa148d5cfd50cf20053ef676293d3532552dde
2026-07-29T20:16:33Z,c4ca258181d86007b88921401045b764131a6e5c,6664,size_in_bytes,cma,263113419,6664,19fa148d5cfd50cf20053ef676293d3532552dde
2026-07-29T20:16:33Z,c4ca258181d86007b88921401045b764131a6e5c,6664,size_in_bytes,cmi,23729891,6664,19fa148d5cfd50cf20053ef676293d3532552dde
2026-07-29T20:16:33Z,c4ca258181d86007b88921401045b764131a6e5c,6664,size_in_bytes,cmx,151800204,6664,19fa148d5cfd50cf20053ef676293d3532552dde
2026-07-29T20:16:33Z,c4ca258181d86007b88921401045b764131a6e5c,6664,size_in_bytes,cmo,1511760,6664,19fa148d5cfd50cf20053ef676293d3532552dde
2026-07-29T20:16:33Z,c4ca258181d86007b88921401045b764131a6e5c,6664,size_in_bytes,cms,24793431,6664,19fa148d5cfd50cf20053ef676293d3532552dde
2026-07-29T20:16:33Z,c4ca258181d86007b88921401045b764131a6e5c,6664,size_in_bytes,cmsi,8403552,6664,19fa148d5cfd50cf20053ef676293d3532552dde
2026-07-29T20:16:33Z,c4ca258181d86007b88921401045b764131a6e5c,6664,size_in_bytes,cmt,655753582,6664,19fa148d5cfd50cf20053ef676293d3532552dde
2026-07-29T20:16:33Z,c4ca258181d86007b88921401045b764131a6e5c,6664,size_in_bytes,cmti,71644927,6664,19fa148d5cfd50cf20053ef676293d3532552dde
2026-07-29T20:16:33Z,c4ca258181d86007b88921401045b764131a6e5c,6664,size_in_bytes,o,4624,6664,19fa148d5cfd50cf20053ef676293d3532552dde
2026-07-29T20:16:33Z,c4ca258181d86007b88921401045b764131a6e5c,6664,time_in_seconds,<all>,2304.393,6664,19fa148d5cfd50cf20053ef676293d3532552dde
2026-07-29T20:16:33Z,c4ca258181d86007b88921401045b764131a6e5c,6664,time_in_seconds,parsing,7.882,6664,19fa148d5cfd50cf20053ef676293d3532552dde
2026-07-29T20:16:33Z,c4ca258181d86007b88921401045b764131a6e5c,6664,time_in_seconds,typing,203.800,6664,19fa148d5cfd50cf20053ef676293d3532552dde
2026-07-29T20:16:33Z,c4ca258181d86007b88921401045b764131a6e5c,6664,time_in_seconds,generate/flambda2,973.938,6664,19fa148d5cfd50cf20053ef676293d3532552dde
2026-07-29T20:16:33Z,c4ca258181d86007b88921401045b764131a6e5c,6664,time_in_seconds,generate/compile_phrases/cfg,349.403,6664,19fa148d5cfd50cf20053ef676293d3532552dde
2026-07-29T20:16:33Z,c4ca258181d86007b88921401045b764131a6e5c,6664,time_in_seconds,generate/assemble,57.905,6664,19fa148d5cfd50cf20053ef676293d3532552dde
2026-07-29T20:16:33Z,c4ca258181d86007b88921401045b764131a6e5c,6664,alloc_in_bytes,<all>,3377530057825,6664,19fa148d5cfd50cf20053ef676293d3532552dde
2026-07-29T20:16:33Z,c4ca258181d86007b88921401045b764131a6e5c,6664,alloc_in_bytes,parsing,12879594997,6664,19fa148d5cfd50cf20053ef676293d3532552dde
2026-07-29T20:16:33Z,c4ca258181d86007b88921401045b764131a6e5c,6664,alloc_in_bytes,typing,278199511182,6664,19fa148d5cfd50cf20053ef676293d3532552dde
2026-07-29T20:16:33Z,c4ca258181d86007b88921401045b764131a6e5c,6664,alloc_in_bytes,generate/flambda2,2166639987539,6664,19fa148d5cfd50cf20053ef676293d3532552dde
2026-07-29T20:16:33Z,c4ca258181d86007b88921401045b764131a6e5c,6664,alloc_in_bytes,generate/compile_phrases/cfg,406689644671,6664,19fa148d5cfd50cf20053ef676293d3532552dde
2026-07-29T20:16:33Z,c4ca258181d86007b88921401045b764131a6e5c,6664,alloc_in_bytes,generate/assemble,438399116,6664,19fa148d5cfd50cf20053ef676293d3532552dde
2026-07-29T20:16:33Z,c4ca258181d86007b88921401045b764131a6e5c,6664,top_heap_in_bytes,<all>,148669253097,6664,19fa148d5cfd50cf20053ef676293d3532552dde
2026-07-29T20:16:33Z,c4ca258181d86007b88921401045b764131a6e5c,6664,top_heap_in_bytes,parsing,2063932600,6664,19fa148d5cfd50cf20053ef676293d3532552dde
2026-07-29T20:16:33Z,c4ca258181d86007b88921401045b764131a6e5c,6664,top_heap_in_bytes,typing,31400624350,6664,19fa148d5cfd50cf20053ef676293d3532552dde
2026-07-29T20:16:33Z,c4ca258181d86007b88921401045b764131a6e5c,6664,top_heap_in_bytes,generate/flambda2,69796855956,6664,19fa148d5cfd50cf20053ef676293d3532552dde
2026-07-29T20:16:33Z,c4ca258181d86007b88921401045b764131a6e5c,6664,top_heap_in_bytes,generate/compile_phrases/cfg,21695057374,6664,19fa148d5cfd50cf20053ef676293d3532552dde
2026-07-29T20:16:33Z,c4ca258181d86007b88921401045b764131a6e5c,6664,top_heap_in_bytes,generate/assemble,19052603,6664,19fa148d5cfd50cf20053ef676293d3532552dde
2026-07-29T20:16:33Z,c4ca258181d86007b88921401045b764131a6e5c,6664,absolute_top_heap_in_bytes,<all>,194110101630,6664,19fa148d5cfd50cf20053ef676293d3532552dde
2026-07-29T20:16:33Z,c4ca258181d86007b88921401045b764131a6e5c,6664,absolute_top_heap_in_bytes,parsing,11264966760,6664,19fa148d5cfd50cf20053ef676293d3532552dde
2026-07-29T20:16:33Z,c4ca258181d86007b88921401045b764131a6e5c,6664,absolute_top_heap_in_bytes,typing,55044618633,6664,19fa148d5cfd50cf20053ef676293d3532552dde
2026-07-29T20:16:33Z,c4ca258181d86007b88921401045b764131a6e5c,6664,absolute_top_heap_in_bytes,generate/flambda2,128476773341,6664,19fa148d5cfd50cf20053ef676293d3532552dde
2026-07-29T20:16:33Z,c4ca258181d86007b88921401045b764131a6e5c,6664,absolute_top_heap_in_bytes,generate/compile_phrases/cfg,145098202701,6664,19fa148d5cfd50cf20053ef676293d3532552dde
2026-07-29T20:16:33Z,c4ca258181d86007b88921401045b764131a6e5c,6664,absolute_top_heap_in_bytes,generate/assemble,1633995966,6664,19fa148d5cfd50cf20053ef676293d3532552dde
2026-07-29T20:16:33Z,c4ca258181d86007b88921401045b764131a6e5c,6664,counter,block,2587513,6664,19fa148d5cfd50cf20053ef676293d3532552dde
2026-07-29T20:16:33Z,c4ca258181d86007b88921401045b764131a6e5c,6664,counter,instruction,15160786,6664,19fa148d5cfd50cf20053ef676293d3532552dde
2026-07-29T20:16:33Z,c4ca258181d86007b88921401045b764131a6e5c,6664,counter,move,1959603,6664,19fa148d5cfd50cf20053ef676293d3532552dde
2026-07-29T20:16:33Z,c4ca258181d86007b88921401045b764131a6e5c,6664,counter,reload,959791,6664,19fa148d5cfd50cf20053ef676293d3532552dde
2026-07-29T20:16:33Z,c4ca258181d86007b88921401045b764131a6e5c,6664,counter,spill,686458,6664,19fa148d5cfd50cf20053ef676293d3532552dde
2026-07-29T20:16:33Z,c4ca258181d86007b88921401045b764131a6e5c,6664,counter,stack_slot,456170,6664,19fa148d5cfd50cf20053ef676293d3532552dde
2026-07-29T00:34:41Z,cf6d4212f2f3994b895864cafb57234bd5e5f0b0,6576,size_in_bytes,exe,68885112,6576,de34fc65bae8d5f946b51777cf8eb9e03e4f672e
2026-07-29T00:34:41Z,cf6d4212f2f3994b895864cafb57234bd5e5f0b0,6576,size_in_bytes,opt,480076120,6576,de34fc65bae8d5f946b51777cf8eb9e03e4f672e
2026-07-29T00:34:41Z,cf6d4212f2f3994b895864cafb57234bd5e5f0b0,6576,size_in_bytes,a,215365876,6576,de34fc65bae8d5f946b51777cf8eb9e03e4f672e
2026-07-29T00:34:41Z,cf6d4212f2f3994b895864cafb57234bd5e5f0b0,6576,size_in_bytes,cmxa,349171,6576,de34fc65bae8d5f946b51777cf8eb9e03e4f672e
2026-07-29T00:34:41Z,cf6d4212f2f3994b895864cafb57234bd5e5f0b0,6576,size_in_bytes,cma,262989587,6576,de34fc65bae8d5f946b51777cf8eb9e03e4f672e
2026-07-29T00:34:41Z,cf6d4212f2f3994b895864cafb57234bd5e5f0b0,6576,size_in_bytes,cmi,23729541,6576,de34fc65bae8d5f946b51777cf8eb9e03e4f672e
2026-07-29T00:34:41Z,cf6d4212f2f3994b895864cafb57234bd5e5f0b0,6576,size_in_bytes,cmx,152751698,6576,de34fc65bae8d5f946b51777cf8eb9e03e4f672e
2026-07-29T00:34:41Z,cf6d4212f2f3994b895864cafb57234bd5e5f0b0,6576,size_in_bytes,cmo,1511760,6576,de34fc65bae8d5f946b51777cf8eb9e03e4f672e
2026-07-29T00:34:41Z,cf6d4212f2f3994b895864cafb57234bd5e5f0b0,6576,size_in_bytes,cms,24794362,6576,de34fc65bae8d5f946b51777cf8eb9e03e4f672e
2026-07-29T00:34:41Z,cf6d4212f2f3994b895864cafb57234bd5e5f0b0,6576,size_in_bytes,cmsi,8403514,6576,de34fc65bae8d5f946b51777cf8eb9e03e4f672e
2026-07-29T00:34:41Z,cf6d4212f2f3994b895864cafb57234bd5e5f0b0,6576,size_in_bytes,cmt,655436879,6576,de34fc65bae8d5f946b51777cf8eb9e03e4f672e
2026-07-29T00:34:41Z,cf6d4212f2f3994b895864cafb57234bd5e5f0b0,6576,size_in_bytes,cmti,71639546,6576,de34fc65bae8d5f946b51777cf8eb9e03e4f672e
2026-07-29T00:34:41Z,cf6d4212f2f3994b895864cafb57234bd5e5f0b0,6576,size_in_bytes,o,4624,6576,de34fc65bae8d5f946b51777cf8eb9e03e4f672e
2026-07-29T00:34:41Z,cf6d4212f2f3994b895864cafb57234bd5e5f0b0,6576,time_in_seconds,<all>,2460.714,6576,de34fc65bae8d5f946b51777cf8eb9e03e4f672e
2026-07-29T00:34:41Z,cf6d4212f2f3994b895864cafb57234bd5e5f0b0,6576,time_in_seconds,parsing,8.772,6576,de34fc65bae8d5f946b51777cf8eb9e03e4f672e
2026-07-29T00:34:41Z,cf6d4212f2f3994b895864cafb57234bd5e5f0b0,6576,time_in_seconds,typing,224.594,6576,de34fc65bae8d5f946b51777cf8eb9e03e4f672e
2026-07-29T00:34:41Z,cf6d4212f2f3994b895864cafb57234bd5e5f0b0,6576,time_in_seconds,generate/flambda2,1059.121,6576,de34fc65bae8d5f946b51777cf8eb9e03e4f672e
2026-07-29T00:34:41Z,cf6d4212f2f3994b895864cafb57234bd5e5f0b0,6576,time_in_seconds,generate/compile_phrases/cfg,358.720,6576,de34fc65bae8d5f946b51777cf8eb9e03e4f672e
2026-07-29T00:34:41Z,cf6d4212f2f3994b895864cafb57234bd5e5f0b0,6576,time_in_seconds,generate/assemble,60.919,6576,de34fc65bae8d5f946b51777cf8eb9e03e4f672e
2026-07-29T00:34:41Z,cf6d4212f2f3994b895864cafb57234bd5e5f0b0,6576,alloc_in_bytes,<all>,3375109787146,6576,de34fc65bae8d5f946b51777cf8eb9e03e4f672e
2026-07-29T00:34:41Z,cf6d4212f2f3994b895864cafb57234bd5e5f0b0,6576,alloc_in_bytes,parsing,12879165089,6576,de34fc65bae8d5f946b51777cf8eb9e03e4f672e
2026-07-29T00:34:41Z,cf6d4212f2f3994b895864cafb57234bd5e5f0b0,6576,alloc_in_bytes,typing,278154569221,6576,de34fc65bae8d5f946b51777cf8eb9e03e4f672e
2026-07-29T00:34:41Z,cf6d4212f2f3994b895864cafb57234bd5e5f0b0,6576,alloc_in_bytes,generate/flambda2,2164425426495,6576,de34fc65bae8d5f946b51777cf8eb9e03e4f672e
2026-07-29T00:34:41Z,cf6d4212f2f3994b895864cafb57234bd5e5f0b0,6576,alloc_in_bytes,generate/compile_phrases/cfg,406286089719,6576,de34fc65bae8d5f946b51777cf8eb9e03e4f672e
2026-07-29T00:34:41Z,cf6d4212f2f3994b895864cafb57234bd5e5f0b0,6576,alloc_in_bytes,generate/assemble,444858343,6576,de34fc65bae8d5f946b51777cf8eb9e03e4f672e
2026-07-29T00:34:41Z,cf6d4212f2f3994b895864cafb57234bd5e5f0b0,6576,top_heap_in_bytes,<all>,149138784447,6576,de34fc65bae8d5f946b51777cf8eb9e03e4f672e
2026-07-29T00:34:41Z,cf6d4212f2f3994b895864cafb57234bd5e5f0b0,6576,top_heap_in_bytes,parsing,2065253797,6576,de34fc65bae8d5f946b51777cf8eb9e03e4f672e
2026-07-29T00:34:41Z,cf6d4212f2f3994b895864cafb57234bd5e5f0b0,6576,top_heap_in_bytes,typing,31390285398,6576,de34fc65bae8d5f946b51777cf8eb9e03e4f672e
2026-07-29T00:34:41Z,cf6d4212f2f3994b895864cafb57234bd5e5f0b0,6576,top_heap_in_bytes,generate/flambda2,70057898961,6576,de34fc65bae8d5f946b51777cf8eb9e03e4f672e
2026-07-29T00:34:41Z,cf6d4212f2f3994b895864cafb57234bd5e5f0b0,6576,top_heap_in_bytes,generate/compile_phrases/cfg,21884147072,6576,de34fc65bae8d5f946b51777cf8eb9e03e4f672e
2026-07-29T00:34:41Z,cf6d4212f2f3994b895864cafb57234bd5e5f0b0,6576,top_heap_in_bytes,generate/assemble,18874344,6576,de34fc65bae8d5f946b51777cf8eb9e03e4f672e
2026-07-29T00:34:41Z,cf6d4212f2f3994b895864cafb57234bd5e5f0b0,6576,absolute_top_heap_in_bytes,<all>,194955589418,6576,de34fc65bae8d5f946b51777cf8eb9e03e4f672e
2026-07-29T00:34:41Z,cf6d4212f2f3994b895864cafb57234bd5e5f0b0,6576,absolute_top_heap_in_bytes,parsing,11258979376,6576,de34fc65bae8d5f946b51777cf8eb9e03e4f672e
2026-07-29T00:34:41Z,cf6d4212f2f3994b895864cafb57234bd5e5f0b0,6576,absolute_top_heap_in_bytes,typing,55038893407,6576,de34fc65bae8d5f946b51777cf8eb9e03e4f672e
2026-07-29T00:34:41Z,cf6d4212f2f3994b895864cafb57234bd5e5f0b0,6576,absolute_top_heap_in_bytes,generate/flambda2,128653437419,6576,de34fc65bae8d5f946b51777cf8eb9e03e4f672e
2026-07-29T00:34:41Z,cf6d4212f2f3994b895864cafb57234bd5e5f0b0,6576,absolute_top_heap_in_bytes,generate/compile_phrases/cfg,145687041046,6576,de34fc65bae8d5f946b51777cf8eb9e03e4f672e
2026-07-29T00:34:41Z,cf6d4212f2f3994b895864cafb57234bd5e5f0b0,6576,absolute_top_heap_in_bytes,generate/assemble,1748500463,6576,de34fc65bae8d5f946b51777cf8eb9e03e4f672e
2026-07-29T00:34:41Z,cf6d4212f2f3994b895864cafb57234bd5e5f0b0,6576,counter,block,2585939,6576,de34fc65bae8d5f946b51777cf8eb9e03e4f672e
2026-07-29T00:34:41Z,cf6d4212f2f3994b895864cafb57234bd5e5f0b0,6576,counter,instruction,15151829,6576,de34fc65bae8d5f946b51777cf8eb9e03e4f672e
2026-07-29T00:34:41Z,cf6d4212f2f3994b895864cafb57234bd5e5f0b0,6576,counter,move,1958435,6576,de34fc65bae8d5f946b51777cf8eb9e03e4f672e
2026-07-29T00:34:41Z,cf6d4212f2f3994b895864cafb57234bd5e5f0b0,6576,counter,reload,959353,6576,de34fc65bae8d5f946b51777cf8eb9e03e4f672e
2026-07-29T00:34:41Z,cf6d4212f2f3994b895864cafb57234bd5e5f0b0,6576,counter,spill,686163,6576,de34fc65bae8d5f946b51777cf8eb9e03e4f672e
2026-07-29T00:34:41Z,cf6d4212f2f3994b895864cafb57234bd5e5f0b0,6576,counter,stack_slot,455967,6576,de34fc65bae8d5f946b51777cf8eb9e03e4f672e
2026-07-29T01:06:13Z,e2f76ce9f33df5174b4caeb027e44b4eceb2120e,6654,size_in_bytes,exe,68885112,6654,cf6d4212f2f3994b895864cafb57234bd5e5f0b0
2026-07-29T01:06:13Z,e2f76ce9f33df5174b4caeb027e44b4eceb2120e,6654,size_in_bytes,opt,480076120,6654,cf6d4212f2f3994b895864cafb57234bd5e5f0b0
2026-07-29T01:06:13Z,e2f76ce9f33df5174b4caeb027e44b4eceb2120e,6654,size_in_bytes,a,215365876,6654,cf6d4212f2f3994b895864cafb57234bd5e5f0b0
2026-07-29T01:06:13Z,e2f76ce9f33df5174b4caeb027e44b4eceb2120e,6654,size_in_bytes,cmxa,349171,6654,cf6d4212f2f3994b895864cafb57234bd5e5f0b0
2026-07-29T01:06:13Z,e2f76ce9f33df5174b4caeb027e44b4eceb2120e,6654,size_in_bytes,cma,262989587,6654,cf6d4212f2f3994b895864cafb57234bd5e5f0b0
2026-07-29T01:06:13Z,e2f76ce9f33df5174b4caeb027e44b4eceb2120e,6654,size_in_bytes,cmi,23729541,6654,cf6d4212f2f3994b895864cafb57234bd5e5f0b0
2026-07-29T01:06:13Z,e2f76ce9f33df5174b4caeb027e44b4eceb2120e,6654,size_in_bytes,cmx,152751698,6654,cf6d4212f2f3994b895864cafb57234bd5e5f0b0
2026-07-29T01:06:13Z,e2f76ce9f33df5174b4caeb027e44b4eceb2120e,6654,size_in_bytes,cmo,1511760,6654,cf6d4212f2f3994b895864cafb57234bd5e5f0b0
2026-07-29T01:06:13Z,e2f76ce9f33df5174b4caeb027e44b4eceb2120e,6654,size_in_bytes,cms,24794362,6654,cf6d4212f2f3994b895864cafb57234bd5e5f0b0
2026-07-29T01:06:13Z,e2f76ce9f33df5174b4caeb027e44b4eceb2120e,6654,size_in_bytes,cmsi,8403514,6654,cf6d4212f2f3994b895864cafb57234bd5e5f0b0
2026-07-29T01:06:13Z,e2f76ce9f33df5174b4caeb027e44b4eceb2120e,6654,size_in_bytes,cmt,655436879,6654,cf6d4212f2f3994b895864cafb57234bd5e5f0b0
2026-07-29T01:06:13Z,e2f76ce9f33df5174b4caeb027e44b4eceb2120e,6654,size_in_bytes,cmti,71639546,6654,cf6d4212f2f3994b895864cafb57234bd5e5f0b0
2026-07-29T01:06:13Z,e2f76ce9f33df5174b4caeb027e44b4eceb2120e,6654,size_in_bytes,o,4624,6654,cf6d4212f2f3994b895864cafb57234bd5e5f0b0
2026-07-29T01:06:13Z,e2f76ce9f33df5174b4caeb027e44b4eceb2120e,6654,time_in_seconds,<all>,2934.434,6654,cf6d4212f2f3994b895864cafb57234bd5e5f0b0
2026-07-29T01:06:13Z,e2f76ce9f33df5174b4caeb027e44b4eceb2120e,6654,time_in_seconds,parsing,11.404,6654,cf6d4212f2f3994b895864cafb57234bd5e5f0b0
2026-07-29T01:06:13Z,e2f76ce9f33df5174b4caeb027e44b4eceb2120e,6654,time_in_seconds,typing,327.331,6654,cf6d4212f2f3994b895864cafb57234bd5e5f0b0
2026-07-29T01:06:13Z,e2f76ce9f33df5174b4caeb027e44b4eceb2120e,6654,time_in_seconds,generate/flambda2,1226.210,6654,cf6d4212f2f3994b895864cafb57234bd5e5f0b0
2026-07-29T01:06:13Z,e2f76ce9f33df5174b4caeb027e44b4eceb2120e,6654,time_in_seconds,generate/compile_phrases/cfg,413.566,6654,cf6d4212f2f3994b895864cafb57234bd5e5f0b0
2026-07-29T01:06:13Z,e2f76ce9f33df5174b4caeb027e44b4eceb2120e,6654,time_in_seconds,generate/assemble,71.350,6654,cf6d4212f2f3994b895864cafb57234bd5e5f0b0
2026-07-29T01:06:13Z,e2f76ce9f33df5174b4caeb027e44b4eceb2120e,6654,alloc_in_bytes,<all>,3375138297927,6654,cf6d4212f2f3994b895864cafb57234bd5e5f0b0
2026-07-29T01:06:13Z,e2f76ce9f33df5174b4caeb027e44b4eceb2120e,6654,alloc_in_bytes,parsing,12897903140,6654,cf6d4212f2f3994b895864cafb57234bd5e5f0b0
2026-07-29T01:06:13Z,e2f76ce9f33df5174b4caeb027e44b4eceb2120e,6654,alloc_in_bytes,typing,278147134818,6654,cf6d4212f2f3994b895864cafb57234bd5e5f0b0
2026-07-29T01:06:13Z,e2f76ce9f33df5174b4caeb027e44b4eceb2120e,6654,alloc_in_bytes,generate/flambda2,2164441731848,6654,cf6d4212f2f3994b895864cafb57234bd5e5f0b0
2026-07-29T01:06:13Z,e2f76ce9f33df5174b4caeb027e44b4eceb2120e,6654,alloc_in_bytes,generate/compile_phrases/cfg,406256949789,6654,cf6d4212f2f3994b895864cafb57234bd5e5f0b0
2026-07-29T01:06:13Z,e2f76ce9f33df5174b4caeb027e44b4eceb2120e,6654,alloc_in_bytes,generate/assemble,444858343,6654,cf6d4212f2f3994b895864cafb57234bd5e5f0b0
2026-07-29T01:06:13Z,e2f76ce9f33df5174b4caeb027e44b4eceb2120e,6654,top_heap_in_bytes,<all>,149145474371,6654,cf6d4212f2f3994b895864cafb57234bd5e5f0b0
2026-07-29T01:06:13Z,e2f76ce9f33df5174b4caeb027e44b4eceb2120e,6654,top_heap_in_bytes,parsing,2070570074,6654,cf6d4212f2f3994b895864cafb57234bd5e5f0b0
2026-07-29T01:06:13Z,e2f76ce9f33df5174b4caeb027e44b4eceb2120e,6654,top_heap_in_bytes,typing,31387307440,6654,cf6d4212f2f3994b895864cafb57234bd5e5f0b0
2026-07-29T01:06:13Z,e2f76ce9f33df5174b4caeb027e44b4eceb2120e,6654,top_heap_in_bytes,generate/flambda2,70064735679,6654,cf6d4212f2f3994b895864cafb57234bd5e5f0b0
2026-07-29T01:06:13Z,e2f76ce9f33df5174b4caeb027e44b4eceb2120e,6654,top_heap_in_bytes,generate/compile_phrases/cfg,21880330256,6654,cf6d4212f2f3994b895864cafb57234bd5e5f0b0
2026-07-29T01:06:13Z,e2f76ce9f33df5174b4caeb027e44b4eceb2120e,6654,top_heap_in_bytes,generate/assemble,18874344,6654,cf6d4212f2f3994b895864cafb57234bd5e5f0b0
2026-07-29T01:06:13Z,e2f76ce9f33df5174b4caeb027e44b4eceb2120e,6654,absolute_top_heap_in_bytes,<all>,194954100440,6654,cf6d4212f2f3994b895864cafb57234bd5e5f0b0
2026-07-29T01:06:13Z,e2f76ce9f33df5174b4caeb027e44b4eceb2120e,6654,absolute_top_heap_in_bytes,parsing,11297829116,6654,cf6d4212f2f3994b895864cafb57234bd5e5f0b0
2026-07-29T01:06:13Z,e2f76ce9f33df5174b4caeb027e44b4eceb2120e,6654,absolute_top_heap_in_bytes,typing,55037677062,6654,cf6d4212f2f3994b895864cafb57234bd5e5f0b0
2026-07-29T01:06:13Z,e2f76ce9f33df5174b4caeb027e44b4eceb2120e,6654,absolute_top_heap_in_bytes,generate/flambda2,128655964479,6654,cf6d4212f2f3994b895864cafb57234bd5e5f0b0
2026-07-29T01:06:13Z,e2f76ce9f33df5174b4caeb027e44b4eceb2120e,6654,absolute_top_heap_in_bytes,generate/compile_phrases/cfg,145676366541,6654,cf6d4212f2f3994b895864cafb57234bd5e5f0b0
2026-07-29T01:06:13Z,e2f76ce9f33df5174b4caeb027e44b4eceb2120e,6654,absolute_top_heap_in_bytes,generate/assemble,1748500463,6654,cf6d4212f2f3994b895864cafb57234bd5e5f0b0
2026-07-29T01:06:13Z,e2f76ce9f33df5174b4caeb027e44b4eceb2120e,6654,counter,block,2585939,6654,cf6d4212f2f3994b895864cafb57234bd5e5f0b0
2026-07-29T01:06:13Z,e2f76ce9f33df5174b4caeb027e44b4eceb2120e,6654,counter,instruction,15151829,6654,cf6d4212f2f3994b895864cafb57234bd5e5f0b0
2026-07-29T01:06:13Z,e2f76ce9f33df5174b4caeb027e44b4eceb2120e,6654,counter,move,1958435,6654,cf6d4212f2f3994b895864cafb57234bd5e5f0b0
2026-07-29T01:06:13Z,e2f76ce9f33df5174b4caeb027e44b4eceb2120e,6654,counter,reload,959353,6654,cf6d4212f2f3994b895864cafb57234bd5e5f0b0
2026-07-29T01:06:13Z,e2f76ce9f33df5174b4caeb027e44b4eceb2120e,6654,counter,spill,686163,6654,cf6d4212f2f3994b895864cafb57234bd5e5f0b0
2026-07-29T01:06:13Z,e2f76ce9f33df5174b4caeb027e44b4eceb2120e,6654,counter,stack_slot,455967,6654,cf6d4212f2f3994b895864cafb57234bd5e5f0b0
2026-07-29T01:15:03Z,fdfe65aaefdf122129806e793634be4460019ebb,6657,size_in_bytes,exe,68885112,6563/6657,e2f76ce9f33df5174b4caeb027e44b4eceb2120e
2026-07-29T01:15:03Z,fdfe65aaefdf122129806e793634be4460019ebb,6657,size_in_bytes,opt,480076120,6563/6657,e2f76ce9f33df5174b4caeb027e44b4eceb2120e
2026-07-29T01:15:03Z,fdfe65aaefdf122129806e793634be4460019ebb,6657,size_in_bytes,a,215365876,6563/6657,e2f76ce9f33df5174b4caeb027e44b4eceb2120e
2026-07-29T01:15:03Z,fdfe65aaefdf122129806e793634be4460019ebb,6657,size_in_bytes,cmxa,349171,6563/6657,e2f76ce9f33df5174b4caeb027e44b4eceb2120e
2026-07-29T01:15:03Z,fdfe65aaefdf122129806e793634be4460019ebb,6657,size_in_bytes,cma,262989587,6563/6657,e2f76ce9f33df5174b4caeb027e44b4eceb2120e
2026-07-29T01:15:03Z,fdfe65aaefdf122129806e793634be4460019ebb,6657,size_in_bytes,cmi,23729541,6563/6657,e2f76ce9f33df5174b4caeb027e44b4eceb2120e
2026-07-29T01:15:03Z,fdfe65aaefdf122129806e793634be4460019ebb,6657,size_in_bytes,cmx,152751698,6563/6657,e2f76ce9f33df5174b4caeb027e44b4eceb2120e
2026-07-29T01:15:03Z,fdfe65aaefdf122129806e793634be4460019ebb,6657,size_in_bytes,cmo,1511760,6563/6657,e2f76ce9f33df5174b4caeb027e44b4eceb2120e
2026-07-29T01:15:03Z,fdfe65aaefdf122129806e793634be4460019ebb,6657,size_in_bytes,cms,24794362,6563/6657,e2f76ce9f33df5174b4caeb027e44b4eceb2120e
2026-07-29T01:15:03Z,fdfe65aaefdf122129806e793634be4460019ebb,6657,size_in_bytes,cmsi,8403514,6563/6657,e2f76ce9f33df5174b4caeb027e44b4eceb2120e
2026-07-29T01:15:03Z,fdfe65aaefdf122129806e793634be4460019ebb,6657,size_in_bytes,cmt,655436879,6563/6657,e2f76ce9f33df5174b4caeb027e44b4eceb2120e
2026-07-29T01:15:03Z,fdfe65aaefdf122129806e793634be4460019ebb,6657,size_in_bytes,cmti,71639546,6563/6657,e2f76ce9f33df5174b4caeb027e44b4eceb2120e
2026-07-29T01:15:03Z,fdfe65aaefdf122129806e793634be4460019ebb,6657,size_in_bytes,o,4624,6563/6657,e2f76ce9f33df5174b4caeb027e44b4eceb2120e
2026-07-29T01:15:03Z,fdfe65aaefdf122129806e793634be4460019ebb,6657,time_in_seconds,<all>,2510.624,6563/6657,e2f76ce9f33df5174b4caeb027e44b4eceb2120e
2026-07-29T01:15:03Z,fdfe65aaefdf122129806e793634be4460019ebb,6657,time_in_seconds,parsing,9.324,6563/6657,e2f76ce9f33df5174b4caeb027e44b4eceb2120e
2026-07-29T01:15:03Z,fdfe65aaefdf122129806e793634be4460019ebb,6657,time_in_seconds,typing,243.086,6563/6657,e2f76ce9f33df5174b4caeb027e44b4eceb2120e
2026-07-29T01:15:03Z,fdfe65aaefdf122129806e793634be4460019ebb,6657,time_in_seconds,generate/flambda2,1059.212,6563/6657,e2f76ce9f33df5174b4caeb027e44b4eceb2120e
2026-07-29T01:15:03Z,fdfe65aaefdf122129806e793634be4460019ebb,6657,time_in_seconds,generate/compile_phrases/cfg,369.395,6563/6657,e2f76ce9f33df5174b4caeb027e44b4eceb2120e
2026-07-29T01:15:03Z,fdfe65aaefdf122129806e793634be4460019ebb,6657,time_in_seconds,generate/assemble,64.616,6563/6657,e2f76ce9f33df5174b4caeb027e44b4eceb2120e
2026-07-29T01:15:03Z,fdfe65aaefdf122129806e793634be4460019ebb,6657,alloc_in_bytes,<all>,3375129248716,6563/6657,e2f76ce9f33df5174b4caeb027e44b4eceb2120e
2026-07-29T01:15:03Z,fdfe65aaefdf122129806e793634be4460019ebb,6657,alloc_in_bytes,parsing,12876816272,6563/6657,e2f76ce9f33df5174b4caeb027e44b4eceb2120e
2026-07-29T01:15:03Z,fdfe65aaefdf122129806e793634be4460019ebb,6657,alloc_in_bytes,typing,278153415786,6563/6657,e2f76ce9f33df5174b4caeb027e44b4eceb2120e
2026-07-29T01:15:03Z,fdfe65aaefdf122129806e793634be4460019ebb,6657,alloc_in_bytes,generate/flambda2,2164435440394,6563/6657,e2f76ce9f33df5174b4caeb027e44b4eceb2120e
2026-07-29T01:15:03Z,fdfe65aaefdf122129806e793634be4460019ebb,6657,alloc_in_bytes,generate/compile_phrases/cfg,406261469152,6563/6657,e2f76ce9f33df5174b4caeb027e44b4eceb2120e
2026-07-29T01:15:03Z,fdfe65aaefdf122129806e793634be4460019ebb,6657,alloc_in_bytes,generate/assemble,442761191,6563/6657,e2f76ce9f33df5174b4caeb027e44b4eceb2120e
2026-07-29T01:15:03Z,fdfe65aaefdf122129806e793634be4460019ebb,6657,top_heap_in_bytes,<all>,149149752549,6563/6657,e2f76ce9f33df5174b4caeb027e44b4eceb2120e
2026-07-29T01:15:03Z,fdfe65aaefdf122129806e793634be4460019ebb,6657,top_heap_in_bytes,parsing,2065683712,6563/6657,e2f76ce9f33df5174b4caeb027e44b4eceb2120e
2026-07-29T01:15:03Z,fdfe65aaefdf122129806e793634be4460019ebb,6657,top_heap_in_bytes,typing,31390159573,6563/6657,e2f76ce9f33df5174b4caeb027e44b4eceb2120e
2026-07-29T01:15:03Z,fdfe65aaefdf122129806e793634be4460019ebb,6657,top_heap_in_bytes,generate/flambda2,70062219099,6563/6657,e2f76ce9f33df5174b4caeb027e44b4eceb2120e
2026-07-29T01:15:03Z,fdfe65aaefdf122129806e793634be4460019ebb,6657,top_heap_in_bytes,generate/compile_phrases/cfg,21890532902,6563/6657,e2f76ce9f33df5174b4caeb027e44b4eceb2120e
2026-07-29T01:15:03Z,fdfe65aaefdf122129806e793634be4460019ebb,6657,top_heap_in_bytes,generate/assemble,18874344,6563/6657,e2f76ce9f33df5174b4caeb027e44b4eceb2120e
2026-07-29T01:15:03Z,fdfe65aaefdf122129806e793634be4460019ebb,6657,absolute_top_heap_in_bytes,<all>,195080946686,6563/6657,e2f76ce9f33df5174b4caeb027e44b4eceb2120e
2026-07-29T01:15:03Z,fdfe65aaefdf122129806e793634be4460019ebb,6657,absolute_top_heap_in_bytes,parsing,11297095110,6563/6657,e2f76ce9f33df5174b4caeb027e44b4eceb2120e
2026-07-29T01:15:03Z,fdfe65aaefdf122129806e793634be4460019ebb,6657,absolute_top_heap_in_bytes,typing,55049830056,6563/6657,e2f76ce9f33df5174b4caeb027e44b4eceb2120e
2026-07-29T01:15:03Z,fdfe65aaefdf122129806e793634be4460019ebb,6657,absolute_top_heap_in_bytes,generate/flambda2,128741087880,6563/6657,e2f76ce9f33df5174b4caeb027e44b4eceb2120e
2026-07-29T01:15:03Z,fdfe65aaefdf122129806e793634be4460019ebb,6657,absolute_top_heap_in_bytes,generate/compile_phrases/cfg,145694402047,6563/6657,e2f76ce9f33df5174b4caeb027e44b4eceb2120e
2026-07-29T01:15:03Z,fdfe65aaefdf122129806e793634be4460019ebb,6657,absolute_top_heap_in_bytes,generate/assemble,1748500463,6563/6657,e2f76ce9f33df5174b4caeb027e44b4eceb2120e
2026-07-29T01:15:03Z,fdfe65aaefdf122129806e793634be4460019ebb,6657,counter,block,2585939,6563/6657,e2f76ce9f33df5174b4caeb027e44b4eceb2120e
2026-07-29T01:15:03Z,fdfe65aaefdf122129806e793634be4460019ebb,6657,counter,instruction,15151829,6563/6657,e2f76ce9f33df5174b4caeb027e44b4eceb2120e
2026-07-29T01:15:03Z,fdfe65aaefdf122129806e793634be4460019ebb,6657,counter,move,1958435,6563/6657,e2f76ce9f33df5174b4caeb027e44b4eceb2120e
2026-07-29T01:15:03Z,fdfe65aaefdf122129806e793634be4460019ebb,6657,counter,reload,959353,6563/6657,e2f76ce9f33df5174b4caeb027e44b4eceb2120e
2026-07-29T01:15:03Z,fdfe65aaefdf122129806e793634be4460019ebb,6657,counter,spill,686163,6563/6657,e2f76ce9f33df5174b4caeb027e44b4eceb2120e
2026-07-29T01:15:03Z,fdfe65aaefdf122129806e793634be4460019ebb,6657,counter,stack_slot,455967,6563/6657,e2f76ce9f33df5174b4caeb027e44b4eceb2120e
2026-07-30T06:24:06Z,0a342ec99f1dc55bb1bd457e1fcc4ee73cb00796,6668,size_in_bytes,exe,68768696,6668,f6e393c955294504c03608d03f1dbb91b1a5e549
2026-07-30T06:24:06Z,0a342ec99f1dc55bb1bd457e1fcc4ee73cb00796,6668,size_in_bytes,opt,479210624,6668,f6e393c955294504c03608d03f1dbb91b1a5e549
2026-07-30T06:24:06Z,0a342ec99f1dc55bb1bd457e1fcc4ee73cb00796,6668,size_in_bytes,a,215477296,6668,f6e393c955294504c03608d03f1dbb91b1a5e549
2026-07-30T06:24:06Z,0a342ec99f1dc55bb1bd457e1fcc4ee73cb00796,6668,size_in_bytes,cmxa,349232,6668,f6e393c955294504c03608d03f1dbb91b1a5e549
2026-07-30T06:24:06Z,0a342ec99f1dc55bb1bd457e1fcc4ee73cb00796,6668,size_in_bytes,cma,263051669,6668,f6e393c955294504c03608d03f1dbb91b1a5e549
2026-07-30T06:24:06Z,0a342ec99f1dc55bb1bd457e1fcc4ee73cb00796,6668,size_in_bytes,cmi,23724444,6668,f6e393c955294504c03608d03f1dbb91b1a5e549
2026-07-30T06:24:06Z,0a342ec99f1dc55bb1bd457e1fcc4ee73cb00796,6668,size_in_bytes,cmx,151797496,6668,f6e393c955294504c03608d03f1dbb91b1a5e549
2026-07-30T06:24:06Z,0a342ec99f1dc55bb1bd457e1fcc4ee73cb00796,6668,size_in_bytes,cmo,1511760,6668,f6e393c955294504c03608d03f1dbb91b1a5e549
2026-07-30T06:24:06Z,0a342ec99f1dc55bb1bd457e1fcc4ee73cb00796,6668,size_in_bytes,cms,24784103,6668,f6e393c955294504c03608d03f1dbb91b1a5e549
2026-07-30T06:24:06Z,0a342ec99f1dc55bb1bd457e1fcc4ee73cb00796,6668,size_in_bytes,cmsi,8399082,6668,f6e393c955294504c03608d03f1dbb91b1a5e549
2026-07-30T06:24:06Z,0a342ec99f1dc55bb1bd457e1fcc4ee73cb00796,6668,size_in_bytes,cmt,655618596,6668,f6e393c955294504c03608d03f1dbb91b1a5e549
2026-07-30T06:24:06Z,0a342ec99f1dc55bb1bd457e1fcc4ee73cb00796,6668,size_in_bytes,cmti,71623685,6668,f6e393c955294504c03608d03f1dbb91b1a5e549
2026-07-30T06:24:06Z,0a342ec99f1dc55bb1bd457e1fcc4ee73cb00796,6668,size_in_bytes,o,4624,6668,f6e393c955294504c03608d03f1dbb91b1a5e549
2026-07-30T06:24:06Z,0a342ec99f1dc55bb1bd457e1fcc4ee73cb00796,6668,time_in_seconds,<all>,2271.807,6668,f6e393c955294504c03608d03f1dbb91b1a5e549
2026-07-30T06:24:06Z,0a342ec99f1dc55bb1bd457e1fcc4ee73cb00796,6668,time_in_seconds,parsing,7.817,6668,f6e393c955294504c03608d03f1dbb91b1a5e549
2026-07-30T06:24:06Z,0a342ec99f1dc55bb1bd457e1fcc4ee73cb00796,6668,time_in_seconds,typing,193.913,6668,f6e393c955294504c03608d03f1dbb91b1a5e549
2026-07-30T06:24:06Z,0a342ec99f1dc55bb1bd457e1fcc4ee73cb00796,6668,time_in_seconds,generate/flambda2,965.304,6668,f6e393c955294504c03608d03f1dbb91b1a5e549
2026-07-30T06:24:06Z,0a342ec99f1dc55bb1bd457e1fcc4ee73cb00796,6668,time_in_seconds,generate/compile_phrases/cfg,347.521,6668,f6e393c955294504c03608d03f1dbb91b1a5e549
2026-07-30T06:24:06Z,0a342ec99f1dc55bb1bd457e1fcc4ee73cb00796,6668,time_in_seconds,generate/assemble,56.413,6668,f6e393c955294504c03608d03f1dbb91b1a5e549
2026-07-30T06:24:06Z,0a342ec99f1dc55bb1bd457e1fcc4ee73cb00796,6668,alloc_in_bytes,<all>,3368364549383,6668,f6e393c955294504c03608d03f1dbb91b1a5e549
2026-07-30T06:24:06Z,0a342ec99f1dc55bb1bd457e1fcc4ee73cb00796,6668,alloc_in_bytes,parsing,12916337102,6668,f6e393c955294504c03608d03f1dbb91b1a5e549
2026-07-30T06:24:06Z,0a342ec99f1dc55bb1bd457e1fcc4ee73cb00796,6668,alloc_in_bytes,typing,278226061127,6668,f6e393c955294504c03608d03f1dbb91b1a5e549
2026-07-30T06:24:06Z,0a342ec99f1dc55bb1bd457e1fcc4ee73cb00796,6668,alloc_in_bytes,generate/flambda2,2158108710287,6668,f6e393c955294504c03608d03f1dbb91b1a5e549
2026-07-30T06:24:06Z,0a342ec99f1dc55bb1bd457e1fcc4ee73cb00796,6668,alloc_in_bytes,generate/compile_phrases/cfg,406064452206,6668,f6e393c955294504c03608d03f1dbb91b1a5e549
2026-07-30T06:24:06Z,0a342ec99f1dc55bb1bd457e1fcc4ee73cb00796,6668,alloc_in_bytes,generate/assemble,438399116,6668,f6e393c955294504c03608d03f1dbb91b1a5e549
2026-07-30T06:24:06Z,0a342ec99f1dc55bb1bd457e1fcc4ee73cb00796,6668,top_heap_in_bytes,<all>,148604325271,6668,f6e393c955294504c03608d03f1dbb91b1a5e549
2026-07-30T06:24:06Z,0a342ec99f1dc55bb1bd457e1fcc4ee73cb00796,6668,top_heap_in_bytes,parsing,2063628483,6668,f6e393c955294504c03608d03f1dbb91b1a5e549
2026-07-30T06:24:06Z,0a342ec99f1dc55bb1bd457e1fcc4ee73cb00796,6668,top_heap_in_bytes,typing,31401714869,6668,f6e393c955294504c03608d03f1dbb91b1a5e549
2026-07-30T06:24:06Z,0a342ec99f1dc55bb1bd457e1fcc4ee73cb00796,6668,top_heap_in_bytes,generate/flambda2,69726465039,6668,f6e393c955294504c03608d03f1dbb91b1a5e549
2026-07-30T06:24:06Z,0a342ec99f1dc55bb1bd457e1fcc4ee73cb00796,6668,top_heap_in_bytes,generate/compile_phrases/cfg,21694491153,6668,f6e393c955294504c03608d03f1dbb91b1a5e549
2026-07-30T06:24:06Z,0a342ec99f1dc55bb1bd457e1fcc4ee73cb00796,6668,top_heap_in_bytes,generate/assemble,18926775,6668,f6e393c955294504c03608d03f1dbb91b1a5e549
2026-07-30T06:24:06Z,0a342ec99f1dc55bb1bd457e1fcc4ee73cb00796,6668,absolute_top_heap_in_bytes,<all>,193949145213,6668,f6e393c955294504c03608d03f1dbb91b1a5e549
2026-07-30T06:24:06Z,0a342ec99f1dc55bb1bd457e1fcc4ee73cb00796,6668,absolute_top_heap_in_bytes,parsing,11546404548,6668,f6e393c955294504c03608d03f1dbb91b1a5e549
2026-07-30T06:24:06Z,0a342ec99f1dc55bb1bd457e1fcc4ee73cb00796,6668,absolute_top_heap_in_bytes,typing,55038327176,6668,f6e393c955294504c03608d03f1dbb91b1a5e549
2026-07-30T06:24:06Z,0a342ec99f1dc55bb1bd457e1fcc4ee73cb00796,6668,absolute_top_heap_in_bytes,generate/flambda2,128409381371,6668,f6e393c955294504c03608d03f1dbb91b1a5e549
2026-07-30T06:24:06Z,0a342ec99f1dc55bb1bd457e1fcc4ee73cb00796,6668,absolute_top_heap_in_bytes,generate/compile_phrases/cfg,145075301800,6668,f6e393c955294504c03608d03f1dbb91b1a5e549
2026-07-30T06:24:06Z,0a342ec99f1dc55bb1bd457e1fcc4ee73cb00796,6668,absolute_top_heap_in_bytes,generate/assemble,1732457251,6668,f6e393c955294504c03608d03f1dbb91b1a5e549
2026-07-30T06:24:06Z,0a342ec99f1dc55bb1bd457e1fcc4ee73cb00796,6668,counter,block,2583878,6668,f6e393c955294504c03608d03f1dbb91b1a5e549
2026-07-30T06:24:06Z,0a342ec99f1dc55bb1bd457e1fcc4ee73cb00796,6668,counter,instruction,15146599,6668,f6e393c955294504c03608d03f1dbb91b1a5e549
2026-07-30T06:24:06Z,0a342ec99f1dc55bb1bd457e1fcc4ee73cb00796,6668,counter,move,1959355,6668,f6e393c955294504c03608d03f1dbb91b1a5e549
2026-07-30T06:24:06Z,0a342ec99f1dc55bb1bd457e1fcc4ee73cb00796,6668,counter,reload,958525,6668,f6e393c955294504c03608d03f1dbb91b1a5e549
2026-07-30T06:24:06Z,0a342ec99f1dc55bb1bd457e1fcc4ee73cb00796,6668,counter,spill,685702,6668,f6e393c955294504c03608d03f1dbb91b1a5e549
2026-07-30T06:24:06Z,0a342ec99f1dc55bb1bd457e1fcc4ee73cb00796,6668,counter,stack_slot,455930,6668,f6e393c955294504c03608d03f1dbb91b1a5e549
2026-07-30T02:22:34Z,1fbb95030a4c1d39f17759728f9a0eaaa8a66980,6669,size_in_bytes,exe,68968424,6669,c4ca258181d86007b88921401045b764131a6e5c
2026-07-30T02:22:34Z,1fbb95030a4c1d39f17759728f9a0eaaa8a66980,6669,size_in_bytes,opt,481011248,6669,c4ca258181d86007b88921401045b764131a6e5c
2026-07-30T02:22:34Z,1fbb95030a4c1d39f17759728f9a0eaaa8a66980,6669,size_in_bytes,a,215829168,6669,c4ca258181d86007b88921401045b764131a6e5c
2026-07-30T02:22:34Z,1fbb95030a4c1d39f17759728f9a0eaaa8a66980,6669,size_in_bytes,cmxa,349232,6669,c4ca258181d86007b88921401045b764131a6e5c
2026-07-30T02:22:34Z,1fbb95030a4c1d39f17759728f9a0eaaa8a66980,6669,size_in_bytes,cma,263115267,6669,c4ca258181d86007b88921401045b764131a6e5c
2026-07-30T02:22:34Z,1fbb95030a4c1d39f17759728f9a0eaaa8a66980,6669,size_in_bytes,cmi,23729891,6669,c4ca258181d86007b88921401045b764131a6e5c
2026-07-30T02:22:34Z,1fbb95030a4c1d39f17759728f9a0eaaa8a66980,6669,size_in_bytes,cmx,151800204,6669,c4ca258181d86007b88921401045b764131a6e5c
2026-07-30T02:22:34Z,1fbb95030a4c1d39f17759728f9a0eaaa8a66980,6669,size_in_bytes,cmo,1511760,6669,c4ca258181d86007b88921401045b764131a6e5c
2026-07-30T02:22:34Z,1fbb95030a4c1d39f17759728f9a0eaaa8a66980,6669,size_in_bytes,cms,24794522,6669,c4ca258181d86007b88921401045b764131a6e5c
2026-07-30T02:22:34Z,1fbb95030a4c1d39f17759728f9a0eaaa8a66980,6669,size_in_bytes,cmsi,8403552,6669,c4ca258181d86007b88921401045b764131a6e5c
2026-07-30T02:22:34Z,1fbb95030a4c1d39f17759728f9a0eaaa8a66980,6669,size_in_bytes,cmt,655760646,6669,c4ca258181d86007b88921401045b764131a6e5c
2026-07-30T02:22:34Z,1fbb95030a4c1d39f17759728f9a0eaaa8a66980,6669,size_in_bytes,cmti,71644927,6669,c4ca258181d86007b88921401045b764131a6e5c
2026-07-30T02:22:34Z,1fbb95030a4c1d39f17759728f9a0eaaa8a66980,6669,size_in_bytes,o,4624,6669,c4ca258181d86007b88921401045b764131a6e5c
2026-07-30T02:22:34Z,1fbb95030a4c1d39f17759728f9a0eaaa8a66980,6669,time_in_seconds,<all>,2404.980,6669,c4ca258181d86007b88921401045b764131a6e5c
2026-07-30T02:22:34Z,1fbb95030a4c1d39f17759728f9a0eaaa8a66980,6669,time_in_seconds,parsing,8.610,6669,c4ca258181d86007b88921401045b764131a6e5c
2026-07-30T02:22:34Z,1fbb95030a4c1d39f17759728f9a0eaaa8a66980,6669,time_in_seconds,typing,220.025,6669,c4ca258181d86007b88921401045b764131a6e5c
2026-07-30T02:22:34Z,1fbb95030a4c1d39f17759728f9a0eaaa8a66980,6669,time_in_seconds,generate/flambda2,1018.020,6669,c4ca258181d86007b88921401045b764131a6e5c
2026-07-30T02:22:34Z,1fbb95030a4c1d39f17759728f9a0eaaa8a66980,6669,time_in_seconds,generate/compile_phrases/cfg,357.698,6669,c4ca258181d86007b88921401045b764131a6e5c
2026-07-30T02:22:34Z,1fbb95030a4c1d39f17759728f9a0eaaa8a66980,6669,time_in_seconds,generate/assemble,61.017,6669,c4ca258181d86007b88921401045b764131a6e5c
2026-07-30T02:22:34Z,1fbb95030a4c1d39f17759728f9a0eaaa8a66980,6669,alloc_in_bytes,<all>,3377573909282,6669,c4ca258181d86007b88921401045b764131a6e5c
2026-07-30T02:22:34Z,1fbb95030a4c1d39f17759728f9a0eaaa8a66980,6669,alloc_in_bytes,parsing,12903722732,6669,c4ca258181d86007b88921401045b764131a6e5c
2026-07-30T02:22:34Z,1fbb95030a4c1d39f17759728f9a0eaaa8a66980,6669,alloc_in_bytes,typing,278211297180,6669,c4ca258181d86007b88921401045b764131a6e5c
2026-07-30T02:22:34Z,1fbb95030a4c1d39f17759728f9a0eaaa8a66980,6669,alloc_in_bytes,generate/flambda2,2166656271925,6669,c4ca258181d86007b88921401045b764131a6e5c
2026-07-30T02:22:34Z,1fbb95030a4c1d39f17759728f9a0eaaa8a66980,6669,alloc_in_bytes,generate/compile_phrases/cfg,406712210027,6669,c4ca258181d86007b88921401045b764131a6e5c
2026-07-30T02:22:34Z,1fbb95030a4c1d39f17759728f9a0eaaa8a66980,6669,alloc_in_bytes,generate/assemble,438399116,6669,c4ca258181d86007b88921401045b764131a6e5c
2026-07-30T02:22:34Z,1fbb95030a4c1d39f17759728f9a0eaaa8a66980,6669,top_heap_in_bytes,<all>,148674401608,6669,c4ca258181d86007b88921401045b764131a6e5c
2026-07-30T02:22:34Z,1fbb95030a4c1d39f17759728f9a0eaaa8a66980,6669,top_heap_in_bytes,parsing,2066396753,6669,c4ca258181d86007b88921401045b764131a6e5c
2026-07-30T02:22:34Z,1fbb95030a4c1d39f17759728f9a0eaaa8a66980,6669,top_heap_in_bytes,typing,31402113328,6669,c4ca258181d86007b88921401045b764131a6e5c
2026-07-30T02:22:34Z,1fbb95030a4c1d39f17759728f9a0eaaa8a66980,6669,top_heap_in_bytes,generate/flambda2,69799183790,6669,c4ca258181d86007b88921401045b764131a6e5c
2026-07-30T02:22:34Z,1fbb95030a4c1d39f17759728f9a0eaaa8a66980,6669,top_heap_in_bytes,generate/compile_phrases/cfg,21683124577,6669,c4ca258181d86007b88921401045b764131a6e5c
2026-07-30T02:22:34Z,1fbb95030a4c1d39f17759728f9a0eaaa8a66980,6669,top_heap_in_bytes,generate/assemble,19052603,6669,c4ca258181d86007b88921401045b764131a6e5c
2026-07-30T02:22:34Z,1fbb95030a4c1d39f17759728f9a0eaaa8a66980,6669,absolute_top_heap_in_bytes,<all>,194109399086,6669,c4ca258181d86007b88921401045b764131a6e5c
2026-07-30T02:22:34Z,1fbb95030a4c1d39f17759728f9a0eaaa8a66980,6669,absolute_top_heap_in_bytes,parsing,11282939351,6669,c4ca258181d86007b88921401045b764131a6e5c
2026-07-30T02:22:34Z,1fbb95030a4c1d39f17759728f9a0eaaa8a66980,6669,absolute_top_heap_in_bytes,typing,55043811232,6669,c4ca258181d86007b88921401045b764131a6e5c
2026-07-30T02:22:34Z,1fbb95030a4c1d39f17759728f9a0eaaa8a66980,6669,absolute_top_heap_in_bytes,generate/flambda2,128481240275,6669,c4ca258181d86007b88921401045b764131a6e5c
2026-07-30T02:22:34Z,1fbb95030a4c1d39f17759728f9a0eaaa8a66980,6669,absolute_top_heap_in_bytes,generate/compile_phrases/cfg,145124375154,6669,c4ca258181d86007b88921401045b764131a6e5c
2026-07-30T02:22:34Z,1fbb95030a4c1d39f17759728f9a0eaaa8a66980,6669,absolute_top_heap_in_bytes,generate/assemble,1633995966,6669,c4ca258181d86007b88921401045b764131a6e5c
2026-07-30T02:22:34Z,1fbb95030a4c1d39f17759728f9a0eaaa8a66980,6669,counter,block,2587521,6669,c4ca258181d86007b88921401045b764131a6e5c
2026-07-30T02:22:34Z,1fbb95030a4c1d39f17759728f9a0eaaa8a66980,6669,counter,instruction,15160812,6669,c4ca258181d86007b88921401045b764131a6e5c
2026-07-30T02:22:34Z,1fbb95030a4c1d39f17759728f9a0eaaa8a66980,6669,counter,move,1959607,6669,c4ca258181d86007b88921401045b764131a6e5c
2026-07-30T02:22:34Z,1fbb95030a4c1d39f17759728f9a0eaaa8a66980,6669,counter,reload,959795,6669,c4ca258181d86007b88921401045b764131a6e5c
2026-07-30T02:22:34Z,1fbb95030a4c1d39f17759728f9a0eaaa8a66980,6669,counter,spill,686460,6669,c4ca258181d86007b88921401045b764131a6e5c
2026-07-30T02:22:34Z,1fbb95030a4c1d39f17759728f9a0eaaa8a66980,6669,counter,stack_slot,456170,6669,c4ca258181d86007b88921401045b764131a6e5c
2026-07-30T19:37:33Z,3682ab65d4c39713c65f04778186e431b4cb3778,5863,size_in_bytes,exe,69047288,5863,d0ba5f3571676f89e2f535e9c3eb3a554c13f3aa
2026-07-30T19:37:33Z,3682ab65d4c39713c65f04778186e431b4cb3778,5863,size_in_bytes,opt,480221992,5863,d0ba5f3571676f89e2f535e9c3eb3a554c13f3aa
2026-07-30T19:37:33Z,3682ab65d4c39713c65f04778186e431b4cb3778,5863,size_in_bytes,a,215991022,5863,d0ba5f3571676f89e2f535e9c3eb3a554c13f3aa
2026-07-30T19:37:33Z,3682ab65d4c39713c65f04778186e431b4cb3778,5863,size_in_bytes,cmxa,349232,5863,d0ba5f3571676f89e2f535e9c3eb3a554c13f3aa
2026-07-30T19:37:33Z,3682ab65d4c39713c65f04778186e431b4cb3778,5863,size_in_bytes,cma,263615064,5863,d0ba5f3571676f89e2f535e9c3eb3a554c13f3aa
2026-07-30T19:37:33Z,3682ab65d4c39713c65f04778186e431b4cb3778,5863,size_in_bytes,cmi,23816563,5863,d0ba5f3571676f89e2f535e9c3eb3a554c13f3aa
2026-07-30T19:37:33Z,3682ab65d4c39713c65f04778186e431b4cb3778,5863,size_in_bytes,cmx,152205582,5863,d0ba5f3571676f89e2f535e9c3eb3a554c13f3aa
2026-07-30T19:37:33Z,3682ab65d4c39713c65f04778186e431b4cb3778,5863,size_in_bytes,cmo,1512402,5863,d0ba5f3571676f89e2f535e9c3eb3a554c13f3aa
2026-07-30T19:37:33Z,3682ab65d4c39713c65f04778186e431b4cb3778,5863,size_in_bytes,cms,24964659,5863,d0ba5f3571676f89e2f535e9c3eb3a554c13f3aa
2026-07-30T19:37:33Z,3682ab65d4c39713c65f04778186e431b4cb3778,5863,size_in_bytes,cmsi,8431485,5863,d0ba5f3571676f89e2f535e9c3eb3a554c13f3aa
2026-07-30T19:37:33Z,3682ab65d4c39713c65f04778186e431b4cb3778,5863,size_in_bytes,cmt,657544687,5863,d0ba5f3571676f89e2f535e9c3eb3a554c13f3aa
2026-07-30T19:37:33Z,3682ab65d4c39713c65f04778186e431b4cb3778,5863,size_in_bytes,cmti,71862446,5863,d0ba5f3571676f89e2f535e9c3eb3a554c13f3aa
2026-07-30T19:37:33Z,3682ab65d4c39713c65f04778186e431b4cb3778,5863,size_in_bytes,o,4624,5863,d0ba5f3571676f89e2f535e9c3eb3a554c13f3aa
2026-07-30T19:37:33Z,3682ab65d4c39713c65f04778186e431b4cb3778,5863,time_in_seconds,<all>,2557.609,5863,d0ba5f3571676f89e2f535e9c3eb3a554c13f3aa
2026-07-30T19:37:33Z,3682ab65d4c39713c65f04778186e431b4cb3778,5863,time_in_seconds,parsing,9.303,5863,d0ba5f3571676f89e2f535e9c3eb3a554c13f3aa
2026-07-30T19:37:33Z,3682ab65d4c39713c65f04778186e431b4cb3778,5863,time_in_seconds,typing,239.135,5863,d0ba5f3571676f89e2f535e9c3eb3a554c13f3aa
2026-07-30T19:37:33Z,3682ab65d4c39713c65f04778186e431b4cb3778,5863,time_in_seconds,generate/flambda2,1101.592,5863,d0ba5f3571676f89e2f535e9c3eb3a554c13f3aa
2026-07-30T19:37:33Z,3682ab65d4c39713c65f04778186e431b4cb3778,5863,time_in_seconds,generate/compile_phrases/cfg,367.575,5863,d0ba5f3571676f89e2f535e9c3eb3a554c13f3aa
2026-07-30T19:37:33Z,3682ab65d4c39713c65f04778186e431b4cb3778,5863,time_in_seconds,generate/assemble,66.098,5863,d0ba5f3571676f89e2f535e9c3eb3a554c13f3aa
2026-07-30T19:37:33Z,3682ab65d4c39713c65f04778186e431b4cb3778,5863,alloc_in_bytes,<all>,3377499428911,5863,d0ba5f3571676f89e2f535e9c3eb3a554c13f3aa
2026-07-30T19:37:33Z,3682ab65d4c39713c65f04778186e431b4cb3778,5863,alloc_in_bytes,parsing,12948297709,5863,d0ba5f3571676f89e2f535e9c3eb3a554c13f3aa
2026-07-30T19:37:33Z,3682ab65d4c39713c65f04778186e431b4cb3778,5863,alloc_in_bytes,typing,278539501478,5863,d0ba5f3571676f89e2f535e9c3eb3a554c13f3aa
2026-07-30T19:37:33Z,3682ab65d4c39713c65f04778186e431b4cb3778,5863,alloc_in_bytes,generate/flambda2,2164371340939,5863,d0ba5f3571676f89e2f535e9c3eb3a554c13f3aa
2026-07-30T19:37:33Z,3682ab65d4c39713c65f04778186e431b4cb3778,5863,alloc_in_bytes,generate/compile_phrases/cfg,407133999732,5863,d0ba5f3571676f89e2f535e9c3eb3a554c13f3aa
2026-07-30T19:37:33Z,3682ab65d4c39713c65f04778186e431b4cb3778,5863,alloc_in_bytes,generate/assemble,420793526,5863,d0ba5f3571676f89e2f535e9c3eb3a554c13f3aa
2026-07-30T19:37:33Z,3682ab65d4c39713c65f04778186e431b4cb3778,5863,top_heap_in_bytes,<all>,148759367727,5863,d0ba5f3571676f89e2f535e9c3eb3a554c13f3aa
2026-07-30T19:37:33Z,3682ab65d4c39713c65f04778186e431b4cb3778,5863,top_heap_in_bytes,parsing,2089874344,5863,d0ba5f3571676f89e2f535e9c3eb3a554c13f3aa
2026-07-30T19:37:33Z,3682ab65d4c39713c65f04778186e431b4cb3778,5863,top_heap_in_bytes,typing,31478376250,5863,d0ba5f3571676f89e2f535e9c3eb3a554c13f3aa
2026-07-30T19:37:33Z,3682ab65d4c39713c65f04778186e431b4cb3778,5863,top_heap_in_bytes,generate/flambda2,69677056115,5863,d0ba5f3571676f89e2f535e9c3eb3a554c13f3aa
2026-07-30T19:37:33Z,3682ab65d4c39713c65f04778186e431b4cb3778,5863,top_heap_in_bytes,generate/compile_phrases/cfg,21931102342,5863,d0ba5f3571676f89e2f535e9c3eb3a554c13f3aa
2026-07-30T19:37:33Z,3682ab65d4c39713c65f04778186e431b4cb3778,5863,top_heap_in_bytes,generate/assemble,16703790,5863,d0ba5f3571676f89e2f535e9c3eb3a554c13f3aa
2026-07-30T19:37:33Z,3682ab65d4c39713c65f04778186e431b4cb3778,5863,absolute_top_heap_in_bytes,<all>,194693413912,5863,d0ba5f3571676f89e2f535e9c3eb3a554c13f3aa
2026-07-30T19:37:33Z,3682ab65d4c39713c65f04778186e431b4cb3778,5863,absolute_top_heap_in_bytes,parsing,11328248295,5863,d0ba5f3571676f89e2f535e9c3eb3a554c13f3aa
2026-07-30T19:37:33Z,3682ab65d4c39713c65f04778186e431b4cb3778,5863,absolute_top_heap_in_bytes,typing,55137165988,5863,d0ba5f3571676f89e2f535e9c3eb3a554c13f3aa
2026-07-30T19:37:33Z,3682ab65d4c39713c65f04778186e431b4cb3778,5863,absolute_top_heap_in_bytes,generate/flambda2,128749287728,5863,d0ba5f3571676f89e2f535e9c3eb3a554c13f3aa
2026-07-30T19:37:33Z,3682ab65d4c39713c65f04778186e431b4cb3778,5863,absolute_top_heap_in_bytes,generate/compile_phrases/cfg,145800853454,5863,d0ba5f3571676f89e2f535e9c3eb3a554c13f3aa
2026-07-30T19:37:33Z,3682ab65d4c39713c65f04778186e431b4cb3778,5863,absolute_top_heap_in_bytes,generate/assemble,1639238845,5863,d0ba5f3571676f89e2f535e9c3eb3a554c13f3aa
2026-07-30T19:37:33Z,3682ab65d4c39713c65f04778186e431b4cb3778,5863,counter,block,2587237,5863,d0ba5f3571676f89e2f535e9c3eb3a554c13f3aa
2026-07-30T19:37:33Z,3682ab65d4c39713c65f04778186e431b4cb3778,5863,counter,instruction,15161858,5863,d0ba5f3571676f89e2f535e9c3eb3a554c13f3aa
2026-07-30T19:37:33Z,3682ab65d4c39713c65f04778186e431b4cb3778,5863,counter,move,1960409,5863,d0ba5f3571676f89e2f535e9c3eb3a554c13f3aa
2026-07-30T19:37:33Z,3682ab65d4c39713c65f04778186e431b4cb3778,5863,counter,reload,959622,5863,d0ba5f3571676f89e2f535e9c3eb3a554c13f3aa
2026-07-30T19:37:33Z,3682ab65d4c39713c65f04778186e431b4cb3778,5863,counter,spill,686262,5863,d0ba5f3571676f89e2f535e9c3eb3a554c13f3aa
2026-07-30T19:37:33Z,3682ab65d4c39713c65f04778186e431b4cb3778,5863,counter,stack_slot,456091,5863,d0ba5f3571676f89e2f535e9c3eb3a554c13f3aa
2026-07-30T11:57:00Z,66b6a80247e5ca8546eaea3dac95c8691d382441,6293,size_in_bytes,exe,68994688,6293,89ad41d3a14b13d6405030ad9ee313497120ae49
2026-07-30T11:57:00Z,66b6a80247e5ca8546eaea3dac95c8691d382441,6293,size_in_bytes,opt,480120352,6293,89ad41d3a14b13d6405030ad9ee313497120ae49
2026-07-30T11:57:00Z,66b6a80247e5ca8546eaea3dac95c8691d382441,6293,size_in_bytes,a,215917384,6293,89ad41d3a14b13d6405030ad9ee313497120ae49
2026-07-30T11:57:00Z,66b6a80247e5ca8546eaea3dac95c8691d382441,6293,size_in_bytes,cmxa,349232,6293,89ad41d3a14b13d6405030ad9ee313497120ae49
2026-07-30T11:57:00Z,66b6a80247e5ca8546eaea3dac95c8691d382441,6293,size_in_bytes,cma,263532543,6293,89ad41d3a14b13d6405030ad9ee313497120ae49
2026-07-30T11:57:00Z,66b6a80247e5ca8546eaea3dac95c8691d382441,6293,size_in_bytes,cmi,23813580,6293,89ad41d3a14b13d6405030ad9ee313497120ae49
2026-07-30T11:57:00Z,66b6a80247e5ca8546eaea3dac95c8691d382441,6293,size_in_bytes,cmx,152062153,6293,89ad41d3a14b13d6405030ad9ee313497120ae49
2026-07-30T11:57:00Z,66b6a80247e5ca8546eaea3dac95c8691d382441,6293,size_in_bytes,cmo,1512402,6293,89ad41d3a14b13d6405030ad9ee313497120ae49
2026-07-30T11:57:00Z,66b6a80247e5ca8546eaea3dac95c8691d382441,6293,size_in_bytes,cms,24946858,6293,89ad41d3a14b13d6405030ad9ee313497120ae49
2026-07-30T11:57:00Z,66b6a80247e5ca8546eaea3dac95c8691d382441,6293,size_in_bytes,cmsi,8428736,6293,89ad41d3a14b13d6405030ad9ee313497120ae49
2026-07-30T11:57:00Z,66b6a80247e5ca8546eaea3dac95c8691d382441,6293,size_in_bytes,cmt,657258262,6293,89ad41d3a14b13d6405030ad9ee313497120ae49
2026-07-30T11:57:00Z,66b6a80247e5ca8546eaea3dac95c8691d382441,6293,size_in_bytes,cmti,71850975,6293,89ad41d3a14b13d6405030ad9ee313497120ae49
2026-07-30T11:57:00Z,66b6a80247e5ca8546eaea3dac95c8691d382441,6293,size_in_bytes,o,4624,6293,89ad41d3a14b13d6405030ad9ee313497120ae49
2026-07-30T11:57:00Z,66b6a80247e5ca8546eaea3dac95c8691d382441,6293,time_in_seconds,<all>,2633.657,6293,89ad41d3a14b13d6405030ad9ee313497120ae49
2026-07-30T11:57:00Z,66b6a80247e5ca8546eaea3dac95c8691d382441,6293,time_in_seconds,parsing,9.638,6293,89ad41d3a14b13d6405030ad9ee313497120ae49
2026-07-30T11:57:00Z,66b6a80247e5ca8546eaea3dac95c8691d382441,6293,time_in_seconds,typing,261.193,6293,89ad41d3a14b13d6405030ad9ee313497120ae49
2026-07-30T11:57:00Z,66b6a80247e5ca8546eaea3dac95c8691d382441,6293,time_in_seconds,generate/flambda2,1125.064,6293,89ad41d3a14b13d6405030ad9ee313497120ae49
2026-07-30T11:57:00Z,66b6a80247e5ca8546eaea3dac95c8691d382441,6293,time_in_seconds,generate/compile_phrases/cfg,388.177,6293,89ad41d3a14b13d6405030ad9ee313497120ae49
2026-07-30T11:57:00Z,66b6a80247e5ca8546eaea3dac95c8691d382441,6293,time_in_seconds,generate/assemble,66.126,6293,89ad41d3a14b13d6405030ad9ee313497120ae49
2026-07-30T11:57:00Z,66b6a80247e5ca8546eaea3dac95c8691d382441,6293,alloc_in_bytes,<all>,3378626060945,6293,89ad41d3a14b13d6405030ad9ee313497120ae49
2026-07-30T11:57:00Z,66b6a80247e5ca8546eaea3dac95c8691d382441,6293,alloc_in_bytes,parsing,12870870866,6293,89ad41d3a14b13d6405030ad9ee313497120ae49
2026-07-30T11:57:00Z,66b6a80247e5ca8546eaea3dac95c8691d382441,6293,alloc_in_bytes,typing,278471826387,6293,89ad41d3a14b13d6405030ad9ee313497120ae49
2026-07-30T11:57:00Z,66b6a80247e5ca8546eaea3dac95c8691d382441,6293,alloc_in_bytes,generate/flambda2,2166083350973,6293,89ad41d3a14b13d6405030ad9ee313497120ae49
2026-07-30T11:57:00Z,66b6a80247e5ca8546eaea3dac95c8691d382441,6293,alloc_in_bytes,generate/compile_phrases/cfg,406430237428,6293,89ad41d3a14b13d6405030ad9ee313497120ae49
2026-07-30T11:57:00Z,66b6a80247e5ca8546eaea3dac95c8691d382441,6293,alloc_in_bytes,generate/assemble,440768896,6293,89ad41d3a14b13d6405030ad9ee313497120ae49
2026-07-30T11:57:00Z,66b6a80247e5ca8546eaea3dac95c8691d382441,6293,top_heap_in_bytes,<all>,148835127387,6293,89ad41d3a14b13d6405030ad9ee313497120ae49
2026-07-30T11:57:00Z,66b6a80247e5ca8546eaea3dac95c8691d382441,6293,top_heap_in_bytes,parsing,2084138662,6293,89ad41d3a14b13d6405030ad9ee313497120ae49
2026-07-30T11:57:00Z,66b6a80247e5ca8546eaea3dac95c8691d382441,6293,top_heap_in_bytes,typing,31433769819,6293,89ad41d3a14b13d6405030ad9ee313497120ae49
2026-07-30T11:57:00Z,66b6a80247e5ca8546eaea3dac95c8691d382441,6293,top_heap_in_bytes,generate/flambda2,69887872339,6293,89ad41d3a14b13d6405030ad9ee313497120ae49
2026-07-30T11:57:00Z,66b6a80247e5ca8546eaea3dac95c8691d382441,6293,top_heap_in_bytes,generate/compile_phrases/cfg,21710481970,6293,89ad41d3a14b13d6405030ad9ee313497120ae49
2026-07-30T11:57:00Z,66b6a80247e5ca8546eaea3dac95c8691d382441,6293,top_heap_in_bytes,generate/assemble,18045970,6293,89ad41d3a14b13d6405030ad9ee313497120ae49
2026-07-30T11:57:00Z,66b6a80247e5ca8546eaea3dac95c8691d382441,6293,absolute_top_heap_in_bytes,<all>,193128267438,6293,89ad41d3a14b13d6405030ad9ee313497120ae49
2026-07-30T11:57:00Z,66b6a80247e5ca8546eaea3dac95c8691d382441,6293,absolute_top_heap_in_bytes,parsing,11652289723,6293,89ad41d3a14b13d6405030ad9ee313497120ae49
2026-07-30T11:57:00Z,66b6a80247e5ca8546eaea3dac95c8691d382441,6293,absolute_top_heap_in_bytes,typing,55051046434,6293,89ad41d3a14b13d6405030ad9ee313497120ae49
2026-07-30T11:57:00Z,66b6a80247e5ca8546eaea3dac95c8691d382441,6293,absolute_top_heap_in_bytes,generate/flambda2,128840031523,6293,89ad41d3a14b13d6405030ad9ee313497120ae49
2026-07-30T11:57:00Z,66b6a80247e5ca8546eaea3dac95c8691d382441,6293,absolute_top_heap_in_bytes,generate/compile_phrases/cfg,145202053648,6293,89ad41d3a14b13d6405030ad9ee313497120ae49
2026-07-30T11:57:00Z,66b6a80247e5ca8546eaea3dac95c8691d382441,6293,absolute_top_heap_in_bytes,generate/assemble,2014838769,6293,89ad41d3a14b13d6405030ad9ee313497120ae49
2026-07-30T11:57:00Z,66b6a80247e5ca8546eaea3dac95c8691d382441,6293,counter,block,2587086,6293,89ad41d3a14b13d6405030ad9ee313497120ae49
2026-07-30T11:57:00Z,66b6a80247e5ca8546eaea3dac95c8691d382441,6293,counter,instruction,15160181,6293,89ad41d3a14b13d6405030ad9ee313497120ae49
2026-07-30T11:57:00Z,66b6a80247e5ca8546eaea3dac95c8691d382441,6293,counter,move,1960359,6293,89ad41d3a14b13d6405030ad9ee313497120ae49
2026-07-30T11:57:00Z,66b6a80247e5ca8546eaea3dac95c8691d382441,6293,counter,reload,959149,6293,89ad41d3a14b13d6405030ad9ee313497120ae49
2026-07-30T11:57:00Z,66b6a80247e5ca8546eaea3dac95c8691d382441,6293,counter,spill,686079,6293,89ad41d3a14b13d6405030ad9ee313497120ae49
2026-07-30T11:57:00Z,66b6a80247e5ca8546eaea3dac95c8691d382441,6293,counter,stack_slot,456094,6293,89ad41d3a14b13d6405030ad9ee313497120ae49
2026-07-30T08:09:57Z,89ad41d3a14b13d6405030ad9ee313497120ae49,6647,size_in_bytes,exe,68768760,6647,ab6799eb715fdb983ada8662b0bc50427e9dc9ea
2026-07-30T08:09:57Z,89ad41d3a14b13d6405030ad9ee313497120ae49,6647,size_in_bytes,opt,479191976,6647,ab6799eb715fdb983ada8662b0bc50427e9dc9ea
2026-07-30T08:09:57Z,89ad41d3a14b13d6405030ad9ee313497120ae49,6647,size_in_bytes,a,215473940,6647,ab6799eb715fdb983ada8662b0bc50427e9dc9ea
2026-07-30T08:09:57Z,89ad41d3a14b13d6405030ad9ee313497120ae49,6647,size_in_bytes,cmxa,349232,6647,ab6799eb715fdb983ada8662b0bc50427e9dc9ea
2026-07-30T08:09:57Z,89ad41d3a14b13d6405030ad9ee313497120ae49,6647,size_in_bytes,cma,263058590,6647,ab6799eb715fdb983ada8662b0bc50427e9dc9ea
2026-07-30T08:09:57Z,89ad41d3a14b13d6405030ad9ee313497120ae49,6647,size_in_bytes,cmi,23724975,6647,ab6799eb715fdb983ada8662b0bc50427e9dc9ea
2026-07-30T08:09:57Z,89ad41d3a14b13d6405030ad9ee313497120ae49,6647,size_in_bytes,cmx,151801419,6647,ab6799eb715fdb983ada8662b0bc50427e9dc9ea
2026-07-30T08:09:57Z,89ad41d3a14b13d6405030ad9ee313497120ae49,6647,size_in_bytes,cmo,1511760,6647,ab6799eb715fdb983ada8662b0bc50427e9dc9ea
2026-07-30T08:09:57Z,89ad41d3a14b13d6405030ad9ee313497120ae49,6647,size_in_bytes,cms,24784103,6647,ab6799eb715fdb983ada8662b0bc50427e9dc9ea
2026-07-30T08:09:57Z,89ad41d3a14b13d6405030ad9ee313497120ae49,6647,size_in_bytes,cmsi,8399082,6647,ab6799eb715fdb983ada8662b0bc50427e9dc9ea
2026-07-30T08:09:57Z,89ad41d3a14b13d6405030ad9ee313497120ae49,6647,size_in_bytes,cmt,655636477,6647,ab6799eb715fdb983ada8662b0bc50427e9dc9ea
2026-07-30T08:09:57Z,89ad41d3a14b13d6405030ad9ee313497120ae49,6647,size_in_bytes,cmti,71624728,6647,ab6799eb715fdb983ada8662b0bc50427e9dc9ea
2026-07-30T08:09:57Z,89ad41d3a14b13d6405030ad9ee313497120ae49,6647,size_in_bytes,o,4624,6647,ab6799eb715fdb983ada8662b0bc50427e9dc9ea
2026-07-30T08:09:57Z,89ad41d3a14b13d6405030ad9ee313497120ae49,6647,time_in_seconds,<all>,2759.867,6647,ab6799eb715fdb983ada8662b0bc50427e9dc9ea
2026-07-30T08:09:57Z,89ad41d3a14b13d6405030ad9ee313497120ae49,6647,time_in_seconds,parsing,9.825,6647,ab6799eb715fdb983ada8662b0bc50427e9dc9ea
2026-07-30T08:09:57Z,89ad41d3a14b13d6405030ad9ee313497120ae49,6647,time_in_seconds,typing,268.115,6647,ab6799eb715fdb983ada8662b0bc50427e9dc9ea
2026-07-30T08:09:57Z,89ad41d3a14b13d6405030ad9ee313497120ae49,6647,time_in_seconds,generate/flambda2,1155.016,6647,ab6799eb715fdb983ada8662b0bc50427e9dc9ea
2026-07-30T08:09:57Z,89ad41d3a14b13d6405030ad9ee313497120ae49,6647,time_in_seconds,generate/compile_phrases/cfg,414.872,6647,ab6799eb715fdb983ada8662b0bc50427e9dc9ea
2026-07-30T08:09:57Z,89ad41d3a14b13d6405030ad9ee313497120ae49,6647,time_in_seconds,generate/assemble,68.611,6647,ab6799eb715fdb983ada8662b0bc50427e9dc9ea
2026-07-30T08:09:57Z,89ad41d3a14b13d6405030ad9ee313497120ae49,6647,alloc_in_bytes,<all>,3368140992980,6647,ab6799eb715fdb983ada8662b0bc50427e9dc9ea
2026-07-30T08:09:57Z,89ad41d3a14b13d6405030ad9ee313497120ae49,6647,alloc_in_bytes,parsing,12965420950,6647,ab6799eb715fdb983ada8662b0bc50427e9dc9ea
2026-07-30T08:09:57Z,89ad41d3a14b13d6405030ad9ee313497120ae49,6647,alloc_in_bytes,typing,278230129601,6647,ab6799eb715fdb983ada8662b0bc50427e9dc9ea
2026-07-30T08:09:57Z,89ad41d3a14b13d6405030ad9ee313497120ae49,6647,alloc_in_bytes,generate/flambda2,2157967792155,6647,ab6799eb715fdb983ada8662b0bc50427e9dc9ea
2026-07-30T08:09:57Z,89ad41d3a14b13d6405030ad9ee313497120ae49,6647,alloc_in_bytes,generate/compile_phrases/cfg,406036885137,6647,ab6799eb715fdb983ada8662b0bc50427e9dc9ea
2026-07-30T08:09:57Z,89ad41d3a14b13d6405030ad9ee313497120ae49,6647,alloc_in_bytes,generate/assemble,439017775,6647,ab6799eb715fdb983ada8662b0bc50427e9dc9ea
2026-07-30T08:09:57Z,89ad41d3a14b13d6405030ad9ee313497120ae49,6647,top_heap_in_bytes,<all>,148599250153,6647,ab6799eb715fdb983ada8662b0bc50427e9dc9ea
2026-07-30T08:09:57Z,89ad41d3a14b13d6405030ad9ee313497120ae49,6647,top_heap_in_bytes,parsing,2072614781,6647,ab6799eb715fdb983ada8662b0bc50427e9dc9ea
2026-07-30T08:09:57Z,89ad41d3a14b13d6405030ad9ee313497120ae49,6647,top_heap_in_bytes,typing,31406590751,6647,ab6799eb715fdb983ada8662b0bc50427e9dc9ea
2026-07-30T08:09:57Z,89ad41d3a14b13d6405030ad9ee313497120ae49,6647,top_heap_in_bytes,generate/flambda2,69706563063,6647,ab6799eb715fdb983ada8662b0bc50427e9dc9ea
2026-07-30T08:09:57Z,89ad41d3a14b13d6405030ad9ee313497120ae49,6647,top_heap_in_bytes,generate/compile_phrases/cfg,21781470539,6647,ab6799eb715fdb983ada8662b0bc50427e9dc9ea
2026-07-30T08:09:57Z,89ad41d3a14b13d6405030ad9ee313497120ae49,6647,top_heap_in_bytes,generate/assemble,19157460,6647,ab6799eb715fdb983ada8662b0bc50427e9dc9ea
2026-07-30T08:09:57Z,89ad41d3a14b13d6405030ad9ee313497120ae49,6647,absolute_top_heap_in_bytes,<all>,193858820886,6647,ab6799eb715fdb983ada8662b0bc50427e9dc9ea
2026-07-30T08:09:57Z,89ad41d3a14b13d6405030ad9ee313497120ae49,6647,absolute_top_heap_in_bytes,parsing,11272547955,6647,ab6799eb715fdb983ada8662b0bc50427e9dc9ea
2026-07-30T08:09:57Z,89ad41d3a14b13d6405030ad9ee313497120ae49,6647,absolute_top_heap_in_bytes,typing,55070591864,6647,ab6799eb715fdb983ada8662b0bc50427e9dc9ea
2026-07-30T08:09:57Z,89ad41d3a14b13d6405030ad9ee313497120ae49,6647,absolute_top_heap_in_bytes,generate/flambda2,128358944858,6647,ab6799eb715fdb983ada8662b0bc50427e9dc9ea
2026-07-30T08:09:57Z,89ad41d3a14b13d6405030ad9ee313497120ae49,6647,absolute_top_heap_in_bytes,generate/compile_phrases/cfg,145158841857,6647,ab6799eb715fdb983ada8662b0bc50427e9dc9ea
2026-07-30T08:09:57Z,89ad41d3a14b13d6405030ad9ee313497120ae49,6647,absolute_top_heap_in_bytes,generate/assemble,1732771825,6647,ab6799eb715fdb983ada8662b0bc50427e9dc9ea
2026-07-30T08:09:57Z,89ad41d3a14b13d6405030ad9ee313497120ae49,6647,counter,block,2583843,6647,ab6799eb715fdb983ada8662b0bc50427e9dc9ea
2026-07-30T08:09:57Z,89ad41d3a14b13d6405030ad9ee313497120ae49,6647,counter,instruction,15146451,6647,ab6799eb715fdb983ada8662b0bc50427e9dc9ea
2026-07-30T08:09:57Z,89ad41d3a14b13d6405030ad9ee313497120ae49,6647,counter,move,1959345,6647,ab6799eb715fdb983ada8662b0bc50427e9dc9ea
2026-07-30T08:09:57Z,89ad41d3a14b13d6405030ad9ee313497120ae49,6647,counter,reload,958503,6647,ab6799eb715fdb983ada8662b0bc50427e9dc9ea
2026-07-30T08:09:57Z,89ad41d3a14b13d6405030ad9ee313497120ae49,6647,counter,spill,685703,6647,ab6799eb715fdb983ada8662b0bc50427e9dc9ea
2026-07-30T08:09:57Z,89ad41d3a14b13d6405030ad9ee313497120ae49,6647,counter,stack_slot,455928,6647,ab6799eb715fdb983ada8662b0bc50427e9dc9ea
2026-07-30T08:02:47Z,ab6799eb715fdb983ada8662b0bc50427e9dc9ea,6302,size_in_bytes,exe,68769032,6302,0a342ec99f1dc55bb1bd457e1fcc4ee73cb00796
2026-07-30T08:02:47Z,ab6799eb715fdb983ada8662b0bc50427e9dc9ea,6302,size_in_bytes,opt,479211000,6302,0a342ec99f1dc55bb1bd457e1fcc4ee73cb00796
2026-07-30T08:02:47Z,ab6799eb715fdb983ada8662b0bc50427e9dc9ea,6302,size_in_bytes,a,215477866,6302,0a342ec99f1dc55bb1bd457e1fcc4ee73cb00796
2026-07-30T08:02:47Z,ab6799eb715fdb983ada8662b0bc50427e9dc9ea,6302,size_in_bytes,cmxa,349232,6302,0a342ec99f1dc55bb1bd457e1fcc4ee73cb00796
2026-07-30T08:02:47Z,ab6799eb715fdb983ada8662b0bc50427e9dc9ea,6302,size_in_bytes,cma,263051997,6302,0a342ec99f1dc55bb1bd457e1fcc4ee73cb00796
2026-07-30T08:02:47Z,ab6799eb715fdb983ada8662b0bc50427e9dc9ea,6302,size_in_bytes,cmi,23724444,6302,0a342ec99f1dc55bb1bd457e1fcc4ee73cb00796
2026-07-30T08:02:47Z,ab6799eb715fdb983ada8662b0bc50427e9dc9ea,6302,size_in_bytes,cmx,151801390,6302,0a342ec99f1dc55bb1bd457e1fcc4ee73cb00796
2026-07-30T08:02:47Z,ab6799eb715fdb983ada8662b0bc50427e9dc9ea,6302,size_in_bytes,cmo,1511760,6302,0a342ec99f1dc55bb1bd457e1fcc4ee73cb00796
2026-07-30T08:02:47Z,ab6799eb715fdb983ada8662b0bc50427e9dc9ea,6302,size_in_bytes,cms,24784103,6302,0a342ec99f1dc55bb1bd457e1fcc4ee73cb00796
2026-07-30T08:02:47Z,ab6799eb715fdb983ada8662b0bc50427e9dc9ea,6302,size_in_bytes,cmsi,8399082,6302,0a342ec99f1dc55bb1bd457e1fcc4ee73cb00796
2026-07-30T08:02:47Z,ab6799eb715fdb983ada8662b0bc50427e9dc9ea,6302,size_in_bytes,cmt,655625313,6302,0a342ec99f1dc55bb1bd457e1fcc4ee73cb00796
2026-07-30T08:02:47Z,ab6799eb715fdb983ada8662b0bc50427e9dc9ea,6302,size_in_bytes,cmti,71623685,6302,0a342ec99f1dc55bb1bd457e1fcc4ee73cb00796
2026-07-30T08:02:47Z,ab6799eb715fdb983ada8662b0bc50427e9dc9ea,6302,size_in_bytes,o,4624,6302,0a342ec99f1dc55bb1bd457e1fcc4ee73cb00796
2026-07-30T08:02:47Z,ab6799eb715fdb983ada8662b0bc50427e9dc9ea,6302,time_in_seconds,<all>,2252.821,6302,0a342ec99f1dc55bb1bd457e1fcc4ee73cb00796
2026-07-30T08:02:47Z,ab6799eb715fdb983ada8662b0bc50427e9dc9ea,6302,time_in_seconds,parsing,7.872,6302,0a342ec99f1dc55bb1bd457e1fcc4ee73cb00796
2026-07-30T08:02:47Z,ab6799eb715fdb983ada8662b0bc50427e9dc9ea,6302,time_in_seconds,typing,196.978,6302,0a342ec99f1dc55bb1bd457e1fcc4ee73cb00796
2026-07-30T08:02:47Z,ab6799eb715fdb983ada8662b0bc50427e9dc9ea,6302,time_in_seconds,generate/flambda2,950.331,6302,0a342ec99f1dc55bb1bd457e1fcc4ee73cb00796
2026-07-30T08:02:47Z,ab6799eb715fdb983ada8662b0bc50427e9dc9ea,6302,time_in_seconds,generate/compile_phrases/cfg,341.422,6302,0a342ec99f1dc55bb1bd457e1fcc4ee73cb00796
2026-07-30T08:02:47Z,ab6799eb715fdb983ada8662b0bc50427e9dc9ea,6302,time_in_seconds,generate/assemble,55.697,6302,0a342ec99f1dc55bb1bd457e1fcc4ee73cb00796
2026-07-30T08:02:47Z,ab6799eb715fdb983ada8662b0bc50427e9dc9ea,6302,alloc_in_bytes,<all>,3368386999396,6302,0a342ec99f1dc55bb1bd457e1fcc4ee73cb00796
2026-07-30T08:02:47Z,ab6799eb715fdb983ada8662b0bc50427e9dc9ea,6302,alloc_in_bytes,parsing,12877896304,6302,0a342ec99f1dc55bb1bd457e1fcc4ee73cb00796
2026-07-30T08:02:47Z,ab6799eb715fdb983ada8662b0bc50427e9dc9ea,6302,alloc_in_bytes,typing,278209567025,6302,0a342ec99f1dc55bb1bd457e1fcc4ee73cb00796
2026-07-30T08:02:47Z,ab6799eb715fdb983ada8662b0bc50427e9dc9ea,6302,alloc_in_bytes,generate/flambda2,2158134389913,6302,0a342ec99f1dc55bb1bd457e1fcc4ee73cb00796
2026-07-30T08:02:47Z,ab6799eb715fdb983ada8662b0bc50427e9dc9ea,6302,alloc_in_bytes,generate/compile_phrases/cfg,406032334324,6302,0a342ec99f1dc55bb1bd457e1fcc4ee73cb00796
2026-07-30T08:02:47Z,ab6799eb715fdb983ada8662b0bc50427e9dc9ea,6302,alloc_in_bytes,generate/assemble,438399116,6302,0a342ec99f1dc55bb1bd457e1fcc4ee73cb00796
2026-07-30T08:02:47Z,ab6799eb715fdb983ada8662b0bc50427e9dc9ea,6302,top_heap_in_bytes,<all>,148607659737,6302,0a342ec99f1dc55bb1bd457e1fcc4ee73cb00796
2026-07-30T08:02:47Z,ab6799eb715fdb983ada8662b0bc50427e9dc9ea,6302,top_heap_in_bytes,parsing,2058270266,6302,0a342ec99f1dc55bb1bd457e1fcc4ee73cb00796
2026-07-30T08:02:47Z,ab6799eb715fdb983ada8662b0bc50427e9dc9ea,6302,top_heap_in_bytes,typing,31402281097,6302,0a342ec99f1dc55bb1bd457e1fcc4ee73cb00796
2026-07-30T08:02:47Z,ab6799eb715fdb983ada8662b0bc50427e9dc9ea,6302,top_heap_in_bytes,generate/flambda2,69738492211,6302,0a342ec99f1dc55bb1bd457e1fcc4ee73cb00796
2026-07-30T08:02:47Z,ab6799eb715fdb983ada8662b0bc50427e9dc9ea,6302,top_heap_in_bytes,generate/compile_phrases/cfg,21690716278,6302,0a342ec99f1dc55bb1bd457e1fcc4ee73cb00796
2026-07-30T08:02:47Z,ab6799eb715fdb983ada8662b0bc50427e9dc9ea,6302,top_heap_in_bytes,generate/assemble,18958232,6302,0a342ec99f1dc55bb1bd457e1fcc4ee73cb00796
2026-07-30T08:02:47Z,ab6799eb715fdb983ada8662b0bc50427e9dc9ea,6302,absolute_top_heap_in_bytes,<all>,193958844542,6302,0a342ec99f1dc55bb1bd457e1fcc4ee73cb00796
2026-07-30T08:02:47Z,ab6799eb715fdb983ada8662b0bc50427e9dc9ea,6302,absolute_top_heap_in_bytes,parsing,11541811792,6302,0a342ec99f1dc55bb1bd457e1fcc4ee73cb00796
2026-07-30T08:02:47Z,ab6799eb715fdb983ada8662b0bc50427e9dc9ea,6302,absolute_top_heap_in_bytes,typing,55045478466,6302,0a342ec99f1dc55bb1bd457e1fcc4ee73cb00796
2026-07-30T08:02:47Z,ab6799eb715fdb983ada8662b0bc50427e9dc9ea,6302,absolute_top_heap_in_bytes,generate/flambda2,128423138691,6302,0a342ec99f1dc55bb1bd457e1fcc4ee73cb00796
2026-07-30T08:02:47Z,ab6799eb715fdb983ada8662b0bc50427e9dc9ea,6302,absolute_top_heap_in_bytes,generate/compile_phrases/cfg,145079359787,6302,0a342ec99f1dc55bb1bd457e1fcc4ee73cb00796
2026-07-30T08:02:47Z,ab6799eb715fdb983ada8662b0bc50427e9dc9ea,6302,absolute_top_heap_in_bytes,generate/assemble,1732457251,6302,0a342ec99f1dc55bb1bd457e1fcc4ee73cb00796
2026-07-30T08:02:47Z,ab6799eb715fdb983ada8662b0bc50427e9dc9ea,6302,counter,block,2583882,6302,0a342ec99f1dc55bb1bd457e1fcc4ee73cb00796
2026-07-30T08:02:47Z,ab6799eb715fdb983ada8662b0bc50427e9dc9ea,6302,counter,instruction,15146619,6302,0a342ec99f1dc55bb1bd457e1fcc4ee73cb00796
2026-07-30T08:02:47Z,ab6799eb715fdb983ada8662b0bc50427e9dc9ea,6302,counter,move,1959357,6302,0a342ec99f1dc55bb1bd457e1fcc4ee73cb00796
2026-07-30T08:02:47Z,ab6799eb715fdb983ada8662b0bc50427e9dc9ea,6302,counter,reload,958530,6302,0a342ec99f1dc55bb1bd457e1fcc4ee73cb00796
2026-07-30T08:02:47Z,ab6799eb715fdb983ada8662b0bc50427e9dc9ea,6302,counter,spill,685707,6302,0a342ec99f1dc55bb1bd457e1fcc4ee73cb00796
2026-07-30T08:02:47Z,ab6799eb715fdb983ada8662b0bc50427e9dc9ea,6302,counter,stack_slot,455930,6302,0a342ec99f1dc55bb1bd457e1fcc4ee73cb00796
2026-07-30T17:46:55Z,d0ba5f3571676f89e2f535e9c3eb3a554c13f3aa,6191,size_in_bytes,exe,69014968,6191,d89acf29f9ee984a08844902c026154da31ec5d9
2026-07-30T17:46:55Z,d0ba5f3571676f89e2f535e9c3eb3a554c13f3aa,6191,size_in_bytes,opt,480176952,6191,d89acf29f9ee984a08844902c026154da31ec5d9
2026-07-30T17:46:55Z,d0ba5f3571676f89e2f535e9c3eb3a554c13f3aa,6191,size_in_bytes,a,215946456,6191,d89acf29f9ee984a08844902c026154da31ec5d9
2026-07-30T17:46:55Z,d0ba5f3571676f89e2f535e9c3eb3a554c13f3aa,6191,size_in_bytes,cmxa,349232,6191,d89acf29f9ee984a08844902c026154da31ec5d9
2026-07-30T17:46:55Z,d0ba5f3571676f89e2f535e9c3eb3a554c13f3aa,6191,size_in_bytes,cma,263586214,6191,d89acf29f9ee984a08844902c026154da31ec5d9
2026-07-30T17:46:55Z,d0ba5f3571676f89e2f535e9c3eb3a554c13f3aa,6191,size_in_bytes,cmi,23813890,6191,d89acf29f9ee984a08844902c026154da31ec5d9
2026-07-30T17:46:55Z,d0ba5f3571676f89e2f535e9c3eb3a554c13f3aa,6191,size_in_bytes,cmx,152062156,6191,d89acf29f9ee984a08844902c026154da31ec5d9
2026-07-30T17:46:55Z,d0ba5f3571676f89e2f535e9c3eb3a554c13f3aa,6191,size_in_bytes,cmo,1512402,6191,d89acf29f9ee984a08844902c026154da31ec5d9
2026-07-30T17:46:55Z,d0ba5f3571676f89e2f535e9c3eb3a554c13f3aa,6191,size_in_bytes,cms,24964659,6191,d89acf29f9ee984a08844902c026154da31ec5d9
2026-07-30T17:46:55Z,d0ba5f3571676f89e2f535e9c3eb3a554c13f3aa,6191,size_in_bytes,cmsi,8431485,6191,d89acf29f9ee984a08844902c026154da31ec5d9
2026-07-30T17:46:55Z,d0ba5f3571676f89e2f535e9c3eb3a554c13f3aa,6191,size_in_bytes,cmt,657422645,6191,d89acf29f9ee984a08844902c026154da31ec5d9
2026-07-30T17:46:55Z,d0ba5f3571676f89e2f535e9c3eb3a554c13f3aa,6191,size_in_bytes,cmti,71854562,6191,d89acf29f9ee984a08844902c026154da31ec5d9
2026-07-30T17:46:55Z,d0ba5f3571676f89e2f535e9c3eb3a554c13f3aa,6191,size_in_bytes,o,4624,6191,d89acf29f9ee984a08844902c026154da31ec5d9
2026-07-30T17:46:55Z,d0ba5f3571676f89e2f535e9c3eb3a554c13f3aa,6191,time_in_seconds,<all>,3068.682,6191,d89acf29f9ee984a08844902c026154da31ec5d9
2026-07-30T17:46:55Z,d0ba5f3571676f89e2f535e9c3eb3a554c13f3aa,6191,time_in_seconds,parsing,12.163,6191,d89acf29f9ee984a08844902c026154da31ec5d9
2026-07-30T17:46:55Z,d0ba5f3571676f89e2f535e9c3eb3a554c13f3aa,6191,time_in_seconds,typing,308.907,6191,d89acf29f9ee984a08844902c026154da31ec5d9
2026-07-30T17:46:55Z,d0ba5f3571676f89e2f535e9c3eb3a554c13f3aa,6191,time_in_seconds,generate/flambda2,1255.709,6191,d89acf29f9ee984a08844902c026154da31ec5d9
2026-07-30T17:46:55Z,d0ba5f3571676f89e2f535e9c3eb3a554c13f3aa,6191,time_in_seconds,generate/compile_phrases/cfg,440.012,6191,d89acf29f9ee984a08844902c026154da31ec5d9
2026-07-30T17:46:55Z,d0ba5f3571676f89e2f535e9c3eb3a554c13f3aa,6191,time_in_seconds,generate/assemble,75.667,6191,d89acf29f9ee984a08844902c026154da31ec5d9
2026-07-30T17:46:55Z,d0ba5f3571676f89e2f535e9c3eb3a554c13f3aa,6191,alloc_in_bytes,<all>,3375826016974,6191,d89acf29f9ee984a08844902c026154da31ec5d9
2026-07-30T17:46:55Z,d0ba5f3571676f89e2f535e9c3eb3a554c13f3aa,6191,alloc_in_bytes,parsing,12880528250,6191,d89acf29f9ee984a08844902c026154da31ec5d9
2026-07-30T17:46:55Z,d0ba5f3571676f89e2f535e9c3eb3a554c13f3aa,6191,alloc_in_bytes,typing,278547669883,6191,d89acf29f9ee984a08844902c026154da31ec5d9
2026-07-30T17:46:55Z,d0ba5f3571676f89e2f535e9c3eb3a554c13f3aa,6191,alloc_in_bytes,generate/flambda2,2163941529648,6191,d89acf29f9ee984a08844902c026154da31ec5d9
2026-07-30T17:46:55Z,d0ba5f3571676f89e2f535e9c3eb3a554c13f3aa,6191,alloc_in_bytes,generate/compile_phrases/cfg,406527304167,6191,d89acf29f9ee984a08844902c026154da31ec5d9
2026-07-30T17:46:55Z,d0ba5f3571676f89e2f535e9c3eb3a554c13f3aa,6191,alloc_in_bytes,generate/assemble,412467830,6191,d89acf29f9ee984a08844902c026154da31ec5d9
2026-07-30T17:46:55Z,d0ba5f3571676f89e2f535e9c3eb3a554c13f3aa,6191,top_heap_in_bytes,<all>,148693716396,6191,d89acf29f9ee984a08844902c026154da31ec5d9
2026-07-30T17:46:55Z,d0ba5f3571676f89e2f535e9c3eb3a554c13f3aa,6191,top_heap_in_bytes,parsing,2080017741,6191,d89acf29f9ee984a08844902c026154da31ec5d9
2026-07-30T17:46:55Z,d0ba5f3571676f89e2f535e9c3eb3a554c13f3aa,6191,top_heap_in_bytes,typing,31476373474,6191,d89acf29f9ee984a08844902c026154da31ec5d9
2026-07-30T17:46:55Z,d0ba5f3571676f89e2f535e9c3eb3a554c13f3aa,6191,top_heap_in_bytes,generate/flambda2,69827715509,6191,d89acf29f9ee984a08844902c026154da31ec5d9
2026-07-30T17:46:55Z,d0ba5f3571676f89e2f535e9c3eb3a554c13f3aa,6191,top_heap_in_bytes,generate/compile_phrases/cfg,21850886304,6191,d89acf29f9ee984a08844902c026154da31ec5d9
2026-07-30T17:46:55Z,d0ba5f3571676f89e2f535e9c3eb3a554c13f3aa,6191,top_heap_in_bytes,generate/assemble,16976421,6191,d89acf29f9ee984a08844902c026154da31ec5d9
2026-07-30T17:46:55Z,d0ba5f3571676f89e2f535e9c3eb3a554c13f3aa,6191,absolute_top_heap_in_bytes,<all>,193982038993,6191,d89acf29f9ee984a08844902c026154da31ec5d9
2026-07-30T17:46:55Z,d0ba5f3571676f89e2f535e9c3eb3a554c13f3aa,6191,absolute_top_heap_in_bytes,parsing,11315403245,6191,d89acf29f9ee984a08844902c026154da31ec5d9
2026-07-30T17:46:55Z,d0ba5f3571676f89e2f535e9c3eb3a554c13f3aa,6191,absolute_top_heap_in_bytes,typing,55138382347,6191,d89acf29f9ee984a08844902c026154da31ec5d9
2026-07-30T17:46:55Z,d0ba5f3571676f89e2f535e9c3eb3a554c13f3aa,6191,absolute_top_heap_in_bytes,generate/flambda2,128630190472,6191,d89acf29f9ee984a08844902c026154da31ec5d9
2026-07-30T17:46:55Z,d0ba5f3571676f89e2f535e9c3eb3a554c13f3aa,6191,absolute_top_heap_in_bytes,generate/compile_phrases/cfg,145184699718,6191,d89acf29f9ee984a08844902c026154da31ec5d9
2026-07-30T17:46:55Z,d0ba5f3571676f89e2f535e9c3eb3a554c13f3aa,6191,absolute_top_heap_in_bytes,generate/assemble,1884291057,6191,d89acf29f9ee984a08844902c026154da31ec5d9
2026-07-30T17:46:55Z,d0ba5f3571676f89e2f535e9c3eb3a554c13f3aa,6191,counter,block,2586878,6191,d89acf29f9ee984a08844902c026154da31ec5d9
2026-07-30T17:46:55Z,d0ba5f3571676f89e2f535e9c3eb3a554c13f3aa,6191,counter,instruction,15160530,6191,d89acf29f9ee984a08844902c026154da31ec5d9
2026-07-30T17:46:55Z,d0ba5f3571676f89e2f535e9c3eb3a554c13f3aa,6191,counter,move,1960338,6191,d89acf29f9ee984a08844902c026154da31ec5d9
2026-07-30T17:46:55Z,d0ba5f3571676f89e2f535e9c3eb3a554c13f3aa,6191,counter,reload,959513,6191,d89acf29f9ee984a08844902c026154da31ec5d9
2026-07-30T17:46:55Z,d0ba5f3571676f89e2f535e9c3eb3a554c13f3aa,6191,counter,spill,686192,6191,d89acf29f9ee984a08844902c026154da31ec5d9
2026-07-30T17:46:55Z,d0ba5f3571676f89e2f535e9c3eb3a554c13f3aa,6191,counter,stack_slot,456048,6191,d89acf29f9ee984a08844902c026154da31ec5d9
2026-07-30T15:42:50Z,d89acf29f9ee984a08844902c026154da31ec5d9,6653,size_in_bytes,exe,68994688,6653,66b6a80247e5ca8546eaea3dac95c8691d382441
2026-07-30T15:42:50Z,d89acf29f9ee984a08844902c026154da31ec5d9,6653,size_in_bytes,opt,480121760,6653,66b6a80247e5ca8546eaea3dac95c8691d382441
2026-07-30T15:42:50Z,d89acf29f9ee984a08844902c026154da31ec5d9,6653,size_in_bytes,a,215920692,6653,66b6a80247e5ca8546eaea3dac95c8691d382441
2026-07-30T15:42:50Z,d89acf29f9ee984a08844902c026154da31ec5d9,6653,size_in_bytes,cmxa,349232,6653,66b6a80247e5ca8546eaea3dac95c8691d382441
2026-07-30T15:42:50Z,d89acf29f9ee984a08844902c026154da31ec5d9,6653,size_in_bytes,cma,263535152,6653,66b6a80247e5ca8546eaea3dac95c8691d382441
2026-07-30T15:42:50Z,d89acf29f9ee984a08844902c026154da31ec5d9,6653,size_in_bytes,cmi,23813580,6653,66b6a80247e5ca8546eaea3dac95c8691d382441
2026-07-30T15:42:50Z,d89acf29f9ee984a08844902c026154da31ec5d9,6653,size_in_bytes,cmx,152062152,6653,66b6a80247e5ca8546eaea3dac95c8691d382441
2026-07-30T15:42:50Z,d89acf29f9ee984a08844902c026154da31ec5d9,6653,size_in_bytes,cmo,1512402,6653,66b6a80247e5ca8546eaea3dac95c8691d382441
2026-07-30T15:42:50Z,d89acf29f9ee984a08844902c026154da31ec5d9,6653,size_in_bytes,cms,24948470,6653,66b6a80247e5ca8546eaea3dac95c8691d382441
2026-07-30T15:42:50Z,d89acf29f9ee984a08844902c026154da31ec5d9,6653,size_in_bytes,cmsi,8428736,6653,66b6a80247e5ca8546eaea3dac95c8691d382441
2026-07-30T15:42:50Z,d89acf29f9ee984a08844902c026154da31ec5d9,6653,size_in_bytes,cmt,657268453,6653,66b6a80247e5ca8546eaea3dac95c8691d382441
2026-07-30T15:42:50Z,d89acf29f9ee984a08844902c026154da31ec5d9,6653,size_in_bytes,cmti,71850975,6653,66b6a80247e5ca8546eaea3dac95c8691d382441
2026-07-30T15:42:50Z,d89acf29f9ee984a08844902c026154da31ec5d9,6653,size_in_bytes,o,4624,6653,66b6a80247e5ca8546eaea3dac95c8691d382441
2026-07-30T15:42:50Z,d89acf29f9ee984a08844902c026154da31ec5d9,6653,time_in_seconds,<all>,2474.595,6653,66b6a80247e5ca8546eaea3dac95c8691d382441
2026-07-30T15:42:50Z,d89acf29f9ee984a08844902c026154da31ec5d9,6653,time_in_seconds,parsing,8.861,6653,66b6a80247e5ca8546eaea3dac95c8691d382441
2026-07-30T15:42:50Z,d89acf29f9ee984a08844902c026154da31ec5d9,6653,time_in_seconds,typing,236.048,6653,66b6a80247e5ca8546eaea3dac95c8691d382441
2026-07-30T15:42:50Z,d89acf29f9ee984a08844902c026154da31ec5d9,6653,time_in_seconds,generate/flambda2,1049.751,6653,66b6a80247e5ca8546eaea3dac95c8691d382441
2026-07-30T15:42:50Z,d89acf29f9ee984a08844902c026154da31ec5d9,6653,time_in_seconds,generate/compile_phrases/cfg,360.986,6653,66b6a80247e5ca8546eaea3dac95c8691d382441
2026-07-30T15:42:50Z,d89acf29f9ee984a08844902c026154da31ec5d9,6653,time_in_seconds,generate/assemble,63.287,6653,66b6a80247e5ca8546eaea3dac95c8691d382441
2026-07-30T15:42:50Z,d89acf29f9ee984a08844902c026154da31ec5d9,6653,alloc_in_bytes,<all>,3378987641407,6653,66b6a80247e5ca8546eaea3dac95c8691d382441
2026-07-30T15:42:50Z,d89acf29f9ee984a08844902c026154da31ec5d9,6653,alloc_in_bytes,parsing,12891076930,6653,66b6a80247e5ca8546eaea3dac95c8691d382441
2026-07-30T15:42:50Z,d89acf29f9ee984a08844902c026154da31ec5d9,6653,alloc_in_bytes,typing,278488718942,6653,66b6a80247e5ca8546eaea3dac95c8691d382441
2026-07-30T15:42:50Z,d89acf29f9ee984a08844902c026154da31ec5d9,6653,alloc_in_bytes,generate/flambda2,2166613836053,6653,66b6a80247e5ca8546eaea3dac95c8691d382441
2026-07-30T15:42:50Z,d89acf29f9ee984a08844902c026154da31ec5d9,6653,alloc_in_bytes,generate/compile_phrases/cfg,406172350655,6653,66b6a80247e5ca8546eaea3dac95c8691d382441
2026-07-30T15:42:50Z,d89acf29f9ee984a08844902c026154da31ec5d9,6653,alloc_in_bytes,generate/assemble,425931546,6653,66b6a80247e5ca8546eaea3dac95c8691d382441
2026-07-30T15:42:50Z,d89acf29f9ee984a08844902c026154da31ec5d9,6653,top_heap_in_bytes,<all>,148924109522,6653,66b6a80247e5ca8546eaea3dac95c8691d382441
2026-07-30T15:42:50Z,d89acf29f9ee984a08844902c026154da31ec5d9,6653,top_heap_in_bytes,parsing,2087766731,6653,66b6a80247e5ca8546eaea3dac95c8691d382441
2026-07-30T15:42:50Z,d89acf29f9ee984a08844902c026154da31ec5d9,6653,top_heap_in_bytes,typing,31437880233,6653,66b6a80247e5ca8546eaea3dac95c8691d382441
2026-07-30T15:42:50Z,d89acf29f9ee984a08844902c026154da31ec5d9,6653,top_heap_in_bytes,generate/flambda2,69961880837,6653,66b6a80247e5ca8546eaea3dac95c8691d382441
2026-07-30T15:42:50Z,d89acf29f9ee984a08844902c026154da31ec5d9,6653,top_heap_in_bytes,generate/compile_phrases/cfg,21699723578,6653,66b6a80247e5ca8546eaea3dac95c8691d382441
2026-07-30T15:42:50Z,d89acf29f9ee984a08844902c026154da31ec5d9,6653,top_heap_in_bytes,generate/assemble,17154680,6653,66b6a80247e5ca8546eaea3dac95c8691d382441
2026-07-30T15:42:50Z,d89acf29f9ee984a08844902c026154da31ec5d9,6653,absolute_top_heap_in_bytes,<all>,193011225396,6653,66b6a80247e5ca8546eaea3dac95c8691d382441
2026-07-30T15:42:50Z,d89acf29f9ee984a08844902c026154da31ec5d9,6653,absolute_top_heap_in_bytes,parsing,11924657344,6653,66b6a80247e5ca8546eaea3dac95c8691d382441
2026-07-30T15:42:50Z,d89acf29f9ee984a08844902c026154da31ec5d9,6653,absolute_top_heap_in_bytes,typing,55228329196,6653,66b6a80247e5ca8546eaea3dac95c8691d382441
2026-07-30T15:42:50Z,d89acf29f9ee984a08844902c026154da31ec5d9,6653,absolute_top_heap_in_bytes,generate/flambda2,128825624091,6653,66b6a80247e5ca8546eaea3dac95c8691d382441
2026-07-30T15:42:50Z,d89acf29f9ee984a08844902c026154da31ec5d9,6653,absolute_top_heap_in_bytes,generate/compile_phrases/cfg,145160645386,6653,66b6a80247e5ca8546eaea3dac95c8691d382441
2026-07-30T15:42:50Z,d89acf29f9ee984a08844902c026154da31ec5d9,6653,absolute_top_heap_in_bytes,generate/assemble,1700370825,6653,66b6a80247e5ca8546eaea3dac95c8691d382441
2026-07-30T15:42:50Z,d89acf29f9ee984a08844902c026154da31ec5d9,6653,counter,block,2587102,6653,66b6a80247e5ca8546eaea3dac95c8691d382441
2026-07-30T15:42:50Z,d89acf29f9ee984a08844902c026154da31ec5d9,6653,counter,instruction,15160201,6653,66b6a80247e5ca8546eaea3dac95c8691d382441
2026-07-30T15:42:50Z,d89acf29f9ee984a08844902c026154da31ec5d9,6653,counter,move,1960297,6653,66b6a80247e5ca8546eaea3dac95c8691d382441
2026-07-30T15:42:50Z,d89acf29f9ee984a08844902c026154da31ec5d9,6653,counter,reload,959160,6653,66b6a80247e5ca8546eaea3dac95c8691d382441
2026-07-30T15:42:50Z,d89acf29f9ee984a08844902c026154da31ec5d9,6653,counter,spill,686088,6653,66b6a80247e5ca8546eaea3dac95c8691d382441
2026-07-30T15:42:50Z,d89acf29f9ee984a08844902c026154da31ec5d9,6653,counter,stack_slot,456097,6653,66b6a80247e5ca8546eaea3dac95c8691d382441
2026-07-30T02:33:04Z,f6e393c955294504c03608d03f1dbb91b1a5e549,6635,size_in_bytes,exe,68768696,6635,1fbb95030a4c1d39f17759728f9a0eaaa8a66980
2026-07-30T02:33:04Z,f6e393c955294504c03608d03f1dbb91b1a5e549,6635,size_in_bytes,opt,479210624,6635,1fbb95030a4c1d39f17759728f9a0eaaa8a66980
2026-07-30T02:33:04Z,f6e393c955294504c03608d03f1dbb91b1a5e549,6635,size_in_bytes,a,215477296,6635,1fbb95030a4c1d39f17759728f9a0eaaa8a66980
2026-07-30T02:33:04Z,f6e393c955294504c03608d03f1dbb91b1a5e549,6635,size_in_bytes,cmxa,349232,6635,1fbb95030a4c1d39f17759728f9a0eaaa8a66980
2026-07-30T02:33:04Z,f6e393c955294504c03608d03f1dbb91b1a5e549,6635,size_in_bytes,cma,263051669,6635,1fbb95030a4c1d39f17759728f9a0eaaa8a66980
2026-07-30T02:33:04Z,f6e393c955294504c03608d03f1dbb91b1a5e549,6635,size_in_bytes,cmi,23724444,6635,1fbb95030a4c1d39f17759728f9a0eaaa8a66980
2026-07-30T02:33:04Z,f6e393c955294504c03608d03f1dbb91b1a5e549,6635,size_in_bytes,cmx,151797496,6635,1fbb95030a4c1d39f17759728f9a0eaaa8a66980
2026-07-30T02:33:04Z,f6e393c955294504c03608d03f1dbb91b1a5e549,6635,size_in_bytes,cmo,1511760,6635,1fbb95030a4c1d39f17759728f9a0eaaa8a66980
2026-07-30T02:33:04Z,f6e393c955294504c03608d03f1dbb91b1a5e549,6635,size_in_bytes,cms,24784103,6635,1fbb95030a4c1d39f17759728f9a0eaaa8a66980
2026-07-30T02:33:04Z,f6e393c955294504c03608d03f1dbb91b1a5e549,6635,size_in_bytes,cmsi,8399082,6635,1fbb95030a4c1d39f17759728f9a0eaaa8a66980
2026-07-30T02:33:04Z,f6e393c955294504c03608d03f1dbb91b1a5e549,6635,size_in_bytes,cmt,655618596,6635,1fbb95030a4c1d39f17759728f9a0eaaa8a66980
2026-07-30T02:33:04Z,f6e393c955294504c03608d03f1dbb91b1a5e549,6635,size_in_bytes,cmti,71623685,6635,1fbb95030a4c1d39f17759728f9a0eaaa8a66980
2026-07-30T02:33:04Z,f6e393c955294504c03608d03f1dbb91b1a5e549,6635,size_in_bytes,o,4624,6635,1fbb95030a4c1d39f17759728f9a0eaaa8a66980
2026-07-30T02:33:04Z,f6e393c955294504c03608d03f1dbb91b1a5e549,6635,time_in_seconds,<all>,2810.171,6635,1fbb95030a4c1d39f17759728f9a0eaaa8a66980
2026-07-30T02:33:04Z,f6e393c955294504c03608d03f1dbb91b1a5e549,6635,time_in_seconds,parsing,10.055,6635,1fbb95030a4c1d39f17759728f9a0eaaa8a66980
2026-07-30T02:33:04Z,f6e393c955294504c03608d03f1dbb91b1a5e549,6635,time_in_seconds,typing,274.966,6635,1fbb95030a4c1d39f17759728f9a0eaaa8a66980
2026-07-30T02:33:04Z,f6e393c955294504c03608d03f1dbb91b1a5e549,6635,time_in_seconds,generate/flambda2,1147.715,6635,1fbb95030a4c1d39f17759728f9a0eaaa8a66980
2026-07-30T02:33:04Z,f6e393c955294504c03608d03f1dbb91b1a5e549,6635,time_in_seconds,generate/compile_phrases/cfg,419.024,6635,1fbb95030a4c1d39f17759728f9a0eaaa8a66980
2026-07-30T02:33:04Z,f6e393c955294504c03608d03f1dbb91b1a5e549,6635,time_in_seconds,generate/assemble,72.465,6635,1fbb95030a4c1d39f17759728f9a0eaaa8a66980
2026-07-30T02:33:04Z,f6e393c955294504c03608d03f1dbb91b1a5e549,6635,alloc_in_bytes,<all>,3368351033244,6635,1fbb95030a4c1d39f17759728f9a0eaaa8a66980
2026-07-30T02:33:04Z,f6e393c955294504c03608d03f1dbb91b1a5e549,6635,alloc_in_bytes,parsing,12890458245,6635,1fbb95030a4c1d39f17759728f9a0eaaa8a66980
2026-07-30T02:33:04Z,f6e393c955294504c03608d03f1dbb91b1a5e549,6635,alloc_in_bytes,typing,278190336144,6635,1fbb95030a4c1d39f17759728f9a0eaaa8a66980
2026-07-30T02:33:04Z,f6e393c955294504c03608d03f1dbb91b1a5e549,6635,alloc_in_bytes,generate/flambda2,2158117224730,6635,1fbb95030a4c1d39f17759728f9a0eaaa8a66980
2026-07-30T02:33:04Z,f6e393c955294504c03608d03f1dbb91b1a5e549,6635,alloc_in_bytes,generate/compile_phrases/cfg,406068300480,6635,1fbb95030a4c1d39f17759728f9a0eaaa8a66980
2026-07-30T02:33:04Z,f6e393c955294504c03608d03f1dbb91b1a5e549,6635,alloc_in_bytes,generate/assemble,438399116,6635,1fbb95030a4c1d39f17759728f9a0eaaa8a66980
2026-07-30T02:33:04Z,f6e393c955294504c03608d03f1dbb91b1a5e549,6635,top_heap_in_bytes,<all>,148599313079,6635,1fbb95030a4c1d39f17759728f9a0eaaa8a66980
2026-07-30T02:33:04Z,f6e393c955294504c03608d03f1dbb91b1a5e549,6635,top_heap_in_bytes,parsing,2059895558,6635,1fbb95030a4c1d39f17759728f9a0eaaa8a66980
2026-07-30T02:33:04Z,f6e393c955294504c03608d03f1dbb91b1a5e549,6635,top_heap_in_bytes,typing,31400928432,6635,1fbb95030a4c1d39f17759728f9a0eaaa8a66980
2026-07-30T02:33:04Z,f6e393c955294504c03608d03f1dbb91b1a5e549,6635,top_heap_in_bytes,generate/flambda2,69741019274,6635,1fbb95030a4c1d39f17759728f9a0eaaa8a66980
2026-07-30T02:33:04Z,f6e393c955294504c03608d03f1dbb91b1a5e549,6635,top_heap_in_bytes,generate/compile_phrases/cfg,21686343716,6635,1fbb95030a4c1d39f17759728f9a0eaaa8a66980
2026-07-30T02:33:04Z,f6e393c955294504c03608d03f1dbb91b1a5e549,6635,top_heap_in_bytes,generate/assemble,18926775,6635,1fbb95030a4c1d39f17759728f9a0eaaa8a66980
2026-07-30T02:33:04Z,f6e393c955294504c03608d03f1dbb91b1a5e549,6635,absolute_top_heap_in_bytes,<all>,193944678284,6635,1fbb95030a4c1d39f17759728f9a0eaaa8a66980
2026-07-30T02:33:04Z,f6e393c955294504c03608d03f1dbb91b1a5e549,6635,absolute_top_heap_in_bytes,parsing,11548365387,6635,1fbb95030a4c1d39f17759728f9a0eaaa8a66980
2026-07-30T02:33:04Z,f6e393c955294504c03608d03f1dbb91b1a5e549,6635,absolute_top_heap_in_bytes,typing,55038945835,6635,1fbb95030a4c1d39f17759728f9a0eaaa8a66980
2026-07-30T02:33:04Z,f6e393c955294504c03608d03f1dbb91b1a5e549,6635,absolute_top_heap_in_bytes,generate/flambda2,128419982473,6635,1fbb95030a4c1d39f17759728f9a0eaaa8a66980
2026-07-30T02:33:04Z,f6e393c955294504c03608d03f1dbb91b1a5e549,6635,absolute_top_heap_in_bytes,generate/compile_phrases/cfg,145078804044,6635,1fbb95030a4c1d39f17759728f9a0eaaa8a66980
2026-07-30T02:33:04Z,f6e393c955294504c03608d03f1dbb91b1a5e549,6635,absolute_top_heap_in_bytes,generate/assemble,1732457251,6635,1fbb95030a4c1d39f17759728f9a0eaaa8a66980
2026-07-30T02:33:04Z,f6e393c955294504c03608d03f1dbb91b1a5e549,6635,counter,block,2583878,6635,1fbb95030a4c1d39f17759728f9a0eaaa8a66980
2026-07-30T02:33:04Z,f6e393c955294504c03608d03f1dbb91b1a5e549,6635,counter,instruction,15146599,6635,1fbb95030a4c1d39f17759728f9a0eaaa8a66980
2026-07-30T02:33:04Z,f6e393c955294504c03608d03f1dbb91b1a5e549,6635,counter,move,1959355,6635,1fbb95030a4c1d39f17759728f9a0eaaa8a66980
2026-07-30T02:33:04Z,f6e393c955294504c03608d03f1dbb91b1a5e549,6635,counter,reload,958525,6635,1fbb95030a4c1d39f17759728f9a0eaaa8a66980
2026-07-30T02:33:04Z,f6e393c955294504c03608d03f1dbb91b1a5e549,6635,counter,spill,685702,6635,1fbb95030a4c1d39f17759728f9a0eaaa8a66980
2026-07-30T02:33:04Z,f6e393c955294504c03608d03f1dbb91b1a5e549,6635,counter,stack_slot,455930,6635,1fbb95030a4c1d39f17759728f9a0eaaa8a66980
2026-07-31T18:44:27Z,39b9ba4a53c2a364ad1f52833ae377c3d393b483,6575,size_in_bytes,exe,69034568,6575,3682ab65d4c39713c65f04778186e431b4cb3778
2026-07-31T18:44:27Z,39b9ba4a53c2a364ad1f52833ae377c3d393b483,6575,size_in_bytes,opt,480103128,6575,3682ab65d4c39713c65f04778186e431b4cb3778
2026-07-31T18:44:27Z,39b9ba4a53c2a364ad1f52833ae377c3d393b483,6575,size_in_bytes,a,215949220,6575,3682ab65d4c39713c65f04778186e431b4cb3778
2026-07-31T18:44:27Z,39b9ba4a53c2a364ad1f52833ae377c3d393b483,6575,size_in_bytes,cmxa,349232,6575,3682ab65d4c39713c65f04778186e431b4cb3778
2026-07-31T18:44:27Z,39b9ba4a53c2a364ad1f52833ae377c3d393b483,6575,size_in_bytes,cma,263428341,6575,3682ab65d4c39713c65f04778186e431b4cb3778
2026-07-31T18:44:27Z,39b9ba4a53c2a364ad1f52833ae377c3d393b483,6575,size_in_bytes,cmi,23815919,6575,3682ab65d4c39713c65f04778186e431b4cb3778
2026-07-31T18:44:27Z,39b9ba4a53c2a364ad1f52833ae377c3d393b483,6575,size_in_bytes,cmx,152168499,6575,3682ab65d4c39713c65f04778186e431b4cb3778
2026-07-31T18:44:27Z,39b9ba4a53c2a364ad1f52833ae377c3d393b483,6575,size_in_bytes,cmo,1512402,6575,3682ab65d4c39713c65f04778186e431b4cb3778
2026-07-31T18:44:27Z,39b9ba4a53c2a364ad1f52833ae377c3d393b483,6575,size_in_bytes,cms,24964648,6575,3682ab65d4c39713c65f04778186e431b4cb3778
2026-07-31T18:44:27Z,39b9ba4a53c2a364ad1f52833ae377c3d393b483,6575,size_in_bytes,cmsi,8431483,6575,3682ab65d4c39713c65f04778186e431b4cb3778
2026-07-31T18:44:27Z,39b9ba4a53c2a364ad1f52833ae377c3d393b483,6575,size_in_bytes,cmt,657214924,6575,3682ab65d4c39713c65f04778186e431b4cb3778
2026-07-31T18:44:27Z,39b9ba4a53c2a364ad1f52833ae377c3d393b483,6575,size_in_bytes,cmti,71860095,6575,3682ab65d4c39713c65f04778186e431b4cb3778
2026-07-31T18:44:27Z,39b9ba4a53c2a364ad1f52833ae377c3d393b483,6575,size_in_bytes,o,4624,6575,3682ab65d4c39713c65f04778186e431b4cb3778
2026-07-31T18:44:27Z,39b9ba4a53c2a364ad1f52833ae377c3d393b483,6575,time_in_seconds,<all>,2774.051,6575,3682ab65d4c39713c65f04778186e431b4cb3778
2026-07-31T18:44:27Z,39b9ba4a53c2a364ad1f52833ae377c3d393b483,6575,time_in_seconds,parsing,10.822,6575,3682ab65d4c39713c65f04778186e431b4cb3778
2026-07-31T18:44:27Z,39b9ba4a53c2a364ad1f52833ae377c3d393b483,6575,time_in_seconds,typing,258.515,6575,3682ab65d4c39713c65f04778186e431b4cb3778
2026-07-31T18:44:27Z,39b9ba4a53c2a364ad1f52833ae377c3d393b483,6575,time_in_seconds,generate/flambda2,1157.804,6575,3682ab65d4c39713c65f04778186e431b4cb3778
2026-07-31T18:44:27Z,39b9ba4a53c2a364ad1f52833ae377c3d393b483,6575,time_in_seconds,generate/compile_phrases/cfg,410.452,6575,3682ab65d4c39713c65f04778186e431b4cb3778
2026-07-31T18:44:27Z,39b9ba4a53c2a364ad1f52833ae377c3d393b483,6575,time_in_seconds,generate/assemble,70.156,6575,3682ab65d4c39713c65f04778186e431b4cb3778
2026-07-31T18:44:27Z,39b9ba4a53c2a364ad1f52833ae377c3d393b483,6575,alloc_in_bytes,<all>,3376633913307,6575,3682ab65d4c39713c65f04778186e431b4cb3778
2026-07-31T18:44:27Z,39b9ba4a53c2a364ad1f52833ae377c3d393b483,6575,alloc_in_bytes,parsing,12912415435,6575,3682ab65d4c39713c65f04778186e431b4cb3778
2026-07-31T18:44:27Z,39b9ba4a53c2a364ad1f52833ae377c3d393b483,6575,alloc_in_bytes,typing,278476712750,6575,3682ab65d4c39713c65f04778186e431b4cb3778
2026-07-31T18:44:27Z,39b9ba4a53c2a364ad1f52833ae377c3d393b483,6575,alloc_in_bytes,generate/flambda2,2164083506829,6575,3682ab65d4c39713c65f04778186e431b4cb3778
2026-07-31T18:44:27Z,39b9ba4a53c2a364ad1f52833ae377c3d393b483,6575,alloc_in_bytes,generate/compile_phrases/cfg,407104440379,6575,3682ab65d4c39713c65f04778186e431b4cb3778
2026-07-31T18:44:27Z,39b9ba4a53c2a364ad1f52833ae377c3d393b483,6575,alloc_in_bytes,generate/assemble,422890678,6575,3682ab65d4c39713c65f04778186e431b4cb3778
2026-07-31T18:44:27Z,39b9ba4a53c2a364ad1f52833ae377c3d393b483,6575,top_heap_in_bytes,<all>,148727899961,6575,3682ab65d4c39713c65f04778186e431b4cb3778
2026-07-31T18:44:27Z,39b9ba4a53c2a364ad1f52833ae377c3d393b483,6575,top_heap_in_bytes,parsing,2081810798,6575,3682ab65d4c39713c65f04778186e431b4cb3778
2026-07-31T18:44:27Z,39b9ba4a53c2a364ad1f52833ae377c3d393b483,6575,top_heap_in_bytes,typing,31469704526,6575,3682ab65d4c39713c65f04778186e431b4cb3778
2026-07-31T18:44:27Z,39b9ba4a53c2a364ad1f52833ae377c3d393b483,6575,top_heap_in_bytes,generate/flambda2,69662019530,6575,3682ab65d4c39713c65f04778186e431b4cb3778
2026-07-31T18:44:27Z,39b9ba4a53c2a364ad1f52833ae377c3d393b483,6575,top_heap_in_bytes,generate/compile_phrases/cfg,21930578051,6575,3682ab65d4c39713c65f04778186e431b4cb3778
2026-07-31T18:44:27Z,39b9ba4a53c2a364ad1f52833ae377c3d393b483,6575,top_heap_in_bytes,generate/assemble,16735247,6575,3682ab65d4c39713c65f04778186e431b4cb3778
2026-07-31T18:44:27Z,39b9ba4a53c2a364ad1f52833ae377c3d393b483,6575,absolute_top_heap_in_bytes,<all>,194672201215,6575,3682ab65d4c39713c65f04778186e431b4cb3778
2026-07-31T18:44:27Z,39b9ba4a53c2a364ad1f52833ae377c3d393b483,6575,absolute_top_heap_in_bytes,parsing,11306301602,6575,3682ab65d4c39713c65f04778186e431b4cb3778
2026-07-31T18:44:27Z,39b9ba4a53c2a364ad1f52833ae377c3d393b483,6575,absolute_top_heap_in_bytes,typing,55126040591,6575,3682ab65d4c39713c65f04778186e431b4cb3778
2026-07-31T18:44:27Z,39b9ba4a53c2a364ad1f52833ae377c3d393b483,6575,absolute_top_heap_in_bytes,generate/flambda2,128723241104,6575,3682ab65d4c39713c65f04778186e431b4cb3778
2026-07-31T18:44:27Z,39b9ba4a53c2a364ad1f52833ae377c3d393b483,6575,absolute_top_heap_in_bytes,generate/compile_phrases/cfg,145774009911,6575,3682ab65d4c39713c65f04778186e431b4cb3778
2026-07-31T18:44:27Z,39b9ba4a53c2a364ad1f52833ae377c3d393b483,6575,absolute_top_heap_in_bytes,generate/assemble,1648141255,6575,3682ab65d4c39713c65f04778186e431b4cb3778
2026-07-31T18:44:27Z,39b9ba4a53c2a364ad1f52833ae377c3d393b483,6575,counter,block,2586921,6575,3682ab65d4c39713c65f04778186e431b4cb3778
2026-07-31T18:44:27Z,39b9ba4a53c2a364ad1f52833ae377c3d393b483,6575,counter,instruction,15160652,6575,3682ab65d4c39713c65f04778186e431b4cb3778
2026-07-31T18:44:27Z,39b9ba4a53c2a364ad1f52833ae377c3d393b483,6575,counter,move,1960267,6575,3682ab65d4c39713c65f04778186e431b4cb3778
2026-07-31T18:44:27Z,39b9ba4a53c2a364ad1f52833ae377c3d393b483,6575,counter,reload,959383,6575,3682ab65d4c39713c65f04778186e431b4cb3778
2026-07-31T18:44:27Z,39b9ba4a53c2a364ad1f52833ae377c3d393b483,6575,counter,spill,686157,6575,3682ab65d4c39713c65f04778186e431b4cb3778
2026-07-31T18:44:27Z,39b9ba4a53c2a364ad1f52833ae377c3d393b483,6575,counter,stack_slot,456048,6575,3682ab65d4c39713c65f04778186e431b4cb3778
2026-07-31T20:16:58Z,6fef8bf0f0a3b74647528c6f61b54112ee9a430b,6294,size_in_bytes,exe,78000528,6294,9c9df6d3313d2c4d5045a54fa033a18096067f21
2026-07-31T20:16:58Z,6fef8bf0f0a3b74647528c6f61b54112ee9a430b,6294,size_in_bytes,opt,506948592,6294,9c9df6d3313d2c4d5045a54fa033a18096067f21
2026-07-31T20:16:58Z,6fef8bf0f0a3b74647528c6f61b54112ee9a430b,6294,size_in_bytes,a,226895336,6294,9c9df6d3313d2c4d5045a54fa033a18096067f21
2026-07-31T20:16:58Z,6fef8bf0f0a3b74647528c6f61b54112ee9a430b,6294,size_in_bytes,cmxa,349296,6294,9c9df6d3313d2c4d5045a54fa033a18096067f21
2026-07-31T20:16:58Z,6fef8bf0f0a3b74647528c6f61b54112ee9a430b,6294,size_in_bytes,cma,274409676,6294,9c9df6d3313d2c4d5045a54fa033a18096067f21
2026-07-31T20:16:58Z,6fef8bf0f0a3b74647528c6f61b54112ee9a430b,6294,size_in_bytes,cmi,26147712,6294,9c9df6d3313d2c4d5045a54fa033a18096067f21
2026-07-31T20:16:58Z,6fef8bf0f0a3b74647528c6f61b54112ee9a430b,6294,size_in_bytes,cmx,166760457,6294,9c9df6d3313d2c4d5045a54fa033a18096067f21
2026-07-31T20:16:58Z,6fef8bf0f0a3b74647528c6f61b54112ee9a430b,6294,size_in_bytes,cmo,1512402,6294,9c9df6d3313d2c4d5045a54fa033a18096067f21
2026-07-31T20:16:58Z,6fef8bf0f0a3b74647528c6f61b54112ee9a430b,6294,size_in_bytes,cms,24964648,6294,9c9df6d3313d2c4d5045a54fa033a18096067f21
2026-07-31T20:16:58Z,6fef8bf0f0a3b74647528c6f61b54112ee9a430b,6294,size_in_bytes,cmsi,8431483,6294,9c9df6d3313d2c4d5045a54fa033a18096067f21
2026-07-31T20:16:58Z,6fef8bf0f0a3b74647528c6f61b54112ee9a430b,6294,size_in_bytes,cmt,707930444,6294,9c9df6d3313d2c4d5045a54fa033a18096067f21
2026-07-31T20:16:58Z,6fef8bf0f0a3b74647528c6f61b54112ee9a430b,6294,size_in_bytes,cmti,71868082,6294,9c9df6d3313d2c4d5045a54fa033a18096067f21
2026-07-31T20:16:58Z,6fef8bf0f0a3b74647528c6f61b54112ee9a430b,6294,size_in_bytes,o,4624,6294,9c9df6d3313d2c4d5045a54fa033a18096067f21
2026-07-31T20:16:58Z,6fef8bf0f0a3b74647528c6f61b54112ee9a430b,6294,time_in_seconds,<all>,2373.265,6294,9c9df6d3313d2c4d5045a54fa033a18096067f21
2026-07-31T20:16:58Z,6fef8bf0f0a3b74647528c6f61b54112ee9a430b,6294,time_in_seconds,parsing,8.773,6294,9c9df6d3313d2c4d5045a54fa033a18096067f21
2026-07-31T20:16:58Z,6fef8bf0f0a3b74647528c6f61b54112ee9a430b,6294,time_in_seconds,typing,210.350,6294,9c9df6d3313d2c4d5045a54fa033a18096067f21
2026-07-31T20:16:58Z,6fef8bf0f0a3b74647528c6f61b54112ee9a430b,6294,time_in_seconds,generate/flambda2,1004.390,6294,9c9df6d3313d2c4d5045a54fa033a18096067f21
2026-07-31T20:16:58Z,6fef8bf0f0a3b74647528c6f61b54112ee9a430b,6294,time_in_seconds,generate/compile_phrases/cfg,346.003,6294,9c9df6d3313d2c4d5045a54fa033a18096067f21
2026-07-31T20:16:58Z,6fef8bf0f0a3b74647528c6f61b54112ee9a430b,6294,time_in_seconds,generate/assemble,60.361,6294,9c9df6d3313d2c4d5045a54fa033a18096067f21
2026-07-31T20:16:58Z,6fef8bf0f0a3b74647528c6f61b54112ee9a430b,6294,alloc_in_bytes,<all>,3423797288907,6294,9c9df6d3313d2c4d5045a54fa033a18096067f21
2026-07-31T20:16:58Z,6fef8bf0f0a3b74647528c6f61b54112ee9a430b,6294,alloc_in_bytes,parsing,13639099582,6294,9c9df6d3313d2c4d5045a54fa033a18096067f21
2026-07-31T20:16:58Z,6fef8bf0f0a3b74647528c6f61b54112ee9a430b,6294,alloc_in_bytes,typing,283372618973,6294,9c9df6d3313d2c4d5045a54fa033a18096067f21
2026-07-31T20:16:58Z,6fef8bf0f0a3b74647528c6f61b54112ee9a430b,6294,alloc_in_bytes,generate/flambda2,2188119091746,6294,9c9df6d3313d2c4d5045a54fa033a18096067f21
2026-07-31T20:16:58Z,6fef8bf0f0a3b74647528c6f61b54112ee9a430b,6294,alloc_in_bytes,generate/compile_phrases/cfg,411722966752,6294,9c9df6d3313d2c4d5045a54fa033a18096067f21
2026-07-31T20:16:58Z,6fef8bf0f0a3b74647528c6f61b54112ee9a430b,6294,alloc_in_bytes,generate/assemble,409447933,6294,9c9df6d3313d2c4d5045a54fa033a18096067f21
2026-07-31T20:16:58Z,6fef8bf0f0a3b74647528c6f61b54112ee9a430b,6294,top_heap_in_bytes,<all>,151013806188,6294,9c9df6d3313d2c4d5045a54fa033a18096067f21
2026-07-31T20:16:58Z,6fef8bf0f0a3b74647528c6f61b54112ee9a430b,6294,top_heap_in_bytes,parsing,2333101927,6294,9c9df6d3313d2c4d5045a54fa033a18096067f21
2026-07-31T20:16:58Z,6fef8bf0f0a3b74647528c6f61b54112ee9a430b,6294,top_heap_in_bytes,typing,32073254420,6294,9c9df6d3313d2c4d5045a54fa033a18096067f21
2026-07-31T20:16:58Z,6fef8bf0f0a3b74647528c6f61b54112ee9a430b,6294,top_heap_in_bytes,generate/flambda2,70192357850,6294,9c9df6d3313d2c4d5045a54fa033a18096067f21
2026-07-31T20:16:58Z,6fef8bf0f0a3b74647528c6f61b54112ee9a430b,6294,top_heap_in_bytes,generate/compile_phrases/cfg,22041381090,6294,9c9df6d3313d2c4d5045a54fa033a18096067f21
2026-07-31T20:16:58Z,6fef8bf0f0a3b74647528c6f61b54112ee9a430b,6294,top_heap_in_bytes,generate/assemble,13662923,6294,9c9df6d3313d2c4d5045a54fa033a18096067f21
2026-07-31T20:16:58Z,6fef8bf0f0a3b74647528c6f61b54112ee9a430b,6294,absolute_top_heap_in_bytes,<all>,198497039433,6294,9c9df6d3313d2c4d5045a54fa033a18096067f21
2026-07-31T20:16:58Z,6fef8bf0f0a3b74647528c6f61b54112ee9a430b,6294,absolute_top_heap_in_bytes,parsing,14632971869,6294,9c9df6d3313d2c4d5045a54fa033a18096067f21
2026-07-31T20:16:58Z,6fef8bf0f0a3b74647528c6f61b54112ee9a430b,6294,absolute_top_heap_in_bytes,typing,57247781618,6294,9c9df6d3313d2c4d5045a54fa033a18096067f21
2026-07-31T20:16:58Z,6fef8bf0f0a3b74647528c6f61b54112ee9a430b,6294,absolute_top_heap_in_bytes,generate/flambda2,132719615871,6294,9c9df6d3313d2c4d5045a54fa033a18096067f21
2026-07-31T20:16:58Z,6fef8bf0f0a3b74647528c6f61b54112ee9a430b,6294,absolute_top_heap_in_bytes,generate/compile_phrases/cfg,148370839845,6294,9c9df6d3313d2c4d5045a54fa033a18096067f21
2026-07-31T20:16:58Z,6fef8bf0f0a3b74647528c6f61b54112ee9a430b,6294,absolute_top_heap_in_bytes,generate/assemble,1616799320,6294,9c9df6d3313d2c4d5045a54fa033a18096067f21
2026-07-31T20:16:58Z,6fef8bf0f0a3b74647528c6f61b54112ee9a430b,6294,counter,block,2607601,6294,9c9df6d3313d2c4d5045a54fa033a18096067f21
2026-07-31T20:16:58Z,6fef8bf0f0a3b74647528c6f61b54112ee9a430b,6294,counter,instruction,15460682,6294,9c9df6d3313d2c4d5045a54fa033a18096067f21
2026-07-31T20:16:58Z,6fef8bf0f0a3b74647528c6f61b54112ee9a430b,6294,counter,move,1978272,6294,9c9df6d3313d2c4d5045a54fa033a18096067f21
2026-07-31T20:16:58Z,6fef8bf0f0a3b74647528c6f61b54112ee9a430b,6294,counter,reload,959883,6294,9c9df6d3313d2c4d5045a54fa033a18096067f21
2026-07-31T20:16:58Z,6fef8bf0f0a3b74647528c6f61b54112ee9a430b,6294,counter,spill,686613,6294,9c9df6d3313d2c4d5045a54fa033a18096067f21
2026-07-31T20:16:58Z,6fef8bf0f0a3b74647528c6f61b54112ee9a430b,6294,counter,stack_slot,456174,6294,9c9df6d3313d2c4d5045a54fa033a18096067f21
2026-07-31T23:31:45Z,8a009a85e357f42753b54bc2a85d8f7ee6b1ccd6,6679,size_in_bytes,exe,78001792,6679,6fef8bf0f0a3b74647528c6f61b54112ee9a430b
2026-07-31T23:31:45Z,8a009a85e357f42753b54bc2a85d8f7ee6b1ccd6,6679,size_in_bytes,opt,506960760,6679,6fef8bf0f0a3b74647528c6f61b54112ee9a430b
2026-07-31T23:31:45Z,8a009a85e357f42753b54bc2a85d8f7ee6b1ccd6,6679,size_in_bytes,a,226901620,6679,6fef8bf0f0a3b74647528c6f61b54112ee9a430b
2026-07-31T23:31:45Z,8a009a85e357f42753b54bc2a85d8f7ee6b1ccd6,6679,size_in_bytes,cmxa,349296,6679,6fef8bf0f0a3b74647528c6f61b54112ee9a430b
2026-07-31T23:31:45Z,8a009a85e357f42753b54bc2a85d8f7ee6b1ccd6,6679,size_in_bytes,cma,274418266,6679,6fef8bf0f0a3b74647528c6f61b54112ee9a430b
2026-07-31T23:31:45Z,8a009a85e357f42753b54bc2a85d8f7ee6b1ccd6,6679,size_in_bytes,cmi,26149322,6679,6fef8bf0f0a3b74647528c6f61b54112ee9a430b
2026-07-31T23:31:45Z,8a009a85e357f42753b54bc2a85d8f7ee6b1ccd6,6679,size_in_bytes,cmx,166770013,6679,6fef8bf0f0a3b74647528c6f61b54112ee9a430b
2026-07-31T23:31:45Z,8a009a85e357f42753b54bc2a85d8f7ee6b1ccd6,6679,size_in_bytes,cmo,1512402,6679,6fef8bf0f0a3b74647528c6f61b54112ee9a430b
2026-07-31T23:31:45Z,8a009a85e357f42753b54bc2a85d8f7ee6b1ccd6,6679,size_in_bytes,cms,24964648,6679,6fef8bf0f0a3b74647528c6f61b54112ee9a430b
2026-07-31T23:31:45Z,8a009a85e357f42753b54bc2a85d8f7ee6b1ccd6,6679,size_in_bytes,cmsi,8431483,6679,6fef8bf0f0a3b74647528c6f61b54112ee9a430b
2026-07-31T23:31:45Z,8a009a85e357f42753b54bc2a85d8f7ee6b1ccd6,6679,size_in_bytes,cmt,707955092,6679,6fef8bf0f0a3b74647528c6f61b54112ee9a430b
2026-07-31T23:31:45Z,8a009a85e357f42753b54bc2a85d8f7ee6b1ccd6,6679,size_in_bytes,cmti,71871809,6679,6fef8bf0f0a3b74647528c6f61b54112ee9a430b
2026-07-31T23:31:45Z,8a009a85e357f42753b54bc2a85d8f7ee6b1ccd6,6679,size_in_bytes,o,4624,6679,6fef8bf0f0a3b74647528c6f61b54112ee9a430b
2026-07-31T23:31:45Z,8a009a85e357f42753b54bc2a85d8f7ee6b1ccd6,6679,time_in_seconds,<all>,2537.112,6679,6fef8bf0f0a3b74647528c6f61b54112ee9a430b
2026-07-31T23:31:45Z,8a009a85e357f42753b54bc2a85d8f7ee6b1ccd6,6679,time_in_seconds,parsing,9.932,6679,6fef8bf0f0a3b74647528c6f61b54112ee9a430b
2026-07-31T23:31:45Z,8a009a85e357f42753b54bc2a85d8f7ee6b1ccd6,6679,time_in_seconds,typing,250.591,6679,6fef8bf0f0a3b74647528c6f61b54112ee9a430b
2026-07-31T23:31:45Z,8a009a85e357f42753b54bc2a85d8f7ee6b1ccd6,6679,time_in_seconds,generate/flambda2,1075.431,6679,6fef8bf0f0a3b74647528c6f61b54112ee9a430b
2026-07-31T23:31:45Z,8a009a85e357f42753b54bc2a85d8f7ee6b1ccd6,6679,time_in_seconds,generate/compile_phrases/cfg,363.696,6679,6fef8bf0f0a3b74647528c6f61b54112ee9a430b
2026-07-31T23:31:45Z,8a009a85e357f42753b54bc2a85d8f7ee6b1ccd6,6679,time_in_seconds,generate/assemble,66.707,6679,6fef8bf0f0a3b74647528c6f61b54112ee9a430b
2026-07-31T23:31:45Z,8a009a85e357f42753b54bc2a85d8f7ee6b1ccd6,6679,alloc_in_bytes,<all>,3423895362231,6679,6fef8bf0f0a3b74647528c6f61b54112ee9a430b
2026-07-31T23:31:45Z,8a009a85e357f42753b54bc2a85d8f7ee6b1ccd6,6679,alloc_in_bytes,parsing,13651116268,6679,6fef8bf0f0a3b74647528c6f61b54112ee9a430b
2026-07-31T23:31:45Z,8a009a85e357f42753b54bc2a85d8f7ee6b1ccd6,6679,alloc_in_bytes,typing,283377348030,6679,6fef8bf0f0a3b74647528c6f61b54112ee9a430b
2026-07-31T23:31:45Z,8a009a85e357f42753b54bc2a85d8f7ee6b1ccd6,6679,alloc_in_bytes,generate/flambda2,2188125855070,6679,6fef8bf0f0a3b74647528c6f61b54112ee9a430b
2026-07-31T23:31:45Z,8a009a85e357f42753b54bc2a85d8f7ee6b1ccd6,6679,alloc_in_bytes,generate/compile_phrases/cfg,411786132988,6679,6fef8bf0f0a3b74647528c6f61b54112ee9a430b
2026-07-31T23:31:45Z,8a009a85e357f42753b54bc2a85d8f7ee6b1ccd6,6679,alloc_in_bytes,generate/assemble,411513628,6679,6fef8bf0f0a3b74647528c6f61b54112ee9a430b
2026-07-31T23:31:45Z,8a009a85e357f42753b54bc2a85d8f7ee6b1ccd6,6679,top_heap_in_bytes,<all>,151175433653,6679,6fef8bf0f0a3b74647528c6f61b54112ee9a430b
2026-07-31T23:31:45Z,8a009a85e357f42753b54bc2a85d8f7ee6b1ccd6,6679,top_heap_in_bytes,parsing,2336174302,6679,6fef8bf0f0a3b74647528c6f61b54112ee9a430b
2026-07-31T23:31:45Z,8a009a85e357f42753b54bc2a85d8f7ee6b1ccd6,6679,top_heap_in_bytes,typing,32095536656,6679,6fef8bf0f0a3b74647528c6f61b54112ee9a430b
2026-07-31T23:31:45Z,8a009a85e357f42753b54bc2a85d8f7ee6b1ccd6,6679,top_heap_in_bytes,generate/flambda2,70237771692,6679,6fef8bf0f0a3b74647528c6f61b54112ee9a430b
2026-07-31T23:31:45Z,8a009a85e357f42753b54bc2a85d8f7ee6b1ccd6,6679,top_heap_in_bytes,generate/compile_phrases/cfg,22134620470,6679,6fef8bf0f0a3b74647528c6f61b54112ee9a430b
2026-07-31T23:31:45Z,8a009a85e357f42753b54bc2a85d8f7ee6b1ccd6,6679,top_heap_in_bytes,generate/assemble,13600010,6679,6fef8bf0f0a3b74647528c6f61b54112ee9a430b
2026-07-31T23:31:45Z,8a009a85e357f42753b54bc2a85d8f7ee6b1ccd6,6679,absolute_top_heap_in_bytes,<all>,198037563928,6679,6fef8bf0f0a3b74647528c6f61b54112ee9a430b
2026-07-31T23:31:45Z,8a009a85e357f42753b54bc2a85d8f7ee6b1ccd6,6679,absolute_top_heap_in_bytes,parsing,14183017415,6679,6fef8bf0f0a3b74647528c6f61b54112ee9a430b
2026-07-31T23:31:45Z,8a009a85e357f42753b54bc2a85d8f7ee6b1ccd6,6679,absolute_top_heap_in_bytes,typing,57333062307,6679,6fef8bf0f0a3b74647528c6f61b54112ee9a430b
2026-07-31T23:31:45Z,8a009a85e357f42753b54bc2a85d8f7ee6b1ccd6,6679,absolute_top_heap_in_bytes,generate/flambda2,129313327258,6679,6fef8bf0f0a3b74647528c6f61b54112ee9a430b
2026-07-31T23:31:45Z,8a009a85e357f42753b54bc2a85d8f7ee6b1ccd6,6679,absolute_top_heap_in_bytes,generate/compile_phrases/cfg,148425554546,6679,6fef8bf0f0a3b74647528c6f61b54112ee9a430b
2026-07-31T23:31:45Z,8a009a85e357f42753b54bc2a85d8f7ee6b1ccd6,6679,absolute_top_heap_in_bytes,generate/assemble,1886073637,6679,6fef8bf0f0a3b74647528c6f61b54112ee9a430b
2026-07-31T23:31:45Z,8a009a85e357f42753b54bc2a85d8f7ee6b1ccd6,6679,counter,block,2607627,6679,6fef8bf0f0a3b74647528c6f61b54112ee9a430b
2026-07-31T23:31:45Z,8a009a85e357f42753b54bc2a85d8f7ee6b1ccd6,6679,counter,instruction,15460822,6679,6fef8bf0f0a3b74647528c6f61b54112ee9a430b
2026-07-31T23:31:45Z,8a009a85e357f42753b54bc2a85d8f7ee6b1ccd6,6679,counter,move,1978287,6679,6fef8bf0f0a3b74647528c6f61b54112ee9a430b
2026-07-31T23:31:45Z,8a009a85e357f42753b54bc2a85d8f7ee6b1ccd6,6679,counter,reload,959892,6679,6fef8bf0f0a3b74647528c6f61b54112ee9a430b
2026-07-31T23:31:45Z,8a009a85e357f42753b54bc2a85d8f7ee6b1ccd6,6679,counter,spill,686614,6679,6fef8bf0f0a3b74647528c6f61b54112ee9a430b
2026-07-31T23:31:45Z,8a009a85e357f42753b54bc2a85d8f7ee6b1ccd6,6679,counter,stack_slot,456174,6679,6fef8bf0f0a3b74647528c6f61b54112ee9a430b
2026-07-31T18:49:38Z,9c9df6d3313d2c4d5045a54fa033a18096067f21,6636,size_in_bytes,exe,69034720,6636,39b9ba4a53c2a364ad1f52833ae377c3d393b483
2026-07-31T18:49:38Z,9c9df6d3313d2c4d5045a54fa033a18096067f21,6636,size_in_bytes,opt,480113040,6636,39b9ba4a53c2a364ad1f52833ae377c3d393b483
2026-07-31T18:49:38Z,9c9df6d3313d2c4d5045a54fa033a18096067f21,6636,size_in_bytes,a,215950852,6636,39b9ba4a53c2a364ad1f52833ae377c3d393b483
2026-07-31T18:49:38Z,9c9df6d3313d2c4d5045a54fa033a18096067f21,6636,size_in_bytes,cmxa,349232,6636,39b9ba4a53c2a364ad1f52833ae377c3d393b483
2026-07-31T18:49:38Z,9c9df6d3313d2c4d5045a54fa033a18096067f21,6636,size_in_bytes,cma,263432143,6636,39b9ba4a53c2a364ad1f52833ae377c3d393b483
2026-07-31T18:49:38Z,9c9df6d3313d2c4d5045a54fa033a18096067f21,6636,size_in_bytes,cmi,23816052,6636,39b9ba4a53c2a364ad1f52833ae377c3d393b483
2026-07-31T18:49:38Z,9c9df6d3313d2c4d5045a54fa033a18096067f21,6636,size_in_bytes,cmx,152168951,6636,39b9ba4a53c2a364ad1f52833ae377c3d393b483
2026-07-31T18:49:38Z,9c9df6d3313d2c4d5045a54fa033a18096067f21,6636,size_in_bytes,cmo,1512402,6636,39b9ba4a53c2a364ad1f52833ae377c3d393b483
2026-07-31T18:49:38Z,9c9df6d3313d2c4d5045a54fa033a18096067f21,6636,size_in_bytes,cms,24964648,6636,39b9ba4a53c2a364ad1f52833ae377c3d393b483
2026-07-31T18:49:38Z,9c9df6d3313d2c4d5045a54fa033a18096067f21,6636,size_in_bytes,cmsi,8431483,6636,39b9ba4a53c2a364ad1f52833ae377c3d393b483
2026-07-31T18:49:38Z,9c9df6d3313d2c4d5045a54fa033a18096067f21,6636,size_in_bytes,cmt,657226239,6636,39b9ba4a53c2a364ad1f52833ae377c3d393b483
2026-07-31T18:49:38Z,9c9df6d3313d2c4d5045a54fa033a18096067f21,6636,size_in_bytes,cmti,71860608,6636,39b9ba4a53c2a364ad1f52833ae377c3d393b483
2026-07-31T18:49:38Z,9c9df6d3313d2c4d5045a54fa033a18096067f21,6636,size_in_bytes,o,4624,6636,39b9ba4a53c2a364ad1f52833ae377c3d393b483
2026-07-31T18:49:38Z,9c9df6d3313d2c4d5045a54fa033a18096067f21,6636,time_in_seconds,<all>,2715.973,6636,39b9ba4a53c2a364ad1f52833ae377c3d393b483
2026-07-31T18:49:38Z,9c9df6d3313d2c4d5045a54fa033a18096067f21,6636,time_in_seconds,parsing,9.884,6636,39b9ba4a53c2a364ad1f52833ae377c3d393b483
2026-07-31T18:49:38Z,9c9df6d3313d2c4d5045a54fa033a18096067f21,6636,time_in_seconds,typing,265.422,6636,39b9ba4a53c2a364ad1f52833ae377c3d393b483
2026-07-31T18:49:38Z,9c9df6d3313d2c4d5045a54fa033a18096067f21,6636,time_in_seconds,generate/flambda2,1134.331,6636,39b9ba4a53c2a364ad1f52833ae377c3d393b483
2026-07-31T18:49:38Z,9c9df6d3313d2c4d5045a54fa033a18096067f21,6636,time_in_seconds,generate/compile_phrases/cfg,394.957,6636,39b9ba4a53c2a364ad1f52833ae377c3d393b483
2026-07-31T18:49:38Z,9c9df6d3313d2c4d5045a54fa033a18096067f21,6636,time_in_seconds,generate/assemble,68.728,6636,39b9ba4a53c2a364ad1f52833ae377c3d393b483
2026-07-31T18:49:38Z,9c9df6d3313d2c4d5045a54fa033a18096067f21,6636,alloc_in_bytes,<all>,3376755694925,6636,39b9ba4a53c2a364ad1f52833ae377c3d393b483
2026-07-31T18:49:38Z,9c9df6d3313d2c4d5045a54fa033a18096067f21,6636,alloc_in_bytes,parsing,12893656409,6636,39b9ba4a53c2a364ad1f52833ae377c3d393b483
2026-07-31T18:49:38Z,9c9df6d3313d2c4d5045a54fa033a18096067f21,6636,alloc_in_bytes,typing,278466583505,6636,39b9ba4a53c2a364ad1f52833ae377c3d393b483
2026-07-31T18:49:38Z,9c9df6d3313d2c4d5045a54fa033a18096067f21,6636,alloc_in_bytes,generate/flambda2,2164124684410,6636,39b9ba4a53c2a364ad1f52833ae377c3d393b483
2026-07-31T18:49:38Z,9c9df6d3313d2c4d5045a54fa033a18096067f21,6636,alloc_in_bytes,generate/compile_phrases/cfg,407119927847,6636,39b9ba4a53c2a364ad1f52833ae377c3d393b483
2026-07-31T18:49:38Z,9c9df6d3313d2c4d5045a54fa033a18096067f21,6636,alloc_in_bytes,generate/assemble,422890678,6636,39b9ba4a53c2a364ad1f52833ae377c3d393b483
2026-07-31T18:49:38Z,9c9df6d3313d2c4d5045a54fa033a18096067f21,6636,top_heap_in_bytes,<all>,148731150548,6636,39b9ba4a53c2a364ad1f52833ae377c3d393b483
2026-07-31T18:49:38Z,9c9df6d3313d2c4d5045a54fa033a18096067f21,6636,top_heap_in_bytes,parsing,2081160680,6636,39b9ba4a53c2a364ad1f52833ae377c3d393b483
2026-07-31T18:49:38Z,9c9df6d3313d2c4d5045a54fa033a18096067f21,6636,top_heap_in_bytes,typing,31470438528,6636,39b9ba4a53c2a364ad1f52833ae377c3d393b483
2026-07-31T18:49:38Z,9c9df6d3313d2c4d5045a54fa033a18096067f21,6636,top_heap_in_bytes,generate/flambda2,69639433207,6636,39b9ba4a53c2a364ad1f52833ae377c3d393b483
2026-07-31T18:49:38Z,9c9df6d3313d2c4d5045a54fa033a18096067f21,6636,top_heap_in_bytes,generate/compile_phrases/cfg,21921046505,6636,39b9ba4a53c2a364ad1f52833ae377c3d393b483
2026-07-31T18:49:38Z,9c9df6d3313d2c4d5045a54fa033a18096067f21,6636,top_heap_in_bytes,generate/assemble,16766704,6636,39b9ba4a53c2a364ad1f52833ae377c3d393b483
2026-07-31T18:49:38Z,9c9df6d3313d2c4d5045a54fa033a18096067f21,6636,absolute_top_heap_in_bytes,<all>,194680453517,6636,39b9ba4a53c2a364ad1f52833ae377c3d393b483
2026-07-31T18:49:38Z,9c9df6d3313d2c4d5045a54fa033a18096067f21,6636,absolute_top_heap_in_bytes,parsing,11324211278,6636,39b9ba4a53c2a364ad1f52833ae377c3d393b483
2026-07-31T18:49:38Z,9c9df6d3313d2c4d5045a54fa033a18096067f21,6636,absolute_top_heap_in_bytes,typing,55131398815,6636,39b9ba4a53c2a364ad1f52833ae377c3d393b483
2026-07-31T18:49:38Z,9c9df6d3313d2c4d5045a54fa033a18096067f21,6636,absolute_top_heap_in_bytes,generate/flambda2,128706537289,6636,39b9ba4a53c2a364ad1f52833ae377c3d393b483
2026-07-31T18:49:38Z,9c9df6d3313d2c4d5045a54fa033a18096067f21,6636,absolute_top_heap_in_bytes,generate/compile_phrases/cfg,145775960266,6636,39b9ba4a53c2a364ad1f52833ae377c3d393b483
2026-07-31T18:49:38Z,9c9df6d3313d2c4d5045a54fa033a18096067f21,6636,absolute_top_heap_in_bytes,generate/assemble,1648141255,6636,39b9ba4a53c2a364ad1f52833ae377c3d393b483
2026-07-31T18:49:38Z,9c9df6d3313d2c4d5045a54fa033a18096067f21,6636,counter,block,2586925,6636,39b9ba4a53c2a364ad1f52833ae377c3d393b483
2026-07-31T18:49:38Z,9c9df6d3313d2c4d5045a54fa033a18096067f21,6636,counter,instruction,15160687,6636,39b9ba4a53c2a364ad1f52833ae377c3d393b483
2026-07-31T18:49:38Z,9c9df6d3313d2c4d5045a54fa033a18096067f21,6636,counter,move,1960267,6636,39b9ba4a53c2a364ad1f52833ae377c3d393b483
2026-07-31T18:49:38Z,9c9df6d3313d2c4d5045a54fa033a18096067f21,6636,counter,reload,959384,6636,39b9ba4a53c2a364ad1f52833ae377c3d393b483
2026-07-31T18:49:38Z,9c9df6d3313d2c4d5045a54fa033a18096067f21,6636,counter,spill,686159,6636,39b9ba4a53c2a364ad1f52833ae377c3d393b483
2026-07-31T18:49:38Z,9c9df6d3313d2c4d5045a54fa033a18096067f21,6636,counter,stack_slot,456049,6636,39b9ba4a53c2a364ad1f52833ae377c3d393b483
